dispute_id,transaction_id,merchant_id,customer_id,network,reason_code,reason_description,dispute_created_at,dispute_amount,contest_fee,operational_review_cost,respond_by,days_to_deadline,merchant_action,dispute_outcome,resolution_date,n_required,req_met,req_miss,avg_quality,n_unavailable,amount,payment_method,otp_3ds_status,avs_match,device_id,ip_risk_score,payment_attempt_count,is_international,billing_shipping_mismatch,delivery_status,delivered_at,has_signed_proof,timestamp,customer_previous_orders,customer_previous_spend,customer_previous_disputes,days_since_customer_last_purchase,archetype,fulfillment_type,business_size,documentation_maturity,merchant_age_months,subscription_supported,fulfillment_tracking_available,dispute_lag_days,p_win,total_cost,decision_cost,breakeven,decision,recommendation,expected_value
DSP000001,TXN0001637,M000001,CUS0000132,RuPay,UNAUTHORIZED_TRANSACTION,Unauthorized Transaction,2025-11-18,4449,0,0,2025-12-01,13,accepted,accepted_refunded,,4,4,0,0.5765666666666667,2,,,,,,,,,,,,,,,,,,social_seller,physical_delivery,small,0.2,56,0,1,,0.25004329004329007,0,797.0,0.17914138008541244,1,CONTEST,315.44
DSP000002,TXN0000921,M000001,,Visa,MERCHANDISE_NOT_AS_DESCRIBED,Merchandise Not As Described,2025-12-16,3749,700,176,2026-01-01,16,contested,lost,2026-01-21,3,3,0,0.5404666666666667,2,,,,,,,,,,,,,,,,,,social_seller,physical_delivery,small,0.2,56,0,1,,0.2980817412396147,876,876.0,0.23366230994931983,1,CONTEST,241.51
DSP000003,TXN0000960,M000001,CUS0000481,Mastercard,MERCHANDISE_NOT_RECEIVED,Merchandise Not Received,2025-01-08,3300,0,0,2025-01-19,11,accepted,accepted_refunded,,4,4,0,0.5837833333333333,2,,,,,,,,,,,,,,,,,,social_seller,physical_delivery,small,0.2,56,0,1,,0.5016666666666667,0,797.0,0.24151515151515152,1,CONTEST,858.5
DSP000004,TXN0001027,M000001,CUS0000485,Visa,MERCHANDISE_NOT_AS_DESCRIBED,Merchandise Not As Described,2025-09-28,3200,696,252,2025-10-11,13,contested,won,2025-11-06,3,3,0,0.5503666666666667,2,,,,,,,,,,,,,,,,,,social_seller,physical_delivery,small,0.2,56,0,1,,0.3015678524374177,948,948.0,0.29625,1,CONTEST,17.02
DSP000005,TXN0001574,M000001,,Visa,MERCHANDISE_NOT_AS_DESCRIBED,Merchandise Not As Described,2025-02-10,3995,0,0,2025-03-02,20,accepted,accepted_refunded,,3,1,2,0.20299999999999999,4,,,,,,,,,,,,,,,,,,social_seller,physical_delivery,small,0.2,56,0,1,,0.0,0,797.0,0.19949937421777222,0,ACCEPT,-797.0
DSP000006,TXN0001374,M000001,CUS0000528,Visa,MERCHANDISE_NOT_AS_DESCRIBED,Merchandise Not As Described,2025-04-11,699,0,0,2025-04-26,15,accepted,accepted_refunded,,3,0,3,0.09899999999999999,5,,,,,,,,,,,,,,,,,,social_seller,physical_delivery,small,0.2,56,0,1,,0.0,0,797.0,1.0,0,ACCEPT,-797.0
DSP000007,TXN0001350,M000001,,RuPay,MERCHANDISE_NOT_AS_DESCRIBED,Merchandise Not As Described,2026-03-04,749,640,184,2026-03-20,16,contested,lost,2026-03-26,3,1,2,0.20403333333333332,4,,,,,,,,,,,,,,,,,,social_seller,physical_delivery,small,0.2,56,0,1,,0.0,824,824.0,1.0,0,ACCEPT,-824.0
DSP000008,TXN0000211,M000001,CUS0000530,RuPay,MERCHANDISE_NOT_AS_DESCRIBED,Merchandise Not As Described,2025-12-16,1999,620,161,2025-12-26,10,contested,lost,2025-12-30,3,1,2,0.1925666666666667,4,,,,,,,,,,,,,,,,,,social_seller,physical_delivery,small,0.2,56,0,1,,0.0,781,781.0,0.3906953476738369,0,ACCEPT,-781.0
DSP000009,TXN0001790,M000001,CUS0000048,Mastercard,UNAUTHORIZED_TRANSACTION,Unauthorized Transaction,2026-01-12,795,0,0,2026-01-31,19,accepted,accepted_refunded,,4,0,4,0.11168333333333334,5,,,,,,,,,,,,,,,,,,social_seller,physical_delivery,small,0.2,56,0,1,,0.0,0,797.0,1.0,0,ACCEPT,-797.0
DSP000010,TXN0000398,M000001,CUS0000443,Visa,UNAUTHORIZED_TRANSACTION,Unauthorized Transaction,2025-03-01,649,0,0,2025-03-13,12,accepted,accepted_refunded,,4,2,2,0.2961833333333333,3,,,,,,,,,,,,,,,,,,social_seller,physical_delivery,small,0.2,56,0,1,,0.0,0,797.0,1.0,0,ACCEPT,-797.0
DSP000011,TXN0001596,M000001,CUS0000333,RuPay,MERCHANDISE_NOT_AS_DESCRIBED,Merchandise Not As Described,2025-08-14,1099,0,0,2025-09-03,20,accepted,accepted_refunded,,3,0,3,0.0,6,,,,,,,,,,,,,,,,,,social_seller,physical_delivery,small,0.2,56,0,1,,0.0,0,797.0,0.7252047315741583,0,ACCEPT,-797.0
DSP000012,TXN0001677,M000001,,Visa,MERCHANDISE_NOT_AS_DESCRIBED,Merchandise Not As Described,2025-04-29,600,463,268,2025-05-20,21,contested,lost,2025-06-12,3,0,3,0.20001666666666665,4,,,,,,,,,,,,,,,,,,social_seller,physical_delivery,small,0.2,56,0,1,,0.0,731,731.0,1.0,0,ACCEPT,-731.0
DSP000013,TXN0000034,M000001,,Visa,CREDIT_NOT_PROCESSED,Credit Not Processed,2026-01-26,945,493,299,2026-02-13,18,contested,won,2026-02-16,3,3,0,0.3146333333333333,3,1795.0,credit_card,passed,1.0,DEV972121,0.4004686595800062,1.0,0.0,0.0,delivered,2025-03-27,1.0,2025-03-20 06:03:00,0.0,0.0,0.0,,social_seller,physical_delivery,small,0.2,56,0,1,311.74791666666664,0.3655072463768116,792,792.0,0.8380952380952381,0,ACCEPT,-446.6
DSP000014,TXN0002146,M000002,,Mastercard,MERCHANDISE_NOT_RECEIVED,Merchandise Not Received,2025-05-09,2100,0,0,2025-05-21,12,accepted,accepted_refunded,,4,4,0,0.9625499999999999,0,,,,,,,,,,,,,,,,,,d2c_brand,physical_delivery,medium,0.8394736058118728,16,0,1,,0.8031136015626977,0,797.0,0.37952380952380954,1,CONTEST,889.54
DSP000015,TXN0002518,M000002,CUS0000660,Mastercard,MERCHANDISE_NOT_RECEIVED,Merchandise Not Received,2026-02-11,1250,0,0,2026-02-27,16,accepted,accepted_refunded,,4,3,1,0.6376000000000001,2,,,,,,,,,,,,,,,,,,d2c_brand,physical_delivery,medium,0.8394736058118728,16,0,1,,0.4605166574970541,0,797.0,0.6376,0,ACCEPT,-221.35
DSP000016,TXN0002475,M000002,CUS0001166,Mastercard,DUPLICATE_TRANSACTION,Duplicate Transaction,2025-10-24,1349,744,245,2025-11-02,9,contested,won,2025-11-15,2,2,0,0.9402833333333334,0,,,,,,,,,,,,,,,,,,d2c_brand,physical_delivery,medium,0.8394736058118728,16,0,1,,0.9347389865036924,989,989.0,0.7331356560415122,1,CONTEST,271.96
DSP000017,TXN0004806,M000002,CUS0000796,RuPay,MERCHANDISE_NOT_AS_DESCRIBED,Merchandise Not As Described,2025-12-03,945,531,221,2025-12-16,13,contested,won,2025-12-30,3,3,0,0.98,0,,,,,,,,,,,,,,,,,,d2c_brand,physical_delivery,medium,0.8394736058118728,16,0,1,,0.7092611962696288,752,752.0,0.7957671957671958,0,ACCEPT,-81.75
DSP000018,TXN0003169,M000002,,RuPay,MERCHANDISE_NOT_RECEIVED,Merchandise Not Received,2025-07-31,5900,0,0,2025-08-12,12,accepted,accepted_refunded,,4,4,0,0.7526833333333333,1,2949.0,credit_card,passed,1.0,DEV660340,0.0380694199238608,2.0,0.0,0.0,delivered,2025-01-08,1.0,2025-01-05 11:55:00,0.0,0.0,0.0,,d2c_brand,physical_delivery,medium,0.8394736058118728,16,0,1,206.50347222222223,0.6920562516888693,0,797.0,0.13508474576271187,1,CONTEST,3286.13
DSP000019,TXN0001902,M000002,CUS0000854,Visa,CREDIT_NOT_PROCESSED,Credit Not Processed,2025-08-26,1150,732,180,2025-09-10,15,contested,won,2025-10-01,3,3,0,0.7989666666666667,1,,,,,,,,,,,,,,,,,,d2c_brand,physical_delivery,medium,0.8394736058118728,16,0,1,,0.6877479039719346,912,912.0,0.7930434782608695,0,ACCEPT,-121.09
DSP000020,TXN0005241,M000002,CUS0001054,Mastercard,MERCHANDISE_NOT_RECEIVED,Merchandise Not Received,2025-06-28,1450,492,242,2025-07-10,12,contested,won,2025-07-19,4,3,1,0.7535666666666666,1,,,,,,,,,,,,,,,,,,d2c_brand,physical_delivery,medium,0.8394736058118728,16,0,1,,0.5287707390648567,734,734.0,0.5062068965517241,1,CONTEST,32.72
DSP000021,TXN0003543,M000002,,RuPay,DUPLICATE_TRANSACTION,Duplicate Transaction,2025-07-02,1349,626,226,2025-07-12,10,contested,won,2025-08-11,2,2,0,0.80435,1,2699.0,credit_card,passed,1.0,,0.1809752424211008,2.0,0.0,0.0,delivered,2025-10-23,0.0,2025-10-13 11:02:00,0.0,0.0,0.0,,d2c_brand,physical_delivery,medium,0.8394736058118728,16,0,1,-103.45972222222223,0.868091311597953,852,852.0,0.631578947368421,1,CONTEST,319.06
DSP000022,TXN0003253,M000002,CUS0000729,Mastercard,MERCHANDISE_NOT_RECEIVED,Merchandise Not Received,2026-01-21,4350,523,223,2026-02-05,15,contested,lost,2026-02-11,4,3,1,0.7576666666666667,1,,,,,,,,,,,,,,,,,,d2c_brand,physical_delivery,medium,0.8394736058118728,16,0,1,,0.47543390099022503,746,746.0,0.1714942528735632,1,CONTEST,1322.14
DSP000023,TXN0005112,M000002,,Visa,CREDIT_NOT_PROCESSED,Credit Not Processed,2025-05-04,465,0,0,2025-05-17,13,accepted,accepted_refunded,,3,3,0,0.89345,0,,,,,,,,,,,,,,,,,,d2c_brand,physical_delivery,medium,0.8394736058118728,16,0,1,,0.8363412645435581,0,797.0,1.0,0,ACCEPT,-408.1
DSP000024,TXN0002298,M000002,CUS0001386,Visa,MERCHANDISE_NOT_RECEIVED,Merchandise Not Received,2025-11-23,3000,0,0,2025-12-08,15,accepted,accepted_refunded,,4,4,0,0.9340166666666666,0,,,,,,,,,,,,,,,,,,d2c_brand,physical_delivery,medium,0.8394736058118728,16,0,1,,0.8048878483944897,0,797.0,0.26566666666666666,1,CONTEST,1617.66
DSP000025,TXN0005537,M000002,CUS0000912,Mastercard,MERCHANDISE_NOT_AS_DESCRIBED,Merchandise Not As Described,2026-01-01,2349,563,232,2026-01-19,18,contested,lost,2026-01-22,3,2,1,0.39326666666666665,3,,,,,,,,,,,,,,,,,,d2c_brand,physical_delivery,medium,0.8394736058118728,16,0,1,,0.17310349359685223,795,795.0,0.3384418901660281,0,ACCEPT,-388.38
DSP000026,TXN0002274,M000002,CUS0001743,Visa,MERCHANDISE_NOT_RECEIVED,Merchandise Not Received,2025-03-26,3945,0,0,2025-04-03,8,accepted,accepted_refunded,,4,4,0,0.9366499999999999,0,,,,,,,,,,,,,,,,,,d2c_brand,physical_delivery,medium,0.8394736058118728,16,0,1,,0.7894143174239305,0,797.0,0.2020278833967047,1,CONTEST,2317.24
DSP000027,TXN0007508,M000003,CUS0002820,Visa,RECURRING_BILLING_DISPUTE,Recurring Billing Dispute,2025-11-23,499,679,275,2025-12-13,20,contested,won,2025-12-26,5,4,1,0.73855,1,,,,,,,,,,,,,,,,,,subscription_edtech,digital_service,medium,0.7322279403980707,112,1,0,,0.8002388603067562,954,954.0,1.0,0,ACCEPT,-554.68
DSP000028,TXN0006703,M000003,,Visa,RECURRING_BILLING_DISPUTE,Recurring Billing Dispute,2025-02-10,9999,635,220,2025-02-28,18,contested,won,2025-03-22,5,5,0,0.85305,0,,,,,,,,,,,,,,,,,,subscription_edtech,digital_service,medium,0.7322279403980707,112,1,0,,0.9347389865036924,855,855.0,0.0855085508550855,1,CONTEST,8491.46
DSP000029,TXN0008190,M000003,,Mastercard,RECURRING_BILLING_DISPUTE,Recurring Billing Dispute,2025-06-09,499,0,0,2025-06-25,16,accepted,accepted_refunded,,5,4,1,0.7528,1,2999.0,debit_card,passed,1.0,DEV580165,0.2696993030145974,2.0,0.0,0.0,,,,2025-02-04 13:26:00,0.0,0.0,0.0,,subscription_edtech,digital_service,medium,0.7322279403980707,112,1,0,124.44027777777778,0.7989660508804122,0,797.0,1.0,0,ACCEPT,-398.32
DSP000030,TXN0005721,M000003,CUS0002636,RuPay,UNAUTHORIZED_TRANSACTION,Unauthorized Transaction,2025-06-06,9999,479,243,2025-06-21,15,contested,lost,2025-07-13,4,3,1,0.7808666666666667,1,,,,,,,,,,,,,,,,,,subscription_edtech,digital_service,medium,0.7322279403980707,112,1,0,,0.26170995670995667,722,722.0,0.07220722072207221,1,CONTEST,1894.84
DSP000031,TXN0005924,M000003,CUS0002044,RuPay,RECURRING_BILLING_DISPUTE,Recurring Billing Dispute,2025-09-27,499,614,150,2025-10-06,9,contested,won,2025-10-23,5,3,2,0.4574666666666667,3,,,,,,,,,,,,,,,,,,subscription_edtech,digital_service,medium,0.7322279403980707,112,1,0,,0.07007319056654919,764,764.0,1.0,0,ACCEPT,-729.03
DSP000032,TXN0009056,M000003,,Visa,RECURRING_BILLING_DISPUTE,Recurring Billing Dispute,2025-02-20,9999,744,246,2025-03-06,14,contested,lost,2025-03-29,5,2,3,0.39815,3,,,,,,,,,,,,,,,,,,subscription_edtech,digital_service,medium,0.7322279403980707,112,1,0,,0.015384615384615385,990,990.0,0.09900990099009901,0,ACCEPT,-836.17
DSP000033,TXN0007668,M000003,CUS0003071,Visa,CREDIT_NOT_PROCESSED,Credit Not Processed,2025-10-28,499,694,221,2025-11-15,18,contested,won,2025-11-12,4,4,0,0.8929333333333332,0,,,,,,,,,,,,,,,,,,subscription_edtech,digital_service,medium,0.7322279403980707,112,1,0,,0.9347389865036924,915,915.0,1.0,0,ACCEPT,-448.57
DSP000034,TXN0008929,M000003,CUS0002671,Mastercard,RECURRING_BILLING_DISPUTE,Recurring Billing Dispute,2025-11-11,499,562,167,2025-11-21,10,contested,won,2025-11-29,5,5,0,0.8798333333333334,0,,,,,,,,,,,,,,,,,,subscription_edtech,digital_service,medium,0.7322279403980707,112,1,0,,0.9488336141990142,729,729.0,1.0,0,ACCEPT,-255.53
DSP000035,TXN0006012,M000003,CUS0002026,RuPay,RECURRING_BILLING_DISPUTE,Recurring Billing Dispute,2025-03-19,2999,0,0,2025-04-06,18,accepted,accepted_refunded,,5,4,1,0.77445,1,,,,,,,,,,,,,,,,,,subscription_edtech,digital_service,medium,0.7322279403980707,112,1,0,,0.7837698359721295,0,797.0,0.2657552517505835,1,CONTEST,1553.53
DSP000036,TXN0006806,M000003,CUS0003222,Mastercard,CREDIT_NOT_PROCESSED,Credit Not Processed,2025-02-17,2999,616,285,2025-03-03,14,contested,lost,2025-03-12,4,2,2,0.6135499999999999,2,,,,,,,,,,,,,,,,,,subscription_edtech,digital_service,medium,0.7322279403980707,112,1,0,,0.24337662337662339,901,901.0,0.300433477825942,0,ACCEPT,-171.11
DSP000037,TXN0006304,M000003,CUS0003310,Mastercard,RECURRING_BILLING_DISPUTE,Recurring Billing Dispute,2025-07-02,499,0,0,2025-07-19,17,accepted,accepted_refunded,,5,2,3,0.4623333333333333,3,,,,,,,,,,,,,,,,,,subscription_edtech,digital_service,medium,0.7322279403980707,112,1,0,,0.03225806451612903,0,797.0,1.0,0,ACCEPT,-780.9
DSP000038,TXN0008630,M000003,CUS0002517,Mastercard,SERVICE_NOT_RENDERED,Service Not Rendered,2025-03-29,2999,668,293,2025-04-12,14,contested,lost,2025-04-17,4,2,2,0.6277,2,,,,,,,,,,,,,,,,,,subscription_edtech,digital_service,medium,0.7322279403980707,112,1,0,,0.25004329004329007,961,961.0,0.32044014671557186,0,ACCEPT,-211.12
DSP000039,TXN0009249,M000003,CUS0002274,Visa,MERCHANDISE_NOT_AS_DESCRIBED,Merchandise Not As Described,2026-02-02,499,0,0,2026-02-10,8,accepted,accepted_refunded,,4,4,0,0.9049999999999999,0,,,,,,,,,,,,,,,,,,subscription_edtech,digital_service,medium,0.7322279403980707,112,1,0,,0.9206627401693815,0,797.0,1.0,0,ACCEPT,-337.59
DSP000040,TXN0006071,M000003,CUS0002065,Visa,UNAUTHORIZED_TRANSACTION,Unauthorized Transaction,2025-08-21,499,749,171,2025-09-10,20,contested,lost,2025-09-16,4,2,2,0.47623333333333334,3,,,,,,,,,,,,,,,,,,subscription_edtech,digital_service,medium,0.7322279403980707,112,1,0,,0.03891402714932127,920,920.0,1.0,0,ACCEPT,-900.58
DSP000041,TXN0006224,M000003,CUS0002560,Visa,RECURRING_BILLING_DISPUTE,Recurring Billing Dispute,2025-09-14,499,0,0,2025-09-21,7,accepted,accepted_refunded,,5,4,1,0.7618,1,,,,,,,,,,,,,,,,,,subscription_edtech,digital_service,medium,0.7322279403980707,112,1,0,,0.7274265065415405,0,797.0,1.0,0,ACCEPT,-434.01
DSP000042,TXN0005615,M000003,CUS0002392,Visa,UNAUTHORIZED_TRANSACTION,Unauthorized Transaction,2025-03-02,499,0,0,2025-03-21,19,accepted,accepted_refunded,,4,4,0,0.8497666666666667,0,,,,,,,,,,,,,,,,,,subscription_edtech,digital_service,medium,0.7322279403980707,112,1,0,,0.5750132684652808,0,797.0,1.0,0,ACCEPT,-510.07
DSP000043,TXN0007802,M000003,,Visa,RECURRING_BILLING_DISPUTE,Recurring Billing Dispute,2025-05-01,499,740,276,2025-05-20,19,contested,lost,2025-05-25,5,3,2,0.5896666666666667,2,,,,,,,,,,,,,,,,,,subscription_edtech,digital_service,medium,0.7322279403980707,112,1,0,,0.2790909090909091,1016,1016.0,1.0,0,ACCEPT,-876.73
DSP000044,TXN0009646,M000004,,Visa,RECURRING_BILLING_DISPUTE,Recurring Billing Dispute,2025-06-09,799,663,292,2025-06-16,7,contested,won,2025-07-10,5,5,0,0.9554999999999999,0,,,,,,,,,,,,,,,,,,saas_tools,digital_service,small,0.944552322654166,101,1,0,,0.9529208046855107,955,955.0,1.0,0,ACCEPT,-193.62
DSP000045,TXN0009540,M000004,,Visa,RECURRING_BILLING_DISPUTE,Recurring Billing Dispute,2025-03-14,399,441,190,2025-03-29,15,contested,lost,2025-04-01,5,2,3,0.45671666666666666,3,,,,,,,,,,,,,,,,,,saas_tools,digital_service,small,0.944552322654166,101,1,0,,0.161624649859944,631,631.0,1.0,0,ACCEPT,-566.51
DSP000046,TXN0009841,M000004,,Mastercard,RECURRING_BILLING_DISPUTE,Recurring Billing Dispute,2026-01-11,399,521,240,2026-01-20,9,contested,won,2026-02-05,5,5,0,0.9753,0,,,,,,,,,,,,,,,,,,saas_tools,digital_service,small,0.944552322654166,101,1,0,,0.9529208046855107,761,761.0,1.0,0,ACCEPT,-380.78
DSP000047,TXN0009413,M000004,,RuPay,UNAUTHORIZED_TRANSACTION,Unauthorized Transaction,2025-12-29,799,514,228,2026-01-05,7,contested,lost,2026-01-27,4,3,1,0.6038333333333333,2,,,,,,,,,,,,,,,,,,saas_tools,digital_service,small,0.944552322654166,101,1,0,,0.25004329004329007,742,742.0,0.9286608260325406,0,ACCEPT,-542.22
DSP000048,TXN0009705,M000004,CUS0003605,Mastercard,RECURRING_BILLING_DISPUTE,Recurring Billing Dispute,2025-08-19,1499,0,0,2025-08-28,9,accepted,accepted_refunded,,5,5,0,0.9598,0,,,,,,,,,,,,,,,,,,saas_tools,digital_service,small,0.944552322654166,101,1,0,,0.9529208046855107,0,797.0,0.5316877918612408,1,CONTEST,631.43
DSP000049,TXN0009409,M000004,,Visa,RECURRING_BILLING_DISPUTE,Recurring Billing Dispute,2025-07-07,1499,575,225,2025-07-19,12,contested,won,2025-07-22,5,5,0,0.9432666666666667,0,,,,,,,,,,,,,,,,,,saas_tools,digital_service,small,0.944552322654166,101,1,0,,0.9549177966083537,800,800.0,0.533689126084056,1,CONTEST,631.42
DSP000050,TXN0009447,M000004,,Visa,RECURRING_BILLING_DISPUTE,Recurring Billing Dispute,2026-01-16,399,739,247,2026-02-05,20,contested,won,2026-01-30,5,5,0,0.9702833333333333,0,,,,,,,,,,,,,,,,,,saas_tools,digital_service,small,0.944552322654166,101,1,0,,0.9529208046855107,986,986.0,1.0,0,ACCEPT,-605.78
DSP000051,TXN0010514,M000005,CUS0004171,Mastercard,RECURRING_BILLING_DISPUTE,Recurring Billing Dispute,2025-11-05,3999,649,192,2025-11-12,7,contested,won,2025-12-05,5,5,0,0.7188833333333333,1,,,,,,,,,,,,,,,,,,fitness_membership,membership_service,small,0.6016175480170748,28,1,0,,0.6302139373616019,841,841.0,0.21030257564391097,1,CONTEST,1679.23
DSP000052,TXN0011081,M000005,CUS0003690,Visa,CREDIT_NOT_PROCESSED,Credit Not Processed,2025-02-15,14999,0,0,2025-03-05,18,accepted,accepted_refunded,,4,4,0,0.6812666666666667,1,,,,,,,,,,,,,,,,,,fitness_membership,membership_service,small,0.6016175480170748,28,1,0,,0.5640541952629492,0,797.0,0.05313687579171945,1,CONTEST,7663.25
DSP000053,TXN0010971,M000005,,Mastercard,RECURRING_BILLING_DISPUTE,Recurring Billing Dispute,2025-07-24,3999,0,0,2025-08-10,17,accepted,accepted_refunded,,5,5,0,0.7182333333333334,1,,,,,,,,,,,,,,,,,,fitness_membership,membership_service,small,0.6016175480170748,28,1,0,,0.6302139373616019,0,797.0,0.19929982495623905,1,CONTEST,1723.23
DSP000054,TXN0010528,M000005,,Mastercard,SERVICE_NOT_RENDERED,Service Not Rendered,2025-04-27,14999,0,0,2025-05-06,9,accepted,accepted_refunded,,4,4,0,0.8432666666666666,0,,,,,,,,,,,,,,,,,,fitness_membership,membership_service,small,0.6016175480170748,28,1,0,,0.6735705807182453,0,797.0,0.05313687579171945,1,CONTEST,9305.89
DSP000055,TXN0011812,M000005,,Mastercard,MERCHANDISE_NOT_AS_DESCRIBED,Merchandise Not As Described,2025-06-19,14999,0,0,2025-07-08,19,accepted,accepted_refunded,,4,3,1,0.44195,3,,,,,,,,,,,,,,,,,,fitness_membership,membership_service,small,0.6016175480170748,28,1,0,,0.1665437788018433,0,797.0,0.05313687579171945,1,CONTEST,1700.99
DSP000056,TXN0011436,M000005,CUS0003791,Visa,DUPLICATE_TRANSACTION,Duplicate Transaction,2025-07-25,999,681,206,2025-08-13,19,contested,lost,2025-09-04,2,1,1,0.4812,3,,,,,,,,,,,,,,,,,,fitness_membership,membership_service,small,0.6016175480170748,28,1,0,,0.3595997915457393,887,887.0,0.8878878878878879,0,ACCEPT,-527.76
DSP000057,TXN0011591,M000005,CUS0003870,Visa,RECURRING_BILLING_DISPUTE,Recurring Billing Dispute,2025-04-12,1499,477,248,2025-04-30,18,contested,lost,2025-05-24,5,4,1,0.6854999999999999,1,,,,,,,,,,,,,,,,,,fitness_membership,membership_service,small,0.6016175480170748,28,1,0,,0.4658888888888889,725,725.0,0.4836557705136758,0,ACCEPT,-26.63
DSP000058,TXN0011829,M000005,CUS0003863,Visa,UNAUTHORIZED_TRANSACTION,Unauthorized Transaction,2025-10-31,1499,439,218,2025-11-10,10,contested,won,2025-11-18,4,4,0,0.7065833333333332,1,,,,,,,,,,,,,,,,,,fitness_membership,membership_service,small,0.6016175480170748,28,1,0,,0.428840579710145,657,657.0,0.43829219479653103,0,ACCEPT,-14.17
DSP000059,TXN0010993,M000005,,RuPay,UNAUTHORIZED_TRANSACTION,Unauthorized Transaction,2026-02-06,1499,0,0,2026-02-27,21,accepted,accepted_refunded,,4,1,3,0.38611666666666666,3,,,,,,,,,,,,,,,,,,fitness_membership,membership_service,small,0.6016175480170748,28,1,0,,0.0,0,797.0,0.5316877918612408,0,ACCEPT,-797.0
DSP000060,TXN0010460,M000005,CUS0003884,RuPay,SERVICE_NOT_RENDERED,Service Not Rendered,2025-08-04,1499,457,274,2025-08-13,9,contested,won,2025-09-02,4,4,0,0.6747,1,,,,,,,,,,,,,,,,,,fitness_membership,membership_service,small,0.6016175480170748,28,1,0,,0.6167523989000634,731,731.0,0.4876584389593062,1,CONTEST,193.51
DSP000061,TXN0010548,M000005,CUS0003741,Visa,RECURRING_BILLING_DISPUTE,Recurring Billing Dispute,2025-08-05,999,525,255,2025-08-14,9,contested,lost,2025-08-22,5,4,1,0.5772333333333334,2,,,,,,,,,,,,,,,,,,fitness_membership,membership_service,small,0.6016175480170748,28,1,0,,0.2554739120528594,780,780.0,0.7807807807807807,0,ACCEPT,-524.78
DSP000062,TXN0010608,M000005,,Visa,CREDIT_NOT_PROCESSED,Credit Not Processed,2025-08-27,999,489,212,2025-09-03,7,contested,lost,2025-10-11,4,1,3,0.4364166666666667,3,,,,,,,,,,,,,,,,,,fitness_membership,membership_service,small,0.6016175480170748,28,1,0,,0.0,701,701.0,0.7017017017017017,0,ACCEPT,-701.0
DSP000063,TXN0011641,M000005,CUS0003724,Mastercard,RECURRING_BILLING_DISPUTE,Recurring Billing Dispute,2025-06-15,999,526,287,2025-06-23,8,contested,lost,2025-07-25,5,1,4,0.29706666666666665,4,,,,,,,,,,,,,,,,,,fitness_membership,membership_service,small,0.6016175480170748,28,1,0,,0.0,813,813.0,0.8138138138138138,0,ACCEPT,-813.0
DSP000064,TXN0015379,M000006,,Mastercard,SERVICE_NOT_RENDERED,Service Not Rendered,2025-01-25,3300,439,210,2025-02-15,21,contested,won,2025-02-25,3,3,0,0.42173333333333335,3,,,,,,,,,,,,,,,,,,travel_booking,booking_service,medium,0.5287607531574458,23,0,0,,0.45029693216999717,649,649.0,0.19666666666666666,1,CONTEST,836.98
DSP000065,TXN0012059,M000006,CUS0004457,Visa,CREDIT_NOT_PROCESSED,Credit Not Processed,2025-10-06,13899,0,0,2025-10-20,14,accepted,accepted_refunded,,4,3,1,0.5845166666666667,2,,,,,,,,,,,,,,,,,,travel_booking,booking_service,medium,0.5287607531574458,23,0,0,,0.23295660767650705,0,797.0,0.05734225483847759,1,CONTEST,2440.86
DSP000066,TXN0014233,M000006,CUS0005057,Visa,MERCHANDISE_NOT_AS_DESCRIBED,Merchandise Not As Described,2026-01-07,370,706,205,2026-01-25,18,contested,won,2026-02-21,3,3,0,0.50915,2,,,,,,,,,,,,,,,,,,travel_booking,booking_service,medium,0.5287607531574458,23,0,0,,0.45256965944272454,911,911.0,1.0,0,ACCEPT,-743.55
DSP000067,TXN0015270,M000006,CUS0004841,Visa,MERCHANDISE_NOT_AS_DESCRIBED,Merchandise Not As Described,2025-12-27,3645,0,0,2026-01-04,8,accepted,accepted_refunded,,3,1,2,0.46885,2,,,,,,,,,,,,,,,,,,travel_booking,booking_service,medium,0.5287607531574458,23,0,0,,0.03225806451612903,0,797.0,0.21865569272976682,0,ACCEPT,-679.42
DSP000068,TXN0012781,M000006,CUS0005292,Mastercard,MERCHANDISE_NOT_AS_DESCRIBED,Merchandise Not As Described,2025-04-09,8700,605,285,2025-04-29,20,contested,lost,2025-04-25,3,2,1,0.6765333333333333,1,,,,,,,,,,,,,,,,,,travel_booking,booking_service,medium,0.5287607531574458,23,0,0,,0.23445887445887448,890,890.0,0.10229885057471265,1,CONTEST,1149.79
DSP000069,TXN0013198,M000006,CUS0004548,Visa,SERVICE_NOT_RENDERED,Service Not Rendered,2025-07-01,5700,497,155,2025-07-15,14,contested,won,2025-08-01,3,3,0,0.5735333333333333,2,,,,,,,,,,,,,,,,,,travel_booking,booking_service,medium,0.5287607531574458,23,0,0,,0.45256965944272454,652,652.0,0.1143859649122807,1,CONTEST,1927.65
DSP000070,TXN0014397,M000006,CUS0004634,Mastercard,UNAUTHORIZED_TRANSACTION,Unauthorized Transaction,2025-07-02,2399,0,0,2025-07-18,16,accepted,accepted_refunded,,3,1,2,0.4004833333333333,3,,,,,,,,,,,,,,,,,,travel_booking,booking_service,medium,0.5287607531574458,23,0,0,,0.0,0,797.0,0.3322217590662776,0,ACCEPT,-797.0
DSP000071,TXN0012838,M000006,,Mastercard,MERCHANDISE_NOT_AS_DESCRIBED,Merchandise Not As Described,2025-03-16,9095,0,0,2025-04-05,20,accepted,accepted_refunded,,3,1,2,0.44,3,,,,,,,,,,,,,,,,,,travel_booking,booking_service,medium,0.5287607531574458,23,0,0,,0.0,0,797.0,0.08763056624518967,0,ACCEPT,-797.0
DSP000072,TXN0013459,M000006,CUS0004594,Visa,MERCHANDISE_NOT_AS_DESCRIBED,Merchandise Not As Described,2025-11-26,18599,472,264,2025-12-10,14,contested,lost,2025-12-15,3,3,0,0.5732499999999999,2,,,,,,,,,,,,,,,,,,travel_booking,booking_service,medium,0.5287607531574458,23,0,0,,0.3047257471742598,736,736.0,0.03957202000107533,1,CONTEST,4931.59
DSP000073,TXN0012272,M000006,CUS0004779,Mastercard,UNAUTHORIZED_TRANSACTION,Unauthorized Transaction,2025-03-13,8200,568,256,2025-03-31,18,contested,lost,2025-04-16,3,3,0,0.7866,0,,,,,,,,,,,,,,,,,,travel_booking,booking_service,medium,0.5287607531574458,23,0,0,,0.3753318077803204,824,824.0,0.10048780487804879,1,CONTEST,2253.72
DSP000074,TXN0015171,M000006,CUS0005210,Visa,SERVICE_NOT_RENDERED,Service Not Rendered,2025-03-19,11999,662,192,2025-03-27,8,contested,lost,2025-04-10,3,0,3,0.0,6,,,,,,,,,,,,,,,,,,travel_booking,booking_service,medium,0.5287607531574458,23,0,0,,0.0,854,854.0,0.07117259771647637,0,ACCEPT,-854.0
DSP000075,TXN0013675,M000006,CUS0004933,Mastercard,SERVICE_NOT_RENDERED,Service Not Rendered,2025-08-31,11800,417,269,2025-09-17,17,contested,lost,2025-09-21,3,2,1,0.3738333333333334,3,,,,,,,,,,,,,,,,,,travel_booking,booking_service,medium,0.5287607531574458,23,0,0,,0.09987711213517665,686,686.0,0.05813559322033898,1,CONTEST,492.55
DSP000076,TXN0013519,M000006,CUS0005124,RuPay,MERCHANDISE_NOT_AS_DESCRIBED,Merchandise Not As Described,2025-07-02,13795,0,0,2025-07-17,15,accepted,accepted_refunded,,3,1,2,0.46481666666666666,2,,,,,,,,,,,,,,,,,,travel_booking,booking_service,medium,0.5287607531574458,23,0,0,,0.03225806451612903,0,797.0,0.0577745559985502,0,ACCEPT,-352.0
DSP000077,TXN0012151,M000006,CUS0004393,Visa,MERCHANDISE_NOT_AS_DESCRIBED,Merchandise Not As Described,2025-11-10,4550,0,0,2025-11-25,15,accepted,accepted_refunded,,3,1,2,0.35431666666666667,3,,,,,,,,,,,,,,,,,,travel_booking,booking_service,medium,0.5287607531574458,23,0,0,,0.0,0,797.0,0.17516483516483516,0,ACCEPT,-797.0
DSP000078,TXN0015414,M000006,,Visa,CREDIT_NOT_PROCESSED,Credit Not Processed,2025-11-15,20995,569,170,2025-12-02,17,contested,lost,2025-12-22,4,1,3,0.4078333333333333,3,,,,,,,,,,,,,,,,,,travel_booking,booking_service,medium,0.5287607531574458,23,0,0,,0.0,739,739.0,0.0351988568706835,0,ACCEPT,-739.0
DSP000079,TXN0012513,M000006,CUS0004366,Visa,UNAUTHORIZED_TRANSACTION,Unauthorized Transaction,2025-08-13,1299,735,179,2025-08-29,16,contested,lost,2025-09-24,3,0,3,0.22773333333333334,4,,,,,,,,,,,,,,,,,,travel_booking,booking_service,medium,0.5287607531574458,23,0,0,,0.0,914,914.0,0.7036181678214011,0,ACCEPT,-914.0
DSP000080,TXN0015276,M000006,CUS0004320,RuPay,UNAUTHORIZED_TRANSACTION,Unauthorized Transaction,2025-07-26,15799,0,0,2025-08-11,16,accepted,accepted_refunded,,3,2,1,0.4732166666666667,2,,,,,,,,,,,,,,,,,,travel_booking,booking_service,medium,0.5287607531574458,23,0,0,,0.07007319056654919,0,797.0,0.050446230774099626,1,CONTEST,310.09
DSP000081,TXN0016333,M000007,CUS0006330,Visa,MERCHANDISE_NOT_AS_DESCRIBED,Merchandise Not As Described,2026-01-11,649,579,189,2026-01-23,12,contested,won,2026-02-15,3,3,0,0.9563333333333333,0,,,,,,,,,,,,,,,,,,marketplace_retailer,physical_delivery,large,0.9689524311815636,117,0,1,,0.8048878483944897,768,768.0,1.0,0,ACCEPT,-245.63
DSP000082,TXN0022749,M000007,CUS0006690,Visa,MERCHANDISE_NOT_AS_DESCRIBED,Merchandise Not As Described,2026-02-04,360,610,206,2026-02-21,17,contested,won,2026-03-17,3,3,0,0.9634499999999999,0,,,,,,,,,,,,,,,,,,marketplace_retailer,physical_delivery,large,0.9689524311815636,117,0,1,,0.8098332582181851,816,816.0,1.0,0,ACCEPT,-524.46
DSP000083,TXN0023863,M000007,CUS0006619,RuPay,MERCHANDISE_NOT_AS_DESCRIBED,Merchandise Not As Described,2025-10-29,490,423,212,2025-11-05,7,contested,won,2025-12-09,3,3,0,0.98,0,,,,,,,,,,,,,,,,,,marketplace_retailer,physical_delivery,large,0.9689524311815636,117,0,1,,0.7892824410141464,635,635.0,1.0,0,ACCEPT,-248.25
DSP000084,TXN0022427,M000007,,Mastercard,MERCHANDISE_NOT_AS_DESCRIBED,Merchandise Not As Described,2025-03-31,6700,0,0,2025-04-10,10,accepted,accepted_refunded,,3,3,0,0.7713666666666666,1,,,,,,,,,,,,,,,,,,marketplace_retailer,physical_delivery,large,0.9689524311815636,117,0,1,,0.6070132684652808,0,797.0,0.11895522388059701,1,CONTEST,3269.99
DSP000085,TXN0015860,M000007,,Visa,MERCHANDISE_NOT_AS_DESCRIBED,Merchandise Not As Described,2025-05-20,1149,0,0,2025-06-01,12,accepted,accepted_refunded,,3,3,0,0.9451833333333334,0,,,,,,,,,,,,,,,,,,marketplace_retailer,physical_delivery,large,0.9689524311815636,117,0,1,,0.6398981478879178,0,797.0,0.6936466492602262,0,ACCEPT,-61.76
DSP000086,TXN0022209,M000007,CUS0006311,Visa,CREDIT_NOT_PROCESSED,Credit Not Processed,2025-09-04,1749,0,0,2025-09-17,13,accepted,accepted_refunded,,3,2,1,0.8083,1,,,,,,,,,,,,,,,,,,marketplace_retailer,physical_delivery,large,0.9689524311815636,117,0,1,,0.6070132684652808,0,797.0,0.4556889651229274,1,CONTEST,264.67
DSP000087,TXN0016659,M000007,CUS0006832,Visa,MERCHANDISE_NOT_AS_DESCRIBED,Merchandise Not As Described,2025-06-30,2099,0,0,2025-07-21,21,accepted,accepted_refunded,,3,3,0,0.8166666666666668,1,,,,,,,,,,,,,,,,,,marketplace_retailer,physical_delivery,large,0.9689524311815636,117,0,1,,0.6398981478879178,0,797.0,0.3797046212482134,1,CONTEST,546.15
DSP000088,TXN0020107,M000007,CUS0005786,Mastercard,MERCHANDISE_NOT_RECEIVED,Merchandise Not Received,2025-11-05,495,416,281,2025-11-20,15,contested,won,2025-11-19,4,4,0,0.9759833333333333,0,,,,,,,,,,,,,,,,,,marketplace_retailer,physical_delivery,large,0.9689524311815636,117,0,1,,0.8756410951477365,697,697.0,1.0,0,ACCEPT,-263.56
DSP000089,TXN0018183,M000007,,Visa,UNAUTHORIZED_TRANSACTION,Unauthorized Transaction,2025-12-09,2600,456,177,2025-12-29,20,contested,won,2025-12-25,4,4,0,0.7924166666666667,1,,,,,,,,,,,,,,,,,,marketplace_retailer,physical_delivery,large,0.9689524311815636,117,0,1,,0.45164759725400455,633,633.0,0.24346153846153845,1,CONTEST,541.28
DSP000090,TXN0022046,M000007,,Visa,UNAUTHORIZED_TRANSACTION,Unauthorized Transaction,2025-06-26,3300,0,0,2025-07-17,21,accepted,accepted_refunded,,4,4,0,0.9381499999999999,0,,,,,,,,,,,,,,,,,,marketplace_retailer,physical_delivery,large,0.9689524311815636,117,0,1,,0.40763805115469526,0,797.0,0.24151515151515152,1,CONTEST,548.21
DSP000091,TXN0023005,M000007,,Mastercard,MERCHANDISE_NOT_AS_DESCRIBED,Merchandise Not As Described,2025-05-12,1450,0,0,2025-05-30,18,accepted,accepted_refunded,,3,3,0,0.9751333333333333,0,,,,,,,,,,,,,,,,,,marketplace_retailer,physical_delivery,large,0.9689524311815636,117,0,1,,0.6398981478879178,0,797.0,0.5496551724137931,1,CONTEST,130.85
DSP000092,TXN0019534,M000007,CUS0007925,Visa,MERCHANDISE_NOT_AS_DESCRIBED,Merchandise Not As Described,2025-07-30,1595,616,168,2025-08-11,12,contested,won,2025-08-30,3,3,0,0.8030166666666667,1,,,,,,,,,,,,,,,,,,marketplace_retailer,physical_delivery,large,0.9689524311815636,117,0,1,,0.6470248447204969,784,784.0,0.4915360501567398,1,CONTEST,248.0
DSP000093,TXN0021659,M000007,CUS0006079,Visa,MERCHANDISE_NOT_AS_DESCRIBED,Merchandise Not As Described,2025-10-05,4499,652,253,2025-10-26,21,contested,won,2025-11-08,3,3,0,0.98,0,,,,,,,,,,,,,,,,,,marketplace_retailer,physical_delivery,large,0.9689524311815636,117,0,1,,0.7492397127990402,905,905.0,0.20115581240275618,1,CONTEST,2465.83
DSP000094,TXN0017707,M000007,CUS0006290,Visa,MERCHANDISE_NOT_AS_DESCRIBED,Merchandise Not As Described,2026-02-01,5100,0,0,2026-02-09,8,accepted,accepted_refunded,,3,3,0,0.9635666666666666,0,,,,,,,,,,,,,,,,,,marketplace_retailer,physical_delivery,large,0.9689524311815636,117,0,1,,0.6398981478879178,0,797.0,0.15627450980392157,1,CONTEST,2466.48
DSP000095,TXN0020722,M000007,CUS0006933,Visa,MERCHANDISE_NOT_RECEIVED,Merchandise Not Received,2026-01-20,1899,517,260,2026-02-04,15,contested,lost,2026-03-05,4,4,0,0.98,0,,,,,,,,,,,,,,,,,,marketplace_retailer,physical_delivery,large,0.9689524311815636,117,0,1,,0.8756410951477365,777,777.0,0.40916271721958924,1,CONTEST,885.84
DSP000096,TXN0020544,M000007,CUS0008276,Visa,DUPLICATE_TRANSACTION,Duplicate Transaction,2025-06-29,600,0,0,2025-07-13,14,accepted,accepted_refunded,,2,2,0,0.9428,0,,,,,,,,,,,,,,,,,,marketplace_retailer,physical_delivery,large,0.9689524311815636,117,0,1,,0.9206627401693815,0,797.0,1.0,0,ACCEPT,-244.6
DSP000097,TXN0022015,M000007,,Visa,MERCHANDISE_NOT_RECEIVED,Merchandise Not Received,2025-05-25,25999,533,211,2025-06-06,12,contested,lost,2025-06-20,4,4,0,0.7911166666666666,1,,,,,,,,,,,,,,,,,,marketplace_retailer,physical_delivery,large,0.9689524311815636,117,0,1,,0.8497546324764883,744,744.0,0.02861648524943267,1,CONTEST,21348.77
DSP000098,TXN0015684,M000007,,Visa,UNAUTHORIZED_TRANSACTION,Unauthorized Transaction,2025-04-19,2750,621,179,2025-04-27,8,contested,lost,2025-05-10,4,4,0,0.98,0,,,,,,,,,,,,,,,,,,marketplace_retailer,physical_delivery,large,0.9689524311815636,117,0,1,,0.39775040766560704,800,800.0,0.2909090909090909,1,CONTEST,293.81
DSP000099,TXN0018061,M000007,CUS0005880,RuPay,CREDIT_NOT_PROCESSED,Credit Not Processed,2026-02-22,1099,511,218,2026-03-09,15,contested,won,2026-03-08,3,3,0,0.9199,0,,,,,,,,,,,,,,,,,,marketplace_retailer,physical_delivery,large,0.9689524311815636,117,0,1,,0.720345923097119,729,729.0,0.6633303002729755,1,CONTEST,62.66
DSP000100,TXN0022431,M000007,CUS0007230,Visa,DUPLICATE_TRANSACTION,Duplicate Transaction,2025-10-20,2749,743,194,2025-11-09,20,contested,won,2025-11-16,2,2,0,0.98,0,,,,,,,,,,,,,,,,,,marketplace_retailer,physical_delivery,large,0.9689524311815636,117,0,1,,0.9347389865036924,937,937.0,0.34085121862495454,1,CONTEST,1632.6
DSP000101,TXN0018324,M000007,,Mastercard,MERCHANDISE_NOT_RECEIVED,Merchandise Not Received,2025-02-03,3850,0,0,2025-02-17,14,accepted,accepted_refunded,,4,4,0,0.9007000000000001,0,2099.0,upi,not_applicable,1.0,DEV379416,0.4518150154628073,2.0,0.0,0.0,delivered,2025-06-27,1.0,2025-06-24 06:16:00,0.0,0.0,0.0,,marketplace_retailer,physical_delivery,large,0.9689524311815636,117,0,1,-141.26111111111112,0.8897173414820474,0,797.0,0.207012987012987,1,CONTEST,2628.41
DSP000102,TXN0023444,M000007,CUS0005706,Visa,MERCHANDISE_NOT_AS_DESCRIBED,Merchandise Not As Described,2025-11-05,1499,564,280,2025-11-15,10,contested,won,2025-12-03,3,2,1,0.7901833333333333,1,,,,,,,,,,,,,,,,,,marketplace_retailer,physical_delivery,large,0.9689524311815636,117,0,1,,0.5776638812642473,844,844.0,0.5630420280186791,1,CONTEST,21.92
DSP000103,TXN0031836,M000088,,Mastercard,SERVICE_NOT_RENDERED,Service Not Rendered,2025-06-18,1499,561,291,2025-06-29,11,contested,won,2025-07-06,4,4,0,0.5605,2,,,,,,,,,,,,,,,,,,subscription_edtech,digital_service,small,0.7161429053599013,97,1,0,,0.6009282230758877,852,852.0,0.5683789192795197,1,CONTEST,48.79
DSP000104,TXN0031424,M000088,,Visa,RECURRING_BILLING_DISPUTE,Recurring Billing Dispute,2025-11-08,1499,650,225,2025-11-21,13,contested,lost,2025-12-12,5,2,3,0.46996666666666664,3,,,,,,,,,,,,,,,,,,subscription_edtech,digital_service,small,0.7161429053599013,97,1,0,,0.03225806451612903,875,875.0,0.5837224816544363,0,ACCEPT,-826.65
DSP000105,TXN0031741,M000088,,Mastercard,RECURRING_BILLING_DISPUTE,Recurring Billing Dispute,2025-06-04,1499,0,0,2025-06-14,10,accepted,accepted_refunded,,5,5,0,0.8671333333333333,0,,,,,,,,,,,,,,,,,,subscription_edtech,digital_service,small,0.7161429053599013,97,1,0,,0.9347389865036924,0,797.0,0.5316877918612408,1,CONTEST,604.17
DSP000106,TXN0032374,M000089,,Visa,RECURRING_BILLING_DISPUTE,Recurring Billing Dispute,2025-01-20,24999,596,159,2025-01-29,9,contested,lost,2025-02-18,5,2,3,0.41668333333333335,3,,,,,,,,,,,,,,,,,,fitness_membership,membership_service,small,0.4862996819193048,11,1,0,,0.0,755,755.0,0.030201208048321933,0,ACCEPT,-755.0
DSP000107,TXN0032024,M000089,,Visa,SERVICE_NOT_RENDERED,Service Not Rendered,2025-02-17,14999,560,289,2025-02-24,7,contested,lost,2025-03-21,4,3,1,0.5787833333333333,1,,,,,,,,,,,,,,,,,,fitness_membership,membership_service,small,0.4862996819193048,11,1,0,,0.19142857142857142,849,849.0,0.05660377358490566,1,CONTEST,2022.24
DSP000108,TXN0032197,M000089,CUS0011388,Visa,UNAUTHORIZED_TRANSACTION,Unauthorized Transaction,2026-01-03,24999,732,250,2026-01-22,19,contested,lost,2026-01-24,4,2,2,0.44995,3,,,,,,,,,,,,,,,,,,fitness_membership,membership_service,small,0.4862996819193048,11,1,0,,0.0,982,982.0,0.03928157126285051,0,ACCEPT,-982.0
DSP000109,TXN0032794,M000090,CUS0011585,Visa,MERCHANDISE_NOT_AS_DESCRIBED,Merchandise Not As Described,2025-09-22,8999,0,0,2025-10-10,18,accepted,accepted_refunded,,4,1,3,0.24233333333333337,4,,,,,,,,,,,,,,,,,,fitness_membership,membership_service,small,0.4703343805807432,102,1,0,,0.0,0,797.0,0.08856539615512835,0,ACCEPT,-797.0
DSP000110,TXN0032483,M000090,CUS0011747,RuPay,RECURRING_BILLING_DISPUTE,Recurring Billing Dispute,2025-08-06,999,544,207,2025-08-24,18,contested,lost,2025-09-04,5,2,3,0.21641666666666667,4,,,,,,,,,,,,,,,,,,fitness_membership,membership_service,small,0.4703343805807432,102,1,0,,0.0,751,751.0,0.7517517517517518,0,ACCEPT,-751.0
DSP000111,TXN0033133,M000091,CUS0011876,Visa,CREDIT_NOT_PROCESSED,Credit Not Processed,2025-11-27,24999,415,278,2025-12-07,10,contested,lost,2025-12-21,4,2,2,0.5870666666666667,2,,,,,,,,,,,,,,,,,,fitness_membership,membership_service,small,0.6459141361173186,95,1,0,,0.07007319056654919,693,693.0,0.027721108844353776,1,CONTEST,1058.76
DSP000112,TXN0033292,M000091,CUS0011921,Mastercard,SERVICE_NOT_RENDERED,Service Not Rendered,2025-08-03,5999,0,0,2025-08-20,17,accepted,accepted_refunded,,4,2,2,0.28425,4,,,,,,,,,,,,,,,,,,fitness_membership,membership_service,small,0.6459141361173186,95,1,0,,0.0,0,797.0,0.13285547591265212,0,ACCEPT,-797.0
DSP000113,TXN0033314,M000091,,Visa,RECURRING_BILLING_DISPUTE,Recurring Billing Dispute,2025-11-22,5999,424,273,2025-12-12,20,contested,lost,2025-12-26,5,3,2,0.44385,3,,,,,,,,,,,,,,,,,,fitness_membership,membership_service,small,0.6459141361173186,95,1,0,,0.0,697,697.0,0.11618603100516753,0,ACCEPT,-697.0
DSP000114,TXN0033827,M000092,,Visa,RECURRING_BILLING_DISPUTE,Recurring Billing Dispute,2025-05-15,3999,593,260,2025-05-22,7,contested,lost,2025-06-04,5,3,2,0.42333333333333334,3,,,,,,,,,,,,,,,,,,fitness_membership,membership_service,small,0.552844574038083,34,1,0,,0.0,853,853.0,0.21330332583145786,0,ACCEPT,-853.0
DSP000115,TXN0033925,M000092,CUS0012003,Visa,DUPLICATE_TRANSACTION,Duplicate Transaction,2025-11-05,8999,0,0,2025-11-21,16,accepted,accepted_refunded,,2,2,0,0.6608166666666667,1,,,,,,,,,,,,,,,,,,fitness_membership,membership_service,small,0.552844574038083,34,1,0,,0.4589630646607472,0,797.0,0.08856539615512835,1,CONTEST,3333.21
DSP000116,TXN0033673,M000092,CUS0011976,Visa,RECURRING_BILLING_DISPUTE,Recurring Billing Dispute,2025-06-19,3999,607,266,2025-07-09,20,contested,lost,2025-07-19,5,3,2,0.5202666666666667,2,,,,,,,,,,,,,,,,,,fitness_membership,membership_service,small,0.552844574038083,34,1,0,,0.03225806451612903,873,873.0,0.218304576144036,0,ACCEPT,-744.0
DSP000117,TXN0033982,M000092,CUS0012103,Visa,CREDIT_NOT_PROCESSED,Credit Not Processed,2025-12-12,5999,674,292,2025-12-28,16,contested,lost,2026-01-23,4,2,2,0.3287333333333333,3,,,,,,,,,,,,,,,,,,fitness_membership,membership_service,small,0.552844574038083,34,1,0,,0.0,966,966.0,0.16102683780630106,0,ACCEPT,-966.0
DSP000118,TXN0034427,M000093,,RuPay,UNAUTHORIZED_TRANSACTION,Unauthorized Transaction,2025-08-23,895,628,192,2025-09-13,21,contested,lost,2025-09-15,4,4,0,0.85115,0,,,,,,,,,,,,,,,,,,d2c_brand,physical_delivery,small,0.7955754548047492,53,0,1,,0.4829824561403509,820,820.0,0.9162011173184358,0,ACCEPT,-387.73
DSP000119,TXN0034076,M000093,,Visa,UNAUTHORIZED_TRANSACTION,Unauthorized Transaction,2025-03-05,4599,0,0,2025-03-19,14,accepted,accepted_refunded,,4,4,0,0.8520166666666666,0,,,,,,,,,,,,,,,,,,d2c_brand,physical_delivery,small,0.7955754548047492,53,0,1,,0.4364429188914315,0,797.0,0.17329854316155685,1,CONTEST,1210.2
DSP000120,TXN0034812,M000094,,Visa,MERCHANDISE_NOT_RECEIVED,Merchandise Not Received,2025-05-18,1549,0,0,2025-05-28,10,accepted,accepted_refunded,,4,4,0,0.8914166666666666,0,,,,,,,,,,,,,,,,,,d2c_brand,physical_delivery,small,0.7732784899652495,90,0,1,,0.8756410951477365,0,797.0,0.5145255003227889,1,CONTEST,559.37
DSP000121,TXN0034575,M000094,,Mastercard,MERCHANDISE_NOT_AS_DESCRIBED,Merchandise Not As Described,2025-04-17,950,0,0,2025-05-03,16,accepted,accepted_refunded,,3,3,0,0.7546499999999999,1,,,,,,,,,,,,,,,,,,d2c_brand,physical_delivery,small,0.7732784899652495,90,0,1,,0.6070132684652808,0,797.0,0.8389473684210527,0,ACCEPT,-220.34
DSP000122,TXN0035343,M000095,CUS0012688,RuPay,MERCHANDISE_NOT_AS_DESCRIBED,Merchandise Not As Described,2026-01-04,1000,0,0,2026-01-14,10,accepted,accepted_refunded,,3,1,2,0.47255,3,,,,,,,,,,,,,,,,,,d2c_brand,physical_delivery,small,0.8371486690911891,40,0,1,,0.07007319056654919,0,797.0,0.797,0,ACCEPT,-726.93
DSP000123,TXN0035156,M000095,CUS0012585,RuPay,DUPLICATE_TRANSACTION,Duplicate Transaction,2026-02-04,5695,621,156,2026-02-15,11,contested,won,2026-03-13,2,1,1,0.6529166666666667,2,,,,,,,,,,,,,,,,,,d2c_brand,physical_delivery,small,0.8371486690911891,40,0,1,,0.5109111324161276,777,777.0,0.13643546971027218,1,CONTEST,2132.64
DSP000124,TXN0035924,M000096,,Mastercard,UNAUTHORIZED_TRANSACTION,Unauthorized Transaction,2025-04-09,799,673,167,2025-04-28,19,contested,won,2025-05-20,4,3,1,0.7599666666666667,1,,,,,,,,,,,,,,,,,,saas_tools,digital_service,small,0.8761820856600158,29,1,0,,0.3923121750573896,840,840.0,1.0,0,ACCEPT,-526.54
DSP000125,TXN0035724,M000096,CUS0012853,Mastercard,RECURRING_BILLING_DISPUTE,Recurring Billing Dispute,2025-10-05,2999,679,243,2025-10-15,10,contested,won,2025-11-17,5,3,2,0.6345666666666666,2,,,,,,,,,,,,,,,,,,saas_tools,digital_service,small,0.8761820856600158,29,1,0,,0.3721739130434783,922,922.0,0.30743581193731245,1,CONTEST,194.15
DSP000126,TXN0035901,M000096,CUS0012729,Mastercard,RECURRING_BILLING_DISPUTE,Recurring Billing Dispute,2025-07-17,4999,0,0,2025-07-28,11,accepted,accepted_refunded,,5,3,2,0.6098,2,,,,,,,,,,,,,,,,,,saas_tools,digital_service,small,0.8761820856600158,29,1,0,,0.37002276996564976,0,797.0,0.15943188637727546,1,CONTEST,1052.74
DSP000127,TXN0036318,M000097,CUS0012909,RuPay,SERVICE_NOT_RENDERED,Service Not Rendered,2025-09-15,14999,0,0,2025-10-05,20,accepted,accepted_refunded,,4,3,1,0.7045,1,,,,,,,,,,,,,,,,,,fitness_membership,membership_service,small,0.5765835258535241,85,1,0,,0.3753318077803204,0,797.0,0.05313687579171945,1,CONTEST,4832.6
DSP000128,TXN0036522,M000097,CUS0012968,Mastercard,RECURRING_BILLING_DISPUTE,Recurring Billing Dispute,2025-06-09,1499,526,156,2025-06-28,19,contested,lost,2025-07-07,5,4,1,0.6242333333333333,1,,,,,,,,,,,,,,,,,,fitness_membership,membership_service,small,0.5765835258535241,85,1,0,,0.3927294685990338,682,682.0,0.4549699799866578,0,ACCEPT,-93.3
DSP000129,TXN0037120,M000098,,Mastercard,RECURRING_BILLING_DISPUTE,Recurring Billing Dispute,2025-07-21,999,627,283,2025-08-06,16,contested,lost,2025-08-29,5,3,2,0.48089999999999994,3,,,,,,,,,,,,,,,,,,fitness_membership,membership_service,small,0.572875948108384,66,1,0,,0.0,910,910.0,0.9109109109109109,0,ACCEPT,-910.0
DSP000130,TXN0037159,M000098,,Visa,SERVICE_NOT_RENDERED,Service Not Rendered,2025-03-11,999,689,187,2025-03-24,13,contested,lost,2025-04-05,4,1,3,0.43260000000000004,3,,,,,,,,,,,,,,,,,,fitness_membership,membership_service,small,0.572875948108384,66,1,0,,0.005630413947576248,876,876.0,0.8768768768768769,0,ACCEPT,-870.38
DSP000131,TXN0036801,M000098,CUS0013263,Visa,RECURRING_BILLING_DISPUTE,Recurring Billing Dispute,2025-08-14,999,0,0,2025-08-25,11,accepted,accepted_refunded,,5,2,3,0.42546666666666666,3,,,,,,,,,,,,,,,,,,fitness_membership,membership_service,small,0.572875948108384,66,1,0,,0.0,0,797.0,0.7977977977977978,0,ACCEPT,-797.0
DSP000132,TXN0036840,M000098,CUS0013135,Visa,UNAUTHORIZED_TRANSACTION,Unauthorized Transaction,2026-01-16,999,425,176,2026-01-23,7,contested,lost,2026-02-21,4,3,1,0.48255,3,,,,,,,,,,,,,,,,,,fitness_membership,membership_service,small,0.572875948108384,66,1,0,,0.07007319056654919,601,601.0,0.6016016016016016,0,ACCEPT,-531.0
DSP000133,TXN0037518,M000099,,Mastercard,RECURRING_BILLING_DISPUTE,Recurring Billing Dispute,2025-06-20,2499,734,295,2025-07-08,18,contested,won,2025-07-16,5,4,1,0.7539333333333333,1,,,,,,,,,,,,,,,,,,fitness_membership,membership_service,small,0.6417760491818161,97,1,0,,0.6004198618718742,1029,1029.0,0.4117647058823529,1,CONTEST,471.45
DSP000134,TXN0037382,M000099,CUS0013307,Visa,RECURRING_BILLING_DISPUTE,Recurring Billing Dispute,2025-08-24,2499,513,150,2025-09-07,14,contested,won,2025-10-04,5,4,1,0.5640666666666666,2,,,,,,,,,,,,,,,,,,fitness_membership,membership_service,small,0.6417760491818161,97,1,0,,0.27128418873270127,663,663.0,0.2653061224489796,1,CONTEST,14.94
DSP000135,TXN0037634,M000099,CUS0013410,Mastercard,RECURRING_BILLING_DISPUTE,Recurring Billing Dispute,2025-05-06,2499,0,0,2025-05-20,14,accepted,accepted_refunded,,5,2,3,0.4411333333333333,3,,,,,,,,,,,,,,,,,,fitness_membership,membership_service,small,0.6417760491818161,97,1,0,,0.0,0,797.0,0.31892757102841135,0,ACCEPT,-797.0
DSP000136,TXN0037608,M000099,CUS0013351,Visa,CREDIT_NOT_PROCESSED,Credit Not Processed,2025-12-23,2499,733,252,2026-01-12,20,contested,lost,2026-01-07,4,2,2,0.5765166666666667,2,,,,,,,,,,,,,,,,,,fitness_membership,membership_service,small,0.6417760491818161,97,1,0,,0.07007319056654919,985,985.0,0.3941576630652261,0,ACCEPT,-809.89
DSP000137,TXN0038164,M000100,,Visa,MERCHANDISE_NOT_AS_DESCRIBED,Merchandise Not As Described,2025-09-14,2949,572,251,2025-09-24,10,contested,lost,2025-10-26,3,1,2,0.22246666666666667,4,,,,,,,,,,,,,,,,,,social_seller,physical_delivery,small,0.3580151790716618,11,0,1,,0.0,823,823.0,0.2790776534418447,0,ACCEPT,-823.0
DSP000138,TXN0038073,M000100,,RuPay,UNAUTHORIZED_TRANSACTION,Unauthorized Transaction,2025-11-30,249,574,183,2025-12-19,19,contested,lost,2026-01-07,4,1,3,0.21575000000000003,4,,,,,,,,,,,,,,,,,,social_seller,physical_delivery,small,0.3580151790716618,11,0,1,,0.0,757,757.0,1.0,0,ACCEPT,-757.0
DSP000139,TXN0037870,M000100,,Mastercard,UNAUTHORIZED_TRANSACTION,Unauthorized Transaction,2025-06-16,349,0,0,2025-06-25,9,accepted,accepted_refunded,,4,3,1,0.3119,3,,,,,,,,,,,,,,,,,,social_seller,physical_delivery,small,0.3580151790716618,11,0,1,,0.07007319056654919,0,797.0,1.0,0,ACCEPT,-772.54
DSP000140,TXN0038744,M000101,CUS0013665,Visa,MERCHANDISE_NOT_RECEIVED,Merchandise Not Received,2025-04-25,480,0,0,2025-05-05,10,accepted,accepted_refunded,,4,3,1,0.3829166666666666,2,,,,,,,,,,,,,,,,,,social_seller,physical_delivery,small,0.2742582608185577,70,0,1,,0.2591869000564653,0,797.0,1.0,0,ACCEPT,-672.59
DSP000141,TXN0038305,M000101,CUS0013824,Mastercard,MERCHANDISE_NOT_RECEIVED,Merchandise Not Received,2025-04-23,1999,0,0,2025-05-01,8,accepted,accepted_refunded,,4,0,4,0.0,6,,,,,,,,,,,,,,,,,,social_seller,physical_delivery,small,0.2742582608185577,70,0,1,,0.0,0,797.0,0.39869934967483744,0,ACCEPT,-797.0
DSP000142,TXN0039178,M000102,CUS0013936,RuPay,RECURRING_BILLING_DISPUTE,Recurring Billing Dispute,2025-03-15,9999,0,0,2025-03-23,8,accepted,accepted_refunded,,5,4,1,0.51985,2,,,,,,,,,,,,,,,,,,subscription_edtech,digital_service,small,0.6845263551026246,33,1,0,,0.30024731370211477,0,797.0,0.07970797079707971,1,CONTEST,2205.17
DSP000143,TXN0039259,M000102,CUS0013977,Visa,RECURRING_BILLING_DISPUTE,Recurring Billing Dispute,2025-04-06,9999,437,220,2025-04-26,20,contested,lost,2025-05-14,5,3,2,0.5872333333333334,2,,,,,,,,,,,,,,,,,,subscription_edtech,digital_service,small,0.6845263551026246,33,1,0,,0.2277922077922078,657,657.0,0.06570657065706571,1,CONTEST,1620.69
DSP000144,TXN0038841,M000102,CUS0014014,Visa,CREDIT_NOT_PROCESSED,Credit Not Processed,2025-05-02,4999,610,167,2025-05-18,16,contested,lost,2025-05-29,4,2,2,0.46153333333333335,3,,,,,,,,,,,,,,,,,,subscription_edtech,digital_service,small,0.6845263551026246,33,1,0,,0.015384615384615385,777,777.0,0.15543108621724344,0,ACCEPT,-700.09
DSP000145,TXN0038895,M000102,,Visa,RECURRING_BILLING_DISPUTE,Recurring Billing Dispute,2025-11-25,24999,0,0,2025-12-09,14,accepted,accepted_refunded,,5,2,3,0.45378333333333337,3,,,,,,,,,,,,,,,,,,subscription_edtech,digital_service,small,0.6845263551026246,33,1,0,,0.039243329941998244,0,797.0,0.03188127525101004,1,CONTEST,184.04
DSP000146,TXN0039344,M000103,CUS0014192,Visa,CREDIT_NOT_PROCESSED,Credit Not Processed,2025-02-03,4999,0,0,2025-02-23,20,accepted,accepted_refunded,,4,2,2,0.38525000000000004,3,,,,,,,,,,,,,,,,,,subscription_edtech,digital_service,small,0.6039467177002246,95,1,0,,0.015384615384615385,0,797.0,0.15943188637727546,0,ACCEPT,-720.09
DSP000147,TXN0039433,M000103,CUS0014166,Visa,RECURRING_BILLING_DISPUTE,Recurring Billing Dispute,2026-01-21,499,575,200,2026-02-08,18,contested,lost,2026-03-05,5,2,3,0.2862,4,,,,,,,,,,,,,,,,,,subscription_edtech,digital_service,small,0.6039467177002246,95,1,0,,0.0,775,775.0,1.0,0,ACCEPT,-775.0
DSP000148,TXN0039469,M000103,CUS0014076,Visa,RECURRING_BILLING_DISPUTE,Recurring Billing Dispute,2025-07-22,499,467,280,2025-08-06,15,contested,lost,2025-08-13,5,4,1,0.7022666666666666,1,,,,,,,,,,,,,,,,,,subscription_edtech,digital_service,small,0.6039467177002246,95,1,0,,0.6070132684652808,747,747.0,1.0,0,ACCEPT,-444.1
DSP000149,TXN0039743,M000103,,Mastercard,RECURRING_BILLING_DISPUTE,Recurring Billing Dispute,2025-07-21,14999,0,0,2025-07-31,10,accepted,accepted_refunded,,5,4,1,0.5320666666666667,2,,,,,,,,,,,,,,,,,,subscription_edtech,digital_service,small,0.6039467177002246,95,1,0,,0.28234479479330743,0,797.0,0.05313687579171945,1,CONTEST,3437.89
DSP000150,TXN0040110,M000104,,Visa,RECURRING_BILLING_DISPUTE,Recurring Billing Dispute,2025-03-01,9999,743,234,2025-03-15,14,contested,won,2025-03-16,5,5,0,0.9561333333333333,0,,,,,,,,,,,,,,,,,,saas_tools,digital_service,small,0.9596733094723072,67,1,0,,0.9532214390601371,977,977.0,0.09770977097709771,1,CONTEST,8554.26
DSP000151,TXN0040309,M000104,CUS0014362,Visa,SERVICE_NOT_RENDERED,Service Not Rendered,2025-02-15,9999,0,0,2025-03-04,17,accepted,accepted_refunded,,4,4,0,0.92365,0,,,,,,,,,,,,,,,,,,saas_tools,digital_service,small,0.9596733094723072,67,1,0,,0.9347389865036924,0,797.0,0.07970797079707971,1,CONTEST,8549.46
DSP000152,TXN0039936,M000104,CUS0014418,Visa,CREDIT_NOT_PROCESSED,Credit Not Processed,2025-04-25,9999,529,282,2025-05-13,18,contested,won,2025-05-13,4,4,0,0.9338166666666666,0,,,,,,,,,,,,,,,,,,saas_tools,digital_service,small,0.9596733094723072,67,1,0,,0.9347389865036924,811,811.0,0.0811081108110811,1,CONTEST,8535.46
DSP000153,TXN0039997,M000104,,Visa,UNAUTHORIZED_TRANSACTION,Unauthorized Transaction,2025-12-30,49999,0,0,2026-01-20,21,accepted,accepted_refunded,,4,4,0,0.7845,1,,,,,,,,,,,,,,,,,,saas_tools,digital_service,small,0.9596733094723072,67,1,0,,0.5279824561403509,0,797.0,0.015940318806376128,1,CONTEST,25601.59
DSP000154,TXN0040444,M000105,,Visa,MERCHANDISE_NOT_RECEIVED,Merchandise Not Received,2025-10-20,950,659,167,2025-10-29,9,contested,won,2025-11-24,4,4,0,0.5745833333333333,2,,,,,,,,,,,,,,,,,,d2c_brand,physical_delivery,small,0.7295566745084383,113,0,1,,0.581629739321529,826,826.0,0.8694736842105263,0,ACCEPT,-273.45
DSP000155,TXN0040911,M000105,CUS0014559,Visa,MERCHANDISE_NOT_RECEIVED,Merchandise Not Received,2025-04-19,949,436,178,2025-05-02,13,contested,won,2025-05-30,4,3,1,0.7111666666666667,1,,,,,,,,,,,,,,,,,,d2c_brand,physical_delivery,small,0.7295566745084383,113,0,1,,0.5750132684652808,614,614.0,0.6469968387776607,0,ACCEPT,-68.31
DSP000156,TXN0041117,M000106,CUS0014803,Visa,UNAUTHORIZED_TRANSACTION,Unauthorized Transaction,2025-03-08,799,421,280,2025-03-25,17,contested,won,2025-03-22,4,4,0,0.9577333333333332,0,,,,,,,,,,,,,,,,,,saas_tools,digital_service,small,0.9259371417354756,76,1,0,,0.5550865285385409,701,701.0,0.8773466833541927,0,ACCEPT,-257.49
DSP000157,TXN0041187,M000106,CUS0014654,Mastercard,RECURRING_BILLING_DISPUTE,Recurring Billing Dispute,2025-04-15,2999,652,220,2025-05-06,21,contested,won,2025-05-16,5,4,1,0.7950166666666667,1,,,,,,,,,,,,,,,,,,saas_tools,digital_service,small,0.9259371417354756,76,1,0,,0.8756410951477365,872,872.0,0.29076358786262085,1,CONTEST,1754.05
DSP000158,TXN0041142,M000106,,Visa,CREDIT_NOT_PROCESSED,Credit Not Processed,2025-02-26,799,0,0,2025-03-13,15,accepted,accepted_refunded,,4,4,0,0.8781333333333333,0,,,,,,,,,,,,,,,,,,saas_tools,digital_service,small,0.9259371417354756,76,1,0,,0.9347389865036924,0,797.0,0.9974968710888611,0,ACCEPT,-50.14
DSP000159,TXN0041692,M000107,,Visa,UNAUTHORIZED_TRANSACTION,Unauthorized Transaction,2026-01-29,24999,0,0,2026-02-14,16,accepted,accepted_refunded,,4,4,0,0.9173,0,,,,,,,,,,,,,,,,,,subscription_edtech,digital_service,small,0.7773263089848644,103,1,0,,0.5075060384886562,0,797.0,0.03188127525101004,1,CONTEST,11890.14
DSP000160,TXN0041805,M000107,CUS0014976,Mastercard,UNAUTHORIZED_TRANSACTION,Unauthorized Transaction,2025-07-03,24999,510,183,2025-07-18,15,contested,lost,2025-07-28,4,3,1,0.8166666666666668,1,,,,,,,,,,,,,,,,,,subscription_edtech,digital_service,small,0.7773263089848644,103,1,0,,0.24337662337662339,693,693.0,0.027721108844353776,1,CONTEST,5391.17
DSP000161,TXN0042075,M000108,,RuPay,MERCHANDISE_NOT_AS_DESCRIBED,Merchandise Not As Described,2025-12-11,360,517,151,2025-12-20,9,contested,lost,2026-01-19,3,2,1,0.4421,2,,,,,,,,,,,,,,,,,,social_seller,physical_delivery,small,0.3576515999938441,9,0,1,,0.13132161955691365,668,668.0,1.0,0,ACCEPT,-620.72
DSP000162,TXN0042620,M000109,CUS0015332,Mastercard,DUPLICATE_TRANSACTION,Duplicate Transaction,2025-07-01,19999,485,233,2025-07-08,7,contested,won,2025-07-30,2,2,0,0.9287,0,,,,,,,,,,,,,,,,,,saas_tools,digital_service,small,0.8708635923683493,40,1,0,,0.9347389865036924,718,718.0,0.03590179508975449,1,CONTEST,17975.84
DSP000163,TXN0042953,M000109,CUS0015357,Visa,RECURRING_BILLING_DISPUTE,Recurring Billing Dispute,2025-04-09,49999,592,197,2025-04-21,12,contested,won,2025-05-11,5,5,0,0.7747333333333333,1,,,,,,,,,,,,,,,,,,saas_tools,digital_service,small,0.8708635923683493,40,1,0,,0.9347389865036924,789,789.0,0.015780315606312125,1,CONTEST,45947.01
DSP000164,TXN0043307,M000110,,Mastercard,RECURRING_BILLING_DISPUTE,Recurring Billing Dispute,2025-11-26,399,556,230,2025-12-05,9,contested,lost,2025-12-15,5,4,1,0.7190333333333333,1,,,,,,,,,,,,,,,,,,saas_tools,digital_service,small,0.8021176821992221,10,1,0,,0.6070132684652808,786,786.0,1.0,0,ACCEPT,-543.8
DSP000165,TXN0043494,M000110,CUS0015559,RuPay,RECURRING_BILLING_DISPUTE,Recurring Billing Dispute,2025-10-14,399,434,255,2025-10-28,14,contested,won,2025-11-07,5,5,0,0.7931333333333334,1,,,,,,,,,,,,,,,,,,saas_tools,digital_service,small,0.8021176821992221,10,1,0,,0.8850783570528673,689,689.0,1.0,0,ACCEPT,-335.85
DSP000166,TXN0043378,M000110,CUS0015463,Mastercard,RECURRING_BILLING_DISPUTE,Recurring Billing Dispute,2025-09-30,9999,614,261,2025-10-07,7,contested,won,2025-11-11,5,5,0,0.8014166666666666,1,,,,,,,,,,,,,,,,,,saas_tools,digital_service,small,0.8021176821992221,10,1,0,,0.8691464826714193,875,875.0,0.08750875087508751,1,CONTEST,7815.6
DSP000167,TXN0043888,M000111,,Mastercard,MERCHANDISE_NOT_AS_DESCRIBED,Merchandise Not As Described,2025-10-27,2749,0,0,2025-11-11,15,accepted,accepted_refunded,,3,1,2,0.19521666666666668,4,,,,,,,,,,,,,,,,,,social_seller,physical_delivery,small,0.3731369472213074,80,0,1,,0.0,0,797.0,0.28992360858494,0,ACCEPT,-797.0
DSP000168,TXN0043989,M000111,,Visa,MERCHANDISE_NOT_RECEIVED,Merchandise Not Received,2026-01-11,950,400,235,2026-01-25,14,contested,lost,2026-02-07,4,2,2,0.35464999999999997,3,,,,,,,,,,,,,,,,,,social_seller,physical_delivery,small,0.3731369472213074,80,0,1,,0.015384615384615385,635,635.0,0.6684210526315789,0,ACCEPT,-620.38
DSP000169,TXN0044282,M000112,CUS0015936,Visa,CREDIT_NOT_PROCESSED,Credit Not Processed,2025-03-11,799,0,0,2025-03-22,11,accepted,accepted_refunded,,4,4,0,0.9474499999999999,0,,,,,,,,,,,,,,,,,,saas_tools,digital_service,small,0.7857999006408939,7,1,0,,0.9347389865036924,0,797.0,0.9974968710888611,0,ACCEPT,-50.14
DSP000170,TXN0044395,M000112,CUS0015771,RuPay,RECURRING_BILLING_DISPUTE,Recurring Billing Dispute,2025-05-07,799,575,265,2025-05-24,17,contested,lost,2025-06-20,5,2,3,0.47695,3,,,,,,,,,,,,,,,,,,saas_tools,digital_service,small,0.7857999006408939,7,1,0,,0.13673985723321586,840,840.0,1.0,0,ACCEPT,-730.74
DSP000171,TXN0044521,M000112,CUS0015864,Visa,CREDIT_NOT_PROCESSED,Credit Not Processed,2025-02-13,799,579,226,2025-02-21,8,contested,won,2025-03-12,4,4,0,0.8968833333333333,0,,,,,,,,,,,,,,,,,,saas_tools,digital_service,small,0.7857999006408939,7,1,0,,0.9347389865036924,805,805.0,1.0,0,ACCEPT,-58.14
DSP000172,TXN0044753,M000113,CUS0016054,RuPay,SERVICE_NOT_RENDERED,Service Not Rendered,2025-03-03,24999,0,0,2025-03-21,18,accepted,accepted_refunded,,4,1,3,0.22386666666666666,4,,,,,,,,,,,,,,,,,,fitness_membership,membership_service,small,0.4572325420989392,98,1,0,,0.0,0,797.0,0.03188127525101004,0,ACCEPT,-797.0
DSP000173,TXN0045048,M000113,CUS0015962,Visa,RECURRING_BILLING_DISPUTE,Recurring Billing Dispute,2026-01-20,999,455,290,2026-02-10,21,contested,lost,2026-02-26,5,2,3,0.2122666666666667,4,,,,,,,,,,,,,,,,,,fitness_membership,membership_service,small,0.4572325420989392,98,1,0,,0.0,745,745.0,0.7457457457457457,0,ACCEPT,-745.0
DSP000174,TXN0044787,M000113,CUS0016094,Visa,CREDIT_NOT_PROCESSED,Credit Not Processed,2025-08-17,999,579,192,2025-08-31,14,contested,lost,2025-09-26,4,3,1,0.6575333333333333,1,,,,,,,,,,,,,,,,,,fitness_membership,membership_service,small,0.4572325420989392,98,1,0,,0.2683766233766234,771,771.0,0.7717717717717718,0,ACCEPT,-502.89
DSP000175,TXN0045448,M000114,CUS0016241,Mastercard,UNAUTHORIZED_TRANSACTION,Unauthorized Transaction,2025-12-28,2845,409,245,2026-01-10,13,contested,lost,2026-01-15,4,2,2,0.6163,2,,,,,,,,,,,,,,,,,,d2c_brand,physical_delivery,small,0.7114463880306521,82,0,1,,0.07007319056654919,654,654.0,0.22987697715289981,0,ACCEPT,-454.64
DSP000176,TXN0045507,M000114,,Visa,MERCHANDISE_NOT_AS_DESCRIBED,Merchandise Not As Described,2025-02-19,1099,593,153,2025-03-03,12,contested,won,2025-03-13,3,3,0,0.7387,1,,,,,,,,,,,,,,,,,,d2c_brand,physical_delivery,small,0.7114463880306521,82,0,1,,0.6070132684652808,746,746.0,0.6787989080982711,0,ACCEPT,-78.89
DSP000177,TXN0045744,M000115,,Visa,SERVICE_NOT_RENDERED,Service Not Rendered,2025-05-13,24999,449,198,2025-06-03,21,contested,won,2025-06-11,4,3,1,0.42791666666666667,3,,,,,,,,,,,,,,,,,,fitness_membership,membership_service,small,0.6044216798208761,20,1,0,,0.20290741516547967,647,647.0,0.025881035241409656,1,CONTEST,4425.48
DSP000178,TXN0046098,M000115,CUS0016361,Visa,RECURRING_BILLING_DISPUTE,Recurring Billing Dispute,2025-08-03,3999,0,0,2025-08-23,20,accepted,accepted_refunded,,5,5,0,0.6986500000000001,1,,,,,,,,,,,,,,,,,,fitness_membership,membership_service,small,0.6044216798208761,20,1,0,,0.6167523989000634,0,797.0,0.19929982495623905,1,CONTEST,1669.39
DSP000179,TXN0046759,M000116,,Visa,UNAUTHORIZED_TRANSACTION,Unauthorized Transaction,2025-03-25,499,583,284,2025-04-09,15,contested,lost,2025-04-25,4,3,1,0.5834333333333334,2,,,,,,,,,,,,,,,,,,subscription_edtech,digital_service,small,0.7060023689152798,7,1,0,,0.2086874153091333,867,867.0,1.0,0,ACCEPT,-762.86
DSP000180,TXN0046711,M000116,CUS0016621,Mastercard,RECURRING_BILLING_DISPUTE,Recurring Billing Dispute,2025-06-02,999,554,215,2025-06-20,18,contested,won,2025-06-26,5,5,0,0.8728333333333333,0,,,,,,,,,,,,,,,,,,subscription_edtech,digital_service,small,0.7060023689152798,7,1,0,,0.9347389865036924,769,769.0,0.7697697697697697,1,CONTEST,164.8
DSP000181,TXN0047121,M000117,CUS0016810,Visa,MERCHANDISE_NOT_RECEIVED,Merchandise Not Received,2025-09-07,799,0,0,2025-09-16,9,accepted,accepted_refunded,,4,3,1,0.7721,1,,,,,,,,,,,,,,,,,,d2c_brand,physical_delivery,small,0.8960409569797364,76,0,1,,0.6276015037593985,0,797.0,0.9974968710888611,0,ACCEPT,-295.55
DSP000182,TXN0047622,M000118,,Visa,UNAUTHORIZED_TRANSACTION,Unauthorized Transaction,2025-08-17,599,0,0,2025-09-01,15,accepted,accepted_refunded,,4,1,3,0.1855,4,,,,,,,,,,,,,,,,,,social_seller,physical_delivery,small,0.2484701103160334,31,0,1,,0.0,0,797.0,1.0,0,ACCEPT,-797.0
DSP000183,TXN0047355,M000118,CUS0017073,Visa,MERCHANDISE_NOT_AS_DESCRIBED,Merchandise Not As Described,2025-12-09,210,0,0,2025-12-22,13,accepted,accepted_refunded,,3,1,2,0.09166666666666667,5,,,,,,,,,,,,,,,,,,social_seller,physical_delivery,small,0.2484701103160334,31,0,1,,0.0,0,797.0,1.0,0,ACCEPT,-797.0
DSP000184,TXN0047605,M000118,CUS0016923,Visa,MERCHANDISE_NOT_RECEIVED,Merchandise Not Received,2026-01-27,430,423,222,2026-02-17,21,contested,lost,2026-02-13,4,2,2,0.27731666666666666,3,,,,,,,,,,,,,,,,,,social_seller,physical_delivery,small,0.2484701103160334,31,0,1,,0.03225806451612903,645,645.0,1.0,0,ACCEPT,-631.13
DSP000185,TXN0048156,M000119,CUS0017115,Visa,RECURRING_BILLING_DISPUTE,Recurring Billing Dispute,2025-05-24,999,577,240,2025-06-02,9,contested,lost,2025-07-06,5,2,3,0.3549166666666667,3,,,,,,,,,,,,,,,,,,fitness_membership,membership_service,small,0.4846255692845007,58,1,0,,0.0,817,817.0,0.8178178178178178,0,ACCEPT,-817.0
DSP000186,TXN0048048,M000119,CUS0017135,Mastercard,MERCHANDISE_NOT_AS_DESCRIBED,Merchandise Not As Described,2025-02-22,999,652,242,2025-03-02,8,contested,lost,2025-03-21,4,1,3,0.148,5,,,,,,,,,,,,,,,,,,fitness_membership,membership_service,small,0.4846255692845007,58,1,0,,0.0,894,894.0,0.8948948948948949,0,ACCEPT,-894.0
DSP000187,TXN0047993,M000119,CUS0017181,Mastercard,CREDIT_NOT_PROCESSED,Credit Not Processed,2025-05-01,1499,667,220,2025-05-08,7,contested,lost,2025-05-28,4,0,4,0.3001666666666667,4,,,,,,,,,,,,,,,,,,fitness_membership,membership_service,small,0.4846255692845007,58,1,0,,0.0,887,887.0,0.5917278185456971,0,ACCEPT,-887.0
DSP000188,TXN0048864,M000120,CUS0017320,Mastercard,UNAUTHORIZED_TRANSACTION,Unauthorized Transaction,2026-02-10,1549,0,0,2026-02-19,9,accepted,accepted_refunded,,4,4,0,0.9261166666666667,0,,,,,,,,,,,,,,,,,,d2c_brand,physical_delivery,small,0.8144826299917275,57,0,1,,0.4829824561403509,0,797.0,0.5145255003227889,0,ACCEPT,-48.86
DSP000189,TXN0048422,M000120,CUS0017385,Visa,MERCHANDISE_NOT_RECEIVED,Merchandise Not Received,2025-01-26,950,466,297,2025-02-07,12,contested,won,2025-03-12,4,4,0,0.7319666666666667,1,,,,,,,,,,,,,,,,,,d2c_brand,physical_delivery,small,0.8144826299917275,57,0,1,,0.8019516541539478,763,763.0,0.8031578947368421,0,ACCEPT,-1.15
DSP000190,TXN0048646,M000120,CUS0017361,Visa,MERCHANDISE_NOT_AS_DESCRIBED,Merchandise Not As Described,2026-01-24,259,709,180,2026-02-04,11,contested,won,2026-02-12,3,2,1,0.7757499999999999,1,,,,,,,,,,,,,,,,,,d2c_brand,physical_delivery,small,0.8144826299917275,57,0,1,,0.4731478596144612,889,889.0,1.0,0,ACCEPT,-766.45
DSP000191,TXN0049159,M000121,CUS0017608,Mastercard,DUPLICATE_TRANSACTION,Duplicate Transaction,2026-02-05,1449,0,0,2026-02-15,10,accepted,accepted_refunded,,2,0,2,0.19200000000000003,4,,,,,,,,,,,,,,,,,,social_seller,physical_delivery,small,0.3002685265029436,72,0,1,,0.07007319056654919,0,797.0,0.5500345065562456,0,ACCEPT,-695.46
DSP000192,TXN0049334,M000121,,Visa,MERCHANDISE_NOT_AS_DESCRIBED,Merchandise Not As Described,2025-10-22,1849,492,220,2025-11-09,18,contested,lost,2025-11-09,3,1,2,0.09166666666666667,5,,,,,,,,,,,,,,,,,,social_seller,physical_delivery,small,0.3002685265029436,72,0,1,,0.0,712,712.0,0.3850730124391563,0,ACCEPT,-712.0
DSP000193,TXN0049969,M000122,,Visa,MERCHANDISE_NOT_RECEIVED,Merchandise Not Received,2025-05-31,1400,457,178,2025-06-18,18,contested,lost,2025-06-25,4,2,2,0.6173166666666666,2,,,,,,,,,,,,,,,,,,d2c_brand,physical_delivery,small,0.8881188819391037,24,0,1,,0.17670995670995668,635,635.0,0.45357142857142857,0,ACCEPT,-387.61
DSP000194,TXN0049880,M000122,CUS0017851,Visa,MERCHANDISE_NOT_RECEIVED,Merchandise Not Received,2025-07-08,1499,403,290,2025-07-19,11,contested,won,2025-08-06,4,4,0,0.9183833333333333,0,,,,,,,,,,,,,,,,,,d2c_brand,physical_delivery,small,0.8881188819391037,24,0,1,,0.8756410951477365,693,693.0,0.46230820547031354,1,CONTEST,619.59
DSP000195,TXN0050060,M000123,CUS0017867,Visa,MERCHANDISE_NOT_AS_DESCRIBED,Merchandise Not As Described,2025-06-08,109,687,167,2025-06-19,11,contested,lost,2025-07-04,3,1,2,0.21605,4,,,,,,,,,,,,,,,,,,social_seller,physical_delivery,small,0.3208068781481532,60,0,1,,0.0,854,854.0,1.0,0,ACCEPT,-854.0
DSP000196,TXN0050265,M000123,,RuPay,CREDIT_NOT_PROCESSED,Credit Not Processed,2025-05-02,500,0,0,2025-05-10,8,accepted,accepted_refunded,,3,0,3,0.11168333333333334,5,,,,,,,,,,,,,,,,,,social_seller,physical_delivery,small,0.3208068781481532,60,0,1,,0.0,0,797.0,1.0,0,ACCEPT,-797.0
DSP000197,TXN0050963,M000124,CUS0018066,Mastercard,SERVICE_NOT_RENDERED,Service Not Rendered,2025-07-07,2499,467,196,2025-07-23,16,contested,won,2025-08-01,4,2,2,0.3911833333333334,3,,,,,,,,,,,,,,,,,,fitness_membership,membership_service,small,0.5056151091562515,52,1,0,,0.037815126050420166,663,663.0,0.2653061224489796,0,ACCEPT,-568.5
DSP000198,TXN0050630,M000124,CUS0018113,Visa,CREDIT_NOT_PROCESSED,Credit Not Processed,2025-11-11,5999,415,253,2025-11-26,15,contested,lost,2025-12-18,4,2,2,0.40903333333333336,3,,,,,,,,,,,,,,,,,,fitness_membership,membership_service,small,0.5056151091562515,52,1,0,,0.0,668,668.0,0.111351891981997,0,ACCEPT,-668.0
DSP000199,TXN0050596,M000124,,Visa,RECURRING_BILLING_DISPUTE,Recurring Billing Dispute,2025-12-31,2499,741,252,2026-01-14,14,contested,won,2026-02-01,5,5,0,0.7626666666666667,0,,,,,,,,,,,,,,,,,,fitness_membership,membership_service,small,0.5056151091562515,52,1,0,,0.7481448143387622,993,993.0,0.39735894357743096,1,CONTEST,876.61
DSP000200,TXN0051353,M000125,CUS0018238,Visa,DUPLICATE_TRANSACTION,Duplicate Transaction,2025-05-21,799,0,0,2025-06-10,20,accepted,accepted_refunded,,2,2,0,0.9647666666666667,0,,,,,,,,,,,,,,,,,,saas_tools,digital_service,small,0.8617566218857394,54,1,0,,0.9347389865036924,0,797.0,0.9974968710888611,0,ACCEPT,-50.14
DSP000201,TXN0051563,M000125,,Mastercard,UNAUTHORIZED_TRANSACTION,Unauthorized Transaction,2025-03-07,799,649,183,2025-03-16,9,contested,won,2025-03-28,4,4,0,0.7851499999999999,1,,,,,,,,,,,,,,,,,,saas_tools,digital_service,small,0.8617566218857394,54,1,0,,0.5550865285385409,832,832.0,1.0,0,ACCEPT,-388.49
DSP000202,TXN0051992,M000126,CUS0018423,Mastercard,MERCHANDISE_NOT_AS_DESCRIBED,Merchandise Not As Described,2025-09-15,1495,695,183,2025-10-04,19,contested,lost,2025-10-16,3,0,3,0.3986166666666667,3,,,,,,,,,,,,,,,,,,social_seller,physical_delivery,small,0.3544915866244231,46,0,1,,0.0,878,878.0,0.5872909698996656,0,ACCEPT,-878.0
DSP000203,TXN0051901,M000126,CUS0018452,Visa,UNAUTHORIZED_TRANSACTION,Unauthorized Transaction,2025-09-10,1800,0,0,2025-09-26,16,accepted,accepted_refunded,,4,0,4,0.0968,5,,,,,,,,,,,,,,,,,,social_seller,physical_delivery,small,0.3544915866244231,46,0,1,,0.0,0,797.0,0.44277777777777777,0,ACCEPT,-797.0
DSP000204,TXN0052431,M000127,,Visa,CREDIT_NOT_PROCESSED,Credit Not Processed,2025-06-18,999,0,0,2025-07-04,16,accepted,accepted_refunded,,4,3,1,0.7136999999999999,1,,,,,,,,,,,,,,,,,,subscription_edtech,digital_service,small,0.7095896964402421,55,1,0,,0.5616799351319475,0,797.0,0.7977977977977978,0,ACCEPT,-235.88
DSP000205,TXN0052519,M000127,CUS0018756,Mastercard,UNAUTHORIZED_TRANSACTION,Unauthorized Transaction,2025-07-20,9999,0,0,2025-08-08,19,accepted,accepted_refunded,,4,2,2,0.5629333333333334,2,,,,,,,,,,,,,,,,,,subscription_edtech,digital_service,small,0.7095896964402421,55,1,0,,0.05578747628083491,0,797.0,0.07970797079707971,0,ACCEPT,-239.18
DSP000206,TXN0052509,M000127,CUS0018658,Visa,UNAUTHORIZED_TRANSACTION,Unauthorized Transaction,2025-07-27,1499,476,288,2025-08-06,10,contested,lost,2025-08-11,4,2,2,0.46631666666666666,3,,,,,,,,,,,,,,,,,,subscription_edtech,digital_service,small,0.7095896964402421,55,1,0,,0.03225806451612903,764,764.0,0.5096731154102735,0,ACCEPT,-715.65
DSP000207,TXN0053038,M000128,CUS0018818,Mastercard,RECURRING_BILLING_DISPUTE,Recurring Billing Dispute,2025-06-21,24999,727,264,2025-07-09,18,contested,lost,2025-07-24,5,2,3,0.4424666666666666,3,,,,,,,,,,,,,,,,,,subscription_edtech,digital_service,small,0.6825478489213517,103,1,0,,0.015384615384615385,991,991.0,0.039641585663426536,0,ACCEPT,-606.4
DSP000208,TXN0052949,M000128,CUS0018950,Mastercard,UNAUTHORIZED_TRANSACTION,Unauthorized Transaction,2025-11-17,9999,422,262,2025-12-03,16,contested,lost,2025-12-27,4,3,1,0.64205,2,,,,,,,,,,,,,,,,,,subscription_edtech,digital_service,small,0.6825478489213517,103,1,0,,0.24337662337662339,684,684.0,0.06840684068406841,1,CONTEST,1749.52
DSP000209,TXN0052665,M000128,,Mastercard,RECURRING_BILLING_DISPUTE,Recurring Billing Dispute,2025-03-02,4999,0,0,2025-03-21,19,accepted,accepted_refunded,,5,4,1,0.6612166666666667,1,,,,,,,,,,,,,,,,,,subscription_edtech,digital_service,small,0.6825478489213517,103,1,0,,0.6004198618718742,0,797.0,0.15943188637727546,1,CONTEST,2204.5
DSP000210,TXN0053180,M000128,CUS0018967,Mastercard,RECURRING_BILLING_DISPUTE,Recurring Billing Dispute,2025-12-08,4999,0,0,2025-12-26,18,accepted,accepted_refunded,,5,2,3,0.49,3,,,,,,,,,,,,,,,,,,subscription_edtech,digital_service,small,0.6825478489213517,103,1,0,,0.03225806451612903,0,797.0,0.15943188637727546,0,ACCEPT,-635.74
DSP000211,TXN0053650,M000129,,Visa,CREDIT_NOT_PROCESSED,Credit Not Processed,2025-11-11,2999,741,290,2025-11-30,19,contested,won,2025-12-22,4,4,0,0.9080166666666667,0,,,,,,,,,,,,,,,,,,subscription_edtech,digital_service,small,0.7399740821527674,19,1,0,,0.9347389865036924,1031,1031.0,0.34378126042014007,1,CONTEST,1772.28
DSP000212,TXN0053490,M000129,CUS0019164,Mastercard,RECURRING_BILLING_DISPUTE,Recurring Billing Dispute,2025-04-26,2999,510,270,2025-05-13,17,contested,won,2025-05-20,5,5,0,0.83695,0,,,,,,,,,,,,,,,,,,subscription_edtech,digital_service,small,0.7399740821527674,19,1,0,,0.9347389865036924,780,780.0,0.2600866955651884,1,CONTEST,2023.28
DSP000213,TXN0053588,M000129,,RuPay,RECURRING_BILLING_DISPUTE,Recurring Billing Dispute,2025-09-24,2999,0,0,2025-10-06,12,accepted,accepted_refunded,,5,5,0,0.8801833333333334,0,,,,,,,,,,,,,,,,,,subscription_edtech,digital_service,small,0.7399740821527674,19,1,0,,0.9347389865036924,0,797.0,0.2657552517505835,1,CONTEST,2006.28
DSP000214,TXN0054116,M000130,CUS0019236,Visa,RECURRING_BILLING_DISPUTE,Recurring Billing Dispute,2025-04-21,1499,530,255,2025-05-09,18,contested,lost,2025-05-29,5,2,3,0.42944999999999994,3,,,,,,,,,,,,,,,,,,fitness_membership,membership_service,small,0.4611135833813756,13,1,0,,0.0,785,785.0,0.52368245496998,0,ACCEPT,-785.0
DSP000215,TXN0053890,M000130,CUS0019241,Mastercard,RECURRING_BILLING_DISPUTE,Recurring Billing Dispute,2026-01-16,999,678,160,2026-02-05,20,contested,won,2026-02-24,5,5,0,0.5925166666666667,1,,,,,,,,,,,,,,,,,,fitness_membership,membership_service,small,0.4611135833813756,13,1,0,,0.39548069377818335,838,838.0,0.8388388388388388,0,ACCEPT,-442.91
DSP000216,TXN0053726,M000130,,RuPay,RECURRING_BILLING_DISPUTE,Recurring Billing Dispute,2025-09-03,1499,0,0,2025-09-20,17,accepted,accepted_refunded,,5,2,3,0.33221666666666666,3,,,,,,,,,,,,,,,,,,fitness_membership,membership_service,small,0.4611135833813756,13,1,0,,0.0,0,797.0,0.5316877918612408,0,ACCEPT,-797.0
DSP000217,TXN0054313,M000131,CUS0019396,RuPay,RECURRING_BILLING_DISPUTE,Recurring Billing Dispute,2025-10-13,4999,437,170,2025-10-29,16,contested,won,2025-11-03,5,5,0,0.9485666666666667,0,,,,,,,,,,,,,,,,,,saas_tools,digital_service,small,0.9454346849041372,19,1,0,,0.9454916583091915,607,607.0,0.12142428485697139,1,CONTEST,4119.51
DSP000218,TXN0054419,M000131,CUS0019424,RuPay,RECURRING_BILLING_DISPUTE,Recurring Billing Dispute,2025-08-16,9999,0,0,2025-08-28,12,accepted,accepted_refunded,,5,5,0,0.9491166666666667,0,,,,,,,,,,,,,,,,,,saas_tools,digital_service,small,0.9454346849041372,19,1,0,,0.9347389865036924,0,797.0,0.07970797079707971,1,CONTEST,8549.46
DSP000219,TXN0054550,M000131,CUS0019422,RuPay,UNAUTHORIZED_TRANSACTION,Unauthorized Transaction,2025-05-17,4999,746,300,2025-05-31,14,contested,lost,2025-06-17,4,4,0,0.93775,0,,,,,,,,,,,,,,,,,,saas_tools,digital_service,small,0.9454346849041372,19,1,0,,0.4829824561403509,1046,1046.0,0.20924184836967394,1,CONTEST,1368.43
DSP000220,TXN0054645,M000131,CUS0019396,Mastercard,RECURRING_BILLING_DISPUTE,Recurring Billing Dispute,2025-07-26,9999,612,292,2025-08-05,10,contested,lost,2025-09-05,5,4,1,0.7799166666666667,1,,,,,,,,,,,,,,,,,,saas_tools,digital_service,small,0.9454346849041372,19,1,0,,0.6070132684652808,904,904.0,0.09040904090409041,1,CONTEST,5165.53
DSP000221,TXN0054985,M000132,,Mastercard,CREDIT_NOT_PROCESSED,Credit Not Processed,2025-06-14,4999,406,217,2025-06-27,13,contested,won,2025-07-27,4,4,0,0.86135,0,,,,,,,,,,,,,,,,,,subscription_edtech,digital_service,small,0.7790928945167275,92,1,0,,0.9206627401693815,623,623.0,0.124624924984997,1,CONTEST,3979.39
DSP000222,TXN0055051,M000132,,RuPay,RECURRING_BILLING_DISPUTE,Recurring Billing Dispute,2025-11-12,24999,0,0,2025-11-30,18,accepted,accepted_refunded,,5,4,1,0.62315,2,,,,,,,,,,,,,,,,,,subscription_edtech,digital_service,small,0.7790928945167275,92,1,0,,0.5733157894736842,0,797.0,0.03188127525101004,1,CONTEST,13535.32
DSP000223,TXN0055158,M000132,CUS0019671,Visa,SERVICE_NOT_RENDERED,Service Not Rendered,2025-07-24,1499,484,223,2025-08-10,17,contested,won,2025-08-26,4,4,0,0.7637333333333333,1,,,,,,,,,,,,,,,,,,subscription_edtech,digital_service,small,0.7790928945167275,92,1,0,,0.9347389865036924,707,707.0,0.47164776517678453,1,CONTEST,694.17
DSP000224,TXN0055538,M000133,,Mastercard,CREDIT_NOT_PROCESSED,Credit Not Processed,2025-12-23,500,537,213,2026-01-12,20,contested,lost,2026-01-10,3,1,2,0.4465166666666667,3,,,,,,,,,,,,,,,,,,d2c_brand,physical_delivery,small,0.7021455289951353,30,0,1,,0.03225806451612903,750,750.0,1.0,0,ACCEPT,-733.87
DSP000225,TXN0055502,M000133,,Mastercard,MERCHANDISE_NOT_RECEIVED,Merchandise Not Received,2025-06-10,3195,716,163,2025-06-23,13,contested,won,2025-07-25,4,3,1,0.66725,1,,,,,,,,,,,,,,,,,,d2c_brand,physical_delivery,small,0.7021455289951353,30,0,1,,0.4664585483316134,879,879.0,0.27511737089201876,1,CONTEST,611.34
DSP000226,TXN0055726,M000133,,RuPay,MERCHANDISE_NOT_RECEIVED,Merchandise Not Received,2025-08-09,1699,425,256,2025-08-20,11,contested,won,2025-09-01,4,4,0,0.7310333333333333,1,,,,,,,,,,,,,,,,,,d2c_brand,physical_delivery,small,0.7021455289951353,30,0,1,,0.784896911901299,681,681.0,0.4008240141259564,1,CONTEST,652.54
DSP000227,TXN0056308,M000134,CUS0020121,Mastercard,MERCHANDISE_NOT_AS_DESCRIBED,Merchandise Not As Described,2025-05-10,9999,716,237,2025-05-24,14,contested,won,2025-06-23,4,2,2,0.44680000000000003,3,,,,,,,,,,,,,,,,,,subscription_edtech,digital_service,small,0.6131813735753068,29,1,0,,0.03891402714932127,953,953.0,0.09530953095309531,0,ACCEPT,-563.9
DSP000228,TXN0056038,M000134,CUS0019988,Visa,MERCHANDISE_NOT_AS_DESCRIBED,Merchandise Not As Described,2025-02-17,9999,647,273,2025-03-02,13,contested,won,2025-03-21,4,2,2,0.5595666666666667,2,,,,,,,,,,,,,,,,,,subscription_edtech,digital_service,small,0.6131813735753068,29,1,0,,0.07007319056654919,920,920.0,0.09200920092009202,0,ACCEPT,-219.34
DSP000229,TXN0056327,M000134,CUS0020106,Mastercard,RECURRING_BILLING_DISPUTE,Recurring Billing Dispute,2025-04-19,1499,0,0,2025-05-06,17,accepted,accepted_refunded,,5,3,2,0.3918333333333333,3,,,,,,,,,,,,,,,,,,subscription_edtech,digital_service,small,0.6131813735753068,29,1,0,,0.04878936840209495,0,797.0,0.5316877918612408,0,ACCEPT,-723.86
DSP000230,TXN0056886,M000135,CUS0020187,Mastercard,RECURRING_BILLING_DISPUTE,Recurring Billing Dispute,2025-02-12,2499,671,210,2025-03-02,18,contested,won,2025-03-07,5,4,1,0.5849666666666666,2,,,,,,,,,,,,,,,,,,fitness_membership,membership_service,small,0.478319177713755,55,1,0,,0.2554739120528594,881,881.0,0.3525410164065626,0,ACCEPT,-242.57
DSP000231,TXN0056880,M000135,,Visa,MERCHANDISE_NOT_AS_DESCRIBED,Merchandise Not As Described,2025-05-12,14999,635,238,2025-05-27,15,contested,lost,2025-06-13,4,3,1,0.5442833333333333,1,,,,,,,,,,,,,,,,,,fitness_membership,membership_service,small,0.478319177713755,55,1,0,,0.13673985723321586,873,873.0,0.058203880258683914,1,CONTEST,1177.96
DSP000232,TXN0056542,M000135,CUS0020299,Mastercard,RECURRING_BILLING_DISPUTE,Recurring Billing Dispute,2025-11-10,24999,644,281,2025-11-25,15,contested,lost,2025-12-02,5,4,1,0.6776666666666666,1,,,,,,,,,,,,,,,,,,fitness_membership,membership_service,small,0.478319177713755,55,1,0,,0.3253318077803204,925,925.0,0.03700148005920237,1,CONTEST,7207.97
DSP000233,TXN0056633,M000135,,Visa,MERCHANDISE_NOT_AS_DESCRIBED,Merchandise Not As Described,2025-12-02,8999,513,162,2025-12-21,19,contested,lost,2026-01-04,4,2,2,0.4589833333333333,2,,,,,,,,,,,,,,,,,,fitness_membership,membership_service,small,0.478319177713755,55,1,0,,0.015384615384615385,675,675.0,0.07500833425936215,0,ACCEPT,-536.55
DSP000234,TXN0056955,M000136,CUS0020376,Mastercard,SERVICE_NOT_RENDERED,Service Not Rendered,2025-10-10,1499,0,0,2025-10-31,21,accepted,accepted_refunded,,4,3,1,0.31243333333333334,3,,,,,,,,,,,,,,,,,,fitness_membership,membership_service,small,0.4861853304461737,28,1,0,,0.20290741516547967,0,797.0,0.5316877918612408,0,ACCEPT,-492.84
DSP000235,TXN0057374,M000136,CUS0020502,Mastercard,RECURRING_BILLING_DISPUTE,Recurring Billing Dispute,2025-12-13,14999,556,280,2025-12-21,8,contested,lost,2026-01-26,5,4,1,0.5757166666666667,1,,,,,,,,,,,,,,,,,,fitness_membership,membership_service,small,0.4861853304461737,28,1,0,,0.25004329004329007,836,836.0,0.05573704913660911,1,CONTEST,2914.4
DSP000236,TXN0057151,M000136,CUS0020353,RuPay,MERCHANDISE_NOT_AS_DESCRIBED,Merchandise Not As Described,2025-06-08,1499,572,208,2025-06-23,15,contested,lost,2025-07-06,4,2,2,0.3810166666666667,3,,,,,,,,,,,,,,,,,,fitness_membership,membership_service,small,0.4861853304461737,28,1,0,,0.0,780,780.0,0.5203468979319547,0,ACCEPT,-780.0
DSP000237,TXN0057045,M000136,CUS0020451,Visa,MERCHANDISE_NOT_AS_DESCRIBED,Merchandise Not As Described,2025-07-26,1499,460,236,2025-08-04,9,contested,lost,2025-08-10,4,1,3,0.10291666666666667,5,,,,,,,,,,,,,,,,,,fitness_membership,membership_service,small,0.4861853304461737,28,1,0,,0.0,696,696.0,0.46430953969312877,0,ACCEPT,-696.0
DSP000238,TXN0057909,M000137,CUS0020567,Visa,MERCHANDISE_NOT_AS_DESCRIBED,Merchandise Not As Described,2025-06-04,3650,553,279,2025-06-11,7,contested,lost,2025-07-12,3,2,1,0.7774166666666668,1,,,,,,,,,,,,,,,,,,d2c_brand,physical_delivery,small,0.8172890346029592,62,0,1,,0.45256965944272454,832,832.0,0.22794520547945205,1,CONTEST,819.88
DSP000239,TXN0058267,M000138,,Visa,UNAUTHORIZED_TRANSACTION,Unauthorized Transaction,2025-10-16,1200,0,0,2025-10-27,11,accepted,accepted_refunded,,4,4,0,0.98,0,,,,,,,,,,,,,,,,,,d2c_brand,physical_delivery,small,0.8687176769525082,104,0,1,,0.41118105807700883,0,797.0,0.6641666666666667,0,ACCEPT,-303.58
DSP000240,TXN0058328,M000138,CUS0020850,Visa,UNAUTHORIZED_TRANSACTION,Unauthorized Transaction,2025-05-01,900,504,176,2025-05-18,17,contested,lost,2025-06-09,4,4,0,0.9078333333333334,0,,,,,,,,,,,,,,,,,,d2c_brand,physical_delivery,small,0.8687176769525082,104,0,1,,0.47947368421052633,680,680.0,0.7555555555555555,0,ACCEPT,-248.47
DSP000241,TXN0058882,M000139,,Visa,RECURRING_BILLING_DISPUTE,Recurring Billing Dispute,2025-12-22,399,0,0,2026-01-02,11,accepted,accepted_refunded,,5,4,1,0.8083,1,,,,,,,,,,,,,,,,,,saas_tools,digital_service,small,0.914040651070271,44,1,0,,0.8545230827253765,0,797.0,1.0,0,ACCEPT,-456.05
DSP000242,TXN0058688,M000139,,Mastercard,UNAUTHORIZED_TRANSACTION,Unauthorized Transaction,2025-03-25,399,589,159,2025-04-09,15,contested,won,2025-04-29,4,4,0,0.81195,1,,,,,,,,,,,,,,,,,,saas_tools,digital_service,small,0.914040651070271,44,1,0,,0.5658996199179224,748,748.0,1.0,0,ACCEPT,-522.21
DSP000243,TXN0059266,M000140,,Visa,DUPLICATE_TRANSACTION,Duplicate Transaction,2025-04-04,550,0,0,2025-04-12,8,accepted,accepted_refunded,,2,2,0,0.7727833333333334,1,,,,,,,,,,,,,,,,,,d2c_brand,physical_delivery,small,0.8537255178918759,85,0,1,,0.8690382699901464,0,797.0,1.0,0,ACCEPT,-319.03
DSP000244,TXN0059491,M000140,CUS0021239,Visa,MERCHANDISE_NOT_RECEIVED,Merchandise Not Received,2025-03-02,3600,520,228,2025-03-19,17,contested,lost,2025-04-15,4,3,1,0.8094833333333332,1,,,,,,,,,,,,,,,,,,d2c_brand,physical_delivery,small,0.8537255178918759,85,0,1,,0.5550865285385409,748,748.0,0.20777777777777778,1,CONTEST,1250.31
DSP000245,TXN0059979,M000141,CUS0021376,Visa,RECURRING_BILLING_DISPUTE,Recurring Billing Dispute,2026-01-01,3999,0,0,2026-01-09,8,accepted,accepted_refunded,,5,4,1,0.7171500000000001,1,,,,,,,,,,,,,,,,,,fitness_membership,membership_service,small,0.63191044877427,63,1,0,,0.5162421792689467,0,797.0,0.19929982495623905,1,CONTEST,1267.45
DSP000246,TXN0060068,M000141,CUS0021317,Visa,RECURRING_BILLING_DISPUTE,Recurring Billing Dispute,2025-07-06,14999,0,0,2025-07-14,8,accepted,accepted_refunded,,5,5,0,0.71965,1,,,,,,,,,,,,,,,,,,fitness_membership,membership_service,small,0.63191044877427,63,1,0,,0.6302139373616019,0,797.0,0.05313687579171945,1,CONTEST,8655.58
DSP000247,TXN0060330,M000142,,Mastercard,SERVICE_NOT_RENDERED,Service Not Rendered,2026-02-10,9999,436,271,2026-02-23,13,contested,lost,2026-02-26,4,4,0,0.6991,1,,,,,,,,,,,,,,,,,,subscription_edtech,digital_service,small,0.6597105013403082,6,1,0,,0.6167523989000634,707,707.0,0.0707070707070707,1,CONTEST,5459.91
DSP000248,TXN0060481,M000142,CUS0021492,Visa,RECURRING_BILLING_DISPUTE,Recurring Billing Dispute,2025-05-17,14999,0,0,2025-05-30,13,accepted,accepted_refunded,,5,3,2,0.5835333333333333,2,,,,,,,,,,,,,,,,,,subscription_edtech,digital_service,small,0.6597105013403082,6,1,0,,0.07007319056654919,0,797.0,0.05313687579171945,1,CONTEST,254.03
DSP000249,TXN0060432,M000142,CUS0021483,Visa,RECURRING_BILLING_DISPUTE,Recurring Billing Dispute,2025-03-16,9999,0,0,2025-04-04,19,accepted,accepted_refunded,,5,4,1,0.7100166666666666,1,,,,,,,,,,,,,,,,,,subscription_edtech,digital_service,small,0.6597105013403082,6,1,0,,0.5153006535947713,0,797.0,0.07970797079707971,1,CONTEST,4355.49
DSP000250,TXN0060590,M000142,,RuPay,RECURRING_BILLING_DISPUTE,Recurring Billing Dispute,2025-05-11,14999,512,222,2025-05-22,11,contested,lost,2025-05-26,5,2,3,0.3632166666666667,3,,,,,,,,,,,,,,,,,,subscription_edtech,digital_service,small,0.6597105013403082,6,1,0,,0.0,734,734.0,0.04893659577305154,0,ACCEPT,-734.0
DSP000251,TXN0061129,M000143,,Mastercard,UNAUTHORIZED_TRANSACTION,Unauthorized Transaction,2025-06-10,4450,0,0,2025-06-22,12,accepted,accepted_refunded,,4,3,1,0.7093333333333334,1,,,,,,,,,,,,,,,,,,d2c_brand,physical_delivery,small,0.7049646263597146,112,0,1,,0.25387956478193724,0,797.0,0.17910112359550562,1,CONTEST,332.76
DSP000252,TXN0061544,M000144,,Visa,RECURRING_BILLING_DISPUTE,Recurring Billing Dispute,2025-05-09,2999,485,300,2025-05-19,10,contested,won,2025-06-06,5,5,0,0.9093333333333332,0,,,,,,,,,,,,,,,,,,subscription_edtech,digital_service,small,0.6996954383115473,66,1,0,,0.9347389865036924,785,785.0,0.26175391797265757,1,CONTEST,2018.28
DSP000253,TXN0061636,M000144,,Visa,RECURRING_BILLING_DISPUTE,Recurring Billing Dispute,2025-12-12,24999,658,198,2026-01-01,20,contested,won,2025-12-27,5,4,1,0.8142999999999999,1,,,,,,,,,,,,,,,,,,subscription_edtech,digital_service,small,0.6996954383115473,66,1,0,,0.6302139373616019,856,856.0,0.03424136965478619,1,CONTEST,14898.72
DSP000254,TXN0061976,M000145,CUS0022203,Mastercard,RECURRING_BILLING_DISPUTE,Recurring Billing Dispute,2025-06-24,19999,535,209,2025-07-10,16,contested,lost,2025-07-25,5,4,1,0.7849333333333334,1,,,,,,,,,,,,,,,,,,saas_tools,digital_service,small,0.9040715419316088,116,1,0,,0.7572992477368354,744,744.0,0.03720186009300465,1,CONTEST,14401.23
DSP000255,TXN0062134,M000145,,Mastercard,CREDIT_NOT_PROCESSED,Credit Not Processed,2025-09-06,9999,0,0,2025-09-13,7,accepted,accepted_refunded,,4,4,0,0.9446333333333333,0,,,,,,,,,,,,,,,,,,saas_tools,digital_service,small,0.9040715419316088,116,1,0,,0.8756410951477365,0,797.0,0.07970797079707971,1,CONTEST,7958.54
DSP000256,TXN0062208,M000145,CUS0022067,Mastercard,RECURRING_BILLING_DISPUTE,Recurring Billing Dispute,2026-01-18,1499,649,281,2026-02-03,16,contested,won,2026-02-12,5,4,1,0.7919666666666667,1,,,,,,,,,,,,,,,,,,saas_tools,digital_service,small,0.9040715419316088,116,1,0,,0.8545230827253765,930,930.0,0.6204136090727151,1,CONTEST,350.93
DSP000257,TXN0062201,M000145,CUS0022097,RuPay,RECURRING_BILLING_DISPUTE,Recurring Billing Dispute,2025-06-18,1499,500,167,2025-07-01,13,contested,won,2025-07-18,5,4,1,0.7630333333333333,1,,,,,,,,,,,,,,,,,,saas_tools,digital_service,small,0.9040715419316088,116,1,0,,0.7837698359721295,667,667.0,0.44496330887258173,1,CONTEST,507.87
DSP000258,TXN0062526,M000146,,Visa,SERVICE_NOT_RENDERED,Service Not Rendered,2025-03-19,1499,569,230,2025-04-07,19,contested,lost,2025-04-27,4,1,3,0.10235,5,,,,,,,,,,,,,,,,,,subscription_edtech,digital_service,small,0.6028208142367275,53,1,0,,0.0,799,799.0,0.5330220146764509,0,ACCEPT,-799.0
DSP000259,TXN0062542,M000146,CUS0022333,Mastercard,CREDIT_NOT_PROCESSED,Credit Not Processed,2025-05-08,9999,449,296,2025-05-26,18,contested,lost,2025-05-25,4,2,2,0.4555666666666667,3,,,,,,,,,,,,,,,,,,subscription_edtech,digital_service,small,0.6028208142367275,53,1,0,,0.023529411764705882,745,745.0,0.0745074507450745,0,ACCEPT,-509.73
DSP000260,TXN0062680,M000146,CUS0022248,RuPay,UNAUTHORIZED_TRANSACTION,Unauthorized Transaction,2025-10-25,9999,694,176,2025-11-14,20,contested,lost,2025-11-14,4,4,0,0.6685666666666666,1,,,,,,,,,,,,,,,,,,subscription_edtech,digital_service,small,0.6028208142367275,53,1,0,,0.3892206966692092,870,870.0,0.08700870087008701,1,CONTEST,3021.82
DSP000261,TXN0063162,M000147,CUS0022561,Visa,RECURRING_BILLING_DISPUTE,Recurring Billing Dispute,2025-09-30,14999,700,224,2025-10-12,12,contested,lost,2025-11-03,5,1,4,0.1129,5,,,,,,,,,,,,,,,,,,fitness_membership,membership_service,small,0.5076456490975811,10,1,0,,0.0,924,924.0,0.0616041069404627,0,ACCEPT,-924.0
DSP000262,TXN0062940,M000147,,Visa,SERVICE_NOT_RENDERED,Service Not Rendered,2025-08-23,3999,0,0,2025-09-02,10,accepted,accepted_refunded,,4,2,2,0.3793166666666667,3,,,,,,,,,,,,,,,,,,fitness_membership,membership_service,small,0.5076456490975811,10,1,0,,0.0,0,797.0,0.19929982495623905,0,ACCEPT,-797.0
DSP000263,TXN0063430,M000148,CUS0022664,RuPay,RECURRING_BILLING_DISPUTE,Recurring Billing Dispute,2025-09-17,8999,410,200,2025-09-25,8,contested,lost,2025-10-21,5,1,4,0.12941666666666665,5,,,,,,,,,,,,,,,,,,fitness_membership,membership_service,small,0.6471080338989853,14,1,0,,0.0,610,610.0,0.06778530947883098,0,ACCEPT,-610.0
DSP000264,TXN0063800,M000148,CUS0022745,Visa,RECURRING_BILLING_DISPUTE,Recurring Billing Dispute,2025-08-21,2499,435,211,2025-09-09,19,contested,won,2025-10-04,5,5,0,0.6729166666666666,1,,,,,,,,,,,,,,,,,,fitness_membership,membership_service,small,0.6471080338989853,14,1,0,,0.5949543139440838,646,646.0,0.2585034013605442,1,CONTEST,840.79
DSP000265,TXN0063450,M000148,CUS0022650,Visa,RECURRING_BILLING_DISPUTE,Recurring Billing Dispute,2025-07-21,3999,543,284,2025-08-10,20,contested,lost,2025-08-21,5,2,3,0.4303666666666666,3,,,,,,,,,,,,,,,,,,fitness_membership,membership_service,small,0.6471080338989853,14,1,0,,0.0,827,827.0,0.2068017004251063,0,ACCEPT,-827.0
DSP000266,TXN0063596,M000148,CUS0022782,Mastercard,MERCHANDISE_NOT_AS_DESCRIBED,Merchandise Not As Described,2025-09-29,2499,0,0,2025-10-10,11,accepted,accepted_refunded,,4,4,0,0.71405,1,,,,,,,,,,,,,,,,,,fitness_membership,membership_service,small,0.6471080338989853,14,1,0,,0.5852151835093011,0,797.0,0.31892757102841135,1,CONTEST,665.45
DSP000267,TXN0064082,M000149,,Visa,RECURRING_BILLING_DISPUTE,Recurring Billing Dispute,2025-09-03,799,587,255,2025-09-12,9,contested,lost,2025-10-10,5,3,2,0.5970833333333333,2,,,,,,,,,,,,,,,,,,saas_tools,digital_service,small,0.8910923420275528,48,1,0,,0.3471739130434782,842,842.0,1.0,0,ACCEPT,-564.61
DSP000268,TXN0063960,M000149,CUS0022964,RuPay,RECURRING_BILLING_DISPUTE,Recurring Billing Dispute,2026-01-13,799,433,222,2026-01-26,13,contested,won,2026-02-25,5,5,0,0.9528333333333333,0,,,,,,,,,,,,,,,,,,saas_tools,digital_service,small,0.8910923420275528,48,1,0,,0.9529208046855107,655,655.0,0.8197747183979975,1,CONTEST,106.38
DSP000269,TXN0064584,M000150,CUS0023179,Mastercard,MERCHANDISE_NOT_AS_DESCRIBED,Merchandise Not As Described,2025-11-24,3750,694,254,2025-12-01,7,contested,lost,2025-12-30,3,2,1,0.4660666666666667,3,,,,,,,,,,,,,,,,,,d2c_brand,physical_delivery,small,0.8350611257334969,93,0,1,,0.20290741516547967,948,948.0,0.2528,0,ACCEPT,-187.1
DSP000270,TXN0064589,M000150,CUS0023179,Visa,MERCHANDISE_NOT_RECEIVED,Merchandise Not Received,2025-03-29,895,465,198,2025-04-14,16,contested,won,2025-04-15,4,4,0,0.9451333333333333,0,,,,,,,,,,,,,,,,,,d2c_brand,physical_delivery,small,0.8350611257334969,93,0,1,,0.8897173414820474,663,663.0,0.740782122905028,1,CONTEST,133.3
DSP000271,TXN0064394,M000150,CUS0023139,Mastercard,MERCHANDISE_NOT_RECEIVED,Merchandise Not Received,2025-02-21,1200,586,220,2025-03-13,20,contested,lost,2025-03-13,4,3,1,0.76575,1,,,,,,,,,,,,,,,,,,d2c_brand,physical_delivery,small,0.8350611257334969,93,0,1,,0.6004198618718742,806,806.0,0.6716666666666666,0,ACCEPT,-85.5
DSP000272,TXN0065174,M000151,,Visa,UNAUTHORIZED_TRANSACTION,Unauthorized Transaction,2025-08-10,1499,0,0,2025-08-28,18,accepted,accepted_refunded,,4,4,0,0.9114666666666666,0,,,,,,,,,,,,,,,,,,saas_tools,digital_service,small,0.9530913096111326,77,1,0,,0.5550865285385409,0,797.0,0.5316877918612408,1,CONTEST,35.07
DSP000273,TXN0065281,M000151,CUS0023367,Visa,UNAUTHORIZED_TRANSACTION,Unauthorized Transaction,2025-03-27,49999,0,0,2025-04-03,7,accepted,accepted_refunded,,4,3,1,0.8166666666666668,1,,,,,,,,,,,,,,,,,,saas_tools,digital_service,small,0.9530913096111326,77,1,0,,0.3721739130434783,0,797.0,0.015940318806376128,1,CONTEST,17811.32
DSP000274,TXN0065804,M000152,CUS0023388,Visa,CREDIT_NOT_PROCESSED,Credit Not Processed,2026-02-27,999,672,179,2026-03-13,14,contested,won,2026-03-18,4,3,1,0.6115,2,,,,,,,,,,,,,,,,,,subscription_edtech,digital_service,small,0.68292586842327,86,1,0,,0.3927294685990338,851,851.0,0.8518518518518519,0,ACCEPT,-458.66
DSP000275,TXN0065898,M000152,,RuPay,CREDIT_NOT_PROCESSED,Credit Not Processed,2025-03-16,999,0,0,2025-04-04,19,accepted,accepted_refunded,,4,4,0,0.8040166666666666,1,,,,,,,,,,,,,,,,,,subscription_edtech,digital_service,small,0.68292586842327,86,1,0,,0.7784172601591957,0,797.0,0.7977977977977978,0,ACCEPT,-19.36
DSP000276,TXN0065925,M000152,CUS0023426,RuPay,UNAUTHORIZED_TRANSACTION,Unauthorized Transaction,2025-09-08,999,0,0,2025-09-16,8,accepted,accepted_refunded,,4,4,0,0.7315833333333334,1,,,,,,,,,,,,,,,,,,subscription_edtech,digital_service,small,0.68292586842327,86,1,0,,0.43995169082125607,0,797.0,0.7977977977977978,0,ACCEPT,-357.49
DSP000277,TXN0066293,M000153,CUS0023663,Visa,RECURRING_BILLING_DISPUTE,Recurring Billing Dispute,2025-07-07,3999,0,0,2025-07-16,9,accepted,accepted_refunded,,5,2,3,0.41268333333333335,3,,,,,,,,,,,,,,,,,,fitness_membership,membership_service,small,0.4975316726721195,40,1,0,,0.0,0,797.0,0.19929982495623905,0,ACCEPT,-797.0
DSP000278,TXN0066005,M000153,,Mastercard,RECURRING_BILLING_DISPUTE,Recurring Billing Dispute,2025-10-26,8999,649,180,2025-11-04,9,contested,lost,2025-11-28,5,3,2,0.5241,2,,,,,,,,,,,,,,,,,,fitness_membership,membership_service,small,0.4975316726721195,40,1,0,,0.03225806451612903,829,829.0,0.09212134681631293,0,ACCEPT,-538.71
DSP000279,TXN0066272,M000153,CUS0023572,Visa,MERCHANDISE_NOT_AS_DESCRIBED,Merchandise Not As Described,2025-06-25,3999,404,187,2025-07-03,8,contested,lost,2025-07-22,4,0,4,0.0,6,,,,,,,,,,,,,,,,,,fitness_membership,membership_service,small,0.4975316726721195,40,1,0,,0.0,591,591.0,0.14778694673668416,0,ACCEPT,-591.0
DSP000280,TXN0067048,M000154,CUS0023917,Visa,RECURRING_BILLING_DISPUTE,Recurring Billing Dispute,2025-04-26,14999,0,0,2025-05-04,8,accepted,accepted_refunded,,5,3,2,0.5927,2,,,,,,,,,,,,,,,,,,subscription_edtech,digital_service,small,0.6349650101510135,83,1,0,,0.1611255411255411,0,797.0,0.05313687579171945,1,CONTEST,1619.72
DSP000281,TXN0066770,M000154,CUS0023863,RuPay,RECURRING_BILLING_DISPUTE,Recurring Billing Dispute,2025-04-09,2999,433,215,2025-04-22,13,contested,lost,2025-04-26,5,3,2,0.40185,3,,,,,,,,,,,,,,,,,,subscription_edtech,digital_service,small,0.6349650101510135,83,1,0,,0.05578747628083491,648,648.0,0.21607202400800266,0,ACCEPT,-480.69
DSP000282,TXN0067455,M000155,,RuPay,MERCHANDISE_NOT_RECEIVED,Merchandise Not Received,2025-05-24,7900,697,166,2025-06-10,17,contested,lost,2025-07-04,4,4,0,0.9003333333333333,0,,,,,,,,,,,,,,,,,,d2c_brand,physical_delivery,small,0.8614863211952564,120,0,1,,0.7837698359721295,863,863.0,0.10924050632911392,1,CONTEST,5328.78
DSP000283,TXN0067377,M000155,CUS0024128,Mastercard,UNAUTHORIZED_TRANSACTION,Unauthorized Transaction,2025-08-25,849,0,0,2025-09-02,8,accepted,accepted_refunded,,4,3,1,0.7955166666666665,1,,,,,,,,,,,,,,,,,,d2c_brand,physical_delivery,small,0.8614863211952564,120,0,1,,0.319901185770751,0,797.0,0.9387514723203769,0,ACCEPT,-525.4
DSP000284,TXN0067574,M000155,CUS0024120,Visa,UNAUTHORIZED_TRANSACTION,Unauthorized Transaction,2025-02-16,2995,0,0,2025-03-04,16,accepted,accepted_refunded,,4,4,0,0.9482833333333334,0,,,,,,,,,,,,,,,,,,d2c_brand,physical_delivery,small,0.8614863211952564,120,0,1,,0.3892206966692092,0,797.0,0.266110183639399,1,CONTEST,368.72
DSP000285,TXN0068074,M000156,,Visa,DUPLICATE_TRANSACTION,Duplicate Transaction,2025-08-11,799,494,154,2025-08-25,14,contested,won,2025-09-09,2,1,1,0.7733666666666666,1,,,,,,,,,,,,,,,,,,saas_tools,digital_service,small,0.8073642556059253,90,1,0,,0.7740856254458137,648,648.0,0.8110137672090113,0,ACCEPT,-29.51
DSP000286,TXN0067867,M000156,,Mastercard,RECURRING_BILLING_DISPUTE,Recurring Billing Dispute,2025-04-18,399,738,245,2025-05-03,15,contested,lost,2025-05-17,5,4,1,0.74715,1,,,,,,,,,,,,,,,,,,saas_tools,digital_service,small,0.8073642556059253,90,1,0,,0.6536928923330024,983,983.0,1.0,0,ACCEPT,-722.18
DSP000287,TXN0067931,M000156,,Mastercard,SERVICE_NOT_RENDERED,Service Not Rendered,2025-02-12,399,475,150,2025-03-05,21,contested,lost,2025-03-14,4,2,2,0.6150333333333333,2,,,,,,,,,,,,,,,,,,saas_tools,digital_service,small,0.8073642556059253,90,1,0,,0.3703318077803203,625,625.0,1.0,0,ACCEPT,-477.24
DSP000288,TXN0067808,M000156,CUS0024142,Mastercard,RECURRING_BILLING_DISPUTE,Recurring Billing Dispute,2025-12-24,399,422,186,2026-01-01,8,contested,won,2026-01-21,5,4,1,0.5995833333333334,2,,,,,,,,,,,,,,,,,,saas_tools,digital_service,small,0.8073642556059253,90,1,0,,0.5911890926411051,608,608.0,1.0,0,ACCEPT,-372.12
DSP000289,TXN0068517,M000157,,Mastercard,RECURRING_BILLING_DISPUTE,Recurring Billing Dispute,2025-05-16,14999,0,0,2025-05-24,8,accepted,accepted_refunded,,5,5,0,0.8559333333333333,0,,,,,,,,,,,,,,,,,,subscription_edtech,digital_service,small,0.763059752057111,13,1,0,,0.9165571683218742,0,797.0,0.05313687579171945,1,CONTEST,12950.44
DSP000290,TXN0068152,M000157,CUS0024441,Mastercard,UNAUTHORIZED_TRANSACTION,Unauthorized Transaction,2025-08-01,1499,702,199,2025-08-10,9,contested,lost,2025-09-08,4,4,0,0.7431,1,,,,,,,,,,,,,,,,,,subscription_edtech,digital_service,small,0.763059752057111,13,1,0,,0.3927294685990338,901,901.0,0.6010673782521682,0,ACCEPT,-312.3
DSP000291,TXN0069061,M000158,,Mastercard,UNAUTHORIZED_TRANSACTION,Unauthorized Transaction,2025-06-28,24999,0,0,2025-07-06,8,accepted,accepted_refunded,,4,4,0,0.8850166666666667,0,,,,,,,,,,,,,,,,,,subscription_edtech,digital_service,small,0.6706559833000327,108,1,0,,0.46742275369274094,0,797.0,0.03188127525101004,1,CONTEST,10888.1
DSP000292,TXN0069098,M000158,,RuPay,UNAUTHORIZED_TRANSACTION,Unauthorized Transaction,2025-08-29,4999,0,0,2025-09-09,11,accepted,accepted_refunded,,4,3,1,0.4191833333333333,3,,,,,,,,,,,,,,,,,,subscription_edtech,digital_service,small,0.6706559833000327,108,1,0,,0.07007319056654919,0,797.0,0.15943188637727546,0,ACCEPT,-446.7
DSP000293,TXN0069113,M000158,,Mastercard,SERVICE_NOT_RENDERED,Service Not Rendered,2026-02-09,9999,474,239,2026-02-27,18,contested,won,2026-03-17,4,3,1,0.806,1,,,,,,,,,,,,,,,,,,subscription_edtech,digital_service,small,0.6706559833000327,108,1,0,,0.6004198618718742,713,713.0,0.0713071307130713,1,CONTEST,5290.6
DSP000294,TXN0069481,M000159,CUS0024785,Mastercard,RECURRING_BILLING_DISPUTE,Recurring Billing Dispute,2025-05-21,2499,0,0,2025-06-01,11,accepted,accepted_refunded,,5,5,0,0.6393666666666666,1,,,,,,,,,,,,,,,,,,fitness_membership,membership_service,small,0.5581713273889903,110,1,0,,0.5741040723981901,0,797.0,0.31892757102841135,1,CONTEST,637.69
DSP000295,TXN0069222,M000159,,Mastercard,RECURRING_BILLING_DISPUTE,Recurring Billing Dispute,2025-08-23,14999,568,255,2025-09-02,10,contested,lost,2025-09-06,5,3,2,0.47298333333333337,2,,,,,,,,,,,,,,,,,,fitness_membership,membership_service,small,0.5581713273889903,110,1,0,,0.03225806451612903,823,823.0,0.05487032468831255,0,ACCEPT,-339.16
DSP000296,TXN0069356,M000159,CUS0024862,Visa,RECURRING_BILLING_DISPUTE,Recurring Billing Dispute,2025-05-07,2499,544,246,2025-05-25,18,contested,lost,2025-05-29,5,3,2,0.3665833333333333,3,,,,,,,,,,,,,,,,,,fitness_membership,membership_service,small,0.5581713273889903,110,1,0,,0.0,790,790.0,0.3161264505802321,0,ACCEPT,-790.0
DSP000297,TXN0069760,M000160,,Mastercard,UNAUTHORIZED_TRANSACTION,Unauthorized Transaction,2025-05-16,999,488,243,2025-05-24,8,contested,lost,2025-06-20,4,2,2,0.3558333333333333,3,,,,,,,,,,,,,,,,,,fitness_membership,membership_service,small,0.5681489588327533,26,1,0,,0.0,731,731.0,0.7317317317317318,0,ACCEPT,-731.0
DSP000298,TXN0069958,M000160,,Visa,SERVICE_NOT_RENDERED,Service Not Rendered,2025-08-28,2499,0,0,2025-09-17,20,accepted,accepted_refunded,,4,1,3,0.2634166666666667,4,,,,,,,,,,,,,,,,,,fitness_membership,membership_service,small,0.5681489588327533,26,1,0,,0.0,0,797.0,0.31892757102841135,0,ACCEPT,-797.0
DSP000299,TXN0070046,M000160,CUS0025080,Visa,CREDIT_NOT_PROCESSED,Credit Not Processed,2025-09-14,8999,724,216,2025-09-22,8,contested,lost,2025-10-28,4,1,3,0.37988333333333335,3,,,,,,,,,,,,,,,,,,fitness_membership,membership_service,small,0.5681489588327533,26,1,0,,0.0,940,940.0,0.10445605067229692,0,ACCEPT,-940.0
DSP000300,TXN0070273,M000161,,Visa,MERCHANDISE_NOT_AS_DESCRIBED,Merchandise Not As Described,2025-12-13,1450,489,281,2025-12-22,9,contested,lost,2026-01-06,3,1,2,0.1835166666666667,4,,,,,,,,,,,,,,,,,,social_seller,physical_delivery,small,0.2966493866500228,70,0,1,,0.0,770,770.0,0.5310344827586206,0,ACCEPT,-770.0
DSP000301,TXN0070501,M000161,CUS0025232,Visa,MERCHANDISE_NOT_AS_DESCRIBED,Merchandise Not As Described,2025-06-12,1995,430,156,2025-06-28,16,contested,lost,2025-07-07,3,0,3,0.22215,4,,,,,,,,,,,,,,,,,,social_seller,physical_delivery,small,0.2966493866500228,70,0,1,,0.0,586,586.0,0.293734335839599,0,ACCEPT,-586.0
DSP000302,TXN0070772,M000161,,Visa,MERCHANDISE_NOT_RECEIVED,Merchandise Not Received,2025-05-07,4949,639,250,2025-05-21,14,contested,lost,2025-06-03,4,2,2,0.31743333333333335,3,,,,,,,,,,,,,,,,,,social_seller,physical_delivery,small,0.2966493866500228,70,0,1,,0.0,889,889.0,0.17963224893917965,0,ACCEPT,-889.0
DSP000303,TXN0071165,M000162,,RuPay,RECURRING_BILLING_DISPUTE,Recurring Billing Dispute,2025-10-06,14999,619,277,2025-10-19,13,contested,lost,2025-10-21,5,3,2,0.45203333333333334,3,,,,,,,,,,,,,,,,,,subscription_edtech,digital_service,small,0.6676772517168387,83,1,0,,0.05578747628083491,896,896.0,0.05973731582105474,0,ACCEPT,-59.24
DSP000304,TXN0071146,M000162,,Mastercard,CREDIT_NOT_PROCESSED,Credit Not Processed,2025-07-15,1499,565,155,2025-08-04,20,contested,lost,2025-08-02,4,2,2,0.26415,4,,,,,,,,,,,,,,,,,,subscription_edtech,digital_service,small,0.6676772517168387,83,1,0,,0.0,720,720.0,0.48032021347565046,0,ACCEPT,-720.0
DSP000305,TXN0070954,M000162,,Mastercard,CREDIT_NOT_PROCESSED,Credit Not Processed,2025-12-24,1499,0,0,2026-01-08,15,accepted,accepted_refunded,,4,2,2,0.48285,3,,,,,,,,,,,,,,,,,,subscription_edtech,digital_service,small,0.6676772517168387,83,1,0,,0.016596129386413843,0,797.0,0.5316877918612408,0,ACCEPT,-772.12
DSP000306,TXN0070981,M000162,,Mastercard,RECURRING_BILLING_DISPUTE,Recurring Billing Dispute,2025-09-15,1499,0,0,2025-09-26,11,accepted,accepted_refunded,,5,4,1,0.7397999999999999,1,,,,,,,,,,,,,,,,,,subscription_edtech,digital_service,small,0.6676772517168387,83,1,0,,0.6076904002539046,0,797.0,0.5316877918612408,1,CONTEST,113.93
DSP000307,TXN0071562,M000163,CUS0025538,Visa,RECURRING_BILLING_DISPUTE,Recurring Billing Dispute,2025-12-25,2499,0,0,2026-01-12,18,accepted,accepted_refunded,,5,2,3,0.4032166666666667,3,,,,,,,,,,,,,,,,,,fitness_membership,membership_service,small,0.4870358689907135,115,1,0,,0.0,0,797.0,0.31892757102841135,0,ACCEPT,-797.0
DSP000308,TXN0071410,M000163,CUS0025494,Mastercard,MERCHANDISE_NOT_AS_DESCRIBED,Merchandise Not As Described,2025-12-07,999,416,300,2025-12-26,19,contested,lost,2026-01-07,4,2,2,0.5607666666666666,2,,,,,,,,,,,,,,,,,,fitness_membership,membership_service,small,0.4870358689907135,115,1,0,,0.05578747628083491,716,716.0,0.7167167167167167,0,ACCEPT,-660.27
DSP000309,TXN0071546,M000163,,Visa,SERVICE_NOT_RENDERED,Service Not Rendered,2025-07-13,999,511,271,2025-07-21,8,contested,lost,2025-08-02,4,2,2,0.3749166666666666,3,,,,,,,,,,,,,,,,,,fitness_membership,membership_service,small,0.4870358689907135,115,1,0,,0.0,782,782.0,0.7827827827827828,0,ACCEPT,-782.0
DSP000310,TXN0072216,M000164,CUS0025804,Visa,CREDIT_NOT_PROCESSED,Credit Not Processed,2025-10-12,8999,469,251,2025-10-21,9,contested,lost,2025-11-02,4,0,4,0.15155,5,,,,,,,,,,,,,,,,,,fitness_membership,membership_service,small,0.4571685502836327,11,1,0,,0.0,720,720.0,0.08000888987665296,0,ACCEPT,-720.0
DSP000311,TXN0072207,M000164,CUS0025842,Mastercard,CREDIT_NOT_PROCESSED,Credit Not Processed,2025-07-18,8999,697,160,2025-07-29,11,contested,lost,2025-08-27,4,1,3,0.2018333333333333,4,,,,,,,,,,,,,,,,,,fitness_membership,membership_service,small,0.4571685502836327,11,1,0,,0.0,857,857.0,0.09523280364484943,0,ACCEPT,-857.0
DSP000312,TXN0071998,M000164,CUS0025753,Visa,MERCHANDISE_NOT_AS_DESCRIBED,Merchandise Not As Described,2025-09-19,8999,0,0,2025-09-30,11,accepted,accepted_refunded,,4,2,2,0.36418333333333336,3,,,,,,,,,,,,,,,,,,fitness_membership,membership_service,small,0.4571685502836327,11,1,0,,0.0,0,797.0,0.08856539615512835,0,ACCEPT,-797.0
DSP000313,TXN0072150,M000164,CUS0025777,Mastercard,CREDIT_NOT_PROCESSED,Credit Not Processed,2025-04-01,8999,0,0,2025-04-14,13,accepted,accepted_refunded,,4,1,3,0.11696666666666666,5,,,,,,,,,,,,,,,,,,fitness_membership,membership_service,small,0.4571685502836327,11,1,0,,0.0,0,797.0,0.08856539615512835,0,ACCEPT,-797.0
DSP000314,TXN0072679,M000165,CUS0025902,Visa,MERCHANDISE_NOT_AS_DESCRIBED,Merchandise Not As Described,2025-08-05,600,720,264,2025-08-18,13,contested,won,2025-09-03,3,3,0,0.9321,0,,,,,,,,,,,,,,,,,,d2c_brand,physical_delivery,small,0.7910235684823526,65,0,1,,0.7367110124427177,984,984.0,1.0,0,ACCEPT,-541.97
DSP000315,TXN0073390,M000166,CUS0026110,Visa,MERCHANDISE_NOT_RECEIVED,Merchandise Not Received,2025-07-17,795,481,293,2025-07-25,8,contested,lost,2025-08-14,4,1,3,0.19916666666666663,4,,,,,,,,,,,,,,,,,,social_seller,physical_delivery,small,0.2623200736498453,79,0,1,,0.0,774,774.0,0.9735849056603774,0,ACCEPT,-774.0
DSP000316,TXN0073109,M000166,,Mastercard,MERCHANDISE_NOT_RECEIVED,Merchandise Not Received,2025-03-27,1449,567,247,2025-04-13,17,contested,lost,2025-04-23,4,1,3,0.1171,5,,,,,,,,,,,,,,,,,,social_seller,physical_delivery,small,0.2623200736498453,79,0,1,,0.0,814,814.0,0.5617667356797792,0,ACCEPT,-814.0
DSP000317,TXN0073889,M000167,,Visa,MERCHANDISE_NOT_AS_DESCRIBED,Merchandise Not As Described,2025-05-31,3649,454,251,2025-06-11,11,contested,won,2025-06-18,3,3,0,0.9339166666666667,0,,,,,,,,,,,,,,,,,,d2c_brand,physical_delivery,small,0.8396379451219828,29,0,1,,0.6626819592372836,705,705.0,0.19320361742943273,1,CONTEST,1713.13
DSP000318,TXN0073664,M000167,CUS0026264,Mastercard,UNAUTHORIZED_TRANSACTION,Unauthorized Transaction,2025-07-10,475,0,0,2025-07-23,13,accepted,accepted_refunded,,4,3,1,0.7132499999999999,1,,,,,,,,,,,,,,,,,,d2c_brand,physical_delivery,small,0.8396379451219828,29,0,1,,0.2772268428059125,0,797.0,1.0,0,ACCEPT,-665.32
DSP000319,TXN0074518,M000168,CUS0026440,Mastercard,CREDIT_NOT_PROCESSED,Credit Not Processed,2025-05-18,1499,496,299,2025-06-01,14,contested,lost,2025-06-18,4,2,2,0.6112833333333333,2,,,,,,,,,,,,,,,,,,subscription_edtech,digital_service,small,0.6633219266138296,24,1,0,,0.07007319056654919,795,795.0,0.5303535690460307,0,ACCEPT,-689.96
DSP000320,TXN0074524,M000168,CUS0026548,Visa,DUPLICATE_TRANSACTION,Duplicate Transaction,2025-12-28,499,748,195,2026-01-17,20,contested,won,2026-01-13,2,2,0,0.9089333333333333,0,,,,,,,,,,,,,,,,,,subscription_edtech,digital_service,small,0.6633219266138296,24,1,0,,0.8661381931230384,943,943.0,1.0,0,ACCEPT,-510.8
DSP000321,TXN0074944,M000169,CUS0026715,Mastercard,DUPLICATE_TRANSACTION,Duplicate Transaction,2025-09-09,1599,565,217,2025-09-22,13,contested,lost,2025-10-22,2,0,2,0.09166666666666667,5,,,,,,,,,,,,,,,,,,social_seller,physical_delivery,small,0.3379004013014416,44,0,1,,0.07007319056654919,782,782.0,0.4890556597873671,0,ACCEPT,-669.95
DSP000322,TXN0074708,M000169,CUS0026752,Mastercard,MERCHANDISE_NOT_AS_DESCRIBED,Merchandise Not As Described,2025-02-12,900,557,167,2025-02-19,7,contested,lost,2025-03-29,3,1,2,0.13601666666666667,5,,,,,,,,,,,,,,,,,,social_seller,physical_delivery,small,0.3379004013014416,44,0,1,,0.0,724,724.0,0.8044444444444444,0,ACCEPT,-724.0
DSP000323,TXN0075050,M000169,,Visa,MERCHANDISE_NOT_AS_DESCRIBED,Merchandise Not As Described,2025-09-03,3349,515,166,2025-09-10,7,contested,lost,2025-10-17,3,1,2,0.10671666666666667,5,,,,,,,,,,,,,,,,,,social_seller,physical_delivery,small,0.3379004013014416,44,0,1,,0.0,681,681.0,0.20334428187518663,0,ACCEPT,-681.0
DSP000324,TXN0075424,M000170,CUS0026803,RuPay,SERVICE_NOT_RENDERED,Service Not Rendered,2025-03-15,999,599,292,2025-03-23,8,contested,lost,2025-04-15,4,2,2,0.41558333333333336,3,,,,,,,,,,,,,,,,,,subscription_edtech,digital_service,small,0.7482407412429913,105,1,0,,0.05578747628083491,891,891.0,0.8918918918918919,0,ACCEPT,-835.27
DSP000325,TXN0075176,M000170,CUS0026855,Mastercard,RECURRING_BILLING_DISPUTE,Recurring Billing Dispute,2025-11-18,1499,0,0,2025-11-29,11,accepted,accepted_refunded,,5,4,1,0.8023833333333333,1,,,,,,,,,,,,,,,,,,subscription_edtech,digital_service,small,0.7482407412429913,105,1,0,,0.7546325810701687,0,797.0,0.5316877918612408,1,CONTEST,334.19
DSP000326,TXN0075428,M000170,CUS0026965,Visa,DUPLICATE_TRANSACTION,Duplicate Transaction,2025-03-07,999,453,218,2025-03-17,10,contested,won,2025-04-19,2,2,0,0.74925,1,,,,,,,,,,,,,,,,,,subscription_edtech,digital_service,small,0.7482407412429913,105,1,0,,0.7974880182840395,671,671.0,0.6716716716716716,1,CONTEST,125.69
DSP000327,TXN0075451,M000170,,Mastercard,SERVICE_NOT_RENDERED,Service Not Rendered,2025-08-20,1499,0,0,2025-08-28,8,accepted,accepted_refunded,,4,2,2,0.6146666666666666,2,,,,,,,,,,,,,,,,,,subscription_edtech,digital_service,small,0.7482407412429913,105,1,0,,0.25004329004329007,0,797.0,0.5316877918612408,0,ACCEPT,-422.19
DSP000328,TXN0075921,M000171,,Visa,SERVICE_NOT_RENDERED,Service Not Rendered,2025-06-08,2999,503,299,2025-06-21,13,contested,won,2025-07-20,4,4,0,0.9764499999999999,0,,,,,,,,,,,,,,,,,,saas_tools,digital_service,small,0.8461471484109734,87,1,0,,0.9347389865036924,802,802.0,0.2674224741580527,1,CONTEST,2001.28
DSP000329,TXN0075865,M000171,,RuPay,UNAUTHORIZED_TRANSACTION,Unauthorized Transaction,2025-06-20,399,710,172,2025-07-05,15,contested,lost,2025-07-24,4,4,0,0.9253666666666667,0,,,,,,,,,,,,,,,,,,saas_tools,digital_service,small,0.8461471484109734,87,1,0,,0.5550865285385409,882,882.0,1.0,0,ACCEPT,-660.52
DSP000330,TXN0075878,M000171,,Mastercard,UNAUTHORIZED_TRANSACTION,Unauthorized Transaction,2025-12-15,399,0,0,2025-12-28,13,accepted,accepted_refunded,,4,2,2,0.6304500000000001,2,,,,,,,,,,,,,,,,,,saas_tools,digital_service,small,0.8461471484109734,87,1,0,,0.24337662337662339,0,797.0,1.0,0,ACCEPT,-699.89
DSP000331,TXN0076083,M000171,CUS0027137,Visa,DUPLICATE_TRANSACTION,Duplicate Transaction,2026-01-20,399,0,0,2026-02-03,14,accepted,accepted_refunded,,2,1,1,0.6171333333333333,2,,,,,,,,,,,,,,,,,,saas_tools,digital_service,small,0.8461471484109734,87,1,0,,0.609216781623207,0,797.0,1.0,0,ACCEPT,-553.92
DSP000332,TXN0076649,M000172,CUS0027308,RuPay,RECURRING_BILLING_DISPUTE,Recurring Billing Dispute,2025-05-14,399,707,196,2025-05-29,15,contested,won,2025-06-13,5,5,0,0.8818166666666666,0,,,,,,,,,,,,,,,,,,saas_tools,digital_service,small,0.8076410743277062,99,1,0,,0.9347389865036924,903,903.0,1.0,0,ACCEPT,-530.04
DSP000333,TXN0076231,M000172,CUS0027243,Visa,UNAUTHORIZED_TRANSACTION,Unauthorized Transaction,2025-04-15,399,0,0,2025-05-04,19,accepted,accepted_refunded,,4,4,0,0.9188833333333334,0,,,,,,,,,,,,,,,,,,saas_tools,digital_service,small,0.8076410743277062,99,1,0,,0.5550865285385409,0,797.0,1.0,0,ACCEPT,-575.52
DSP000334,TXN0076543,M000172,,Visa,RECURRING_BILLING_DISPUTE,Recurring Billing Dispute,2025-12-07,49999,654,236,2025-12-28,21,contested,won,2026-01-15,5,5,0,0.9008833333333334,0,,,,,,,,,,,,,,,,,,saas_tools,digital_service,small,0.8076410743277062,99,1,0,,0.9529208046855107,890,890.0,0.01780035600712014,1,CONTEST,46755.09
DSP000335,TXN0076397,M000172,CUS0027259,Mastercard,CREDIT_NOT_PROCESSED,Credit Not Processed,2025-07-13,19999,603,150,2025-07-22,9,contested,lost,2025-07-29,4,3,1,0.6352166666666667,2,,,,,,,,,,,,,,,,,,saas_tools,digital_service,small,0.8076410743277062,99,1,0,,0.3892206966692092,753,753.0,0.03765188259412971,1,CONTEST,7031.02
DSP000336,TXN0076979,M000173,,RuPay,MERCHANDISE_NOT_RECEIVED,Merchandise Not Received,2026-02-25,1649,704,217,2026-03-14,17,contested,lost,2026-03-21,4,1,3,0.11256666666666666,5,,,,,,,,,,,,,,,,,,social_seller,physical_delivery,small,0.3640298573256593,33,0,1,,0.0,921,921.0,0.5585203153426319,0,ACCEPT,-921.0
DSP000337,TXN0076704,M000173,CUS0027432,RuPay,DUPLICATE_TRANSACTION,Duplicate Transaction,2025-07-27,800,533,203,2025-08-11,15,contested,lost,2025-08-10,2,0,2,0.12496666666666667,5,,,,,,,,,,,,,,,,,,social_seller,physical_delivery,small,0.3640298573256593,33,0,1,,0.07007319056654919,736,736.0,0.92,0,ACCEPT,-679.94
DSP000338,TXN0077386,M000174,,Visa,MERCHANDISE_NOT_AS_DESCRIBED,Merchandise Not As Described,2025-06-17,330,0,0,2025-07-05,18,accepted,accepted_refunded,,3,2,1,0.7676833333333333,1,,,,,,,,,,,,,,,,,,d2c_brand,physical_delivery,small,0.8698870666179559,62,0,1,,0.46996732026143795,0,797.0,1.0,0,ACCEPT,-641.91
DSP000339,TXN0077245,M000174,CUS0027642,Visa,UNAUTHORIZED_TRANSACTION,Unauthorized Transaction,2025-07-26,900,630,165,2025-08-03,8,contested,won,2025-09-04,4,4,0,0.92505,0,,,,,,,,,,,,,,,,,,d2c_brand,physical_delivery,small,0.8698870666179559,62,0,1,,0.5323942208462332,795,795.0,0.8833333333333333,0,ACCEPT,-315.85
DSP000340,TXN0077582,M000174,CUS0027636,Mastercard,CREDIT_NOT_PROCESSED,Credit Not Processed,2025-11-13,1200,0,0,2025-12-01,18,accepted,accepted_refunded,,3,2,1,0.7788333333333334,1,,,,,,,,,,,,,,,,,,d2c_brand,physical_delivery,small,0.8698870666179559,62,0,1,,0.5024544772051597,0,797.0,0.6641666666666667,0,ACCEPT,-194.05
DSP000341,TXN0078185,M000175,,Visa,MERCHANDISE_NOT_RECEIVED,Merchandise Not Received,2025-09-09,849,0,0,2025-09-25,16,accepted,accepted_refunded,,4,3,1,0.34650000000000003,3,,,,,,,,,,,,,,,,,,social_seller,physical_delivery,small,0.3638238172853948,24,0,1,,0.19798828622358036,0,797.0,0.9387514723203769,0,ACCEPT,-628.91
DSP000342,TXN0078075,M000175,CUS0027864,Mastercard,UNAUTHORIZED_TRANSACTION,Unauthorized Transaction,2025-12-31,1695,0,0,2026-01-18,18,accepted,accepted_refunded,,4,3,1,0.3486833333333334,3,,,,,,,,,,,,,,,,,,social_seller,physical_delivery,small,0.3638238172853948,24,0,1,,0.07007319056654919,0,797.0,0.4702064896755162,0,ACCEPT,-678.23
DSP000343,TXN0077872,M000175,CUS0027796,RuPay,MERCHANDISE_NOT_AS_DESCRIBED,Merchandise Not As Described,2025-04-01,3550,0,0,2025-04-17,16,accepted,accepted_refunded,,3,0,3,0.0,6,,,,,,,,,,,,,,,,,,social_seller,physical_delivery,small,0.3638238172853948,24,0,1,,0.0,0,797.0,0.22450704225352114,0,ACCEPT,-797.0
DSP000344,TXN0078385,M000176,CUS0028111,Visa,DUPLICATE_TRANSACTION,Duplicate Transaction,2025-12-25,1499,460,211,2026-01-09,15,contested,won,2026-01-16,2,2,0,0.6869666666666667,1,,,,,,,,,,,,,,,,,,fitness_membership,membership_service,small,0.5008526967508315,15,1,0,,0.5625228758169935,671,671.0,0.447631754503002,1,CONTEST,172.22
DSP000345,TXN0078619,M000176,,Mastercard,DUPLICATE_TRANSACTION,Duplicate Transaction,2025-11-26,1499,0,0,2025-12-05,9,accepted,accepted_refunded,,2,1,1,0.5127666666666667,2,,,,,,,,,,,,,,,,,,fitness_membership,membership_service,small,0.5008526967508315,15,1,0,,0.24893345291855323,0,797.0,0.5316877918612408,0,ACCEPT,-423.85
DSP000346,TXN0078915,M000177,CUS0028213,Mastercard,MERCHANDISE_NOT_RECEIVED,Merchandise Not Received,2025-04-11,1400,444,224,2025-04-20,9,contested,lost,2025-04-30,4,4,0,0.8396833333333333,0,,,,,,,,,,,,,,,,,,d2c_brand,physical_delivery,small,0.763679823565692,97,0,1,,0.8756410951477365,668,668.0,0.47714285714285715,1,CONTEST,557.9
DSP000347,TXN0078816,M000177,CUS0028196,Visa,UNAUTHORIZED_TRANSACTION,Unauthorized Transaction,2025-09-02,5499,0,0,2025-09-12,10,accepted,accepted_refunded,,4,3,1,0.80185,1,,,,,,,,,,,,,,,,,,d2c_brand,physical_delivery,small,0.763679823565692,97,0,1,,0.2567099567099567,0,797.0,0.14493544280778323,1,CONTEST,614.65
DSP000348,TXN0079355,M000178,CUS0028391,Visa,MERCHANDISE_NOT_RECEIVED,Merchandise Not Received,2025-07-01,749,0,0,2025-07-15,14,accepted,accepted_refunded,,4,2,2,0.64515,2,,,,,,,,,,,,,,,,,,d2c_brand,physical_delivery,small,0.7828052187578474,79,0,1,,0.2681262939958592,0,797.0,1.0,0,ACCEPT,-596.17
DSP000349,TXN0079356,M000178,CUS0028443,Visa,CREDIT_NOT_PROCESSED,Credit Not Processed,2026-02-12,18299,558,224,2026-02-19,7,contested,lost,2026-03-26,3,2,1,0.7611166666666667,1,,,,,,,,,,,,,,,,,,d2c_brand,physical_delivery,small,0.7828052187578474,79,0,1,,0.4384409487675776,782,782.0,0.042734575659872126,1,CONTEST,7241.03
DSP000350,TXN0079646,M000178,CUS0028472,Mastercard,MERCHANDISE_NOT_AS_DESCRIBED,Merchandise Not As Described,2025-09-17,3145,439,285,2025-09-26,9,contested,won,2025-10-01,3,3,0,0.7337166666666667,1,,,,,,,,,,,,,,,,,,d2c_brand,physical_delivery,small,0.7828052187578474,79,0,1,,0.6070132684652808,724,724.0,0.2302066772655008,1,CONTEST,1185.06
DSP000351,TXN0080083,M000179,CUS0028591,RuPay,MERCHANDISE_NOT_AS_DESCRIBED,Merchandise Not As Described,2025-12-12,1599,0,0,2025-12-20,8,accepted,accepted_refunded,,3,2,1,0.7966833333333333,1,,,,,,,,,,,,,,,,,,d2c_brand,physical_delivery,small,0.7059669540199396,45,0,1,,0.45809022808005684,0,797.0,0.4984365228267667,0,ACCEPT,-64.51
DSP000352,TXN0080786,M000180,,RuPay,RECURRING_BILLING_DISPUTE,Recurring Billing Dispute,2025-03-25,1499,698,272,2025-04-11,17,contested,won,2025-04-08,5,5,0,0.96985,0,,,,,,,,,,,,,,,,,,saas_tools,digital_service,small,0.9250366641701736,20,1,0,,0.9529208046855107,970,970.0,0.6470980653769179,1,CONTEST,458.43
DSP000353,TXN0080698,M000180,CUS0028744,RuPay,UNAUTHORIZED_TRANSACTION,Unauthorized Transaction,2025-04-02,1499,405,179,2025-04-09,7,contested,lost,2025-05-11,4,4,0,0.9250166666666666,0,,,,,,,,,,,,,,,,,,saas_tools,digital_service,small,0.9250366641701736,20,1,0,,0.5402786150405349,584,584.0,0.3895930620413609,1,CONTEST,225.88
DSP000354,TXN0080555,M000180,,Mastercard,SERVICE_NOT_RENDERED,Service Not Rendered,2025-07-11,1499,541,248,2025-07-25,14,contested,won,2025-08-11,4,3,1,0.8166666666666668,1,,,,,,,,,,,,,,,,,,saas_tools,digital_service,small,0.9250366641701736,20,1,0,,0.7101431591087598,789,789.0,0.5263509006004002,1,CONTEST,275.5
DSP000355,TXN0081267,M000181,,Mastercard,MERCHANDISE_NOT_AS_DESCRIBED,Merchandise Not As Described,2025-10-25,5999,433,206,2025-11-14,20,contested,lost,2025-12-05,4,1,3,0.14473333333333332,5,,,,,,,,,,,,,,,,,,fitness_membership,membership_service,small,0.4752052683493253,120,1,0,,0.0,639,639.0,0.10651775295882647,0,ACCEPT,-639.0
DSP000356,TXN0081167,M000181,,Mastercard,SERVICE_NOT_RENDERED,Service Not Rendered,2025-08-07,5999,0,0,2025-08-19,12,accepted,accepted_refunded,,4,1,3,0.3555,3,,,,,,,,,,,,,,,,,,fitness_membership,membership_service,small,0.4752052683493253,120,1,0,,0.0,0,797.0,0.13285547591265212,0,ACCEPT,-797.0
DSP000357,TXN0081899,M000182,CUS0029195,Visa,RECURRING_BILLING_DISPUTE,Recurring Billing Dispute,2025-05-09,3999,0,0,2025-05-22,13,accepted,accepted_refunded,,5,2,3,0.4143666666666667,3,,,,,,,,,,,,,,,,,,fitness_membership,membership_service,small,0.6486169163861013,16,1,0,,0.0,0,797.0,0.19929982495623905,0,ACCEPT,-797.0
DSP000358,TXN0081511,M000182,CUS0029120,Visa,RECURRING_BILLING_DISPUTE,Recurring Billing Dispute,2026-02-27,3999,0,0,2026-03-07,8,accepted,accepted_refunded,,5,3,2,0.5263166666666667,2,,,,,,,,,,,,,,,,,,fitness_membership,membership_service,small,0.6486169163861013,16,1,0,,0.03225806451612903,0,797.0,0.19929982495623905,0,ACCEPT,-668.0
DSP000359,TXN0081604,M000182,CUS0029114,Mastercard,UNAUTHORIZED_TRANSACTION,Unauthorized Transaction,2025-11-10,3999,0,0,2025-11-17,7,accepted,accepted_refunded,,4,3,1,0.7492666666666666,1,,,,,,,,,,,,,,,,,,fitness_membership,membership_service,small,0.6486169163861013,16,1,0,,0.24337662337662339,0,797.0,0.19929982495623905,1,CONTEST,176.26
DSP000360,TXN0081701,M000182,CUS0029161,Visa,RECURRING_BILLING_DISPUTE,Recurring Billing Dispute,2026-01-06,5999,418,233,2026-01-16,10,contested,lost,2026-02-13,5,4,1,0.71005,1,,,,,,,,,,,,,,,,,,fitness_membership,membership_service,small,0.6486169163861013,16,1,0,,0.37884057971014495,651,651.0,0.10851808634772463,1,CONTEST,1621.66
DSP000361,TXN0082379,M000183,,Mastercard,RECURRING_BILLING_DISPUTE,Recurring Billing Dispute,2025-09-23,999,496,217,2025-10-14,21,contested,won,2025-10-25,5,4,1,0.7009833333333333,1,,,,,,,,,,,,,,,,,,fitness_membership,membership_service,small,0.5743584059721514,39,1,0,,0.4968662207357859,713,713.0,0.7137137137137137,0,ACCEPT,-216.63
DSP000362,TXN0082368,M000183,CUS0029288,Visa,CREDIT_NOT_PROCESSED,Credit Not Processed,2025-06-23,999,419,222,2025-06-30,7,contested,won,2025-07-30,4,4,0,0.5769666666666667,1,,,,,,,,,,,,,,,,,,fitness_membership,membership_service,small,0.5743584059721514,39,1,0,,0.428840579710145,641,641.0,0.6416416416416416,0,ACCEPT,-212.59
DSP000363,TXN0082643,M000184,CUS0029598,Visa,MERCHANDISE_NOT_AS_DESCRIBED,Merchandise Not As Described,2025-06-07,3999,444,244,2025-06-20,13,contested,lost,2025-07-12,4,1,3,0.28258333333333335,3,,,,,,,,,,,,,,,,,,fitness_membership,membership_service,small,0.4536321087828728,77,1,0,,0.0,688,688.0,0.17204301075268819,0,ACCEPT,-688.0
DSP000364,TXN0082992,M000184,,Mastercard,UNAUTHORIZED_TRANSACTION,Unauthorized Transaction,2025-03-31,3999,683,253,2025-04-15,15,contested,lost,2025-05-09,4,2,2,0.41275,3,,,,,,,,,,,,,,,,,,fitness_membership,membership_service,small,0.4536321087828728,77,1,0,,0.0,936,936.0,0.23405851462865718,0,ACCEPT,-936.0
DSP000365,TXN0082757,M000184,,Visa,RECURRING_BILLING_DISPUTE,Recurring Billing Dispute,2025-07-24,3999,423,273,2025-08-12,19,contested,lost,2025-08-11,5,3,2,0.3796833333333334,3,,,,,,,,,,,,,,,,,,fitness_membership,membership_service,small,0.4536321087828728,77,1,0,,0.0,696,696.0,0.17404351087771944,0,ACCEPT,-696.0
DSP000366,TXN0083364,M000185,,Visa,RECURRING_BILLING_DISPUTE,Recurring Billing Dispute,2025-05-11,49999,476,157,2025-05-21,10,contested,won,2025-06-04,5,5,0,0.9173,0,,,,,,,,,,,,,,,,,,saas_tools,digital_service,small,0.8592333000118498,119,1,0,,0.9529208046855107,633,633.0,0.012660253205064101,1,CONTEST,47012.09
DSP000367,TXN0083564,M000185,CUS0029757,Visa,CREDIT_NOT_PROCESSED,Credit Not Processed,2025-09-16,19999,657,216,2025-10-02,16,contested,lost,2025-10-29,4,3,1,0.8022,1,,,,,,,,,,,,,,,,,,saas_tools,digital_service,small,0.8592333000118498,119,1,0,,0.5550865285385409,873,873.0,0.04365218260913046,1,CONTEST,10228.18
DSP000368,TXN0083409,M000185,,RuPay,UNAUTHORIZED_TRANSACTION,Unauthorized Transaction,2025-05-23,9999,461,171,2025-06-04,12,contested,lost,2025-06-17,4,4,0,0.9556666666666667,0,,,,,,,,,,,,,,,,,,saas_tools,digital_service,small,0.8592333000118498,119,1,0,,0.42247146317885453,632,632.0,0.0632063206320632,1,CONTEST,3592.29
DSP000369,TXN0083539,M000185,CUS0029657,Visa,CREDIT_NOT_PROCESSED,Credit Not Processed,2025-04-29,9999,439,224,2025-05-18,19,contested,won,2025-06-07,4,3,1,0.7855166666666666,1,,,,,,,,,,,,,,,,,,saas_tools,digital_service,small,0.8592333000118498,119,1,0,,0.565703152277919,663,663.0,0.0663066306630663,1,CONTEST,4993.47
DSP000370,TXN0083947,M000186,,Visa,RECURRING_BILLING_DISPUTE,Recurring Billing Dispute,2026-02-04,999,0,0,2026-02-17,13,accepted,accepted_refunded,,5,1,4,0.10941666666666666,5,,,,,,,,,,,,,,,,,,fitness_membership,membership_service,small,0.4524939755882426,94,1,0,,0.0,0,797.0,0.7977977977977978,0,ACCEPT,-797.0
DSP000371,TXN0083780,M000186,CUS0029936,Visa,RECURRING_BILLING_DISPUTE,Recurring Billing Dispute,2025-02-15,999,663,154,2025-03-06,19,contested,lost,2025-03-10,5,1,4,0.22618333333333332,4,,,,,,,,,,,,,,,,,,fitness_membership,membership_service,small,0.4524939755882426,94,1,0,,0.0,817,817.0,0.8178178178178178,0,ACCEPT,-817.0
DSP000372,TXN0083917,M000186,CUS0029952,Visa,UNAUTHORIZED_TRANSACTION,Unauthorized Transaction,2025-03-08,5999,0,0,2025-03-18,10,accepted,accepted_refunded,,4,1,3,0.24286666666666668,4,,,,,,,,,,,,,,,,,,fitness_membership,membership_service,small,0.4524939755882426,94,1,0,,0.0,0,797.0,0.13285547591265212,0,ACCEPT,-797.0
DSP000373,TXN0084557,M000187,,Visa,SERVICE_NOT_RENDERED,Service Not Rendered,2025-10-18,24999,584,251,2025-11-03,16,contested,won,2025-11-13,4,4,0,0.4935333333333333,2,,,,,,,,,,,,,,,,,,fitness_membership,membership_service,small,0.5865163196418441,28,1,0,,0.3892206966692092,835,835.0,0.033401336053442136,1,CONTEST,8895.13
DSP000374,TXN0084392,M000187,CUS0030209,RuPay,MERCHANDISE_NOT_AS_DESCRIBED,Merchandise Not As Described,2025-04-11,2499,609,276,2025-04-26,15,contested,won,2025-05-08,4,3,1,0.4453666666666667,3,,,,,,,,,,,,,,,,,,fitness_membership,membership_service,small,0.5865163196418441,28,1,0,,0.2001915925676235,885,885.0,0.35414165666266506,0,ACCEPT,-384.72
DSP000375,TXN0084516,M000187,CUS0030134,RuPay,DUPLICATE_TRANSACTION,Duplicate Transaction,2025-08-07,2499,569,178,2025-08-15,8,contested,won,2025-08-25,2,1,1,0.3622,3,,,,,,,,,,,,,,,,,,fitness_membership,membership_service,small,0.5865163196418441,28,1,0,,0.29909090909090913,747,747.0,0.29891956782713086,1,CONTEST,0.43
DSP000376,TXN0084939,M000188,CUS0030246,Visa,RECURRING_BILLING_DISPUTE,Recurring Billing Dispute,2025-09-29,2499,0,0,2025-10-10,11,accepted,accepted_refunded,,5,1,4,0.09836666666666666,5,,,,,,,,,,,,,,,,,,fitness_membership,membership_service,small,0.4924294815046603,53,1,0,,0.0,0,797.0,0.31892757102841135,0,ACCEPT,-797.0
DSP000377,TXN0084805,M000188,CUS0030353,RuPay,RECURRING_BILLING_DISPUTE,Recurring Billing Dispute,2025-04-17,1499,557,160,2025-05-08,21,contested,lost,2025-05-16,5,3,2,0.5064666666666667,2,,,,,,,,,,,,,,,,,,fitness_membership,membership_service,small,0.4924294815046603,53,1,0,,0.03225806451612903,717,717.0,0.4783188792528352,0,ACCEPT,-668.65
DSP000378,TXN0085197,M000188,,Visa,UNAUTHORIZED_TRANSACTION,Unauthorized Transaction,2025-04-22,2499,429,228,2025-05-05,13,contested,lost,2025-05-06,4,3,1,0.3328,3,,,,,,,,,,,,,,,,,,fitness_membership,membership_service,small,0.4924294815046603,53,1,0,,0.07007319056654919,657,657.0,0.26290516206482595,0,ACCEPT,-481.89
DSP000379,TXN0085709,M000189,,Mastercard,RECURRING_BILLING_DISPUTE,Recurring Billing Dispute,2025-11-05,2999,0,0,2025-11-16,11,accepted,accepted_refunded,,5,3,2,0.5916666666666667,2,,,,,,,,,,,,,,,,,,subscription_edtech,digital_service,small,0.7262271953305591,105,1,0,,0.24337662337662339,0,797.0,0.2657552517505835,0,ACCEPT,-67.11
DSP000380,TXN0085418,M000189,,Visa,UNAUTHORIZED_TRANSACTION,Unauthorized Transaction,2025-08-30,2999,587,265,2025-09-16,17,contested,lost,2025-09-22,4,2,2,0.4688666666666667,3,,,,,,,,,,,,,,,,,,subscription_edtech,digital_service,small,0.7262271953305591,105,1,0,,0.0,852,852.0,0.28409469823274425,0,ACCEPT,-852.0
DSP000381,TXN0085665,M000189,CUS0030425,Visa,UNAUTHORIZED_TRANSACTION,Unauthorized Transaction,2025-03-25,14999,667,198,2025-04-13,19,contested,lost,2025-04-24,4,3,1,0.5740333333333333,2,,,,,,,,,,,,,,,,,,subscription_edtech,digital_service,small,0.7262271953305591,105,1,0,,0.17670995670995668,865,865.0,0.057670511367424494,1,CONTEST,1785.47
DSP000382,TXN0085642,M000189,,Visa,RECURRING_BILLING_DISPUTE,Recurring Billing Dispute,2025-10-27,9999,444,216,2025-11-03,7,contested,won,2025-11-26,5,3,2,0.6314333333333333,2,,,,,,,,,,,,,,,,,,subscription_edtech,digital_service,small,0.7262271953305591,105,1,0,,0.24564935064935062,660,660.0,0.066006600660066,1,CONTEST,1796.25
DSP000383,TXN0085927,M000190,,Visa,RECURRING_BILLING_DISPUTE,Recurring Billing Dispute,2025-06-30,1499,0,0,2025-07-11,11,accepted,accepted_refunded,,5,3,2,0.55635,2,,,,,,,,,,,,,,,,,,subscription_edtech,digital_service,small,0.6208794734162859,119,1,0,,0.07007319056654919,0,797.0,0.5316877918612408,0,ACCEPT,-691.96
DSP000384,TXN0085881,M000190,CUS0030615,Visa,RECURRING_BILLING_DISPUTE,Recurring Billing Dispute,2025-04-15,1499,509,204,2025-05-02,17,contested,lost,2025-05-18,5,4,1,0.5798333333333333,2,,,,,,,,,,,,,,,,,,subscription_edtech,digital_service,small,0.6208794734162859,119,1,0,,0.3927294685990338,713,713.0,0.47565043362241494,0,ACCEPT,-124.3
DSP000385,TXN0086172,M000190,,Visa,UNAUTHORIZED_TRANSACTION,Unauthorized Transaction,2025-02-20,1499,475,280,2025-03-02,10,contested,lost,2025-03-18,4,3,1,0.75375,1,,,,,,,,,,,,,,,,,,subscription_edtech,digital_service,small,0.6208794734162859,119,1,0,,0.2624878480604096,755,755.0,0.5036691127418279,0,ACCEPT,-361.53
DSP000386,TXN0086485,M000191,,Visa,DUPLICATE_TRANSACTION,Duplicate Transaction,2025-05-15,3850,478,259,2025-05-26,11,contested,won,2025-06-06,2,1,1,0.6186833333333334,2,,,,,,,,,,,,,,,,,,d2c_brand,physical_delivery,small,0.8775142176976087,51,0,1,,0.5514117647058824,737,737.0,0.19142857142857142,1,CONTEST,1385.94
DSP000387,TXN0087257,M000192,CUS0031149,Mastercard,UNAUTHORIZED_TRANSACTION,Unauthorized Transaction,2025-08-25,849,427,174,2025-09-01,7,contested,lost,2025-09-27,4,2,2,0.48416666666666663,3,,,,,,,,,,,,,,,,,,d2c_brand,physical_delivery,small,0.8161978747496101,50,0,1,,0.05578747628083491,601,601.0,0.7078916372202592,0,ACCEPT,-553.64
DSP000388,TXN0087401,M000193,CUS0031298,Visa,RECURRING_BILLING_DISPUTE,Recurring Billing Dispute,2025-11-10,499,523,265,2025-11-24,14,contested,lost,2025-12-17,5,2,3,0.32666666666666666,4,,,,,,,,,,,,,,,,,,subscription_edtech,digital_service,small,0.767076273913299,21,1,0,,0.03225806451612903,788,788.0,1.0,0,ACCEPT,-771.9
DSP000389,TXN0087344,M000193,CUS0031336,Visa,DUPLICATE_TRANSACTION,Duplicate Transaction,2025-07-25,499,0,0,2025-08-09,15,accepted,accepted_refunded,,2,2,0,0.71735,1,,,,,,,,,,,,,,,,,,subscription_edtech,digital_service,small,0.767076273913299,21,1,0,,0.7476150372105196,0,797.0,1.0,0,ACCEPT,-423.94
DSP000390,TXN0087511,M000193,CUS0031280,Mastercard,RECURRING_BILLING_DISPUTE,Recurring Billing Dispute,2025-02-06,499,568,292,2025-02-22,16,contested,won,2025-03-17,5,5,0,0.9481833333333333,0,,,,,,,,,,,,,,,,,,subscription_edtech,digital_service,small,0.767076273913299,21,1,0,,0.9347389865036924,860,860.0,1.0,0,ACCEPT,-393.57
DSP000391,TXN0088357,M000194,,Mastercard,MERCHANDISE_NOT_AS_DESCRIBED,Merchandise Not As Described,2025-04-15,4750,513,286,2025-04-29,14,contested,lost,2025-05-27,3,2,1,0.72975,1,,,,,,,,,,,,,,,,,,d2c_brand,physical_delivery,small,0.7678955508417806,8,0,1,,0.2833061474726186,799,799.0,0.16821052631578948,1,CONTEST,546.7
DSP000392,TXN0088069,M000194,CUS0031430,RuPay,MERCHANDISE_NOT_RECEIVED,Merchandise Not Received,2025-12-16,7399,468,243,2025-12-29,13,contested,lost,2026-01-22,4,3,1,0.58055,2,,,,,,,,,,,,,,,,,,d2c_brand,physical_delivery,small,0.7678955508417806,8,0,1,,0.24950497365136556,711,711.0,0.09609406676577915,1,CONTEST,1135.09
DSP000393,TXN0090002,M000195,,Visa,SERVICE_NOT_RENDERED,Service Not Rendered,2025-10-27,16000,406,289,2025-11-13,17,contested,lost,2025-11-18,3,0,3,0.2559,4,,,,,,,,,,,,,,,,,,travel_booking,booking_service,medium,0.5397849010209644,92,0,0,,0.0,695,695.0,0.0434375,0,ACCEPT,-695.0
DSP000394,TXN0090882,M000195,CUS0031694,Visa,DUPLICATE_TRANSACTION,Duplicate Transaction,2025-03-04,6700,462,281,2025-03-22,18,contested,won,2025-04-07,2,1,1,0.49066666666666664,2,,,,,,,,,,,,,,,,,,travel_booking,booking_service,medium,0.5397849010209644,92,0,0,,0.3753318077803204,743,743.0,0.1108955223880597,1,CONTEST,1771.72
DSP000395,TXN0088813,M000195,CUS0032017,Visa,MERCHANDISE_NOT_AS_DESCRIBED,Merchandise Not As Described,2025-09-25,18399,651,265,2025-10-12,17,contested,lost,2025-10-19,3,1,2,0.3568833333333334,3,,,,,,,,,,,,,,,,,,travel_booking,booking_service,medium,0.5397849010209644,92,0,0,,0.0,916,916.0,0.049785314419261914,0,ACCEPT,-916.0
DSP000396,TXN0090269,M000195,CUS0031852,Mastercard,UNAUTHORIZED_TRANSACTION,Unauthorized Transaction,2025-06-04,12700,0,0,2025-06-16,12,accepted,accepted_refunded,,3,2,1,0.3477666666666666,3,,,,,,,,,,,,,,,,,,travel_booking,booking_service,medium,0.5397849010209644,92,0,0,,0.05578747628083491,0,797.0,0.06275590551181102,0,ACCEPT,-88.5
DSP000397,TXN0090810,M000195,CUS0031702,Visa,UNAUTHORIZED_TRANSACTION,Unauthorized Transaction,2025-04-14,9095,568,219,2025-05-03,19,contested,lost,2025-05-02,3,2,1,0.5651666666666667,2,,,,,,,,,,,,,,,,,,travel_booking,booking_service,medium,0.5397849010209644,92,0,0,,0.07007319056654919,787,787.0,0.08653106102253985,0,ACCEPT,-149.68
DSP000398,TXN0090139,M000195,,Mastercard,MERCHANDISE_NOT_AS_DESCRIBED,Merchandise Not As Described,2025-05-31,8899,0,0,2025-06-21,21,accepted,accepted_refunded,,3,2,1,0.45813333333333334,3,,,,,,,,,,,,,,,,,,travel_booking,booking_service,medium,0.5397849010209644,92,0,0,,0.136240748498813,0,797.0,0.08956062478930217,1,CONTEST,415.41
DSP000399,TXN0091032,M000195,,Visa,MERCHANDISE_NOT_AS_DESCRIBED,Merchandise Not As Described,2025-11-19,1595,0,0,2025-11-27,8,accepted,accepted_refunded,,3,1,2,0.4684166666666667,3,,,,,,,,,,,,,,,,,,travel_booking,booking_service,medium,0.5397849010209644,92,0,0,,0.005785939979342442,0,797.0,0.49968652037617556,0,ACCEPT,-787.77
DSP000400,TXN0092315,M000196,,RuPay,CREDIT_NOT_PROCESSED,Credit Not Processed,2025-10-18,999,0,0,2025-10-28,10,accepted,accepted_refunded,,4,3,1,0.5730333333333334,2,,,,,,,,,,,,,,,,,,subscription_edtech,digital_service,medium,0.6204176203290956,58,1,0,,0.3727887605132044,0,797.0,0.7977977977977978,0,ACCEPT,-424.58
DSP000401,TXN0091293,M000196,CUS0033035,RuPay,RECURRING_BILLING_DISPUTE,Recurring Billing Dispute,2025-01-22,2999,427,196,2025-02-12,21,contested,won,2025-02-16,5,4,1,0.5576,2,,,,,,,,,,,,,,,,,,subscription_edtech,digital_service,medium,0.6204176203290956,58,1,0,,0.510888888888889,623,623.0,0.20773591197065688,1,CONTEST,909.16
DSP000402,TXN0091734,M000196,CUS0033412,Visa,SERVICE_NOT_RENDERED,Service Not Rendered,2025-03-04,999,0,0,2025-03-13,9,accepted,accepted_refunded,,4,3,1,0.6107333333333332,2,,,,,,,,,,,,,,,,,,subscription_edtech,digital_service,medium,0.6204176203290956,58,1,0,,0.45660907474887447,0,797.0,0.7977977977977978,0,ACCEPT,-340.85
DSP000403,TXN0092014,M000196,CUS0033159,Visa,UNAUTHORIZED_TRANSACTION,Unauthorized Transaction,2025-09-16,2999,0,0,2025-09-25,9,accepted,accepted_refunded,,4,3,1,0.6018666666666667,2,,,,,,,,,,,,,,,,,,subscription_edtech,digital_service,medium,0.6204176203290956,58,1,0,,0.24337662337662339,0,797.0,0.2657552517505835,0,ACCEPT,-67.11
DSP000404,TXN0091296,M000196,CUS0032759,Mastercard,CREDIT_NOT_PROCESSED,Credit Not Processed,2025-04-18,9999,0,0,2025-05-06,18,accepted,accepted_refunded,,4,1,3,0.23901666666666666,4,,,,,,,,,,,,,,,,,,subscription_edtech,digital_service,medium,0.6204176203290956,58,1,0,,0.0,0,797.0,0.07970797079707971,0,ACCEPT,-797.0
DSP000405,TXN0093537,M000196,,Visa,RECURRING_BILLING_DISPUTE,Recurring Billing Dispute,2025-11-20,2999,559,219,2025-12-09,19,contested,lost,2025-12-22,5,3,2,0.3738166666666667,3,,,,,,,,,,,,,,,,,,subscription_edtech,digital_service,medium,0.6204176203290956,58,1,0,,0.0,778,778.0,0.2594198066022007,0,ACCEPT,-778.0
DSP000406,TXN0092246,M000196,,Mastercard,CREDIT_NOT_PROCESSED,Credit Not Processed,2025-08-21,999,0,0,2025-08-29,8,accepted,accepted_refunded,,4,3,1,0.5335166666666668,2,,,,,,,,,,,,,,,,,,subscription_edtech,digital_service,medium,0.6204176203290956,58,1,0,,0.3015678524374177,0,797.0,0.7977977977977978,0,ACCEPT,-495.73
DSP000407,TXN0093274,M000196,,Mastercard,CREDIT_NOT_PROCESSED,Credit Not Processed,2025-09-26,999,738,256,2025-10-07,11,contested,won,2025-10-28,4,4,0,0.7557333333333333,1,,,,,,,,,,,,,,,,,,subscription_edtech,digital_service,medium,0.6204176203290956,58,1,0,,0.7784172601591957,994,994.0,0.994994994994995,0,ACCEPT,-216.36
DSP000408,TXN0092324,M000196,CUS0033332,Visa,RECURRING_BILLING_DISPUTE,Recurring Billing Dispute,2025-05-18,999,492,259,2025-05-29,11,contested,lost,2025-06-02,5,3,2,0.6009833333333333,2,,,,,,,,,,,,,,,,,,subscription_edtech,digital_service,medium,0.6204176203290956,58,1,0,,0.1611255411255411,751,751.0,0.7517517517517518,0,ACCEPT,-590.04
DSP000409,TXN0092695,M000196,,Visa,RECURRING_BILLING_DISPUTE,Recurring Billing Dispute,2025-06-26,999,656,199,2025-07-07,11,contested,lost,2025-07-28,5,3,2,0.4068666666666667,3,,,,,,,,,,,,,,,,,,subscription_edtech,digital_service,medium,0.6204176203290956,58,1,0,,0.015384615384615385,855,855.0,0.8558558558558559,0,ACCEPT,-839.63
DSP000410,TXN0092435,M000196,,Mastercard,UNAUTHORIZED_TRANSACTION,Unauthorized Transaction,2025-10-11,9999,460,291,2025-10-26,15,contested,lost,2025-11-15,4,1,3,0.15791666666666668,5,,,,,,,,,,,,,,,,,,subscription_edtech,digital_service,medium,0.6204176203290956,58,1,0,,0.0,751,751.0,0.07510751075107511,0,ACCEPT,-751.0
DSP000411,TXN0091656,M000196,CUS0032756,Mastercard,RECURRING_BILLING_DISPUTE,Recurring Billing Dispute,2025-03-11,2999,606,293,2025-04-01,21,contested,lost,2025-04-01,5,4,1,0.6128833333333333,1,,,,,,,,,,,,,,,,,,subscription_edtech,digital_service,medium,0.6204176203290956,58,1,0,,0.5874666846143491,899,899.0,0.2997665888629543,1,CONTEST,862.81
DSP000412,TXN0091443,M000196,,Visa,UNAUTHORIZED_TRANSACTION,Unauthorized Transaction,2025-08-29,999,455,154,2025-09-13,15,contested,lost,2025-09-29,4,2,2,0.45293333333333335,3,,,,,,,,,,,,,,,,,,subscription_edtech,digital_service,medium,0.6204176203290956,58,1,0,,0.0,609,609.0,0.6096096096096096,0,ACCEPT,-609.0
DSP000413,TXN0092206,M000196,CUS0033214,Mastercard,CREDIT_NOT_PROCESSED,Credit Not Processed,2025-03-10,2999,527,159,2025-03-28,18,contested,won,2025-03-25,4,4,0,0.80315,0,,,,,,,,,,,,,,,,,,subscription_edtech,digital_service,medium,0.6204176203290956,58,1,0,,0.9335537015751534,686,686.0,0.22874291430476826,1,CONTEST,2113.73
DSP000414,TXN0093075,M000196,,Visa,UNAUTHORIZED_TRANSACTION,Unauthorized Transaction,2025-09-09,2999,605,244,2025-09-23,14,contested,lost,2025-10-15,4,2,2,0.3095333333333333,4,,,,,,,,,,,,,,,,,,subscription_edtech,digital_service,medium,0.6204176203290956,58,1,0,,0.0,849,849.0,0.2830943647882628,0,ACCEPT,-849.0
DSP000415,TXN0093345,M000196,CUS0033171,Mastercard,UNAUTHORIZED_TRANSACTION,Unauthorized Transaction,2025-09-18,999,495,300,2025-10-03,15,contested,lost,2025-10-04,4,3,1,0.41018333333333334,3,,,,,,,,,,,,,,,,,,subscription_edtech,digital_service,medium,0.6204176203290956,58,1,0,,0.10643682693018557,795,795.0,0.7957957957957958,0,ACCEPT,-688.67
DSP000416,TXN0091830,M000196,CUS0032985,Mastercard,RECURRING_BILLING_DISPUTE,Recurring Billing Dispute,2026-01-18,9999,670,246,2026-02-04,17,contested,lost,2026-02-17,5,2,3,0.22243333333333334,4,,,,,,,,,,,,,,,,,,subscription_edtech,digital_service,medium,0.6204176203290956,58,1,0,,0.0,916,916.0,0.09160916091609161,0,ACCEPT,-916.0
DSP000417,TXN0092456,M000196,CUS0032866,RuPay,UNAUTHORIZED_TRANSACTION,Unauthorized Transaction,2025-10-13,999,745,251,2025-11-03,21,contested,won,2025-11-13,4,3,1,0.5888333333333333,2,,,,,,,,,,,,,,,,,,subscription_edtech,digital_service,medium,0.6204176203290956,58,1,0,,0.25320118478013215,996,996.0,0.996996996996997,0,ACCEPT,-743.05
DSP000418,TXN0094832,M000197,CUS0034033,RuPay,RECURRING_BILLING_DISPUTE,Recurring Billing Dispute,2026-01-22,999,0,0,2026-01-31,9,accepted,accepted_refunded,,5,3,2,0.5550833333333333,2,,,,,,,,,,,,,,,,,,subscription_edtech,digital_service,medium,0.6762982680652562,18,1,0,,0.13132161955691365,0,797.0,0.7977977977977978,0,ACCEPT,-665.81
DSP000419,TXN0094213,M000197,,Mastercard,UNAUTHORIZED_TRANSACTION,Unauthorized Transaction,2026-01-02,999,629,185,2026-01-17,15,contested,lost,2026-02-09,4,4,0,0.9217833333333333,0,,,,,,,,,,,,,,,,,,subscription_edtech,digital_service,medium,0.6762982680652562,18,1,0,,0.5777275541795666,814,814.0,0.8148148148148148,0,ACCEPT,-236.85
DSP000420,TXN0095001,M000197,,Visa,RECURRING_BILLING_DISPUTE,Recurring Billing Dispute,2025-07-09,9999,528,273,2025-07-17,8,contested,lost,2025-08-01,5,2,3,0.42791666666666667,3,,,,,,,,,,,,,,,,,,subscription_edtech,digital_service,medium,0.6762982680652562,18,1,0,,0.015384615384615385,801,801.0,0.08010801080108011,0,ACCEPT,-647.17
DSP000421,TXN0095586,M000197,CUS0034014,Mastercard,RECURRING_BILLING_DISPUTE,Recurring Billing Dispute,2025-12-21,999,478,249,2026-01-08,18,contested,won,2026-01-27,5,4,1,0.7652833333333332,1,,,,,,,,,,,,,,,,,,subscription_edtech,digital_service,medium,0.6762982680652562,18,1,0,,0.6167523989000634,727,727.0,0.7277277277277278,0,ACCEPT,-110.86
DSP000422,TXN0094545,M000197,,Mastercard,UNAUTHORIZED_TRANSACTION,Unauthorized Transaction,2025-09-05,24999,684,300,2025-09-12,7,contested,lost,2025-09-27,4,3,1,0.7504833333333334,1,999.0,upi,not_applicable,0.0,DEV554110,0.2028672500092946,1.0,0.0,0.0,,,,2025-04-17 08:09:00,0.0,0.0,0.0,,subscription_edtech,digital_service,medium,0.6762982680652562,18,1,0,140.66041666666666,0.24337662337662339,984,984.0,0.03936157446297852,1,CONTEST,5100.17
DSP000423,TXN0094658,M000197,,Visa,UNAUTHORIZED_TRANSACTION,Unauthorized Transaction,2025-11-21,999,637,261,2025-12-11,20,contested,lost,2026-01-04,4,2,2,0.6249,2,,,,,,,,,,,,,,,,,,subscription_edtech,digital_service,medium,0.6762982680652562,18,1,0,,0.07007319056654919,898,898.0,0.8988988988988988,0,ACCEPT,-828.0
DSP000424,TXN0093861,M000197,,RuPay,CREDIT_NOT_PROCESSED,Credit Not Processed,2025-08-14,9999,0,0,2025-08-23,9,accepted,accepted_refunded,,4,2,2,0.45083333333333336,3,999.0,upi,not_applicable,0.0,DEV561391,0.464351406829037,1.0,0.0,0.0,,,,2025-08-05 04:40:00,0.0,0.0,0.0,,subscription_edtech,digital_service,medium,0.6762982680652562,18,1,0,8.805555555555555,0.05578747628083491,0,797.0,0.07970797079707971,0,ACCEPT,-239.18
DSP000425,TXN0094791,M000197,,Visa,RECURRING_BILLING_DISPUTE,Recurring Billing Dispute,2025-04-17,999,446,289,2025-05-02,15,contested,lost,2025-05-15,5,5,0,0.8032333333333334,0,,,,,,,,,,,,,,,,,,subscription_edtech,digital_service,medium,0.6762982680652562,18,1,0,,0.829066421768837,735,735.0,0.7357357357357357,1,CONTEST,93.24
DSP000426,TXN0095610,M000197,,Mastercard,RECURRING_BILLING_DISPUTE,Recurring Billing Dispute,2026-02-16,999,494,246,2026-02-28,12,contested,won,2026-03-15,5,4,1,0.6285999999999999,2,,,,,,,,,,,,,,,,,,subscription_edtech,digital_service,medium,0.6762982680652562,18,1,0,,0.5514117647058824,740,740.0,0.7407407407407407,0,ACCEPT,-189.14
DSP000427,TXN0094865,M000197,CUS0034084,Visa,RECURRING_BILLING_DISPUTE,Recurring Billing Dispute,2025-02-09,999,0,0,2025-02-27,18,accepted,accepted_refunded,,5,2,3,0.27625,4,,,,,,,,,,,,,,,,,,subscription_edtech,digital_service,medium,0.6762982680652562,18,1,0,,0.0,0,797.0,0.7977977977977978,0,ACCEPT,-797.0
DSP000428,TXN0094598,M000197,,Mastercard,MERCHANDISE_NOT_AS_DESCRIBED,Merchandise Not As Described,2025-04-19,999,0,0,2025-05-02,13,accepted,accepted_refunded,,4,3,1,0.5793499999999999,2,,,,,,,,,,,,,,,,,,subscription_edtech,digital_service,medium,0.6762982680652562,18,1,0,,0.3703318077803203,0,797.0,0.7977977977977978,0,ACCEPT,-427.04
DSP000429,TXN0095378,M000197,CUS0033553,Mastercard,RECURRING_BILLING_DISPUTE,Recurring Billing Dispute,2025-03-25,999,629,242,2025-04-09,15,contested,lost,2025-04-08,5,2,3,0.43779999999999997,3,,,,,,,,,,,,,,,,,,subscription_edtech,digital_service,medium,0.6762982680652562,18,1,0,,0.002356134465762553,871,871.0,0.8718718718718719,0,ACCEPT,-868.65
DSP000430,TXN0098675,M000198,,Visa,MERCHANDISE_NOT_AS_DESCRIBED,Merchandise Not As Described,2025-06-16,1800,0,0,2025-06-29,13,accepted,accepted_refunded,,3,3,0,0.7528333333333334,1,,,,,,,,,,,,,,,,,,d2c_brand,physical_delivery,medium,0.852960710521447,40,0,1,,0.6070132684652808,0,797.0,0.44277777777777777,1,CONTEST,295.62
DSP000431,TXN0098046,M000198,,Mastercard,MERCHANDISE_NOT_AS_DESCRIBED,Merchandise Not As Described,2025-06-09,2295,548,247,2025-06-18,9,contested,lost,2025-07-08,3,3,0,0.7785000000000001,1,,,,,,,,,,,,,,,,,,d2c_brand,physical_delivery,medium,0.852960710521447,40,0,1,,0.6455337339859946,795,795.0,0.3464052287581699,1,CONTEST,686.5
DSP000432,TXN0098004,M000198,CUS0034457,Mastercard,UNAUTHORIZED_TRANSACTION,Unauthorized Transaction,2026-01-14,9699,542,286,2026-01-26,12,contested,lost,2026-02-16,4,3,1,0.7137333333333333,1,,,,,,,,,,,,,,,,,,d2c_brand,physical_delivery,medium,0.852960710521447,40,0,1,,0.24337662337662339,828,828.0,0.08536962573461182,1,CONTEST,1532.51
DSP000433,TXN0097266,M000198,,Mastercard,MERCHANDISE_NOT_AS_DESCRIBED,Merchandise Not As Described,2026-01-15,1749,0,0,2026-01-26,11,accepted,accepted_refunded,,3,3,0,0.9724666666666666,0,,,,,,,,,,,,,,,,,,d2c_brand,physical_delivery,medium,0.852960710521447,40,0,1,,0.7572992477368354,0,797.0,0.4556889651229274,1,CONTEST,527.52
DSP000434,TXN0098598,M000198,CUS0034593,Visa,MERCHANDISE_NOT_RECEIVED,Merchandise Not Received,2025-07-31,29999,563,171,2025-08-12,12,contested,lost,2025-09-10,4,4,0,0.9610166666666666,0,,,,,,,,,,,,,,,,,,d2c_brand,physical_delivery,medium,0.852960710521447,40,0,1,,0.7897152668912794,734,734.0,0.024467482249408312,1,CONTEST,22956.67
DSP000435,TXN0097211,M000198,CUS0034484,Visa,MERCHANDISE_NOT_RECEIVED,Merchandise Not Received,2025-04-28,4695,708,180,2025-05-15,17,contested,won,2025-05-27,4,3,1,0.7471833333333334,1,,,,,,,,,,,,,,,,,,d2c_brand,physical_delivery,medium,0.852960710521447,40,0,1,,0.5616799351319475,888,888.0,0.1891373801916933,1,CONTEST,1749.09
DSP000436,TXN0098825,M000198,,RuPay,UNAUTHORIZED_TRANSACTION,Unauthorized Transaction,2025-05-18,599,544,280,2025-05-25,7,contested,lost,2025-06-07,4,4,0,0.9238166666666666,0,,,,,,,,,,,,,,,,,,d2c_brand,physical_delivery,medium,0.852960710521447,40,0,1,,0.5506747638326586,824,824.0,1.0,0,ACCEPT,-494.15
DSP000437,TXN0099430,M000199,CUS0035992,Visa,UNAUTHORIZED_TRANSACTION,Unauthorized Transaction,2025-12-23,2945,475,293,2026-01-03,11,contested,lost,2026-01-24,3,2,1,0.4850833333333333,3,,,,,,,,,,,,,,,,,,travel_booking,booking_service,medium,0.7169137216501509,118,0,0,,0.07007319056654919,768,768.0,0.26078098471986416,0,ACCEPT,-561.63
DSP000438,TXN0100137,M000199,,RuPay,UNAUTHORIZED_TRANSACTION,Unauthorized Transaction,2025-02-20,2099,466,224,2025-03-10,18,contested,lost,2025-03-21,3,1,2,0.548,2,,,,,,,,,,,,,,,,,,travel_booking,booking_service,medium,0.7169137216501509,118,0,0,,0.05578747628083491,690,690.0,0.32872796569795143,0,ACCEPT,-572.9
DSP000439,TXN0100528,M000199,CUS0036130,Visa,UNAUTHORIZED_TRANSACTION,Unauthorized Transaction,2025-02-20,22999,715,211,2025-03-12,20,contested,lost,2025-03-26,3,1,2,0.5397166666666667,2,,,,,,,,,,,,,,,,,,travel_booking,booking_service,medium,0.7169137216501509,118,0,0,,0.05578747628083491,926,926.0,0.040262620113918,1,CONTEST,357.06
DSP000440,TXN0100820,M000199,CUS0036183,Visa,MERCHANDISE_NOT_AS_DESCRIBED,Merchandise Not As Described,2025-01-25,21499,656,243,2025-02-14,20,contested,lost,2025-02-15,3,3,0,0.5419666666666666,2,,,,,,,,,,,,,,,,,,travel_booking,booking_service,medium,0.7169137216501509,118,0,0,,0.35699847444698707,899,899.0,0.04181589841387971,1,CONTEST,6776.11
DSP000441,TXN0100167,M000199,CUS0035636,Mastercard,CREDIT_NOT_PROCESSED,Credit Not Processed,2025-12-28,6495,0,0,2026-01-08,11,accepted,accepted_refunded,,4,3,1,0.8166666666666668,1,,,,,,,,,,,,,,,,,,travel_booking,booking_service,medium,0.7169137216501509,118,0,0,,0.5323942208462332,0,797.0,0.12270977675134719,1,CONTEST,2660.9
DSP000442,TXN0101087,M000199,,Mastercard,UNAUTHORIZED_TRANSACTION,Unauthorized Transaction,2025-06-02,24000,584,267,2025-06-13,11,contested,lost,2025-07-16,3,2,1,0.6732333333333332,1,,,,,,,,,,,,,,,,,,travel_booking,booking_service,medium,0.7169137216501509,118,0,0,,0.1201585008359219,851,851.0,0.035458333333333335,1,CONTEST,2032.8
DSP000443,TXN0100171,M000199,CUS0035829,Visa,CREDIT_NOT_PROCESSED,Credit Not Processed,2025-01-16,3195,0,0,2025-02-05,20,accepted,accepted_refunded,,4,4,0,0.9468666666666666,0,,,,,,,,,,,,,,,,,,travel_booking,booking_service,medium,0.7169137216501509,118,0,0,,0.8048878483944897,0,797.0,0.24945226917057903,1,CONTEST,1774.62
DSP000444,TXN0101096,M000199,CUS0036112,Visa,SERVICE_NOT_RENDERED,Service Not Rendered,2026-03-11,8699,0,0,2026-03-29,18,accepted,accepted_refunded,,3,1,2,0.4791666666666667,3,,,,,,,,,,,,,,,,,,travel_booking,booking_service,medium,0.7169137216501509,118,0,0,,0.05578747628083491,0,797.0,0.09161972640533395,0,ACCEPT,-311.7
DSP000445,TXN0100305,M000199,CUS0036177,Visa,UNAUTHORIZED_TRANSACTION,Unauthorized Transaction,2026-02-08,5100,520,200,2026-02-15,7,contested,lost,2026-03-15,3,3,0,0.6650666666666667,1,,,,,,,,,,,,,,,,,,travel_booking,booking_service,medium,0.7169137216501509,118,0,0,,0.2496226651572105,720,720.0,0.1411764705882353,1,CONTEST,553.08
DSP000446,TXN0104246,M000200,,Mastercard,RECURRING_BILLING_DISPUTE,Recurring Billing Dispute,2025-09-12,9999,428,284,2025-09-27,15,contested,lost,2025-10-07,5,4,1,0.7797499999999999,1,,,,,,,,,,,,,,,,,,saas_tools,digital_service,medium,0.807558707185561,99,1,0,,0.7572992477368354,712,712.0,0.0712071207120712,1,CONTEST,6860.24
DSP000447,TXN0103371,M000200,CUS0036616,Visa,RECURRING_BILLING_DISPUTE,Recurring Billing Dispute,2025-02-27,9999,659,261,2025-03-14,15,contested,won,2025-03-28,5,5,0,0.9189166666666667,0,,,,,,,,,,,,,,,,,,saas_tools,digital_service,medium,0.807558707185561,99,1,0,,0.9564502164502166,920,920.0,0.09200920092009202,1,CONTEST,8643.55
DSP000448,TXN0103755,M000200,,Visa,DUPLICATE_TRANSACTION,Duplicate Transaction,2025-11-25,799,620,274,2025-12-08,13,contested,won,2025-12-16,2,2,0,0.9333999999999999,0,,,,,,,,,,,,,,,,,,saas_tools,digital_service,medium,0.807558707185561,99,1,0,,0.9368532901473593,894,894.0,1.0,0,ACCEPT,-145.45
DSP000449,TXN0103716,M000200,,Visa,UNAUTHORIZED_TRANSACTION,Unauthorized Transaction,2025-10-01,799,0,0,2025-10-08,7,accepted,accepted_refunded,,4,3,1,0.7611666666666667,1,,,,,,,,,,,,,,,,,,saas_tools,digital_service,medium,0.807558707185561,99,1,0,,0.3721739130434783,0,797.0,0.9974968710888611,0,ACCEPT,-499.63
DSP000450,TXN0104007,M000200,CUS0036832,Visa,CREDIT_NOT_PROCESSED,Credit Not Processed,2025-12-16,799,627,155,2026-01-02,17,contested,won,2026-01-30,4,4,0,0.8955333333333333,0,,,,,,,,,,,,,,,,,,saas_tools,digital_service,medium,0.807558707185561,99,1,0,,0.9347389865036924,782,782.0,0.9787234042553191,0,ACCEPT,-35.14
DSP000451,TXN0102113,M000200,CUS0036688,Visa,UNAUTHORIZED_TRANSACTION,Unauthorized Transaction,2025-08-22,799,436,252,2025-09-10,19,contested,lost,2025-09-17,4,4,0,0.7924166666666667,1,,,,,,,,,,,,,,,,,,saas_tools,digital_service,medium,0.807558707185561,99,1,0,,0.5616799351319475,688,688.0,0.8610763454317898,0,ACCEPT,-239.22
DSP000452,TXN0103056,M000200,,Visa,UNAUTHORIZED_TRANSACTION,Unauthorized Transaction,2025-12-01,799,562,205,2025-12-09,8,contested,lost,2026-01-07,4,3,1,0.7724333333333333,1,,,,,,,,,,,,,,,,,,saas_tools,digital_service,medium,0.807558707185561,99,1,0,,0.3753318077803204,767,767.0,0.9599499374217773,0,ACCEPT,-467.11
DSP000453,TXN0104097,M000200,,Visa,RECURRING_BILLING_DISPUTE,Recurring Billing Dispute,2025-09-16,1499,524,262,2025-10-01,15,contested,won,2025-10-08,5,4,1,0.7203666666666667,1,,,,,,,,,,,,,,,,,,saas_tools,digital_service,medium,0.807558707185561,99,1,0,,0.8060917242745889,786,786.0,0.524349566377585,1,CONTEST,422.33
DSP000454,TXN0102348,M000200,,Mastercard,UNAUTHORIZED_TRANSACTION,Unauthorized Transaction,2025-12-10,1499,647,220,2025-12-29,19,contested,won,2026-01-05,4,2,2,0.59695,2,,,,,,,,,,,,,,,,,,saas_tools,digital_service,medium,0.807558707185561,99,1,0,,0.2277922077922078,867,867.0,0.5783855903935957,0,ACCEPT,-525.54
DSP000455,TXN0102079,M000200,,Mastercard,RECURRING_BILLING_DISPUTE,Recurring Billing Dispute,2025-11-28,1499,0,0,2025-12-08,10,accepted,accepted_refunded,,5,5,0,0.9665833333333333,0,,,,,,,,,,,,,,,,,,saas_tools,digital_service,medium,0.807558707185561,99,1,0,,0.9529208046855107,0,797.0,0.5316877918612408,1,CONTEST,631.43
DSP000456,TXN0101844,M000200,CUS0036405,Visa,RECURRING_BILLING_DISPUTE,Recurring Billing Dispute,2025-04-29,799,0,0,2025-05-10,11,accepted,accepted_refunded,,5,4,1,0.6018166666666667,2,,,,,,,,,,,,,,,,,,saas_tools,digital_service,medium,0.807558707185561,99,1,0,,0.644284866432531,0,797.0,0.9974968710888611,0,ACCEPT,-282.22
DSP000457,TXN0103921,M000200,CUS0036468,Visa,CREDIT_NOT_PROCESSED,Credit Not Processed,2025-04-20,799,613,292,2025-04-30,10,contested,won,2025-05-28,4,4,0,0.7486833333333333,1,,,,,,,,,,,,,,,,,,saas_tools,digital_service,medium,0.807558707185561,99,1,0,,0.8897173414820474,905,905.0,1.0,0,ACCEPT,-194.12
DSP000458,TXN0102903,M000200,CUS0037244,Mastercard,SERVICE_NOT_RENDERED,Service Not Rendered,2026-03-06,799,592,227,2026-03-13,7,contested,won,2026-04-08,4,4,0,0.894,0,,,,,,,,,,,,,,,,,,saas_tools,digital_service,medium,0.807558707185561,99,1,0,,0.9347389865036924,819,819.0,1.0,0,ACCEPT,-72.14
DSP000459,TXN0103231,M000200,CUS0036442,Visa,RECURRING_BILLING_DISPUTE,Recurring Billing Dispute,2025-07-21,1499,580,297,2025-08-02,12,contested,won,2025-08-15,5,3,2,0.61445,2,,,,,,,,,,,,,,,,,,saas_tools,digital_service,medium,0.807558707185561,99,1,0,,0.3810628019323672,877,877.0,0.5850567044696464,0,ACCEPT,-305.79
DSP000460,TXN0102425,M000200,CUS0036567,Mastercard,RECURRING_BILLING_DISPUTE,Recurring Billing Dispute,2025-07-14,799,422,173,2025-07-29,15,contested,lost,2025-08-09,5,3,2,0.6052,2,,,,,,,,,,,,,,,,,,saas_tools,digital_service,medium,0.807558707185561,99,1,0,,0.36717391304347824,595,595.0,0.7446808510638298,0,ACCEPT,-301.63
DSP000461,TXN0102193,M000200,CUS0036630,Visa,RECURRING_BILLING_DISPUTE,Recurring Billing Dispute,2025-09-07,9999,0,0,2025-09-28,21,accepted,accepted_refunded,,5,5,0,0.9420999999999999,0,,,,,,,,,,,,,,,,,,saas_tools,digital_service,medium,0.807558707185561,99,1,0,,0.9529208046855107,0,797.0,0.07970797079707971,1,CONTEST,8731.26
DSP000462,TXN0104386,M000200,,Mastercard,RECURRING_BILLING_DISPUTE,Recurring Billing Dispute,2025-11-02,9999,0,0,2025-11-17,15,accepted,accepted_refunded,,5,3,2,0.5681666666666666,2,,,,,,,,,,,,,,,,,,saas_tools,digital_service,medium,0.807558707185561,99,1,0,,0.3582345191040843,0,797.0,0.07970797079707971,1,CONTEST,2784.99
DSP000463,TXN0104301,M000200,,Mastercard,SERVICE_NOT_RENDERED,Service Not Rendered,2025-10-17,9999,678,282,2025-10-30,13,contested,won,2025-11-02,4,4,0,0.8881166666666666,0,,,,,,,,,,,,,,,,,,saas_tools,digital_service,medium,0.807558707185561,99,1,0,,0.9373113088600433,960,960.0,0.096009600960096,1,CONTEST,8412.18
DSP000464,TXN0102964,M000200,,Mastercard,RECURRING_BILLING_DISPUTE,Recurring Billing Dispute,2025-08-28,799,671,165,2025-09-06,9,contested,lost,2025-09-16,5,5,0,0.8955000000000001,0,,,,,,,,,,,,,,,,,,saas_tools,digital_service,medium,0.807558707185561,99,1,0,,0.9533966003970121,836,836.0,1.0,0,ACCEPT,-74.24
DSP000465,TXN0104595,M000201,,Visa,MERCHANDISE_NOT_AS_DESCRIBED,Merchandise Not As Described,2025-06-28,3350,0,0,2025-07-11,13,accepted,accepted_refunded,,3,2,1,0.76505,1,4449.0,credit_card,passed,1.0,,0.6002778947941666,1.0,0.0,0.0,,,,2025-10-08 03:10:00,0.0,0.0,0.0,,travel_booking,booking_service,medium,0.628472880460441,25,0,0,-102.13194444444444,0.40315789473684216,0,797.0,0.23791044776119402,1,CONTEST,553.58
DSP000466,TXN0105512,M000201,CUS0037467,RuPay,MERCHANDISE_NOT_AS_DESCRIBED,Merchandise Not As Described,2025-02-21,11500,572,246,2025-02-28,7,contested,lost,2025-03-10,3,2,1,0.39081666666666665,3,,,,,,,,,,,,,,,,,,travel_booking,booking_service,medium,0.628472880460441,25,0,0,,0.07007319056654919,818,818.0,0.07113043478260869,0,ACCEPT,-12.16
DSP000467,TXN0106094,M000201,CUS0037472,RuPay,SERVICE_NOT_RENDERED,Service Not Rendered,2025-07-25,7200,0,0,2025-08-06,12,accepted,accepted_refunded,,3,2,1,0.7339833333333333,1,,,,,,,,,,,,,,,,,,travel_booking,booking_service,medium,0.628472880460441,25,0,0,,0.28961752206603464,0,797.0,0.11069444444444444,1,CONTEST,1288.25
DSP000468,TXN0105144,M000201,CUS0037450,Visa,MERCHANDISE_NOT_AS_DESCRIBED,Merchandise Not As Described,2025-11-08,16100,680,161,2025-11-24,16,contested,won,2025-12-21,3,2,1,0.5529000000000001,2,,,,,,,,,,,,,,,,,,travel_booking,booking_service,medium,0.628472880460441,25,0,0,,0.23050201128744,841,841.0,0.052236024844720494,1,CONTEST,2870.08
DSP000469,TXN0105913,M000201,CUS0037495,Visa,SERVICE_NOT_RENDERED,Service Not Rendered,2025-03-01,17299,619,166,2025-03-12,11,contested,won,2025-03-24,3,3,0,0.7788499999999999,1,,,,,,,,,,,,,,,,,,travel_booking,booking_service,medium,0.628472880460441,25,0,0,,0.6004198618718742,785,785.0,0.04537834556910804,1,CONTEST,9601.66
DSP000470,TXN0105932,M000201,CUS0037685,Visa,UNAUTHORIZED_TRANSACTION,Unauthorized Transaction,2025-03-15,4150,0,0,2025-03-24,9,accepted,accepted_refunded,,3,2,1,0.6590333333333334,1,,,,,,,,,,,,,,,,,,travel_booking,booking_service,medium,0.628472880460441,25,0,0,,0.136240748498813,0,797.0,0.19204819277108434,0,ACCEPT,-231.6
DSP000471,TXN0106202,M000201,CUS0037529,Mastercard,DUPLICATE_TRANSACTION,Duplicate Transaction,2025-09-04,19600,547,191,2025-09-20,16,contested,lost,2025-10-16,2,0,2,0.27668333333333334,4,,,,,,,,,,,,,,,,,,travel_booking,booking_service,medium,0.628472880460441,25,0,0,,0.07007319056654919,738,738.0,0.037653061224489796,1,CONTEST,635.43
DSP000472,TXN0105500,M000201,CUS0038030,Visa,CREDIT_NOT_PROCESSED,Credit Not Processed,2025-11-25,8800,440,153,2025-12-07,12,contested,lost,2025-12-20,4,2,2,0.42441666666666666,3,,,,,,,,,,,,,,,,,,travel_booking,booking_service,medium,0.628472880460441,25,0,0,,0.0,593,593.0,0.06738636363636363,0,ACCEPT,-593.0
DSP000473,TXN0106621,M000201,,Visa,UNAUTHORIZED_TRANSACTION,Unauthorized Transaction,2025-10-21,13500,695,210,2025-11-06,16,contested,lost,2025-12-02,3,2,1,0.5844666666666667,2,,,,,,,,,,,,,,,,,,travel_booking,booking_service,medium,0.628472880460441,25,0,0,,0.09987711213517665,905,905.0,0.06703703703703703,1,CONTEST,443.34
DSP000474,TXN0104957,M000201,CUS0037432,Mastercard,SERVICE_NOT_RENDERED,Service Not Rendered,2025-09-27,7699,486,242,2025-10-05,8,contested,lost,2025-11-08,3,2,1,0.6812,1,,,,,,,,,,,,,,,,,,travel_booking,booking_service,medium,0.628472880460441,25,0,0,,0.269011461459974,728,728.0,0.09455773477074945,1,CONTEST,1343.12
DSP000475,TXN0105444,M000201,,RuPay,CREDIT_NOT_PROCESSED,Credit Not Processed,2025-10-20,25499,600,248,2025-10-30,10,contested,won,2025-11-21,4,4,0,0.7580166666666667,1,,,,,,,,,,,,,,,,,,travel_booking,booking_service,medium,0.628472880460441,25,0,0,,0.6236205307681953,848,848.0,0.03325620612573042,1,CONTEST,15053.7
DSP000476,TXN0106475,M000201,CUS0037617,Visa,SERVICE_NOT_RENDERED,Service Not Rendered,2025-12-17,1800,0,0,2026-01-05,19,accepted,accepted_refunded,,3,2,1,0.5448,2,,,,,,,,,,,,,,,,,,travel_booking,booking_service,medium,0.628472880460441,25,0,0,,0.269011461459974,0,797.0,0.44277777777777777,0,ACCEPT,-312.78
DSP000477,TXN0107600,M000202,CUS0038294,Visa,CREDIT_NOT_PROCESSED,Credit Not Processed,2025-06-24,1499,507,180,2025-07-04,10,contested,won,2025-08-02,4,3,1,0.7921333333333332,1,,,,,,,,,,,,,,,,,,saas_tools,digital_service,medium,0.9503866315589596,103,1,0,,0.7837698359721295,687,687.0,0.45830553702468313,1,CONTEST,487.87
DSP000478,TXN0107349,M000202,CUS0038430,Visa,RECURRING_BILLING_DISPUTE,Recurring Billing Dispute,2025-07-13,49999,0,0,2025-08-02,20,accepted,accepted_refunded,,5,5,0,0.9588666666666666,0,,,,,,,,,,,,,,,,,,saas_tools,digital_service,medium,0.9503866315589596,103,1,0,,0.9491937885117618,0,797.0,0.015940318806376128,1,CONTEST,46661.74
DSP000479,TXN0107544,M000202,,Mastercard,UNAUTHORIZED_TRANSACTION,Unauthorized Transaction,2025-10-23,1499,494,224,2025-10-31,8,contested,lost,2025-11-21,4,4,0,0.9658000000000001,0,,,,,,,,,,,,,,,,,,saas_tools,digital_service,medium,0.9503866315589596,103,1,0,,0.5550865285385409,718,718.0,0.4789859906604403,1,CONTEST,114.07
DSP000480,TXN0107985,M000202,CUS0039159,Mastercard,SERVICE_NOT_RENDERED,Service Not Rendered,2025-06-28,1499,516,257,2025-07-14,16,contested,won,2025-08-03,4,3,1,0.7526833333333333,1,,,,,,,,,,,,,,,,,,saas_tools,digital_service,medium,0.9503866315589596,103,1,0,,0.7404131926154862,773,773.0,0.5156771180787192,1,CONTEST,336.88
DSP000481,TXN0107813,M000202,CUS0038527,RuPay,UNAUTHORIZED_TRANSACTION,Unauthorized Transaction,2025-07-19,49999,419,199,2025-07-29,10,contested,lost,2025-08-31,4,3,1,0.7894,1,,,,,,,,,,,,,,,,,,saas_tools,digital_service,medium,0.9503866315589596,103,1,0,,0.314340373123724,618,618.0,0.0123602472049441,1,CONTEST,15098.7
DSP000482,TXN0107630,M000202,CUS0039155,RuPay,CREDIT_NOT_PROCESSED,Credit Not Processed,2025-05-01,49999,688,161,2025-05-16,15,contested,won,2025-05-17,4,4,0,0.9696166666666667,0,,,,,,,,,,,,,,,,,,saas_tools,digital_service,medium,0.9503866315589596,103,1,0,,0.9347389865036924,849,849.0,0.016980339606792134,1,CONTEST,45887.01
DSP000483,TXN0109590,M000202,,Visa,RECURRING_BILLING_DISPUTE,Recurring Billing Dispute,2025-04-06,1499,0,0,2025-04-14,8,accepted,accepted_refunded,,5,5,0,0.9089833333333334,0,,,,,,,,,,,,,,,,,,saas_tools,digital_service,medium,0.9503866315589596,103,1,0,,0.9529208046855107,0,797.0,0.5316877918612408,1,CONTEST,631.43
DSP000484,TXN0109489,M000202,,Visa,RECURRING_BILLING_DISPUTE,Recurring Billing Dispute,2026-01-02,4999,474,211,2026-01-14,12,contested,won,2026-01-27,5,5,0,0.7934833333333332,1,,,,,,,,,,,,,,,,,,saas_tools,digital_service,medium,0.9503866315589596,103,1,0,,0.9529208046855107,685,685.0,0.1370274054810962,1,CONTEST,4078.65
DSP000485,TXN0108479,M000202,CUS0038416,Visa,RECURRING_BILLING_DISPUTE,Recurring Billing Dispute,2025-02-12,1499,0,0,2025-02-22,10,accepted,accepted_refunded,,5,5,0,0.9380000000000001,0,,,,,,,,,,,,,,,,,,saas_tools,digital_service,medium,0.9503866315589596,103,1,0,,0.9539470361149448,0,797.0,0.5316877918612408,1,CONTEST,632.97
DSP000486,TXN0109406,M000202,CUS0038697,Mastercard,RECURRING_BILLING_DISPUTE,Recurring Billing Dispute,2025-10-05,1499,536,184,2025-10-14,9,contested,won,2025-10-29,5,5,0,0.9641500000000001,0,,,,,,,,,,,,,,,,,,saas_tools,digital_service,medium,0.9503866315589596,103,1,0,,0.9606610158716669,720,720.0,0.48032021347565046,1,CONTEST,720.03
DSP000487,TXN0109330,M000202,CUS0038803,RuPay,CREDIT_NOT_PROCESSED,Credit Not Processed,2025-07-29,4999,648,177,2025-08-16,18,contested,won,2025-08-21,4,4,0,0.98,0,,,,,,,,,,,,,,,,,,saas_tools,digital_service,medium,0.9503866315589596,103,1,0,,0.9347389865036924,825,825.0,0.16503300660132025,1,CONTEST,3847.76
DSP000488,TXN0111418,M000203,CUS0039988,Visa,RECURRING_BILLING_DISPUTE,Recurring Billing Dispute,2025-11-25,4999,485,241,2025-12-07,12,contested,won,2025-12-30,5,4,1,0.6533333333333333,2,,,,,,,,,,,,,,,,,,subscription_edtech,digital_service,medium,0.732002994348807,19,1,0,,0.5625228758169935,726,726.0,0.14522904580916182,1,CONTEST,2086.05
DSP000489,TXN0111696,M000203,CUS0039883,RuPay,UNAUTHORIZED_TRANSACTION,Unauthorized Transaction,2025-12-26,999,663,290,2026-01-12,17,contested,lost,2026-01-10,4,3,1,0.7141166666666666,1,,,,,,,,,,,,,,,,,,subscription_edtech,digital_service,medium,0.732002994348807,19,1,0,,0.2633766233766234,953,953.0,0.953953953953954,0,ACCEPT,-689.89
DSP000490,TXN0111081,M000203,CUS0040129,Mastercard,MERCHANDISE_NOT_AS_DESCRIBED,Merchandise Not As Described,2025-04-11,499,0,0,2025-04-29,18,accepted,accepted_refunded,,4,3,1,0.41830000000000006,3,,,,,,,,,,,,,,,,,,subscription_edtech,digital_service,medium,0.732002994348807,19,1,0,,0.3015678524374177,0,797.0,1.0,0,ACCEPT,-646.52
DSP000491,TXN0111955,M000203,,Visa,UNAUTHORIZED_TRANSACTION,Unauthorized Transaction,2025-11-09,499,587,150,2025-11-26,17,contested,lost,2025-12-10,4,1,3,0.47868333333333335,3,,,,,,,,,,,,,,,,,,subscription_edtech,digital_service,medium,0.732002994348807,19,1,0,,0.0,737,737.0,1.0,0,ACCEPT,-737.0
DSP000492,TXN0111890,M000203,,Mastercard,RECURRING_BILLING_DISPUTE,Recurring Billing Dispute,2025-06-29,499,488,269,2025-07-16,17,contested,won,2025-07-22,5,4,1,0.7835333333333333,1,,,,,,,,,,,,,,,,,,subscription_edtech,digital_service,medium,0.732002994348807,19,1,0,,0.7837698359721295,757,757.0,1.0,0,ACCEPT,-365.9
DSP000493,TXN0109800,M000203,,RuPay,RECURRING_BILLING_DISPUTE,Recurring Billing Dispute,2025-10-02,499,535,157,2025-10-21,19,contested,lost,2025-10-24,5,2,3,0.4061666666666666,3,,,,,,,,,,,,,,,,,,subscription_edtech,digital_service,medium,0.732002994348807,19,1,0,,0.03225806451612903,692,692.0,1.0,0,ACCEPT,-675.9
DSP000494,TXN0111206,M000203,CUS0039997,RuPay,RECURRING_BILLING_DISPUTE,Recurring Billing Dispute,2025-08-25,4999,0,0,2025-09-07,13,accepted,accepted_refunded,,5,4,1,0.7531833333333333,1,,,,,,,,,,,,,,,,,,subscription_edtech,digital_service,medium,0.732002994348807,19,1,0,,0.6167523989000634,0,797.0,0.15943188637727546,1,CONTEST,2286.15
DSP000495,TXN0111642,M000203,CUS0039964,Visa,SERVICE_NOT_RENDERED,Service Not Rendered,2025-05-04,499,542,291,2025-05-17,13,contested,won,2025-06-04,4,3,1,0.59585,2,,,,,,,,,,,,,,,,,,subscription_edtech,digital_service,medium,0.732002994348807,19,1,0,,0.4849950443926779,833,833.0,1.0,0,ACCEPT,-590.99
DSP000496,TXN0111162,M000203,,Mastercard,RECURRING_BILLING_DISPUTE,Recurring Billing Dispute,2025-10-06,999,0,0,2025-10-13,7,accepted,accepted_refunded,,5,4,1,0.7727499999999999,1,,,,,,,,,,,,,,,,,,subscription_edtech,digital_service,medium,0.732002994348807,19,1,0,,0.6302139373616019,0,797.0,0.7977977977977978,0,ACCEPT,-167.42
DSP000497,TXN0111923,M000203,CUS0040107,RuPay,CREDIT_NOT_PROCESSED,Credit Not Processed,2025-12-18,499,0,0,2025-12-29,11,accepted,accepted_refunded,,4,4,0,0.9219666666666666,0,,,,,,,,,,,,,,,,,,subscription_edtech,digital_service,medium,0.732002994348807,19,1,0,,0.9335171798300206,0,797.0,1.0,0,ACCEPT,-331.17
DSP000498,TXN0112777,M000204,CUS0040404,Mastercard,MERCHANDISE_NOT_AS_DESCRIBED,Merchandise Not As Described,2025-07-31,1499,0,0,2025-08-13,13,accepted,accepted_refunded,,4,1,3,0.1626,5,,,,,,,,,,,,,,,,,,fitness_membership,membership_service,medium,0.5029079622302622,13,1,0,,0.0,0,797.0,0.5316877918612408,0,ACCEPT,-797.0
DSP000499,TXN0114805,M000204,CUS0040944,Mastercard,RECURRING_BILLING_DISPUTE,Recurring Billing Dispute,2025-10-18,1499,495,183,2025-11-04,17,contested,lost,2025-11-11,5,4,1,0.5669333333333334,2,,,,,,,,,,,,,,,,,,fitness_membership,membership_service,medium,0.5029079622302622,13,1,0,,0.25004329004329007,678,678.0,0.4523015343562375,0,ACCEPT,-303.19
DSP000500,TXN0113387,M000204,,Mastercard,RECURRING_BILLING_DISPUTE,Recurring Billing Dispute,2025-10-12,5999,0,0,2025-11-02,21,accepted,accepted_refunded,,5,3,2,0.3945,3,,,,,,,,,,,,,,,,,,fitness_membership,membership_service,medium,0.5029079622302622,13,1,0,,0.015384615384615385,0,797.0,0.13285547591265212,0,ACCEPT,-704.71
DSP000501,TXN0113935,M000204,,Visa,RECURRING_BILLING_DISPUTE,Recurring Billing Dispute,2025-03-07,1499,0,0,2025-03-17,10,accepted,accepted_refunded,,5,1,4,0.28565,4,,,,,,,,,,,,,,,,,,fitness_membership,membership_service,medium,0.5029079622302622,13,1,0,,0.0,0,797.0,0.5316877918612408,0,ACCEPT,-797.0
DSP000502,TXN0114611,M000204,,Visa,RECURRING_BILLING_DISPUTE,Recurring Billing Dispute,2025-03-15,8999,496,203,2025-03-29,14,contested,won,2025-04-20,5,4,1,0.5263,2,,,,,,,,,,,,,,,,,,fitness_membership,membership_service,medium,0.5029079622302622,13,1,0,,0.24337662337662339,699,699.0,0.07767529725525059,1,CONTEST,1491.15
DSP000503,TXN0113104,M000204,CUS0040548,RuPay,RECURRING_BILLING_DISPUTE,Recurring Billing Dispute,2025-07-10,5999,740,236,2025-07-31,21,contested,lost,2025-08-20,5,3,2,0.3858,3,,,,,,,,,,,,,,,,,,fitness_membership,membership_service,medium,0.5029079622302622,13,1,0,,0.015384615384615385,976,976.0,0.1626937822970495,0,ACCEPT,-883.71
DSP000504,TXN0113107,M000204,,Mastercard,RECURRING_BILLING_DISPUTE,Recurring Billing Dispute,2025-05-08,1499,0,0,2025-05-25,17,accepted,accepted_refunded,,5,3,2,0.33105,3,,,,,,,,,,,,,,,,,,fitness_membership,membership_service,medium,0.5029079622302622,13,1,0,,0.0,0,797.0,0.5316877918612408,0,ACCEPT,-797.0
DSP000505,TXN0114881,M000204,CUS0040551,Mastercard,RECURRING_BILLING_DISPUTE,Recurring Billing Dispute,2025-03-28,1499,410,199,2025-04-17,20,contested,lost,2025-05-04,5,4,1,0.45393333333333336,2,,,,,,,,,,,,,,,,,,fitness_membership,membership_service,medium,0.5029079622302622,13,1,0,,0.25004329004329007,609,609.0,0.40627084723148765,0,ACCEPT,-234.19
DSP000506,TXN0114832,M000204,,Visa,CREDIT_NOT_PROCESSED,Credit Not Processed,2025-08-12,8999,501,226,2025-08-24,12,contested,lost,2025-08-28,4,2,2,0.2704666666666667,4,,,,,,,,,,,,,,,,,,fitness_membership,membership_service,medium,0.5029079622302622,13,1,0,,0.0,727,727.0,0.08078675408378709,0,ACCEPT,-727.0
DSP000507,TXN0113701,M000204,CUS0040669,Visa,MERCHANDISE_NOT_AS_DESCRIBED,Merchandise Not As Described,2025-03-03,5999,504,300,2025-03-18,15,contested,won,2025-04-10,4,3,1,0.39188333333333336,3,,,,,,,,,,,,,,,,,,fitness_membership,membership_service,medium,0.5029079622302622,13,1,0,,0.10643682693018557,804,804.0,0.13402233705617603,0,ACCEPT,-165.49
DSP000508,TXN0112720,M000204,CUS0040363,Visa,RECURRING_BILLING_DISPUTE,Recurring Billing Dispute,2025-08-01,1499,0,0,2025-08-10,9,accepted,accepted_refunded,,5,5,0,0.6401833333333333,1,,,,,,,,,,,,,,,,,,fitness_membership,membership_service,medium,0.5029079622302622,13,1,0,,0.47000000000000003,0,797.0,0.5316877918612408,0,ACCEPT,-92.47
DSP000509,TXN0114066,M000204,CUS0040314,RuPay,CREDIT_NOT_PROCESSED,Credit Not Processed,2025-07-23,1499,630,256,2025-08-01,9,contested,lost,2025-08-29,4,1,3,0.09825,5,,,,,,,,,,,,,,,,,,fitness_membership,membership_service,medium,0.5029079622302622,13,1,0,,0.0,886,886.0,0.5910607071380921,0,ACCEPT,-886.0
DSP000510,TXN0114972,M000204,CUS0040247,Visa,RECURRING_BILLING_DISPUTE,Recurring Billing Dispute,2025-10-15,1499,0,0,2025-10-31,16,accepted,accepted_refunded,,5,3,2,0.4155666666666667,3,,,,,,,,,,,,,,,,,,fitness_membership,membership_service,medium,0.5029079622302622,13,1,0,,0.0,0,797.0,0.5316877918612408,0,ACCEPT,-797.0
DSP000511,TXN0113187,M000204,,Mastercard,SERVICE_NOT_RENDERED,Service Not Rendered,2025-05-11,1499,0,0,2025-05-21,10,accepted,accepted_refunded,,4,1,3,0.3803666666666667,3,,,,,,,,,,,,,,,,,,fitness_membership,membership_service,medium,0.5029079622302622,13,1,0,,0.0,0,797.0,0.5316877918612408,0,ACCEPT,-797.0
DSP000512,TXN0114183,M000204,CUS0041011,Mastercard,RECURRING_BILLING_DISPUTE,Recurring Billing Dispute,2026-01-23,5999,425,228,2026-02-06,14,contested,lost,2026-02-15,5,3,2,0.4204666666666667,2,,,,,,,,,,,,,,,,,,fitness_membership,membership_service,medium,0.5029079622302622,13,1,0,,0.015384615384615385,653,653.0,0.10885147524587431,0,ACCEPT,-560.71
DSP000513,TXN0114516,M000204,,Visa,SERVICE_NOT_RENDERED,Service Not Rendered,2025-11-18,1499,0,0,2025-11-29,11,accepted,accepted_refunded,,4,1,3,0.3242,4,,,,,,,,,,,,,,,,,,fitness_membership,membership_service,medium,0.5029079622302622,13,1,0,,0.0,0,797.0,0.5316877918612408,0,ACCEPT,-797.0
DSP000514,TXN0116738,M000205,CUS0041271,Visa,RECURRING_BILLING_DISPUTE,Recurring Billing Dispute,2025-04-25,19999,457,219,2025-05-03,8,contested,won,2025-05-22,5,5,0,0.9530500000000001,0,,,,,,,,,,,,,,,,,,saas_tools,digital_service,medium,0.9220490402671973,67,1,0,,0.9554042338239963,676,676.0,0.033801690084504225,1,CONTEST,18431.13
DSP000515,TXN0115947,M000205,CUS0041277,Mastercard,UNAUTHORIZED_TRANSACTION,Unauthorized Transaction,2025-05-25,4999,0,0,2025-06-03,9,accepted,accepted_refunded,,4,4,0,0.9133,0,,,,,,,,,,,,,,,,,,saas_tools,digital_service,medium,0.9220490402671973,67,1,0,,0.5550865285385409,0,797.0,0.15943188637727546,1,CONTEST,1977.88
DSP000516,TXN0115642,M000205,CUS0041243,Visa,SERVICE_NOT_RENDERED,Service Not Rendered,2025-12-14,4999,0,0,2025-12-23,9,accepted,accepted_refunded,,4,4,0,0.9174666666666665,0,,,,,,,,,,,,,,,,,,saas_tools,digital_service,medium,0.9220490402671973,67,1,0,,0.9347389865036924,0,797.0,0.15943188637727546,1,CONTEST,3875.76
DSP000517,TXN0117434,M000205,,Visa,UNAUTHORIZED_TRANSACTION,Unauthorized Transaction,2025-12-30,9999,736,249,2026-01-15,16,contested,won,2026-02-13,4,4,0,0.9474833333333333,0,,,,,,,,,,,,,,,,,,saas_tools,digital_service,medium,0.9220490402671973,67,1,0,,0.5616799351319475,985,985.0,0.09850985098509851,1,CONTEST,4631.24
DSP000518,TXN0116202,M000205,CUS0041635,Visa,CREDIT_NOT_PROCESSED,Credit Not Processed,2025-11-18,4999,591,210,2025-12-01,13,contested,lost,2025-12-10,4,3,1,0.7891833333333333,1,,,,,,,,,,,,,,,,,,saas_tools,digital_service,medium,0.9220490402671973,67,1,0,,0.6708489941431117,801,801.0,0.16023204640928185,1,CONTEST,2552.57
DSP000519,TXN0117061,M000205,,Visa,RECURRING_BILLING_DISPUTE,Recurring Billing Dispute,2025-11-24,4999,465,258,2025-12-08,14,contested,won,2025-12-24,5,4,1,0.6017833333333333,2,,,,,,,,,,,,,,,,,,saas_tools,digital_service,medium,0.9220490402671973,67,1,0,,0.644284866432531,723,723.0,0.14462892578515704,1,CONTEST,2497.78
DSP000520,TXN0117058,M000205,CUS0041472,RuPay,UNAUTHORIZED_TRANSACTION,Unauthorized Transaction,2025-09-01,9999,0,0,2025-09-09,8,accepted,accepted_refunded,,4,4,0,0.8946166666666667,0,,,,,,,,,,,,,,,,,,saas_tools,digital_service,medium,0.9220490402671973,67,1,0,,0.5550865285385409,0,797.0,0.07970797079707971,1,CONTEST,4753.31
DSP000521,TXN0115138,M000205,CUS0041543,RuPay,DUPLICATE_TRANSACTION,Duplicate Transaction,2026-02-17,4999,487,283,2026-02-26,9,contested,won,2026-04-02,2,2,0,0.9056166666666666,0,,,,,,,,,,,,,,,,,,saas_tools,digital_service,medium,0.9220490402671973,67,1,0,,0.9347389865036924,770,770.0,0.15403080616123224,1,CONTEST,3902.76
DSP000522,TXN0116687,M000205,,Mastercard,UNAUTHORIZED_TRANSACTION,Unauthorized Transaction,2025-05-27,4999,0,0,2025-06-09,13,accepted,accepted_refunded,,4,4,0,0.95235,0,,,,,,,,,,,,,,,,,,saas_tools,digital_service,medium,0.9220490402671973,67,1,0,,0.5032153031983984,0,797.0,0.15943188637727546,1,CONTEST,1718.57
DSP000523,TXN0117186,M000205,,Visa,CREDIT_NOT_PROCESSED,Credit Not Processed,2025-11-08,19999,715,278,2025-11-16,8,contested,won,2025-12-07,4,4,0,0.9310333333333333,0,,,,,,,,,,,,,,,,,,saas_tools,digital_service,medium,0.9220490402671973,67,1,0,,0.9347389865036924,993,993.0,0.04965248262413121,1,CONTEST,17700.84
DSP000524,TXN0116427,M000205,CUS0041325,Visa,RECURRING_BILLING_DISPUTE,Recurring Billing Dispute,2025-03-20,4999,412,188,2025-04-06,17,contested,won,2025-05-04,5,5,0,0.7773,1,,,,,,,,,,,,,,,,,,saas_tools,digital_service,medium,0.9220490402671973,67,1,0,,0.9529208046855107,600,600.0,0.12002400480096019,1,CONTEST,4163.65
DSP000525,TXN0115133,M000205,,Mastercard,UNAUTHORIZED_TRANSACTION,Unauthorized Transaction,2025-08-09,4999,545,193,2025-08-17,8,contested,won,2025-08-31,4,4,0,0.9276333333333334,0,,,,,,,,,,,,,,,,,,saas_tools,digital_service,medium,0.9220490402671973,67,1,0,,0.5750132684652808,738,738.0,0.14762952590518102,1,CONTEST,2136.49
DSP000526,TXN0120388,M000206,,Mastercard,RECURRING_BILLING_DISPUTE,Recurring Billing Dispute,2025-04-08,499,430,266,2025-04-15,7,contested,lost,2025-05-14,5,1,4,0.2665666666666667,4,,,,,,,,,,,,,,,,,,subscription_edtech,digital_service,medium,0.6122508125703848,43,1,0,,0.0,696,696.0,1.0,0,ACCEPT,-696.0
DSP000527,TXN0120411,M000206,CUS0042777,Visa,SERVICE_NOT_RENDERED,Service Not Rendered,2025-06-18,14999,539,152,2025-07-02,14,contested,won,2025-07-11,4,2,2,0.42491666666666666,3,,,,,,,,,,,,,,,,,,subscription_edtech,digital_service,medium,0.6122508125703848,43,1,0,,0.05578747628083491,691,691.0,0.046069737982532166,1,CONTEST,145.76
DSP000528,TXN0120214,M000206,CUS0042925,RuPay,RECURRING_BILLING_DISPUTE,Recurring Billing Dispute,2025-09-26,14999,569,186,2025-10-14,18,contested,lost,2025-10-24,5,4,1,0.5513333333333333,2,,,,,,,,,,,,,,,,,,subscription_edtech,digital_service,medium,0.6122508125703848,43,1,0,,0.37884057971014495,755,755.0,0.05033668911260751,1,CONTEST,4927.23
DSP000529,TXN0117845,M000206,,Visa,RECURRING_BILLING_DISPUTE,Recurring Billing Dispute,2026-01-19,499,0,0,2026-01-29,10,accepted,accepted_refunded,,5,4,1,0.7509166666666666,1,,,,,,,,,,,,,,,,,,subscription_edtech,digital_service,medium,0.6122508125703848,43,1,0,,0.6167523989000634,0,797.0,1.0,0,ACCEPT,-489.24
DSP000530,TXN0118985,M000206,,Visa,UNAUTHORIZED_TRANSACTION,Unauthorized Transaction,2025-05-20,499,0,0,2025-06-07,18,accepted,accepted_refunded,,4,3,1,0.66225,1,,,,,,,,,,,,,,,,,,subscription_edtech,digital_service,medium,0.6122508125703848,43,1,0,,0.29909090909090913,0,797.0,1.0,0,ACCEPT,-647.75
DSP000531,TXN0119452,M000206,CUS0042705,Mastercard,RECURRING_BILLING_DISPUTE,Recurring Billing Dispute,2025-08-12,499,712,281,2025-08-25,13,contested,lost,2025-09-05,5,2,3,0.4454833333333334,3,,,,,,,,,,,,,,,,,,subscription_edtech,digital_service,medium,0.6122508125703848,43,1,0,,0.0,993,993.0,1.0,0,ACCEPT,-993.0
DSP000532,TXN0118048,M000206,CUS0042073,RuPay,RECURRING_BILLING_DISPUTE,Recurring Billing Dispute,2026-01-11,14999,0,0,2026-01-29,18,accepted,accepted_refunded,,5,4,1,0.7246666666666667,1,,,,,,,,,,,,,,,,,,subscription_edtech,digital_service,medium,0.6122508125703848,43,1,0,,0.6101589923066568,0,797.0,0.05313687579171945,1,CONTEST,8354.77
DSP000533,TXN0118614,M000206,CUS0042721,Visa,SERVICE_NOT_RENDERED,Service Not Rendered,2026-01-19,24999,416,224,2026-02-01,13,contested,lost,2026-02-03,4,2,2,0.5323666666666667,2,,,,,,,,,,,,,,,,,,subscription_edtech,digital_service,medium,0.6122508125703848,43,1,0,,0.07007319056654919,640,640.0,0.025601024040961637,1,CONTEST,1111.76
DSP000534,TXN0119453,M000206,CUS0042740,Mastercard,CREDIT_NOT_PROCESSED,Credit Not Processed,2025-10-18,499,0,0,2025-11-05,18,accepted,accepted_refunded,,4,3,1,0.4814833333333333,2,,,,,,,,,,,,,,,,,,subscription_edtech,digital_service,medium,0.6122508125703848,43,1,0,,0.3875518341307814,0,797.0,1.0,0,ACCEPT,-603.61
DSP000535,TXN0117931,M000206,,RuPay,CREDIT_NOT_PROCESSED,Credit Not Processed,2025-09-03,499,0,0,2025-09-12,9,accepted,accepted_refunded,,4,4,0,0.7526666666666667,0,14999.0,netbanking,not_applicable,1.0,DEV697550,0.5578541640474397,3.0,0.0,0.0,,,,2025-01-31 18:01:00,0.0,0.0,0.0,,subscription_edtech,digital_service,medium,0.6122508125703848,43,1,0,214.24930555555557,0.9024809219875634,0,797.0,1.0,0,ACCEPT,-346.66
DSP000536,TXN0119914,M000206,CUS0042553,Visa,RECURRING_BILLING_DISPUTE,Recurring Billing Dispute,2025-05-10,14999,621,209,2025-05-28,18,contested,lost,2025-05-30,5,1,4,0.2631666666666667,4,,,,,,,,,,,,,,,,,,subscription_edtech,digital_service,medium,0.6122508125703848,43,1,0,,0.0,830,830.0,0.05533702246816454,0,ACCEPT,-830.0
DSP000537,TXN0117993,M000206,CUS0042215,Visa,MERCHANDISE_NOT_AS_DESCRIBED,Merchandise Not As Described,2025-07-22,499,600,152,2025-07-31,9,contested,lost,2025-08-29,4,2,2,0.4102333333333333,3,,,,,,,,,,,,,,,,,,subscription_edtech,digital_service,medium,0.6122508125703848,43,1,0,,0.006691477332962893,752,752.0,1.0,0,ACCEPT,-748.66
DSP000538,TXN0120154,M000206,CUS0042267,Visa,RECURRING_BILLING_DISPUTE,Recurring Billing Dispute,2025-08-12,14999,437,270,2025-08-31,19,contested,won,2025-09-24,5,3,2,0.45933333333333337,3,,,,,,,,,,,,,,,,,,subscription_edtech,digital_service,medium,0.6122508125703848,43,1,0,,0.10245888282281683,707,707.0,0.047136475765051006,1,CONTEST,829.78
DSP000539,TXN0118102,M000206,,Visa,UNAUTHORIZED_TRANSACTION,Unauthorized Transaction,2025-03-05,499,441,163,2025-03-14,9,contested,lost,2025-04-01,4,4,0,0.6816833333333333,1,,,,,,,,,,,,,,,,,,subscription_edtech,digital_service,medium,0.6122508125703848,43,1,0,,0.4551563691838291,604,604.0,1.0,0,ACCEPT,-376.88
DSP000540,TXN0118894,M000206,CUS0042136,Visa,RECURRING_BILLING_DISPUTE,Recurring Billing Dispute,2025-06-23,499,0,0,2025-07-10,17,accepted,accepted_refunded,,5,4,1,0.5646,2,,,,,,,,,,,,,,,,,,subscription_edtech,digital_service,medium,0.6122508125703848,43,1,0,,0.4655555555555556,0,797.0,1.0,0,ACCEPT,-564.69
DSP000541,TXN0119765,M000206,CUS0042333,Visa,UNAUTHORIZED_TRANSACTION,Unauthorized Transaction,2026-01-28,24999,0,0,2026-02-10,13,accepted,accepted_refunded,,4,1,3,0.13306666666666667,5,,,,,,,,,,,,,,,,,,subscription_edtech,digital_service,medium,0.6122508125703848,43,1,0,,0.0,0,797.0,0.03188127525101004,0,ACCEPT,-797.0
DSP000542,TXN0121458,M000207,CUS0043127,Mastercard,DUPLICATE_TRANSACTION,Duplicate Transaction,2025-08-03,2999,0,0,2025-08-13,10,accepted,accepted_refunded,,2,2,0,0.9176666666666667,0,,,,,,,,,,,,,,,,,,saas_tools,digital_service,medium,0.8859491332364996,20,1,0,,0.9347389865036924,0,797.0,0.2657552517505835,1,CONTEST,2006.28
DSP000543,TXN0122621,M000207,,Mastercard,SERVICE_NOT_RENDERED,Service Not Rendered,2025-06-26,9999,0,0,2025-07-11,15,accepted,accepted_refunded,,4,3,1,0.8074,1,,,,,,,,,,,,,,,,,,saas_tools,digital_service,medium,0.8859491332364996,20,1,0,,0.6276015037593985,0,797.0,0.07970797079707971,1,CONTEST,5478.39
DSP000544,TXN0122226,M000207,CUS0043747,RuPay,CREDIT_NOT_PROCESSED,Credit Not Processed,2026-02-01,9999,476,266,2026-02-17,16,contested,won,2026-02-17,4,4,0,0.7940166666666667,1,,,,,,,,,,,,,,,,,,saas_tools,digital_service,medium,0.8859491332364996,20,1,0,,0.8756410951477365,742,742.0,0.0742074207420742,1,CONTEST,8013.54
DSP000545,TXN0122853,M000207,,Mastercard,CREDIT_NOT_PROCESSED,Credit Not Processed,2025-04-04,9999,724,262,2025-04-25,21,contested,lost,2025-04-25,4,3,1,0.6497333333333334,2,,,,,,,,,,,,,,,,,,saas_tools,digital_service,medium,0.8859491332364996,20,1,0,,0.4810784313725491,986,986.0,0.09860986098609861,1,CONTEST,3824.3
DSP000546,TXN0121026,M000207,,Visa,RECURRING_BILLING_DISPUTE,Recurring Billing Dispute,2025-12-25,9999,676,191,2026-01-14,20,contested,won,2026-02-02,5,5,0,0.9385499999999999,0,2999.0,debit_card,passed,1.0,,0.2819367991707025,1.0,0.0,1.0,,,,2025-05-11 15:45:00,0.0,0.0,0.0,,saas_tools,digital_service,medium,0.8859491332364996,20,1,0,227.34375,0.9559068000777466,867,867.0,0.08670867086708671,1,CONTEST,8691.11
DSP000547,TXN0122266,M000207,CUS0043770,Visa,RECURRING_BILLING_DISPUTE,Recurring Billing Dispute,2025-09-07,2999,726,292,2025-09-14,7,contested,lost,2025-10-22,5,4,1,0.7533333333333333,1,,,,,,,,,,,,,,,,,,saas_tools,digital_service,medium,0.8859491332364996,20,1,0,,0.7097115923693806,1018,1018.0,0.33944648216072026,1,CONTEST,1110.43
DSP000548,TXN0121336,M000207,CUS0043667,Visa,RECURRING_BILLING_DISPUTE,Recurring Billing Dispute,2025-03-30,2999,0,0,2025-04-12,13,accepted,accepted_refunded,,5,4,1,0.7811166666666667,1,,,,,,,,,,,,,,,,,,saas_tools,digital_service,medium,0.8859491332364996,20,1,0,,0.7837698359721295,0,797.0,0.2657552517505835,1,CONTEST,1553.53
DSP000549,TXN0121942,M000207,CUS0043209,Mastercard,DUPLICATE_TRANSACTION,Duplicate Transaction,2025-12-21,49999,630,256,2026-01-02,12,contested,won,2026-01-13,2,1,1,0.7859833333333333,1,,,,,,,,,,,,,,,,,,saas_tools,digital_service,medium,0.8859491332364996,20,1,0,,0.6204748069268193,886,886.0,0.01772035440708814,1,CONTEST,30137.12
DSP000550,TXN0123011,M000207,CUS0043686,RuPay,SERVICE_NOT_RENDERED,Service Not Rendered,2025-09-22,2999,467,256,2025-10-04,12,contested,lost,2025-10-18,4,2,2,0.62975,2,,,,,,,,,,,,,,,,,,saas_tools,digital_service,medium,0.8859491332364996,20,1,0,,0.2791869000564653,723,723.0,0.24108036012004003,1,CONTEST,114.28
DSP000551,TXN0122190,M000207,CUS0043920,Mastercard,RECURRING_BILLING_DISPUTE,Recurring Billing Dispute,2025-07-19,2999,666,175,2025-07-27,8,contested,won,2025-08-10,5,4,1,0.78435,1,,,,,,,,,,,,,,,,,,saas_tools,digital_service,medium,0.8859491332364996,20,1,0,,0.7837698359721295,841,841.0,0.2804268089363121,1,CONTEST,1509.53
DSP000552,TXN0120873,M000207,CUS0043029,RuPay,UNAUTHORIZED_TRANSACTION,Unauthorized Transaction,2025-08-02,2999,563,259,2025-08-21,19,contested,won,2025-08-16,4,4,0,0.9584833333333332,0,,,,,,,,,,,,,,,,,,saas_tools,digital_service,medium,0.8859491332364996,20,1,0,,0.5086943318962815,822,822.0,0.2740913637879293,1,CONTEST,703.57
DSP000553,TXN0123052,M000207,CUS0043850,Visa,RECURRING_BILLING_DISPUTE,Recurring Billing Dispute,2025-06-10,2999,0,0,2025-06-23,13,accepted,accepted_refunded,,5,4,1,0.7718833333333333,1,,,,,,,,,,,,,,,,,,saas_tools,digital_service,medium,0.8859491332364996,20,1,0,,0.7837698359721295,0,797.0,0.2657552517505835,1,CONTEST,1553.53
DSP000554,TXN0121119,M000207,CUS0043014,Mastercard,DUPLICATE_TRANSACTION,Duplicate Transaction,2025-12-08,9999,727,230,2025-12-19,11,contested,won,2025-12-30,2,2,0,0.9371833333333334,0,,,,,,,,,,,,,,,,,,saas_tools,digital_service,medium,0.8859491332364996,20,1,0,,0.9347389865036924,957,957.0,0.09570957095709572,1,CONTEST,8389.46
DSP000555,TXN0122888,M000207,,Visa,CREDIT_NOT_PROCESSED,Credit Not Processed,2025-06-04,2999,0,0,2025-06-24,20,accepted,accepted_refunded,,4,3,1,0.6086666666666667,2,,,,,,,,,,,,,,,,,,saas_tools,digital_service,medium,0.8859491332364996,20,1,0,,0.4975608167786323,0,797.0,0.2657552517505835,1,CONTEST,695.18
DSP000556,TXN0124568,M000208,,Visa,UNAUTHORIZED_TRANSACTION,Unauthorized Transaction,2025-12-30,2845,0,0,2026-01-18,19,accepted,accepted_refunded,,4,3,1,0.76415,1,,,,,,,,,,,,,,,,,,d2c_brand,physical_delivery,medium,0.8906411049810379,22,0,1,,0.27765676674131134,0,797.0,0.28014059753954307,0,ACCEPT,-7.07
DSP000557,TXN0123269,M000208,CUS0044039,Visa,MERCHANDISE_NOT_AS_DESCRIBED,Merchandise Not As Described,2025-07-29,409,0,0,2025-08-12,14,accepted,accepted_refunded,,3,3,0,0.9500166666666666,0,,,,,,,,,,,,,,,,,,d2c_brand,physical_delivery,medium,0.8906411049810379,22,0,1,,0.8363412645435581,0,797.0,1.0,0,ACCEPT,-454.94
DSP000558,TXN0124686,M000208,,Visa,UNAUTHORIZED_TRANSACTION,Unauthorized Transaction,2025-12-26,895,428,193,2026-01-04,9,contested,lost,2026-02-01,4,3,1,0.7874666666666666,1,,,,,,,,,,,,,,,,,,d2c_brand,physical_delivery,medium,0.8906411049810379,22,0,1,,0.28145962732919255,621,621.0,0.693854748603352,0,ACCEPT,-369.09
DSP000559,TXN0123438,M000208,CUS0044310,Mastercard,MERCHANDISE_NOT_RECEIVED,Merchandise Not Received,2025-12-25,749,0,0,2026-01-14,20,accepted,accepted_refunded,,4,4,0,0.7905000000000001,1,,,,,,,,,,,,,,,,,,d2c_brand,physical_delivery,medium,0.8906411049810379,22,0,1,,0.8545230827253765,0,797.0,1.0,0,ACCEPT,-156.96
DSP000560,TXN0124251,M000208,,Mastercard,CREDIT_NOT_PROCESSED,Credit Not Processed,2025-10-03,1900,435,183,2025-10-20,17,contested,lost,2025-11-11,3,2,1,0.7314166666666667,1,,,,,,,,,,,,,,,,,,d2c_brand,physical_delivery,medium,0.8906411049810379,22,0,1,,0.4664585483316134,618,618.0,0.32526315789473687,1,CONTEST,268.27
DSP000561,TXN0125028,M000208,,Mastercard,MERCHANDISE_NOT_AS_DESCRIBED,Merchandise Not As Described,2025-02-24,1450,741,162,2025-03-07,11,contested,lost,2025-04-04,3,2,1,0.6222833333333333,2,,,,,,,,,,,,,,,,,,d2c_brand,physical_delivery,medium,0.8906411049810379,22,0,1,,0.27128418873270127,903,903.0,0.6227586206896552,0,ACCEPT,-509.64
DSP000562,TXN0123768,M000208,,Mastercard,UNAUTHORIZED_TRANSACTION,Unauthorized Transaction,2025-08-07,3849,602,252,2025-08-28,21,contested,won,2025-09-01,4,4,0,0.7773166666666667,1,1545.0,upi,not_applicable,1.0,DEV895156,0.3868683775174757,1.0,0.0,0.0,delivered,2025-03-26,1.0,2025-03-24 10:06:00,0.0,0.0,0.0,,d2c_brand,physical_delivery,medium,0.8906411049810379,22,0,1,135.57916666666668,0.5625228758169935,854,854.0,0.22187581189919459,1,CONTEST,1311.15
DSP000563,TXN0123628,M000208,,Visa,UNAUTHORIZED_TRANSACTION,Unauthorized Transaction,2025-12-11,2550,0,0,2025-12-22,11,accepted,accepted_refunded,,4,4,0,0.9094166666666667,0,499.0,credit_card,passed,1.0,DEV194699,0.3558299779406629,1.0,0.0,0.0,in_transit,,0.0,2025-12-07 11:43:00,0.0,0.0,0.0,,d2c_brand,physical_delivery,medium,0.8906411049810379,22,0,1,3.5118055555555556,0.5398818501759679,0,797.0,0.31254901960784315,1,CONTEST,579.7
DSP000564,TXN0124918,M000208,CUS0044240,Mastercard,DUPLICATE_TRANSACTION,Duplicate Transaction,2025-03-11,600,537,282,2025-03-29,18,contested,won,2025-04-22,2,2,0,0.9179833333333334,0,,,,,,,,,,,,,,,,,,d2c_brand,physical_delivery,medium,0.8906411049810379,22,0,1,,0.9347389865036924,819,819.0,1.0,0,ACCEPT,-258.16
DSP000565,TXN0124620,M000208,,Mastercard,UNAUTHORIZED_TRANSACTION,Unauthorized Transaction,2025-08-07,460,0,0,2025-08-21,14,accepted,accepted_refunded,,4,4,0,0.9756166666666667,0,,,,,,,,,,,,,,,,,,d2c_brand,physical_delivery,medium,0.8906411049810379,22,0,1,,0.4551563691838291,0,797.0,1.0,0,ACCEPT,-587.63
DSP000566,TXN0124934,M000208,CUS0044717,Visa,MERCHANDISE_NOT_RECEIVED,Merchandise Not Received,2025-04-26,595,559,196,2025-05-15,19,contested,won,2025-06-08,4,3,1,0.8166666666666668,1,,,,,,,,,,,,,,,,,,d2c_brand,physical_delivery,medium,0.8906411049810379,22,0,1,,0.6540720919946926,755,755.0,1.0,0,ACCEPT,-365.83
DSP000567,TXN0125250,M000208,CUS0044016,Mastercard,DUPLICATE_TRANSACTION,Duplicate Transaction,2025-10-30,2800,570,206,2025-11-13,14,contested,lost,2025-11-23,2,1,1,0.6110166666666667,2,,,,,,,,,,,,,,,,,,d2c_brand,physical_delivery,medium,0.8906411049810379,22,0,1,,0.39680943541695507,776,776.0,0.27714285714285714,1,CONTEST,335.07
DSP000568,TXN0125544,M000208,CUS0043986,Visa,UNAUTHORIZED_TRANSACTION,Unauthorized Transaction,2025-04-27,2750,0,0,2025-05-07,10,accepted,accepted_refunded,,4,3,1,0.5896833333333333,2,,,,,,,,,,,,,,,,,,d2c_brand,physical_delivery,medium,0.8906411049810379,22,0,1,,0.1352046835200083,0,797.0,0.2898181818181818,0,ACCEPT,-425.19
DSP000569,TXN0123769,M000208,CUS0044366,Mastercard,UNAUTHORIZED_TRANSACTION,Unauthorized Transaction,2026-01-10,1200,689,188,2026-01-19,9,contested,lost,2026-02-23,4,3,1,0.7829833333333333,1,,,,,,,,,,,,,,,,,,d2c_brand,physical_delivery,medium,0.8906411049810379,22,0,1,,0.265853566723132,877,877.0,0.7308333333333333,0,ACCEPT,-557.98
DSP000570,TXN0126989,M000209,CUS0045406,Visa,MERCHANDISE_NOT_RECEIVED,Merchandise Not Received,2025-05-12,850,448,217,2025-05-30,18,contested,lost,2025-06-05,4,3,1,0.7160833333333333,1,,,,,,,,,,,,,,,,,,d2c_brand,physical_delivery,medium,0.7415434506703079,35,0,1,,0.5842633287090445,665,665.0,0.7823529411764706,0,ACCEPT,-168.38
DSP000571,TXN0126748,M000209,CUS0045688,Mastercard,MERCHANDISE_NOT_AS_DESCRIBED,Merchandise Not As Described,2025-12-15,895,549,163,2026-01-05,21,contested,lost,2026-01-28,3,2,1,0.7214333333333333,1,,,,,,,,,,,,,,,,,,d2c_brand,physical_delivery,medium,0.7415434506703079,35,0,1,,0.4752619671350321,712,712.0,0.7955307262569833,0,ACCEPT,-286.64
DSP000572,TXN0127050,M000209,CUS0045718,Visa,MERCHANDISE_NOT_RECEIVED,Merchandise Not Received,2025-07-18,2900,595,200,2025-08-07,20,contested,won,2025-08-11,4,3,1,0.76605,1,,,,,,,,,,,,,,,,,,d2c_brand,physical_delivery,medium,0.7415434506703079,35,0,1,,0.5616799351319475,795,795.0,0.27413793103448275,1,CONTEST,833.87
DSP000573,TXN0127085,M000209,,Mastercard,MERCHANDISE_NOT_RECEIVED,Merchandise Not Received,2025-03-04,1000,461,266,2025-03-14,10,contested,lost,2025-04-14,4,3,1,0.5737,2,,,,,,,,,,,,,,,,,,d2c_brand,physical_delivery,medium,0.7415434506703079,35,0,1,,0.39871345029239763,727,727.0,0.727,0,ACCEPT,-328.29
DSP000574,TXN0126856,M000209,,Mastercard,MERCHANDISE_NOT_AS_DESCRIBED,Merchandise Not As Described,2026-02-20,8300,483,293,2026-03-12,20,contested,lost,2026-03-08,3,3,0,0.9392166666666667,0,,,,,,,,,,,,,,,,,,d2c_brand,physical_delivery,medium,0.7415434506703079,35,0,1,,0.7139426043801921,776,776.0,0.09349397590361445,1,CONTEST,5149.72
DSP000575,TXN0128369,M000209,CUS0045847,Visa,CREDIT_NOT_PROCESSED,Credit Not Processed,2026-01-07,799,0,0,2026-01-24,17,accepted,accepted_refunded,,3,3,0,0.7287666666666667,1,,,,,,,,,,,,,,,,,,d2c_brand,physical_delivery,medium,0.7415434506703079,35,0,1,,0.6861065173446665,0,797.0,0.9974968710888611,0,ACCEPT,-248.8
DSP000576,TXN0128067,M000209,CUS0045058,Visa,MERCHANDISE_NOT_RECEIVED,Merchandise Not Received,2025-10-07,900,698,202,2025-10-18,11,contested,lost,2025-11-20,4,3,1,0.7559333333333335,1,,,,,,,,,,,,,,,,,,d2c_brand,physical_delivery,medium,0.7415434506703079,35,0,1,,0.5550865285385409,900,900.0,1.0,0,ACCEPT,-400.42
DSP000577,TXN0128222,M000209,,Visa,MERCHANDISE_NOT_RECEIVED,Merchandise Not Received,2025-05-03,699,0,0,2025-05-13,10,accepted,accepted_refunded,,4,3,1,0.7435166666666667,1,,,,,,,,,,,,,,,,,,d2c_brand,physical_delivery,medium,0.7415434506703079,35,0,1,,0.5822681704260652,0,797.0,1.0,0,ACCEPT,-389.99
DSP000578,TXN0129767,M000210,,Mastercard,CREDIT_NOT_PROCESSED,Credit Not Processed,2025-09-28,24999,623,293,2025-10-13,15,contested,won,2025-10-29,4,4,0,0.9041333333333333,0,,,,,,,,,,,,,,,,,,subscription_edtech,digital_service,medium,0.7633696815258392,117,1,0,,0.9206627401693815,916,916.0,0.036641465658626346,1,CONTEST,22099.65
DSP000579,TXN0130380,M000210,CUS0046487,Mastercard,CREDIT_NOT_PROCESSED,Credit Not Processed,2025-01-19,1499,497,188,2025-02-06,18,contested,lost,2025-02-13,4,3,1,0.7801999999999999,1,,,,,,,,,,,,,,,,,,subscription_edtech,digital_service,medium,0.7633696815258392,117,1,0,,0.6190406077168741,685,685.0,0.45697131420947296,1,CONTEST,242.94
DSP000580,TXN0130829,M000210,CUS0046720,Visa,MERCHANDISE_NOT_AS_DESCRIBED,Merchandise Not As Described,2025-10-16,1499,596,239,2025-11-01,16,contested,won,2025-11-01,4,4,0,0.7655333333333333,1,,,,,,,,,,,,,,,,,,subscription_edtech,digital_service,medium,0.7633696815258392,117,1,0,,0.9347389865036924,835,835.0,0.5570380253502335,1,CONTEST,566.17
DSP000581,TXN0130644,M000210,CUS0046782,Visa,RECURRING_BILLING_DISPUTE,Recurring Billing Dispute,2025-10-04,499,0,0,2025-10-17,13,accepted,accepted_refunded,,5,3,2,0.49,3,,,,,,,,,,,,,,,,,,subscription_edtech,digital_service,medium,0.7633696815258392,117,1,0,,0.07007319056654919,0,797.0,1.0,0,ACCEPT,-762.03
DSP000582,TXN0130192,M000210,CUS0046055,Mastercard,RECURRING_BILLING_DISPUTE,Recurring Billing Dispute,2025-04-22,24999,500,219,2025-05-02,10,contested,won,2025-05-27,5,5,0,0.8812000000000001,0,,,,,,,,,,,,,,,,,,subscription_edtech,digital_service,medium,0.7633696815258392,117,1,0,,0.9347389865036924,719,719.0,0.02876115044601784,1,CONTEST,22648.54
DSP000583,TXN0130328,M000210,CUS0046100,Visa,CREDIT_NOT_PROCESSED,Credit Not Processed,2025-08-20,1499,749,220,2025-09-02,13,contested,won,2025-09-19,4,4,0,0.82335,0,,,,,,,,,,,,,,,,,,subscription_edtech,digital_service,medium,0.7633696815258392,117,1,0,,0.9347389865036924,969,969.0,0.6464309539693128,1,CONTEST,432.17
DSP000584,TXN0130907,M000210,CUS0046767,Mastercard,SERVICE_NOT_RENDERED,Service Not Rendered,2025-11-13,499,640,211,2025-11-25,12,contested,lost,2025-12-23,4,3,1,0.7715166666666667,1,,,,,,,,,,,,,,,,,,subscription_edtech,digital_service,medium,0.7633696815258392,117,1,0,,0.6070132684652808,851,851.0,1.0,0,ACCEPT,-548.1
DSP000585,TXN0130392,M000210,CUS0046640,Visa,SERVICE_NOT_RENDERED,Service Not Rendered,2025-04-03,499,559,240,2025-04-15,12,contested,won,2025-04-17,4,3,1,0.7300833333333333,1,,,,,,,,,,,,,,,,,,subscription_edtech,digital_service,medium,0.7633696815258392,117,1,0,,0.6276015037593985,799,799.0,1.0,0,ACCEPT,-485.83
DSP000586,TXN0128536,M000210,CUS0046439,Mastercard,CREDIT_NOT_PROCESSED,Credit Not Processed,2025-12-29,499,676,252,2026-01-11,13,contested,won,2026-01-28,4,4,0,0.84265,0,,,,,,,,,,,,,,,,,,subscription_edtech,digital_service,medium,0.7633696815258392,117,1,0,,0.9347389865036924,928,928.0,1.0,0,ACCEPT,-461.57
DSP000587,TXN0129164,M000210,CUS0045947,Visa,RECURRING_BILLING_DISPUTE,Recurring Billing Dispute,2025-02-19,499,0,0,2025-03-10,19,accepted,accepted_refunded,,5,4,1,0.7764166666666666,1,,,,,,,,,,,,,,,,,,subscription_edtech,digital_service,medium,0.7633696815258392,117,1,0,,0.8048878483944897,0,797.0,1.0,0,ACCEPT,-395.36
DSP000588,TXN0131089,M000210,CUS0046804,Visa,CREDIT_NOT_PROCESSED,Credit Not Processed,2025-03-01,499,0,0,2025-03-21,20,accepted,accepted_refunded,,4,4,0,0.8046166666666666,1,,,,,,,,,,,,,,,,,,subscription_edtech,digital_service,medium,0.7633696815258392,117,1,0,,0.9347389865036924,0,797.0,1.0,0,ACCEPT,-330.57
DSP000589,TXN0130777,M000210,CUS0045879,Visa,CREDIT_NOT_PROCESSED,Credit Not Processed,2025-08-12,499,594,151,2025-08-29,17,contested,won,2025-09-26,4,4,0,0.7713833333333334,1,,,,,,,,,,,,,,,,,,subscription_edtech,digital_service,medium,0.7633696815258392,117,1,0,,0.9347389865036924,745,745.0,1.0,0,ACCEPT,-278.57
DSP000590,TXN0130862,M000210,CUS0046281,Mastercard,RECURRING_BILLING_DISPUTE,Recurring Billing Dispute,2025-12-25,1499,538,214,2026-01-14,20,contested,won,2026-02-01,5,5,0,0.9498166666666666,0,,,,,,,,,,,,,,,,,,subscription_edtech,digital_service,medium,0.7633696815258392,117,1,0,,0.9529208046855107,752,752.0,0.5016677785190127,1,CONTEST,676.43
DSP000591,TXN0128547,M000210,CUS0046047,RuPay,RECURRING_BILLING_DISPUTE,Recurring Billing Dispute,2025-11-09,499,507,243,2025-11-27,18,contested,lost,2025-12-23,5,3,2,0.4670666666666667,3,,,,,,,,,,,,,,,,,,subscription_edtech,digital_service,medium,0.7633696815258392,117,1,0,,0.07007319056654919,750,750.0,1.0,0,ACCEPT,-715.03
DSP000592,TXN0132810,M000211,,Mastercard,UNAUTHORIZED_TRANSACTION,Unauthorized Transaction,2025-04-21,399,568,226,2025-05-11,20,contested,lost,2025-05-14,4,2,2,0.6059166666666667,2,,,,,,,,,,,,,,,,,,saas_tools,digital_service,medium,0.8174477889230682,23,1,0,,0.19142857142857142,794,794.0,1.0,0,ACCEPT,-717.62
DSP000593,TXN0132539,M000211,CUS0047392,Mastercard,SERVICE_NOT_RENDERED,Service Not Rendered,2025-05-29,19999,507,203,2025-06-17,19,contested,won,2025-07-10,4,3,1,0.7753,1,,,,,,,,,,,,,,,,,,saas_tools,digital_service,medium,0.8174477889230682,23,1,0,,0.6130950259383511,710,710.0,0.03550177508875444,1,CONTEST,11551.29
DSP000594,TXN0131923,M000211,,Mastercard,UNAUTHORIZED_TRANSACTION,Unauthorized Transaction,2025-02-21,4999,663,176,2025-02-28,7,contested,lost,2025-03-10,4,3,1,0.7746333333333334,1,,,,,,,,,,,,,,,,,,saas_tools,digital_service,medium,0.8174477889230682,23,1,0,,0.3582345191040843,839,839.0,0.16783356671334268,1,CONTEST,951.81
DSP000595,TXN0133757,M000211,CUS0047702,Visa,SERVICE_NOT_RENDERED,Service Not Rendered,2025-05-13,9999,0,0,2025-06-03,21,accepted,accepted_refunded,,4,2,2,0.5971666666666667,2,,,,,,,,,,,,,,,,,,saas_tools,digital_service,medium,0.8174477889230682,23,1,0,,0.2867053812586109,0,797.0,0.07970797079707971,1,CONTEST,2069.77
DSP000596,TXN0132003,M000211,CUS0047404,Mastercard,RECURRING_BILLING_DISPUTE,Recurring Billing Dispute,2025-07-21,4999,634,249,2025-08-11,21,contested,won,2025-08-07,5,4,1,0.7545666666666667,1,,,,,,,,,,,,,,,,,,saas_tools,digital_service,medium,0.8174477889230682,23,1,0,,0.8363412645435581,883,883.0,0.17663532706541307,1,CONTEST,3297.87
DSP000597,TXN0131624,M000211,CUS0047259,RuPay,DUPLICATE_TRANSACTION,Duplicate Transaction,2025-08-10,399,444,205,2025-08-29,19,contested,won,2025-08-24,2,2,0,0.6330833333333333,2,,,,,,,,,,,,,,,,,,saas_tools,digital_service,medium,0.8174477889230682,23,1,0,,0.7572992477368354,649,649.0,1.0,0,ACCEPT,-346.84
DSP000598,TXN0132091,M000211,,Visa,CREDIT_NOT_PROCESSED,Credit Not Processed,2025-08-11,399,0,0,2025-08-28,17,accepted,accepted_refunded,,4,3,1,0.6058833333333333,2,,,,,,,,,,,,,,,,,,saas_tools,digital_service,medium,0.8174477889230682,23,1,0,,0.5336328773429655,0,797.0,1.0,0,ACCEPT,-584.08
DSP000599,TXN0132486,M000211,CUS0046924,Visa,RECURRING_BILLING_DISPUTE,Recurring Billing Dispute,2025-09-17,399,710,240,2025-10-06,19,contested,won,2025-10-21,5,5,0,0.9348333333333333,0,,,,,,,,,,,,,,,,,,saas_tools,digital_service,medium,0.8174477889230682,23,1,0,,0.9643493761140821,950,950.0,1.0,0,ACCEPT,-565.22
DSP000600,TXN0132056,M000211,CUS0047218,Visa,RECURRING_BILLING_DISPUTE,Recurring Billing Dispute,2025-02-15,399,0,0,2025-03-06,19,accepted,accepted_refunded,,5,4,1,0.7251833333333333,1,,,,,,,,,,,,,,,,,,saas_tools,digital_service,medium,0.8174477889230682,23,1,0,,0.8445904722271365,0,797.0,1.0,0,ACCEPT,-460.01
DSP000601,TXN0133427,M000211,CUS0047420,Visa,UNAUTHORIZED_TRANSACTION,Unauthorized Transaction,2025-03-07,9999,0,0,2025-03-22,15,accepted,accepted_refunded,,4,3,1,0.8099,1,,,,,,,,,,,,,,,,,,saas_tools,digital_service,medium,0.8174477889230682,23,1,0,,0.3721739130434783,0,797.0,0.07970797079707971,1,CONTEST,2924.37
DSP000602,TXN0134803,M000212,,Visa,SERVICE_NOT_RENDERED,Service Not Rendered,2025-11-19,999,0,0,2025-12-02,13,accepted,accepted_refunded,,4,4,0,0.5640666666666667,1,,,,,,,,,,,,,,,,,,fitness_membership,membership_service,medium,0.4600213379393868,12,1,0,,0.4406981554906969,0,797.0,0.7977977977977978,0,ACCEPT,-356.74
DSP000603,TXN0134204,M000212,,Mastercard,RECURRING_BILLING_DISPUTE,Recurring Billing Dispute,2025-06-13,2499,499,190,2025-06-27,14,contested,lost,2025-07-27,5,2,3,0.22081666666666666,4,,,,,,,,,,,,,,,,,,fitness_membership,membership_service,medium,0.4600213379393868,12,1,0,,0.0,689,689.0,0.27571028411364545,0,ACCEPT,-689.0
DSP000604,TXN0135559,M000212,CUS0048211,Visa,RECURRING_BILLING_DISPUTE,Recurring Billing Dispute,2026-02-07,2499,0,0,2026-02-19,12,accepted,accepted_refunded,,5,3,2,0.5190833333333333,2,,,,,,,,,,,,,,,,,,fitness_membership,membership_service,medium,0.4600213379393868,12,1,0,,0.03225806451612903,0,797.0,0.31892757102841135,0,ACCEPT,-716.39
DSP000605,TXN0135763,M000212,CUS0047807,Mastercard,MERCHANDISE_NOT_AS_DESCRIBED,Merchandise Not As Described,2025-07-19,999,0,0,2025-08-05,17,accepted,accepted_refunded,,4,2,2,0.18916666666666668,4,,,,,,,,,,,,,,,,,,fitness_membership,membership_service,medium,0.4600213379393868,12,1,0,,0.0,0,797.0,0.7977977977977978,0,ACCEPT,-797.0
DSP000606,TXN0135851,M000212,,Mastercard,CREDIT_NOT_PROCESSED,Credit Not Processed,2025-03-29,999,621,243,2025-04-11,13,contested,lost,2025-04-19,4,1,3,0.3959833333333333,3,,,,,,,,,,,,,,,,,,fitness_membership,membership_service,medium,0.4600213379393868,12,1,0,,0.0,864,864.0,0.8648648648648649,0,ACCEPT,-864.0
DSP000607,TXN0136295,M000212,,Visa,RECURRING_BILLING_DISPUTE,Recurring Billing Dispute,2025-08-13,2499,433,179,2025-08-25,12,contested,lost,2025-08-31,5,2,3,0.36660000000000004,3,,,,,,,,,,,,,,,,,,fitness_membership,membership_service,medium,0.4600213379393868,12,1,0,,0.0,612,612.0,0.24489795918367346,0,ACCEPT,-612.0
DSP000608,TXN0136419,M000212,CUS0048706,Visa,MERCHANDISE_NOT_AS_DESCRIBED,Merchandise Not As Described,2025-12-11,999,670,297,2025-12-22,11,contested,lost,2026-01-25,4,1,3,0.11891666666666667,5,,,,,,,,,,,,,,,,,,fitness_membership,membership_service,medium,0.4600213379393868,12,1,0,,0.0,967,967.0,0.9679679679679679,0,ACCEPT,-967.0
DSP000609,TXN0135252,M000212,CUS0048022,Visa,CREDIT_NOT_PROCESSED,Credit Not Processed,2025-12-21,999,735,266,2025-12-31,10,contested,lost,2026-01-11,4,2,2,0.24851666666666664,4,,,,,,,,,,,,,,,,,,fitness_membership,membership_service,medium,0.4600213379393868,12,1,0,,0.0,1001,1001.0,1.0,0,ACCEPT,-1001.0
DSP000610,TXN0134695,M000212,,Visa,SERVICE_NOT_RENDERED,Service Not Rendered,2025-10-28,999,0,0,2025-11-12,15,accepted,accepted_refunded,,4,2,2,0.4497,2,999.0,upi,not_applicable,0.0,DEV357731,0.1361914170862481,2.0,0.0,0.0,,,,2025-02-16 12:49:00,0.0,0.0,0.0,,fitness_membership,membership_service,medium,0.4600213379393868,12,1,0,253.46597222222223,0.07007319056654919,0,797.0,0.7977977977977978,0,ACCEPT,-727.0
DSP000611,TXN0134050,M000212,CUS0048567,Mastercard,RECURRING_BILLING_DISPUTE,Recurring Billing Dispute,2025-06-13,999,0,0,2025-06-20,7,accepted,accepted_refunded,,5,2,3,0.3495,3,,,,,,,,,,,,,,,,,,fitness_membership,membership_service,medium,0.4600213379393868,12,1,0,,0.0,0,797.0,0.7977977977977978,0,ACCEPT,-797.0
DSP000612,TXN0135641,M000212,CUS0047850,Visa,MERCHANDISE_NOT_AS_DESCRIBED,Merchandise Not As Described,2026-01-14,999,432,155,2026-01-29,15,contested,lost,2026-01-30,4,2,2,0.36425,3,,,,,,,,,,,,,,,,,,fitness_membership,membership_service,medium,0.4600213379393868,12,1,0,,0.0,587,587.0,0.5875875875875876,0,ACCEPT,-587.0
DSP000613,TXN0135414,M000212,CUS0048387,Mastercard,SERVICE_NOT_RENDERED,Service Not Rendered,2025-08-31,2499,609,232,2025-09-11,11,contested,lost,2025-10-13,4,2,2,0.42438333333333333,3,,,,,,,,,,,,,,,,,,fitness_membership,membership_service,medium,0.4600213379393868,12,1,0,,0.0,841,841.0,0.33653461384553823,0,ACCEPT,-841.0
DSP000614,TXN0137052,M000213,CUS0049022,Mastercard,MERCHANDISE_NOT_AS_DESCRIBED,Merchandise Not As Described,2025-08-29,3999,0,0,2025-09-06,8,accepted,accepted_refunded,,4,4,0,0.63505,1,,,,,,,,,,,,,,,,,,fitness_membership,membership_service,medium,0.4923909222161086,6,1,0,,0.3927294685990338,0,797.0,0.19929982495623905,1,CONTEST,773.53
DSP000615,TXN0136889,M000213,,Visa,RECURRING_BILLING_DISPUTE,Recurring Billing Dispute,2025-11-22,3999,669,237,2025-11-29,7,contested,lost,2025-12-25,5,4,1,0.6064166666666667,1,3999.0,debit_card,passed,1.0,DEV759071,0.2635998157884755,2.0,0.0,0.0,,,,2025-09-16 05:16:00,0.0,0.0,0.0,,fitness_membership,membership_service,medium,0.4923909222161086,6,1,0,66.78055555555555,0.25320118478013215,906,906.0,0.22655663915978994,1,CONTEST,106.55
DSP000616,TXN0139036,M000213,CUS0049394,Mastercard,RECURRING_BILLING_DISPUTE,Recurring Billing Dispute,2025-10-26,3999,472,300,2025-11-11,16,contested,lost,2025-12-09,5,2,3,0.3148333333333333,4,,,,,,,,,,,,,,,,,,fitness_membership,membership_service,medium,0.4923909222161086,6,1,0,,0.0,772,772.0,0.19304826206551637,0,ACCEPT,-772.0
DSP000617,TXN0136990,M000213,CUS0049571,RuPay,UNAUTHORIZED_TRANSACTION,Unauthorized Transaction,2025-09-01,8999,426,296,2025-09-13,12,contested,lost,2025-09-16,4,1,3,0.23145000000000002,4,,,,,,,,,,,,,,,,,,fitness_membership,membership_service,medium,0.4923909222161086,6,1,0,,0.0,722,722.0,0.080231136792977,0,ACCEPT,-722.0
DSP000618,TXN0138068,M000213,,Visa,RECURRING_BILLING_DISPUTE,Recurring Billing Dispute,2025-05-08,3999,723,216,2025-05-28,20,contested,lost,2025-06-16,5,3,2,0.5232166666666667,2,,,,,,,,,,,,,,,,,,fitness_membership,membership_service,medium,0.4923909222161086,6,1,0,,0.03225806451612903,939,939.0,0.2348087021755439,0,ACCEPT,-810.0
DSP000619,TXN0137878,M000213,,Visa,SERVICE_NOT_RENDERED,Service Not Rendered,2025-03-24,3999,531,259,2025-04-13,20,contested,won,2025-04-30,4,4,0,0.5853333333333334,1,,,,,,,,,,,,,,,,,,fitness_membership,membership_service,medium,0.4923909222161086,6,1,0,,0.4688815636618898,790,790.0,0.19754938734683672,1,CONTEST,1085.06
DSP000620,TXN0137944,M000213,,Mastercard,RECURRING_BILLING_DISPUTE,Recurring Billing Dispute,2025-08-08,8999,0,0,2025-08-16,8,accepted,accepted_refunded,,5,2,3,0.40485,3,,,,,,,,,,,,,,,,,,fitness_membership,membership_service,medium,0.4923909222161086,6,1,0,,0.0,0,797.0,0.08856539615512835,0,ACCEPT,-797.0
DSP000621,TXN0137850,M000213,,Visa,UNAUTHORIZED_TRANSACTION,Unauthorized Transaction,2025-08-14,8999,0,0,2025-09-02,19,accepted,accepted_refunded,,4,3,1,0.3964666666666667,3,,,,,,,,,,,,,,,,,,fitness_membership,membership_service,medium,0.4923909222161086,6,1,0,,0.07007319056654919,0,797.0,0.08856539615512835,0,ACCEPT,-166.41
DSP000622,TXN0138613,M000213,CUS0048947,Mastercard,RECURRING_BILLING_DISPUTE,Recurring Billing Dispute,2025-10-18,8999,571,252,2025-11-07,20,contested,lost,2025-11-02,5,3,2,0.36133333333333334,3,,,,,,,,,,,,,,,,,,fitness_membership,membership_service,medium,0.4923909222161086,6,1,0,,0.0,823,823.0,0.09145460606734082,0,ACCEPT,-823.0
DSP000623,TXN0136449,M000213,,RuPay,MERCHANDISE_NOT_AS_DESCRIBED,Merchandise Not As Described,2025-02-11,3999,0,0,2025-02-20,9,accepted,accepted_refunded,,4,3,1,0.49701666666666666,2,,,,,,,,,,,,,,,,,,fitness_membership,membership_service,medium,0.4923909222161086,6,1,0,,0.10643682693018557,0,797.0,0.19929982495623905,0,ACCEPT,-371.36
DSP000624,TXN0136704,M000213,CUS0048736,Mastercard,CREDIT_NOT_PROCESSED,Credit Not Processed,2025-08-31,8999,420,278,2025-09-11,11,contested,lost,2025-10-03,4,2,2,0.30251666666666666,3,,,,,,,,,,,,,,,,,,fitness_membership,membership_service,medium,0.4923909222161086,6,1,0,,0.0,698,698.0,0.07756417379708856,0,ACCEPT,-698.0
DSP000625,TXN0138926,M000213,,Visa,RECURRING_BILLING_DISPUTE,Recurring Billing Dispute,2025-10-03,3999,627,236,2025-10-11,8,contested,lost,2025-10-26,5,1,4,0.09825,5,,,,,,,,,,,,,,,,,,fitness_membership,membership_service,medium,0.4923909222161086,6,1,0,,0.0,863,863.0,0.21580395098774693,0,ACCEPT,-863.0
DSP000626,TXN0137882,M000213,CUS0048950,Mastercard,RECURRING_BILLING_DISPUTE,Recurring Billing Dispute,2026-02-28,3999,0,0,2026-03-08,8,accepted,accepted_refunded,,5,0,5,0.14108333333333334,5,,,,,,,,,,,,,,,,,,fitness_membership,membership_service,medium,0.4923909222161086,6,1,0,,0.0,0,797.0,0.19929982495623905,0,ACCEPT,-797.0
DSP000627,TXN0138837,M000213,CUS0049284,Mastercard,SERVICE_NOT_RENDERED,Service Not Rendered,2025-07-01,3999,703,178,2025-07-12,11,contested,lost,2025-08-04,4,1,3,0.3975166666666667,3,,,,,,,,,,,,,,,,,,fitness_membership,membership_service,medium,0.4923909222161086,6,1,0,,0.0,881,881.0,0.22030507626906726,0,ACCEPT,-881.0
DSP000628,TXN0139504,M000214,,Mastercard,SERVICE_NOT_RENDERED,Service Not Rendered,2025-12-09,2999,644,222,2025-12-24,15,contested,lost,2026-01-14,4,1,3,0.3103,4,1499.0,upi,not_applicable,1.0,DEV458825,0.4820475731472568,1.0,0.0,1.0,,,,2025-05-11 17:19:00,0.0,0.0,0.0,,subscription_edtech,digital_service,medium,0.5924126213080311,96,1,0,211.27847222222223,0.0,866,866.0,0.2887629209736579,0,ACCEPT,-866.0
DSP000629,TXN0139752,M000214,CUS0050563,RuPay,RECURRING_BILLING_DISPUTE,Recurring Billing Dispute,2025-09-15,1499,748,208,2025-09-23,8,contested,lost,2025-10-15,5,3,2,0.5005000000000001,2,,,,,,,,,,,,,,,,,,subscription_edtech,digital_service,medium,0.5924126213080311,96,1,0,,0.07007319056654919,956,956.0,0.637758505670447,0,ACCEPT,-850.96
DSP000630,TXN0141711,M000214,CUS0050466,Mastercard,SERVICE_NOT_RENDERED,Service Not Rendered,2025-10-11,1499,0,0,2025-10-24,13,accepted,accepted_refunded,,4,2,2,0.5972666666666667,2,,,,,,,,,,,,,,,,,,subscription_edtech,digital_service,medium,0.5924126213080311,96,1,0,,0.22508836185722889,0,797.0,0.5316877918612408,0,ACCEPT,-459.59
DSP000631,TXN0140402,M000214,CUS0050582,Mastercard,MERCHANDISE_NOT_AS_DESCRIBED,Merchandise Not As Described,2025-02-11,2999,681,296,2025-02-21,10,contested,lost,2025-03-16,4,0,4,0.26661666666666667,4,,,,,,,,,,,,,,,,,,subscription_edtech,digital_service,medium,0.5924126213080311,96,1,0,,0.0,977,977.0,0.32577525841947313,0,ACCEPT,-977.0
DSP000632,TXN0141070,M000214,CUS0050187,Mastercard,DUPLICATE_TRANSACTION,Duplicate Transaction,2025-02-28,14999,0,0,2025-03-07,7,accepted,accepted_refunded,,2,1,1,0.7605166666666667,1,,,,,,,,,,,,,,,,,,subscription_edtech,digital_service,medium,0.5924126213080311,96,1,0,,0.5469999999999999,0,797.0,0.05313687579171945,1,CONTEST,7407.45
DSP000633,TXN0139158,M000214,CUS0050472,RuPay,CREDIT_NOT_PROCESSED,Credit Not Processed,2025-10-08,2999,0,0,2025-10-18,10,accepted,accepted_refunded,,4,2,2,0.2742,4,,,,,,,,,,,,,,,,,,subscription_edtech,digital_service,medium,0.5924126213080311,96,1,0,,0.0,0,797.0,0.2657552517505835,0,ACCEPT,-797.0
DSP000634,TXN0139139,M000214,,Mastercard,MERCHANDISE_NOT_AS_DESCRIBED,Merchandise Not As Described,2025-10-29,2999,420,252,2025-11-06,8,contested,lost,2025-11-18,4,1,3,0.46058333333333334,3,1499.0,credit_card,not_applicable,1.0,DEV938435,0.4474080134290253,1.0,0.0,0.0,,,,2025-04-06 11:23:00,0.0,0.0,0.0,,subscription_edtech,digital_service,medium,0.5924126213080311,96,1,0,205.52569444444444,0.015384615384615385,672,672.0,0.22407469156385462,0,ACCEPT,-625.86
DSP000635,TXN0140201,M000214,CUS0050418,Visa,SERVICE_NOT_RENDERED,Service Not Rendered,2025-07-19,2999,673,213,2025-08-08,20,contested,won,2025-08-03,4,4,0,0.7674,1,,,,,,,,,,,,,,,,,,subscription_edtech,digital_service,medium,0.5924126213080311,96,1,0,,0.9347389865036924,886,886.0,0.2954318106035345,1,CONTEST,1917.28
DSP000636,TXN0139822,M000214,CUS0049722,Visa,SERVICE_NOT_RENDERED,Service Not Rendered,2026-01-16,1499,680,227,2026-01-28,12,contested,lost,2026-02-28,4,3,1,0.7216,1,,,,,,,,,,,,,,,,,,subscription_edtech,digital_service,medium,0.5924126213080311,96,1,0,,0.6070132684652808,907,907.0,0.6050700466977985,1,CONTEST,2.91
DSP000637,TXN0141424,M000214,CUS0050101,Mastercard,CREDIT_NOT_PROCESSED,Credit Not Processed,2025-12-10,14999,578,274,2025-12-25,15,contested,lost,2026-01-03,4,1,3,0.10703333333333333,5,,,,,,,,,,,,,,,,,,subscription_edtech,digital_service,medium,0.5924126213080311,96,1,0,,0.0,852,852.0,0.05680378691912794,0,ACCEPT,-852.0
DSP000638,TXN0139782,M000214,CUS0049736,Visa,SERVICE_NOT_RENDERED,Service Not Rendered,2025-09-10,1499,739,272,2025-09-17,7,contested,lost,2025-10-13,4,2,2,0.3698333333333333,3,,,,,,,,,,,,,,,,,,subscription_edtech,digital_service,medium,0.5924126213080311,96,1,0,,0.03225806451612903,1011,1011.0,0.6744496330887259,0,ACCEPT,-962.65
DSP000639,TXN0140988,M000214,CUS0050537,Visa,SERVICE_NOT_RENDERED,Service Not Rendered,2025-12-23,1499,528,195,2026-01-07,15,contested,won,2026-01-21,4,4,0,0.6194333333333334,1,,,,,,,,,,,,,,,,,,subscription_edtech,digital_service,medium,0.5924126213080311,96,1,0,,0.7476150372105196,723,723.0,0.48232154769846564,1,CONTEST,397.67
DSP000640,TXN0139826,M000214,CUS0050398,Mastercard,SERVICE_NOT_RENDERED,Service Not Rendered,2026-01-13,2999,644,159,2026-01-30,17,contested,won,2026-02-15,4,4,0,0.6008833333333333,2,,,,,,,,,,,,,,,,,,subscription_edtech,digital_service,medium,0.5924126213080311,96,1,0,,0.6669771741248387,803,803.0,0.2677559186395465,1,CONTEST,1197.26
DSP000641,TXN0139499,M000214,CUS0049931,Visa,CREDIT_NOT_PROCESSED,Credit Not Processed,2025-05-15,1499,402,238,2025-05-23,8,contested,lost,2025-06-12,4,4,0,0.6630833333333334,1,,,,,,,,,,,,,,,,,,subscription_edtech,digital_service,medium,0.5924126213080311,96,1,0,,0.6302139373616019,640,640.0,0.4269513008672448,1,CONTEST,304.69
DSP000642,TXN0139768,M000214,CUS0049917,Visa,MERCHANDISE_NOT_AS_DESCRIBED,Merchandise Not As Described,2025-10-16,2999,467,179,2025-10-31,15,contested,lost,2025-11-05,4,1,3,0.26203333333333334,4,,,,,,,,,,,,,,,,,,subscription_edtech,digital_service,medium,0.5924126213080311,96,1,0,,0.0,646,646.0,0.21540513504501502,0,ACCEPT,-646.0
DSP000643,TXN0141122,M000214,,Visa,RECURRING_BILLING_DISPUTE,Recurring Billing Dispute,2025-03-20,14999,0,0,2025-04-02,13,accepted,accepted_refunded,,5,2,3,0.25571666666666665,4,,,,,,,,,,,,,,,,,,subscription_edtech,digital_service,medium,0.5924126213080311,96,1,0,,0.0,0,797.0,0.05313687579171945,0,ACCEPT,-797.0
DSP000644,TXN0141729,M000214,,Visa,RECURRING_BILLING_DISPUTE,Recurring Billing Dispute,2025-10-18,14999,477,259,2025-10-29,11,contested,won,2025-11-08,5,4,1,0.7047,1,,,,,,,,,,,,,,,,,,subscription_edtech,digital_service,medium,0.5924126213080311,96,1,0,,0.5852151835093011,736,736.0,0.04906993799586639,1,CONTEST,8041.64
DSP000645,TXN0139478,M000214,CUS0049904,Visa,SERVICE_NOT_RENDERED,Service Not Rendered,2025-06-29,14999,658,250,2025-07-13,14,contested,lost,2025-07-19,4,2,2,0.27705,4,,,,,,,,,,,,,,,,,,subscription_edtech,digital_service,medium,0.5924126213080311,96,1,0,,0.015384615384615385,908,908.0,0.06053736915794386,0,ACCEPT,-677.25
DSP000646,TXN0142252,M000215,CUS0051413,Mastercard,RECURRING_BILLING_DISPUTE,Recurring Billing Dispute,2026-01-03,1499,686,278,2026-01-18,15,contested,lost,2026-01-23,5,2,3,0.32666666666666666,4,,,,,,,,,,,,,,,,,,fitness_membership,membership_service,medium,0.6343704900309991,74,1,0,,0.0,964,964.0,0.6430953969312875,0,ACCEPT,-964.0
DSP000647,TXN0141835,M000215,,Visa,SERVICE_NOT_RENDERED,Service Not Rendered,2026-01-03,1499,715,243,2026-01-20,17,contested,lost,2026-01-19,4,2,2,0.4249,3,,,,,,,,,,,,,,,,,,fitness_membership,membership_service,medium,0.6343704900309991,74,1,0,,0.05319974143503555,958,958.0,0.6390927284856571,0,ACCEPT,-878.25
DSP000648,TXN0141793,M000215,,Mastercard,DUPLICATE_TRANSACTION,Duplicate Transaction,2026-01-17,24999,535,269,2026-01-31,14,contested,lost,2026-02-10,2,2,0,0.36046666666666666,3,,,,,,,,,,,,,,,,,,fitness_membership,membership_service,medium,0.6343704900309991,74,1,0,,0.37305908050759307,804,804.0,0.032161286451458056,1,CONTEST,8522.1
DSP000649,TXN0142121,M000215,,Visa,SERVICE_NOT_RENDERED,Service Not Rendered,2025-10-27,1499,684,297,2025-11-09,13,contested,lost,2025-11-16,4,2,2,0.2938,4,,,,,,,,,,,,,,,,,,fitness_membership,membership_service,medium,0.6343704900309991,74,1,0,,0.0,981,981.0,0.6544362908605738,0,ACCEPT,-981.0
DSP000650,TXN0143969,M000215,,Visa,UNAUTHORIZED_TRANSACTION,Unauthorized Transaction,2026-02-21,1499,0,0,2026-03-04,11,accepted,accepted_refunded,,4,3,1,0.6021,2,,,,,,,,,,,,,,,,,,fitness_membership,membership_service,medium,0.6343704900309991,74,1,0,,0.18248283843251484,0,797.0,0.5316877918612408,0,ACCEPT,-523.46
DSP000651,TXN0143784,M000215,,Visa,CREDIT_NOT_PROCESSED,Credit Not Processed,2025-07-31,1499,671,216,2025-08-14,14,contested,won,2025-09-12,4,4,0,0.7523833333333333,1,,,,,,,,,,,,,,,,,,fitness_membership,membership_service,medium,0.6343704900309991,74,1,0,,0.7390962580008668,887,887.0,0.5917278185456971,1,CONTEST,220.91
DSP000652,TXN0142754,M000215,CUS0051140,Visa,RECURRING_BILLING_DISPUTE,Recurring Billing Dispute,2025-09-21,2499,525,270,2025-10-12,21,contested,won,2025-11-01,5,5,0,0.8507166666666667,0,,,,,,,,,,,,,,,,,,fitness_membership,membership_service,medium,0.6343704900309991,74,1,0,,0.8388253193757478,795,795.0,0.31812725090036015,1,CONTEST,1301.22
DSP000653,TXN0142191,M000215,CUS0050977,RuPay,RECURRING_BILLING_DISPUTE,Recurring Billing Dispute,2025-09-02,8999,690,150,2025-09-20,18,contested,won,2025-10-08,5,4,1,0.7546666666666666,1,,,,,,,,,,,,,,,,,,fitness_membership,membership_service,medium,0.6343704900309991,74,1,0,,0.5779337200400023,840,840.0,0.09334370485609512,1,CONTEST,4360.83
DSP000654,TXN0144043,M000215,CUS0050909,Visa,MERCHANDISE_NOT_AS_DESCRIBED,Merchandise Not As Described,2025-05-24,1499,0,0,2025-06-02,9,accepted,accepted_refunded,,4,3,1,0.62915,2,,,,,,,,,,,,,,,,,,fitness_membership,membership_service,medium,0.6343704900309991,74,1,0,,0.265853566723132,0,797.0,0.5316877918612408,0,ACCEPT,-398.49
DSP000655,TXN0144177,M000215,,Visa,RECURRING_BILLING_DISPUTE,Recurring Billing Dispute,2025-04-04,1499,545,284,2025-04-17,13,contested,lost,2025-04-30,5,2,3,0.45308333333333334,3,,,,,,,,,,,,,,,,,,fitness_membership,membership_service,medium,0.6343704900309991,74,1,0,,0.0,829,829.0,0.553035356904603,0,ACCEPT,-829.0
DSP000656,TXN0143723,M000215,CUS0051046,Visa,RECURRING_BILLING_DISPUTE,Recurring Billing Dispute,2025-02-20,1499,704,159,2025-03-07,15,contested,lost,2025-03-19,5,1,4,0.26438333333333336,4,,,,,,,,,,,,,,,,,,fitness_membership,membership_service,medium,0.6343704900309991,74,1,0,,0.0,863,863.0,0.5757171447631755,0,ACCEPT,-863.0
DSP000657,TXN0141983,M000215,CUS0051308,Visa,DUPLICATE_TRANSACTION,Duplicate Transaction,2025-03-05,24999,0,0,2025-03-18,13,accepted,accepted_refunded,,2,2,0,0.8710166666666668,0,,,,,,,,,,,,,,,,,,fitness_membership,membership_service,medium,0.6343704900309991,74,1,0,,0.6302139373616019,0,797.0,0.03188127525101004,1,CONTEST,14957.72
DSP000658,TXN0142485,M000215,CUS0050882,Mastercard,RECURRING_BILLING_DISPUTE,Recurring Billing Dispute,2025-11-30,2499,631,241,2025-12-21,21,contested,lost,2026-01-04,5,4,1,0.5891333333333333,2,,,,,,,,,,,,,,,,,,fitness_membership,membership_service,medium,0.6343704900309991,74,1,0,,0.32088736333587586,872,872.0,0.34893957583033214,0,ACCEPT,-70.1
DSP000659,TXN0146054,M000216,CUS0051759,Visa,RECURRING_BILLING_DISPUTE,Recurring Billing Dispute,2026-02-12,999,456,191,2026-02-20,8,contested,lost,2026-03-05,5,3,2,0.40313333333333334,3,,,,,,,,,,,,,,,,,,fitness_membership,membership_service,medium,0.5185427285509913,119,1,0,,0.0,647,647.0,0.6476476476476476,0,ACCEPT,-647.0
DSP000660,TXN0144943,M000216,CUS0052214,Visa,RECURRING_BILLING_DISPUTE,Recurring Billing Dispute,2025-09-25,2499,0,0,2025-10-09,14,accepted,accepted_refunded,,5,1,4,0.2607833333333333,4,,,,,,,,,,,,,,,,,,fitness_membership,membership_service,medium,0.5185427285509913,119,1,0,,0.0,0,797.0,0.31892757102841135,0,ACCEPT,-797.0
DSP000661,TXN0146986,M000216,CUS0052422,RuPay,MERCHANDISE_NOT_AS_DESCRIBED,Merchandise Not As Described,2025-09-01,999,507,222,2025-09-16,15,contested,lost,2025-10-03,4,2,2,0.5080333333333333,2,,,,,,,,,,,,,,,,,,fitness_membership,membership_service,medium,0.5185427285509913,119,1,0,,0.03225806451612903,729,729.0,0.7297297297297297,0,ACCEPT,-696.77
DSP000662,TXN0144713,M000216,CUS0051730,RuPay,RECURRING_BILLING_DISPUTE,Recurring Billing Dispute,2025-10-23,999,0,0,2025-11-06,14,accepted,accepted_refunded,,5,3,2,0.4786166666666667,2,,,,,,,,,,,,,,,,,,fitness_membership,membership_service,medium,0.5185427285509913,119,1,0,,0.03225806451612903,0,797.0,0.7977977977977978,0,ACCEPT,-764.77
DSP000663,TXN0146432,M000216,CUS0051707,Visa,MERCHANDISE_NOT_AS_DESCRIBED,Merchandise Not As Described,2026-02-20,2499,408,271,2026-03-13,21,contested,lost,2026-04-05,4,2,2,0.5707666666666666,2,,,,,,,,,,,,,,,,,,fitness_membership,membership_service,medium,0.5185427285509913,119,1,0,,0.07007319056654919,679,679.0,0.27170868347338933,0,ACCEPT,-503.89
DSP000664,TXN0144961,M000216,,RuPay,RECURRING_BILLING_DISPUTE,Recurring Billing Dispute,2025-04-01,2499,0,0,2025-04-12,11,accepted,accepted_refunded,,5,3,2,0.44439999999999996,3,2499.0,upi,not_applicable,1.0,DEV708875,0.1806914171450635,1.0,0.0,0.0,,,,2025-06-02 22:47:00,0.0,0.0,0.0,,fitness_membership,membership_service,medium,0.5185427285509913,119,1,0,-62.949305555555554,0.0,0,797.0,0.31892757102841135,0,ACCEPT,-797.0
DSP000665,TXN0145575,M000216,,RuPay,RECURRING_BILLING_DISPUTE,Recurring Billing Dispute,2025-04-17,1499,0,0,2025-05-03,16,accepted,accepted_refunded,,5,3,2,0.4055166666666667,3,,,,,,,,,,,,,,,,,,fitness_membership,membership_service,medium,0.5185427285509913,119,1,0,,0.0,0,797.0,0.5316877918612408,0,ACCEPT,-797.0
DSP000666,TXN0146523,M000216,CUS0051959,Visa,RECURRING_BILLING_DISPUTE,Recurring Billing Dispute,2025-01-20,999,0,0,2025-01-28,8,accepted,accepted_refunded,,5,2,3,0.3397666666666667,3,,,,,,,,,,,,,,,,,,fitness_membership,membership_service,medium,0.5185427285509913,119,1,0,,0.0,0,797.0,0.7977977977977978,0,ACCEPT,-797.0
DSP000667,TXN0146461,M000216,CUS0051932,Mastercard,RECURRING_BILLING_DISPUTE,Recurring Billing Dispute,2025-12-01,1499,577,218,2025-12-20,19,contested,lost,2026-01-03,5,4,1,0.5221333333333333,2,,,,,,,,,,,,,,,,,,fitness_membership,membership_service,medium,0.5185427285509913,119,1,0,,0.25004329004329007,795,795.0,0.5303535690460307,0,ACCEPT,-420.19
DSP000668,TXN0145230,M000216,CUS0051613,Mastercard,CREDIT_NOT_PROCESSED,Credit Not Processed,2025-10-01,999,0,0,2025-10-08,7,accepted,accepted_refunded,,4,3,1,0.5741166666666667,2,,,,,,,,,,,,,,,,,,fitness_membership,membership_service,medium,0.5185427285509913,119,1,0,,0.24337662337662339,0,797.0,0.7977977977977978,0,ACCEPT,-553.87
DSP000669,TXN0145641,M000216,,Mastercard,RECURRING_BILLING_DISPUTE,Recurring Billing Dispute,2025-04-20,2499,724,173,2025-05-05,15,contested,won,2025-06-04,5,5,0,0.8155666666666667,0,1499.0,debit_card,passed,1.0,DEV344961,0.3930237173551817,1.0,0.0,0.0,,,,2025-12-06 21:18:00,0.0,0.0,0.0,,fitness_membership,membership_service,medium,0.5185427285509913,119,1,0,-230.8875,0.8274617023843029,897,897.0,0.3589435774309724,1,CONTEST,1170.83
DSP000670,TXN0144778,M000216,CUS0051871,Visa,SERVICE_NOT_RENDERED,Service Not Rendered,2025-07-11,8999,744,192,2025-07-31,20,contested,lost,2025-07-30,4,3,1,0.41978333333333334,3,,,,,,,,,,,,,,,,,,fitness_membership,membership_service,medium,0.5185427285509913,119,1,0,,0.20290741516547967,936,936.0,0.10401155683964886,1,CONTEST,889.96
DSP000671,TXN0145921,M000216,CUS0051600,RuPay,MERCHANDISE_NOT_AS_DESCRIBED,Merchandise Not As Described,2025-06-10,2499,0,0,2025-06-20,10,accepted,accepted_refunded,,4,1,3,0.42346666666666666,3,,,,,,,,,,,,,,,,,,fitness_membership,membership_service,medium,0.5185427285509913,119,1,0,,0.0,0,797.0,0.31892757102841135,0,ACCEPT,-797.0
DSP000672,TXN0145687,M000216,CUS0052105,Visa,SERVICE_NOT_RENDERED,Service Not Rendered,2025-10-21,999,496,250,2025-11-09,19,contested,won,2025-11-06,4,3,1,0.7091833333333333,1,,,,,,,,,,,,,,,,,,fitness_membership,membership_service,medium,0.5185427285509913,119,1,0,,0.49935897435897436,746,746.0,0.7467467467467468,0,ACCEPT,-247.14
DSP000673,TXN0144969,M000216,CUS0052132,Visa,RECURRING_BILLING_DISPUTE,Recurring Billing Dispute,2025-11-26,999,571,298,2025-12-10,14,contested,lost,2026-01-01,5,1,4,0.24923333333333333,4,,,,,,,,,,,,,,,,,,fitness_membership,membership_service,medium,0.5185427285509913,119,1,0,,0.0,869,869.0,0.8698698698698699,0,ACCEPT,-869.0
DSP000674,TXN0144647,M000216,CUS0052030,Mastercard,DUPLICATE_TRANSACTION,Duplicate Transaction,2025-02-28,8999,547,236,2025-03-10,10,contested,lost,2025-04-01,2,1,1,0.2613666666666667,4,,,,,,,,,,,,,,,,,,fitness_membership,membership_service,medium,0.5185427285509913,119,1,0,,0.19142857142857142,783,783.0,0.0870096677408601,1,CONTEST,939.67
DSP000675,TXN0148055,M000217,,Mastercard,UNAUTHORIZED_TRANSACTION,Unauthorized Transaction,2025-03-14,2999,0,0,2025-04-01,18,accepted,accepted_refunded,,4,4,0,0.98,0,,,,,,,,,,,,,,,,,,saas_tools,digital_service,medium,0.9299237237845734,40,1,0,,0.5506747638326586,0,797.0,0.2657552517505835,1,CONTEST,854.47
DSP000676,TXN0148495,M000217,CUS0053419,Visa,SERVICE_NOT_RENDERED,Service Not Rendered,2026-02-09,2999,581,168,2026-02-17,8,contested,won,2026-03-20,4,3,1,0.7900333333333333,1,,,,,,,,,,,,,,,,,,saas_tools,digital_service,medium,0.9299237237845734,40,1,0,,0.7837698359721295,749,749.0,0.24974991663887963,1,CONTEST,1601.53
DSP000677,TXN0149616,M000217,,Visa,SERVICE_NOT_RENDERED,Service Not Rendered,2025-05-13,9999,0,0,2025-05-20,7,accepted,accepted_refunded,,4,4,0,0.7538833333333333,1,,,,,,,,,,,,,,,,,,saas_tools,digital_service,medium,0.9299237237845734,40,1,0,,0.8545230827253765,0,797.0,0.07970797079707971,1,CONTEST,7747.38
DSP000678,TXN0147869,M000217,,Mastercard,RECURRING_BILLING_DISPUTE,Recurring Billing Dispute,2025-06-08,4999,0,0,2025-06-29,21,accepted,accepted_refunded,,5,5,0,0.9740833333333333,0,9999.0,debit_card,passed,1.0,,0.2251120317072966,1.0,0.0,0.0,,,,2025-01-05 18:12:00,0.0,0.0,0.0,,saas_tools,digital_service,medium,0.9299237237845734,40,1,0,153.24166666666667,0.9661198647290291,0,797.0,0.15943188637727546,1,CONTEST,4032.63
DSP000679,TXN0148573,M000217,CUS0053443,RuPay,RECURRING_BILLING_DISPUTE,Recurring Billing Dispute,2025-04-27,9999,0,0,2025-05-18,21,accepted,accepted_refunded,,5,5,0,0.9512333333333333,0,,,,,,,,,,,,,,,,,,saas_tools,digital_service,medium,0.9299237237845734,40,1,0,,0.9529208046855107,0,797.0,0.07970797079707971,1,CONTEST,8731.26
DSP000680,TXN0148768,M000217,CUS0053205,RuPay,UNAUTHORIZED_TRANSACTION,Unauthorized Transaction,2025-05-25,4999,0,0,2025-06-09,15,accepted,accepted_refunded,,4,4,0,0.9391833333333333,0,,,,,,,,,,,,,,,,,,saas_tools,digital_service,medium,0.9299237237845734,40,1,0,,0.4677777777777778,0,797.0,0.15943188637727546,1,CONTEST,1541.42
DSP000681,TXN0148297,M000217,CUS0052836,Mastercard,UNAUTHORIZED_TRANSACTION,Unauthorized Transaction,2025-12-27,2999,510,243,2026-01-14,18,contested,won,2026-01-20,4,4,0,0.9308666666666667,0,,,,,,,,,,,,,,,,,,saas_tools,digital_service,medium,0.9299237237845734,40,1,0,,0.5616799351319475,753,753.0,0.25108369456485496,1,CONTEST,931.48
DSP000682,TXN0148739,M000217,CUS0053031,RuPay,DUPLICATE_TRANSACTION,Duplicate Transaction,2025-12-16,2999,473,214,2026-01-03,18,contested,won,2026-01-22,2,2,0,0.9695666666666667,0,,,,,,,,,,,,,,,,,,saas_tools,digital_service,medium,0.9299237237845734,40,1,0,,0.9347389865036924,687,687.0,0.2290763587862621,1,CONTEST,2116.28
DSP000683,TXN0149227,M000217,CUS0052987,Visa,RECURRING_BILLING_DISPUTE,Recurring Billing Dispute,2026-01-23,4999,0,0,2026-02-08,16,accepted,accepted_refunded,,5,4,1,0.7978999999999999,1,,,,,,,,,,,,,,,,,,saas_tools,digital_service,medium,0.9299237237845734,40,1,0,,0.8545230827253765,0,797.0,0.15943188637727546,1,CONTEST,3474.76
DSP000684,TXN0149291,M000217,CUS0053221,Visa,UNAUTHORIZED_TRANSACTION,Unauthorized Transaction,2026-01-21,2999,650,212,2026-02-09,19,contested,lost,2026-03-02,4,4,0,0.9344666666666667,0,,,,,,,,,,,,,,,,,,saas_tools,digital_service,medium,0.9299237237845734,40,1,0,,0.5550865285385409,862,862.0,0.2874291430476826,1,CONTEST,802.7
DSP000685,TXN0147410,M000217,,Visa,RECURRING_BILLING_DISPUTE,Recurring Billing Dispute,2026-01-05,2999,475,281,2026-01-25,20,contested,won,2026-01-27,5,5,0,0.9057333333333334,0,2999.0,upi,not_applicable,1.0,DEV305505,0.3084316907352253,1.0,1.0,0.0,,,,2025-06-13 22:51:00,0.0,0.0,0.0,,saas_tools,digital_service,medium,0.9299237237845734,40,1,0,205.04791666666668,1.0,756,756.0,0.25208402800933644,1,CONTEST,2243.0
DSP000686,TXN0149076,M000217,,Visa,CREDIT_NOT_PROCESSED,Credit Not Processed,2025-09-13,9999,749,217,2025-09-25,12,contested,lost,2025-10-08,4,3,1,0.5924166666666667,2,,,,,,,,,,,,,,,,,,saas_tools,digital_service,medium,0.9299237237845734,40,1,0,,0.4261406042779775,966,966.0,0.0966096609660966,1,CONTEST,3294.98
DSP000687,TXN0148516,M000217,,Visa,RECURRING_BILLING_DISPUTE,Recurring Billing Dispute,2025-05-05,9999,518,249,2025-05-13,8,contested,won,2025-06-08,5,5,0,0.96005,0,,,,,,,,,,,,,,,,,,saas_tools,digital_service,medium,0.9299237237845734,40,1,0,,0.9573269902621255,767,767.0,0.07670767076707671,1,CONTEST,8805.31
DSP000688,TXN0147624,M000217,CUS0052986,Mastercard,UNAUTHORIZED_TRANSACTION,Unauthorized Transaction,2025-12-29,4999,0,0,2026-01-18,20,accepted,accepted_refunded,,4,3,1,0.7801333333333332,1,,,,,,,,,,,,,,,,,,saas_tools,digital_service,medium,0.9299237237845734,40,1,0,,0.3743561359306247,0,797.0,0.15943188637727546,1,CONTEST,1074.41
DSP000689,TXN0151652,M000218,CUS0053764,Mastercard,SERVICE_NOT_RENDERED,Service Not Rendered,2025-01-28,14999,664,199,2025-02-14,17,contested,lost,2025-03-11,4,3,1,0.43484999999999996,3,,,,,,,,,,,,,,,,,,fitness_membership,membership_service,medium,0.5977021425373258,73,1,0,,0.20290741516547967,863,863.0,0.05753716914460964,1,CONTEST,2180.41
DSP000690,TXN0151666,M000218,,Mastercard,RECURRING_BILLING_DISPUTE,Recurring Billing Dispute,2025-12-16,14999,499,217,2025-12-28,12,contested,lost,2025-12-30,5,2,3,0.3362833333333333,3,,,,,,,,,,,,,,,,,,fitness_membership,membership_service,medium,0.5977021425373258,73,1,0,,0.0,716,716.0,0.04773651576771785,0,ACCEPT,-716.0
DSP000691,TXN0150982,M000218,CUS0053959,Visa,RECURRING_BILLING_DISPUTE,Recurring Billing Dispute,2026-01-02,2499,662,227,2026-01-12,10,contested,lost,2026-02-02,5,2,3,0.4411833333333333,3,,,,,,,,,,,,,,,,,,fitness_membership,membership_service,medium,0.5977021425373258,73,1,0,,0.0,889,889.0,0.3557422969187675,0,ACCEPT,-889.0
DSP000692,TXN0152377,M000218,CUS0054050,Visa,SERVICE_NOT_RENDERED,Service Not Rendered,2025-10-23,14999,670,297,2025-11-03,11,contested,won,2025-12-03,4,4,0,0.79675,0,,,,,,,,,,,,,,,,,,fitness_membership,membership_service,medium,0.5977021425373258,73,1,0,,0.7687330496328799,967,967.0,0.06447096473098207,1,CONTEST,10563.23
DSP000693,TXN0150217,M000218,,Visa,RECURRING_BILLING_DISPUTE,Recurring Billing Dispute,2026-01-06,14999,676,161,2026-01-19,13,contested,lost,2026-02-16,5,3,2,0.37693333333333334,3,2499.0,upi,not_applicable,1.0,DEV860402,0.0866881118562722,4.0,0.0,0.0,,,,2025-09-09 02:02:00,0.0,0.0,0.0,,fitness_membership,membership_service,medium,0.5977021425373258,73,1,0,118.91527777777777,0.0,837,837.0,0.05580372024801653,0,ACCEPT,-837.0
DSP000694,TXN0150323,M000218,CUS0053673,Mastercard,DUPLICATE_TRANSACTION,Duplicate Transaction,2025-11-02,14999,610,193,2025-11-11,9,contested,lost,2025-12-03,2,0,2,0.24145000000000003,4,,,,,,,,,,,,,,,,,,fitness_membership,membership_service,medium,0.5977021425373258,73,1,0,,0.07007319056654919,803,803.0,0.05353690246016401,1,CONTEST,248.03
DSP000695,TXN0150943,M000218,CUS0054377,Visa,DUPLICATE_TRANSACTION,Duplicate Transaction,2025-08-09,2499,435,174,2025-08-19,10,contested,won,2025-08-23,2,2,0,0.38051666666666667,3,,,,,,,,,,,,,,,,,,fitness_membership,membership_service,medium,0.5977021425373258,73,1,0,,0.3753318077803204,609,609.0,0.24369747899159663,1,CONTEST,328.95
DSP000696,TXN0151313,M000218,,Visa,SERVICE_NOT_RENDERED,Service Not Rendered,2025-08-26,14999,0,0,2025-09-05,10,accepted,accepted_refunded,,4,3,1,0.7182666666666666,1,,,,,,,,,,,,,,,,,,fitness_membership,membership_service,medium,0.5977021425373258,73,1,0,,0.3753318077803204,0,797.0,0.05313687579171945,1,CONTEST,4832.6
DSP000697,TXN0152314,M000218,CUS0053495,Mastercard,UNAUTHORIZED_TRANSACTION,Unauthorized Transaction,2025-12-23,2499,451,267,2026-01-03,11,contested,lost,2026-01-13,4,1,3,0.3033333333333333,4,,,,,,,,,,,,,,,,,,fitness_membership,membership_service,medium,0.5977021425373258,73,1,0,,0.0,718,718.0,0.28731492597038816,0,ACCEPT,-718.0
DSP000698,TXN0151020,M000218,,Mastercard,RECURRING_BILLING_DISPUTE,Recurring Billing Dispute,2025-06-13,24999,0,0,2025-06-28,15,accepted,accepted_refunded,,5,3,2,0.5662333333333334,2,2499.0,credit_card,passed,1.0,DEV213343,0.2022259546273131,2.0,0.0,0.0,,,,2025-10-23 03:06:00,0.0,0.0,0.0,,fitness_membership,membership_service,medium,0.5977021425373258,73,1,0,-132.12916666666666,0.07007319056654919,0,797.0,0.03188127525101004,1,CONTEST,954.76
DSP000699,TXN0151806,M000218,,RuPay,UNAUTHORIZED_TRANSACTION,Unauthorized Transaction,2025-06-03,2499,0,0,2025-06-11,8,accepted,accepted_refunded,,4,3,1,0.6173166666666666,2,,,,,,,,,,,,,,,,,,fitness_membership,membership_service,medium,0.5977021425373258,73,1,0,,0.1260002339027822,0,797.0,0.31892757102841135,0,ACCEPT,-482.13
DSP000700,TXN0150712,M000218,CUS0054286,Visa,RECURRING_BILLING_DISPUTE,Recurring Billing Dispute,2025-07-11,24999,718,273,2025-07-21,10,contested,lost,2025-08-14,5,3,2,0.5840333333333333,2,,,,,,,,,,,,,,,,,,fitness_membership,membership_service,medium,0.5977021425373258,73,1,0,,0.07007319056654919,991,991.0,0.039641585663426536,1,CONTEST,760.76
DSP000701,TXN0151154,M000218,CUS0053944,Visa,RECURRING_BILLING_DISPUTE,Recurring Billing Dispute,2025-04-19,2499,405,200,2025-04-29,10,contested,won,2025-05-31,5,4,1,0.60685,1,,,,,,,,,,,,,,,,,,fitness_membership,membership_service,medium,0.5977021425373258,73,1,0,,0.33836959024451635,605,605.0,0.2420968387354942,1,CONTEST,240.59
DSP000702,TXN0151863,M000218,CUS0053873,Mastercard,RECURRING_BILLING_DISPUTE,Recurring Billing Dispute,2025-02-26,2499,743,237,2025-03-14,16,contested,lost,2025-03-18,5,4,1,0.7015333333333333,1,,,,,,,,,,,,,,,,,,fitness_membership,membership_service,medium,0.5977021425373258,73,1,0,,0.5514117647058824,980,980.0,0.39215686274509803,1,CONTEST,397.98
DSP000703,TXN0151294,M000218,,Visa,SERVICE_NOT_RENDERED,Service Not Rendered,2026-01-18,2499,416,201,2026-01-31,13,contested,lost,2026-02-20,4,3,1,0.7214166666666667,1,,,,,,,,,,,,,,,,,,fitness_membership,membership_service,medium,0.5977021425373258,73,1,0,,0.4882478632478633,617,617.0,0.24689875950380152,1,CONTEST,603.13
DSP000704,TXN0152350,M000218,CUS0053633,RuPay,CREDIT_NOT_PROCESSED,Credit Not Processed,2025-11-12,2499,0,0,2025-11-21,9,accepted,accepted_refunded,,4,2,2,0.42045,3,,,,,,,,,,,,,,,,,,fitness_membership,membership_service,medium,0.5977021425373258,73,1,0,,0.00828362869827264,0,797.0,0.31892757102841135,0,ACCEPT,-776.3
DSP000705,TXN0151829,M000218,,Mastercard,CREDIT_NOT_PROCESSED,Credit Not Processed,2025-12-30,2499,0,0,2026-01-16,17,accepted,accepted_refunded,,4,3,1,0.40149999999999997,3,,,,,,,,,,,,,,,,,,fitness_membership,membership_service,medium,0.5977021425373258,73,1,0,,0.20290741516547967,0,797.0,0.31892757102841135,0,ACCEPT,-289.93
DSP000706,TXN0151733,M000218,,Visa,RECURRING_BILLING_DISPUTE,Recurring Billing Dispute,2025-06-25,2499,455,256,2025-07-08,13,contested,lost,2025-08-03,5,3,2,0.3786333333333333,3,,,,,,,,,,,,,,,,,,fitness_membership,membership_service,medium,0.5977021425373258,73,1,0,,0.0,711,711.0,0.2845138055222089,0,ACCEPT,-711.0
DSP000707,TXN0154824,M000219,CUS0054874,Visa,RECURRING_BILLING_DISPUTE,Recurring Billing Dispute,2025-12-08,1499,581,258,2025-12-25,17,contested,won,2025-12-30,5,5,0,0.92955,0,,,,,,,,,,,,,,,,,,saas_tools,digital_service,medium,0.8638601975855621,56,1,0,,0.9800000000000001,839,839.0,0.5597064709806537,1,CONTEST,630.02
DSP000708,TXN0153962,M000219,CUS0055388,Mastercard,SERVICE_NOT_RENDERED,Service Not Rendered,2025-12-14,1499,415,168,2026-01-03,20,contested,won,2026-01-11,4,3,1,0.7823666666666668,1,,,,,,,,,,,,,,,,,,saas_tools,digital_service,medium,0.8638601975855621,56,1,0,,0.8363412645435581,583,583.0,0.38892595063375585,1,CONTEST,670.68
DSP000709,TXN0154485,M000219,CUS0054453,Visa,CREDIT_NOT_PROCESSED,Credit Not Processed,2025-12-23,1499,0,0,2025-12-31,8,accepted,accepted_refunded,,4,4,0,0.9370333333333333,0,,,,,,,,,,,,,,,,,,saas_tools,digital_service,medium,0.8638601975855621,56,1,0,,0.9347389865036924,0,797.0,0.5316877918612408,1,CONTEST,604.17
DSP000710,TXN0153197,M000219,,Mastercard,RECURRING_BILLING_DISPUTE,Recurring Billing Dispute,2025-07-05,2999,539,171,2025-07-14,9,contested,won,2025-07-30,5,5,0,0.9033000000000001,0,,,,,,,,,,,,,,,,,,saas_tools,digital_service,medium,0.8638601975855621,56,1,0,,0.9970748204217159,710,710.0,0.2367455818606202,1,CONTEST,2280.23
DSP000711,TXN0153831,M000219,,Visa,DUPLICATE_TRANSACTION,Duplicate Transaction,2025-12-12,2999,0,0,2025-12-29,17,accepted,accepted_refunded,,2,1,1,0.6526833333333334,2,,,,,,,,,,,,,,,,,,saas_tools,digital_service,medium,0.8638601975855621,56,1,0,,0.6302139373616019,0,797.0,0.2657552517505835,1,CONTEST,1093.01
DSP000712,TXN0153328,M000219,,Visa,RECURRING_BILLING_DISPUTE,Recurring Billing Dispute,2025-06-19,49999,0,0,2025-07-09,20,accepted,accepted_refunded,,5,5,0,0.8014,1,,,,,,,,,,,,,,,,,,saas_tools,digital_service,medium,0.8638601975855621,56,1,0,,0.9347389865036924,0,797.0,0.015940318806376128,1,CONTEST,45939.01
DSP000713,TXN0154019,M000219,CUS0054969,Visa,SERVICE_NOT_RENDERED,Service Not Rendered,2025-01-31,1499,0,0,2025-02-19,19,accepted,accepted_refunded,,4,4,0,0.9572333333333334,0,,,,,,,,,,,,,,,,,,saas_tools,digital_service,medium,0.8638601975855621,56,1,0,,0.9529208046855107,0,797.0,0.5316877918612408,1,CONTEST,631.43
DSP000714,TXN0153296,M000219,,RuPay,RECURRING_BILLING_DISPUTE,Recurring Billing Dispute,2025-12-29,2999,664,278,2026-01-08,10,contested,won,2026-02-12,5,5,0,0.77235,1,1499.0,debit_card,passed,1.0,DEV289742,0.2979233427525122,1.0,0.0,0.0,,,,2025-09-07 14:36:00,0.0,0.0,0.0,,saas_tools,digital_service,medium,0.8638601975855621,56,1,0,112.39166666666667,0.9529208046855107,942,942.0,0.31410470156718906,1,CONTEST,1915.81
DSP000715,TXN0152762,M000219,CUS0054905,Visa,SERVICE_NOT_RENDERED,Service Not Rendered,2026-01-26,2999,637,270,2026-02-16,21,contested,won,2026-03-02,4,4,0,0.9493,0,,,,,,,,,,,,,,,,,,saas_tools,digital_service,medium,0.8638601975855621,56,1,0,,0.9529208046855107,907,907.0,0.302434144714905,1,CONTEST,1950.81
DSP000716,TXN0152790,M000219,CUS0055049,Visa,UNAUTHORIZED_TRANSACTION,Unauthorized Transaction,2025-12-25,2999,512,166,2026-01-14,20,contested,lost,2026-02-02,4,3,1,0.6533333333333333,2,,,,,,,,,,,,,,,,,,saas_tools,digital_service,medium,0.8638601975855621,56,1,0,,0.3189875667220971,678,678.0,0.2260753584528176,1,CONTEST,278.64
DSP000717,TXN0152716,M000219,CUS0054474,Mastercard,RECURRING_BILLING_DISPUTE,Recurring Billing Dispute,2025-12-24,49999,0,0,2026-01-10,17,accepted,accepted_refunded,,5,5,0,0.9637333333333333,0,,,,,,,,,,,,,,,,,,saas_tools,digital_service,medium,0.8638601975855621,56,1,0,,0.9529208046855107,0,797.0,0.015940318806376128,1,CONTEST,46848.09
DSP000718,TXN0153344,M000219,,Mastercard,RECURRING_BILLING_DISPUTE,Recurring Billing Dispute,2025-10-16,1499,626,214,2025-10-24,8,contested,won,2025-11-06,5,4,1,0.8166666666666668,1,1499.0,credit_card,passed,1.0,,0.1111917975907681,1.0,0.0,0.0,,,,2025-05-30 18:25:00,0.0,0.0,0.0,,saas_tools,digital_service,medium,0.8638601975855621,56,1,0,138.23263888888889,0.9206627401693815,840,840.0,0.5603735823882589,1,CONTEST,540.07
DSP000719,TXN0154955,M000219,CUS0055129,Mastercard,RECURRING_BILLING_DISPUTE,Recurring Billing Dispute,2025-02-22,1499,593,219,2025-03-12,18,contested,won,2025-03-23,5,5,0,0.9498833333333333,0,,,,,,,,,,,,,,,,,,saas_tools,digital_service,medium,0.8638601975855621,56,1,0,,0.9783672225702544,812,812.0,0.5416944629753169,1,CONTEST,654.57
DSP000720,TXN0153359,M000219,CUS0055380,RuPay,CREDIT_NOT_PROCESSED,Credit Not Processed,2025-12-30,1499,542,257,2026-01-16,17,contested,won,2026-01-19,4,4,0,0.9703833333333334,0,,,,,,,,,,,,,,,,,,saas_tools,digital_service,medium,0.8638601975855621,56,1,0,,0.9449296810077407,799,799.0,0.5330220146764509,1,CONTEST,617.45
DSP000721,TXN0153746,M000219,CUS0054751,Visa,CREDIT_NOT_PROCESSED,Credit Not Processed,2025-10-13,2999,709,283,2025-10-25,12,contested,won,2025-10-28,4,3,1,0.7865666666666667,1,,,,,,,,,,,,,,,,,,saas_tools,digital_service,medium,0.8638601975855621,56,1,0,,0.7740307055373469,992,992.0,0.3307769256418806,1,CONTEST,1329.32
DSP000722,TXN0153545,M000219,,Visa,SERVICE_NOT_RENDERED,Service Not Rendered,2025-09-12,1499,588,205,2025-09-23,11,contested,won,2025-09-26,4,4,0,0.8114499999999999,1,1499.0,netbanking,not_applicable,1.0,DEV117382,0.0841320878570897,1.0,0.0,0.0,,,,2025-05-23 03:20:00,0.0,0.0,0.0,,saas_tools,digital_service,medium,0.8638601975855621,56,1,0,111.86111111111111,0.9768856788632014,793,793.0,0.5290193462308206,1,CONTEST,671.35
DSP000723,TXN0153599,M000219,,Mastercard,SERVICE_NOT_RENDERED,Service Not Rendered,2025-12-17,2999,0,0,2026-01-01,15,accepted,accepted_refunded,,4,3,1,0.7786666666666666,1,1499.0,upi,not_applicable,1.0,DEV517852,0.0372885578178021,1.0,0.0,1.0,,,,2025-10-25 07:27:00,0.0,0.0,0.0,,saas_tools,digital_service,medium,0.8638601975855621,56,1,0,52.68958333333333,0.7229895979915683,0,797.0,0.2657552517505835,1,CONTEST,1371.25
DSP000724,TXN0152480,M000219,CUS0055175,Mastercard,RECURRING_BILLING_DISPUTE,Recurring Billing Dispute,2025-07-16,2999,598,209,2025-07-29,13,contested,lost,2025-08-21,5,4,1,0.7090666666666667,1,,,,,,,,,,,,,,,,,,saas_tools,digital_service,medium,0.8638601975855621,56,1,0,,0.7837698359721295,807,807.0,0.26908969656552184,1,CONTEST,1543.53
DSP000725,TXN0155865,M000220,CUS0056308,Mastercard,SERVICE_NOT_RENDERED,Service Not Rendered,2025-04-25,10699,617,214,2025-05-16,21,contested,lost,2025-06-08,3,3,0,0.6471333333333333,1,,,,,,,,,,,,,,,,,,travel_booking,booking_service,medium,0.6534979846293516,21,0,0,,0.5153006535947713,831,831.0,0.07767081035610805,1,CONTEST,4682.2
DSP000726,TXN0156031,M000220,CUS0055469,Visa,UNAUTHORIZED_TRANSACTION,Unauthorized Transaction,2025-06-11,7599,602,291,2025-06-30,19,contested,lost,2025-07-08,3,2,1,0.7647333333333334,1,,,,,,,,,,,,,,,,,,travel_booking,booking_service,medium,0.6534979846293516,21,0,0,,0.20290741516547967,893,893.0,0.11751546256086327,1,CONTEST,648.89
DSP000727,TXN0156705,M000220,,Mastercard,SERVICE_NOT_RENDERED,Service Not Rendered,2025-03-14,21495,702,289,2025-03-29,15,contested,lost,2025-03-28,3,1,2,0.5660333333333333,2,,,,,,,,,,,,,,,,,,travel_booking,booking_service,medium,0.6534979846293516,21,0,0,,0.07007319056654919,991,991.0,0.04610374505699,1,CONTEST,515.22
DSP000728,TXN0156086,M000220,,Mastercard,SERVICE_NOT_RENDERED,Service Not Rendered,2025-07-22,8100,0,0,2025-08-07,16,accepted,accepted_refunded,,3,3,0,0.6371666666666667,1,,,,,,,,,,,,,,,,,,travel_booking,booking_service,medium,0.6534979846293516,21,0,0,,0.46996732026143795,0,797.0,0.09839506172839506,1,CONTEST,3009.74
DSP000729,TXN0156364,M000220,CUS0055748,Mastercard,SERVICE_NOT_RENDERED,Service Not Rendered,2025-11-30,14099,504,246,2025-12-12,12,contested,lost,2026-01-08,3,2,1,0.6771833333333334,1,,,,,,,,,,,,,,,,,,travel_booking,booking_service,medium,0.6534979846293516,21,0,0,,0.265853566723132,750,750.0,0.05319526207532449,1,CONTEST,2998.27
DSP000730,TXN0157571,M000220,CUS0055609,Mastercard,CREDIT_NOT_PROCESSED,Credit Not Processed,2025-08-01,5399,0,0,2025-08-13,12,accepted,accepted_refunded,,4,3,1,0.5989833333333333,2,,,,,,,,,,,,,,,,,,travel_booking,booking_service,medium,0.6534979846293516,21,0,0,,0.265853566723132,0,797.0,0.14761992961659567,1,CONTEST,638.34
DSP000731,TXN0155346,M000220,CUS0055614,Visa,DUPLICATE_TRANSACTION,Duplicate Transaction,2025-10-04,6699,685,264,2025-10-15,11,contested,won,2025-10-28,2,1,1,0.42965000000000003,3,,,,,,,,,,,,,,,,,,travel_booking,booking_service,medium,0.6534979846293516,21,0,0,,0.3230590805075931,949,949.0,0.14166293476638303,1,CONTEST,1215.17
DSP000732,TXN0155265,M000220,CUS0055587,Mastercard,SERVICE_NOT_RENDERED,Service Not Rendered,2025-09-10,1250,455,174,2025-09-21,11,contested,won,2025-09-24,3,3,0,0.7665333333333333,0,,,,,,,,,,,,,,,,,,travel_booking,booking_service,medium,0.6534979846293516,21,0,0,,0.6167523989000634,629,629.0,0.5032,1,CONTEST,141.94
DSP000733,TXN0156156,M000220,,Mastercard,SERVICE_NOT_RENDERED,Service Not Rendered,2025-04-04,27995,572,275,2025-04-11,7,contested,lost,2025-05-10,3,1,2,0.5714333333333333,2,,,,,,,,,,,,,,,,,,travel_booking,booking_service,medium,0.6534979846293516,21,0,0,,0.05578747628083491,847,847.0,0.03025540275049116,1,CONTEST,714.77
DSP000734,TXN0156819,M000220,CUS0055652,Visa,DUPLICATE_TRANSACTION,Duplicate Transaction,2025-10-25,16199,0,0,2025-11-06,12,accepted,accepted_refunded,,2,2,0,0.90395,0,,,,,,,,,,,,,,,,,,travel_booking,booking_service,medium,0.6534979846293516,21,0,0,,0.6189325956986814,0,797.0,0.049200567936292364,1,CONTEST,9229.09
DSP000735,TXN0157310,M000220,CUS0055496,Mastercard,MERCHANDISE_NOT_AS_DESCRIBED,Merchandise Not As Described,2026-01-07,7000,0,0,2026-01-14,7,accepted,accepted_refunded,,3,1,2,0.3777333333333333,3,,,,,,,,,,,,,,,,,,travel_booking,booking_service,medium,0.6534979846293516,21,0,0,,0.0,0,797.0,0.11385714285714285,0,ACCEPT,-797.0
DSP000736,TXN0155248,M000220,CUS0055469,Mastercard,MERCHANDISE_NOT_AS_DESCRIBED,Merchandise Not As Described,2025-05-15,3450,731,210,2025-05-29,14,contested,lost,2025-06-20,3,2,1,0.6425333333333333,1,,,,,,,,,,,,,,,,,,travel_booking,booking_service,medium,0.6534979846293516,21,0,0,,0.265853566723132,941,941.0,0.2727536231884058,0,ACCEPT,-23.81
DSP000737,TXN0155841,M000220,CUS0055696,Mastercard,UNAUTHORIZED_TRANSACTION,Unauthorized Transaction,2025-10-29,11495,478,163,2025-11-08,10,contested,lost,2025-11-29,3,2,1,0.53265,2,,,,,,,,,,,,,,,,,,travel_booking,booking_service,medium,0.6534979846293516,21,0,0,,0.05578747628083491,641,641.0,0.055763375380600264,1,CONTEST,0.28
DSP000738,TXN0160383,M000221,,Visa,RECURRING_BILLING_DISPUTE,Recurring Billing Dispute,2025-09-30,14999,583,163,2025-10-19,19,contested,lost,2025-11-09,5,1,4,0.26908333333333334,4,,,,,,,,,,,,,,,,,,fitness_membership,membership_service,medium,0.4539532890685384,34,1,0,,0.0,746,746.0,0.04973664910994066,0,ACCEPT,-746.0
DSP000739,TXN0158653,M000221,,Mastercard,RECURRING_BILLING_DISPUTE,Recurring Billing Dispute,2025-07-08,5999,448,240,2025-07-15,7,contested,lost,2025-08-20,5,3,2,0.51635,2,,,,,,,,,,,,,,,,,,fitness_membership,membership_service,medium,0.4539532890685384,34,1,0,,0.03225806451612903,688,688.0,0.11468578096349391,0,ACCEPT,-494.48
DSP000740,TXN0159146,M000221,CUS0056392,Mastercard,RECURRING_BILLING_DISPUTE,Recurring Billing Dispute,2025-04-18,24999,0,0,2025-04-26,8,accepted,accepted_refunded,,5,2,3,0.23904999999999998,4,,,,,,,,,,,,,,,,,,fitness_membership,membership_service,medium,0.4539532890685384,34,1,0,,0.0,0,797.0,0.03188127525101004,0,ACCEPT,-797.0
DSP000741,TXN0158364,M000221,CUS0056944,Visa,DUPLICATE_TRANSACTION,Duplicate Transaction,2025-03-31,5999,423,196,2025-04-21,21,contested,won,2025-04-25,2,1,1,0.43688333333333335,2,,,,,,,,,,,,,,,,,,fitness_membership,membership_service,medium,0.4539532890685384,34,1,0,,0.319901185770751,619,619.0,0.10318386397732955,1,CONTEST,1300.09
DSP000742,TXN0160332,M000221,,Visa,CREDIT_NOT_PROCESSED,Credit Not Processed,2025-08-28,14999,0,0,2025-09-04,7,accepted,accepted_refunded,,4,1,3,0.3725333333333333,3,,,,,,,,,,,,,,,,,,fitness_membership,membership_service,medium,0.4539532890685384,34,1,0,,0.0,0,797.0,0.05313687579171945,0,ACCEPT,-797.0
DSP000743,TXN0157972,M000221,CUS0056629,Visa,RECURRING_BILLING_DISPUTE,Recurring Billing Dispute,2026-02-17,1499,0,0,2026-03-02,13,accepted,accepted_refunded,,5,2,3,0.3924666666666667,3,,,,,,,,,,,,,,,,,,fitness_membership,membership_service,medium,0.4539532890685384,34,1,0,,0.0,0,797.0,0.5316877918612408,0,ACCEPT,-797.0
DSP000744,TXN0159708,M000221,CUS0056784,Mastercard,MERCHANDISE_NOT_AS_DESCRIBED,Merchandise Not As Described,2026-01-16,1499,624,169,2026-01-31,15,contested,lost,2026-03-02,4,1,3,0.29036666666666666,4,,,,,,,,,,,,,,,,,,fitness_membership,membership_service,medium,0.4539532890685384,34,1,0,,0.0,793,793.0,0.5290193462308206,0,ACCEPT,-793.0
DSP000745,TXN0159430,M000221,,RuPay,CREDIT_NOT_PROCESSED,Credit Not Processed,2025-08-06,14999,0,0,2025-08-16,10,accepted,accepted_refunded,,4,3,1,0.35666666666666663,3,,,,,,,,,,,,,,,,,,fitness_membership,membership_service,medium,0.4539532890685384,34,1,0,,0.07007319056654919,0,797.0,0.05313687579171945,1,CONTEST,254.03
DSP000746,TXN0158321,M000221,,RuPay,RECURRING_BILLING_DISPUTE,Recurring Billing Dispute,2025-10-19,1499,606,250,2025-10-28,9,contested,lost,2025-11-18,5,1,4,0.21716666666666665,4,,,,,,,,,,,,,,,,,,fitness_membership,membership_service,medium,0.4539532890685384,34,1,0,,0.0,856,856.0,0.57104736490994,0,ACCEPT,-856.0
DSP000747,TXN0158257,M000221,CUS0056628,Mastercard,CREDIT_NOT_PROCESSED,Credit Not Processed,2025-06-04,5999,688,237,2025-06-12,8,contested,won,2025-06-30,4,3,1,0.37796666666666673,3,,,,,,,,,,,,,,,,,,fitness_membership,membership_service,medium,0.4539532890685384,34,1,0,,0.19798828622358036,925,925.0,0.15419236539423237,1,CONTEST,262.73
DSP000748,TXN0159406,M000221,CUS0056977,Visa,RECURRING_BILLING_DISPUTE,Recurring Billing Dispute,2025-06-26,1499,412,233,2025-07-05,9,contested,lost,2025-07-13,5,2,3,0.20896666666666666,4,,,,,,,,,,,,,,,,,,fitness_membership,membership_service,medium,0.4539532890685384,34,1,0,,0.0,645,645.0,0.43028685790527016,0,ACCEPT,-645.0
DSP000749,TXN0158014,M000221,,Visa,UNAUTHORIZED_TRANSACTION,Unauthorized Transaction,2025-06-27,24999,0,0,2025-07-10,13,accepted,accepted_refunded,,4,2,2,0.31980000000000003,3,1499.0,debit_card,passed,1.0,DEV540129,0.5910013662710295,2.0,0.0,0.0,,,,2025-04-15 02:28:00,0.0,0.0,0.0,,fitness_membership,membership_service,medium,0.4539532890685384,34,1,0,72.89722222222223,0.0,0,797.0,0.03188127525101004,0,ACCEPT,-797.0
DSP000750,TXN0159675,M000221,CUS0057186,Visa,RECURRING_BILLING_DISPUTE,Recurring Billing Dispute,2025-06-17,1499,0,0,2025-06-26,9,accepted,accepted_refunded,,5,2,3,0.25889999999999996,4,,,,,,,,,,,,,,,,,,fitness_membership,membership_service,medium,0.4539532890685384,34,1,0,,0.0,0,797.0,0.5316877918612408,0,ACCEPT,-797.0
DSP000751,TXN0159580,M000221,CUS0057250,Visa,CREDIT_NOT_PROCESSED,Credit Not Processed,2025-06-13,14999,0,0,2025-06-30,17,accepted,accepted_refunded,,4,1,3,0.14483333333333334,5,,,,,,,,,,,,,,,,,,fitness_membership,membership_service,medium,0.4539532890685384,34,1,0,,0.0,0,797.0,0.05313687579171945,0,ACCEPT,-797.0
DSP000752,TXN0158699,M000221,CUS0056832,Visa,SERVICE_NOT_RENDERED,Service Not Rendered,2025-09-26,5999,590,160,2025-10-17,21,contested,lost,2025-10-21,4,2,2,0.3792333333333333,3,,,,,,,,,,,,,,,,,,fitness_membership,membership_service,medium,0.4539532890685384,34,1,0,,0.015384615384615385,750,750.0,0.12502083680613435,0,ACCEPT,-657.71
DSP000753,TXN0160006,M000221,CUS0056615,Visa,SERVICE_NOT_RENDERED,Service Not Rendered,2025-01-13,14999,471,162,2025-01-31,18,contested,lost,2025-02-24,4,1,3,0.2677833333333333,4,,,,,,,,,,,,,,,,,,fitness_membership,membership_service,medium,0.4539532890685384,34,1,0,,0.0,633,633.0,0.04220281352090139,0,ACCEPT,-633.0
DSP000754,TXN0160159,M000221,CUS0057028,Visa,SERVICE_NOT_RENDERED,Service Not Rendered,2025-01-15,14999,0,0,2025-01-24,9,accepted,accepted_refunded,,4,3,1,0.34861666666666663,3,,,,,,,,,,,,,,,,,,fitness_membership,membership_service,medium,0.4539532890685384,34,1,0,,0.13673985723321586,0,797.0,0.05313687579171945,1,CONTEST,1253.96
DSP000755,TXN0159363,M000221,,Visa,CREDIT_NOT_PROCESSED,Credit Not Processed,2025-01-31,1499,0,0,2025-02-10,10,accepted,accepted_refunded,,4,2,2,0.35135000000000005,3,,,,,,,,,,,,,,,,,,fitness_membership,membership_service,medium,0.4539532890685384,34,1,0,,0.0,0,797.0,0.5316877918612408,0,ACCEPT,-797.0
DSP000756,TXN0160708,M000222,,Mastercard,MERCHANDISE_NOT_RECEIVED,Merchandise Not Received,2025-11-05,2845,502,284,2025-11-25,20,contested,won,2025-12-12,4,3,1,0.7618833333333334,1,,,,,,,,,,,,,,,,,,d2c_brand,physical_delivery,medium,0.7550305051203428,94,0,1,,0.6490577249575552,786,786.0,0.27627416520210896,1,CONTEST,1060.57
DSP000757,TXN0161520,M000222,CUS0058183,Mastercard,MERCHANDISE_NOT_AS_DESCRIBED,Merchandise Not As Described,2025-07-29,4799,0,0,2025-08-10,12,accepted,accepted_refunded,,3,1,2,0.45665,3,,,,,,,,,,,,,,,,,,d2c_brand,physical_delivery,medium,0.7550305051203428,94,0,1,,0.04581913271408896,0,797.0,0.16607626588872682,0,ACCEPT,-577.11
DSP000758,TXN0160850,M000222,CUS0057777,Mastercard,MERCHANDISE_NOT_RECEIVED,Merchandise Not Received,2025-04-17,2149,679,252,2025-04-26,9,contested,won,2025-05-28,4,3,1,0.7370333333333333,1,,,,,,,,,,,,,,,,,,d2c_brand,physical_delivery,medium,0.7550305051203428,94,0,1,,0.5616799351319475,931,931.0,0.43322475570032576,1,CONTEST,276.05
DSP000759,TXN0161543,M000222,CUS0058047,Mastercard,MERCHANDISE_NOT_RECEIVED,Merchandise Not Received,2025-03-19,1950,590,212,2025-03-30,11,contested,won,2025-04-19,4,4,0,0.7134666666666667,1,,,,,,,,,,,,,,,,,,d2c_brand,physical_delivery,medium,0.7550305051203428,94,0,1,,0.8019516541539478,802,802.0,0.4112820512820513,1,CONTEST,761.81
DSP000760,TXN0160737,M000222,CUS0057779,Visa,UNAUTHORIZED_TRANSACTION,Unauthorized Transaction,2026-01-25,1549,697,150,2026-02-08,14,contested,won,2026-03-05,4,4,0,0.8698333333333333,0,,,,,,,,,,,,,,,,,,d2c_brand,physical_delivery,medium,0.7550305051203428,94,0,1,,0.6004198618718742,847,847.0,0.5468043899289864,1,CONTEST,83.05
DSP000761,TXN0162208,M000222,CUS0058147,RuPay,CREDIT_NOT_PROCESSED,Credit Not Processed,2025-07-27,1599,696,150,2025-08-08,12,contested,won,2025-09-04,3,2,1,0.71615,1,,,,,,,,,,,,,,,,,,d2c_brand,physical_delivery,medium,0.7550305051203428,94,0,1,,0.5148818501759679,846,846.0,0.5290806754221389,0,ACCEPT,-22.7
DSP000762,TXN0161179,M000222,CUS0057800,Visa,MERCHANDISE_NOT_RECEIVED,Merchandise Not Received,2026-01-25,1849,411,210,2026-02-08,14,contested,won,2026-02-16,4,4,0,0.8796833333333334,0,,,,,,,,,,,,,,,,,,d2c_brand,physical_delivery,medium,0.7550305051203428,94,0,1,,0.8972876449355821,621,621.0,0.3358572201189832,1,CONTEST,1038.08
DSP000763,TXN0161619,M000222,,Visa,UNAUTHORIZED_TRANSACTION,Unauthorized Transaction,2025-05-01,460,645,254,2025-05-19,18,contested,won,2025-06-07,4,4,0,0.9446666666666667,0,,,,,,,,,,,,,,,,,,d2c_brand,physical_delivery,medium,0.7550305051203428,94,0,1,,0.5684198618718742,899,899.0,1.0,0,ACCEPT,-637.53
DSP000764,TXN0161244,M000222,,Visa,MERCHANDISE_NOT_RECEIVED,Merchandise Not Received,2025-06-08,4600,697,290,2025-06-18,10,contested,lost,2025-07-18,4,2,2,0.6301333333333333,2,795.0,credit_card,failed,1.0,DEV488368,0.1931758850489197,1.0,0.0,0.0,delivered,2025-09-10,1.0,2025-08-31 16:00:00,0.0,0.0,0.0,,d2c_brand,physical_delivery,medium,0.7550305051203428,94,0,1,-84.66666666666667,0.30384057971014494,987,987.0,0.21456521739130435,1,CONTEST,410.67
DSP000765,TXN0162179,M000222,,Visa,CREDIT_NOT_PROCESSED,Credit Not Processed,2025-08-09,1445,743,167,2025-08-18,9,contested,lost,2025-09-01,3,2,1,0.711,1,,,,,,,,,,,,,,,,,,d2c_brand,physical_delivery,medium,0.7550305051203428,94,0,1,,0.5287707390648567,910,910.0,0.629757785467128,0,ACCEPT,-145.93
DSP000766,TXN0161187,M000222,CUS0058114,Visa,MERCHANDISE_NOT_RECEIVED,Merchandise Not Received,2025-11-26,2249,544,161,2025-12-08,12,contested,lost,2026-01-09,4,2,2,0.6058166666666667,2,,,,,,,,,,,,,,,,,,d2c_brand,physical_delivery,medium,0.7550305051203428,94,0,1,,0.17670995670995668,705,705.0,0.31347265451311696,0,ACCEPT,-307.58
DSP000767,TXN0161289,M000222,CUS0057538,Mastercard,MERCHANDISE_NOT_RECEIVED,Merchandise Not Received,2025-10-08,550,0,0,2025-10-18,10,accepted,accepted_refunded,,4,3,1,0.6056833333333334,2,,,,,,,,,,,,,,,,,,d2c_brand,physical_delivery,medium,0.7550305051203428,94,0,1,,0.506078431372549,0,797.0,1.0,0,ACCEPT,-518.66
DSP000768,TXN0161840,M000222,CUS0057344,Mastercard,CREDIT_NOT_PROCESSED,Credit Not Processed,2026-01-14,1599,663,287,2026-02-02,19,contested,lost,2026-02-26,3,2,1,0.4674666666666667,3,,,,,,,,,,,,,,,,,,d2c_brand,physical_delivery,medium,0.7550305051203428,94,0,1,,0.2277922077922078,950,950.0,0.5941213258286429,0,ACCEPT,-585.76
DSP000769,TXN0162075,M000222,CUS0057611,Visa,MERCHANDISE_NOT_RECEIVED,Merchandise Not Received,2025-09-22,2245,477,219,2025-10-10,18,contested,lost,2025-10-09,4,3,1,0.7582,1,,,,,,,,,,,,,,,,,,d2c_brand,physical_delivery,medium,0.7550305051203428,94,0,1,,0.6204513078790774,696,696.0,0.310022271714922,1,CONTEST,696.91
DSP000770,TXN0163724,M000223,CUS0058357,Visa,MERCHANDISE_NOT_AS_DESCRIBED,Merchandise Not As Described,2025-04-03,3295,642,204,2025-04-22,19,contested,won,2025-04-20,3,3,0,0.9536166666666667,0,,,,,,,,,,,,,,,,,,d2c_brand,physical_delivery,medium,0.8349473094698556,110,0,1,,0.7692429833471268,846,846.0,0.256752655538695,1,CONTEST,1688.66
DSP000771,TXN0165528,M000223,,Mastercard,CREDIT_NOT_PROCESSED,Credit Not Processed,2025-08-19,1150,0,0,2025-08-28,9,accepted,accepted_refunded,,3,2,1,0.49,3,,,,,,,,,,,,,,,,,,d2c_brand,physical_delivery,medium,0.8349473094698556,110,0,1,,0.24337662337662339,0,797.0,0.6930434782608695,0,ACCEPT,-517.12
DSP000772,TXN0165450,M000223,CUS0058317,Mastercard,MERCHANDISE_NOT_RECEIVED,Merchandise Not Received,2025-08-21,6299,560,210,2025-09-06,16,contested,won,2025-09-23,4,4,0,0.94795,0,,,,,,,,,,,,,,,,,,d2c_brand,physical_delivery,medium,0.8349473094698556,110,0,1,,0.8709527224825294,770,770.0,0.12224162565486585,1,CONTEST,4716.13
DSP000773,TXN0164287,M000223,,RuPay,MERCHANDISE_NOT_AS_DESCRIBED,Merchandise Not As Described,2025-02-15,550,544,230,2025-02-24,9,contested,won,2025-03-14,3,3,0,0.9432833333333334,0,5799.0,upi,not_applicable,1.0,DEV712097,0.1377251906968267,1.0,0.0,0.0,in_transit,,0.0,2025-09-17 20:03:00,0.0,0.0,0.0,,d2c_brand,physical_delivery,medium,0.8349473094698556,110,0,1,-214.83541666666667,0.9165571683218742,774,774.0,1.0,0,ACCEPT,-269.89
DSP000774,TXN0164999,M000223,CUS0058997,RuPay,MERCHANDISE_NOT_RECEIVED,Merchandise Not Received,2025-11-30,1495,580,289,2025-12-11,11,contested,won,2025-12-26,4,3,1,0.7535,1,,,,,,,,,,,,,,,,,,d2c_brand,physical_delivery,medium,0.8349473094698556,110,0,1,,0.620616044837752,869,869.0,0.5812709030100335,1,CONTEST,58.82
DSP000775,TXN0163944,M000223,CUS0058481,Mastercard,UNAUTHORIZED_TRANSACTION,Unauthorized Transaction,2025-05-05,2550,724,212,2025-05-26,21,contested,lost,2025-06-11,4,3,1,0.7638666666666666,1,,,,,,,,,,,,,,,,,,d2c_brand,physical_delivery,medium,0.8349473094698556,110,0,1,,0.2873447947933074,936,936.0,0.36705882352941177,0,ACCEPT,-203.27
DSP000776,TXN0164268,M000223,CUS0058978,Mastercard,MERCHANDISE_NOT_AS_DESCRIBED,Merchandise Not As Described,2025-12-01,4645,573,195,2025-12-12,11,contested,won,2025-12-21,3,3,0,0.7481333333333332,1,,,,,,,,,,,,,,,,,,d2c_brand,physical_delivery,medium,0.8349473094698556,110,0,1,,0.6702086200982202,768,768.0,0.16533907427341227,1,CONTEST,2345.12
DSP000777,TXN0165351,M000223,CUS0059125,Mastercard,MERCHANDISE_NOT_AS_DESCRIBED,Merchandise Not As Described,2025-04-21,850,553,218,2025-05-02,11,contested,lost,2025-05-14,3,1,2,0.6018166666666667,2,,,,,,,,,,,,,,,,,,d2c_brand,physical_delivery,medium,0.8349473094698556,110,0,1,,0.14034632034632036,771,771.0,0.9070588235294118,0,ACCEPT,-651.71
DSP000778,TXN0168199,M000224,,RuPay,MERCHANDISE_NOT_AS_DESCRIBED,Merchandise Not As Described,2025-01-14,9100,623,192,2025-01-27,13,contested,lost,2025-02-25,3,2,1,0.6712833333333333,1,,,,,,,,,,,,,,,,,,travel_booking,booking_service,medium,0.6602782202486864,94,0,0,,0.25320118478013215,815,815.0,0.08956043956043956,1,CONTEST,1489.13
DSP000779,TXN0168377,M000224,CUS0059519,RuPay,MERCHANDISE_NOT_AS_DESCRIBED,Merchandise Not As Described,2025-03-29,12700,710,161,2025-04-08,10,contested,lost,2025-05-13,3,1,2,0.44716666666666666,3,,,,,,,,,,,,,,,,,,travel_booking,booking_service,medium,0.6602782202486864,94,0,0,,0.015384615384615385,871,871.0,0.06858267716535434,0,ACCEPT,-675.62
DSP000780,TXN0167746,M000224,,Mastercard,CREDIT_NOT_PROCESSED,Credit Not Processed,2025-07-15,4350,478,188,2025-07-29,14,contested,lost,2025-08-08,4,3,1,0.5483333333333333,2,,,,,,,,,,,,,,,,,,travel_booking,booking_service,medium,0.6602782202486864,94,0,0,,0.26531735226397746,666,666.0,0.15310344827586206,1,CONTEST,488.13
DSP000781,TXN0167024,M000224,,Mastercard,SERVICE_NOT_RENDERED,Service Not Rendered,2025-09-08,9800,0,0,2025-09-23,15,accepted,accepted_refunded,,3,1,2,0.25698333333333334,4,,,,,,,,,,,,,,,,,,travel_booking,booking_service,medium,0.6602782202486864,94,0,0,,0.0,0,797.0,0.0813265306122449,0,ACCEPT,-797.0
DSP000782,TXN0167499,M000224,,RuPay,MERCHANDISE_NOT_AS_DESCRIBED,Merchandise Not As Described,2026-01-01,11899,0,0,2026-01-21,20,accepted,accepted_refunded,,3,3,0,0.5741666666666667,2,,,,,,,,,,,,,,,,,,travel_booking,booking_service,medium,0.6602782202486864,94,0,0,,0.3703318077803203,0,797.0,0.06698041852256492,1,CONTEST,3609.58
DSP000783,TXN0166734,M000224,CUS0059549,Visa,CREDIT_NOT_PROCESSED,Credit Not Processed,2025-03-06,10595,642,182,2025-03-23,17,contested,won,2025-03-29,4,3,1,0.45156666666666667,3,,,,,,,,,,,,,,,,,,travel_booking,booking_service,medium,0.6602782202486864,94,0,0,,0.21871769184532158,824,824.0,0.07777253421425201,1,CONTEST,1493.31
DSP000784,TXN0166727,M000224,,Mastercard,MERCHANDISE_NOT_AS_DESCRIBED,Merchandise Not As Described,2026-01-30,18399,425,178,2026-02-13,14,contested,won,2026-03-04,3,3,0,0.8597166666666666,0,,,,,,,,,,,,,,,,,,travel_booking,booking_service,medium,0.6602782202486864,94,0,0,,0.6167523989000634,603,603.0,0.032773520300016304,1,CONTEST,10744.63
DSP000785,TXN0167611,M000224,CUS0059694,RuPay,CREDIT_NOT_PROCESSED,Credit Not Processed,2026-01-26,7699,719,193,2026-02-04,9,contested,lost,2026-03-10,4,3,1,0.5769,2,,,,,,,,,,,,,,,,,,travel_booking,booking_service,medium,0.6602782202486864,94,0,0,,0.265853566723132,912,912.0,0.11845694246005975,1,CONTEST,1134.81
DSP000786,TXN0166432,M000224,CUS0059508,Visa,SERVICE_NOT_RENDERED,Service Not Rendered,2025-08-23,10200,582,241,2025-09-10,18,contested,lost,2025-09-22,3,2,1,0.7352500000000001,1,,,,,,,,,,,,,,,,,,travel_booking,booking_service,medium,0.6602782202486864,94,0,0,,0.3253318077803204,823,823.0,0.08068627450980392,1,CONTEST,2495.38
DSP000787,TXN0166244,M000224,CUS0059727,Visa,UNAUTHORIZED_TRANSACTION,Unauthorized Transaction,2025-09-20,7495,500,198,2025-09-29,9,contested,lost,2025-10-21,3,2,1,0.5706833333333333,2,,,,,,,,,,,,,,,,,,travel_booking,booking_service,medium,0.6602782202486864,94,0,0,,0.05578747628083491,698,698.0,0.09312875250166777,0,ACCEPT,-279.87
DSP000788,TXN0165887,M000224,CUS0059989,Visa,SERVICE_NOT_RENDERED,Service Not Rendered,2025-08-07,6400,441,239,2025-08-21,14,contested,won,2025-09-16,3,2,1,0.7216833333333333,1,,,,,,,,,,,,,,,,,,travel_booking,booking_service,medium,0.6602782202486864,94,0,0,,0.4560784313725491,680,680.0,0.10625,1,CONTEST,2238.9
DSP000789,TXN0168451,M000224,CUS0060154,Visa,SERVICE_NOT_RENDERED,Service Not Rendered,2025-06-14,12899,0,0,2025-06-26,12,accepted,accepted_refunded,,3,3,0,0.7599166666666667,0,,,,,,,,,,,,,,,,,,travel_booking,booking_service,medium,0.6602782202486864,94,0,0,,0.6167523989000634,0,797.0,0.061787735483370805,1,CONTEST,7158.49
DSP000790,TXN0170215,M000225,CUS0060319,Mastercard,SERVICE_NOT_RENDERED,Service Not Rendered,2025-05-11,4450,0,0,2025-05-23,12,accepted,accepted_refunded,,3,1,2,0.2542,4,,,,,,,,,,,,,,,,,,travel_booking,booking_service,medium,0.5710213862054762,77,0,0,,0.015384615384615385,0,797.0,0.17910112359550562,0,ACCEPT,-728.54
DSP000791,TXN0170267,M000225,CUS0060477,Visa,UNAUTHORIZED_TRANSACTION,Unauthorized Transaction,2025-09-13,27500,747,295,2025-10-01,18,contested,lost,2025-10-07,3,3,0,0.5183333333333333,2,,,,,,,,,,,,,,,,,,travel_booking,booking_service,medium,0.5710213862054762,77,0,0,,0.24337662337662339,1042,1042.0,0.03789090909090909,1,CONTEST,5650.86
DSP000792,TXN0169727,M000225,CUS0060912,Mastercard,CREDIT_NOT_PROCESSED,Credit Not Processed,2025-03-18,1550,469,280,2025-03-27,9,contested,lost,2025-04-04,4,2,2,0.5238666666666667,2,,,,,,,,,,,,,,,,,,travel_booking,booking_service,medium,0.5710213862054762,77,0,0,,0.03225806451612903,749,749.0,0.4832258064516129,0,ACCEPT,-699.0
DSP000793,TXN0170083,M000225,CUS0060511,Mastercard,CREDIT_NOT_PROCESSED,Credit Not Processed,2025-03-26,5500,0,0,2025-04-14,19,accepted,accepted_refunded,,4,2,2,0.41208333333333336,3,,,,,,,,,,,,,,,,,,travel_booking,booking_service,medium,0.5710213862054762,77,0,0,,0.0,0,797.0,0.1449090909090909,0,ACCEPT,-797.0
DSP000794,TXN0168684,M000225,CUS0060494,Mastercard,SERVICE_NOT_RENDERED,Service Not Rendered,2025-09-14,5100,0,0,2025-09-28,14,accepted,accepted_refunded,,3,1,2,0.26545,4,,,,,,,,,,,,,,,,,,travel_booking,booking_service,medium,0.5710213862054762,77,0,0,,0.0,0,797.0,0.15627450980392157,0,ACCEPT,-797.0
DSP000795,TXN0168787,M000225,,Visa,SERVICE_NOT_RENDERED,Service Not Rendered,2025-01-19,7095,514,282,2025-01-31,12,contested,lost,2025-02-28,3,2,1,0.5424333333333333,2,7299.0,upi,not_applicable,1.0,,0.1712300701331786,1.0,0.0,1.0,,,,2025-02-23 08:21:00,0.0,0.0,0.0,,travel_booking,booking_service,medium,0.5710213862054762,77,0,0,-35.34791666666667,0.265853566723132,796,796.0,0.11219168428470754,1,CONTEST,1090.23
DSP000796,TXN0168480,M000225,,RuPay,MERCHANDISE_NOT_AS_DESCRIBED,Merchandise Not As Described,2025-07-05,11999,671,237,2025-07-22,17,contested,lost,2025-07-19,3,1,2,0.40840000000000004,3,,,,,,,,,,,,,,,,,,travel_booking,booking_service,medium,0.5710213862054762,77,0,0,,0.0,908,908.0,0.07567297274772898,0,ACCEPT,-908.0
DSP000797,TXN0170254,M000225,,Visa,CREDIT_NOT_PROCESSED,Credit Not Processed,2026-02-01,7300,632,219,2026-02-21,20,contested,won,2026-03-05,4,3,1,0.39363333333333334,3,,,,,,,,,,,,,,,,,,travel_booking,booking_service,medium,0.5710213862054762,77,0,0,,0.24360248447204969,851,851.0,0.11657534246575342,1,CONTEST,927.3
DSP000798,TXN0170625,M000225,CUS0060336,Visa,SERVICE_NOT_RENDERED,Service Not Rendered,2025-03-06,4649,587,222,2025-03-27,21,contested,won,2025-03-25,3,2,1,0.5791833333333334,2,,,,,,,,,,,,,,,,,,travel_booking,booking_service,medium,0.5710213862054762,77,0,0,,0.323855863402711,809,809.0,0.17401591740159175,1,CONTEST,696.61
DSP000799,TXN0170769,M000225,CUS0060985,Mastercard,CREDIT_NOT_PROCESSED,Credit Not Processed,2026-01-29,12000,0,0,2026-02-08,10,accepted,accepted_refunded,,4,1,3,0.2560166666666666,4,,,,,,,,,,,,,,,,,,travel_booking,booking_service,medium,0.5710213862054762,77,0,0,,0.0,0,797.0,0.06641666666666667,0,ACCEPT,-797.0
DSP000800,TXN0170621,M000225,,Visa,UNAUTHORIZED_TRANSACTION,Unauthorized Transaction,2025-02-25,4500,642,164,2025-03-18,21,contested,lost,2025-03-11,3,2,1,0.5612166666666667,2,,,,,,,,,,,,,,,,,,travel_booking,booking_service,medium,0.5710213862054762,77,0,0,,0.17670995670995668,806,806.0,0.1791111111111111,0,ACCEPT,-10.81
DSP000801,TXN0170784,M000225,CUS0060907,RuPay,CREDIT_NOT_PROCESSED,Credit Not Processed,2026-01-11,14199,0,0,2026-01-21,10,accepted,accepted_refunded,,4,4,0,0.7439833333333333,1,,,,,,,,,,,,,,,,,,travel_booking,booking_service,medium,0.5710213862054762,77,0,0,,0.609500180853435,0,797.0,0.056130713430523275,1,CONTEST,7857.29
DSP000802,TXN0170142,M000225,,RuPay,SERVICE_NOT_RENDERED,Service Not Rendered,2025-02-21,1899,0,0,2025-03-07,14,accepted,accepted_refunded,,3,1,2,0.3056833333333333,4,,,,,,,,,,,,,,,,,,travel_booking,booking_service,medium,0.5710213862054762,77,0,0,,0.015384615384615385,0,797.0,0.41969457609268035,0,ACCEPT,-767.78
DSP000803,TXN0171400,M000226,CUS0061197,Visa,SERVICE_NOT_RENDERED,Service Not Rendered,2025-05-23,999,673,178,2025-06-04,12,contested,won,2025-06-16,4,2,2,0.39716666666666667,3,,,,,,,,,,,,,,,,,,fitness_membership,membership_service,medium,0.5299352270327274,116,1,0,,0.05319974143503555,851,851.0,0.8518518518518519,0,ACCEPT,-797.85
DSP000804,TXN0171580,M000226,CUS0061630,Visa,SERVICE_NOT_RENDERED,Service Not Rendered,2025-04-26,999,0,0,2025-05-12,16,accepted,accepted_refunded,,4,4,0,0.7949166666666666,0,,,,,,,,,,,,,,,,,,fitness_membership,membership_service,medium,0.5299352270327274,116,1,0,,0.7272015253591302,0,797.0,0.7977977977977978,0,ACCEPT,-70.53
DSP000805,TXN0172852,M000226,,Mastercard,SERVICE_NOT_RENDERED,Service Not Rendered,2025-02-06,999,0,0,2025-02-26,20,accepted,accepted_refunded,,4,2,2,0.49041666666666667,2,,,,,,,,,,,,,,,,,,fitness_membership,membership_service,medium,0.5299352270327274,116,1,0,,0.07007319056654919,0,797.0,0.7977977977977978,0,ACCEPT,-727.0
DSP000806,TXN0171764,M000226,,Visa,RECURRING_BILLING_DISPUTE,Recurring Billing Dispute,2026-01-24,999,455,250,2026-02-07,14,contested,won,2026-02-22,5,4,1,0.7165666666666667,1,5999.0,credit_card,passed,0.0,DEV222915,0.3588836788050067,1.0,1.0,0.0,,,,2025-08-22 17:54:00,0.0,0.0,0.0,,fitness_membership,membership_service,medium,0.5299352270327274,116,1,0,154.25416666666666,0.6167523989000634,705,705.0,0.7057057057057057,0,ACCEPT,-88.86
DSP000807,TXN0171230,M000226,CUS0061839,Mastercard,RECURRING_BILLING_DISPUTE,Recurring Billing Dispute,2025-07-06,5999,732,300,2025-07-17,11,contested,lost,2025-08-11,5,3,2,0.3705833333333333,3,,,,,,,,,,,,,,,,,,fitness_membership,membership_service,medium,0.5299352270327274,116,1,0,,0.0,1032,1032.0,0.17202867144524087,0,ACCEPT,-1032.0
DSP000808,TXN0171597,M000226,CUS0061225,Visa,RECURRING_BILLING_DISPUTE,Recurring Billing Dispute,2025-10-25,3999,522,156,2025-11-03,9,contested,lost,2025-11-23,5,2,3,0.2477,4,,,,,,,,,,,,,,,,,,fitness_membership,membership_service,medium,0.5299352270327274,116,1,0,,0.0,678,678.0,0.1695423855963991,0,ACCEPT,-678.0
DSP000809,TXN0172989,M000226,CUS0061764,Visa,UNAUTHORIZED_TRANSACTION,Unauthorized Transaction,2025-07-20,999,0,0,2025-08-01,12,accepted,accepted_refunded,,4,3,1,0.49628333333333335,2,,,,,,,,,,,,,,,,,,fitness_membership,membership_service,medium,0.5299352270327274,116,1,0,,0.10561369643335965,0,797.0,0.7977977977977978,0,ACCEPT,-691.49
DSP000810,TXN0173637,M000226,CUS0061136,RuPay,RECURRING_BILLING_DISPUTE,Recurring Billing Dispute,2025-12-02,999,486,158,2025-12-20,18,contested,lost,2025-12-21,5,3,2,0.34213333333333334,3,,,,,,,,,,,,,,,,,,fitness_membership,membership_service,medium,0.5299352270327274,116,1,0,,0.0,644,644.0,0.6446446446446447,0,ACCEPT,-644.0
DSP000811,TXN0172698,M000226,CUS0061231,Visa,MERCHANDISE_NOT_AS_DESCRIBED,Merchandise Not As Described,2025-03-04,5999,421,249,2025-03-13,9,contested,lost,2025-04-14,4,2,2,0.36405,3,,,,,,,,,,,,,,,,,,fitness_membership,membership_service,medium,0.5299352270327274,116,1,0,,0.0,670,670.0,0.11168528088014669,0,ACCEPT,-670.0
DSP000812,TXN0171422,M000226,CUS0061524,Mastercard,CREDIT_NOT_PROCESSED,Credit Not Processed,2025-07-14,3999,429,256,2025-07-28,14,contested,lost,2025-08-14,4,1,3,0.2528166666666667,4,,,,,,,,,,,,,,,,,,fitness_membership,membership_service,medium,0.5299352270327274,116,1,0,,0.0,685,685.0,0.17129282320580144,0,ACCEPT,-685.0
DSP000813,TXN0172488,M000226,CUS0061336,Visa,RECURRING_BILLING_DISPUTE,Recurring Billing Dispute,2025-06-20,999,0,0,2025-06-28,8,accepted,accepted_refunded,,5,3,2,0.4648666666666667,2,,,,,,,,,,,,,,,,,,fitness_membership,membership_service,medium,0.5299352270327274,116,1,0,,0.03225806451612903,0,797.0,0.7977977977977978,0,ACCEPT,-764.77
DSP000814,TXN0171645,M000226,CUS0061559,Visa,SERVICE_NOT_RENDERED,Service Not Rendered,2025-06-14,999,487,189,2025-07-05,21,contested,lost,2025-07-08,4,1,3,0.2798833333333333,4,,,,,,,,,,,,,,,,,,fitness_membership,membership_service,medium,0.5299352270327274,116,1,0,,0.0,676,676.0,0.6766766766766766,0,ACCEPT,-676.0
DSP000815,TXN0172281,M000226,CUS0061445,Mastercard,RECURRING_BILLING_DISPUTE,Recurring Billing Dispute,2025-11-05,5999,0,0,2025-11-21,16,accepted,accepted_refunded,,5,3,2,0.3685833333333333,3,,,,,,,,,,,,,,,,,,fitness_membership,membership_service,medium,0.5299352270327274,116,1,0,,0.0,0,797.0,0.13285547591265212,0,ACCEPT,-797.0
DSP000816,TXN0172287,M000226,,Visa,RECURRING_BILLING_DISPUTE,Recurring Billing Dispute,2025-08-19,999,440,267,2025-09-04,16,contested,won,2025-09-07,5,4,1,0.5720333333333333,2,,,,,,,,,,,,,,,,,,fitness_membership,membership_service,medium,0.5299352270327274,116,1,0,,0.28461752206603463,707,707.0,0.7077077077077077,0,ACCEPT,-422.67
DSP000817,TXN0172150,M000226,,Visa,RECURRING_BILLING_DISPUTE,Recurring Billing Dispute,2025-03-16,2499,0,0,2025-04-02,17,accepted,accepted_refunded,,5,1,4,0.11046666666666666,5,,,,,,,,,,,,,,,,,,fitness_membership,membership_service,medium,0.5299352270327274,116,1,0,,0.0,0,797.0,0.31892757102841135,0,ACCEPT,-797.0
DSP000818,TXN0171311,M000226,,RuPay,RECURRING_BILLING_DISPUTE,Recurring Billing Dispute,2025-02-04,2499,591,219,2025-02-14,10,contested,lost,2025-02-25,5,1,4,0.2543,4,2499.0,credit_card,passed,1.0,DEV893485,0.6062676304815647,1.0,0.0,1.0,,,,2025-06-01 21:06:00,0.0,0.0,0.0,,fitness_membership,membership_service,medium,0.5299352270327274,116,1,0,-117.87916666666666,0.0,810,810.0,0.3241296518607443,0,ACCEPT,-810.0
DSP000819,TXN0172973,M000226,,Visa,CREDIT_NOT_PROCESSED,Credit Not Processed,2025-09-17,999,0,0,2025-10-07,20,accepted,accepted_refunded,,4,3,1,0.6557,1,,,,,,,,,,,,,,,,,,fitness_membership,membership_service,medium,0.5299352270327274,116,1,0,,0.3753318077803204,0,797.0,0.7977977977977978,0,ACCEPT,-422.04
DSP000820,TXN0172946,M000226,CUS0061840,Visa,RECURRING_BILLING_DISPUTE,Recurring Billing Dispute,2025-11-08,999,438,151,2025-11-22,14,contested,lost,2025-12-09,5,3,2,0.5480999999999999,2,,,,,,,,,,,,,,,,,,fitness_membership,membership_service,medium,0.5299352270327274,116,1,0,,0.05938409484276637,589,589.0,0.5895895895895896,0,ACCEPT,-529.68
DSP000821,TXN0173318,M000226,CUS0061970,Visa,MERCHANDISE_NOT_AS_DESCRIBED,Merchandise Not As Described,2025-09-27,3999,658,271,2025-10-10,13,contested,lost,2025-10-21,4,2,2,0.37135,3,,,,,,,,,,,,,,,,,,fitness_membership,membership_service,medium,0.5299352270327274,116,1,0,,0.0,929,929.0,0.23230807701925482,0,ACCEPT,-929.0
DSP000822,TXN0176032,M000227,CUS0062268,Visa,SERVICE_NOT_RENDERED,Service Not Rendered,2025-06-30,1499,683,247,2025-07-21,21,contested,won,2025-08-02,4,3,1,0.7549666666666667,1,,,,,,,,,,,,,,,,,,fitness_membership,membership_service,medium,0.6371874998871452,78,1,0,,0.6004198618718742,930,930.0,0.6204136090727151,0,ACCEPT,-29.97
DSP000823,TXN0174119,M000227,,Visa,DUPLICATE_TRANSACTION,Duplicate Transaction,2026-02-05,1499,652,150,2026-02-13,8,contested,lost,2026-03-01,2,2,0,0.6609666666666666,1,2499.0,netbanking,not_applicable,0.0,DEV399753,0.3069096104355164,4.0,0.0,1.0,,,,2025-05-28 08:53:00,0.0,0.0,0.0,,fitness_membership,membership_service,medium,0.6371874998871452,78,1,0,252.6298611111111,0.5570017381579311,802,802.0,0.5350233488992662,1,CONTEST,32.95
DSP000824,TXN0175700,M000227,,RuPay,DUPLICATE_TRANSACTION,Duplicate Transaction,2025-09-27,1499,646,214,2025-10-07,10,contested,lost,2025-10-26,2,2,0,0.7171500000000001,1,,,,,,,,,,,,,,,,,,fitness_membership,membership_service,medium,0.6371874998871452,78,1,0,,0.6204748069268193,860,860.0,0.5737158105403602,1,CONTEST,70.09
DSP000825,TXN0175311,M000227,,RuPay,RECURRING_BILLING_DISPUTE,Recurring Billing Dispute,2025-06-12,1499,621,283,2025-06-25,13,contested,lost,2025-07-03,5,3,2,0.5935333333333334,2,,,,,,,,,,,,,,,,,,fitness_membership,membership_service,medium,0.6371874998871452,78,1,0,,0.07007319056654919,904,904.0,0.6030687124749833,0,ACCEPT,-798.96
DSP000826,TXN0174251,M000227,CUS0062677,Visa,CREDIT_NOT_PROCESSED,Credit Not Processed,2025-09-17,5999,0,0,2025-10-06,19,accepted,accepted_refunded,,4,4,0,0.7742166666666667,1,,,,,,,,,,,,,,,,,,fitness_membership,membership_service,medium,0.6371874998871452,78,1,0,,0.6735705807182453,0,797.0,0.13285547591265212,1,CONTEST,3243.75
DSP000827,TXN0173926,M000227,CUS0062834,RuPay,RECURRING_BILLING_DISPUTE,Recurring Billing Dispute,2025-07-14,5999,0,0,2025-07-27,13,accepted,accepted_refunded,,5,4,1,0.6218,2,,,,,,,,,,,,,,,,,,fitness_membership,membership_service,medium,0.6371874998871452,78,1,0,,0.3198834349394487,0,797.0,0.13285547591265212,1,CONTEST,1121.98
DSP000828,TXN0174395,M000227,CUS0062204,Visa,CREDIT_NOT_PROCESSED,Credit Not Processed,2025-11-12,2499,0,0,2025-11-26,14,accepted,accepted_refunded,,4,3,1,0.6282333333333333,2,,,,,,,,,,,,,,,,,,fitness_membership,membership_service,medium,0.6371874998871452,78,1,0,,0.269011461459974,0,797.0,0.31892757102841135,0,ACCEPT,-124.74
DSP000829,TXN0174422,M000227,CUS0062525,Visa,RECURRING_BILLING_DISPUTE,Recurring Billing Dispute,2025-07-03,1499,695,221,2025-07-24,21,contested,won,2025-07-30,5,4,1,0.6030833333333333,2,,,,,,,,,,,,,,,,,,fitness_membership,membership_service,medium,0.6371874998871452,78,1,0,,0.45166666666666666,916,916.0,0.6110740493662442,0,ACCEPT,-238.95
DSP000830,TXN0174487,M000227,,Mastercard,CREDIT_NOT_PROCESSED,Credit Not Processed,2025-09-21,14999,547,230,2025-10-09,18,contested,lost,2025-10-24,4,2,2,0.4790833333333333,3,,,,,,,,,,,,,,,,,,fitness_membership,membership_service,medium,0.6371874998871452,78,1,0,,0.0,777,777.0,0.051803453563570905,0,ACCEPT,-777.0
DSP000831,TXN0175577,M000227,,Visa,RECURRING_BILLING_DISPUTE,Recurring Billing Dispute,2025-05-10,5999,555,271,2025-05-28,18,contested,won,2025-06-02,5,4,1,0.6831166666666667,1,,,,,,,,,,,,,,,,,,fitness_membership,membership_service,medium,0.6371874998871452,78,1,0,,0.552687463110778,826,826.0,0.13768961493582263,1,CONTEST,2489.57
DSP000832,TXN0174205,M000227,CUS0062310,Visa,SERVICE_NOT_RENDERED,Service Not Rendered,2025-03-12,2499,0,0,2025-03-27,15,accepted,accepted_refunded,,4,3,1,0.5701166666666667,2,,,,,,,,,,,,,,,,,,fitness_membership,membership_service,medium,0.6371874998871452,78,1,0,,0.3180590805075931,0,797.0,0.31892757102841135,0,ACCEPT,-2.17
DSP000833,TXN0174529,M000227,CUS0062081,Visa,RECURRING_BILLING_DISPUTE,Recurring Billing Dispute,2025-09-25,1499,683,270,2025-10-09,14,contested,lost,2025-10-28,5,2,3,0.32666666666666666,4,,,,,,,,,,,,,,,,,,fitness_membership,membership_service,medium,0.6371874998871452,78,1,0,,0.0,953,953.0,0.6357571714476318,0,ACCEPT,-953.0
DSP000834,TXN0175471,M000227,CUS0062160,RuPay,MERCHANDISE_NOT_AS_DESCRIBED,Merchandise Not As Described,2025-04-20,1499,608,240,2025-04-27,7,contested,lost,2025-05-31,4,2,2,0.4309166666666666,3,,,,,,,,,,,,,,,,,,fitness_membership,membership_service,medium,0.6371874998871452,78,1,0,,0.0,848,848.0,0.5657104736490994,0,ACCEPT,-848.0
DSP000835,TXN0176213,M000227,,Mastercard,DUPLICATE_TRANSACTION,Duplicate Transaction,2025-09-19,14999,729,231,2025-09-27,8,contested,won,2025-10-14,2,2,0,0.7114166666666667,1,,,,,,,,,,,,,,,,,,fitness_membership,membership_service,medium,0.6371874998871452,78,1,0,,0.6004198618718742,960,960.0,0.06400426695113008,1,CONTEST,8045.7
DSP000836,TXN0174864,M000227,,Mastercard,CREDIT_NOT_PROCESSED,Credit Not Processed,2025-07-31,2499,0,0,2025-08-13,13,accepted,accepted_refunded,,4,4,0,0.5271333333333333,2,1499.0,upi,not_applicable,1.0,,0.0773289382734462,1.0,0.0,0.0,,,,2025-03-26 20:38:00,0.0,0.0,0.0,,fitness_membership,membership_service,medium,0.6371874998871452,78,1,0,126.14027777777778,0.417046783625731,0,797.0,0.31892757102841135,1,CONTEST,245.2
DSP000837,TXN0178385,M000228,CUS0063049,Visa,CREDIT_NOT_PROCESSED,Credit Not Processed,2025-10-06,13795,614,226,2025-10-22,16,contested,lost,2025-11-19,4,3,1,0.41025,3,,,,,,,,,,,,,,,,,,travel_booking,booking_service,medium,0.7025343670511073,115,0,0,,0.20290741516547967,840,840.0,0.06089162740123233,1,CONTEST,1959.11
DSP000838,TXN0179050,M000228,CUS0063714,Visa,MERCHANDISE_NOT_AS_DESCRIBED,Merchandise Not As Described,2025-12-14,8399,652,243,2025-12-21,7,contested,lost,2025-12-29,3,1,2,0.4239,3,,,,,,,,,,,,,,,,,,travel_booking,booking_service,medium,0.7025343670511073,115,0,0,,0.015384615384615385,895,895.0,0.10656030479819026,0,ACCEPT,-765.78
DSP000839,TXN0177322,M000228,,Visa,UNAUTHORIZED_TRANSACTION,Unauthorized Transaction,2026-01-10,7600,731,257,2026-01-24,14,contested,lost,2026-02-17,3,1,2,0.36610000000000004,3,27995.0,debit_card,passed,1.0,DEV677504,0.4265460917822766,1.0,0.0,0.0,,,,2025-02-25 20:20:00,0.0,0.0,0.0,,travel_booking,booking_service,medium,0.7025343670511073,115,0,0,318.15277777777777,0.03225806451612903,988,988.0,0.13,0,ACCEPT,-742.84
DSP000840,TXN0178624,M000228,CUS0063548,Visa,SERVICE_NOT_RENDERED,Service Not Rendered,2026-01-22,23999,640,245,2026-02-10,19,contested,lost,2026-02-24,3,2,1,0.6424166666666666,2,,,,,,,,,,,,,,,,,,travel_booking,booking_service,medium,0.7025343670511073,115,0,0,,0.306998474446987,885,885.0,0.0368765365223551,1,CONTEST,6482.66
DSP000841,TXN0177740,M000228,CUS0063296,Mastercard,CREDIT_NOT_PROCESSED,Credit Not Processed,2025-08-21,17599,623,205,2025-09-03,13,contested,won,2025-09-10,4,3,1,0.5919,2,,,,,,,,,,,,,,,,,,travel_booking,booking_service,medium,0.7025343670511073,115,0,0,,0.306998474446987,828,828.0,0.04704812773453037,1,CONTEST,4574.87
DSP000842,TXN0178160,M000228,CUS0063771,Mastercard,SERVICE_NOT_RENDERED,Service Not Rendered,2025-09-10,5499,704,231,2025-09-20,10,contested,won,2025-10-24,3,2,1,0.5772333333333334,2,,,,,,,,,,,,,,,,,,travel_booking,booking_service,medium,0.7025343670511073,115,0,0,,0.33922069666920923,935,935.0,0.17003091471176576,1,CONTEST,930.37
DSP000843,TXN0177333,M000228,CUS0063568,Visa,MERCHANDISE_NOT_AS_DESCRIBED,Merchandise Not As Described,2025-06-08,9099,711,300,2025-06-18,10,contested,won,2025-07-10,3,3,0,0.9154166666666667,0,,,,,,,,,,,,,,,,,,travel_booking,booking_service,medium,0.7025343670511073,115,0,0,,0.6167523989000634,1011,1011.0,0.1111111111111111,1,CONTEST,4600.83
DSP000844,TXN0179687,M000229,CUS0064894,Mastercard,SERVICE_NOT_RENDERED,Service Not Rendered,2025-05-25,26499,400,167,2025-06-11,17,contested,won,2025-06-15,3,3,0,0.8669333333333333,0,,,,,,,,,,,,,,,,,,travel_booking,booking_service,medium,0.7156408861529122,91,0,0,,0.7401119216235992,567,567.0,0.021397033850333976,1,CONTEST,19045.23
DSP000845,TXN0180777,M000229,CUS0064123,RuPay,SERVICE_NOT_RENDERED,Service Not Rendered,2025-08-12,7195,443,263,2025-09-02,21,contested,lost,2025-09-18,3,0,3,0.16333333333333333,5,,,,,,,,,,,,,,,,,,travel_booking,booking_service,medium,0.7156408861529122,91,0,0,,0.03225806451612903,706,706.0,0.09812369701181375,0,ACCEPT,-473.9
DSP000846,TXN0180343,M000229,CUS0064864,Mastercard,CREDIT_NOT_PROCESSED,Credit Not Processed,2025-09-17,19799,744,277,2025-09-28,11,contested,won,2025-10-12,4,4,0,0.9250333333333334,0,,,,,,,,,,,,,,,,,,travel_booking,booking_service,medium,0.7156408861529122,91,0,0,,0.816148626437271,1021,1021.0,0.051568261023284004,1,CONTEST,15137.93
DSP000847,TXN0179701,M000229,CUS0064858,Visa,SERVICE_NOT_RENDERED,Service Not Rendered,2025-03-19,8799,478,150,2025-03-29,10,contested,won,2025-04-03,3,3,0,0.7622166666666667,1,,,,,,,,,,,,,,,,,,travel_booking,booking_service,medium,0.7156408861529122,91,0,0,,0.6373406341941811,628,628.0,0.07137174678940789,1,CONTEST,4979.96
DSP000848,TXN0180198,M000229,CUS0064615,Visa,MERCHANDISE_NOT_AS_DESCRIBED,Merchandise Not As Described,2026-02-08,19999,412,279,2026-03-01,21,contested,lost,2026-03-13,3,2,1,0.6335666666666667,2,,,,,,,,,,,,,,,,,,travel_booking,booking_service,medium,0.7156408861529122,91,0,0,,0.25320118478013215,691,691.0,0.03455172758637932,1,CONTEST,4372.77
DSP000849,TXN0180858,M000229,CUS0064072,Visa,CREDIT_NOT_PROCESSED,Credit Not Processed,2025-02-17,5599,0,0,2025-03-05,16,accepted,accepted_refunded,,4,3,1,0.6042333333333333,2,,,,,,,,,,,,,,,,,,travel_booking,booking_service,medium,0.7156408861529122,91,0,0,,0.397953015215744,0,797.0,0.14234684765136632,1,CONTEST,1431.14
DSP000850,TXN0181586,M000229,CUS0064064,Mastercard,UNAUTHORIZED_TRANSACTION,Unauthorized Transaction,2025-04-08,18199,0,0,2025-04-23,15,accepted,accepted_refunded,,3,0,3,0.49,3,,,,,,,,,,,,,,,,,,travel_booking,booking_service,medium,0.7156408861529122,91,0,0,,0.0,0,797.0,0.04379361503379307,0,ACCEPT,-797.0
DSP000851,TXN0180024,M000229,CUS0064093,Visa,SERVICE_NOT_RENDERED,Service Not Rendered,2025-06-17,6799,0,0,2025-06-24,7,accepted,accepted_refunded,,3,3,0,0.7030166666666666,1,,,,,,,,,,,,,,,,,,travel_booking,booking_service,medium,0.7156408861529122,91,0,0,,0.6004198618718742,0,797.0,0.11722312104721283,1,CONTEST,3285.25
DSP000852,TXN0184019,M000230,CUS0065810,RuPay,UNAUTHORIZED_TRANSACTION,Unauthorized Transaction,2025-01-27,999,0,0,2025-02-06,10,accepted,accepted_refunded,,4,0,4,0.2579,4,,,,,,,,,,,,,,,,,,subscription_edtech,digital_service,medium,0.6761215261884613,41,1,0,,0.0,0,797.0,0.7977977977977978,0,ACCEPT,-797.0
DSP000853,TXN0184397,M000230,CUS0065687,Visa,SERVICE_NOT_RENDERED,Service Not Rendered,2025-04-12,1499,0,0,2025-05-02,20,accepted,accepted_refunded,,4,2,2,0.5382666666666667,2,,,,,,,,,,,,,,,,,,subscription_edtech,digital_service,medium,0.6761215261884613,41,1,0,,0.09987711213517665,0,797.0,0.5316877918612408,0,ACCEPT,-647.28
DSP000854,TXN0182387,M000230,,Visa,UNAUTHORIZED_TRANSACTION,Unauthorized Transaction,2025-05-09,999,0,0,2025-05-17,8,accepted,accepted_refunded,,4,2,2,0.5943166666666667,2,1499.0,credit_card,passed,1.0,,0.2738790346138263,1.0,0.0,0.0,,,,2025-01-23 04:14:00,0.0,0.0,0.0,,subscription_edtech,digital_service,medium,0.6761215261884613,41,1,0,105.8236111111111,0.07007319056654919,0,797.0,0.7977977977977978,0,ACCEPT,-727.0
DSP000855,TXN0182950,M000230,CUS0065848,Mastercard,RECURRING_BILLING_DISPUTE,Recurring Billing Dispute,2025-10-05,999,0,0,2025-10-25,20,accepted,accepted_refunded,,5,3,2,0.5821166666666667,2,,,,,,,,,,,,,,,,,,subscription_edtech,digital_service,medium,0.6761215261884613,41,1,0,,0.2277922077922078,0,797.0,0.7977977977977978,0,ACCEPT,-569.44
DSP000856,TXN0182257,M000230,CUS0065031,Visa,RECURRING_BILLING_DISPUTE,Recurring Billing Dispute,2025-05-09,1499,709,293,2025-05-28,19,contested,lost,2025-06-01,5,3,2,0.6165999999999999,2,,,,,,,,,,,,,,,,,,subscription_edtech,digital_service,medium,0.6761215261884613,41,1,0,,0.24337662337662339,1002,1002.0,0.6684456304202802,0,ACCEPT,-637.18
DSP000857,TXN0183753,M000230,CUS0065033,Visa,RECURRING_BILLING_DISPUTE,Recurring Billing Dispute,2025-08-21,999,0,0,2025-08-28,7,accepted,accepted_refunded,,5,1,4,0.14971666666666666,5,,,,,,,,,,,,,,,,,,subscription_edtech,digital_service,medium,0.6761215261884613,41,1,0,,0.0,0,797.0,0.7977977977977978,0,ACCEPT,-797.0
DSP000858,TXN0182968,M000230,CUS0065861,Visa,SERVICE_NOT_RENDERED,Service Not Rendered,2025-06-06,2999,467,187,2025-06-19,13,contested,won,2025-07-03,4,3,1,0.7286333333333334,1,,,,,,,,,,,,,,,,,,subscription_edtech,digital_service,medium,0.6761215261884613,41,1,0,,0.6070132684652808,654,654.0,0.21807269089696565,1,CONTEST,1166.43
DSP000859,TXN0182708,M000230,,Visa,UNAUTHORIZED_TRANSACTION,Unauthorized Transaction,2025-06-30,2999,717,281,2025-07-10,10,contested,lost,2025-07-29,4,4,0,0.9141166666666667,0,,,,,,,,,,,,,,,,,,subscription_edtech,digital_service,medium,0.6761215261884613,41,1,0,,0.6004198618718742,998,998.0,0.3327775925308436,1,CONTEST,802.66
DSP000860,TXN0182667,M000230,CUS0065443,Mastercard,RECURRING_BILLING_DISPUTE,Recurring Billing Dispute,2026-01-14,1499,654,155,2026-01-22,8,contested,lost,2026-02-16,5,3,2,0.49,3,,,,,,,,,,,,,,,,,,subscription_edtech,digital_service,medium,0.6761215261884613,41,1,0,,0.05578747628083491,809,809.0,0.5396931287525016,0,ACCEPT,-725.37
DSP000861,TXN0184309,M000230,,Visa,SERVICE_NOT_RENDERED,Service Not Rendered,2025-08-21,2999,613,154,2025-08-28,7,contested,won,2025-09-18,4,4,0,0.7053166666666666,1,,,,,,,,,,,,,,,,,,subscription_edtech,digital_service,medium,0.6761215261884613,41,1,0,,0.7784172601591957,767,767.0,0.2557519173057686,1,CONTEST,1567.47
DSP000862,TXN0182772,M000230,CUS0065761,Visa,SERVICE_NOT_RENDERED,Service Not Rendered,2025-03-23,2999,630,239,2025-04-04,12,contested,lost,2025-05-06,4,2,2,0.5486166666666666,2,,,,,,,,,,,,,,,,,,subscription_edtech,digital_service,medium,0.6761215261884613,41,1,0,,0.09987711213517665,869,869.0,0.2897632544181394,0,ACCEPT,-569.47
DSP000863,TXN0183874,M000230,,RuPay,RECURRING_BILLING_DISPUTE,Recurring Billing Dispute,2025-04-08,2999,554,231,2025-04-21,13,contested,lost,2025-04-24,5,4,1,0.5667,2,,,,,,,,,,,,,,,,,,subscription_edtech,digital_service,medium,0.6761215261884613,41,1,0,,0.4338888888888889,785,785.0,0.26175391797265757,1,CONTEST,516.23
DSP000864,TXN0183358,M000230,CUS0065849,Mastercard,CREDIT_NOT_PROCESSED,Credit Not Processed,2025-03-26,1499,625,223,2025-04-05,10,contested,lost,2025-04-30,4,3,1,0.5394333333333333,2,,,,,,,,,,,,,,,,,,subscription_edtech,digital_service,medium,0.6761215261884613,41,1,0,,0.3047257471742598,848,848.0,0.5657104736490994,0,ACCEPT,-391.22
DSP000865,TXN0182319,M000230,,RuPay,SERVICE_NOT_RENDERED,Service Not Rendered,2025-03-31,4999,729,287,2025-04-10,10,contested,won,2025-04-23,4,4,0,0.7184333333333334,1,,,,,,,,,,,,,,,,,,subscription_edtech,digital_service,medium,0.6761215261884613,41,1,0,,0.8120522824935777,1016,1016.0,0.20324064812962592,1,CONTEST,3043.45
DSP000866,TXN0182537,M000230,,Mastercard,UNAUTHORIZED_TRANSACTION,Unauthorized Transaction,2025-09-16,2999,506,247,2025-10-04,18,contested,lost,2025-10-16,4,1,3,0.3942666666666666,3,,,,,,,,,,,,,,,,,,subscription_edtech,digital_service,medium,0.6761215261884613,41,1,0,,0.0,753,753.0,0.25108369456485496,0,ACCEPT,-753.0
DSP000867,TXN0184155,M000230,,Visa,UNAUTHORIZED_TRANSACTION,Unauthorized Transaction,2025-02-17,999,0,0,2025-02-24,7,accepted,accepted_refunded,,4,0,4,0.2766,4,,,,,,,,,,,,,,,,,,subscription_edtech,digital_service,medium,0.6761215261884613,41,1,0,,0.0,0,797.0,0.7977977977977978,0,ACCEPT,-797.0
DSP000868,TXN0186375,M000231,CUS0066633,Mastercard,RECURRING_BILLING_DISPUTE,Recurring Billing Dispute,2025-12-20,999,593,275,2026-01-08,19,contested,lost,2026-01-10,5,2,3,0.3228166666666667,4,,,,,,,,,,,,,,,,,,subscription_edtech,digital_service,medium,0.6619964776450087,25,1,0,,0.0,868,868.0,0.8688688688688688,0,ACCEPT,-868.0
DSP000869,TXN0186190,M000231,,Visa,RECURRING_BILLING_DISPUTE,Recurring Billing Dispute,2025-10-18,999,452,271,2025-11-05,18,contested,won,2025-11-25,5,4,1,0.7767166666666666,1,,,,,,,,,,,,,,,,,,subscription_edtech,digital_service,medium,0.6619964776450087,25,1,0,,0.6836701585597585,723,723.0,0.7237237237237237,0,ACCEPT,-40.01
DSP000870,TXN0184821,M000231,CUS0066451,Mastercard,UNAUTHORIZED_TRANSACTION,Unauthorized Transaction,2025-12-24,4999,593,190,2026-01-04,11,contested,lost,2026-01-25,4,3,1,0.7077,1,,,,,,,,,,,,,,,,,,subscription_edtech,digital_service,medium,0.6619964776450087,25,1,0,,0.24337662337662339,783,783.0,0.15663132626525306,1,CONTEST,433.64
DSP000871,TXN0184659,M000231,,Visa,RECURRING_BILLING_DISPUTE,Recurring Billing Dispute,2025-05-07,4999,705,181,2025-05-19,12,contested,lost,2025-05-30,5,2,3,0.25016666666666665,4,,,,,,,,,,,,,,,,,,subscription_edtech,digital_service,medium,0.6619964776450087,25,1,0,,0.0,886,886.0,0.17723544708941788,0,ACCEPT,-886.0
DSP000872,TXN0185099,M000231,CUS0066707,Visa,CREDIT_NOT_PROCESSED,Credit Not Processed,2025-03-05,999,0,0,2025-03-24,19,accepted,accepted_refunded,,4,2,2,0.6410666666666667,2,,,,,,,,,,,,,,,,,,subscription_edtech,digital_service,medium,0.6619964776450087,25,1,0,,0.12476190476190477,0,797.0,0.7977977977977978,0,ACCEPT,-672.36
DSP000873,TXN0185129,M000231,CUS0066407,Visa,CREDIT_NOT_PROCESSED,Credit Not Processed,2025-04-10,999,497,217,2025-04-22,12,contested,won,2025-05-19,4,3,1,0.5087833333333334,2,,,,,,,,,,,,,,,,,,subscription_edtech,digital_service,medium,0.6619964776450087,25,1,0,,0.36490118577075104,714,714.0,0.7147147147147147,0,ACCEPT,-349.46
DSP000874,TXN0187003,M000231,CUS0066451,Visa,RECURRING_BILLING_DISPUTE,Recurring Billing Dispute,2025-09-02,999,0,0,2025-09-18,16,accepted,accepted_refunded,,5,2,3,0.41300000000000003,3,,,,,,,,,,,,,,,,,,subscription_edtech,digital_service,medium,0.6619964776450087,25,1,0,,0.0,0,797.0,0.7977977977977978,0,ACCEPT,-797.0
DSP000875,TXN0186008,M000231,CUS0066707,Visa,CREDIT_NOT_PROCESSED,Credit Not Processed,2025-10-05,999,438,296,2025-10-13,8,contested,lost,2025-10-28,4,2,2,0.6063999999999999,2,,,,,,,,,,,,,,,,,,subscription_edtech,digital_service,medium,0.6619964776450087,25,1,0,,0.0949579831932773,734,734.0,0.7347347347347347,0,ACCEPT,-639.14
DSP000876,TXN0185763,M000231,CUS0066150,Visa,UNAUTHORIZED_TRANSACTION,Unauthorized Transaction,2025-04-12,999,421,246,2025-04-19,7,contested,lost,2025-05-21,4,2,2,0.6035499999999999,2,,,,,,,,,,,,,,,,,,subscription_edtech,digital_service,medium,0.6619964776450087,25,1,0,,0.05578747628083491,667,667.0,0.6676676676676677,0,ACCEPT,-611.27
DSP000877,TXN0186009,M000231,CUS0066590,Visa,CREDIT_NOT_PROCESSED,Credit Not Processed,2025-06-02,999,418,223,2025-06-21,19,contested,lost,2025-07-08,4,2,2,0.62485,2,,,,,,,,,,,,,,,,,,subscription_edtech,digital_service,medium,0.6619964776450087,25,1,0,,0.12476190476190477,641,641.0,0.6416416416416416,0,ACCEPT,-516.36
DSP000878,TXN0187160,M000231,,RuPay,SERVICE_NOT_RENDERED,Service Not Rendered,2025-03-25,4999,0,0,2025-04-05,11,accepted,accepted_refunded,,4,3,1,0.6172833333333333,2,,,,,,,,,,,,,,,,,,subscription_edtech,digital_service,medium,0.6619964776450087,25,1,0,,0.4560784313725491,0,797.0,0.15943188637727546,1,CONTEST,1482.94
DSP000879,TXN0185133,M000231,CUS0066621,Visa,CREDIT_NOT_PROCESSED,Credit Not Processed,2025-07-14,999,0,0,2025-07-28,14,accepted,accepted_refunded,,4,3,1,0.6014166666666667,1,,,,,,,,,,,,,,,,,,subscription_edtech,digital_service,medium,0.6619964776450087,25,1,0,,0.4560784313725491,0,797.0,0.7977977977977978,0,ACCEPT,-341.38
DSP000880,TXN0185314,M000231,,RuPay,SERVICE_NOT_RENDERED,Service Not Rendered,2025-10-16,999,0,0,2025-10-30,14,accepted,accepted_refunded,,4,2,2,0.5889833333333333,2,,,,,,,,,,,,,,,,,,subscription_edtech,digital_service,medium,0.6619964776450087,25,1,0,,0.15908889882764873,0,797.0,0.7977977977977978,0,ACCEPT,-638.07
DSP000881,TXN0188114,M000232,CUS0067083,Mastercard,MERCHANDISE_NOT_AS_DESCRIBED,Merchandise Not As Described,2025-05-12,2249,479,218,2025-06-02,21,contested,lost,2025-06-10,3,2,1,0.8021666666666666,1,,,,,,,,,,,,,,,,,,d2c_brand,physical_delivery,medium,0.8595021671361506,21,0,1,,0.46996732026143795,697,697.0,0.30991551800800354,1,CONTEST,359.96
DSP000882,TXN0187418,M000232,,Visa,MERCHANDISE_NOT_AS_DESCRIBED,Merchandise Not As Described,2025-03-27,1550,426,277,2025-04-04,8,contested,won,2025-04-10,3,3,0,0.9242333333333334,0,2699.0,upi,not_applicable,1.0,DEV639797,0.0862744589655999,2.0,0.0,0.0,rto,,0.0,2025-09-09 19:38:00,0.0,0.0,0.0,,d2c_brand,physical_delivery,medium,0.8595021671361506,21,0,1,-166.81805555555556,0.7973754869493448,703,703.0,0.4535483870967742,1,CONTEST,532.93
DSP000883,TXN0187208,M000232,CUS0067339,Visa,UNAUTHORIZED_TRANSACTION,Unauthorized Transaction,2025-11-05,795,405,298,2025-11-14,9,contested,lost,2025-11-23,4,4,0,0.9788166666666666,0,,,,,,,,,,,,,,,,,,d2c_brand,physical_delivery,medium,0.8595021671361506,21,0,1,,0.4551563691838291,703,703.0,0.8842767295597485,0,ACCEPT,-341.15
DSP000884,TXN0187392,M000232,CUS0067152,Visa,MERCHANDISE_NOT_AS_DESCRIBED,Merchandise Not As Described,2025-08-07,2250,433,183,2025-08-15,8,contested,lost,2025-08-24,3,3,0,0.98,0,,,,,,,,,,,,,,,,,,d2c_brand,physical_delivery,medium,0.8595021671361506,21,0,1,,0.6906877024194077,616,616.0,0.2737777777777778,1,CONTEST,938.05
DSP000885,TXN0188954,M000232,,Mastercard,MERCHANDISE_NOT_RECEIVED,Merchandise Not Received,2025-06-27,1849,643,230,2025-07-09,12,contested,lost,2025-07-28,4,3,1,0.7771166666666667,1,,,,,,,,,,,,,,,,,,d2c_brand,physical_delivery,medium,0.8595021671361506,21,0,1,,0.506078431372549,873,873.0,0.4721471065440779,1,CONTEST,62.74
DSP000886,TXN0189338,M000232,,Visa,MERCHANDISE_NOT_AS_DESCRIBED,Merchandise Not As Described,2025-03-06,699,507,297,2025-03-23,17,contested,won,2025-03-26,3,3,0,0.9053833333333333,0,,,,,,,,,,,,,,,,,,d2c_brand,physical_delivery,medium,0.8595021671361506,21,0,1,,0.8098204232289046,804,804.0,1.0,0,ACCEPT,-237.94
DSP000887,TXN0188580,M000232,CUS0067210,Mastercard,MERCHANDISE_NOT_AS_DESCRIBED,Merchandise Not As Described,2025-04-02,650,570,241,2025-04-19,17,contested,won,2025-05-08,3,3,0,0.9440166666666666,0,,,,,,,,,,,,,,,,,,d2c_brand,physical_delivery,medium,0.8595021671361506,21,0,1,,0.7615312050378464,811,811.0,1.0,0,ACCEPT,-316.0
DSP000888,TXN0189464,M000232,CUS0066996,Visa,MERCHANDISE_NOT_AS_DESCRIBED,Merchandise Not As Described,2026-01-02,1250,461,238,2026-01-14,12,contested,lost,2026-02-14,3,3,0,0.7863333333333333,1,,,,,,,,,,,,,,,,,,d2c_brand,physical_delivery,medium,0.8595021671361506,21,0,1,,0.6070132684652808,699,699.0,0.5592,1,CONTEST,59.77
DSP000889,TXN0187569,M000232,,Visa,UNAUTHORIZED_TRANSACTION,Unauthorized Transaction,2025-05-07,649,0,0,2025-05-26,19,accepted,accepted_refunded,,4,4,0,0.9459166666666666,0,,,,,,,,,,,,,,,,,,d2c_brand,physical_delivery,medium,0.8595021671361506,21,0,1,,0.4829824561403509,0,797.0,1.0,0,ACCEPT,-483.54
DSP000890,TXN0189028,M000232,CUS0067023,Visa,UNAUTHORIZED_TRANSACTION,Unauthorized Transaction,2025-05-29,1000,410,160,2025-06-16,18,contested,lost,2025-07-08,4,4,0,0.9272333333333332,0,,,,,,,,,,,,,,,,,,d2c_brand,physical_delivery,medium,0.8595021671361506,21,0,1,,0.4719558941693792,570,570.0,0.57,0,ACCEPT,-98.04
DSP000891,TXN0190745,M000233,CUS0068686,Visa,SERVICE_NOT_RENDERED,Service Not Rendered,2025-07-31,28500,518,207,2025-08-20,20,contested,lost,2025-09-01,3,2,1,0.61935,2,,,,,,,,,,,,,,,,,,travel_booking,booking_service,medium,0.6748671802366102,19,0,0,,0.18653451811346547,725,725.0,0.02543859649122807,1,CONTEST,4591.23
DSP000892,TXN0191895,M000233,CUS0067860,Mastercard,SERVICE_NOT_RENDERED,Service Not Rendered,2025-08-28,5695,648,273,2025-09-15,18,contested,lost,2025-09-26,3,2,1,0.4349166666666666,3,,,,,,,,,,,,,,,,,,travel_booking,booking_service,medium,0.6748671802366102,19,0,0,,0.20290741516547967,921,921.0,0.1617208077260755,1,CONTEST,234.56
DSP000893,TXN0191475,M000233,CUS0068534,Mastercard,MERCHANDISE_NOT_AS_DESCRIBED,Merchandise Not As Described,2025-07-26,9800,0,0,2025-08-02,7,accepted,accepted_refunded,,3,2,1,0.7347,1,,,,,,,,,,,,,,,,,,travel_booking,booking_service,medium,0.6748671802366102,19,0,0,,0.25004329004329007,0,797.0,0.0813265306122449,1,CONTEST,1653.42
DSP000894,TXN0190534,M000233,CUS0068119,Visa,CREDIT_NOT_PROCESSED,Credit Not Processed,2025-11-19,4100,441,154,2025-12-03,14,contested,won,2025-12-18,4,3,1,0.7699333333333334,1,,,,,,,,,,,,,,,,,,travel_booking,booking_service,medium,0.6748671802366102,19,0,0,,0.45256965944272454,595,595.0,0.14512195121951219,1,CONTEST,1260.54
DSP000895,TXN0191599,M000233,CUS0068187,Visa,UNAUTHORIZED_TRANSACTION,Unauthorized Transaction,2025-09-10,8599,715,243,2025-09-18,8,contested,lost,2025-10-10,3,2,1,0.5978333333333333,2,,,,,,,,,,,,,,,,,,travel_booking,booking_service,medium,0.6748671802366102,19,0,0,,0.05578747628083491,958,958.0,0.11140830329108035,0,ACCEPT,-478.28
DSP000896,TXN0191578,M000233,CUS0068187,Mastercard,SERVICE_NOT_RENDERED,Service Not Rendered,2026-02-13,7400,411,253,2026-03-04,19,contested,won,2026-03-23,3,3,0,0.7332666666666666,1,,,,,,,,,,,,,,,,,,travel_booking,booking_service,medium,0.6748671802366102,19,0,0,,0.5625228758169935,664,664.0,0.08972972972972973,1,CONTEST,3498.67
DSP000897,TXN0190418,M000233,CUS0068541,Visa,SERVICE_NOT_RENDERED,Service Not Rendered,2025-09-15,6600,728,226,2025-09-24,9,contested,lost,2025-10-19,3,2,1,0.6733666666666668,1,,,,,,,,,,,,,,,,,,travel_booking,booking_service,medium,0.6748671802366102,19,0,0,,0.269011461459974,954,954.0,0.14454545454545453,1,CONTEST,821.48
DSP000898,TXN0192885,M000234,,Visa,RECURRING_BILLING_DISPUTE,Recurring Billing Dispute,2025-06-07,2999,400,154,2025-06-21,14,contested,won,2025-06-21,5,5,0,0.9285,0,4999.0,credit_card,passed,1.0,,0.2242086890225137,1.0,0.0,1.0,,,,2025-09-25 01:15:00,0.0,0.0,0.0,,saas_tools,digital_service,medium,0.818518164646182,39,1,0,-110.05208333333333,0.9903902840236452,554,554.0,0.18472824274758254,1,CONTEST,2416.18
DSP000899,TXN0193634,M000234,CUS0068771,Visa,RECURRING_BILLING_DISPUTE,Recurring Billing Dispute,2025-01-21,399,454,273,2025-02-05,15,contested,won,2025-02-23,5,4,1,0.7943000000000001,1,,,,,,,,,,,,,,,,,,saas_tools,digital_service,medium,0.818518164646182,39,1,0,,0.8756410951477365,727,727.0,1.0,0,ACCEPT,-377.62
DSP000900,TXN0194190,M000234,CUS0068837,Visa,UNAUTHORIZED_TRANSACTION,Unauthorized Transaction,2026-01-11,19999,0,0,2026-01-25,14,accepted,accepted_refunded,,4,3,1,0.7605833333333333,1,,,,,,,,,,,,,,,,,,saas_tools,digital_service,medium,0.818518164646182,39,1,0,,0.30823451910408434,0,797.0,0.03985199259962998,1,CONTEST,5367.38
DSP000901,TXN0194782,M000234,CUS0069187,Visa,CREDIT_NOT_PROCESSED,Credit Not Processed,2025-04-22,399,551,246,2025-05-09,17,contested,won,2025-05-19,4,4,0,0.92415,0,,,,,,,,,,,,,,,,,,saas_tools,digital_service,medium,0.818518164646182,39,1,0,,0.9529208046855107,797,797.0,1.0,0,ACCEPT,-416.78
DSP000902,TXN0193046,M000234,CUS0069481,RuPay,DUPLICATE_TRANSACTION,Duplicate Transaction,2025-05-09,19999,545,217,2025-05-26,17,contested,won,2025-06-09,2,2,0,0.6318,2,,,,,,,,,,,,,,,,,,saas_tools,digital_service,medium,0.818518164646182,39,1,0,,0.6302139373616019,762,762.0,0.03810190509525476,1,CONTEST,11841.65
DSP000903,TXN0194453,M000234,CUS0068750,Mastercard,UNAUTHORIZED_TRANSACTION,Unauthorized Transaction,2025-09-27,399,0,0,2025-10-16,19,accepted,accepted_refunded,,4,4,0,0.9195333333333333,0,,,,,,,,,,,,,,,,,,saas_tools,digital_service,medium,0.818518164646182,39,1,0,,0.5750132684652808,0,797.0,1.0,0,ACCEPT,-567.57
DSP000904,TXN0193678,M000234,CUS0069077,Mastercard,UNAUTHORIZED_TRANSACTION,Unauthorized Transaction,2025-05-26,399,565,227,2025-06-11,16,contested,won,2025-06-24,4,4,0,0.7870833333333334,1,,,,,,,,,,,,,,,,,,saas_tools,digital_service,medium,0.818518164646182,39,1,0,,0.5616799351319475,792,792.0,1.0,0,ACCEPT,-567.89
DSP000905,TXN0194979,M000234,CUS0069135,Mastercard,SERVICE_NOT_RENDERED,Service Not Rendered,2025-10-21,4999,738,222,2025-11-04,14,contested,won,2025-11-30,4,3,1,0.7491333333333333,1,,,,,,,,,,,,,,,,,,saas_tools,digital_service,medium,0.818518164646182,39,1,0,,0.6540720919946926,960,960.0,0.1920384076815363,1,CONTEST,2309.71
DSP000906,TXN0194797,M000234,CUS0069111,Visa,RECURRING_BILLING_DISPUTE,Recurring Billing Dispute,2025-06-21,399,0,0,2025-06-30,9,accepted,accepted_refunded,,5,4,1,0.5788,2,,,,,,,,,,,,,,,,,,saas_tools,digital_service,medium,0.818518164646182,39,1,0,,0.5911890926411051,0,797.0,1.0,0,ACCEPT,-561.12
DSP000907,TXN0193194,M000234,CUS0069100,Visa,RECURRING_BILLING_DISPUTE,Recurring Billing Dispute,2026-03-04,4999,665,211,2026-03-13,9,contested,won,2026-03-25,5,4,1,0.6322166666666666,2,,,,,,,,,,,,,,,,,,saas_tools,digital_service,medium,0.818518164646182,39,1,0,,0.6611329122953582,876,876.0,0.17523504700940187,1,CONTEST,2429.0
DSP000908,TXN0193859,M000234,,Visa,SERVICE_NOT_RENDERED,Service Not Rendered,2025-05-12,399,0,0,2025-05-25,13,accepted,accepted_refunded,,4,4,0,0.9777833333333333,0,,,,,,,,,,,,,,,,,,saas_tools,digital_service,medium,0.818518164646182,39,1,0,,0.9498774099793874,0,797.0,1.0,0,ACCEPT,-418.0
DSP000909,TXN0193466,M000234,CUS0069650,Mastercard,CREDIT_NOT_PROCESSED,Credit Not Processed,2026-01-01,399,534,183,2026-01-19,18,contested,won,2026-01-28,4,4,0,0.9274166666666667,0,,,,,,,,,,,,,,,,,,saas_tools,digital_service,medium,0.818518164646182,39,1,0,,0.9529208046855107,717,717.0,1.0,0,ACCEPT,-336.78
DSP000910,TXN0194379,M000234,CUS0069507,Visa,DUPLICATE_TRANSACTION,Duplicate Transaction,2025-12-27,4999,0,0,2026-01-09,13,accepted,accepted_refunded,,2,2,0,0.8550166666666668,0,,,,,,,,,,,,,,,,,,saas_tools,digital_service,medium,0.818518164646182,39,1,0,,0.9347389865036924,0,797.0,0.15943188637727546,1,CONTEST,3875.76
DSP000911,TXN0196853,M000235,CUS0070345,Visa,SERVICE_NOT_RENDERED,Service Not Rendered,2025-10-04,5000,0,0,2025-10-15,11,accepted,accepted_refunded,,3,3,0,0.5737333333333333,2,,,,,,,,,,,,,,,,,,travel_booking,booking_service,medium,0.5475995034695811,96,0,0,,0.46996732026143795,0,797.0,0.1594,1,CONTEST,1552.84
DSP000912,TXN0197794,M000235,CUS0070526,Visa,CREDIT_NOT_PROCESSED,Credit Not Processed,2025-12-21,7199,437,237,2026-01-05,15,contested,lost,2026-01-14,4,1,3,0.30433333333333334,4,,,,,,,,,,,,,,,,,,travel_booking,booking_service,medium,0.5475995034695811,96,0,0,,0.0,674,674.0,0.09362411446034172,0,ACCEPT,-674.0
DSP000913,TXN0197836,M000235,CUS0070254,Visa,MERCHANDISE_NOT_AS_DESCRIBED,Merchandise Not As Described,2025-05-14,25500,0,0,2025-06-01,18,accepted,accepted_refunded,,3,3,0,0.7346666666666666,0,,,,,,,,,,,,,,,,,,travel_booking,booking_service,medium,0.5475995034695811,96,0,0,,0.5871477050420404,0,797.0,0.031254901960784315,1,CONTEST,14175.27
DSP000914,TXN0197599,M000235,CUS0069799,Mastercard,CREDIT_NOT_PROCESSED,Credit Not Processed,2025-10-04,1399,0,0,2025-10-20,16,accepted,accepted_refunded,,4,2,2,0.4483,3,,,,,,,,,,,,,,,,,,travel_booking,booking_service,medium,0.5475995034695811,96,0,0,,0.024573069150108352,0,797.0,0.5696926375982845,0,ACCEPT,-762.62
DSP000915,TXN0197642,M000235,CUS0070409,Visa,SERVICE_NOT_RENDERED,Service Not Rendered,2025-02-25,3449,603,260,2025-03-12,15,contested,won,2025-03-18,3,2,1,0.5374333333333333,2,,,,,,,,,,,,,,,,,,travel_booking,booking_service,medium,0.5475995034695811,96,0,0,,0.3180590805075931,863,863.0,0.25021745433458975,1,CONTEST,233.99
DSP000916,TXN0195579,M000235,,Visa,MERCHANDISE_NOT_AS_DESCRIBED,Merchandise Not As Described,2025-07-31,5400,683,263,2025-08-11,11,contested,lost,2025-09-12,3,2,1,0.45093333333333335,2,,,,,,,,,,,,,,,,,,travel_booking,booking_service,medium,0.5475995034695811,96,0,0,,0.2277922077922078,946,946.0,0.1751851851851852,1,CONTEST,284.08
DSP000917,TXN0195320,M000235,CUS0070192,RuPay,MERCHANDISE_NOT_AS_DESCRIBED,Merchandise Not As Described,2025-06-08,13199,0,0,2025-06-22,14,accepted,accepted_refunded,,3,2,1,0.4301,3,,,,,,,,,,,,,,,,,,travel_booking,booking_service,medium,0.5475995034695811,96,0,0,,0.07007319056654919,0,797.0,0.06038336237593757,1,CONTEST,127.9
DSP000918,TXN0196546,M000235,,Visa,CREDIT_NOT_PROCESSED,Credit Not Processed,2025-09-16,6895,578,206,2025-10-01,15,contested,lost,2025-10-07,4,2,2,0.5898666666666667,2,,,,,,,,,,,,,,,,,,travel_booking,booking_service,medium,0.5475995034695811,96,0,0,,0.07007319056654919,784,784.0,0.11370558375634518,0,ACCEPT,-300.85
DSP000919,TXN0196516,M000235,CUS0070542,Visa,SERVICE_NOT_RENDERED,Service Not Rendered,2025-04-24,12900,0,0,2025-05-10,16,accepted,accepted_refunded,,3,0,3,0.0,6,,,,,,,,,,,,,,,,,,travel_booking,booking_service,medium,0.5475995034695811,96,0,0,,0.0,0,797.0,0.06178294573643411,0,ACCEPT,-797.0
DSP000920,TXN0197695,M000235,CUS0070406,Mastercard,CREDIT_NOT_PROCESSED,Credit Not Processed,2025-09-29,23995,668,156,2025-10-17,18,contested,lost,2025-10-17,4,3,1,0.40853333333333336,2,,,,,,,,,,,,,,,,,,travel_booking,booking_service,medium,0.5475995034695811,96,0,0,,0.2277922077922078,824,824.0,0.03434048760158366,1,CONTEST,4641.87
DSP000921,TXN0200090,M000236,CUS0071221,RuPay,RECURRING_BILLING_DISPUTE,Recurring Billing Dispute,2026-01-09,399,602,211,2026-01-19,10,contested,won,2026-02-06,5,5,0,0.7986166666666666,1,,,,,,,,,,,,,,,,,,saas_tools,digital_service,medium,0.9126906514458172,64,1,0,,0.9529208046855107,813,813.0,1.0,0,ACCEPT,-432.78
DSP000922,TXN0197925,M000236,CUS0070707,Visa,RECURRING_BILLING_DISPUTE,Recurring Billing Dispute,2025-09-08,4999,0,0,2025-09-18,10,accepted,accepted_refunded,,5,5,0,0.9672166666666667,0,,,,,,,,,,,,,,,,,,saas_tools,digital_service,medium,0.9126906514458172,64,1,0,,0.9544379862247532,0,797.0,0.15943188637727546,1,CONTEST,3974.24
DSP000923,TXN0200193,M000236,,Visa,RECURRING_BILLING_DISPUTE,Recurring Billing Dispute,2025-09-03,399,0,0,2025-09-16,13,accepted,accepted_refunded,,5,5,0,0.9528166666666666,0,,,,,,,,,,,,,,,,,,saas_tools,digital_service,medium,0.9126906514458172,64,1,0,,0.9536454011206551,0,797.0,1.0,0,ACCEPT,-416.5
DSP000924,TXN0198565,M000236,CUS0071042,RuPay,SERVICE_NOT_RENDERED,Service Not Rendered,2025-12-24,19999,0,0,2026-01-05,12,accepted,accepted_refunded,,4,3,1,0.7903833333333333,1,,,,,,,,,,,,,,,,,,saas_tools,digital_service,medium,0.9126906514458172,64,1,0,,0.6070132684652808,0,797.0,0.03985199259962998,1,CONTEST,11342.66
DSP000925,TXN0200116,M000236,CUS0071415,RuPay,UNAUTHORIZED_TRANSACTION,Unauthorized Transaction,2025-03-25,1499,611,200,2025-04-13,19,contested,lost,2025-05-03,4,4,0,0.9594833333333334,0,,,,,,,,,,,,,,,,,,saas_tools,digital_service,medium,0.9126906514458172,64,1,0,,0.5323942208462332,811,811.0,0.5410273515677118,0,ACCEPT,-12.94
DSP000926,TXN0198668,M000236,CUS0071470,Visa,RECURRING_BILLING_DISPUTE,Recurring Billing Dispute,2025-09-01,1499,0,0,2025-09-21,20,accepted,accepted_refunded,,5,5,0,0.9183499999999999,0,,,,,,,,,,,,,,,,,,saas_tools,digital_service,medium,0.9126906514458172,64,1,0,,0.9529208046855107,0,797.0,0.5316877918612408,1,CONTEST,631.43
DSP000927,TXN0199277,M000236,CUS0071243,RuPay,CREDIT_NOT_PROCESSED,Credit Not Processed,2025-10-06,399,0,0,2025-10-25,19,accepted,accepted_refunded,,4,4,0,0.9632666666666667,0,,,,,,,,,,,,,,,,,,saas_tools,digital_service,medium,0.9126906514458172,64,1,0,,0.9347389865036924,0,797.0,1.0,0,ACCEPT,-424.04
DSP000928,TXN0199408,M000236,CUS0071301,Mastercard,CREDIT_NOT_PROCESSED,Credit Not Processed,2025-03-26,399,0,0,2025-04-03,8,accepted,accepted_refunded,,4,4,0,0.98,0,,,,,,,,,,,,,,,,,,saas_tools,digital_service,medium,0.9126906514458172,64,1,0,,0.9347389865036924,0,797.0,1.0,0,ACCEPT,-424.04
DSP000929,TXN0199096,M000236,CUS0071113,Visa,CREDIT_NOT_PROCESSED,Credit Not Processed,2025-08-16,399,424,196,2025-08-28,12,contested,won,2025-09-30,4,3,1,0.8127,1,,,,,,,,,,,,,,,,,,saas_tools,digital_service,medium,0.9126906514458172,64,1,0,,0.7740307055373469,620,620.0,1.0,0,ACCEPT,-311.16
DSP000930,TXN0197856,M000236,CUS0070862,Visa,UNAUTHORIZED_TRANSACTION,Unauthorized Transaction,2025-10-16,4999,402,194,2025-10-29,13,contested,lost,2025-11-02,4,4,0,0.9668,0,,,,,,,,,,,,,,,,,,saas_tools,digital_service,medium,0.9126906514458172,64,1,0,,0.5127777777777778,596,596.0,0.11922384476895379,1,CONTEST,1967.38
DSP000931,TXN0198791,M000236,CUS0071197,Mastercard,CREDIT_NOT_PROCESSED,Credit Not Processed,2025-12-14,399,0,0,2025-12-28,14,accepted,accepted_refunded,,4,4,0,0.9406,0,,,,,,,,,,,,,,,,,,saas_tools,digital_service,medium,0.9126906514458172,64,1,0,,0.9347389865036924,0,797.0,1.0,0,ACCEPT,-424.04
DSP000932,TXN0199294,M000236,,Visa,UNAUTHORIZED_TRANSACTION,Unauthorized Transaction,2025-08-27,399,600,252,2025-09-08,12,contested,lost,2025-09-18,4,4,0,0.9513666666666666,0,399.0,upi,not_applicable,1.0,DEV951255,0.2183989627595637,1.0,0.0,0.0,,,,2025-06-20 14:06:00,0.0,0.0,0.0,,saas_tools,digital_service,medium,0.9126906514458172,64,1,0,67.4125,0.5684198618718742,852,852.0,1.0,0,ACCEPT,-625.2
DSP000933,TXN0199413,M000236,,Visa,UNAUTHORIZED_TRANSACTION,Unauthorized Transaction,2025-03-12,1499,570,299,2025-03-31,19,contested,won,2025-04-19,4,4,0,0.9332166666666666,0,,,,,,,,,,,,,,,,,,saas_tools,digital_service,medium,0.9126906514458172,64,1,0,,0.5550865285385409,869,869.0,0.5797198132088058,0,ACCEPT,-36.93
DSP000934,TXN0198751,M000236,CUS0071584,Visa,SERVICE_NOT_RENDERED,Service Not Rendered,2025-07-28,399,0,0,2025-08-14,17,accepted,accepted_refunded,,4,4,0,0.9026,0,,,,,,,,,,,,,,,,,,saas_tools,digital_service,medium,0.9126906514458172,64,1,0,,0.9347389865036924,0,797.0,1.0,0,ACCEPT,-424.04
DSP000935,TXN0198956,M000236,CUS0070902,Visa,UNAUTHORIZED_TRANSACTION,Unauthorized Transaction,2025-10-10,399,678,270,2025-10-27,17,contested,won,2025-11-10,4,4,0,0.98,0,,,,,,,,,,,,,,,,,,saas_tools,digital_service,medium,0.9126906514458172,64,1,0,,0.5586674616492354,948,948.0,1.0,0,ACCEPT,-725.09
DSP000936,TXN0197911,M000236,CUS0070786,Mastercard,RECURRING_BILLING_DISPUTE,Recurring Billing Dispute,2025-11-28,1499,0,0,2025-12-05,7,accepted,accepted_refunded,,5,4,1,0.7985000000000001,1,,,,,,,,,,,,,,,,,,saas_tools,digital_service,medium,0.9126906514458172,64,1,0,,0.8545230827253765,0,797.0,0.5316877918612408,1,CONTEST,483.93
DSP000937,TXN0198741,M000236,CUS0071564,Visa,CREDIT_NOT_PROCESSED,Credit Not Processed,2025-05-26,399,489,252,2025-06-15,20,contested,lost,2025-07-02,4,3,1,0.6334833333333333,2,,,,,,,,,,,,,,,,,,saas_tools,digital_service,medium,0.9126906514458172,64,1,0,,0.5777275541795666,741,741.0,1.0,0,ACCEPT,-510.49
DSP000938,TXN0203077,M000237,CUS0071620,Visa,UNAUTHORIZED_TRANSACTION,Unauthorized Transaction,2025-04-22,399,0,0,2025-05-10,18,accepted,accepted_refunded,,4,4,0,0.9344833333333332,0,,,,,,,,,,,,,,,,,,saas_tools,digital_service,medium,0.91723258312303,16,1,0,,0.5550865285385409,0,797.0,1.0,0,ACCEPT,-575.52
DSP000939,TXN0202549,M000237,CUS0071809,RuPay,RECURRING_BILLING_DISPUTE,Recurring Billing Dispute,2025-07-17,49999,506,251,2025-07-27,10,contested,lost,2025-08-20,5,3,2,0.6443,2,,,,,,,,,,,,,,,,,,saas_tools,digital_service,medium,0.91723258312303,16,1,0,,0.3605072463768116,757,757.0,0.01514030280605612,1,CONTEST,17268.0
DSP000940,TXN0200680,M000237,,Visa,RECURRING_BILLING_DISPUTE,Recurring Billing Dispute,2025-08-14,2999,740,208,2025-09-03,20,contested,won,2025-09-16,5,4,1,0.80585,1,,,,,,,,,,,,,,,,,,saas_tools,digital_service,medium,0.91723258312303,16,1,0,,0.8363412645435581,948,948.0,0.31610536845615206,1,CONTEST,1560.19
DSP000941,TXN0202479,M000237,CUS0071728,Visa,RECURRING_BILLING_DISPUTE,Recurring Billing Dispute,2025-05-17,399,632,227,2025-06-05,19,contested,won,2025-06-19,5,4,1,0.6533333333333333,2,,,,,,,,,,,,,,,,,,saas_tools,digital_service,medium,0.91723258312303,16,1,0,,0.6302139373616019,859,859.0,1.0,0,ACCEPT,-607.54
DSP000942,TXN0200819,M000237,,Visa,RECURRING_BILLING_DISPUTE,Recurring Billing Dispute,2025-02-25,49999,697,277,2025-03-06,9,contested,won,2025-04-06,5,5,0,0.9570333333333334,0,49999.0,debit_card,passed,1.0,DEV361641,0.2334617094754598,1.0,1.0,0.0,,,,2025-05-03 14:14:00,0.0,0.0,0.0,,saas_tools,digital_service,medium,0.91723258312303,16,1,0,-67.59305555555555,0.9490369905724944,974,974.0,0.019480389607792154,1,CONTEST,46476.9
DSP000943,TXN0200671,M000237,CUS0072484,Visa,RECURRING_BILLING_DISPUTE,Recurring Billing Dispute,2025-09-05,399,414,191,2025-09-12,7,contested,won,2025-10-16,5,5,0,0.9732166666666666,0,,,,,,,,,,,,,,,,,,saas_tools,digital_service,medium,0.91723258312303,16,1,0,,0.9347389865036924,605,605.0,1.0,0,ACCEPT,-232.04
DSP000944,TXN0200629,M000237,CUS0072124,Mastercard,RECURRING_BILLING_DISPUTE,Recurring Billing Dispute,2026-02-01,19999,0,0,2026-02-21,20,accepted,accepted_refunded,,5,5,0,0.9608,0,,,,,,,,,,,,,,,,,,saas_tools,digital_service,medium,0.91723258312303,16,1,0,,0.9347389865036924,0,797.0,0.03985199259962998,1,CONTEST,17896.84
DSP000945,TXN0201123,M000237,CUS0072399,Mastercard,RECURRING_BILLING_DISPUTE,Recurring Billing Dispute,2025-09-22,49999,731,221,2025-09-29,7,contested,lost,2025-10-25,5,3,2,0.63065,2,,,,,,,,,,,,,,,,,,saas_tools,digital_service,medium,0.91723258312303,16,1,0,,0.28873531804485675,952,952.0,0.019040380807616154,1,CONTEST,13484.48
DSP000946,TXN0202598,M000237,CUS0072078,RuPay,RECURRING_BILLING_DISPUTE,Recurring Billing Dispute,2026-01-12,2999,0,0,2026-01-19,7,accepted,accepted_refunded,,5,5,0,0.9423666666666666,0,,,,,,,,,,,,,,,,,,saas_tools,digital_service,medium,0.91723258312303,16,1,0,,0.9347389865036924,0,797.0,0.2657552517505835,1,CONTEST,2006.28
DSP000947,TXN0201867,M000237,CUS0071713,Mastercard,CREDIT_NOT_PROCESSED,Credit Not Processed,2026-01-03,49999,0,0,2026-01-22,19,accepted,accepted_refunded,,4,3,1,0.7683,1,,,,,,,,,,,,,,,,,,saas_tools,digital_service,medium,0.91723258312303,16,1,0,,0.5550865285385409,0,797.0,0.015940318806376128,1,CONTEST,26956.77
DSP000948,TXN0200738,M000237,,Visa,UNAUTHORIZED_TRANSACTION,Unauthorized Transaction,2025-03-15,2999,598,280,2025-04-03,19,contested,lost,2025-04-02,4,4,0,0.9662833333333333,0,,,,,,,,,,,,,,,,,,saas_tools,digital_service,medium,0.91723258312303,16,1,0,,0.5506747638326586,878,878.0,0.29276425475158385,1,CONTEST,773.47
DSP000949,TXN0202188,M000237,CUS0072372,Visa,RECURRING_BILLING_DISPUTE,Recurring Billing Dispute,2025-03-24,19999,0,0,2025-04-03,10,accepted,accepted_refunded,,5,4,1,0.7782,1,,,,,,,,,,,,,,,,,,saas_tools,digital_service,medium,0.91723258312303,16,1,0,,0.6204748069268193,0,797.0,0.03985199259962998,1,CONTEST,11611.88
DSP000950,TXN0201305,M000237,CUS0071967,Visa,RECURRING_BILLING_DISPUTE,Recurring Billing Dispute,2025-10-14,399,629,291,2025-10-28,14,contested,lost,2025-11-08,5,5,0,0.8166666666666668,1,,,,,,,,,,,,,,,,,,saas_tools,digital_service,medium,0.91723258312303,16,1,0,,0.9347389865036924,920,920.0,1.0,0,ACCEPT,-547.04
DSP000951,TXN0201872,M000237,CUS0072431,Visa,RECURRING_BILLING_DISPUTE,Recurring Billing Dispute,2025-07-19,399,543,213,2025-07-30,11,contested,won,2025-08-21,5,5,0,0.9251999999999999,0,,,,,,,,,,,,,,,,,,saas_tools,digital_service,medium,0.91723258312303,16,1,0,,0.9529208046855107,756,756.0,1.0,0,ACCEPT,-375.78
DSP000952,TXN0204933,M000238,CUS0072639,RuPay,UNAUTHORIZED_TRANSACTION,Unauthorized Transaction,2025-06-12,4795,483,295,2025-06-22,10,contested,lost,2025-07-07,4,3,1,0.8022999999999999,1,,,,,,,,,,,,,,,,,,d2c_brand,physical_delivery,medium,0.7636652775258042,40,0,1,,0.2612595910388823,778,778.0,0.16225234619395204,1,CONTEST,474.74
DSP000953,TXN0203447,M000238,,Visa,MERCHANDISE_NOT_AS_DESCRIBED,Merchandise Not As Described,2025-12-15,2150,0,0,2025-12-29,14,accepted,accepted_refunded,,3,2,1,0.6533333333333333,2,1749.0,debit_card,passed,1.0,DEV114774,0.5129086424506653,1.0,0.0,0.0,delivered,2025-09-28,0.0,2025-09-20 14:10:00,0.0,0.0,0.0,,d2c_brand,physical_delivery,medium,0.7636652775258042,40,0,1,85.40972222222223,0.4481578947368421,0,797.0,0.37069767441860463,1,CONTEST,166.54
DSP000954,TXN0204503,M000238,CUS0072967,Visa,CREDIT_NOT_PROCESSED,Credit Not Processed,2026-01-19,1199,0,0,2026-01-28,9,accepted,accepted_refunded,,3,3,0,0.7533,1,,,,,,,,,,,,,,,,,,d2c_brand,physical_delivery,medium,0.7636652775258042,40,0,1,,0.6436021029938266,0,797.0,0.664720600500417,0,ACCEPT,-25.32
DSP000955,TXN0205836,M000238,,Visa,UNAUTHORIZED_TRANSACTION,Unauthorized Transaction,2025-08-09,460,521,206,2025-08-21,12,contested,lost,2025-09-03,4,3,1,0.6526166666666667,2,,,,,,,,,,,,,,,,,,d2c_brand,physical_delivery,medium,0.7636652775258042,40,0,1,,0.2632284197518048,727,727.0,1.0,0,ACCEPT,-605.91
DSP000956,TXN0205081,M000238,CUS0073359,Visa,MERCHANDISE_NOT_AS_DESCRIBED,Merchandise Not As Described,2025-08-03,645,0,0,2025-08-17,14,accepted,accepted_refunded,,3,1,2,0.5900500000000001,2,,,,,,,,,,,,,,,,,,d2c_brand,physical_delivery,medium,0.7636652775258042,40,0,1,,0.14034632034632036,0,797.0,1.0,0,ACCEPT,-706.48
DSP000957,TXN0205147,M000238,CUS0073441,Mastercard,UNAUTHORIZED_TRANSACTION,Unauthorized Transaction,2025-01-23,2249,0,0,2025-02-09,17,accepted,accepted_refunded,,4,2,2,0.44516666666666665,3,,,,,,,,,,,,,,,,,,d2c_brand,physical_delivery,medium,0.7636652775258042,40,0,1,,0.038837438491712735,0,797.0,0.35437972432192083,0,ACCEPT,-709.65
DSP000958,TXN0205546,M000238,CUS0073364,RuPay,UNAUTHORIZED_TRANSACTION,Unauthorized Transaction,2026-02-18,3000,0,0,2026-03-04,14,accepted,accepted_refunded,,4,4,0,0.7699666666666666,1,,,,,,,,,,,,,,,,,,d2c_brand,physical_delivery,medium,0.7636652775258042,40,0,1,,0.43995169082125607,0,797.0,0.26566666666666666,1,CONTEST,522.86
DSP000959,TXN0204411,M000238,CUS0072895,Visa,MERCHANDISE_NOT_AS_DESCRIBED,Merchandise Not As Described,2025-04-09,700,0,0,2025-04-20,11,accepted,accepted_refunded,,3,2,1,0.6961333333333334,1,,,,,,,,,,,,,,,,,,d2c_brand,physical_delivery,medium,0.7636652775258042,40,0,1,,0.4664585483316134,0,797.0,1.0,0,ACCEPT,-470.48
DSP000960,TXN0203198,M000238,CUS0072736,Mastercard,MERCHANDISE_NOT_RECEIVED,Merchandise Not Received,2025-12-07,1350,710,157,2025-12-14,7,contested,won,2026-01-02,4,4,0,0.9308833333333334,0,,,,,,,,,,,,,,,,,,d2c_brand,physical_delivery,medium,0.7636652775258042,40,0,1,,0.8897173414820474,867,867.0,0.6422222222222222,1,CONTEST,334.12
DSP000961,TXN0204695,M000238,CUS0072691,Visa,UNAUTHORIZED_TRANSACTION,Unauthorized Transaction,2025-03-27,3200,623,164,2025-04-05,9,contested,won,2025-04-26,4,4,0,0.7835166666666668,1,,,,,,,,,,,,,,,,,,d2c_brand,physical_delivery,medium,0.7636652775258042,40,0,1,,0.5554857678547258,787,787.0,0.2459375,1,CONTEST,990.55
DSP000962,TXN0203277,M000238,CUS0072721,Visa,MERCHANDISE_NOT_RECEIVED,Merchandise Not Received,2025-10-14,4450,0,0,2025-11-01,18,accepted,accepted_refunded,,4,3,1,0.7518666666666666,1,,,,,,,,,,,,,,,,,,d2c_brand,physical_delivery,medium,0.7636652775258042,40,0,1,,0.5822681704260652,0,797.0,0.17910112359550562,1,CONTEST,1794.09
DSP000963,TXN0204487,M000238,CUS0072984,Visa,MERCHANDISE_NOT_AS_DESCRIBED,Merchandise Not As Described,2025-05-13,2499,540,199,2025-05-20,7,contested,lost,2025-05-30,3,3,0,0.878,0,,,,,,,,,,,,,,,,,,d2c_brand,physical_delivery,medium,0.7636652775258042,40,0,1,,0.6933543690860744,739,739.0,0.29571828731492594,1,CONTEST,993.69
DSP000964,TXN0205142,M000238,,Mastercard,MERCHANDISE_NOT_AS_DESCRIBED,Merchandise Not As Described,2025-02-02,500,534,217,2025-02-11,9,contested,won,2025-03-11,3,3,0,0.7497166666666666,1,,,,,,,,,,,,,,,,,,d2c_brand,physical_delivery,medium,0.7636652775258042,40,0,1,,0.6907968553923378,751,751.0,1.0,0,ACCEPT,-405.6
DSP000965,TXN0207193,M000239,CUS0074355,Visa,SERVICE_NOT_RENDERED,Service Not Rendered,2025-11-01,1499,0,0,2025-11-17,16,accepted,accepted_refunded,,4,4,0,0.9593833333333333,0,,,,,,,,,,,,,,,,,,saas_tools,digital_service,medium,0.7902838309113859,101,1,0,,0.9347389865036924,0,797.0,0.5316877918612408,1,CONTEST,604.17
DSP000966,TXN0207912,M000239,CUS0073731,Visa,RECURRING_BILLING_DISPUTE,Recurring Billing Dispute,2025-06-10,4999,0,0,2025-06-28,18,accepted,accepted_refunded,,5,5,0,0.89745,0,,,,,,,,,,,,,,,,,,saas_tools,digital_service,medium,0.7902838309113859,101,1,0,,0.9529208046855107,0,797.0,0.15943188637727546,1,CONTEST,3966.65
DSP000967,TXN0207402,M000239,CUS0073614,Mastercard,RECURRING_BILLING_DISPUTE,Recurring Billing Dispute,2025-12-04,1499,481,222,2025-12-14,10,contested,won,2026-01-05,5,5,0,0.7781666666666666,1,,,,,,,,,,,,,,,,,,saas_tools,digital_service,medium,0.7902838309113859,101,1,0,,0.9529208046855107,703,703.0,0.46897931954636424,1,CONTEST,725.43
DSP000968,TXN0207784,M000239,,Mastercard,UNAUTHORIZED_TRANSACTION,Unauthorized Transaction,2025-07-19,1499,400,197,2025-07-26,7,contested,lost,2025-08-14,4,3,1,0.7574833333333334,1,,,,,,,,,,,,,,,,,,saas_tools,digital_service,medium,0.7902838309113859,101,1,0,,0.3221739130434783,597,597.0,0.39826551034022684,0,ACCEPT,-114.06
DSP000969,TXN0206986,M000239,,RuPay,CREDIT_NOT_PROCESSED,Credit Not Processed,2025-02-16,1499,550,300,2025-02-25,9,contested,won,2025-03-15,4,2,2,0.64625,2,1499.0,debit_card,passed,1.0,DEV606355,0.3190499546179873,2.0,0.0,0.0,,,,2025-11-22 14:31:00,0.0,0.0,0.0,,saas_tools,digital_service,medium,0.7902838309113859,101,1,0,-279.6048611111111,0.445,850,850.0,0.5670446964643095,0,ACCEPT,-182.94
DSP000970,TXN0207605,M000239,CUS0073980,Mastercard,SERVICE_NOT_RENDERED,Service Not Rendered,2025-12-25,1499,663,236,2026-01-05,11,contested,won,2026-01-16,4,4,0,0.8166666666666668,1,,,,,,,,,,,,,,,,,,saas_tools,digital_service,medium,0.7902838309113859,101,1,0,,0.9347389865036924,899,899.0,0.5997331554369579,1,CONTEST,502.17
DSP000971,TXN0206369,M000239,CUS0074397,Visa,RECURRING_BILLING_DISPUTE,Recurring Billing Dispute,2025-05-14,1499,0,0,2025-05-22,8,accepted,accepted_refunded,,5,5,0,0.8742333333333333,0,,,,,,,,,,,,,,,,,,saas_tools,digital_service,medium,0.7902838309113859,101,1,0,,0.9529208046855107,0,797.0,0.5316877918612408,1,CONTEST,631.43
DSP000972,TXN0206928,M000239,,Visa,CREDIT_NOT_PROCESSED,Credit Not Processed,2025-04-15,1499,631,233,2025-05-02,17,contested,won,2025-05-26,4,3,1,0.6295333333333334,2,,,,,,,,,,,,,,,,,,saas_tools,digital_service,medium,0.7902838309113859,101,1,0,,0.5777275541795666,864,864.0,0.5763842561707805,1,CONTEST,2.01
DSP000973,TXN0207816,M000239,,Visa,RECURRING_BILLING_DISPUTE,Recurring Billing Dispute,2025-09-03,4999,685,181,2025-09-19,16,contested,won,2025-10-02,5,4,1,0.5749833333333333,2,,,,,,,,,,,,,,,,,,saas_tools,digital_service,medium,0.7902838309113859,101,1,0,,0.6138814003334128,866,866.0,0.17323464692938587,1,CONTEST,2202.79
DSP000974,TXN0207350,M000239,,Mastercard,RECURRING_BILLING_DISPUTE,Recurring Billing Dispute,2025-04-21,4999,0,0,2025-05-01,10,accepted,accepted_refunded,,5,5,0,0.8159833333333334,1,,,,,,,,,,,,,,,,,,saas_tools,digital_service,medium,0.7902838309113859,101,1,0,,0.9529208046855107,0,797.0,0.15943188637727546,1,CONTEST,3966.65
DSP000975,TXN0207521,M000239,CUS0074051,Visa,RECURRING_BILLING_DISPUTE,Recurring Billing Dispute,2025-09-27,1499,0,0,2025-10-11,14,accepted,accepted_refunded,,5,1,4,0.16333333333333333,5,,,,,,,,,,,,,,,,,,saas_tools,digital_service,medium,0.7902838309113859,101,1,0,,0.07007319056654919,0,797.0,0.5316877918612408,0,ACCEPT,-691.96
DSP000976,TXN0209363,M000240,CUS0075126,Mastercard,MERCHANDISE_NOT_AS_DESCRIBED,Merchandise Not As Described,2025-04-18,36500,506,187,2025-04-30,12,contested,lost,2025-05-14,3,1,2,0.431,3,,,,,,,,,,,,,,,,,,travel_booking,booking_service,medium,0.5843091364481799,33,0,0,,0.0,693,693.0,0.018986301369863012,0,ACCEPT,-693.0
DSP000977,TXN0208589,M000240,CUS0075104,RuPay,DUPLICATE_TRANSACTION,Duplicate Transaction,2025-11-02,3949,703,246,2025-11-18,16,contested,won,2025-11-23,2,1,1,0.44605,3,,,,,,,,,,,,,,,,,,travel_booking,booking_service,medium,0.5843091364481799,33,0,0,,0.3753318077803204,949,949.0,0.24031400354520133,1,CONTEST,533.19
DSP000978,TXN0209940,M000240,CUS0074670,RuPay,CREDIT_NOT_PROCESSED,Credit Not Processed,2025-06-25,3799,0,0,2025-07-14,19,accepted,accepted_refunded,,4,2,2,0.41655,3,,,,,,,,,,,,,,,,,,travel_booking,booking_service,medium,0.5843091364481799,33,0,0,,0.015384615384615385,0,797.0,0.2097920505396157,0,ACCEPT,-738.55
DSP000979,TXN0209918,M000240,CUS0075077,Visa,MERCHANDISE_NOT_AS_DESCRIBED,Merchandise Not As Described,2025-04-29,5095,644,172,2025-05-19,20,contested,lost,2025-06-01,3,1,2,0.41453333333333336,3,,,,,,,,,,,,,,,,,,travel_booking,booking_service,medium,0.5843091364481799,33,0,0,,0.0,816,816.0,0.16015701668302257,0,ACCEPT,-816.0
DSP000980,TXN0208621,M000240,,Visa,SERVICE_NOT_RENDERED,Service Not Rendered,2025-07-26,3800,500,210,2025-08-14,19,contested,lost,2025-08-31,3,1,2,0.2563666666666667,4,,,,,,,,,,,,,,,,,,travel_booking,booking_service,medium,0.5843091364481799,33,0,0,,0.0,710,710.0,0.1868421052631579,0,ACCEPT,-710.0
DSP000981,TXN0210538,M000240,CUS0074889,RuPay,SERVICE_NOT_RENDERED,Service Not Rendered,2025-09-05,11499,0,0,2025-09-13,8,accepted,accepted_refunded,,3,2,1,0.61265,2,,,,,,,,,,,,,,,,,,travel_booking,booking_service,medium,0.5843091364481799,33,0,0,,0.2505357521073262,0,797.0,0.06931037481520132,1,CONTEST,2083.91
DSP000982,TXN0210849,M000240,,Visa,DUPLICATE_TRANSACTION,Duplicate Transaction,2025-12-17,13799,658,183,2025-12-25,8,contested,lost,2026-01-12,2,1,1,0.6053000000000001,1,,,,,,,,,,,,,,,,,,travel_booking,booking_service,medium,0.5843091364481799,33,0,0,,0.2688072453861928,841,841.0,0.06094644539459381,1,CONTEST,2868.27
DSP000983,TXN0213078,M000241,CUS0075986,Mastercard,SERVICE_NOT_RENDERED,Service Not Rendered,2025-05-31,1499,0,0,2025-06-21,21,accepted,accepted_refunded,,4,2,2,0.46035000000000004,3,,,,,,,,,,,,,,,,,,fitness_membership,membership_service,medium,0.5482514892782733,17,1,0,,0.050166712956378215,0,797.0,0.5316877918612408,0,ACCEPT,-721.8
DSP000984,TXN0211962,M000241,,Mastercard,CREDIT_NOT_PROCESSED,Credit Not Processed,2025-04-27,1499,678,194,2025-05-10,13,contested,lost,2025-05-27,4,1,3,0.35989999999999994,3,,,,,,,,,,,,,,,,,,fitness_membership,membership_service,medium,0.5482514892782733,17,1,0,,0.0,872,872.0,0.5817211474316211,0,ACCEPT,-872.0
DSP000985,TXN0211753,M000241,CUS0076168,RuPay,RECURRING_BILLING_DISPUTE,Recurring Billing Dispute,2025-12-09,1499,641,258,2025-12-27,18,contested,won,2025-12-23,5,5,0,0.8389666666666667,0,,,,,,,,,,,,,,,,,,fitness_membership,membership_service,medium,0.5482514892782733,17,1,0,,0.7481448143387622,899,899.0,0.5997331554369579,1,CONTEST,222.47
DSP000986,TXN0213249,M000241,CUS0075810,RuPay,RECURRING_BILLING_DISPUTE,Recurring Billing Dispute,2025-04-15,1499,662,244,2025-04-22,7,contested,lost,2025-05-19,5,0,5,0.11816666666666666,5,,,,,,,,,,,,,,,,,,fitness_membership,membership_service,medium,0.5482514892782733,17,1,0,,0.0,906,906.0,0.6044029352901935,0,ACCEPT,-906.0
DSP000987,TXN0211884,M000241,CUS0075461,Mastercard,MERCHANDISE_NOT_AS_DESCRIBED,Merchandise Not As Described,2025-05-06,1499,640,205,2025-05-13,7,contested,lost,2025-05-29,4,1,3,0.26343333333333335,4,,,,,,,,,,,,,,,,,,fitness_membership,membership_service,medium,0.5482514892782733,17,1,0,,0.0,845,845.0,0.5637091394262842,0,ACCEPT,-845.0
DSP000988,TXN0212186,M000241,CUS0075684,RuPay,UNAUTHORIZED_TRANSACTION,Unauthorized Transaction,2026-01-07,24999,676,234,2026-01-24,17,contested,lost,2026-02-08,4,2,2,0.3796833333333334,3,,,,,,,,,,,,,,,,,,fitness_membership,membership_service,medium,0.5482514892782733,17,1,0,,0.0,910,910.0,0.036401456058242326,0,ACCEPT,-910.0
DSP000989,TXN0211319,M000241,CUS0076260,RuPay,SERVICE_NOT_RENDERED,Service Not Rendered,2025-07-14,8999,0,0,2025-07-25,11,accepted,accepted_refunded,,4,2,2,0.4755666666666667,3,,,,,,,,,,,,,,,,,,fitness_membership,membership_service,medium,0.5482514892782733,17,1,0,,0.023529411764705882,0,797.0,0.08856539615512835,0,ACCEPT,-585.26
DSP000990,TXN0213824,M000241,CUS0075490,Visa,UNAUTHORIZED_TRANSACTION,Unauthorized Transaction,2025-10-14,24999,427,228,2025-10-27,13,contested,lost,2025-11-16,4,1,3,0.22465000000000002,4,,,,,,,,,,,,,,,,,,fitness_membership,membership_service,medium,0.5482514892782733,17,1,0,,0.0,655,655.0,0.026201048041921676,0,ACCEPT,-655.0
DSP000991,TXN0212881,M000241,,Mastercard,RECURRING_BILLING_DISPUTE,Recurring Billing Dispute,2025-05-03,8999,0,0,2025-05-17,14,accepted,accepted_refunded,,5,1,4,0.2707333333333333,4,,,,,,,,,,,,,,,,,,fitness_membership,membership_service,medium,0.5482514892782733,17,1,0,,0.0,0,797.0,0.08856539615512835,0,ACCEPT,-797.0
DSP000992,TXN0213720,M000241,,RuPay,CREDIT_NOT_PROCESSED,Credit Not Processed,2025-07-29,1499,0,0,2025-08-11,13,accepted,accepted_refunded,,4,2,2,0.3066333333333333,3,,,,,,,,,,,,,,,,,,fitness_membership,membership_service,medium,0.5482514892782733,17,1,0,,0.0,0,797.0,0.5316877918612408,0,ACCEPT,-797.0
DSP000993,TXN0215282,M000242,CUS0076769,Visa,SERVICE_NOT_RENDERED,Service Not Rendered,2025-04-26,499,0,0,2025-05-09,13,accepted,accepted_refunded,,4,4,0,0.7236833333333333,1,,,,,,,,,,,,,,,,,,subscription_edtech,digital_service,medium,0.5935036960374831,17,1,0,,0.7144723815084346,0,797.0,1.0,0,ACCEPT,-440.48
DSP000994,TXN0213886,M000242,,Mastercard,RECURRING_BILLING_DISPUTE,Recurring Billing Dispute,2025-04-14,499,629,194,2025-04-28,14,contested,lost,2025-05-05,5,2,3,0.39471666666666666,3,,,,,,,,,,,,,,,,,,subscription_edtech,digital_service,medium,0.5935036960374831,17,1,0,,0.0,823,823.0,1.0,0,ACCEPT,-823.0
DSP000995,TXN0215853,M000242,CUS0077277,Visa,CREDIT_NOT_PROCESSED,Credit Not Processed,2025-08-26,499,426,287,2025-09-06,11,contested,won,2025-09-29,4,4,0,0.7538666666666667,1,,,,,,,,,,,,,,,,,,subscription_edtech,digital_service,medium,0.5935036960374831,17,1,0,,0.6926597850774325,713,713.0,1.0,0,ACCEPT,-367.36
DSP000996,TXN0214376,M000242,CUS0076847,Visa,RECURRING_BILLING_DISPUTE,Recurring Billing Dispute,2025-04-16,24999,544,209,2025-04-25,9,contested,lost,2025-05-05,5,4,1,0.4932666666666667,2,,,,,,,,,,,,,,,,,,subscription_edtech,digital_service,medium,0.5935036960374831,17,1,0,,0.28605474271680364,753,753.0,0.030121204848193927,1,CONTEST,6398.08
DSP000997,TXN0215290,M000242,CUS0077078,Visa,RECURRING_BILLING_DISPUTE,Recurring Billing Dispute,2025-10-03,24999,674,210,2025-10-16,13,contested,won,2025-10-26,5,5,0,0.8666333333333333,0,,,,,,,,,,,,,,,,,,subscription_edtech,digital_service,medium,0.5935036960374831,17,1,0,,0.8149517091387402,884,884.0,0.03536141445657826,1,CONTEST,19488.98
DSP000998,TXN0216391,M000242,,Mastercard,RECURRING_BILLING_DISPUTE,Recurring Billing Dispute,2025-06-05,1499,0,0,2025-06-23,18,accepted,accepted_refunded,,5,2,3,0.4276333333333333,3,,,,,,,,,,,,,,,,,,subscription_edtech,digital_service,medium,0.5935036960374831,17,1,0,,0.0,0,797.0,0.5316877918612408,0,ACCEPT,-797.0
DSP000999,TXN0214724,M000242,CUS0076710,Mastercard,RECURRING_BILLING_DISPUTE,Recurring Billing Dispute,2025-09-14,24999,704,294,2025-09-21,7,contested,lost,2025-10-03,5,4,1,0.5238333333333333,2,,,,,,,,,,,,,,,,,,subscription_edtech,digital_service,medium,0.5935036960374831,17,1,0,,0.28575757575757577,998,998.0,0.03992159686387455,1,CONTEST,6145.65
DSP001000,TXN0214160,M000242,CUS0077146,RuPay,CREDIT_NOT_PROCESSED,Credit Not Processed,2025-05-14,1499,446,251,2025-05-27,13,contested,won,2025-06-04,4,3,1,0.6572333333333333,1,,,,,,,,,,,,,,,,,,subscription_edtech,digital_service,medium,0.5935036960374831,17,1,0,,0.40315789473684216,697,697.0,0.46497665110073383,0,ACCEPT,-92.67
DSP001001,TXN0215746,M000242,,RuPay,UNAUTHORIZED_TRANSACTION,Unauthorized Transaction,2025-12-27,1499,734,233,2026-01-08,12,contested,lost,2026-01-16,4,1,3,0.4563,3,,,,,,,,,,,,,,,,,,subscription_edtech,digital_service,medium,0.5935036960374831,17,1,0,,0.0,967,967.0,0.6450967311541027,0,ACCEPT,-967.0
DSP001002,TXN0214051,M000242,CUS0077016,Visa,RECURRING_BILLING_DISPUTE,Recurring Billing Dispute,2025-07-20,1499,0,0,2025-08-03,14,accepted,accepted_refunded,,5,4,1,0.5452833333333333,2,,,,,,,,,,,,,,,,,,subscription_edtech,digital_service,medium,0.5935036960374831,17,1,0,,0.3753318077803204,0,797.0,0.5316877918612408,0,ACCEPT,-234.38
DSP001003,TXN0214527,M000242,CUS0077216,RuPay,RECURRING_BILLING_DISPUTE,Recurring Billing Dispute,2025-03-01,999,0,0,2025-03-10,9,accepted,accepted_refunded,,5,4,1,0.5756,2,,,,,,,,,,,,,,,,,,subscription_edtech,digital_service,medium,0.5935036960374831,17,1,0,,0.38604224076530824,0,797.0,0.7977977977977978,0,ACCEPT,-411.34
DSP001004,TXN0214219,M000242,,RuPay,CREDIT_NOT_PROCESSED,Credit Not Processed,2025-05-13,999,0,0,2025-05-25,12,accepted,accepted_refunded,,4,4,0,0.7459333333333333,1,,,,,,,,,,,,,,,,,,subscription_edtech,digital_service,medium,0.5935036960374831,17,1,0,,0.6702086200982202,0,797.0,0.7977977977977978,0,ACCEPT,-127.46
DSP001005,TXN0214857,M000242,CUS0077280,RuPay,UNAUTHORIZED_TRANSACTION,Unauthorized Transaction,2025-09-17,24999,669,231,2025-09-30,13,contested,lost,2025-10-24,4,2,2,0.5615833333333333,2,,,,,,,,,,,,,,,,,,subscription_edtech,digital_service,medium,0.5935036960374831,17,1,0,,0.05578747628083491,900,900.0,0.03600144005760231,1,CONTEST,494.63
DSP001006,TXN0214844,M000242,,Visa,RECURRING_BILLING_DISPUTE,Recurring Billing Dispute,2025-04-24,999,0,0,2025-05-09,15,accepted,accepted_refunded,,5,4,1,0.48983333333333334,2,1499.0,credit_card,passed,1.0,DEV553749,0.440018512551594,2.0,0.0,1.0,,,,2025-03-07 23:00:00,0.0,0.0,0.0,,subscription_edtech,digital_service,medium,0.5935036960374831,17,1,0,47.041666666666664,0.3753318077803204,0,797.0,0.7977977977977978,0,ACCEPT,-422.04
DSP001007,TXN0217755,M000243,CUS0077957,Mastercard,MERCHANDISE_NOT_RECEIVED,Merchandise Not Received,2025-11-16,1950,559,227,2025-12-01,15,contested,won,2025-12-23,4,4,0,0.9352833333333334,0,,,,,,,,,,,,,,,,,,d2c_brand,physical_delivery,medium,0.8646254634832373,25,0,1,,0.8897173414820474,786,786.0,0.40307692307692305,1,CONTEST,948.95
DSP001008,TXN0216796,M000243,,Visa,MERCHANDISE_NOT_RECEIVED,Merchandise Not Received,2025-09-01,3695,0,0,2025-09-13,12,accepted,accepted_refunded,,4,4,0,0.9188000000000001,0,,,,,,,,,,,,,,,,,,d2c_brand,physical_delivery,medium,0.8646254634832373,25,0,1,,0.8756410951477365,0,797.0,0.21569688768606224,1,CONTEST,2438.49
DSP001009,TXN0217732,M000243,CUS0077603,Visa,MERCHANDISE_NOT_RECEIVED,Merchandise Not Received,2026-02-04,2395,0,0,2026-02-12,8,accepted,accepted_refunded,,4,4,0,0.9244833333333333,0,,,,,,,,,,,,,,,,,,d2c_brand,physical_delivery,medium,0.8646254634832373,25,0,1,,0.8756410951477365,0,797.0,0.332776617954071,1,CONTEST,1300.16
DSP001010,TXN0217633,M000243,CUS0077480,RuPay,MERCHANDISE_NOT_AS_DESCRIBED,Merchandise Not As Described,2025-10-10,1400,461,200,2025-10-21,11,contested,won,2025-11-11,3,3,0,0.8803166666666667,0,,,,,,,,,,,,,,,,,,d2c_brand,physical_delivery,medium,0.8646254634832373,25,0,1,,0.6933543690860744,661,661.0,0.47214285714285714,1,CONTEST,309.7
DSP001011,TXN0216589,M000243,CUS0077782,Mastercard,MERCHANDISE_NOT_RECEIVED,Merchandise Not Received,2025-08-09,3250,506,289,2025-08-28,19,contested,lost,2025-08-25,4,2,2,0.6410666666666667,2,,,,,,,,,,,,,,,,,,d2c_brand,physical_delivery,medium,0.8646254634832373,25,0,1,,0.24337662337662339,795,795.0,0.24461538461538462,0,ACCEPT,-4.03
DSP001012,TXN0219185,M000243,CUS0077910,Visa,MERCHANDISE_NOT_RECEIVED,Merchandise Not Received,2025-03-10,3000,683,256,2025-03-31,21,contested,won,2025-04-11,4,4,0,0.77455,1,,,,,,,,,,,,,,,,,,d2c_brand,physical_delivery,medium,0.8646254634832373,25,0,1,,0.8371459129106189,939,939.0,0.313,1,CONTEST,1572.44
DSP001013,TXN0217985,M000243,CUS0078237,Visa,DUPLICATE_TRANSACTION,Duplicate Transaction,2025-09-20,1049,709,158,2025-09-27,7,contested,won,2025-10-13,2,2,0,0.7599333333333332,1,,,,,,,,,,,,,,,,,,d2c_brand,physical_delivery,medium,0.8646254634832373,25,0,1,,0.823069666576308,867,867.0,0.8265014299332698,0,ACCEPT,-3.6
DSP001014,TXN0217876,M000243,,Visa,MERCHANDISE_NOT_AS_DESCRIBED,Merchandise Not As Described,2025-10-30,2645,708,261,2025-11-19,20,contested,lost,2025-12-03,3,3,0,0.9556666666666667,0,,,,,,,,,,,,,,,,,,d2c_brand,physical_delivery,medium,0.8646254634832373,25,0,1,,0.7270268019164019,969,969.0,0.366351606805293,1,CONTEST,953.99
DSP001015,TXN0218208,M000243,CUS0077732,Visa,CREDIT_NOT_PROCESSED,Credit Not Processed,2025-07-20,750,554,293,2025-08-03,14,contested,won,2025-08-25,3,3,0,0.76225,1,,,,,,,,,,,,,,,,,,d2c_brand,physical_delivery,medium,0.8646254634832373,25,0,1,,0.7342981606079182,847,847.0,1.0,0,ACCEPT,-296.28
DSP001016,TXN0217613,M000243,,Mastercard,MERCHANDISE_NOT_AS_DESCRIBED,Merchandise Not As Described,2025-11-09,2349,441,198,2025-11-24,15,contested,lost,2025-12-15,3,3,0,0.9527666666666667,0,699.0,upi,not_applicable,1.0,DEV984534,0.244005683794435,1.0,0.0,0.0,delivered,2025-02-21,1.0,2025-02-15 19:38:00,0.0,0.0,0.0,,d2c_brand,physical_delivery,medium,0.8646254634832373,25,0,1,266.18194444444447,0.8048878483944897,639,639.0,0.2720306513409962,1,CONTEST,1251.68
DSP001017,TXN0217637,M000243,,Mastercard,MERCHANDISE_NOT_RECEIVED,Merchandise Not Received,2025-06-15,3695,0,0,2025-06-30,15,accepted,accepted_refunded,,4,3,1,0.8124833333333333,1,,,,,,,,,,,,,,,,,,d2c_brand,physical_delivery,medium,0.8646254634832373,25,0,1,,0.6007770855090003,0,797.0,0.21569688768606224,1,CONTEST,1422.87
DSP001018,TXN0217392,M000243,CUS0077434,Visa,UNAUTHORIZED_TRANSACTION,Unauthorized Transaction,2025-05-15,3845,0,0,2025-05-23,8,accepted,accepted_refunded,,4,3,1,0.6395333333333334,2,,,,,,,,,,,,,,,,,,d2c_brand,physical_delivery,medium,0.8646254634832373,25,0,1,,0.24337662337662339,0,797.0,0.2072821846553966,1,CONTEST,138.78
DSP001019,TXN0219768,M000244,CUS0078339,RuPay,MERCHANDISE_NOT_AS_DESCRIBED,Merchandise Not As Described,2025-11-14,1200,0,0,2025-11-21,7,accepted,accepted_refunded,,3,3,0,0.9303833333333333,0,,,,,,,,,,,,,,,,,,d2c_brand,physical_delivery,medium,0.8646249219900191,69,0,1,,0.6933543690860744,0,797.0,0.6641666666666667,1,CONTEST,35.03
DSP001020,TXN0219891,M000244,,Visa,UNAUTHORIZED_TRANSACTION,Unauthorized Transaction,2025-05-08,749,706,192,2025-05-25,17,contested,won,2025-06-13,4,4,0,0.75305,1,,,,,,,,,,,,,,,,,,d2c_brand,physical_delivery,medium,0.8646249219900191,69,0,1,,0.5777275541795666,898,898.0,1.0,0,ACCEPT,-465.28
DSP001021,TXN0220832,M000244,CUS0078376,Visa,MERCHANDISE_NOT_AS_DESCRIBED,Merchandise Not As Described,2025-09-13,2600,515,222,2025-09-26,13,contested,lost,2025-10-26,3,1,2,0.45660000000000006,3,,,,,,,,,,,,,,,,,,d2c_brand,physical_delivery,medium,0.8646249219900191,69,0,1,,0.05578747628083491,737,737.0,0.2834615384615385,0,ACCEPT,-591.95
DSP001022,TXN0220035,M000244,CUS0079038,Visa,MERCHANDISE_NOT_RECEIVED,Merchandise Not Received,2025-08-18,1400,590,279,2025-08-27,9,contested,lost,2025-09-29,4,2,2,0.49,3,,,,,,,,,,,,,,,,,,d2c_brand,physical_delivery,medium,0.8646249219900191,69,0,1,,0.07007319056654919,869,869.0,0.6207142857142857,0,ACCEPT,-770.9
DSP001023,TXN0219897,M000244,CUS0078310,Mastercard,MERCHANDISE_NOT_AS_DESCRIBED,Merchandise Not As Described,2025-09-18,285,405,299,2025-09-30,12,contested,won,2025-10-12,3,3,0,0.8166666666666668,1,,,,,,,,,,,,,,,,,,d2c_brand,physical_delivery,medium,0.8646249219900191,69,0,1,,0.8014847548517128,704,704.0,1.0,0,ACCEPT,-475.58
DSP001024,TXN0221818,M000244,,Visa,UNAUTHORIZED_TRANSACTION,Unauthorized Transaction,2025-12-27,2200,444,157,2026-01-12,16,contested,lost,2026-02-05,4,3,1,0.6139333333333333,2,,,,,,,,,,,,,,,,,,d2c_brand,physical_delivery,medium,0.8646249219900191,69,0,1,,0.24337662337662339,601,601.0,0.2731818181818182,0,ACCEPT,-65.57
DSP001025,TXN0220795,M000244,CUS0079085,Visa,MERCHANDISE_NOT_RECEIVED,Merchandise Not Received,2025-07-24,799,0,0,2025-08-03,10,accepted,accepted_refunded,,4,4,0,0.9747,0,,,,,,,,,,,,,,,,,,d2c_brand,physical_delivery,medium,0.8646249219900191,69,0,1,,0.9244052734074885,0,797.0,0.9974968710888611,0,ACCEPT,-58.4
DSP001026,TXN0221476,M000244,,Mastercard,DUPLICATE_TRANSACTION,Duplicate Transaction,2025-05-28,1149,0,0,2025-06-12,15,accepted,accepted_refunded,,2,2,0,0.7936833333333334,1,,,,,,,,,,,,,,,,,,d2c_brand,physical_delivery,medium,0.8646249219900191,69,0,1,,0.8756410951477365,0,797.0,0.6936466492602262,1,CONTEST,209.11
DSP001027,TXN0222245,M000245,CUS0079252,Visa,RECURRING_BILLING_DISPUTE,Recurring Billing Dispute,2025-07-15,1499,692,160,2025-07-28,13,contested,lost,2025-08-07,5,3,2,0.60195,2,,,,,,,,,,,,,,,,,,saas_tools,digital_service,medium,0.7985512154848989,92,1,0,,0.37185967085282823,852,852.0,0.5683789192795197,0,ACCEPT,-294.58
DSP001028,TXN0222192,M000245,CUS0079907,Visa,SERVICE_NOT_RENDERED,Service Not Rendered,2025-09-08,2999,0,0,2025-09-16,8,accepted,accepted_refunded,,4,3,1,0.8027000000000001,1,,,,,,,,,,,,,,,,,,saas_tools,digital_service,medium,0.7985512154848989,92,1,0,,0.7828182693887893,0,797.0,0.2657552517505835,1,CONTEST,1550.67
DSP001029,TXN0223126,M000245,CUS0080021,RuPay,RECURRING_BILLING_DISPUTE,Recurring Billing Dispute,2025-09-14,1499,0,0,2025-09-23,9,accepted,accepted_refunded,,5,5,0,0.9711166666666666,0,,,,,,,,,,,,,,,,,,saas_tools,digital_service,medium,0.7985512154848989,92,1,0,,0.9529208046855107,0,797.0,0.5316877918612408,1,CONTEST,631.43
DSP001030,TXN0223722,M000245,CUS0079497,Visa,DUPLICATE_TRANSACTION,Duplicate Transaction,2026-02-06,2999,0,0,2026-02-25,19,accepted,accepted_refunded,,2,1,1,0.45186666666666664,3,,,,,,,,,,,,,,,,,,saas_tools,digital_service,medium,0.7985512154848989,92,1,0,,0.4810784313725491,0,797.0,0.2657552517505835,1,CONTEST,645.75
DSP001031,TXN0223742,M000245,CUS0079701,Visa,RECURRING_BILLING_DISPUTE,Recurring Billing Dispute,2025-01-26,1499,502,195,2025-02-13,18,contested,lost,2025-02-21,5,2,3,0.32666666666666666,4,,,,,,,,,,,,,,,,,,saas_tools,digital_service,medium,0.7985512154848989,92,1,0,,0.13673985723321586,697,697.0,0.46497665110073383,0,ACCEPT,-492.03
DSP001032,TXN0224523,M000245,,RuPay,RECURRING_BILLING_DISPUTE,Recurring Billing Dispute,2025-05-03,1499,448,271,2025-05-15,12,contested,lost,2025-05-18,5,4,1,0.7735833333333333,1,,,,,,,,,,,,,,,,,,saas_tools,digital_service,medium,0.7985512154848989,92,1,0,,0.8456228960754141,719,719.0,0.47965310206804534,1,CONTEST,548.59
DSP001033,TXN0223825,M000245,CUS0079386,Mastercard,RECURRING_BILLING_DISPUTE,Recurring Billing Dispute,2026-02-04,9999,491,174,2026-02-23,19,contested,lost,2026-02-19,5,4,1,0.6987166666666668,1,,,,,,,,,,,,,,,,,,saas_tools,digital_service,medium,0.7985512154848989,92,1,0,,0.7597360038765826,665,665.0,0.0665066506650665,1,CONTEST,6931.6
DSP001034,TXN0223261,M000245,,Visa,RECURRING_BILLING_DISPUTE,Recurring Billing Dispute,2025-07-20,1499,545,259,2025-08-06,17,contested,won,2025-08-08,5,4,1,0.7555999999999999,1,,,,,,,,,,,,,,,,,,saas_tools,digital_service,medium,0.7985512154848989,92,1,0,,0.8756410951477365,804,804.0,0.5363575717144763,1,CONTEST,508.59
DSP001035,TXN0222416,M000245,CUS0079846,Visa,CREDIT_NOT_PROCESSED,Credit Not Processed,2025-07-05,1499,0,0,2025-07-18,13,accepted,accepted_refunded,,4,3,1,0.7279833333333333,1,,,,,,,,,,,,,,,,,,saas_tools,digital_service,medium,0.7985512154848989,92,1,0,,0.6410004615568679,0,797.0,0.5316877918612408,1,CONTEST,163.86
DSP001036,TXN0222469,M000245,CUS0079723,Visa,DUPLICATE_TRANSACTION,Duplicate Transaction,2025-12-17,9999,0,0,2025-12-25,8,accepted,accepted_refunded,,2,2,0,0.4477,3,,,,,,,,,,,,,,,,,,saas_tools,digital_service,medium,0.7985512154848989,92,1,0,,0.5633080819757991,0,797.0,0.07970797079707971,1,CONTEST,4835.52
DSP001037,TXN0223063,M000245,CUS0079962,Visa,SERVICE_NOT_RENDERED,Service Not Rendered,2025-05-27,1499,450,169,2025-06-05,9,contested,won,2025-06-15,4,3,1,0.7378333333333332,1,,,,,,,,,,,,,,,,,,saas_tools,digital_service,medium,0.7985512154848989,92,1,0,,0.7237809651746373,619,619.0,0.41294196130753835,1,CONTEST,465.95
DSP001038,TXN0224207,M000245,CUS0079416,Mastercard,RECURRING_BILLING_DISPUTE,Recurring Billing Dispute,2025-01-26,1499,0,0,2025-02-05,10,accepted,accepted_refunded,,5,2,3,0.4548666666666667,3,,,,,,,,,,,,,,,,,,saas_tools,digital_service,medium,0.7985512154848989,92,1,0,,0.13673985723321586,0,797.0,0.5316877918612408,0,ACCEPT,-592.03
DSP001039,TXN0226018,M000246,,Mastercard,RECURRING_BILLING_DISPUTE,Recurring Billing Dispute,2026-01-03,1499,414,170,2026-01-21,18,contested,won,2026-02-09,5,5,0,0.9641833333333333,0,,,,,,,,,,,,,,,,,,saas_tools,digital_service,medium,0.8729359275714659,116,1,0,,0.9549472566733181,584,584.0,0.3895930620413609,1,CONTEST,847.47
DSP001040,TXN0225442,M000246,CUS0081072,Visa,UNAUTHORIZED_TRANSACTION,Unauthorized Transaction,2025-04-25,799,532,225,2025-05-09,14,contested,won,2025-06-04,4,4,0,0.95975,0,,,,,,,,,,,,,,,,,,saas_tools,digital_service,medium,0.8729359275714659,116,1,0,,0.5550865285385409,757,757.0,0.9474342928660826,0,ACCEPT,-313.49
DSP001041,TXN0226297,M000246,CUS0080195,Mastercard,UNAUTHORIZED_TRANSACTION,Unauthorized Transaction,2025-09-15,799,677,150,2025-09-27,12,contested,lost,2025-10-18,4,4,0,0.7517333333333333,1,,,,,,,,,,,,,,,,,,saas_tools,digital_service,medium,0.8729359275714659,116,1,0,,0.5323942208462332,827,827.0,1.0,0,ACCEPT,-401.62
DSP001042,TXN0226970,M000246,CUS0080904,Visa,UNAUTHORIZED_TRANSACTION,Unauthorized Transaction,2025-06-21,799,669,275,2025-06-29,8,contested,won,2025-07-28,4,4,0,0.9310666666666667,0,,,,,,,,,,,,,,,,,,saas_tools,digital_service,medium,0.8729359275714659,116,1,0,,0.5616799351319475,944,944.0,1.0,0,ACCEPT,-495.22
DSP001043,TXN0225999,M000246,CUS0080653,Mastercard,RECURRING_BILLING_DISPUTE,Recurring Billing Dispute,2026-01-01,19999,506,190,2026-01-11,10,contested,won,2026-01-18,5,5,0,0.8881,0,,,,,,,,,,,,,,,,,,saas_tools,digital_service,medium,0.8729359275714659,116,1,0,,0.9549529613984206,696,696.0,0.03480174008700435,1,CONTEST,18402.1
DSP001044,TXN0226975,M000246,CUS0080882,Mastercard,CREDIT_NOT_PROCESSED,Credit Not Processed,2025-03-11,799,0,0,2025-03-21,10,accepted,accepted_refunded,,4,4,0,0.9499166666666666,0,,,,,,,,,,,,,,,,,,saas_tools,digital_service,medium,0.8729359275714659,116,1,0,,0.9347389865036924,0,797.0,0.9974968710888611,0,ACCEPT,-50.14
DSP001045,TXN0224829,M000246,CUS0080449,Visa,RECURRING_BILLING_DISPUTE,Recurring Billing Dispute,2025-08-30,799,486,300,2025-09-13,14,contested,won,2025-10-10,5,5,0,0.91705,0,,,,,,,,,,,,,,,,,,saas_tools,digital_service,medium,0.8729359275714659,116,1,0,,0.9564502164502166,786,786.0,0.983729662077597,0,ACCEPT,-21.8
DSP001046,TXN0227006,M000246,CUS0081077,Visa,RECURRING_BILLING_DISPUTE,Recurring Billing Dispute,2025-08-11,19999,718,153,2025-08-28,17,contested,won,2025-09-25,5,5,0,0.9585499999999999,0,,,,,,,,,,,,,,,,,,saas_tools,digital_service,medium,0.8729359275714659,116,1,0,,0.9529208046855107,871,871.0,0.043552177608880444,1,CONTEST,18186.46
DSP001047,TXN0225859,M000246,CUS0080780,RuPay,RECURRING_BILLING_DISPUTE,Recurring Billing Dispute,2025-12-21,1499,0,0,2025-12-28,7,accepted,accepted_refunded,,5,4,1,0.7522833333333333,1,,,,,,,,,,,,,,,,,,saas_tools,digital_service,medium,0.8729359275714659,116,1,0,,0.7811031693054629,0,797.0,0.5316877918612408,1,CONTEST,373.87
DSP001048,TXN0224568,M000246,CUS0080233,Mastercard,RECURRING_BILLING_DISPUTE,Recurring Billing Dispute,2025-04-12,49999,556,153,2025-04-29,17,contested,won,2025-05-27,5,5,0,0.9548666666666666,0,,,,,,,,,,,,,,,,,,saas_tools,digital_service,medium,0.8729359275714659,116,1,0,,0.9548810840486878,709,709.0,0.014180283605672113,1,CONTEST,47034.1
DSP001049,TXN0227114,M000246,CUS0080334,Mastercard,UNAUTHORIZED_TRANSACTION,Unauthorized Transaction,2025-10-23,1499,0,0,2025-11-13,21,accepted,accepted_refunded,,4,3,1,0.6065833333333334,2,,,,,,,,,,,,,,,,,,saas_tools,digital_service,medium,0.8729359275714659,116,1,0,,0.314901185770751,0,797.0,0.5316877918612408,0,ACCEPT,-324.96
DSP001050,TXN0225106,M000246,CUS0081027,Visa,RECURRING_BILLING_DISPUTE,Recurring Billing Dispute,2025-04-28,19999,404,159,2025-05-19,21,contested,won,2025-05-16,5,4,1,0.6437499999999999,2,,,,,,,,,,,,,,,,,,saas_tools,digital_service,medium,0.8729359275714659,116,1,0,,0.6669771741248387,563,563.0,0.02815140757037852,1,CONTEST,12775.88
DSP001051,TXN0225155,M000246,CUS0080417,Visa,UNAUTHORIZED_TRANSACTION,Unauthorized Transaction,2025-05-25,799,529,290,2025-06-11,17,contested,lost,2025-06-08,4,4,0,0.9482666666666666,0,,,,,,,,,,,,,,,,,,saas_tools,digital_service,medium,0.8729359275714659,116,1,0,,0.5550865285385409,819,819.0,1.0,0,ACCEPT,-375.49
DSP001052,TXN0225683,M000246,CUS0080283,Visa,RECURRING_BILLING_DISPUTE,Recurring Billing Dispute,2025-04-15,19999,503,198,2025-04-22,7,contested,lost,2025-04-29,5,4,1,0.8142333333333333,1,,,,,,,,,,,,,,,,,,saas_tools,digital_service,medium,0.8729359275714659,116,1,0,,0.7628040315683731,701,701.0,0.03505175258762938,1,CONTEST,14554.32
DSP001053,TXN0224669,M000246,,Visa,RECURRING_BILLING_DISPUTE,Recurring Billing Dispute,2025-09-10,1499,622,195,2025-09-23,13,contested,lost,2025-09-28,5,4,1,0.7308166666666667,1,,,,,,,,,,,,,,,,,,saas_tools,digital_service,medium,0.8729359275714659,116,1,0,,0.8025493755838775,817,817.0,0.5450300200133422,1,CONTEST,386.02
DSP001054,TXN0225483,M000246,CUS0081122,Visa,CREDIT_NOT_PROCESSED,Credit Not Processed,2025-03-19,1499,565,292,2025-03-28,9,contested,won,2025-04-22,4,4,0,0.9332166666666666,0,,,,,,,,,,,,,,,,,,saas_tools,digital_service,medium,0.8729359275714659,116,1,0,,0.9347389865036924,857,857.0,0.571714476317545,1,CONTEST,544.17
DSP001055,TXN0224950,M000246,CUS0080831,Visa,UNAUTHORIZED_TRANSACTION,Unauthorized Transaction,2025-11-21,799,0,0,2025-12-07,16,accepted,accepted_refunded,,4,2,2,0.45875,3,,,,,,,,,,,,,,,,,,saas_tools,digital_service,medium,0.8729359275714659,116,1,0,,0.13673985723321586,0,797.0,0.9974968710888611,0,ACCEPT,-687.74
DSP001056,TXN0224823,M000246,CUS0080700,Visa,RECURRING_BILLING_DISPUTE,Recurring Billing Dispute,2026-01-28,1499,553,193,2026-02-15,18,contested,won,2026-03-03,5,4,1,0.7748499999999999,1,,,,,,,,,,,,,,,,,,saas_tools,digital_service,medium,0.8729359275714659,116,1,0,,0.8756410951477365,746,746.0,0.49766511007338227,1,CONTEST,566.59
DSP001057,TXN0224727,M000246,CUS0080221,Visa,RECURRING_BILLING_DISPUTE,Recurring Billing Dispute,2025-02-20,1499,451,262,2025-03-11,19,contested,won,2025-03-17,5,5,0,0.9209999999999999,0,,,,,,,,,,,,,,,,,,saas_tools,digital_service,medium,0.8729359275714659,116,1,0,,0.9570190950892827,713,713.0,0.47565043362241494,1,CONTEST,721.57
DSP001058,TXN0229647,M000247,,Visa,UNAUTHORIZED_TRANSACTION,Unauthorized Transaction,2025-10-10,3600,641,297,2025-10-19,9,contested,lost,2025-11-17,4,3,1,0.7950499999999999,1,,,,,,,,,,,,,,,,,,d2c_brand,physical_delivery,medium,0.735258273004426,26,0,1,,0.2841869000564653,938,938.0,0.26055555555555554,1,CONTEST,85.07
DSP001059,TXN0229188,M000247,,Visa,MERCHANDISE_NOT_RECEIVED,Merchandise Not Received,2025-11-08,1400,0,0,2025-11-23,15,accepted,accepted_refunded,,4,2,2,0.6216666666666667,2,,,,,,,,,,,,,,,,,,d2c_brand,physical_delivery,medium,0.735258273004426,26,0,1,,0.17967687800624194,0,797.0,0.5692857142857143,0,ACCEPT,-545.45
DSP001060,TXN0229448,M000247,CUS0081279,Mastercard,UNAUTHORIZED_TRANSACTION,Unauthorized Transaction,2025-11-03,950,558,273,2025-11-24,21,contested,won,2025-11-21,4,4,0,0.7906166666666666,0,,,,,,,,,,,,,,,,,,d2c_brand,physical_delivery,medium,0.735258273004426,26,0,1,,0.6004198618718742,831,831.0,0.8747368421052631,0,ACCEPT,-260.6
DSP001061,TXN0229672,M000247,CUS0081288,Mastercard,MERCHANDISE_NOT_RECEIVED,Merchandise Not Received,2025-04-16,799,449,158,2025-04-30,14,contested,won,2025-05-06,4,3,1,0.7745666666666667,1,,,,,,,,,,,,,,,,,,d2c_brand,physical_delivery,medium,0.735258273004426,26,0,1,,0.5822681704260652,607,607.0,0.7596996245306633,0,ACCEPT,-141.77
DSP001062,TXN0229119,M000247,CUS0082025,Visa,MERCHANDISE_NOT_RECEIVED,Merchandise Not Received,2025-09-13,600,521,269,2025-09-23,10,contested,won,2025-10-23,4,2,2,0.6226666666666666,2,,,,,,,,,,,,,,,,,,d2c_brand,physical_delivery,medium,0.735258273004426,26,0,1,,0.20950927585048026,790,790.0,1.0,0,ACCEPT,-664.29
DSP001063,TXN0228191,M000247,CUS0081856,Visa,UNAUTHORIZED_TRANSACTION,Unauthorized Transaction,2025-07-09,1399,0,0,2025-07-23,14,accepted,accepted_refunded,,4,3,1,0.7501000000000001,1,,,,,,,,,,,,,,,,,,d2c_brand,physical_delivery,medium,0.735258273004426,26,0,1,,0.281262443440197,0,797.0,0.5696926375982845,0,ACCEPT,-403.51
DSP001064,TXN0227347,M000247,,Visa,MERCHANDISE_NOT_RECEIVED,Merchandise Not Received,2025-07-20,1245,686,169,2025-07-28,8,contested,won,2025-08-08,4,2,2,0.6269833333333333,2,,,,,,,,,,,,,,,,,,d2c_brand,physical_delivery,medium,0.735258273004426,26,0,1,,0.2681262939958592,855,855.0,0.6867469879518072,0,ACCEPT,-521.18
DSP001065,TXN0228346,M000247,CUS0081789,Visa,MERCHANDISE_NOT_RECEIVED,Merchandise Not Received,2025-02-17,2349,0,0,2025-03-07,18,accepted,accepted_refunded,,4,2,2,0.5935666666666667,2,,,,,,,,,,,,,,,,,,d2c_brand,physical_delivery,medium,0.735258273004426,26,0,1,,0.17670995670995668,0,797.0,0.3392933163048106,0,ACCEPT,-381.91
DSP001066,TXN0229023,M000247,,RuPay,MERCHANDISE_NOT_RECEIVED,Merchandise Not Received,2025-12-20,1199,0,0,2026-01-03,14,accepted,accepted_refunded,,4,4,0,0.7524500000000001,1,,,,,,,,,,,,,,,,,,d2c_brand,physical_delivery,medium,0.735258273004426,26,0,1,,0.8045800477571061,0,797.0,0.664720600500417,1,CONTEST,167.69
DSP001067,TXN0228228,M000247,,Mastercard,MERCHANDISE_NOT_RECEIVED,Merchandise Not Received,2026-01-08,800,569,293,2026-01-23,15,contested,lost,2026-02-10,4,3,1,0.5667,2,,,,,,,,,,,,,,,,,,d2c_brand,physical_delivery,medium,0.735258273004426,26,0,1,,0.306998474446987,862,862.0,1.0,0,ACCEPT,-616.4
DSP001068,TXN0227775,M000247,,Visa,UNAUTHORIZED_TRANSACTION,Unauthorized Transaction,2025-10-19,400,647,183,2025-11-04,16,contested,lost,2025-11-14,4,3,1,0.6229333333333333,2,1099.0,credit_card,passed,1.0,DEV947504,0.0959852291332245,1.0,0.0,1.0,delivered,2025-11-30,1.0,2025-11-23 20:57:00,0.0,0.0,0.0,,d2c_brand,physical_delivery,medium,0.735258273004426,26,0,1,-35.87291666666667,0.24337662337662339,830,830.0,1.0,0,ACCEPT,-732.65
DSP001069,TXN0227223,M000247,CUS0081132,Visa,UNAUTHORIZED_TRANSACTION,Unauthorized Transaction,2025-05-27,900,0,0,2025-06-06,10,accepted,accepted_refunded,,4,3,1,0.5871166666666666,2,,,,,,,,,,,,,,,,,,d2c_brand,physical_delivery,medium,0.735258273004426,26,0,1,,0.24337662337662339,0,797.0,0.8855555555555555,0,ACCEPT,-577.96
DSP001070,TXN0231641,M000248,,RuPay,CREDIT_NOT_PROCESSED,Credit Not Processed,2025-05-20,850,509,285,2025-05-31,11,contested,won,2025-07-04,3,3,0,0.7178666666666667,1,,,,,,,,,,,,,,,,,,d2c_brand,physical_delivery,medium,0.8980776914720965,104,0,1,,0.7042583938538762,794,794.0,0.9341176470588235,0,ACCEPT,-195.38
DSP001071,TXN0232259,M000248,CUS0082544,Visa,UNAUTHORIZED_TRANSACTION,Unauthorized Transaction,2025-06-30,3349,0,0,2025-07-19,19,accepted,accepted_refunded,,4,4,0,0.9403166666666666,0,,,,,,,,,,,,,,,,,,d2c_brand,physical_delivery,medium,0.8980776914720965,104,0,1,,0.4364429188914315,0,797.0,0.23798148701104807,1,CONTEST,664.65
DSP001072,TXN0231999,M000248,CUS0082313,Visa,MERCHANDISE_NOT_AS_DESCRIBED,Merchandise Not As Described,2025-05-02,949,676,179,2025-05-16,14,contested,lost,2025-05-21,3,3,0,0.9288666666666666,0,,,,,,,,,,,,,,,,,,d2c_brand,physical_delivery,medium,0.8980776914720965,104,0,1,,0.6980881376092695,855,855.0,0.9009483667017913,0,ACCEPT,-192.51
DSP001073,TXN0231706,M000248,,Visa,CREDIT_NOT_PROCESSED,Credit Not Processed,2025-09-25,1150,570,195,2025-10-05,10,contested,won,2025-10-11,3,3,0,0.9784999999999999,0,,,,,,,,,,,,,,,,,,d2c_brand,physical_delivery,medium,0.8980776914720965,104,0,1,,0.8048878483944897,765,765.0,0.6652173913043479,1,CONTEST,160.62
DSP001074,TXN0230797,M000248,CUS0082374,Visa,MERCHANDISE_NOT_AS_DESCRIBED,Merchandise Not As Described,2026-02-17,2645,504,226,2026-02-27,10,contested,lost,2026-03-31,3,3,0,0.8938666666666667,0,,,,,,,,,,,,,,,,,,d2c_brand,physical_delivery,medium,0.8980776914720965,104,0,1,,0.7139426043801921,730,730.0,0.27599243856332706,1,CONTEST,1158.38
DSP001075,TXN0230455,M000248,CUS0082473,Mastercard,UNAUTHORIZED_TRANSACTION,Unauthorized Transaction,2025-06-28,2050,462,232,2025-07-10,12,contested,lost,2025-07-28,4,4,0,0.7845666666666666,1,,,,,,,,,,,,,,,,,,d2c_brand,physical_delivery,medium,0.8980776914720965,104,0,1,,0.393078547494378,694,694.0,0.3385365853658537,1,CONTEST,111.81
DSP001076,TXN0232468,M000248,,Mastercard,MERCHANDISE_NOT_AS_DESCRIBED,Merchandise Not As Described,2025-06-18,1600,606,179,2025-07-05,17,contested,won,2025-07-18,3,3,0,0.9699333333333332,0,,,,,,,,,,,,,,,,,,d2c_brand,physical_delivery,medium,0.8980776914720965,104,0,1,,0.7784172601591957,785,785.0,0.490625,1,CONTEST,460.47
DSP001077,TXN0232038,M000248,,Visa,UNAUTHORIZED_TRANSACTION,Unauthorized Transaction,2025-09-14,3499,597,257,2025-09-25,11,contested,lost,2025-10-09,4,4,0,0.9618166666666667,0,,,,,,,,,,,,,,,,,,d2c_brand,physical_delivery,medium,0.8980776914720965,104,0,1,,0.39225159311416624,854,854.0,0.2440697342097742,1,CONTEST,518.49
DSP001078,TXN0231043,M000248,CUS0082184,Visa,MERCHANDISE_NOT_RECEIVED,Merchandise Not Received,2025-12-07,4249,694,210,2025-12-15,8,contested,won,2026-01-09,4,4,0,0.9617,0,,,,,,,,,,,,,,,,,,d2c_brand,physical_delivery,medium,0.8980776914720965,104,0,1,,0.8897173414820474,904,904.0,0.21275594257472347,1,CONTEST,2876.41
DSP001079,TXN0231919,M000248,,Mastercard,MERCHANDISE_NOT_AS_DESCRIBED,Merchandise Not As Described,2026-01-26,2499,659,178,2026-02-04,9,contested,won,2026-02-15,3,3,0,0.9454833333333333,0,,,,,,,,,,,,,,,,,,d2c_brand,physical_delivery,medium,0.8980776914720965,104,0,1,,0.703978443283006,837,837.0,0.3349339735894358,1,CONTEST,922.24
DSP001080,TXN0234835,M000249,CUS0083275,Mastercard,MERCHANDISE_NOT_AS_DESCRIBED,Merchandise Not As Described,2025-06-01,1699,530,285,2025-06-08,7,contested,won,2025-07-06,3,2,1,0.7898666666666667,1,,,,,,,,,,,,,,,,,,d2c_brand,physical_delivery,medium,0.7897459014402501,51,0,1,,0.5294660005880121,815,815.0,0.47969393761035906,1,CONTEST,84.56
DSP001081,TXN0233783,M000249,CUS0083268,RuPay,MERCHANDISE_NOT_RECEIVED,Merchandise Not Received,2025-06-13,945,612,171,2025-06-24,11,contested,won,2025-07-13,4,4,0,0.9086333333333334,0,,,,,,,,,,,,,,,,,,d2c_brand,physical_delivery,medium,0.7897459014402501,51,0,1,,0.8897173414820474,783,783.0,0.8285714285714286,1,CONTEST,57.78
DSP001082,TXN0232736,M000249,CUS0083723,Visa,MERCHANDISE_NOT_AS_DESCRIBED,Merchandise Not As Described,2025-07-05,465,747,200,2025-07-17,12,contested,won,2025-08-12,3,3,0,0.7156166666666667,1,,,,,,,,,,,,,,,,,,d2c_brand,physical_delivery,medium,0.7897459014402501,51,0,1,,0.6836701585597585,947,947.0,1.0,0,ACCEPT,-629.09
DSP001083,TXN0234202,M000249,CUS0083411,Visa,MERCHANDISE_NOT_AS_DESCRIBED,Merchandise Not As Described,2025-07-09,1649,684,223,2025-07-29,20,contested,won,2025-08-12,3,3,0,0.6040333333333333,2,,,,,,,,,,,,,,,,,,d2c_brand,physical_delivery,medium,0.7897459014402501,51,0,1,,0.5255926667267665,907,907.0,0.5500303214069133,0,ACCEPT,-40.3
DSP001084,TXN0232634,M000249,CUS0083395,Mastercard,CREDIT_NOT_PROCESSED,Credit Not Processed,2025-02-08,1449,0,0,2025-02-27,19,accepted,accepted_refunded,,3,3,0,0.9671166666666666,0,,,,,,,,,,,,,,,,,,d2c_brand,physical_delivery,medium,0.7897459014402501,51,0,1,,0.8574592769659184,0,797.0,0.5500345065562456,1,CONTEST,445.46
DSP001085,TXN0233272,M000249,,RuPay,UNAUTHORIZED_TRANSACTION,Unauthorized Transaction,2025-06-02,1300,630,272,2025-06-22,20,contested,lost,2025-06-22,4,2,2,0.6061166666666666,2,,,,,,,,,,,,,,,,,,d2c_brand,physical_delivery,medium,0.7897459014402501,51,0,1,,0.07007319056654919,902,902.0,0.6938461538461539,0,ACCEPT,-810.9
DSP001086,TXN0234992,M000249,,Visa,UNAUTHORIZED_TRANSACTION,Unauthorized Transaction,2025-03-28,2849,0,0,2025-04-08,11,accepted,accepted_refunded,,4,2,2,0.43324999999999997,3,,,,,,,,,,,,,,,,,,d2c_brand,physical_delivery,medium,0.7897459014402501,51,0,1,,0.05578747628083491,0,797.0,0.27974727974727975,0,ACCEPT,-638.06
DSP001087,TXN0232748,M000249,CUS0083475,Visa,MERCHANDISE_NOT_RECEIVED,Merchandise Not Received,2025-05-14,1200,0,0,2025-05-25,11,accepted,accepted_refunded,,4,4,0,0.9238166666666666,0,,,,,,,,,,,,,,,,,,d2c_brand,physical_delivery,medium,0.7897459014402501,51,0,1,,0.8899247771713867,0,797.0,0.6641666666666667,1,CONTEST,270.91
DSP001088,TXN0232916,M000249,CUS0083930,Visa,DUPLICATE_TRANSACTION,Duplicate Transaction,2025-08-22,2150,733,291,2025-09-11,20,contested,lost,2025-09-05,2,1,1,0.6154333333333333,2,,,,,,,,,,,,,,,,,,d2c_brand,physical_delivery,medium,0.7897459014402501,51,0,1,,0.5355011194220499,1024,1024.0,0.4762790697674419,1,CONTEST,127.33
DSP001089,TXN0237876,M000250,CUS0084452,Visa,MERCHANDISE_NOT_AS_DESCRIBED,Merchandise Not As Described,2025-05-31,10000,704,192,2025-06-20,20,contested,lost,2025-07-14,3,1,2,0.45818333333333333,3,,,,,,,,,,,,,,,,,,travel_booking,booking_service,medium,0.6945717917548357,58,0,0,,0.015384615384615385,896,896.0,0.0896,0,ACCEPT,-742.15
DSP001090,TXN0237726,M000250,CUS0084758,Mastercard,SERVICE_NOT_RENDERED,Service Not Rendered,2025-09-12,4895,625,267,2025-09-29,17,contested,won,2025-10-12,3,2,1,0.5770833333333333,2,,,,,,,,,,,,,,,,,,travel_booking,booking_service,medium,0.6945717917548357,58,0,0,,0.39818766960068086,892,892.0,0.1822267620020429,1,CONTEST,1057.13
DSP001091,TXN0237246,M000250,,RuPay,SERVICE_NOT_RENDERED,Service Not Rendered,2025-12-01,11999,591,259,2025-12-13,12,contested,lost,2025-12-29,3,1,2,0.31198333333333333,4,,,,,,,,,,,,,,,,,,travel_booking,booking_service,medium,0.6945717917548357,58,0,0,,0.015384615384615385,850,850.0,0.07083923660305025,0,ACCEPT,-665.4
DSP001092,TXN0237063,M000250,CUS0084911,Visa,SERVICE_NOT_RENDERED,Service Not Rendered,2025-06-10,5399,0,0,2025-06-18,8,accepted,accepted_refunded,,3,0,3,0.24073333333333333,4,,,,,,,,,,,,,,,,,,travel_booking,booking_service,medium,0.6945717917548357,58,0,0,,0.03225806451612903,0,797.0,0.14761992961659567,0,ACCEPT,-622.84
DSP001093,TXN0237795,M000250,,Visa,SERVICE_NOT_RENDERED,Service Not Rendered,2025-04-29,7800,0,0,2025-05-12,13,accepted,accepted_refunded,,3,2,1,0.6966666666666667,1,,,,,,,,,,,,,,,,,,travel_booking,booking_service,medium,0.6945717917548357,58,0,0,,0.408317569791855,0,797.0,0.10217948717948717,1,CONTEST,2387.88
DSP001094,TXN0235798,M000250,CUS0084453,RuPay,UNAUTHORIZED_TRANSACTION,Unauthorized Transaction,2025-03-12,3749,670,164,2025-04-02,21,contested,lost,2025-04-20,3,3,0,0.7228500000000001,1,,,,,,,,,,,,,,,,,,travel_booking,booking_service,medium,0.6945717917548357,58,0,0,,0.3253318077803204,834,834.0,0.22245932248599626,1,CONTEST,385.67
DSP001095,TXN0237040,M000250,CUS0084647,Mastercard,CREDIT_NOT_PROCESSED,Credit Not Processed,2025-11-15,65500,726,254,2025-11-27,12,contested,won,2025-12-11,4,4,0,0.8482666666666666,0,,,,,,,,,,,,,,,,,,travel_booking,booking_service,medium,0.6945717917548357,58,0,0,,0.8048878483944897,980,980.0,0.014961832061068702,1,CONTEST,51740.15
DSP001096,TXN0235656,M000250,,Visa,MERCHANDISE_NOT_AS_DESCRIBED,Merchandise Not As Described,2026-01-04,8400,433,277,2026-01-22,18,contested,won,2026-01-31,3,3,0,0.5664666666666667,2,,,,,,,,,,,,,,,,,,travel_booking,booking_service,medium,0.6945717917548357,58,0,0,,0.45704678362573103,710,710.0,0.08452380952380953,1,CONTEST,3129.19
DSP001097,TXN0238891,M000251,,Visa,MERCHANDISE_NOT_AS_DESCRIBED,Merchandise Not As Described,2025-07-16,2550,414,260,2025-08-02,17,contested,won,2025-08-29,3,3,0,0.8166666666666668,1,1445.0,credit_card,passed,1.0,DEV421148,0.0419704187428578,3.0,0.0,0.0,delivered,2025-09-21,1.0,2025-09-16 10:56:00,0.0,0.0,0.0,,d2c_brand,physical_delivery,medium,0.8312147758190127,39,0,1,-62.455555555555556,0.7837698359721295,674,674.0,0.2643137254901961,1,CONTEST,1324.61
DSP001098,TXN0239044,M000251,,Visa,MERCHANDISE_NOT_RECEIVED,Merchandise Not Received,2025-09-09,950,746,169,2025-09-25,16,contested,won,2025-10-14,4,4,0,0.90185,0,,,,,,,,,,,,,,,,,,d2c_brand,physical_delivery,medium,0.8312147758190127,39,0,1,,0.8897173414820474,915,915.0,0.9631578947368421,0,ACCEPT,-69.77
DSP001099,TXN0238239,M000251,,RuPay,MERCHANDISE_NOT_AS_DESCRIBED,Merchandise Not As Described,2025-04-28,180,676,242,2025-05-07,9,contested,won,2025-05-15,3,2,1,0.6087666666666667,2,,,,,,,,,,,,,,,,,,d2c_brand,physical_delivery,medium,0.8312147758190127,39,0,1,,0.3892206966692092,918,918.0,1.0,0,ACCEPT,-847.94
DSP001100,TXN0238019,M000251,,Visa,UNAUTHORIZED_TRANSACTION,Unauthorized Transaction,2025-03-25,1549,0,0,2025-04-14,20,accepted,accepted_refunded,,4,4,0,0.9294333333333333,0,3049.0,credit_card,failed,1.0,DEV357811,0.0834399065956091,1.0,0.0,0.0,delivered,2025-12-26,1.0,2025-12-18 10:14:00,0.0,0.0,0.0,,d2c_brand,physical_delivery,medium,0.8312147758190127,39,0,1,-268.4263888888889,0.5550865285385409,0,797.0,0.5145255003227889,1,CONTEST,62.83
DSP001101,TXN0240549,M000251,,Visa,MERCHANDISE_NOT_AS_DESCRIBED,Merchandise Not As Described,2025-10-21,1049,569,204,2025-11-04,14,contested,won,2025-11-14,3,3,0,0.7516166666666666,1,,,,,,,,,,,,,,,,,,d2c_brand,physical_delivery,medium,0.8312147758190127,39,0,1,,0.6907968553923378,773,773.0,0.7368922783603432,0,ACCEPT,-48.35
DSP001102,TXN0239338,M000251,,Mastercard,MERCHANDISE_NOT_RECEIVED,Merchandise Not Received,2025-10-11,4850,0,0,2025-10-23,12,accepted,accepted_refunded,,4,4,0,0.7812166666666668,1,345.0,credit_card,passed,1.0,DEV981469,0.2745196580785307,1.0,0.0,0.0,delivered,2025-11-19,1.0,2025-11-10 04:52:00,0.0,0.0,0.0,,d2c_brand,physical_delivery,medium,0.8312147758190127,39,0,1,-30.20277777777778,0.8160279004882586,0,797.0,0.1643298969072165,1,CONTEST,3160.74
DSP001103,TXN0238758,M000251,CUS0085037,Visa,MERCHANDISE_NOT_AS_DESCRIBED,Merchandise Not As Described,2025-10-17,10300,0,0,2025-11-06,20,accepted,accepted_refunded,,3,3,0,0.9586,0,,,,,,,,,,,,,,,,,,d2c_brand,physical_delivery,medium,0.8312147758190127,39,0,1,,0.7572992477368354,0,797.0,0.07737864077669902,1,CONTEST,7003.18
DSP001104,TXN0242789,M000252,CUS0086797,Mastercard,DUPLICATE_TRANSACTION,Duplicate Transaction,2025-12-21,1895,0,0,2026-01-08,18,accepted,accepted_refunded,,2,1,1,0.7687166666666667,1,,,,,,,,,,,,,,,,,,d2c_brand,physical_delivery,medium,0.8101817536980807,50,0,1,,0.6508021726557196,0,797.0,0.42058047493403694,1,CONTEST,436.27
DSP001105,TXN0241177,M000252,CUS0086596,Visa,DUPLICATE_TRANSACTION,Duplicate Transaction,2025-10-15,1499,483,292,2025-10-28,13,contested,lost,2025-11-09,2,0,2,0.6018333333333333,2,,,,,,,,,,,,,,,,,,d2c_brand,physical_delivery,medium,0.8101817536980807,50,0,1,,0.266325757665296,775,775.0,0.5170113408939293,0,ACCEPT,-375.78
DSP001106,TXN0242099,M000252,CUS0085925,Visa,MERCHANDISE_NOT_AS_DESCRIBED,Merchandise Not As Described,2025-05-28,745,491,169,2025-06-16,19,contested,won,2025-06-21,3,2,1,0.62085,2,,,,,,,,,,,,,,,,,,d2c_brand,physical_delivery,medium,0.8101817536980807,50,0,1,,0.44532306310368985,660,660.0,0.8859060402684564,0,ACCEPT,-328.23
DSP001107,TXN0241897,M000252,CUS0086174,Visa,UNAUTHORIZED_TRANSACTION,Unauthorized Transaction,2025-09-26,490,570,299,2025-10-16,20,contested,lost,2025-10-21,4,4,0,0.6981833333333333,1,,,,,,,,,,,,,,,,,,d2c_brand,physical_delivery,medium,0.8101817536980807,50,0,1,,0.504880740087098,869,869.0,1.0,0,ACCEPT,-621.61
DSP001108,TXN0242005,M000252,,Mastercard,MERCHANDISE_NOT_RECEIVED,Merchandise Not Received,2025-01-11,900,0,0,2025-01-19,8,accepted,accepted_refunded,,4,4,0,0.9341666666666666,0,799.0,upi,not_applicable,1.0,DEV566335,0.3769742091336468,1.0,0.0,0.0,delivered,2025-08-29,1.0,2025-08-22 19:26:00,0.0,0.0,0.0,,d2c_brand,physical_delivery,medium,0.8101817536980807,50,0,1,-223.80972222222223,0.9382683982683983,0,797.0,0.8855555555555555,1,CONTEST,47.44
DSP001109,TXN0242290,M000252,,Visa,UNAUTHORIZED_TRANSACTION,Unauthorized Transaction,2025-03-02,2199,617,231,2025-03-22,20,contested,won,2025-03-31,4,4,0,0.9001666666666667,0,,,,,,,,,,,,,,,,,,d2c_brand,physical_delivery,medium,0.8101817536980807,50,0,1,,0.5323942208462332,848,848.0,0.3856298317417008,1,CONTEST,322.73
DSP001110,TXN0242797,M000252,,Visa,MERCHANDISE_NOT_RECEIVED,Merchandise Not Received,2025-02-16,500,0,0,2025-02-28,12,accepted,accepted_refunded,,4,3,1,0.7310666666666666,1,,,,,,,,,,,,,,,,,,d2c_brand,physical_delivery,medium,0.8101817536980807,50,0,1,,0.6540720919946926,0,797.0,1.0,0,ACCEPT,-469.96
DSP001111,TXN0241603,M000252,CUS0086778,Visa,MERCHANDISE_NOT_RECEIVED,Merchandise Not Received,2025-04-04,3300,0,0,2025-04-12,8,accepted,accepted_refunded,,4,3,1,0.7445666666666666,1,,,,,,,,,,,,,,,,,,d2c_brand,physical_delivery,medium,0.8101817536980807,50,0,1,,0.5822681704260652,0,797.0,0.24151515151515152,1,CONTEST,1124.48
DSP001112,TXN0241165,M000252,CUS0086166,RuPay,UNAUTHORIZED_TRANSACTION,Unauthorized Transaction,2025-08-17,800,0,0,2025-08-25,8,accepted,accepted_refunded,,4,3,1,0.5980333333333333,2,,,,,,,,,,,,,,,,,,d2c_brand,physical_delivery,medium,0.8101817536980807,50,0,1,,0.24593953668452073,0,797.0,0.99625,0,ACCEPT,-600.25
DSP001113,TXN0243152,M000252,CUS0086469,Mastercard,DUPLICATE_TRANSACTION,Duplicate Transaction,2025-05-21,359,750,209,2025-05-30,9,contested,won,2025-06-15,2,1,1,0.6533333333333333,2,,,,,,,,,,,,,,,,,,d2c_brand,physical_delivery,medium,0.8101817536980807,50,0,1,,0.6004198618718742,959,959.0,1.0,0,ACCEPT,-743.45
DSP001114,TXN0242278,M000252,,Visa,CREDIT_NOT_PROCESSED,Credit Not Processed,2025-09-22,1800,440,200,2025-10-13,21,contested,won,2025-11-02,3,3,0,0.7984166666666667,1,,,,,,,,,,,,,,,,,,d2c_brand,physical_delivery,medium,0.8101817536980807,50,0,1,,0.7837698359721295,640,640.0,0.35555555555555557,1,CONTEST,770.79
DSP001115,TXN0245026,M000253,,Mastercard,MERCHANDISE_NOT_AS_DESCRIBED,Merchandise Not As Described,2026-02-20,30500,0,0,2026-03-07,15,accepted,accepted_refunded,,3,1,2,0.33208333333333334,3,,,,,,,,,,,,,,,,,,travel_booking,booking_service,medium,0.5253155529994583,11,0,0,,0.0,0,797.0,0.026131147540983606,0,ACCEPT,-797.0
DSP001116,TXN0244378,M000253,,Visa,UNAUTHORIZED_TRANSACTION,Unauthorized Transaction,2025-08-27,11199,0,0,2025-09-06,10,accepted,accepted_refunded,,3,2,1,0.3351166666666667,3,3799.0,netbanking,not_applicable,1.0,DEV364499,0.2237309217922704,1.0,0.0,0.0,,,,2025-09-18 19:00:00,0.0,0.0,0.0,,travel_booking,booking_service,medium,0.5253155529994583,11,0,0,-22.791666666666668,0.05578747628083491,0,797.0,0.07116706848825788,0,ACCEPT,-172.24
DSP001117,TXN0245022,M000253,,Mastercard,SERVICE_NOT_RENDERED,Service Not Rendered,2025-10-08,4899,556,289,2025-10-18,10,contested,lost,2025-11-09,3,1,2,0.3413333333333333,3,,,,,,,,,,,,,,,,,,travel_booking,booking_service,medium,0.5253155529994583,11,0,0,,0.015384615384615385,845,845.0,0.17248418044498878,0,ACCEPT,-769.63
DSP001118,TXN0245581,M000253,CUS0087098,Mastercard,UNAUTHORIZED_TRANSACTION,Unauthorized Transaction,2025-06-03,3850,489,159,2025-06-14,11,contested,lost,2025-07-06,3,1,2,0.2474166666666667,4,,,,,,,,,,,,,,,,,,travel_booking,booking_service,medium,0.5253155529994583,11,0,0,,0.0,648,648.0,0.1683116883116883,0,ACCEPT,-648.0
DSP001119,TXN0245508,M000253,,Mastercard,CREDIT_NOT_PROCESSED,Credit Not Processed,2025-03-17,7295,504,167,2025-04-01,15,contested,lost,2025-04-24,4,2,2,0.23701666666666665,4,,,,,,,,,,,,,,,,,,travel_booking,booking_service,medium,0.5253155529994583,11,0,0,,0.0,671,671.0,0.09198080877313228,0,ACCEPT,-671.0
DSP001120,TXN0245395,M000253,CUS0087516,Mastercard,SERVICE_NOT_RENDERED,Service Not Rendered,2025-02-28,18699,654,237,2025-03-20,20,contested,lost,2025-03-21,3,0,3,0.2720666666666667,4,,,,,,,,,,,,,,,,,,travel_booking,booking_service,medium,0.5253155529994583,11,0,0,,0.0,891,891.0,0.04764960693085192,0,ACCEPT,-891.0
DSP001121,TXN0245645,M000253,CUS0086920,RuPay,SERVICE_NOT_RENDERED,Service Not Rendered,2025-08-09,4850,506,178,2025-08-25,16,contested,won,2025-08-30,3,2,1,0.41934999999999995,3,,,,,,,,,,,,,,,,,,travel_booking,booking_service,medium,0.5253155529994583,11,0,0,,0.2591869000564653,684,684.0,0.14103092783505156,1,CONTEST,573.06
DSP001122,TXN0247108,M000254,CUS0087928,Visa,CREDIT_NOT_PROCESSED,Credit Not Processed,2025-08-05,999,616,257,2025-08-19,14,contested,lost,2025-08-21,4,1,3,0.43753333333333333,3,,,,,,,,,,,,,,,,,,subscription_edtech,digital_service,medium,0.6320369310685984,46,1,0,,0.0,873,873.0,0.8738738738738738,0,ACCEPT,-873.0
DSP001123,TXN0247655,M000254,CUS0088146,Mastercard,DUPLICATE_TRANSACTION,Duplicate Transaction,2025-10-17,1499,698,268,2025-11-04,18,contested,won,2025-11-26,2,2,0,0.5158666666666667,2,,,,,,,,,,,,,,,,,,subscription_edtech,digital_service,medium,0.6320369310685984,46,1,0,,0.5777275541795666,966,966.0,0.6444296197464977,0,ACCEPT,-99.99
DSP001124,TXN0246195,M000254,,Visa,CREDIT_NOT_PROCESSED,Credit Not Processed,2025-08-03,999,418,169,2025-08-23,20,contested,won,2025-09-01,4,3,1,0.739,1,24999.0,debit_card,passed,1.0,,0.2274053842540206,1.0,0.0,0.0,,,,2025-02-02 11:26:00,0.0,0.0,0.0,,subscription_edtech,digital_service,medium,0.6320369310685984,46,1,0,181.5236111111111,0.6604694896634375,587,587.0,0.5875875875875876,1,CONTEST,72.81
DSP001125,TXN0246153,M000254,,Mastercard,RECURRING_BILLING_DISPUTE,Recurring Billing Dispute,2025-07-25,1499,0,0,2025-08-07,13,accepted,accepted_refunded,,5,3,2,0.60045,2,24999.0,upi,not_applicable,1.0,DEV806517,0.1708292712706793,1.0,0.0,0.0,,,,2025-07-13 17:58:00,0.0,0.0,0.0,,subscription_edtech,digital_service,medium,0.6320369310685984,46,1,0,11.251388888888888,0.2277922077922078,0,797.0,0.5316877918612408,0,ACCEPT,-455.54
DSP001126,TXN0247606,M000254,CUS0088206,Visa,CREDIT_NOT_PROCESSED,Credit Not Processed,2025-09-15,999,504,185,2025-10-05,20,contested,lost,2025-10-08,4,2,2,0.5257333333333333,2,,,,,,,,,,,,,,,,,,subscription_edtech,digital_service,medium,0.6320369310685984,46,1,0,,0.05578747628083491,689,689.0,0.6896896896896897,0,ACCEPT,-633.27
DSP001127,TXN0247394,M000254,CUS0088043,Visa,SERVICE_NOT_RENDERED,Service Not Rendered,2025-09-26,999,0,0,2025-10-11,15,accepted,accepted_refunded,,4,3,1,0.6605166666666666,1,,,,,,,,,,,,,,,,,,subscription_edtech,digital_service,medium,0.6320369310685984,46,1,0,,0.54910407239819,0,797.0,0.7977977977977978,0,ACCEPT,-248.45
DSP001128,TXN0247181,M000254,CUS0088364,Mastercard,CREDIT_NOT_PROCESSED,Credit Not Processed,2025-06-14,999,728,227,2025-07-02,18,contested,won,2025-07-08,4,4,0,0.8253666666666667,0,,,,,,,,,,,,,,,,,,subscription_edtech,digital_service,medium,0.6320369310685984,46,1,0,,0.9317769653311047,955,955.0,0.955955955955956,0,ACCEPT,-24.15
DSP001129,TXN0247770,M000254,,Mastercard,RECURRING_BILLING_DISPUTE,Recurring Billing Dispute,2026-01-13,999,0,0,2026-02-03,21,accepted,accepted_refunded,,5,3,2,0.5491166666666666,2,,,,,,,,,,,,,,,,,,subscription_edtech,digital_service,medium,0.6320369310685984,46,1,0,,0.10643682693018557,0,797.0,0.7977977977977978,0,ACCEPT,-690.67
DSP001130,TXN0247867,M000254,,Mastercard,RECURRING_BILLING_DISPUTE,Recurring Billing Dispute,2025-09-30,24999,0,0,2025-10-12,12,accepted,accepted_refunded,,5,4,1,0.6512833333333333,1,,,,,,,,,,,,,,,,,,subscription_edtech,digital_service,medium,0.6320369310685984,46,1,0,,0.5177805469183959,0,797.0,0.03188127525101004,1,CONTEST,12147.0
DSP001131,TXN0246189,M000254,CUS0088386,Mastercard,CREDIT_NOT_PROCESSED,Credit Not Processed,2025-10-22,999,0,0,2025-10-31,9,accepted,accepted_refunded,,4,3,1,0.5296833333333334,2,,,,,,,,,,,,,,,,,,subscription_edtech,digital_service,medium,0.6320369310685984,46,1,0,,0.314901185770751,0,797.0,0.7977977977977978,0,ACCEPT,-482.41
DSP001132,TXN0246800,M000254,CUS0087895,Mastercard,SERVICE_NOT_RENDERED,Service Not Rendered,2026-01-06,999,0,0,2026-01-15,9,accepted,accepted_refunded,,4,3,1,0.5296166666666666,2,,,,,,,,,,,,,,,,,,subscription_edtech,digital_service,medium,0.6320369310685984,46,1,0,,0.45256965944272454,0,797.0,0.7977977977977978,0,ACCEPT,-344.88
DSP001133,TXN0246274,M000254,,Mastercard,SERVICE_NOT_RENDERED,Service Not Rendered,2026-01-01,999,0,0,2026-01-14,13,accepted,accepted_refunded,,4,4,0,0.8876833333333334,0,999.0,upi,not_applicable,0.0,DEV811482,0.4544709191775887,1.0,0.0,0.0,,,,2025-06-04 17:37:00,0.0,0.0,0.0,,subscription_edtech,digital_service,medium,0.6320369310685984,46,1,0,210.26597222222222,0.9347389865036924,0,797.0,0.7977977977977978,1,CONTEST,136.8
DSP001134,TXN0246392,M000254,CUS0088303,Mastercard,RECURRING_BILLING_DISPUTE,Recurring Billing Dispute,2025-08-08,999,423,246,2025-08-29,21,contested,won,2025-09-03,5,4,1,0.6567833333333333,1,,,,,,,,,,,,,,,,,,subscription_edtech,digital_service,medium,0.6320369310685984,46,1,0,,0.6167523989000634,669,669.0,0.6696696696696697,0,ACCEPT,-52.86
DSP001135,TXN0250391,M000255,CUS0089508,Mastercard,RECURRING_BILLING_DISPUTE,Recurring Billing Dispute,2025-08-23,799,743,231,2025-09-10,18,contested,won,2025-09-15,5,5,0,0.9432999999999999,0,,,,,,,,,,,,,,,,,,saas_tools,digital_service,medium,0.8341393522990214,83,1,0,,0.9671468124774002,974,974.0,1.0,0,ACCEPT,-201.25
DSP001136,TXN0248800,M000255,,Visa,UNAUTHORIZED_TRANSACTION,Unauthorized Transaction,2025-05-17,799,677,275,2025-05-27,10,contested,won,2025-06-21,4,4,0,0.8720500000000001,0,799.0,upi,not_applicable,1.0,DEV197870,0.1291010036627894,1.0,0.0,0.0,,,,2025-06-26 02:46:00,0.0,0.0,0.0,,saas_tools,digital_service,medium,0.8341393522990214,83,1,0,-40.11527777777778,0.6204748069268193,952,952.0,1.0,0,ACCEPT,-456.24
DSP001137,TXN0250593,M000255,,Mastercard,DUPLICATE_TRANSACTION,Duplicate Transaction,2025-04-23,799,742,250,2025-05-06,13,contested,won,2025-05-28,2,2,0,0.94525,0,,,,,,,,,,,,,,,,,,saas_tools,digital_service,medium,0.8341393522990214,83,1,0,,0.9349519385592308,992,992.0,1.0,0,ACCEPT,-244.97
DSP001138,TXN0250075,M000255,CUS0089296,Mastercard,UNAUTHORIZED_TRANSACTION,Unauthorized Transaction,2026-03-04,2999,454,246,2026-03-18,14,contested,lost,2026-04-11,4,3,1,0.7760333333333334,1,,,,,,,,,,,,,,,,,,saas_tools,digital_service,medium,0.8341393522990214,83,1,0,,0.36560630454780607,700,700.0,0.2334111370456819,1,CONTEST,396.45
DSP001139,TXN0248620,M000255,,Visa,CREDIT_NOT_PROCESSED,Credit Not Processed,2025-07-21,2999,432,245,2025-08-03,13,contested,won,2025-08-07,4,4,0,0.7459666666666668,1,,,,,,,,,,,,,,,,,,saas_tools,digital_service,medium,0.8341393522990214,83,1,0,,0.8897173414820474,677,677.0,0.2257419139713238,1,CONTEST,1991.26
DSP001140,TXN0249860,M000255,CUS0089699,Visa,RECURRING_BILLING_DISPUTE,Recurring Billing Dispute,2025-05-05,1499,509,215,2025-05-18,13,contested,won,2025-06-02,5,5,0,0.9199666666666667,0,,,,,,,,,,,,,,,,,,saas_tools,digital_service,medium,0.8341393522990214,83,1,0,,0.9797915339429638,724,724.0,0.4829886591060707,1,CONTEST,744.71
DSP001141,TXN0249417,M000255,CUS0088766,Visa,RECURRING_BILLING_DISPUTE,Recurring Billing Dispute,2026-03-05,1499,704,261,2026-03-18,13,contested,won,2026-03-23,5,5,0,0.9398333333333334,0,,,,,,,,,,,,,,,,,,saas_tools,digital_service,medium,0.8341393522990214,83,1,0,,0.967878787878788,965,965.0,0.6437625083388926,1,CONTEST,485.85
DSP001142,TXN0249383,M000255,CUS0089014,Visa,RECURRING_BILLING_DISPUTE,Recurring Billing Dispute,2025-07-21,799,0,0,2025-07-31,10,accepted,accepted_refunded,,5,4,1,0.79235,1,,,,,,,,,,,,,,,,,,saas_tools,digital_service,medium,0.8341393522990214,83,1,0,,0.8756410951477365,0,797.0,0.9974968710888611,0,ACCEPT,-97.36
DSP001143,TXN0250986,M000255,CUS0089466,Visa,RECURRING_BILLING_DISPUTE,Recurring Billing Dispute,2025-12-06,799,0,0,2025-12-27,21,accepted,accepted_refunded,,5,5,0,0.9676333333333332,0,,,,,,,,,,,,,,,,,,saas_tools,digital_service,medium,0.8341393522990214,83,1,0,,0.9529208046855107,0,797.0,0.9974968710888611,0,ACCEPT,-35.62
DSP001144,TXN0248693,M000255,CUS0088817,Visa,CREDIT_NOT_PROCESSED,Credit Not Processed,2025-08-23,799,0,0,2025-09-06,14,accepted,accepted_refunded,,4,4,0,0.8821666666666667,0,,,,,,,,,,,,,,,,,,saas_tools,digital_service,medium,0.8341393522990214,83,1,0,,0.9347389865036924,0,797.0,0.9974968710888611,0,ACCEPT,-50.14
DSP001145,TXN0250435,M000255,CUS0089497,Visa,RECURRING_BILLING_DISPUTE,Recurring Billing Dispute,2025-07-15,799,0,0,2025-07-22,7,accepted,accepted_refunded,,5,5,0,0.7880833333333334,1,,,,,,,,,,,,,,,,,,saas_tools,digital_service,medium,0.8341393522990214,83,1,0,,0.9347389865036924,0,797.0,0.9974968710888611,0,ACCEPT,-50.14
DSP001146,TXN0250931,M000255,,RuPay,CREDIT_NOT_PROCESSED,Credit Not Processed,2026-01-09,1499,547,174,2026-01-22,13,contested,won,2026-02-14,4,4,0,0.8966666666666666,0,,,,,,,,,,,,,,,,,,saas_tools,digital_service,medium,0.8341393522990214,83,1,0,,0.9529208046855107,721,721.0,0.4809873248832555,1,CONTEST,707.43
DSP001147,TXN0250573,M000255,,RuPay,SERVICE_NOT_RENDERED,Service Not Rendered,2025-11-08,799,718,248,2025-11-19,11,contested,won,2025-11-22,4,4,0,0.7792,1,,,,,,,,,,,,,,,,,,saas_tools,digital_service,medium,0.8341393522990214,83,1,0,,0.9347389865036924,966,966.0,1.0,0,ACCEPT,-219.14
DSP001148,TXN0250296,M000255,CUS0089108,Visa,RECURRING_BILLING_DISPUTE,Recurring Billing Dispute,2026-02-03,2999,0,0,2026-02-20,17,accepted,accepted_refunded,,5,3,2,0.6440333333333333,2,,,,,,,,,,,,,,,,,,saas_tools,digital_service,medium,0.8341393522990214,83,1,0,,0.417046783625731,0,797.0,0.2657552517505835,1,CONTEST,453.72
DSP001149,TXN0252922,M000256,CUS0089851,RuPay,UNAUTHORIZED_TRANSACTION,Unauthorized Transaction,2025-05-05,2999,0,0,2025-05-14,9,accepted,accepted_refunded,,4,3,1,0.46044999999999997,3,,,,,,,,,,,,,,,,,,subscription_edtech,digital_service,medium,0.6224554277681487,102,1,0,,0.14376198788972192,0,797.0,0.2657552517505835,0,ACCEPT,-365.86
DSP001150,TXN0252222,M000256,CUS0090109,Visa,UNAUTHORIZED_TRANSACTION,Unauthorized Transaction,2025-09-24,14999,0,0,2025-10-01,7,accepted,accepted_refunded,,4,1,3,0.16333333333333333,5,,,,,,,,,,,,,,,,,,subscription_edtech,digital_service,medium,0.6224554277681487,102,1,0,,0.0,0,797.0,0.05313687579171945,0,ACCEPT,-797.0
DSP001151,TXN0252180,M000256,,Visa,UNAUTHORIZED_TRANSACTION,Unauthorized Transaction,2025-04-05,14999,674,254,2025-04-24,19,contested,lost,2025-05-04,4,3,1,0.6255833333333333,2,14999.0,upi,not_applicable,1.0,DEV783115,0.3684299503124444,1.0,0.0,0.0,,,,2025-01-17 23:47:00,0.0,0.0,0.0,,subscription_edtech,digital_service,medium,0.6224554277681487,102,1,0,77.00902777777777,0.25004329004329007,928,928.0,0.06187079138609241,1,CONTEST,2822.4
DSP001152,TXN0253894,M000256,,Visa,UNAUTHORIZED_TRANSACTION,Unauthorized Transaction,2025-09-29,2999,0,0,2025-10-16,17,accepted,accepted_refunded,,4,2,2,0.49,3,,,,,,,,,,,,,,,,,,subscription_edtech,digital_service,medium,0.6224554277681487,102,1,0,,0.008496797159714926,0,797.0,0.2657552517505835,0,ACCEPT,-771.52
DSP001153,TXN0252163,M000256,,Visa,RECURRING_BILLING_DISPUTE,Recurring Billing Dispute,2025-10-27,14999,0,0,2025-11-08,12,accepted,accepted_refunded,,5,4,1,0.6936,1,,,,,,,,,,,,,,,,,,subscription_edtech,digital_service,medium,0.6224554277681487,102,1,0,,0.5852151835093011,0,797.0,0.05313687579171945,1,CONTEST,7980.64
DSP001154,TXN0252681,M000256,CUS0090475,RuPay,CREDIT_NOT_PROCESSED,Credit Not Processed,2026-01-03,24999,714,159,2026-01-17,14,contested,lost,2026-02-05,4,1,3,0.3927,3,,,,,,,,,,,,,,,,,,subscription_edtech,digital_service,medium,0.6224554277681487,102,1,0,,0.0,873,873.0,0.03492139685587423,0,ACCEPT,-873.0
DSP001155,TXN0253490,M000256,CUS0090611,Mastercard,RECURRING_BILLING_DISPUTE,Recurring Billing Dispute,2025-05-03,2999,504,297,2025-05-20,17,contested,lost,2025-06-16,5,3,2,0.3349666666666667,3,,,,,,,,,,,,,,,,,,subscription_edtech,digital_service,medium,0.6224554277681487,102,1,0,,0.0,801,801.0,0.26708902967655884,0,ACCEPT,-801.0
DSP001156,TXN0251294,M000256,CUS0090320,Visa,RECURRING_BILLING_DISPUTE,Recurring Billing Dispute,2025-04-19,2999,420,276,2025-05-08,19,contested,won,2025-05-14,5,4,1,0.7309666666666667,1,,,,,,,,,,,,,,,,,,subscription_edtech,digital_service,medium,0.6224554277681487,102,1,0,,0.680959959768159,696,696.0,0.23207735911970656,1,CONTEST,1346.2
DSP001157,TXN0251871,M000256,,Visa,RECURRING_BILLING_DISPUTE,Recurring Billing Dispute,2025-06-21,2999,594,209,2025-07-09,18,contested,won,2025-07-18,5,4,1,0.7145666666666667,1,14999.0,debit_card,passed,1.0,,0.4575807160541167,1.0,0.0,0.0,,,,2025-02-21 10:04:00,0.0,0.0,0.0,,subscription_edtech,digital_service,medium,0.6224554277681487,102,1,0,119.58055555555555,0.7546325810701687,803,803.0,0.2677559186395465,1,CONTEST,1460.14
DSP001158,TXN0252957,M000256,CUS0089994,RuPay,CREDIT_NOT_PROCESSED,Credit Not Processed,2025-10-18,2999,595,273,2025-11-07,20,contested,won,2025-11-16,4,3,1,0.5593666666666667,2,,,,,,,,,,,,,,,,,,subscription_edtech,digital_service,medium,0.6224554277681487,102,1,0,,0.4099640717628989,868,868.0,0.2894298099366455,1,CONTEST,361.48
DSP001159,TXN0254800,M000257,,Visa,DUPLICATE_TRANSACTION,Duplicate Transaction,2025-05-11,8399,0,0,2025-05-28,17,accepted,accepted_refunded,,2,2,0,0.5974,2,14399.0,netbanking,not_applicable,1.0,,0.2579199581694171,2.0,0.0,1.0,,,,2025-01-02 04:50:00,0.0,0.0,0.0,,travel_booking,booking_service,medium,0.6152183513357321,113,0,0,128.79861111111111,0.5625228758169935,0,797.0,0.0948922490772711,1,CONTEST,3927.63
DSP001160,TXN0254423,M000257,CUS0091530,RuPay,UNAUTHORIZED_TRANSACTION,Unauthorized Transaction,2025-12-04,21995,0,0,2025-12-17,13,accepted,accepted_refunded,,3,2,1,0.7892333333333333,1,,,,,,,,,,,,,,,,,,travel_booking,booking_service,medium,0.6152183513357321,113,0,0,,0.24337662337662339,0,797.0,0.03623550807001591,1,CONTEST,4556.07
DSP001161,TXN0254879,M000257,CUS0091469,Mastercard,CREDIT_NOT_PROCESSED,Credit Not Processed,2025-08-05,10900,0,0,2025-08-22,17,accepted,accepted_refunded,,4,2,2,0.4321333333333333,3,,,,,,,,,,,,,,,,,,travel_booking,booking_service,medium,0.6152183513357321,113,0,0,,0.023529411764705882,0,797.0,0.07311926605504587,0,ACCEPT,-540.53
DSP001162,TXN0255341,M000257,CUS0091280,RuPay,SERVICE_NOT_RENDERED,Service Not Rendered,2025-11-04,6699,0,0,2025-11-23,19,accepted,accepted_refunded,,3,2,1,0.7039333333333334,1,,,,,,,,,,,,,,,,,,travel_booking,booking_service,medium,0.6152183513357321,113,0,0,,0.3566666666666667,0,797.0,0.11897298104194656,1,CONTEST,1592.31
DSP001163,TXN0255195,M000257,,Visa,SERVICE_NOT_RENDERED,Service Not Rendered,2025-04-23,25495,0,0,2025-04-30,7,accepted,accepted_refunded,,3,2,1,0.5666,2,3845.0,credit_card,passed,1.0,DEV452793,0.2201311145222921,1.0,1.0,0.0,,,,2025-07-04 17:11:00,0.0,0.0,0.0,,travel_booking,booking_service,medium,0.6152183513357321,113,0,0,-72.71597222222222,0.265853566723132,0,797.0,0.03126103157481859,1,CONTEST,5980.94
DSP001164,TXN0255327,M000257,,Mastercard,CREDIT_NOT_PROCESSED,Credit Not Processed,2025-11-25,7600,0,0,2025-12-07,12,accepted,accepted_refunded,,4,2,2,0.47026666666666667,2,15699.0,credit_card,passed,1.0,DEV958292,0.184520550732526,3.0,0.0,0.0,,,,2025-10-04 07:54:00,0.0,0.0,0.0,,travel_booking,booking_service,medium,0.6152183513357321,113,0,0,51.670833333333334,0.05374906241830818,0,797.0,0.10486842105263158,0,ACCEPT,-388.51
DSP001165,TXN0255332,M000257,CUS0091388,Visa,DUPLICATE_TRANSACTION,Duplicate Transaction,2026-02-05,24000,697,232,2026-02-20,15,contested,won,2026-03-04,2,2,0,0.56515,2,,,,,,,,,,,,,,,,,,travel_booking,booking_service,medium,0.6152183513357321,113,0,0,,0.502,929,929.0,0.03870833333333333,1,CONTEST,11119.0
DSP001166,TXN0256139,M000257,CUS0091056,Visa,SERVICE_NOT_RENDERED,Service Not Rendered,2025-07-08,5099,0,0,2025-07-19,11,accepted,accepted_refunded,,3,2,1,0.5269166666666667,2,,,,,,,,,,,,,,,,,,travel_booking,booking_service,medium,0.6152183513357321,113,0,0,,0.2591869000564653,0,797.0,0.15630515787409296,1,CONTEST,524.59
DSP001167,TXN0255210,M000257,,Mastercard,MERCHANDISE_NOT_AS_DESCRIBED,Merchandise Not As Described,2025-12-25,16099,527,225,2026-01-04,10,contested,won,2026-01-25,3,2,1,0.6178,1,1999.0,upi,not_applicable,1.0,DEV804096,0.3154450450011846,1.0,0.0,0.0,,,,2025-01-02 12:21:00,0.0,0.0,0.0,,travel_booking,booking_service,medium,0.6152183513357321,113,0,0,356.48541666666665,0.2528237746485934,752,752.0,0.04671097583700851,1,CONTEST,3318.21
DSP001168,TXN0254964,M000257,,Mastercard,UNAUTHORIZED_TRANSACTION,Unauthorized Transaction,2025-09-20,6700,0,0,2025-09-30,10,accepted,accepted_refunded,,3,2,1,0.6098166666666667,2,11599.0,credit_card,passed,1.0,DEV639549,0.2470025157885519,1.0,0.0,0.0,,,,2025-05-03 19:38:00,0.0,0.0,0.0,,travel_booking,booking_service,medium,0.6152183513357321,113,0,0,139.18194444444444,0.11297329858888552,0,797.0,0.11895522388059701,0,ACCEPT,-40.08
DSP001169,TXN0254996,M000257,,Visa,MERCHANDISE_NOT_AS_DESCRIBED,Merchandise Not As Described,2025-06-04,5295,511,173,2025-06-22,18,contested,lost,2025-06-19,3,2,1,0.5308833333333333,2,14095.0,credit_card,passed,1.0,DEV766612,0.1862694732419912,2.0,0.0,0.0,,,,2025-05-02 21:06:00,0.0,0.0,0.0,,travel_booking,booking_service,medium,0.6152183513357321,113,0,0,32.12083333333333,0.2031326253067663,684,684.0,0.12917847025495752,1,CONTEST,391.59
DSP001170,TXN0255898,M000257,CUS0091271,Visa,MERCHANDISE_NOT_AS_DESCRIBED,Merchandise Not As Described,2025-05-21,25500,503,251,2025-06-07,17,contested,lost,2025-06-26,3,2,1,0.7399666666666667,1,,,,,,,,,,,,,,,,,,travel_booking,booking_service,medium,0.6152183513357321,113,0,0,,0.2873447947933074,754,754.0,0.029568627450980392,1,CONTEST,6573.29
DSP001171,TXN0258057,M000258,CUS0091639,Visa,SERVICE_NOT_RENDERED,Service Not Rendered,2025-12-02,999,0,0,2025-12-19,17,accepted,accepted_refunded,,4,4,0,0.7132666666666667,1,,,,,,,,,,,,,,,,,,subscription_edtech,digital_service,medium,0.6971542650309446,108,1,0,,0.9206627401693815,0,797.0,0.7977977977977978,1,CONTEST,122.74
DSP001172,TXN0256833,M000258,,Mastercard,RECURRING_BILLING_DISPUTE,Recurring Billing Dispute,2025-02-20,999,658,246,2025-03-13,21,contested,lost,2025-03-27,5,5,0,0.74805,1,,,,,,,,,,,,,,,,,,subscription_edtech,digital_service,medium,0.6971542650309446,108,1,0,,0.8686085992980448,904,904.0,0.9049049049049049,0,ACCEPT,-36.26
DSP001173,TXN0259149,M000258,,Visa,RECURRING_BILLING_DISPUTE,Recurring Billing Dispute,2025-01-06,24999,0,0,2025-01-21,15,accepted,accepted_refunded,,5,3,2,0.41006666666666663,3,,,,,,,,,,,,,,,,,,subscription_edtech,digital_service,medium,0.6971542650309446,108,1,0,,0.07007319056654919,0,797.0,0.03188127525101004,1,CONTEST,954.76
DSP001174,TXN0257345,M000258,CUS0091874,Visa,RECURRING_BILLING_DISPUTE,Recurring Billing Dispute,2025-11-15,999,0,0,2025-12-02,17,accepted,accepted_refunded,,5,5,0,0.8553333333333333,0,,,,,,,,,,,,,,,,,,subscription_edtech,digital_service,medium,0.6971542650309446,108,1,0,,0.9347389865036924,0,797.0,0.7977977977977978,1,CONTEST,136.8
DSP001175,TXN0259237,M000258,CUS0091671,Mastercard,RECURRING_BILLING_DISPUTE,Recurring Billing Dispute,2025-10-10,1499,612,176,2025-10-29,19,contested,won,2025-11-19,5,5,0,0.8891166666666667,0,,,,,,,,,,,,,,,,,,subscription_edtech,digital_service,medium,0.6971542650309446,108,1,0,,0.9347389865036924,788,788.0,0.5256837891927952,1,CONTEST,613.17
DSP001176,TXN0256607,M000258,,Visa,RECURRING_BILLING_DISPUTE,Recurring Billing Dispute,2025-07-03,24999,484,210,2025-07-19,16,contested,lost,2025-07-19,5,5,0,0.8992666666666667,0,,,,,,,,,,,,,,,,,,subscription_edtech,digital_service,medium,0.6971542650309446,108,1,0,,0.9347389865036924,694,694.0,0.027761110444417775,1,CONTEST,22673.54
DSP001177,TXN0259198,M000258,CUS0091914,Mastercard,MERCHANDISE_NOT_AS_DESCRIBED,Merchandise Not As Described,2025-09-21,999,0,0,2025-10-12,21,accepted,accepted_refunded,,4,3,1,0.5192,2,,,,,,,,,,,,,,,,,,subscription_edtech,digital_service,medium,0.6971542650309446,108,1,0,,0.40315789473684216,0,797.0,0.7977977977977978,0,ACCEPT,-394.25
DSP001178,TXN0257337,M000258,,Visa,SERVICE_NOT_RENDERED,Service Not Rendered,2025-12-12,999,482,218,2025-12-26,14,contested,won,2025-12-30,4,4,0,0.7829,1,999.0,credit_card,passed,1.0,DEV460742,0.2022050816943029,1.0,0.0,0.0,,,,2025-01-08 18:32:00,0.0,0.0,0.0,,subscription_edtech,digital_service,medium,0.6971542650309446,108,1,0,337.22777777777776,0.9382683982683983,700,700.0,0.7007007007007007,1,CONTEST,237.33
DSP001179,TXN0259120,M000258,,Visa,RECURRING_BILLING_DISPUTE,Recurring Billing Dispute,2025-05-22,999,0,0,2025-06-07,16,accepted,accepted_refunded,,5,5,0,0.8690333333333333,0,,,,,,,,,,,,,,,,,,subscription_edtech,digital_service,medium,0.6971542650309446,108,1,0,,0.9347389865036924,0,797.0,0.7977977977977978,1,CONTEST,136.8
DSP001180,TXN0257169,M000258,CUS0092244,RuPay,SERVICE_NOT_RENDERED,Service Not Rendered,2025-04-25,1499,511,215,2025-05-05,10,contested,won,2025-05-09,4,4,0,0.8796166666666667,0,,,,,,,,,,,,,,,,,,subscription_edtech,digital_service,medium,0.6971542650309446,108,1,0,,0.9347389865036924,726,726.0,0.48432288192128087,1,CONTEST,675.17
DSP001181,TXN0258079,M000258,CUS0092562,Mastercard,SERVICE_NOT_RENDERED,Service Not Rendered,2025-10-12,1499,440,218,2025-10-21,9,contested,won,2025-11-06,4,4,0,0.8753166666666666,0,,,,,,,,,,,,,,,,,,subscription_edtech,digital_service,medium,0.6971542650309446,108,1,0,,0.9347389865036924,658,658.0,0.4389593062041361,1,CONTEST,743.17
DSP001182,TXN0257034,M000258,,Visa,CREDIT_NOT_PROCESSED,Credit Not Processed,2025-05-02,999,684,178,2025-05-16,14,contested,lost,2025-05-23,4,1,3,0.4011833333333334,3,,,,,,,,,,,,,,,,,,subscription_edtech,digital_service,medium,0.6971542650309446,108,1,0,,0.015384615384615385,862,862.0,0.8628628628628628,0,ACCEPT,-846.63
DSP001183,TXN0257503,M000258,,Visa,CREDIT_NOT_PROCESSED,Credit Not Processed,2025-04-15,999,0,0,2025-04-30,15,accepted,accepted_refunded,,4,2,2,0.47755,3,999.0,upi,not_applicable,1.0,DEV828730,0.3843277855164032,1.0,0.0,0.0,,,,2025-01-22 08:33:00,0.0,0.0,0.0,,subscription_edtech,digital_service,medium,0.6971542650309446,108,1,0,82.64375,0.05578747628083491,0,797.0,0.7977977977977978,0,ACCEPT,-741.27
DSP001184,TXN0257973,M000258,CUS0091861,Visa,UNAUTHORIZED_TRANSACTION,Unauthorized Transaction,2025-05-13,24999,457,189,2025-05-31,18,contested,won,2025-06-02,4,4,0,0.9078833333333334,0,,,,,,,,,,,,,,,,,,subscription_edtech,digital_service,medium,0.6971542650309446,108,1,0,,0.5323942208462332,646,646.0,0.025841033641345653,1,CONTEST,12663.32
DSP001185,TXN0258955,M000258,,Mastercard,SERVICE_NOT_RENDERED,Service Not Rendered,2025-12-07,1499,627,185,2025-12-28,21,contested,won,2025-12-23,4,3,1,0.6466500000000001,2,,,,,,,,,,,,,,,,,,subscription_edtech,digital_service,medium,0.6971542650309446,108,1,0,,0.5874666846143491,812,812.0,0.5416944629753169,1,CONTEST,68.61
DSP001186,TXN0257660,M000258,CUS0092022,Visa,RECURRING_BILLING_DISPUTE,Recurring Billing Dispute,2025-04-01,999,0,0,2025-04-11,10,accepted,accepted_refunded,,5,3,2,0.49,3,,,,,,,,,,,,,,,,,,subscription_edtech,digital_service,medium,0.6971542650309446,108,1,0,,0.07007319056654919,0,797.0,0.7977977977977978,0,ACCEPT,-727.0
DSP001187,TXN0257688,M000258,,Visa,SERVICE_NOT_RENDERED,Service Not Rendered,2025-09-19,999,529,164,2025-09-28,9,contested,won,2025-10-03,4,4,0,0.702,1,,,,,,,,,,,,,,,,,,subscription_edtech,digital_service,medium,0.6971542650309446,108,1,0,,0.9206627401693815,693,693.0,0.6936936936936937,1,CONTEST,226.74
DSP001188,TXN0257638,M000258,CUS0091946,Visa,RECURRING_BILLING_DISPUTE,Recurring Billing Dispute,2025-04-05,999,510,200,2025-04-15,10,contested,won,2025-05-18,5,5,0,0.6736666666666666,1,,,,,,,,,,,,,,,,,,subscription_edtech,digital_service,medium,0.6971542650309446,108,1,0,,0.8821675579322639,710,710.0,0.7107107107107107,1,CONTEST,171.29
DSP001189,TXN0258859,M000258,,Mastercard,RECURRING_BILLING_DISPUTE,Recurring Billing Dispute,2025-07-24,1499,419,278,2025-08-09,16,contested,won,2025-08-16,5,5,0,0.7311,1,,,,,,,,,,,,,,,,,,subscription_edtech,digital_service,medium,0.6971542650309446,108,1,0,,0.9347389865036924,697,697.0,0.46497665110073383,1,CONTEST,704.17
DSP001190,TXN0261881,M000259,,Visa,UNAUTHORIZED_TRANSACTION,Unauthorized Transaction,2025-06-30,3550,0,0,2025-07-21,21,accepted,accepted_refunded,,4,4,0,0.6255833333333333,2,,,,,,,,,,,,,,,,,,d2c_brand,physical_delivery,medium,0.7845468068544125,26,0,1,,0.3892206966692092,0,797.0,0.22450704225352114,1,CONTEST,584.73
DSP001191,TXN0261894,M000259,CUS0092943,Visa,MERCHANDISE_NOT_AS_DESCRIBED,Merchandise Not As Described,2025-08-30,900,537,204,2025-09-15,16,contested,won,2025-09-21,3,3,0,0.7314333333333334,1,,,,,,,,,,,,,,,,,,d2c_brand,physical_delivery,medium,0.7845468068544125,26,0,1,,0.7042583938538762,741,741.0,0.8233333333333334,0,ACCEPT,-107.17
DSP001192,TXN0259348,M000259,,RuPay,CREDIT_NOT_PROCESSED,Credit Not Processed,2025-11-16,3599,471,189,2025-11-24,8,contested,won,2025-12-04,3,2,1,0.7813333333333333,1,,,,,,,,,,,,,,,,,,d2c_brand,physical_delivery,medium,0.7845468068544125,26,0,1,,0.5464752567693745,660,660.0,0.18338427340928035,1,CONTEST,1306.76
DSP001193,TXN0259402,M000259,CUS0092769,Visa,MERCHANDISE_NOT_AS_DESCRIBED,Merchandise Not As Described,2025-12-16,499,0,0,2026-01-02,17,accepted,accepted_refunded,,3,1,2,0.6148333333333333,2,,,,,,,,,,,,,,,,,,d2c_brand,physical_delivery,medium,0.7845468068544125,26,0,1,,0.17670995670995668,0,797.0,1.0,0,ACCEPT,-708.82
DSP001194,TXN0259504,M000259,CUS0092682,Visa,MERCHANDISE_NOT_RECEIVED,Merchandise Not Received,2026-01-15,1449,490,201,2026-02-01,17,contested,won,2026-02-01,4,4,0,0.84625,0,,,,,,,,,,,,,,,,,,d2c_brand,physical_delivery,medium,0.7845468068544125,26,0,1,,0.9347389865036924,691,691.0,0.47688060731538995,1,CONTEST,663.44
DSP001195,TXN0261177,M000259,,Mastercard,CREDIT_NOT_PROCESSED,Credit Not Processed,2025-04-26,1300,649,235,2025-05-07,11,contested,won,2025-05-17,3,2,1,0.7268,1,,,,,,,,,,,,,,,,,,d2c_brand,physical_delivery,medium,0.7845468068544125,26,0,1,,0.47245294277246347,884,884.0,0.68,0,ACCEPT,-269.81
DSP001196,TXN0259628,M000259,CUS0093044,Visa,MERCHANDISE_NOT_RECEIVED,Merchandise Not Received,2025-11-01,2095,0,0,2025-11-21,20,accepted,accepted_refunded,,4,4,0,0.7326333333333332,1,,,,,,,,,,,,,,,,,,d2c_brand,physical_delivery,medium,0.7845468068544125,26,0,1,,0.8019516541539478,0,797.0,0.3804295942720764,1,CONTEST,883.09
DSP001197,TXN0260187,M000259,CUS0093450,Mastercard,MERCHANDISE_NOT_AS_DESCRIBED,Merchandise Not As Described,2026-02-17,849,0,0,2026-03-04,15,accepted,accepted_refunded,,3,2,1,0.6276499999999999,2,,,,,,,,,,,,,,,,,,d2c_brand,physical_delivery,medium,0.7845468068544125,26,0,1,,0.2875408185846663,0,797.0,0.9387514723203769,0,ACCEPT,-552.88
DSP001198,TXN0261666,M000259,CUS0092898,Mastercard,CREDIT_NOT_PROCESSED,Credit Not Processed,2025-06-10,1999,619,225,2025-06-20,10,contested,won,2025-06-30,3,3,0,0.9328500000000001,0,,,,,,,,,,,,,,,,,,d2c_brand,physical_delivery,medium,0.7845468068544125,26,0,1,,0.7837698359721295,844,844.0,0.4222111055527764,1,CONTEST,722.76
DSP001199,TXN0262981,M000260,,Visa,SERVICE_NOT_RENDERED,Service Not Rendered,2025-08-24,999,0,0,2025-09-07,14,accepted,accepted_refunded,,4,2,2,0.21833333333333335,4,,,,,,,,,,,,,,,,,,fitness_membership,membership_service,medium,0.5140794407194617,112,1,0,,0.0,0,797.0,0.7977977977977978,0,ACCEPT,-797.0
DSP001200,TXN0264033,M000260,CUS0093709,Visa,MERCHANDISE_NOT_AS_DESCRIBED,Merchandise Not As Described,2025-03-22,999,0,0,2025-04-09,18,accepted,accepted_refunded,,4,4,0,0.5429,2,,,,,,,,,,,,,,,,,,fitness_membership,membership_service,medium,0.5140794407194617,112,1,0,,0.3892206966692092,0,797.0,0.7977977977977978,0,ACCEPT,-408.17
DSP001201,TXN0262674,M000260,CUS0094427,RuPay,SERVICE_NOT_RENDERED,Service Not Rendered,2025-10-20,999,0,0,2025-10-28,8,accepted,accepted_refunded,,4,2,2,0.35431666666666667,3,,,,,,,,,,,,,,,,,,fitness_membership,membership_service,medium,0.5140794407194617,112,1,0,,0.0,0,797.0,0.7977977977977978,0,ACCEPT,-797.0
DSP001202,TXN0262359,M000260,CUS0094240,RuPay,CREDIT_NOT_PROCESSED,Credit Not Processed,2025-06-21,14999,698,177,2025-07-05,14,contested,lost,2025-07-23,4,2,2,0.25734999999999997,4,,,,,,,,,,,,,,,,,,fitness_membership,membership_service,medium,0.5140794407194617,112,1,0,,0.0,875,875.0,0.058337222481498766,0,ACCEPT,-875.0
DSP001203,TXN0262819,M000260,,Visa,RECURRING_BILLING_DISPUTE,Recurring Billing Dispute,2025-07-14,999,0,0,2025-07-31,17,accepted,accepted_refunded,,5,3,2,0.417,3,999.0,credit_card,passed,1.0,DEV381167,0.2009448676612633,1.0,0.0,0.0,,,,2025-10-10 09:53:00,0.0,0.0,0.0,,fitness_membership,membership_service,medium,0.5140794407194617,112,1,0,-88.41180555555556,0.0,0,797.0,0.7977977977977978,0,ACCEPT,-797.0
DSP001204,TXN0262150,M000260,CUS0094146,Visa,RECURRING_BILLING_DISPUTE,Recurring Billing Dispute,2025-10-14,1499,0,0,2025-10-23,9,accepted,accepted_refunded,,5,2,3,0.3342333333333333,3,,,,,,,,,,,,,,,,,,fitness_membership,membership_service,medium,0.5140794407194617,112,1,0,,0.0,0,797.0,0.5316877918612408,0,ACCEPT,-797.0
DSP001205,TXN0262639,M000260,,Visa,SERVICE_NOT_RENDERED,Service Not Rendered,2025-07-03,1499,691,273,2025-07-11,8,contested,won,2025-08-07,4,4,0,0.65075,1,2499.0,upi,not_applicable,1.0,DEV447678,0.1632905467451067,1.0,0.0,0.0,,,,2025-02-27 03:53:00,0.0,0.0,0.0,,fitness_membership,membership_service,medium,0.5140794407194617,112,1,0,125.83819444444444,0.6614545884531929,964,964.0,0.6430953969312875,1,CONTEST,27.52
DSP001206,TXN0262030,M000260,CUS0094346,Visa,RECURRING_BILLING_DISPUTE,Recurring Billing Dispute,2025-09-12,1499,740,296,2025-09-27,15,contested,lost,2025-10-23,5,2,3,0.45011666666666666,3,,,,,,,,,,,,,,,,,,fitness_membership,membership_service,medium,0.5140794407194617,112,1,0,,0.0,1036,1036.0,0.6911274182788526,0,ACCEPT,-1036.0
DSP001207,TXN0261946,M000260,CUS0094278,Visa,RECURRING_BILLING_DISPUTE,Recurring Billing Dispute,2025-04-28,999,0,0,2025-05-06,8,accepted,accepted_refunded,,5,0,5,0.0,6,,,,,,,,,,,,,,,,,,fitness_membership,membership_service,medium,0.5140794407194617,112,1,0,,0.0,0,797.0,0.7977977977977978,0,ACCEPT,-797.0
DSP001208,TXN0264307,M000260,CUS0093549,Mastercard,RECURRING_BILLING_DISPUTE,Recurring Billing Dispute,2025-04-24,999,471,245,2025-05-06,12,contested,lost,2025-05-22,5,2,3,0.41408333333333336,3,,,,,,,,,,,,,,,,,,fitness_membership,membership_service,medium,0.5140794407194617,112,1,0,,0.0,716,716.0,0.7167167167167167,0,ACCEPT,-716.0
DSP001209,TXN0263488,M000260,,Visa,RECURRING_BILLING_DISPUTE,Recurring Billing Dispute,2025-04-02,2499,559,282,2025-04-13,11,contested,won,2025-05-13,5,3,2,0.41608333333333336,3,1499.0,credit_card,passed,0.0,DEV199947,0.3134082539779378,1.0,0.0,0.0,,,,2025-05-10 01:50:00,0.0,0.0,0.0,,fitness_membership,membership_service,medium,0.5140794407194617,112,1,0,-38.076388888888886,0.0,841,841.0,0.33653461384553823,0,ACCEPT,-841.0
DSP001210,TXN0262665,M000260,CUS0093594,Mastercard,CREDIT_NOT_PROCESSED,Credit Not Processed,2025-07-20,14999,0,0,2025-08-09,20,accepted,accepted_refunded,,4,3,1,0.5543833333333333,2,,,,,,,,,,,,,,,,,,fitness_membership,membership_service,medium,0.5140794407194617,112,1,0,,0.24337662337662339,0,797.0,0.05313687579171945,1,CONTEST,2853.41
DSP001211,TXN0264122,M000260,CUS0094324,RuPay,RECURRING_BILLING_DISPUTE,Recurring Billing Dispute,2025-08-24,999,731,234,2025-09-12,19,contested,won,2025-09-26,5,4,1,0.6695333333333333,1,,,,,,,,,,,,,,,,,,fitness_membership,membership_service,medium,0.5140794407194617,112,1,0,,0.5808715643468008,965,965.0,0.965965965965966,0,ACCEPT,-384.71
DSP001212,TXN0264035,M000260,CUS0093904,Mastercard,MERCHANDISE_NOT_AS_DESCRIBED,Merchandise Not As Described,2025-05-23,2499,0,0,2025-06-12,20,accepted,accepted_refunded,,4,2,2,0.39958333333333335,3,,,,,,,,,,,,,,,,,,fitness_membership,membership_service,medium,0.5140794407194617,112,1,0,,0.0,0,797.0,0.31892757102841135,0,ACCEPT,-797.0
DSP001213,TXN0262188,M000260,CUS0094045,Visa,SERVICE_NOT_RENDERED,Service Not Rendered,2025-09-17,999,0,0,2025-10-02,15,accepted,accepted_refunded,,4,4,0,0.7886833333333333,0,,,,,,,,,,,,,,,,,,fitness_membership,membership_service,medium,0.5140794407194617,112,1,0,,0.7270268019164019,0,797.0,0.7977977977977978,0,ACCEPT,-70.7
DSP001214,TXN0263099,M000260,CUS0093533,Visa,RECURRING_BILLING_DISPUTE,Recurring Billing Dispute,2026-01-02,999,413,174,2026-01-18,16,contested,lost,2026-01-21,5,1,4,0.09966666666666667,5,,,,,,,,,,,,,,,,,,fitness_membership,membership_service,medium,0.5140794407194617,112,1,0,,0.0,587,587.0,0.5875875875875876,0,ACCEPT,-587.0
DSP001215,TXN0264165,M000260,CUS0094042,Mastercard,SERVICE_NOT_RENDERED,Service Not Rendered,2025-10-16,2499,0,0,2025-10-25,9,accepted,accepted_refunded,,4,2,2,0.41453333333333336,3,,,,,,,,,,,,,,,,,,fitness_membership,membership_service,medium,0.5140794407194617,112,1,0,,0.05319974143503555,0,797.0,0.31892757102841135,0,ACCEPT,-664.05
DSP001216,TXN0265312,M000261,,Visa,SERVICE_NOT_RENDERED,Service Not Rendered,2025-11-16,999,508,183,2025-11-25,9,contested,lost,2025-12-31,4,0,4,0.24548333333333336,4,999.0,netbanking,not_applicable,1.0,,0.2646722695386245,1.0,0.0,0.0,,,,2025-01-19 18:09:00,0.0,0.0,0.0,,fitness_membership,membership_service,medium,0.6276730906125682,19,1,0,300.24375,0.0,691,691.0,0.6916916916916916,0,ACCEPT,-691.0
DSP001217,TXN0266674,M000261,CUS0094981,Visa,RECURRING_BILLING_DISPUTE,Recurring Billing Dispute,2025-05-06,5999,0,0,2025-05-14,8,accepted,accepted_refunded,,5,2,3,0.302,4,,,,,,,,,,,,,,,,,,fitness_membership,membership_service,medium,0.6276730906125682,19,1,0,,0.0,0,797.0,0.13285547591265212,0,ACCEPT,-797.0
DSP001218,TXN0265148,M000261,,Visa,RECURRING_BILLING_DISPUTE,Recurring Billing Dispute,2025-04-02,999,470,224,2025-04-12,10,contested,lost,2025-05-09,5,2,3,0.27318333333333333,4,,,,,,,,,,,,,,,,,,fitness_membership,membership_service,medium,0.6276730906125682,19,1,0,,0.0,694,694.0,0.6946946946946947,0,ACCEPT,-694.0
DSP001219,TXN0265615,M000261,CUS0095119,Visa,SERVICE_NOT_RENDERED,Service Not Rendered,2026-02-18,5999,443,274,2026-03-01,11,contested,lost,2026-03-26,4,2,2,0.52105,2,,,,,,,,,,,,,,,,,,fitness_membership,membership_service,medium,0.6276730906125682,19,1,0,,0.05578747628083491,717,717.0,0.11951991998666445,0,ACCEPT,-382.33
DSP001220,TXN0265683,M000261,CUS0095142,Mastercard,RECURRING_BILLING_DISPUTE,Recurring Billing Dispute,2025-11-10,999,0,0,2025-11-21,11,accepted,accepted_refunded,,5,3,2,0.42245,3,,,,,,,,,,,,,,,,,,fitness_membership,membership_service,medium,0.6276730906125682,19,1,0,,0.0,0,797.0,0.7977977977977978,0,ACCEPT,-797.0
DSP001221,TXN0264643,M000261,CUS0095011,Visa,CREDIT_NOT_PROCESSED,Credit Not Processed,2025-10-07,5999,646,228,2025-10-16,9,contested,lost,2025-11-06,4,2,2,0.41406666666666664,3,,,,,,,,,,,,,,,,,,fitness_membership,membership_service,medium,0.6276730906125682,19,1,0,,0.0,874,874.0,0.14569094849141523,0,ACCEPT,-874.0
DSP001222,TXN0264934,M000261,CUS0095174,Visa,RECURRING_BILLING_DISPUTE,Recurring Billing Dispute,2025-11-24,999,541,223,2025-12-12,18,contested,won,2025-12-31,5,4,1,0.65945,1,,,,,,,,,,,,,,,,,,fitness_membership,membership_service,medium,0.6276730906125682,19,1,0,,0.47888888888888886,764,764.0,0.7647647647647647,0,ACCEPT,-285.59
DSP001223,TXN0266469,M000261,,Mastercard,RECURRING_BILLING_DISPUTE,Recurring Billing Dispute,2025-06-21,999,424,176,2025-07-02,11,contested,won,2025-07-18,5,3,2,0.5723833333333334,2,,,,,,,,,,,,,,,,,,fitness_membership,membership_service,medium,0.6276730906125682,19,1,0,,0.07007319056654919,600,600.0,0.6006006006006006,0,ACCEPT,-530.0
DSP001224,TXN0266447,M000261,,Mastercard,CREDIT_NOT_PROCESSED,Credit Not Processed,2025-07-25,5999,638,176,2025-08-02,8,contested,won,2025-08-11,4,4,0,0.63005,1,,,,,,,,,,,,,,,,,,fitness_membership,membership_service,medium,0.6276730906125682,19,1,0,,0.5514117647058824,814,814.0,0.1356892815469245,1,CONTEST,2493.92
DSP001225,TXN0264915,M000261,CUS0094479,RuPay,CREDIT_NOT_PROCESSED,Credit Not Processed,2025-11-22,8999,511,190,2025-12-12,20,contested,lost,2026-01-05,4,4,0,0.72965,1,,,,,,,,,,,,,,,,,,fitness_membership,membership_service,medium,0.6276730906125682,19,1,0,,0.5874666846143491,701,701.0,0.07789754417157461,1,CONTEST,4585.61
DSP001226,TXN0267762,M000262,,Mastercard,CREDIT_NOT_PROCESSED,Credit Not Processed,2026-01-10,399,609,166,2026-01-21,11,contested,won,2026-02-01,4,4,0,0.98,0,,,,,,,,,,,,,,,,,,saas_tools,digital_service,medium,0.9504764635860532,22,1,0,,0.9347389865036924,775,775.0,1.0,0,ACCEPT,-402.04
DSP001227,TXN0269560,M000262,CUS0095877,RuPay,DUPLICATE_TRANSACTION,Duplicate Transaction,2025-10-22,399,570,183,2025-11-03,12,contested,won,2025-12-03,2,1,1,0.7941333333333334,1,,,,,,,,,,,,,,,,,,saas_tools,digital_service,medium,0.9504764635860532,22,1,0,,0.7837698359721295,753,753.0,1.0,0,ACCEPT,-440.28
DSP001228,TXN0268661,M000262,,Visa,UNAUTHORIZED_TRANSACTION,Unauthorized Transaction,2025-03-23,399,492,240,2025-04-02,10,contested,lost,2025-04-25,4,4,0,0.9767666666666667,0,9999.0,upi,not_applicable,1.0,DEV718220,0.3137400552766662,1.0,0.0,0.0,,,,2025-02-02 10:10:00,0.0,0.0,0.0,,saas_tools,digital_service,medium,0.9504764635860532,22,1,0,48.576388888888886,0.619562727728285,732,732.0,1.0,0,ACCEPT,-484.79
DSP001229,TXN0268794,M000262,,Mastercard,DUPLICATE_TRANSACTION,Duplicate Transaction,2025-10-20,399,464,164,2025-11-09,20,contested,won,2025-11-10,2,2,0,0.9745666666666667,0,399.0,debit_card,passed,0.0,DEV443946,0.1081524413126549,1.0,1.0,0.0,,,,2025-08-29 20:19:00,0.0,0.0,0.0,,saas_tools,digital_service,medium,0.9504764635860532,22,1,0,51.15347222222222,0.9564502164502166,628,628.0,1.0,0,ACCEPT,-246.38
DSP001230,TXN0269506,M000262,CUS0095579,Visa,RECURRING_BILLING_DISPUTE,Recurring Billing Dispute,2025-11-07,399,611,214,2025-11-27,20,contested,won,2025-12-16,5,4,1,0.81575,1,,,,,,,,,,,,,,,,,,saas_tools,digital_service,medium,0.9504764635860532,22,1,0,,0.8756410951477365,825,825.0,1.0,0,ACCEPT,-475.62
DSP001231,TXN0267401,M000262,CUS0096065,Visa,UNAUTHORIZED_TRANSACTION,Unauthorized Transaction,2025-08-21,399,0,0,2025-09-02,12,accepted,accepted_refunded,,4,4,0,0.9626166666666666,0,,,,,,,,,,,,,,,,,,saas_tools,digital_service,medium,0.9504764635860532,22,1,0,,0.5614584238772006,0,797.0,1.0,0,ACCEPT,-572.98
DSP001232,TXN0267546,M000262,CUS0096201,Visa,CREDIT_NOT_PROCESSED,Credit Not Processed,2025-07-19,399,446,229,2025-07-31,12,contested,won,2025-08-29,4,4,0,0.9647166666666666,0,,,,,,,,,,,,,,,,,,saas_tools,digital_service,medium,0.9504764635860532,22,1,0,,0.9347389865036924,675,675.0,1.0,0,ACCEPT,-302.04
DSP001233,TXN0268492,M000262,,Visa,UNAUTHORIZED_TRANSACTION,Unauthorized Transaction,2025-04-18,399,0,0,2025-05-04,16,accepted,accepted_refunded,,4,4,0,0.95185,0,,,,,,,,,,,,,,,,,,saas_tools,digital_service,medium,0.9504764635860532,22,1,0,,0.5550865285385409,0,797.0,1.0,0,ACCEPT,-575.52
DSP001234,TXN0268921,M000262,CUS0095487,Visa,CREDIT_NOT_PROCESSED,Credit Not Processed,2025-07-21,399,0,0,2025-08-11,21,accepted,accepted_refunded,,4,4,0,0.9596166666666667,0,,,,,,,,,,,,,,,,,,saas_tools,digital_service,medium,0.9504764635860532,22,1,0,,0.9347389865036924,0,797.0,1.0,0,ACCEPT,-424.04
DSP001235,TXN0267966,M000262,,Visa,SERVICE_NOT_RENDERED,Service Not Rendered,2026-01-04,399,747,207,2026-01-24,20,contested,won,2026-02-18,4,4,0,0.9428,0,,,,,,,,,,,,,,,,,,saas_tools,digital_service,medium,0.9504764635860532,22,1,0,,0.9529208046855107,954,954.0,1.0,0,ACCEPT,-573.78
DSP001236,TXN0269698,M000262,CUS0095598,Visa,RECURRING_BILLING_DISPUTE,Recurring Billing Dispute,2025-04-23,399,0,0,2025-05-07,14,accepted,accepted_refunded,,5,4,1,0.7803666666666667,1,,,,,,,,,,,,,,,,,,saas_tools,digital_service,medium,0.9504764635860532,22,1,0,,0.8389572801006768,0,797.0,1.0,0,ACCEPT,-462.26
DSP001237,TXN0267436,M000262,,Mastercard,RECURRING_BILLING_DISPUTE,Recurring Billing Dispute,2025-08-11,19999,0,0,2025-08-23,12,accepted,accepted_refunded,,5,5,0,0.98,0,,,,,,,,,,,,,,,,,,saas_tools,digital_service,medium,0.9504764635860532,22,1,0,,0.9379483444657243,0,797.0,0.03985199259962998,1,CONTEST,17961.03
DSP001238,TXN0268072,M000262,CUS0096087,RuPay,CREDIT_NOT_PROCESSED,Credit Not Processed,2025-04-19,399,750,218,2025-05-10,21,contested,won,2025-05-18,4,3,1,0.7797666666666667,1,,,,,,,,,,,,,,,,,,saas_tools,digital_service,medium,0.9504764635860532,22,1,0,,0.6919331033650362,968,968.0,1.0,0,ACCEPT,-691.92
DSP001239,TXN0268066,M000262,CUS0096014,Mastercard,CREDIT_NOT_PROCESSED,Credit Not Processed,2025-11-04,399,0,0,2025-11-23,19,accepted,accepted_refunded,,4,4,0,0.93825,0,,,,,,,,,,,,,,,,,,saas_tools,digital_service,medium,0.9504764635860532,22,1,0,,0.9347389865036924,0,797.0,1.0,0,ACCEPT,-424.04
DSP001240,TXN0267976,M000262,,Visa,SERVICE_NOT_RENDERED,Service Not Rendered,2025-08-02,9999,491,273,2025-08-13,11,contested,won,2025-08-30,4,4,0,0.98,0,,,,,,,,,,,,,,,,,,saas_tools,digital_service,medium,0.9504764635860532,22,1,0,,0.9353546992438246,764,764.0,0.07640764076407641,1,CONTEST,8588.61
DSP001241,TXN0269790,M000262,CUS0095914,Visa,RECURRING_BILLING_DISPUTE,Recurring Billing Dispute,2025-11-04,399,475,239,2025-11-11,7,contested,won,2025-11-18,5,5,0,0.9707666666666667,0,,,,,,,,,,,,,,,,,,saas_tools,digital_service,medium,0.9504764635860532,22,1,0,,0.9529208046855107,714,714.0,1.0,0,ACCEPT,-333.78
DSP001242,TXN0269815,M000262,CUS0096362,Mastercard,RECURRING_BILLING_DISPUTE,Recurring Billing Dispute,2025-08-07,19999,720,194,2025-08-21,14,contested,won,2025-08-30,5,5,0,0.9688833333333333,0,,,,,,,,,,,,,,,,,,saas_tools,digital_service,medium,0.9504764635860532,22,1,0,,0.9529208046855107,914,914.0,0.04570228511425571,1,CONTEST,18143.46
DSP001243,TXN0269156,M000262,,RuPay,RECURRING_BILLING_DISPUTE,Recurring Billing Dispute,2025-02-21,399,0,0,2025-03-01,8,accepted,accepted_refunded,,5,5,0,0.9521333333333333,0,,,,,,,,,,,,,,,,,,saas_tools,digital_service,medium,0.9504764635860532,22,1,0,,0.9529208046855107,0,797.0,1.0,0,ACCEPT,-416.78
DSP001244,TXN0267660,M000262,CUS0095774,Mastercard,UNAUTHORIZED_TRANSACTION,Unauthorized Transaction,2025-02-23,399,563,255,2025-03-12,17,contested,lost,2025-04-02,4,3,1,0.7634833333333333,1,,,,,,,,,,,,,,,,,,saas_tools,digital_service,medium,0.9504764635860532,22,1,0,,0.3753318077803204,818,818.0,1.0,0,ACCEPT,-668.24
DSP001245,TXN0272478,M000263,,RuPay,DUPLICATE_TRANSACTION,Duplicate Transaction,2026-01-23,1245,656,168,2026-02-04,12,contested,won,2026-02-12,2,0,2,0.4467833333333333,3,,,,,,,,,,,,,,,,,,travel_booking,booking_service,medium,0.6002529928372227,43,0,0,,0.19142857142857142,824,824.0,0.661847389558233,0,ACCEPT,-585.67
DSP001246,TXN0272415,M000263,,RuPay,MERCHANDISE_NOT_AS_DESCRIBED,Merchandise Not As Described,2025-12-28,5099,425,237,2026-01-09,12,contested,lost,2026-02-03,3,1,2,0.6242833333333333,2,,,,,,,,,,,,,,,,,,travel_booking,booking_service,medium,0.6002529928372227,43,0,0,,0.05578747628083491,662,662.0,0.12982937830947244,0,ACCEPT,-377.54
DSP001247,TXN0272387,M000263,CUS0096394,Visa,UNAUTHORIZED_TRANSACTION,Unauthorized Transaction,2025-03-01,11900,426,159,2025-03-18,17,contested,lost,2025-03-15,3,3,0,0.6156166666666666,2,,,,,,,,,,,,,,,,,,travel_booking,booking_service,medium,0.6002529928372227,43,0,0,,0.24976363442960806,585,585.0,0.04915966386554622,1,CONTEST,2387.19
DSP001248,TXN0271019,M000263,CUS0097273,RuPay,DUPLICATE_TRANSACTION,Duplicate Transaction,2025-07-27,5100,694,183,2025-08-08,12,contested,lost,2025-08-20,2,2,0,0.5329333333333334,2,,,,,,,,,,,,,,,,,,travel_booking,booking_service,medium,0.6002529928372227,43,0,0,,0.42055555555555557,877,877.0,0.1719607843137255,1,CONTEST,1267.83
DSP001249,TXN0271600,M000263,CUS0096938,Mastercard,SERVICE_NOT_RENDERED,Service Not Rendered,2025-07-21,38999,551,183,2025-08-11,21,contested,won,2025-08-23,3,3,0,0.5733666666666667,2,,,,,,,,,,,,,,,,,,travel_booking,booking_service,medium,0.6002529928372227,43,0,0,,0.4655555555555556,734,734.0,0.01882099541013872,1,CONTEST,17422.2
DSP001250,TXN0271088,M000263,CUS0096542,Mastercard,SERVICE_NOT_RENDERED,Service Not Rendered,2025-12-21,4150,533,233,2026-01-05,15,contested,lost,2026-02-01,3,0,3,0.0,6,,,,,,,,,,,,,,,,,,travel_booking,booking_service,medium,0.6002529928372227,43,0,0,,0.015384615384615385,766,766.0,0.18457831325301205,0,ACCEPT,-702.15
DSP001251,TXN0270954,M000263,CUS0096943,Visa,MERCHANDISE_NOT_AS_DESCRIBED,Merchandise Not As Described,2025-08-15,9999,572,286,2025-09-05,21,contested,won,2025-09-11,3,3,0,0.5947333333333333,1,,,,,,,,,,,,,,,,,,travel_booking,booking_service,medium,0.6002529928372227,43,0,0,,0.46996732026143795,858,858.0,0.0858085808580858,1,CONTEST,3841.2
DSP001252,TXN0270997,M000263,,RuPay,SERVICE_NOT_RENDERED,Service Not Rendered,2025-05-05,2199,472,204,2025-05-18,13,contested,won,2025-06-04,3,2,1,0.5797333333333333,2,13399.0,netbanking,not_applicable,1.0,DEV932322,0.2178127881098968,3.0,0.0,0.0,,,,2025-10-24 10:49:00,0.0,0.0,0.0,,travel_booking,booking_service,medium,0.6002529928372227,43,0,0,-172.45069444444445,0.425583491725172,676,676.0,0.307412460209186,1,CONTEST,259.86
DSP001253,TXN0271173,M000263,CUS0097123,Visa,CREDIT_NOT_PROCESSED,Credit Not Processed,2025-02-20,11000,578,260,2025-03-01,9,contested,lost,2025-03-23,4,3,1,0.7615666666666666,1,,,,,,,,,,,,,,,,,,travel_booking,booking_service,medium,0.6002529928372227,43,0,0,,0.3253318077803204,838,838.0,0.07618181818181818,1,CONTEST,2740.65
DSP001254,TXN0270000,M000263,CUS0097056,Mastercard,SERVICE_NOT_RENDERED,Service Not Rendered,2025-05-15,15900,698,171,2025-05-24,9,contested,lost,2025-06-03,3,1,2,0.27065,4,,,,,,,,,,,,,,,,,,travel_booking,booking_service,medium,0.6002529928372227,43,0,0,,0.015384615384615385,869,869.0,0.054654088050314464,0,ACCEPT,-624.38
DSP001255,TXN0271038,M000263,CUS0097234,Mastercard,SERVICE_NOT_RENDERED,Service Not Rendered,2025-10-05,9700,0,0,2025-10-19,14,accepted,accepted_refunded,,3,2,1,0.59305,2,,,,,,,,,,,,,,,,,,travel_booking,booking_service,medium,0.6002529928372227,43,0,0,,0.25320118478013215,0,797.0,0.08216494845360825,1,CONTEST,1659.05
DSP001256,TXN0271905,M000263,CUS0096829,Visa,SERVICE_NOT_RENDERED,Service Not Rendered,2025-08-19,13200,0,0,2025-08-26,7,accepted,accepted_refunded,,3,2,1,0.54725,2,,,,,,,,,,,,,,,,,,travel_booking,booking_service,medium,0.6002529928372227,43,0,0,,0.24656933058061722,0,797.0,0.06037878787878788,1,CONTEST,2457.72
DSP001257,TXN0271278,M000263,CUS0097167,RuPay,MERCHANDISE_NOT_AS_DESCRIBED,Merchandise Not As Described,2026-01-14,4899,547,155,2026-01-30,16,contested,won,2026-02-21,3,3,0,0.7188,1,,,,,,,,,,,,,,,,,,travel_booking,booking_service,medium,0.6002529928372227,43,0,0,,0.6004198618718742,702,702.0,0.14329454990814453,1,CONTEST,2239.46
DSP001258,TXN0273297,M000264,CUS0097773,Visa,UNAUTHORIZED_TRANSACTION,Unauthorized Transaction,2025-11-29,745,533,160,2025-12-20,21,contested,lost,2025-12-18,4,3,1,0.6488999999999999,2,,,,,,,,,,,,,,,,,,d2c_brand,physical_delivery,medium,0.8612381930889451,112,0,1,,0.2791869000564653,693,693.0,0.9302013422818792,0,ACCEPT,-485.01
DSP001259,TXN0273215,M000264,CUS0097473,Mastercard,MERCHANDISE_NOT_AS_DESCRIBED,Merchandise Not As Described,2025-11-27,1449,512,151,2025-12-18,21,contested,won,2026-01-08,3,2,1,0.6239833333333333,2,,,,,,,,,,,,,,,,,,d2c_brand,physical_delivery,medium,0.8612381930889451,112,0,1,,0.3753318077803204,663,663.0,0.4575569358178054,0,ACCEPT,-119.14
DSP001260,TXN0273778,M000264,CUS0097776,RuPay,DUPLICATE_TRANSACTION,Duplicate Transaction,2025-09-03,1199,739,160,2025-09-21,18,contested,lost,2025-09-24,2,1,1,0.6533333333333333,2,,,,,,,,,,,,,,,,,,d2c_brand,physical_delivery,medium,0.8612381930889451,112,0,1,,0.5852151835093011,899,899.0,0.749791492910759,0,ACCEPT,-197.33
DSP001261,TXN0273749,M000264,,Visa,MERCHANDISE_NOT_RECEIVED,Merchandise Not Received,2025-10-03,4345,669,295,2025-10-23,20,contested,won,2025-11-06,4,3,1,0.6209,2,7299.0,upi,not_applicable,1.0,DEV345083,0.4446105145402069,1.0,0.0,0.0,lost,,0.0,2025-07-15 13:30:00,0.0,0.0,0.0,,d2c_brand,physical_delivery,medium,0.8612381930889451,112,0,1,79.4375,0.5305228758169934,964,964.0,0.22186421173762946,1,CONTEST,1341.12
DSP001262,TXN0274664,M000264,,Mastercard,MERCHANDISE_NOT_RECEIVED,Merchandise Not Received,2025-11-29,3899,491,235,2025-12-18,19,contested,lost,2026-01-02,4,2,2,0.6528166666666667,2,,,,,,,,,,,,,,,,,,d2c_brand,physical_delivery,medium,0.8612381930889451,112,0,1,,0.263567277479125,726,726.0,0.18620159015132084,1,CONTEST,301.65
DSP001263,TXN0273438,M000264,CUS0097356,Visa,MERCHANDISE_NOT_AS_DESCRIBED,Merchandise Not As Described,2025-08-04,11600,701,294,2025-08-21,17,contested,won,2025-08-25,3,2,1,0.7611500000000001,1,,,,,,,,,,,,,,,,,,d2c_brand,physical_delivery,medium,0.8612381930889451,112,0,1,,0.4928500147813324,995,995.0,0.08577586206896552,1,CONTEST,4722.06
DSP001264,TXN0274904,M000264,CUS0097708,Mastercard,MERCHANDISE_NOT_AS_DESCRIBED,Merchandise Not As Described,2025-09-21,1249,403,202,2025-10-07,16,contested,lost,2025-10-08,3,1,2,0.6533333333333333,2,,,,,,,,,,,,,,,,,,d2c_brand,physical_delivery,medium,0.8612381930889451,112,0,1,,0.24337662337662339,605,605.0,0.4843875100080064,0,ACCEPT,-301.02
DSP001265,TXN0275056,M000264,,Mastercard,MERCHANDISE_NOT_RECEIVED,Merchandise Not Received,2025-11-20,5600,506,233,2025-12-05,15,contested,won,2025-12-05,4,3,1,0.8010333333333333,1,,,,,,,,,,,,,,,,,,d2c_brand,physical_delivery,medium,0.8612381930889451,112,0,1,,0.6148763077455317,739,739.0,0.1319642857142857,1,CONTEST,2704.31
DSP001266,TXN0273880,M000264,CUS0097377,Visa,CREDIT_NOT_PROCESSED,Credit Not Processed,2025-12-02,795,723,250,2025-12-10,8,contested,won,2026-01-11,3,3,0,0.9439333333333333,0,,,,,,,,,,,,,,,,,,d2c_brand,physical_delivery,medium,0.8612381930889451,112,0,1,,0.8398364000660576,973,973.0,1.0,0,ACCEPT,-305.33
DSP001267,TXN0272836,M000264,,Mastercard,UNAUTHORIZED_TRANSACTION,Unauthorized Transaction,2025-11-24,2850,0,0,2025-12-09,15,accepted,accepted_refunded,,4,2,2,0.4636833333333333,3,,,,,,,,,,,,,,,,,,d2c_brand,physical_delivery,medium,0.8612381930889451,112,0,1,,0.05578747628083491,0,797.0,0.27964912280701754,0,ACCEPT,-638.01
DSP001268,TXN0272879,M000264,,RuPay,MERCHANDISE_NOT_AS_DESCRIBED,Merchandise Not As Described,2025-04-01,410,655,270,2025-04-20,19,contested,won,2025-05-01,3,3,0,0.8166666666666668,1,895.0,debit_card,passed,0.0,DEV204022,0.3005942248683993,2.0,0.0,0.0,in_transit,,0.0,2025-02-18 00:08:00,0.0,0.0,0.0,,d2c_brand,physical_delivery,medium,0.8612381930889451,112,0,1,41.99444444444445,0.8048878483944897,925,925.0,1.0,0,ACCEPT,-595.0
DSP001269,TXN0277085,M000265,CUS0099120,RuPay,MERCHANDISE_NOT_AS_DESCRIBED,Merchandise Not As Described,2025-10-02,12499,545,257,2025-10-12,10,contested,won,2025-10-25,3,2,1,0.5962500000000001,2,,,,,,,,,,,,,,,,,,d2c_brand,physical_delivery,medium,0.7997279093752631,62,0,1,,0.2554739120528594,802,802.0,0.06416513321065685,1,CONTEST,2391.17
DSP001270,TXN0275414,M000265,CUS0098376,Mastercard,MERCHANDISE_NOT_AS_DESCRIBED,Merchandise Not As Described,2025-10-30,13295,600,206,2025-11-20,21,contested,won,2025-11-17,3,3,0,0.8703333333333333,0,,,,,,,,,,,,,,,,,,d2c_brand,physical_delivery,medium,0.7997279093752631,62,0,1,,0.7745795383548513,806,806.0,0.0606242948476871,1,CONTEST,9492.03
DSP001271,TXN0276896,M000265,,RuPay,MERCHANDISE_NOT_RECEIVED,Merchandise Not Received,2025-08-04,2200,0,0,2025-08-21,17,accepted,accepted_refunded,,4,3,1,0.77015,1,369.0,upi,not_applicable,0.0,DEV949846,0.227081324513019,5.0,0.0,0.0,delivered,2025-08-13,0.0,2025-08-06 12:35:00,0.0,0.0,0.0,,d2c_brand,physical_delivery,medium,0.7997279093752631,62,0,1,-2.5243055555555554,0.6540720919946926,0,797.0,0.36227272727272725,1,CONTEST,641.96
DSP001272,TXN0277118,M000265,,RuPay,DUPLICATE_TRANSACTION,Duplicate Transaction,2025-03-22,1250,0,0,2025-03-30,8,accepted,accepted_refunded,,2,1,1,0.32666666666666666,4,,,,,,,,,,,,,,,,,,d2c_brand,physical_delivery,medium,0.7997279093752631,62,0,1,,0.3753318077803204,0,797.0,0.6376,0,ACCEPT,-327.84
DSP001273,TXN0277008,M000265,CUS0098868,RuPay,MERCHANDISE_NOT_RECEIVED,Merchandise Not Received,2025-12-25,650,634,214,2026-01-14,20,contested,won,2026-01-23,4,4,0,0.9347500000000001,0,,,,,,,,,,,,,,,,,,d2c_brand,physical_delivery,medium,0.7997279093752631,62,0,1,,0.8897173414820474,848,848.0,1.0,0,ACCEPT,-269.68
DSP001274,TXN0276769,M000265,CUS0099110,Visa,UNAUTHORIZED_TRANSACTION,Unauthorized Transaction,2025-04-28,2000,551,214,2025-05-14,16,contested,lost,2025-06-07,4,2,2,0.49,3,,,,,,,,,,,,,,,,,,d2c_brand,physical_delivery,medium,0.7997279093752631,62,0,1,,0.029205605807908673,765,765.0,0.3825,0,ACCEPT,-706.59
DSP001275,TXN0276353,M000265,CUS0098744,Visa,DUPLICATE_TRANSACTION,Duplicate Transaction,2025-07-23,1449,647,189,2025-08-09,17,contested,won,2025-08-25,2,1,1,0.7506499999999999,1,,,,,,,,,,,,,,,,,,d2c_brand,physical_delivery,medium,0.7997279093752631,62,0,1,,0.6735705807182453,836,836.0,0.5769496204278813,1,CONTEST,140.0
DSP001276,TXN0275513,M000265,CUS0098647,Visa,MERCHANDISE_NOT_AS_DESCRIBED,Merchandise Not As Described,2025-01-24,3149,580,288,2025-02-13,20,contested,won,2025-03-04,3,3,0,0.7592500000000001,1,,,,,,,,,,,,,,,,,,d2c_brand,physical_delivery,medium,0.7997279093752631,62,0,1,,0.7042583938538762,868,868.0,0.27564306128929816,1,CONTEST,1349.71
DSP001277,TXN0276699,M000265,,Mastercard,CREDIT_NOT_PROCESSED,Credit Not Processed,2025-12-10,1099,679,299,2025-12-31,21,contested,lost,2026-01-13,3,1,2,0.40938333333333327,3,,,,,,,,,,,,,,,,,,d2c_brand,physical_delivery,medium,0.7997279093752631,62,0,1,,0.049351848342462756,978,978.0,0.8898999090081893,0,ACCEPT,-923.76
DSP001278,TXN0277383,M000265,CUS0099095,Visa,MERCHANDISE_NOT_AS_DESCRIBED,Merchandise Not As Described,2026-01-06,1445,488,275,2026-01-25,19,contested,won,2026-02-04,3,3,0,0.9361333333333333,0,,,,,,,,,,,,,,,,,,d2c_brand,physical_delivery,medium,0.7997279093752631,62,0,1,,0.8574592769659184,763,763.0,0.5280276816608996,1,CONTEST,476.03
DSP001279,TXN0275986,M000265,CUS0099149,Visa,MERCHANDISE_NOT_AS_DESCRIBED,Merchandise Not As Described,2025-08-31,800,667,240,2025-09-09,9,contested,won,2025-10-11,3,3,0,0.9192833333333333,0,,,,,,,,,,,,,,,,,,d2c_brand,physical_delivery,medium,0.7997279093752631,62,0,1,,0.7572992477368354,907,907.0,1.0,0,ACCEPT,-301.16
DSP001280,TXN0277288,M000265,,Mastercard,MERCHANDISE_NOT_RECEIVED,Merchandise Not Received,2025-11-14,600,657,150,2025-12-04,20,contested,lost,2025-12-03,4,1,3,0.42195,3,,,,,,,,,,,,,,,,,,d2c_brand,physical_delivery,medium,0.7997279093752631,62,0,1,,0.07007319056654919,807,807.0,1.0,0,ACCEPT,-764.96
DSP001281,TXN0279282,M000266,,Visa,SERVICE_NOT_RENDERED,Service Not Rendered,2025-11-04,4399,0,0,2025-11-22,18,accepted,accepted_refunded,,3,2,1,0.5008666666666667,2,,,,,,,,,,,,,,,,,,travel_booking,booking_service,medium,0.5995050049109986,97,0,0,,0.265853566723132,0,797.0,0.18117754035007957,1,CONTEST,372.49
DSP001282,TXN0278261,M000266,,Visa,MERCHANDISE_NOT_AS_DESCRIBED,Merchandise Not As Described,2025-05-19,6800,0,0,2025-06-08,20,accepted,accepted_refunded,,3,3,0,0.7389666666666667,1,,,,,,,,,,,,,,,,,,travel_booking,booking_service,medium,0.5995050049109986,97,0,0,,0.5625228758169935,0,797.0,0.11720588235294117,1,CONTEST,3028.16
DSP001283,TXN0278222,M000266,,Visa,SERVICE_NOT_RENDERED,Service Not Rendered,2025-04-02,5600,537,150,2025-04-17,15,contested,lost,2025-05-13,3,3,0,0.5114666666666666,2,,,,,,,,,,,,,,,,,,travel_booking,booking_service,medium,0.5995050049109986,97,0,0,,0.45256965944272454,687,687.0,0.12267857142857143,1,CONTEST,1847.39
DSP001284,TXN0278657,M000266,CUS0099959,RuPay,SERVICE_NOT_RENDERED,Service Not Rendered,2025-11-16,16895,744,289,2025-11-30,14,contested,won,2025-12-13,3,2,1,0.5792,2,,,,,,,,,,,,,,,,,,travel_booking,booking_service,medium,0.5995050049109986,97,0,0,,0.2742655439381065,1033,1033.0,0.061142349807635395,1,CONTEST,3600.72
DSP001285,TXN0278193,M000266,CUS0099790,Visa,CREDIT_NOT_PROCESSED,Credit Not Processed,2025-10-12,14399,554,276,2025-10-31,19,contested,lost,2025-11-09,4,1,3,0.16031666666666666,5,,,,,,,,,,,,,,,,,,travel_booking,booking_service,medium,0.5995050049109986,97,0,0,,0.0,830,830.0,0.057642891867490796,0,ACCEPT,-830.0
DSP001286,TXN0278817,M000266,CUS0099833,Visa,SERVICE_NOT_RENDERED,Service Not Rendered,2026-01-30,1800,665,246,2026-02-07,8,contested,lost,2026-02-27,3,2,1,0.3690333333333333,3,,,,,,,,,,,,,,,,,,travel_booking,booking_service,medium,0.5995050049109986,97,0,0,,0.2277922077922078,911,911.0,0.5061111111111111,0,ACCEPT,-500.97
DSP001287,TXN0278384,M000266,CUS0099631,RuPay,DUPLICATE_TRANSACTION,Duplicate Transaction,2025-05-23,12799,413,219,2025-06-13,21,contested,lost,2025-06-20,2,0,2,0.5526833333333333,2,,,,,,,,,,,,,,,,,,travel_booking,booking_service,medium,0.5995050049109986,97,0,0,,0.207012987012987,632,632.0,0.04937885772325963,1,CONTEST,2017.56
DSP001288,TXN0278601,M000266,CUS0099737,Visa,SERVICE_NOT_RENDERED,Service Not Rendered,2026-01-30,2150,0,0,2026-02-17,18,accepted,accepted_refunded,,3,1,2,0.47865,3,,,,,,,,,,,,,,,,,,travel_booking,booking_service,medium,0.5995050049109986,97,0,0,,0.05578747628083491,0,797.0,0.37069767441860463,0,ACCEPT,-677.06
DSP001289,TXN0280348,M000266,CUS0099308,RuPay,MERCHANDISE_NOT_AS_DESCRIBED,Merchandise Not As Described,2026-02-10,17400,596,177,2026-02-23,13,contested,won,2026-03-20,3,2,1,0.6980166666666667,1,,,,,,,,,,,,,,,,,,travel_booking,booking_service,medium,0.5995050049109986,97,0,0,,0.2715345181134655,773,773.0,0.04442528735632184,1,CONTEST,3951.7
DSP001290,TXN0278847,M000266,,Mastercard,SERVICE_NOT_RENDERED,Service Not Rendered,2025-11-04,2300,609,168,2025-11-15,11,contested,won,2025-11-29,3,2,1,0.7545333333333333,1,,,,,,,,,,,,,,,,,,travel_booking,booking_service,medium,0.5995050049109986,97,0,0,,0.4810784313725491,777,777.0,0.3378260869565217,1,CONTEST,329.48
DSP001291,TXN0278062,M000266,CUS0099404,RuPay,CREDIT_NOT_PROCESSED,Credit Not Processed,2025-08-11,10000,632,173,2025-08-29,18,contested,won,2025-09-01,4,3,1,0.5546333333333333,2,,,,,,,,,,,,,,,,,,travel_booking,booking_service,medium,0.5995050049109986,97,0,0,,0.269011461459974,805,805.0,0.0805,1,CONTEST,1885.11
DSP001292,TXN0279591,M000266,,Visa,CREDIT_NOT_PROCESSED,Credit Not Processed,2025-04-27,2499,705,221,2025-05-18,21,contested,lost,2025-05-11,4,1,3,0.26648333333333335,4,17599.0,upi,not_applicable,1.0,DEV522717,0.1067730604945216,1.0,0.0,0.0,,,,2025-02-05 17:02:00,0.0,0.0,0.0,,travel_booking,booking_service,medium,0.5995050049109986,97,0,0,80.29027777777777,0.0,926,926.0,0.3705482192877151,0,ACCEPT,-926.0
DSP001293,TXN0278292,M000266,,Visa,MERCHANDISE_NOT_AS_DESCRIBED,Merchandise Not As Described,2025-08-03,14995,733,271,2025-08-22,19,contested,won,2025-09-05,3,3,0,0.7835833333333334,1,,,,,,,,,,,,,,,,,,travel_booking,booking_service,medium,0.5995050049109986,97,0,0,,0.6167523989000634,1004,1004.0,0.06695565188396133,1,CONTEST,8244.2
DSP001294,TXN0279754,M000266,CUS0099379,Mastercard,DUPLICATE_TRANSACTION,Duplicate Transaction,2025-05-01,8995,0,0,2025-05-19,18,accepted,accepted_refunded,,2,2,0,0.7249166666666667,1,,,,,,,,,,,,,,,,,,travel_booking,booking_service,medium,0.5995050049109986,97,0,0,,0.6101589923066568,0,797.0,0.08860478043357421,1,CONTEST,4691.38
DSP001295,TXN0282505,M000267,CUS0100664,Mastercard,UNAUTHORIZED_TRANSACTION,Unauthorized Transaction,2026-01-09,399,0,0,2026-01-26,17,accepted,accepted_refunded,,4,4,0,0.9518333333333334,0,,,,,,,,,,,,,,,,,,saas_tools,digital_service,medium,0.844217125282371,73,1,0,,0.5616799351319475,0,797.0,1.0,0,ACCEPT,-572.89
DSP001296,TXN0281723,M000267,CUS0100210,Visa,SERVICE_NOT_RENDERED,Service Not Rendered,2025-05-27,399,0,0,2025-06-05,9,accepted,accepted_refunded,,4,4,0,0.9087,0,,,,,,,,,,,,,,,,,,saas_tools,digital_service,medium,0.844217125282371,73,1,0,,0.9376484938827019,0,797.0,1.0,0,ACCEPT,-422.88
DSP001297,TXN0281813,M000267,,Mastercard,UNAUTHORIZED_TRANSACTION,Unauthorized Transaction,2025-10-25,799,0,0,2025-11-07,13,accepted,accepted_refunded,,4,4,0,0.96435,0,399.0,debit_card,passed,1.0,DEV398353,0.6318370918749683,1.0,0.0,0.0,,,,2025-12-31 10:51:00,0.0,0.0,0.0,,saas_tools,digital_service,medium,0.844217125282371,73,1,0,-67.45208333333333,0.5983699276216021,0,797.0,0.9974968710888611,0,ACCEPT,-318.9
DSP001298,TXN0282176,M000267,,Visa,RECURRING_BILLING_DISPUTE,Recurring Billing Dispute,2025-04-27,399,660,193,2025-05-18,21,contested,won,2025-06-08,5,4,1,0.6533333333333333,2,,,,,,,,,,,,,,,,,,saas_tools,digital_service,medium,0.844217125282371,73,1,0,,0.703632342566632,853,853.0,1.0,0,ACCEPT,-572.25
DSP001299,TXN0282952,M000267,CUS0100526,Visa,SERVICE_NOT_RENDERED,Service Not Rendered,2025-12-24,399,672,253,2026-01-13,20,contested,lost,2026-01-19,4,3,1,0.6044,2,,,,,,,,,,,,,,,,,,saas_tools,digital_service,medium,0.844217125282371,73,1,0,,0.5777275541795666,925,925.0,1.0,0,ACCEPT,-694.49
DSP001300,TXN0281979,M000267,CUS0100976,Visa,RECURRING_BILLING_DISPUTE,Recurring Billing Dispute,2025-04-24,799,560,273,2025-05-04,10,contested,lost,2025-06-02,5,3,2,0.6533333333333333,2,,,,,,,,,,,,,,,,,,saas_tools,digital_service,medium,0.844217125282371,73,1,0,,0.45888888888888885,833,833.0,1.0,0,ACCEPT,-466.35
DSP001301,TXN0282778,M000267,CUS0100815,Visa,UNAUTHORIZED_TRANSACTION,Unauthorized Transaction,2025-08-29,799,432,231,2025-09-15,17,contested,won,2025-10-11,4,4,0,0.9549500000000001,0,,,,,,,,,,,,,,,,,,saas_tools,digital_service,medium,0.844217125282371,73,1,0,,0.5616799351319475,663,663.0,0.8297872340425532,0,ACCEPT,-214.22
DSP001302,TXN0282621,M000267,CUS0100316,Visa,RECURRING_BILLING_DISPUTE,Recurring Billing Dispute,2026-01-18,399,0,0,2026-01-29,11,accepted,accepted_refunded,,5,5,0,0.8786833333333334,0,,,,,,,,,,,,,,,,,,saas_tools,digital_service,medium,0.844217125282371,73,1,0,,0.9643493761140821,0,797.0,1.0,0,ACCEPT,-412.22
DSP001303,TXN0283362,M000268,CUS0101666,Visa,SERVICE_NOT_RENDERED,Service Not Rendered,2025-03-21,5999,0,0,2025-04-01,11,accepted,accepted_refunded,,4,1,3,0.28331666666666666,4,,,,,,,,,,,,,,,,,,fitness_membership,membership_service,medium,0.536303800737471,90,1,0,,0.0,0,797.0,0.13285547591265212,0,ACCEPT,-797.0
DSP001304,TXN0284015,M000268,CUS0101280,Mastercard,RECURRING_BILLING_DISPUTE,Recurring Billing Dispute,2025-06-17,14999,408,208,2025-06-29,12,contested,lost,2025-07-08,5,1,4,0.22694999999999999,4,,,,,,,,,,,,,,,,,,fitness_membership,membership_service,medium,0.536303800737471,90,1,0,,0.0,616,616.0,0.04106940462697513,0,ACCEPT,-616.0
DSP001305,TXN0285897,M000268,CUS0101376,Mastercard,UNAUTHORIZED_TRANSACTION,Unauthorized Transaction,2025-08-20,3999,0,0,2025-09-10,21,accepted,accepted_refunded,,4,1,3,0.10751666666666666,5,,,,,,,,,,,,,,,,,,fitness_membership,membership_service,medium,0.536303800737471,90,1,0,,0.0,0,797.0,0.19929982495623905,0,ACCEPT,-797.0
DSP001306,TXN0283294,M000268,CUS0101401,Visa,CREDIT_NOT_PROCESSED,Credit Not Processed,2025-03-14,3999,682,164,2025-03-24,10,contested,lost,2025-04-15,4,1,3,0.12556666666666666,5,,,,,,,,,,,,,,,,,,fitness_membership,membership_service,medium,0.536303800737471,90,1,0,,0.0,846,846.0,0.2115528882220555,0,ACCEPT,-846.0
DSP001307,TXN0284529,M000268,CUS0102056,Visa,RECURRING_BILLING_DISPUTE,Recurring Billing Dispute,2025-10-29,3999,0,0,2025-11-08,10,accepted,accepted_refunded,,5,4,1,0.48711666666666664,2,,,,,,,,,,,,,,,,,,fitness_membership,membership_service,medium,0.536303800737471,90,1,0,,0.25000381373388403,0,797.0,0.19929982495623905,1,CONTEST,202.77
DSP001308,TXN0285410,M000268,CUS0102002,Visa,MERCHANDISE_NOT_AS_DESCRIBED,Merchandise Not As Described,2025-04-16,14999,0,0,2025-04-27,11,accepted,accepted_refunded,,4,1,3,0.25751666666666667,4,,,,,,,,,,,,,,,,,,fitness_membership,membership_service,medium,0.536303800737471,90,1,0,,0.0,0,797.0,0.05313687579171945,0,ACCEPT,-797.0
DSP001309,TXN0285071,M000268,,Visa,CREDIT_NOT_PROCESSED,Credit Not Processed,2025-06-15,3999,0,0,2025-07-03,18,accepted,accepted_refunded,,4,4,0,0.59405,2,,,,,,,,,,,,,,,,,,fitness_membership,membership_service,medium,0.536303800737471,90,1,0,,0.4566666666666667,0,797.0,0.19929982495623905,1,CONTEST,1029.21
DSP001310,TXN0283522,M000268,CUS0101433,Visa,RECURRING_BILLING_DISPUTE,Recurring Billing Dispute,2025-11-30,14999,0,0,2025-12-07,7,accepted,accepted_refunded,,5,4,1,0.5150166666666667,2,,,,,,,,,,,,,,,,,,fitness_membership,membership_service,medium,0.536303800737471,90,1,0,,0.24337662337662339,0,797.0,0.05313687579171945,1,CONTEST,2853.41
DSP001311,TXN0284409,M000268,,Visa,RECURRING_BILLING_DISPUTE,Recurring Billing Dispute,2025-07-02,5999,0,0,2025-07-22,20,accepted,accepted_refunded,,5,3,2,0.5539833333333334,2,,,,,,,,,,,,,,,,,,fitness_membership,membership_service,medium,0.536303800737471,90,1,0,,0.07007319056654919,0,797.0,0.13285547591265212,0,ACCEPT,-376.63
DSP001312,TXN0285380,M000268,CUS0101950,RuPay,RECURRING_BILLING_DISPUTE,Recurring Billing Dispute,2025-08-04,5999,0,0,2025-08-24,20,accepted,accepted_refunded,,5,4,1,0.56145,2,,,,,,,,,,,,,,,,,,fitness_membership,membership_service,medium,0.536303800737471,90,1,0,,0.27128418873270127,0,797.0,0.13285547591265212,1,CONTEST,830.43
DSP001313,TXN0284554,M000268,CUS0101662,Visa,RECURRING_BILLING_DISPUTE,Recurring Billing Dispute,2025-10-20,5999,729,270,2025-11-01,12,contested,lost,2025-11-30,5,2,3,0.39453333333333335,3,,,,,,,,,,,,,,,,,,fitness_membership,membership_service,medium,0.536303800737471,90,1,0,,0.0,999,999.0,0.16652775462577096,0,ACCEPT,-999.0
DSP001314,TXN0284497,M000268,CUS0101500,RuPay,UNAUTHORIZED_TRANSACTION,Unauthorized Transaction,2025-03-10,3999,713,285,2025-03-20,10,contested,lost,2025-04-18,4,1,3,0.13176666666666667,5,,,,,,,,,,,,,,,,,,fitness_membership,membership_service,medium,0.536303800737471,90,1,0,,0.0,998,998.0,0.24956239059764943,0,ACCEPT,-998.0
DSP001315,TXN0285916,M000268,CUS0102075,Visa,UNAUTHORIZED_TRANSACTION,Unauthorized Transaction,2025-04-13,5999,418,261,2025-04-20,7,contested,lost,2025-05-23,4,1,3,0.22340000000000002,4,,,,,,,,,,,,,,,,,,fitness_membership,membership_service,medium,0.536303800737471,90,1,0,,0.0,679,679.0,0.11318553092182031,0,ACCEPT,-679.0
DSP001316,TXN0283628,M000268,CUS0101510,RuPay,CREDIT_NOT_PROCESSED,Credit Not Processed,2025-06-12,5999,550,275,2025-06-28,16,contested,won,2025-06-26,4,3,1,0.5469666666666667,2,,,,,,,,,,,,,,,,,,fitness_membership,membership_service,medium,0.536303800737471,90,1,0,,0.24337662337662339,825,825.0,0.1375229204867478,1,CONTEST,635.02
DSP001317,TXN0283286,M000268,CUS0101578,RuPay,CREDIT_NOT_PROCESSED,Credit Not Processed,2026-01-17,5999,458,250,2026-01-30,13,contested,lost,2026-02-12,4,3,1,0.58135,2,,,,,,,,,,,,,,,,,,fitness_membership,membership_service,medium,0.536303800737471,90,1,0,,0.24337662337662339,708,708.0,0.11801966994499083,1,CONTEST,752.02
DSP001318,TXN0286290,M000269,CUS0102320,Visa,CREDIT_NOT_PROCESSED,Credit Not Processed,2026-01-01,9999,746,249,2026-01-10,9,contested,lost,2026-02-10,4,3,1,0.5711166666666666,2,,,,,,,,,,,,,,,,,,subscription_edtech,digital_service,medium,0.670209300037051,42,1,0,,0.3180590805075931,995,995.0,0.09950995099509952,1,CONTEST,2185.27
DSP001319,TXN0286969,M000269,,Visa,UNAUTHORIZED_TRANSACTION,Unauthorized Transaction,2025-03-21,1499,619,227,2025-04-04,14,contested,lost,2025-04-17,4,2,2,0.3254666666666666,4,24999.0,upi,not_applicable,1.0,DEV833440,0.2609625342069283,4.0,0.0,0.0,,,,2025-05-03 16:25:00,0.0,0.0,0.0,,subscription_edtech,digital_service,medium,0.670209300037051,42,1,0,-43.68402777777778,0.0,846,846.0,0.5643762508338893,0,ACCEPT,-846.0
DSP001320,TXN0286907,M000269,CUS0102940,Visa,DUPLICATE_TRANSACTION,Duplicate Transaction,2025-08-30,24999,428,273,2025-09-15,16,contested,won,2025-09-20,2,1,1,0.4242333333333333,3,,,,,,,,,,,,,,,,,,subscription_edtech,digital_service,medium,0.670209300037051,42,1,0,,0.3753318077803204,701,701.0,0.028041121644865795,1,CONTEST,8681.92
DSP001321,TXN0288189,M000269,CUS0102454,Mastercard,RECURRING_BILLING_DISPUTE,Recurring Billing Dispute,2025-12-09,1499,583,255,2025-12-23,14,contested,won,2026-01-19,5,5,0,0.7449,1,,,,,,,,,,,,,,,,,,subscription_edtech,digital_service,medium,0.670209300037051,42,1,0,,0.8375151515151515,838,838.0,0.5590393595730487,1,CONTEST,417.44
DSP001322,TXN0286597,M000269,CUS0102892,RuPay,CREDIT_NOT_PROCESSED,Credit Not Processed,2025-12-31,1499,475,267,2026-01-19,19,contested,lost,2026-01-29,4,1,3,0.27343333333333336,4,,,,,,,,,,,,,,,,,,subscription_edtech,digital_service,medium,0.670209300037051,42,1,0,,0.0,742,742.0,0.494996664442962,0,ACCEPT,-742.0
DSP001323,TXN0288529,M000269,CUS0102632,Mastercard,MERCHANDISE_NOT_AS_DESCRIBED,Merchandise Not As Described,2025-12-06,2999,631,222,2025-12-21,15,contested,won,2025-12-22,4,4,0,0.6711833333333334,1,,,,,,,,,,,,,,,,,,subscription_edtech,digital_service,medium,0.670209300037051,42,1,0,,0.6836701585597585,853,853.0,0.28442814271423805,1,CONTEST,1197.33
DSP001324,TXN0287502,M000269,,RuPay,RECURRING_BILLING_DISPUTE,Recurring Billing Dispute,2025-05-08,2999,563,153,2025-05-21,13,contested,lost,2025-05-28,5,2,3,0.42746666666666666,3,,,,,,,,,,,,,,,,,,subscription_edtech,digital_service,medium,0.670209300037051,42,1,0,,0.0,716,716.0,0.2387462487495832,0,ACCEPT,-716.0
DSP001325,TXN0286667,M000269,CUS0102729,RuPay,CREDIT_NOT_PROCESSED,Credit Not Processed,2025-10-28,9999,413,201,2025-11-05,8,contested,won,2025-11-14,4,4,0,0.71985,1,,,,,,,,,,,,,,,,,,subscription_edtech,digital_service,medium,0.670209300037051,42,1,0,,0.6302139373616019,614,614.0,0.061406140614061404,1,CONTEST,5687.51
DSP001326,TXN0286662,M000269,,Visa,SERVICE_NOT_RENDERED,Service Not Rendered,2025-10-31,2999,728,279,2025-11-14,14,contested,won,2025-11-22,4,3,1,0.5805333333333333,2,,,,,,,,,,,,,,,,,,subscription_edtech,digital_service,medium,0.670209300037051,42,1,0,,0.5014117647058824,1007,1007.0,0.3357785928642881,1,CONTEST,496.73
DSP001327,TXN0287148,M000269,,Mastercard,SERVICE_NOT_RENDERED,Service Not Rendered,2025-12-22,2999,679,203,2026-01-07,16,contested,won,2026-01-12,4,2,2,0.5987166666666667,2,,,,,,,,,,,,,,,,,,subscription_edtech,digital_service,medium,0.670209300037051,42,1,0,,0.23760350851663228,882,882.0,0.2940980326775592,0,ACCEPT,-169.43
DSP001328,TXN0286261,M000269,,Mastercard,RECURRING_BILLING_DISPUTE,Recurring Billing Dispute,2025-05-13,2999,0,0,2025-05-28,15,accepted,accepted_refunded,,5,3,2,0.42815000000000003,3,,,,,,,,,,,,,,,,,,subscription_edtech,digital_service,medium,0.670209300037051,42,1,0,,0.07007319056654919,0,797.0,0.2657552517505835,0,ACCEPT,-586.85
DSP001329,TXN0287605,M000269,CUS0102838,Visa,SERVICE_NOT_RENDERED,Service Not Rendered,2025-03-16,9999,0,0,2025-04-02,17,accepted,accepted_refunded,,4,3,1,0.4202333333333333,3,,,,,,,,,,,,,,,,,,subscription_edtech,digital_service,medium,0.670209300037051,42,1,0,,0.2778631046056937,0,797.0,0.07970797079707971,1,CONTEST,1981.35
DSP001330,TXN0287763,M000269,,Visa,SERVICE_NOT_RENDERED,Service Not Rendered,2025-08-09,9999,0,0,2025-08-23,14,accepted,accepted_refunded,,4,4,0,0.8760166666666667,0,,,,,,,,,,,,,,,,,,subscription_edtech,digital_service,medium,0.670209300037051,42,1,0,,0.8550469747698977,0,797.0,0.07970797079707971,1,CONTEST,7752.61
DSP001331,TXN0288133,M000269,CUS0102956,Mastercard,RECURRING_BILLING_DISPUTE,Recurring Billing Dispute,2025-06-21,1499,0,0,2025-07-12,21,accepted,accepted_refunded,,5,5,0,0.6359666666666667,1,,,,,,,,,,,,,,,,,,subscription_edtech,digital_service,medium,0.670209300037051,42,1,0,,0.7275013590437762,0,797.0,0.5316877918612408,1,CONTEST,293.52
DSP001332,TXN0286706,M000269,CUS0102595,Mastercard,UNAUTHORIZED_TRANSACTION,Unauthorized Transaction,2025-10-09,1499,729,260,2025-10-29,20,contested,lost,2025-10-25,4,4,0,0.7537333333333334,1,,,,,,,,,,,,,,,,,,subscription_edtech,digital_service,medium,0.670209300037051,42,1,0,,0.47865838109224096,989,989.0,0.6597731821214142,0,ACCEPT,-271.49
DSP001333,TXN0288346,M000269,,Visa,CREDIT_NOT_PROCESSED,Credit Not Processed,2025-05-10,1499,693,260,2025-05-28,18,contested,won,2025-05-30,4,3,1,0.6862166666666667,1,,,,,,,,,,,,,,,,,,subscription_edtech,digital_service,medium,0.670209300037051,42,1,0,,0.6070132684652808,953,953.0,0.6357571714476318,0,ACCEPT,-43.09
DSP001334,TXN0286220,M000269,CUS0102335,Mastercard,SERVICE_NOT_RENDERED,Service Not Rendered,2026-01-02,1499,629,168,2026-01-19,17,contested,won,2026-01-21,4,4,0,0.8451,0,,,,,,,,,,,,,,,,,,subscription_edtech,digital_service,medium,0.670209300037051,42,1,0,,0.9347389865036924,797,797.0,0.5316877918612408,1,CONTEST,604.17
DSP001335,TXN0287017,M000269,CUS0102649,Visa,RECURRING_BILLING_DISPUTE,Recurring Billing Dispute,2025-11-16,24999,504,225,2025-12-03,17,contested,lost,2025-12-27,5,3,2,0.5623,2,,,,,,,,,,,,,,,,,,subscription_edtech,digital_service,medium,0.670209300037051,42,1,0,,0.136240748498813,729,729.0,0.029161166446657866,1,CONTEST,2676.88
DSP001336,TXN0286449,M000269,CUS0102943,RuPay,SERVICE_NOT_RENDERED,Service Not Rendered,2025-06-15,9999,710,205,2025-07-01,16,contested,won,2025-07-20,4,4,0,0.5620666666666666,2,,,,,,,,,,,,,,,,,,subscription_edtech,digital_service,medium,0.670209300037051,42,1,0,,0.5874666846143491,915,915.0,0.09150915091509151,1,CONTEST,4959.08
DSP001337,TXN0291076,M000270,,Mastercard,MERCHANDISE_NOT_RECEIVED,Merchandise Not Received,2025-07-02,1295,691,154,2025-07-21,19,contested,won,2025-08-15,4,4,0,0.6798666666666667,1,,,,,,,,,,,,,,,,,,d2c_brand,physical_delivery,medium,0.7189279536498778,41,0,1,,0.7740856254458137,845,845.0,0.6525096525096525,1,CONTEST,157.44
DSP001338,TXN0289729,M000270,CUS0103136,Visa,MERCHANDISE_NOT_AS_DESCRIBED,Merchandise Not As Described,2025-09-05,4400,0,0,2025-09-19,14,accepted,accepted_refunded,,3,3,0,0.61075,2,,,,,,,,,,,,,,,,,,d2c_brand,physical_delivery,medium,0.7189279536498778,41,0,1,,0.5029067620398953,0,797.0,0.18113636363636362,1,CONTEST,1415.79
DSP001339,TXN0289464,M000270,CUS0103622,RuPay,MERCHANDISE_NOT_AS_DESCRIBED,Merchandise Not As Described,2025-10-16,945,0,0,2025-10-24,8,accepted,accepted_refunded,,3,2,1,0.4785166666666667,3,,,,,,,,,,,,,,,,,,d2c_brand,physical_delivery,medium,0.7189279536498778,41,0,1,,0.2277922077922078,0,797.0,0.8433862433862434,0,ACCEPT,-581.74
DSP001340,TXN0291119,M000270,CUS0103179,Mastercard,MERCHANDISE_NOT_RECEIVED,Merchandise Not Received,2026-02-05,1550,0,0,2026-02-21,16,accepted,accepted_refunded,,4,3,1,0.5771833333333333,2,,,,,,,,,,,,,,,,,,d2c_brand,physical_delivery,medium,0.7189279536498778,41,0,1,,0.436081201579816,0,797.0,0.5141935483870967,0,ACCEPT,-121.07
DSP001341,TXN0290993,M000270,CUS0103808,Mastercard,CREDIT_NOT_PROCESSED,Credit Not Processed,2025-08-11,2545,656,169,2025-08-25,14,contested,lost,2025-09-25,3,2,1,0.6072666666666667,2,,,,,,,,,,,,,,,,,,d2c_brand,physical_delivery,medium,0.7189279536498778,41,0,1,,0.2554739120528594,825,825.0,0.3241650294695481,0,ACCEPT,-174.82
DSP001342,TXN0291147,M000270,,Mastercard,MERCHANDISE_NOT_RECEIVED,Merchandise Not Received,2025-07-28,800,601,255,2025-08-18,21,contested,lost,2025-08-22,4,3,1,0.773,1,,,,,,,,,,,,,,,,,,d2c_brand,physical_delivery,medium,0.7189279536498778,41,0,1,,0.6070132684652808,856,856.0,1.0,0,ACCEPT,-370.39
DSP001343,TXN0290016,M000270,CUS0103268,Visa,MERCHANDISE_NOT_RECEIVED,Merchandise Not Received,2026-01-17,3549,746,178,2026-01-27,10,contested,won,2026-02-28,4,3,1,0.7923833333333333,1,,,,,,,,,,,,,,,,,,d2c_brand,physical_delivery,medium,0.7189279536498778,41,0,1,,0.5924495449163831,924,924.0,0.2603550295857988,1,CONTEST,1178.6
DSP001344,TXN0289704,M000270,CUS0103258,RuPay,UNAUTHORIZED_TRANSACTION,Unauthorized Transaction,2025-04-06,2245,716,209,2025-04-17,11,contested,lost,2025-04-28,4,4,0,0.7508833333333333,1,,,,,,,,,,,,,,,,,,d2c_brand,physical_delivery,medium,0.7189279536498778,41,0,1,,0.43847279283404694,925,925.0,0.41202672605790647,1,CONTEST,59.37
DSP001345,TXN0289672,M000270,CUS0103384,Mastercard,MERCHANDISE_NOT_AS_DESCRIBED,Merchandise Not As Described,2025-11-20,3450,516,284,2025-11-28,8,contested,lost,2025-12-24,3,3,0,0.7412833333333334,1,,,,,,,,,,,,,,,,,,d2c_brand,physical_delivery,medium,0.7189279536498778,41,0,1,,0.6070132684652808,800,800.0,0.2318840579710145,1,CONTEST,1294.2
DSP001346,TXN0289734,M000270,CUS0103720,Visa,MERCHANDISE_NOT_RECEIVED,Merchandise Not Received,2025-05-18,800,460,161,2025-06-07,20,contested,won,2025-06-09,4,3,1,0.7259000000000001,1,,,,,,,,,,,,,,,,,,d2c_brand,physical_delivery,medium,0.7189279536498778,41,0,1,,0.6519693314634135,621,621.0,0.77625,0,ACCEPT,-99.42
DSP001347,TXN0288644,M000270,,Mastercard,MERCHANDISE_NOT_RECEIVED,Merchandise Not Received,2025-07-30,899,0,0,2025-08-18,19,accepted,accepted_refunded,,4,2,2,0.43583333333333335,3,695.0,upi,not_applicable,1.0,DEV534307,0.2693093397374393,1.0,0.0,0.0,delivered,2025-11-09,1.0,2025-11-01 07:40:00,0.0,0.0,0.0,,d2c_brand,physical_delivery,medium,0.7189279536498778,41,0,1,-94.31944444444444,0.10643682693018557,0,797.0,0.8865406006674083,0,ACCEPT,-701.31
DSP001348,TXN0292206,M000271,,Visa,MERCHANDISE_NOT_RECEIVED,Merchandise Not Received,2025-08-22,1100,565,178,2025-09-01,10,contested,lost,2025-09-15,4,3,1,0.7567499999999999,1,,,,,,,,,,,,,,,,,,d2c_brand,physical_delivery,medium,0.7778193423044161,30,0,1,,0.5616799351319475,743,743.0,0.6754545454545454,0,ACCEPT,-125.15
DSP001349,TXN0293870,M000271,,Mastercard,UNAUTHORIZED_TRANSACTION,Unauthorized Transaction,2025-10-14,1145,417,287,2025-10-28,14,contested,won,2025-11-20,4,4,0,0.7535833333333333,1,,,,,,,,,,,,,,,,,,d2c_brand,physical_delivery,medium,0.7778193423044161,30,0,1,,0.4829824561403509,704,704.0,0.6148471615720524,0,ACCEPT,-150.99
DSP001350,TXN0292714,M000271,,Mastercard,UNAUTHORIZED_TRANSACTION,Unauthorized Transaction,2025-03-16,1149,0,0,2025-03-31,15,accepted,accepted_refunded,,4,4,0,0.7587333333333333,1,1349.0,netbanking,not_applicable,1.0,,0.184890614349773,3.0,0.0,0.0,in_transit,,0.0,2025-03-05 07:29:00,0.0,0.0,0.0,,d2c_brand,physical_delivery,medium,0.7778193423044161,30,0,1,10.688194444444445,0.6004198618718742,0,797.0,0.6936466492602262,0,ACCEPT,-107.12
DSP001351,TXN0293245,M000271,CUS0104626,Mastercard,MERCHANDISE_NOT_RECEIVED,Merchandise Not Received,2025-07-17,3600,674,257,2025-07-25,8,contested,won,2025-08-24,4,3,1,0.7846833333333333,1,,,,,,,,,,,,,,,,,,d2c_brand,physical_delivery,medium,0.7778193423044161,30,0,1,,0.5577934675638545,931,931.0,0.2586111111111111,1,CONTEST,1077.06
DSP001352,TXN0293695,M000271,CUS0104136,Visa,UNAUTHORIZED_TRANSACTION,Unauthorized Transaction,2025-10-14,1350,452,286,2025-10-30,16,contested,won,2025-11-27,4,4,0,0.7665833333333333,1,,,,,,,,,,,,,,,,,,d2c_brand,physical_delivery,medium,0.7778193423044161,30,0,1,,0.5279824561403509,738,738.0,0.5466666666666666,0,ACCEPT,-25.22
DSP001353,TXN0292843,M000271,CUS0104339,Visa,MERCHANDISE_NOT_RECEIVED,Merchandise Not Received,2025-05-05,10600,558,211,2025-05-15,10,contested,lost,2025-06-14,4,3,1,0.62265,2,,,,,,,,,,,,,,,,,,d2c_brand,physical_delivery,medium,0.7778193423044161,30,0,1,,0.39871345029239763,769,769.0,0.07254716981132076,1,CONTEST,3457.36
DSP001354,TXN0291776,M000271,CUS0104057,Mastercard,DUPLICATE_TRANSACTION,Duplicate Transaction,2025-12-14,1550,732,252,2025-12-29,15,contested,won,2026-01-10,2,2,0,0.9350999999999999,0,,,,,,,,,,,,,,,,,,d2c_brand,physical_delivery,medium,0.7778193423044161,30,0,1,,0.9347389865036924,984,984.0,0.6348387096774194,1,CONTEST,464.85
DSP001355,TXN0293780,M000271,CUS0104547,Mastercard,MERCHANDISE_NOT_AS_DESCRIBED,Merchandise Not As Described,2025-12-25,1645,587,204,2026-01-12,18,contested,won,2026-01-30,3,2,1,0.7838833333333333,1,,,,,,,,,,,,,,,,,,d2c_brand,physical_delivery,medium,0.7778193423044161,30,0,1,,0.4926596279537456,791,791.0,0.4808510638297872,1,CONTEST,19.43
DSP001356,TXN0292226,M000271,,RuPay,DUPLICATE_TRANSACTION,Duplicate Transaction,2025-08-04,749,450,227,2025-08-15,11,contested,won,2025-09-08,2,1,1,0.5536666666666666,2,,,,,,,,,,,,,,,,,,d2c_brand,physical_delivery,medium,0.7778193423044161,30,0,1,,0.5625228758169935,677,677.0,0.9038718291054739,0,ACCEPT,-255.67
DSP001357,TXN0293417,M000271,CUS0104923,Visa,MERCHANDISE_NOT_AS_DESCRIBED,Merchandise Not As Described,2025-10-21,699,401,156,2025-11-01,11,contested,won,2025-11-15,3,3,0,0.78695,1,,,,,,,,,,,,,,,,,,d2c_brand,physical_delivery,medium,0.7778193423044161,30,0,1,,0.7139426043801921,557,557.0,0.7968526466380543,0,ACCEPT,-57.95
DSP001358,TXN0296490,M000272,CUS0105482,Visa,RECURRING_BILLING_DISPUTE,Recurring Billing Dispute,2025-06-07,2499,731,253,2025-06-16,9,contested,lost,2025-07-17,5,2,3,0.36355000000000004,3,,,,,,,,,,,,,,,,,,fitness_membership,membership_service,medium,0.5014844724690743,120,1,0,,0.0,984,984.0,0.3937575030012005,0,ACCEPT,-984.0
DSP001359,TXN0296205,M000272,CUS0105635,Mastercard,SERVICE_NOT_RENDERED,Service Not Rendered,2025-05-16,2499,0,0,2025-05-30,14,accepted,accepted_refunded,,4,3,1,0.41873333333333335,2,,,,,,,,,,,,,,,,,,fitness_membership,membership_service,medium,0.5014844724690743,120,1,0,,0.2277922077922078,0,797.0,0.31892757102841135,0,ACCEPT,-227.75
DSP001360,TXN0296342,M000272,CUS0105205,Mastercard,SERVICE_NOT_RENDERED,Service Not Rendered,2025-09-13,24999,488,287,2025-09-27,14,contested,lost,2025-09-28,4,1,3,0.1554,5,,,,,,,,,,,,,,,,,,fitness_membership,membership_service,medium,0.5014844724690743,120,1,0,,0.0,775,775.0,0.031001240049601985,0,ACCEPT,-775.0
DSP001361,TXN0294645,M000272,CUS0105454,Visa,RECURRING_BILLING_DISPUTE,Recurring Billing Dispute,2025-05-29,2499,0,0,2025-06-13,15,accepted,accepted_refunded,,5,2,3,0.21224999999999997,4,,,,,,,,,,,,,,,,,,fitness_membership,membership_service,medium,0.5014844724690743,120,1,0,,0.0,0,797.0,0.31892757102841135,0,ACCEPT,-797.0
DSP001362,TXN0295449,M000272,CUS0104996,Mastercard,SERVICE_NOT_RENDERED,Service Not Rendered,2025-12-20,5999,0,0,2026-01-08,19,accepted,accepted_refunded,,4,2,2,0.3816833333333333,3,,,,,,,,,,,,,,,,,,fitness_membership,membership_service,medium,0.5014844724690743,120,1,0,,0.015384615384615385,0,797.0,0.13285547591265212,0,ACCEPT,-704.71
DSP001363,TXN0296247,M000272,CUS0105902,RuPay,RECURRING_BILLING_DISPUTE,Recurring Billing Dispute,2025-09-04,5999,0,0,2025-09-16,12,accepted,accepted_refunded,,5,4,1,0.5001000000000001,2,,,,,,,,,,,,,,,,,,fitness_membership,membership_service,medium,0.5014844724690743,120,1,0,,0.24337662337662339,0,797.0,0.13285547591265212,1,CONTEST,663.02
DSP001364,TXN0296482,M000272,CUS0105095,Mastercard,CREDIT_NOT_PROCESSED,Credit Not Processed,2025-10-06,2499,735,156,2025-10-26,20,contested,lost,2025-10-30,4,1,3,0.1524,5,,,,,,,,,,,,,,,,,,fitness_membership,membership_service,medium,0.5014844724690743,120,1,0,,0.0,891,891.0,0.3565426170468187,0,ACCEPT,-891.0
DSP001365,TXN0294883,M000272,,Mastercard,MERCHANDISE_NOT_AS_DESCRIBED,Merchandise Not As Described,2025-07-17,2499,618,188,2025-07-26,9,contested,lost,2025-08-04,4,1,3,0.3043166666666666,4,14999.0,debit_card,passed,1.0,DEV988905,0.5280495186634849,1.0,0.0,0.0,,,,2025-10-13 15:33:00,0.0,0.0,0.0,,fitness_membership,membership_service,medium,0.5014844724690743,120,1,0,-88.64791666666666,0.0,806,806.0,0.32252901160464187,0,ACCEPT,-806.0
DSP001366,TXN0296413,M000272,,Visa,RECURRING_BILLING_DISPUTE,Recurring Billing Dispute,2026-01-23,2499,0,0,2026-02-02,10,accepted,accepted_refunded,,5,3,2,0.283,3,,,,,,,,,,,,,,,,,,fitness_membership,membership_service,medium,0.5014844724690743,120,1,0,,0.0,0,797.0,0.31892757102841135,0,ACCEPT,-797.0
DSP001367,TXN0295322,M000272,CUS0105010,Mastercard,RECURRING_BILLING_DISPUTE,Recurring Billing Dispute,2025-04-24,2499,0,0,2025-05-14,20,accepted,accepted_refunded,,5,4,1,0.7006166666666666,1,,,,,,,,,,,,,,,,,,fitness_membership,membership_service,medium,0.5014844724690743,120,1,0,,0.5696923076923077,0,797.0,0.31892757102841135,1,CONTEST,626.66
DSP001368,TXN0296165,M000272,CUS0105750,Visa,UNAUTHORIZED_TRANSACTION,Unauthorized Transaction,2025-07-01,5999,0,0,2025-07-19,18,accepted,accepted_refunded,,4,2,2,0.45144999999999996,3,,,,,,,,,,,,,,,,,,fitness_membership,membership_service,medium,0.5014844724690743,120,1,0,,0.0,0,797.0,0.13285547591265212,0,ACCEPT,-797.0
DSP001369,TXN0296271,M000272,,Visa,SERVICE_NOT_RENDERED,Service Not Rendered,2025-09-28,2499,676,213,2025-10-17,19,contested,won,2025-10-23,4,2,2,0.39421666666666666,3,,,,,,,,,,,,,,,,,,fitness_membership,membership_service,medium,0.5014844724690743,120,1,0,,0.07007319056654919,889,889.0,0.3557422969187675,0,ACCEPT,-713.89
DSP001370,TXN0296024,M000272,,RuPay,CREDIT_NOT_PROCESSED,Credit Not Processed,2025-12-11,2499,554,186,2025-12-28,17,contested,lost,2025-12-29,4,1,3,0.14273333333333335,5,,,,,,,,,,,,,,,,,,fitness_membership,membership_service,medium,0.5014844724690743,120,1,0,,0.0,740,740.0,0.2961184473789516,0,ACCEPT,-740.0
DSP001371,TXN0294148,M000272,CUS0105274,RuPay,RECURRING_BILLING_DISPUTE,Recurring Billing Dispute,2025-10-15,14999,624,234,2025-10-28,13,contested,lost,2025-11-29,5,2,3,0.25061666666666665,4,,,,,,,,,,,,,,,,,,fitness_membership,membership_service,medium,0.5014844724690743,120,1,0,,0.0,858,858.0,0.057203813587572504,0,ACCEPT,-858.0
DSP001372,TXN0295153,M000272,CUS0105411,Visa,RECURRING_BILLING_DISPUTE,Recurring Billing Dispute,2025-08-29,5999,0,0,2025-09-11,13,accepted,accepted_refunded,,5,1,4,0.1524,5,,,,,,,,,,,,,,,,,,fitness_membership,membership_service,medium,0.5014844724690743,120,1,0,,0.0,0,797.0,0.13285547591265212,0,ACCEPT,-797.0
DSP001373,TXN0294901,M000272,CUS0105733,RuPay,RECURRING_BILLING_DISPUTE,Recurring Billing Dispute,2025-08-19,2499,621,189,2025-08-29,10,contested,lost,2025-09-26,5,3,2,0.5434666666666667,2,,,,,,,,,,,,,,,,,,fitness_membership,membership_service,medium,0.5014844724690743,120,1,0,,0.03225806451612903,810,810.0,0.3241296518607443,0,ACCEPT,-729.39
DSP001374,TXN0294016,M000272,,Mastercard,SERVICE_NOT_RENDERED,Service Not Rendered,2025-08-28,14999,715,173,2025-09-17,20,contested,lost,2025-09-29,4,3,1,0.5005666666666667,2,,,,,,,,,,,,,,,,,,fitness_membership,membership_service,medium,0.5014844724690743,120,1,0,,0.2277922077922078,888,888.0,0.05920394692979532,1,CONTEST,2528.66
DSP001375,TXN0296329,M000272,CUS0105015,RuPay,RECURRING_BILLING_DISPUTE,Recurring Billing Dispute,2025-06-10,2499,527,176,2025-06-25,15,contested,lost,2025-07-17,5,3,2,0.4915333333333334,2,,,,,,,,,,,,,,,,,,fitness_membership,membership_service,medium,0.5014844724690743,120,1,0,,0.03225806451612903,703,703.0,0.281312525010004,0,ACCEPT,-622.39
DSP001376,TXN0294217,M000272,CUS0105709,Visa,RECURRING_BILLING_DISPUTE,Recurring Billing Dispute,2025-07-05,2499,439,209,2025-07-22,17,contested,lost,2025-07-19,5,3,2,0.52345,2,,,,,,,,,,,,,,,,,,fitness_membership,membership_service,medium,0.5014844724690743,120,1,0,,0.03225806451612903,648,648.0,0.25930372148859543,0,ACCEPT,-567.39
DSP001377,TXN0297709,M000273,CUS0106216,Visa,MERCHANDISE_NOT_RECEIVED,Merchandise Not Received,2025-12-20,1499,540,296,2026-01-06,17,contested,won,2026-02-01,4,4,0,0.8905,0,,,,,,,,,,,,,,,,,,d2c_brand,physical_delivery,medium,0.7784969468529888,112,0,1,,0.9008112136806904,836,836.0,0.5577051367578385,1,CONTEST,514.32
DSP001378,TXN0296935,M000273,CUS0106357,RuPay,MERCHANDISE_NOT_AS_DESCRIBED,Merchandise Not As Described,2025-10-11,1249,738,274,2025-10-20,9,contested,won,2025-11-19,3,3,0,0.763,1,,,,,,,,,,,,,,,,,,d2c_brand,physical_delivery,medium,0.7784969468529888,112,0,1,,0.6702086200982202,1012,1012.0,0.8102481985588471,0,ACCEPT,-174.91
DSP001379,TXN0297232,M000273,CUS0106308,Visa,DUPLICATE_TRANSACTION,Duplicate Transaction,2025-06-10,795,621,158,2025-06-25,15,contested,won,2025-06-26,2,1,1,0.54135,2,,,,,,,,,,,,,,,,,,d2c_brand,physical_delivery,medium,0.7784969468529888,112,0,1,,0.48528502415458946,779,779.0,0.979874213836478,0,ACCEPT,-393.2
DSP001380,TXN0297369,M000273,,Visa,UNAUTHORIZED_TRANSACTION,Unauthorized Transaction,2026-01-13,700,514,194,2026-02-01,19,contested,won,2026-02-10,4,4,0,0.9123,0,1749.0,debit_card,passed,1.0,DEV336254,0.4961856287559524,1.0,0.0,0.0,delivered,2025-05-28,1.0,2025-05-21 18:19:00,0.0,0.0,0.0,,d2c_brand,physical_delivery,medium,0.7784969468529888,112,0,1,236.23680555555555,0.7269718820079352,708,708.0,1.0,0,ACCEPT,-199.12
DSP001381,TXN0298306,M000273,CUS0106446,Mastercard,MERCHANDISE_NOT_RECEIVED,Merchandise Not Received,2025-07-24,2049,575,257,2025-08-14,21,contested,lost,2025-08-10,4,1,3,0.49,3,,,,,,,,,,,,,,,,,,d2c_brand,physical_delivery,medium,0.7784969468529888,112,0,1,,0.07007319056654919,832,832.0,0.40605173255246463,0,ACCEPT,-688.42
DSP001382,TXN0299030,M000273,,RuPay,CREDIT_NOT_PROCESSED,Credit Not Processed,2025-07-07,1050,744,267,2025-07-28,21,contested,lost,2025-08-03,3,3,0,0.9291166666666667,0,,,,,,,,,,,,,,,,,,d2c_brand,physical_delivery,medium,0.7784969468529888,112,0,1,,0.6789996429014551,1011,1011.0,0.9628571428571429,0,ACCEPT,-298.05
DSP001383,TXN0298173,M000273,CUS0106751,Visa,UNAUTHORIZED_TRANSACTION,Unauthorized Transaction,2025-09-06,1645,464,205,2025-09-20,14,contested,lost,2025-10-07,4,4,0,0.9555833333333333,0,,,,,,,,,,,,,,,,,,d2c_brand,physical_delivery,medium,0.7784969468529888,112,0,1,,0.4364429188914315,669,669.0,0.4066869300911854,1,CONTEST,48.95
DSP001384,TXN0297918,M000273,CUS0106859,Mastercard,MERCHANDISE_NOT_AS_DESCRIBED,Merchandise Not As Described,2025-08-14,699,582,278,2025-09-04,21,contested,lost,2025-09-04,3,0,3,0.43741666666666673,3,,,,,,,,,,,,,,,,,,d2c_brand,physical_delivery,medium,0.7784969468529888,112,0,1,,0.04706670907391246,860,860.0,1.0,0,ACCEPT,-827.1
DSP001385,TXN0297408,M000273,CUS0106857,Visa,DUPLICATE_TRANSACTION,Duplicate Transaction,2025-08-15,900,427,226,2025-08-23,8,contested,won,2025-09-02,2,2,0,0.6443666666666666,2,,,,,,,,,,,,,,,,,,d2c_brand,physical_delivery,medium,0.7784969468529888,112,0,1,,0.6735705807182453,653,653.0,0.7255555555555555,0,ACCEPT,-46.79
DSP001386,TXN0299613,M000274,,Mastercard,CREDIT_NOT_PROCESSED,Credit Not Processed,2025-04-16,40000,507,289,2025-04-29,13,contested,lost,2025-05-05,4,3,1,0.5475333333333333,2,,,,,,,,,,,,,,,,,,travel_booking,booking_service,medium,0.5277083998646871,113,0,0,,0.24337662337662339,796,796.0,0.0199,1,CONTEST,8939.06
DSP001387,TXN0301005,M000274,CUS0106969,Visa,CREDIT_NOT_PROCESSED,Credit Not Processed,2025-08-14,9600,0,0,2025-08-27,13,accepted,accepted_refunded,,4,3,1,0.46708333333333335,2,,,,,,,,,,,,,,,,,,travel_booking,booking_service,medium,0.5277083998646871,113,0,0,,0.24360248447204969,0,797.0,0.08302083333333334,1,CONTEST,1541.58
DSP001388,TXN0300848,M000274,CUS0107016,RuPay,MERCHANDISE_NOT_AS_DESCRIBED,Merchandise Not As Described,2025-06-15,16295,585,261,2025-06-22,7,contested,lost,2025-07-17,3,2,1,0.37316666666666665,3,,,,,,,,,,,,,,,,,,travel_booking,booking_service,medium,0.5277083998646871,113,0,0,,0.07007319056654919,846,846.0,0.05191776618594661,1,CONTEST,295.84
DSP001389,TXN0300534,M000274,CUS0106889,Mastercard,SERVICE_NOT_RENDERED,Service Not Rendered,2025-03-07,9399,0,0,2025-03-22,15,accepted,accepted_refunded,,3,2,1,0.58845,2,,,,,,,,,,,,,,,,,,travel_booking,booking_service,medium,0.5277083998646871,113,0,0,,0.25320118478013215,0,797.0,0.08479625492073625,1,CONTEST,1582.84
DSP001390,TXN0299473,M000274,,Visa,CREDIT_NOT_PROCESSED,Credit Not Processed,2025-11-20,13400,671,174,2025-12-10,20,contested,lost,2025-12-16,4,2,2,0.2457666666666667,4,,,,,,,,,,,,,,,,,,travel_booking,booking_service,medium,0.5277083998646871,113,0,0,,0.0,845,845.0,0.06305970149253731,0,ACCEPT,-845.0
DSP001391,TXN0299457,M000274,CUS0107726,Mastercard,SERVICE_NOT_RENDERED,Service Not Rendered,2026-01-05,14900,596,240,2026-01-13,8,contested,lost,2026-01-23,3,2,1,0.5358833333333334,2,,,,,,,,,,,,,,,,,,travel_booking,booking_service,medium,0.5277083998646871,113,0,0,,0.24514776695407742,836,836.0,0.05610738255033557,1,CONTEST,2816.7
DSP001392,TXN0301110,M000274,,Mastercard,CREDIT_NOT_PROCESSED,Credit Not Processed,2026-01-24,7999,685,252,2026-02-02,9,contested,won,2026-03-04,4,3,1,0.4302333333333333,2,,,,,,,,,,,,,,,,,,travel_booking,booking_service,medium,0.5277083998646871,113,0,0,,0.2591869000564653,937,937.0,0.11713964245530692,1,CONTEST,1136.24
DSP001393,TXN0301821,M000274,CUS0106935,Visa,DUPLICATE_TRANSACTION,Duplicate Transaction,2025-03-22,3350,730,216,2025-04-06,15,contested,won,2025-04-24,2,2,0,0.4541,3,,,,,,,,,,,,,,,,,,travel_booking,booking_service,medium,0.5277083998646871,113,0,0,,0.4655555555555556,946,946.0,0.28238805970149256,1,CONTEST,613.61
DSP001394,TXN0301617,M000274,CUS0107184,RuPay,SERVICE_NOT_RENDERED,Service Not Rendered,2025-11-07,15700,0,0,2025-11-25,18,accepted,accepted_refunded,,3,1,2,0.46471666666666667,2,,,,,,,,,,,,,,,,,,travel_booking,booking_service,medium,0.5277083998646871,113,0,0,,0.05578747628083491,0,797.0,0.05076433121019108,1,CONTEST,78.86
DSP001395,TXN0300537,M000274,CUS0107029,Visa,MERCHANDISE_NOT_AS_DESCRIBED,Merchandise Not As Described,2025-11-20,1850,750,246,2025-12-10,20,contested,lost,2025-12-14,3,2,1,0.40196666666666664,3,,,,,,,,,,,,,,,,,,travel_booking,booking_service,medium,0.5277083998646871,113,0,0,,0.20290741516547967,996,996.0,0.5383783783783784,0,ACCEPT,-620.62
DSP001396,TXN0304014,M000275,,Visa,RECURRING_BILLING_DISPUTE,Recurring Billing Dispute,2025-03-10,1499,695,181,2025-03-17,7,contested,lost,2025-04-22,5,2,3,0.34418333333333334,3,,,,,,,,,,,,,,,,,,fitness_membership,membership_service,medium,0.4553064874412149,59,1,0,,0.0,876,876.0,0.5843895930620414,0,ACCEPT,-876.0
DSP001397,TXN0304177,M000275,CUS0108274,Visa,MERCHANDISE_NOT_AS_DESCRIBED,Merchandise Not As Described,2026-01-03,5999,0,0,2026-01-23,20,accepted,accepted_refunded,,4,1,3,0.4047,3,,,,,,,,,,,,,,,,,,fitness_membership,membership_service,medium,0.4553064874412149,59,1,0,,0.0,0,797.0,0.13285547591265212,0,ACCEPT,-797.0
DSP001398,TXN0303513,M000275,CUS0108463,RuPay,SERVICE_NOT_RENDERED,Service Not Rendered,2025-07-01,14999,741,242,2025-07-19,18,contested,lost,2025-08-14,4,1,3,0.12616666666666668,5,,,,,,,,,,,,,,,,,,fitness_membership,membership_service,medium,0.4553064874412149,59,1,0,,0.0,983,983.0,0.0655377025135009,0,ACCEPT,-983.0
DSP001399,TXN0302187,M000275,,RuPay,RECURRING_BILLING_DISPUTE,Recurring Billing Dispute,2025-09-30,1499,0,0,2025-10-07,7,accepted,accepted_refunded,,5,1,4,0.27686666666666665,4,,,,,,,,,,,,,,,,,,fitness_membership,membership_service,medium,0.4553064874412149,59,1,0,,0.0,0,797.0,0.5316877918612408,0,ACCEPT,-797.0
DSP001400,TXN0304035,M000275,CUS0108669,Visa,SERVICE_NOT_RENDERED,Service Not Rendered,2025-12-16,1499,538,193,2026-01-03,18,contested,lost,2026-01-25,4,3,1,0.6241333333333333,1,,,,,,,,,,,,,,,,,,fitness_membership,membership_service,medium,0.4553064874412149,59,1,0,,0.3230590805075931,731,731.0,0.4876584389593062,0,ACCEPT,-246.73
DSP001401,TXN0304579,M000275,CUS0108442,Visa,MERCHANDISE_NOT_AS_DESCRIBED,Merchandise Not As Described,2025-12-27,5999,0,0,2026-01-04,8,accepted,accepted_refunded,,4,4,0,0.6264500000000001,1,,,,,,,,,,,,,,,,,,fitness_membership,membership_service,medium,0.4553064874412149,59,1,0,,0.44333333333333336,0,797.0,0.13285547591265212,1,CONTEST,1862.56
DSP001402,TXN0302665,M000275,CUS0108662,Visa,RECURRING_BILLING_DISPUTE,Recurring Billing Dispute,2025-11-17,1499,493,167,2025-11-24,7,contested,lost,2025-12-10,5,2,3,0.25961666666666666,4,,,,,,,,,,,,,,,,,,fitness_membership,membership_service,medium,0.4553064874412149,59,1,0,,0.0,660,660.0,0.4402935290193462,0,ACCEPT,-660.0
DSP001403,TXN0302233,M000275,CUS0107987,Visa,MERCHANDISE_NOT_AS_DESCRIBED,Merchandise Not As Described,2025-11-29,1499,489,167,2025-12-14,15,contested,lost,2025-12-29,4,1,3,0.10401666666666666,5,,,,,,,,,,,,,,,,,,fitness_membership,membership_service,medium,0.4553064874412149,59,1,0,,0.0,656,656.0,0.437625083388926,0,ACCEPT,-656.0
DSP001404,TXN0304366,M000275,CUS0108296,Visa,CREDIT_NOT_PROCESSED,Credit Not Processed,2025-02-08,5999,451,236,2025-02-16,8,contested,lost,2025-02-27,4,3,1,0.6431833333333333,1,,,,,,,,,,,,,,,,,,fitness_membership,membership_service,medium,0.4553064874412149,59,1,0,,0.2567099567099567,687,687.0,0.11451908651441907,1,CONTEST,853.0
DSP001405,TXN0302923,M000275,CUS0108264,Mastercard,RECURRING_BILLING_DISPUTE,Recurring Billing Dispute,2025-12-26,1499,747,212,2026-01-10,15,contested,lost,2026-01-11,5,1,4,0.30086666666666667,4,,,,,,,,,,,,,,,,,,fitness_membership,membership_service,medium,0.4553064874412149,59,1,0,,0.0,959,959.0,0.6397598398932621,0,ACCEPT,-959.0
DSP001406,TXN0303766,M000275,CUS0108151,Visa,RECURRING_BILLING_DISPUTE,Recurring Billing Dispute,2025-03-17,5999,0,0,2025-03-26,9,accepted,accepted_refunded,,5,2,3,0.33346666666666663,3,,,,,,,,,,,,,,,,,,fitness_membership,membership_service,medium,0.4553064874412149,59,1,0,,0.0,0,797.0,0.13285547591265212,0,ACCEPT,-797.0
DSP001407,TXN0303166,M000275,,Visa,UNAUTHORIZED_TRANSACTION,Unauthorized Transaction,2025-03-16,1499,445,226,2025-03-29,13,contested,lost,2025-04-04,4,3,1,0.6501666666666667,1,,,,,,,,,,,,,,,,,,fitness_membership,membership_service,medium,0.4553064874412149,59,1,0,,0.19142857142857142,671,671.0,0.447631754503002,0,ACCEPT,-384.05
DSP001408,TXN0303786,M000275,,Visa,SERVICE_NOT_RENDERED,Service Not Rendered,2025-06-26,1499,418,218,2025-07-10,14,contested,lost,2025-08-06,4,2,2,0.31066666666666665,3,1499.0,credit_card,passed,1.0,DEV381609,0.3554350503802315,1.0,0.0,0.0,,,,2025-04-19 10:13:00,0.0,0.0,0.0,,fitness_membership,membership_service,medium,0.4553064874412149,59,1,0,67.57430555555555,0.0,636,636.0,0.4242828552368246,0,ACCEPT,-636.0
DSP001409,TXN0302496,M000275,,Visa,RECURRING_BILLING_DISPUTE,Recurring Billing Dispute,2025-06-30,1499,500,284,2025-07-08,8,contested,lost,2025-08-03,5,3,2,0.3900166666666667,3,,,,,,,,,,,,,,,,,,fitness_membership,membership_service,medium,0.4553064874412149,59,1,0,,0.0,784,784.0,0.5230153435623749,0,ACCEPT,-784.0
DSP001410,TXN0302053,M000275,CUS0108582,Visa,RECURRING_BILLING_DISPUTE,Recurring Billing Dispute,2025-04-26,1499,623,159,2025-05-17,21,contested,lost,2025-05-30,5,2,3,0.3308166666666667,3,,,,,,,,,,,,,,,,,,fitness_membership,membership_service,medium,0.4553064874412149,59,1,0,,0.0,782,782.0,0.5216811207471648,0,ACCEPT,-782.0
DSP001411,TXN0304108,M000275,CUS0107843,Mastercard,RECURRING_BILLING_DISPUTE,Recurring Billing Dispute,2025-10-22,1499,710,237,2025-10-29,7,contested,lost,2025-11-12,5,3,2,0.32905,3,,,,,,,,,,,,,,,,,,fitness_membership,membership_service,medium,0.4553064874412149,59,1,0,,0.0,947,947.0,0.6317545030020013,0,ACCEPT,-947.0
DSP001412,TXN0306872,M000276,,Visa,RECURRING_BILLING_DISPUTE,Recurring Billing Dispute,2025-07-17,1499,423,164,2025-07-26,9,contested,won,2025-08-27,5,3,2,0.5680333333333333,2,,,,,,,,,,,,,,,,,,saas_tools,digital_service,medium,0.846143213349221,83,1,0,,0.3605072463768116,587,587.0,0.39159439626417614,0,ACCEPT,-46.6
DSP001413,TXN0305382,M000276,,Visa,UNAUTHORIZED_TRANSACTION,Unauthorized Transaction,2025-12-16,1499,0,0,2026-01-06,21,accepted,accepted_refunded,,4,4,0,0.9208500000000001,0,,,,,,,,,,,,,,,,,,saas_tools,digital_service,medium,0.846143213349221,83,1,0,,0.5616799351319475,0,797.0,0.5316877918612408,1,CONTEST,44.96
DSP001414,TXN0306687,M000276,CUS0109597,Visa,CREDIT_NOT_PROCESSED,Credit Not Processed,2025-04-02,4999,0,0,2025-04-19,17,accepted,accepted_refunded,,4,4,0,0.89355,0,,,,,,,,,,,,,,,,,,saas_tools,digital_service,medium,0.846143213349221,83,1,0,,0.9347389865036924,0,797.0,0.15943188637727546,1,CONTEST,3875.76
DSP001415,TXN0307002,M000276,CUS0109106,RuPay,DUPLICATE_TRANSACTION,Duplicate Transaction,2025-02-17,4999,0,0,2025-02-27,10,accepted,accepted_refunded,,2,1,1,0.76735,1,,,,,,,,,,,,,,,,,,saas_tools,digital_service,medium,0.846143213349221,83,1,0,,0.7576310091705742,0,797.0,0.15943188637727546,1,CONTEST,2990.4
DSP001416,TXN0304757,M000276,CUS0109580,Visa,UNAUTHORIZED_TRANSACTION,Unauthorized Transaction,2025-07-19,9999,672,269,2025-08-01,13,contested,lost,2025-08-22,4,3,1,0.7514666666666666,1,,,,,,,,,,,,,,,,,,saas_tools,digital_service,medium,0.846143213349221,83,1,0,,0.3135183954306008,941,941.0,0.09410941094109411,1,CONTEST,2193.87
DSP001417,TXN0305389,M000276,,Visa,RECURRING_BILLING_DISPUTE,Recurring Billing Dispute,2025-09-17,9999,417,284,2025-10-02,15,contested,won,2025-10-03,5,3,2,0.6094333333333334,2,,,,,,,,,,,,,,,,,,saas_tools,digital_service,medium,0.846143213349221,83,1,0,,0.3860628019323672,701,701.0,0.0701070107010701,1,CONTEST,3159.24
DSP001418,TXN0306486,M000276,CUS0108868,Mastercard,RECURRING_BILLING_DISPUTE,Recurring Billing Dispute,2025-07-29,9999,530,295,2025-08-06,8,contested,won,2025-08-31,5,5,0,0.90945,0,,,,,,,,,,,,,,,,,,saas_tools,digital_service,medium,0.846143213349221,83,1,0,,0.9776669948838597,825,825.0,0.08250825082508251,1,CONTEST,8950.69
DSP001419,TXN0305236,M000276,CUS0109342,RuPay,UNAUTHORIZED_TRANSACTION,Unauthorized Transaction,2025-02-01,4999,411,259,2025-02-21,20,contested,lost,2025-02-15,4,4,0,0.9486166666666667,0,,,,,,,,,,,,,,,,,,saas_tools,digital_service,medium,0.846143213349221,83,1,0,,0.5021659919028341,670,670.0,0.13402680536107223,1,CONTEST,1840.33
DSP001420,TXN0306468,M000276,CUS0109463,Mastercard,UNAUTHORIZED_TRANSACTION,Unauthorized Transaction,2025-09-20,9999,0,0,2025-10-08,18,accepted,accepted_refunded,,4,4,0,0.93085,0,,,,,,,,,,,,,,,,,,saas_tools,digital_service,medium,0.846143213349221,83,1,0,,0.5550865285385409,0,797.0,0.07970797079707971,1,CONTEST,4753.31
DSP001421,TXN0305522,M000276,CUS0109094,Visa,RECURRING_BILLING_DISPUTE,Recurring Billing Dispute,2025-08-09,1499,705,289,2025-08-28,19,contested,won,2025-09-16,5,5,0,0.9186,0,,,,,,,,,,,,,,,,,,saas_tools,digital_service,medium,0.846143213349221,83,1,0,,0.967878787878788,994,994.0,0.6631087391594396,1,CONTEST,456.85
DSP001422,TXN0306978,M000276,CUS0109024,Visa,DUPLICATE_TRANSACTION,Duplicate Transaction,2026-01-17,19999,577,280,2026-02-05,19,contested,won,2026-03-02,2,2,0,0.6684333333333333,1,,,,,,,,,,,,,,,,,,saas_tools,digital_service,medium,0.846143213349221,83,1,0,,0.8141682752365039,857,857.0,0.042852142607130356,1,CONTEST,15425.55
DSP001423,TXN0305983,M000276,CUS0109261,Visa,RECURRING_BILLING_DISPUTE,Recurring Billing Dispute,2025-02-26,1499,0,0,2025-03-06,8,accepted,accepted_refunded,,5,5,0,0.98,0,,,,,,,,,,,,,,,,,,saas_tools,digital_service,medium,0.846143213349221,83,1,0,,0.9551143592077722,0,797.0,0.5316877918612408,1,CONTEST,634.72
DSP001424,TXN0305686,M000276,,Mastercard,RECURRING_BILLING_DISPUTE,Recurring Billing Dispute,2025-07-05,1499,476,256,2025-07-23,18,contested,won,2025-08-07,5,4,1,0.70825,1,4999.0,credit_card,not_applicable,0.0,DEV326670,0.2610193597153746,1.0,0.0,0.0,,,,2025-06-26 18:56:00,0.0,0.0,0.0,,saas_tools,digital_service,medium,0.846143213349221,83,1,0,8.21111111111111,0.8804345851464912,732,732.0,0.4883255503669113,1,CONTEST,587.77
DSP001425,TXN0306292,M000276,CUS0109415,Visa,CREDIT_NOT_PROCESSED,Credit Not Processed,2025-03-15,1499,569,261,2025-03-31,16,contested,won,2025-04-04,4,4,0,0.9420833333333333,0,,,,,,,,,,,,,,,,,,saas_tools,digital_service,medium,0.846143213349221,83,1,0,,0.9547766005503668,830,830.0,0.5537024683122082,1,CONTEST,601.21
DSP001426,TXN0305816,M000276,,RuPay,RECURRING_BILLING_DISPUTE,Recurring Billing Dispute,2025-09-07,1499,549,277,2025-09-16,9,contested,won,2025-09-29,5,5,0,0.9480166666666667,0,,,,,,,,,,,,,,,,,,saas_tools,digital_service,medium,0.846143213349221,83,1,0,,0.967878787878788,826,826.0,0.5510340226817878,1,CONTEST,624.85
DSP001427,TXN0305410,M000276,CUS0108834,Visa,CREDIT_NOT_PROCESSED,Credit Not Processed,2025-12-27,9999,0,0,2026-01-15,19,accepted,accepted_refunded,,4,4,0,0.9756499999999999,0,,,,,,,,,,,,,,,,,,saas_tools,digital_service,medium,0.846143213349221,83,1,0,,0.9347389865036924,0,797.0,0.07970797079707971,1,CONTEST,8549.46
DSP001428,TXN0305289,M000276,,Visa,RECURRING_BILLING_DISPUTE,Recurring Billing Dispute,2025-12-19,4999,0,0,2026-01-08,20,accepted,accepted_refunded,,5,4,1,0.7856166666666667,1,,,,,,,,,,,,,,,,,,saas_tools,digital_service,medium,0.846143213349221,83,1,0,,0.8665805157197857,0,797.0,0.15943188637727546,1,CONTEST,3535.04
DSP001429,TXN0305003,M000276,CUS0109015,Mastercard,RECURRING_BILLING_DISPUTE,Recurring Billing Dispute,2025-08-25,1499,599,163,2025-09-11,17,contested,lost,2025-09-11,5,3,2,0.5990833333333333,2,,,,,,,,,,,,,,,,,,saas_tools,digital_service,medium,0.846143213349221,83,1,0,,0.3721739130434783,762,762.0,0.5083388925950634,0,ACCEPT,-204.11
DSP001430,TXN0314000,M000277,CUS0112077,Visa,MERCHANDISE_NOT_AS_DESCRIBED,Merchandise Not As Described,2025-04-08,4995,739,281,2025-04-15,7,contested,won,2025-05-03,3,2,1,0.60815,2,,,,,,,,,,,,,,,,,,marketplace_retailer,physical_delivery,large,0.9193180957692564,67,0,1,,0.33339333261402837,1020,1020.0,0.2042042042042042,1,CONTEST,645.3
DSP001431,TXN0310208,M000277,CUS0109946,Visa,MERCHANDISE_NOT_RECEIVED,Merchandise Not Received,2025-03-18,4349,621,215,2025-03-29,11,contested,won,2025-04-19,4,4,0,0.91065,0,,,,,,,,,,,,,,,,,,marketplace_retailer,physical_delivery,large,0.9193180957692564,67,0,1,,0.9199891072956067,836,836.0,0.19222809841342836,1,CONTEST,3165.03
DSP001432,TXN0314887,M000277,CUS0110107,Mastercard,MERCHANDISE_NOT_RECEIVED,Merchandise Not Received,2025-12-19,2050,0,0,2026-01-05,17,accepted,accepted_refunded,,4,4,0,0.9718333333333332,0,,,,,,,,,,,,,,,,,,marketplace_retailer,physical_delivery,large,0.9193180957692564,67,0,1,,0.8756410951477365,0,797.0,0.38878048780487806,1,CONTEST,998.06
DSP001433,TXN0313284,M000277,,Mastercard,MERCHANDISE_NOT_RECEIVED,Merchandise Not Received,2025-08-07,2399,706,224,2025-08-14,7,contested,won,2025-08-25,4,4,0,0.9610166666666666,0,1799.0,upi,not_applicable,1.0,DEV860598,0.2755765587901775,2.0,0.0,0.0,delivered,2025-08-01,0.0,2025-07-22 16:33:00,0.0,0.0,0.0,,marketplace_retailer,physical_delivery,large,0.9193180957692564,67,0,1,15.310416666666667,0.9347389865036924,930,930.0,0.3876615256356815,1,CONTEST,1312.44
DSP001434,TXN0307952,M000277,CUS0112548,Visa,MERCHANDISE_NOT_AS_DESCRIBED,Merchandise Not As Described,2026-01-25,349,407,225,2026-02-14,20,contested,lost,2026-02-16,3,2,1,0.7967166666666667,1,,,,,,,,,,,,,,,,,,marketplace_retailer,physical_delivery,large,0.9193180957692564,67,0,1,,0.5750132684652808,632,632.0,1.0,0,ACCEPT,-431.32
DSP001435,TXN0311746,M000277,CUS0111511,Visa,MERCHANDISE_NOT_RECEIVED,Merchandise Not Received,2026-01-25,6000,462,185,2026-02-05,11,contested,won,2026-03-03,4,4,0,0.9341833333333334,0,,,,,,,,,,,,,,,,,,marketplace_retailer,physical_delivery,large,0.9193180957692564,67,0,1,,0.898950152285836,647,647.0,0.10783333333333334,1,CONTEST,4746.7
DSP001436,TXN0311553,M000277,CUS0111351,Mastercard,UNAUTHORIZED_TRANSACTION,Unauthorized Transaction,2025-05-22,649,740,170,2025-06-09,18,contested,won,2025-06-15,4,4,0,0.98,0,,,,,,,,,,,,,,,,,,marketplace_retailer,physical_delivery,large,0.9193180957692564,67,0,1,,0.504974197831879,910,910.0,1.0,0,ACCEPT,-582.27
DSP001437,TXN0312166,M000277,CUS0111362,Visa,MERCHANDISE_NOT_RECEIVED,Merchandise Not Received,2025-12-01,3895,562,159,2025-12-13,12,contested,won,2026-01-07,4,4,0,0.9360666666666666,0,,,,,,,,,,,,,,,,,,marketplace_retailer,physical_delivery,large,0.9193180957692564,67,0,1,,0.9361998888113405,721,721.0,0.18510911424903723,1,CONTEST,2925.5
DSP001438,TXN0310235,M000277,CUS0110164,Mastercard,MERCHANDISE_NOT_RECEIVED,Merchandise Not Received,2025-06-13,355,652,233,2025-06-26,13,contested,lost,2025-07-22,4,4,0,0.95555,0,,,,,,,,,,,,,,,,,,marketplace_retailer,physical_delivery,large,0.9193180957692564,67,0,1,,0.9347389865036924,885,885.0,1.0,0,ACCEPT,-553.17
DSP001439,TXN0312796,M000277,,Visa,MERCHANDISE_NOT_AS_DESCRIBED,Merchandise Not As Described,2025-06-03,3950,421,163,2025-06-10,7,contested,lost,2025-07-16,3,3,0,0.6533333333333333,2,,,,,,,,,,,,,,,,,,marketplace_retailer,physical_delivery,large,0.9193180957692564,67,0,1,,0.5171895424836601,584,584.0,0.1478481012658228,1,CONTEST,1458.9
DSP001440,TXN0309448,M000277,,Visa,MERCHANDISE_NOT_RECEIVED,Merchandise Not Received,2025-09-17,4050,0,0,2025-10-07,20,accepted,accepted_refunded,,4,4,0,0.9293333333333332,0,,,,,,,,,,,,,,,,,,marketplace_retailer,physical_delivery,large,0.9193180957692564,67,0,1,,0.8756410951477365,0,797.0,0.19679012345679012,1,CONTEST,2749.35
DSP001441,TXN0313650,M000277,CUS0111320,RuPay,MERCHANDISE_NOT_RECEIVED,Merchandise Not Received,2025-02-02,5295,0,0,2025-02-09,7,accepted,accepted_refunded,,4,4,0,0.9636999999999999,0,,,,,,,,,,,,,,,,,,marketplace_retailer,physical_delivery,large,0.9193180957692564,67,0,1,,0.8545230827253765,0,797.0,0.15051935788479698,1,CONTEST,3727.7
DSP001442,TXN0311849,M000277,,Visa,UNAUTHORIZED_TRANSACTION,Unauthorized Transaction,2025-07-30,1500,719,225,2025-08-10,11,contested,won,2025-08-30,4,4,0,0.8166666666666668,1,,,,,,,,,,,,,,,,,,marketplace_retailer,physical_delivery,large,0.9193180957692564,67,0,1,,0.5664632202130322,944,944.0,0.6293333333333333,0,ACCEPT,-94.31
DSP001443,TXN0308733,M000277,CUS0109999,RuPay,DUPLICATE_TRANSACTION,Duplicate Transaction,2025-10-27,1195,530,211,2025-11-04,8,contested,won,2025-11-22,2,2,0,0.9559000000000001,0,,,,,,,,,,,,,,,,,,marketplace_retailer,physical_delivery,large,0.9193180957692564,67,0,1,,0.9347389865036924,741,741.0,0.6200836820083682,1,CONTEST,376.01
DSP001444,TXN0310405,M000277,CUS0111567,Visa,MERCHANDISE_NOT_AS_DESCRIBED,Merchandise Not As Described,2025-02-08,1600,534,164,2025-02-20,12,contested,won,2025-03-22,3,3,0,0.9548666666666666,0,,,,,,,,,,,,,,,,,,marketplace_retailer,physical_delivery,large,0.9193180957692564,67,0,1,,0.7784172601591957,698,698.0,0.43625,1,CONTEST,547.47
DSP001445,TXN0314337,M000277,CUS0109847,RuPay,CREDIT_NOT_PROCESSED,Credit Not Processed,2025-08-19,9099,0,0,2025-08-27,8,accepted,accepted_refunded,,3,3,0,0.9466333333333333,0,,,,,,,,,,,,,,,,,,marketplace_retailer,physical_delivery,large,0.9193180957692564,67,0,1,,0.6933543690860744,0,797.0,0.08759204308165733,1,CONTEST,5511.83
DSP001446,TXN0311292,M000277,CUS0110796,Mastercard,UNAUTHORIZED_TRANSACTION,Unauthorized Transaction,2025-04-17,3250,0,0,2025-05-08,21,accepted,accepted_refunded,,4,4,0,0.7863166666666667,1,,,,,,,,,,,,,,,,,,marketplace_retailer,physical_delivery,large,0.9193180957692564,67,0,1,,0.45164759725400455,0,797.0,0.24523076923076922,1,CONTEST,670.85
DSP001447,TXN0310903,M000277,CUS0112540,Visa,CREDIT_NOT_PROCESSED,Credit Not Processed,2025-06-10,1649,684,212,2025-06-19,9,contested,won,2025-07-19,3,2,1,0.7846333333333333,1,,,,,,,,,,,,,,,,,,marketplace_retailer,physical_delivery,large,0.9193180957692564,67,0,1,,0.6070132684652808,896,896.0,0.5433596118859915,1,CONTEST,104.96
DSP001448,TXN0314631,M000277,,RuPay,CREDIT_NOT_PROCESSED,Credit Not Processed,2026-01-03,799,0,0,2026-01-12,9,accepted,accepted_refunded,,3,3,0,0.7752,1,,,,,,,,,,,,,,,,,,marketplace_retailer,physical_delivery,large,0.9193180957692564,67,0,1,,0.6933543690860744,0,797.0,0.9974968710888611,0,ACCEPT,-243.01
DSP001449,TXN0311084,M000277,CUS0111476,Visa,CREDIT_NOT_PROCESSED,Credit Not Processed,2025-08-12,1200,478,172,2025-08-23,11,contested,won,2025-08-28,3,3,0,0.9648666666666667,0,,,,,,,,,,,,,,,,,,marketplace_retailer,physical_delivery,large,0.9193180957692564,67,0,1,,0.8574592769659184,650,650.0,0.5416666666666666,1,CONTEST,378.95
DSP001450,TXN0309947,M000277,CUS0110216,Mastercard,MERCHANDISE_NOT_RECEIVED,Merchandise Not Received,2025-02-26,1099,480,224,2025-03-13,15,contested,won,2025-04-05,4,4,0,0.9317833333333333,0,,,,,,,,,,,,,,,,,,marketplace_retailer,physical_delivery,large,0.9193180957692564,67,0,1,,0.9347389865036924,704,704.0,0.640582347588717,1,CONTEST,323.28
DSP001451,TXN0310681,M000277,CUS0110017,Mastercard,MERCHANDISE_NOT_RECEIVED,Merchandise Not Received,2025-02-15,449,693,190,2025-03-04,17,contested,won,2025-03-13,4,4,0,0.9148333333333333,0,,,,,,,,,,,,,,,,,,marketplace_retailer,physical_delivery,large,0.9193180957692564,67,0,1,,0.9347389865036924,883,883.0,1.0,0,ACCEPT,-463.3
DSP001452,TXN0310878,M000277,,Mastercard,MERCHANDISE_NOT_AS_DESCRIBED,Merchandise Not As Described,2025-10-14,1000,695,225,2025-10-24,10,contested,won,2025-11-06,3,3,0,0.9470166666666667,0,649.0,debit_card,passed,1.0,DEV777359,0.3382759165440497,1.0,0.0,0.0,delivered,2025-05-09,1.0,2025-05-02 08:33:00,0.0,0.0,0.0,,marketplace_retailer,physical_delivery,large,0.9193180957692564,67,0,1,164.64375,0.768273322988491,920,920.0,0.92,0,ACCEPT,-151.73
DSP001453,TXN0308595,M000277,,RuPay,MERCHANDISE_NOT_RECEIVED,Merchandise Not Received,2025-03-09,21500,0,0,2025-03-27,18,accepted,accepted_refunded,,4,3,1,0.6340333333333333,2,1245.0,debit_card,passed,1.0,DEV787424,0.3039315762879571,2.0,0.0,0.0,delivered,2025-11-10,1.0,2025-11-08 19:17:00,0.0,0.0,0.0,,marketplace_retailer,physical_delivery,large,0.9193180957692564,67,0,1,-244.8034722222222,0.4810784313725491,0,797.0,0.03706976744186047,1,CONTEST,9546.19
DSP001454,TXN0314588,M000277,CUS0111604,Visa,MERCHANDISE_NOT_RECEIVED,Merchandise Not Received,2025-04-25,4545,560,275,2025-05-11,16,contested,won,2025-05-14,4,4,0,0.9650833333333333,0,,,,,,,,,,,,,,,,,,marketplace_retailer,physical_delivery,large,0.9193180957692564,67,0,1,,0.8897173414820474,835,835.0,0.18371837183718373,1,CONTEST,3208.77
DSP001455,TXN0309838,M000277,CUS0110349,Mastercard,UNAUTHORIZED_TRANSACTION,Unauthorized Transaction,2025-05-16,1745,444,184,2025-05-23,7,contested,won,2025-05-30,4,4,0,0.9543666666666667,0,,,,,,,,,,,,,,,,,,marketplace_retailer,physical_delivery,large,0.9193180957692564,67,0,1,,0.4364429188914315,628,628.0,0.35988538681948423,1,CONTEST,133.59
DSP001456,TXN0311662,M000277,CUS0111165,Visa,CREDIT_NOT_PROCESSED,Credit Not Processed,2025-07-31,1699,424,245,2025-08-12,12,contested,won,2025-08-23,3,3,0,0.8135666666666667,1,,,,,,,,,,,,,,,,,,marketplace_retailer,physical_delivery,large,0.9193180957692564,67,0,1,,0.7572992477368354,669,669.0,0.3937610359034726,1,CONTEST,617.65
DSP001457,TXN0319347,M000278,CUS0113922,Visa,UNAUTHORIZED_TRANSACTION,Unauthorized Transaction,2026-02-04,650,611,208,2026-02-17,13,contested,won,2026-03-04,4,3,1,0.7968333333333333,1,,,,,,,,,,,,,,,,,,marketplace_retailer,physical_delivery,large,0.97,103,0,1,,0.40315789473684216,819,819.0,1.0,0,ACCEPT,-556.95
DSP001458,TXN0323219,M000278,,Mastercard,UNAUTHORIZED_TRANSACTION,Unauthorized Transaction,2025-05-25,2949,0,0,2025-06-13,19,accepted,accepted_refunded,,4,4,0,0.9366666666666666,0,,,,,,,,,,,,,,,,,,marketplace_retailer,physical_delivery,large,0.97,103,0,1,,0.4003318077803204,0,797.0,0.2702611054594778,1,CONTEST,383.58
DSP001459,TXN0317281,M000278,CUS0113338,Visa,MERCHANDISE_NOT_AS_DESCRIBED,Merchandise Not As Described,2025-07-09,699,510,190,2025-07-24,15,contested,won,2025-08-09,3,3,0,0.98,0,,,,,,,,,,,,,,,,,,marketplace_retailer,physical_delivery,large,0.97,103,0,1,,0.8574592769659184,700,700.0,1.0,0,ACCEPT,-100.64
DSP001460,TXN0320227,M000278,CUS0114855,Visa,MERCHANDISE_NOT_AS_DESCRIBED,Merchandise Not As Described,2026-01-26,2549,409,187,2026-02-07,12,contested,won,2026-02-28,3,3,0,0.9390000000000001,0,,,,,,,,,,,,,,,,,,marketplace_retailer,physical_delivery,large,0.97,103,0,1,,0.6398981478879178,596,596.0,0.2338171832091016,1,CONTEST,1035.1
DSP001461,TXN0316370,M000278,CUS0114745,Mastercard,DUPLICATE_TRANSACTION,Duplicate Transaction,2025-08-19,5600,0,0,2025-08-27,8,accepted,accepted_refunded,,2,2,0,0.9398666666666666,0,,,,,,,,,,,,,,,,,,marketplace_retailer,physical_delivery,large,0.97,103,0,1,,0.8856935580135996,0,797.0,0.14232142857142857,1,CONTEST,4162.88
DSP001462,TXN0319201,M000278,,Visa,MERCHANDISE_NOT_RECEIVED,Merchandise Not Received,2025-05-25,1949,738,159,2025-06-05,11,contested,won,2025-06-09,4,4,0,0.9233166666666667,0,,,,,,,,,,,,,,,,,,marketplace_retailer,physical_delivery,large,0.97,103,0,1,,0.9347389865036924,897,897.0,0.46023601847101075,1,CONTEST,924.81
DSP001463,TXN0318076,M000278,CUS0114925,Mastercard,UNAUTHORIZED_TRANSACTION,Unauthorized Transaction,2025-05-23,5099,549,244,2025-06-02,10,contested,lost,2025-07-01,4,3,1,0.6533333333333333,2,,,,,,,,,,,,,,,,,,marketplace_retailer,physical_delivery,large,0.97,103,0,1,,0.2485017570444345,793,793.0,0.15552069033143753,1,CONTEST,474.11
DSP001464,TXN0321957,M000278,CUS0113699,Mastercard,MERCHANDISE_NOT_RECEIVED,Merchandise Not Received,2025-05-09,1395,0,0,2025-05-19,10,accepted,accepted_refunded,,4,4,0,0.9420166666666666,0,,,,,,,,,,,,,,,,,,marketplace_retailer,physical_delivery,large,0.97,103,0,1,,0.8756410951477365,0,797.0,0.571326164874552,1,CONTEST,424.52
DSP001465,TXN0315450,M000278,,RuPay,UNAUTHORIZED_TRANSACTION,Unauthorized Transaction,2025-08-07,700,516,164,2025-08-17,10,contested,won,2025-09-06,4,4,0,0.9605333333333332,0,,,,,,,,,,,,,,,,,,marketplace_retailer,physical_delivery,large,0.97,103,0,1,,0.4551563691838291,680,680.0,0.9714285714285714,0,ACCEPT,-361.39
DSP001466,TXN0317858,M000278,CUS0114183,Visa,UNAUTHORIZED_TRANSACTION,Unauthorized Transaction,2025-09-05,5099,490,205,2025-09-17,12,contested,lost,2025-09-26,4,4,0,0.9107,0,,,,,,,,,,,,,,,,,,marketplace_retailer,physical_delivery,large,0.97,103,0,1,,0.4003318077803204,695,695.0,0.13630123553637968,1,CONTEST,1346.29
DSP001467,TXN0318072,M000278,,RuPay,UNAUTHORIZED_TRANSACTION,Unauthorized Transaction,2025-08-26,449,651,261,2025-09-03,8,contested,lost,2025-09-26,4,4,0,0.9647166666666666,0,,,,,,,,,,,,,,,,,,marketplace_retailer,physical_delivery,large,0.97,103,0,1,,0.4761517272491547,912,912.0,1.0,0,ACCEPT,-698.21
DSP001468,TXN0316193,M000278,CUS0113498,Visa,MERCHANDISE_NOT_AS_DESCRIBED,Merchandise Not As Described,2025-11-08,1699,429,244,2025-11-15,7,contested,lost,2025-11-24,3,3,0,0.9249999999999999,0,,,,,,,,,,,,,,,,,,marketplace_retailer,physical_delivery,large,0.97,103,0,1,,0.6264366094263792,673,673.0,0.3961153619776339,1,CONTEST,391.32
DSP001469,TXN0323307,M000278,,RuPay,MERCHANDISE_NOT_AS_DESCRIBED,Merchandise Not As Described,2025-09-25,2049,709,239,2025-10-13,18,contested,lost,2025-10-13,3,3,0,0.95485,0,,,,,,,,,,,,,,,,,,marketplace_retailer,physical_delivery,large,0.97,103,0,1,,0.6237699427597125,948,948.0,0.46266471449487556,1,CONTEST,330.1
DSP001470,TXN0317692,M000278,,Visa,CREDIT_NOT_PROCESSED,Credit Not Processed,2025-03-07,8300,560,220,2025-03-21,14,contested,lost,2025-04-07,3,3,0,0.9352333333333332,0,,,,,,,,,,,,,,,,,,marketplace_retailer,physical_delivery,large,0.97,103,0,1,,0.6869569714173295,780,780.0,0.09397590361445783,1,CONTEST,4921.74
DSP001471,TXN0320682,M000278,CUS0114855,Visa,MERCHANDISE_NOT_RECEIVED,Merchandise Not Received,2026-01-07,1499,647,253,2026-01-28,21,contested,won,2026-02-09,4,3,1,0.7785666666666667,1,,,,,,,,,,,,,,,,,,marketplace_retailer,physical_delivery,large,0.97,103,0,1,,0.6975744746280759,900,900.0,0.600400266844563,1,CONTEST,145.66
DSP001472,TXN0322610,M000278,,Visa,MERCHANDISE_NOT_AS_DESCRIBED,Merchandise Not As Described,2025-11-17,110,418,206,2025-11-26,9,contested,won,2025-12-09,3,3,0,0.9477666666666668,0,6499.0,upi,not_applicable,1.0,,0.7543758799040653,1.0,0.0,0.0,delivered,2025-11-26,0.0,2025-11-16 15:30:00,0.0,0.0,0.0,,marketplace_retailer,physical_delivery,large,0.97,103,0,1,0.3541666666666667,0.8363412645435581,624,624.0,1.0,0,ACCEPT,-532.0
DSP001473,TXN0316204,M000278,CUS0115049,Mastercard,MERCHANDISE_NOT_AS_DESCRIBED,Merchandise Not As Described,2025-04-22,1099,741,267,2025-05-04,12,contested,won,2025-05-19,3,3,0,0.98,0,,,,,,,,,,,,,,,,,,marketplace_retailer,physical_delivery,large,0.97,103,0,1,,0.7144723815084346,1008,1008.0,0.9171974522292994,0,ACCEPT,-222.79
DSP001474,TXN0319909,M000278,,Visa,UNAUTHORIZED_TRANSACTION,Unauthorized Transaction,2025-08-04,1200,584,184,2025-08-16,12,contested,lost,2025-09-18,4,4,0,0.9637166666666667,0,,,,,,,,,,,,,,,,,,marketplace_retailer,physical_delivery,large,0.97,103,0,1,,0.4253318077803204,768,768.0,0.64,0,ACCEPT,-257.6
DSP001475,TXN0318107,M000278,CUS0113054,Visa,MERCHANDISE_NOT_AS_DESCRIBED,Merchandise Not As Described,2025-04-07,849,596,163,2025-04-25,18,contested,won,2025-04-30,3,3,0,0.9503499999999999,0,,,,,,,,,,,,,,,,,,marketplace_retailer,physical_delivery,large,0.97,103,0,1,,0.7784172601591957,759,759.0,0.8939929328621908,0,ACCEPT,-98.12
DSP001476,TXN0318693,M000278,CUS0113025,RuPay,MERCHANDISE_NOT_AS_DESCRIBED,Merchandise Not As Described,2025-03-12,900,551,227,2025-03-25,13,contested,won,2025-03-26,3,3,0,0.9502166666666666,0,,,,,,,,,,,,,,,,,,marketplace_retailer,physical_delivery,large,0.97,103,0,1,,0.7144723815084346,778,778.0,0.8644444444444445,0,ACCEPT,-134.97
DSP001477,TXN0316411,M000278,CUS0114078,Visa,CREDIT_NOT_PROCESSED,Credit Not Processed,2025-09-05,1050,423,155,2025-09-16,11,contested,won,2025-09-24,3,3,0,0.9706166666666666,0,,,,,,,,,,,,,,,,,,marketplace_retailer,physical_delivery,large,0.97,103,0,1,,0.8363412645435581,578,578.0,0.5504761904761905,1,CONTEST,300.16
DSP001478,TXN0323967,M000279,,Visa,MERCHANDISE_NOT_RECEIVED,Merchandise Not Received,2025-07-26,359,518,201,2025-08-05,10,contested,won,2025-08-13,4,4,0,0.98,0,,,,,,,,,,,,,,,,,,marketplace_retailer,physical_delivery,large,0.97,49,0,1,,0.9381495057251523,719,719.0,1.0,0,ACCEPT,-382.2
DSP001479,TXN0325664,M000279,,Visa,MERCHANDISE_NOT_RECEIVED,Merchandise Not Received,2025-09-25,1050,0,0,2025-10-13,18,accepted,accepted_refunded,,4,3,1,0.6533333333333333,2,4649.0,credit_card,passed,1.0,DEV865007,0.1087114966245918,1.0,0.0,0.0,delivered,2025-11-03,1.0,2025-11-01 08:43:00,0.0,0.0,0.0,,marketplace_retailer,physical_delivery,large,0.97,49,0,1,-37.363194444444446,0.5777275541795666,0,797.0,0.7590476190476191,0,ACCEPT,-190.39
DSP001480,TXN0325305,M000279,,Mastercard,MERCHANDISE_NOT_RECEIVED,Merchandise Not Received,2025-09-07,2299,0,0,2025-09-24,17,accepted,accepted_refunded,,4,4,0,0.9521499999999999,0,3549.0,netbanking,not_applicable,1.0,DEV386847,0.3988597665861016,1.0,0.0,0.0,delivered,2025-03-15,0.0,2025-03-09 21:04:00,0.0,0.0,0.0,,marketplace_retailer,physical_delivery,large,0.97,49,0,1,181.12222222222223,0.93622318481831,0,797.0,0.3466724662896912,1,CONTEST,1355.38
DSP001481,TXN0330757,M000279,,RuPay,MERCHANDISE_NOT_AS_DESCRIBED,Merchandise Not As Described,2025-07-04,3250,0,0,2025-07-15,11,accepted,accepted_refunded,,3,3,0,0.9386166666666668,0,,,,,,,,,,,,,,,,,,marketplace_retailer,physical_delivery,large,0.97,49,0,1,,0.6398981478879178,0,797.0,0.24523076923076922,1,CONTEST,1282.67
DSP001482,TXN0326718,M000279,,RuPay,MERCHANDISE_NOT_AS_DESCRIBED,Merchandise Not As Described,2025-08-04,800,732,163,2025-08-19,15,contested,won,2025-08-26,3,3,0,0.95995,0,,,,,,,,,,,,,,,,,,marketplace_retailer,physical_delivery,large,0.97,49,0,1,,0.757829024865078,895,895.0,1.0,0,ACCEPT,-288.74
DSP001483,TXN0326789,M000279,,Visa,MERCHANDISE_NOT_RECEIVED,Merchandise Not Received,2025-03-30,2500,465,233,2025-04-19,20,contested,won,2025-04-26,4,4,0,0.97125,0,,,,,,,,,,,,,,,,,,marketplace_retailer,physical_delivery,large,0.97,49,0,1,,0.9347389865036924,698,698.0,0.2792,1,CONTEST,1638.85
DSP001484,TXN0326064,M000279,CUS0118282,Mastercard,CREDIT_NOT_PROCESSED,Credit Not Processed,2025-03-08,4950,701,248,2025-03-27,19,contested,won,2025-04-09,3,3,0,0.9655999999999999,0,,,,,,,,,,,,,,,,,,marketplace_retailer,physical_delivery,large,0.97,49,0,1,,0.7784172601591957,949,949.0,0.19171717171717173,1,CONTEST,2904.17
DSP001485,TXN0325298,M000279,CUS0116042,Mastercard,CREDIT_NOT_PROCESSED,Credit Not Processed,2025-05-27,5099,0,0,2025-06-08,12,accepted,accepted_refunded,,3,3,0,0.9413166666666667,0,,,,,,,,,,,,,,,,,,marketplace_retailer,physical_delivery,large,0.97,49,0,1,,0.7665140329516206,0,797.0,0.15630515787409296,1,CONTEST,3111.46
DSP001486,TXN0327958,M000279,CUS0115577,Mastercard,UNAUTHORIZED_TRANSACTION,Unauthorized Transaction,2025-03-03,4049,630,151,2025-03-21,18,contested,lost,2025-04-10,4,4,0,0.9517000000000001,0,,,,,,,,,,,,,,,,,,marketplace_retailer,physical_delivery,large,0.97,49,0,1,,0.4253318077803204,781,781.0,0.1928871326253396,1,CONTEST,941.17
DSP001487,TXN0331300,M000279,CUS0115610,Visa,CREDIT_NOT_PROCESSED,Credit Not Processed,2025-06-13,749,732,231,2025-06-21,8,contested,won,2025-07-02,3,3,0,0.9320666666666666,0,,,,,,,,,,,,,,,,,,marketplace_retailer,physical_delivery,large,0.97,49,0,1,,0.8574592769659184,963,963.0,1.0,0,ACCEPT,-320.76
DSP001488,TXN0328850,M000279,CUS0115920,Mastercard,UNAUTHORIZED_TRANSACTION,Unauthorized Transaction,2026-01-15,795,664,166,2026-01-30,15,contested,lost,2026-02-16,4,4,0,0.9623333333333334,0,,,,,,,,,,,,,,,,,,marketplace_retailer,physical_delivery,large,0.97,49,0,1,,0.4551563691838291,830,830.0,1.0,0,ACCEPT,-468.15
DSP001489,TXN0329237,M000279,CUS0117939,Visa,MERCHANDISE_NOT_RECEIVED,Merchandise Not Received,2025-04-20,9299,714,265,2025-05-10,20,contested,won,2025-05-11,4,4,0,0.95575,0,,,,,,,,,,,,,,,,,,marketplace_retailer,physical_delivery,large,0.97,49,0,1,,0.8897173414820474,979,979.0,0.1052801376492096,1,CONTEST,7294.48
DSP001490,TXN0329607,M000279,CUS0117578,Visa,MERCHANDISE_NOT_RECEIVED,Merchandise Not Received,2025-09-25,3099,494,150,2025-10-06,11,contested,won,2025-11-08,4,3,1,0.8166666666666668,1,,,,,,,,,,,,,,,,,,marketplace_retailer,physical_delivery,large,0.97,49,0,1,,0.7306740621807035,644,644.0,0.20780897063568893,1,CONTEST,1620.36
DSP001491,TXN0324038,M000279,CUS0116894,Visa,MERCHANDISE_NOT_RECEIVED,Merchandise Not Received,2025-01-19,2299,471,164,2025-02-04,16,contested,won,2025-03-02,4,4,0,0.9198833333333333,0,,,,,,,,,,,,,,,,,,marketplace_retailer,physical_delivery,large,0.97,49,0,1,,0.9347389865036924,635,635.0,0.27620704654197475,1,CONTEST,1513.96
DSP001492,TXN0330350,M000279,CUS0117421,Visa,MERCHANDISE_NOT_RECEIVED,Merchandise Not Received,2025-05-17,995,710,235,2025-06-03,17,contested,won,2025-06-04,4,4,0,0.9789166666666667,0,,,,,,,,,,,,,,,,,,marketplace_retailer,physical_delivery,large,0.97,49,0,1,,0.9347389865036924,945,945.0,0.949748743718593,0,ACCEPT,-14.93
DSP001493,TXN0330865,M000279,CUS0116866,Visa,MERCHANDISE_NOT_RECEIVED,Merchandise Not Received,2025-02-25,1599,0,0,2025-03-12,15,accepted,accepted_refunded,,4,4,0,0.98,0,,,,,,,,,,,,,,,,,,marketplace_retailer,physical_delivery,large,0.97,49,0,1,,0.8756410951477365,0,797.0,0.4984365228267667,1,CONTEST,603.15
DSP001494,TXN0328823,M000279,CUS0117148,Mastercard,MERCHANDISE_NOT_RECEIVED,Merchandise Not Received,2025-06-14,795,491,295,2025-07-05,21,contested,won,2025-07-08,4,4,0,0.9470333333333333,0,,,,,,,,,,,,,,,,,,marketplace_retailer,physical_delivery,large,0.97,49,0,1,,0.9347389865036924,786,786.0,0.9886792452830189,0,ACCEPT,-42.88
DSP001495,TXN0327582,M000279,,Mastercard,MERCHANDISE_NOT_RECEIVED,Merchandise Not Received,2025-03-16,700,438,188,2025-03-25,9,contested,won,2025-04-10,4,4,0,0.98,0,2099.0,credit_card,passed,0.0,DEV121657,0.759335457884967,1.0,0.0,0.0,in_transit,,0.0,2025-05-17 04:52:00,0.0,0.0,0.0,,marketplace_retailer,physical_delivery,large,0.97,49,0,1,-62.202777777777776,0.9564502164502166,626,626.0,0.8942857142857142,1,CONTEST,43.52
DSP001496,TXN0323509,M000279,CUS0116953,Mastercard,CREDIT_NOT_PROCESSED,Credit Not Processed,2025-10-20,2500,707,201,2025-11-06,17,contested,lost,2025-11-13,3,3,0,0.7982,1,,,,,,,,,,,,,,,,,,marketplace_retailer,physical_delivery,large,0.97,49,0,1,,0.6726512546099565,908,908.0,0.3632,1,CONTEST,773.63
DSP001497,TXN0326088,M000279,CUS0115483,Mastercard,MERCHANDISE_NOT_RECEIVED,Merchandise Not Received,2025-10-24,1345,526,284,2025-11-04,11,contested,won,2025-11-12,4,4,0,0.98,0,,,,,,,,,,,,,,,,,,marketplace_retailer,physical_delivery,large,0.97,49,0,1,,0.9347389865036924,810,810.0,0.6022304832713755,1,CONTEST,447.22
DSP001498,TXN0325394,M000279,CUS0116192,RuPay,MERCHANDISE_NOT_AS_DESCRIBED,Merchandise Not As Described,2026-01-18,4150,463,171,2026-01-31,13,contested,lost,2026-02-20,3,3,0,0.9414833333333333,0,,,,,,,,,,,,,,,,,,marketplace_retailer,physical_delivery,large,0.97,49,0,1,,0.6398981478879178,634,634.0,0.1527710843373494,1,CONTEST,2021.58
DSP001499,TXN0330648,M000279,CUS0117626,Mastercard,MERCHANDISE_NOT_AS_DESCRIBED,Merchandise Not As Described,2025-03-20,5100,748,292,2025-03-27,7,contested,won,2025-04-11,3,3,0,0.9597000000000001,0,,,,,,,,,,,,,,,,,,marketplace_retailer,physical_delivery,large,0.97,49,0,1,,0.7367110124427177,1040,1040.0,0.20392156862745098,1,CONTEST,2717.23
DSP001500,TXN0330023,M000279,CUS0117107,Mastercard,UNAUTHORIZED_TRANSACTION,Unauthorized Transaction,2025-03-12,600,613,277,2025-03-28,16,contested,lost,2025-03-31,4,3,1,0.7952166666666667,1,,,,,,,,,,,,,,,,,,marketplace_retailer,physical_delivery,large,0.97,49,0,1,,0.3709219758643762,890,890.0,1.0,0,ACCEPT,-667.45
DSP001501,TXN0328728,M000279,CUS0115564,Mastercard,DUPLICATE_TRANSACTION,Duplicate Transaction,2025-12-31,1549,487,204,2026-01-20,20,contested,won,2026-01-18,2,2,0,0.9430833333333334,0,,,,,,,,,,,,,,,,,,marketplace_retailer,physical_delivery,large,0.97,49,0,1,,0.9347389865036924,691,691.0,0.4460942543576501,1,CONTEST,756.91
DSP001502,TXN0325309,M000279,,RuPay,MERCHANDISE_NOT_RECEIVED,Merchandise Not Received,2025-09-30,599,502,174,2025-10-11,11,contested,won,2025-10-19,4,4,0,0.9071333333333333,0,,,,,,,,,,,,,,,,,,marketplace_retailer,physical_delivery,large,0.97,49,0,1,,0.9347389865036924,676,676.0,1.0,0,ACCEPT,-116.09
DSP001503,TXN0324045,M000279,,Visa,MERCHANDISE_NOT_RECEIVED,Merchandise Not Received,2025-12-21,9499,734,232,2026-01-08,18,contested,won,2026-01-26,4,4,0,0.9747666666666667,0,,,,,,,,,,,,,,,,,,marketplace_retailer,physical_delivery,large,0.97,49,0,1,,0.8897173414820474,966,966.0,0.1016949152542373,1,CONTEST,7485.43
DSP001504,TXN0327840,M000279,,Visa,MERCHANDISE_NOT_RECEIVED,Merchandise Not Received,2025-12-02,949,0,0,2025-12-23,21,accepted,accepted_refunded,,4,4,0,0.9451666666666667,0,,,,,,,,,,,,,,,,,,marketplace_retailer,physical_delivery,large,0.97,49,0,1,,0.8897173414820474,0,797.0,0.839831401475237,1,CONTEST,47.34
DSP001505,TXN0330991,M000279,,Visa,MERCHANDISE_NOT_RECEIVED,Merchandise Not Received,2025-03-12,4595,708,237,2025-04-02,21,contested,won,2025-04-17,4,4,0,0.9645333333333334,0,,,,,,,,,,,,,,,,,,marketplace_retailer,physical_delivery,large,0.97,49,0,1,,0.9070230114503921,945,945.0,0.20565832426550598,1,CONTEST,3222.77
DSP001506,TXN0323421,M000279,CUS0117706,RuPay,CREDIT_NOT_PROCESSED,Credit Not Processed,2025-06-20,1350,430,233,2025-06-27,7,contested,won,2025-07-30,3,3,0,0.98,0,,,,,,,,,,,,,,,,,,marketplace_retailer,physical_delivery,large,0.97,49,0,1,,0.7892824410141464,663,663.0,0.4911111111111111,1,CONTEST,402.53
DSP001507,TXN0331409,M000280,CUS0119007,Mastercard,MERCHANDISE_NOT_RECEIVED,Merchandise Not Received,2025-01-26,3749,539,276,2025-02-09,14,contested,lost,2025-02-24,4,3,1,0.7782,1,,,,,,,,,,,,,,,,,,d2c_brand,physical_delivery,large,0.7963527102724344,34,0,1,,0.5515777566087163,815,815.0,0.21739130434782608,1,CONTEST,1252.87
DSP001508,TXN0335165,M000280,,RuPay,MERCHANDISE_NOT_AS_DESCRIBED,Merchandise Not As Described,2025-04-09,750,0,0,2025-04-16,7,accepted,accepted_refunded,,3,3,0,0.9785333333333334,0,,,,,,,,,,,,,,,,,,d2c_brand,physical_delivery,large,0.7963527102724344,34,0,1,,0.7367110124427177,0,797.0,1.0,0,ACCEPT,-244.47
DSP001509,TXN0339189,M000280,CUS0121131,Visa,MERCHANDISE_NOT_RECEIVED,Merchandise Not Received,2025-03-25,2849,749,221,2025-04-04,10,contested,won,2025-05-06,4,4,0,0.6101,2,,,,,,,,,,,,,,,,,,d2c_brand,physical_delivery,large,0.7963527102724344,34,0,1,,0.6345457359977484,970,970.0,0.34047034047034047,1,CONTEST,837.82
DSP001510,TXN0337089,M000280,CUS0118767,Mastercard,MERCHANDISE_NOT_AS_DESCRIBED,Merchandise Not As Described,2025-08-06,500,404,210,2025-08-15,9,contested,won,2025-08-31,3,3,0,0.9492333333333334,0,,,,,,,,,,,,,,,,,,d2c_brand,physical_delivery,large,0.7963527102724344,34,0,1,,0.8363412645435581,614,614.0,1.0,0,ACCEPT,-195.83
DSP001511,TXN0334673,M000280,CUS0119411,RuPay,CREDIT_NOT_PROCESSED,Credit Not Processed,2025-03-12,1495,0,0,2025-03-26,14,accepted,accepted_refunded,,3,3,0,0.93725,0,,,,,,,,,,,,,,,,,,d2c_brand,physical_delivery,large,0.7963527102724344,34,0,1,,0.7572992477368354,0,797.0,0.5331103678929766,1,CONTEST,335.16
DSP001512,TXN0333939,M000280,,Visa,MERCHANDISE_NOT_AS_DESCRIBED,Merchandise Not As Described,2025-08-17,2195,701,282,2025-08-27,10,contested,won,2025-09-24,3,2,1,0.6533333333333333,2,1299.0,debit_card,passed,1.0,DEV286546,0.2448128979066478,1.0,0.0,0.0,delivered,2025-01-25,1.0,2025-01-23 09:51:00,0.0,0.0,0.0,,d2c_brand,physical_delivery,large,0.7963527102724344,34,0,1,205.58958333333334,0.45256965944272454,983,983.0,0.44783599088838266,1,CONTEST,10.39
DSP001513,TXN0331612,M000280,CUS0121133,Visa,CREDIT_NOT_PROCESSED,Credit Not Processed,2026-01-04,1900,0,0,2026-01-20,16,accepted,accepted_refunded,,3,2,1,0.6312333333333333,2,,,,,,,,,,,,,,,,,,d2c_brand,physical_delivery,large,0.7963527102724344,34,0,1,,0.344277152354055,0,797.0,0.41947368421052633,0,ACCEPT,-142.87
DSP001514,TXN0338476,M000280,CUS0118487,RuPay,UNAUTHORIZED_TRANSACTION,Unauthorized Transaction,2025-06-01,649,0,0,2025-06-13,12,accepted,accepted_refunded,,4,4,0,0.7690166666666666,1,,,,,,,,,,,,,,,,,,d2c_brand,physical_delivery,large,0.7963527102724344,34,0,1,,0.4829824561403509,0,797.0,1.0,0,ACCEPT,-483.54
DSP001515,TXN0333516,M000280,CUS0119209,Visa,MERCHANDISE_NOT_RECEIVED,Merchandise Not Received,2025-06-24,1250,706,280,2025-07-01,7,contested,lost,2025-07-09,4,4,0,0.9221499999999999,0,,,,,,,,,,,,,,,,,,d2c_brand,physical_delivery,large,0.7963527102724344,34,0,1,,0.8019516541539478,986,986.0,0.7888,1,CONTEST,16.44
DSP001516,TXN0333442,M000280,,Visa,MERCHANDISE_NOT_RECEIVED,Merchandise Not Received,2025-11-11,1049,506,285,2025-11-30,19,contested,won,2025-12-25,4,4,0,0.9188833333333334,0,,,,,,,,,,,,,,,,,,d2c_brand,physical_delivery,large,0.7963527102724344,34,0,1,,0.8897173414820474,791,791.0,0.7540514775977121,1,CONTEST,142.31
DSP001517,TXN0331563,M000280,CUS0118476,Mastercard,MERCHANDISE_NOT_AS_DESCRIBED,Merchandise Not As Described,2025-01-22,1599,0,0,2025-02-01,10,accepted,accepted_refunded,,3,3,0,0.6984333333333334,1,,,,,,,,,,,,,,,,,,d2c_brand,physical_delivery,large,0.7963527102724344,34,0,1,,0.6070132684652808,0,797.0,0.4984365228267667,1,CONTEST,173.61
DSP001518,TXN0333496,M000280,CUS0119045,Visa,MERCHANDISE_NOT_RECEIVED,Merchandise Not Received,2025-08-13,649,0,0,2025-08-30,17,accepted,accepted_refunded,,4,4,0,0.9343,0,,,,,,,,,,,,,,,,,,d2c_brand,physical_delivery,large,0.7963527102724344,34,0,1,,0.8756410951477365,0,797.0,1.0,0,ACCEPT,-228.71
DSP001519,TXN0336281,M000280,CUS0119001,Visa,MERCHANDISE_NOT_AS_DESCRIBED,Merchandise Not As Described,2025-10-01,2799,495,230,2025-10-20,19,contested,won,2025-11-01,3,3,0,0.7804000000000001,1,,,,,,,,,,,,,,,,,,d2c_brand,physical_delivery,large,0.7963527102724344,34,0,1,,0.7042583938538762,725,725.0,0.2590210789567703,1,CONTEST,1246.22
DSP001520,TXN0338647,M000280,CUS0119560,Visa,MERCHANDISE_NOT_RECEIVED,Merchandise Not Received,2025-10-02,4050,682,211,2025-10-23,21,contested,lost,2025-11-06,4,3,1,0.7622333333333332,1,,,,,,,,,,,,,,,,,,d2c_brand,physical_delivery,large,0.7963527102724344,34,0,1,,0.5398818501759679,893,893.0,0.22049382716049382,1,CONTEST,1293.52
DSP001521,TXN0332216,M000280,CUS0120651,Visa,MERCHANDISE_NOT_RECEIVED,Merchandise Not Received,2025-12-04,400,548,259,2025-12-25,21,contested,won,2025-12-21,4,4,0,0.80285,1,,,,,,,,,,,,,,,,,,d2c_brand,physical_delivery,large,0.7963527102724344,34,0,1,,0.8756410951477365,807,807.0,1.0,0,ACCEPT,-456.74
DSP001522,TXN0334405,M000280,CUS0118837,Mastercard,MERCHANDISE_NOT_AS_DESCRIBED,Merchandise Not As Described,2025-11-16,999,739,195,2025-12-01,15,contested,lost,2025-12-16,3,3,0,0.9577833333333333,0,,,,,,,,,,,,,,,,,,d2c_brand,physical_delivery,large,0.7963527102724344,34,0,1,,0.7270268019164019,934,934.0,0.934934934934935,0,ACCEPT,-207.7
DSP001523,TXN0335770,M000280,,Visa,MERCHANDISE_NOT_RECEIVED,Merchandise Not Received,2025-08-06,849,0,0,2025-08-24,18,accepted,accepted_refunded,,4,3,1,0.7650333333333333,1,,,,,,,,,,,,,,,,,,d2c_brand,physical_delivery,large,0.7963527102724344,34,0,1,,0.5863317695462831,0,797.0,0.9387514723203769,0,ACCEPT,-299.2
DSP001524,TXN0333279,M000280,,Visa,MERCHANDISE_NOT_RECEIVED,Merchandise Not Received,2025-07-31,549,737,285,2025-08-18,18,contested,lost,2025-08-27,4,3,1,0.7412,1,,,,,,,,,,,,,,,,,,d2c_brand,physical_delivery,large,0.7963527102724344,34,0,1,,0.5550865285385409,1022,1022.0,1.0,0,ACCEPT,-717.26
DSP001525,TXN0334988,M000280,,Visa,CREDIT_NOT_PROCESSED,Credit Not Processed,2025-05-04,1099,570,162,2025-05-17,13,contested,won,2025-05-22,3,3,0,0.6508166666666667,2,449.0,credit_card,passed,1.0,DEV920145,0.487930978793463,1.0,0.0,0.0,delivered,2025-03-08,1.0,2025-02-26 00:50:00,0.0,0.0,0.0,,d2c_brand,physical_delivery,large,0.7963527102724344,34,0,1,66.96527777777777,0.6004198618718742,732,732.0,0.6660600545950864,0,ACCEPT,-72.14
DSP001526,TXN0346829,M000281,CUS0122050,Mastercard,MERCHANDISE_NOT_RECEIVED,Merchandise Not Received,2025-03-13,600,407,215,2025-03-30,17,contested,won,2025-04-14,4,4,0,0.9115666666666667,0,,,,,,,,,,,,,,,,,,d2c_brand,physical_delivery,large,0.8214422860988144,54,0,1,,0.8897173414820474,622,622.0,1.0,0,ACCEPT,-88.17
DSP001527,TXN0345766,M000281,CUS0123163,Visa,MERCHANDISE_NOT_RECEIVED,Merchandise Not Received,2025-07-18,8899,465,184,2025-07-31,13,contested,won,2025-08-28,4,3,1,0.7468166666666667,1,,,,,,,,,,,,,,,,,,d2c_brand,physical_delivery,large,0.8214422860988144,54,0,1,,0.5288854489164087,649,649.0,0.07292954264524104,1,CONTEST,4057.55
DSP001528,TXN0340161,M000281,,Mastercard,UNAUTHORIZED_TRANSACTION,Unauthorized Transaction,2025-03-08,1049,0,0,2025-03-23,15,accepted,accepted_refunded,,4,3,1,0.7803166666666667,1,545.0,upi,not_applicable,0.0,DEV869707,0.0676231108793464,1.0,0.0,0.0,delivered,2025-07-05,1.0,2025-06-25 15:42:00,0.0,0.0,0.0,,d2c_brand,physical_delivery,large,0.8214422860988144,54,0,1,-109.65416666666667,0.319901185770751,0,797.0,0.7597712106768351,0,ACCEPT,-461.42
DSP001529,TXN0345641,M000281,CUS0123911,Visa,CREDIT_NOT_PROCESSED,Credit Not Processed,2025-08-07,1300,521,257,2025-08-18,11,contested,lost,2025-09-21,3,3,0,0.6063,2,,,,,,,,,,,,,,,,,,d2c_brand,physical_delivery,large,0.8214422860988144,54,0,1,,0.5154852172992902,778,778.0,0.5984615384615385,0,ACCEPT,-107.87
DSP001530,TXN0342373,M000281,CUS0123243,Mastercard,MERCHANDISE_NOT_RECEIVED,Merchandise Not Received,2025-05-15,4850,0,0,2025-06-02,18,accepted,accepted_refunded,,4,3,1,0.7429166666666666,1,,,,,,,,,,,,,,,,,,d2c_brand,physical_delivery,large,0.8214422860988144,54,0,1,,0.5550865285385409,0,797.0,0.1643298969072165,1,CONTEST,1895.17
DSP001531,TXN0341152,M000281,CUS0122471,Mastercard,UNAUTHORIZED_TRANSACTION,Unauthorized Transaction,2025-07-27,2945,559,183,2025-08-04,8,contested,lost,2025-09-07,4,3,1,0.7684833333333333,1,,,,,,,,,,,,,,,,,,d2c_brand,physical_delivery,large,0.8214422860988144,54,0,1,,0.2591869000564653,742,742.0,0.25195246179966047,1,CONTEST,21.31
DSP001532,TXN0342592,M000281,,Visa,MERCHANDISE_NOT_RECEIVED,Merchandise Not Received,2026-01-12,2150,0,0,2026-01-22,10,accepted,accepted_refunded,,4,3,1,0.6239333333333333,2,,,,,,,,,,,,,,,,,,d2c_brand,physical_delivery,large,0.8214422860988144,54,0,1,,0.506078431372549,0,797.0,0.37069767441860463,1,CONTEST,291.07
DSP001533,TXN0341679,M000281,CUS0122214,Mastercard,MERCHANDISE_NOT_RECEIVED,Merchandise Not Received,2025-11-05,7595,587,169,2025-11-25,20,contested,won,2025-12-11,4,4,0,0.7497833333333332,1,,,,,,,,,,,,,,,,,,d2c_brand,physical_delivery,large,0.8214422860988144,54,0,1,,0.7927916652030726,756,756.0,0.09953917050691244,1,CONTEST,5265.25
DSP001534,TXN0342932,M000281,CUS0123880,Mastercard,UNAUTHORIZED_TRANSACTION,Unauthorized Transaction,2025-09-21,2849,0,0,2025-10-11,20,accepted,accepted_refunded,,4,3,1,0.74255,1,,,,,,,,,,,,,,,,,,d2c_brand,physical_delivery,large,0.8214422860988144,54,0,1,,0.2734805787757557,0,797.0,0.27974727974727975,0,ACCEPT,-17.85
DSP001535,TXN0339700,M000281,CUS0121781,RuPay,UNAUTHORIZED_TRANSACTION,Unauthorized Transaction,2025-05-19,1450,0,0,2025-06-07,19,accepted,accepted_refunded,,4,4,0,0.7432666666666666,1,,,,,,,,,,,,,,,,,,d2c_brand,physical_delivery,large,0.8214422860988144,54,0,1,,0.4354102075946388,0,797.0,0.5496551724137931,0,ACCEPT,-165.66
DSP001536,TXN0342670,M000281,,Mastercard,CREDIT_NOT_PROCESSED,Credit Not Processed,2025-11-10,5200,442,285,2025-11-22,12,contested,lost,2025-12-24,3,3,0,0.9551666666666666,0,1549.0,upi,not_applicable,1.0,,0.3820581584711277,2.0,0.0,0.0,delivered,2025-09-15,0.0,2025-09-05 06:09:00,0.0,0.0,0.0,,d2c_brand,physical_delivery,large,0.8214422860988144,54,0,1,65.74375,0.7004810659186537,727,727.0,0.1398076923076923,1,CONTEST,2915.5
DSP001537,TXN0345465,M000281,,Mastercard,UNAUTHORIZED_TRANSACTION,Unauthorized Transaction,2025-06-20,4849,0,0,2025-06-29,9,accepted,accepted_refunded,,4,3,1,0.6533333333333333,2,899.0,credit_card,passed,0.0,DEV860096,0.3641751038979852,1.0,0.0,1.0,in_transit,,0.0,2025-02-23 22:57:00,0.0,0.0,0.0,,d2c_brand,physical_delivery,large,0.8214422860988144,54,0,1,116.04375,0.2277922077922078,0,797.0,0.16436378634770055,1,CONTEST,307.56
DSP001538,TXN0347085,M000281,,Mastercard,MERCHANDISE_NOT_RECEIVED,Merchandise Not Received,2025-02-18,795,656,289,2025-03-11,21,contested,lost,2025-03-09,4,4,0,0.9233833333333333,0,,,,,,,,,,,,,,,,,,d2c_brand,physical_delivery,large,0.8214422860988144,54,0,1,,0.8160279004882586,945,945.0,1.0,0,ACCEPT,-296.26
DSP001539,TXN0344528,M000281,CUS0123462,Visa,MERCHANDISE_NOT_AS_DESCRIBED,Merchandise Not As Described,2025-06-15,7500,562,209,2025-06-28,13,contested,lost,2025-07-21,3,2,1,0.7444000000000001,1,,,,,,,,,,,,,,,,,,d2c_brand,physical_delivery,large,0.8214422860988144,54,0,1,,0.4025696594427245,771,771.0,0.1028,1,CONTEST,2248.27
DSP001540,TXN0347188,M000281,CUS0121946,Visa,CREDIT_NOT_PROCESSED,Credit Not Processed,2025-03-21,4445,0,0,2025-04-04,14,accepted,accepted_refunded,,3,3,0,0.9685,0,,,,,,,,,,,,,,,,,,d2c_brand,physical_delivery,large,0.8214422860988144,54,0,1,,0.8363412645435581,0,797.0,0.1793025871766029,1,CONTEST,2920.54
DSP001541,TXN0343638,M000281,CUS0123265,RuPay,MERCHANDISE_NOT_AS_DESCRIBED,Merchandise Not As Described,2025-03-28,1750,448,175,2025-04-08,11,contested,won,2025-04-12,3,3,0,0.8603500000000001,0,,,,,,,,,,,,,,,,,,d2c_brand,physical_delivery,large,0.8214422860988144,54,0,1,,0.6264366094263792,623,623.0,0.356,1,CONTEST,473.26
DSP001542,TXN0345888,M000281,CUS0122912,Visa,MERCHANDISE_NOT_AS_DESCRIBED,Merchandise Not As Described,2026-01-03,8200,500,191,2026-01-22,19,contested,won,2026-01-21,3,3,0,0.7612333333333333,1,,,,,,,,,,,,,,,,,,d2c_brand,physical_delivery,large,0.8214422860988144,54,0,1,,0.6223836927482809,691,691.0,0.08426829268292683,1,CONTEST,4412.55
DSP001543,TXN0339720,M000281,CUS0123466,Visa,MERCHANDISE_NOT_AS_DESCRIBED,Merchandise Not As Described,2025-08-16,745,0,0,2025-08-27,11,accepted,accepted_refunded,,3,3,0,0.7506833333333334,1,,,,,,,,,,,,,,,,,,d2c_brand,physical_delivery,large,0.8214422860988144,54,0,1,,0.6070132684652808,0,797.0,1.0,0,ACCEPT,-344.78
DSP001544,TXN0340861,M000281,CUS0122570,RuPay,UNAUTHORIZED_TRANSACTION,Unauthorized Transaction,2025-09-08,1900,630,159,2025-09-24,16,contested,lost,2025-10-21,4,2,2,0.5821999999999999,2,,,,,,,,,,,,,,,,,,d2c_brand,physical_delivery,large,0.8214422860988144,54,0,1,,0.07007319056654919,789,789.0,0.41526315789473683,0,ACCEPT,-655.86
DSP001545,TXN0344530,M000281,,Mastercard,MERCHANDISE_NOT_RECEIVED,Merchandise Not Received,2025-04-18,749,434,292,2025-05-06,18,contested,won,2025-05-19,4,4,0,0.75895,1,249.0,debit_card,passed,1.0,DEV623806,0.4560294055954632,1.0,1.0,0.0,delivered,2025-09-06,1.0,2025-09-04 02:14:00,0.0,0.0,0.0,,d2c_brand,physical_delivery,large,0.8214422860988144,54,0,1,-139.09305555555557,0.8897445658604232,726,726.0,0.9692923898531375,0,ACCEPT,-59.58
DSP001546,TXN0344290,M000281,,Visa,CREDIT_NOT_PROCESSED,Credit Not Processed,2025-03-21,595,566,232,2025-03-31,10,contested,won,2025-05-04,3,3,0,0.7748666666666667,1,,,,,,,,,,,,,,,,,,d2c_brand,physical_delivery,large,0.8214422860988144,54,0,1,,0.7404131926154862,798,798.0,1.0,0,ACCEPT,-357.45
DSP001547,TXN0342392,M000281,,RuPay,CREDIT_NOT_PROCESSED,Credit Not Processed,2025-06-01,549,458,290,2025-06-14,13,contested,lost,2025-06-16,3,3,0,0.7478333333333333,1,,,,,,,,,,,,,,,,,,d2c_brand,physical_delivery,large,0.8214422860988144,54,0,1,,0.61403081232493,748,748.0,1.0,0,ACCEPT,-410.9
DSP001548,TXN0352008,M000282,CUS0125899,Mastercard,UNAUTHORIZED_TRANSACTION,Unauthorized Transaction,2025-05-09,3050,0,0,2025-05-18,9,accepted,accepted_refunded,,4,4,0,0.7505000000000001,1,,,,,,,,,,,,,,,,,,marketplace_retailer,physical_delivery,large,0.8436798166357338,107,0,1,,0.3892206966692092,0,797.0,0.26131147540983607,1,CONTEST,390.12
DSP001549,TXN0348905,M000282,CUS0124865,Mastercard,MERCHANDISE_NOT_AS_DESCRIBED,Merchandise Not As Described,2025-03-14,1945,561,173,2025-03-28,14,contested,won,2025-04-06,3,2,1,0.7661833333333333,1,,,,,,,,,,,,,,,,,,marketplace_retailer,physical_delivery,large,0.8436798166357338,107,0,1,,0.4671895424836602,734,734.0,0.3773778920308483,1,CONTEST,174.68
DSP001550,TXN0355379,M000282,,Visa,UNAUTHORIZED_TRANSACTION,Unauthorized Transaction,2026-01-21,155,661,163,2026-02-11,21,contested,won,2026-03-04,4,4,0,0.9706833333333332,0,,,,,,,,,,,,,,,,,,marketplace_retailer,physical_delivery,large,0.8436798166357338,107,0,1,,0.5323942208462332,824,824.0,1.0,0,ACCEPT,-741.48
DSP001551,TXN0350998,M000282,CUS0124499,Mastercard,MERCHANDISE_NOT_RECEIVED,Merchandise Not Received,2026-02-02,600,0,0,2026-02-17,15,accepted,accepted_refunded,,4,3,1,0.4699166666666667,3,,,,,,,,,,,,,,,,,,marketplace_retailer,physical_delivery,large,0.8436798166357338,107,0,1,,0.36490118577075104,0,797.0,1.0,0,ACCEPT,-578.06
DSP001552,TXN0354041,M000282,CUS0126670,Mastercard,UNAUTHORIZED_TRANSACTION,Unauthorized Transaction,2025-07-07,4095,0,0,2025-07-27,20,accepted,accepted_refunded,,4,3,1,0.6118666666666667,2,,,,,,,,,,,,,,,,,,marketplace_retailer,physical_delivery,large,0.8436798166357338,107,0,1,,0.24337662337662339,0,797.0,0.19462759462759463,1,CONTEST,199.63
DSP001553,TXN0350502,M000282,,Visa,UNAUTHORIZED_TRANSACTION,Unauthorized Transaction,2025-06-22,1845,0,0,2025-07-09,17,accepted,accepted_refunded,,4,3,1,0.6254333333333334,2,,,,,,,,,,,,,,,,,,marketplace_retailer,physical_delivery,large,0.8436798166357338,107,0,1,,0.24337662337662339,0,797.0,0.43197831978319784,0,ACCEPT,-347.97
DSP001554,TXN0349429,M000282,,Visa,MERCHANDISE_NOT_AS_DESCRIBED,Merchandise Not As Described,2025-05-07,999,518,167,2025-05-23,16,contested,lost,2025-06-03,3,2,1,0.2909,4,,,,,,,,,,,,,,,,,,marketplace_retailer,physical_delivery,large,0.8436798166357338,107,0,1,,0.20290741516547967,685,685.0,0.6856856856856857,0,ACCEPT,-482.3
DSP001555,TXN0353620,M000282,,Visa,MERCHANDISE_NOT_RECEIVED,Merchandise Not Received,2025-07-23,5295,576,192,2025-08-03,11,contested,lost,2025-08-26,4,3,1,0.5955,2,2849.0,upi,not_applicable,1.0,DEV518429,0.3538637347868285,1.0,0.0,0.0,delivered,2025-03-10,1.0,2025-03-07 07:49:00,0.0,0.0,0.0,,marketplace_retailer,physical_delivery,large,0.8436798166357338,107,0,1,137.67430555555555,0.38482456140350874,768,768.0,0.14504249291784702,1,CONTEST,1269.65
DSP001556,TXN0354076,M000282,CUS0124840,Visa,MERCHANDISE_NOT_AS_DESCRIBED,Merchandise Not As Described,2025-08-17,1549,402,196,2025-08-28,11,contested,lost,2025-09-23,3,3,0,0.7707333333333333,1,,,,,,,,,,,,,,,,,,marketplace_retailer,physical_delivery,large,0.8436798166357338,107,0,1,,0.6167523989000634,598,598.0,0.38605551969012264,1,CONTEST,357.35
DSP001557,TXN0354119,M000282,CUS0126609,RuPay,UNAUTHORIZED_TRANSACTION,Unauthorized Transaction,2025-07-15,170,497,213,2025-07-29,14,contested,lost,2025-08-25,4,4,0,0.9512333333333333,0,,,,,,,,,,,,,,,,,,marketplace_retailer,physical_delivery,large,0.8436798166357338,107,0,1,,0.43578955217744453,710,710.0,1.0,0,ACCEPT,-635.92
DSP001558,TXN0349458,M000282,CUS0125307,Mastercard,UNAUTHORIZED_TRANSACTION,Unauthorized Transaction,2025-06-10,950,720,238,2025-06-21,11,contested,won,2025-07-11,4,4,0,0.7752666666666667,1,,,,,,,,,,,,,,,,,,marketplace_retailer,physical_delivery,large,0.8436798166357338,107,0,1,,0.5348130709329469,958,958.0,1.0,0,ACCEPT,-449.93
DSP001559,TXN0351546,M000282,CUS0125599,Visa,CREDIT_NOT_PROCESSED,Credit Not Processed,2025-11-29,4345,607,271,2025-12-18,19,contested,won,2025-12-29,3,3,0,0.7384833333333334,1,,,,,,,,,,,,,,,,,,marketplace_retailer,physical_delivery,large,0.8436798166357338,107,0,1,,0.6431716844206006,878,878.0,0.20207134637514385,1,CONTEST,1916.58
DSP001560,TXN0347649,M000282,CUS0125747,RuPay,MERCHANDISE_NOT_AS_DESCRIBED,Merchandise Not As Described,2025-08-09,1900,661,285,2025-08-23,14,contested,lost,2025-09-01,3,2,1,0.7871666666666667,1,,,,,,,,,,,,,,,,,,marketplace_retailer,physical_delivery,large,0.8436798166357338,107,0,1,,0.48239422084623323,946,946.0,0.4978947368421053,0,ACCEPT,-29.45
DSP001561,TXN0353715,M000282,CUS0125227,RuPay,MERCHANDISE_NOT_AS_DESCRIBED,Merchandise Not As Described,2025-11-03,1649,617,227,2025-11-14,11,contested,lost,2025-12-06,3,3,0,0.8583333333333334,0,,,,,,,,,,,,,,,,,,marketplace_retailer,physical_delivery,large,0.8436798166357338,107,0,1,,0.6167523989000634,844,844.0,0.5118253486961795,1,CONTEST,173.02
DSP001562,TXN0347834,M000282,CUS0125059,Mastercard,MERCHANDISE_NOT_AS_DESCRIBED,Merchandise Not As Described,2025-03-14,1645,623,159,2025-04-01,18,contested,lost,2025-04-22,3,2,1,0.76755,1,,,,,,,,,,,,,,,,,,marketplace_retailer,physical_delivery,large,0.8436798166357338,107,0,1,,0.4671895424836602,782,782.0,0.47537993920972643,0,ACCEPT,-13.47
DSP001563,TXN0354979,M000282,,Mastercard,MERCHANDISE_NOT_RECEIVED,Merchandise Not Received,2025-04-06,8395,457,206,2025-04-25,19,contested,won,2025-05-19,4,4,0,0.9060166666666666,0,,,,,,,,,,,,,,,,,,marketplace_retailer,physical_delivery,large,0.8436798166357338,107,0,1,,0.8545230827253765,663,663.0,0.07897558070279928,1,CONTEST,6510.72
DSP001564,TXN0361112,M000283,,Visa,MERCHANDISE_NOT_AS_DESCRIBED,Merchandise Not As Described,2025-10-04,14295,701,273,2025-10-19,15,contested,lost,2025-11-07,3,1,2,0.2618,4,,,,,,,,,,,,,,,,,,travel_booking,booking_service,large,0.5768794269146817,40,0,0,,0.0,974,974.0,0.06813571178733822,0,ACCEPT,-974.0
DSP001565,TXN0362851,M000283,CUS0128295,Mastercard,MERCHANDISE_NOT_AS_DESCRIBED,Merchandise Not As Described,2025-02-14,14800,405,171,2025-03-04,18,contested,lost,2025-03-30,3,3,0,0.7386499999999999,1,,,,,,,,,,,,,,,,,,travel_booking,booking_service,large,0.5768794269146817,40,0,0,,0.42055555555555557,576,576.0,0.03891891891891892,1,CONTEST,5648.22
DSP001566,TXN0359206,M000283,CUS0128225,Mastercard,CREDIT_NOT_PROCESSED,Credit Not Processed,2026-02-14,2549,464,251,2026-02-27,13,contested,lost,2026-03-24,4,3,1,0.64765,1,,,,,,,,,,,,,,,,,,travel_booking,booking_service,large,0.5768794269146817,40,0,0,,0.2873447947933074,715,715.0,0.28050215770890546,1,CONTEST,17.44
DSP001567,TXN0363027,M000283,CUS0127821,Visa,MERCHANDISE_NOT_AS_DESCRIBED,Merchandise Not As Described,2025-12-29,2649,714,197,2026-01-17,19,contested,lost,2026-02-11,3,2,1,0.7398166666666667,1,,,,,,,,,,,,,,,,,,travel_booking,booking_service,large,0.5768794269146817,40,0,0,,0.3253318077803204,911,911.0,0.3439033597583994,0,ACCEPT,-49.2
DSP001568,TXN0360480,M000283,,Visa,MERCHANDISE_NOT_AS_DESCRIBED,Merchandise Not As Described,2025-07-10,6400,499,167,2025-07-26,16,contested,lost,2025-08-05,3,1,2,0.39461666666666667,3,1749.0,upi,not_applicable,1.0,DEV673548,0.1123731197181141,1.0,0.0,0.0,,,,2025-07-15 17:12:00,0.0,0.0,0.0,,travel_booking,booking_service,large,0.5768794269146817,40,0,0,-5.716666666666667,0.0,666,666.0,0.1040625,0,ACCEPT,-666.0
DSP001569,TXN0359582,M000283,CUS0127577,RuPay,MERCHANDISE_NOT_AS_DESCRIBED,Merchandise Not As Described,2025-04-18,45500,0,0,2025-05-05,17,accepted,accepted_refunded,,3,1,2,0.3504833333333333,3,,,,,,,,,,,,,,,,,,travel_booking,booking_service,large,0.5768794269146817,40,0,0,,0.0,0,797.0,0.017516483516483515,0,ACCEPT,-797.0
DSP001570,TXN0357937,M000283,,RuPay,DUPLICATE_TRANSACTION,Duplicate Transaction,2025-07-09,8195,441,251,2025-07-25,16,contested,lost,2025-08-19,2,0,2,0.33373333333333327,3,8399.0,wallet,not_applicable,1.0,,0.2154988366844981,1.0,0.0,0.0,,,,2025-08-24 07:02:00,0.0,0.0,0.0,,travel_booking,booking_service,large,0.5768794269146817,40,0,0,-46.293055555555554,0.07007319056654919,692,692.0,0.08444173276388041,0,ACCEPT,-117.75
DSP001571,TXN0355930,M000283,,Visa,MERCHANDISE_NOT_AS_DESCRIBED,Merchandise Not As Described,2025-12-05,22500,0,0,2025-12-21,16,accepted,accepted_refunded,,3,3,0,0.7430500000000001,1,,,,,,,,,,,,,,,,,,travel_booking,booking_service,large,0.5768794269146817,40,0,0,,0.42055555555555557,0,797.0,0.03542222222222222,1,CONTEST,8665.5
DSP001572,TXN0360380,M000283,CUS0127468,Mastercard,MERCHANDISE_NOT_AS_DESCRIBED,Merchandise Not As Described,2025-10-15,18599,685,222,2025-10-23,8,contested,won,2025-11-09,3,3,0,0.7149833333333334,1,,,,,,,,,,,,,,,,,,travel_booking,booking_service,large,0.5768794269146817,40,0,0,,0.42055555555555557,907,907.0,0.04876606269154256,1,CONTEST,6914.91
DSP001573,TXN0360437,M000283,CUS0128757,RuPay,SERVICE_NOT_RENDERED,Service Not Rendered,2025-09-24,3549,0,0,2025-10-10,16,accepted,accepted_refunded,,3,1,2,0.26415,4,,,,,,,,,,,,,,,,,,travel_booking,booking_service,large,0.5768794269146817,40,0,0,,0.015384615384615385,0,797.0,0.22457030149337842,0,ACCEPT,-742.4
DSP001574,TXN0361084,M000283,CUS0129302,RuPay,MERCHANDISE_NOT_AS_DESCRIBED,Merchandise Not As Described,2025-11-22,9395,435,276,2025-12-02,10,contested,lost,2025-12-10,3,3,0,0.6750166666666666,1,,,,,,,,,,,,,,,,,,travel_booking,booking_service,large,0.5768794269146817,40,0,0,,0.3253318077803204,711,711.0,0.0756785524215008,1,CONTEST,2345.49
DSP001575,TXN0363098,M000283,CUS0128178,Visa,SERVICE_NOT_RENDERED,Service Not Rendered,2025-11-20,9099,665,299,2025-12-10,20,contested,lost,2026-01-01,3,2,1,0.2965,4,,,,,,,,,,,,,,,,,,travel_booking,booking_service,large,0.5768794269146817,40,0,0,,0.07007319056654919,964,964.0,0.10594570831959556,0,ACCEPT,-326.4
DSP001576,TXN0358066,M000283,,RuPay,SERVICE_NOT_RENDERED,Service Not Rendered,2025-08-24,19999,0,0,2025-09-07,14,accepted,accepted_refunded,,3,2,1,0.7122833333333333,1,29995.0,debit_card,passed,1.0,,0.0414648338957669,2.0,0.0,0.0,,,,2025-06-07 02:11:00,0.0,0.0,0.0,,travel_booking,booking_service,large,0.5768794269146817,40,0,0,77.90902777777778,0.2873447947933074,0,797.0,0.03985199259962998,1,CONTEST,4949.61
DSP001577,TXN0360208,M000283,CUS0127115,Mastercard,MERCHANDISE_NOT_AS_DESCRIBED,Merchandise Not As Described,2025-06-06,2599,456,198,2025-06-18,12,contested,lost,2025-07-21,3,0,3,0.4727666666666666,3,,,,,,,,,,,,,,,,,,travel_booking,booking_service,large,0.5768794269146817,40,0,0,,0.0,654,654.0,0.25163524432474027,0,ACCEPT,-654.0
DSP001578,TXN0360259,M000283,,Mastercard,SERVICE_NOT_RENDERED,Service Not Rendered,2025-07-19,5899,472,179,2025-08-03,15,contested,won,2025-08-02,3,2,1,0.5795833333333333,2,17799.0,credit_card,passed,1.0,DEV706340,0.1374149290083104,1.0,0.0,0.0,,,,2025-06-20 12:34:00,0.0,0.0,0.0,,travel_booking,booking_service,large,0.5768794269146817,40,0,0,28.476388888888888,0.25004329004329007,651,651.0,0.11035768774368537,1,CONTEST,824.01
DSP001579,TXN0360815,M000283,,Visa,DUPLICATE_TRANSACTION,Duplicate Transaction,2025-02-10,6795,667,159,2025-02-23,13,contested,lost,2025-03-19,2,1,1,0.7299833333333333,1,,,,,,,,,,,,,,,,,,travel_booking,booking_service,large,0.5768794269146817,40,0,0,,0.3288405797101449,826,826.0,0.12155997056659308,1,CONTEST,1408.47
DSP001580,TXN0356442,M000283,CUS0129618,Mastercard,SERVICE_NOT_RENDERED,Service Not Rendered,2026-01-14,12595,0,0,2026-01-24,10,accepted,accepted_refunded,,3,1,2,0.32261666666666666,4,,,,,,,,,,,,,,,,,,travel_booking,booking_service,large,0.5768794269146817,40,0,0,,0.0,0,797.0,0.06327907899960301,0,ACCEPT,-797.0
DSP001581,TXN0358988,M000283,,Visa,UNAUTHORIZED_TRANSACTION,Unauthorized Transaction,2025-06-30,14900,484,219,2025-07-08,8,contested,lost,2025-07-20,3,1,2,0.2627,4,,,,,,,,,,,,,,,,,,travel_booking,booking_service,large,0.5768794269146817,40,0,0,,0.0,703,703.0,0.047181208053691276,0,ACCEPT,-703.0
DSP001582,TXN0358581,M000283,CUS0128674,Mastercard,CREDIT_NOT_PROCESSED,Credit Not Processed,2025-11-22,6900,632,233,2025-12-12,20,contested,lost,2025-12-07,4,2,2,0.44316666666666665,3,,,,,,,,,,,,,,,,,,travel_booking,booking_service,large,0.5768794269146817,40,0,0,,0.0,865,865.0,0.12536231884057972,0,ACCEPT,-865.0
DSP001583,TXN0356000,M000283,,Visa,SERVICE_NOT_RENDERED,Service Not Rendered,2025-03-23,20495,567,164,2025-04-05,13,contested,lost,2025-04-22,3,2,1,0.3640666666666667,3,,,,,,,,,,,,,,,,,,travel_booking,booking_service,large,0.5768794269146817,40,0,0,,0.07007319056654919,731,731.0,0.03566723591119785,1,CONTEST,705.15
DSP001584,TXN0357296,M000283,CUS0129797,Mastercard,SERVICE_NOT_RENDERED,Service Not Rendered,2025-12-27,8100,646,267,2026-01-06,10,contested,won,2026-01-16,3,3,0,0.5116166666666667,2,,,,,,,,,,,,,,,,,,travel_booking,booking_service,large,0.5768794269146817,40,0,0,,0.3253318077803204,913,913.0,0.11271604938271605,1,CONTEST,1722.19
DSP001585,TXN0357629,M000283,CUS0129150,Mastercard,MERCHANDISE_NOT_AS_DESCRIBED,Merchandise Not As Described,2025-10-24,2499,748,281,2025-11-04,11,contested,lost,2025-11-10,3,1,2,0.38655,3,,,,,,,,,,,,,,,,,,travel_booking,booking_service,large,0.5768794269146817,40,0,0,,0.0,1029,1029.0,0.4117647058823529,0,ACCEPT,-1029.0
DSP001586,TXN0360053,M000283,CUS0128332,RuPay,MERCHANDISE_NOT_AS_DESCRIBED,Merchandise Not As Described,2025-05-11,4000,0,0,2025-05-26,15,accepted,accepted_refunded,,3,1,2,0.5305,2,,,,,,,,,,,,,,,,,,travel_booking,booking_service,large,0.5768794269146817,40,0,0,,0.03225806451612903,0,797.0,0.19925,0,ACCEPT,-667.97
DSP001587,TXN0355498,M000283,,Mastercard,UNAUTHORIZED_TRANSACTION,Unauthorized Transaction,2025-10-17,8195,431,176,2025-10-24,7,contested,lost,2025-11-13,3,0,3,0.4276,3,5395.0,credit_card,passed,1.0,DEV846002,0.3160944681932007,1.0,1.0,0.0,,,,2025-11-13 23:00:00,0.0,0.0,0.0,,travel_booking,booking_service,large,0.5768794269146817,40,0,0,-27.958333333333332,0.0,607,607.0,0.07406955460646736,0,ACCEPT,-607.0
DSP001588,TXN0359479,M000283,CUS0128817,Mastercard,UNAUTHORIZED_TRANSACTION,Unauthorized Transaction,2025-12-26,6200,0,0,2026-01-15,20,accepted,accepted_refunded,,3,3,0,0.6596833333333333,1,,,,,,,,,,,,,,,,,,travel_booking,booking_service,large,0.5768794269146817,40,0,0,,0.25004329004329007,0,797.0,0.12854838709677419,1,CONTEST,753.27
DSP001589,TXN0366382,M000284,CUS0130094,RuPay,MERCHANDISE_NOT_AS_DESCRIBED,Merchandise Not As Described,2025-03-20,1800,422,224,2025-04-09,20,contested,lost,2025-04-07,3,3,0,0.92435,0,,,,,,,,,,,,,,,,,,marketplace_retailer,physical_delivery,large,0.9240914887534456,64,0,1,,0.6264366094263792,646,646.0,0.35888888888888887,1,CONTEST,481.59
DSP001590,TXN0365370,M000284,,Visa,DUPLICATE_TRANSACTION,Duplicate Transaction,2025-03-13,330,0,0,2025-04-03,21,accepted,accepted_refunded,,2,2,0,0.9787499999999999,0,1945.0,debit_card,passed,1.0,DEV575781,0.3582450163686217,1.0,0.0,0.0,delivered,2025-04-16,1.0,2025-04-07 16:32:00,0.0,0.0,0.0,,marketplace_retailer,physical_delivery,large,0.9240914887534456,64,0,1,-25.68888888888889,0.9363036114517488,0,797.0,1.0,0,ACCEPT,-488.02
DSP001591,TXN0364430,M000284,,Mastercard,UNAUTHORIZED_TRANSACTION,Unauthorized Transaction,2025-05-18,1650,0,0,2025-05-25,7,accepted,accepted_refunded,,4,4,0,0.9445833333333332,0,4995.0,credit_card,passed,1.0,DEV442304,0.0367094604527891,2.0,0.0,1.0,delivered,2025-05-12,1.0,2025-05-10 22:39:00,0.0,0.0,0.0,,marketplace_retailer,physical_delivery,large,0.9240914887534456,64,0,1,7.05625,0.45164759725400455,0,797.0,0.48303030303030303,0,ACCEPT,-51.78
DSP001592,TXN0367528,M000284,CUS0131840,Visa,MERCHANDISE_NOT_AS_DESCRIBED,Merchandise Not As Described,2025-03-29,1200,709,252,2025-04-13,15,contested,lost,2025-04-21,3,3,0,0.94565,0,,,,,,,,,,,,,,,,,,marketplace_retailer,physical_delivery,large,0.9240914887534456,64,0,1,,0.6844833933430492,961,961.0,0.8008333333333333,0,ACCEPT,-139.62
DSP001593,TXN0366579,M000284,CUS0130881,Visa,MERCHANDISE_NOT_AS_DESCRIBED,Merchandise Not As Described,2025-02-26,1200,0,0,2025-03-09,11,accepted,accepted_refunded,,3,3,0,0.98,0,,,,,,,,,,,,,,,,,,marketplace_retailer,physical_delivery,large,0.9240914887534456,64,0,1,,0.7367110124427177,0,797.0,0.6641666666666667,1,CONTEST,87.05
DSP001594,TXN0370245,M000284,CUS0132523,Visa,UNAUTHORIZED_TRANSACTION,Unauthorized Transaction,2025-09-13,330,0,0,2025-10-04,21,accepted,accepted_refunded,,4,4,0,0.6135833333333333,2,,,,,,,,,,,,,,,,,,marketplace_retailer,physical_delivery,large,0.9240914887534456,64,0,1,,0.403840579710145,0,797.0,1.0,0,ACCEPT,-663.73
DSP001595,TXN0364147,M000284,CUS0132229,RuPay,MERCHANDISE_NOT_RECEIVED,Merchandise Not Received,2025-05-23,449,723,264,2025-06-05,13,contested,won,2025-06-18,4,3,1,0.7938833333333334,1,,,,,,,,,,,,,,,,,,marketplace_retailer,physical_delivery,large,0.9240914887534456,64,0,1,,0.641063042220937,987,987.0,1.0,0,ACCEPT,-699.16
DSP001596,TXN0370400,M000284,CUS0130422,Mastercard,MERCHANDISE_NOT_RECEIVED,Merchandise Not Received,2025-06-14,1500,468,178,2025-06-29,15,contested,won,2025-07-27,4,4,0,0.9550000000000001,0,,,,,,,,,,,,,,,,,,marketplace_retailer,physical_delivery,large,0.9240914887534456,64,0,1,,0.9347389865036924,646,646.0,0.43066666666666664,1,CONTEST,756.11
DSP001597,TXN0371279,M000284,,RuPay,MERCHANDISE_NOT_AS_DESCRIBED,Merchandise Not As Described,2025-06-29,4549,0,0,2025-07-11,12,accepted,accepted_refunded,,3,3,0,0.9471166666666666,0,,,,,,,,,,,,,,,,,,marketplace_retailer,physical_delivery,large,0.9240914887534456,64,0,1,,0.6398981478879178,0,797.0,0.1752033413937129,1,CONTEST,2113.9
DSP001598,TXN0368865,M000284,CUS0132487,Visa,UNAUTHORIZED_TRANSACTION,Unauthorized Transaction,2025-06-08,1149,705,260,2025-06-22,14,contested,won,2025-07-22,4,4,0,0.9582333333333333,0,,,,,,,,,,,,,,,,,,marketplace_retailer,physical_delivery,large,0.9240914887534456,64,0,1,,0.5279824561403509,965,965.0,0.8398607484769365,0,ACCEPT,-358.35
DSP001599,TXN0368938,M000284,,Visa,MERCHANDISE_NOT_AS_DESCRIBED,Merchandise Not As Described,2025-10-04,4399,457,271,2025-10-20,16,contested,won,2025-11-01,3,2,1,0.7491666666666666,1,1999.0,credit_card,passed,1.0,DEV996052,0.370071349023281,3.0,0.0,0.0,delivered,2025-03-23,1.0,2025-03-13 05:14:00,0.0,0.0,0.0,,marketplace_retailer,physical_delivery,large,0.9240914887534456,64,0,1,204.78194444444443,0.5255688240208365,728,728.0,0.1654921573084792,1,CONTEST,1583.98
DSP001600,TXN0364155,M000284,,Visa,MERCHANDISE_NOT_AS_DESCRIBED,Merchandise Not As Described,2025-12-10,999,428,239,2025-12-28,18,contested,lost,2026-01-02,3,3,0,0.9505666666666667,0,,,,,,,,,,,,,,,,,,marketplace_retailer,physical_delivery,large,0.9240914887534456,64,0,1,,0.7572992477368354,667,667.0,0.6676676676676677,1,CONTEST,89.54
DSP001601,TXN0371246,M000284,CUS0131633,Visa,MERCHANDISE_NOT_AS_DESCRIBED,Merchandise Not As Described,2025-12-18,1149,672,224,2026-01-02,15,contested,won,2026-01-15,3,3,0,0.9504333333333334,0,,,,,,,,,,,,,,,,,,marketplace_retailer,physical_delivery,large,0.9240914887534456,64,0,1,,0.7381768855931344,896,896.0,0.7798085291557877,0,ACCEPT,-47.83
DSP001602,TXN0369933,M000284,CUS0131837,Mastercard,MERCHANDISE_NOT_AS_DESCRIBED,Merchandise Not As Described,2025-10-19,490,468,290,2025-11-04,16,contested,won,2025-11-07,3,3,0,0.9586833333333332,0,,,,,,,,,,,,,,,,,,marketplace_retailer,physical_delivery,large,0.9240914887534456,64,0,1,,0.8574592769659184,758,758.0,1.0,0,ACCEPT,-337.84
DSP001603,TXN0369973,M000284,CUS0131792,Visa,UNAUTHORIZED_TRANSACTION,Unauthorized Transaction,2025-06-18,1299,609,267,2025-06-26,8,contested,won,2025-07-22,4,4,0,0.9721166666666666,0,,,,,,,,,,,,,,,,,,marketplace_retailer,physical_delivery,large,0.9240914887534456,64,0,1,,0.48388150920361817,876,876.0,0.674364896073903,0,ACCEPT,-247.44
DSP001604,TXN0366014,M000284,CUS0130339,Mastercard,CREDIT_NOT_PROCESSED,Credit Not Processed,2025-06-18,4549,554,242,2025-06-28,10,contested,lost,2025-07-15,3,3,0,0.98,0,,,,,,,,,,,,,,,,,,marketplace_retailer,physical_delivery,large,0.9240914887534456,64,0,1,,0.8099654035708023,796,796.0,0.17498351285996921,1,CONTEST,2888.53
DSP001605,TXN0377668,M000285,CUS0135102,Visa,UNAUTHORIZED_TRANSACTION,Unauthorized Transaction,2025-01-31,2000,742,205,2025-02-15,15,contested,lost,2025-02-28,4,3,1,0.6045166666666667,2,,,,,,,,,,,,,,,,,,d2c_brand,physical_delivery,large,0.732678340029891,82,0,1,,0.25004329004329007,947,947.0,0.4735,0,ACCEPT,-446.91
DSP001606,TXN0373536,M000285,CUS0133179,Visa,MERCHANDISE_NOT_RECEIVED,Merchandise Not Received,2026-01-07,749,716,242,2026-01-24,17,contested,won,2026-01-21,4,3,1,0.6958666666666667,1,,,,,,,,,,,,,,,,,,d2c_brand,physical_delivery,large,0.732678340029891,82,0,1,,0.5750132684652808,958,958.0,1.0,0,ACCEPT,-527.32
DSP001607,TXN0374247,M000285,,RuPay,MERCHANDISE_NOT_RECEIVED,Merchandise Not Received,2025-04-03,1300,538,211,2025-04-13,10,contested,won,2025-04-27,4,2,2,0.6127166666666667,2,,,,,,,,,,,,,,,,,,d2c_brand,physical_delivery,large,0.732678340029891,82,0,1,,0.20145962732919256,749,749.0,0.5761538461538461,0,ACCEPT,-487.1
DSP001608,TXN0372749,M000285,,Mastercard,MERCHANDISE_NOT_RECEIVED,Merchandise Not Received,2025-06-10,845,0,0,2025-06-17,7,accepted,accepted_refunded,,4,2,2,0.6246833333333334,2,,,,,,,,,,,,,,,,,,d2c_brand,physical_delivery,large,0.732678340029891,82,0,1,,0.2681262939958592,0,797.0,0.9431952662721893,0,ACCEPT,-570.43
DSP001609,TXN0376809,M000285,,Visa,MERCHANDISE_NOT_RECEIVED,Merchandise Not Received,2026-01-06,1950,0,0,2026-01-18,12,accepted,accepted_refunded,,4,2,2,0.58985,2,,,,,,,,,,,,,,,,,,d2c_brand,physical_delivery,large,0.732678340029891,82,0,1,,0.17814614656222955,0,797.0,0.4087179487179487,0,ACCEPT,-449.62
DSP001610,TXN0375433,M000285,CUS0133840,RuPay,MERCHANDISE_NOT_AS_DESCRIBED,Merchandise Not As Described,2026-02-06,1545,734,263,2026-02-13,7,contested,won,2026-03-16,3,3,0,0.6985166666666668,1,,,,,,,,,,,,,,,,,,d2c_brand,physical_delivery,large,0.732678340029891,82,0,1,,0.6070132684652808,997,997.0,0.6453074433656958,0,ACCEPT,-59.16
DSP001611,TXN0374122,M000285,CUS0134022,Mastercard,MERCHANDISE_NOT_AS_DESCRIBED,Merchandise Not As Described,2025-03-02,5500,639,227,2025-03-10,8,contested,lost,2025-04-10,3,1,2,0.5827666666666667,2,,,,,,,,,,,,,,,,,,d2c_brand,physical_delivery,large,0.732678340029891,82,0,1,,0.1105423987776929,866,866.0,0.15745454545454546,0,ACCEPT,-258.02
DSP001612,TXN0375983,M000285,CUS0134921,Visa,MERCHANDISE_NOT_RECEIVED,Merchandise Not Received,2025-02-25,2150,0,0,2025-03-15,18,accepted,accepted_refunded,,4,3,1,0.7457166666666667,1,,,,,,,,,,,,,,,,,,d2c_brand,physical_delivery,large,0.732678340029891,82,0,1,,0.5913632736090971,0,797.0,0.37069767441860463,1,CONTEST,474.43
DSP001613,TXN0378289,M000285,,Mastercard,MERCHANDISE_NOT_RECEIVED,Merchandise Not Received,2025-08-17,2645,469,192,2025-08-31,14,contested,won,2025-09-30,4,4,0,0.90085,0,,,,,,,,,,,,,,,,,,d2c_brand,physical_delivery,large,0.732678340029891,82,0,1,,0.8897173414820474,661,661.0,0.2499054820415879,1,CONTEST,1692.3
DSP001614,TXN0373101,M000285,,Mastercard,CREDIT_NOT_PROCESSED,Credit Not Processed,2025-10-15,799,639,267,2025-10-27,12,contested,lost,2025-11-15,3,2,1,0.8030499999999999,1,549.0,credit_card,passed,1.0,DEV139671,0.0826637931650209,1.0,0.0,0.0,delivered,2025-04-21,1.0,2025-04-18 12:16:00,0.0,0.0,0.0,,d2c_brand,physical_delivery,large,0.732678340029891,82,0,1,179.48888888888888,0.5616799351319475,906,906.0,1.0,0,ACCEPT,-457.22
DSP001615,TXN0376901,M000285,,Mastercard,MERCHANDISE_NOT_RECEIVED,Merchandise Not Received,2025-09-10,2395,477,236,2025-09-21,11,contested,lost,2025-09-30,4,3,1,0.4851166666666667,3,1995.0,netbanking,not_applicable,1.0,DEV459007,0.078367472687098,1.0,0.0,0.0,rto,,0.0,2025-12-15 00:46:00,0.0,0.0,0.0,,d2c_brand,physical_delivery,large,0.732678340029891,82,0,1,-96.03194444444445,0.3015678524374177,713,713.0,0.2977035490605428,1,CONTEST,9.26
DSP001616,TXN0376117,M000285,CUS0133439,Visa,MERCHANDISE_NOT_RECEIVED,Merchandise Not Received,2025-06-10,1295,0,0,2025-06-20,10,accepted,accepted_refunded,,4,2,2,0.4848333333333333,3,,,,,,,,,,,,,,,,,,d2c_brand,physical_delivery,large,0.732678340029891,82,0,1,,0.07007319056654919,0,797.0,0.6154440154440154,0,ACCEPT,-706.26
DSP001617,TXN0371696,M000285,CUS0134377,Visa,MERCHANDISE_NOT_RECEIVED,Merchandise Not Received,2025-09-09,1300,0,0,2025-09-24,15,accepted,accepted_refunded,,4,4,0,0.8594499999999999,0,,,,,,,,,,,,,,,,,,d2c_brand,physical_delivery,large,0.732678340029891,82,0,1,,0.8756410951477365,0,797.0,0.6130769230769231,1,CONTEST,341.33
DSP001618,TXN0375174,M000285,CUS0133593,Mastercard,CREDIT_NOT_PROCESSED,Credit Not Processed,2025-05-02,450,492,211,2025-05-15,13,contested,lost,2025-06-14,3,3,0,0.83065,0,,,,,,,,,,,,,,,,,,d2c_brand,physical_delivery,large,0.732678340029891,82,0,1,,0.8363412645435581,703,703.0,1.0,0,ACCEPT,-326.65
DSP001619,TXN0375096,M000285,CUS0132959,Visa,MERCHANDISE_NOT_RECEIVED,Merchandise Not Received,2025-10-18,5795,529,258,2025-11-05,18,contested,won,2025-11-28,4,4,0,0.8532166666666666,0,,,,,,,,,,,,,,,,,,d2c_brand,physical_delivery,large,0.732678340029891,82,0,1,,0.8897173414820474,787,787.0,0.1358067299396031,1,CONTEST,4368.91
DSP001620,TXN0378479,M000285,CUS0132876,Visa,DUPLICATE_TRANSACTION,Duplicate Transaction,2026-01-20,750,517,180,2026-02-07,18,contested,won,2026-02-05,2,1,1,0.42906666666666665,3,,,,,,,,,,,,,,,,,,d2c_brand,physical_delivery,large,0.732678340029891,82,0,1,,0.40315789473684216,697,697.0,0.9293333333333333,0,ACCEPT,-394.63
DSP001621,TXN0373459,M000285,,Visa,UNAUTHORIZED_TRANSACTION,Unauthorized Transaction,2026-01-12,795,556,275,2026-01-28,16,contested,won,2026-02-21,4,4,0,0.77635,1,,,,,,,,,,,,,,,,,,d2c_brand,physical_delivery,large,0.732678340029891,82,0,1,,0.6004198618718742,831,831.0,1.0,0,ACCEPT,-353.67
DSP001622,TXN0377982,M000285,,Mastercard,UNAUTHORIZED_TRANSACTION,Unauthorized Transaction,2025-09-13,1399,0,0,2025-09-27,14,accepted,accepted_refunded,,4,4,0,0.7260666666666666,1,,,,,,,,,,,,,,,,,,d2c_brand,physical_delivery,large,0.732678340029891,82,0,1,,0.4557341693774991,0,797.0,0.5696926375982845,0,ACCEPT,-159.43
DSP001623,TXN0371770,M000285,CUS0134439,Visa,MERCHANDISE_NOT_AS_DESCRIBED,Merchandise Not As Described,2025-04-15,1199,647,284,2025-04-23,8,contested,lost,2025-05-22,3,1,2,0.6367666666666666,2,,,,,,,,,,,,,,,,,,d2c_brand,physical_delivery,large,0.732678340029891,82,0,1,,0.17670995670995668,931,931.0,0.7764804003336113,0,ACCEPT,-719.12
DSP001624,TXN0376371,M000285,CUS0133934,Mastercard,UNAUTHORIZED_TRANSACTION,Unauthorized Transaction,2025-09-17,1549,484,298,2025-09-29,12,contested,won,2025-10-15,4,3,1,0.6698666666666666,1,,,,,,,,,,,,,,,,,,d2c_brand,physical_delivery,large,0.732678340029891,82,0,1,,0.2791869000564653,782,782.0,0.5048418334409296,0,ACCEPT,-349.54
DSP001625,TXN0372483,M000285,CUS0132771,Visa,MERCHANDISE_NOT_AS_DESCRIBED,Merchandise Not As Described,2025-07-28,2650,0,0,2025-08-14,17,accepted,accepted_refunded,,3,2,1,0.7259666666666668,1,,,,,,,,,,,,,,,,,,d2c_brand,physical_delivery,large,0.732678340029891,82,0,1,,0.45256965944272454,0,797.0,0.3007547169811321,1,CONTEST,402.31
DSP001626,TXN0379329,M000285,CUS0135262,Visa,MERCHANDISE_NOT_AS_DESCRIBED,Merchandise Not As Described,2025-05-25,2000,0,0,2025-06-11,17,accepted,accepted_refunded,,3,3,0,0.8959166666666666,0,,,,,,,,,,,,,,,,,,d2c_brand,physical_delivery,large,0.732678340029891,82,0,1,,0.6398981478879178,0,797.0,0.3985,1,CONTEST,482.8
DSP001627,TXN0371956,M000285,CUS0134076,Mastercard,DUPLICATE_TRANSACTION,Duplicate Transaction,2025-06-11,1895,0,0,2025-06-25,14,accepted,accepted_refunded,,2,2,0,0.7144,1,,,,,,,,,,,,,,,,,,d2c_brand,physical_delivery,large,0.732678340029891,82,0,1,,0.7506234991792181,0,797.0,0.42058047493403694,1,CONTEST,625.43
DSP001628,TXN0373202,M000285,CUS0134747,Visa,UNAUTHORIZED_TRANSACTION,Unauthorized Transaction,2025-05-06,1200,625,286,2025-05-20,14,contested,won,2025-06-06,4,3,1,0.7761666666666667,1,,,,,,,,,,,,,,,,,,d2c_brand,physical_delivery,large,0.732678340029891,82,0,1,,0.37305908050759307,911,911.0,0.7591666666666667,0,ACCEPT,-463.33
DSP001629,TXN0384722,M000286,CUS0136552,Mastercard,SERVICE_NOT_RENDERED,Service Not Rendered,2025-12-19,4000,463,168,2025-12-29,10,contested,won,2026-01-18,3,2,1,0.3691166666666666,3,,,,,,,,,,,,,,,,,,travel_booking,booking_service,large,0.5280190019745552,72,0,0,,0.2277922077922078,631,631.0,0.15775,1,CONTEST,280.17
DSP001630,TXN0382420,M000286,CUS0137734,Visa,SERVICE_NOT_RENDERED,Service Not Rendered,2025-07-25,15700,434,202,2025-08-12,18,contested,lost,2025-08-28,3,1,2,0.48235,2,,,,,,,,,,,,,,,,,,travel_booking,booking_service,large,0.5280190019745552,72,0,0,,0.05578747628083491,636,636.0,0.040509554140127385,1,CONTEST,239.86
DSP001631,TXN0380549,M000286,CUS0137527,Mastercard,DUPLICATE_TRANSACTION,Duplicate Transaction,2025-05-29,8100,738,158,2025-06-09,11,contested,lost,2025-06-13,2,0,2,0.3855166666666667,3,,,,,,,,,,,,,,,,,,travel_booking,booking_service,large,0.5280190019745552,72,0,0,,0.07007319056654919,896,896.0,0.11061728395061729,0,ACCEPT,-328.41
DSP001632,TXN0381929,M000286,,Mastercard,SERVICE_NOT_RENDERED,Service Not Rendered,2025-12-02,19995,0,0,2025-12-10,8,accepted,accepted_refunded,,3,2,1,0.47295,2,,,,,,,,,,,,,,,,,,travel_booking,booking_service,large,0.5280190019745552,72,0,0,,0.24337662337662339,0,797.0,0.03985996499124781,1,CONTEST,4069.32
DSP001633,TXN0380229,M000286,CUS0136934,Mastercard,DUPLICATE_TRANSACTION,Duplicate Transaction,2025-10-25,18400,696,284,2025-11-06,12,contested,lost,2025-12-08,2,1,1,0.24503333333333335,4,,,,,,,,,,,,,,,,,,travel_booking,booking_service,large,0.5280190019745552,72,0,0,,0.22719178598093864,980,980.0,0.05326086956521739,1,CONTEST,3200.33
DSP001634,TXN0383833,M000286,CUS0135918,Mastercard,SERVICE_NOT_RENDERED,Service Not Rendered,2025-02-15,13899,0,0,2025-03-08,21,accepted,accepted_refunded,,3,2,1,0.6773333333333333,1,,,,,,,,,,,,,,,,,,travel_booking,booking_service,large,0.5280190019745552,72,0,0,,0.2843342313191923,0,797.0,0.05734225483847759,1,CONTEST,3154.96
DSP001635,TXN0380878,M000286,CUS0137098,Visa,SERVICE_NOT_RENDERED,Service Not Rendered,2025-05-26,8300,524,154,2025-06-14,19,contested,lost,2025-06-29,3,1,2,0.2626833333333333,4,,,,,,,,,,,,,,,,,,travel_booking,booking_service,large,0.5280190019745552,72,0,0,,0.0,678,678.0,0.08168674698795181,0,ACCEPT,-678.0
DSP001636,TXN0382070,M000286,CUS0135664,Visa,SERVICE_NOT_RENDERED,Service Not Rendered,2025-09-24,5300,689,182,2025-10-02,8,contested,lost,2025-10-22,3,1,2,0.16111666666666666,5,,,,,,,,,,,,,,,,,,travel_booking,booking_service,large,0.5280190019745552,72,0,0,,0.03225806451612903,871,871.0,0.16433962264150945,0,ACCEPT,-700.03
DSP001637,TXN0387189,M000286,,Mastercard,UNAUTHORIZED_TRANSACTION,Unauthorized Transaction,2025-04-23,9399,692,214,2025-05-06,13,contested,lost,2025-05-09,3,2,1,0.46859999999999996,2,,,,,,,,,,,,,,,,,,travel_booking,booking_service,large,0.5280190019745552,72,0,0,,0.07007319056654919,906,906.0,0.09639323332269391,0,ACCEPT,-247.38
DSP001638,TXN0383869,M000286,CUS0137040,Visa,SERVICE_NOT_RENDERED,Service Not Rendered,2025-03-24,7400,732,201,2025-04-02,9,contested,won,2025-04-16,3,2,1,0.5408333333333334,2,,,,,,,,,,,,,,,,,,travel_booking,booking_service,large,0.5280190019745552,72,0,0,,0.2633766233766234,933,933.0,0.12608108108108107,1,CONTEST,1015.99
DSP001639,TXN0385242,M000286,CUS0136321,Mastercard,SERVICE_NOT_RENDERED,Service Not Rendered,2025-04-29,3399,559,273,2025-05-20,21,contested,won,2025-05-29,3,2,1,0.6938666666666666,1,,,,,,,,,,,,,,,,,,travel_booking,booking_service,large,0.5280190019745552,72,0,0,,0.38271696893296986,832,832.0,0.24477787584583702,1,CONTEST,468.85
DSP001640,TXN0381489,M000286,CUS0135618,Visa,CREDIT_NOT_PROCESSED,Credit Not Processed,2025-09-03,26499,723,258,2025-09-16,13,contested,won,2025-10-09,4,4,0,0.66755,1,,,,,,,,,,,,,,,,,,travel_booking,booking_service,large,0.5280190019745552,72,0,0,,0.6004198618718742,981,981.0,0.03702026491565719,1,CONTEST,14929.53
DSP001641,TXN0384754,M000286,,Mastercard,SERVICE_NOT_RENDERED,Service Not Rendered,2025-03-11,16499,0,0,2025-03-21,10,accepted,accepted_refunded,,3,2,1,0.31431666666666663,3,,,,,,,,,,,,,,,,,,travel_booking,booking_service,large,0.5280190019745552,72,0,0,,0.07007319056654919,0,797.0,0.048305957936844654,1,CONTEST,359.14
DSP001642,TXN0386421,M000286,CUS0137141,Mastercard,MERCHANDISE_NOT_AS_DESCRIBED,Merchandise Not As Described,2025-06-14,8199,484,236,2025-06-23,9,contested,lost,2025-07-05,3,1,2,0.43415,3,,,,,,,,,,,,,,,,,,travel_booking,booking_service,large,0.5280190019745552,72,0,0,,0.0,720,720.0,0.08781558726673985,0,ACCEPT,-720.0
DSP001643,TXN0383505,M000286,CUS0135796,RuPay,CREDIT_NOT_PROCESSED,Credit Not Processed,2025-09-03,11095,0,0,2025-09-13,10,accepted,accepted_refunded,,4,2,2,0.4948666666666666,2,,,,,,,,,,,,,,,,,,travel_booking,booking_service,large,0.5280190019745552,72,0,0,,0.03225806451612903,0,797.0,0.07183415953132041,0,ACCEPT,-439.1
DSP001644,TXN0383801,M000286,CUS0137872,Mastercard,SERVICE_NOT_RENDERED,Service Not Rendered,2025-06-12,6999,588,267,2025-06-23,11,contested,lost,2025-07-23,3,1,2,0.28228333333333333,4,,,,,,,,,,,,,,,,,,travel_booking,booking_service,large,0.5280190019745552,72,0,0,,0.0,855,855.0,0.12216030861551651,0,ACCEPT,-855.0
DSP001645,TXN0385417,M000286,,Visa,SERVICE_NOT_RENDERED,Service Not Rendered,2025-04-08,12999,0,0,2025-04-22,14,accepted,accepted_refunded,,3,2,1,0.4988333333333333,2,,,,,,,,,,,,,,,,,,travel_booking,booking_service,large,0.5280190019745552,72,0,0,,0.23449065331744467,0,797.0,0.061312408646818986,1,CONTEST,2251.14
DSP001646,TXN0379701,M000286,CUS0136461,Mastercard,SERVICE_NOT_RENDERED,Service Not Rendered,2025-03-05,15995,559,232,2025-03-22,17,contested,won,2025-04-01,3,3,0,0.5894,1,,,,,,,,,,,,,,,,,,travel_booking,booking_service,large,0.5280190019745552,72,0,0,,0.47575417519955054,791,791.0,0.04945295404814004,1,CONTEST,6818.69
DSP001647,TXN0383074,M000286,CUS0137975,Visa,MERCHANDISE_NOT_AS_DESCRIBED,Merchandise Not As Described,2025-08-07,22995,553,300,2025-08-23,16,contested,lost,2025-09-01,3,1,2,0.53005,2,,,,,,,,,,,,,,,,,,travel_booking,booking_service,large,0.5280190019745552,72,0,0,,0.03225806451612903,853,853.0,0.03709502065666449,0,ACCEPT,-111.23
DSP001648,TXN0384167,M000286,CUS0135832,Visa,MERCHANDISE_NOT_AS_DESCRIBED,Merchandise Not As Described,2026-01-03,3600,575,187,2026-01-17,14,contested,lost,2026-02-13,3,1,2,0.23151666666666668,4,,,,,,,,,,,,,,,,,,travel_booking,booking_service,large,0.5280190019745552,72,0,0,,0.0,762,762.0,0.21166666666666667,0,ACCEPT,-762.0
DSP001649,TXN0387518,M000286,,Mastercard,UNAUTHORIZED_TRANSACTION,Unauthorized Transaction,2025-12-19,32999,0,0,2026-01-09,21,accepted,accepted_refunded,,3,1,2,0.38586666666666664,3,,,,,,,,,,,,,,,,,,travel_booking,booking_service,large,0.5280190019745552,72,0,0,,0.0,0,797.0,0.024152247037789024,0,ACCEPT,-797.0
DSP001650,TXN0382679,M000286,CUS0136255,Visa,SERVICE_NOT_RENDERED,Service Not Rendered,2026-01-02,15899,604,261,2026-01-22,20,contested,lost,2026-01-27,3,1,2,0.43485,3,,,,,,,,,,,,,,,,,,travel_booking,booking_service,large,0.5280190019745552,72,0,0,,0.03225806451612903,865,865.0,0.054405937480344675,0,ACCEPT,-352.13
DSP001651,TXN0386622,M000286,CUS0136660,RuPay,MERCHANDISE_NOT_AS_DESCRIBED,Merchandise Not As Described,2025-12-11,8200,635,289,2025-12-23,12,contested,lost,2026-01-06,3,2,1,0.5644833333333333,2,,,,,,,,,,,,,,,,,,travel_booking,booking_service,large,0.5280190019745552,72,0,0,,0.20118003178543958,924,924.0,0.1126829268292683,1,CONTEST,725.68
DSP001652,TXN0381277,M000286,CUS0136280,Visa,MERCHANDISE_NOT_AS_DESCRIBED,Merchandise Not As Described,2025-07-06,3245,0,0,2025-07-20,14,accepted,accepted_refunded,,3,2,1,0.3511333333333333,3,,,,,,,,,,,,,,,,,,travel_booking,booking_service,large,0.5280190019745552,72,0,0,,0.09375965274506456,0,797.0,0.2456086286594761,0,ACCEPT,-492.75
DSP001653,TXN0381914,M000286,CUS0137778,Mastercard,SERVICE_NOT_RENDERED,Service Not Rendered,2025-03-25,12599,0,0,2025-04-05,11,accepted,accepted_refunded,,3,0,3,0.13383333333333333,5,,,,,,,,,,,,,,,,,,travel_booking,booking_service,large,0.5280190019745552,72,0,0,,0.0,0,797.0,0.0632589888086356,0,ACCEPT,-797.0
DSP001654,TXN0382576,M000286,,Visa,SERVICE_NOT_RENDERED,Service Not Rendered,2025-09-28,20995,0,0,2025-10-08,10,accepted,accepted_refunded,,3,1,2,0.43191666666666667,3,,,,,,,,,,,,,,,,,,travel_booking,booking_service,large,0.5280190019745552,72,0,0,,0.03225806451612903,0,797.0,0.03796141938556799,0,ACCEPT,-119.74
DSP001655,TXN0384055,M000286,CUS0136527,Visa,UNAUTHORIZED_TRANSACTION,Unauthorized Transaction,2025-08-19,24999,690,245,2025-09-03,15,contested,lost,2025-09-12,3,3,0,0.7425333333333333,0,,,,,,,,,,,,,,,,,,travel_booking,booking_service,large,0.5280190019745552,72,0,0,,0.3253318077803204,935,935.0,0.037401496059842394,1,CONTEST,7197.97
DSP001656,TXN0385728,M000286,CUS0137333,Mastercard,SERVICE_NOT_RENDERED,Service Not Rendered,2025-01-21,25000,0,0,2025-02-08,18,accepted,accepted_refunded,,3,3,0,0.6707666666666667,1,,,,,,,,,,,,,,,,,,travel_booking,booking_service,large,0.5280190019745552,72,0,0,,0.46996732026143795,0,797.0,0.03188,1,CONTEST,10952.18
DSP001657,TXN0386316,M000286,CUS0136912,Mastercard,SERVICE_NOT_RENDERED,Service Not Rendered,2025-05-19,4599,0,0,2025-05-29,10,accepted,accepted_refunded,,3,2,1,0.49838333333333334,2,,,,,,,,,,,,,,,,,,travel_booking,booking_service,large,0.5280190019745552,72,0,0,,0.2591869000564653,0,797.0,0.17329854316155685,1,CONTEST,395.0
DSP001658,TXN0380140,M000286,CUS0137010,Visa,DUPLICATE_TRANSACTION,Duplicate Transaction,2025-12-05,9099,0,0,2025-12-24,19,accepted,accepted_refunded,,2,1,1,0.33008333333333334,3,,,,,,,,,,,,,,,,,,travel_booking,booking_service,large,0.5280190019745552,72,0,0,,0.25004329004329007,0,797.0,0.08759204308165733,1,CONTEST,1478.14
DSP001659,TXN0383759,M000286,,Visa,SERVICE_NOT_RENDERED,Service Not Rendered,2025-04-27,16200,0,0,2025-05-08,11,accepted,accepted_refunded,,3,1,2,0.12535,5,,,,,,,,,,,,,,,,,,travel_booking,booking_service,large,0.5280190019745552,72,0,0,,0.0,0,797.0,0.04919753086419753,0,ACCEPT,-797.0
DSP001660,TXN0387280,M000286,CUS0138142,Mastercard,SERVICE_NOT_RENDERED,Service Not Rendered,2025-07-25,5300,0,0,2025-08-14,20,accepted,accepted_refunded,,3,2,1,0.5127166666666666,2,,,,,,,,,,,,,,,,,,travel_booking,booking_service,large,0.5280190019745552,72,0,0,,0.2591869000564653,0,797.0,0.15037735849056605,1,CONTEST,576.69
DSP001661,TXN0389278,M000287,CUS0140582,RuPay,MERCHANDISE_NOT_RECEIVED,Merchandise Not Received,2025-04-10,3249,0,0,2025-04-17,7,accepted,accepted_refunded,,4,4,0,0.9156666666666666,0,,,,,,,,,,,,,,,,,,d2c_brand,physical_delivery,large,0.7428652805709973,22,0,1,,0.7894903867616534,0,797.0,0.24530624807633117,1,CONTEST,1768.05
DSP001662,TXN0394419,M000287,CUS0139378,Mastercard,MERCHANDISE_NOT_AS_DESCRIBED,Merchandise Not As Described,2025-08-21,490,584,211,2025-09-06,16,contested,lost,2025-09-07,3,2,1,0.70465,1,,,,,,,,,,,,,,,,,,d2c_brand,physical_delivery,large,0.7428652805709973,22,0,1,,0.35042882143050774,795,795.0,1.0,0,ACCEPT,-623.29
DSP001663,TXN0395497,M000287,,Visa,UNAUTHORIZED_TRANSACTION,Unauthorized Transaction,2025-09-17,4645,671,214,2025-09-28,11,contested,lost,2025-10-31,4,4,0,0.87785,0,,,,,,,,,,,,,,,,,,d2c_brand,physical_delivery,large,0.7428652805709973,22,0,1,,0.5323942208462332,885,885.0,0.19052744886975242,1,CONTEST,1587.97
DSP001664,TXN0389723,M000287,CUS0140106,Mastercard,UNAUTHORIZED_TRANSACTION,Unauthorized Transaction,2025-09-20,499,568,185,2025-10-01,11,contested,lost,2025-10-17,4,2,2,0.61685,2,,,,,,,,,,,,,,,,,,d2c_brand,physical_delivery,large,0.7428652805709973,22,0,1,,0.07007319056654919,753,753.0,1.0,0,ACCEPT,-718.03
DSP001665,TXN0394131,M000287,CUS0140251,Visa,MERCHANDISE_NOT_RECEIVED,Merchandise Not Received,2025-03-15,2049,653,228,2025-03-28,13,contested,won,2025-04-08,4,4,0,0.8643333333333333,0,,,,,,,,,,,,,,,,,,d2c_brand,physical_delivery,large,0.7428652805709973,22,0,1,,0.8103589064402961,881,881.0,0.4299658369936554,1,CONTEST,779.43
DSP001666,TXN0387916,M000287,CUS0141064,RuPay,CREDIT_NOT_PROCESSED,Credit Not Processed,2025-01-30,1199,552,254,2025-02-10,11,contested,lost,2025-02-24,3,1,2,0.6505666666666666,2,,,,,,,,,,,,,,,,,,d2c_brand,physical_delivery,large,0.7428652805709973,22,0,1,,0.24337662337662339,806,806.0,0.6722268557130943,0,ACCEPT,-514.19
DSP001667,TXN0391073,M000287,,RuPay,MERCHANDISE_NOT_RECEIVED,Merchandise Not Received,2025-08-24,1745,570,267,2025-09-01,8,contested,lost,2025-09-19,4,3,1,0.4669666666666667,3,,,,,,,,,,,,,,,,,,d2c_brand,physical_delivery,large,0.7428652805709973,22,0,1,,0.2277922077922078,837,837.0,0.4796561604584527,0,ACCEPT,-439.5
DSP001668,TXN0389154,M000287,CUS0139885,Mastercard,MERCHANDISE_NOT_RECEIVED,Merchandise Not Received,2025-12-15,1200,0,0,2025-12-30,15,accepted,accepted_refunded,,4,4,0,0.6868833333333333,1,,,,,,,,,,,,,,,,,,d2c_brand,physical_delivery,large,0.7428652805709973,22,0,1,,0.7740856254458137,0,797.0,0.6641666666666667,1,CONTEST,131.9
DSP001669,TXN0393740,M000287,CUS0139275,Mastercard,MERCHANDISE_NOT_RECEIVED,Merchandise Not Received,2025-04-01,4395,421,211,2025-04-15,14,contested,lost,2025-05-04,4,2,2,0.4276166666666667,3,,,,,,,,,,,,,,,,,,d2c_brand,physical_delivery,large,0.7428652805709973,22,0,1,,0.07007319056654919,632,632.0,0.14379977246871445,0,ACCEPT,-324.03
DSP001670,TXN0390150,M000287,,Visa,MERCHANDISE_NOT_AS_DESCRIBED,Merchandise Not As Described,2025-03-22,1249,531,200,2025-04-06,15,contested,lost,2025-04-26,3,2,1,0.6058666666666667,2,309.0,upi,not_applicable,1.0,DEV309814,0.1440627874155939,1.0,0.0,0.0,rto,,0.0,2025-10-08 11:27:00,0.0,0.0,0.0,,d2c_brand,physical_delivery,large,0.7428652805709973,22,0,1,-200.47708333333333,0.25004329004329007,731,731.0,0.5852682145716573,0,ACCEPT,-418.7
DSP001671,TXN0388616,M000287,,Visa,MERCHANDISE_NOT_RECEIVED,Merchandise Not Received,2025-07-29,3045,571,219,2025-08-14,16,contested,lost,2025-08-14,4,3,1,0.8130166666666666,1,,,,,,,,,,,,,,,,,,d2c_brand,physical_delivery,large,0.7428652805709973,22,0,1,,0.5136807705538355,790,790.0,0.2594417077175698,1,CONTEST,774.16
DSP001672,TXN0389742,M000287,CUS0140744,RuPay,UNAUTHORIZED_TRANSACTION,Unauthorized Transaction,2026-01-19,1195,0,0,2026-02-04,16,accepted,accepted_refunded,,4,4,0,0.7768833333333333,1,,,,,,,,,,,,,,,,,,d2c_brand,physical_delivery,large,0.7428652805709973,22,0,1,,0.4087610358455082,0,797.0,0.6669456066945607,0,ACCEPT,-308.53
DSP001673,TXN0390677,M000287,CUS0141185,RuPay,CREDIT_NOT_PROCESSED,Credit Not Processed,2025-08-24,6400,582,159,2025-09-07,14,contested,won,2025-09-09,3,3,0,0.8194166666666667,0,,,,,,,,,,,,,,,,,,d2c_brand,physical_delivery,large,0.7428652805709973,22,0,1,,0.6708186397458588,741,741.0,0.11578125,1,CONTEST,3552.24
DSP001674,TXN0389502,M000287,CUS0140050,RuPay,MERCHANDISE_NOT_AS_DESCRIBED,Merchandise Not As Described,2025-10-26,2100,549,162,2025-11-12,17,contested,won,2025-11-29,3,3,0,0.6801166666666667,1,,,,,,,,,,,,,,,,,,d2c_brand,physical_delivery,large,0.7428652805709973,22,0,1,,0.5852151835093011,711,711.0,0.3385714285714286,1,CONTEST,517.95
DSP001675,TXN0389526,M000287,,Visa,CREDIT_NOT_PROCESSED,Credit Not Processed,2025-07-12,3000,452,214,2025-08-01,20,contested,lost,2025-07-27,3,2,1,0.75835,1,1445.0,netbanking,not_applicable,0.0,DEV615631,0.2135742225365697,2.0,0.0,0.0,delivered,2025-06-06,1.0,2025-06-02 17:20:00,0.0,0.0,0.0,,d2c_brand,physical_delivery,large,0.7428652805709973,22,0,1,39.27777777777778,0.4025696594427245,666,666.0,0.222,1,CONTEST,541.71
DSP001676,TXN0390660,M000287,CUS0138800,Mastercard,DUPLICATE_TRANSACTION,Duplicate Transaction,2025-07-28,10100,531,298,2025-08-04,7,contested,won,2025-08-24,2,2,0,0.9508833333333334,0,,,,,,,,,,,,,,,,,,d2c_brand,physical_delivery,large,0.7428652805709973,22,0,1,,0.8710957141316491,829,829.0,0.08207920792079208,1,CONTEST,7969.07
DSP001677,TXN0394600,M000287,,Mastercard,CREDIT_NOT_PROCESSED,Credit Not Processed,2025-12-29,3249,409,223,2026-01-15,17,contested,won,2026-02-10,3,3,0,0.7405166666666667,1,1599.0,wallet,not_applicable,1.0,DEV390404,0.2222508022402244,1.0,0.0,0.0,delivered,2025-06-12,1.0,2025-06-02 19:28:00,0.0,0.0,0.0,,d2c_brand,physical_delivery,large,0.7428652805709973,22,0,1,209.1888888888889,0.6004198618718742,632,632.0,0.19452139119729148,1,CONTEST,1318.76
DSP001678,TXN0390110,M000287,CUS0139697,Visa,MERCHANDISE_NOT_AS_DESCRIBED,Merchandise Not As Described,2025-08-11,5299,0,0,2025-08-20,9,accepted,accepted_refunded,,3,2,1,0.6146666666666666,2,,,,,,,,,,,,,,,,,,d2c_brand,physical_delivery,large,0.7428652805709973,22,0,1,,0.24337662337662339,0,797.0,0.1504057369314965,1,CONTEST,492.65
DSP001679,TXN0395334,M000287,,Visa,UNAUTHORIZED_TRANSACTION,Unauthorized Transaction,2025-08-30,365,0,0,2025-09-19,20,accepted,accepted_refunded,,4,4,0,0.9191666666666666,0,,,,,,,,,,,,,,,,,,d2c_brand,physical_delivery,large,0.7428652805709973,22,0,1,,0.5457275541795665,0,797.0,1.0,0,ACCEPT,-597.81
DSP001680,TXN0393456,M000287,CUS0140239,Visa,MERCHANDISE_NOT_RECEIVED,Merchandise Not Received,2026-01-16,699,595,234,2026-01-28,12,contested,lost,2026-02-01,4,3,1,0.6801,1,,,,,,,,,,,,,,,,,,d2c_brand,physical_delivery,large,0.7428652805709973,22,0,1,,0.4664585483316134,829,829.0,1.0,0,ACCEPT,-502.95
DSP001681,TXN0391849,M000287,CUS0139789,RuPay,UNAUTHORIZED_TRANSACTION,Unauthorized Transaction,2025-07-14,1199,502,229,2025-07-22,8,contested,lost,2025-08-10,4,2,2,0.6172333333333333,2,,,,,,,,,,,,,,,,,,d2c_brand,physical_delivery,large,0.7428652805709973,22,0,1,,0.07007319056654919,731,731.0,0.609674728940784,0,ACCEPT,-646.98
DSP001682,TXN0390049,M000287,CUS0139702,Visa,MERCHANDISE_NOT_RECEIVED,Merchandise Not Received,2025-10-25,1149,561,286,2025-11-03,9,contested,lost,2025-12-07,4,2,2,0.4508666666666667,3,,,,,,,,,,,,,,,,,,d2c_brand,physical_delivery,large,0.7428652805709973,22,0,1,,0.07007319056654919,847,847.0,0.7371627502175805,0,ACCEPT,-766.49
DSP001683,TXN0393679,M000287,CUS0138958,Mastercard,CREDIT_NOT_PROCESSED,Credit Not Processed,2025-09-08,1600,0,0,2025-09-20,12,accepted,accepted_refunded,,3,2,1,0.5648666666666666,2,,,,,,,,,,,,,,,,,,d2c_brand,physical_delivery,large,0.7428652805709973,22,0,1,,0.24337662337662339,0,797.0,0.498125,0,ACCEPT,-407.6
DSP001684,TXN0392843,M000287,CUS0138828,Mastercard,UNAUTHORIZED_TRANSACTION,Unauthorized Transaction,2025-02-23,1099,702,207,2025-03-12,17,contested,lost,2025-04-06,4,2,2,0.3020833333333333,4,,,,,,,,,,,,,,,,,,d2c_brand,physical_delivery,large,0.7428652805709973,22,0,1,,0.0,909,909.0,0.827115559599636,0,ACCEPT,-909.0
DSP001685,TXN0391128,M000287,CUS0139397,Visa,CREDIT_NOT_PROCESSED,Credit Not Processed,2025-07-27,3995,702,189,2025-08-11,15,contested,won,2025-09-03,3,3,0,0.96935,0,,,,,,,,,,,,,,,,,,d2c_brand,physical_delivery,large,0.7428652805709973,22,0,1,,0.6906877024194077,891,891.0,0.2230287859824781,1,CONTEST,1868.3
DSP001686,TXN0388195,M000287,CUS0138797,Visa,MERCHANDISE_NOT_AS_DESCRIBED,Merchandise Not As Described,2025-05-03,2249,0,0,2025-05-21,18,accepted,accepted_refunded,,3,3,0,0.7677833333333334,1,,,,,,,,,,,,,,,,,,d2c_brand,physical_delivery,large,0.7428652805709973,22,0,1,,0.6004198618718742,0,797.0,0.35437972432192083,1,CONTEST,553.34
DSP001687,TXN0391534,M000287,CUS0139573,Mastercard,UNAUTHORIZED_TRANSACTION,Unauthorized Transaction,2025-05-05,700,421,266,2025-05-25,20,contested,lost,2025-06-02,4,3,1,0.7576666666666667,1,,,,,,,,,,,,,,,,,,d2c_brand,physical_delivery,large,0.7428652805709973,22,0,1,,0.2631996775512317,687,687.0,0.9814285714285714,0,ACCEPT,-502.76
DSP001688,TXN0388893,M000287,CUS0139956,Visa,UNAUTHORIZED_TRANSACTION,Unauthorized Transaction,2025-07-27,1799,0,0,2025-08-16,20,accepted,accepted_refunded,,4,3,1,0.76315,1,,,,,,,,,,,,,,,,,,d2c_brand,physical_delivery,large,0.7428652805709973,22,0,1,,0.2633425928716667,0,797.0,0.443023902167871,0,ACCEPT,-323.25
DSP001689,TXN0387748,M000287,CUS0138477,Mastercard,MERCHANDISE_NOT_RECEIVED,Merchandise Not Received,2025-07-26,550,0,0,2025-08-13,18,accepted,accepted_refunded,,4,3,1,0.7737166666666666,1,,,,,,,,,,,,,,,,,,d2c_brand,physical_delivery,large,0.7428652805709973,22,0,1,,0.5317823530343505,0,797.0,1.0,0,ACCEPT,-504.52
DSP001690,TXN0390053,M000287,,RuPay,UNAUTHORIZED_TRANSACTION,Unauthorized Transaction,2025-06-29,645,745,299,2025-07-12,13,contested,lost,2025-07-14,4,3,1,0.75245,1,2049.0,debit_card,passed,0.0,DEV616577,0.0248558876111761,2.0,0.0,0.0,delivered,2025-08-02,0.0,2025-07-30 05:23:00,0.0,0.0,0.0,,d2c_brand,physical_delivery,large,0.7428652805709973,22,0,1,-31.224305555555556,0.24337662337662339,1044,1044.0,1.0,0,ACCEPT,-887.02
DSP001691,TXN0392883,M000287,CUS0140454,Mastercard,MERCHANDISE_NOT_RECEIVED,Merchandise Not Received,2026-01-09,1495,540,295,2026-01-19,10,contested,won,2026-02-23,4,4,0,0.9239166666666666,0,,,,,,,,,,,,,,,,,,d2c_brand,physical_delivery,large,0.7428652805709973,22,0,1,,0.841271215267126,835,835.0,0.5585284280936454,1,CONTEST,422.7
DSP001692,TXN0389702,M000287,,Visa,MERCHANDISE_NOT_AS_DESCRIBED,Merchandise Not As Described,2025-11-19,695,481,237,2025-12-05,16,contested,lost,2025-12-03,3,3,0,0.7547166666666666,1,,,,,,,,,,,,,,,,,,d2c_brand,physical_delivery,large,0.7428652805709973,22,0,1,,0.6004198618718742,718,718.0,1.0,0,ACCEPT,-300.71
DSP001693,TXN0389887,M000287,CUS0139979,Visa,UNAUTHORIZED_TRANSACTION,Unauthorized Transaction,2025-07-17,2000,0,0,2025-08-01,15,accepted,accepted_refunded,,4,2,2,0.6524833333333333,2,,,,,,,,,,,,,,,,,,d2c_brand,physical_delivery,large,0.7428652805709973,22,0,1,,0.07007319056654919,0,797.0,0.3985,0,ACCEPT,-656.85
DSP001694,TXN0397572,M000288,CUS0142152,Mastercard,MERCHANDISE_NOT_AS_DESCRIBED,Merchandise Not As Described,2026-01-04,1450,513,204,2026-01-18,14,contested,lost,2026-01-28,3,2,1,0.7295833333333333,1,,,,,,,,,,,,,,,,,,d2c_brand,physical_delivery,large,0.7193620298609943,64,0,1,,0.45256965944272454,717,717.0,0.49448275862068963,0,ACCEPT,-60.77
DSP001695,TXN0400358,M000288,CUS0144090,Visa,UNAUTHORIZED_TRANSACTION,Unauthorized Transaction,2025-10-26,900,515,251,2025-11-04,9,contested,lost,2025-12-03,4,4,0,0.7335666666666666,1,,,,,,,,,,,,,,,,,,d2c_brand,physical_delivery,large,0.7193620298609943,64,0,1,,0.4829824561403509,766,766.0,0.8511111111111112,0,ACCEPT,-331.32
DSP001696,TXN0398809,M000288,,RuPay,MERCHANDISE_NOT_RECEIVED,Merchandise Not Received,2025-09-01,1745,570,166,2025-09-12,11,contested,won,2025-09-15,4,3,1,0.5975833333333332,2,3645.0,credit_card,passed,1.0,DEV905306,0.0871810050081095,4.0,0.0,0.0,in_transit,,0.0,2025-11-24 07:51:00,0.0,0.0,0.0,,d2c_brand,physical_delivery,large,0.7193620298609943,64,0,1,-84.32708333333333,0.38772946859903384,736,736.0,0.4217765042979943,0,ACCEPT,-59.41
DSP001697,TXN0396555,M000288,CUS0143174,Visa,MERCHANDISE_NOT_RECEIVED,Merchandise Not Received,2025-11-13,2899,0,0,2025-11-26,13,accepted,accepted_refunded,,4,4,0,0.73355,1,,,,,,,,,,,,,,,,,,d2c_brand,physical_delivery,large,0.7193620298609943,64,0,1,,0.8019516541539478,0,797.0,0.2749223870300104,1,CONTEST,1527.86
DSP001698,TXN0399898,M000288,CUS0143475,Visa,UNAUTHORIZED_TRANSACTION,Unauthorized Transaction,2025-09-14,995,482,217,2025-10-05,21,contested,won,2025-09-29,4,3,1,0.6054,2,,,,,,,,,,,,,,,,,,d2c_brand,physical_delivery,large,0.7193620298609943,64,0,1,,0.25004329004329007,699,699.0,0.7025125628140704,0,ACCEPT,-450.21
DSP001699,TXN0396536,M000288,CUS0142469,Visa,MERCHANDISE_NOT_RECEIVED,Merchandise Not Received,2025-12-22,2345,0,0,2026-01-04,13,accepted,accepted_refunded,,4,2,2,0.5906166666666667,2,,,,,,,,,,,,,,,,,,d2c_brand,physical_delivery,large,0.7193620298609943,64,0,1,,0.17688427729995218,0,797.0,0.33987206823027716,0,ACCEPT,-382.21
DSP001700,TXN0396786,M000288,,Mastercard,UNAUTHORIZED_TRANSACTION,Unauthorized Transaction,2026-02-11,429,694,226,2026-02-24,13,contested,lost,2026-03-20,4,3,1,0.6373333333333333,2,,,,,,,,,,,,,,,,,,d2c_brand,physical_delivery,large,0.7193620298609943,64,0,1,,0.25004329004329007,920,920.0,1.0,0,ACCEPT,-812.73
DSP001701,TXN0399319,M000288,CUS0143926,Mastercard,MERCHANDISE_NOT_RECEIVED,Merchandise Not Received,2025-04-26,1250,537,150,2025-05-10,14,contested,lost,2025-06-10,4,2,2,0.4377166666666667,3,,,,,,,,,,,,,,,,,,d2c_brand,physical_delivery,large,0.7193620298609943,64,0,1,,0.07007319056654919,687,687.0,0.5496,0,ACCEPT,-599.41
DSP001702,TXN0399772,M000288,,Visa,MERCHANDISE_NOT_AS_DESCRIBED,Merchandise Not As Described,2025-04-06,1095,0,0,2025-04-20,14,accepted,accepted_refunded,,3,2,1,0.5898333333333333,2,5999.0,debit_card,passed,1.0,DEV731089,0.3246952119039094,1.0,0.0,0.0,delivered,2025-07-04,1.0,2025-06-29 20:12:00,0.0,0.0,0.0,,d2c_brand,physical_delivery,large,0.7193620298609943,64,0,1,-84.84166666666667,0.35699847444698707,0,797.0,0.7278538812785388,0,ACCEPT,-406.09
DSP001703,TXN0400848,M000288,CUS0142648,Visa,MERCHANDISE_NOT_RECEIVED,Merchandise Not Received,2025-05-12,599,0,0,2025-05-20,8,accepted,accepted_refunded,,4,4,0,0.54805,2,,,,,,,,,,,,,,,,,,d2c_brand,physical_delivery,large,0.7193620298609943,64,0,1,,0.5457275541795665,0,797.0,1.0,0,ACCEPT,-470.11
DSP001704,TXN0399784,M000288,,Mastercard,MERCHANDISE_NOT_AS_DESCRIBED,Merchandise Not As Described,2025-04-06,3049,443,167,2025-04-18,12,contested,lost,2025-04-22,3,3,0,0.5424666666666667,2,1849.0,debit_card,passed,1.0,DEV955221,0.4044038762857694,1.0,0.0,0.0,delivered,2025-04-06,1.0,2025-04-01 08:30:00,0.0,0.0,0.0,,d2c_brand,physical_delivery,large,0.7193620298609943,64,0,1,4.645833333333333,0.4431578947368421,610,610.0,0.20006559527714005,1,CONTEST,741.19
DSP001705,TXN0401195,M000288,CUS0142010,Mastercard,DUPLICATE_TRANSACTION,Duplicate Transaction,2026-01-08,1850,690,184,2026-01-20,12,contested,won,2026-02-19,2,2,0,0.5804,2,,,,,,,,,,,,,,,,,,d2c_brand,physical_delivery,large,0.7193620298609943,64,0,1,,0.5874666846143491,874,874.0,0.47243243243243244,1,CONTEST,212.81
DSP001706,TXN0398097,M000288,,Mastercard,MERCHANDISE_NOT_RECEIVED,Merchandise Not Received,2025-06-01,2400,494,182,2025-06-17,16,contested,won,2025-07-16,4,2,2,0.4721,3,,,,,,,,,,,,,,,,,,d2c_brand,physical_delivery,large,0.7193620298609943,64,0,1,,0.07007319056654919,676,676.0,0.2816666666666667,0,ACCEPT,-507.82
DSP001707,TXN0397991,M000288,,RuPay,UNAUTHORIZED_TRANSACTION,Unauthorized Transaction,2025-09-13,370,0,0,2025-09-28,15,accepted,accepted_refunded,,4,3,1,0.6301666666666667,2,1849.0,debit_card,not_applicable,0.0,DEV165490,0.2421666267453818,1.0,0.0,0.0,delivered,2025-09-11,1.0,2025-09-09 07:25:00,0.0,0.0,0.0,,d2c_brand,physical_delivery,large,0.7193620298609943,64,0,1,3.6909722222222223,0.25004329004329007,0,797.0,1.0,0,ACCEPT,-704.48
DSP001708,TXN0399452,M000288,,RuPay,MERCHANDISE_NOT_RECEIVED,Merchandise Not Received,2025-12-02,1600,0,0,2025-12-13,11,accepted,accepted_refunded,,4,3,1,0.7160666666666667,1,1899.0,upi,not_applicable,1.0,DEV211379,0.6672210584470334,1.0,0.0,0.0,delivered,2025-10-24,0.0,2025-10-15 19:31:00,0.0,0.0,0.0,,d2c_brand,physical_delivery,large,0.7193620298609943,64,0,1,47.18680555555556,0.5750132684652808,0,797.0,0.498125,1,CONTEST,123.02
DSP001709,TXN0402436,M000288,,Mastercard,MERCHANDISE_NOT_RECEIVED,Merchandise Not Received,2026-03-07,2400,556,300,2026-03-15,8,contested,won,2026-04-17,4,2,2,0.63715,2,1299.0,credit_card,passed,1.0,DEV229381,0.4421361826294572,1.0,0.0,0.0,delivered,2025-07-28,1.0,2025-07-20 15:23:00,0.0,0.0,0.0,,d2c_brand,physical_delivery,large,0.7193620298609943,64,0,1,229.35902777777778,0.3848245614035088,856,856.0,0.3566666666666667,1,CONTEST,67.58
DSP001710,TXN0401067,M000288,CUS0141540,Mastercard,DUPLICATE_TRANSACTION,Duplicate Transaction,2025-05-12,1900,0,0,2025-05-22,10,accepted,accepted_refunded,,2,2,0,0.5931666666666667,2,,,,,,,,,,,,,,,,,,d2c_brand,physical_delivery,large,0.7193620298609943,64,0,1,,0.5777275541795666,0,797.0,0.41947368421052633,1,CONTEST,300.68
DSP001711,TXN0399882,M000288,,RuPay,MERCHANDISE_NOT_RECEIVED,Merchandise Not Received,2025-11-12,3300,664,183,2025-11-29,17,contested,lost,2025-12-08,4,2,2,0.42091666666666666,3,,,,,,,,,,,,,,,,,,d2c_brand,physical_delivery,large,0.7193620298609943,64,0,1,,0.07007319056654919,847,847.0,0.25666666666666665,0,ACCEPT,-615.76
DSP001712,TXN0397219,M000288,CUS0143740,Mastercard,CREDIT_NOT_PROCESSED,Credit Not Processed,2025-09-28,795,573,156,2025-10-16,18,contested,lost,2025-11-04,3,2,1,0.8079333333333333,1,,,,,,,,,,,,,,,,,,d2c_brand,physical_delivery,large,0.7193620298609943,64,0,1,,0.4664585483316134,729,729.0,0.9169811320754717,0,ACCEPT,-358.17
DSP001713,TXN0396520,M000288,,Visa,MERCHANDISE_NOT_RECEIVED,Merchandise Not Received,2025-09-14,2645,551,293,2025-10-01,17,contested,won,2025-10-04,4,2,2,0.6086166666666667,2,2295.0,netbanking,not_applicable,1.0,DEV777838,0.1974656951211822,2.0,0.0,0.0,delivered,2025-12-06,1.0,2025-11-26 19:35:00,0.0,0.0,0.0,,d2c_brand,physical_delivery,large,0.7193620298609943,64,0,1,-73.81597222222223,0.35699847444698707,844,844.0,0.31909262759924384,1,CONTEST,100.26
DSP001714,TXN0407947,M000289,,RuPay,SERVICE_NOT_RENDERED,Service Not Rendered,2025-02-28,11499,438,260,2025-03-11,11,contested,won,2025-03-20,3,3,0,0.7402333333333333,1,,,,,,,,,,,,,,,,,,travel_booking,booking_service,large,0.6817939205013498,118,0,0,,0.5852151835093011,698,698.0,0.06070093051569702,1,CONTEST,6031.39
DSP001715,TXN0409040,M000289,CUS0145957,Visa,SERVICE_NOT_RENDERED,Service Not Rendered,2025-12-28,7895,0,0,2026-01-18,21,accepted,accepted_refunded,,3,2,1,0.6196333333333334,2,,,,,,,,,,,,,,,,,,travel_booking,booking_service,large,0.6817939205013498,118,0,0,,0.27128418873270127,0,797.0,0.10094996833438885,1,CONTEST,1344.79
DSP001716,TXN0404108,M000289,CUS0144529,Visa,UNAUTHORIZED_TRANSACTION,Unauthorized Transaction,2025-10-15,10600,445,195,2025-10-23,8,contested,lost,2025-11-12,3,2,1,0.4847666666666666,2,,,,,,,,,,,,,,,,,,travel_booking,booking_service,large,0.6817939205013498,118,0,0,,0.05578747628083491,640,640.0,0.06037735849056604,0,ACCEPT,-48.65
DSP001717,TXN0408751,M000289,,RuPay,MERCHANDISE_NOT_AS_DESCRIBED,Merchandise Not As Described,2025-08-21,10699,426,283,2025-08-29,8,contested,lost,2025-09-14,3,3,0,0.7459833333333333,1,,,,,,,,,,,,,,,,,,travel_booking,booking_service,large,0.6817939205013498,118,0,0,,0.46996732026143795,709,709.0,0.0662678755023834,1,CONTEST,4319.18
DSP001718,TXN0407549,M000289,CUS0144163,Visa,MERCHANDISE_NOT_AS_DESCRIBED,Merchandise Not As Described,2025-06-26,5495,0,0,2025-07-08,12,accepted,accepted_refunded,,3,2,1,0.6533333333333333,2,,,,,,,,,,,,,,,,,,travel_booking,booking_service,large,0.6817939205013498,118,0,0,,0.25004329004329007,0,797.0,0.14504094631483166,1,CONTEST,576.99
DSP001719,TXN0411534,M000289,,RuPay,MERCHANDISE_NOT_AS_DESCRIBED,Merchandise Not As Described,2025-12-01,20995,710,195,2025-12-15,14,contested,lost,2026-01-13,3,2,1,0.2818833333333333,4,,,,,,,,,,,,,,,,,,travel_booking,booking_service,large,0.6817939205013498,118,0,0,,0.07007319056654919,905,905.0,0.043105501309835675,1,CONTEST,566.19
DSP001720,TXN0410875,M000289,,Visa,SERVICE_NOT_RENDERED,Service Not Rendered,2025-09-20,8300,0,0,2025-10-06,16,accepted,accepted_refunded,,3,2,1,0.5530333333333334,2,17899.0,debit_card,passed,1.0,DEV817411,0.1491940109526461,1.0,0.0,0.0,,,,2025-12-27 21:32:00,0.0,0.0,0.0,,travel_booking,booking_service,large,0.6817939205013498,118,0,0,-98.89722222222223,0.2730676156354126,0,797.0,0.09602409638554217,1,CONTEST,1469.46
DSP001721,TXN0408507,M000289,CUS0144655,Visa,DUPLICATE_TRANSACTION,Duplicate Transaction,2025-03-29,10695,684,247,2025-04-18,20,contested,won,2025-05-06,2,1,1,0.7603833333333333,1,,,,,,,,,,,,,,,,,,travel_booking,booking_service,large,0.6817939205013498,118,0,0,,0.5514117647058824,931,931.0,0.08705002337540907,1,CONTEST,4966.35
DSP001722,TXN0409400,M000289,CUS0145306,RuPay,SERVICE_NOT_RENDERED,Service Not Rendered,2025-02-13,30000,0,0,2025-03-03,18,accepted,accepted_refunded,,3,1,2,0.5661999999999999,2,,,,,,,,,,,,,,,,,,travel_booking,booking_service,large,0.6817939205013498,118,0,0,,0.0949579831932773,0,797.0,0.026566666666666666,1,CONTEST,2051.74
DSP001723,TXN0404616,M000289,CUS0145844,Visa,UNAUTHORIZED_TRANSACTION,Unauthorized Transaction,2025-03-21,9799,0,0,2025-04-06,16,accepted,accepted_refunded,,3,2,1,0.6099166666666667,2,,,,,,,,,,,,,,,,,,travel_booking,booking_service,large,0.6817939205013498,118,0,0,,0.07007319056654919,0,797.0,0.08133483008470252,0,ACCEPT,-110.35
DSP001724,TXN0407024,M000289,,Mastercard,MERCHANDISE_NOT_AS_DESCRIBED,Merchandise Not As Described,2025-07-05,4549,707,271,2025-07-26,21,contested,won,2025-08-02,3,2,1,0.647,1,10995.0,credit_card,passed,1.0,DEV342031,0.1817203736528659,1.0,0.0,0.0,,,,2025-03-16 22:01:00,0.0,0.0,0.0,,travel_booking,booking_service,large,0.6817939205013498,118,0,0,110.0826388888889,0.35666666666666624,978,978.0,0.21499230600131897,1,CONTEST,644.48
DSP001725,TXN0408319,M000289,CUS0145041,Mastercard,MERCHANDISE_NOT_AS_DESCRIBED,Merchandise Not As Described,2025-06-23,12900,743,177,2025-07-10,17,contested,lost,2025-07-31,3,1,2,0.4182666666666666,3,,,,,,,,,,,,,,,,,,travel_booking,booking_service,large,0.6817939205013498,118,0,0,,0.0,920,920.0,0.07131782945736434,0,ACCEPT,-920.0
DSP001726,TXN0411329,M000289,,Mastercard,MERCHANDISE_NOT_AS_DESCRIBED,Merchandise Not As Described,2025-10-31,8999,538,273,2025-11-20,20,contested,lost,2025-12-05,3,0,3,0.29205,4,,,,,,,,,,,,,,,,,,travel_booking,booking_service,large,0.6817939205013498,118,0,0,,0.0,811,811.0,0.0901211245693966,0,ACCEPT,-811.0
DSP001727,TXN0408044,M000289,CUS0145888,Mastercard,SERVICE_NOT_RENDERED,Service Not Rendered,2026-01-01,12195,0,0,2026-01-20,19,accepted,accepted_refunded,,3,1,2,0.43146666666666667,3,,,,,,,,,,,,,,,,,,travel_booking,booking_service,large,0.6817939205013498,118,0,0,,0.05578747628083491,0,797.0,0.06535465354653547,0,ACCEPT,-116.67
DSP001728,TXN0410752,M000289,,Mastercard,SERVICE_NOT_RENDERED,Service Not Rendered,2025-07-19,24500,421,206,2025-08-05,17,contested,lost,2025-08-26,3,3,0,0.8529,0,,,,,,,,,,,,,,,,,,travel_booking,booking_service,large,0.6817939205013498,118,0,0,,0.6167523989000634,627,627.0,0.02559183673469388,1,CONTEST,14483.43
DSP001729,TXN0409877,M000289,CUS0146080,RuPay,CREDIT_NOT_PROCESSED,Credit Not Processed,2025-08-04,9299,665,169,2025-08-15,11,contested,lost,2025-09-10,4,3,1,0.6377,2,,,,,,,,,,,,,,,,,,travel_booking,booking_service,large,0.6817939205013498,118,0,0,,0.25320118478013215,834,834.0,0.08968706312506722,1,CONTEST,1520.52
DSP001730,TXN0416579,M000290,CUS0147737,Mastercard,UNAUTHORIZED_TRANSACTION,Unauthorized Transaction,2025-10-11,330,537,166,2025-10-30,19,contested,won,2025-11-15,4,4,0,0.96165,0,,,,,,,,,,,,,,,,,,d2c_brand,physical_delivery,large,0.8742818173482428,107,0,1,,0.4551563691838291,703,703.0,1.0,0,ACCEPT,-552.8
DSP001731,TXN0418612,M000290,CUS0149373,Mastercard,MERCHANDISE_NOT_RECEIVED,Merchandise Not Received,2025-02-02,5500,0,0,2025-02-11,9,accepted,accepted_refunded,,4,4,0,0.9368833333333333,0,,,,,,,,,,,,,,,,,,d2c_brand,physical_delivery,large,0.8742818173482428,107,0,1,,0.8410568103310581,0,797.0,0.1449090909090909,1,CONTEST,3828.81
DSP001732,TXN0417868,M000290,CUS0149541,Mastercard,MERCHANDISE_NOT_AS_DESCRIBED,Merchandise Not As Described,2025-11-06,1445,0,0,2025-11-16,10,accepted,accepted_refunded,,3,2,1,0.8126333333333333,1,,,,,,,,,,,,,,,,,,d2c_brand,physical_delivery,large,0.8742818173482428,107,0,1,,0.5198883019308692,0,797.0,0.5515570934256055,0,ACCEPT,-45.76
DSP001733,TXN0418046,M000290,,Visa,MERCHANDISE_NOT_RECEIVED,Merchandise Not Received,2025-05-08,2149,0,0,2025-05-25,17,accepted,accepted_refunded,,4,3,1,0.76215,1,,,,,,,,,,,,,,,,,,d2c_brand,physical_delivery,large,0.8742818173482428,107,0,1,,0.6276015037593985,0,797.0,0.37087017217310375,1,CONTEST,551.72
DSP001734,TXN0416230,M000290,CUS0147397,RuPay,MERCHANDISE_NOT_AS_DESCRIBED,Merchandise Not As Described,2026-01-02,3095,0,0,2026-01-21,19,accepted,accepted_refunded,,3,2,1,0.5813,2,,,,,,,,,,,,,,,,,,d2c_brand,physical_delivery,large,0.8742818173482428,107,0,1,,0.2905970260057689,0,797.0,0.2575121163166397,1,CONTEST,102.4
DSP001735,TXN0417119,M000290,,Visa,MERCHANDISE_NOT_RECEIVED,Merchandise Not Received,2025-10-11,489,718,152,2025-10-23,12,contested,won,2025-11-23,4,4,0,0.9538666666666668,0,,,,,,,,,,,,,,,,,,d2c_brand,physical_delivery,large,0.8742818173482428,107,0,1,,0.8897173414820474,870,870.0,1.0,0,ACCEPT,-434.93
DSP001736,TXN0412763,M000290,CUS0148750,RuPay,UNAUTHORIZED_TRANSACTION,Unauthorized Transaction,2025-11-10,2800,0,0,2025-11-18,8,accepted,accepted_refunded,,4,4,0,0.7559999999999999,1,,,,,,,,,,,,,,,,,,d2c_brand,physical_delivery,large,0.8742818173482428,107,0,1,,0.3892206966692092,0,797.0,0.28464285714285714,1,CONTEST,292.82
DSP001737,TXN0415943,M000290,CUS0148029,Mastercard,MERCHANDISE_NOT_AS_DESCRIBED,Merchandise Not As Described,2025-12-19,649,678,184,2025-12-30,11,contested,lost,2026-01-16,3,3,0,0.9438333333333334,0,,,,,,,,,,,,,,,,,,d2c_brand,physical_delivery,large,0.8742818173482428,107,0,1,,0.6264366094263792,862,862.0,1.0,0,ACCEPT,-455.44
DSP001738,TXN0417874,M000290,CUS0148584,Mastercard,MERCHANDISE_NOT_AS_DESCRIBED,Merchandise Not As Described,2025-05-15,2150,606,260,2025-06-03,19,contested,won,2025-06-22,3,3,0,0.9064333333333333,0,,,,,,,,,,,,,,,,,,d2c_brand,physical_delivery,large,0.8742818173482428,107,0,1,,0.6280701054865964,866,866.0,0.4027906976744186,1,CONTEST,484.35
DSP001739,TXN0415409,M000290,CUS0148014,Mastercard,CREDIT_NOT_PROCESSED,Credit Not Processed,2025-12-08,2145,662,168,2025-12-18,10,contested,lost,2026-01-15,3,3,0,0.7540999999999999,1,,,,,,,,,,,,,,,,,,d2c_brand,physical_delivery,large,0.8742818173482428,107,0,1,,0.6070132684652808,830,830.0,0.38694638694638694,1,CONTEST,472.04
DSP001740,TXN0415313,M000290,,Visa,DUPLICATE_TRANSACTION,Duplicate Transaction,2025-11-21,420,523,232,2025-11-30,9,contested,won,2025-12-09,2,2,0,0.9402166666666667,0,1399.0,credit_card,passed,1.0,,0.3582409551405772,1.0,0.0,0.0,delivered,2025-03-18,1.0,2025-03-16 20:46:00,0.0,0.0,0.0,,d2c_brand,physical_delivery,large,0.8742818173482428,107,0,1,249.13472222222222,0.9382683982683983,755,755.0,1.0,0,ACCEPT,-360.93
DSP001741,TXN0414575,M000290,CUS0147610,Visa,MERCHANDISE_NOT_AS_DESCRIBED,Merchandise Not As Described,2026-01-24,1095,0,0,2026-02-14,21,accepted,accepted_refunded,,3,2,1,0.8003333333333332,1,,,,,,,,,,,,,,,,,,d2c_brand,physical_delivery,large,0.8742818173482428,107,0,1,,0.5189754174274298,0,797.0,0.7278538812785388,0,ACCEPT,-228.72
DSP001742,TXN0418877,M000290,,RuPay,MERCHANDISE_NOT_RECEIVED,Merchandise Not Received,2025-11-10,1549,750,186,2025-11-28,18,contested,won,2025-11-25,4,4,0,0.7510666666666667,1,,,,,,,,,,,,,,,,,,d2c_brand,physical_delivery,large,0.8742818173482428,107,0,1,,0.8019516541539478,936,936.0,0.6042608134280181,1,CONTEST,306.22
DSP001743,TXN0418026,M000290,,RuPay,MERCHANDISE_NOT_AS_DESCRIBED,Merchandise Not As Described,2025-09-19,1845,0,0,2025-09-27,8,accepted,accepted_refunded,,3,2,1,0.7863333333333333,1,,,,,,,,,,,,,,,,,,d2c_brand,physical_delivery,large,0.8742818173482428,107,0,1,,0.5189754174274298,0,797.0,0.43197831978319784,1,CONTEST,160.51
DSP001744,TXN0417450,M000290,CUS0149245,Visa,UNAUTHORIZED_TRANSACTION,Unauthorized Transaction,2025-04-20,800,589,277,2025-05-06,16,contested,lost,2025-05-13,4,3,1,0.8166666666666668,1,,,,,,,,,,,,,,,,,,d2c_brand,physical_delivery,large,0.8742818173482428,107,0,1,,0.3253318077803204,866,866.0,1.0,0,ACCEPT,-605.73
DSP001745,TXN0424579,M000291,,Visa,MERCHANDISE_NOT_AS_DESCRIBED,Merchandise Not As Described,2026-01-09,4799,731,264,2026-01-29,20,contested,lost,2026-02-16,3,2,1,0.7034666666666666,1,2049.0,credit_card,passed,1.0,DEV130028,0.2463389658137838,2.0,0.0,1.0,delivered,2026-01-05,1.0,2025-12-27 06:46:00,0.0,0.0,0.0,,d2c_brand,physical_delivery,large,0.7862152715275877,10,0,1,12.718055555555555,0.3648296606729642,995,995.0,0.20733486142946447,1,CONTEST,755.82
DSP001746,TXN0420451,M000291,CUS0150462,Mastercard,UNAUTHORIZED_TRANSACTION,Unauthorized Transaction,2025-11-28,4650,443,212,2025-12-11,13,contested,lost,2025-12-26,4,3,1,0.7865833333333333,1,,,,,,,,,,,,,,,,,,d2c_brand,physical_delivery,large,0.7862152715275877,10,0,1,,0.24337662337662339,655,655.0,0.14086021505376345,1,CONTEST,476.7
DSP001747,TXN0425039,M000291,CUS0150539,RuPay,MERCHANDISE_NOT_RECEIVED,Merchandise Not Received,2025-06-12,1800,686,169,2025-06-23,11,contested,lost,2025-07-08,4,3,1,0.77825,1,,,,,,,,,,,,,,,,,,d2c_brand,physical_delivery,large,0.7862152715275877,10,0,1,,0.5025696594427245,855,855.0,0.475,1,CONTEST,49.63
DSP001748,TXN0424669,M000291,CUS0150590,RuPay,MERCHANDISE_NOT_RECEIVED,Merchandise Not Received,2025-12-15,1595,0,0,2025-12-27,12,accepted,accepted_refunded,,4,3,1,0.7808999999999999,1,,,,,,,,,,,,,,,,,,d2c_brand,physical_delivery,large,0.7862152715275877,10,0,1,,0.5333655360283649,0,797.0,0.49968652037617556,1,CONTEST,53.72
DSP001749,TXN0426642,M000291,,RuPay,MERCHANDISE_NOT_RECEIVED,Merchandise Not Received,2025-06-27,2850,0,0,2025-07-08,11,accepted,accepted_refunded,,4,4,0,0.8478333333333333,0,,,,,,,,,,,,,,,,,,d2c_brand,physical_delivery,large,0.7862152715275877,10,0,1,,0.7837698359721295,0,797.0,0.27964912280701754,1,CONTEST,1436.74
DSP001750,TXN0425273,M000291,,Visa,UNAUTHORIZED_TRANSACTION,Unauthorized Transaction,2025-10-24,900,0,0,2025-11-05,12,accepted,accepted_refunded,,4,3,1,0.7319,1,,,,,,,,,,,,,,,,,,d2c_brand,physical_delivery,large,0.7862152715275877,10,0,1,,0.26446320821264363,0,797.0,0.8855555555555555,0,ACCEPT,-558.98
DSP001751,TXN0420539,M000291,CUS0152184,Visa,CREDIT_NOT_PROCESSED,Credit Not Processed,2025-09-01,4295,590,237,2025-09-12,11,contested,won,2025-09-15,3,3,0,0.9484499999999999,0,,,,,,,,,,,,,,,,,,d2c_brand,physical_delivery,large,0.7862152715275877,10,0,1,,0.7142486893925077,827,827.0,0.19254947613504075,1,CONTEST,2240.7
DSP001752,TXN0421805,M000291,CUS0151189,Visa,DUPLICATE_TRANSACTION,Duplicate Transaction,2025-06-15,550,546,151,2025-06-22,7,contested,won,2025-07-11,2,2,0,0.98,0,,,,,,,,,,,,,,,,,,d2c_brand,physical_delivery,large,0.7862152715275877,10,0,1,,0.9206627401693815,697,697.0,1.0,0,ACCEPT,-190.64
DSP001753,TXN0423805,M000291,,Visa,UNAUTHORIZED_TRANSACTION,Unauthorized Transaction,2025-09-27,1649,556,195,2025-10-04,7,contested,lost,2025-11-04,4,2,2,0.5677,2,,,,,,,,,,,,,,,,,,d2c_brand,physical_delivery,large,0.7862152715275877,10,0,1,,0.05578747628083491,751,751.0,0.45542753183747725,0,ACCEPT,-659.01
DSP001754,TXN0422991,M000291,CUS0151951,Mastercard,MERCHANDISE_NOT_AS_DESCRIBED,Merchandise Not As Described,2025-11-07,1400,725,190,2025-11-27,20,contested,won,2025-12-13,3,3,0,0.8774166666666666,0,,,,,,,,,,,,,,,,,,d2c_brand,physical_delivery,large,0.7862152715275877,10,0,1,,0.6456421863699613,915,915.0,0.6535714285714286,0,ACCEPT,-11.1
DSP001755,TXN0419883,M000291,,Visa,MERCHANDISE_NOT_RECEIVED,Merchandise Not Received,2026-01-22,750,542,297,2026-02-03,12,contested,won,2026-02-19,4,4,0,0.8642,0,,,,,,,,,,,,,,,,,,d2c_brand,physical_delivery,large,0.7862152715275877,10,0,1,,0.789526740928099,839,839.0,1.0,0,ACCEPT,-246.85
DSP001756,TXN0424322,M000291,,Visa,MERCHANDISE_NOT_RECEIVED,Merchandise Not Received,2025-09-28,2499,0,0,2025-10-15,17,accepted,accepted_refunded,,4,4,0,0.8986833333333334,0,1549.0,upi,not_applicable,1.0,DEV394793,0.1419138371586385,4.0,0.0,0.0,delivered,2025-01-10,1.0,2025-01-03 06:07:00,0.0,0.0,0.0,,d2c_brand,physical_delivery,large,0.7862152715275877,10,0,1,267.7451388888889,0.9030629494068847,0,797.0,0.31892757102841135,1,CONTEST,1459.75
DSP001757,TXN0420057,M000291,CUS0151085,Mastercard,MERCHANDISE_NOT_RECEIVED,Merchandise Not Received,2026-01-11,1650,576,186,2026-02-01,21,contested,won,2026-01-28,4,3,1,0.7109333333333333,1,,,,,,,,,,,,,,,,,,d2c_brand,physical_delivery,large,0.7862152715275877,10,0,1,,0.47124728893405166,762,762.0,0.4618181818181818,1,CONTEST,15.56
DSP001758,TXN0426615,M000291,CUS0151347,Mastercard,MERCHANDISE_NOT_RECEIVED,Merchandise Not Received,2025-07-10,330,0,0,2025-07-29,19,accepted,accepted_refunded,,4,3,1,0.7577166666666666,1,,,,,,,,,,,,,,,,,,d2c_brand,physical_delivery,large,0.7862152715275877,10,0,1,,0.506078431372549,0,797.0,1.0,0,ACCEPT,-629.99
DSP001759,TXN0423952,M000291,,Mastercard,MERCHANDISE_NOT_RECEIVED,Merchandise Not Received,2025-04-12,1049,663,295,2025-04-25,13,contested,lost,2025-05-06,4,4,0,0.8821666666666667,0,2899.0,netbanking,not_applicable,1.0,,0.2514687663278873,1.0,0.0,0.0,delivered,2025-09-17,1.0,2025-09-13 20:48:00,0.0,0.0,0.0,,d2c_brand,physical_delivery,large,0.7862152715275877,10,0,1,-154.86666666666667,0.7307289820891703,958,958.0,0.9132507149666349,0,ACCEPT,-191.47
DSP001760,TXN0421743,M000291,CUS0151357,RuPay,MERCHANDISE_NOT_RECEIVED,Merchandise Not Received,2025-02-27,1150,0,0,2025-03-11,12,accepted,accepted_refunded,,4,3,1,0.5806166666666667,2,,,,,,,,,,,,,,,,,,d2c_brand,physical_delivery,large,0.7862152715275877,10,0,1,,0.306998474446987,0,797.0,0.6930434782608695,0,ACCEPT,-443.95
DSP001761,TXN0424415,M000291,CUS0151808,Mastercard,MERCHANDISE_NOT_RECEIVED,Merchandise Not Received,2025-09-28,1699,546,276,2025-10-12,14,contested,lost,2025-11-02,4,4,0,0.7234333333333334,1,,,,,,,,,,,,,,,,,,d2c_brand,physical_delivery,large,0.7862152715275877,10,0,1,,0.6948304810630612,822,822.0,0.48381400824014126,1,CONTEST,358.52
DSP001762,TXN0427070,M000291,,Mastercard,MERCHANDISE_NOT_AS_DESCRIBED,Merchandise Not As Described,2025-07-14,1300,619,233,2025-08-03,20,contested,lost,2025-08-05,3,3,0,0.9314833333333333,0,1299.0,debit_card,passed,1.0,DEV629510,0.1325511895865978,1.0,0.0,0.0,delivered,2025-02-15,0.0,2025-02-10 04:29:00,0.0,0.0,0.0,,d2c_brand,physical_delivery,large,0.7862152715275877,10,0,1,153.81319444444443,0.6491383989521531,852,852.0,0.6553846153846153,0,ACCEPT,-8.12
DSP001763,TXN0423687,M000291,CUS0150992,Visa,CREDIT_NOT_PROCESSED,Credit Not Processed,2025-11-19,1150,456,233,2025-12-08,19,contested,won,2025-12-12,3,3,0,0.9187333333333333,0,,,,,,,,,,,,,,,,,,d2c_brand,physical_delivery,large,0.7862152715275877,10,0,1,,0.7139426043801921,689,689.0,0.5991304347826087,1,CONTEST,132.03
DSP001764,TXN0420478,M000291,CUS0152437,Visa,MERCHANDISE_NOT_RECEIVED,Merchandise Not Received,2025-11-17,2399,745,280,2025-11-30,13,contested,lost,2025-12-31,4,2,2,0.4594833333333333,3,,,,,,,,,,,,,,,,,,d2c_brand,physical_delivery,large,0.7862152715275877,10,0,1,,0.07007319056654919,1025,1025.0,0.4272613588995415,0,ACCEPT,-856.89
DSP001765,TXN0421131,M000291,CUS0151254,Visa,CREDIT_NOT_PROCESSED,Credit Not Processed,2025-12-09,2450,0,0,2025-12-25,16,accepted,accepted_refunded,,3,2,1,0.7460833333333333,1,,,,,,,,,,,,,,,,,,d2c_brand,physical_delivery,large,0.7862152715275877,10,0,1,,0.4025696594427245,0,797.0,0.3253061224489796,1,CONTEST,189.3
DSP001766,TXN0425921,M000291,CUS0150827,Visa,MERCHANDISE_NOT_AS_DESCRIBED,Merchandise Not As Described,2025-10-30,2349,473,275,2025-11-09,10,contested,lost,2025-12-13,3,3,0,0.9091666666666667,0,,,,,,,,,,,,,,,,,,d2c_brand,physical_delivery,large,0.7862152715275877,10,0,1,,0.6167523989000634,748,748.0,0.31843337590464027,1,CONTEST,700.75
DSP001767,TXN0420663,M000291,CUS0151945,Visa,UNAUTHORIZED_TRANSACTION,Unauthorized Transaction,2026-01-21,2000,0,0,2026-01-29,8,accepted,accepted_refunded,,4,3,1,0.62655,2,,,,,,,,,,,,,,,,,,d2c_brand,physical_delivery,large,0.7862152715275877,10,0,1,,0.2277922077922078,0,797.0,0.3985,0,ACCEPT,-341.42
DSP001768,TXN0427565,M000291,,RuPay,MERCHANDISE_NOT_RECEIVED,Merchandise Not Received,2025-03-15,1045,448,264,2025-03-22,7,contested,won,2025-04-23,4,4,0,0.9740333333333333,0,,,,,,,,,,,,,,,,,,d2c_brand,physical_delivery,large,0.7862152715275877,10,0,1,,0.7837698359721295,712,712.0,0.6813397129186602,1,CONTEST,107.04
DSP001769,TXN0420062,M000291,CUS0152542,Visa,DUPLICATE_TRANSACTION,Duplicate Transaction,2025-09-05,1545,0,0,2025-09-25,20,accepted,accepted_refunded,,2,1,1,0.7909666666666667,1,,,,,,,,,,,,,,,,,,d2c_brand,physical_delivery,large,0.7862152715275877,10,0,1,,0.6373406341941811,0,797.0,0.5158576051779935,1,CONTEST,187.69
DSP001770,TXN0430529,M000292,,Mastercard,MERCHANDISE_NOT_AS_DESCRIBED,Merchandise Not As Described,2025-12-28,1445,649,168,2026-01-15,18,contested,won,2026-01-29,3,3,0,0.95275,0,,,,,,,,,,,,,,,,,,d2c_brand,physical_delivery,large,0.8917415051943869,81,0,1,,0.7551623581984114,817,817.0,0.5653979238754325,1,CONTEST,274.21
DSP001771,TXN0434356,M000292,CUS0155080,Visa,MERCHANDISE_NOT_AS_DESCRIBED,Merchandise Not As Described,2025-07-01,1445,479,220,2025-07-19,18,contested,won,2025-08-11,3,3,0,0.9378000000000001,0,,,,,,,,,,,,,,,,,,d2c_brand,physical_delivery,large,0.8917415051943869,81,0,1,,0.7572992477368354,699,699.0,0.48373702422145326,1,CONTEST,395.3
DSP001772,TXN0429057,M000292,CUS0153559,Visa,MERCHANDISE_NOT_RECEIVED,Merchandise Not Received,2025-05-05,1699,620,155,2025-05-15,10,contested,won,2025-05-24,4,4,0,0.9465666666666667,0,,,,,,,,,,,,,,,,,,d2c_brand,physical_delivery,large,0.8917415051943869,81,0,1,,0.8897173414820474,775,775.0,0.45615067686874633,1,CONTEST,736.63
DSP001773,TXN0431563,M000292,CUS0152891,Mastercard,UNAUTHORIZED_TRANSACTION,Unauthorized Transaction,2025-10-26,1949,571,211,2025-11-08,13,contested,lost,2025-11-11,4,4,0,0.9727333333333333,0,,,,,,,,,,,,,,,,,,d2c_brand,physical_delivery,large,0.8917415051943869,81,0,1,,0.4253318077803204,782,782.0,0.4012314007183171,1,CONTEST,46.97
DSP001774,TXN0434730,M000292,CUS0154214,Visa,MERCHANDISE_NOT_RECEIVED,Merchandise Not Received,2025-10-04,2899,413,189,2025-10-16,12,contested,won,2025-11-10,4,3,1,0.7602166666666667,1,,,,,,,,,,,,,,,,,,d2c_brand,physical_delivery,large,0.8917415051943869,81,0,1,,0.6211827593540701,602,602.0,0.20765781303897896,1,CONTEST,1198.81
DSP001775,TXN0431346,M000292,,Visa,MERCHANDISE_NOT_RECEIVED,Merchandise Not Received,2025-04-14,2595,666,251,2025-04-27,13,contested,won,2025-04-29,4,4,0,0.98,0,,,,,,,,,,,,,,,,,,d2c_brand,physical_delivery,large,0.8917415051943869,81,0,1,,0.8897173414820474,917,917.0,0.3533718689788054,1,CONTEST,1391.82
DSP001776,TXN0434441,M000292,CUS0153634,Visa,MERCHANDISE_NOT_AS_DESCRIBED,Merchandise Not As Described,2025-08-28,6100,0,0,2025-09-08,11,accepted,accepted_refunded,,3,3,0,0.7924833333333333,1,,,,,,,,,,,,,,,,,,d2c_brand,physical_delivery,large,0.8917415051943869,81,0,1,,0.6070132684652808,0,797.0,0.13065573770491803,1,CONTEST,2905.78
DSP001777,TXN0429576,M000292,,Mastercard,MERCHANDISE_NOT_RECEIVED,Merchandise Not Received,2025-12-21,900,0,0,2026-01-03,13,accepted,accepted_refunded,,4,4,0,0.8865833333333333,0,3799.0,credit_card,passed,1.0,DEV795582,0.4885119245445747,1.0,0.0,0.0,delivered,2025-12-09,1.0,2025-11-29 21:17:00,0.0,0.0,0.0,,d2c_brand,physical_delivery,large,0.8917415051943869,81,0,1,21.113194444444446,0.9382683982683983,0,797.0,0.8855555555555555,1,CONTEST,47.44
DSP001778,TXN0430624,M000292,CUS0153150,Mastercard,MERCHANDISE_NOT_AS_DESCRIBED,Merchandise Not As Described,2026-02-28,1249,746,274,2026-03-21,21,contested,lost,2026-03-29,3,2,1,0.7980833333333334,1,,,,,,,,,,,,,,,,,,d2c_brand,physical_delivery,large,0.8917415051943869,81,0,1,,0.5037707390648567,1020,1020.0,0.8166533226581265,0,ACCEPT,-390.79
DSP001779,TXN0429733,M000292,CUS0154303,Visa,MERCHANDISE_NOT_AS_DESCRIBED,Merchandise Not As Described,2025-10-06,2749,696,204,2025-10-20,14,contested,lost,2025-11-15,3,3,0,0.9258833333333333,0,,,,,,,,,,,,,,,,,,d2c_brand,physical_delivery,large,0.8917415051943869,81,0,1,,0.6522634304312903,900,900.0,0.327391778828665,1,CONTEST,893.07
DSP001780,TXN0435375,M000292,CUS0153618,Mastercard,MERCHANDISE_NOT_AS_DESCRIBED,Merchandise Not As Described,2025-07-24,699,0,0,2025-08-14,21,accepted,accepted_refunded,,3,3,0,0.98,0,,,,,,,,,,,,,,,,,,d2c_brand,physical_delivery,large,0.8917415051943869,81,0,1,,0.7829219204530962,0,797.0,1.0,0,ACCEPT,-249.74
DSP001781,TXN0429433,M000292,,Visa,UNAUTHORIZED_TRANSACTION,Unauthorized Transaction,2025-03-18,210,0,0,2025-04-03,16,accepted,accepted_refunded,,4,4,0,0.9276333333333332,0,,,,,,,,,,,,,,,,,,d2c_brand,physical_delivery,large,0.8917415051943869,81,0,1,,0.5094222809725759,0,797.0,1.0,0,ACCEPT,-690.02
DSP001782,TXN0432056,M000292,,RuPay,UNAUTHORIZED_TRANSACTION,Unauthorized Transaction,2025-04-15,1499,0,0,2025-05-03,18,accepted,accepted_refunded,,4,4,0,0.9266,0,2049.0,credit_card,passed,1.0,DEV517803,0.3669366768304914,2.0,0.0,0.0,in_transit,,0.0,2025-12-09 21:54:00,0.0,0.0,0.0,,d2c_brand,physical_delivery,large,0.8917415051943869,81,0,1,-238.9125,0.550948047568383,0,797.0,0.5316877918612408,1,CONTEST,28.87
DSP001783,TXN0429492,M000292,CUS0154786,Visa,MERCHANDISE_NOT_RECEIVED,Merchandise Not Received,2025-11-05,5395,0,0,2025-11-17,12,accepted,accepted_refunded,,4,3,1,0.8024,1,,,,,,,,,,,,,,,,,,d2c_brand,physical_delivery,large,0.8917415051943869,81,0,1,,0.5822681704260652,0,797.0,0.14772937905468025,1,CONTEST,2344.34
DSP001784,TXN0429963,M000292,CUS0155064,Mastercard,MERCHANDISE_NOT_RECEIVED,Merchandise Not Received,2025-04-12,2600,0,0,2025-04-19,7,accepted,accepted_refunded,,4,4,0,0.9576666666666668,0,,,,,,,,,,,,,,,,,,d2c_brand,physical_delivery,large,0.8917415051943869,81,0,1,,0.8641356952593267,0,797.0,0.30653846153846154,1,CONTEST,1449.75
DSP001785,TXN0431386,M000292,CUS0154842,Mastercard,UNAUTHORIZED_TRANSACTION,Unauthorized Transaction,2025-06-06,950,0,0,2025-06-13,7,accepted,accepted_refunded,,4,3,1,0.7961833333333334,1,,,,,,,,,,,,,,,,,,d2c_brand,physical_delivery,large,0.8917415051943869,81,0,1,,0.3253318077803204,0,797.0,0.8389473684210527,0,ACCEPT,-487.93
DSP001786,TXN0438441,M000293,,Visa,MERCHANDISE_NOT_AS_DESCRIBED,Merchandise Not As Described,2025-10-06,8800,634,166,2025-10-25,19,contested,won,2025-10-20,3,3,0,0.7598333333333334,1,,,,,,,,,,,,,,,,,,marketplace_retailer,physical_delivery,large,0.8803529733393862,109,0,1,,0.6167523989000634,800,800.0,0.09090909090909091,1,CONTEST,4627.42
DSP001787,TXN0440355,M000293,CUS0155899,Mastercard,MERCHANDISE_NOT_RECEIVED,Merchandise Not Received,2025-07-26,4849,0,0,2025-08-08,13,accepted,accepted_refunded,,4,4,0,0.98,0,,,,,,,,,,,,,,,,,,marketplace_retailer,physical_delivery,large,0.8803529733393862,109,0,1,,0.8545230827253765,0,797.0,0.16436378634770055,1,CONTEST,3346.58
DSP001788,TXN0443729,M000293,CUS0156952,Visa,MERCHANDISE_NOT_AS_DESCRIBED,Merchandise Not As Described,2025-07-11,1395,706,249,2025-07-22,11,contested,lost,2025-07-27,3,3,0,0.7612666666666666,1,,,,,,,,,,,,,,,,,,marketplace_retailer,physical_delivery,large,0.8803529733393862,109,0,1,,0.6167523989000634,955,955.0,0.6845878136200717,0,ACCEPT,-94.63
DSP001789,TXN0437310,M000293,CUS0156038,Mastercard,MERCHANDISE_NOT_AS_DESCRIBED,Merchandise Not As Described,2025-03-09,2799,0,0,2025-03-17,8,accepted,accepted_refunded,,3,2,1,0.7845,1,,,,,,,,,,,,,,,,,,marketplace_retailer,physical_delivery,large,0.8803529733393862,109,0,1,,0.5189754174274298,0,797.0,0.28474455162558054,1,CONTEST,655.61
DSP001790,TXN0437237,M000293,CUS0156376,Mastercard,MERCHANDISE_NOT_RECEIVED,Merchandise Not Received,2025-03-22,899,741,211,2025-04-10,19,contested,won,2025-05-01,4,4,0,0.73995,1,,,,,,,,,,,,,,,,,,marketplace_retailer,physical_delivery,large,0.8803529733393862,109,0,1,,0.823069666576308,952,952.0,1.0,0,ACCEPT,-212.06
DSP001791,TXN0443019,M000293,CUS0155844,Mastercard,UNAUTHORIZED_TRANSACTION,Unauthorized Transaction,2025-05-05,3549,705,264,2025-05-23,18,contested,lost,2025-06-11,4,4,0,0.5675333333333333,2,,,,,,,,,,,,,,,,,,marketplace_retailer,physical_delivery,large,0.8803529733393862,109,0,1,,0.3045215311004784,969,969.0,0.27303465765004226,1,CONTEST,111.75
DSP001792,TXN0442156,M000293,CUS0157409,RuPay,MERCHANDISE_NOT_RECEIVED,Merchandise Not Received,2025-07-01,4295,0,0,2025-07-18,17,accepted,accepted_refunded,,4,3,1,0.7835,1,,,,,,,,,,,,,,,,,,marketplace_retailer,physical_delivery,large,0.8803529733393862,109,0,1,,0.5956015037593985,0,797.0,0.18556461001164146,1,CONTEST,1761.11
DSP001793,TXN0443513,M000293,CUS0156279,RuPay,MERCHANDISE_NOT_AS_DESCRIBED,Merchandise Not As Described,2025-03-02,23499,722,164,2025-03-14,12,contested,lost,2025-03-18,3,1,2,0.5932,2,,,,,,,,,,,,,,,,,,marketplace_retailer,physical_delivery,large,0.8803529733393862,109,0,1,,0.12476190476190477,886,886.0,0.03770373207370526,1,CONTEST,2045.78
DSP001794,TXN0441831,M000293,CUS0158014,Mastercard,DUPLICATE_TRANSACTION,Duplicate Transaction,2025-10-29,13700,0,0,2025-11-12,14,accepted,accepted_refunded,,2,2,0,0.7728666666666667,1,,,,,,,,,,,,,,,,,,marketplace_retailer,physical_delivery,large,0.8803529733393862,109,0,1,,0.7837698359721295,0,797.0,0.058175182481751825,1,CONTEST,9940.65
DSP001795,TXN0436729,M000293,,Mastercard,UNAUTHORIZED_TRANSACTION,Unauthorized Transaction,2025-10-22,750,490,237,2025-11-06,15,contested,lost,2025-11-08,4,3,1,0.7888333333333333,1,,,,,,,,,,,,,,,,,,marketplace_retailer,physical_delivery,large,0.8803529733393862,109,0,1,,0.37305908050759307,727,727.0,0.9693333333333334,0,ACCEPT,-447.21
DSP001796,TXN0440415,M000293,CUS0157861,Visa,MERCHANDISE_NOT_RECEIVED,Merchandise Not Received,2025-03-10,949,453,292,2025-03-25,15,contested,won,2025-04-09,4,3,1,0.7221000000000001,1,,,,,,,,,,,,,,,,,,marketplace_retailer,physical_delivery,large,0.8803529733393862,109,0,1,,0.6276015037593985,745,745.0,0.7850368809272918,0,ACCEPT,-149.41
DSP001797,TXN0437300,M000293,CUS0158025,Visa,MERCHANDISE_NOT_RECEIVED,Merchandise Not Received,2025-01-18,4549,0,0,2025-01-28,10,accepted,accepted_refunded,,4,4,0,0.9433666666666666,0,,,,,,,,,,,,,,,,,,marketplace_retailer,physical_delivery,large,0.8803529733393862,109,0,1,,0.8756323247736806,0,797.0,0.1752033413937129,1,CONTEST,3186.25
DSP001798,TXN0436363,M000293,,Visa,UNAUTHORIZED_TRANSACTION,Unauthorized Transaction,2025-04-16,1045,0,0,2025-04-24,8,accepted,accepted_refunded,,4,4,0,0.7581333333333333,1,,,,,,,,,,,,,,,,,,marketplace_retailer,physical_delivery,large,0.8803529733393862,109,0,1,,0.42923510904968126,0,797.0,0.7626794258373206,0,ACCEPT,-348.45
DSP001799,TXN0442912,M000293,CUS0158143,RuPay,UNAUTHORIZED_TRANSACTION,Unauthorized Transaction,2025-09-23,3199,0,0,2025-10-14,21,accepted,accepted_refunded,,4,2,2,0.6285333333333333,2,,,,,,,,,,,,,,,,,,marketplace_retailer,physical_delivery,large,0.8803529733393862,109,0,1,,0.09987711213517665,0,797.0,0.24914035636136292,0,ACCEPT,-477.49
DSP001800,TXN0436856,M000293,CUS0156064,Visa,UNAUTHORIZED_TRANSACTION,Unauthorized Transaction,2025-02-08,1349,663,180,2025-02-25,17,contested,lost,2025-03-10,4,4,0,0.9093333333333332,0,,,,,,,,,,,,,,,,,,marketplace_retailer,physical_delivery,large,0.8803529733393862,109,0,1,,0.5288854489164087,843,843.0,0.6249073387694588,0,ACCEPT,-129.53
DSP001801,TXN0445913,M000294,,RuPay,UNAUTHORIZED_TRANSACTION,Unauthorized Transaction,2025-08-16,6800,452,232,2025-09-03,18,contested,lost,2025-09-26,4,4,0,0.98,0,,,,,,,,,,,,,,,,,,marketplace_retailer,physical_delivery,large,0.97,110,0,1,,0.3892206966692092,684,684.0,0.10058823529411764,1,CONTEST,1962.7
DSP001802,TXN0445911,M000294,CUS0160132,Visa,MERCHANDISE_NOT_RECEIVED,Merchandise Not Received,2025-11-18,550,494,240,2025-12-09,21,contested,won,2025-12-17,4,3,1,0.6533333333333333,2,,,,,,,,,,,,,,,,,,marketplace_retailer,physical_delivery,large,0.97,110,0,1,,0.6004198618718742,734,734.0,1.0,0,ACCEPT,-403.77
DSP001803,TXN0447899,M000294,CUS0159291,Mastercard,MERCHANDISE_NOT_RECEIVED,Merchandise Not Received,2025-08-17,1099,0,0,2025-08-31,14,accepted,accepted_refunded,,4,4,0,0.9191333333333334,0,,,,,,,,,,,,,,,,,,marketplace_retailer,physical_delivery,large,0.97,110,0,1,,0.8756410951477365,0,797.0,0.7252047315741583,1,CONTEST,165.33
DSP001804,TXN0449391,M000294,CUS0159903,Visa,UNAUTHORIZED_TRANSACTION,Unauthorized Transaction,2026-01-19,1100,631,292,2026-02-05,17,contested,lost,2026-02-14,4,4,0,0.9566166666666667,0,,,,,,,,,,,,,,,,,,marketplace_retailer,physical_delivery,large,0.97,110,0,1,,0.4677777777777778,923,923.0,0.8390909090909091,0,ACCEPT,-408.44
DSP001805,TXN0447324,M000294,,Visa,MERCHANDISE_NOT_AS_DESCRIBED,Merchandise Not As Described,2025-11-15,6599,509,179,2025-12-03,18,contested,won,2025-12-10,3,3,0,0.9773,0,4049.0,credit_card,passed,1.0,DEV550587,0.3041828064172853,2.0,0.0,0.0,delivered,2025-04-20,1.0,2025-04-17 19:32:00,0.0,0.0,0.0,,marketplace_retailer,physical_delivery,large,0.97,110,0,1,211.1861111111111,0.7399915665686084,688,688.0,0.10425822094256705,1,CONTEST,4195.2
DSP001806,TXN0447097,M000294,,Mastercard,UNAUTHORIZED_TRANSACTION,Unauthorized Transaction,2025-04-27,3599,589,231,2025-05-10,13,contested,lost,2025-06-07,4,4,0,0.9483666666666667,0,599.0,upi,not_applicable,1.0,DEV186871,0.2731677766620172,1.0,0.0,0.0,delivered,2025-06-27,0.0,2025-06-18 00:26:00,0.0,0.0,0.0,,marketplace_retailer,physical_delivery,large,0.97,110,0,1,-52.018055555555556,0.38452153110048093,820,820.0,0.2278410669630453,1,CONTEST,563.89
DSP001807,TXN0447059,M000294,CUS0160391,RuPay,MERCHANDISE_NOT_AS_DESCRIBED,Merchandise Not As Described,2025-05-21,1000,0,0,2025-05-30,9,accepted,accepted_refunded,,3,3,0,0.9617833333333333,0,,,,,,,,,,,,,,,,,,marketplace_retailer,physical_delivery,large,0.97,110,0,1,,0.6512258414657123,0,797.0,0.797,0,ACCEPT,-145.77
DSP001808,TXN0450036,M000294,CUS0161316,Visa,DUPLICATE_TRANSACTION,Duplicate Transaction,2025-04-11,950,475,298,2025-04-24,13,contested,won,2025-04-25,2,2,0,0.7716666666666666,1,,,,,,,,,,,,,,,,,,marketplace_retailer,physical_delivery,large,0.97,110,0,1,,0.9206627401693815,773,773.0,0.8136842105263158,1,CONTEST,101.63
DSP001809,TXN0451736,M000294,,Mastercard,MERCHANDISE_NOT_AS_DESCRIBED,Merchandise Not As Described,2026-01-15,3599,734,169,2026-01-28,13,contested,won,2026-02-19,3,3,0,0.9547666666666667,0,,,,,,,,,,,,,,,,,,marketplace_retailer,physical_delivery,large,0.97,110,0,1,,0.7144723815084346,903,903.0,0.25090302861906083,1,CONTEST,1668.39
DSP001810,TXN0445898,M000294,CUS0158745,RuPay,MERCHANDISE_NOT_RECEIVED,Merchandise Not Received,2025-06-13,549,441,184,2025-06-21,8,contested,won,2025-07-13,4,4,0,0.6530166666666667,2,,,,,,,,,,,,,,,,,,marketplace_retailer,physical_delivery,large,0.97,110,0,1,,0.6735705807182453,625,625.0,1.0,0,ACCEPT,-255.21
DSP001811,TXN0446944,M000294,CUS0158530,Mastercard,MERCHANDISE_NOT_AS_DESCRIBED,Merchandise Not As Described,2025-08-28,7500,0,0,2025-09-05,8,accepted,accepted_refunded,,3,3,0,0.9706166666666666,0,,,,,,,,,,,,,,,,,,marketplace_retailer,physical_delivery,large,0.97,110,0,1,,0.6264366094263792,0,797.0,0.10626666666666666,1,CONTEST,3901.27
DSP001812,TXN0444514,M000294,,Mastercard,MERCHANDISE_NOT_AS_DESCRIBED,Merchandise Not As Described,2025-04-24,7099,554,244,2025-05-03,9,contested,lost,2025-05-28,3,3,0,0.9139499999999999,0,5595.0,credit_card,passed,1.0,,0.3900512541402519,1.0,0.0,0.0,delivered,2025-04-10,1.0,2025-04-04 02:41:00,0.0,0.0,0.0,,marketplace_retailer,physical_delivery,large,0.97,110,0,1,19.888194444444444,0.6167523989000634,798,798.0,0.11241019861952388,1,CONTEST,3580.33
DSP001813,TXN0451544,M000294,CUS0160884,Mastercard,MERCHANDISE_NOT_RECEIVED,Merchandise Not Received,2025-03-28,3350,708,229,2025-04-14,17,contested,won,2025-04-19,4,4,0,0.9396833333333333,0,,,,,,,,,,,,,,,,,,marketplace_retailer,physical_delivery,large,0.97,110,0,1,,0.8756410951477365,937,937.0,0.2797014925373134,1,CONTEST,1996.4
DSP001814,TXN0450639,M000294,,Visa,CREDIT_NOT_PROCESSED,Credit Not Processed,2026-02-14,4300,415,262,2026-02-22,8,contested,won,2026-03-30,3,3,0,0.81265,1,,,,,,,,,,,,,,,,,,marketplace_retailer,physical_delivery,large,0.97,110,0,1,,0.6604863831820353,677,677.0,0.15744186046511627,1,CONTEST,2163.09
DSP001815,TXN0446637,M000294,CUS0160256,Mastercard,MERCHANDISE_NOT_AS_DESCRIBED,Merchandise Not As Described,2025-04-04,1049,471,276,2025-04-21,17,contested,won,2025-05-01,3,3,0,0.9104333333333333,0,,,,,,,,,,,,,,,,,,marketplace_retailer,physical_delivery,large,0.97,110,0,1,,0.6925294647038397,747,747.0,0.7121067683508103,0,ACCEPT,-20.54
DSP001816,TXN0445411,M000294,,Mastercard,MERCHANDISE_NOT_RECEIVED,Merchandise Not Received,2025-03-30,2149,0,0,2025-04-07,8,accepted,accepted_refunded,,4,3,1,0.8062999999999999,1,1099.0,credit_card,passed,1.0,DEV785405,0.0430630314827457,1.0,0.0,0.0,delivered,2025-07-03,1.0,2025-06-23 20:12:00,0.0,0.0,0.0,,marketplace_retailer,physical_delivery,large,0.97,110,0,1,-85.84166666666667,0.667533630456231,0,797.0,0.37087017217310375,1,CONTEST,637.53
DSP001817,TXN0450354,M000294,CUS0159477,Visa,UNAUTHORIZED_TRANSACTION,Unauthorized Transaction,2025-10-26,9200,0,0,2025-11-16,21,accepted,accepted_refunded,,4,4,0,0.9438666666666666,0,,,,,,,,,,,,,,,,,,marketplace_retailer,physical_delivery,large,0.97,110,0,1,,0.4003318077803204,0,797.0,0.08663043478260869,1,CONTEST,2886.05
DSP001818,TXN0447419,M000294,,Visa,CREDIT_NOT_PROCESSED,Credit Not Processed,2025-12-15,849,546,285,2025-12-28,13,contested,won,2026-01-25,3,3,0,0.9395666666666666,0,,,,,,,,,,,,,,,,,,marketplace_retailer,physical_delivery,large,0.97,110,0,1,,0.8574592769659184,831,831.0,0.9787985865724381,0,ACCEPT,-103.02
DSP001819,TXN0449676,M000294,CUS0158896,Visa,MERCHANDISE_NOT_AS_DESCRIBED,Merchandise Not As Described,2025-05-01,1700,0,0,2025-05-11,10,accepted,accepted_refunded,,3,3,0,0.9376000000000001,0,,,,,,,,,,,,,,,,,,marketplace_retailer,physical_delivery,large,0.97,110,0,1,,0.6398981478879178,0,797.0,0.4688235294117647,1,CONTEST,290.83
DSP001820,TXN0450059,M000294,,Visa,MERCHANDISE_NOT_AS_DESCRIBED,Merchandise Not As Described,2025-07-23,2895,681,207,2025-08-10,18,contested,won,2025-09-03,3,3,0,0.7831166666666666,1,5899.0,debit_card,passed,1.0,DEV844297,0.1159106877053123,1.0,0.0,0.0,delivered,2025-09-04,1.0,2025-08-31 18:03:00,0.0,0.0,0.0,,marketplace_retailer,physical_delivery,large,0.97,110,0,1,-39.75208333333333,0.7139426043801921,888,888.0,0.3067357512953368,1,CONTEST,1178.86
DSP001821,TXN0449102,M000294,,Visa,MERCHANDISE_NOT_AS_DESCRIBED,Merchandise Not As Described,2025-11-16,750,438,216,2025-11-28,12,contested,lost,2025-12-07,3,3,0,0.9555833333333333,0,,,,,,,,,,,,,,,,,,marketplace_retailer,physical_delivery,large,0.97,110,0,1,,0.7276752528871798,654,654.0,0.872,0,ACCEPT,-108.24
DSP001822,TXN0450081,M000294,CUS0160588,Mastercard,DUPLICATE_TRANSACTION,Duplicate Transaction,2025-02-26,845,532,241,2025-03-13,15,contested,won,2025-03-27,2,1,1,0.6533333333333333,2,,,,,,,,,,,,,,,,,,marketplace_retailer,physical_delivery,large,0.97,110,0,1,,0.6167523989000634,773,773.0,0.914792899408284,0,ACCEPT,-251.84
DSP001823,TXN0457846,M000295,,Mastercard,MERCHANDISE_NOT_RECEIVED,Merchandise Not Received,2025-03-06,11295,459,261,2025-03-23,17,contested,won,2025-04-20,4,4,0,0.9763833333333333,0,8799.0,debit_card,passed,1.0,DEV180135,0.4557101210132205,1.0,0.0,0.0,delivered,2025-11-30,1.0,2025-11-20 12:14:00,0.0,0.0,0.0,,marketplace_retailer,physical_delivery,large,0.97,23,0,1,-259.5097222222222,0.8756410951477365,720,720.0,0.06374501992031872,1,CONTEST,9170.37
DSP001824,TXN0454470,M000295,,Visa,MERCHANDISE_NOT_AS_DESCRIBED,Merchandise Not As Described,2025-03-30,4950,487,229,2025-04-10,11,contested,won,2025-05-07,3,3,0,0.9335333333333334,0,,,,,,,,,,,,,,,,,,marketplace_retailer,physical_delivery,large,0.97,23,0,1,,0.7572992477368354,716,716.0,0.14464646464646463,1,CONTEST,3032.63
DSP001825,TXN0457499,M000295,CUS0163692,Visa,UNAUTHORIZED_TRANSACTION,Unauthorized Transaction,2025-06-02,24999,468,220,2025-06-20,18,contested,lost,2025-07-08,4,4,0,0.9715166666666667,0,,,,,,,,,,,,,,,,,,marketplace_retailer,physical_delivery,large,0.97,23,0,1,,0.4364429188914315,688,688.0,0.027521100844033763,1,CONTEST,10222.64
DSP001826,TXN0459345,M000295,,Visa,UNAUTHORIZED_TRANSACTION,Unauthorized Transaction,2025-07-29,2500,505,170,2025-08-11,13,contested,won,2025-08-17,4,4,0,0.9173333333333332,0,,,,,,,,,,,,,,,,,,marketplace_retailer,physical_delivery,large,0.97,23,0,1,,0.4551563691838291,675,675.0,0.27,1,CONTEST,462.89
DSP001827,TXN0457178,M000295,CUS0163610,Visa,MERCHANDISE_NOT_RECEIVED,Merchandise Not Received,2025-06-03,3600,0,0,2025-06-17,14,accepted,accepted_refunded,,4,4,0,0.96125,0,,,,,,,,,,,,,,,,,,marketplace_retailer,physical_delivery,large,0.97,23,0,1,,0.8756410951477365,0,797.0,0.22138888888888889,1,CONTEST,2355.31
DSP001828,TXN0454302,M000295,CUS0162966,Visa,MERCHANDISE_NOT_RECEIVED,Merchandise Not Received,2025-02-03,700,421,248,2025-02-13,10,contested,won,2025-02-26,4,4,0,0.98,0,,,,,,,,,,,,,,,,,,marketplace_retailer,physical_delivery,large,0.97,23,0,1,,0.9226691806015243,669,669.0,0.9557142857142857,0,ACCEPT,-23.13
DSP001829,TXN0457282,M000295,CUS0164011,Visa,DUPLICATE_TRANSACTION,Duplicate Transaction,2025-04-02,3400,0,0,2025-04-13,11,accepted,accepted_refunded,,2,2,0,0.9296666666666665,0,,,,,,,,,,,,,,,,,,marketplace_retailer,physical_delivery,large,0.97,23,0,1,,0.9206627401693815,0,797.0,0.23441176470588235,1,CONTEST,2333.25
DSP001830,TXN0452875,M000295,CUS0162358,Visa,DUPLICATE_TRANSACTION,Duplicate Transaction,2025-12-28,150,482,260,2026-01-08,11,contested,won,2026-01-24,2,2,0,0.9530500000000001,0,,,,,,,,,,,,,,,,,,marketplace_retailer,physical_delivery,large,0.97,23,0,1,,0.9347389865036924,742,742.0,1.0,0,ACCEPT,-601.79
DSP001831,TXN0455646,M000295,,Mastercard,MERCHANDISE_NOT_AS_DESCRIBED,Merchandise Not As Described,2026-02-13,1999,0,0,2026-02-26,13,accepted,accepted_refunded,,3,3,0,0.96375,0,699.0,credit_card,passed,1.0,,0.6392470665209163,1.0,0.0,0.0,in_transit,,0.0,2025-11-08 10:15:00,0.0,0.0,0.0,,marketplace_retailer,physical_delivery,large,0.97,23,0,1,96.57291666666667,0.6933543690860744,0,797.0,0.39869934967483744,1,CONTEST,589.02
DSP001832,TXN0453815,M000295,CUS0162098,Visa,UNAUTHORIZED_TRANSACTION,Unauthorized Transaction,2026-01-24,700,525,157,2026-02-09,16,contested,won,2026-03-01,4,4,0,0.9171666666666667,0,,,,,,,,,,,,,,,,,,marketplace_retailer,physical_delivery,large,0.97,23,0,1,,0.5323942208462332,682,682.0,0.9742857142857143,0,ACCEPT,-309.32
DSP001833,TXN0458885,M000295,,Visa,MERCHANDISE_NOT_RECEIVED,Merchandise Not Received,2025-07-26,3545,444,288,2025-08-11,16,contested,lost,2025-09-07,4,3,1,0.8166666666666668,1,4845.0,upi,not_applicable,1.0,,0.6934347251250461,1.0,0.0,0.0,delivered,2025-05-09,1.0,2025-05-06 06:14:00,0.0,0.0,0.0,,marketplace_retailer,physical_delivery,large,0.97,23,0,1,80.74027777777778,0.5550865285385409,732,732.0,0.2064880112834979,1,CONTEST,1235.78
DSP001834,TXN0456740,M000295,,Mastercard,MERCHANDISE_NOT_RECEIVED,Merchandise Not Received,2025-10-14,1349,447,220,2025-10-29,15,contested,won,2025-10-31,4,4,0,0.8021333333333334,1,,,,,,,,,,,,,,,,,,marketplace_retailer,physical_delivery,large,0.97,23,0,1,,0.8554684226372367,667,667.0,0.49444032616753153,1,CONTEST,487.03
DSP001835,TXN0452060,M000295,CUS0161373,RuPay,MERCHANDISE_NOT_AS_DESCRIBED,Merchandise Not As Described,2025-10-19,895,487,208,2025-10-29,10,contested,won,2025-11-14,3,3,0,0.9709499999999999,0,,,,,,,,,,,,,,,,,,marketplace_retailer,physical_delivery,large,0.97,23,0,1,,0.8104004534365066,695,695.0,0.776536312849162,1,CONTEST,30.31
DSP001836,TXN0452374,M000295,CUS0162146,Visa,UNAUTHORIZED_TRANSACTION,Unauthorized Transaction,2025-10-29,649,532,235,2025-11-08,10,contested,won,2025-11-25,4,4,0,0.7874,1,,,,,,,,,,,,,,,,,,marketplace_retailer,physical_delivery,large,0.97,23,0,1,,0.5777275541795666,767,767.0,1.0,0,ACCEPT,-392.05
DSP001837,TXN0458709,M000295,CUS0162344,Visa,MERCHANDISE_NOT_AS_DESCRIBED,Merchandise Not As Described,2025-02-20,3750,678,172,2025-03-08,16,contested,won,2025-03-12,3,3,0,0.98,0,,,,,,,,,,,,,,,,,,marketplace_retailer,physical_delivery,large,0.97,23,0,1,,0.7367110124427177,850,850.0,0.22666666666666666,1,CONTEST,1912.67
DSP001838,TXN0457714,M000295,,RuPay,MERCHANDISE_NOT_AS_DESCRIBED,Merchandise Not As Described,2025-04-30,3800,693,184,2025-05-08,8,contested,won,2025-06-03,3,3,0,0.9541,0,3745.0,credit_card,passed,1.0,,0.2621758116591963,1.0,0.0,0.0,delivered,2025-09-25,1.0,2025-09-19 02:33:00,0.0,0.0,0.0,,marketplace_retailer,physical_delivery,large,0.97,23,0,1,-142.10625,0.7289218091970052,877,877.0,0.23078947368421052,1,CONTEST,1892.9
DSP001839,TXN0460911,M000296,,Visa,MERCHANDISE_NOT_AS_DESCRIBED,Merchandise Not As Described,2025-09-27,1000,495,231,2025-10-08,11,contested,won,2025-10-18,3,2,1,0.8166666666666668,1,,,,,,,,,,,,,,,,,,marketplace_retailer,physical_delivery,large,0.9334896227098648,87,0,1,,0.6070132684652808,726,726.0,0.726,0,ACCEPT,-118.99
DSP001840,TXN0463080,M000296,,Visa,MERCHANDISE_NOT_AS_DESCRIBED,Merchandise Not As Described,2026-02-13,999,582,163,2026-03-01,16,contested,lost,2026-03-26,3,3,0,0.9662666666666667,0,,,,,,,,,,,,,,,,,,marketplace_retailer,physical_delivery,large,0.9334896227098648,87,0,1,,0.7757505934925291,745,745.0,0.7457457457457457,1,CONTEST,29.97
DSP001841,TXN0466404,M000296,CUS0164375,Mastercard,MERCHANDISE_NOT_RECEIVED,Merchandise Not Received,2025-09-12,1700,611,282,2025-09-28,16,contested,lost,2025-10-05,4,2,2,0.6418499999999999,2,,,,,,,,,,,,,,,,,,marketplace_retailer,physical_delivery,large,0.9334896227098648,87,0,1,,0.306998474446987,893,893.0,0.5252941176470588,0,ACCEPT,-371.1
DSP001842,TXN0461847,M000296,CUS0166437,Visa,MERCHANDISE_NOT_RECEIVED,Merchandise Not Received,2025-06-07,5099,555,212,2025-06-20,13,contested,won,2025-07-13,4,4,0,0.7749166666666666,1,,,,,,,,,,,,,,,,,,marketplace_retailer,physical_delivery,large,0.9334896227098648,87,0,1,,0.8756410951477365,767,767.0,0.15042165130417728,1,CONTEST,3697.89
DSP001843,TXN0465718,M000296,,Visa,MERCHANDISE_NOT_AS_DESCRIBED,Merchandise Not As Described,2025-05-02,4049,411,234,2025-05-17,15,contested,won,2025-05-29,3,3,0,0.9270999999999999,0,,,,,,,,,,,,,,,,,,marketplace_retailer,physical_delivery,large,0.9334896227098648,87,0,1,,0.6398981478879178,645,645.0,0.15929859224499876,1,CONTEST,1945.95
DSP001844,TXN0465192,M000296,,Visa,CREDIT_NOT_PROCESSED,Credit Not Processed,2025-03-17,1899,0,0,2025-03-27,10,accepted,accepted_refunded,,3,3,0,0.9139833333333334,0,,,,,,,,,,,,,,,,,,marketplace_retailer,physical_delivery,large,0.9334896227098648,87,0,1,,0.7761287694712303,0,797.0,0.41969457609268035,1,CONTEST,676.87
DSP001845,TXN0466613,M000296,,Visa,MERCHANDISE_NOT_RECEIVED,Merchandise Not Received,2025-07-04,650,688,215,2025-07-23,19,contested,won,2025-07-26,4,4,0,0.9714,0,,,,,,,,,,,,,,,,,,marketplace_retailer,physical_delivery,large,0.9334896227098648,87,0,1,,0.9347389865036924,903,903.0,1.0,0,ACCEPT,-295.42
DSP001846,TXN0464872,M000296,CUS0165515,Mastercard,UNAUTHORIZED_TRANSACTION,Unauthorized Transaction,2025-01-30,4245,559,151,2025-02-19,20,contested,lost,2025-02-23,4,4,0,0.9555666666666666,0,,,,,,,,,,,,,,,,,,marketplace_retailer,physical_delivery,large,0.9334896227098648,87,0,1,,0.4003318077803204,710,710.0,0.16725559481743227,1,CONTEST,989.41
DSP001847,TXN0466917,M000296,CUS0165066,RuPay,MERCHANDISE_NOT_AS_DESCRIBED,Merchandise Not As Described,2025-06-21,849,490,235,2025-07-05,14,contested,lost,2025-07-23,3,2,1,0.7525166666666667,1,,,,,,,,,,,,,,,,,,marketplace_retailer,physical_delivery,large,0.9334896227098648,87,0,1,,0.5323087507607631,725,725.0,0.8539458186101295,0,ACCEPT,-273.07
DSP001848,TXN0465768,M000296,CUS0166437,RuPay,MERCHANDISE_NOT_AS_DESCRIBED,Merchandise Not As Described,2025-04-11,1450,663,232,2025-04-26,15,contested,lost,2025-04-26,3,3,0,0.98,0,,,,,,,,,,,,,,,,,,marketplace_retailer,physical_delivery,large,0.9334896227098648,87,0,1,,0.6671675547984977,895,895.0,0.6172413793103448,1,CONTEST,72.39
DSP001849,TXN0460015,M000296,,RuPay,MERCHANDISE_NOT_RECEIVED,Merchandise Not Received,2025-06-21,795,622,297,2025-07-10,19,contested,won,2025-07-31,4,4,0,0.94835,0,5099.0,debit_card,passed,1.0,,0.416679687762944,1.0,0.0,0.0,delivered,2025-08-10,1.0,2025-08-07 22:32:00,0.0,0.0,0.0,,marketplace_retailer,physical_delivery,large,0.9334896227098648,87,0,1,-47.93888888888889,0.9541483472727462,919,919.0,1.0,0,ACCEPT,-160.45
DSP001850,TXN0463500,M000296,CUS0165627,RuPay,MERCHANDISE_NOT_RECEIVED,Merchandise Not Received,2025-10-30,2150,584,195,2025-11-18,19,contested,won,2025-11-23,4,3,1,0.7502,1,,,,,,,,,,,,,,,,,,marketplace_retailer,physical_delivery,large,0.9334896227098648,87,0,1,,0.6276015037593985,779,779.0,0.3623255813953488,1,CONTEST,570.34
DSP001851,TXN0460641,M000296,,Visa,UNAUTHORIZED_TRANSACTION,Unauthorized Transaction,2025-02-14,1345,0,0,2025-03-04,18,accepted,accepted_refunded,,4,4,0,0.98,0,,,,,,,,,,,,,,,,,,marketplace_retailer,physical_delivery,large,0.9334896227098648,87,0,1,,0.45164759725400455,0,797.0,0.5925650557620817,0,ACCEPT,-189.53
DSP001852,TXN0460098,M000296,,Visa,MERCHANDISE_NOT_AS_DESCRIBED,Merchandise Not As Described,2025-07-12,1045,565,183,2025-07-23,11,contested,won,2025-08-02,3,2,1,0.8115333333333333,1,,,,,,,,,,,,,,,,,,marketplace_retailer,physical_delivery,large,0.9334896227098648,87,0,1,,0.6070132684652808,748,748.0,0.7157894736842105,0,ACCEPT,-113.67
DSP001853,TXN0466728,M000296,CUS0164746,Mastercard,MERCHANDISE_NOT_RECEIVED,Merchandise Not Received,2025-05-27,1900,0,0,2025-06-14,18,accepted,accepted_refunded,,4,4,0,0.9495999999999999,0,,,,,,,,,,,,,,,,,,marketplace_retailer,physical_delivery,large,0.9334896227098648,87,0,1,,0.8756410951477365,0,797.0,0.41947368421052633,1,CONTEST,866.72
DSP001854,TXN0461319,M000296,,Mastercard,DUPLICATE_TRANSACTION,Duplicate Transaction,2025-06-17,9600,0,0,2025-07-08,21,accepted,accepted_refunded,,2,2,0,0.9508333333333333,0,17095.0,credit_card,passed,1.0,DEV159361,0.031777335836731,1.0,0.0,0.0,in_transit,,0.0,2025-08-31 19:49:00,0.0,0.0,0.0,,marketplace_retailer,physical_delivery,large,0.9334896227098648,87,0,1,-75.82569444444445,0.8908872005800536,0,797.0,0.08302083333333334,1,CONTEST,7755.52
DSP001855,TXN0460500,M000296,,Visa,DUPLICATE_TRANSACTION,Duplicate Transaction,2025-10-20,7895,472,165,2025-11-01,12,contested,won,2025-11-05,2,2,0,0.9432499999999999,0,339.0,upi,not_applicable,1.0,DEV251311,0.2152035287683402,1.0,0.0,0.0,delivered,2025-09-21,1.0,2025-09-12 14:19:00,0.0,0.0,0.0,,marketplace_retailer,physical_delivery,large,0.9334896227098648,87,0,1,37.40347222222222,0.9347389865036924,637,637.0,0.08068397720075997,1,CONTEST,6742.76
DSP001856,TXN0460989,M000296,CUS0166956,Visa,MERCHANDISE_NOT_RECEIVED,Merchandise Not Received,2025-12-20,7399,596,269,2025-12-28,8,contested,won,2026-01-15,4,4,0,0.9533,0,,,,,,,,,,,,,,,,,,marketplace_retailer,physical_delivery,large,0.9334896227098648,87,0,1,,0.9142031099069658,865,865.0,0.11690769022840924,1,CONTEST,5899.19
DSP001857,TXN0464749,M000296,CUS0165386,Mastercard,MERCHANDISE_NOT_RECEIVED,Merchandise Not Received,2025-11-06,305,0,0,2025-11-24,18,accepted,accepted_refunded,,4,4,0,0.98,0,,,,,,,,,,,,,,,,,,marketplace_retailer,physical_delivery,large,0.9334896227098648,87,0,1,,0.906828766571431,0,797.0,1.0,0,ACCEPT,-520.42
DSP001858,TXN0466148,M000296,CUS0166951,Visa,MERCHANDISE_NOT_RECEIVED,Merchandise Not Received,2025-08-13,2650,741,278,2025-08-24,11,contested,won,2025-09-21,4,4,0,0.9252666666666666,0,,,,,,,,,,,,,,,,,,marketplace_retailer,physical_delivery,large,0.9334896227098648,87,0,1,,0.9347389865036924,1019,1019.0,0.38452830188679243,1,CONTEST,1458.06
DSP001859,TXN0460848,M000296,,Mastercard,UNAUTHORIZED_TRANSACTION,Unauthorized Transaction,2025-03-25,3445,743,201,2025-04-10,16,contested,won,2025-04-20,4,4,0,0.9564833333333334,0,,,,,,,,,,,,,,,,,,marketplace_retailer,physical_delivery,large,0.9334896227098648,87,0,1,,0.43995169082125607,944,944.0,0.27402031930333814,1,CONTEST,571.63
DSP001860,TXN0465239,M000296,CUS0165631,Mastercard,MERCHANDISE_NOT_RECEIVED,Merchandise Not Received,2025-04-30,265,0,0,2025-05-17,17,accepted,accepted_refunded,,4,4,0,0.7670666666666667,1,,,,,,,,,,,,,,,,,,marketplace_retailer,physical_delivery,large,0.9334896227098648,87,0,1,,0.8756410951477365,0,797.0,1.0,0,ACCEPT,-564.96
DSP001861,TXN0463142,M000296,CUS0164937,Mastercard,UNAUTHORIZED_TRANSACTION,Unauthorized Transaction,2025-08-14,2645,750,296,2025-08-27,13,contested,lost,2025-09-17,4,3,1,0.8089166666666667,1,,,,,,,,,,,,,,,,,,marketplace_retailer,physical_delivery,large,0.9334896227098648,87,0,1,,0.37305908050759307,1046,1046.0,0.3954631379962193,0,ACCEPT,-59.26
DSP001862,TXN0464344,M000296,,Visa,MERCHANDISE_NOT_AS_DESCRIBED,Merchandise Not As Described,2025-09-06,950,464,280,2025-09-23,17,contested,lost,2025-10-20,3,3,0,0.9444666666666667,0,595.0,upi,not_applicable,1.0,,0.0644959593099268,1.0,0.0,0.0,delivered,2025-02-03,0.0,2025-01-28 21:10:00,0.0,0.0,0.0,,marketplace_retailer,physical_delivery,large,0.9334896227098648,87,0,1,220.11805555555554,0.6996197777982088,744,744.0,0.783157894736842,0,ACCEPT,-79.36
DSP001863,TXN0459919,M000296,CUS0166231,Mastercard,UNAUTHORIZED_TRANSACTION,Unauthorized Transaction,2026-01-28,1349,465,234,2026-02-17,20,contested,won,2026-02-14,4,4,0,0.9277666666666667,0,,,,,,,,,,,,,,,,,,marketplace_retailer,physical_delivery,large,0.9334896227098648,87,0,1,,0.4551563691838291,699,699.0,0.5181616011860638,0,ACCEPT,-84.99
DSP001864,TXN0460813,M000296,,Visa,MERCHANDISE_NOT_AS_DESCRIBED,Merchandise Not As Described,2025-03-03,950,441,193,2025-03-15,12,contested,won,2025-03-21,3,3,0,0.8064666666666667,1,,,,,,,,,,,,,,,,,,marketplace_retailer,physical_delivery,large,0.9334896227098648,87,0,1,,0.6576777276370243,634,634.0,0.6673684210526316,0,ACCEPT,-9.21
DSP001865,TXN0466727,M000296,,Mastercard,MERCHANDISE_NOT_AS_DESCRIBED,Merchandise Not As Described,2025-02-08,3300,465,164,2025-02-19,11,contested,won,2025-03-01,3,3,0,0.9467166666666667,0,,,,,,,,,,,,,,,,,,marketplace_retailer,physical_delivery,large,0.9334896227098648,87,0,1,,0.757829024865078,629,629.0,0.1906060606060606,1,CONTEST,1871.84
DSP001866,TXN0463107,M000296,CUS0166656,Visa,MERCHANDISE_NOT_RECEIVED,Merchandise Not Received,2025-12-17,1100,619,150,2026-01-01,15,contested,won,2026-01-24,4,4,0,0.9781666666666666,0,,,,,,,,,,,,,,,,,,marketplace_retailer,physical_delivery,large,0.9334896227098648,87,0,1,,0.9142754999780112,769,769.0,0.6990909090909091,1,CONTEST,236.7
DSP001867,TXN0460759,M000296,CUS0165389,Visa,UNAUTHORIZED_TRANSACTION,Unauthorized Transaction,2025-11-20,260,412,191,2025-12-09,19,contested,lost,2025-12-14,4,4,0,0.98,0,,,,,,,,,,,,,,,,,,marketplace_retailer,physical_delivery,large,0.9334896227098648,87,0,1,,0.4551563691838291,603,603.0,1.0,0,ACCEPT,-484.66
DSP001868,TXN0463158,M000296,CUS0165202,RuPay,MERCHANDISE_NOT_RECEIVED,Merchandise Not Received,2025-07-22,1845,653,231,2025-08-06,15,contested,won,2025-08-22,4,4,0,0.9783499999999999,0,,,,,,,,,,,,,,,,,,marketplace_retailer,physical_delivery,large,0.9334896227098648,87,0,1,,0.8756410951477365,884,884.0,0.47913279132791325,1,CONTEST,731.56
DSP001869,TXN0469628,M000297,,Visa,MERCHANDISE_NOT_AS_DESCRIBED,Merchandise Not As Described,2025-01-21,1300,479,176,2025-02-01,11,contested,lost,2025-03-06,3,2,1,0.6424500000000001,2,,,,,,,,,,,,,,,,,,d2c_brand,physical_delivery,large,0.7126234341407742,117,0,1,,0.27421813655393673,655,655.0,0.5038461538461538,0,ACCEPT,-298.52
DSP001870,TXN0468623,M000297,CUS0167248,Visa,MERCHANDISE_NOT_RECEIVED,Merchandise Not Received,2025-03-21,439,425,289,2025-04-10,20,contested,won,2025-04-20,4,3,1,0.6002833333333334,2,,,,,,,,,,,,,,,,,,d2c_brand,physical_delivery,large,0.7126234341407742,117,0,1,,0.5156346266984035,714,714.0,1.0,0,ACCEPT,-487.64
DSP001871,TXN0470289,M000297,,RuPay,MERCHANDISE_NOT_RECEIVED,Merchandise Not Received,2025-03-29,1995,405,215,2025-04-15,17,contested,won,2025-05-02,4,3,1,0.5317666666666666,2,,,,,,,,,,,,,,,,,,d2c_brand,physical_delivery,large,0.7126234341407742,117,0,1,,0.3848245614035088,620,620.0,0.3107769423558897,1,CONTEST,147.73
DSP001872,TXN0470384,M000297,CUS0169437,Mastercard,DUPLICATE_TRANSACTION,Duplicate Transaction,2025-08-02,4395,515,213,2025-08-19,17,contested,won,2025-09-16,2,2,0,0.7697166666666666,1,,,,,,,,,,,,,,,,,,d2c_brand,physical_delivery,large,0.7126234341407742,117,0,1,,0.7837698359721295,728,728.0,0.16564277588168372,1,CONTEST,2716.67
DSP001873,TXN0468657,M000297,CUS0168376,Visa,MERCHANDISE_NOT_RECEIVED,Merchandise Not Received,2025-05-26,2249,637,247,2025-06-03,8,contested,lost,2025-06-20,4,3,1,0.41175,3,,,,,,,,,,,,,,,,,,d2c_brand,physical_delivery,large,0.7126234341407742,117,0,1,,0.24360248447204969,884,884.0,0.3930635838150289,0,ACCEPT,-336.14
DSP001874,TXN0468292,M000297,,Visa,MERCHANDISE_NOT_AS_DESCRIBED,Merchandise Not As Described,2025-12-10,800,681,293,2025-12-28,18,contested,lost,2026-01-15,3,3,0,0.6399,1,,,,,,,,,,,,,,,,,,d2c_brand,physical_delivery,large,0.7126234341407742,117,0,1,,0.5777275541795666,974,974.0,1.0,0,ACCEPT,-511.82
DSP001875,TXN0470642,M000297,CUS0169013,Visa,MERCHANDISE_NOT_AS_DESCRIBED,Merchandise Not As Described,2025-08-25,2900,697,257,2025-09-09,15,contested,lost,2025-09-21,3,2,1,0.7730666666666667,1,,,,,,,,,,,,,,,,,,d2c_brand,physical_delivery,large,0.7126234341407742,117,0,1,,0.45256965944272454,954,954.0,0.3289655172413793,1,CONTEST,358.45
DSP001876,TXN0473378,M000297,CUS0169485,RuPay,MERCHANDISE_NOT_AS_DESCRIBED,Merchandise Not As Described,2025-04-07,1199,555,244,2025-04-26,19,contested,lost,2025-05-04,3,1,2,0.46656666666666663,3,,,,,,,,,,,,,,,,,,d2c_brand,physical_delivery,large,0.7126234341407742,117,0,1,,0.03225806451612903,799,799.0,0.6663886572143453,0,ACCEPT,-760.32
DSP001877,TXN0469305,M000297,CUS0169955,RuPay,UNAUTHORIZED_TRANSACTION,Unauthorized Transaction,2025-10-13,1649,0,0,2025-11-02,20,accepted,accepted_refunded,,4,3,1,0.76205,1,,,,,,,,,,,,,,,,,,d2c_brand,physical_delivery,large,0.7126234341407742,117,0,1,,0.2841869000564653,0,797.0,0.4833232261976956,0,ACCEPT,-328.38
DSP001878,TXN0473376,M000297,CUS0167540,Visa,MERCHANDISE_NOT_AS_DESCRIBED,Merchandise Not As Described,2025-11-20,6000,0,0,2025-12-09,19,accepted,accepted_refunded,,3,3,0,0.73395,1,,,,,,,,,,,,,,,,,,d2c_brand,physical_delivery,large,0.7126234341407742,117,0,1,,0.6037508548038736,0,797.0,0.13283333333333333,1,CONTEST,2825.51
DSP001879,TXN0468581,M000297,CUS0169525,Visa,MERCHANDISE_NOT_RECEIVED,Merchandise Not Received,2025-05-24,995,485,202,2025-06-02,9,contested,lost,2025-06-22,4,2,2,0.5442166666666667,2,,,,,,,,,,,,,,,,,,d2c_brand,physical_delivery,large,0.7126234341407742,117,0,1,,0.14034632034632036,687,687.0,0.6904522613065327,0,ACCEPT,-547.36
DSP001880,TXN0475485,M000297,CUS0168079,RuPay,DUPLICATE_TRANSACTION,Duplicate Transaction,2026-01-20,1699,602,276,2026-02-09,20,contested,won,2026-02-19,2,2,0,0.8113166666666666,0,,,,,,,,,,,,,,,,,,d2c_brand,physical_delivery,large,0.7126234341407742,117,0,1,,0.912265842844634,878,878.0,0.516774573278399,1,CONTEST,671.94
DSP001881,TXN0472127,M000297,,Mastercard,MERCHANDISE_NOT_RECEIVED,Merchandise Not Received,2025-08-16,2049,591,288,2025-09-05,20,contested,won,2025-08-31,4,4,0,0.8865833333333333,0,,,,,,,,,,,,,,,,,,d2c_brand,physical_delivery,large,0.7126234341407742,117,0,1,,0.8756410951477365,879,879.0,0.4289897510980966,1,CONTEST,915.19
DSP001882,TXN0475405,M000297,CUS0168290,Visa,UNAUTHORIZED_TRANSACTION,Unauthorized Transaction,2025-11-30,499,645,223,2025-12-14,14,contested,won,2025-12-15,4,4,0,0.9409833333333334,0,,,,,,,,,,,,,,,,,,d2c_brand,physical_delivery,large,0.7126234341407742,117,0,1,,0.5325844607800012,868,868.0,1.0,0,ACCEPT,-602.24
DSP001883,TXN0473509,M000297,CUS0168854,Visa,UNAUTHORIZED_TRANSACTION,Unauthorized Transaction,2025-12-22,600,0,0,2025-12-29,7,accepted,accepted_refunded,,4,2,2,0.4916833333333333,2,,,,,,,,,,,,,,,,,,d2c_brand,physical_delivery,large,0.7126234341407742,117,0,1,,0.07007319056654919,0,797.0,1.0,0,ACCEPT,-754.96
DSP001884,TXN0468379,M000297,,Visa,DUPLICATE_TRANSACTION,Duplicate Transaction,2025-06-12,3245,0,0,2025-06-26,14,accepted,accepted_refunded,,2,2,0,0.77095,1,,,,,,,,,,,,,,,,,,d2c_brand,physical_delivery,large,0.7126234341407742,117,0,1,,0.7837698359721295,0,797.0,0.2456086286594761,1,CONTEST,1746.33
DSP001885,TXN0474671,M000297,CUS0168102,Visa,UNAUTHORIZED_TRANSACTION,Unauthorized Transaction,2025-03-04,390,0,0,2025-03-23,19,accepted,accepted_refunded,,4,3,1,0.5559,2,,,,,,,,,,,,,,,,,,d2c_brand,physical_delivery,large,0.7126234341407742,117,0,1,,0.24897765782488648,0,797.0,1.0,0,ACCEPT,-699.9
DSP001886,TXN0473473,M000297,CUS0167171,RuPay,UNAUTHORIZED_TRANSACTION,Unauthorized Transaction,2025-06-19,850,0,0,2025-07-01,12,accepted,accepted_refunded,,4,2,2,0.38225,3,,,,,,,,,,,,,,,,,,d2c_brand,physical_delivery,large,0.7126234341407742,117,0,1,,0.04891663355886907,0,797.0,0.9376470588235294,0,ACCEPT,-755.42
DSP001887,TXN0473415,M000297,,Mastercard,UNAUTHORIZED_TRANSACTION,Unauthorized Transaction,2025-11-14,5799,0,0,2025-11-23,9,accepted,accepted_refunded,,4,4,0,0.8592833333333333,0,,,,,,,,,,,,,,,,,,d2c_brand,physical_delivery,large,0.7126234341407742,117,0,1,,0.4004728219641282,0,797.0,0.1374374892222797,1,CONTEST,1525.34
DSP001888,TXN0475237,M000297,CUS0169756,RuPay,MERCHANDISE_NOT_AS_DESCRIBED,Merchandise Not As Described,2025-10-23,2000,508,183,2025-11-10,18,contested,lost,2025-11-13,3,2,1,0.5702333333333334,2,,,,,,,,,,,,,,,,,,d2c_brand,physical_delivery,large,0.7126234341407742,117,0,1,,0.24875230772650245,691,691.0,0.3455,0,ACCEPT,-193.5
DSP001889,TXN0471381,M000297,,Mastercard,MERCHANDISE_NOT_RECEIVED,Merchandise Not Received,2025-06-08,3750,729,230,2025-06-25,17,contested,lost,2025-07-07,4,3,1,0.6207833333333334,2,1599.0,debit_card,passed,1.0,DEV988846,0.3726328935620955,1.0,0.0,1.0,delivered,2025-08-26,1.0,2025-08-24 13:30:00,0.0,0.0,0.0,,d2c_brand,physical_delivery,large,0.7126234341407742,117,0,1,-77.5625,0.4481578947368421,959,959.0,0.2557333333333333,1,CONTEST,721.59
DSP001890,TXN0470718,M000297,CUS0169843,Visa,MERCHANDISE_NOT_RECEIVED,Merchandise Not Received,2026-03-02,3350,702,243,2026-03-22,20,contested,won,2026-04-06,4,3,1,0.6750333333333334,1,,,,,,,,,,,,,,,,,,d2c_brand,physical_delivery,large,0.7126234341407742,117,0,1,,0.6004198618718742,945,945.0,0.282089552238806,1,CONTEST,1066.41
DSP001891,TXN0473147,M000297,,Mastercard,DUPLICATE_TRANSACTION,Duplicate Transaction,2025-11-21,700,686,158,2025-11-30,9,contested,won,2025-12-07,2,0,2,0.4299833333333334,3,369.0,debit_card,passed,1.0,DEV701538,0.0701993194095217,1.0,0.0,0.0,delivered,2025-08-04,1.0,2025-07-31 23:17:00,0.0,0.0,0.0,,d2c_brand,physical_delivery,large,0.7126234341407742,117,0,1,112.02986111111112,0.2876011869366568,844,844.0,1.0,0,ACCEPT,-642.68
DSP001892,TXN0468048,M000297,CUS0169611,Visa,MERCHANDISE_NOT_RECEIVED,Merchandise Not Received,2025-11-20,1250,537,166,2025-12-03,13,contested,won,2025-12-20,4,4,0,0.9306333333333333,0,,,,,,,,,,,,,,,,,,d2c_brand,physical_delivery,large,0.7126234341407742,117,0,1,,0.8756410951477365,703,703.0,0.5624,1,CONTEST,391.55
DSP001893,TXN0483065,M000298,CUS0172510,Visa,CREDIT_NOT_PROCESSED,Credit Not Processed,2025-07-17,4899,743,178,2025-07-28,11,contested,lost,2025-08-23,4,3,1,0.5941500000000001,2,,,,,,,,,,,,,,,,,,travel_booking,booking_service,large,0.5772094603680791,28,0,0,,0.265853566723132,921,921.0,0.1879975505205144,1,CONTEST,381.42
DSP001894,TXN0476442,M000298,CUS0171931,Mastercard,SERVICE_NOT_RENDERED,Service Not Rendered,2025-03-27,3045,508,180,2025-04-14,18,contested,lost,2025-04-30,3,2,1,0.52515,2,,,,,,,,,,,,,,,,,,travel_booking,booking_service,large,0.5772094603680791,28,0,0,,0.24354977729822957,688,688.0,0.225944170771757,1,CONTEST,53.61
DSP001895,TXN0479983,M000298,CUS0171192,Visa,MERCHANDISE_NOT_AS_DESCRIBED,Merchandise Not As Described,2025-04-24,4099,465,175,2025-05-10,16,contested,lost,2025-05-25,3,1,2,0.6324333333333333,2,,,,,,,,,,,,,,,,,,travel_booking,booking_service,large,0.5772094603680791,28,0,0,,0.05578747628083491,640,640.0,0.156135642839717,0,ACCEPT,-411.33
DSP001896,TXN0480291,M000298,,RuPay,CREDIT_NOT_PROCESSED,Credit Not Processed,2025-03-03,5595,455,246,2025-03-16,13,contested,lost,2025-04-16,4,2,2,0.45458333333333334,3,,,,,,,,,,,,,,,,,,travel_booking,booking_service,large,0.5772094603680791,28,0,0,,0.0,701,701.0,0.12529043789097408,0,ACCEPT,-701.0
DSP001897,TXN0476475,M000298,CUS0170361,RuPay,MERCHANDISE_NOT_AS_DESCRIBED,Merchandise Not As Described,2025-10-16,9299,692,245,2025-10-30,14,contested,lost,2025-11-29,3,2,1,0.6739833333333333,1,,,,,,,,,,,,,,,,,,travel_booking,booking_service,large,0.5772094603680791,28,0,0,,0.23445887445887448,937,937.0,0.10076352295945801,1,CONTEST,1243.23
DSP001898,TXN0481314,M000298,,RuPay,CREDIT_NOT_PROCESSED,Credit Not Processed,2026-01-06,7099,536,261,2026-01-24,18,contested,lost,2026-01-20,4,1,3,0.37778333333333336,3,13499.0,upi,not_applicable,1.0,DEV351018,0.3274564191169922,1.0,0.0,0.0,,,,2025-07-16 09:38:00,0.0,0.0,0.0,,travel_booking,booking_service,large,0.5772094603680791,28,0,0,173.5986111111111,0.0,797,797.0,0.1122693337089731,0,ACCEPT,-797.0
DSP001899,TXN0477362,M000298,CUS0171478,RuPay,DUPLICATE_TRANSACTION,Duplicate Transaction,2026-02-20,7099,430,206,2026-03-06,14,contested,lost,2026-03-12,2,1,1,0.5591666666666667,2,,,,,,,,,,,,,,,,,,travel_booking,booking_service,large,0.5772094603680791,28,0,0,,0.25320118478013215,636,636.0,0.08959008311029723,1,CONTEST,1161.48
DSP001900,TXN0479801,M000298,CUS0170630,Visa,SERVICE_NOT_RENDERED,Service Not Rendered,2025-09-24,19395,0,0,2025-10-06,12,accepted,accepted_refunded,,3,1,2,0.3024833333333333,4,,,,,,,,,,,,,,,,,,travel_booking,booking_service,large,0.5772094603680791,28,0,0,,0.0,0,797.0,0.04109306522299562,0,ACCEPT,-797.0
DSP001901,TXN0480347,M000298,CUS0172237,Visa,SERVICE_NOT_RENDERED,Service Not Rendered,2025-03-26,10695,675,186,2025-04-13,18,contested,lost,2025-04-28,3,3,0,0.6644666666666666,1,,,,,,,,,,,,,,,,,,travel_booking,booking_service,large,0.5772094603680791,28,0,0,,0.46996732026143795,861,861.0,0.08050490883590462,1,CONTEST,4165.3
DSP001902,TXN0483523,M000298,CUS0171614,Visa,UNAUTHORIZED_TRANSACTION,Unauthorized Transaction,2025-12-28,12000,714,171,2026-01-15,18,contested,lost,2026-01-27,3,2,1,0.5268833333333333,2,,,,,,,,,,,,,,,,,,travel_booking,booking_service,large,0.5772094603680791,28,0,0,,0.06470687748891764,885,885.0,0.07375,0,ACCEPT,-108.52
DSP001903,TXN0481393,M000298,,Mastercard,SERVICE_NOT_RENDERED,Service Not Rendered,2025-09-28,6600,0,0,2025-10-13,15,accepted,accepted_refunded,,3,1,2,0.4123333333333334,3,,,,,,,,,,,,,,,,,,travel_booking,booking_service,large,0.5772094603680791,28,0,0,,0.015384615384615385,0,797.0,0.12075757575757576,0,ACCEPT,-695.46
DSP001904,TXN0481546,M000298,,Mastercard,UNAUTHORIZED_TRANSACTION,Unauthorized Transaction,2025-11-06,2699,547,288,2025-11-13,7,contested,lost,2025-11-22,3,3,0,0.8243999999999999,0,5595.0,credit_card,passed,1.0,,0.5915535761003933,1.0,0.0,0.0,,,,2025-03-18 23:10:00,0.0,0.0,0.0,,travel_booking,booking_service,large,0.5772094603680791,28,0,0,232.03472222222223,0.439273873897037,835,835.0,0.30937384216376435,1,CONTEST,350.6
DSP001905,TXN0478833,M000298,,Visa,UNAUTHORIZED_TRANSACTION,Unauthorized Transaction,2025-05-14,3495,507,281,2025-06-02,19,contested,lost,2025-06-07,3,1,2,0.5983666666666667,2,,,,,,,,,,,,,,,,,,travel_booking,booking_service,large,0.5772094603680791,28,0,0,,0.05578747628083491,788,788.0,0.22546494992846924,0,ACCEPT,-593.02
DSP001906,TXN0481890,M000298,CUS0170431,Mastercard,SERVICE_NOT_RENDERED,Service Not Rendered,2026-01-27,4849,530,159,2026-02-15,19,contested,lost,2026-02-18,3,2,1,0.5668000000000001,2,,,,,,,,,,,,,,,,,,travel_booking,booking_service,large,0.5772094603680791,28,0,0,,0.269011461459974,689,689.0,0.14209115281501342,1,CONTEST,615.44
DSP001907,TXN0483924,M000298,CUS0170142,Visa,MERCHANDISE_NOT_AS_DESCRIBED,Merchandise Not As Described,2026-01-11,4349,0,0,2026-01-22,11,accepted,accepted_refunded,,3,0,3,0.0,6,,,,,,,,,,,,,,,,,,travel_booking,booking_service,large,0.5772094603680791,28,0,0,,0.0,0,797.0,0.1832605196596919,0,ACCEPT,-797.0
DSP001908,TXN0476059,M000298,CUS0172666,Mastercard,MERCHANDISE_NOT_AS_DESCRIBED,Merchandise Not As Described,2025-08-30,6099,639,222,2025-09-20,21,contested,lost,2025-10-14,3,1,2,0.3167166666666667,4,,,,,,,,,,,,,,,,,,travel_booking,booking_service,large,0.5772094603680791,28,0,0,,0.0,861,861.0,0.1411706837186424,0,ACCEPT,-861.0
DSP001909,TXN0478625,M000298,CUS0170588,Mastercard,CREDIT_NOT_PROCESSED,Credit Not Processed,2025-07-14,7395,540,150,2025-07-25,11,contested,lost,2025-07-31,4,2,2,0.5538666666666666,2,,,,,,,,,,,,,,,,,,travel_booking,booking_service,large,0.5772094603680791,28,0,0,,0.05578747628083491,690,690.0,0.09330628803245436,0,ACCEPT,-277.45
DSP001910,TXN0476094,M000298,CUS0170544,Visa,SERVICE_NOT_RENDERED,Service Not Rendered,2025-04-10,17999,0,0,2025-04-26,16,accepted,accepted_refunded,,3,1,2,0.15168333333333334,5,,,,,,,,,,,,,,,,,,travel_booking,booking_service,large,0.5772094603680791,28,0,0,,0.0,0,797.0,0.044280237790988386,0,ACCEPT,-797.0
DSP001911,TXN0491656,M000299,,Visa,CREDIT_NOT_PROCESSED,Credit Not Processed,2025-11-07,16200,529,159,2025-11-18,11,contested,lost,2025-12-11,4,3,1,0.5742333333333334,2,,,,,,,,,,,,,,,,,,travel_booking,booking_service,large,0.6934606081002362,87,0,0,,0.265853566723132,688,688.0,0.04246913580246914,1,CONTEST,3618.83
DSP001912,TXN0488252,M000299,CUS0175033,Visa,SERVICE_NOT_RENDERED,Service Not Rendered,2025-09-03,2400,442,197,2025-09-10,7,contested,won,2025-10-09,3,2,1,0.49,3,,,,,,,,,,,,,,,,,,travel_booking,booking_service,large,0.6934606081002362,87,0,0,,0.2277922077922078,639,639.0,0.26625,0,ACCEPT,-92.3
DSP001913,TXN0484186,M000299,CUS0172850,Visa,DUPLICATE_TRANSACTION,Duplicate Transaction,2025-05-02,3199,0,0,2025-05-23,21,accepted,accepted_refunded,,2,1,1,0.62295,2,,,,,,,,,,,,,,,,,,travel_booking,booking_service,large,0.6934606081002362,87,0,0,,0.5400645374559521,0,797.0,0.24914035636136292,1,CONTEST,930.67
DSP001914,TXN0487553,M000299,,RuPay,MERCHANDISE_NOT_AS_DESCRIBED,Merchandise Not As Described,2025-02-09,10999,0,0,2025-02-18,9,accepted,accepted_refunded,,3,1,2,0.46121666666666666,3,,,,,,,,,,,,,,,,,,travel_booking,booking_service,large,0.6934606081002362,87,0,0,,0.015384615384615385,0,797.0,0.07246113283025729,0,ACCEPT,-627.78
DSP001915,TXN0488675,M000299,CUS0172915,Mastercard,CREDIT_NOT_PROCESSED,Credit Not Processed,2025-02-20,4700,631,298,2025-03-06,14,contested,won,2025-03-21,4,3,1,0.8166666666666668,1,,,,,,,,,,,,,,,,,,travel_booking,booking_service,large,0.6934606081002362,87,0,0,,0.5323942208462332,929,929.0,0.1976595744680851,1,CONTEST,1573.25
DSP001916,TXN0487274,M000299,,Visa,UNAUTHORIZED_TRANSACTION,Unauthorized Transaction,2025-10-27,11800,477,236,2025-11-05,9,contested,lost,2025-11-15,3,1,2,0.39559999999999995,3,,,,,,,,,,,,,,,,,,travel_booking,booking_service,large,0.6934606081002362,87,0,0,,0.0,713,713.0,0.06042372881355932,0,ACCEPT,-713.0
DSP001917,TXN0490570,M000299,CUS0174532,Mastercard,MERCHANDISE_NOT_AS_DESCRIBED,Merchandise Not As Described,2025-09-01,6700,596,271,2025-09-18,17,contested,lost,2025-09-23,3,2,1,0.4883,3,,,,,,,,,,,,,,,,,,travel_booking,booking_service,large,0.6934606081002362,87,0,0,,0.07007319056654919,867,867.0,0.12940298507462686,0,ACCEPT,-397.51
DSP001918,TXN0489816,M000299,,RuPay,CREDIT_NOT_PROCESSED,Credit Not Processed,2025-06-12,44499,699,244,2025-07-01,19,contested,won,2025-07-09,4,4,0,0.7036000000000001,1,,,,,,,,,,,,,,,,,,travel_booking,booking_service,large,0.6934606081002362,87,0,0,,0.6302139373616019,943,943.0,0.021191487449156162,1,CONTEST,27100.89
DSP001919,TXN0486255,M000299,,Visa,MERCHANDISE_NOT_AS_DESCRIBED,Merchandise Not As Described,2025-05-09,7399,673,224,2025-05-27,18,contested,lost,2025-06-21,3,2,1,0.7692,1,,,,,,,,,,,,,,,,,,travel_booking,booking_service,large,0.6934606081002362,87,0,0,,0.3253318077803204,897,897.0,0.12123259899986484,1,CONTEST,1510.13
DSP001920,TXN0488673,M000299,,RuPay,MERCHANDISE_NOT_AS_DESCRIBED,Merchandise Not As Described,2025-07-28,5300,0,0,2025-08-06,9,accepted,accepted_refunded,,3,2,1,0.6533333333333333,2,,,,,,,,,,,,,,,,,,travel_booking,booking_service,large,0.6934606081002362,87,0,0,,0.25004329004329007,0,797.0,0.15037735849056605,1,CONTEST,528.23
DSP001921,TXN0488773,M000299,CUS0175103,Visa,SERVICE_NOT_RENDERED,Service Not Rendered,2025-10-27,1799,0,0,2025-11-08,12,accepted,accepted_refunded,,3,2,1,0.7612,1,,,,,,,,,,,,,,,,,,travel_booking,booking_service,large,0.6934606081002362,87,0,0,,0.46996732026143795,0,797.0,0.443023902167871,1,CONTEST,48.47
DSP001922,TXN0485086,M000299,CUS0174356,Mastercard,CREDIT_NOT_PROCESSED,Credit Not Processed,2025-07-06,10000,0,0,2025-07-21,15,accepted,accepted_refunded,,4,3,1,0.44566666666666666,3,,,,,,,,,,,,,,,,,,travel_booking,booking_service,large,0.6934606081002362,87,0,0,,0.20290741516547967,0,797.0,0.0797,1,CONTEST,1232.07
DSP001923,TXN0487105,M000299,CUS0173981,Mastercard,MERCHANDISE_NOT_AS_DESCRIBED,Merchandise Not As Described,2025-08-10,8599,722,262,2025-08-25,15,contested,lost,2025-09-04,3,2,1,0.6902666666666667,1,,,,,,,,,,,,,,,,,,travel_booking,booking_service,large,0.6934606081002362,87,0,0,,0.28961752206603464,984,984.0,0.11443191068728922,1,CONTEST,1506.42
DSP001924,TXN0490203,M000299,CUS0173490,Mastercard,SERVICE_NOT_RENDERED,Service Not Rendered,2025-12-26,9200,690,266,2026-01-07,12,contested,won,2026-01-21,3,2,1,0.6775333333333333,1,,,,,,,,,,,,,,,,,,travel_booking,booking_service,large,0.6934606081002362,87,0,0,,0.3253318077803204,956,956.0,0.10391304347826087,1,CONTEST,2037.05
DSP001925,TXN0485628,M000299,,Visa,UNAUTHORIZED_TRANSACTION,Unauthorized Transaction,2026-02-08,7300,452,237,2026-02-24,16,contested,lost,2026-03-02,3,1,2,0.6040166666666666,2,,,,,,,,,,,,,,,,,,travel_booking,booking_service,large,0.6934606081002362,87,0,0,,0.05578747628083491,689,689.0,0.09438356164383561,0,ACCEPT,-281.75
DSP001926,TXN0485026,M000299,CUS0174490,RuPay,SERVICE_NOT_RENDERED,Service Not Rendered,2025-05-29,9200,723,295,2025-06-14,16,contested,won,2025-07-02,3,3,0,0.7126166666666666,1,,,,,,,,,,,,,,,,,,travel_booking,booking_service,large,0.6934606081002362,87,0,0,,0.6070132684652808,1018,1018.0,0.11065217391304348,1,CONTEST,4566.52
DSP001927,TXN0490797,M000299,CUS0174547,Mastercard,SERVICE_NOT_RENDERED,Service Not Rendered,2025-10-18,4149,435,262,2025-11-08,21,contested,lost,2025-11-18,3,2,1,0.76465,1,,,,,,,,,,,,,,,,,,travel_booking,booking_service,large,0.6934606081002362,87,0,0,,0.46996732026143795,697,697.0,0.16799228729814414,1,CONTEST,1252.89
DSP001928,TXN0485715,M000299,CUS0174679,Mastercard,MERCHANDISE_NOT_AS_DESCRIBED,Merchandise Not As Described,2025-07-22,8395,651,290,2025-08-12,21,contested,lost,2025-09-04,3,2,1,0.7134666666666667,1,,,,,,,,,,,,,,,,,,travel_booking,booking_service,large,0.6934606081002362,87,0,0,,0.28961752206603464,941,941.0,0.11209053007742704,1,CONTEST,1490.34
DSP001929,TXN0490655,M000299,CUS0175118,Visa,SERVICE_NOT_RENDERED,Service Not Rendered,2026-01-28,5100,629,215,2026-02-16,19,contested,won,2026-03-13,3,2,1,0.6179,2,,,,,,,,,,,,,,,,,,travel_booking,booking_service,large,0.6934606081002362,87,0,0,,0.31493423872414544,844,844.0,0.16549019607843138,1,CONTEST,762.16
DSP001930,TXN0491281,M000299,,Visa,MERCHANDISE_NOT_AS_DESCRIBED,Merchandise Not As Described,2025-12-01,4199,0,0,2025-12-14,13,accepted,accepted_refunded,,3,1,2,0.4557333333333333,3,,,,,,,,,,,,,,,,,,travel_booking,booking_service,large,0.6934606081002362,87,0,0,,0.03225806451612903,0,797.0,0.18980709692783995,0,ACCEPT,-661.55
DSP001931,TXN0486025,M000299,CUS0173328,Mastercard,MERCHANDISE_NOT_AS_DESCRIBED,Merchandise Not As Described,2025-09-13,5399,672,256,2025-09-20,7,contested,lost,2025-10-25,3,1,2,0.4613833333333333,3,,,,,,,,,,,,,,,,,,travel_booking,booking_service,large,0.6934606081002362,87,0,0,,0.015384615384615385,928,928.0,0.17188368216336358,0,ACCEPT,-844.94
DSP001932,TXN0496762,M000300,CUS0178050,Visa,UNAUTHORIZED_TRANSACTION,Unauthorized Transaction,2025-05-09,2299,566,282,2025-05-20,11,contested,lost,2025-05-28,4,3,1,0.8041499999999999,1,,,,,,,,,,,,,,,,,,marketplace_retailer,physical_delivery,large,0.97,47,0,1,,0.3180590805075931,848,848.0,0.3688560243584167,0,ACCEPT,-116.78
DSP001933,TXN0492364,M000300,,Mastercard,UNAUTHORIZED_TRANSACTION,Unauthorized Transaction,2025-03-20,1299,599,245,2025-04-09,20,contested,lost,2025-04-23,4,4,0,0.9754166666666667,0,,,,,,,,,,,,,,,,,,marketplace_retailer,physical_delivery,large,0.97,47,0,1,,0.428840579710145,844,844.0,0.6497305619707467,0,ACCEPT,-286.94
DSP001934,TXN0492028,M000300,CUS0177210,Visa,MERCHANDISE_NOT_RECEIVED,Merchandise Not Received,2025-02-26,3800,0,0,2025-03-18,20,accepted,accepted_refunded,,4,4,0,0.9620333333333333,0,,,,,,,,,,,,,,,,,,marketplace_retailer,physical_delivery,large,0.97,47,0,1,,0.8756410951477365,0,797.0,0.20973684210526317,1,CONTEST,2530.44
DSP001935,TXN0494539,M000300,CUS0175833,Visa,MERCHANDISE_NOT_RECEIVED,Merchandise Not Received,2025-08-01,2699,459,159,2025-08-17,16,contested,won,2025-09-06,4,4,0,0.98,0,,,,,,,,,,,,,,,,,,marketplace_retailer,physical_delivery,large,0.97,47,0,1,,0.8897173414820474,618,618.0,0.2289736939607262,1,CONTEST,1783.35
DSP001936,TXN0494515,M000300,CUS0175800,RuPay,MERCHANDISE_NOT_RECEIVED,Merchandise Not Received,2025-11-25,545,739,173,2025-12-03,8,contested,won,2026-01-05,4,4,0,0.8166666666666668,1,,,,,,,,,,,,,,,,,,marketplace_retailer,physical_delivery,large,0.97,47,0,1,,0.8768782556366423,912,912.0,1.0,0,ACCEPT,-434.1
DSP001937,TXN0493354,M000300,,Visa,DUPLICATE_TRANSACTION,Duplicate Transaction,2025-08-29,1200,412,177,2025-09-12,14,contested,won,2025-09-24,2,1,1,0.8163499999999999,1,,,,,,,,,,,,,,,,,,marketplace_retailer,physical_delivery,large,0.97,47,0,1,,0.7811031693054629,589,589.0,0.49083333333333334,1,CONTEST,348.32
DSP001938,TXN0497224,M000300,CUS0178297,Mastercard,MERCHANDISE_NOT_RECEIVED,Merchandise Not Received,2025-06-22,4750,661,151,2025-07-03,11,contested,lost,2025-07-12,4,3,1,0.7595666666666667,1,,,,,,,,,,,,,,,,,,marketplace_retailer,physical_delivery,large,0.97,47,0,1,,0.6070132684652808,812,812.0,0.17094736842105263,1,CONTEST,2071.31
DSP001939,TXN0499100,M000300,CUS0176819,RuPay,UNAUTHORIZED_TRANSACTION,Unauthorized Transaction,2025-06-10,1150,457,247,2025-06-17,7,contested,lost,2025-06-30,4,4,0,0.9278166666666667,0,,,,,,,,,,,,,,,,,,marketplace_retailer,physical_delivery,large,0.97,47,0,1,,0.4551563691838291,704,704.0,0.6121739130434782,0,ACCEPT,-180.57
DSP001940,TXN0494183,M000300,CUS0176686,Visa,UNAUTHORIZED_TRANSACTION,Unauthorized Transaction,2025-10-07,17295,600,223,2025-10-25,18,contested,lost,2025-11-09,4,4,0,0.8166666666666668,1,,,,,,,,,,,,,,,,,,marketplace_retailer,physical_delivery,large,0.97,47,0,1,,0.4364429188914315,823,823.0,0.0475860075166233,1,CONTEST,6725.28
DSP001941,TXN0499320,M000300,CUS0177561,Visa,MERCHANDISE_NOT_RECEIVED,Merchandise Not Received,2025-06-13,3149,710,221,2025-06-30,17,contested,won,2025-07-14,4,4,0,0.98,0,,,,,,,,,,,,,,,,,,marketplace_retailer,physical_delivery,large,0.97,47,0,1,,0.9347389865036924,931,931.0,0.2956494125119085,1,CONTEST,2012.49
DSP001942,TXN0494745,M000300,,Mastercard,CREDIT_NOT_PROCESSED,Credit Not Processed,2025-03-22,900,0,0,2025-03-31,9,accepted,accepted_refunded,,3,2,1,0.7750166666666667,1,,,,,,,,,,,,,,,,,,marketplace_retailer,physical_delivery,large,0.97,47,0,1,,0.6070132684652808,0,797.0,0.8855555555555555,0,ACCEPT,-250.69
DSP001943,TXN0497811,M000300,CUS0178448,Visa,MERCHANDISE_NOT_AS_DESCRIBED,Merchandise Not As Described,2025-08-03,6299,0,0,2025-08-14,11,accepted,accepted_refunded,,3,3,0,0.9669333333333333,0,,,,,,,,,,,,,,,,,,marketplace_retailer,physical_delivery,large,0.97,47,0,1,,0.6617765635442728,0,797.0,0.12652802032068583,1,CONTEST,3371.53
DSP001944,TXN0493501,M000300,CUS0177513,Mastercard,UNAUTHORIZED_TRANSACTION,Unauthorized Transaction,2025-05-05,309,705,230,2025-05-15,10,contested,lost,2025-06-06,4,4,0,0.9494833333333333,0,,,,,,,,,,,,,,,,,,marketplace_retailer,physical_delivery,large,0.97,47,0,1,,0.49631578947368415,935,935.0,1.0,0,ACCEPT,-781.64
DSP001945,TXN0493854,M000300,,RuPay,MERCHANDISE_NOT_AS_DESCRIBED,Merchandise Not As Described,2025-04-24,5500,444,300,2025-05-03,9,contested,won,2025-05-23,3,3,0,0.98,0,,,,,,,,,,,,,,,,,,marketplace_retailer,physical_delivery,large,0.97,47,0,1,,0.6490933306998292,744,744.0,0.13527272727272727,1,CONTEST,2826.01
DSP001946,TXN0492938,M000300,,RuPay,DUPLICATE_TRANSACTION,Duplicate Transaction,2025-10-02,3245,0,0,2025-10-17,15,accepted,accepted_refunded,,2,2,0,0.9305,0,7599.0,upi,not_applicable,1.0,DEV115669,0.610103475053486,1.0,0.0,0.0,delivered,2025-11-06,1.0,2025-10-27 21:32:00,0.0,0.0,0.0,,marketplace_retailer,physical_delivery,large,0.97,47,0,1,-25.897222222222222,0.8870456197634509,0,797.0,0.2456086286594761,1,CONTEST,2081.46
DSP001947,TXN0491995,M000300,,RuPay,MERCHANDISE_NOT_AS_DESCRIBED,Merchandise Not As Described,2025-09-19,750,587,258,2025-09-30,11,contested,lost,2025-10-09,3,3,0,0.9569666666666666,0,,,,,,,,,,,,,,,,,,marketplace_retailer,physical_delivery,large,0.97,47,0,1,,0.7144723815084346,845,845.0,1.0,0,ACCEPT,-309.15
DSP001948,TXN0492447,M000300,CUS0176059,RuPay,MERCHANDISE_NOT_RECEIVED,Merchandise Not Received,2025-11-23,1699,434,199,2025-12-07,14,contested,won,2025-12-09,4,4,0,0.9642666666666666,0,,,,,,,,,,,,,,,,,,marketplace_retailer,physical_delivery,large,0.97,47,0,1,,0.8897173414820474,633,633.0,0.3725721012360212,1,CONTEST,878.63
DSP001949,TXN0497276,M000300,,Mastercard,UNAUTHORIZED_TRANSACTION,Unauthorized Transaction,2025-10-28,1045,637,166,2025-11-12,15,contested,lost,2025-11-30,4,4,0,0.9356166666666667,0,,,,,,,,,,,,,,,,,,marketplace_retailer,physical_delivery,large,0.97,47,0,1,,0.43995169082125607,803,803.0,0.7684210526315789,0,ACCEPT,-343.25
DSP001950,TXN0499914,M000300,CUS0177607,Visa,MERCHANDISE_NOT_RECEIVED,Merchandise Not Received,2026-01-06,2550,670,268,2026-01-20,14,contested,won,2026-01-20,4,4,0,0.98,0,,,,,,,,,,,,,,,,,,marketplace_retailer,physical_delivery,large,0.97,47,0,1,,0.9107554861197349,938,938.0,0.367843137254902,1,CONTEST,1384.43
DSP001951,TXN0495801,M000300,CUS0176874,Visa,MERCHANDISE_NOT_AS_DESCRIBED,Merchandise Not As Described,2025-01-26,7495,508,219,2025-02-12,17,contested,won,2025-02-26,3,3,0,0.96285,0,,,,,,,,,,,,,,,,,,marketplace_retailer,physical_delivery,large,0.97,47,0,1,,0.7613069993115318,727,727.0,0.09699799866577719,1,CONTEST,4979.0
DSP001952,TXN0492739,M000300,CUS0176138,Visa,DUPLICATE_TRANSACTION,Duplicate Transaction,2026-01-11,2545,461,293,2026-01-22,11,contested,won,2026-02-11,2,2,0,0.9386166666666668,0,,,,,,,,,,,,,,,,,,marketplace_retailer,physical_delivery,large,0.97,47,0,1,,0.9347389865036924,754,754.0,0.2962671905697446,1,CONTEST,1624.91
DSP001953,TXN0499528,M000300,CUS0178553,Visa,UNAUTHORIZED_TRANSACTION,Unauthorized Transaction,2025-12-25,1699,0,0,2026-01-13,19,accepted,accepted_refunded,,4,3,1,0.7622,1,,,,,,,,,,,,,,,,,,marketplace_retailer,physical_delivery,large,0.97,47,0,1,,0.32224820021862477,0,797.0,0.4690994702766333,0,ACCEPT,-249.5
