dispute_id,transaction_id,merchant_id,customer_id,network,reason_code,reason_description,dispute_created_at,dispute_amount,contest_fee,operational_review_cost,respond_by,days_to_deadline,merchant_action,dispute_outcome,resolution_date,n_available,n_required,req_met,req_miss,avg_quality,n_applicable,n_unavailable,evidence_completeness,amount,payment_method,payment_channel,offering_type,customer_account_age_days,customer_previous_orders,customer_previous_spend,customer_previous_returns,customer_previous_disputes,days_since_customer_last_purchase,device_age_days,is_new_device,device_transaction_count,ip_risk_score,location_distance_from_typical_customer_location,authentication_status,authentication_method,payment_attempt_count,is_international,billing_shipping_mismatch,order_processing_time_hours,fulfillment_status,delivery_status,delivery_confirmation,delivery_otp_verified,return_requested,merchant_archetype,industry,business_size,sales_channel,fulfillment_type,subscription_supported,international_sales,documentation_maturity,fulfillment_tracking_available,refund_policy_documented,merchant_age_months,baseline_dispute_rate,response_window_days,dispute_lag_days
DSP000001,TXN0000042,M000248,C000006,Mastercard,RECURRING_BILLING_DISPUTE,Cardholder claims recurring subscription billing was canceled or unauthorized,2025-02-13 11:42:34,1151.04,500.0,250.0,2025-02-23 11:42:34,10,contested,won,2025-02-26 11:42:34,3,3,3,0,0.37833333333333335,3,0,1.0,1151.04,credit_card,desktop_web,gym_membership,483,0,0.0,0,0,89,0,1,1,0.2576,0.88,authenticated_otp,sms_otp,1,0,,,fulfilled,,,,0,fitness_services,yoga_wellness,small,omnichannel,membership_service,1,0,0.5870158700255445,1,1,82,0.0263,10.0,43.125
DSP000002,TXN0000125,M000040,C000013,Mastercard,RECURRING_BILLING_DISPUTE,Cardholder claims recurring subscription billing was canceled or unauthorized,2025-02-07 17:13:32,933.12,350.0,175.0,2025-02-26 17:13:32,19,contested,lost,2025-03-18 17:13:32,5,3,2,1,0.6266666666666666,5,1,0.6666666666666666,933.12,credit_card,mobile_app,electronic_accessory,287,0,0.0,0,0,83,0,1,1,0.0119,42.67,authenticated_otp,sms_otp,1,0,0.0,23.71,failed,failed,0.0,0.0,0,online_marketplace_retailer,specialty_goods,medium,website,physical_delivery,0,0,0.8808397348116461,1,1,47,0.0136,19.0,37.083333333333336
DSP000003,TXN0000191,M000241,C000002,Visa,MERCHANDISE_NOT_RECEIVED,Cardholder claims ordered merchandise or service was not received,2025-02-11 19:50:59,6205.15,500.0,250.0,2025-03-01 19:50:59,18,contested,won,2025-03-04 19:50:59,2,1,1,0,0.24,2,1,1.0,6205.15,credit_card,payment_link,gym_membership,411,0,0.0,0,0,30,0,1,1,0.4739,15.47,authenticated_3ds,3ds_v2,1,0,,,fulfilled,,,,0,fitness_services,gym_studio,micro,website,membership_service,1,0,0.3280772362440856,1,0,16,0.0206,18.0,41.0
DSP000004,TXN0000308,M000132,C000003,Visa,MERCHANDISE_NOT_RECEIVED,Cardholder claims ordered merchandise or service was not received,2025-02-03 04:17:19,2797.8,500.0,250.0,2025-02-17 04:17:19,14,contested,won,2025-02-23 04:17:19,6,4,4,0,0.7066666666666667,6,0,1.0,2797.8,credit_card,payment_link,footwear,158,0,0.0,0,0,87,0,1,1,0.0158,823.22,authenticated_otp,sms_otp,1,1,1.0,45.55,delivered,delivered,1.0,0.0,1,d2c_brand,fashion_apparel,medium,website,physical_delivery,1,1,0.8860730583256343,1,1,119,0.0166,14.0,31.75
DSP000005,TXN0000499,M000353,C000011,Visa,UNAUTHORIZED_TRANSACTION,Cardholder claims transaction was unauthorized or fraudulent,2025-01-27 10:37:08,13798.44,500.0,250.0,2025-02-07 10:37:08,11,contested,lost,2025-02-19 10:37:08,3,3,3,0,0.375,3,0,1.0,13798.44,credit_card,payment_link,flight_booking,34,0,0.0,0,0,11,0,1,1,0.0729,2.78,authenticated_3ds,3ds_v2,1,0,,,fulfilled,,,,0,travel_hospitality,hotel_booking,small,mobile_app,booking_service,0,1,0.5874612614626471,0,0,69,0.0215,11.0,24.125
DSP000006,TXN0000526,M000107,C000022,Mastercard,MERCHANDISE_NOT_AS_DESCRIBED,"Cardholder claims merchandise arrived damaged, defective, or not as described",2025-01-09 08:19:27,1221.57,500.0,250.0,2025-01-26 08:19:27,17,contested,lost,2025-02-20 08:19:27,4,3,2,1,0.4383333333333333,4,2,0.6666666666666666,1221.57,credit_card,mobile_app,electronic_accessory,61,0,0.0,0,0,46,0,1,1,0.2245,171.98,password_authenticated,password,1,1,1.0,8.68,delivered,delivered,0.0,0.0,0,online_marketplace_retailer,specialty_goods,medium,omnichannel,physical_delivery,0,0,0.5814355981076327,1,1,26,0.0041,17.0,5.958333333333333
DSP000007,TXN0000532,M000367,C000003,Visa,CREDIT_NOT_PROCESSED,Cardholder claims promised credit or refund was not posted,2025-01-25 05:42:21,5017.54,15.0,7.5,2025-02-13 05:42:21,19,contested,won,2025-02-05 05:42:21,3,3,3,0,0.3933333333333333,3,0,1.0,5017.54,credit_card,mobile_app,gym_membership,469,0,0.0,0,0,97,0,1,1,0.01,14.38,password_authenticated,password,1,0,,,fulfilled,,,,0,fitness_services,personal_training,small,mobile_app,membership_service,1,0,0.5958252890491517,1,0,96,0.0228,19.0,21.833333333333332
DSP000008,TXN0000565,M000205,C000048,Visa,MERCHANDISE_NOT_AS_DESCRIBED,"Cardholder claims merchandise arrived damaged, defective, or not as described",2025-01-09 08:40:17,420.93,500.0,250.0,2025-01-22 08:40:17,13,contested,won,2025-01-22 08:40:17,2,2,2,0,0.23500000000000001,2,1,1.0,420.93,debit_card,payment_link,food_item,87,0,0.0,0,0,44,0,1,1,0.407,32.98,authenticated_otp,sms_otp,1,0,0.0,0.68,delivered,delivered,1.0,1.0,0,food_local_commerce,cloud_kitchen,medium,website,food_delivery,0,0,0.8642031646154288,1,1,11,0.0178,13.0,5.875
DSP000009,TXN0000622,M000112,C000078,Visa,UNAUTHORIZED_TRANSACTION,Cardholder claims transaction was unauthorized or fraudulent,2025-01-30 23:42:37,1520.44,500.0,250.0,2025-02-16 23:42:37,17,contested,lost,2025-02-10 23:42:37,6,3,3,0,0.8266666666666667,6,0,1.0,1520.44,credit_card,mobile_app,footwear,282,0,0.0,0,0,31,0,1,1,0.729,9.82,authenticated_3ds,3ds_v2,1,0,0.0,35.89,delivered,delivered,1.0,0.0,0,d2c_brand,home_lifestyle,medium,website,physical_delivery,0,0,0.8755551138543048,1,1,47,0.0134,17.0,27.333333333333332
DSP000010,TXN0000641,M000292,C000004,Mastercard,MERCHANDISE_NOT_RECEIVED,Cardholder claims ordered merchandise or service was not received,2025-02-14 13:03:55,623.0,500.0,250.0,2025-02-26 13:03:55,12,contested,won,2025-03-10 13:03:55,2,4,1,3,0.24833333333333338,2,4,0.25,623.0,credit_card,pos_qr,handmade_accessory,187,0,0.0,0,0,11,0,1,1,0.0851,4.31,authenticated_3ds,3ds_v2,1,0,0.0,35.0,delivered,delivered,1.0,1.0,0,individual_social_seller,handicrafts,micro,payment_links,physical_delivery,0,0,0.3542644634707576,1,1,69,0.0151,12.0,41.833333333333336
DSP000011,TXN0000666,M000283,C000092,Mastercard,UNAUTHORIZED_TRANSACTION,Cardholder claims transaction was unauthorized or fraudulent,2025-02-16 16:18:01,1597.3,15.0,7.5,2025-03-06 16:18:01,18,contested,lost,2025-02-26 16:18:01,5,3,2,1,0.6633333333333333,5,1,0.6666666666666666,1597.3,credit_card,pos_qr,fashion_apparel,435,0,0.0,0,0,46,0,1,1,0.01,6.98,authenticated_3ds,3ds_v2,1,0,1.0,16.05,delivered,delivered,1.0,0.0,0,online_marketplace_retailer,beauty_marketplace,enterprise,website,physical_delivery,0,0,0.8701966877257703,1,1,76,0.0126,18.0,43.916666666666664
DSP000012,TXN0000713,M000003,C000004,Mastercard,UNAUTHORIZED_TRANSACTION,Cardholder claims transaction was unauthorized or fraudulent,2025-01-21 00:29:39,3522.15,0.0,0.0,2025-02-05 00:29:39,15,accepted,accepted_refunded,,4,3,3,0,0.44333333333333336,4,2,1.0,3522.15,credit_card,pos_qr,study_material,246,0,0.0,0,0,72,0,1,1,0.1204,3.37,password_authenticated,password,1,0,,,fulfilled,,,,0,education_coaching,exam_prep,enterprise,"website, app",digital_service,0,1,0.4,1,0,99,0.025,15.0,17.041666666666668
DSP000013,TXN0000783,M000345,C000014,Visa,DUPLICATE_TRANSACTION,Cardholder claims single purchase was billed multiple times,2025-01-21 05:54:15,1401.14,0.0,0.0,2025-02-07 05:54:15,17,accepted,accepted_refunded,,5,2,2,0,0.6266666666666666,5,1,1.0,1401.14,credit_card,mobile_app,cosmetics_kit,81,0,0.0,0,0,27,0,1,1,0.0645,4.56,authenticated_3ds,3ds_v2,1,0,0.0,11.55,delivered,delivered,0.0,0.0,0,online_marketplace_retailer,electronics_hub,medium,omnichannel,physical_delivery,0,0,0.5991615875116832,1,1,9,0.0065,17.0,16.833333333333332
DSP000014,TXN0000796,M000168,C000003,Visa,RECURRING_BILLING_DISPUTE,Cardholder claims recurring subscription billing was canceled or unauthorized,2025-01-23 09:55:08,2201.7,150.0,75.0,2025-02-10 09:55:08,18,contested,lost,2025-02-24 09:55:08,6,3,3,0,0.7783333333333333,6,0,1.0,2201.7,debit_card,payment_link,footwear,204,0,0.0,0,0,44,0,1,1,0.1572,6.72,authenticated_3ds,3ds_v2,1,0,1.0,11.04,delivered,delivered,1.0,1.0,0,d2c_brand,home_lifestyle,medium,omnichannel,physical_delivery,0,1,0.8535774684074758,1,1,20,0.0098,18.0,18.958333333333332
DSP000015,TXN0000861,M000013,C000029,Visa,MERCHANDISE_NOT_AS_DESCRIBED,"Cardholder claims merchandise arrived damaged, defective, or not as described",2025-01-30 22:14:05,9699.44,500.0,250.0,2025-02-11 22:14:05,12,contested,won,2025-02-16 22:14:05,3,2,2,0,0.40166666666666667,3,0,1.0,9699.44,credit_card,payment_link,saas_plan,197,0,0.0,0,0,25,0,1,1,0.0301,8.64,password_authenticated,password,1,0,,,fulfilled,,,,0,digital_saas,cloud_analytics,medium,website,digital_service,1,0,0.8601115011743209,1,0,111,0.0167,12.0,26.291666666666668
DSP000016,TXN0000954,M000216,C000031,Visa,MERCHANDISE_NOT_RECEIVED,Cardholder claims ordered merchandise or service was not received,2025-02-04 14:53:23,6729.8,500.0,250.0,2025-02-15 14:53:23,11,contested,won,2025-03-18 14:53:23,6,4,4,0,0.715,6,0,1.0,6729.8,credit_card,desktop_web,footwear,74,0,0.0,0,0,24,0,1,1,0.2685,12.82,password_authenticated,password,1,0,0.0,4.29,delivered,delivered,1.0,0.0,0,d2c_brand,electronics,medium,omnichannel,physical_delivery,0,0,0.8691895197692693,1,1,4,0.0053,11.0,30.791666666666668
DSP000017,TXN0000992,M000231,C000002,Mastercard,MERCHANDISE_NOT_RECEIVED,Cardholder claims ordered merchandise or service was not received,2025-01-08 20:45:31,1329.43,500.0,250.0,2025-01-29 20:45:31,21,contested,lost,2025-02-11 20:45:31,3,1,1,0,0.37166666666666665,3,0,1.0,1329.43,credit_card,desktop_web,saas_plan,475,0,0.0,0,0,114,0,1,1,0.4149,160.02,authenticated_3ds,3ds_v2,1,1,,,fulfilled,,,,0,digital_saas,b2b_software,medium,website,digital_service,1,1,0.8973010554752445,1,1,76,0.0117,21.0,3.875
DSP000018,TXN0001134,M000202,C000004,Visa,MERCHANDISE_NOT_RECEIVED,Cardholder claims ordered merchandise or service was not received,2025-01-19 04:40:54,2299.12,500.0,250.0,2025-01-29 04:40:54,10,contested,won,2025-02-27 04:40:54,5,4,4,0,0.5866666666666667,5,1,1.0,2299.12,credit_card,desktop_web,handmade_accessory,244,0,0.0,0,0,67,0,1,1,0.0917,1.45,password_authenticated,password,1,0,1.0,10.77,delivered,delivered,1.0,1.0,0,individual_social_seller,jewelry,micro,instagram_whatsapp,physical_delivery,0,0,0.3897110259952577,1,1,5,0.0108,10.0,13.583333333333334
DSP000019,TXN0001135,M000003,C000110,Mastercard,MERCHANDISE_NOT_AS_DESCRIBED,"Cardholder claims merchandise arrived damaged, defective, or not as described",2025-02-15 20:41:12,2172.73,0.0,0.0,2025-02-27 20:41:12,12,accepted,accepted_refunded,,5,3,2,1,0.5416666666666666,5,1,0.6666666666666666,2172.73,credit_card,pos_qr,exam_course,257,0,0.0,0,0,65,0,1,1,0.0215,4.15,password_authenticated,password,1,0,,,fulfilled,,,,0,education_coaching,exam_prep,enterprise,"website, app",digital_service,0,1,0.4,1,0,99,0.025,12.0,41.25
DSP000020,TXN0001292,M000189,C000006,Mastercard,CREDIT_NOT_PROCESSED,Cardholder claims promised credit or refund was not posted,2025-01-10 01:24:12,398.32,500.0,250.0,2025-01-25 01:24:12,15,contested,won,2025-01-20 01:24:12,3,3,3,0,0.3983333333333334,3,0,1.0,398.32,credit_card,payment_link,food_item,663,0,0.0,0,0,13,0,1,1,0.01,15.2,authenticated_otp,sms_otp,1,0,0.0,0.84,delivered,delivered,1.0,1.0,0,food_local_commerce,gourmet_food,enterprise,website,food_delivery,0,0,0.8257941627715155,1,1,116,0.0156,15.0,3.7916666666666665
DSP000021,TXN0001315,M000039,C000001,Mastercard,CREDIT_NOT_PROCESSED,Cardholder claims promised credit or refund was not posted,2025-01-25 02:45:34,4587.47,0.0,0.0,2025-02-05 02:45:34,11,accepted,accepted_refunded,,1,3,1,2,0.13666666666666666,1,2,0.3333333333333333,4587.47,credit_card,pos_qr,hotel_stay,169,0,0.0,0,0,91,0,1,1,0.0167,17.86,authenticated_3ds,3ds_v2,1,0,,,fulfilled,,,,0,travel_hospitality,hotel_booking,medium,mobile_app,booking_service,1,0,0.6465632033074559,1,1,67,0.0193,11.0,18.75
DSP000022,TXN0001326,M000276,C000033,Visa,UNAUTHORIZED_TRANSACTION,Cardholder claims transaction was unauthorized or fraudulent,2025-01-17 13:36:36,899.14,500.0,250.0,2025-02-06 13:36:36,20,contested,lost,2025-03-03 13:36:36,3,3,3,0,0.35000000000000003,3,0,1.0,899.14,credit_card,desktop_web,food_item,155,0,0.0,0,0,33,0,1,1,0.0925,10.84,authenticated_otp,sms_otp,1,0,0.0,0.55,delivered,delivered,1.0,1.0,0,food_local_commerce,local_restaurant,medium,mobile_app,food_delivery,0,0,0.6310113394679181,1,1,49,0.0168,20.0,11.166666666666666
DSP000023,TXN0001352,M000147,C000009,RuPay,MERCHANDISE_NOT_RECEIVED,Cardholder claims ordered merchandise or service was not received,2025-02-05 16:41:46,704.51,500.0,250.0,2025-02-23 16:41:46,18,contested,won,2025-03-12 16:41:46,3,1,1,0,0.4083333333333334,3,0,1.0,704.51,debit_card,mobile_app,food_item,337,0,0.0,0,0,49,0,1,1,0.2215,23.99,authenticated_otp,sms_otp,1,0,0.0,0.52,delivered,delivered,1.0,1.0,0,food_local_commerce,cloud_kitchen,medium,mobile_app,food_delivery,1,0,0.8497248505892385,1,1,43,0.0152,18.0,30.25
DSP000024,TXN0001358,M000293,C000038,Visa,UNAUTHORIZED_TRANSACTION,Cardholder claims transaction was unauthorized or fraudulent,2025-01-16 17:56:25,10619.93,0.0,0.0,2025-01-29 17:56:25,13,accepted,accepted_refunded,,3,3,3,0,0.36333333333333334,3,0,1.0,10619.93,credit_card,desktop_web,saas_plan,108,1,12161.44,0,0,2,37,0,1,0.0285,2.51,password_authenticated,password,1,0,,,fulfilled,,,,0,digital_saas,cloud_analytics,medium,website,digital_service,1,0,0.8286541252128284,1,1,18,0.0124,13.0,10.291666666666666
DSP000025,TXN0001409,M000013,C000013,Mastercard,MERCHANDISE_NOT_RECEIVED,Cardholder claims ordered merchandise or service was not received,2025-02-15 23:11:44,9288.16,500.0,250.0,2025-02-25 23:11:44,10,contested,won,2025-02-24 23:11:44,3,1,1,0,0.4066666666666667,3,0,1.0,9288.16,credit_card,mobile_app,saas_plan,583,0,0.0,0,0,40,0,1,1,0.3534,0.18,authenticated_3ds,3ds_v2,1,0,,,fulfilled,,,,0,digital_saas,cloud_analytics,medium,website,digital_service,1,0,0.8601115011743209,1,0,111,0.0167,10.0,40.291666666666664
DSP000026,TXN0001453,M000376,C000044,Visa,MERCHANDISE_NOT_AS_DESCRIBED,"Cardholder claims merchandise arrived damaged, defective, or not as described",2025-01-30 21:28:10,2617.83,0.0,0.0,2025-02-17 21:28:10,18,accepted,accepted_refunded,,3,3,1,2,0.34500000000000003,3,3,0.3333333333333333,2617.83,debit_card,pos_qr,footwear,288,0,0.0,0,0,117,0,1,1,0.0227,24.14,authenticated_otp,sms_otp,1,0,0.0,2.54,delivered,delivered,1.0,1.0,0,d2c_brand,footwear,medium,omnichannel,physical_delivery,1,1,0.8018221825651549,1,1,76,0.0077,18.0,24.083333333333332
DSP000027,TXN0001509,M000166,C000034,RuPay,UNAUTHORIZED_TRANSACTION,Cardholder claims transaction was unauthorized or fraudulent,2025-01-19 03:58:26,7155.35,500.0,250.0,2025-02-07 03:58:26,19,contested,won,2025-02-21 03:58:26,3,3,3,0,0.31833333333333336,3,0,1.0,7155.35,credit_card,pos_qr,saas_plan,192,2,13191.03,0,0,2,27,0,1,0.0247,4.51,password_authenticated,password,1,0,,,fulfilled,,,,0,digital_saas,developer_tools,medium,website,digital_service,1,1,0.613230583059358,1,1,5,0.0139,19.0,11.958333333333334
DSP000028,TXN0001540,M000344,C000031,Visa,CREDIT_NOT_PROCESSED,Cardholder claims promised credit or refund was not posted,2025-01-22 12:06:37,3433.36,0.0,0.0,2025-02-02 12:06:37,11,accepted,accepted_refunded,,3,3,1,2,0.37333333333333335,3,3,0.3333333333333333,3433.36,debit_card,pos_qr,cosmetics_kit,222,0,0.0,0,0,44,0,1,1,0.1348,18.82,authenticated_3ds,3ds_v2,1,0,0.0,42.65,delivered,delivered,1.0,1.0,0,online_marketplace_retailer,electronics_hub,enterprise,mobile_app,physical_delivery,0,0,0.5597834160651001,1,1,28,0.0147,11.0,15.125
DSP000029,TXN0001561,M000166,C000007,Visa,DUPLICATE_TRANSACTION,Cardholder claims single purchase was billed multiple times,2025-02-21 06:46:02,4599.25,500.0,250.0,2025-03-04 06:46:02,11,contested,lost,2025-03-06 06:46:02,2,2,1,1,0.24,2,1,0.5,4599.25,credit_card,mobile_app,saas_plan,219,0,0.0,0,0,67,0,1,1,0.1139,11.29,auth_failed,none,2,0,,,failed,,,,0,digital_saas,developer_tools,medium,website,digital_service,1,1,0.613230583059358,1,1,5,0.0139,11.0,44.833333333333336
DSP000030,TXN0001568,M000364,C000027,RuPay,CREDIT_NOT_PROCESSED,Cardholder claims promised credit or refund was not posted,2025-01-25 17:23:58,490.65,0.0,0.0,2025-02-07 17:23:58,13,accepted,accepted_refunded,,2,3,2,1,0.28,2,1,0.6666666666666666,490.65,credit_card,payment_link,food_item,308,0,0.0,0,0,112,0,1,1,0.1157,37.97,password_authenticated,password,1,0,1.0,0.85,delivered,delivered,1.0,1.0,0,food_local_commerce,gourmet_food,medium,mobile_app,food_delivery,0,0,0.8575474177875879,1,1,90,0.0239,13.0,18.25
DSP000031,TXN0001569,M000252,C000124,Visa,UNAUTHORIZED_TRANSACTION,Cardholder claims transaction was unauthorized or fraudulent,2025-02-08 18:25:08,4457.18,500.0,250.0,2025-02-19 18:25:08,11,contested,lost,2025-02-15 18:25:08,5,3,2,1,0.6466666666666666,5,1,0.6666666666666666,4457.18,credit_card,desktop_web,cosmetics_kit,17,0,0.0,0,0,15,0,1,1,0.01,8.37,auth_failed,sms_otp,4,0,1.0,38.91,failed,failed,0.0,0.0,0,online_marketplace_retailer,specialty_goods,enterprise,mobile_app,physical_delivery,0,0,0.8966654819043669,1,1,34,0.012,11.0,32.291666666666664
DSP000032,TXN0001590,M000234,C000017,Visa,UNAUTHORIZED_TRANSACTION,Cardholder claims transaction was unauthorized or fraudulent,2025-01-15 20:25:22,826.77,500.0,250.0,2025-01-27 20:25:22,12,contested,won,2025-02-01 20:25:22,4,3,3,0,0.49,4,2,1.0,826.77,debit_card,pos_qr,cosmetics_kit,141,0,0.0,0,0,40,0,1,1,0.0219,3.51,authenticated_3ds,3ds_v2,1,0,0.0,9.1,delivered,delivered,1.0,1.0,0,online_marketplace_retailer,multi_category_retail,small,mobile_app,physical_delivery,0,1,0.8631138625997262,1,1,8,0.0101,12.0,8.291666666666666
DSP000033,TXN0001641,M000001,C000108,Visa,MERCHANDISE_NOT_RECEIVED,Cardholder claims ordered merchandise or service was not received,2025-02-03 17:20:16,1984.74,0.0,0.0,2025-02-19 17:20:16,16,accepted,accepted_refunded,,6,4,4,0,0.7283333333333334,6,0,1.0,1984.74,credit_card,payment_link,home_decor,134,0,0.0,0,0,30,0,1,1,0.2124,5.87,authenticated_3ds,3ds_v2,1,0,0.0,6.07,delivered,delivered,1.0,1.0,0,individual_social_seller,crochet_accessories,medium,"Instagram, WhatsApp, payment links",physical_delivery,0,0,0.9,0,1,13,0.025,16.0,27.0
DSP000034,TXN0001659,M000004,C000100,Mastercard,CREDIT_NOT_PROCESSED,Cardholder claims promised credit or refund was not posted,2025-01-20 00:32:20,13515.82,0.0,0.0,2025-02-03 00:32:20,14,accepted,accepted_refunded,,1,3,1,2,0.125,1,2,0.3333333333333333,13515.82,credit_card,payment_link,car_rental,94,0,0.0,0,0,21,0,1,1,0.1584,54.15,auth_failed,none,4,0,,,failed,,,,0,travel_hospitality,travel_agency,enterprise,"website, app",booking_service,0,0,0.3,1,1,68,0.0353,14.0,12.25
DSP000035,TXN0001696,M000218,C000002,Visa,MERCHANDISE_NOT_RECEIVED,Cardholder claims ordered merchandise or service was not received,2025-02-17 12:13:42,24733.43,500.0,250.0,2025-03-07 12:13:42,18,contested,lost,2025-02-28 12:13:42,1,1,0,1,0.105,1,2,0.0,24733.43,credit_card,mobile_app,mentorship,386,2,44506.67,0,0,0,307,0,2,0.027,13.61,authenticated_otp,sms_otp,1,0,,,fulfilled,,,,0,education_coaching,online_tutoring,small,mobile_app,digital_service,1,0,0.5724269309460559,1,1,86,0.0199,18.0,40.625
DSP000036,TXN0001828,M000341,C000080,Visa,UNAUTHORIZED_TRANSACTION,Cardholder claims transaction was unauthorized or fraudulent,2025-02-18 15:45:08,1164.29,500.0,250.0,2025-03-10 15:45:08,20,contested,won,2025-04-04 15:45:08,6,3,3,0,0.8300000000000001,6,0,1.0,1164.29,debit_card,mobile_app,electronic_accessory,522,1,791.67,0,0,7,255,0,1,0.0143,8.54,authenticated_otp,sms_otp,1,0,0.0,9.91,delivered,delivered,1.0,1.0,0,online_marketplace_retailer,beauty_marketplace,enterprise,mobile_app,physical_delivery,0,0,0.8855460584011007,1,1,92,0.0076,20.0,41.083333333333336
DSP000037,TXN0001975,M000252,C000030,RuPay,MERCHANDISE_NOT_AS_DESCRIBED,"Cardholder claims merchandise arrived damaged, defective, or not as described",2025-01-14 21:45:11,3546.76,150.0,75.0,2025-01-25 21:45:11,11,contested,won,2025-02-06 21:45:11,6,3,3,0,0.7716666666666666,6,0,1.0,3546.76,debit_card,pos_qr,cosmetics_kit,213,1,2298.17,0,0,5,85,0,1,0.1108,112.06,authenticated_3ds,3ds_v2,1,1,1.0,22.35,delivered,delivered,1.0,1.0,0,online_marketplace_retailer,specialty_goods,enterprise,mobile_app,physical_delivery,0,0,0.8966654819043669,1,1,34,0.012,11.0,5.791666666666667
DSP000038,TXN0002047,M000135,C000007,Visa,RECURRING_BILLING_DISPUTE,Cardholder claims recurring subscription billing was canceled or unauthorized,2025-01-26 07:38:50,3796.12,0.0,0.0,2025-02-16 07:38:50,21,accepted,accepted_refunded,,1,3,1,2,0.13166666666666668,1,2,0.3333333333333333,3796.12,credit_card,pos_qr,fitness_class,440,0,0.0,0,0,29,0,1,1,0.0198,1.21,authenticated_3ds,3ds_v2,1,0,,,fulfilled,,,,0,fitness_services,fitness_program,small,website,membership_service,1,0,0.5917411003148779,1,1,35,0.0227,21.0,16.875
DSP000039,TXN0002061,M000003,C000060,Mastercard,RECURRING_BILLING_DISPUTE,Cardholder claims recurring subscription billing was canceled or unauthorized,2025-02-22 20:41:52,2312.62,500.0,250.0,2025-03-11 20:41:52,17,contested,lost,2025-04-06 20:41:52,5,3,2,1,0.595,5,1,0.6666666666666666,2312.62,credit_card,payment_link,study_material,110,0,0.0,0,0,69,0,1,1,0.3446,7.03,authenticated_otp,sms_otp,1,0,,,fulfilled,,,,0,education_coaching,exam_prep,enterprise,"website, app",digital_service,0,1,0.4,1,0,99,0.025,17.0,44.375
DSP000040,TXN0002212,M000303,C000005,Mastercard,UNAUTHORIZED_TRANSACTION,Cardholder claims transaction was unauthorized or fraudulent,2025-01-19 08:28:04,304.7,0.0,0.0,2025-02-06 08:28:04,18,accepted,accepted_refunded,,1,3,1,2,0.12166666666666666,1,2,0.3333333333333333,304.7,debit_card,desktop_web,food_item,270,0,0.0,0,0,4,0,1,1,0.07,3.42,authenticated_otp,sms_otp,1,0,1.0,0.67,delivered,delivered,1.0,1.0,0,food_local_commerce,cloud_kitchen,medium,website,food_delivery,0,0,0.6122890475819001,0,1,80,0.0124,18.0,9.083333333333334
DSP000041,TXN0002352,M000163,C000006,Visa,CREDIT_NOT_PROCESSED,Cardholder claims promised credit or refund was not posted,2025-01-29 03:23:11,20927.98,500.0,250.0,2025-02-12 03:23:11,14,contested,lost,2025-03-10 03:23:11,3,3,3,0,0.39666666666666667,3,0,1.0,20927.98,debit_card,desktop_web,flight_booking,518,3,64242.42,0,0,0,234,0,2,0.0196,23.22,authenticated_otp,sms_otp,1,0,,,fulfilled,,,,0,travel_hospitality,tour_packages,medium,mobile_app,booking_service,0,1,0.82376375439924,1,1,9,0.0311,14.0,18.458333333333332
DSP000042,TXN0002467,M000293,C000016,Visa,MERCHANDISE_NOT_RECEIVED,Cardholder claims ordered merchandise or service was not received,2025-01-15 04:11:22,10552.62,0.0,0.0,2025-02-02 04:11:22,18,accepted,accepted_refunded,,3,1,1,0,0.3933333333333333,3,0,1.0,10552.62,credit_card,desktop_web,saas_plan,192,0,0.0,0,0,116,0,1,1,0.2327,7.41,authenticated_3ds,3ds_v2,1,0,,,fulfilled,,,,0,digital_saas,cloud_analytics,medium,website,digital_service,1,0,0.8286541252128284,1,1,18,0.0124,18.0,3.875
DSP000043,TXN0002500,M000195,C000044,Mastercard,MERCHANDISE_NOT_AS_DESCRIBED,"Cardholder claims merchandise arrived damaged, defective, or not as described",2025-02-18 13:35:28,806.43,500.0,250.0,2025-03-04 13:35:28,14,contested,lost,2025-03-13 13:35:28,6,3,3,0,0.8366666666666668,6,0,1.0,806.43,credit_card,mobile_app,footwear,28,0,0.0,0,0,6,0,1,1,0.3575,26.63,authenticated_otp,sms_otp,1,0,0.0,45.74,delivered,delivered,1.0,1.0,0,d2c_brand,fashion_apparel,medium,website,physical_delivery,0,1,0.8093102767805899,0,1,73,0.0082,14.0,38.166666666666664
DSP000044,TXN0002525,M000002,C000137,Mastercard,CREDIT_NOT_PROCESSED,Cardholder claims promised credit or refund was not posted,2025-02-16 01:32:53,3427.79,500.0,250.0,2025-03-02 01:32:53,14,contested,lost,2025-02-23 01:32:53,2,3,2,1,0.27666666666666667,2,1,0.6666666666666666,3427.79,credit_card,desktop_web,footwear,175,0,0.0,0,0,39,0,1,1,0.1457,28.94,password_authenticated,password,1,0,0.0,35.13,delivered,delivered,1.0,0.0,0,d2c_brand,footwear,enterprise,website,physical_delivery,0,0,0.65,1,1,60,0.025,14.0,35.625
DSP000045,TXN0002733,M000005,C000104,Visa,CREDIT_NOT_PROCESSED,Cardholder claims promised credit or refund was not posted,2025-02-05 09:12:47,8049.65,500.0,250.0,2025-02-25 09:12:47,20,contested,won,2025-03-11 09:12:47,3,3,3,0,0.325,3,0,1.0,8049.65,credit_card,mobile_app,saas_plan,296,0,0.0,0,0,88,0,1,1,0.3751,11.9,authenticated_3ds,3ds_v2,1,0,,,fulfilled,,,,0,digital_saas,b2b_software,medium,website,digital_service,1,0,0.5874540118847362,1,0,46,0.025,20.0,24.166666666666668
DSP000046,TXN0002757,M000127,C000023,Mastercard,RECURRING_BILLING_DISPUTE,Cardholder claims recurring subscription billing was canceled or unauthorized,2025-02-19 07:52:23,10207.24,500.0,250.0,2025-03-02 07:52:23,11,contested,lost,2025-04-04 07:52:23,3,3,3,0,0.38833333333333336,3,0,1.0,10207.24,debit_card,mobile_app,saas_plan,186,0,0.0,0,0,40,0,1,1,0.334,0.47,authenticated_otp,sms_otp,1,0,,,fulfilled,,,,0,digital_saas,developer_tools,medium,website,digital_service,1,1,0.5818003474971863,1,1,103,0.0188,11.0,38.0
DSP000047,TXN0002784,M000370,C000002,Visa,MERCHANDISE_NOT_RECEIVED,Cardholder claims ordered merchandise or service was not received,2025-02-19 13:10:04,1911.31,0.0,0.0,2025-03-07 13:10:04,16,accepted,accepted_refunded,,2,4,1,3,0.21166666666666667,2,4,0.25,1911.31,credit_card,pos_qr,handmade_accessory,228,0,0.0,0,0,67,0,1,1,0.7914,43.5,authenticated_otp,sms_otp,1,1,1.0,44.22,delivered,delivered,1.0,1.0,0,individual_social_seller,baked_goods,micro,instagram_whatsapp,physical_delivery,0,1,0.3386102637800774,0,1,18,0.0222,16.0,38.166666666666664
DSP000048,TXN0002833,M000185,C000026,RuPay,UNAUTHORIZED_TRANSACTION,Cardholder claims transaction was unauthorized or fraudulent,2025-01-29 09:11:29,3449.71,500.0,250.0,2025-02-11 09:11:29,13,contested,lost,2025-02-14 09:11:29,6,3,3,0,0.7116666666666668,6,0,1.0,3449.71,credit_card,mobile_app,footwear,330,0,0.0,0,0,27,0,1,1,0.2566,15.6,password_authenticated,password,1,0,0.0,13.45,delivered,delivered,1.0,1.0,0,d2c_brand,electronics,medium,omnichannel,physical_delivery,0,1,0.8341066351050258,1,1,116,0.0141,13.0,16.875
DSP000049,TXN0002914,M000220,C000018,Visa,MERCHANDISE_NOT_AS_DESCRIBED,"Cardholder claims merchandise arrived damaged, defective, or not as described",2025-01-30 22:30:35,19198.74,500.0,250.0,2025-02-11 22:30:35,12,contested,won,2025-02-21 22:30:35,2,2,2,0,0.2783333333333333,2,1,1.0,19198.74,credit_card,desktop_web,saas_plan,364,0,0.0,0,0,37,0,1,1,0.1813,53.8,authenticated_3ds,3ds_v2,1,0,,,fulfilled,,,,0,digital_saas,productivity_tools,small,website,digital_service,1,0,0.82372490874968,1,1,96,0.0222,12.0,18.208333333333332
DSP000050,TXN0002921,M000002,C000050,Visa,CREDIT_NOT_PROCESSED,Cardholder claims promised credit or refund was not posted,2025-02-01 22:44:07,2507.59,500.0,250.0,2025-02-22 22:44:07,21,contested,won,2025-03-09 22:44:07,3,3,3,0,0.38833333333333336,3,0,1.0,2507.59,credit_card,payment_link,footwear,336,0,0.0,0,0,60,0,1,1,0.426,1.09,authenticated_3ds,3ds_v2,1,0,0.0,6.94,delivered,delivered,1.0,0.0,0,d2c_brand,footwear,enterprise,website,physical_delivery,0,0,0.65,1,1,60,0.025,21.0,20.208333333333332
DSP000051,TXN0002948,M000298,C000040,Mastercard,UNAUTHORIZED_TRANSACTION,Cardholder claims transaction was unauthorized or fraudulent,2025-02-07 03:42:22,2922.08,500.0,250.0,2025-02-20 03:42:22,13,contested,won,2025-02-18 03:42:22,4,3,3,0,0.4683333333333333,4,2,1.0,2922.08,debit_card,pos_qr,footwear,212,1,1476.35,0,0,6,0,1,1,0.0424,32.58,authenticated_otp,sms_otp,1,0,0.0,29.04,delivered,delivered,1.0,1.0,1,d2c_brand,fashion_apparel,medium,omnichannel,physical_delivery,0,1,0.5860190641411263,1,1,28,0.0144,13.0,25.375
DSP000052,TXN0002995,M000380,C000006,Visa,MERCHANDISE_NOT_RECEIVED,Cardholder claims ordered merchandise or service was not received,2025-02-02 08:44:06,1867.76,500.0,250.0,2025-02-22 08:44:06,20,contested,won,2025-02-16 08:44:06,4,4,2,2,0.5116666666666666,4,2,0.5,1867.76,credit_card,pos_qr,footwear,170,0,0.0,0,0,8,0,1,1,0.037,14.5,authenticated_otp,sms_otp,1,0,1.0,43.01,delivered,delivered,0.0,0.0,0,d2c_brand,footwear,medium,website,physical_delivery,0,0,0.8318975630293761,1,1,38,0.0135,20.0,20.458333333333332
DSP000053,TXN0003080,M000242,C000004,Mastercard,RECURRING_BILLING_DISPUTE,Cardholder claims recurring subscription billing was canceled or unauthorized,2025-02-01 15:05:53,9160.7,500.0,250.0,2025-02-20 15:05:53,19,contested,lost,2025-02-28 15:05:53,3,3,3,0,0.37666666666666665,3,0,1.0,9160.7,credit_card,mobile_app,personal_training,481,0,0.0,0,0,86,0,1,1,0.2469,0.31,password_authenticated,password,1,0,,,fulfilled,,,,0,fitness_services,yoga_wellness,small,omnichannel,membership_service,1,0,0.5524315966431453,0,1,99,0.0264,19.0,19.208333333333332
DSP000054,TXN0003175,M000004,C000033,Mastercard,CREDIT_NOT_PROCESSED,Cardholder claims promised credit or refund was not posted,2025-02-13 13:37:49,17111.98,500.0,250.0,2025-03-03 13:37:49,18,contested,lost,2025-03-19 13:37:49,1,3,1,2,0.11499999999999999,1,2,0.3333333333333333,17111.98,credit_card,mobile_app,vacation_package,163,0,0.0,0,0,2,0,1,1,0.0406,11.55,authenticated_3ds,3ds_v2,1,0,,,fulfilled,,,,0,travel_hospitality,travel_agency,enterprise,"website, app",booking_service,0,0,0.3,1,1,68,0.0353,18.0,30.791666666666668
DSP000055,TXN0003259,M000201,C000017,Mastercard,RECURRING_BILLING_DISPUTE,Cardholder claims recurring subscription billing was canceled or unauthorized,2025-01-17 23:10:16,61497.32,500.0,250.0,2025-02-04 23:10:16,18,contested,lost,2025-01-31 23:10:16,2,3,2,1,0.2333333333333333,2,1,0.6666666666666666,61497.32,credit_card,payment_link,flight_booking,128,2,197206.68,0,0,1,122,0,1,0.01,61.56,authenticated_3ds,3ds_v2,1,0,,,fulfilled,,,,0,travel_hospitality,tour_packages,small,mobile_app,booking_service,0,0,0.3725955678870239,1,1,74,0.0198,18.0,3.6666666666666665
DSP000056,TXN0003279,M000397,C000021,Visa,MERCHANDISE_NOT_AS_DESCRIBED,"Cardholder claims merchandise arrived damaged, defective, or not as described",2025-02-06 00:45:46,1256.84,500.0,250.0,2025-02-20 00:45:46,14,contested,won,2025-03-20 00:45:46,3,2,2,0,0.365,3,0,1.0,1256.84,credit_card,desktop_web,saas_plan,497,0,0.0,0,0,36,0,1,1,0.1909,8.55,authenticated_3ds,3ds_v2,1,0,,,fulfilled,,,,0,digital_saas,b2b_software,medium,website,digital_service,1,0,0.8372018085792783,1,1,75,0.0138,14.0,22.666666666666668
DSP000057,TXN0003486,M000253,C000032,Visa,MERCHANDISE_NOT_AS_DESCRIBED,"Cardholder claims merchandise arrived damaged, defective, or not as described",2025-01-26 12:56:41,8718.14,500.0,250.0,2025-02-11 12:56:41,16,contested,lost,2025-03-10 12:56:41,3,2,2,0,0.3416666666666666,3,0,1.0,8718.14,credit_card,payment_link,saas_plan,278,0,0.0,0,0,66,0,1,1,0.1129,1.71,authenticated_3ds,3ds_v2,1,0,,,fulfilled,,,,0,digital_saas,developer_tools,medium,website,digital_service,1,1,0.8963619977089252,1,1,21,0.024,16.0,11.25
DSP000058,TXN0003490,M000384,C000038,Visa,CREDIT_NOT_PROCESSED,Cardholder claims promised credit or refund was not posted,2025-02-06 19:42:25,4458.03,350.0,175.0,2025-02-24 19:42:25,18,contested,lost,2025-03-22 19:42:25,1,3,1,2,0.10833333333333334,1,2,0.3333333333333333,4458.03,credit_card,mobile_app,saas_plan,436,0,0.0,0,0,84,0,1,1,0.4281,59.01,authenticated_3ds,3ds_v2,1,1,,,fulfilled,,,,0,digital_saas,productivity_tools,medium,website,digital_service,1,1,0.57818547747734,1,1,87,0.0229,18.0,22.5
DSP000059,TXN0003583,M000343,C000007,RuPay,MERCHANDISE_NOT_RECEIVED,Cardholder claims ordered merchandise or service was not received,2025-02-26 11:40:53,1466.38,500.0,250.0,2025-03-13 11:40:53,15,contested,won,2025-04-04 11:40:53,6,4,4,0,0.7066666666666667,6,0,1.0,1466.38,debit_card,payment_link,footwear,23,0,0.0,0,0,22,0,1,1,0.1029,64.77,authenticated_otp,sms_otp,1,0,0.0,28.07,delivered,delivered,1.0,1.0,1,d2c_brand,electronics,medium,omnichannel,physical_delivery,0,0,0.8474173829087325,1,0,10,0.0093,15.0,41.833333333333336
DSP000060,TXN0003640,M000004,C000059,Visa,DUPLICATE_TRANSACTION,Cardholder claims single purchase was billed multiple times,2025-01-29 16:55:28,12763.59,0.0,0.0,2025-02-09 16:55:28,11,accepted,accepted_refunded,,2,2,2,0,0.2333333333333333,2,1,1.0,12763.59,credit_card,payment_link,hotel_stay,23,1,11822.07,0,0,6,14,0,1,0.01,6.22,authenticated_3ds,3ds_v2,1,0,,,fulfilled,,,,0,travel_hospitality,travel_agency,enterprise,"website, app",booking_service,0,0,0.3,1,1,68,0.0353,11.0,13.875
DSP000061,TXN0003658,M000004,C000066,Visa,MERCHANDISE_NOT_RECEIVED,Cardholder claims ordered merchandise or service was not received,2025-02-02 03:26:12,14709.83,500.0,250.0,2025-02-14 03:26:12,12,contested,lost,2025-03-10 03:26:12,0,1,0,1,0.0,0,3,0.0,14709.83,credit_card,desktop_web,car_rental,137,0,0.0,0,0,58,0,1,1,0.0168,37.45,password_authenticated,password,1,0,,,fulfilled,,,,0,travel_hospitality,travel_agency,enterprise,"website, app",booking_service,0,0,0.3,1,1,68,0.0353,12.0,17.25
DSP000062,TXN0004122,M000228,C000089,Visa,MERCHANDISE_NOT_RECEIVED,Cardholder claims ordered merchandise or service was not received,2025-02-16 19:47:19,2753.49,0.0,0.0,2025-03-07 19:47:19,19,accepted,accepted_refunded,,5,4,3,1,0.6133333333333333,5,1,0.75,2753.49,debit_card,pos_qr,home_decor,45,0,0.0,0,0,7,0,1,1,0.1718,24.4,authenticated_otp,sms_otp,1,0,0.0,4.32,delivered,delivered,1.0,1.0,1,online_marketplace_retailer,electronics_hub,enterprise,omnichannel,physical_delivery,0,0,0.8367715803059433,0,1,92,0.0093,19.0,29.833333333333332
DSP000063,TXN0004170,M000384,C000017,Visa,UNAUTHORIZED_TRANSACTION,Cardholder claims transaction was unauthorized or fraudulent,2025-03-04 06:17:47,6459.48,500.0,250.0,2025-03-14 06:17:47,10,contested,lost,2025-04-07 06:17:47,3,3,3,0,0.3666666666666667,3,0,1.0,6459.48,credit_card,desktop_web,saas_plan,249,1,4186.78,0,0,15,0,1,1,0.2508,41.28,authenticated_3ds,3ds_v2,1,0,,,fulfilled,,,,0,digital_saas,productivity_tools,medium,website,digital_service,1,1,0.57818547747734,1,1,87,0.0229,10.0,44.916666666666664
DSP000064,TXN0004205,M000236,C000001,Mastercard,RECURRING_BILLING_DISPUTE,Cardholder claims recurring subscription billing was canceled or unauthorized,2025-02-04 15:21:54,19170.27,500.0,250.0,2025-02-25 15:21:54,21,contested,lost,2025-03-12 15:21:54,1,3,1,2,0.09999999999999999,1,2,0.3333333333333333,19170.27,debit_card,pos_qr,exam_course,49,1,13504.96,0,0,0,13,0,1,0.2008,4.01,authenticated_otp,sms_otp,1,0,,,fulfilled,,,,0,education_coaching,exam_prep,small,website,digital_service,1,1,0.3502637093105192,1,0,34,0.0298,21.0,17.208333333333332
DSP000065,TXN0004218,M000267,C000002,Mastercard,UNAUTHORIZED_TRANSACTION,Cardholder claims transaction was unauthorized or fraudulent,2025-01-30 00:41:57,8862.09,500.0,250.0,2025-02-19 00:41:57,20,contested,lost,2025-03-06 00:41:57,2,3,2,1,0.25166666666666665,2,1,0.6666666666666666,8862.09,credit_card,pos_qr,hotel_stay,67,1,8602.23,0,0,13,55,0,1,0.01,4.08,authenticated_3ds,3ds_v2,1,0,,,fulfilled,,,,0,travel_hospitality,tour_packages,medium,website,booking_service,0,1,0.8140084015236524,1,1,77,0.032,20.0,11.583333333333334
DSP000066,TXN0004256,M000205,C000017,Visa,UNAUTHORIZED_TRANSACTION,Cardholder claims transaction was unauthorized or fraudulent,2025-03-02 12:34:55,465.09,500.0,250.0,2025-03-20 12:34:55,18,contested,lost,2025-04-08 12:34:55,1,3,1,2,0.11333333333333334,1,2,0.3333333333333333,465.09,credit_card,pos_qr,food_item,303,0,0.0,0,0,38,0,1,1,0.1333,11.78,authenticated_otp,sms_otp,1,0,0.0,0.98,delivered,delivered,1.0,1.0,0,food_local_commerce,cloud_kitchen,medium,website,food_delivery,0,0,0.8642031646154288,1,1,11,0.0178,18.0,42.958333333333336
DSP000067,TXN0004280,M000279,C000006,Visa,RECURRING_BILLING_DISPUTE,Cardholder claims recurring subscription billing was canceled or unauthorized,2025-02-18 22:58:48,11257.83,0.0,0.0,2025-03-03 22:58:48,13,accepted,accepted_refunded,,1,3,1,2,0.15,1,2,0.3333333333333333,11257.83,credit_card,pos_qr,test_series,129,0,0.0,0,0,51,0,1,1,0.01,7.38,password_authenticated,password,1,0,,,fulfilled,,,,0,education_coaching,exam_prep,small,mobile_app,digital_service,1,0,0.6011342398860937,0,1,112,0.0211,13.0,31.333333333333332
DSP000068,TXN0004370,M000083,C000009,Visa,MERCHANDISE_NOT_RECEIVED,Cardholder claims ordered merchandise or service was not received,2025-02-08 09:41:07,1441.21,500.0,250.0,2025-02-19 09:41:07,11,contested,lost,2025-03-21 09:41:07,6,4,4,0,0.7833333333333333,6,0,1.0,1441.21,credit_card,desktop_web,footwear,40,0,0.0,0,0,22,0,1,1,0.01,6.32,authenticated_3ds,3ds_v2,1,0,0.0,47.55,delivered,delivered,1.0,0.0,0,d2c_brand,footwear,small,omnichannel,physical_delivery,0,0,0.5858465728544272,1,1,51,0.0174,11.0,20.583333333333332
DSP000069,TXN0004466,M000163,C000019,Visa,DUPLICATE_TRANSACTION,Cardholder claims single purchase was billed multiple times,2025-01-27 12:41:47,22894.55,500.0,250.0,2025-02-08 12:41:47,12,contested,won,2025-03-01 12:41:47,3,2,2,0,0.3833333333333333,3,0,1.0,22894.55,debit_card,mobile_app,flight_booking,1,0,0.0,0,0,1,0,1,1,0.1336,27.66,authenticated_otp,sms_otp,1,1,,,fulfilled,,,,0,travel_hospitality,tour_packages,medium,mobile_app,booking_service,0,1,0.82376375439924,1,1,9,0.0311,12.0,8.166666666666666
DSP000070,TXN0004495,M000307,C000063,Mastercard,MERCHANDISE_NOT_RECEIVED,Cardholder claims ordered merchandise or service was not received,2025-02-13 03:31:48,446.36,350.0,175.0,2025-03-02 03:31:48,17,contested,lost,2025-03-28 03:31:48,2,1,0,1,0.20833333333333334,2,1,0.0,446.36,credit_card,payment_link,food_item,663,2,1097.05,0,0,3,334,0,2,0.0491,27.52,authenticated_otp,sms_otp,1,0,1.0,0.76,delivered,delivered,1.0,1.0,0,food_local_commerce,gourmet_food,enterprise,website,food_delivery,0,0,0.6040635121610106,1,1,63,0.0128,17.0,24.708333333333332
DSP000071,TXN0004501,M000307,C000008,Visa,MERCHANDISE_NOT_RECEIVED,Cardholder claims ordered merchandise or service was not received,2025-02-16 01:53:18,443.96,500.0,250.0,2025-02-26 01:53:18,10,contested,won,2025-04-02 01:53:18,3,1,1,0,0.4183333333333333,3,0,1.0,443.96,credit_card,pos_qr,food_item,109,0,0.0,0,0,62,0,1,1,0.1575,34.27,authenticated_otp,sms_otp,1,0,0.0,0.71,delivered,delivered,0.0,0.0,0,food_local_commerce,gourmet_food,enterprise,website,food_delivery,0,0,0.6040635121610106,1,1,63,0.0128,10.0,27.625
DSP000072,TXN0004503,M000237,C000011,Mastercard,MERCHANDISE_NOT_RECEIVED,Cardholder claims ordered merchandise or service was not received,2025-02-06 01:56:43,1403.89,150.0,75.0,2025-02-19 01:56:43,13,contested,won,2025-03-10 01:56:43,5,4,4,0,0.6749999999999999,5,1,1.0,1403.89,credit_card,desktop_web,footwear,65,0,0.0,0,0,16,0,1,1,0.01,1.34,password_authenticated,password,1,0,0.0,27.93,delivered,delivered,1.0,1.0,0,d2c_brand,home_lifestyle,medium,omnichannel,physical_delivery,0,0,0.8576903884626359,1,1,75,0.0146,13.0,17.625
DSP000073,TXN0004510,M000379,C000026,RuPay,CREDIT_NOT_PROCESSED,Cardholder claims promised credit or refund was not posted,2025-02-02 01:08:49,29317.72,0.0,0.0,2025-02-14 01:08:49,12,accepted,accepted_refunded,,2,3,2,1,0.24333333333333332,2,1,0.6666666666666666,29317.72,credit_card,payment_link,saas_plan,427,0,0.0,0,0,119,0,1,1,0.3871,5.01,authenticated_3ds,3ds_v2,1,0,,,fulfilled,,,,0,digital_saas,productivity_tools,medium,website,digital_service,1,1,0.8071188648460229,0,1,44,0.0208,12.0,13.583333333333334
DSP000074,TXN0004516,M000109,C000040,Visa,MERCHANDISE_NOT_RECEIVED,Cardholder claims ordered merchandise or service was not received,2025-01-31 01:31:58,1979.3,450.0,225.0,2025-02-12 01:31:58,12,contested,lost,2025-02-27 01:31:58,5,4,3,1,0.6133333333333333,5,1,0.75,1979.3,credit_card,desktop_web,footwear,222,1,2533.92,1,0,12,75,0,1,0.3159,4.75,authenticated_3ds,3ds_v2,1,0,1.0,43.3,delivered,delivered,1.0,0.0,0,d2c_brand,footwear,medium,website,physical_delivery,0,0,0.8907566473926093,1,1,3,0.0108,12.0,11.583333333333334
DSP000075,TXN0004523,M000001,C000103,Visa,CREDIT_NOT_PROCESSED,Cardholder claims promised credit or refund was not posted,2025-02-12 23:46:51,732.29,500.0,250.0,2025-02-26 23:46:51,14,contested,won,2025-03-13 23:46:51,6,3,3,0,0.7200000000000001,6,0,1.0,732.29,debit_card,desktop_web,handicraft_item,337,0,0.0,0,0,4,0,1,1,0.1999,6.83,auth_failed,none,2,0,0.0,28.81,failed,failed,0.0,0.0,0,individual_social_seller,crochet_accessories,medium,"Instagram, WhatsApp, payment links",physical_delivery,0,0,0.9,0,1,13,0.025,14.0,24.5
DSP000076,TXN0004581,M000130,C000023,Visa,MERCHANDISE_NOT_AS_DESCRIBED,"Cardholder claims merchandise arrived damaged, defective, or not as described",2025-02-06 11:18:41,204.08,500.0,250.0,2025-02-17 11:18:41,11,contested,lost,2025-02-22 11:18:41,3,2,2,0,0.4366666666666667,3,0,1.0,204.08,credit_card,payment_link,food_item,585,2,608.51,0,0,7,92,0,1,0.01,35.65,authenticated_otp,sms_otp,1,0,0.0,0.68,delivered,delivered,1.0,1.0,0,food_local_commerce,local_restaurant,medium,website,food_delivery,0,0,0.8427107788626256,1,1,38,0.0158,11.0,17.833333333333332
DSP000077,TXN0004655,M000269,C000076,RuPay,UNAUTHORIZED_TRANSACTION,Cardholder claims transaction was unauthorized or fraudulent,2025-02-06 23:09:00,4431.98,500.0,250.0,2025-02-23 23:09:00,17,contested,lost,2025-03-01 23:09:00,4,3,2,1,0.505,4,2,0.6666666666666666,4431.98,debit_card,mobile_app,cosmetics_kit,462,2,12137.4,0,0,4,263,0,2,0.5346,1240.85,authenticated_otp,sms_otp,1,1,1.0,33.81,delivered,delivered,1.0,1.0,1,online_marketplace_retailer,multi_category_retail,enterprise,omnichannel,physical_delivery,0,0,0.8877373071927955,1,1,12,0.0068,17.0,18.166666666666668
DSP000078,TXN0004736,M000246,C000002,Visa,MERCHANDISE_NOT_RECEIVED,Cardholder claims ordered merchandise or service was not received,2025-02-15 12:32:57,3285.8,0.0,0.0,2025-03-06 12:32:57,19,accepted,accepted_refunded,,2,1,1,0,0.27666666666666667,2,1,1.0,3285.8,debit_card,pos_qr,lab_test,157,0,0.0,0,0,85,0,1,1,0.0777,1.49,authenticated_3ds,3ds_v2,1,0,,,fulfilled,,,,0,healthcare_diagnostics,clinic_appointments,small,website,appointment_service,0,0,0.6453928577002587,1,1,83,0.0175,19.0,26.208333333333332
DSP000079,TXN0004787,M000139,C000037,Mastercard,UNAUTHORIZED_TRANSACTION,Cardholder claims transaction was unauthorized or fraudulent,2025-03-01 08:12:13,845.05,500.0,250.0,2025-03-17 08:12:13,16,contested,lost,2025-03-23 08:12:13,5,3,2,1,0.5883333333333333,5,1,0.6666666666666666,845.05,debit_card,desktop_web,cosmetics_kit,261,1,1880.48,0,0,15,211,0,1,0.0651,7.69,authenticated_otp,sms_otp,1,0,0.0,28.11,delivered,delivered,1.0,1.0,0,online_marketplace_retailer,electronics_hub,enterprise,mobile_app,physical_delivery,0,0,0.8942909703912519,0,1,11,0.0053,16.0,39.875
DSP000080,TXN0004828,M000003,C000111,Visa,MERCHANDISE_NOT_AS_DESCRIBED,"Cardholder claims merchandise arrived damaged, defective, or not as described",2025-01-30 12:22:09,1947.5,0.0,0.0,2025-02-13 12:22:09,14,accepted,accepted_refunded,,4,3,2,1,0.48833333333333334,4,2,0.6666666666666666,1947.5,credit_card,mobile_app,exam_course,129,0,0.0,0,0,10,0,1,1,0.1383,57.48,authenticated_otp,sms_otp,1,0,,,fulfilled,,,,0,education_coaching,exam_prep,enterprise,"website, app",digital_service,0,1,0.4,1,0,99,0.025,14.0,9.916666666666666
DSP000081,TXN0004965,M000298,C000059,Visa,MERCHANDISE_NOT_RECEIVED,Cardholder claims ordered merchandise or service was not received,2025-01-26 18:29:26,2113.45,500.0,250.0,2025-02-13 18:29:26,18,contested,lost,2025-02-23 18:29:26,4,4,3,1,0.5,4,2,0.75,2113.45,credit_card,desktop_web,footwear,153,2,2702.26,1,0,2,143,0,1,0.0312,18.15,authenticated_3ds,3ds_v2,1,0,0.0,39.38,delivered,delivered,0.0,0.0,1,d2c_brand,fashion_apparel,medium,omnichannel,physical_delivery,0,1,0.5860190641411263,1,1,28,0.0144,18.0,5.458333333333333
DSP000082,TXN0004970,M000002,C000079,Mastercard,UNAUTHORIZED_TRANSACTION,Cardholder claims transaction was unauthorized or fraudulent,2025-01-24 20:47:58,3451.83,500.0,250.0,2025-02-10 20:47:58,17,contested,lost,2025-02-11 20:47:58,3,3,3,0,0.38999999999999996,3,0,1.0,3451.83,debit_card,desktop_web,footwear,314,0,0.0,0,0,112,0,1,1,0.1148,5.22,authenticated_otp,sms_otp,1,0,0.0,20.25,delivered,delivered,1.0,0.0,0,d2c_brand,footwear,enterprise,website,physical_delivery,0,0,0.65,1,1,60,0.025,17.0,3.5416666666666665
DSP000083,TXN0004982,M000009,C000088,Visa,UNAUTHORIZED_TRANSACTION,Cardholder claims transaction was unauthorized or fraudulent,2025-02-27 04:28:44,8923.42,450.0,225.0,2025-03-13 04:28:44,14,contested,lost,2025-04-12 04:28:44,2,3,2,1,0.2816666666666667,2,1,0.6666666666666666,8923.42,credit_card,mobile_app,gym_membership,297,0,0.0,0,0,8,0,1,1,0.0283,4.49,authenticated_otp,sms_otp,1,0,,,fulfilled,,,,0,fitness_services,fitness_program,enterprise,"app, in-person",membership_service,1,0,0.5656018640442436,1,1,47,0.025,14.0,36.833333333333336
DSP000084,TXN0005012,M000296,C000016,Mastercard,MERCHANDISE_NOT_AS_DESCRIBED,"Cardholder claims merchandise arrived damaged, defective, or not as described",2025-02-10 20:49:28,828.02,500.0,250.0,2025-02-23 20:49:28,13,contested,lost,2025-03-18 20:49:28,2,2,1,1,0.25666666666666665,2,1,0.5,828.02,credit_card,pos_qr,food_item,428,0,0.0,0,0,4,0,1,1,0.0933,0.74,auth_failed,none,4,0,0.0,0.78,failed,failed,0.0,0.0,0,food_local_commerce,gourmet_food,medium,mobile_app,food_delivery,0,0,0.8037348188749214,1,1,13,0.0149,13.0,20.416666666666668
DSP000085,TXN0005020,M000251,C000024,Mastercard,MERCHANDISE_NOT_RECEIVED,Cardholder claims ordered merchandise or service was not received,2025-03-02 06:35:45,3327.42,0.0,0.0,2025-03-22 06:35:45,20,accepted,accepted_refunded,,5,4,3,1,0.5716666666666667,5,1,0.75,3327.42,credit_card,desktop_web,footwear,421,1,3721.53,0,0,2,0,1,1,0.0473,16.53,authenticated_3ds,3ds_v2,1,0,0.0,14.84,delivered,delivered,1.0,1.0,0,d2c_brand,electronics,medium,website,physical_delivery,0,0,0.8428184148317314,1,0,41,0.0169,20.0,39.791666666666664
DSP000086,TXN0005145,M000164,C000008,Mastercard,CREDIT_NOT_PROCESSED,Cardholder claims promised credit or refund was not posted,2025-02-25 02:42:42,497.07,500.0,250.0,2025-03-12 02:42:42,15,contested,lost,2025-04-08 02:42:42,2,3,2,1,0.26166666666666666,2,1,0.6666666666666666,497.07,debit_card,desktop_web,food_item,137,0,0.0,0,0,50,0,1,1,0.1204,3.66,authenticated_3ds,3ds_v2,1,0,0.0,0.87,delivered,delivered,1.0,1.0,0,food_local_commerce,gourmet_food,small,mobile_app,food_delivery,0,0,0.6228216348611859,0,1,72,0.0167,15.0,34.25
DSP000087,TXN0005155,M000036,C000014,Visa,MERCHANDISE_NOT_RECEIVED,Cardholder claims ordered merchandise or service was not received,2025-01-25 13:23:50,4282.25,500.0,250.0,2025-02-07 13:23:50,13,contested,won,2025-03-03 13:23:50,3,1,1,0,0.38000000000000006,3,0,1.0,4282.25,credit_card,mobile_app,saas_plan,397,0,0.0,0,0,48,0,1,1,0.2873,17.53,authenticated_otp,sms_otp,1,0,,,fulfilled,,,,0,digital_saas,productivity_tools,medium,website,digital_service,1,1,0.8170524123687292,1,1,13,0.0221,13.0,3.6666666666666665
DSP000088,TXN0005204,M000008,C000177,Visa,RECURRING_BILLING_DISPUTE,Cardholder claims recurring subscription billing was canceled or unauthorized,2025-03-08 05:10:45,3342.95,350.0,175.0,2025-03-25 05:10:45,17,contested,lost,2025-04-09 05:10:45,0,3,0,3,0.0,0,3,0.0,3342.95,credit_card,mobile_app,lab_test,392,1,3159.45,0,0,14,0,1,1,0.0264,34.56,authenticated_otp,sms_otp,1,0,,,fulfilled,,,,0,healthcare_diagnostics,telehealth,enterprise,"website, app, clinic",appointment_service,0,0,0.6098658484197036,1,1,99,0.025,17.0,44.916666666666664
DSP000089,TXN0005321,M000296,C000031,Visa,MERCHANDISE_NOT_RECEIVED,Cardholder claims ordered merchandise or service was not received,2025-02-10 01:53:29,414.23,500.0,250.0,2025-03-02 01:53:29,20,contested,won,2025-03-16 01:53:29,3,1,1,0,0.3416666666666666,3,0,1.0,414.23,credit_card,payment_link,food_item,363,2,1182.96,0,0,11,251,0,1,0.01,3.43,password_authenticated,password,1,0,0.0,0.98,delivered,delivered,1.0,1.0,0,food_local_commerce,gourmet_food,medium,mobile_app,food_delivery,0,0,0.8037348188749214,1,1,13,0.0149,20.0,18.375
DSP000090,TXN0005410,M000310,C000025,Visa,MERCHANDISE_NOT_RECEIVED,Cardholder claims ordered merchandise or service was not received,2025-03-02 09:56:16,3572.78,0.0,0.0,2025-03-17 09:56:16,15,accepted,accepted_refunded,,6,4,4,0,0.755,6,0,1.0,3572.78,debit_card,pos_qr,footwear,176,1,3917.67,0,0,7,90,0,1,0.0132,10.29,auth_failed,sms_otp,3,0,1.0,44.08,failed,failed,0.0,0.0,0,d2c_brand,electronics,medium,omnichannel,physical_delivery,1,1,0.8975852079462534,1,1,16,0.0146,15.0,38.416666666666664
DSP000091,TXN0005449,M000001,C000076,Visa,UNAUTHORIZED_TRANSACTION,Cardholder claims transaction was unauthorized or fraudulent,2025-02-03 07:38:06,1114.22,0.0,0.0,2025-02-16 07:38:06,13,accepted,accepted_refunded,,6,3,3,0,0.7833333333333333,6,0,1.0,1114.22,debit_card,desktop_web,handicraft_item,346,0,0.0,0,0,39,0,1,1,0.1885,18.15,authenticated_otp,sms_otp,1,0,0.0,17.03,delivered,delivered,1.0,1.0,0,individual_social_seller,crochet_accessories,medium,"Instagram, WhatsApp, payment links",physical_delivery,0,0,0.9,0,1,13,0.025,13.0,10.958333333333334
DSP000092,TXN0005495,M000390,C000007,Mastercard,MERCHANDISE_NOT_AS_DESCRIBED,"Cardholder claims merchandise arrived damaged, defective, or not as described",2025-02-06 18:03:43,7730.33,350.0,175.0,2025-02-19 18:03:43,13,contested,won,2025-03-03 18:03:43,3,2,2,0,0.3333333333333333,3,0,1.0,7730.33,credit_card,mobile_app,saas_plan,498,1,10174.26,0,0,19,0,1,1,0.1832,23.73,authenticated_3ds,3ds_v2,1,0,,,fulfilled,,,,0,digital_saas,cloud_analytics,small,website,digital_service,1,0,0.8803480930384848,1,1,92,0.0134,13.0,14.25
DSP000093,TXN0005525,M000345,C000043,Mastercard,MERCHANDISE_NOT_RECEIVED,Cardholder claims ordered merchandise or service was not received,2025-02-10 01:02:45,2185.54,0.0,0.0,2025-02-22 01:02:45,12,accepted,accepted_refunded,,4,4,3,1,0.5266666666666667,4,2,0.75,2185.54,debit_card,payment_link,electronic_accessory,174,1,2000.59,0,0,15,72,0,1,0.01,0.09,password_authenticated,password,1,0,0.0,35.27,delivered,delivered,1.0,1.0,0,online_marketplace_retailer,electronics_hub,medium,omnichannel,physical_delivery,0,0,0.5991615875116832,1,1,9,0.0065,12.0,17.458333333333332
DSP000094,TXN0005661,M000004,C000083,Visa,UNAUTHORIZED_TRANSACTION,Cardholder claims transaction was unauthorized or fraudulent,2025-01-29 08:03:57,10053.8,500.0,250.0,2025-02-16 08:03:57,18,contested,lost,2025-02-11 08:03:57,1,3,1,2,0.09999999999999999,1,2,0.3333333333333333,10053.8,debit_card,desktop_web,vacation_package,366,5,57634.87,0,2,2,158,0,2,0.4403,4.0,password_authenticated,password,1,0,,,fulfilled,,,,0,travel_hospitality,travel_agency,enterprise,"website, app",booking_service,0,0,0.3,1,1,68,0.0353,18.0,5.041666666666667
DSP000095,TXN0005727,M000362,C000012,Visa,MERCHANDISE_NOT_AS_DESCRIBED,"Cardholder claims merchandise arrived damaged, defective, or not as described",2025-01-28 05:48:15,26461.43,0.0,0.0,2025-02-11 05:48:15,14,accepted,accepted_refunded,,3,2,2,0,0.3833333333333333,3,0,1.0,26461.43,credit_card,payment_link,car_rental,295,2,47907.61,0,0,2,145,0,1,0.01,1.83,authenticated_3ds,3ds_v2,1,0,,,fulfilled,,,,0,travel_hospitality,hotel_booking,medium,website,booking_service,0,0,0.8585775581273463,1,1,40,0.0242,14.0,3.75
DSP000096,TXN0005963,M000244,C000055,Visa,RECURRING_BILLING_DISPUTE,Cardholder claims recurring subscription billing was canceled or unauthorized,2025-02-14 01:11:11,1082.21,0.0,0.0,2025-02-25 01:11:11,11,accepted,accepted_refunded,,5,3,2,1,0.65,5,1,0.6666666666666666,1082.21,credit_card,mobile_app,general_item,397,3,1815.37,1,0,0,109,0,3,0.0955,7.43,auth_failed,sms_otp,3,0,0.0,3.4,failed,failed,0.0,0.0,0,online_marketplace_retailer,electronics_hub,enterprise,website,physical_delivery,0,0,0.8177110679407049,1,1,56,0.0069,11.0,19.625
DSP000097,TXN0006017,M000004,C000093,Visa,MERCHANDISE_NOT_AS_DESCRIBED,"Cardholder claims merchandise arrived damaged, defective, or not as described",2025-01-31 16:29:59,11138.99,500.0,250.0,2025-02-12 16:29:59,12,contested,lost,2025-03-12 16:29:59,1,2,1,1,0.13333333333333333,1,2,0.5,11138.99,credit_card,mobile_app,vacation_package,174,0,0.0,0,0,66,0,1,1,0.0292,16.03,authenticated_3ds,3ds_v2,1,0,,,fulfilled,,,,0,travel_hospitality,travel_agency,enterprise,"website, app",booking_service,0,0,0.3,1,1,68,0.0353,12.0,6.166666666666667
DSP000098,TXN0006020,M000351,C000032,RuPay,UNAUTHORIZED_TRANSACTION,Cardholder claims transaction was unauthorized or fraudulent,2025-02-22 02:38:16,469.03,500.0,250.0,2025-03-11 02:38:16,17,contested,won,2025-03-14 02:38:16,3,3,3,0,0.39666666666666667,3,0,1.0,469.03,debit_card,payment_link,food_item,165,1,793.99,0,0,12,0,1,1,0.0409,3.08,password_authenticated,password,1,0,0.0,0.78,delivered,delivered,1.0,0.0,0,food_local_commerce,local_restaurant,enterprise,website,food_delivery,0,0,0.8635093650867643,0,0,107,0.0252,17.0,27.583333333333332
DSP000099,TXN0006064,M000114,C000013,Mastercard,MERCHANDISE_NOT_AS_DESCRIBED,"Cardholder claims merchandise arrived damaged, defective, or not as described",2025-02-14 12:23:45,5354.15,500.0,250.0,2025-02-25 12:23:45,11,contested,won,2025-02-21 12:23:45,2,2,2,0,0.26166666666666666,2,1,1.0,5354.15,credit_card,pos_qr,saas_plan,94,2,14048.11,0,0,1,68,0,2,0.01,16.94,authenticated_3ds,3ds_v2,1,0,,,fulfilled,,,,0,digital_saas,developer_tools,small,website,digital_service,1,1,0.8076979909828793,1,1,21,0.0103,11.0,19.875
DSP000100,TXN0006099,M000012,C000006,Visa,MERCHANDISE_NOT_AS_DESCRIBED,"Cardholder claims merchandise arrived damaged, defective, or not as described",2025-02-24 07:58:39,6946.31,15.0,7.5,2025-03-17 07:58:39,21,contested,lost,2025-03-21 07:58:39,2,2,2,0,0.21833333333333335,2,1,1.0,6946.31,credit_card,desktop_web,personal_training,336,0,0.0,0,0,108,0,1,1,0.0221,4.92,authenticated_otp,sms_otp,1,0,,,fulfilled,,,,0,fitness_services,personal_training,small,mobile_app,membership_service,1,0,0.6366176145774936,1,1,4,0.0127,21.0,29.583333333333332
DSP000101,TXN0006159,M000290,C000007,Mastercard,CREDIT_NOT_PROCESSED,Cardholder claims promised credit or refund was not posted,2025-02-26 23:46:56,1023.84,0.0,0.0,2025-03-18 23:46:56,20,accepted,accepted_refunded,,3,3,3,0,0.36166666666666664,3,0,1.0,1023.84,credit_card,desktop_web,food_item,242,0,0.0,0,0,47,0,1,1,0.2951,33.13,authenticated_otp,sms_otp,1,1,1.0,0.95,delivered,delivered,1.0,1.0,0,food_local_commerce,local_restaurant,medium,website,food_delivery,0,0,0.8035942273796742,1,1,9,0.0167,20.0,32.083333333333336
DSP000102,TXN0006274,M000330,C000049,Mastercard,UNAUTHORIZED_TRANSACTION,Cardholder claims transaction was unauthorized or fraudulent,2025-02-06 04:26:35,3295.25,500.0,250.0,2025-02-19 04:26:35,13,contested,lost,2025-02-16 04:26:35,5,3,3,0,0.6366666666666666,5,1,1.0,3295.25,credit_card,desktop_web,footwear,224,1,1881.38,1,0,12,24,0,1,0.01,2.18,password_authenticated,password,1,0,0.0,37.32,delivered,delivered,1.0,1.0,1,d2c_brand,fashion_apparel,medium,omnichannel,physical_delivery,0,0,0.8737896916695769,1,1,27,0.0074,13.0,10.708333333333334
DSP000103,TXN0006321,M000002,C000143,Mastercard,UNAUTHORIZED_TRANSACTION,Cardholder claims transaction was unauthorized or fraudulent,2025-02-08 22:41:57,8889.87,500.0,250.0,2025-02-27 22:41:57,19,contested,lost,2025-03-04 22:41:57,2,3,2,1,0.25166666666666665,2,1,0.6666666666666666,8889.87,debit_card,payment_link,footwear,86,0,0.0,0,0,7,0,1,1,0.0829,12.42,authenticated_3ds,3ds_v2,1,0,1.0,4.95,delivered,delivered,1.0,1.0,0,d2c_brand,footwear,enterprise,website,physical_delivery,0,0,0.65,1,1,60,0.025,19.0,13.375
DSP000104,TXN0006531,M000005,C000106,RuPay,MERCHANDISE_NOT_RECEIVED,Cardholder claims ordered merchandise or service was not received,2025-03-04 01:45:43,7284.83,500.0,250.0,2025-03-21 01:45:43,17,contested,lost,2025-03-31 01:45:43,1,1,0,1,0.09999999999999999,1,2,0.0,7284.83,credit_card,desktop_web,saas_plan,397,0,0.0,0,0,69,0,1,1,0.0551,4.38,authenticated_3ds,3ds_v2,1,0,,,fulfilled,,,,0,digital_saas,b2b_software,medium,website,digital_service,1,0,0.5874540118847362,1,0,46,0.025,17.0,35.708333333333336
DSP000105,TXN0006543,M000272,C000020,RuPay,UNAUTHORIZED_TRANSACTION,Cardholder claims transaction was unauthorized or fraudulent,2025-03-09 17:29:07,17494.29,500.0,250.0,2025-03-19 17:29:07,10,contested,won,2025-03-17 17:29:07,3,3,3,0,0.3666666666666667,3,0,1.0,17494.29,debit_card,payment_link,saas_plan,482,0,0.0,0,0,95,0,1,1,0.0173,7.43,password_authenticated,password,1,0,,,fulfilled,,,,0,digital_saas,developer_tools,medium,website,digital_service,1,0,0.8702484083987109,1,1,115,0.0084,10.0,41.333333333333336
DSP000106,TXN0006617,M000215,C000012,Visa,CREDIT_NOT_PROCESSED,Cardholder claims promised credit or refund was not posted,2025-02-17 08:18:46,16350.48,0.0,0.0,2025-02-27 08:18:46,10,accepted,accepted_refunded,,3,3,3,0,0.35333333333333333,3,0,1.0,16350.48,credit_card,mobile_app,study_material,95,0,0.0,0,0,82,0,1,1,0.225,5.28,authenticated_3ds,3ds_v2,1,0,,,fulfilled,,,,0,education_coaching,edtech_courses,small,website,digital_service,1,1,0.3548733789366586,1,1,97,0.0177,10.0,20.75
DSP000107,TXN0006639,M000343,C000013,Mastercard,RECURRING_BILLING_DISPUTE,Cardholder claims recurring subscription billing was canceled or unauthorized,2025-02-27 23:57:19,1367.35,500.0,250.0,2025-03-11 23:57:19,12,contested,won,2025-03-28 23:57:19,6,3,3,0,0.6716666666666667,6,0,1.0,1367.35,credit_card,desktop_web,footwear,161,1,1584.77,0,0,6,0,1,1,0.0674,14.43,authenticated_otp,sms_otp,1,0,0.0,15.07,delivered,delivered,1.0,1.0,0,d2c_brand,electronics,medium,omnichannel,physical_delivery,0,0,0.8474173829087325,1,0,10,0.0093,12.0,31.333333333333332
DSP000108,TXN0006792,M000392,C000037,Visa,MERCHANDISE_NOT_RECEIVED,Cardholder claims ordered merchandise or service was not received,2025-02-26 20:41:55,1444.96,0.0,0.0,2025-03-13 20:41:55,15,accepted,accepted_refunded,,5,4,4,0,0.5983333333333333,5,1,1.0,1444.96,credit_card,desktop_web,general_item,628,5,8421.11,0,0,8,235,0,1,0.01,14.84,authenticated_otp,sms_otp,1,0,0.0,13.16,failed,failed,0.0,0.0,0,online_marketplace_retailer,multi_category_retail,medium,website,physical_delivery,0,0,0.8177439543779723,1,1,119,0.0135,15.0,29.416666666666668
DSP000109,TXN0006887,M000208,C000010,Mastercard,MERCHANDISE_NOT_RECEIVED,Cardholder claims ordered merchandise or service was not received,2025-03-15 05:29:56,10933.55,350.0,175.0,2025-04-02 05:29:56,18,contested,won,2025-03-29 05:29:56,3,1,1,0,0.3216666666666667,3,0,1.0,10933.55,credit_card,mobile_app,vacation_package,312,1,13610.88,0,0,24,264,0,1,0.01,1.51,authenticated_3ds,3ds_v2,1,0,,,fulfilled,,,,0,travel_hospitality,hotel_booking,small,website,booking_service,0,1,0.6398554188527079,0,1,11,0.0258,18.0,45.5
DSP000110,TXN0006939,M000288,C000029,RuPay,UNAUTHORIZED_TRANSACTION,Cardholder claims transaction was unauthorized or fraudulent,2025-02-26 13:34:27,359.33,0.0,0.0,2025-03-08 13:34:27,10,accepted,accepted_refunded,,1,3,1,2,0.09999999999999999,1,2,0.3333333333333333,359.33,debit_card,payment_link,food_item,279,4,1614.95,0,0,10,268,0,2,0.01,18.84,password_authenticated,password,1,0,0.0,0.9,delivered,delivered,0.0,0.0,0,food_local_commerce,gourmet_food,medium,website,food_delivery,0,0,0.5593981939840869,1,1,14,0.012,10.0,28.666666666666668
DSP000111,TXN0006956,M000236,C000012,RuPay,MERCHANDISE_NOT_AS_DESCRIBED,"Cardholder claims merchandise arrived damaged, defective, or not as described",2025-02-24 18:39:39,18762.83,500.0,250.0,2025-03-13 18:39:39,17,contested,lost,2025-03-21 18:39:39,2,2,1,1,0.225,2,1,0.5,18762.83,credit_card,payment_link,test_series,423,2,33723.43,0,0,5,200,0,1,0.018,29.81,password_authenticated,password,1,0,,,fulfilled,,,,0,education_coaching,exam_prep,small,website,digital_service,1,1,0.3502637093105192,1,0,34,0.0298,17.0,26.791666666666668
DSP000112,TXN0007045,M000009,C000112,Visa,MERCHANDISE_NOT_RECEIVED,Cardholder claims ordered merchandise or service was not received,2025-03-02 09:00:19,21668.61,0.0,0.0,2025-03-19 09:00:19,17,accepted,accepted_refunded,,3,1,1,0,0.325,3,0,1.0,21668.61,credit_card,desktop_web,gym_membership,375,0,0.0,0,0,21,0,1,1,0.0465,21.51,authenticated_3ds,3ds_v2,1,0,,,fulfilled,,,,0,fitness_services,fitness_program,enterprise,"app, in-person",membership_service,1,0,0.5656018640442436,1,1,47,0.025,17.0,31.916666666666668
DSP000113,TXN0007164,M000330,C000034,Mastercard,MERCHANDISE_NOT_AS_DESCRIBED,"Cardholder claims merchandise arrived damaged, defective, or not as described",2025-02-21 12:37:00,3130.32,0.0,0.0,2025-03-03 12:37:00,10,accepted,accepted_refunded,,6,3,3,0,0.755,6,0,1.0,3130.32,credit_card,pos_qr,footwear,483,1,2096.79,1,0,0,0,1,1,0.0105,8.7,authenticated_otp,sms_otp,1,0,0.0,23.51,delivered,delivered,1.0,1.0,0,d2c_brand,fashion_apparel,medium,omnichannel,physical_delivery,0,0,0.8737896916695769,1,1,27,0.0074,10.0,22.708333333333332
DSP000114,TXN0007354,M000004,C000053,Visa,MERCHANDISE_NOT_AS_DESCRIBED,"Cardholder claims merchandise arrived damaged, defective, or not as described",2025-02-10 04:00:30,23408.38,0.0,0.0,2025-02-21 04:00:30,11,accepted,accepted_refunded,,2,2,2,0,0.20666666666666667,2,1,1.0,23408.38,credit_card,payment_link,car_rental,163,0,0.0,0,0,44,0,1,1,0.1111,1.49,password_authenticated,password,1,0,,,fulfilled,,,,0,travel_hospitality,travel_agency,enterprise,"website, app",booking_service,0,0,0.3,1,1,68,0.0353,11.0,10.583333333333334
DSP000115,TXN0007431,M000337,C000011,Mastercard,RECURRING_BILLING_DISPUTE,Cardholder claims recurring subscription billing was canceled or unauthorized,2025-03-07 17:37:44,8413.25,500.0,250.0,2025-03-21 17:37:44,14,contested,won,2025-03-23 17:37:44,2,3,2,1,0.26833333333333337,2,1,0.6666666666666666,8413.25,credit_card,payment_link,saas_plan,608,2,28927.4,0,0,24,185,0,1,0.053,35.19,auth_failed,password,3,0,,,failed,,,,0,digital_saas,productivity_tools,small,website,digital_service,1,0,0.8014393488629755,1,1,85,0.0142,14.0,35.916666666666664
DSP000116,TXN0007519,M000036,C000023,Visa,MERCHANDISE_NOT_RECEIVED,Cardholder claims ordered merchandise or service was not received,2025-02-27 14:44:19,3796.82,500.0,250.0,2025-03-18 14:44:19,19,contested,lost,2025-04-07 14:44:19,2,1,0,1,0.24,2,1,0.0,3796.82,credit_card,payment_link,saas_plan,189,1,6877.01,0,0,28,0,1,1,0.2343,20.01,authenticated_3ds,3ds_v2,1,0,,,fulfilled,,,,0,digital_saas,productivity_tools,medium,website,digital_service,1,1,0.8170524123687292,1,1,13,0.0221,19.0,27.25
DSP000117,TXN0007601,M000132,C000013,Mastercard,MERCHANDISE_NOT_RECEIVED,Cardholder claims ordered merchandise or service was not received,2025-02-20 15:10:05,3296.96,450.0,225.0,2025-03-06 15:10:05,14,contested,won,2025-03-08 15:10:05,6,4,4,0,0.7316666666666666,6,0,1.0,3296.96,debit_card,desktop_web,footwear,204,2,9386.77,0,0,10,0,1,1,0.01,32.83,authenticated_3ds,3ds_v2,1,0,0.0,42.54,failed,failed,0.0,0.0,0,d2c_brand,fashion_apparel,medium,website,physical_delivery,1,1,0.8860730583256343,1,1,119,0.0166,14.0,20.0
DSP000118,TXN0007605,M000224,C000032,Mastercard,UNAUTHORIZED_TRANSACTION,Cardholder claims transaction was unauthorized or fraudulent,2025-03-04 08:20:19,3892.38,350.0,175.0,2025-03-21 08:20:19,17,contested,lost,2025-03-31 08:20:19,6,3,3,0,0.7883333333333334,6,0,1.0,3892.38,debit_card,payment_link,home_decor,424,0,0.0,0,0,62,0,1,1,0.0814,3.14,authenticated_otp,sms_otp,1,0,0.0,11.2,delivered,delivered,1.0,1.0,0,online_marketplace_retailer,beauty_marketplace,medium,website,physical_delivery,0,0,0.8849223410494178,1,1,96,0.0058,17.0,31.708333333333332
DSP000119,TXN0007614,M000272,C000020,RuPay,MERCHANDISE_NOT_AS_DESCRIBED,"Cardholder claims merchandise arrived damaged, defective, or not as described",2025-02-16 13:46:15,7707.6,500.0,250.0,2025-03-01 13:46:15,13,contested,lost,2025-03-25 13:46:15,2,2,1,1,0.24333333333333332,2,1,0.5,7707.6,credit_card,pos_qr,saas_plan,482,1,17494.29,0,0,4,0,1,1,0.097,8.77,authenticated_3ds,3ds_v2,1,0,,,fulfilled,,,,0,digital_saas,developer_tools,medium,website,digital_service,1,0,0.8702484083987109,1,1,115,0.0084,13.0,15.916666666666666
DSP000120,TXN0007620,M000281,C000014,RuPay,RECURRING_BILLING_DISPUTE,Cardholder claims recurring subscription billing was canceled or unauthorized,2025-02-28 03:59:33,668.35,500.0,250.0,2025-03-20 03:59:33,20,contested,won,2025-03-13 03:59:33,3,3,3,0,0.39166666666666666,3,0,1.0,668.35,credit_card,payment_link,lab_test,168,0,0.0,0,0,63,0,1,1,0.0316,14.66,auth_failed,none,4,0,,,failed,,,,0,healthcare_diagnostics,wellness_packages,small,mobile_app,appointment_service,0,0,0.6298295178966775,1,1,98,0.0154,20.0,27.5
DSP000121,TXN0007638,M000289,C000030,Visa,MERCHANDISE_NOT_RECEIVED,Cardholder claims ordered merchandise or service was not received,2025-03-03 20:14:36,4208.92,500.0,250.0,2025-03-21 20:14:36,18,contested,won,2025-04-09 20:14:36,5,4,4,0,0.6533333333333333,5,1,1.0,4208.92,credit_card,payment_link,footwear,95,3,20385.07,1,0,15,0,1,1,0.1677,772.61,authenticated_3ds,3ds_v2,1,1,1.0,28.24,delivered,delivered,1.0,1.0,1,d2c_brand,footwear,medium,omnichannel,physical_delivery,0,0,0.8578280140996174,1,0,100,0.0059,18.0,31.125
DSP000122,TXN0007674,M000310,C000025,RuPay,MERCHANDISE_NOT_RECEIVED,Cardholder claims ordered merchandise or service was not received,2025-02-20 05:22:49,1485.63,0.0,0.0,2025-03-11 05:22:49,19,accepted,accepted_refunded,,5,4,3,1,0.6083333333333333,5,1,0.75,1485.63,credit_card,pos_qr,footwear,176,2,7490.45,0,0,8,60,0,2,0.099,5.3,authenticated_otp,sms_otp,1,0,0.0,43.33,delivered,delivered,1.0,1.0,1,d2c_brand,electronics,medium,omnichannel,physical_delivery,1,1,0.8975852079462534,1,1,16,0.0146,19.0,19.416666666666668
DSP000123,TXN0007724,M000013,C000014,Visa,MERCHANDISE_NOT_AS_DESCRIBED,"Cardholder claims merchandise arrived damaged, defective, or not as described",2025-03-10 14:34:23,9789.98,500.0,250.0,2025-03-25 14:34:23,15,contested,won,2025-03-21 14:34:23,3,2,2,0,0.385,3,0,1.0,9789.98,credit_card,desktop_web,saas_plan,357,1,8293.81,0,0,8,120,0,1,0.7033,6.84,authenticated_3ds,3ds_v2,1,0,,,fulfilled,,,,0,digital_saas,cloud_analytics,medium,website,digital_service,1,0,0.8601115011743209,1,0,111,0.0167,15.0,37.5
DSP000124,TXN0007822,M000315,C000007,Visa,DUPLICATE_TRANSACTION,Cardholder claims single purchase was billed multiple times,2025-02-20 07:42:23,12136.59,15.0,7.5,2025-03-12 07:42:23,20,contested,won,2025-03-05 07:42:23,3,2,2,0,0.38166666666666665,3,0,1.0,12136.59,credit_card,payment_link,saas_plan,359,0,0.0,0,0,31,0,1,1,0.3487,0.31,auth_failed,password,4,0,,,failed,,,,0,digital_saas,cloud_analytics,small,website,digital_service,1,1,0.5938971420705635,1,1,66,0.0101,20.0,18.833333333333332
DSP000125,TXN0007899,M000004,C000075,RuPay,DUPLICATE_TRANSACTION,Cardholder claims single purchase was billed multiple times,2025-03-04 20:49:43,7700.62,0.0,0.0,2025-03-25 20:49:43,21,accepted,accepted_refunded,,0,2,0,2,0.0,0,3,0.0,7700.62,credit_card,desktop_web,vacation_package,118,3,35276.88,0,0,15,43,0,3,0.0474,13.96,authenticated_3ds,3ds_v2,1,0,,,fulfilled,,,,0,travel_hospitality,travel_agency,enterprise,"website, app",booking_service,0,0,0.3,1,1,68,0.0353,21.0,31.208333333333332
DSP000126,TXN0007997,M000009,C000246,Visa,UNAUTHORIZED_TRANSACTION,Cardholder claims transaction was unauthorized or fraudulent,2025-02-27 10:18:43,5153.36,0.0,0.0,2025-03-15 10:18:43,16,accepted,accepted_refunded,,3,3,3,0,0.39666666666666667,3,0,1.0,5153.36,credit_card,mobile_app,gym_membership,355,0,0.0,0,0,58,0,1,1,0.0943,10.99,authenticated_3ds,3ds_v2,1,0,,,fulfilled,,,,0,fitness_services,fitness_program,enterprise,"app, in-person",membership_service,1,0,0.5656018640442436,1,1,47,0.025,16.0,25.458333333333332
DSP000127,TXN0008076,M000345,C000026,Mastercard,CREDIT_NOT_PROCESSED,Cardholder claims promised credit or refund was not posted,2025-02-11 04:48:13,1183.11,500.0,250.0,2025-02-27 04:48:13,16,contested,won,2025-03-04 04:48:13,4,3,2,1,0.5183333333333334,4,2,0.6666666666666666,1183.11,credit_card,payment_link,fashion_apparel,352,1,1103.53,0,0,5,218,0,1,0.0207,6.24,password_authenticated,password,1,0,0.0,35.97,delivered,delivered,1.0,1.0,1,online_marketplace_retailer,electronics_hub,medium,omnichannel,physical_delivery,0,0,0.5991615875116832,1,1,9,0.0065,16.0,8.791666666666666
DSP000128,TXN0008140,M000368,C000011,Visa,MERCHANDISE_NOT_RECEIVED,Cardholder claims ordered merchandise or service was not received,2025-03-07 09:11:08,4458.58,500.0,250.0,2025-03-21 09:11:08,14,contested,lost,2025-04-17 09:11:08,2,1,0,1,0.23666666666666666,2,1,0.0,4458.58,credit_card,pos_qr,diagnostic_package,83,1,9139.57,0,0,0,67,0,1,0.01,4.62,authenticated_otp,sms_otp,1,0,,,fulfilled,,,,0,healthcare_diagnostics,clinic_appointments,small,website,appointment_service,0,0,0.6045616789315935,1,1,8,0.0075,14.0,32.833333333333336
DSP000129,TXN0008177,M000039,C000014,Visa,MERCHANDISE_NOT_RECEIVED,Cardholder claims ordered merchandise or service was not received,2025-02-15 17:18:02,7687.85,500.0,250.0,2025-03-04 17:18:02,17,contested,won,2025-03-06 17:18:02,2,1,1,0,0.205,2,1,1.0,7687.85,credit_card,pos_qr,tour_package,566,7,32017.56,0,0,1,222,0,5,0.01,56.13,authenticated_otp,sms_otp,1,0,,,fulfilled,,,,0,travel_hospitality,hotel_booking,medium,mobile_app,booking_service,1,0,0.6465632033074559,1,1,67,0.0193,17.0,13.083333333333334
DSP000130,TXN0008243,M000310,C000013,Mastercard,MERCHANDISE_NOT_AS_DESCRIBED,"Cardholder claims merchandise arrived damaged, defective, or not as described",2025-03-02 09:18:05,3732.54,0.0,0.0,2025-03-13 09:18:05,11,accepted,accepted_refunded,,3,3,2,1,0.41,3,3,0.6666666666666666,3732.54,credit_card,payment_link,footwear,160,0,0.0,0,0,77,0,1,1,0.5908,13.04,authenticated_otp,sms_otp,1,0,0.0,38.04,delivered,delivered,1.0,1.0,1,d2c_brand,electronics,medium,omnichannel,physical_delivery,1,1,0.8975852079462534,1,1,16,0.0146,11.0,27.625
DSP000131,TXN0008330,M000002,C000148,RuPay,MERCHANDISE_NOT_AS_DESCRIBED,"Cardholder claims merchandise arrived damaged, defective, or not as described",2025-03-20 17:36:50,3943.8,0.0,0.0,2025-04-03 17:36:50,14,accepted,accepted_refunded,,3,2,2,0,0.38833333333333336,3,0,1.0,3943.8,credit_card,pos_qr,footwear,70,1,4524.55,0,0,11,38,0,1,0.0372,22.02,authenticated_otp,sms_otp,1,0,0.0,15.9,delivered,delivered,1.0,0.0,0,d2c_brand,footwear,enterprise,website,physical_delivery,0,0,0.65,1,1,60,0.025,14.0,45.5
DSP000132,TXN0008361,M000379,C000031,Visa,MERCHANDISE_NOT_RECEIVED,Cardholder claims ordered merchandise or service was not received,2025-02-10 04:44:48,11806.89,500.0,250.0,2025-03-03 04:44:48,21,contested,won,2025-03-05 04:44:48,3,1,1,0,0.36333333333333334,3,0,1.0,11806.89,credit_card,mobile_app,saas_plan,178,3,32703.73,0,0,10,78,0,2,0.01,3.81,auth_failed,none,2,0,,,failed,,,,0,digital_saas,productivity_tools,medium,website,digital_service,1,1,0.8071188648460229,0,1,44,0.0208,21.0,6.791666666666667
DSP000133,TXN0008399,M000008,C000060,Visa,MERCHANDISE_NOT_AS_DESCRIBED,"Cardholder claims merchandise arrived damaged, defective, or not as described",2025-03-21 08:49:11,4045.79,0.0,0.0,2025-04-02 08:49:11,12,accepted,accepted_refunded,,1,2,0,2,0.12,1,2,0.0,4045.79,credit_card,payment_link,lab_test,86,1,3720.12,0,0,25,58,0,1,0.1393,35.56,password_authenticated,password,1,0,,,fulfilled,,,,0,healthcare_diagnostics,telehealth,enterprise,"website, app, clinic",appointment_service,0,0,0.6098658484197036,1,1,99,0.025,12.0,45.875
DSP000134,TXN0008719,M000244,C000095,Visa,CREDIT_NOT_PROCESSED,Cardholder claims promised credit or refund was not posted,2025-02-27 07:59:00,614.14,0.0,0.0,2025-03-09 07:59:00,10,accepted,accepted_refunded,,5,3,2,1,0.57,5,1,0.6666666666666666,614.14,debit_card,desktop_web,electronic_accessory,669,4,3247.83,1,0,0,594,0,4,0.0586,1.07,authenticated_3ds,3ds_v2,1,0,1.0,5.27,delivered,delivered,1.0,0.0,0,online_marketplace_retailer,electronics_hub,enterprise,website,physical_delivery,0,0,0.8177110679407049,1,1,56,0.0069,10.0,22.583333333333332
DSP000135,TXN0008722,M000151,C000004,Visa,MERCHANDISE_NOT_AS_DESCRIBED,"Cardholder claims merchandise arrived damaged, defective, or not as described",2025-02-26 04:06:25,3757.64,500.0,250.0,2025-03-19 04:06:25,21,contested,won,2025-03-28 04:06:25,2,2,1,1,0.245,2,1,0.5,3757.64,debit_card,desktop_web,lab_test,304,6,25719.89,0,0,1,177,0,3,0.0536,5.22,authenticated_otp,sms_otp,1,0,,,fulfilled,,,,0,healthcare_diagnostics,telehealth,medium,website,appointment_service,0,0,0.6109564333979897,1,1,107,0.014,21.0,21.416666666666668
DSP000136,TXN0008729,M000205,C000044,Mastercard,MERCHANDISE_NOT_AS_DESCRIBED,"Cardholder claims merchandise arrived damaged, defective, or not as described",2025-03-13 10:23:55,359.55,350.0,175.0,2025-03-27 10:23:55,14,contested,won,2025-03-27 10:23:55,3,2,2,0,0.4066666666666667,3,0,1.0,359.55,credit_card,payment_link,food_item,265,2,1118.29,0,0,5,188,0,1,0.0162,19.02,authenticated_otp,sms_otp,1,0,0.0,0.68,delivered,delivered,1.0,0.0,0,food_local_commerce,cloud_kitchen,medium,website,food_delivery,0,0,0.8642031646154288,1,1,11,0.0178,14.0,36.666666666666664
DSP000137,TXN0008786,M000004,C000136,RuPay,MERCHANDISE_NOT_RECEIVED,Cardholder claims ordered merchandise or service was not received,2025-03-09 01:08:34,12159.59,0.0,0.0,2025-03-21 01:08:34,12,accepted,accepted_refunded,,3,1,1,0,0.35833333333333334,3,0,1.0,12159.59,credit_card,mobile_app,hotel_stay,123,0,0.0,0,0,59,0,1,1,0.0422,13.02,authenticated_3ds,3ds_v2,1,0,,,fulfilled,,,,0,travel_hospitality,travel_agency,enterprise,"website, app",booking_service,0,0,0.3,1,1,68,0.0353,12.0,32.083333333333336
DSP000138,TXN0008866,M000112,C000008,Mastercard,UNAUTHORIZED_TRANSACTION,Cardholder claims transaction was unauthorized or fraudulent,2025-02-08 20:57:06,1902.34,500.0,250.0,2025-02-26 20:57:06,18,contested,lost,2025-02-21 20:57:06,5,3,2,1,0.6983333333333334,5,1,0.6666666666666666,1902.34,credit_card,desktop_web,footwear,286,1,1838.66,1,0,16,0,1,1,0.0188,6.09,authenticated_3ds,3ds_v2,1,0,1.0,16.87,delivered,delivered,1.0,1.0,1,d2c_brand,home_lifestyle,medium,website,physical_delivery,0,0,0.8755551138543048,1,1,47,0.0134,18.0,3.3333333333333335
DSP000139,TXN0008969,M000398,C000064,Visa,MERCHANDISE_NOT_RECEIVED,Cardholder claims ordered merchandise or service was not received,2025-02-23 11:33:27,4403.11,0.0,0.0,2025-03-05 11:33:27,10,accepted,accepted_refunded,,6,4,4,0,0.725,6,0,1.0,4403.11,credit_card,pos_qr,fashion_apparel,185,1,1076.21,0,0,5,144,0,1,0.0765,3.8,authenticated_3ds,3ds_v2,1,0,0.0,30.95,delivered,delivered,1.0,1.0,0,online_marketplace_retailer,electronics_hub,enterprise,mobile_app,physical_delivery,0,0,0.6276412960741997,1,1,13,0.0084,10.0,17.625
DSP000140,TXN0009037,M000002,C000103,Visa,UNAUTHORIZED_TRANSACTION,Cardholder claims transaction was unauthorized or fraudulent,2025-02-14 03:10:03,8036.34,15.0,7.5,2025-03-03 03:10:03,17,contested,lost,2025-03-12 03:10:03,3,3,3,0,0.4266666666666667,3,0,1.0,8036.34,credit_card,desktop_web,footwear,316,2,18610.27,2,0,9,87,0,1,0.01,11.58,password_authenticated,password,1,0,0.0,40.11,delivered,delivered,0.0,0.0,1,d2c_brand,footwear,enterprise,website,physical_delivery,0,0,0.65,1,1,60,0.025,17.0,7.833333333333333
DSP000141,TXN0009053,M000277,C000027,RuPay,UNAUTHORIZED_TRANSACTION,Cardholder claims transaction was unauthorized or fraudulent,2025-03-12 11:57:42,5053.64,500.0,250.0,2025-03-23 11:57:42,11,contested,won,2025-04-22 11:57:42,3,3,3,0,0.4116666666666666,3,0,1.0,5053.64,credit_card,mobile_app,saas_plan,253,3,22547.37,0,0,18,195,0,2,0.01,4.81,authenticated_3ds,3ds_v2,1,0,,,fulfilled,,,,0,digital_saas,developer_tools,medium,website,digital_service,1,0,0.8867072318580104,1,1,58,0.019,11.0,34.125
DSP000142,TXN0009120,M000316,C000007,Visa,RECURRING_BILLING_DISPUTE,Cardholder claims recurring subscription billing was canceled or unauthorized,2025-03-08 07:38:59,31269.11,500.0,250.0,2025-03-29 07:38:59,21,contested,lost,2025-03-17 07:38:59,2,3,2,1,0.215,2,1,0.6666666666666666,31269.11,credit_card,mobile_app,vacation_package,101,0,0.0,0,0,76,0,1,1,0.3936,11.7,authenticated_3ds,3ds_v2,1,0,,,fulfilled,,,,0,travel_hospitality,travel_agency,small,website,booking_service,0,0,0.5578456381342266,1,1,26,0.0153,21.0,29.75
DSP000143,TXN0009194,M000162,C000017,Visa,MERCHANDISE_NOT_RECEIVED,Cardholder claims ordered merchandise or service was not received,2025-03-05 00:41:55,14191.65,150.0,75.0,2025-03-22 00:41:55,17,contested,won,2025-03-15 00:41:55,3,1,1,0,0.37833333333333335,3,0,1.0,14191.65,credit_card,desktop_web,flight_booking,118,1,13007.68,0,0,3,96,0,1,0.3175,0.38,auth_failed,password,4,0,,,failed,,,,0,travel_hospitality,travel_agency,medium,website,booking_service,0,0,0.8761619615328717,1,1,82,0.0356,17.0,26.25
DSP000144,TXN0009201,M000380,C000031,Mastercard,MERCHANDISE_NOT_RECEIVED,Cardholder claims ordered merchandise or service was not received,2025-03-07 03:14:19,3663.39,500.0,250.0,2025-03-20 03:14:19,13,contested,lost,2025-04-04 03:14:19,6,4,4,0,0.7050000000000001,6,0,1.0,3663.39,credit_card,desktop_web,footwear,104,1,2982.55,0,0,25,13,0,1,0.01,20.65,authenticated_otp,sms_otp,1,0,0.0,32.73,delivered,delivered,1.0,1.0,1,d2c_brand,footwear,medium,website,physical_delivery,0,0,0.8318975630293761,1,1,38,0.0135,13.0,28.333333333333332
DSP000145,TXN0009238,M000351,C000047,RuPay,MERCHANDISE_NOT_AS_DESCRIBED,"Cardholder claims merchandise arrived damaged, defective, or not as described",2025-02-25 01:19:30,474.61,0.0,0.0,2025-03-16 01:19:30,19,accepted,accepted_refunded,,3,2,2,0,0.43333333333333335,3,0,1.0,474.61,credit_card,desktop_web,food_item,46,0,0.0,0,0,9,0,1,1,0.028,14.72,authenticated_otp,sms_otp,1,0,0.0,0.99,delivered,delivered,1.0,1.0,0,food_local_commerce,local_restaurant,enterprise,website,food_delivery,0,0,0.8635093650867643,0,0,107,0.0252,19.0,18.166666666666668
DSP000146,TXN0009313,M000208,C000017,RuPay,MERCHANDISE_NOT_RECEIVED,Cardholder claims ordered merchandise or service was not received,2025-02-24 19:22:38,4127.37,0.0,0.0,2025-03-08 19:22:38,12,accepted,accepted_refunded,,1,1,1,0,0.13166666666666668,1,2,1.0,4127.37,credit_card,pos_qr,car_rental,32,0,0.0,0,0,22,0,1,1,0.3419,424.83,authenticated_otp,sms_otp,1,1,,,fulfilled,,,,0,travel_hospitality,hotel_booking,small,website,booking_service,0,1,0.6398554188527079,0,1,11,0.0258,12.0,17.416666666666668
DSP000147,TXN0009321,M000174,C000015,Mastercard,MERCHANDISE_NOT_AS_DESCRIBED,"Cardholder claims merchandise arrived damaged, defective, or not as described",2025-02-26 14:37:08,2108.24,0.0,0.0,2025-03-09 14:37:08,11,accepted,accepted_refunded,,6,3,3,0,0.7999999999999999,6,0,1.0,2108.24,debit_card,desktop_web,footwear,11,0,0.0,0,0,10,0,1,1,0.378,11.21,password_authenticated,password,1,0,0.0,30.88,delivered,delivered,1.0,1.0,0,d2c_brand,footwear,medium,omnichannel,physical_delivery,0,1,0.8590892943188242,1,1,80,0.0092,11.0,19.208333333333332
DSP000148,TXN0009367,M000003,C000139,Visa,CREDIT_NOT_PROCESSED,Cardholder claims promised credit or refund was not posted,2025-02-26 08:05:38,2657.32,0.0,0.0,2025-03-13 08:05:38,15,accepted,accepted_refunded,,4,3,1,2,0.46166666666666667,4,2,0.3333333333333333,2657.32,credit_card,payment_link,test_series,324,0,0.0,0,0,62,0,1,1,0.1421,14.73,authenticated_otp,sms_otp,1,0,,,fulfilled,,,,0,education_coaching,exam_prep,enterprise,"website, app",digital_service,0,1,0.4,1,0,99,0.025,15.0,18.75
DSP000149,TXN0009427,M000116,C000002,Visa,RECURRING_BILLING_DISPUTE,Cardholder claims recurring subscription billing was canceled or unauthorized,2025-03-09 10:40:16,10742.42,0.0,0.0,2025-03-20 10:40:16,11,accepted,accepted_refunded,,3,3,3,0,0.34833333333333333,3,0,1.0,10742.42,credit_card,payment_link,saas_plan,359,0,0.0,0,0,69,0,1,1,0.456,200.45,authenticated_otp,sms_otp,1,1,,,fulfilled,,,,0,digital_saas,cloud_analytics,small,website,digital_service,1,1,0.8161221287254005,0,1,80,0.0234,11.0,29.666666666666668
DSP000150,TXN0009484,M000009,C000157,Mastercard,CREDIT_NOT_PROCESSED,Cardholder claims promised credit or refund was not posted,2025-02-17 18:25:45,7410.99,500.0,250.0,2025-03-07 18:25:45,18,contested,lost,2025-03-29 18:25:45,3,3,3,0,0.36833333333333335,3,0,1.0,7410.99,credit_card,pos_qr,fitness_class,288,0,0.0,0,0,91,0,1,1,0.2248,18.66,password_authenticated,password,1,0,,,fulfilled,,,,0,fitness_services,fitness_program,enterprise,"app, in-person",membership_service,1,0,0.5656018640442436,1,1,47,0.025,18.0,9.583333333333334
DSP000151,TXN0009496,M000215,C000014,Visa,UNAUTHORIZED_TRANSACTION,Cardholder claims transaction was unauthorized or fraudulent,2025-03-02 21:02:25,17536.28,450.0,225.0,2025-03-22 21:02:25,20,contested,lost,2025-03-15 21:02:25,1,3,1,2,0.125,1,2,0.3333333333333333,17536.28,credit_card,desktop_web,study_material,201,0,0.0,0,0,13,0,1,1,0.1877,7.32,password_authenticated,password,1,0,,,fulfilled,,,,0,education_coaching,edtech_courses,small,website,digital_service,1,1,0.3548733789366586,1,1,97,0.0177,20.0,22.583333333333332
DSP000152,TXN0009528,M000094,C000029,Mastercard,CREDIT_NOT_PROCESSED,Cardholder claims promised credit or refund was not posted,2025-03-15 07:10:48,505.61,0.0,0.0,2025-04-01 07:10:48,17,accepted,accepted_refunded,,3,3,3,0,0.39833333333333326,3,0,1.0,505.61,debit_card,pos_qr,food_item,196,1,491.6,0,0,27,119,0,1,0.01,0.04,authenticated_otp,sms_otp,1,0,0.0,0.73,delivered,delivered,1.0,1.0,0,food_local_commerce,bakery,medium,mobile_app,food_delivery,0,0,0.8472214925161949,1,0,10,0.0188,17.0,34.916666666666664
DSP000153,TXN0009560,M000369,C000005,Mastercard,UNAUTHORIZED_TRANSACTION,Cardholder claims transaction was unauthorized or fraudulent,2025-02-19 18:45:42,2056.22,500.0,250.0,2025-03-10 18:45:42,19,contested,lost,2025-04-05 18:45:42,4,3,1,2,0.525,4,2,0.3333333333333333,2056.22,debit_card,pos_qr,footwear,363,3,4071.23,0,0,19,0,1,1,0.1173,0.98,authenticated_3ds,3ds_v2,1,0,0.0,34.47,delivered,delivered,1.0,0.0,0,d2c_brand,cosmetics,medium,website,physical_delivery,1,0,0.8941464808776525,0,1,119,0.0159,19.0,11.333333333333334
DSP000154,TXN0009662,M000001,C000107,Mastercard,MERCHANDISE_NOT_AS_DESCRIBED,"Cardholder claims merchandise arrived damaged, defective, or not as described",2025-03-17 02:14:13,728.81,500.0,250.0,2025-04-03 02:14:13,17,contested,lost,2025-04-28 02:14:13,6,3,3,0,0.8666666666666667,6,0,1.0,728.81,credit_card,pos_qr,crochet_toy,94,0,0.0,0,0,11,0,1,1,0.1376,43.11,authenticated_otp,sms_otp,1,0,1.0,35.86,delivered,delivered,1.0,1.0,0,individual_social_seller,crochet_accessories,medium,"Instagram, WhatsApp, payment links",physical_delivery,0,0,0.9,0,1,13,0.025,17.0,36.375
DSP000155,TXN0009733,M000061,C000024,Visa,MERCHANDISE_NOT_AS_DESCRIBED,"Cardholder claims merchandise arrived damaged, defective, or not as described",2025-02-25 10:43:56,748.1,500.0,250.0,2025-03-14 10:43:56,17,contested,won,2025-03-10 10:43:56,3,3,2,1,0.395,3,3,0.6666666666666666,748.1,debit_card,pos_qr,electronic_accessory,198,3,4559.68,1,0,0,118,0,2,0.0124,34.72,authenticated_3ds,3ds_v2,1,0,0.0,33.66,delivered,delivered,1.0,1.0,1,online_marketplace_retailer,electronics_hub,enterprise,omnichannel,physical_delivery,0,0,0.8088492502051919,1,1,75,0.0125,17.0,16.541666666666668
DSP000156,TXN0009805,M000310,C000021,Visa,UNAUTHORIZED_TRANSACTION,Cardholder claims transaction was unauthorized or fraudulent,2025-03-04 21:14:38,3284.0,500.0,250.0,2025-03-19 21:14:38,15,contested,lost,2025-04-10 21:14:38,6,3,3,0,0.7616666666666667,6,0,1.0,3284.0,credit_card,pos_qr,footwear,328,0,0.0,0,0,11,0,1,1,0.2882,65.96,authenticated_3ds,3ds_v2,1,0,0.0,25.06,delivered,delivered,1.0,1.0,0,d2c_brand,electronics,medium,omnichannel,physical_delivery,1,1,0.8975852079462534,1,1,16,0.0146,15.0,23.541666666666668
DSP000157,TXN0009808,M000001,C000009,Visa,MERCHANDISE_NOT_RECEIVED,Cardholder claims ordered merchandise or service was not received,2025-02-16 10:18:40,932.88,500.0,250.0,2025-02-27 10:18:40,11,contested,won,2025-02-26 10:18:40,6,4,4,0,0.7633333333333333,6,0,1.0,932.88,credit_card,pos_qr,crochet_toy,353,0,0.0,0,0,119,0,1,1,0.2509,2.28,authenticated_3ds,3ds_v2,1,0,1.0,33.51,delivered,delivered,1.0,0.0,1,individual_social_seller,crochet_accessories,medium,"Instagram, WhatsApp, payment links",physical_delivery,0,0,0.9,0,1,13,0.025,11.0,7.083333333333333
DSP000158,TXN0009838,M000221,C000001,Visa,UNAUTHORIZED_TRANSACTION,Cardholder claims transaction was unauthorized or fraudulent,2025-03-22 02:24:48,6150.41,0.0,0.0,2025-04-09 02:24:48,18,accepted,accepted_refunded,,2,3,2,1,0.25166666666666665,2,1,0.6666666666666666,6150.41,debit_card,pos_qr,hotel_stay,285,1,6729.11,0,0,19,254,0,1,0.0815,40.45,authenticated_otp,sms_otp,1,0,,,fulfilled,,,,0,travel_hospitality,travel_agency,small,website,booking_service,0,0,0.3325399698159267,0,0,52,0.0219,18.0,40.708333333333336
DSP000159,TXN0009841,M000002,C000142,RuPay,CREDIT_NOT_PROCESSED,Cardholder claims promised credit or refund was not posted,2025-03-12 08:30:32,3513.78,0.0,0.0,2025-03-22 08:30:32,10,accepted,accepted_refunded,,2,3,2,1,0.24333333333333332,2,1,0.6666666666666666,3513.78,credit_card,payment_link,footwear,198,0,0.0,0,0,82,0,1,1,0.3859,250.27,authenticated_otp,sms_otp,1,1,1.0,33.79,delivered,delivered,1.0,0.0,0,d2c_brand,footwear,enterprise,website,physical_delivery,0,0,0.65,1,1,60,0.025,10.0,30.958333333333332
DSP000160,TXN0009858,M000135,C000006,Mastercard,RECURRING_BILLING_DISPUTE,Cardholder claims recurring subscription billing was canceled or unauthorized,2025-03-16 16:33:18,3393.62,500.0,250.0,2025-03-28 16:33:18,12,contested,lost,2025-04-15 16:33:18,1,3,1,2,0.13,1,2,0.3333333333333333,3393.62,debit_card,desktop_web,fitness_class,133,0,0.0,0,0,90,0,1,1,0.2799,26.36,authenticated_3ds,3ds_v2,1,0,,,fulfilled,,,,0,fitness_services,fitness_program,small,website,membership_service,1,0,0.5917411003148779,1,1,35,0.0227,12.0,35.25
DSP000161,TXN0009938,M000360,C000100,Mastercard,MERCHANDISE_NOT_AS_DESCRIBED,"Cardholder claims merchandise arrived damaged, defective, or not as described",2025-02-19 23:13:26,452.11,0.0,0.0,2025-03-10 23:13:26,19,accepted,accepted_refunded,,2,2,2,0,0.22166666666666668,2,1,1.0,452.11,credit_card,mobile_app,food_item,209,2,1034.36,0,0,2,61,0,2,0.01,7.31,authenticated_otp,sms_otp,1,0,0.0,0.87,delivered,delivered,1.0,1.0,0,food_local_commerce,bakery,enterprise,website,food_delivery,0,0,0.6142419278206316,1,1,89,0.0236,19.0,10.333333333333334
DSP000162,TXN0010300,M000377,C000014,RuPay,MERCHANDISE_NOT_AS_DESCRIBED,"Cardholder claims merchandise arrived damaged, defective, or not as described",2025-03-25 18:06:48,13897.37,500.0,250.0,2025-04-14 18:06:48,20,contested,lost,2025-04-18 18:06:48,2,2,1,1,0.26333333333333336,2,1,0.5,13897.37,credit_card,desktop_web,saas_plan,134,0,0.0,0,0,6,0,1,1,0.2407,16.69,authenticated_otp,sms_otp,1,0,,,fulfilled,,,,0,digital_saas,productivity_tools,medium,website,digital_service,1,0,0.8094442960755928,1,1,39,0.02,20.0,42.791666666666664
DSP000163,TXN0010356,M000268,C000001,Mastercard,DUPLICATE_TRANSACTION,Cardholder claims single purchase was billed multiple times,2025-02-15 14:10:54,15119.61,0.0,0.0,2025-03-01 14:10:54,14,accepted,accepted_refunded,,2,2,1,1,0.225,2,1,0.5,15119.61,credit_card,desktop_web,exam_course,294,0,0.0,0,0,5,0,1,1,0.3421,37.85,authenticated_otp,sms_otp,1,0,,,fulfilled,,,,0,education_coaching,exam_prep,small,mobile_app,digital_service,1,0,0.3518329652363736,1,1,50,0.0199,14.0,4.208333333333333
DSP000164,TXN0010496,M000001,C000046,RuPay,MERCHANDISE_NOT_RECEIVED,Cardholder claims ordered merchandise or service was not received,2025-03-23 15:13:40,1120.91,350.0,175.0,2025-04-08 15:13:40,16,contested,won,2025-05-02 15:13:40,5,4,4,0,0.6749999999999999,5,1,1.0,1120.91,credit_card,payment_link,home_decor,129,0,0.0,0,0,107,0,1,1,0.1381,9.73,authenticated_otp,sms_otp,1,0,0.0,30.12,delivered,delivered,0.0,0.0,0,individual_social_seller,crochet_accessories,medium,"Instagram, WhatsApp, payment links",physical_delivery,0,0,0.9,0,1,13,0.025,16.0,39.875
DSP000165,TXN0010554,M000376,C000021,Visa,CREDIT_NOT_PROCESSED,Cardholder claims promised credit or refund was not posted,2025-02-28 13:13:16,3636.56,350.0,175.0,2025-03-16 13:13:16,16,contested,lost,2025-04-12 13:13:16,4,3,3,0,0.47,4,2,1.0,3636.56,credit_card,payment_link,footwear,306,0,0.0,0,0,39,0,1,1,0.1561,197.24,authenticated_3ds,3ds_v2,1,1,1.0,42.69,delivered,delivered,1.0,1.0,1,d2c_brand,footwear,medium,omnichannel,physical_delivery,1,1,0.8018221825651549,1,1,76,0.0077,16.0,16.5
DSP000166,TXN0010579,M000096,C000054,Visa,MERCHANDISE_NOT_AS_DESCRIBED,"Cardholder claims merchandise arrived damaged, defective, or not as described",2025-03-25 10:12:45,2527.52,0.0,0.0,2025-04-04 10:12:45,10,accepted,accepted_refunded,,4,3,1,2,0.455,4,2,0.3333333333333333,2527.52,credit_card,mobile_app,electronic_accessory,382,0,0.0,0,0,31,0,1,1,0.0288,2.73,password_authenticated,password,1,0,0.0,36.82,delivered,delivered,1.0,0.0,1,online_marketplace_retailer,multi_category_retail,medium,mobile_app,physical_delivery,0,0,0.6213244787222995,1,1,51,0.0098,10.0,41.083333333333336
DSP000167,TXN0010626,M000001,C000076,Mastercard,MERCHANDISE_NOT_RECEIVED,Cardholder claims ordered merchandise or service was not received,2025-02-20 19:05:57,881.88,450.0,225.0,2025-03-09 19:05:57,17,contested,won,2025-03-16 19:05:57,5,4,4,0,0.6383333333333333,5,1,1.0,881.88,debit_card,pos_qr,handicraft_item,346,1,1114.22,0,1,20,0,1,1,0.2794,8.9,authenticated_otp,sms_otp,1,0,0.0,43.0,delivered,delivered,1.0,0.0,1,individual_social_seller,crochet_accessories,medium,"Instagram, WhatsApp, payment links",physical_delivery,0,0,0.9,0,1,13,0.025,17.0,8.333333333333334
DSP000168,TXN0010702,M000132,C000028,RuPay,MERCHANDISE_NOT_AS_DESCRIBED,"Cardholder claims merchandise arrived damaged, defective, or not as described",2025-03-01 08:35:03,4392.71,0.0,0.0,2025-03-12 08:35:03,11,accepted,accepted_refunded,,6,3,3,0,0.775,6,0,1.0,4392.71,credit_card,pos_qr,footwear,178,0,0.0,0,0,108,0,1,1,0.105,14.84,authenticated_otp,sms_otp,1,0,0.0,34.07,delivered,delivered,1.0,1.0,0,d2c_brand,fashion_apparel,medium,website,physical_delivery,1,1,0.8860730583256343,1,1,119,0.0166,11.0,16.666666666666668
DSP000169,TXN0010764,M000064,C000045,Visa,RECURRING_BILLING_DISPUTE,Cardholder claims recurring subscription billing was canceled or unauthorized,2025-03-25 11:54:14,464.15,150.0,75.0,2025-04-12 11:54:14,18,contested,won,2025-04-04 11:54:14,5,3,3,0,0.6166666666666667,5,1,1.0,464.15,credit_card,mobile_app,fashion_apparel,375,5,3391.77,0,0,10,0,1,1,0.0997,16.01,password_authenticated,password,1,0,0.0,27.88,delivered,delivered,1.0,0.0,0,online_marketplace_retailer,specialty_goods,enterprise,omnichannel,physical_delivery,1,0,0.8325330330763264,1,1,18,0.0076,18.0,40.625
DSP000170,TXN0011008,M000212,C000001,Mastercard,MERCHANDISE_NOT_RECEIVED,Cardholder claims ordered merchandise or service was not received,2025-02-17 06:21:35,24710.75,0.0,0.0,2025-03-03 06:21:35,14,accepted,accepted_refunded,,1,1,0,1,0.10666666666666667,1,2,0.0,24710.75,credit_card,desktop_web,car_rental,232,5,101346.82,0,0,3,13,0,5,0.0904,20.74,authenticated_otp,sms_otp,1,0,,,fulfilled,,,,0,travel_hospitality,ticketing,small,website,booking_service,0,0,0.3663501769108055,1,1,33,0.0324,14.0,3.25
DSP000171,TXN0011021,M000001,C000060,Visa,CREDIT_NOT_PROCESSED,Cardholder claims promised credit or refund was not posted,2025-02-17 21:04:41,1243.12,0.0,0.0,2025-03-10 21:04:41,21,accepted,accepted_refunded,,5,3,2,1,0.7016666666666667,5,1,0.6666666666666666,1243.12,credit_card,payment_link,crochet_toy,523,5,5930.6,0,0,12,304,0,2,0.0693,8.86,authenticated_3ds,3ds_v2,1,0,0.0,36.85,delivered,delivered,1.0,0.0,0,individual_social_seller,crochet_accessories,medium,"Instagram, WhatsApp, payment links",physical_delivery,0,0,0.9,0,1,13,0.025,21.0,3.625
DSP000172,TXN0011115,M000344,C000014,Mastercard,MERCHANDISE_NOT_RECEIVED,Cardholder claims ordered merchandise or service was not received,2025-03-22 05:21:03,3868.94,350.0,175.0,2025-04-11 05:21:03,20,contested,won,2025-04-27 05:21:03,5,4,3,1,0.58,5,1,0.75,3868.94,credit_card,payment_link,cosmetics_kit,74,0,0.0,0,0,24,0,1,1,0.2543,18.01,authenticated_otp,sms_otp,1,0,0.0,42.97,delivered,delivered,1.0,0.0,1,online_marketplace_retailer,electronics_hub,enterprise,mobile_app,physical_delivery,0,0,0.5597834160651001,1,1,28,0.0147,20.0,35.708333333333336
DSP000173,TXN0011173,M000001,C000059,Visa,CREDIT_NOT_PROCESSED,Cardholder claims promised credit or refund was not posted,2025-02-22 02:26:24,1929.46,150.0,75.0,2025-03-13 02:26:24,19,contested,won,2025-03-26 02:26:24,6,3,3,0,0.8250000000000001,6,0,1.0,1929.46,credit_card,desktop_web,home_decor,123,1,1337.43,0,0,17,120,0,1,0.1244,31.89,authenticated_otp,sms_otp,1,0,0.0,5.26,failed,failed,0.0,0.0,0,individual_social_seller,crochet_accessories,medium,"Instagram, WhatsApp, payment links",physical_delivery,0,0,0.9,0,1,13,0.025,19.0,7.416666666666667
DSP000174,TXN0011194,M000311,C000035,Visa,MERCHANDISE_NOT_RECEIVED,Cardholder claims ordered merchandise or service was not received,2025-02-19 03:56:37,834.04,500.0,250.0,2025-03-03 03:56:37,12,contested,won,2025-03-04 03:56:37,6,4,4,0,0.765,6,0,1.0,834.04,credit_card,pos_qr,electronic_accessory,660,4,4748.21,1,0,7,234,0,2,0.0397,402.41,authenticated_otp,sms_otp,1,1,1.0,37.17,delivered,delivered,1.0,1.0,0,online_marketplace_retailer,specialty_goods,enterprise,mobile_app,physical_delivery,0,1,0.8516300348301196,1,1,96,0.0044,12.0,4.416666666666667
DSP000175,TXN0011344,M000325,C000011,Mastercard,RECURRING_BILLING_DISPUTE,Cardholder claims recurring subscription billing was canceled or unauthorized,2025-03-05 23:32:26,6069.67,500.0,250.0,2025-03-24 23:32:26,19,contested,won,2025-04-02 23:32:26,3,3,3,0,0.31666666666666665,3,0,1.0,6069.67,debit_card,payment_link,nutrition_plan,217,0,0.0,0,0,57,0,1,1,0.1493,6.99,password_authenticated,password,1,0,,,fulfilled,,,,0,fitness_services,yoga_wellness,small,website,membership_service,1,0,0.354922666470612,0,0,113,0.0252,19.0,18.541666666666668
DSP000176,TXN0011421,M000384,C000028,RuPay,MERCHANDISE_NOT_AS_DESCRIBED,"Cardholder claims merchandise arrived damaged, defective, or not as described",2025-03-05 00:42:20,2981.46,0.0,0.0,2025-03-17 00:42:20,12,accepted,accepted_refunded,,2,2,1,1,0.26,2,1,0.5,2981.46,credit_card,desktop_web,saas_plan,185,1,5609.45,0,0,21,126,0,1,0.295,305.72,password_authenticated,password,1,1,,,fulfilled,,,,0,digital_saas,productivity_tools,medium,website,digital_service,1,1,0.57818547747734,1,1,87,0.0229,12.0,17.416666666666668
DSP000177,TXN0011436,M000126,C000012,Visa,RECURRING_BILLING_DISPUTE,Cardholder claims recurring subscription billing was canceled or unauthorized,2025-03-03 02:29:37,661.03,500.0,250.0,2025-03-18 02:29:37,15,contested,won,2025-03-21 02:29:37,5,3,3,0,0.695,5,1,1.0,661.03,credit_card,payment_link,electronic_accessory,432,3,3143.52,0,0,9,296,0,2,0.0225,1.62,authenticated_otp,sms_otp,1,0,0.0,3.63,delivered,delivered,1.0,1.0,0,online_marketplace_retailer,multi_category_retail,medium,omnichannel,physical_delivery,0,0,0.8896091299923493,1,1,90,0.0118,15.0,15.458333333333334
DSP000178,TXN0011472,M000363,C000033,RuPay,CREDIT_NOT_PROCESSED,Cardholder claims promised credit or refund was not posted,2025-03-28 21:32:22,453.95,500.0,250.0,2025-04-17 21:32:22,20,contested,won,2025-05-10 21:32:22,6,3,3,0,0.875,6,0,1.0,453.95,credit_card,mobile_app,electronic_accessory,722,4,2400.32,2,0,8,0,1,1,0.178,25.63,authenticated_3ds,3ds_v2,1,0,0.0,27.67,delivered,delivered,1.0,1.0,1,online_marketplace_retailer,multi_category_retail,enterprise,website,physical_delivery,1,0,0.8940230241424958,1,1,84,0.0116,20.0,41.166666666666664
DSP000179,TXN0011524,M000004,C000039,Mastercard,MERCHANDISE_NOT_RECEIVED,Cardholder claims ordered merchandise or service was not received,2025-03-28 10:10:38,13614.48,0.0,0.0,2025-04-17 10:10:38,20,accepted,accepted_refunded,,2,1,1,0,0.21833333333333335,2,1,1.0,13614.48,credit_card,pos_qr,car_rental,134,0,0.0,0,0,44,0,1,1,0.0386,14.0,authenticated_3ds,3ds_v2,1,0,,,fulfilled,,,,0,travel_hospitality,travel_agency,enterprise,"website, app",booking_service,0,0,0.3,1,1,68,0.0353,20.0,40.583333333333336
DSP000180,TXN0011570,M000061,C000021,Visa,UNAUTHORIZED_TRANSACTION,Cardholder claims transaction was unauthorized or fraudulent,2025-03-11 06:19:10,1002.05,500.0,250.0,2025-03-28 06:19:10,17,contested,lost,2025-04-04 06:19:10,5,3,2,1,0.61,5,1,0.6666666666666666,1002.05,credit_card,payment_link,cosmetics_kit,6,0,0.0,0,0,2,0,1,1,0.0929,6.68,authenticated_3ds,3ds_v2,1,0,0.0,33.28,delivered,delivered,0.0,0.0,0,online_marketplace_retailer,electronics_hub,enterprise,omnichannel,physical_delivery,0,0,0.8088492502051919,1,1,75,0.0125,17.0,23.166666666666668
DSP000181,TXN0011620,M000331,C000082,Visa,UNAUTHORIZED_TRANSACTION,Cardholder claims transaction was unauthorized or fraudulent,2025-03-28 10:33:24,778.34,500.0,250.0,2025-04-12 10:33:24,15,contested,lost,2025-04-07 10:33:24,6,3,3,0,0.7666666666666666,6,0,1.0,778.34,credit_card,desktop_web,home_decor,194,0,0.0,0,0,84,0,1,1,0.0317,82.38,password_authenticated,password,1,0,0.0,45.97,delivered,delivered,1.0,1.0,0,online_marketplace_retailer,beauty_marketplace,enterprise,mobile_app,physical_delivery,0,0,0.85543540525114,1,1,17,0.0145,15.0,40.041666666666664
DSP000182,TXN0011691,M000309,C000004,RuPay,CREDIT_NOT_PROCESSED,Cardholder claims promised credit or refund was not posted,2025-03-14 22:18:31,9316.13,0.0,0.0,2025-03-25 22:18:31,11,accepted,accepted_refunded,,3,3,3,0,0.3983333333333334,3,0,1.0,9316.13,credit_card,pos_qr,saas_plan,113,1,6650.67,0,0,18,0,1,1,0.2023,2.78,password_authenticated,password,1,0,,,fulfilled,,,,0,digital_saas,productivity_tools,small,website,digital_service,1,0,0.8726091333722661,1,1,9,0.0167,11.0,26.375
DSP000183,TXN0011699,M000147,C000039,RuPay,MERCHANDISE_NOT_RECEIVED,Cardholder claims ordered merchandise or service was not received,2025-03-28 09:44:17,351.2,500.0,250.0,2025-04-10 09:44:17,13,contested,lost,2025-05-02 09:44:17,2,1,0,1,0.23666666666666666,2,1,0.0,351.2,credit_card,pos_qr,food_item,326,2,884.84,0,0,19,304,0,1,0.3902,2.22,authenticated_otp,sms_otp,1,0,0.0,0.68,delivered,delivered,1.0,1.0,0,food_local_commerce,cloud_kitchen,medium,mobile_app,food_delivery,1,0,0.8497248505892385,1,1,43,0.0152,13.0,39.833333333333336
DSP000184,TXN0011703,M000004,C000076,Mastercard,CREDIT_NOT_PROCESSED,Cardholder claims promised credit or refund was not posted,2025-02-25 23:50:48,8877.98,500.0,250.0,2025-03-18 23:50:48,21,contested,lost,2025-04-01 23:50:48,2,3,2,1,0.24666666666666667,2,1,0.6666666666666666,8877.98,credit_card,mobile_app,tour_package,90,0,0.0,0,0,27,0,1,1,0.3568,401.03,authenticated_3ds,3ds_v2,1,1,,,fulfilled,,,,0,travel_hospitality,travel_agency,enterprise,"website, app",booking_service,0,0,0.3,1,1,68,0.0353,21.0,9.416666666666666
DSP000185,TXN0011706,M000310,C000034,Visa,MERCHANDISE_NOT_AS_DESCRIBED,"Cardholder claims merchandise arrived damaged, defective, or not as described",2025-03-20 05:59:37,4562.49,500.0,250.0,2025-04-07 05:59:37,18,contested,lost,2025-04-22 05:59:37,5,3,2,1,0.5716666666666667,5,1,0.6666666666666666,4562.49,credit_card,mobile_app,footwear,244,3,13444.95,1,0,19,27,0,3,0.0778,54.25,authenticated_3ds,3ds_v2,1,0,0.0,16.49,delivered,delivered,1.0,0.0,0,d2c_brand,electronics,medium,omnichannel,physical_delivery,1,1,0.8975852079462534,1,1,16,0.0146,18.0,31.666666666666668
DSP000186,TXN0011725,M000397,C000017,Visa,MERCHANDISE_NOT_RECEIVED,Cardholder claims ordered merchandise or service was not received,2025-03-13 12:08:36,4049.45,500.0,250.0,2025-04-01 12:08:36,19,contested,won,2025-04-07 12:08:36,3,1,1,0,0.375,3,0,1.0,4049.45,credit_card,payment_link,saas_plan,104,2,8214.65,0,0,38,65,0,1,0.2675,11.88,authenticated_3ds,3ds_v2,1,0,,,fulfilled,,,,0,digital_saas,b2b_software,medium,website,digital_service,1,0,0.8372018085792783,1,1,75,0.0138,19.0,24.875
DSP000187,TXN0011842,M000244,C000055,RuPay,MERCHANDISE_NOT_RECEIVED,Cardholder claims ordered merchandise or service was not received,2025-03-08 21:28:39,754.85,0.0,0.0,2025-03-28 21:28:39,20,accepted,accepted_refunded,,5,4,3,1,0.6266666666666666,5,1,0.75,754.85,credit_card,desktop_web,electronic_accessory,397,11,8893.5,5,0,3,0,1,1,0.0662,0.47,authenticated_otp,sms_otp,1,0,0.0,37.51,delivered,delivered,1.0,1.0,1,online_marketplace_retailer,electronics_hub,enterprise,website,physical_delivery,0,0,0.8177110679407049,1,1,56,0.0069,20.0,19.958333333333332
DSP000188,TXN0011849,M000323,C000002,Visa,CREDIT_NOT_PROCESSED,Cardholder claims promised credit or refund was not posted,2025-03-01 10:05:56,4838.83,0.0,0.0,2025-03-15 10:05:56,14,accepted,accepted_refunded,,2,3,2,1,0.21999999999999997,2,1,0.6666666666666666,4838.83,credit_card,pos_qr,car_rental,37,0,0.0,0,0,5,0,1,1,0.464,14.58,authenticated_3ds,3ds_v2,1,0,,,fulfilled,,,,0,travel_hospitality,tour_packages,medium,mobile_app,booking_service,0,1,0.8156437042671085,0,1,46,0.0371,14.0,12.458333333333334
DSP000189,TXN0011887,M000212,C000001,Mastercard,CREDIT_NOT_PROCESSED,Cardholder claims promised credit or refund was not posted,2025-03-01 04:54:52,20069.3,500.0,250.0,2025-03-22 04:54:52,21,contested,lost,2025-03-13 04:54:52,1,3,1,2,0.135,1,2,0.3333333333333333,20069.3,credit_card,desktop_web,car_rental,232,6,126057.57,0,0,3,160,0,4,0.01,8.98,authenticated_3ds,3ds_v2,1,0,,,fulfilled,,,,0,travel_hospitality,ticketing,small,website,booking_service,0,0,0.3663501769108055,1,1,33,0.0324,21.0,11.875
DSP000190,TXN0011914,M000003,C000013,Mastercard,MERCHANDISE_NOT_AS_DESCRIBED,"Cardholder claims merchandise arrived damaged, defective, or not as described",2025-04-03 07:25:03,6759.35,500.0,250.0,2025-04-19 07:25:03,16,contested,won,2025-04-23 07:25:03,4,3,2,1,0.4716666666666667,4,2,0.6666666666666666,6759.35,credit_card,payment_link,exam_course,253,1,8034.03,0,0,0,53,0,1,0.01,10.41,authenticated_otp,sms_otp,1,0,,,fulfilled,,,,0,education_coaching,exam_prep,enterprise,"website, app",digital_service,0,1,0.4,1,0,99,0.025,16.0,44.875
DSP000191,TXN0011952,M000154,C000013,RuPay,MERCHANDISE_NOT_RECEIVED,Cardholder claims ordered merchandise or service was not received,2025-03-14 03:51:26,2234.29,500.0,250.0,2025-03-27 03:51:26,13,contested,won,2025-04-22 03:51:26,4,4,2,2,0.5,4,2,0.5,2234.29,credit_card,desktop_web,cosmetics_kit,434,3,6520.62,1,0,18,32,0,1,0.0222,7.34,auth_failed,none,3,0,0.0,34.22,failed,failed,0.0,0.0,0,online_marketplace_retailer,electronics_hub,enterprise,omnichannel,physical_delivery,1,0,0.5778646464236611,1,0,15,0.005,13.0,24.625
DSP000192,TXN0011997,M000002,C000045,RuPay,DUPLICATE_TRANSACTION,Cardholder claims single purchase was billed multiple times,2025-03-27 15:49:58,8817.39,0.0,0.0,2025-04-14 15:49:58,18,accepted,accepted_refunded,,2,2,1,1,0.2333333333333333,2,1,0.5,8817.39,credit_card,mobile_app,footwear,290,5,45915.32,2,0,1,272,0,4,0.3328,5.66,authenticated_3ds,3ds_v2,1,0,0.0,7.16,delivered,delivered,1.0,1.0,1,d2c_brand,footwear,enterprise,website,physical_delivery,0,0,0.65,1,1,60,0.025,18.0,37.958333333333336
DSP000193,TXN0012138,M000377,C000002,Mastercard,UNAUTHORIZED_TRANSACTION,Cardholder claims transaction was unauthorized or fraudulent,2025-03-31 21:02:49,8250.47,450.0,225.0,2025-04-12 21:02:49,12,contested,won,2025-04-17 21:02:49,3,3,3,0,0.36166666666666664,3,0,1.0,8250.47,credit_card,payment_link,saas_plan,453,2,16572.02,0,0,1,155,0,1,0.01,19.13,password_authenticated,password,1,0,,,fulfilled,,,,0,digital_saas,productivity_tools,medium,website,digital_service,1,0,0.8094442960755928,1,1,39,0.02,12.0,41.5
DSP000194,TXN0012188,M000234,C000017,Visa,MERCHANDISE_NOT_RECEIVED,Cardholder claims ordered merchandise or service was not received,2025-03-21 13:48:47,508.18,0.0,0.0,2025-04-06 13:48:47,16,accepted,accepted_refunded,,6,4,4,0,0.8216666666666667,6,0,1.0,508.18,debit_card,payment_link,general_item,141,2,1244.76,0,0,4,61,0,2,0.01,50.8,authenticated_3ds,3ds_v2,1,0,0.0,14.28,delivered,delivered,1.0,1.0,0,online_marketplace_retailer,multi_category_retail,small,mobile_app,physical_delivery,0,1,0.8631138625997262,1,1,8,0.0101,16.0,31.041666666666668
DSP000195,TXN0012190,M000332,C000003,Visa,MERCHANDISE_NOT_AS_DESCRIBED,"Cardholder claims merchandise arrived damaged, defective, or not as described",2025-03-08 05:57:03,7753.79,500.0,250.0,2025-03-21 05:57:03,13,contested,won,2025-04-12 05:57:03,3,2,2,0,0.33166666666666667,3,0,1.0,7753.79,credit_card,mobile_app,test_series,710,5,47744.19,0,0,5,379,0,2,0.01,3.77,authenticated_3ds,3ds_v2,1,0,,,fulfilled,,,,0,education_coaching,online_tutoring,small,mobile_app,digital_service,0,0,0.3611720746234352,1,1,81,0.0262,13.0,17.708333333333332
DSP000196,TXN0012197,M000047,C000019,Mastercard,MERCHANDISE_NOT_AS_DESCRIBED,"Cardholder claims merchandise arrived damaged, defective, or not as described",2025-03-22 22:24:24,5114.21,500.0,250.0,2025-04-07 22:24:24,16,contested,lost,2025-04-06 22:24:24,4,3,2,1,0.4749999999999999,4,2,0.6666666666666666,5114.21,credit_card,desktop_web,footwear,406,1,3876.94,0,0,30,257,0,1,0.5189,62.46,authenticated_otp,sms_otp,1,1,1.0,3.44,delivered,delivered,1.0,1.0,0,d2c_brand,fashion_apparel,medium,website,physical_delivery,0,1,0.8034388521115218,1,1,96,0.008,16.0,32.375
DSP000197,TXN0012304,M000230,C000026,RuPay,RECURRING_BILLING_DISPUTE,Cardholder claims recurring subscription billing was canceled or unauthorized,2025-03-09 22:59:37,7677.84,0.0,0.0,2025-03-29 22:59:37,20,accepted,accepted_refunded,,3,3,3,0,0.3666666666666667,3,0,1.0,7677.84,credit_card,pos_qr,flight_booking,290,1,6711.45,0,0,48,235,0,1,0.01,12.32,authenticated_3ds,3ds_v2,1,0,,,fulfilled,,,,0,travel_hospitality,hotel_booking,medium,website,booking_service,0,1,0.5743989643379084,1,1,13,0.0382,20.0,19.041666666666668
DSP000198,TXN0012320,M000320,C000020,Visa,RECURRING_BILLING_DISPUTE,Cardholder claims recurring subscription billing was canceled or unauthorized,2025-03-01 11:45:48,2239.53,450.0,225.0,2025-03-12 11:45:48,11,contested,won,2025-04-04 11:45:48,5,3,3,0,0.59,5,1,1.0,2239.53,debit_card,desktop_web,footwear,271,0,0.0,0,0,45,0,1,1,0.1194,0.29,authenticated_otp,sms_otp,1,0,0.0,40.68,delivered,delivered,1.0,1.0,1,d2c_brand,home_lifestyle,medium,website,physical_delivery,0,1,0.8695974206093697,1,1,78,0.0128,11.0,10.375
DSP000199,TXN0012410,M000168,C000054,Mastercard,MERCHANDISE_NOT_RECEIVED,Cardholder claims ordered merchandise or service was not received,2025-02-27 18:35:23,2904.18,500.0,250.0,2025-03-16 18:35:23,17,contested,won,2025-03-29 18:35:23,6,4,4,0,0.7683333333333334,6,0,1.0,2904.18,debit_card,pos_qr,footwear,178,1,2619.78,0,0,0,0,1,1,0.265,1113.69,authenticated_3ds,3ds_v2,1,1,1.0,4.9,delivered,delivered,0.0,0.0,0,d2c_brand,home_lifestyle,medium,omnichannel,physical_delivery,0,1,0.8535774684074758,1,1,20,0.0098,17.0,8.291666666666666
DSP000200,TXN0012482,M000264,C000045,Visa,MERCHANDISE_NOT_RECEIVED,Cardholder claims ordered merchandise or service was not received,2025-03-10 05:29:56,542.94,500.0,250.0,2025-03-21 05:29:56,11,contested,won,2025-04-07 05:29:56,3,1,1,0,0.3433333333333333,3,0,1.0,542.94,credit_card,desktop_web,food_item,374,5,3867.59,0,0,5,256,0,5,0.01,14.42,authenticated_otp,sms_otp,1,0,0.0,0.85,delivered,delivered,1.0,1.0,0,food_local_commerce,local_restaurant,medium,website,food_delivery,0,0,0.5597176493770768,1,1,42,0.0144,11.0,18.5
DSP000201,TXN0012494,M000047,C000008,Mastercard,RECURRING_BILLING_DISPUTE,Cardholder claims recurring subscription billing was canceled or unauthorized,2025-03-03 22:17:55,4338.94,150.0,75.0,2025-03-13 22:17:55,10,contested,lost,2025-03-15 22:17:55,5,3,2,1,0.6433333333333333,5,1,0.6666666666666666,4338.94,debit_card,pos_qr,footwear,272,1,6364.88,0,0,30,111,0,1,0.2587,385.19,authenticated_otp,sms_otp,1,1,1.0,2.36,delivered,delivered,0.0,0.0,0,d2c_brand,fashion_apparel,medium,website,physical_delivery,0,1,0.8034388521115218,1,1,96,0.008,10.0,12.166666666666666
DSP000202,TXN0012507,M000031,C000067,Mastercard,UNAUTHORIZED_TRANSACTION,Cardholder claims transaction was unauthorized or fraudulent,2025-02-24 03:23:37,369.87,450.0,225.0,2025-03-09 03:23:37,13,contested,lost,2025-03-21 03:23:37,3,3,3,0,0.3466666666666667,3,0,1.0,369.87,debit_card,mobile_app,food_item,503,0,0.0,0,0,99,0,1,1,0.0299,18.43,authenticated_3ds,3ds_v2,1,0,1.0,0.97,delivered,delivered,1.0,1.0,0,food_local_commerce,gourmet_food,enterprise,website,food_delivery,0,0,0.819967378215836,1,1,55,0.0167,13.0,4.333333333333333
DSP000203,TXN0012526,M000302,C000032,Mastercard,UNAUTHORIZED_TRANSACTION,Cardholder claims transaction was unauthorized or fraudulent,2025-03-10 06:36:46,677.88,0.0,0.0,2025-03-21 06:36:46,11,accepted,accepted_refunded,,2,3,2,1,0.22833333333333336,2,1,0.6666666666666666,677.88,debit_card,desktop_web,food_item,203,2,1472.42,0,0,1,0,1,1,0.0995,53.94,authenticated_otp,sms_otp,1,0,1.0,0.51,delivered,delivered,1.0,1.0,0,food_local_commerce,cloud_kitchen,medium,mobile_app,food_delivery,0,0,0.8215821027496844,1,1,83,0.0262,11.0,18.375
DSP000204,TXN0012594,M000342,C000011,RuPay,UNAUTHORIZED_TRANSACTION,Cardholder claims transaction was unauthorized or fraudulent,2025-02-27 11:44:57,2227.74,0.0,0.0,2025-03-16 11:44:57,17,accepted,accepted_refunded,,4,3,2,1,0.465,4,2,0.6666666666666666,2227.74,credit_card,payment_link,general_item,458,1,1733.43,0,0,3,0,1,1,0.0337,18.79,authenticated_3ds,3ds_v2,1,0,0.0,3.8,delivered,delivered,1.0,1.0,0,online_marketplace_retailer,multi_category_retail,medium,website,physical_delivery,0,0,0.6203657859380023,1,1,112,0.0137,17.0,7.125
DSP000205,TXN0012603,M000004,C000029,Mastercard,MERCHANDISE_NOT_RECEIVED,Cardholder claims ordered merchandise or service was not received,2025-03-13 22:15:17,7407.11,0.0,0.0,2025-03-23 22:15:17,10,accepted,accepted_refunded,,2,1,1,0,0.22999999999999998,2,1,1.0,7407.11,debit_card,payment_link,hotel_stay,114,5,66604.32,0,0,3,27,0,1,0.01,15.3,password_authenticated,password,1,0,,,fulfilled,,,,0,travel_hospitality,travel_agency,enterprise,"website, app",booking_service,0,0,0.3,1,1,68,0.0353,10.0,21.541666666666668
DSP000206,TXN0012607,M000298,C000007,Visa,MERCHANDISE_NOT_AS_DESCRIBED,"Cardholder claims merchandise arrived damaged, defective, or not as described",2025-04-07 06:35:21,1306.96,500.0,250.0,2025-04-18 06:35:21,11,contested,won,2025-05-16 06:35:21,5,3,3,0,0.65,5,1,1.0,1306.96,credit_card,mobile_app,footwear,445,4,6933.61,1,0,10,253,0,1,0.6107,136.92,authenticated_3ds,3ds_v2,1,1,1.0,8.41,delivered,delivered,0.0,0.0,0,d2c_brand,fashion_apparel,medium,omnichannel,physical_delivery,0,1,0.5860190641411263,1,1,28,0.0144,11.0,45.875
DSP000207,TXN0012701,M000341,C000001,Visa,MERCHANDISE_NOT_RECEIVED,Cardholder claims ordered merchandise or service was not received,2025-03-30 18:10:18,1310.45,500.0,250.0,2025-04-15 18:10:18,16,contested,won,2025-04-07 18:10:18,5,4,3,1,0.6749999999999999,5,1,0.75,1310.45,credit_card,desktop_web,cosmetics_kit,552,6,7343.15,0,0,2,218,0,2,0.01,6.44,authenticated_3ds,3ds_v2,1,0,0.0,7.94,delivered,delivered,1.0,1.0,0,online_marketplace_retailer,beauty_marketplace,enterprise,mobile_app,physical_delivery,0,0,0.8855460584011007,1,1,92,0.0076,16.0,38.0
DSP000208,TXN0012702,M000166,C000016,Visa,RECURRING_BILLING_DISPUTE,Cardholder claims recurring subscription billing was canceled or unauthorized,2025-03-17 20:12:37,12171.54,500.0,250.0,2025-04-01 20:12:37,15,contested,won,2025-04-27 20:12:37,1,3,1,2,0.14666666666666667,1,2,0.3333333333333333,12171.54,credit_card,desktop_web,saas_plan,433,0,0.0,0,0,33,0,1,1,0.1504,1.1,authenticated_otp,sms_otp,1,0,,,fulfilled,,,,0,digital_saas,developer_tools,medium,website,digital_service,1,1,0.613230583059358,1,1,5,0.0139,15.0,25.083333333333332
DSP000209,TXN0012711,M000269,C000034,Visa,UNAUTHORIZED_TRANSACTION,Cardholder claims transaction was unauthorized or fraudulent,2025-03-17 14:44:26,4999.35,500.0,250.0,2025-03-29 14:44:26,12,contested,lost,2025-03-26 14:44:26,5,3,2,1,0.7000000000000001,5,1,0.6666666666666666,4999.35,debit_card,desktop_web,fashion_apparel,286,0,0.0,0,0,65,0,1,1,0.1366,34.82,authenticated_3ds,3ds_v2,1,0,0.0,46.72,delivered,delivered,1.0,1.0,0,online_marketplace_retailer,multi_category_retail,enterprise,omnichannel,physical_delivery,0,0,0.8877373071927955,1,1,12,0.0068,12.0,24.833333333333332
DSP000210,TXN0012742,M000310,C000077,Mastercard,UNAUTHORIZED_TRANSACTION,Cardholder claims transaction was unauthorized or fraudulent,2025-03-14 03:30:18,7658.44,450.0,225.0,2025-03-24 03:30:18,10,contested,lost,2025-04-15 03:30:18,5,3,2,1,0.66,5,1,0.6666666666666666,7658.44,credit_card,payment_link,footwear,485,1,6043.2,1,0,40,0,1,1,0.2389,2.47,authenticated_3ds,3ds_v2,1,0,0.0,9.06,delivered,delivered,1.0,1.0,1,d2c_brand,electronics,medium,omnichannel,physical_delivery,1,1,0.8975852079462534,1,1,16,0.0146,10.0,21.25
DSP000211,TXN0012758,M000138,C000003,RuPay,DUPLICATE_TRANSACTION,Cardholder claims single purchase was billed multiple times,2025-03-30 14:24:07,8904.75,0.0,0.0,2025-04-13 14:24:07,14,accepted,accepted_refunded,,2,2,1,1,0.2733333333333334,2,1,0.5,8904.75,credit_card,payment_link,test_series,480,4,47450.56,0,0,26,470,0,4,0.01,1.13,authenticated_3ds,3ds_v2,1,0,,,fulfilled,,,,0,education_coaching,online_tutoring,small,website,digital_service,0,0,0.5837615171403627,1,1,3,0.0329,14.0,37.625
DSP000212,TXN0012892,M000018,C000031,Visa,UNAUTHORIZED_TRANSACTION,Cardholder claims transaction was unauthorized or fraudulent,2025-02-28 11:34:21,409.59,500.0,250.0,2025-03-15 11:34:21,15,contested,won,2025-03-31 11:34:21,2,3,2,1,0.20333333333333334,2,1,0.6666666666666666,409.59,debit_card,desktop_web,food_item,642,4,832.78,0,0,7,147,0,3,0.01,4.7,authenticated_3ds,3ds_v2,1,0,0.0,0.69,delivered,delivered,1.0,1.0,0,food_local_commerce,local_restaurant,medium,mobile_app,food_delivery,0,0,0.8212339110678276,1,1,82,0.0104,15.0,6.833333333333333
DSP000213,TXN0012965,M000184,C000014,Visa,MERCHANDISE_NOT_AS_DESCRIBED,"Cardholder claims merchandise arrived damaged, defective, or not as described",2025-03-18 01:49:28,12322.57,0.0,0.0,2025-04-04 01:49:28,17,accepted,accepted_refunded,,1,2,0,2,0.09999999999999999,1,2,0.0,12322.57,credit_card,payment_link,saas_plan,589,5,82858.52,0,0,5,0,1,1,0.2652,3.45,authenticated_3ds,3ds_v2,1,0,,,fulfilled,,,,0,digital_saas,developer_tools,small,website,digital_service,1,0,0.5637520944145993,1,1,22,0.0226,17.0,24.208333333333332
DSP000214,TXN0013006,M000004,C000110,Mastercard,MERCHANDISE_NOT_AS_DESCRIBED,"Cardholder claims merchandise arrived damaged, defective, or not as described",2025-03-14 06:09:40,8818.72,0.0,0.0,2025-04-04 06:09:40,21,accepted,accepted_refunded,,1,2,1,1,0.13833333333333334,1,2,0.5,8818.72,credit_card,pos_qr,car_rental,215,9,110290.27,0,0,0,198,0,5,0.0167,38.56,authenticated_3ds,3ds_v2,1,0,,,fulfilled,,,,0,travel_hospitality,travel_agency,enterprise,"website, app",booking_service,0,0,0.3,1,1,68,0.0353,21.0,20.083333333333332
DSP000215,TXN0013018,M000226,C000068,Visa,MERCHANDISE_NOT_AS_DESCRIBED,"Cardholder claims merchandise arrived damaged, defective, or not as described",2025-03-31 15:37:15,1798.58,0.0,0.0,2025-04-15 15:37:15,15,accepted,accepted_refunded,,6,3,3,0,0.7516666666666666,6,0,1.0,1798.58,credit_card,payment_link,footwear,68,0,0.0,0,0,51,0,1,1,0.0633,12.37,authenticated_otp,sms_otp,1,0,0.0,42.14,delivered,delivered,1.0,0.0,0,d2c_brand,electronics,medium,omnichannel,physical_delivery,1,0,0.6068308603335472,1,1,56,0.0125,15.0,37.375
DSP000216,TXN0013135,M000236,C000005,Visa,UNAUTHORIZED_TRANSACTION,Cardholder claims transaction was unauthorized or fraudulent,2025-03-26 08:44:51,36632.57,0.0,0.0,2025-04-16 08:44:51,21,accepted,accepted_refunded,,1,3,1,2,0.09999999999999999,1,2,0.3333333333333333,36632.57,credit_card,desktop_web,mentorship,344,3,98034.26,0,0,6,0,1,1,0.01,31.59,authenticated_otp,sms_otp,1,0,,,fulfilled,,,,0,education_coaching,exam_prep,small,website,digital_service,1,1,0.3502637093105192,1,0,34,0.0298,21.0,31.791666666666668
DSP000217,TXN0013165,M000157,C000026,Visa,MERCHANDISE_NOT_AS_DESCRIBED,"Cardholder claims merchandise arrived damaged, defective, or not as described",2025-03-20 10:20:25,22993.16,350.0,175.0,2025-04-05 10:20:25,16,contested,lost,2025-04-06 10:20:25,2,2,1,1,0.25,2,1,0.5,22993.16,credit_card,payment_link,car_rental,413,4,84854.03,0,1,12,410,0,4,0.0837,48.82,authenticated_otp,sms_otp,1,0,,,fulfilled,,,,0,travel_hospitality,hotel_booking,small,website,booking_service,0,0,0.3144894872091223,1,1,63,0.0168,16.0,25.791666666666668
DSP000218,TXN0013180,M000003,C000066,Mastercard,MERCHANDISE_NOT_AS_DESCRIBED,"Cardholder claims merchandise arrived damaged, defective, or not as described",2025-02-26 20:07:29,2973.41,500.0,250.0,2025-03-17 20:07:29,19,contested,won,2025-03-28 20:07:29,4,3,3,0,0.49,4,2,1.0,2973.41,credit_card,payment_link,exam_course,78,1,2365.52,0,0,6,75,0,1,0.01,5.49,password_authenticated,password,1,0,,,fulfilled,,,,0,education_coaching,exam_prep,enterprise,"website, app",digital_service,0,1,0.4,1,0,99,0.025,19.0,4.166666666666667
DSP000219,TXN0013212,M000330,C000039,Mastercard,MERCHANDISE_NOT_AS_DESCRIBED,"Cardholder claims merchandise arrived damaged, defective, or not as described",2025-03-21 05:36:38,2267.04,500.0,250.0,2025-04-09 05:36:38,19,contested,won,2025-04-01 05:36:38,6,3,3,0,0.7433333333333333,6,0,1.0,2267.04,credit_card,mobile_app,footwear,381,3,8106.3,2,0,2,0,1,1,0.0426,4.02,authenticated_otp,sms_otp,1,0,0.0,42.99,delivered,delivered,1.0,1.0,0,d2c_brand,fashion_apparel,medium,omnichannel,physical_delivery,0,0,0.8737896916695769,1,1,27,0.0074,19.0,26.5
DSP000220,TXN0013239,M000003,C000004,Mastercard,CREDIT_NOT_PROCESSED,Cardholder claims promised credit or refund was not posted,2025-04-02 22:56:59,3412.71,500.0,250.0,2025-04-20 22:56:59,18,contested,won,2025-04-16 22:56:59,5,3,3,0,0.6033333333333334,5,1,1.0,3412.71,credit_card,pos_qr,mentorship,246,7,22582.47,0,0,15,54,0,2,0.2812,917.35,auth_failed,none,4,1,,,failed,,,,0,education_coaching,exam_prep,enterprise,"website, app",digital_service,0,1,0.4,1,0,99,0.025,18.0,39.166666666666664
DSP000221,TXN0013336,M000218,C000006,Mastercard,MERCHANDISE_NOT_RECEIVED,Cardholder claims ordered merchandise or service was not received,2025-02-28 06:14:56,9891.72,500.0,250.0,2025-03-12 06:14:56,12,contested,won,2025-03-23 06:14:56,2,1,1,0,0.255,2,1,1.0,9891.72,debit_card,payment_link,test_series,152,0,0.0,0,0,117,0,1,1,0.4558,4.23,password_authenticated,password,1,0,,,fulfilled,,,,0,education_coaching,online_tutoring,small,mobile_app,digital_service,1,0,0.5724269309460559,1,1,86,0.0199,12.0,4.958333333333333
DSP000222,TXN0013482,M000109,C000016,Mastercard,MERCHANDISE_NOT_RECEIVED,Cardholder claims ordered merchandise or service was not received,2025-03-26 22:31:41,2690.45,500.0,250.0,2025-04-14 22:31:41,19,contested,won,2025-04-30 22:31:41,6,4,4,0,0.7666666666666666,6,0,1.0,2690.45,credit_card,desktop_web,footwear,129,1,3003.98,0,0,53,50,0,1,0.1706,6.43,authenticated_otp,sms_otp,1,0,0.0,5.07,delivered,delivered,1.0,1.0,0,d2c_brand,footwear,medium,website,physical_delivery,0,0,0.8907566473926093,1,1,3,0.0108,19.0,31.25
DSP000223,TXN0013630,M000003,C000108,Mastercard,UNAUTHORIZED_TRANSACTION,Cardholder claims transaction was unauthorized or fraudulent,2025-03-11 08:04:19,2179.86,500.0,250.0,2025-03-28 08:04:19,17,contested,lost,2025-04-05 08:04:19,5,3,3,0,0.6016666666666667,5,1,1.0,2179.86,credit_card,pos_qr,exam_course,273,1,1044.59,0,0,53,157,0,1,0.0923,13.69,authenticated_otp,sms_otp,1,0,,,fulfilled,,,,0,education_coaching,exam_prep,enterprise,"website, app",digital_service,0,1,0.4,1,0,99,0.025,17.0,14.916666666666666
DSP000224,TXN0013680,M000047,C000005,RuPay,CREDIT_NOT_PROCESSED,Cardholder claims promised credit or refund was not posted,2025-03-18 18:11:35,6416.95,0.0,0.0,2025-04-08 18:11:35,21,accepted,accepted_refunded,,4,3,1,2,0.54,4,2,0.3333333333333333,6416.95,credit_card,desktop_web,footwear,254,2,9634.22,0,0,6,101,0,1,0.5443,488.48,authenticated_otp,sms_otp,1,1,1.0,3.97,delivered,delivered,0.0,0.0,0,d2c_brand,fashion_apparel,medium,website,physical_delivery,0,1,0.8034388521115218,1,1,96,0.008,21.0,22.208333333333332
DSP000225,TXN0013761,M000228,C000085,RuPay,MERCHANDISE_NOT_RECEIVED,Cardholder claims ordered merchandise or service was not received,2025-04-01 02:48:26,1737.42,0.0,0.0,2025-04-12 02:48:26,11,accepted,accepted_refunded,,6,4,4,0,0.7683333333333332,6,0,1.0,1737.42,credit_card,desktop_web,cosmetics_kit,165,0,0.0,0,0,70,0,1,1,0.0812,0.54,authenticated_3ds,3ds_v2,1,0,0.0,36.47,delivered,delivered,1.0,1.0,0,online_marketplace_retailer,electronics_hub,enterprise,omnichannel,physical_delivery,0,0,0.8367715803059433,0,1,92,0.0093,11.0,35.291666666666664
DSP000226,TXN0013773,M000303,C000046,Visa,RECURRING_BILLING_DISPUTE,Cardholder claims recurring subscription billing was canceled or unauthorized,2025-04-04 14:44:59,226.57,500.0,250.0,2025-04-19 14:44:59,15,contested,won,2025-04-30 14:44:59,2,3,2,1,0.2333333333333333,2,1,0.6666666666666666,226.57,debit_card,pos_qr,food_item,347,0,0.0,0,0,27,0,1,1,0.0402,13.03,authenticated_otp,sms_otp,1,0,0.0,0.9,delivered,delivered,1.0,1.0,0,food_local_commerce,cloud_kitchen,medium,website,food_delivery,0,0,0.6122890475819001,0,1,80,0.0124,15.0,38.75
DSP000227,TXN0013812,M000114,C000011,Mastercard,RECURRING_BILLING_DISPUTE,Cardholder claims recurring subscription billing was canceled or unauthorized,2025-03-26 01:46:15,9063.83,0.0,0.0,2025-04-16 01:46:15,21,accepted,accepted_refunded,,0,3,0,3,0.0,0,3,0.0,9063.83,credit_card,mobile_app,saas_plan,375,5,26641.11,0,1,4,173,0,2,0.01,39.92,password_authenticated,password,1,0,,,fulfilled,,,,0,digital_saas,developer_tools,small,website,digital_service,1,1,0.8076979909828793,1,1,21,0.0103,21.0,28.916666666666668
DSP000228,TXN0013920,M000136,C000032,Visa,CREDIT_NOT_PROCESSED,Cardholder claims promised credit or refund was not posted,2025-03-08 22:43:48,1226.08,500.0,250.0,2025-03-28 22:43:48,20,contested,lost,2025-03-23 22:43:48,4,3,1,2,0.51,4,2,0.3333333333333333,1226.08,credit_card,desktop_web,footwear,239,2,3672.52,2,0,47,75,0,2,0.01,17.47,authenticated_3ds,3ds_v2,1,0,0.0,24.31,delivered,delivered,0.0,0.0,1,d2c_brand,footwear,medium,omnichannel,physical_delivery,1,1,0.822210781047073,1,1,42,0.0077,20.0,11.416666666666666
DSP000229,TXN0014066,M000379,C000024,RuPay,MERCHANDISE_NOT_AS_DESCRIBED,"Cardholder claims merchandise arrived damaged, defective, or not as described",2025-04-06 00:19:27,8385.64,0.0,0.0,2025-04-25 00:19:27,19,accepted,accepted_refunded,,3,2,2,0,0.39999999999999997,3,0,1.0,8385.64,credit_card,pos_qr,saas_plan,77,0,0.0,0,0,75,0,1,1,0.0104,5.67,authenticated_3ds,3ds_v2,1,0,,,fulfilled,,,,0,digital_saas,productivity_tools,medium,website,digital_service,1,1,0.8071188648460229,0,1,44,0.0208,19.0,38.833333333333336
DSP000230,TXN0014173,M000343,C000027,RuPay,MERCHANDISE_NOT_AS_DESCRIBED,"Cardholder claims merchandise arrived damaged, defective, or not as described",2025-03-09 06:10:38,1503.89,0.0,0.0,2025-03-21 06:10:38,12,accepted,accepted_refunded,,6,3,3,0,0.7966666666666667,6,0,1.0,1503.89,credit_card,desktop_web,footwear,248,1,1454.21,1,0,49,0,1,1,0.1751,22.79,authenticated_otp,sms_otp,1,0,0.0,8.31,delivered,delivered,1.0,1.0,1,d2c_brand,electronics,medium,omnichannel,physical_delivery,0,0,0.8474173829087325,1,0,10,0.0093,12.0,10.666666666666666
DSP000231,TXN0014181,M000114,C000008,RuPay,MERCHANDISE_NOT_RECEIVED,Cardholder claims ordered merchandise or service was not received,2025-03-24 06:34:23,4778.17,0.0,0.0,2025-04-07 06:34:23,14,accepted,accepted_refunded,,3,1,1,0,0.355,3,0,1.0,4778.17,credit_card,desktop_web,saas_plan,181,0,0.0,0,0,59,0,1,1,0.0938,12.47,authenticated_3ds,3ds_v2,1,0,,,fulfilled,,,,0,digital_saas,developer_tools,small,website,digital_service,1,1,0.8076979909828793,1,1,21,0.0103,14.0,25.666666666666668
DSP000232,TXN0014188,M000001,C000044,Mastercard,MERCHANDISE_NOT_AS_DESCRIBED,"Cardholder claims merchandise arrived damaged, defective, or not as described",2025-04-10 08:13:16,3099.75,0.0,0.0,2025-04-21 08:13:16,11,accepted,accepted_refunded,,6,3,3,0,0.6766666666666666,6,0,1.0,3099.75,debit_card,payment_link,handmade_accessory,130,2,4130.09,0,1,20,79,0,2,0.01,24.12,password_authenticated,password,1,0,0.0,37.94,delivered,delivered,1.0,1.0,0,individual_social_seller,crochet_accessories,medium,"Instagram, WhatsApp, payment links",physical_delivery,0,0,0.9,0,1,13,0.025,11.0,42.708333333333336
DSP000233,TXN0014288,M000397,C000044,Visa,CREDIT_NOT_PROCESSED,Cardholder claims promised credit or refund was not posted,2025-03-12 19:53:59,2276.07,0.0,0.0,2025-03-31 19:53:59,19,accepted,accepted_refunded,,3,3,3,0,0.41500000000000004,3,0,1.0,2276.07,credit_card,desktop_web,saas_plan,443,3,8462.84,0,0,18,147,0,2,0.2732,4.51,authenticated_3ds,3ds_v2,1,0,,,fulfilled,,,,0,digital_saas,b2b_software,medium,website,digital_service,1,0,0.8372018085792783,1,1,75,0.0138,19.0,13.875
DSP000234,TXN0014331,M000048,C000045,Mastercard,MERCHANDISE_NOT_AS_DESCRIBED,"Cardholder claims merchandise arrived damaged, defective, or not as described",2025-04-13 01:49:27,269.1,500.0,250.0,2025-04-27 01:49:27,14,contested,won,2025-04-21 01:49:27,3,2,2,0,0.41,3,0,1.0,269.1,debit_card,pos_qr,food_item,635,3,1917.21,0,0,7,196,0,1,0.01,17.33,password_authenticated,password,1,0,0.0,0.97,delivered,delivered,1.0,1.0,0,food_local_commerce,cloud_kitchen,medium,mobile_app,food_delivery,0,0,0.8909320402078782,1,1,15,0.0275,14.0,44.75
DSP000235,TXN0014345,M000168,C000053,RuPay,MERCHANDISE_NOT_RECEIVED,Cardholder claims ordered merchandise or service was not received,2025-04-03 04:56:49,4309.42,350.0,175.0,2025-04-21 04:56:49,18,contested,lost,2025-05-05 04:56:49,5,4,3,1,0.6366666666666666,5,1,0.75,4309.42,credit_card,desktop_web,footwear,443,4,14046.68,2,0,38,16,0,2,0.0415,5.13,authenticated_3ds,3ds_v2,1,0,0.0,40.01,delivered,delivered,1.0,1.0,1,d2c_brand,home_lifestyle,medium,omnichannel,physical_delivery,0,1,0.8535774684074758,1,1,20,0.0098,18.0,34.833333333333336
DSP000236,TXN0014379,M000190,C000006,Visa,MERCHANDISE_NOT_AS_DESCRIBED,"Cardholder claims merchandise arrived damaged, defective, or not as described",2025-03-22 01:14:48,2998.25,0.0,0.0,2025-04-02 01:14:48,11,accepted,accepted_refunded,,5,3,3,0,0.5683333333333334,5,1,1.0,2998.25,credit_card,mobile_app,footwear,457,6,13881.55,1,0,5,131,0,5,0.01,7.09,authenticated_otp,sms_otp,1,0,1.0,18.64,delivered,delivered,1.0,1.0,0,d2c_brand,fashion_apparel,medium,website,physical_delivery,0,0,0.8659984046034179,1,0,116,0.0102,11.0,22.583333333333332
DSP000237,TXN0014387,M000009,C000183,Visa,UNAUTHORIZED_TRANSACTION,Cardholder claims transaction was unauthorized or fraudulent,2025-03-31 17:56:58,6132.95,500.0,250.0,2025-04-15 17:56:58,15,contested,lost,2025-04-15 17:56:58,1,3,1,2,0.12166666666666666,1,2,0.3333333333333333,6132.95,debit_card,pos_qr,gym_membership,460,1,7124.49,0,0,12,146,0,1,0.01,7.92,authenticated_3ds,3ds_v2,1,0,,,fulfilled,,,,0,fitness_services,fitness_program,enterprise,"app, in-person",membership_service,1,0,0.5656018640442436,1,1,47,0.025,15.0,32.25
DSP000238,TXN0014771,M000293,C000010,Visa,RECURRING_BILLING_DISPUTE,Cardholder claims recurring subscription billing was canceled or unauthorized,2025-03-27 22:44:54,4695.91,500.0,250.0,2025-04-14 22:44:54,18,contested,lost,2025-05-01 22:44:54,1,3,1,2,0.11833333333333333,1,2,0.3333333333333333,4695.91,credit_card,pos_qr,saas_plan,293,4,33471.6,0,0,5,242,0,4,0.1345,28.2,authenticated_3ds,3ds_v2,1,0,,,fulfilled,,,,0,digital_saas,cloud_analytics,medium,website,digital_service,1,0,0.8286541252128284,1,1,18,0.0124,18.0,26.666666666666668
DSP000239,TXN0014773,M000032,C000001,Visa,UNAUTHORIZED_TRANSACTION,Cardholder claims transaction was unauthorized or fraudulent,2025-03-19 10:58:32,891.37,450.0,225.0,2025-03-30 10:58:32,11,contested,won,2025-04-05 10:58:32,6,3,3,0,0.805,6,0,1.0,891.37,credit_card,pos_qr,footwear,200,5,4797.22,1,0,8,190,0,1,0.01,4.25,password_authenticated,password,1,0,0.0,38.03,delivered,delivered,1.0,1.0,0,d2c_brand,fashion_apparel,medium,omnichannel,physical_delivery,0,0,0.8514234438413611,1,0,115,0.0169,11.0,18.166666666666668
DSP000240,TXN0014908,M000104,C000043,RuPay,CREDIT_NOT_PROCESSED,Cardholder claims promised credit or refund was not posted,2025-03-25 07:48:19,750.32,450.0,225.0,2025-04-15 07:48:19,21,contested,lost,2025-04-30 07:48:19,1,3,1,2,0.11,1,2,0.3333333333333333,750.32,credit_card,payment_link,food_item,162,0,0.0,0,0,105,0,1,1,0.1765,6.41,authenticated_otp,sms_otp,1,0,1.0,0.56,delivered,delivered,1.0,1.0,0,food_local_commerce,gourmet_food,medium,mobile_app,food_delivery,0,0,0.5607891426993304,0,1,98,0.0289,21.0,23.75
DSP000241,TXN0015010,M000048,C000046,Visa,MERCHANDISE_NOT_RECEIVED,Cardholder claims ordered merchandise or service was not received,2025-04-05 05:14:37,771.95,0.0,0.0,2025-04-22 05:14:37,17,accepted,accepted_refunded,,3,1,1,0,0.3983333333333334,3,0,1.0,771.95,debit_card,mobile_app,food_item,466,0,0.0,0,0,46,0,1,1,0.01,8.21,authenticated_otp,sms_otp,1,0,0.0,0.5,delivered,delivered,0.0,0.0,0,food_local_commerce,cloud_kitchen,medium,mobile_app,food_delivery,0,0,0.8909320402078782,1,1,15,0.0275,17.0,34.375
DSP000242,TXN0015018,M000157,C000014,Mastercard,CREDIT_NOT_PROCESSED,Cardholder claims promised credit or refund was not posted,2025-03-18 14:58:29,18572.83,0.0,0.0,2025-04-02 14:58:29,15,accepted,accepted_refunded,,2,3,2,1,0.24666666666666667,2,1,0.6666666666666666,18572.83,credit_card,payment_link,hotel_stay,97,2,59425.08,0,0,23,58,0,1,0.01,1.59,authenticated_3ds,3ds_v2,1,0,,,fulfilled,,,,0,travel_hospitality,hotel_booking,small,website,booking_service,0,0,0.3144894872091223,1,1,63,0.0168,15.0,16.75
DSP000243,TXN0015120,M000023,C000001,RuPay,RECURRING_BILLING_DISPUTE,Cardholder claims recurring subscription billing was canceled or unauthorized,2025-04-04 19:11:53,2958.81,500.0,250.0,2025-04-22 19:11:53,18,contested,won,2025-05-06 19:11:53,6,3,3,0,0.64,6,0,1.0,2958.81,debit_card,desktop_web,footwear,118,1,1632.03,0,0,58,99,0,1,0.0212,6.57,authenticated_otp,sms_otp,1,0,0.0,43.77,delivered,delivered,1.0,1.0,0,d2c_brand,home_lifestyle,small,website,physical_delivery,0,0,0.5931945018642115,0,1,115,0.0149,18.0,33.375
DSP000244,TXN0015323,M000252,C000018,Visa,CREDIT_NOT_PROCESSED,Cardholder claims promised credit or refund was not posted,2025-03-28 21:32:24,5345.91,500.0,250.0,2025-04-13 21:32:24,16,contested,won,2025-05-06 21:32:24,5,3,3,0,0.6316666666666667,5,1,1.0,5345.91,credit_card,desktop_web,cosmetics_kit,39,0,0.0,0,0,12,0,1,1,0.0541,2.18,authenticated_3ds,3ds_v2,1,0,0.0,16.74,delivered,delivered,1.0,1.0,0,online_marketplace_retailer,specialty_goods,enterprise,mobile_app,physical_delivery,0,0,0.8966654819043669,1,1,34,0.012,16.0,26.041666666666668
DSP000245,TXN0015502,M000061,C000077,Mastercard,CREDIT_NOT_PROCESSED,Cardholder claims promised credit or refund was not posted,2025-04-04 07:33:25,1093.31,500.0,250.0,2025-04-18 07:33:25,14,contested,lost,2025-05-04 07:33:25,3,3,1,2,0.39166666666666666,3,3,0.3333333333333333,1093.31,credit_card,payment_link,fashion_apparel,44,0,0.0,0,0,32,0,1,1,0.1003,7.32,authenticated_otp,sms_otp,1,0,0.0,3.56,delivered,delivered,1.0,1.0,0,online_marketplace_retailer,electronics_hub,enterprise,omnichannel,physical_delivery,0,0,0.8088492502051919,1,1,75,0.0125,14.0,31.708333333333332
DSP000246,TXN0015541,M000293,C000027,Mastercard,MERCHANDISE_NOT_AS_DESCRIBED,"Cardholder claims merchandise arrived damaged, defective, or not as described",2025-03-28 10:10:32,6713.35,0.0,0.0,2025-04-12 10:10:32,15,accepted,accepted_refunded,,2,2,1,1,0.26166666666666666,2,1,0.5,6713.35,credit_card,desktop_web,saas_plan,435,1,6611.43,0,0,32,194,0,1,0.2995,0.3,authenticated_3ds,3ds_v2,1,0,,,fulfilled,,,,0,digital_saas,cloud_analytics,medium,website,digital_service,1,0,0.8286541252128284,1,1,18,0.0124,15.0,24.708333333333332
DSP000247,TXN0015546,M000178,C000049,RuPay,RECURRING_BILLING_DISPUTE,Cardholder claims recurring subscription billing was canceled or unauthorized,2025-03-08 21:28:50,1319.68,450.0,225.0,2025-03-29 21:28:50,21,contested,lost,2025-04-22 21:28:50,2,3,2,1,0.24666666666666667,2,4,0.6666666666666666,1319.68,credit_card,mobile_app,electronic_accessory,161,2,2504.59,0,0,30,142,0,1,0.01,0.1,authenticated_3ds,3ds_v2,1,0,0.0,14.76,delivered,delivered,1.0,1.0,0,online_marketplace_retailer,multi_category_retail,enterprise,website,physical_delivery,0,1,0.5726495775197937,1,1,50,0.0076,21.0,5.166666666666667
DSP000248,TXN0015573,M000343,C000008,Mastercard,MERCHANDISE_NOT_RECEIVED,Cardholder claims ordered merchandise or service was not received,2025-04-07 23:16:09,2201.47,500.0,250.0,2025-04-22 23:16:09,15,contested,won,2025-05-21 23:16:09,6,4,4,0,0.7966666666666667,6,0,1.0,2201.47,credit_card,mobile_app,footwear,88,0,0.0,0,0,70,0,1,1,0.0142,11.68,authenticated_otp,sms_otp,1,0,0.0,13.18,delivered,delivered,0.0,0.0,0,d2c_brand,electronics,medium,omnichannel,physical_delivery,0,0,0.8474173829087325,1,0,10,0.0093,15.0,35.166666666666664
DSP000249,TXN0015680,M000001,C000058,Visa,CREDIT_NOT_PROCESSED,Cardholder claims promised credit or refund was not posted,2025-03-29 01:30:20,1756.19,500.0,250.0,2025-04-16 01:30:20,18,contested,won,2025-04-12 01:30:20,6,3,3,0,0.7783333333333333,6,0,1.0,1756.19,credit_card,mobile_app,handicraft_item,158,1,1196.56,0,0,22,108,0,1,0.01,1.74,authenticated_otp,sms_otp,1,0,1.0,39.66,delivered,delivered,0.0,0.0,1,individual_social_seller,crochet_accessories,medium,"Instagram, WhatsApp, payment links",physical_delivery,0,0,0.9,0,1,13,0.025,18.0,24.666666666666668
DSP000250,TXN0015780,M000318,C000001,Mastercard,CREDIT_NOT_PROCESSED,Cardholder claims promised credit or refund was not posted,2025-04-03 10:31:21,765.76,0.0,0.0,2025-04-17 10:31:21,14,accepted,accepted_refunded,,5,3,2,1,0.64,5,1,0.6666666666666666,765.76,credit_card,mobile_app,footwear,473,4,6495.32,2,0,35,0,1,1,0.581,54.75,authenticated_otp,sms_otp,1,1,1.0,19.86,delivered,delivered,1.0,1.0,0,d2c_brand,home_lifestyle,small,website,physical_delivery,0,1,0.8962648414677925,0,1,19,0.0174,14.0,29.75
DSP000251,TXN0015816,M000387,C000028,Visa,MERCHANDISE_NOT_RECEIVED,Cardholder claims ordered merchandise or service was not received,2025-03-22 18:04:01,913.22,500.0,250.0,2025-04-01 18:04:01,10,contested,won,2025-04-22 18:04:01,5,4,3,1,0.665,5,1,0.75,913.22,credit_card,mobile_app,footwear,231,1,1184.32,0,0,20,118,0,1,0.01,1.67,authenticated_otp,sms_otp,1,0,0.0,10.72,delivered,delivered,1.0,1.0,0,d2c_brand,cosmetics,medium,website,physical_delivery,0,0,0.8628942846779883,1,1,35,0.0094,10.0,17.958333333333332
DSP000252,TXN0015851,M000009,C000070,RuPay,MERCHANDISE_NOT_AS_DESCRIBED,"Cardholder claims merchandise arrived damaged, defective, or not as described",2025-03-17 20:00:41,9544.84,500.0,250.0,2025-03-30 20:00:41,13,contested,lost,2025-04-19 20:00:41,3,2,2,0,0.375,3,0,1.0,9544.84,credit_card,desktop_web,fitness_class,142,0,0.0,0,0,97,0,1,1,0.2043,23.15,authenticated_otp,sms_otp,1,0,,,fulfilled,,,,0,fitness_services,fitness_program,enterprise,"app, in-person",membership_service,1,0,0.5656018640442436,1,1,47,0.025,13.0,12.875
DSP000253,TXN0015912,M000381,C000004,Visa,CREDIT_NOT_PROCESSED,Cardholder claims promised credit or refund was not posted,2025-03-17 22:10:21,1506.47,350.0,175.0,2025-04-07 22:10:21,21,contested,lost,2025-04-26 22:10:21,4,3,3,0,0.5066666666666667,4,2,1.0,1506.47,credit_card,pos_qr,handicraft_item,255,0,0.0,0,0,14,0,1,1,0.01,28.96,password_authenticated,password,1,0,0.0,25.5,delivered,delivered,1.0,1.0,0,individual_social_seller,crochet_accessories,micro,instagram_whatsapp,physical_delivery,0,0,0.6344875310969454,0,1,111,0.0215,21.0,12.541666666666666
DSP000254,TXN0015983,M000004,C000031,Mastercard,MERCHANDISE_NOT_AS_DESCRIBED,"Cardholder claims merchandise arrived damaged, defective, or not as described",2025-03-22 08:37:21,8226.12,500.0,250.0,2025-04-06 08:37:21,15,contested,lost,2025-04-27 08:37:21,0,2,0,2,0.0,0,3,0.0,8226.12,credit_card,payment_link,hotel_stay,39,0,0.0,0,0,19,0,1,1,0.01,0.43,password_authenticated,password,1,0,,,fulfilled,,,,0,travel_hospitality,travel_agency,enterprise,"website, app",booking_service,0,0,0.3,1,1,68,0.0353,15.0,16.708333333333332
DSP000255,TXN0016226,M000261,C000056,Mastercard,MERCHANDISE_NOT_RECEIVED,Cardholder claims ordered merchandise or service was not received,2025-04-13 03:03:03,607.75,0.0,0.0,2025-05-01 03:03:03,18,accepted,accepted_refunded,,3,1,1,0,0.38833333333333336,3,0,1.0,607.75,credit_card,desktop_web,food_item,560,4,2060.21,0,0,1,470,0,1,0.0597,2.53,authenticated_otp,sms_otp,1,0,0.0,0.76,delivered,delivered,1.0,1.0,0,food_local_commerce,local_restaurant,enterprise,mobile_app,food_delivery,0,0,0.893615477416078,1,1,26,0.0194,18.0,37.416666666666664
DSP000256,TXN0016273,M000280,C000001,Visa,CREDIT_NOT_PROCESSED,Cardholder claims promised credit or refund was not posted,2025-03-26 14:35:07,3493.5,500.0,250.0,2025-04-12 14:35:07,17,contested,lost,2025-04-21 14:35:07,3,3,3,0,0.385,3,0,1.0,3493.5,credit_card,pos_qr,saas_plan,268,2,3955.0,0,0,34,187,0,2,0.01,20.03,authenticated_3ds,3ds_v2,1,0,,,fulfilled,,,,0,digital_saas,developer_tools,medium,website,digital_service,1,0,0.8501516294687199,1,1,23,0.0221,17.0,19.791666666666668
DSP000257,TXN0016418,M000129,C000002,Visa,UNAUTHORIZED_TRANSACTION,Cardholder claims transaction was unauthorized or fraudulent,2025-03-29 11:33:42,2289.74,500.0,250.0,2025-04-11 11:33:42,13,contested,lost,2025-05-10 11:33:42,4,3,2,1,0.4766666666666666,4,2,0.6666666666666666,2289.74,debit_card,desktop_web,fashion_apparel,318,2,3284.9,0,0,19,122,0,1,0.01,0.05,authenticated_3ds,3ds_v2,1,0,0.0,10.16,delivered,delivered,0.0,0.0,0,individual_social_seller,handicrafts,micro,instagram_whatsapp,physical_delivery,0,0,0.5727935162541942,0,0,15,0.0099,13.0,21.916666666666668
DSP000258,TXN0016460,M000351,C000032,Visa,UNAUTHORIZED_TRANSACTION,Cardholder claims transaction was unauthorized or fraudulent,2025-03-28 01:43:13,490.84,0.0,0.0,2025-04-08 01:43:13,11,accepted,accepted_refunded,,1,3,1,2,0.13833333333333334,1,2,0.3333333333333333,490.84,credit_card,desktop_web,food_item,165,2,1263.02,0,0,41,118,0,1,0.0205,4.62,authenticated_otp,sms_otp,1,0,0.0,0.52,delivered,delivered,1.0,0.0,0,food_local_commerce,local_restaurant,enterprise,website,food_delivery,0,0,0.8635093650867643,0,0,107,0.0252,11.0,20.375
DSP000259,TXN0016522,M000032,C000012,Visa,MERCHANDISE_NOT_RECEIVED,Cardholder claims ordered merchandise or service was not received,2025-04-02 01:38:52,1091.37,500.0,250.0,2025-04-16 01:38:52,14,contested,won,2025-05-09 01:38:52,3,4,3,1,0.405,3,3,0.75,1091.37,credit_card,pos_qr,footwear,557,2,1511.68,2,0,18,282,0,1,0.0121,26.61,authenticated_3ds,3ds_v2,1,0,0.0,8.11,delivered,delivered,0.0,0.0,0,d2c_brand,fashion_apparel,medium,omnichannel,physical_delivery,0,0,0.8514234438413611,1,0,115,0.0169,14.0,25.166666666666668
DSP000260,TXN0016533,M000005,C000051,Mastercard,UNAUTHORIZED_TRANSACTION,Cardholder claims transaction was unauthorized or fraudulent,2025-03-24 05:17:26,8199.88,150.0,75.0,2025-04-11 05:17:26,18,contested,won,2025-05-07 05:17:26,3,3,3,0,0.345,3,0,1.0,8199.88,credit_card,desktop_web,saas_plan,398,2,21906.29,0,0,10,0,1,1,0.0627,22.59,authenticated_3ds,3ds_v2,1,0,,,fulfilled,,,,0,digital_saas,b2b_software,medium,website,digital_service,1,0,0.5874540118847362,1,0,46,0.025,18.0,16.25
DSP000261,TXN0016627,M000342,C000013,Mastercard,MERCHANDISE_NOT_RECEIVED,Cardholder claims ordered merchandise or service was not received,2025-03-26 18:22:02,2229.4,450.0,225.0,2025-04-05 18:22:02,10,contested,lost,2025-04-08 18:22:02,5,4,3,1,0.665,5,1,0.75,2229.4,debit_card,desktop_web,electronic_accessory,74,1,2283.49,1,0,27,56,0,1,0.0139,9.42,authenticated_otp,sms_otp,1,0,0.0,21.19,delivered,delivered,1.0,1.0,1,online_marketplace_retailer,multi_category_retail,medium,website,physical_delivery,0,0,0.6203657859380023,1,1,112,0.0137,10.0,18.291666666666668
DSP000262,TXN0016747,M000323,C000012,Visa,MERCHANDISE_NOT_RECEIVED,Cardholder claims ordered merchandise or service was not received,2025-04-07 04:53:32,3531.85,500.0,250.0,2025-04-28 04:53:32,21,contested,won,2025-05-10 04:53:32,3,1,1,0,0.34,3,0,1.0,3531.85,credit_card,desktop_web,flight_booking,271,1,4972.65,0,0,47,122,0,1,0.0199,13.96,authenticated_otp,sms_otp,1,0,,,fulfilled,,,,0,travel_hospitality,tour_packages,medium,mobile_app,booking_service,0,1,0.8156437042671085,0,1,46,0.0371,21.0,29.416666666666668
DSP000263,TXN0016844,M000237,C000032,Visa,RECURRING_BILLING_DISPUTE,Cardholder claims recurring subscription billing was canceled or unauthorized,2025-04-22 22:12:12,720.88,500.0,250.0,2025-05-09 22:12:12,17,contested,won,2025-05-02 22:12:12,6,3,3,0,0.7949999999999999,6,0,1.0,720.88,credit_card,mobile_app,footwear,210,1,792.87,1,0,35,0,1,1,0.0378,2.24,authenticated_3ds,3ds_v2,1,0,0.0,26.98,delivered,delivered,1.0,1.0,0,d2c_brand,home_lifestyle,medium,omnichannel,physical_delivery,0,0,0.8576903884626359,1,1,75,0.0146,17.0,44.625
DSP000264,TXN0016942,M000001,C000113,Mastercard,MERCHANDISE_NOT_RECEIVED,Cardholder claims ordered merchandise or service was not received,2025-03-18 10:15:20,931.5,0.0,0.0,2025-04-06 10:15:20,19,accepted,accepted_refunded,,5,4,3,1,0.625,5,1,0.75,931.5,debit_card,desktop_web,handmade_accessory,82,2,2903.39,1,0,9,26,0,2,0.01,30.67,authenticated_otp,sms_otp,1,0,0.0,16.4,delivered,delivered,1.0,1.0,0,individual_social_seller,crochet_accessories,medium,"Instagram, WhatsApp, payment links",physical_delivery,0,0,0.9,0,1,13,0.025,19.0,8.833333333333334
DSP000265,TXN0016952,M000034,C000004,Mastercard,MERCHANDISE_NOT_RECEIVED,Cardholder claims ordered merchandise or service was not received,2025-03-23 15:45:15,5519.47,500.0,250.0,2025-04-08 15:45:15,16,contested,won,2025-05-05 15:45:15,2,1,0,1,0.26333333333333336,2,1,0.0,5519.47,debit_card,mobile_app,personal_training,572,2,20918.33,0,0,14,424,0,2,0.0684,2.24,authenticated_otp,sms_otp,1,0,,,fulfilled,,,,0,fitness_services,personal_training,small,website,membership_service,1,0,0.5546450412719998,1,1,34,0.018,16.0,14.041666666666666
DSP000266,TXN0017069,M000005,C000058,Visa,MERCHANDISE_NOT_RECEIVED,Cardholder claims ordered merchandise or service was not received,2025-04-20 01:48:18,5308.02,0.0,0.0,2025-05-05 01:48:18,15,accepted,accepted_refunded,,2,1,1,0,0.19999999999999998,2,1,1.0,5308.02,credit_card,pos_qr,saas_plan,216,0,0.0,0,0,44,0,1,1,0.4116,16.63,authenticated_3ds,3ds_v2,1,0,,,fulfilled,,,,0,digital_saas,b2b_software,medium,website,digital_service,1,0,0.5874540118847362,1,0,46,0.025,15.0,41.125
DSP000267,TXN0017085,M000347,C000013,Visa,CREDIT_NOT_PROCESSED,Cardholder claims promised credit or refund was not posted,2025-03-21 16:28:03,14368.24,500.0,250.0,2025-04-07 16:28:03,17,contested,lost,2025-04-26 16:28:03,2,3,2,1,0.295,2,1,0.6666666666666666,14368.24,credit_card,pos_qr,hotel_stay,328,4,48881.7,0,0,2,83,0,3,0.0561,5.92,authenticated_3ds,3ds_v2,1,0,,,fulfilled,,,,0,travel_hospitality,ticketing,medium,website,booking_service,0,0,0.8173201869910015,1,1,12,0.0349,17.0,11.666666666666666
DSP000268,TXN0017154,M000063,C000012,Mastercard,CREDIT_NOT_PROCESSED,Cardholder claims promised credit or refund was not posted,2025-04-23 18:29:37,7489.86,0.0,0.0,2025-05-14 18:29:37,21,accepted,accepted_refunded,,3,3,3,0,0.3866666666666667,3,0,1.0,7489.86,credit_card,desktop_web,saas_plan,248,2,10260.01,0,0,24,74,0,2,0.1363,829.41,password_authenticated,password,1,1,,,fulfilled,,,,0,digital_saas,productivity_tools,medium,website,digital_service,1,1,0.8045227288910538,1,1,118,0.0198,21.0,44.333333333333336
DSP000269,TXN0017157,M000237,C000014,Visa,MERCHANDISE_NOT_RECEIVED,Cardholder claims ordered merchandise or service was not received,2025-04-19 07:32:38,982.11,500.0,250.0,2025-05-02 07:32:38,13,contested,lost,2025-05-16 07:32:38,4,4,3,1,0.525,4,2,0.75,982.11,debit_card,desktop_web,footwear,348,4,4163.4,1,1,4,140,0,3,0.0323,35.38,authenticated_3ds,3ds_v2,1,0,0.0,24.38,delivered,delivered,1.0,1.0,1,d2c_brand,home_lifestyle,medium,omnichannel,physical_delivery,0,0,0.8576903884626359,1,1,75,0.0146,13.0,39.875
DSP000270,TXN0017167,M000004,C000088,Visa,CREDIT_NOT_PROCESSED,Cardholder claims promised credit or refund was not posted,2025-03-18 23:02:51,7580.31,0.0,0.0,2025-04-07 23:02:51,20,accepted,accepted_refunded,,3,3,3,0,0.37000000000000005,3,0,1.0,7580.31,credit_card,desktop_web,tour_package,142,2,18802.92,0,0,15,0,1,1,0.0826,2.53,password_authenticated,password,1,0,,,fulfilled,,,,0,travel_hospitality,travel_agency,enterprise,"website, app",booking_service,0,0,0.3,1,1,68,0.0353,20.0,8.5
DSP000271,TXN0017297,M000298,C000023,Mastercard,MERCHANDISE_NOT_AS_DESCRIBED,"Cardholder claims merchandise arrived damaged, defective, or not as described",2025-03-14 05:27:59,2142.43,0.0,0.0,2025-03-30 05:27:59,16,accepted,accepted_refunded,,4,3,2,1,0.49333333333333335,4,2,0.6666666666666666,2142.43,credit_card,payment_link,footwear,431,1,2120.44,0,0,19,0,1,1,0.1359,0.16,authenticated_3ds,3ds_v2,1,0,0.0,10.1,delivered,delivered,0.0,0.0,0,d2c_brand,fashion_apparel,medium,omnichannel,physical_delivery,0,1,0.5860190641411263,1,1,28,0.0144,16.0,3.3333333333333335
DSP000272,TXN0017365,M000064,C000045,Visa,UNAUTHORIZED_TRANSACTION,Cardholder claims transaction was unauthorized or fraudulent,2025-03-31 05:23:38,814.88,500.0,250.0,2025-04-15 05:23:38,15,contested,won,2025-04-26 05:23:38,6,3,3,0,0.8466666666666667,6,0,1.0,814.88,credit_card,pos_qr,cosmetics_kit,375,8,4834.39,0,0,12,306,0,1,0.01,12.62,password_authenticated,password,1,0,0.0,25.2,delivered,delivered,1.0,1.0,0,online_marketplace_retailer,specialty_goods,enterprise,omnichannel,physical_delivery,1,0,0.8325330330763264,1,1,18,0.0076,15.0,19.833333333333332
DSP000273,TXN0017380,M000269,C000063,Visa,CREDIT_NOT_PROCESSED,Cardholder claims promised credit or refund was not posted,2025-03-24 22:32:12,2876.2,0.0,0.0,2025-04-13 22:32:12,20,accepted,accepted_refunded,,5,3,3,0,0.7083333333333334,5,1,1.0,2876.2,credit_card,pos_qr,general_item,399,3,10879.2,0,0,39,278,0,3,0.0341,26.1,password_authenticated,password,1,1,1.0,41.66,delivered,delivered,1.0,1.0,0,online_marketplace_retailer,multi_category_retail,enterprise,omnichannel,physical_delivery,0,0,0.8877373071927955,1,1,12,0.0068,20.0,13.5
DSP000274,TXN0017402,M000001,C000047,Visa,UNAUTHORIZED_TRANSACTION,Cardholder claims transaction was unauthorized or fraudulent,2025-03-28 15:34:42,1744.35,350.0,175.0,2025-04-14 15:34:42,17,contested,lost,2025-05-09 15:34:42,5,3,2,1,0.57,5,1,0.6666666666666666,1744.35,debit_card,pos_qr,home_decor,358,5,6426.96,0,0,5,72,0,1,0.01,11.04,authenticated_otp,sms_otp,1,0,0.0,26.02,failed,failed,0.0,0.0,0,individual_social_seller,crochet_accessories,medium,"Instagram, WhatsApp, payment links",physical_delivery,0,0,0.9,0,1,13,0.025,17.0,17.166666666666668
DSP000275,TXN0017556,M000003,C000185,Mastercard,MERCHANDISE_NOT_RECEIVED,Cardholder claims ordered merchandise or service was not received,2025-04-14 22:13:38,2926.97,0.0,0.0,2025-05-04 22:13:38,20,accepted,accepted_refunded,,2,4,2,2,0.25,2,4,0.5,2926.97,credit_card,payment_link,test_series,175,1,3409.43,0,0,1,68,0,1,0.1644,4.2,authenticated_3ds,3ds_v2,1,0,,,fulfilled,,,,0,education_coaching,exam_prep,enterprise,"website, app",digital_service,0,1,0.4,1,0,99,0.025,20.0,33.708333333333336
DSP000276,TXN0017574,M000230,C000004,RuPay,MERCHANDISE_NOT_RECEIVED,Cardholder claims ordered merchandise or service was not received,2025-04-13 00:11:04,11236.44,0.0,0.0,2025-05-04 00:11:04,21,accepted,accepted_refunded,,1,1,0,1,0.09999999999999999,1,2,0.0,11236.44,credit_card,payment_link,car_rental,721,5,60614.13,0,0,12,49,0,3,0.01,17.31,authenticated_3ds,3ds_v2,1,0,,,fulfilled,,,,0,travel_hospitality,hotel_booking,medium,website,booking_service,0,1,0.5743989643379084,1,1,13,0.0382,21.0,31.666666666666668
DSP000277,TXN0017686,M000134,C000017,RuPay,CREDIT_NOT_PROCESSED,Cardholder claims promised credit or refund was not posted,2025-04-16 21:36:03,2752.74,350.0,175.0,2025-05-05 21:36:03,19,contested,won,2025-04-30 21:36:03,6,3,3,0,0.7233333333333333,6,0,1.0,2752.74,debit_card,desktop_web,footwear,275,2,4830.64,1,0,14,74,0,1,0.01,7.91,authenticated_otp,sms_otp,1,0,0.0,37.62,delivered,delivered,1.0,1.0,0,d2c_brand,fashion_apparel,medium,omnichannel,physical_delivery,0,0,0.8510747302577566,0,1,47,0.0129,19.0,35.25
DSP000278,TXN0017697,M000003,C000121,Visa,RECURRING_BILLING_DISPUTE,Cardholder claims recurring subscription billing was canceled or unauthorized,2025-03-29 14:17:02,5445.84,500.0,250.0,2025-04-17 14:17:02,19,contested,lost,2025-04-13 14:17:02,2,3,1,2,0.25666666666666665,2,4,0.3333333333333333,5445.84,credit_card,payment_link,study_material,496,3,12995.73,0,0,2,124,0,3,0.0575,2.92,authenticated_otp,sms_otp,1,0,,,fulfilled,,,,0,education_coaching,exam_prep,enterprise,"website, app",digital_service,0,1,0.4,1,0,99,0.025,19.0,16.916666666666668
DSP000279,TXN0017757,M000062,C000007,Visa,DUPLICATE_TRANSACTION,Cardholder claims single purchase was billed multiple times,2025-04-17 09:24:05,2905.51,500.0,250.0,2025-05-04 09:24:05,17,contested,won,2025-04-25 09:24:05,6,2,2,0,0.7733333333333333,6,0,1.0,2905.51,credit_card,desktop_web,footwear,176,0,0.0,0,0,44,0,1,1,0.1347,5.97,authenticated_3ds,3ds_v2,1,0,0.0,39.3,delivered,delivered,1.0,1.0,1,d2c_brand,home_lifestyle,medium,website,physical_delivery,1,0,0.8195982862419144,1,1,56,0.0076,17.0,35.541666666666664
DSP000280,TXN0017991,M000352,C000034,Visa,UNAUTHORIZED_TRANSACTION,Cardholder claims transaction was unauthorized or fraudulent,2025-04-11 03:55:20,3573.91,500.0,250.0,2025-04-21 03:55:20,10,contested,lost,2025-04-22 03:55:20,3,3,3,0,0.395,3,0,1.0,3573.91,debit_card,mobile_app,saas_plan,471,0,0.0,0,0,114,0,1,1,0.095,21.26,password_authenticated,password,1,0,,,fulfilled,,,,0,digital_saas,cloud_analytics,medium,website,digital_service,1,0,0.8045304009772044,1,1,119,0.0127,10.0,28.333333333333332
DSP000281,TXN0018152,M000004,C000083,Mastercard,MERCHANDISE_NOT_RECEIVED,Cardholder claims ordered merchandise or service was not received,2025-04-20 16:40:00,9308.39,500.0,250.0,2025-05-01 16:40:00,11,contested,lost,2025-05-23 16:40:00,1,1,0,1,0.09999999999999999,1,2,0.0,9308.39,credit_card,pos_qr,car_rental,366,13,151359.04,0,3,19,0,1,1,0.5498,0.89,authenticated_otp,sms_otp,1,0,,,fulfilled,,,,0,travel_hospitality,travel_agency,enterprise,"website, app",booking_service,0,0,0.3,1,1,68,0.0353,11.0,37.041666666666664
DSP000282,TXN0018153,M000252,C000082,Visa,MERCHANDISE_NOT_AS_DESCRIBED,"Cardholder claims merchandise arrived damaged, defective, or not as described",2025-04-10 03:40:36,4480.5,500.0,250.0,2025-04-27 03:40:36,17,contested,lost,2025-04-24 03:40:36,5,3,3,0,0.6533333333333333,5,1,1.0,4480.5,credit_card,desktop_web,electronic_accessory,30,0,0.0,0,0,3,0,1,1,0.2553,2.69,authenticated_otp,sms_otp,1,0,0.0,9.72,delivered,delivered,1.0,1.0,0,online_marketplace_retailer,specialty_goods,enterprise,mobile_app,physical_delivery,0,0,0.8966654819043669,1,1,34,0.012,17.0,26.5
DSP000283,TXN0018260,M000310,C000035,Mastercard,UNAUTHORIZED_TRANSACTION,Cardholder claims transaction was unauthorized or fraudulent,2025-03-29 19:11:41,2743.8,500.0,250.0,2025-04-14 19:11:41,16,contested,won,2025-05-04 19:11:41,5,3,2,1,0.5883333333333334,5,1,0.6666666666666666,2743.8,credit_card,payment_link,footwear,196,1,4262.98,0,0,11,12,0,1,0.01,11.07,password_authenticated,password,1,0,0.0,22.58,delivered,delivered,1.0,1.0,1,d2c_brand,electronics,medium,omnichannel,physical_delivery,1,1,0.8975852079462534,1,1,16,0.0146,16.0,14.708333333333334
DSP000284,TXN0018334,M000395,C000030,RuPay,UNAUTHORIZED_TRANSACTION,Cardholder claims transaction was unauthorized or fraudulent,2025-04-21 23:34:50,1524.13,500.0,250.0,2025-05-09 23:34:50,18,contested,lost,2025-05-15 23:34:50,6,3,3,0,0.84,6,0,1.0,1524.13,debit_card,mobile_app,footwear,214,8,12869.1,1,0,13,34,0,4,0.01,2.73,authenticated_3ds,3ds_v2,1,0,0.0,16.14,delivered,delivered,1.0,1.0,0,d2c_brand,electronics,medium,omnichannel,physical_delivery,1,0,0.8990505142000673,1,1,86,0.0087,18.0,37.541666666666664
DSP000285,TXN0018345,M000004,C000087,Visa,RECURRING_BILLING_DISPUTE,Cardholder claims recurring subscription billing was canceled or unauthorized,2025-03-31 10:35:19,6907.7,500.0,250.0,2025-04-11 10:35:19,11,contested,lost,2025-04-11 10:35:19,0,3,0,3,0.0,0,3,0.0,6907.7,credit_card,mobile_app,flight_booking,42,0,0.0,0,0,27,0,1,1,0.2193,10.31,auth_failed,none,4,0,,,failed,,,,0,travel_hospitality,travel_agency,enterprise,"website, app",booking_service,0,0,0.3,1,1,68,0.0353,11.0,15.958333333333334
DSP000286,TXN0018365,M000002,C000118,Visa,MERCHANDISE_NOT_RECEIVED,Cardholder claims ordered merchandise or service was not received,2025-03-25 07:44:55,10568.6,500.0,250.0,2025-04-04 07:44:55,10,contested,lost,2025-04-03 07:44:55,3,1,1,0,0.38833333333333336,3,0,1.0,10568.6,credit_card,pos_qr,footwear,256,1,9398.44,0,0,53,221,0,1,0.01,10.59,password_authenticated,password,1,0,0.0,6.07,delivered,delivered,1.0,1.0,0,d2c_brand,footwear,enterprise,website,physical_delivery,0,0,0.65,1,1,60,0.025,10.0,9.791666666666666
DSP000287,TXN0018526,M000004,C000096,RuPay,CREDIT_NOT_PROCESSED,Cardholder claims promised credit or refund was not posted,2025-04-13 13:40:00,11101.69,0.0,0.0,2025-04-26 13:40:00,13,accepted,accepted_refunded,,2,3,2,1,0.20166666666666666,2,1,0.6666666666666666,11101.69,credit_card,payment_link,vacation_package,162,1,6913.85,0,0,0,0,1,1,0.3161,1.2,auth_failed,none,3,0,,,failed,,,,0,travel_hospitality,travel_agency,enterprise,"website, app",booking_service,0,0,0.3,1,1,68,0.0353,13.0,28.583333333333332
DSP000288,TXN0018691,M000369,C000022,Visa,CREDIT_NOT_PROCESSED,Cardholder claims promised credit or refund was not posted,2025-04-03 12:58:57,2134.93,450.0,225.0,2025-04-22 12:58:57,19,contested,lost,2025-04-29 12:58:57,5,3,2,1,0.6866666666666666,5,1,0.6666666666666666,2134.93,credit_card,desktop_web,footwear,720,10,21818.25,5,2,13,24,0,6,0.0213,32.02,authenticated_3ds,3ds_v2,1,0,0.0,4.8,delivered,delivered,1.0,1.0,1,d2c_brand,cosmetics,medium,website,physical_delivery,1,0,0.8941464808776525,0,1,119,0.0159,19.0,17.958333333333332
DSP000289,TXN0018819,M000003,C000150,Mastercard,UNAUTHORIZED_TRANSACTION,Cardholder claims transaction was unauthorized or fraudulent,2025-03-29 19:35:50,2304.21,500.0,250.0,2025-04-16 19:35:50,18,contested,lost,2025-05-02 19:35:50,1,3,1,2,0.12833333333333333,1,5,0.3333333333333333,2304.21,credit_card,payment_link,test_series,282,0,0.0,0,0,46,0,1,1,0.0453,22.34,authenticated_3ds,3ds_v2,1,0,,,fulfilled,,,,0,education_coaching,exam_prep,enterprise,"website, app",digital_service,0,1,0.4,1,0,99,0.025,18.0,12.875
DSP000290,TXN0018902,M000222,C000063,Mastercard,MERCHANDISE_NOT_RECEIVED,Cardholder claims ordered merchandise or service was not received,2025-04-25 01:31:33,304.16,500.0,250.0,2025-05-05 01:31:33,10,contested,won,2025-05-22 01:31:33,2,1,1,0,0.2333333333333333,2,1,1.0,304.16,credit_card,pos_qr,food_item,230,4,1727.44,0,0,2,168,0,2,0.4432,275.19,authenticated_otp,sms_otp,1,1,1.0,0.91,delivered,delivered,1.0,1.0,0,food_local_commerce,bakery,medium,website,food_delivery,0,0,0.8746491405118024,0,1,6,0.0273,10.0,38.625
DSP000291,TXN0018929,M000175,C000035,Visa,MERCHANDISE_NOT_RECEIVED,Cardholder claims ordered merchandise or service was not received,2025-04-16 00:39:29,16802.59,0.0,0.0,2025-04-28 00:39:29,12,accepted,accepted_refunded,,2,1,1,0,0.2916666666666667,2,1,1.0,16802.59,credit_card,payment_link,flight_booking,91,2,32530.84,0,0,34,13,0,2,0.01,4.45,auth_failed,none,4,0,,,failed,,,,0,travel_hospitality,tour_packages,medium,mobile_app,booking_service,0,0,0.8677564361842283,1,1,44,0.034,12.0,29.541666666666668
DSP000292,TXN0018966,M000014,C000003,Mastercard,UNAUTHORIZED_TRANSACTION,Cardholder claims transaction was unauthorized or fraudulent,2025-04-03 23:49:34,1097.78,450.0,225.0,2025-04-24 23:49:34,21,contested,lost,2025-05-15 23:49:34,5,3,2,1,0.665,5,1,0.6666666666666666,1097.78,credit_card,pos_qr,footwear,271,3,4554.5,0,0,27,0,1,1,0.2132,50.93,authenticated_3ds,3ds_v2,1,0,0.0,11.65,failed,failed,0.0,0.0,0,d2c_brand,fashion_apparel,medium,website,physical_delivery,1,1,0.8708072577796045,1,1,77,0.0132,21.0,17.375
DSP000293,TXN0019007,M000003,C000029,Visa,MERCHANDISE_NOT_RECEIVED,Cardholder claims ordered merchandise or service was not received,2025-04-22 22:09:15,3529.23,500.0,250.0,2025-05-08 22:09:15,16,contested,won,2025-05-27 22:09:15,3,4,3,1,0.37333333333333335,3,3,0.75,3529.23,credit_card,pos_qr,test_series,24,2,4118.77,0,0,16,19,0,2,0.01,7.27,authenticated_otp,sms_otp,1,0,,,fulfilled,,,,0,education_coaching,exam_prep,enterprise,"website, app",digital_service,0,1,0.4,1,0,99,0.025,16.0,36.166666666666664
DSP000294,TXN0019065,M000063,C000002,Visa,MERCHANDISE_NOT_RECEIVED,Cardholder claims ordered merchandise or service was not received,2025-04-13 01:02:00,8682.07,500.0,250.0,2025-05-01 01:02:00,18,contested,lost,2025-05-02 01:02:00,2,1,0,1,0.2966666666666667,2,1,0.0,8682.07,debit_card,mobile_app,saas_plan,583,4,26993.57,0,0,18,297,0,2,0.099,4.67,password_authenticated,password,1,0,,,fulfilled,,,,0,digital_saas,productivity_tools,medium,website,digital_service,1,1,0.8045227288910538,1,1,118,0.0198,18.0,26.083333333333332
DSP000295,TXN0019105,M000004,C000084,RuPay,RECURRING_BILLING_DISPUTE,Cardholder claims recurring subscription billing was canceled or unauthorized,2025-04-28 06:37:17,12833.21,350.0,175.0,2025-05-18 06:37:17,20,contested,won,2025-05-05 06:37:17,3,3,3,0,0.31666666666666665,3,0,1.0,12833.21,credit_card,desktop_web,flight_booking,138,0,0.0,0,0,96,0,1,1,0.01,9.06,password_authenticated,password,1,0,,,fulfilled,,,,0,travel_hospitality,travel_agency,enterprise,"website, app",booking_service,0,0,0.3,1,1,68,0.0353,20.0,40.958333333333336
DSP000296,TXN0019106,M000040,C000023,Mastercard,MERCHANDISE_NOT_AS_DESCRIBED,"Cardholder claims merchandise arrived damaged, defective, or not as described",2025-04-03 13:46:04,754.65,500.0,250.0,2025-04-24 13:46:04,21,contested,lost,2025-04-25 13:46:04,5,3,2,1,0.62,5,1,0.6666666666666666,754.65,debit_card,mobile_app,fashion_apparel,71,0,0.0,0,0,47,0,1,1,0.5667,22.63,authenticated_3ds,3ds_v2,1,0,0.0,30.82,delivered,delivered,1.0,1.0,0,online_marketplace_retailer,specialty_goods,medium,website,physical_delivery,0,0,0.8808397348116461,1,1,47,0.0136,21.0,16.25
DSP000297,TXN0019107,M000064,C000027,RuPay,UNAUTHORIZED_TRANSACTION,Cardholder claims transaction was unauthorized or fraudulent,2025-04-25 17:47:35,557.71,500.0,250.0,2025-05-09 17:47:35,14,contested,lost,2025-05-18 17:47:35,5,3,3,0,0.585,5,1,1.0,557.71,debit_card,pos_qr,fashion_apparel,322,2,1460.64,0,0,44,71,0,2,0.3059,0.41,authenticated_otp,sms_otp,1,0,0.0,4.46,delivered,delivered,1.0,1.0,0,online_marketplace_retailer,specialty_goods,enterprise,omnichannel,physical_delivery,1,0,0.8325330330763264,1,1,18,0.0076,14.0,38.416666666666664
DSP000298,TXN0019134,M000132,C000026,RuPay,MERCHANDISE_NOT_RECEIVED,Cardholder claims ordered merchandise or service was not received,2025-04-14 01:19:10,2084.52,450.0,225.0,2025-05-01 01:19:10,17,contested,won,2025-05-11 01:19:10,5,4,3,1,0.555,5,1,0.75,2084.52,credit_card,mobile_app,footwear,469,7,28101.96,3,0,9,456,0,2,0.2416,713.2,authenticated_otp,sms_otp,1,1,1.0,38.31,delivered,delivered,0.0,0.0,0,d2c_brand,fashion_apparel,medium,website,physical_delivery,1,1,0.8860730583256343,1,1,119,0.0166,17.0,26.666666666666668
DSP000299,TXN0019197,M000002,C000097,Visa,UNAUTHORIZED_TRANSACTION,Cardholder claims transaction was unauthorized or fraudulent,2025-04-16 13:51:57,2403.69,500.0,250.0,2025-05-05 13:51:57,19,contested,lost,2025-05-30 13:51:57,1,3,1,2,0.13833333333333334,1,2,0.3333333333333333,2403.69,credit_card,desktop_web,footwear,165,0,0.0,0,0,112,0,1,1,0.1135,29.59,authenticated_otp,sms_otp,1,0,0.0,29.09,delivered,delivered,1.0,1.0,1,d2c_brand,footwear,enterprise,website,physical_delivery,0,0,0.65,1,1,60,0.025,19.0,29.041666666666668
DSP000300,TXN0019204,M000002,C000086,Visa,MERCHANDISE_NOT_RECEIVED,Cardholder claims ordered merchandise or service was not received,2025-04-16 22:29:59,4186.03,0.0,0.0,2025-04-28 22:29:59,12,accepted,accepted_refunded,,2,1,1,0,0.24833333333333332,2,1,1.0,4186.03,credit_card,desktop_web,footwear,329,0,0.0,0,0,49,0,1,1,0.6793,6.91,authenticated_3ds,3ds_v2,1,0,0.0,20.06,delivered,delivered,1.0,1.0,1,d2c_brand,footwear,enterprise,website,physical_delivery,0,0,0.65,1,1,60,0.025,12.0,29.375
DSP000301,TXN0019223,M000154,C000016,Visa,UNAUTHORIZED_TRANSACTION,Cardholder claims transaction was unauthorized or fraudulent,2025-04-22 08:12:33,1507.28,0.0,0.0,2025-05-12 08:12:33,20,accepted,accepted_refunded,,3,3,0,3,0.3383333333333334,3,3,0.0,1507.28,credit_card,desktop_web,general_item,170,2,3878.07,1,0,5,138,0,2,0.2304,2462.44,authenticated_3ds,3ds_v2,1,1,1.0,44.08,delivered,delivered,1.0,1.0,0,online_marketplace_retailer,electronics_hub,enterprise,omnichannel,physical_delivery,1,0,0.5778646464236611,1,0,15,0.005,20.0,34.708333333333336
DSP000302,TXN0019315,M000230,C000021,RuPay,MERCHANDISE_NOT_RECEIVED,Cardholder claims ordered merchandise or service was not received,2025-04-20 06:47:27,9897.19,0.0,0.0,2025-05-11 06:47:27,21,accepted,accepted_refunded,,1,1,1,0,0.12833333333333333,1,2,1.0,9897.19,credit_card,mobile_app,car_rental,8,0,0.0,0,0,3,0,1,1,0.0199,2.01,password_authenticated,password,1,0,,,fulfilled,,,,0,travel_hospitality,hotel_booking,medium,website,booking_service,0,1,0.5743989643379084,1,1,13,0.0382,21.0,32.208333333333336
DSP000303,TXN0019437,M000362,C000012,RuPay,MERCHANDISE_NOT_AS_DESCRIBED,"Cardholder claims merchandise arrived damaged, defective, or not as described",2025-04-26 11:05:03,25975.14,0.0,0.0,2025-05-06 11:05:03,10,accepted,accepted_refunded,,2,2,1,1,0.225,2,1,0.5,25975.14,credit_card,mobile_app,hotel_stay,295,5,103723.98,0,0,8,95,0,5,0.01,4.35,password_authenticated,password,1,0,,,fulfilled,,,,0,travel_hospitality,hotel_booking,medium,website,booking_service,0,0,0.8585775581273463,1,1,40,0.0242,10.0,37.833333333333336
DSP000304,TXN0019494,M000058,C000005,RuPay,MERCHANDISE_NOT_AS_DESCRIBED,"Cardholder claims merchandise arrived damaged, defective, or not as described",2025-03-23 07:27:07,2861.36,0.0,0.0,2025-04-04 07:27:07,12,accepted,accepted_refunded,,5,3,3,0,0.65,5,1,1.0,2861.36,credit_card,pos_qr,footwear,303,6,15071.73,0,0,17,267,0,5,0.1144,2.45,authenticated_otp,sms_otp,1,0,0.0,45.13,delivered,delivered,1.0,0.0,0,d2c_brand,fashion_apparel,medium,omnichannel,physical_delivery,1,0,0.6394827350427649,1,1,55,0.0149,12.0,3.5416666666666665
DSP000305,TXN0019798,M000209,C000005,Mastercard,MERCHANDISE_NOT_AS_DESCRIBED,"Cardholder claims merchandise arrived damaged, defective, or not as described",2025-04-22 13:23:06,3868.16,0.0,0.0,2025-05-02 13:23:06,10,accepted,accepted_refunded,,3,3,2,1,0.38999999999999996,3,3,0.6666666666666666,3868.16,credit_card,mobile_app,handmade_accessory,84,0,0.0,0,0,73,0,1,1,0.2909,19.27,auth_failed,password,4,0,0.0,30.59,failed,failed,0.0,0.0,0,individual_social_seller,jewelry,micro,instagram_whatsapp,physical_delivery,0,1,0.6106429059659589,0,0,10,0.0117,10.0,32.458333333333336
DSP000306,TXN0019838,M000287,C000118,Visa,DUPLICATE_TRANSACTION,Cardholder claims single purchase was billed multiple times,2025-04-24 08:56:09,722.89,500.0,250.0,2025-05-04 08:56:09,10,contested,won,2025-05-18 08:56:09,4,2,2,0,0.44166666666666665,4,2,1.0,722.89,credit_card,payment_link,fashion_apparel,363,5,4222.17,0,1,24,248,0,4,0.1323,3.43,authenticated_3ds,3ds_v2,1,0,0.0,20.78,delivered,delivered,1.0,0.0,1,online_marketplace_retailer,specialty_goods,enterprise,mobile_app,physical_delivery,0,0,0.8375582952639944,1,1,78,0.0144,10.0,34.0
DSP000307,TXN0019918,M000398,C000052,Mastercard,MERCHANDISE_NOT_RECEIVED,Cardholder claims ordered merchandise or service was not received,2025-04-28 00:27:36,1317.32,500.0,250.0,2025-05-08 00:27:36,10,contested,won,2025-05-11 00:27:36,6,4,4,0,0.73,6,0,1.0,1317.32,debit_card,pos_qr,home_decor,148,1,2758.21,0,0,51,48,0,1,0.01,19.23,authenticated_otp,sms_otp,1,0,0.0,22.87,delivered,delivered,1.0,1.0,0,online_marketplace_retailer,electronics_hub,enterprise,mobile_app,physical_delivery,0,0,0.6276412960741997,1,1,13,0.0084,10.0,37.375
DSP000308,TXN0019946,M000003,C000046,RuPay,CREDIT_NOT_PROCESSED,Cardholder claims promised credit or refund was not posted,2025-04-26 21:38:03,3356.24,0.0,0.0,2025-05-09 21:38:03,13,accepted,accepted_refunded,,3,3,2,1,0.36166666666666664,3,3,0.6666666666666666,3356.24,credit_card,mobile_app,exam_course,270,7,19243.18,0,0,11,61,0,5,0.043,10.94,authenticated_otp,sms_otp,1,0,,,fulfilled,,,,0,education_coaching,exam_prep,enterprise,"website, app",digital_service,0,1,0.4,1,0,99,0.025,13.0,36.166666666666664
DSP000309,TXN0019977,M000217,C000031,Mastercard,CREDIT_NOT_PROCESSED,Cardholder claims promised credit or refund was not posted,2025-04-18 21:30:39,2319.17,500.0,250.0,2025-05-03 21:30:39,15,contested,lost,2025-04-30 21:30:39,4,3,2,1,0.5466666666666667,4,2,0.6666666666666666,2319.17,credit_card,desktop_web,footwear,79,0,0.0,0,0,39,0,1,1,0.103,7.34,authenticated_3ds,3ds_v2,1,0,1.0,32.4,delivered,delivered,1.0,1.0,0,d2c_brand,fashion_apparel,medium,omnichannel,physical_delivery,0,0,0.8651961259502601,1,1,54,0.0123,15.0,28.083333333333332
DSP000310,TXN0020049,M000032,C000004,Visa,MERCHANDISE_NOT_RECEIVED,Cardholder claims ordered merchandise or service was not received,2025-05-06 03:47:19,1309.4,500.0,250.0,2025-05-16 03:47:19,10,contested,won,2025-05-16 03:47:19,5,4,3,1,0.625,5,1,0.75,1309.4,credit_card,desktop_web,footwear,237,1,858.17,1,0,32,25,0,1,0.01,40.25,authenticated_otp,sms_otp,1,0,0.0,44.63,delivered,delivered,1.0,1.0,1,d2c_brand,fashion_apparel,medium,omnichannel,physical_delivery,0,0,0.8514234438413611,1,0,115,0.0169,10.0,44.833333333333336
DSP000311,TXN0020051,M000276,C000007,Visa,CREDIT_NOT_PROCESSED,Cardholder claims promised credit or refund was not posted,2025-05-04 07:54:08,913.53,0.0,0.0,2025-05-25 07:54:08,21,accepted,accepted_refunded,,3,3,3,0,0.3466666666666667,3,0,1.0,913.53,debit_card,desktop_web,food_item,295,4,3859.99,0,0,49,284,0,2,0.01,6.0,authenticated_otp,sms_otp,1,0,0.0,0.83,delivered,delivered,1.0,0.0,0,food_local_commerce,local_restaurant,medium,mobile_app,food_delivery,0,0,0.6310113394679181,1,1,49,0.0168,21.0,43.0
DSP000312,TXN0020101,M000374,C000007,Visa,UNAUTHORIZED_TRANSACTION,Cardholder claims transaction was unauthorized or fraudulent,2025-04-16 04:52:19,17142.17,350.0,175.0,2025-04-27 04:52:19,11,contested,lost,2025-04-27 04:52:19,2,3,2,1,0.2383333333333333,2,1,0.6666666666666666,17142.17,debit_card,mobile_app,flight_booking,134,3,47325.5,0,0,66,66,0,3,0.3007,212.6,authenticated_otp,sms_otp,1,1,,,fulfilled,,,,0,travel_hospitality,tour_packages,medium,website,booking_service,0,1,0.8069361300875165,1,1,71,0.0162,11.0,24.75
DSP000313,TXN0020105,M000237,C000055,Visa,CREDIT_NOT_PROCESSED,Cardholder claims promised credit or refund was not posted,2025-04-12 04:03:35,731.1,0.0,0.0,2025-05-01 04:03:35,19,accepted,accepted_refunded,,6,3,3,0,0.715,6,0,1.0,731.1,debit_card,pos_qr,footwear,311,1,1020.51,0,0,24,263,0,1,0.0132,149.22,auth_failed,sms_otp,4,1,1.0,4.51,failed,failed,0.0,0.0,0,d2c_brand,home_lifestyle,medium,omnichannel,physical_delivery,0,0,0.8576903884626359,1,1,75,0.0146,19.0,20.708333333333332
DSP000314,TXN0020338,M000360,C000102,Visa,MERCHANDISE_NOT_AS_DESCRIBED,"Cardholder claims merchandise arrived damaged, defective, or not as described",2025-04-09 02:42:12,455.81,450.0,225.0,2025-04-21 02:42:12,12,contested,won,2025-05-22 02:42:12,3,2,2,0,0.35333333333333333,3,0,1.0,455.81,credit_card,mobile_app,food_item,556,9,4596.2,0,0,8,291,0,9,0.01,0.4,authenticated_otp,sms_otp,1,0,0.0,0.54,delivered,delivered,1.0,1.0,0,food_local_commerce,bakery,enterprise,website,food_delivery,0,0,0.6142419278206316,1,1,89,0.0236,12.0,16.75
DSP000315,TXN0020351,M000270,C000004,Mastercard,UNAUTHORIZED_TRANSACTION,Cardholder claims transaction was unauthorized or fraudulent,2025-04-20 06:24:00,2581.98,500.0,250.0,2025-05-08 06:24:00,18,contested,lost,2025-04-30 06:24:00,6,3,3,0,0.6733333333333333,6,0,1.0,2581.98,credit_card,payment_link,footwear,52,0,0.0,0,0,16,0,1,1,0.1624,19.98,authenticated_otp,sms_otp,1,0,0.0,29.09,delivered,delivered,1.0,1.0,0,d2c_brand,cosmetics,small,omnichannel,physical_delivery,0,0,0.6240768617754204,1,1,119,0.0091,18.0,27.875
DSP000316,TXN0020359,M000002,C000009,Mastercard,UNAUTHORIZED_TRANSACTION,Cardholder claims transaction was unauthorized or fraudulent,2025-04-01 22:34:50,4720.26,450.0,225.0,2025-04-14 22:34:50,13,contested,lost,2025-05-03 22:34:50,2,3,2,1,0.25166666666666665,2,1,0.6666666666666666,4720.26,credit_card,pos_qr,footwear,450,2,7094.39,1,0,42,0,1,1,0.4173,11.38,authenticated_3ds,3ds_v2,1,0,0.0,5.34,failed,failed,0.0,0.0,0,d2c_brand,footwear,enterprise,website,physical_delivery,0,0,0.65,1,1,60,0.025,13.0,9.541666666666666
DSP000317,TXN0020396,M000106,C000020,Mastercard,MERCHANDISE_NOT_RECEIVED,Cardholder claims ordered merchandise or service was not received,2025-04-15 11:02:42,11398.58,500.0,250.0,2025-05-05 11:02:42,20,contested,won,2025-05-27 11:02:42,4,4,4,0,0.4716666666666667,4,2,1.0,11398.58,credit_card,payment_link,footwear,299,3,21144.16,0,0,17,267,0,2,0.01,7.22,authenticated_otp,sms_otp,1,0,0.0,20.3,delivered,delivered,1.0,1.0,0,d2c_brand,electronics,medium,omnichannel,physical_delivery,0,0,0.613641041126378,1,1,69,0.0116,20.0,23.0
DSP000318,TXN0020413,M000054,C000006,Visa,MERCHANDISE_NOT_RECEIVED,Cardholder claims ordered merchandise or service was not received,2025-04-20 00:43:30,3488.67,0.0,0.0,2025-05-02 00:43:30,12,accepted,accepted_refunded,,1,1,0,1,0.11166666666666668,1,2,0.0,3488.67,debit_card,payment_link,lab_test,98,0,0.0,0,0,79,0,1,1,0.2768,8.06,authenticated_otp,sms_otp,1,0,,,fulfilled,,,,0,healthcare_diagnostics,diagnostic_lab,small,website,appointment_service,0,0,0.3184854455525526,0,0,100,0.0097,12.0,27.541666666666668
DSP000319,TXN0020422,M000252,C000113,Mastercard,CREDIT_NOT_PROCESSED,Cardholder claims promised credit or refund was not posted,2025-04-12 16:13:37,4198.93,500.0,250.0,2025-04-28 16:13:37,16,contested,won,2025-05-09 16:13:37,4,3,3,0,0.5366666666666667,4,2,1.0,4198.93,debit_card,mobile_app,electronic_accessory,139,0,0.0,0,0,55,0,1,1,0.1953,6.63,authenticated_otp,sms_otp,1,0,0.0,6.75,delivered,delivered,1.0,0.0,0,online_marketplace_retailer,specialty_goods,enterprise,mobile_app,physical_delivery,0,0,0.8966654819043669,1,1,34,0.012,16.0,20.166666666666668
DSP000320,TXN0020440,M000298,C000013,Visa,UNAUTHORIZED_TRANSACTION,Cardholder claims transaction was unauthorized or fraudulent,2025-04-18 16:27:04,1933.15,500.0,250.0,2025-04-29 16:27:04,11,contested,lost,2025-05-03 16:27:04,4,3,2,1,0.425,4,2,0.6666666666666666,1933.15,credit_card,mobile_app,footwear,460,6,12960.5,2,0,10,377,0,3,0.5262,759.55,authenticated_otp,sms_otp,1,1,1.0,40.37,failed,failed,0.0,0.0,0,d2c_brand,fashion_apparel,medium,omnichannel,physical_delivery,0,1,0.5860190641411263,1,1,28,0.0144,11.0,26.125
DSP000321,TXN0020442,M000188,C000001,Visa,CREDIT_NOT_PROCESSED,Cardholder claims promised credit or refund was not posted,2025-03-31 18:30:34,152.9,500.0,250.0,2025-04-16 18:30:34,16,contested,lost,2025-04-08 18:30:34,2,3,2,1,0.2333333333333333,2,1,0.6666666666666666,152.9,debit_card,payment_link,food_item,417,4,1183.41,0,0,16,367,0,1,0.01,15.47,authenticated_otp,sms_otp,1,0,0.0,0.75,delivered,delivered,1.0,1.0,0,food_local_commerce,cloud_kitchen,small,website,food_delivery,0,0,0.3877339353380981,1,1,78,0.0157,16.0,8.208333333333334
DSP000322,TXN0020542,M000184,C000016,Mastercard,DUPLICATE_TRANSACTION,Cardholder claims single purchase was billed multiple times,2025-04-01 05:18:21,7565.82,0.0,0.0,2025-04-19 05:18:21,18,accepted,accepted_refunded,,2,2,1,1,0.27499999999999997,2,1,0.5,7565.82,credit_card,desktop_web,saas_plan,372,7,90629.56,0,0,2,366,0,7,0.01,21.48,authenticated_3ds,3ds_v2,1,0,,,fulfilled,,,,0,digital_saas,developer_tools,small,website,digital_service,1,0,0.5637520944145993,1,1,22,0.0226,18.0,8.458333333333334
DSP000323,TXN0020623,M000252,C000020,Mastercard,UNAUTHORIZED_TRANSACTION,Cardholder claims transaction was unauthorized or fraudulent,2025-04-14 12:47:05,5459.1,0.0,0.0,2025-04-30 12:47:05,16,accepted,accepted_refunded,,6,3,3,0,0.77,6,0,1.0,5459.1,credit_card,mobile_app,cosmetics_kit,262,4,30115.62,2,0,37,129,0,2,0.0755,7.64,authenticated_3ds,3ds_v2,1,0,0.0,27.87,delivered,delivered,1.0,1.0,0,online_marketplace_retailer,specialty_goods,enterprise,mobile_app,physical_delivery,0,0,0.8966654819043669,1,1,34,0.012,16.0,21.541666666666668
DSP000324,TXN0020636,M000004,C000025,Visa,CREDIT_NOT_PROCESSED,Cardholder claims promised credit or refund was not posted,2025-04-29 08:07:39,19750.2,450.0,225.0,2025-05-19 08:07:39,20,contested,lost,2025-06-06 08:07:39,1,3,1,2,0.10833333333333334,1,2,0.3333333333333333,19750.2,credit_card,mobile_app,vacation_package,160,1,13623.42,0,0,45,0,1,1,0.051,6.86,password_authenticated,password,1,0,,,fulfilled,,,,0,travel_hospitality,travel_agency,enterprise,"website, app",booking_service,0,0,0.3,1,1,68,0.0353,20.0,36.208333333333336
DSP000325,TXN0020728,M000219,C000021,Visa,RECURRING_BILLING_DISPUTE,Cardholder claims recurring subscription billing was canceled or unauthorized,2025-04-05 15:29:00,16782.55,500.0,250.0,2025-04-17 15:29:00,12,contested,lost,2025-04-16 15:29:00,3,3,3,0,0.43999999999999995,3,0,1.0,16782.55,credit_card,desktop_web,flight_booking,179,9,166892.8,0,0,23,110,0,9,0.0507,0.61,authenticated_3ds,3ds_v2,1,0,,,fulfilled,,,,0,travel_hospitality,ticketing,medium,website,booking_service,0,0,0.8712179221347536,1,1,21,0.0385,12.0,12.083333333333334
DSP000326,TXN0020730,M000227,C000006,Mastercard,CREDIT_NOT_PROCESSED,Cardholder claims promised credit or refund was not posted,2025-04-19 21:33:44,5538.97,500.0,250.0,2025-05-02 21:33:44,13,contested,lost,2025-04-26 21:33:44,3,3,3,0,0.34500000000000003,3,0,1.0,5538.97,credit_card,mobile_app,gym_membership,96,9,64217.17,0,0,6,70,0,8,0.01,3.77,password_authenticated,password,1,0,,,fulfilled,,,,0,fitness_services,gym_studio,small,omnichannel,membership_service,1,0,0.5593674767828092,1,1,118,0.0215,13.0,26.333333333333332
DSP000327,TXN0020799,M000004,C000091,Visa,MERCHANDISE_NOT_RECEIVED,Cardholder claims ordered merchandise or service was not received,2025-04-22 04:03:50,8048.85,0.0,0.0,2025-05-11 04:03:50,19,accepted,accepted_refunded,,0,1,0,1,0.0,0,3,0.0,8048.85,credit_card,pos_qr,car_rental,141,1,3857.34,0,0,44,104,0,1,0.01,35.82,authenticated_3ds,3ds_v2,1,0,,,fulfilled,,,,0,travel_hospitality,travel_agency,enterprise,"website, app",booking_service,0,0,0.3,1,1,68,0.0353,19.0,28.416666666666668
DSP000328,TXN0020862,M000217,C000025,Mastercard,RECURRING_BILLING_DISPUTE,Cardholder claims recurring subscription billing was canceled or unauthorized,2025-04-16 09:35:37,3144.75,500.0,250.0,2025-05-05 09:35:37,19,contested,won,2025-05-13 09:35:37,5,3,3,0,0.67,5,1,1.0,3144.75,credit_card,payment_link,footwear,496,1,2901.81,0,0,61,0,1,1,0.2345,12.6,password_authenticated,password,1,0,1.0,12.31,delivered,delivered,1.0,1.0,0,d2c_brand,fashion_apparel,medium,omnichannel,physical_delivery,0,0,0.8651961259502601,1,1,54,0.0123,19.0,22.416666666666668
DSP000329,TXN0021003,M000344,C000062,Visa,MERCHANDISE_NOT_AS_DESCRIBED,"Cardholder claims merchandise arrived damaged, defective, or not as described",2025-04-16 14:13:26,4902.31,500.0,250.0,2025-05-07 14:13:26,21,contested,lost,2025-05-17 14:13:26,5,3,2,1,0.6316666666666667,5,1,0.6666666666666666,4902.31,credit_card,payment_link,cosmetics_kit,374,5,21822.05,0,0,6,249,0,3,0.0278,1.26,auth_failed,none,3,0,0.0,1.22,failed,failed,0.0,0.0,0,online_marketplace_retailer,electronics_hub,enterprise,mobile_app,physical_delivery,0,0,0.5597834160651001,1,1,28,0.0147,21.0,21.958333333333332
DSP000330,TXN0021084,M000399,C000002,Visa,UNAUTHORIZED_TRANSACTION,Cardholder claims transaction was unauthorized or fraudulent,2025-04-15 08:14:34,16769.11,500.0,250.0,2025-04-30 08:14:34,15,contested,lost,2025-05-27 08:14:34,3,3,3,0,0.3466666666666667,3,0,1.0,16769.11,debit_card,pos_qr,study_material,1,0,0.0,0,0,1,0,1,1,0.4584,58.97,authenticated_otp,sms_otp,1,1,,,fulfilled,,,,0,education_coaching,skill_bootcamp,small,website,digital_service,1,1,0.5840803540253018,1,1,4,0.0187,15.0,20.5
DSP000331,TXN0021094,M000008,C000169,Visa,DUPLICATE_TRANSACTION,Cardholder claims single purchase was billed multiple times,2025-03-30 20:26:15,3230.8,500.0,250.0,2025-04-16 20:26:15,17,contested,won,2025-04-10 20:26:15,2,2,2,0,0.25333333333333335,2,1,1.0,3230.8,credit_card,desktop_web,lab_test,650,12,51560.58,0,0,1,151,0,6,0.01,6.51,authenticated_otp,sms_otp,1,0,,,fulfilled,,,,0,healthcare_diagnostics,telehealth,enterprise,"website, app, clinic",appointment_service,0,0,0.6098658484197036,1,1,99,0.025,17.0,4.958333333333333
DSP000332,TXN0021147,M000001,C000038,RuPay,RECURRING_BILLING_DISPUTE,Cardholder claims recurring subscription billing was canceled or unauthorized,2025-04-25 04:47:52,898.73,500.0,250.0,2025-05-12 04:47:52,17,contested,lost,2025-05-26 04:47:52,3,3,1,2,0.375,3,3,0.3333333333333333,898.73,credit_card,desktop_web,home_decor,158,0,0.0,0,0,86,0,1,1,0.0118,1.16,authenticated_3ds,3ds_v2,1,0,0.0,44.99,delivered,delivered,1.0,1.0,0,individual_social_seller,crochet_accessories,medium,"Instagram, WhatsApp, payment links",physical_delivery,0,0,0.9,0,1,13,0.025,17.0,29.875
DSP000333,TXN0021201,M000015,C000003,Visa,RECURRING_BILLING_DISPUTE,Cardholder claims recurring subscription billing was canceled or unauthorized,2025-04-03 01:49:55,736.29,500.0,250.0,2025-04-22 01:49:55,19,contested,won,2025-05-14 01:49:55,5,3,3,0,0.7083333333333334,5,1,1.0,736.29,credit_card,mobile_app,footwear,247,0,0.0,0,0,64,0,1,1,0.0245,33.91,authenticated_3ds,3ds_v2,1,0,0.0,29.29,delivered,delivered,0.0,0.0,0,d2c_brand,electronics,medium,website,physical_delivery,0,0,0.8020584494295803,1,1,56,0.0075,19.0,7.583333333333333
DSP000334,TXN0021240,M000115,C000011,RuPay,MERCHANDISE_NOT_AS_DESCRIBED,"Cardholder claims merchandise arrived damaged, defective, or not as described",2025-04-01 02:51:59,23610.87,500.0,250.0,2025-04-22 02:51:59,21,contested,lost,2025-04-14 02:51:59,2,2,1,1,0.23666666666666666,2,1,0.5,23610.87,credit_card,payment_link,tour_package,230,1,15776.63,0,0,68,0,1,1,0.0304,37.4,password_authenticated,password,1,0,,,fulfilled,,,,0,travel_hospitality,hotel_booking,medium,mobile_app,booking_service,0,1,0.5789751452913767,1,1,91,0.0164,21.0,5.458333333333333
DSP000335,TXN0021320,M000382,C000009,Visa,UNAUTHORIZED_TRANSACTION,Cardholder claims transaction was unauthorized or fraudulent,2025-04-14 18:56:10,23775.51,0.0,0.0,2025-05-04 18:56:10,20,accepted,accepted_refunded,,3,3,3,0,0.37833333333333335,3,0,1.0,23775.51,credit_card,mobile_app,vacation_package,43,6,137586.42,0,0,1,27,0,2,0.01,56.57,authenticated_3ds,3ds_v2,1,0,,,fulfilled,,,,0,travel_hospitality,hotel_booking,medium,mobile_app,booking_service,1,0,0.8023271935735825,1,0,119,0.0307,20.0,18.875
DSP000336,TXN0021351,M000047,C000056,Visa,MERCHANDISE_NOT_RECEIVED,Cardholder claims ordered merchandise or service was not received,2025-05-11 03:35:32,2977.42,500.0,250.0,2025-05-31 03:35:32,20,contested,lost,2025-05-18 03:35:32,4,4,2,2,0.5433333333333333,4,2,0.5,2977.42,credit_card,desktop_web,footwear,526,6,23935.82,2,0,14,0,1,1,0.3856,1256.36,authenticated_otp,sms_otp,1,1,1.0,27.09,delivered,delivered,1.0,0.0,0,d2c_brand,fashion_apparel,medium,website,physical_delivery,0,1,0.8034388521115218,1,1,96,0.008,20.0,44.875
DSP000337,TXN0021382,M000003,C000004,Mastercard,MERCHANDISE_NOT_RECEIVED,Cardholder claims ordered merchandise or service was not received,2025-04-05 16:56:16,1435.99,0.0,0.0,2025-04-18 16:56:16,13,accepted,accepted_refunded,,4,4,3,1,0.4533333333333333,4,2,0.75,1435.99,credit_card,payment_link,exam_course,246,13,42712.52,0,1,4,152,0,1,0.01,21.41,authenticated_otp,sms_otp,1,0,,,fulfilled,,,,0,education_coaching,exam_prep,enterprise,"website, app",digital_service,0,1,0.4,1,0,99,0.025,13.0,9.333333333333334
DSP000338,TXN0021406,M000005,C000087,Mastercard,RECURRING_BILLING_DISPUTE,Cardholder claims recurring subscription billing was canceled or unauthorized,2025-05-05 17:23:40,17321.41,500.0,250.0,2025-05-22 17:23:40,17,contested,lost,2025-06-13 17:23:40,2,3,2,1,0.21333333333333335,2,1,0.6666666666666666,17321.41,credit_card,payment_link,saas_plan,634,2,23249.65,0,0,0,0,1,1,0.2751,11.2,authenticated_3ds,3ds_v2,1,0,,,fulfilled,,,,0,digital_saas,b2b_software,medium,website,digital_service,1,0,0.5874540118847362,1,0,46,0.025,17.0,39.291666666666664
DSP000339,TXN0021470,M000289,C000032,Mastercard,MERCHANDISE_NOT_RECEIVED,Cardholder claims ordered merchandise or service was not received,2025-04-09 01:42:51,4815.46,150.0,75.0,2025-04-19 01:42:51,10,contested,won,2025-04-25 01:42:51,6,4,4,0,0.7433333333333333,6,0,1.0,4815.46,debit_card,pos_qr,footwear,457,12,64040.25,2,0,6,36,0,5,0.0232,968.98,authenticated_otp,sms_otp,1,1,1.0,46.94,delivered,delivered,1.0,1.0,1,d2c_brand,footwear,medium,omnichannel,physical_delivery,0,0,0.8578280140996174,1,0,100,0.0059,10.0,12.458333333333334
DSP000340,TXN0021528,M000104,C000005,Visa,UNAUTHORIZED_TRANSACTION,Cardholder claims transaction was unauthorized or fraudulent,2025-04-22 03:44:24,586.74,500.0,250.0,2025-05-07 03:44:24,15,contested,lost,2025-05-05 03:44:24,2,3,2,1,0.22833333333333336,2,1,0.6666666666666666,586.74,credit_card,mobile_app,food_item,703,6,3412.67,0,0,28,320,0,1,0.01,10.94,authenticated_otp,sms_otp,1,0,0.0,0.58,delivered,delivered,1.0,1.0,0,food_local_commerce,gourmet_food,medium,mobile_app,food_delivery,0,0,0.5607891426993304,0,1,98,0.0289,15.0,25.375
DSP000341,TXN0021541,M000008,C000103,Visa,RECURRING_BILLING_DISPUTE,Cardholder claims recurring subscription billing was canceled or unauthorized,2025-04-28 18:39:16,1717.17,450.0,225.0,2025-05-19 18:39:16,21,contested,lost,2025-05-06 18:39:16,2,3,2,1,0.20666666666666667,2,1,0.6666666666666666,1717.17,credit_card,mobile_app,lab_test,539,15,49760.33,0,0,4,312,0,1,0.1018,3.45,authenticated_otp,sms_otp,1,0,,,fulfilled,,,,0,healthcare_diagnostics,telehealth,enterprise,"website, app, clinic",appointment_service,0,0,0.6098658484197036,1,1,99,0.025,21.0,31.958333333333332
DSP000342,TXN0021559,M000360,C000022,RuPay,UNAUTHORIZED_TRANSACTION,Cardholder claims transaction was unauthorized or fraudulent,2025-04-21 16:49:28,436.91,500.0,250.0,2025-05-02 16:49:28,11,contested,lost,2025-05-27 16:49:28,2,3,2,1,0.24,2,1,0.6666666666666666,436.91,credit_card,payment_link,food_item,376,2,1048.62,0,0,28,21,0,1,0.0546,33.14,authenticated_otp,sms_otp,1,0,0.0,0.78,delivered,delivered,1.0,1.0,0,food_local_commerce,bakery,enterprise,website,food_delivery,0,0,0.6142419278206316,1,1,89,0.0236,11.0,24.833333333333332
DSP000343,TXN0021610,M000309,C000014,Visa,CREDIT_NOT_PROCESSED,Cardholder claims promised credit or refund was not posted,2025-04-14 19:26:42,2757.06,500.0,250.0,2025-05-04 19:26:42,20,contested,lost,2025-04-22 19:26:42,3,3,3,0,0.40166666666666667,3,0,1.0,2757.06,credit_card,mobile_app,saas_plan,184,5,35707.64,0,0,12,136,0,3,0.01,1.89,password_authenticated,password,1,0,,,fulfilled,,,,0,digital_saas,productivity_tools,small,website,digital_service,1,0,0.8726091333722661,1,1,9,0.0167,20.0,17.5
DSP000344,TXN0021626,M000194,C000031,Mastercard,MERCHANDISE_NOT_RECEIVED,Cardholder claims ordered merchandise or service was not received,2025-05-09 15:15:04,21494.28,500.0,250.0,2025-05-26 15:15:04,17,contested,lost,2025-05-29 15:15:04,3,1,1,0,0.32,3,0,1.0,21494.28,credit_card,desktop_web,hotel_stay,191,6,80195.17,0,0,11,59,0,5,0.01,3.69,authenticated_3ds,3ds_v2,1,0,,,fulfilled,,,,0,travel_hospitality,hotel_booking,medium,website,booking_service,0,1,0.8241852290900451,1,1,31,0.0215,17.0,42.25
DSP000345,TXN0021629,M000157,C000023,Visa,MERCHANDISE_NOT_RECEIVED,Cardholder claims ordered merchandise or service was not received,2025-04-18 07:23:04,15938.46,500.0,250.0,2025-04-29 07:23:04,11,contested,lost,2025-05-15 07:23:04,2,1,0,1,0.20166666666666666,2,1,0.0,15938.46,debit_card,pos_qr,flight_booking,230,2,29482.35,0,0,46,0,1,1,0.5599,83.48,authenticated_otp,sms_otp,1,1,,,fulfilled,,,,0,travel_hospitality,hotel_booking,small,website,booking_service,0,0,0.3144894872091223,1,1,63,0.0168,11.0,20.916666666666668
DSP000346,TXN0021699,M000282,C000001,RuPay,CREDIT_NOT_PROCESSED,Cardholder claims promised credit or refund was not posted,2025-04-13 04:35:38,3237.19,450.0,225.0,2025-04-24 04:35:38,11,contested,lost,2025-05-14 04:35:38,4,3,1,2,0.505,4,2,0.3333333333333333,3237.19,credit_card,mobile_app,footwear,60,2,5733.74,0,0,54,23,0,2,0.01,5.42,authenticated_3ds,3ds_v2,1,0,0.0,13.7,delivered,delivered,0.0,0.0,0,d2c_brand,electronics,medium,website,physical_delivery,0,1,0.8649963930777765,1,1,99,0.0128,11.0,15.583333333333334
DSP000347,TXN0021727,M000373,C000002,Mastercard,UNAUTHORIZED_TRANSACTION,Cardholder claims transaction was unauthorized or fraudulent,2025-05-10 05:02:32,1870.5,0.0,0.0,2025-05-29 05:02:32,19,accepted,accepted_refunded,,2,3,1,2,0.20666666666666667,2,4,0.3333333333333333,1870.5,credit_card,mobile_app,home_decor,128,0,0.0,0,0,7,0,1,1,0.2225,26.73,password_authenticated,password,1,0,0.0,14.9,delivered,delivered,1.0,1.0,0,individual_social_seller,jewelry,micro,payment_links,physical_delivery,0,0,0.5695791134789296,1,0,31,0.0093,19.0,42.5
DSP000348,TXN0021794,M000382,C000015,RuPay,RECURRING_BILLING_DISPUTE,Cardholder claims recurring subscription billing was canceled or unauthorized,2025-04-13 00:28:15,29978.41,500.0,250.0,2025-05-04 00:28:15,21,contested,won,2025-05-05 00:28:15,3,3,3,0,0.42,3,0,1.0,29978.41,debit_card,mobile_app,car_rental,124,3,55693.47,0,1,11,40,0,3,0.01,55.37,password_authenticated,password,1,0,,,fulfilled,,,,0,travel_hospitality,hotel_booking,medium,mobile_app,booking_service,1,0,0.8023271935735825,1,0,119,0.0307,21.0,14.875
DSP000349,TXN0021824,M000196,C000048,Mastercard,UNAUTHORIZED_TRANSACTION,Cardholder claims transaction was unauthorized or fraudulent,2025-04-20 11:26:17,2309.62,500.0,250.0,2025-05-02 11:26:17,12,contested,lost,2025-06-04 11:26:17,4,3,2,1,0.49,4,2,0.6666666666666666,2309.62,debit_card,mobile_app,footwear,156,0,0.0,0,0,13,0,1,1,0.2553,20.87,authenticated_3ds,3ds_v2,1,0,0.0,35.73,delivered,delivered,1.0,1.0,0,d2c_brand,footwear,medium,omnichannel,physical_delivery,0,0,0.6397215757953326,1,1,11,0.0171,12.0,22.125
DSP000350,TXN0021907,M000288,C000002,Visa,MERCHANDISE_NOT_AS_DESCRIBED,"Cardholder claims merchandise arrived damaged, defective, or not as described",2025-04-10 07:17:58,496.64,0.0,0.0,2025-04-26 07:17:58,16,accepted,accepted_refunded,,2,2,1,1,0.27499999999999997,2,1,0.5,496.64,credit_card,desktop_web,food_item,45,0,0.0,0,0,43,0,1,1,0.4863,67.17,password_authenticated,password,1,1,1.0,0.87,delivered,delivered,1.0,1.0,0,food_local_commerce,gourmet_food,medium,website,food_delivery,0,0,0.5593981939840869,1,1,14,0.012,16.0,11.75
DSP000351,TXN0021929,M000002,C000120,Visa,MERCHANDISE_NOT_RECEIVED,Cardholder claims ordered merchandise or service was not received,2025-05-12 19:25:24,3488.07,0.0,0.0,2025-05-30 19:25:24,18,accepted,accepted_refunded,,1,1,0,1,0.14666666666666667,1,2,0.0,3488.07,credit_card,pos_qr,footwear,273,3,11630.54,1,0,3,67,0,1,0.01,2.07,auth_failed,sms_otp,3,0,0.0,16.61,failed,failed,0.0,0.0,0,d2c_brand,footwear,enterprise,website,physical_delivery,0,0,0.65,1,1,60,0.025,18.0,44.208333333333336
DSP000352,TXN0021967,M000001,C000009,Visa,MERCHANDISE_NOT_AS_DESCRIBED,"Cardholder claims merchandise arrived damaged, defective, or not as described",2025-04-30 12:13:55,1970.64,500.0,250.0,2025-05-10 12:13:55,10,contested,won,2025-06-11 12:13:55,6,3,3,0,0.8083333333333332,6,0,1.0,1970.64,credit_card,payment_link,fashion_apparel,353,4,4486.35,1,1,7,281,0,1,0.0912,30.69,authenticated_otp,sms_otp,1,0,0.0,27.58,delivered,delivered,1.0,0.0,1,individual_social_seller,crochet_accessories,medium,"Instagram, WhatsApp, payment links",physical_delivery,0,0,0.9,0,1,13,0.025,10.0,31.791666666666668
DSP000353,TXN0022005,M000346,C000029,Mastercard,CREDIT_NOT_PROCESSED,Cardholder claims promised credit or refund was not posted,2025-05-04 15:09:37,467.57,500.0,250.0,2025-05-21 15:09:37,17,contested,won,2025-06-11 15:09:37,3,3,3,0,0.3383333333333334,3,0,1.0,467.57,credit_card,mobile_app,food_item,446,2,852.62,0,1,60,0,1,1,0.0301,1.56,authenticated_otp,sms_otp,1,0,0.0,0.7,delivered,delivered,1.0,1.0,0,food_local_commerce,local_restaurant,medium,mobile_app,food_delivery,0,0,0.8473471770780565,1,1,46,0.024,17.0,35.833333333333336
DSP000354,TXN0022047,M000298,C000038,Mastercard,CREDIT_NOT_PROCESSED,Cardholder claims promised credit or refund was not posted,2025-04-12 00:38:09,3814.38,500.0,250.0,2025-05-01 00:38:09,19,contested,won,2025-05-23 00:38:09,4,3,2,1,0.5066666666666667,4,2,0.6666666666666666,3814.38,credit_card,payment_link,footwear,80,2,6427.42,1,0,37,27,0,2,0.01,7.11,authenticated_otp,sms_otp,1,0,0.0,7.9,delivered,delivered,1.0,1.0,1,d2c_brand,fashion_apparel,medium,omnichannel,physical_delivery,0,1,0.5860190641411263,1,1,28,0.0144,19.0,13.083333333333334
DSP000355,TXN0022048,M000090,C000006,Mastercard,RECURRING_BILLING_DISPUTE,Cardholder claims recurring subscription billing was canceled or unauthorized,2025-04-20 03:58:09,804.76,500.0,250.0,2025-05-07 03:58:09,17,contested,won,2025-05-29 03:58:09,6,3,3,0,0.7683333333333334,6,0,1.0,804.76,debit_card,payment_link,home_decor,39,2,3918.84,2,0,69,38,0,2,0.0355,5.86,password_authenticated,password,1,0,1.0,12.32,delivered,delivered,1.0,0.0,1,online_marketplace_retailer,specialty_goods,medium,omnichannel,physical_delivery,1,0,0.8325183322026747,1,1,112,0.0126,17.0,21.208333333333332
DSP000356,TXN0022184,M000264,C000051,Visa,UNAUTHORIZED_TRANSACTION,Cardholder claims transaction was unauthorized or fraudulent,2025-04-10 06:47:13,721.08,500.0,250.0,2025-04-21 06:47:13,11,contested,won,2025-04-19 06:47:13,3,3,3,0,0.375,3,0,1.0,721.08,credit_card,desktop_web,food_item,499,7,4671.1,0,0,9,0,1,1,0.0286,3.16,authenticated_otp,sms_otp,1,0,0.0,0.51,delivered,delivered,1.0,1.0,0,food_local_commerce,local_restaurant,medium,website,food_delivery,0,0,0.5597176493770768,1,1,42,0.0144,11.0,10.75
DSP000357,TXN0022194,M000128,C000020,Visa,RECURRING_BILLING_DISPUTE,Cardholder claims recurring subscription billing was canceled or unauthorized,2025-05-01 06:52:09,18356.55,500.0,250.0,2025-05-14 06:52:09,13,contested,won,2025-05-24 06:52:09,3,3,3,0,0.44333333333333336,3,0,1.0,18356.55,credit_card,desktop_web,saas_plan,204,3,32668.39,0,0,1,0,1,1,0.1951,4.68,authenticated_3ds,3ds_v2,1,0,,,fulfilled,,,,0,digital_saas,b2b_software,medium,website,digital_service,1,1,0.8110051924527677,1,1,92,0.0132,13.0,31.708333333333332
DSP000358,TXN0022317,M000018,C000017,RuPay,MERCHANDISE_NOT_RECEIVED,Cardholder claims ordered merchandise or service was not received,2025-04-24 23:15:08,204.18,500.0,250.0,2025-05-11 23:15:08,17,contested,won,2025-05-09 23:15:08,2,1,0,1,0.26333333333333336,2,1,0.0,204.18,debit_card,desktop_web,food_item,200,1,221.38,0,0,84,196,0,1,0.0511,16.22,authenticated_otp,sms_otp,1,0,0.0,0.9,delivered,delivered,1.0,1.0,0,food_local_commerce,local_restaurant,medium,mobile_app,food_delivery,0,0,0.8212339110678276,1,1,82,0.0104,17.0,25.083333333333332
DSP000359,TXN0022373,M000002,C000008,Visa,DUPLICATE_TRANSACTION,Cardholder claims single purchase was billed multiple times,2025-04-16 13:56:16,3415.66,500.0,250.0,2025-04-26 13:56:16,10,contested,lost,2025-05-03 13:56:16,2,2,1,1,0.21999999999999997,2,1,0.5,3415.66,credit_card,desktop_web,footwear,343,3,17130.91,0,0,1,94,0,1,0.0474,6.79,authenticated_3ds,3ds_v2,1,0,0.0,18.99,delivered,delivered,1.0,1.0,0,d2c_brand,footwear,enterprise,website,physical_delivery,0,0,0.65,1,1,60,0.025,10.0,16.25
DSP000360,TXN0022404,M000331,C000019,Mastercard,UNAUTHORIZED_TRANSACTION,Cardholder claims transaction was unauthorized or fraudulent,2025-04-24 07:46:53,1324.53,0.0,0.0,2025-05-08 07:46:53,14,accepted,accepted_refunded,,6,3,3,0,0.785,6,0,1.0,1324.53,credit_card,pos_qr,cosmetics_kit,476,4,7369.78,1,0,3,0,1,1,0.481,2.73,authenticated_otp,sms_otp,1,0,0.0,9.19,delivered,delivered,1.0,1.0,0,online_marketplace_retailer,beauty_marketplace,enterprise,mobile_app,physical_delivery,0,0,0.85543540525114,1,1,17,0.0145,14.0,23.916666666666668
DSP000361,TXN0022494,M000036,C000029,Visa,UNAUTHORIZED_TRANSACTION,Cardholder claims transaction was unauthorized or fraudulent,2025-04-09 20:43:09,5242.12,500.0,250.0,2025-04-25 20:43:09,16,contested,won,2025-05-01 20:43:09,3,3,3,0,0.3466666666666667,3,0,1.0,5242.12,credit_card,mobile_app,saas_plan,465,3,9720.63,0,0,16,0,1,1,0.45,10.31,authenticated_3ds,3ds_v2,1,0,,,fulfilled,,,,0,digital_saas,productivity_tools,medium,website,digital_service,1,1,0.8170524123687292,1,1,13,0.0221,16.0,9.166666666666666
DSP000362,TXN0022511,M000097,C000030,Visa,CREDIT_NOT_PROCESSED,Cardholder claims promised credit or refund was not posted,2025-04-13 15:38:49,318.45,0.0,0.0,2025-04-28 15:38:49,15,accepted,accepted_refunded,,3,3,3,0,0.355,3,0,1.0,318.45,credit_card,pos_qr,food_item,252,2,897.04,0,0,5,62,0,2,0.0535,52.59,authenticated_otp,sms_otp,1,0,0.0,0.88,delivered,delivered,1.0,0.0,0,food_local_commerce,gourmet_food,medium,website,food_delivery,0,0,0.6260785048616897,0,1,31,0.0104,15.0,12.916666666666666
DSP000363,TXN0022586,M000223,C000002,RuPay,UNAUTHORIZED_TRANSACTION,Cardholder claims transaction was unauthorized or fraudulent,2025-04-28 17:45:07,3007.56,0.0,0.0,2025-05-09 17:45:07,11,accepted,accepted_refunded,,6,3,3,0,0.6733333333333333,6,0,1.0,3007.56,credit_card,desktop_web,crochet_toy,183,4,7928.86,1,0,13,0,1,1,0.0649,4.93,authenticated_3ds,3ds_v2,1,0,0.0,44.4,delivered,delivered,1.0,0.0,1,individual_social_seller,handicrafts,small,instagram_whatsapp,physical_delivery,0,0,0.6149632899047215,1,1,48,0.0137,11.0,27.583333333333332
DSP000364,TXN0022612,M000362,C000024,Visa,UNAUTHORIZED_TRANSACTION,Cardholder claims transaction was unauthorized or fraudulent,2025-05-05 18:10:29,14868.59,150.0,75.0,2025-05-24 18:10:29,19,contested,lost,2025-06-03 18:10:29,2,3,2,1,0.24,2,1,0.6666666666666666,14868.59,credit_card,desktop_web,vacation_package,24,1,22404.43,0,0,47,14,0,1,0.0182,35.88,authenticated_3ds,3ds_v2,1,0,,,fulfilled,,,,0,travel_hospitality,hotel_booking,medium,website,booking_service,0,0,0.8585775581273463,1,1,40,0.0242,19.0,34.416666666666664
DSP000365,TXN0022633,M000096,C000004,Mastercard,MERCHANDISE_NOT_RECEIVED,Cardholder claims ordered merchandise or service was not received,2025-04-09 02:51:31,2148.57,0.0,0.0,2025-04-25 02:51:31,16,accepted,accepted_refunded,,6,4,4,0,0.6716666666666667,6,0,1.0,2148.57,debit_card,desktop_web,home_decor,151,0,0.0,0,0,96,0,1,1,0.0963,15.66,authenticated_3ds,3ds_v2,1,0,0.0,30.82,delivered,delivered,1.0,1.0,0,online_marketplace_retailer,multi_category_retail,medium,mobile_app,physical_delivery,0,0,0.6213244787222995,1,1,51,0.0098,16.0,7.708333333333333
DSP000366,TXN0022680,M000013,C000028,Visa,MERCHANDISE_NOT_RECEIVED,Cardholder claims ordered merchandise or service was not received,2025-04-22 22:57:00,14072.84,450.0,225.0,2025-05-10 22:57:00,18,contested,lost,2025-05-20 22:57:00,3,1,1,0,0.4083333333333334,3,0,1.0,14072.84,credit_card,desktop_web,saas_plan,558,13,151754.44,0,2,8,0,1,1,0.1538,11.02,password_authenticated,password,1,0,,,fulfilled,,,,0,digital_saas,cloud_analytics,medium,website,digital_service,1,0,0.8601115011743209,1,0,111,0.0167,18.0,21.416666666666668
DSP000367,TXN0022876,M000376,C000016,Mastercard,RECURRING_BILLING_DISPUTE,Cardholder claims recurring subscription billing was canceled or unauthorized,2025-04-08 12:43:32,2574.26,500.0,250.0,2025-04-19 12:43:32,11,contested,lost,2025-04-25 12:43:32,6,3,3,0,0.7433333333333333,6,0,1.0,2574.26,credit_card,desktop_web,footwear,724,15,64881.94,6,0,9,113,0,14,0.01,18.36,authenticated_otp,sms_otp,1,0,0.0,31.64,delivered,delivered,1.0,1.0,0,d2c_brand,footwear,medium,omnichannel,physical_delivery,1,1,0.8018221825651549,1,1,76,0.0077,11.0,6.041666666666667
DSP000368,TXN0022920,M000003,C000059,Visa,MERCHANDISE_NOT_RECEIVED,Cardholder claims ordered merchandise or service was not received,2025-05-04 03:57:20,2061.17,500.0,250.0,2025-05-14 03:57:20,10,contested,won,2025-05-28 03:57:20,4,4,2,2,0.4683333333333333,4,2,0.5,2061.17,credit_card,pos_qr,study_material,363,4,9663.1,0,0,42,51,0,4,0.0793,121.45,password_authenticated,password,1,1,,,fulfilled,,,,0,education_coaching,exam_prep,enterprise,"website, app",digital_service,0,1,0.4,1,0,99,0.025,10.0,31.583333333333332
DSP000369,TXN0022957,M000003,C000184,Visa,MERCHANDISE_NOT_AS_DESCRIBED,"Cardholder claims merchandise arrived damaged, defective, or not as described",2025-04-11 12:49:43,3740.5,0.0,0.0,2025-04-26 12:49:43,15,accepted,accepted_refunded,,3,3,2,1,0.315,3,3,0.6666666666666666,3740.5,credit_card,mobile_app,test_series,135,1,3634.23,0,0,46,22,0,1,0.0342,32.32,authenticated_otp,sms_otp,1,0,,,fulfilled,,,,0,education_coaching,exam_prep,enterprise,"website, app",digital_service,0,1,0.4,1,0,99,0.025,15.0,8.833333333333334
DSP000370,TXN0023076,M000363,C000048,Visa,RECURRING_BILLING_DISPUTE,Cardholder claims recurring subscription billing was canceled or unauthorized,2025-04-09 21:11:19,463.57,500.0,250.0,2025-04-29 21:11:19,20,contested,won,2025-04-29 21:11:19,3,3,1,2,0.36166666666666664,3,3,0.3333333333333333,463.57,credit_card,pos_qr,cosmetics_kit,144,1,852.95,0,0,26,69,0,1,0.0361,55.36,authenticated_otp,sms_otp,1,0,0.0,35.33,delivered,delivered,1.0,1.0,0,online_marketplace_retailer,multi_category_retail,enterprise,website,physical_delivery,1,0,0.8940230241424958,1,1,84,0.0116,20.0,6.5
DSP000371,TXN0023107,M000001,C000012,RuPay,CREDIT_NOT_PROCESSED,Cardholder claims promised credit or refund was not posted,2025-05-06 13:02:09,1055.37,450.0,225.0,2025-05-18 13:02:09,12,contested,lost,2025-05-13 13:02:09,4,3,2,1,0.4666666666666666,4,2,0.6666666666666666,1055.37,credit_card,mobile_app,fashion_apparel,458,6,8770.47,2,0,30,0,1,1,0.3242,14.49,authenticated_otp,sms_otp,1,0,0.0,38.27,delivered,delivered,1.0,1.0,1,individual_social_seller,crochet_accessories,medium,"Instagram, WhatsApp, payment links",physical_delivery,0,0,0.9,0,1,13,0.025,12.0,33.083333333333336
DSP000372,TXN0023151,M000399,C000003,RuPay,MERCHANDISE_NOT_RECEIVED,Cardholder claims ordered merchandise or service was not received,2025-04-27 18:22:40,12989.74,0.0,0.0,2025-05-13 18:22:40,16,accepted,accepted_refunded,,2,1,0,1,0.24166666666666667,2,1,0.0,12989.74,debit_card,payment_link,exam_course,57,1,7383.15,0,1,24,54,0,1,0.2474,290.33,authenticated_otp,sms_otp,1,1,,,fulfilled,,,,0,education_coaching,skill_bootcamp,small,website,digital_service,1,1,0.5840803540253018,1,1,4,0.0187,16.0,24.125
DSP000373,TXN0023157,M000393,C000024,Visa,UNAUTHORIZED_TRANSACTION,Cardholder claims transaction was unauthorized or fraudulent,2025-04-12 14:47:07,3215.61,500.0,250.0,2025-04-23 14:47:07,11,contested,won,2025-04-27 14:47:07,5,3,2,1,0.6033333333333334,5,1,0.6666666666666666,3215.61,credit_card,payment_link,home_decor,36,2,3792.36,1,0,43,0,1,1,0.01,0.53,authenticated_3ds,3ds_v2,1,0,0.0,1.24,delivered,delivered,1.0,1.0,0,online_marketplace_retailer,beauty_marketplace,enterprise,website,physical_delivery,0,1,0.8750614751640858,1,1,42,0.0119,11.0,8.958333333333334
DSP000374,TXN0023182,M000216,C000012,Visa,DUPLICATE_TRANSACTION,Cardholder claims single purchase was billed multiple times,2025-05-18 14:44:49,1503.19,500.0,250.0,2025-05-30 14:44:49,12,contested,lost,2025-06-04 14:44:49,6,2,2,0,0.7316666666666666,6,0,1.0,1503.19,credit_card,payment_link,footwear,44,0,0.0,0,0,41,0,1,1,0.021,60.47,password_authenticated,password,1,0,0.0,40.44,failed,failed,0.0,0.0,0,d2c_brand,electronics,medium,omnichannel,physical_delivery,0,0,0.8691895197692693,1,1,4,0.0053,12.0,44.875
DSP000375,TXN0023207,M000002,C000062,Visa,RECURRING_BILLING_DISPUTE,Cardholder claims recurring subscription billing was canceled or unauthorized,2025-05-05 06:03:39,9056.48,500.0,250.0,2025-05-26 06:03:39,21,contested,won,2025-05-25 06:03:39,3,3,3,0,0.37666666666666665,3,0,1.0,9056.48,debit_card,pos_qr,footwear,463,12,103241.64,5,0,3,0,1,1,0.0291,5.36,authenticated_otp,sms_otp,1,0,0.0,37.73,delivered,delivered,1.0,1.0,0,d2c_brand,footwear,enterprise,website,physical_delivery,0,0,0.65,1,1,60,0.025,21.0,31.458333333333332
DSP000376,TXN0023208,M000281,C000007,Mastercard,MERCHANDISE_NOT_AS_DESCRIBED,"Cardholder claims merchandise arrived damaged, defective, or not as described",2025-04-11 22:10:36,430.98,500.0,250.0,2025-04-23 22:10:36,12,contested,lost,2025-04-26 22:10:36,2,2,1,1,0.23833333333333337,2,1,0.5,430.98,credit_card,desktop_web,lab_test,122,3,2777.49,0,1,35,71,0,1,0.01,0.41,authenticated_3ds,3ds_v2,1,0,,,fulfilled,,,,0,healthcare_diagnostics,wellness_packages,small,mobile_app,appointment_service,0,0,0.6298295178966775,1,1,98,0.0154,12.0,8.125
DSP000377,TXN0023260,M000002,C000077,Visa,RECURRING_BILLING_DISPUTE,Cardholder claims recurring subscription billing was canceled or unauthorized,2025-04-22 13:52:32,3090.47,0.0,0.0,2025-05-12 13:52:32,20,accepted,accepted_refunded,,3,3,3,0,0.4033333333333333,3,0,1.0,3090.47,credit_card,mobile_app,footwear,105,3,12778.35,1,0,33,68,0,2,0.0785,1.27,authenticated_3ds,3ds_v2,1,0,0.0,18.3,delivered,delivered,1.0,1.0,0,d2c_brand,footwear,enterprise,website,physical_delivery,0,0,0.65,1,1,60,0.025,20.0,18.333333333333332
DSP000378,TXN0023262,M000137,C000074,Visa,MERCHANDISE_NOT_RECEIVED,Cardholder claims ordered merchandise or service was not received,2025-05-15 15:29:48,1155.94,450.0,225.0,2025-06-05 15:29:48,21,contested,lost,2025-06-24 15:29:48,3,1,1,0,0.38833333333333336,3,0,1.0,1155.94,credit_card,desktop_web,food_item,555,5,1940.08,0,0,13,469,0,1,0.0113,7.71,authenticated_otp,sms_otp,1,0,0.0,0.69,delivered,delivered,0.0,0.0,0,food_local_commerce,gourmet_food,enterprise,mobile_app,food_delivery,0,0,0.8119865367333683,1,1,85,0.0117,21.0,41.375
DSP000379,TXN0023396,M000168,C000050,RuPay,MERCHANDISE_NOT_AS_DESCRIBED,"Cardholder claims merchandise arrived damaged, defective, or not as described",2025-05-16 07:26:24,2261.85,500.0,250.0,2025-05-29 07:26:24,13,contested,won,2025-06-07 07:26:24,6,3,3,0,0.7799999999999999,6,0,1.0,2261.85,credit_card,pos_qr,footwear,145,6,17941.3,2,0,0,14,0,2,0.4308,15.04,authenticated_otp,sms_otp,1,0,0.0,17.47,delivered,delivered,1.0,0.0,0,d2c_brand,home_lifestyle,medium,omnichannel,physical_delivery,0,1,0.8535774684074758,1,1,20,0.0098,13.0,41.666666666666664
DSP000380,TXN0023495,M000128,C000031,Visa,MERCHANDISE_NOT_AS_DESCRIBED,"Cardholder claims merchandise arrived damaged, defective, or not as described",2025-05-09 11:28:48,19857.09,500.0,250.0,2025-05-20 11:28:48,11,contested,lost,2025-05-16 11:28:48,3,2,2,0,0.38833333333333336,3,0,1.0,19857.09,credit_card,desktop_web,saas_plan,250,1,8796.63,0,0,89,93,0,1,0.01,10.89,authenticated_3ds,3ds_v2,1,0,,,fulfilled,,,,0,digital_saas,b2b_software,medium,website,digital_service,1,1,0.8110051924527677,1,1,92,0.0132,11.0,34.5
DSP000381,TXN0023693,M000256,C000119,Visa,UNAUTHORIZED_TRANSACTION,Cardholder claims transaction was unauthorized or fraudulent,2025-05-02 04:03:46,275.77,450.0,225.0,2025-05-14 04:03:46,12,contested,lost,2025-05-10 04:03:46,2,3,2,1,0.2333333333333333,2,1,0.6666666666666666,275.77,credit_card,pos_qr,food_item,113,10,5297.92,0,0,6,83,0,10,0.01,6.59,authenticated_otp,sms_otp,1,0,0.0,0.76,delivered,delivered,1.0,0.0,0,food_local_commerce,bakery,enterprise,mobile_app,food_delivery,0,0,0.5885097728601925,1,1,52,0.0155,12.0,26.416666666666668
DSP000382,TXN0023698,M000056,C000005,Mastercard,MERCHANDISE_NOT_RECEIVED,Cardholder claims ordered merchandise or service was not received,2025-05-15 20:14:24,4647.67,0.0,0.0,2025-05-25 20:14:24,10,accepted,accepted_refunded,,3,1,1,0,0.32666666666666666,3,0,1.0,4647.67,debit_card,payment_link,lab_test,235,0,0.0,0,0,60,0,1,1,0.4544,5.58,authenticated_otp,sms_otp,1,0,,,fulfilled,,,,0,healthcare_diagnostics,telehealth,small,mobile_app,appointment_service,0,0,0.6275132823361115,0,0,66,0.0148,10.0,40.083333333333336
DSP000383,TXN0023888,M000004,C000079,Visa,MERCHANDISE_NOT_AS_DESCRIBED,"Cardholder claims merchandise arrived damaged, defective, or not as described",2025-05-11 20:56:44,14140.09,500.0,250.0,2025-05-31 20:56:44,20,contested,lost,2025-05-23 20:56:44,2,2,1,1,0.23500000000000001,2,1,0.5,14140.09,credit_card,desktop_web,car_rental,231,2,24537.37,0,0,39,0,1,1,0.3929,5.93,authenticated_3ds,3ds_v2,1,0,,,fulfilled,,,,0,travel_hospitality,travel_agency,enterprise,"website, app",booking_service,0,0,0.3,1,1,68,0.0353,20.0,35.375
DSP000384,TXN0023972,M000026,C000002,Visa,RECURRING_BILLING_DISPUTE,Cardholder claims recurring subscription billing was canceled or unauthorized,2025-05-20 10:27:28,7490.92,0.0,0.0,2025-06-07 10:27:28,18,accepted,accepted_refunded,,1,3,1,2,0.12,1,2,0.3333333333333333,7490.92,credit_card,mobile_app,saas_plan,298,0,0.0,0,0,111,0,1,1,0.021,7.12,authenticated_3ds,3ds_v2,1,0,,,fulfilled,,,,0,digital_saas,productivity_tools,small,website,digital_service,1,0,0.8139493860652042,1,1,95,0.0187,18.0,43.708333333333336
DSP000385,TXN0023981,M000130,C000002,Visa,MERCHANDISE_NOT_RECEIVED,Cardholder claims ordered merchandise or service was not received,2025-05-11 23:42:18,352.86,500.0,250.0,2025-05-23 23:42:18,12,contested,won,2025-05-22 23:42:18,3,1,1,0,0.4566666666666667,3,0,1.0,352.86,debit_card,mobile_app,food_item,217,1,255.68,0,0,44,0,1,1,0.2013,726.71,authenticated_otp,sms_otp,1,1,1.0,0.87,delivered,delivered,1.0,1.0,0,food_local_commerce,local_restaurant,medium,website,food_delivery,0,0,0.8427107788626256,1,1,38,0.0158,12.0,35.25
DSP000386,TXN0024349,M000166,C000007,Mastercard,CREDIT_NOT_PROCESSED,Cardholder claims promised credit or refund was not posted,2025-05-01 03:50:40,2962.69,0.0,0.0,2025-05-17 03:50:40,16,accepted,accepted_refunded,,2,3,2,1,0.22833333333333336,2,1,0.6666666666666666,2962.69,credit_card,pos_qr,saas_plan,219,7,51749.02,0,0,28,132,0,4,0.03,11.16,authenticated_otp,sms_otp,1,0,,,fulfilled,,,,0,digital_saas,developer_tools,medium,website,digital_service,1,1,0.613230583059358,1,1,5,0.0139,16.0,22.916666666666668
DSP000387,TXN0024554,M000261,C000065,Mastercard,MERCHANDISE_NOT_AS_DESCRIBED,"Cardholder claims merchandise arrived damaged, defective, or not as described",2025-05-09 01:00:56,340.74,0.0,0.0,2025-05-26 01:00:56,17,accepted,accepted_refunded,,2,2,1,1,0.24166666666666667,2,1,0.5,340.74,credit_card,mobile_app,food_item,44,0,0.0,0,0,27,0,1,1,0.1155,8.22,authenticated_otp,sms_otp,1,0,0.0,0.97,delivered,delivered,1.0,1.0,0,food_local_commerce,local_restaurant,enterprise,mobile_app,food_delivery,0,0,0.893615477416078,1,1,26,0.0194,17.0,30.125
DSP000388,TXN0024594,M000267,C000021,Mastercard,MERCHANDISE_NOT_RECEIVED,Cardholder claims ordered merchandise or service was not received,2025-04-13 05:45:17,7623.13,150.0,75.0,2025-04-25 05:45:17,12,contested,won,2025-05-06 05:45:17,3,1,1,0,0.38833333333333336,3,0,1.0,7623.13,credit_card,desktop_web,flight_booking,154,2,22272.19,0,0,42,86,0,2,0.01,28.6,authenticated_3ds,3ds_v2,1,0,,,fulfilled,,,,0,travel_hospitality,tour_packages,medium,website,booking_service,0,1,0.8140084015236524,1,1,77,0.032,12.0,3.9166666666666665
DSP000389,TXN0024599,M000190,C000031,Visa,UNAUTHORIZED_TRANSACTION,Cardholder claims transaction was unauthorized or fraudulent,2025-04-22 19:08:57,2437.79,500.0,250.0,2025-05-04 19:08:57,12,contested,lost,2025-06-01 19:08:57,5,3,3,0,0.6533333333333333,5,1,1.0,2437.79,credit_card,payment_link,footwear,264,6,13946.79,2,0,9,256,0,4,0.0192,19.99,authenticated_otp,sms_otp,1,0,0.0,15.57,delivered,delivered,1.0,1.0,0,d2c_brand,fashion_apparel,medium,website,physical_delivery,0,0,0.8659984046034179,1,0,116,0.0102,12.0,13.458333333333334
DSP000390,TXN0024621,M000142,C000016,Visa,MERCHANDISE_NOT_AS_DESCRIBED,"Cardholder claims merchandise arrived damaged, defective, or not as described",2025-04-16 17:53:12,3965.45,0.0,0.0,2025-05-07 17:53:12,21,accepted,accepted_refunded,,5,3,3,0,0.655,5,1,1.0,3965.45,credit_card,desktop_web,footwear,302,3,13307.84,1,0,11,103,0,2,0.1975,0.94,authenticated_otp,sms_otp,1,0,0.0,44.03,delivered,delivered,1.0,1.0,0,d2c_brand,electronics,medium,omnichannel,physical_delivery,0,0,0.8703018958895178,1,1,53,0.009,21.0,7.333333333333333
DSP000391,TXN0024681,M000009,C000210,Visa,MERCHANDISE_NOT_RECEIVED,Cardholder claims ordered merchandise or service was not received,2025-04-16 05:17:56,15524.56,150.0,75.0,2025-05-05 05:17:56,19,contested,won,2025-05-07 05:17:56,3,1,1,0,0.34833333333333333,3,0,1.0,15524.56,credit_card,mobile_app,gym_membership,265,2,48586.6,0,0,29,216,0,2,0.0191,46.34,authenticated_3ds,3ds_v2,1,0,,,fulfilled,,,,0,fitness_services,fitness_program,enterprise,"app, in-person",membership_service,1,0,0.5656018640442436,1,1,47,0.025,19.0,6.625
DSP000392,TXN0024719,M000352,C000036,Mastercard,MERCHANDISE_NOT_AS_DESCRIBED,"Cardholder claims merchandise arrived damaged, defective, or not as described",2025-05-14 17:10:37,6941.47,0.0,0.0,2025-05-24 17:10:37,10,accepted,accepted_refunded,,1,2,1,1,0.13,1,2,0.5,6941.47,debit_card,pos_qr,saas_plan,183,1,3017.87,0,0,95,30,0,1,0.01,27.69,password_authenticated,password,1,0,,,fulfilled,,,,0,digital_saas,cloud_analytics,medium,website,digital_service,1,0,0.8045304009772044,1,1,119,0.0127,10.0,35.0
DSP000393,TXN0024758,M000138,C000001,Mastercard,MERCHANDISE_NOT_RECEIVED,Cardholder claims ordered merchandise or service was not received,2025-04-22 00:10:10,21817.83,500.0,250.0,2025-05-02 00:10:10,10,contested,lost,2025-05-16 00:10:10,2,1,0,1,0.19999999999999998,2,1,0.0,21817.83,credit_card,mobile_app,exam_course,318,2,34597.75,0,0,39,22,0,1,0.01,13.92,authenticated_otp,sms_otp,1,0,,,fulfilled,,,,0,education_coaching,online_tutoring,small,website,digital_service,0,0,0.5837615171403627,1,1,3,0.0329,10.0,12.208333333333334
DSP000394,TXN0024915,M000374,C000004,Mastercard,MERCHANDISE_NOT_RECEIVED,Cardholder claims ordered merchandise or service was not received,2025-04-18 07:40:52,10945.7,0.0,0.0,2025-05-03 07:40:52,15,accepted,accepted_refunded,,3,1,1,0,0.37833333333333335,3,0,1.0,10945.7,credit_card,payment_link,flight_booking,120,0,0.0,0,0,67,0,1,1,0.0351,4.3,authenticated_3ds,3ds_v2,1,0,,,fulfilled,,,,0,travel_hospitality,tour_packages,medium,website,booking_service,0,1,0.8069361300875165,1,1,71,0.0162,15.0,7.75
DSP000395,TXN0024918,M000004,C000083,Mastercard,DUPLICATE_TRANSACTION,Cardholder claims single purchase was billed multiple times,2025-04-16 02:05:43,19486.45,0.0,0.0,2025-04-27 02:05:43,11,accepted,accepted_refunded,,1,2,1,1,0.105,1,2,0.5,19486.45,credit_card,mobile_app,flight_booking,366,17,186968.34,0,4,2,267,0,12,0.1226,16.55,authenticated_3ds,3ds_v2,1,0,,,fulfilled,,,,0,travel_hospitality,travel_agency,enterprise,"website, app",booking_service,0,0,0.3,1,1,68,0.0353,11.0,5.5
DSP000396,TXN0024920,M000303,C000027,Visa,UNAUTHORIZED_TRANSACTION,Cardholder claims transaction was unauthorized or fraudulent,2025-05-03 00:12:35,623.78,500.0,250.0,2025-05-14 00:12:35,11,contested,lost,2025-06-15 00:12:35,0,3,0,3,0.0,0,3,0.0,623.78,debit_card,desktop_web,food_item,709,11,3092.9,0,1,1,0,1,1,0.0611,6.85,authenticated_otp,sms_otp,1,0,0.0,0.89,delivered,delivered,1.0,1.0,0,food_local_commerce,cloud_kitchen,medium,website,food_delivery,0,0,0.6122890475819001,0,1,80,0.0124,11.0,22.416666666666668
DSP000397,TXN0024945,M000388,C000009,Visa,MERCHANDISE_NOT_RECEIVED,Cardholder claims ordered merchandise or service was not received,2025-05-03 14:46:19,1653.31,500.0,250.0,2025-05-22 14:46:19,19,contested,won,2025-05-22 14:46:19,5,4,4,0,0.645,5,1,1.0,1653.31,credit_card,payment_link,footwear,65,3,3979.17,2,0,28,45,0,2,0.3106,74.37,authenticated_otp,sms_otp,1,0,0.0,36.68,delivered,delivered,1.0,0.0,0,d2c_brand,fashion_apparel,medium,omnichannel,physical_delivery,0,0,0.8877472013527052,0,1,11,0.016,19.0,22.958333333333332
DSP000398,TXN0025077,M000203,C000012,Mastercard,UNAUTHORIZED_TRANSACTION,Cardholder claims transaction was unauthorized or fraudulent,2025-05-18 15:48:17,1241.92,500.0,250.0,2025-05-30 15:48:17,12,contested,lost,2025-05-25 15:48:17,4,3,3,0,0.5783333333333334,4,2,1.0,1241.92,credit_card,mobile_app,footwear,104,2,6106.29,0,0,61,93,0,1,0.1019,0.94,password_authenticated,password,1,0,0.0,38.02,delivered,delivered,1.0,1.0,0,d2c_brand,electronics,small,website,physical_delivery,0,1,0.8887086424265117,1,1,115,0.0117,12.0,37.291666666666664
DSP000399,TXN0025246,M000397,C000011,Mastercard,UNAUTHORIZED_TRANSACTION,Cardholder claims transaction was unauthorized or fraudulent,2025-05-05 20:59:22,2100.8,500.0,250.0,2025-05-25 20:59:22,20,contested,won,2025-05-25 20:59:22,2,3,2,1,0.3,2,1,0.6666666666666666,2100.8,credit_card,payment_link,saas_plan,285,1,1778.58,0,0,43,147,0,1,0.01,47.0,authenticated_3ds,3ds_v2,1,0,,,fulfilled,,,,0,digital_saas,b2b_software,medium,website,digital_service,1,0,0.8372018085792783,1,1,75,0.0138,20.0,24.0
DSP000400,TXN0025256,M000114,C000008,Visa,CREDIT_NOT_PROCESSED,Cardholder claims promised credit or refund was not posted,2025-05-18 04:49:19,4134.71,500.0,250.0,2025-06-03 04:49:19,16,contested,lost,2025-05-27 04:49:19,2,3,2,1,0.28,2,1,0.6666666666666666,4134.71,credit_card,mobile_app,saas_plan,181,2,10895.91,0,0,21,175,0,2,0.01,18.43,authenticated_3ds,3ds_v2,1,0,,,fulfilled,,,,0,digital_saas,developer_tools,small,website,digital_service,1,1,0.8076979909828793,1,1,21,0.0103,16.0,36.291666666666664
DSP000401,TXN0025259,M000384,C000039,Visa,UNAUTHORIZED_TRANSACTION,Cardholder claims transaction was unauthorized or fraudulent,2025-04-29 15:00:48,2601.76,0.0,0.0,2025-05-15 15:00:48,16,accepted,accepted_refunded,,2,3,2,1,0.25666666666666665,2,1,0.6666666666666666,2601.76,credit_card,payment_link,saas_plan,343,1,3567.8,0,0,92,0,1,1,0.1196,38.04,password_authenticated,password,1,0,,,fulfilled,,,,0,digital_saas,productivity_tools,medium,website,digital_service,1,1,0.57818547747734,1,1,87,0.0229,16.0,17.666666666666668
DSP000402,TXN0025264,M000003,C000007,Visa,MERCHANDISE_NOT_AS_DESCRIBED,"Cardholder claims merchandise arrived damaged, defective, or not as described",2025-05-17 03:41:20,2243.74,500.0,250.0,2025-06-06 03:41:20,20,contested,won,2025-06-01 03:41:20,3,3,1,2,0.34,3,3,0.3333333333333333,2243.74,credit_card,pos_qr,exam_course,100,2,4223.41,0,0,13,69,0,1,0.01,5.12,authenticated_otp,sms_otp,1,0,,,fulfilled,,,,0,education_coaching,exam_prep,enterprise,"website, app",digital_service,0,1,0.4,1,0,99,0.025,20.0,35.166666666666664
DSP000403,TXN0025312,M000395,C000005,Mastercard,MERCHANDISE_NOT_AS_DESCRIBED,"Cardholder claims merchandise arrived damaged, defective, or not as described",2025-04-30 17:27:00,2723.8,500.0,250.0,2025-05-14 17:27:00,14,contested,won,2025-06-04 17:27:00,5,3,2,1,0.6716666666666667,5,1,0.6666666666666666,2723.8,credit_card,desktop_web,footwear,123,0,0.0,0,0,71,0,1,1,0.0207,7.85,authenticated_otp,sms_otp,1,0,0.0,2.98,delivered,delivered,1.0,1.0,0,d2c_brand,electronics,medium,omnichannel,physical_delivery,1,0,0.8990505142000673,1,1,86,0.0087,14.0,18.375
DSP000404,TXN0025337,M000104,C000025,Mastercard,MERCHANDISE_NOT_RECEIVED,Cardholder claims ordered merchandise or service was not received,2025-05-02 16:58:15,594.67,0.0,0.0,2025-05-13 16:58:15,11,accepted,accepted_refunded,,3,1,1,0,0.3116666666666667,3,0,1.0,594.67,credit_card,payment_link,food_item,426,1,548.01,0,0,71,264,0,1,0.01,3.01,authenticated_otp,sms_otp,1,0,0.0,0.82,delivered,delivered,1.0,1.0,0,food_local_commerce,gourmet_food,medium,mobile_app,food_delivery,0,0,0.5607891426993304,0,1,98,0.0289,11.0,20.291666666666668
DSP000405,TXN0025342,M000327,C000049,RuPay,MERCHANDISE_NOT_AS_DESCRIBED,"Cardholder claims merchandise arrived damaged, defective, or not as described",2025-04-24 13:25:26,566.06,0.0,0.0,2025-05-06 13:25:26,12,accepted,accepted_refunded,,3,2,2,0,0.37000000000000005,3,0,1.0,566.06,credit_card,payment_link,food_item,29,1,589.31,0,0,6,26,0,1,0.01,25.24,password_authenticated,password,1,0,0.0,0.78,delivered,delivered,1.0,1.0,0,food_local_commerce,bakery,medium,mobile_app,food_delivery,0,0,0.8660197376717731,1,1,85,0.0293,12.0,12.125
DSP000406,TXN0025359,M000048,C000015,Visa,MERCHANDISE_NOT_RECEIVED,Cardholder claims ordered merchandise or service was not received,2025-05-07 17:16:43,442.42,500.0,250.0,2025-05-24 17:16:43,17,contested,won,2025-06-02 17:16:43,3,1,1,0,0.4083333333333334,3,0,1.0,442.42,debit_card,mobile_app,food_item,153,0,0.0,0,0,63,0,1,1,0.01,4.93,authenticated_otp,sms_otp,1,0,0.0,0.97,delivered,delivered,1.0,1.0,0,food_local_commerce,cloud_kitchen,medium,mobile_app,food_delivery,0,0,0.8909320402078782,1,1,15,0.0275,17.0,25.25
DSP000407,TXN0025370,M000218,C000014,RuPay,RECURRING_BILLING_DISPUTE,Cardholder claims recurring subscription billing was canceled or unauthorized,2025-05-23 13:05:46,20791.57,15.0,7.5,2025-06-05 13:05:46,13,contested,won,2025-06-21 13:05:46,3,3,3,0,0.41,3,0,1.0,20791.57,debit_card,desktop_web,study_material,326,9,114535.43,0,1,31,141,0,6,0.023,11.66,authenticated_otp,sms_otp,1,0,,,fulfilled,,,,0,education_coaching,online_tutoring,small,mobile_app,digital_service,1,0,0.5724269309460559,1,1,86,0.0199,13.0,41.041666666666664
DSP000408,TXN0025467,M000389,C000006,Visa,MERCHANDISE_NOT_AS_DESCRIBED,"Cardholder claims merchandise arrived damaged, defective, or not as described",2025-05-11 10:03:50,8341.19,500.0,250.0,2025-05-21 10:03:50,10,contested,lost,2025-06-22 10:03:50,3,2,2,0,0.3416666666666666,3,0,1.0,8341.19,debit_card,pos_qr,test_series,143,1,7434.63,0,0,3,109,0,1,0.0356,9.65,password_authenticated,password,1,0,,,fulfilled,,,,0,education_coaching,edtech_courses,small,mobile_app,digital_service,0,0,0.6235071043803886,0,1,19,0.0303,10.0,28.666666666666668
DSP000409,TXN0025506,M000178,C000018,Visa,RECURRING_BILLING_DISPUTE,Cardholder claims recurring subscription billing was canceled or unauthorized,2025-05-21 03:34:35,659.62,350.0,175.0,2025-06-01 03:34:35,11,contested,lost,2025-06-11 03:34:35,4,3,1,2,0.435,4,2,0.3333333333333333,659.62,debit_card,payment_link,general_item,645,9,6915.33,1,0,12,0,1,1,0.0719,718.45,authenticated_3ds,3ds_v2,1,1,1.0,28.96,delivered,delivered,1.0,1.0,0,online_marketplace_retailer,multi_category_retail,enterprise,website,physical_delivery,0,1,0.5726495775197937,1,1,50,0.0076,11.0,38.291666666666664
DSP000410,TXN0025644,M000304,C000018,Mastercard,CREDIT_NOT_PROCESSED,Cardholder claims promised credit or refund was not posted,2025-04-24 17:49:37,30116.99,500.0,250.0,2025-05-10 17:49:37,16,contested,lost,2025-06-07 17:49:37,2,3,2,1,0.24666666666666667,2,1,0.6666666666666666,30116.99,credit_card,pos_qr,hotel_stay,170,0,0.0,0,0,30,0,1,1,0.4493,388.85,password_authenticated,password,1,1,,,fulfilled,,,,0,travel_hospitality,hotel_booking,medium,mobile_app,booking_service,0,1,0.5585347464993767,1,1,86,0.0326,16.0,11.25
DSP000411,TXN0025733,M000004,C000063,Visa,MERCHANDISE_NOT_RECEIVED,Cardholder claims ordered merchandise or service was not received,2025-05-02 19:07:11,9198.94,0.0,0.0,2025-05-12 19:07:11,10,accepted,accepted_refunded,,2,1,0,1,0.225,2,1,0.0,9198.94,credit_card,payment_link,hotel_stay,39,0,0.0,0,0,27,0,1,1,0.01,9.68,authenticated_3ds,3ds_v2,1,0,,,fulfilled,,,,0,travel_hospitality,travel_agency,enterprise,"website, app",booking_service,0,0,0.3,1,1,68,0.0353,10.0,19.083333333333332
DSP000412,TXN0025761,M000001,C000006,RuPay,MERCHANDISE_NOT_RECEIVED,Cardholder claims ordered merchandise or service was not received,2025-05-07 21:41:26,1256.08,500.0,250.0,2025-05-17 21:41:26,10,contested,won,2025-06-10 21:41:26,6,4,4,0,0.7683333333333332,6,0,1.0,1256.08,credit_card,payment_link,handmade_accessory,74,1,1840.78,0,0,64,54,0,1,0.01,6.0,authenticated_otp,sms_otp,1,0,0.0,11.91,delivered,delivered,1.0,0.0,0,individual_social_seller,crochet_accessories,medium,"Instagram, WhatsApp, payment links",physical_delivery,0,0,0.9,0,1,13,0.025,10.0,24.125
DSP000413,TXN0025800,M000220,C000012,RuPay,UNAUTHORIZED_TRANSACTION,Cardholder claims transaction was unauthorized or fraudulent,2025-05-12 11:29:49,5897.81,150.0,75.0,2025-05-22 11:29:49,10,contested,lost,2025-06-05 11:29:49,3,3,3,0,0.41,3,0,1.0,5897.81,credit_card,pos_qr,saas_plan,230,5,40935.73,0,0,6,84,0,4,0.0179,16.0,password_authenticated,password,1,0,,,fulfilled,,,,0,digital_saas,productivity_tools,small,website,digital_service,1,0,0.82372490874968,1,1,96,0.0222,10.0,28.625
DSP000414,TXN0025917,M000330,C000027,Mastercard,DUPLICATE_TRANSACTION,Cardholder claims single purchase was billed multiple times,2025-05-05 01:51:03,3868.92,500.0,250.0,2025-05-17 01:51:03,12,contested,lost,2025-05-30 01:51:03,6,2,2,0,0.745,6,0,1.0,3868.92,credit_card,mobile_app,footwear,438,4,15449.63,1,0,1,373,0,1,0.3613,697.38,authenticated_3ds,3ds_v2,1,1,1.0,12.96,failed,failed,0.0,0.0,0,d2c_brand,fashion_apparel,medium,omnichannel,physical_delivery,0,0,0.8737896916695769,1,1,27,0.0074,12.0,20.583333333333332
DSP000415,TXN0026137,M000003,C000057,Visa,UNAUTHORIZED_TRANSACTION,Cardholder claims transaction was unauthorized or fraudulent,2025-05-19 22:51:02,1697.19,500.0,250.0,2025-06-06 22:51:02,18,contested,lost,2025-06-21 22:51:02,5,3,2,1,0.585,5,1,0.6666666666666666,1697.19,credit_card,desktop_web,exam_course,262,3,7692.35,0,1,61,116,0,1,0.0284,4.01,authenticated_otp,sms_otp,1,0,,,fulfilled,,,,0,education_coaching,exam_prep,enterprise,"website, app",digital_service,0,1,0.4,1,0,99,0.025,18.0,34.541666666666664
DSP000416,TXN0026217,M000002,C000014,Visa,RECURRING_BILLING_DISPUTE,Cardholder claims recurring subscription billing was canceled or unauthorized,2025-05-01 11:41:58,6932.99,500.0,250.0,2025-05-19 11:41:58,18,contested,lost,2025-06-07 11:41:58,3,3,3,0,0.4216666666666667,3,0,1.0,6932.99,credit_card,mobile_app,footwear,419,11,53413.27,5,0,5,145,0,10,0.0534,10.39,authenticated_3ds,3ds_v2,1,0,0.0,5.52,delivered,delivered,1.0,1.0,0,d2c_brand,footwear,enterprise,website,physical_delivery,0,0,0.65,1,1,60,0.025,18.0,15.833333333333334
DSP000417,TXN0026223,M000190,C000039,Visa,UNAUTHORIZED_TRANSACTION,Cardholder claims transaction was unauthorized or fraudulent,2025-05-23 07:09:14,2503.16,0.0,0.0,2025-06-07 07:09:14,15,accepted,accepted_refunded,,6,3,3,0,0.8083333333333332,6,0,1.0,2503.16,debit_card,mobile_app,footwear,94,1,3735.37,0,0,73,24,0,1,0.1839,17.36,authenticated_3ds,3ds_v2,1,0,0.0,6.71,delivered,delivered,1.0,1.0,0,d2c_brand,fashion_apparel,medium,website,physical_delivery,0,0,0.8659984046034179,1,0,116,0.0102,15.0,37.625
DSP000418,TXN0026388,M000004,C000062,Visa,CREDIT_NOT_PROCESSED,Cardholder claims promised credit or refund was not posted,2025-04-20 21:26:49,5400.04,0.0,0.0,2025-05-09 21:26:49,19,accepted,accepted_refunded,,1,3,1,2,0.12166666666666666,1,2,0.3333333333333333,5400.04,debit_card,pos_qr,car_rental,62,4,50283.48,0,0,8,23,0,2,0.01,18.31,authenticated_otp,sms_otp,1,0,,,fulfilled,,,,0,travel_hospitality,travel_agency,enterprise,"website, app",booking_service,0,0,0.3,1,1,68,0.0353,19.0,4.416666666666667
DSP000419,TXN0026442,M000143,C000065,Visa,MERCHANDISE_NOT_AS_DESCRIBED,"Cardholder claims merchandise arrived damaged, defective, or not as described",2025-05-12 09:38:02,4851.34,0.0,0.0,2025-05-25 09:38:02,13,accepted,accepted_refunded,,6,3,3,0,0.7133333333333334,6,0,1.0,4851.34,debit_card,payment_link,general_item,480,3,8047.91,1,0,55,348,0,2,0.1671,94.1,authenticated_3ds,3ds_v2,1,1,1.0,5.88,delivered,delivered,1.0,1.0,0,online_marketplace_retailer,electronics_hub,enterprise,mobile_app,physical_delivery,0,1,0.8363629602379293,1,1,5,0.0081,13.0,25.75
DSP000420,TXN0026527,M000399,C000012,RuPay,MERCHANDISE_NOT_RECEIVED,Cardholder claims ordered merchandise or service was not received,2025-05-04 18:27:44,5042.05,500.0,250.0,2025-05-20 18:27:44,16,contested,lost,2025-06-02 18:27:44,2,1,0,1,0.2383333333333333,2,1,0.0,5042.05,credit_card,pos_qr,study_material,333,3,21374.73,0,0,40,205,0,1,0.0116,2.71,authenticated_3ds,3ds_v2,1,0,,,fulfilled,,,,0,education_coaching,skill_bootcamp,small,website,digital_service,1,1,0.5840803540253018,1,1,4,0.0187,16.0,17.75
DSP000421,TXN0026749,M000028,C000037,Visa,DUPLICATE_TRANSACTION,Cardholder claims single purchase was billed multiple times,2025-05-27 23:10:06,210.09,0.0,0.0,2025-06-17 23:10:06,21,accepted,accepted_refunded,,3,2,2,0,0.35000000000000003,3,0,1.0,210.09,credit_card,payment_link,food_item,342,3,1584.02,0,0,8,116,0,2,0.01,17.61,auth_failed,sms_otp,4,0,0.0,0.84,failed,failed,0.0,0.0,0,food_local_commerce,bakery,medium,mobile_app,food_delivery,0,0,0.5866361843293691,1,1,49,0.0239,21.0,40.0
DSP000422,TXN0026884,M000285,C000014,RuPay,UNAUTHORIZED_TRANSACTION,Cardholder claims transaction was unauthorized or fraudulent,2025-05-04 06:54:09,782.06,0.0,0.0,2025-05-22 06:54:09,18,accepted,accepted_refunded,,2,3,2,1,0.2583333333333333,2,1,0.6666666666666666,782.06,credit_card,mobile_app,food_item,338,0,0.0,0,0,102,0,1,1,0.049,1.65,authenticated_otp,sms_otp,1,0,0.0,0.51,delivered,delivered,1.0,1.0,0,food_local_commerce,gourmet_food,medium,mobile_app,food_delivery,1,0,0.8890005341817566,1,1,68,0.0129,18.0,15.625
DSP000423,TXN0026905,M000324,C000024,Mastercard,MERCHANDISE_NOT_RECEIVED,Cardholder claims ordered merchandise or service was not received,2025-05-06 11:41:14,7772.38,0.0,0.0,2025-05-19 11:41:14,13,accepted,accepted_refunded,,5,4,3,1,0.6383333333333333,5,1,0.75,7772.38,credit_card,pos_qr,footwear,316,1,5446.58,0,0,105,0,1,1,0.2325,19.24,authenticated_otp,sms_otp,1,0,0.0,8.55,delivered,delivered,1.0,1.0,0,d2c_brand,footwear,medium,website,physical_delivery,0,1,0.8250242898164595,1,1,43,0.0056,13.0,17.791666666666668
DSP000424,TXN0026994,M000002,C000132,Mastercard,UNAUTHORIZED_TRANSACTION,Cardholder claims transaction was unauthorized or fraudulent,2025-05-04 03:33:02,1759.77,500.0,250.0,2025-05-19 03:33:02,15,contested,lost,2025-05-20 03:33:02,2,3,2,1,0.225,2,1,0.6666666666666666,1759.77,debit_card,payment_link,footwear,71,3,13035.5,0,0,4,24,0,2,0.0837,70.07,authenticated_3ds,3ds_v2,1,0,0.0,41.26,delivered,delivered,1.0,1.0,0,d2c_brand,footwear,enterprise,website,physical_delivery,0,0,0.65,1,1,60,0.025,15.0,15.166666666666666
DSP000425,TXN0027146,M000194,C000016,Visa,CREDIT_NOT_PROCESSED,Cardholder claims promised credit or refund was not posted,2025-04-30 07:00:36,13802.15,0.0,0.0,2025-05-15 07:00:36,15,accepted,accepted_refunded,,3,3,3,0,0.3416666666666666,3,0,1.0,13802.15,credit_card,mobile_app,hotel_stay,472,3,45268.42,0,0,8,200,0,2,0.3195,27.36,password_authenticated,password,1,0,,,fulfilled,,,,0,travel_hospitality,hotel_booking,medium,website,booking_service,0,1,0.8241852290900451,1,1,31,0.0215,15.0,10.666666666666666
DSP000426,TXN0027154,M000393,C000016,Mastercard,MERCHANDISE_NOT_RECEIVED,Cardholder claims ordered merchandise or service was not received,2025-04-29 01:32:16,1938.1,350.0,175.0,2025-05-13 01:32:16,14,contested,won,2025-06-06 01:32:16,5,4,4,0,0.65,5,1,1.0,1938.1,credit_card,mobile_app,home_decor,40,1,3462.65,0,0,78,22,0,1,0.01,4.91,authenticated_otp,sms_otp,1,0,0.0,12.0,delivered,delivered,1.0,0.0,0,online_marketplace_retailer,beauty_marketplace,enterprise,website,physical_delivery,0,1,0.8750614751640858,1,1,42,0.0119,14.0,9.416666666666666
DSP000427,TXN0027161,M000329,C000009,Mastercard,MERCHANDISE_NOT_RECEIVED,Cardholder claims ordered merchandise or service was not received,2025-06-03 02:19:56,8416.68,150.0,75.0,2025-06-15 02:19:56,12,contested,won,2025-07-02 02:19:56,6,4,4,0,0.79,6,0,1.0,8416.68,credit_card,desktop_web,electronic_accessory,222,10,65350.29,0,0,9,37,0,7,0.0325,22.29,authenticated_3ds,3ds_v2,1,0,0.0,13.42,delivered,delivered,1.0,0.0,1,online_marketplace_retailer,beauty_marketplace,medium,mobile_app,physical_delivery,0,0,0.8954865280663193,1,1,58,0.0048,12.0,44.416666666666664
DSP000428,TXN0027306,M000071,C000001,Visa,MERCHANDISE_NOT_RECEIVED,Cardholder claims ordered merchandise or service was not received,2025-05-08 06:06:05,14366.4,0.0,0.0,2025-05-27 06:06:05,19,accepted,accepted_refunded,,2,1,1,0,0.21833333333333335,2,1,1.0,14366.4,debit_card,payment_link,study_material,86,3,39027.01,0,0,34,39,0,3,0.0292,15.69,password_authenticated,password,1,0,,,fulfilled,,,,0,education_coaching,exam_prep,small,website,digital_service,0,0,0.5640924224974763,1,1,56,0.0343,19.0,17.875
DSP000429,TXN0027312,M000269,C000063,RuPay,CREDIT_NOT_PROCESSED,Cardholder claims promised credit or refund was not posted,2025-05-01 14:21:02,4639.15,500.0,250.0,2025-05-22 14:21:02,21,contested,lost,2025-06-13 14:21:02,2,3,0,3,0.27,2,4,0.0,4639.15,credit_card,desktop_web,home_decor,399,5,17045.26,0,0,3,280,0,1,0.1061,2.74,authenticated_otp,sms_otp,1,0,0.0,44.17,delivered,delivered,1.0,0.0,1,online_marketplace_retailer,multi_category_retail,enterprise,omnichannel,physical_delivery,0,0,0.8877373071927955,1,1,12,0.0068,21.0,11.208333333333334
DSP000430,TXN0027449,M000217,C000031,Visa,MERCHANDISE_NOT_RECEIVED,Cardholder claims ordered merchandise or service was not received,2025-04-25 22:11:37,5205.0,150.0,75.0,2025-05-14 22:11:37,19,contested,won,2025-05-08 22:11:37,6,4,4,0,0.6816666666666666,6,0,1.0,5205.0,debit_card,pos_qr,footwear,79,1,2319.17,0,0,29,0,1,1,0.0182,20.93,authenticated_otp,sms_otp,1,0,0.0,29.89,delivered,delivered,1.0,0.0,0,d2c_brand,fashion_apparel,medium,omnichannel,physical_delivery,0,0,0.8651961259502601,1,1,54,0.0123,19.0,5.208333333333333
DSP000431,TXN0027567,M000346,C000046,Mastercard,MERCHANDISE_NOT_AS_DESCRIBED,"Cardholder claims merchandise arrived damaged, defective, or not as described",2025-05-25 07:55:06,953.5,0.0,0.0,2025-06-09 07:55:06,15,accepted,accepted_refunded,,3,2,2,0,0.37666666666666665,3,0,1.0,953.5,debit_card,mobile_app,food_item,568,7,5096.36,0,0,28,258,0,3,0.0228,31.28,authenticated_otp,sms_otp,1,0,0.0,0.89,delivered,delivered,1.0,0.0,0,food_local_commerce,local_restaurant,medium,mobile_app,food_delivery,0,0,0.8473471770780565,1,1,46,0.024,15.0,34.166666666666664
DSP000432,TXN0027586,M000376,C000016,Visa,UNAUTHORIZED_TRANSACTION,Cardholder claims transaction was unauthorized or fraudulent,2025-04-30 05:42:46,2061.93,0.0,0.0,2025-05-20 05:42:46,20,accepted,accepted_refunded,,4,3,2,1,0.5,4,2,0.6666666666666666,2061.93,credit_card,payment_link,footwear,724,18,75086.66,6,0,3,0,1,1,0.5751,413.78,authenticated_otp,sms_otp,1,1,1.0,29.64,delivered,delivered,1.0,1.0,1,d2c_brand,footwear,medium,omnichannel,physical_delivery,1,1,0.8018221825651549,1,1,76,0.0077,20.0,8.916666666666666
DSP000433,TXN0027776,M000032,C000008,Visa,UNAUTHORIZED_TRANSACTION,Cardholder claims transaction was unauthorized or fraudulent,2025-05-08 04:11:32,1615.71,0.0,0.0,2025-05-29 04:11:32,21,accepted,accepted_refunded,,6,3,3,0,0.7983333333333333,6,0,1.0,1615.71,credit_card,mobile_app,footwear,26,0,0.0,0,0,5,0,1,1,0.0473,44.38,authenticated_otp,sms_otp,1,0,0.0,3.83,delivered,delivered,1.0,1.0,0,d2c_brand,fashion_apparel,medium,omnichannel,physical_delivery,0,0,0.8514234438413611,1,0,115,0.0169,21.0,16.291666666666668
DSP000434,TXN0027779,M000103,C000003,Visa,MERCHANDISE_NOT_AS_DESCRIBED,"Cardholder claims merchandise arrived damaged, defective, or not as described",2025-05-19 11:41:01,5391.64,450.0,225.0,2025-06-09 11:41:01,21,contested,won,2025-06-29 11:41:01,4,3,3,0,0.5133333333333333,4,2,1.0,5391.64,debit_card,payment_link,footwear,93,1,2896.99,0,0,62,33,0,1,0.01,26.93,password_authenticated,password,1,0,0.0,34.45,delivered,delivered,1.0,1.0,1,d2c_brand,fashion_apparel,medium,website,physical_delivery,0,0,0.8025419126744096,1,1,42,0.0177,21.0,27.583333333333332
DSP000435,TXN0027817,M000267,C000023,RuPay,CREDIT_NOT_PROCESSED,Cardholder claims promised credit or refund was not posted,2025-05-19 09:04:17,6454.11,500.0,250.0,2025-06-05 09:04:17,17,contested,won,2025-05-27 09:04:17,2,3,2,1,0.23166666666666666,2,1,0.6666666666666666,6454.11,credit_card,pos_qr,car_rental,292,1,10276.85,0,0,43,0,1,1,0.2881,1259.28,password_authenticated,password,1,1,,,fulfilled,,,,0,travel_hospitality,tour_packages,medium,website,booking_service,0,1,0.8140084015236524,1,1,77,0.032,17.0,27.125
DSP000436,TXN0027820,M000311,C000042,Mastercard,DUPLICATE_TRANSACTION,Cardholder claims single purchase was billed multiple times,2025-05-15 14:24:12,1256.34,0.0,0.0,2025-05-26 14:24:12,11,accepted,accepted_refunded,,6,2,2,0,0.6983333333333333,6,0,1.0,1256.34,credit_card,desktop_web,electronic_accessory,582,10,11775.17,2,0,30,243,0,5,0.027,22.41,authenticated_3ds,3ds_v2,1,0,0.0,34.53,delivered,delivered,1.0,1.0,0,online_marketplace_retailer,specialty_goods,enterprise,mobile_app,physical_delivery,0,1,0.8516300348301196,1,1,96,0.0044,11.0,23.333333333333332
DSP000437,TXN0027858,M000061,C000061,Visa,CREDIT_NOT_PROCESSED,Cardholder claims promised credit or refund was not posted,2025-04-30 02:36:23,1307.16,500.0,250.0,2025-05-11 02:36:23,11,contested,lost,2025-05-17 02:36:23,4,3,2,1,0.4533333333333333,4,2,0.6666666666666666,1307.16,credit_card,payment_link,home_decor,69,2,1975.25,0,0,51,40,0,1,0.1546,2.08,password_authenticated,password,1,0,0.0,2.59,delivered,delivered,0.0,0.0,0,online_marketplace_retailer,electronics_hub,enterprise,omnichannel,physical_delivery,0,0,0.8088492502051919,1,1,75,0.0125,11.0,7.708333333333333
DSP000438,TXN0027859,M000061,C000103,RuPay,MERCHANDISE_NOT_AS_DESCRIBED,"Cardholder claims merchandise arrived damaged, defective, or not as described",2025-06-02 22:53:59,1003.74,500.0,250.0,2025-06-14 22:53:59,12,contested,won,2025-07-14 22:53:59,6,3,3,0,0.75,6,0,1.0,1003.74,debit_card,desktop_web,fashion_apparel,273,6,6078.62,1,0,38,0,1,1,0.1503,7.06,authenticated_3ds,3ds_v2,1,0,0.0,2.12,delivered,delivered,1.0,1.0,0,online_marketplace_retailer,electronics_hub,enterprise,omnichannel,physical_delivery,0,0,0.8088492502051919,1,1,75,0.0125,12.0,41.541666666666664
DSP000439,TXN0027884,M000003,C000046,Mastercard,UNAUTHORIZED_TRANSACTION,Cardholder claims transaction was unauthorized or fraudulent,2025-05-29 19:22:07,3001.77,500.0,250.0,2025-06-18 19:22:07,20,contested,lost,2025-07-11 19:22:07,5,3,2,1,0.6549999999999999,5,1,0.6666666666666666,3001.77,credit_card,desktop_web,exam_course,270,12,33516.06,0,0,12,60,0,6,0.0274,22.76,auth_failed,sms_otp,2,0,,,failed,,,,0,education_coaching,exam_prep,enterprise,"website, app",digital_service,0,1,0.4,1,0,99,0.025,20.0,37.333333333333336
DSP000440,TXN0027907,M000240,C000003,RuPay,RECURRING_BILLING_DISPUTE,Cardholder claims recurring subscription billing was canceled or unauthorized,2025-05-31 04:40:08,829.35,500.0,250.0,2025-06-12 04:40:08,12,contested,lost,2025-07-15 04:40:08,6,3,3,0,0.7716666666666666,6,0,1.0,829.35,debit_card,mobile_app,footwear,427,7,14021.68,2,0,8,15,0,6,0.01,0.07,authenticated_3ds,3ds_v2,1,0,0.0,19.51,delivered,delivered,1.0,1.0,0,d2c_brand,cosmetics,medium,omnichannel,physical_delivery,0,0,0.8722452115261505,1,1,25,0.0102,12.0,38.625
DSP000441,TXN0027959,M000178,C000038,Mastercard,CREDIT_NOT_PROCESSED,Cardholder claims promised credit or refund was not posted,2025-05-26 00:16:52,735.22,500.0,250.0,2025-06-06 00:16:52,11,contested,won,2025-07-02 00:16:52,5,3,3,0,0.5716666666666667,5,1,1.0,735.22,credit_card,payment_link,general_item,126,3,2484.79,1,0,10,86,0,1,0.01,2.82,authenticated_3ds,3ds_v2,1,0,0.0,19.17,delivered,delivered,0.0,0.0,0,online_marketplace_retailer,multi_category_retail,enterprise,website,physical_delivery,0,1,0.5726495775197937,1,1,50,0.0076,11.0,33.25
DSP000442,TXN0027988,M000112,C000013,RuPay,CREDIT_NOT_PROCESSED,Cardholder claims promised credit or refund was not posted,2025-05-03 04:26:04,557.36,500.0,250.0,2025-05-19 04:26:04,16,contested,lost,2025-06-13 04:26:04,6,3,3,0,0.83,6,0,1.0,557.36,credit_card,mobile_app,footwear,160,1,1251.29,1,0,95,124,0,1,0.01,25.52,authenticated_otp,sms_otp,1,0,0.0,36.07,delivered,delivered,1.0,1.0,1,d2c_brand,home_lifestyle,medium,website,physical_delivery,0,0,0.8755551138543048,1,1,47,0.0134,16.0,10.375
DSP000443,TXN0028002,M000007,C000075,Mastercard,DUPLICATE_TRANSACTION,Cardholder claims single purchase was billed multiple times,2025-05-20 01:16:02,6807.2,500.0,250.0,2025-06-04 01:16:02,15,contested,won,2025-06-24 01:16:02,6,2,2,0,0.7933333333333333,6,0,1.0,6807.2,credit_card,payment_link,home_decor,492,3,13171.01,1,0,66,0,1,1,0.01,4.41,authenticated_otp,sms_otp,1,0,0.0,14.59,delivered,delivered,1.0,1.0,0,online_marketplace_retailer,beauty_marketplace,enterprise,"website, app",physical_delivery,0,0,0.8731993941811405,1,1,25,0.025,15.0,27.208333333333332
DSP000444,TXN0028096,M000175,C000025,Visa,RECURRING_BILLING_DISPUTE,Cardholder claims recurring subscription billing was canceled or unauthorized,2025-05-25 18:41:16,26020.08,500.0,250.0,2025-06-07 18:41:16,13,contested,lost,2025-06-23 18:41:16,2,3,2,1,0.22166666666666668,2,1,0.6666666666666666,26020.08,credit_card,mobile_app,flight_booking,99,1,28055.47,0,0,38,83,0,1,0.1335,707.52,auth_failed,sms_otp,2,1,,,failed,,,,0,travel_hospitality,tour_packages,medium,mobile_app,booking_service,0,0,0.8677564361842283,1,1,44,0.034,13.0,32.333333333333336
DSP000445,TXN0028111,M000252,C000048,RuPay,MERCHANDISE_NOT_RECEIVED,Cardholder claims ordered merchandise or service was not received,2025-05-31 00:44:45,3195.23,500.0,250.0,2025-06-19 00:44:45,19,contested,lost,2025-07-11 00:44:45,5,4,3,1,0.7466666666666667,5,1,0.75,3195.23,debit_card,desktop_web,electronic_accessory,313,1,4945.16,0,0,74,135,0,1,0.0189,16.15,authenticated_3ds,3ds_v2,1,0,0.0,34.34,delivered,delivered,1.0,1.0,1,online_marketplace_retailer,specialty_goods,enterprise,mobile_app,physical_delivery,0,0,0.8966654819043669,1,1,34,0.012,19.0,37.541666666666664
DSP000446,TXN0028203,M000174,C000048,Mastercard,MERCHANDISE_NOT_AS_DESCRIBED,"Cardholder claims merchandise arrived damaged, defective, or not as described",2025-05-27 13:18:31,1619.27,500.0,250.0,2025-06-09 13:18:31,13,contested,lost,2025-07-09 13:18:31,6,3,3,0,0.73,6,0,1.0,1619.27,credit_card,pos_qr,footwear,166,0,0.0,0,0,39,0,1,1,0.01,30.69,authenticated_otp,sms_otp,1,0,0.0,40.97,delivered,delivered,1.0,0.0,0,d2c_brand,footwear,medium,omnichannel,physical_delivery,0,1,0.8590892943188242,1,1,80,0.0092,13.0,33.75
DSP000447,TXN0028226,M000386,C000013,Visa,UNAUTHORIZED_TRANSACTION,Cardholder claims transaction was unauthorized or fraudulent,2025-05-30 14:41:34,2282.48,500.0,250.0,2025-06-19 14:41:34,20,contested,lost,2025-06-19 14:41:34,2,3,2,1,0.26833333333333337,2,1,0.6666666666666666,2282.48,debit_card,pos_qr,saas_plan,452,7,16765.31,0,0,14,436,0,6,0.0116,36.02,password_authenticated,password,1,0,,,fulfilled,,,,0,digital_saas,developer_tools,small,website,digital_service,1,0,0.869673716536415,1,1,22,0.0244,20.0,36.75
DSP000448,TXN0028229,M000001,C000005,Visa,RECURRING_BILLING_DISPUTE,Cardholder claims recurring subscription billing was canceled or unauthorized,2025-05-09 00:49:43,835.96,0.0,0.0,2025-05-19 00:49:43,10,accepted,accepted_refunded,,6,3,3,0,0.835,6,0,1.0,835.96,debit_card,payment_link,handmade_accessory,355,4,3612.11,0,1,7,299,0,1,0.0617,11.61,authenticated_otp,sms_otp,1,0,0.0,13.44,delivered,delivered,1.0,1.0,0,individual_social_seller,crochet_accessories,medium,"Instagram, WhatsApp, payment links",physical_delivery,0,0,0.9,0,1,13,0.025,10.0,15.166666666666666
DSP000449,TXN0028287,M000004,C000024,Visa,MERCHANDISE_NOT_AS_DESCRIBED,"Cardholder claims merchandise arrived damaged, defective, or not as described",2025-05-13 17:32:58,11071.42,0.0,0.0,2025-06-03 17:32:58,21,accepted,accepted_refunded,,1,2,0,2,0.10666666666666667,1,2,0.0,11071.42,credit_card,mobile_app,flight_booking,86,2,31518.47,0,0,53,24,0,1,0.01,5.12,authenticated_3ds,3ds_v2,1,0,,,fulfilled,,,,0,travel_hospitality,travel_agency,enterprise,"website, app",booking_service,0,0,0.3,1,1,68,0.0353,21.0,19.416666666666668
DSP000450,TXN0028336,M000154,C000005,Visa,MERCHANDISE_NOT_AS_DESCRIBED,"Cardholder claims merchandise arrived damaged, defective, or not as described",2025-05-17 18:46:18,1320.89,0.0,0.0,2025-06-04 18:46:18,18,accepted,accepted_refunded,,5,3,3,0,0.5599999999999999,5,1,1.0,1320.89,credit_card,pos_qr,fashion_apparel,244,9,24036.18,0,0,8,0,1,1,0.0504,1.3,authenticated_otp,sms_otp,1,0,0.0,14.92,delivered,delivered,1.0,1.0,0,online_marketplace_retailer,electronics_hub,enterprise,omnichannel,physical_delivery,1,0,0.5778646464236611,1,0,15,0.005,18.0,23.333333333333332
DSP000451,TXN0028392,M000001,C000062,Visa,MERCHANDISE_NOT_RECEIVED,Cardholder claims ordered merchandise or service was not received,2025-06-06 09:03:05,1607.92,500.0,250.0,2025-06-24 09:03:05,18,contested,won,2025-07-19 09:03:05,5,4,3,1,0.6749999999999999,5,1,0.75,1607.92,credit_card,pos_qr,fashion_apparel,265,1,745.99,1,1,33,55,0,1,0.0192,2.61,password_authenticated,password,1,0,0.0,32.37,delivered,delivered,1.0,1.0,1,individual_social_seller,crochet_accessories,medium,"Instagram, WhatsApp, payment links",physical_delivery,0,0,0.9,0,1,13,0.025,18.0,42.75
DSP000452,TXN0028547,M000036,C000014,RuPay,UNAUTHORIZED_TRANSACTION,Cardholder claims transaction was unauthorized or fraudulent,2025-06-05 03:58:14,2646.55,500.0,250.0,2025-06-16 03:58:14,11,contested,won,2025-07-16 03:58:14,2,3,2,1,0.27666666666666667,2,1,0.6666666666666666,2646.55,credit_card,desktop_web,saas_plan,397,6,29416.43,0,0,33,30,0,4,0.01,9.14,authenticated_3ds,3ds_v2,1,0,,,fulfilled,,,,0,digital_saas,productivity_tools,medium,website,digital_service,1,1,0.8170524123687292,1,1,13,0.0221,11.0,40.75
DSP000453,TXN0028572,M000001,C000070,Mastercard,MERCHANDISE_NOT_RECEIVED,Cardholder claims ordered merchandise or service was not received,2025-05-21 00:11:56,991.91,500.0,250.0,2025-06-04 00:11:56,14,contested,won,2025-06-22 00:11:56,6,4,4,0,0.7433333333333333,6,0,1.0,991.91,debit_card,pos_qr,home_decor,18,2,2271.56,1,0,11,14,0,2,0.01,7.69,authenticated_3ds,3ds_v2,1,0,0.0,41.13,delivered,delivered,1.0,1.0,0,individual_social_seller,crochet_accessories,medium,"Instagram, WhatsApp, payment links",physical_delivery,0,0,0.9,0,1,13,0.025,14.0,25.541666666666668
DSP000454,TXN0028730,M000248,C000006,Visa,MERCHANDISE_NOT_RECEIVED,Cardholder claims ordered merchandise or service was not received,2025-05-08 23:59:09,1446.91,500.0,250.0,2025-05-27 23:59:09,19,contested,won,2025-06-14 23:59:09,3,1,1,0,0.4033333333333333,3,0,1.0,1446.91,credit_card,pos_qr,personal_training,483,4,5838.21,0,0,17,0,1,1,0.2661,21.9,auth_failed,none,4,0,,,failed,,,,0,fitness_services,yoga_wellness,small,omnichannel,membership_service,1,0,0.5870158700255445,1,1,82,0.0263,19.0,12.791666666666666
DSP000455,TXN0028774,M000002,C000058,Visa,RECURRING_BILLING_DISPUTE,Cardholder claims recurring subscription billing was canceled or unauthorized,2025-05-16 19:32:50,7285.7,0.0,0.0,2025-05-26 19:32:50,10,accepted,accepted_refunded,,3,3,3,0,0.3633333333333333,3,0,1.0,7285.7,debit_card,desktop_web,footwear,320,7,32446.44,2,0,5,12,0,5,0.038,32.22,authenticated_3ds,3ds_v2,1,0,0.0,39.7,delivered,delivered,0.0,0.0,0,d2c_brand,footwear,enterprise,website,physical_delivery,0,0,0.65,1,1,60,0.025,10.0,20.458333333333332
DSP000456,TXN0028785,M000058,C000002,Mastercard,CREDIT_NOT_PROCESSED,Cardholder claims promised credit or refund was not posted,2025-05-31 07:25:13,3984.88,500.0,250.0,2025-06-20 07:25:13,20,contested,lost,2025-06-24 07:25:13,5,3,2,1,0.6283333333333333,5,1,0.6666666666666666,3984.88,debit_card,pos_qr,footwear,671,18,53390.18,4,0,8,0,1,1,0.4167,15.26,password_authenticated,password,1,0,1.0,45.9,delivered,delivered,1.0,0.0,0,d2c_brand,fashion_apparel,medium,omnichannel,physical_delivery,1,0,0.6394827350427649,1,1,55,0.0149,20.0,34.916666666666664
DSP000457,TXN0028801,M000140,C000001,Visa,MERCHANDISE_NOT_RECEIVED,Cardholder claims ordered merchandise or service was not received,2025-05-26 05:12:02,8825.47,0.0,0.0,2025-06-15 05:12:02,20,accepted,accepted_refunded,,2,1,0,1,0.2233333333333333,2,1,0.0,8825.47,credit_card,mobile_app,fitness_class,141,10,62109.36,0,0,8,122,0,1,0.0238,12.43,authenticated_otp,sms_otp,1,0,,,fulfilled,,,,0,fitness_services,fitness_program,small,website,membership_service,1,0,0.5823202932020755,1,1,17,0.0219,20.0,29.791666666666668
DSP000458,TXN0028824,M000196,C000008,Mastercard,MERCHANDISE_NOT_AS_DESCRIBED,"Cardholder claims merchandise arrived damaged, defective, or not as described",2025-06-01 22:33:26,5247.91,500.0,250.0,2025-06-11 22:33:26,10,contested,lost,2025-07-03 22:33:26,5,3,3,0,0.5383333333333333,5,1,1.0,5247.91,credit_card,desktop_web,footwear,417,13,63855.37,4,0,6,285,0,9,0.0814,23.96,authenticated_3ds,3ds_v2,1,0,0.0,20.64,delivered,delivered,1.0,1.0,0,d2c_brand,footwear,medium,omnichannel,physical_delivery,0,0,0.6397215757953326,1,1,11,0.0171,10.0,36.458333333333336
DSP000459,TXN0028996,M000092,C000004,Mastercard,UNAUTHORIZED_TRANSACTION,Cardholder claims transaction was unauthorized or fraudulent,2025-05-08 15:16:37,7084.97,0.0,0.0,2025-05-27 15:16:37,19,accepted,accepted_refunded,,2,3,2,1,0.205,2,1,0.6666666666666666,7084.97,credit_card,mobile_app,exam_course,118,2,17670.48,0,0,55,80,0,2,0.01,20.75,password_authenticated,password,1,0,,,fulfilled,,,,0,education_coaching,edtech_courses,small,mobile_app,digital_service,1,0,0.3637557471355213,0,1,99,0.0139,19.0,11.666666666666666
DSP000460,TXN0029117,M000004,C000083,RuPay,RECURRING_BILLING_DISPUTE,Cardholder claims recurring subscription billing was canceled or unauthorized,2025-05-03 20:25:41,8707.63,0.0,0.0,2025-05-13 20:25:41,10,accepted,accepted_refunded,,2,3,2,1,0.23500000000000001,2,1,0.6666666666666666,8707.63,credit_card,desktop_web,hotel_stay,366,22,253666.23,0,4,1,187,0,20,0.1028,9.36,authenticated_3ds,3ds_v2,1,0,,,fulfilled,,,,0,travel_hospitality,travel_agency,enterprise,"website, app",booking_service,0,0,0.3,1,1,68,0.0353,10.0,6.291666666666667
DSP000461,TXN0029146,M000005,C000135,Visa,MERCHANDISE_NOT_AS_DESCRIBED,"Cardholder claims merchandise arrived damaged, defective, or not as described",2025-05-30 07:02:23,15770.72,150.0,75.0,2025-06-15 07:02:23,16,contested,lost,2025-07-14 07:02:23,2,2,1,1,0.25499999999999995,2,1,0.5,15770.72,credit_card,pos_qr,saas_plan,501,3,28341.18,0,0,44,476,0,2,0.01,36.13,authenticated_otp,sms_otp,1,0,,,fulfilled,,,,0,digital_saas,b2b_software,medium,website,digital_service,1,0,0.5874540118847362,1,0,46,0.025,16.0,32.666666666666664
DSP000462,TXN0029248,M000294,C000047,RuPay,RECURRING_BILLING_DISPUTE,Cardholder claims recurring subscription billing was canceled or unauthorized,2025-05-29 01:13:13,2793.35,500.0,250.0,2025-06-15 01:13:13,17,contested,won,2025-06-10 01:13:13,2,3,1,2,0.26499999999999996,2,4,0.3333333333333333,2793.35,debit_card,payment_link,general_item,166,1,3145.26,0,0,61,132,0,1,0.1593,80.57,authenticated_3ds,3ds_v2,1,1,1.0,30.5,delivered,delivered,1.0,1.0,0,online_marketplace_retailer,electronics_hub,medium,omnichannel,physical_delivery,0,1,0.8590833260569011,1,1,58,0.0095,17.0,31.208333333333332
DSP000463,TXN0029306,M000002,C000124,Mastercard,CREDIT_NOT_PROCESSED,Cardholder claims promised credit or refund was not posted,2025-05-19 04:38:50,3537.36,500.0,250.0,2025-06-04 04:38:50,16,contested,won,2025-06-09 04:38:50,3,3,3,0,0.41333333333333333,3,0,1.0,3537.36,credit_card,desktop_web,footwear,104,3,13849.63,0,0,7,91,0,2,0.01,9.77,auth_failed,none,4,0,0.0,33.13,failed,failed,0.0,0.0,0,d2c_brand,footwear,enterprise,website,physical_delivery,0,0,0.65,1,1,60,0.025,16.0,21.0
DSP000464,TXN0029373,M000220,C000002,Visa,CREDIT_NOT_PROCESSED,Cardholder claims promised credit or refund was not posted,2025-06-11 18:18:21,9373.66,450.0,225.0,2025-07-01 18:18:21,20,contested,won,2025-06-18 18:18:21,3,3,3,0,0.4466666666666667,3,0,1.0,9373.66,credit_card,mobile_app,saas_plan,294,5,72693.49,0,0,12,195,0,1,0.0729,6.29,authenticated_3ds,3ds_v2,1,0,,,fulfilled,,,,0,digital_saas,productivity_tools,small,website,digital_service,1,0,0.82372490874968,1,1,96,0.0222,20.0,44.291666666666664
DSP000465,TXN0029389,M000082,C000009,Visa,MERCHANDISE_NOT_AS_DESCRIBED,"Cardholder claims merchandise arrived damaged, defective, or not as described",2025-05-31 16:37:11,55522.78,0.0,0.0,2025-06-20 16:37:11,20,accepted,accepted_refunded,,3,2,2,0,0.4083333333333334,3,0,1.0,55522.78,credit_card,payment_link,hotel_stay,103,3,67463.95,0,0,6,78,0,2,0.1028,10.76,authenticated_otp,sms_otp,1,0,,,fulfilled,,,,0,travel_hospitality,ticketing,small,mobile_app,booking_service,0,0,0.557404465173409,0,1,33,0.0195,20.0,33.166666666666664
DSP000466,TXN0029426,M000237,C000045,Mastercard,RECURRING_BILLING_DISPUTE,Cardholder claims recurring subscription billing was canceled or unauthorized,2025-05-21 12:59:49,641.44,350.0,175.0,2025-06-11 12:59:49,21,contested,won,2025-06-19 12:59:49,6,3,3,0,0.725,6,0,1.0,641.44,debit_card,desktop_web,footwear,326,3,2360.33,2,0,58,268,0,2,0.0146,18.33,authenticated_3ds,3ds_v2,1,0,0.0,35.65,delivered,delivered,1.0,1.0,1,d2c_brand,home_lifestyle,medium,omnichannel,physical_delivery,0,0,0.8576903884626359,1,1,75,0.0146,21.0,22.916666666666668
DSP000467,TXN0029497,M000004,C000088,Visa,UNAUTHORIZED_TRANSACTION,Cardholder claims transaction was unauthorized or fraudulent,2025-05-31 02:54:49,14141.4,0.0,0.0,2025-06-13 02:54:49,13,accepted,accepted_refunded,,1,3,1,2,0.09999999999999999,1,2,0.3333333333333333,14141.4,credit_card,pos_qr,tour_package,142,4,33130.12,0,0,29,124,0,2,0.01,2.79,authenticated_3ds,3ds_v2,1,0,,,fulfilled,,,,0,travel_hospitality,travel_agency,enterprise,"website, app",booking_service,0,0,0.3,1,1,68,0.0353,13.0,32.333333333333336
DSP000468,TXN0029503,M000040,C000028,Visa,MERCHANDISE_NOT_RECEIVED,Cardholder claims ordered merchandise or service was not received,2025-05-07 19:11:46,963.43,0.0,0.0,2025-05-25 19:11:46,18,accepted,accepted_refunded,,6,4,4,0,0.7683333333333334,6,0,1.0,963.43,debit_card,mobile_app,fashion_apparel,163,2,1782.99,1,0,57,92,0,2,0.0577,19.15,authenticated_otp,sms_otp,1,0,0.0,7.75,delivered,delivered,1.0,1.0,0,online_marketplace_retailer,specialty_goods,medium,website,physical_delivery,0,0,0.8808397348116461,1,1,47,0.0136,18.0,9.0
DSP000469,TXN0029520,M000383,C000035,Visa,MERCHANDISE_NOT_RECEIVED,Cardholder claims ordered merchandise or service was not received,2025-05-20 05:26:57,10204.46,500.0,250.0,2025-06-09 05:26:57,20,contested,lost,2025-06-16 05:26:57,3,1,1,0,0.33499999999999996,3,0,1.0,10204.46,credit_card,pos_qr,flight_booking,95,0,0.0,0,0,50,0,1,1,0.0111,2.77,authenticated_otp,sms_otp,1,0,,,fulfilled,,,,0,travel_hospitality,hotel_booking,medium,mobile_app,booking_service,0,0,0.8814468482588935,1,1,53,0.0211,20.0,21.375
DSP000470,TXN0029552,M000283,C000040,Mastercard,MERCHANDISE_NOT_RECEIVED,Cardholder claims ordered merchandise or service was not received,2025-05-19 10:11:22,3235.32,500.0,250.0,2025-06-08 10:11:22,20,contested,won,2025-06-10 10:11:22,6,4,4,0,0.73,6,0,1.0,3235.32,debit_card,payment_link,cosmetics_kit,274,1,2496.54,0,0,86,0,1,1,0.1539,46.65,authenticated_otp,sms_otp,1,0,0.0,15.7,delivered,delivered,1.0,0.0,0,online_marketplace_retailer,beauty_marketplace,enterprise,website,physical_delivery,0,0,0.8701966877257703,1,1,76,0.0126,20.0,20.333333333333332
DSP000471,TXN0029563,M000004,C000049,Visa,MERCHANDISE_NOT_RECEIVED,Cardholder claims ordered merchandise or service was not received,2025-05-06 01:38:30,10351.56,0.0,0.0,2025-05-22 01:38:30,16,accepted,accepted_refunded,,2,1,0,1,0.19999999999999998,2,1,0.0,10351.56,credit_card,pos_qr,car_rental,57,1,13838.25,0,0,2,33,0,1,0.01,1.46,authenticated_otp,sms_otp,1,0,,,fulfilled,,,,0,travel_hospitality,travel_agency,enterprise,"website, app",booking_service,0,0,0.3,1,1,68,0.0353,16.0,6.791666666666667
DSP000472,TXN0029567,M000018,C000002,RuPay,MERCHANDISE_NOT_RECEIVED,Cardholder claims ordered merchandise or service was not received,2025-05-28 19:02:44,193.98,500.0,250.0,2025-06-13 19:02:44,16,contested,lost,2025-07-08 19:02:44,2,1,1,0,0.225,2,1,1.0,193.98,credit_card,payment_link,food_item,727,5,1361.68,0,0,24,363,0,1,0.0752,19.07,authenticated_otp,sms_otp,1,0,0.0,0.96,delivered,delivered,1.0,1.0,0,food_local_commerce,local_restaurant,medium,mobile_app,food_delivery,0,0,0.8212339110678276,1,1,82,0.0104,16.0,29.5
DSP000473,TXN0029589,M000363,C000046,RuPay,MERCHANDISE_NOT_RECEIVED,Cardholder claims ordered merchandise or service was not received,2025-06-12 00:00:28,622.79,0.0,0.0,2025-07-02 00:00:28,20,accepted,accepted_refunded,,4,4,2,2,0.5466666666666666,4,2,0.5,622.79,credit_card,pos_qr,home_decor,484,9,5387.98,2,0,34,170,0,6,0.01,10.45,authenticated_3ds,3ds_v2,1,0,0.0,21.11,delivered,delivered,1.0,1.0,0,online_marketplace_retailer,multi_category_retail,enterprise,website,physical_delivery,1,0,0.8940230241424958,1,1,84,0.0116,20.0,43.625
DSP000474,TXN0029638,M000310,C000092,RuPay,CREDIT_NOT_PROCESSED,Cardholder claims promised credit or refund was not posted,2025-06-14 05:33:45,3706.79,0.0,0.0,2025-06-26 05:33:45,12,accepted,accepted_refunded,,6,3,3,0,0.7266666666666667,6,0,1.0,3706.79,credit_card,payment_link,footwear,150,2,6574.25,0,0,23,141,0,2,0.041,7.44,password_authenticated,password,1,0,0.0,40.4,delivered,delivered,1.0,1.0,0,d2c_brand,electronics,medium,omnichannel,physical_delivery,1,1,0.8975852079462534,1,1,16,0.0146,12.0,45.708333333333336
DSP000475,TXN0029675,M000253,C000010,Visa,CREDIT_NOT_PROCESSED,Cardholder claims promised credit or refund was not posted,2025-06-06 20:34:54,4180.67,500.0,250.0,2025-06-26 20:34:54,20,contested,won,2025-07-02 20:34:54,3,3,3,0,0.4383333333333333,3,0,1.0,4180.67,debit_card,payment_link,saas_plan,163,2,10787.39,0,0,57,78,0,1,0.2784,6.08,password_authenticated,password,1,0,,,fulfilled,,,,0,digital_saas,developer_tools,medium,website,digital_service,1,1,0.8963619977089252,1,1,21,0.024,20.0,38.208333333333336
DSP000476,TXN0029742,M000001,C000047,RuPay,MERCHANDISE_NOT_AS_DESCRIBED,"Cardholder claims merchandise arrived damaged, defective, or not as described",2025-05-29 05:39:17,1114.81,500.0,250.0,2025-06-13 05:39:17,15,contested,lost,2025-06-08 05:39:17,6,3,3,0,0.7400000000000001,6,0,1.0,1114.81,credit_card,desktop_web,crochet_toy,358,8,10196.45,0,0,12,111,0,3,0.01,4.38,authenticated_otp,sms_otp,1,0,0.0,21.28,delivered,delivered,1.0,1.0,0,individual_social_seller,crochet_accessories,medium,"Instagram, WhatsApp, payment links",physical_delivery,0,0,0.9,0,1,13,0.025,15.0,29.416666666666668
DSP000477,TXN0029798,M000166,C000026,Visa,MERCHANDISE_NOT_AS_DESCRIBED,"Cardholder claims merchandise arrived damaged, defective, or not as described",2025-06-13 00:14:00,14339.95,500.0,250.0,2025-07-02 00:14:00,19,contested,lost,2025-06-27 00:14:00,1,2,1,1,0.14666666666666667,1,2,0.5,14339.95,debit_card,payment_link,saas_plan,343,6,50157.95,0,0,9,87,0,5,0.01,11.45,password_authenticated,password,1,0,,,fulfilled,,,,0,digital_saas,developer_tools,medium,website,digital_service,1,1,0.613230583059358,1,1,5,0.0139,19.0,43.75
DSP000478,TXN0029876,M000397,C000011,Mastercard,UNAUTHORIZED_TRANSACTION,Cardholder claims transaction was unauthorized or fraudulent,2025-05-28 04:41:11,1167.94,500.0,250.0,2025-06-11 04:41:11,14,contested,won,2025-06-30 04:41:11,3,3,3,0,0.42,3,0,1.0,1167.94,credit_card,pos_qr,saas_plan,285,3,5539.08,0,0,16,0,1,1,0.0957,3.75,authenticated_3ds,3ds_v2,1,0,,,fulfilled,,,,0,digital_saas,b2b_software,medium,website,digital_service,1,0,0.8372018085792783,1,1,75,0.0138,14.0,27.666666666666668
DSP000479,TXN0029883,M000180,C000005,RuPay,UNAUTHORIZED_TRANSACTION,Cardholder claims transaction was unauthorized or fraudulent,2025-06-09 03:03:29,2102.14,0.0,0.0,2025-06-21 03:03:29,12,accepted,accepted_refunded,,5,3,3,0,0.5566666666666666,5,1,1.0,2102.14,credit_card,mobile_app,crochet_toy,132,2,3480.09,0,1,86,72,0,2,0.01,12.1,authenticated_otp,sms_otp,1,0,0.0,2.21,delivered,delivered,1.0,0.0,0,individual_social_seller,crochet_accessories,small,payment_links,physical_delivery,0,1,0.3174366429004991,1,1,80,0.0132,12.0,39.583333333333336
DSP000480,TXN0030095,M000004,C000010,Visa,MERCHANDISE_NOT_RECEIVED,Cardholder claims ordered merchandise or service was not received,2025-05-26 08:08:41,16394.76,0.0,0.0,2025-06-07 08:08:41,12,accepted,accepted_refunded,,2,1,1,0,0.24166666666666667,2,1,1.0,16394.76,credit_card,pos_qr,hotel_stay,105,4,47986.22,0,0,14,72,0,4,0.01,3.62,password_authenticated,password,1,0,,,fulfilled,,,,0,travel_hospitality,travel_agency,enterprise,"website, app",booking_service,0,0,0.3,1,1,68,0.0353,12.0,24.833333333333332
DSP000481,TXN0030244,M000219,C000018,Visa,UNAUTHORIZED_TRANSACTION,Cardholder claims transaction was unauthorized or fraudulent,2025-05-15 17:17:28,23255.93,500.0,250.0,2025-05-27 17:17:28,12,contested,won,2025-06-18 17:17:28,3,3,3,0,0.37166666666666665,3,0,1.0,23255.93,credit_card,payment_link,vacation_package,272,1,16285.82,0,0,59,60,0,1,0.1191,21.56,authenticated_3ds,3ds_v2,1,0,,,fulfilled,,,,0,travel_hospitality,ticketing,medium,website,booking_service,0,0,0.8712179221347536,1,1,21,0.0385,12.0,13.75
DSP000482,TXN0030358,M000008,C000114,RuPay,MERCHANDISE_NOT_RECEIVED,Cardholder claims ordered merchandise or service was not received,2025-06-05 01:33:22,3845.89,500.0,250.0,2025-06-15 01:33:22,10,contested,won,2025-07-15 01:33:22,3,1,1,0,0.36166666666666664,3,0,1.0,3845.89,credit_card,mobile_app,lab_test,3,1,3764.06,0,0,106,6,0,1,0.0999,11.46,authenticated_3ds,3ds_v2,1,0,,,fulfilled,,,,0,healthcare_diagnostics,telehealth,enterprise,"website, app, clinic",appointment_service,0,0,0.6098658484197036,1,1,99,0.025,10.0,33.5
DSP000483,TXN0030405,M000166,C000005,Mastercard,CREDIT_NOT_PROCESSED,Cardholder claims promised credit or refund was not posted,2025-05-17 16:48:04,7281.83,500.0,250.0,2025-06-06 16:48:04,20,contested,lost,2025-05-30 16:48:04,2,3,2,1,0.23500000000000001,2,1,0.6666666666666666,7281.83,credit_card,pos_qr,saas_plan,140,1,7179.64,0,0,86,82,0,1,0.01,5.09,authenticated_3ds,3ds_v2,1,0,,,fulfilled,,,,0,digital_saas,developer_tools,medium,website,digital_service,1,1,0.613230583059358,1,1,5,0.0139,20.0,15.0
DSP000484,TXN0030449,M000231,C000009,Mastercard,CREDIT_NOT_PROCESSED,Cardholder claims promised credit or refund was not posted,2025-05-30 10:42:10,965.93,500.0,250.0,2025-06-18 10:42:10,19,contested,lost,2025-07-05 10:42:10,3,3,3,0,0.34,3,0,1.0,965.93,credit_card,desktop_web,saas_plan,460,6,5655.72,0,0,25,156,0,1,0.01,27.51,authenticated_3ds,3ds_v2,1,0,,,fulfilled,,,,0,digital_saas,b2b_software,medium,website,digital_service,1,1,0.8973010554752445,1,1,76,0.0117,19.0,27.666666666666668
DSP000485,TXN0030460,M000079,C000004,Visa,MERCHANDISE_NOT_AS_DESCRIBED,"Cardholder claims merchandise arrived damaged, defective, or not as described",2025-06-08 14:01:04,4186.49,500.0,250.0,2025-06-26 14:01:04,18,contested,won,2025-07-07 14:01:04,5,3,3,0,0.6616666666666667,5,1,1.0,4186.49,debit_card,desktop_web,general_item,104,1,3329.02,0,0,91,36,0,1,0.0477,11.94,authenticated_otp,sms_otp,1,0,0.0,36.85,delivered,delivered,1.0,0.0,0,online_marketplace_retailer,specialty_goods,medium,website,physical_delivery,0,0,0.8706857343847617,1,1,59,0.0106,18.0,36.791666666666664
DSP000486,TXN0030607,M000362,C000031,Mastercard,CREDIT_NOT_PROCESSED,Cardholder claims promised credit or refund was not posted,2025-05-18 15:28:36,21429.47,500.0,250.0,2025-06-03 15:28:36,16,contested,won,2025-07-01 15:28:36,1,3,1,2,0.14666666666666667,1,2,0.3333333333333333,21429.47,credit_card,payment_link,hotel_stay,146,4,64586.99,0,1,46,96,0,2,0.01,1.14,authenticated_3ds,3ds_v2,1,0,,,fulfilled,,,,0,travel_hospitality,hotel_booking,medium,website,booking_service,0,0,0.8585775581273463,1,1,40,0.0242,16.0,15.208333333333334
DSP000487,TXN0030664,M000002,C000080,RuPay,UNAUTHORIZED_TRANSACTION,Cardholder claims transaction was unauthorized or fraudulent,2025-06-07 18:57:27,8452.17,0.0,0.0,2025-06-18 18:57:27,11,accepted,accepted_refunded,,2,3,2,1,0.2383333333333333,2,1,0.6666666666666666,8452.17,credit_card,payment_link,footwear,296,2,17606.0,0,0,61,155,0,2,0.01,7.93,authenticated_3ds,3ds_v2,1,0,0.0,41.85,delivered,delivered,1.0,0.0,0,d2c_brand,footwear,enterprise,website,physical_delivery,0,0,0.65,1,1,60,0.025,11.0,35.208333333333336
DSP000488,TXN0030689,M000056,C000013,Mastercard,UNAUTHORIZED_TRANSACTION,Cardholder claims transaction was unauthorized or fraudulent,2025-05-23 08:15:17,2407.15,500.0,250.0,2025-06-11 08:15:17,19,contested,lost,2025-05-31 08:15:17,2,3,2,1,0.24333333333333332,2,1,0.6666666666666666,2407.15,debit_card,pos_qr,diagnostic_package,272,4,16381.95,0,0,35,193,0,3,0.01,2.83,authenticated_3ds,3ds_v2,1,0,,,fulfilled,,,,0,healthcare_diagnostics,telehealth,small,mobile_app,appointment_service,0,0,0.6275132823361115,0,0,66,0.0148,19.0,19.708333333333332
DSP000489,TXN0030753,M000050,C000046,RuPay,CREDIT_NOT_PROCESSED,Cardholder claims promised credit or refund was not posted,2025-05-10 16:57:46,2297.19,500.0,250.0,2025-05-21 16:57:46,11,contested,won,2025-06-16 16:57:46,6,3,3,0,0.7983333333333333,6,0,1.0,2297.19,credit_card,desktop_web,footwear,681,7,27992.51,3,0,21,388,0,4,0.01,11.79,authenticated_otp,sms_otp,1,0,0.0,9.8,delivered,delivered,1.0,1.0,0,d2c_brand,electronics,medium,omnichannel,physical_delivery,0,0,0.8662522284353982,1,1,23,0.0179,11.0,6.916666666666667
DSP000490,TXN0030754,M000001,C000075,Mastercard,UNAUTHORIZED_TRANSACTION,Cardholder claims transaction was unauthorized or fraudulent,2025-05-16 01:05:14,1065.45,0.0,0.0,2025-06-06 01:05:14,21,accepted,accepted_refunded,,6,3,3,0,0.7283333333333334,6,0,1.0,1065.45,credit_card,payment_link,handmade_accessory,111,2,2983.61,0,0,32,75,0,2,0.01,3.33,authenticated_otp,sms_otp,1,0,1.0,40.98,delivered,delivered,1.0,1.0,0,individual_social_seller,crochet_accessories,medium,"Instagram, WhatsApp, payment links",physical_delivery,0,0,0.9,0,1,13,0.025,21.0,12.25
DSP000491,TXN0030787,M000217,C000011,Visa,UNAUTHORIZED_TRANSACTION,Cardholder claims transaction was unauthorized or fraudulent,2025-06-01 23:57:58,4793.43,350.0,175.0,2025-06-19 23:57:58,18,contested,lost,2025-07-16 23:57:58,5,3,3,0,0.6766666666666667,5,1,1.0,4793.43,credit_card,payment_link,footwear,102,7,23514.58,4,0,12,65,0,3,0.01,37.43,authenticated_otp,sms_otp,1,0,0.0,14.14,delivered,delivered,1.0,1.0,0,d2c_brand,fashion_apparel,medium,omnichannel,physical_delivery,0,0,0.8651961259502601,1,1,54,0.0123,18.0,29.125
DSP000492,TXN0030875,M000143,C000024,Visa,DUPLICATE_TRANSACTION,Cardholder claims single purchase was billed multiple times,2025-05-19 17:02:20,3744.83,500.0,250.0,2025-06-06 17:02:20,18,contested,won,2025-06-30 17:02:20,5,2,2,0,0.6916666666666668,5,1,1.0,3744.83,credit_card,pos_qr,general_item,122,6,23390.9,0,0,17,102,0,5,0.01,58.99,authenticated_3ds,3ds_v2,1,0,0.0,17.19,delivered,delivered,1.0,1.0,1,online_marketplace_retailer,electronics_hub,enterprise,mobile_app,physical_delivery,0,1,0.8363629602379293,1,1,5,0.0081,18.0,15.333333333333334
DSP000493,TXN0030887,M000364,C000032,Mastercard,MERCHANDISE_NOT_AS_DESCRIBED,"Cardholder claims merchandise arrived damaged, defective, or not as described",2025-06-07 15:37:12,581.41,500.0,250.0,2025-06-28 15:37:12,21,contested,lost,2025-06-19 15:37:12,3,2,2,0,0.34833333333333333,3,0,1.0,581.41,debit_card,payment_link,food_item,211,5,3250.75,0,0,6,35,0,4,0.01,5.98,authenticated_3ds,3ds_v2,1,0,0.0,0.74,delivered,delivered,1.0,1.0,0,food_local_commerce,gourmet_food,medium,mobile_app,food_delivery,0,0,0.8575474177875879,1,1,90,0.0239,21.0,34.25
DSP000494,TXN0030989,M000161,C000038,Visa,MERCHANDISE_NOT_RECEIVED,Cardholder claims ordered merchandise or service was not received,2025-05-15 09:43:01,2090.49,450.0,225.0,2025-06-04 09:43:01,20,contested,lost,2025-05-28 09:43:01,3,4,3,1,0.37999999999999995,3,3,0.75,2090.49,credit_card,desktop_web,fashion_apparel,303,4,13904.27,0,0,26,70,0,3,0.089,34.77,password_authenticated,password,1,0,0.0,20.84,failed,failed,0.0,0.0,0,online_marketplace_retailer,multi_category_retail,medium,website,physical_delivery,1,0,0.8672135547405878,1,1,56,0.0126,20.0,10.75
DSP000495,TXN0030998,M000219,C000008,Mastercard,MERCHANDISE_NOT_RECEIVED,Cardholder claims ordered merchandise or service was not received,2025-05-24 12:19:52,22065.68,450.0,225.0,2025-06-06 12:19:52,13,contested,won,2025-06-11 12:19:52,3,1,1,0,0.37833333333333335,3,0,1.0,22065.68,credit_card,payment_link,hotel_stay,345,4,76115.14,0,0,45,40,0,4,0.01,6.93,password_authenticated,password,1,0,,,fulfilled,,,,0,travel_hospitality,ticketing,medium,website,booking_service,0,0,0.8712179221347536,1,1,21,0.0385,13.0,19.833333333333332
DSP000496,TXN0031099,M000369,C000051,Mastercard,UNAUTHORIZED_TRANSACTION,Cardholder claims transaction was unauthorized or fraudulent,2025-05-10 07:09:16,1430.03,500.0,250.0,2025-05-25 07:09:16,15,contested,lost,2025-05-23 07:09:16,5,3,2,1,0.6633333333333333,5,1,0.6666666666666666,1430.03,credit_card,payment_link,footwear,70,5,9865.99,3,0,20,46,0,4,0.01,13.87,authenticated_3ds,3ds_v2,1,0,0.0,2.81,delivered,delivered,1.0,1.0,0,d2c_brand,cosmetics,medium,website,physical_delivery,1,0,0.8941464808776525,0,1,119,0.0159,15.0,5.375
DSP000497,TXN0031172,M000162,C000004,Visa,MERCHANDISE_NOT_RECEIVED,Cardholder claims ordered merchandise or service was not received,2025-05-10 10:11:41,17737.54,500.0,250.0,2025-05-22 10:11:41,12,contested,lost,2025-06-03 10:11:41,2,1,0,1,0.2733333333333334,2,1,0.0,17737.54,credit_card,mobile_app,vacation_package,356,4,36947.27,0,2,80,85,0,1,0.1955,3.01,authenticated_3ds,3ds_v2,1,0,,,fulfilled,,,,0,travel_hospitality,travel_agency,medium,website,booking_service,0,0,0.8761619615328717,1,1,82,0.0356,12.0,5.0
DSP000498,TXN0031182,M000009,C000024,Visa,CREDIT_NOT_PROCESSED,Cardholder claims promised credit or refund was not posted,2025-05-13 21:46:35,10729.8,150.0,75.0,2025-05-28 21:46:35,15,contested,lost,2025-06-13 21:46:35,2,3,2,1,0.2316666666666667,2,1,0.6666666666666666,10729.8,credit_card,desktop_web,personal_training,385,2,21148.57,0,0,110,111,0,1,0.0107,4.48,authenticated_3ds,3ds_v2,1,0,,,fulfilled,,,,0,fitness_services,fitness_program,enterprise,"app, in-person",membership_service,1,0,0.5656018640442436,1,1,47,0.025,15.0,8.458333333333334
DSP000499,TXN0031192,M000219,C000026,Visa,MERCHANDISE_NOT_RECEIVED,Cardholder claims ordered merchandise or service was not received,2025-06-08 00:31:08,28356.45,0.0,0.0,2025-06-28 00:31:08,20,accepted,accepted_refunded,,3,1,1,0,0.39166666666666666,3,0,1.0,28356.45,credit_card,payment_link,tour_package,238,13,281021.26,0,0,8,203,0,13,0.0123,6.11,auth_failed,password,2,0,,,failed,,,,0,travel_hospitality,ticketing,medium,website,booking_service,0,0,0.8712179221347536,1,1,21,0.0385,20.0,33.541666666666664
DSP000500,TXN0031199,M000137,C000036,Mastercard,MERCHANDISE_NOT_RECEIVED,Cardholder claims ordered merchandise or service was not received,2025-06-04 06:27:11,522.4,0.0,0.0,2025-06-21 06:27:11,17,accepted,accepted_refunded,,2,1,0,1,0.245,2,1,0.0,522.4,credit_card,payment_link,food_item,36,0,0.0,0,0,19,0,1,1,0.1613,30.49,authenticated_otp,sms_otp,1,0,0.0,0.9,delivered,delivered,0.0,0.0,0,food_local_commerce,gourmet_food,enterprise,mobile_app,food_delivery,0,0,0.8119865367333683,1,1,85,0.0117,17.0,29.75
DSP000501,TXN0031223,M000288,C000035,Visa,MERCHANDISE_NOT_RECEIVED,Cardholder claims ordered merchandise or service was not received,2025-06-16 14:36:05,577.87,150.0,75.0,2025-07-06 14:36:05,20,contested,lost,2025-07-19 14:36:05,2,1,1,0,0.21166666666666667,2,1,1.0,577.87,debit_card,desktop_web,food_item,139,0,0.0,0,0,118,0,1,1,0.0697,32.93,authenticated_otp,sms_otp,1,0,0.0,0.78,delivered,delivered,1.0,1.0,0,food_local_commerce,gourmet_food,medium,website,food_delivery,0,0,0.5593981939840869,1,1,14,0.012,20.0,42.0
DSP000502,TXN0031290,M000163,C000006,Mastercard,MERCHANDISE_NOT_AS_DESCRIBED,"Cardholder claims merchandise arrived damaged, defective, or not as described",2025-06-05 19:52:03,27439.12,500.0,250.0,2025-06-16 19:52:03,11,contested,lost,2025-06-26 19:52:03,3,2,2,0,0.3383333333333334,3,0,1.0,27439.12,credit_card,payment_link,car_rental,518,20,477226.81,0,0,0,70,0,17,0.144,727.72,authenticated_3ds,3ds_v2,1,1,,,fulfilled,,,,0,travel_hospitality,tour_packages,medium,mobile_app,booking_service,0,1,0.82376375439924,1,1,9,0.0311,11.0,31.041666666666668
DSP000503,TXN0031310,M000062,C000019,Visa,RECURRING_BILLING_DISPUTE,Cardholder claims recurring subscription billing was canceled or unauthorized,2025-06-20 07:06:01,1811.98,0.0,0.0,2025-07-08 07:06:01,18,accepted,accepted_refunded,,6,3,3,0,0.7366666666666667,6,0,1.0,1811.98,credit_card,desktop_web,footwear,132,1,1282.31,0,0,88,0,1,1,0.01,9.76,authenticated_otp,sms_otp,1,0,0.0,33.0,delivered,delivered,0.0,0.0,0,d2c_brand,home_lifestyle,medium,website,physical_delivery,1,0,0.8195982862419144,1,1,56,0.0076,18.0,45.416666666666664
DSP000504,TXN0031323,M000148,C000029,Mastercard,CREDIT_NOT_PROCESSED,Cardholder claims promised credit or refund was not posted,2025-06-20 22:02:39,522.48,500.0,250.0,2025-07-03 22:02:39,13,contested,won,2025-07-06 22:02:39,3,3,3,0,0.4216666666666667,3,0,1.0,522.48,debit_card,desktop_web,food_item,439,6,4155.5,0,1,1,0,1,1,0.1113,15.91,password_authenticated,password,1,0,0.0,0.77,delivered,delivered,1.0,0.0,0,food_local_commerce,cloud_kitchen,medium,mobile_app,food_delivery,0,0,0.8300878309816769,1,0,7,0.0299,13.0,45.958333333333336
DSP000505,TXN0031377,M000006,C000027,Visa,MERCHANDISE_NOT_AS_DESCRIBED,"Cardholder claims merchandise arrived damaged, defective, or not as described",2025-06-14 04:14:53,398.51,500.0,250.0,2025-06-24 04:14:53,10,contested,lost,2025-07-01 04:14:53,3,2,2,0,0.40166666666666667,3,0,1.0,398.51,credit_card,pos_qr,food_item,488,7,3183.83,0,0,6,241,0,5,0.01,14.44,authenticated_otp,sms_otp,1,0,0.0,0.7,delivered,delivered,1.0,1.0,0,food_local_commerce,local_restaurant,medium,"app, food platforms",food_delivery,0,0,0.8950714306409916,1,1,64,0.025,10.0,38.791666666666664
DSP000506,TXN0031489,M000163,C000011,Visa,CREDIT_NOT_PROCESSED,Cardholder claims promised credit or refund was not posted,2025-05-14 07:12:45,20176.61,500.0,250.0,2025-05-29 07:12:45,15,contested,lost,2025-06-25 07:12:45,3,3,3,0,0.41,3,0,1.0,20176.61,credit_card,pos_qr,hotel_stay,236,2,47218.82,0,0,34,173,0,2,0.2038,633.66,password_authenticated,password,1,1,,,fulfilled,,,,0,travel_hospitality,tour_packages,medium,mobile_app,booking_service,0,1,0.82376375439924,1,1,9,0.0311,15.0,7.625
DSP000507,TXN0031668,M000040,C000015,RuPay,MERCHANDISE_NOT_AS_DESCRIBED,"Cardholder claims merchandise arrived damaged, defective, or not as described",2025-06-20 23:37:25,1809.17,500.0,250.0,2025-07-06 23:37:25,16,contested,won,2025-08-02 23:37:25,5,3,3,0,0.7066666666666667,5,1,1.0,1809.17,credit_card,desktop_web,electronic_accessory,203,2,2812.36,0,0,32,34,0,2,0.01,41.18,authenticated_otp,sms_otp,1,0,0.0,40.5,delivered,delivered,1.0,0.0,0,online_marketplace_retailer,specialty_goods,medium,website,physical_delivery,0,0,0.8808397348116461,1,1,47,0.0136,16.0,44.5
DSP000508,TXN0031671,M000296,C000020,Visa,MERCHANDISE_NOT_RECEIVED,Cardholder claims ordered merchandise or service was not received,2025-06-07 13:41:03,257.76,500.0,250.0,2025-06-24 13:41:03,17,contested,won,2025-07-09 13:41:03,3,1,1,0,0.3433333333333333,3,0,1.0,257.76,credit_card,pos_qr,food_item,340,4,1678.74,0,0,33,0,1,1,0.2236,12.66,authenticated_otp,sms_otp,1,0,0.0,0.57,delivered,delivered,1.0,1.0,0,food_local_commerce,gourmet_food,medium,mobile_app,food_delivery,0,0,0.8037348188749214,1,1,13,0.0149,17.0,31.083333333333332
DSP000509,TXN0031774,M000086,C000013,Mastercard,UNAUTHORIZED_TRANSACTION,Cardholder claims transaction was unauthorized or fraudulent,2025-06-05 20:24:05,3113.51,350.0,175.0,2025-06-23 20:24:05,18,contested,lost,2025-06-25 20:24:05,5,3,2,1,0.595,5,1,0.6666666666666666,3113.51,credit_card,payment_link,footwear,372,2,5176.1,1,0,74,175,0,2,0.1535,14.83,authenticated_otp,sms_otp,1,0,0.0,32.15,delivered,delivered,1.0,1.0,1,d2c_brand,fashion_apparel,medium,website,physical_delivery,0,0,0.8623298126827558,1,1,107,0.0067,18.0,29.041666666666668
DSP000510,TXN0031788,M000330,C000056,RuPay,MERCHANDISE_NOT_AS_DESCRIBED,"Cardholder claims merchandise arrived damaged, defective, or not as described",2025-06-21 17:38:21,2241.49,0.0,0.0,2025-07-08 17:38:21,17,accepted,accepted_refunded,,5,3,3,0,0.6366666666666666,5,1,1.0,2241.49,credit_card,mobile_app,footwear,364,1,3583.65,1,0,44,202,0,1,0.655,1.72,authenticated_otp,sms_otp,1,0,0.0,21.84,delivered,delivered,1.0,1.0,0,d2c_brand,fashion_apparel,medium,omnichannel,physical_delivery,0,0,0.8737896916695769,1,1,27,0.0074,17.0,44.875
DSP000511,TXN0031822,M000008,C000103,Visa,MERCHANDISE_NOT_AS_DESCRIBED,"Cardholder claims merchandise arrived damaged, defective, or not as described",2025-06-09 12:18:05,2453.88,350.0,175.0,2025-06-27 12:18:05,18,contested,won,2025-06-23 12:18:05,2,2,2,0,0.2733333333333333,2,1,1.0,2453.88,credit_card,pos_qr,diagnostic_package,539,20,63984.19,0,1,2,0,1,1,0.1108,13.92,authenticated_3ds,3ds_v2,1,0,,,fulfilled,,,,0,healthcare_diagnostics,telehealth,enterprise,"website, app, clinic",appointment_service,0,0,0.6098658484197036,1,1,99,0.025,18.0,32.416666666666664
DSP000512,TXN0031826,M000362,C000004,Mastercard,MERCHANDISE_NOT_RECEIVED,Cardholder claims ordered merchandise or service was not received,2025-05-18 01:25:37,12416.12,500.0,250.0,2025-05-31 01:25:37,13,contested,lost,2025-06-29 01:25:37,2,1,1,0,0.25666666666666665,2,1,1.0,12416.12,credit_card,desktop_web,vacation_package,124,4,103577.12,0,0,10,56,0,1,0.01,46.43,password_authenticated,password,1,0,,,fulfilled,,,,0,travel_hospitality,hotel_booking,medium,website,booking_service,0,0,0.8585775581273463,1,1,40,0.0242,13.0,9.875
DSP000513,TXN0031843,M000341,C000065,Mastercard,MERCHANDISE_NOT_AS_DESCRIBED,"Cardholder claims merchandise arrived damaged, defective, or not as described",2025-06-13 18:55:04,983.1,500.0,250.0,2025-07-04 18:55:04,21,contested,won,2025-07-16 18:55:04,6,3,3,0,0.7200000000000001,6,0,1.0,983.1,credit_card,payment_link,cosmetics_kit,463,1,1412.99,0,0,56,352,0,1,0.0863,20.63,authenticated_3ds,3ds_v2,1,0,0.0,19.3,delivered,delivered,1.0,1.0,1,online_marketplace_retailer,beauty_marketplace,enterprise,mobile_app,physical_delivery,0,0,0.8855460584011007,1,1,92,0.0076,21.0,36.458333333333336
DSP000514,TXN0031846,M000004,C000035,Visa,UNAUTHORIZED_TRANSACTION,Cardholder claims transaction was unauthorized or fraudulent,2025-05-17 16:24:51,24186.82,0.0,0.0,2025-06-05 16:24:51,19,accepted,accepted_refunded,,2,3,2,1,0.22999999999999998,2,1,0.6666666666666666,24186.82,credit_card,mobile_app,flight_booking,78,4,40698.07,0,0,45,65,0,3,0.3636,1403.5,authenticated_3ds,3ds_v2,1,1,,,fulfilled,,,,0,travel_hospitality,travel_agency,enterprise,"website, app",booking_service,0,0,0.3,1,1,68,0.0353,19.0,9.333333333333334
DSP000515,TXN0031883,M000369,C000079,Visa,MERCHANDISE_NOT_AS_DESCRIBED,"Cardholder claims merchandise arrived damaged, defective, or not as described",2025-05-24 09:18:06,2063.54,350.0,175.0,2025-06-08 09:18:06,15,contested,lost,2025-06-28 09:18:06,4,3,2,1,0.5133333333333333,4,2,0.6666666666666666,2063.54,debit_card,desktop_web,footwear,174,0,0.0,0,0,21,0,1,1,0.0852,1.22,authenticated_3ds,3ds_v2,1,0,1.0,31.79,delivered,delivered,1.0,0.0,1,d2c_brand,cosmetics,medium,website,physical_delivery,1,0,0.8941464808776525,0,1,119,0.0159,15.0,15.916666666666666
DSP000516,TXN0031988,M000058,C000034,RuPay,RECURRING_BILLING_DISPUTE,Cardholder claims recurring subscription billing was canceled or unauthorized,2025-06-10 15:41:41,3048.07,500.0,250.0,2025-06-29 15:41:41,19,contested,lost,2025-07-22 15:41:41,2,3,1,2,0.2316666666666667,2,4,0.3333333333333333,3048.07,debit_card,desktop_web,footwear,249,3,8304.69,2,0,44,0,1,1,0.01,0.35,authenticated_3ds,3ds_v2,1,0,0.0,14.28,delivered,delivered,1.0,1.0,0,d2c_brand,fashion_apparel,medium,omnichannel,physical_delivery,1,0,0.6394827350427649,1,1,55,0.0149,19.0,32.875
DSP000517,TXN0032031,M000174,C000017,RuPay,CREDIT_NOT_PROCESSED,Cardholder claims promised credit or refund was not posted,2025-06-08 16:38:24,2460.37,500.0,250.0,2025-06-25 16:38:24,17,contested,lost,2025-07-09 16:38:24,4,3,2,1,0.4566666666666667,4,2,0.6666666666666666,2460.37,debit_card,pos_qr,footwear,343,6,15799.95,2,0,3,147,0,1,0.01,6.95,authenticated_otp,sms_otp,1,0,1.0,3.26,delivered,delivered,1.0,1.0,1,d2c_brand,footwear,medium,omnichannel,physical_delivery,0,1,0.8590892943188242,1,1,80,0.0092,17.0,30.75
DSP000518,TXN0032304,M000383,C000019,Mastercard,RECURRING_BILLING_DISPUTE,Cardholder claims recurring subscription billing was canceled or unauthorized,2025-06-25 04:08:04,31256.81,500.0,250.0,2025-07-14 04:08:04,19,contested,lost,2025-08-09 04:08:04,2,3,2,1,0.285,2,1,0.6666666666666666,31256.81,credit_card,pos_qr,car_rental,116,6,148415.84,0,1,64,80,0,2,0.01,35.93,authenticated_3ds,3ds_v2,1,0,,,fulfilled,,,,0,travel_hospitality,hotel_booking,medium,mobile_app,booking_service,0,0,0.8814468482588935,1,1,53,0.0211,19.0,45.791666666666664
DSP000519,TXN0032345,M000002,C000094,Visa,MERCHANDISE_NOT_RECEIVED,Cardholder claims ordered merchandise or service was not received,2025-05-28 19:15:33,5002.75,0.0,0.0,2025-06-13 19:15:33,16,accepted,accepted_refunded,,2,1,0,1,0.25166666666666665,2,1,0.0,5002.75,credit_card,mobile_app,footwear,207,2,15106.69,0,0,30,100,0,1,0.0571,0.32,authenticated_3ds,3ds_v2,1,0,0.0,31.16,delivered,delivered,1.0,1.0,0,d2c_brand,footwear,enterprise,website,physical_delivery,0,0,0.65,1,1,60,0.025,16.0,18.333333333333332
DSP000520,TXN0032415,M000004,C000003,Mastercard,MERCHANDISE_NOT_RECEIVED,Cardholder claims ordered merchandise or service was not received,2025-06-21 12:41:46,13849.68,500.0,250.0,2025-07-12 12:41:46,21,contested,won,2025-07-18 12:41:46,2,1,0,1,0.23833333333333337,2,1,0.0,13849.68,credit_card,pos_qr,hotel_stay,186,2,25094.16,0,0,53,0,1,1,0.01,4.61,password_authenticated,password,1,0,,,fulfilled,,,,0,travel_hospitality,travel_agency,enterprise,"website, app",booking_service,0,0,0.3,1,1,68,0.0353,21.0,41.916666666666664
DSP000521,TXN0032463,M000240,C000025,Visa,CREDIT_NOT_PROCESSED,Cardholder claims promised credit or refund was not posted,2025-06-18 13:04:46,1000.46,500.0,250.0,2025-07-01 13:04:46,13,contested,lost,2025-07-17 13:04:46,4,3,2,1,0.5466666666666667,4,2,0.6666666666666666,1000.46,credit_card,desktop_web,footwear,108,0,0.0,0,0,37,0,1,1,0.0123,16.8,authenticated_3ds,3ds_v2,1,0,0.0,9.18,delivered,delivered,1.0,1.0,0,d2c_brand,cosmetics,medium,omnichannel,physical_delivery,0,0,0.8722452115261505,1,1,25,0.0102,13.0,38.833333333333336
DSP000522,TXN0032550,M000102,C000001,Mastercard,MERCHANDISE_NOT_RECEIVED,Cardholder claims ordered merchandise or service was not received,2025-05-22 21:46:39,9729.34,500.0,250.0,2025-06-11 21:46:39,20,contested,won,2025-06-18 21:46:39,2,1,1,0,0.295,2,1,1.0,9729.34,credit_card,payment_link,car_rental,152,4,28915.54,0,0,0,129,0,3,0.0173,9.17,authenticated_3ds,3ds_v2,1,0,,,fulfilled,,,,0,travel_hospitality,travel_agency,small,mobile_app,booking_service,0,1,0.592754101835855,1,0,93,0.0224,20.0,11.916666666666666
DSP000523,TXN0032603,M000157,C000015,Mastercard,MERCHANDISE_NOT_AS_DESCRIBED,"Cardholder claims merchandise arrived damaged, defective, or not as described",2025-05-21 20:21:17,9009.21,500.0,250.0,2025-06-08 20:21:17,18,contested,lost,2025-07-01 20:21:17,1,2,0,2,0.11833333333333333,1,2,0.0,9009.21,credit_card,desktop_web,vacation_package,402,9,219596.88,0,0,6,324,0,9,0.01,4.14,authenticated_3ds,3ds_v2,1,0,,,fulfilled,,,,0,travel_hospitality,hotel_booking,small,website,booking_service,0,0,0.3144894872091223,1,1,63,0.0168,18.0,10.458333333333334
DSP000524,TXN0032667,M000036,C000014,Mastercard,CREDIT_NOT_PROCESSED,Cardholder claims promised credit or refund was not posted,2025-06-02 02:17:05,5667.51,500.0,250.0,2025-06-12 02:17:05,10,contested,won,2025-06-12 02:17:05,3,3,3,0,0.33,3,0,1.0,5667.51,credit_card,desktop_web,saas_plan,397,8,35517.21,0,0,0,388,0,7,0.2372,3.23,password_authenticated,password,1,0,,,fulfilled,,,,0,digital_saas,productivity_tools,medium,website,digital_service,1,1,0.8170524123687292,1,1,13,0.0221,10.0,21.541666666666668
DSP000525,TXN0032743,M000342,C000011,Mastercard,UNAUTHORIZED_TRANSACTION,Cardholder claims transaction was unauthorized or fraudulent,2025-05-27 01:19:00,2364.76,500.0,250.0,2025-06-08 01:19:00,12,contested,lost,2025-07-07 01:19:00,4,3,2,1,0.51,4,2,0.6666666666666666,2364.76,credit_card,pos_qr,cosmetics_kit,458,4,7604.37,0,0,19,387,0,2,0.01,2.21,auth_failed,sms_otp,4,0,0.0,39.65,failed,failed,0.0,0.0,0,online_marketplace_retailer,multi_category_retail,medium,website,physical_delivery,0,0,0.6203657859380023,1,1,112,0.0137,12.0,15.333333333333334
DSP000526,TXN0032799,M000250,C000048,Mastercard,MERCHANDISE_NOT_AS_DESCRIBED,"Cardholder claims merchandise arrived damaged, defective, or not as described",2025-05-17 07:06:47,9941.8,0.0,0.0,2025-06-03 07:06:47,17,accepted,accepted_refunded,,2,2,1,1,0.27166666666666667,2,1,0.5,9941.8,credit_card,desktop_web,saas_plan,81,2,22960.78,0,0,7,75,0,2,0.023,62.23,authenticated_otp,sms_otp,1,0,,,fulfilled,,,,0,digital_saas,developer_tools,medium,website,digital_service,1,0,0.6428318562587725,1,1,99,0.0187,17.0,5.458333333333333
DSP000527,TXN0033108,M000002,C000119,Visa,CREDIT_NOT_PROCESSED,Cardholder claims promised credit or refund was not posted,2025-05-30 22:36:28,3600.15,500.0,250.0,2025-06-19 22:36:28,20,contested,lost,2025-06-09 22:36:28,2,3,2,1,0.245,2,1,0.6666666666666666,3600.15,debit_card,pos_qr,footwear,630,12,63621.07,4,0,9,0,1,1,0.01,15.37,authenticated_3ds,3ds_v2,1,0,0.0,17.96,delivered,delivered,1.0,1.0,0,d2c_brand,footwear,enterprise,website,physical_delivery,0,0,0.65,1,1,60,0.025,20.0,17.958333333333332
DSP000528,TXN0033253,M000063,C000022,Visa,CREDIT_NOT_PROCESSED,Cardholder claims promised credit or refund was not posted,2025-06-10 04:13:31,3116.99,500.0,250.0,2025-06-26 04:13:31,16,contested,lost,2025-07-15 04:13:31,3,3,3,0,0.39999999999999997,3,0,1.0,3116.99,credit_card,mobile_app,saas_plan,199,3,11949.58,0,0,36,17,0,2,0.1342,4.65,authenticated_3ds,3ds_v2,1,0,,,fulfilled,,,,0,digital_saas,productivity_tools,medium,website,digital_service,1,1,0.8045227288910538,1,1,118,0.0198,16.0,27.5
DSP000529,TXN0033263,M000395,C000051,Mastercard,CREDIT_NOT_PROCESSED,Cardholder claims promised credit or refund was not posted,2025-05-31 13:00:00,782.55,500.0,250.0,2025-06-21 13:00:00,21,contested,won,2025-06-19 13:00:00,6,3,3,0,0.7416666666666667,6,0,1.0,782.55,credit_card,desktop_web,footwear,461,7,12764.08,3,0,20,139,0,3,0.01,7.69,authenticated_3ds,3ds_v2,1,0,1.0,31.6,delivered,delivered,1.0,1.0,1,d2c_brand,electronics,medium,omnichannel,physical_delivery,1,0,0.8990505142000673,1,1,86,0.0087,21.0,17.833333333333332
DSP000530,TXN0033272,M000028,C000018,Visa,CREDIT_NOT_PROCESSED,Cardholder claims promised credit or refund was not posted,2025-05-29 02:23:44,236.0,500.0,250.0,2025-06-15 02:23:44,17,contested,lost,2025-06-29 02:23:44,1,3,1,2,0.12666666666666668,1,2,0.3333333333333333,236.0,debit_card,payment_link,food_item,393,8,2187.54,0,0,45,135,0,8,0.01,3.49,authenticated_otp,sms_otp,1,0,0.0,0.65,delivered,delivered,1.0,0.0,0,food_local_commerce,bakery,medium,mobile_app,food_delivery,0,0,0.5866361843293691,1,1,49,0.0239,17.0,15.375
DSP000531,TXN0033311,M000003,C000166,Mastercard,MERCHANDISE_NOT_RECEIVED,Cardholder claims ordered merchandise or service was not received,2025-05-19 08:51:41,2190.78,500.0,250.0,2025-06-02 08:51:41,14,contested,lost,2025-06-11 08:51:41,4,4,2,2,0.4716666666666667,4,2,0.5,2190.78,credit_card,desktop_web,exam_course,497,17,49582.99,0,0,10,0,1,1,0.3402,429.07,authenticated_3ds,3ds_v2,1,1,,,fulfilled,,,,0,education_coaching,exam_prep,enterprise,"website, app",digital_service,0,1,0.4,1,0,99,0.025,14.0,5.541666666666667
DSP000532,TXN0033355,M000002,C000062,Mastercard,DUPLICATE_TRANSACTION,Cardholder claims single purchase was billed multiple times,2025-05-17 17:29:38,5321.6,500.0,250.0,2025-06-03 17:29:38,17,contested,lost,2025-06-24 17:29:38,2,2,1,1,0.2333333333333333,2,1,0.5,5321.6,credit_card,desktop_web,footwear,463,24,196575.85,11,1,2,169,0,16,0.1855,6.73,password_authenticated,password,1,0,0.0,21.37,delivered,delivered,1.0,0.0,0,d2c_brand,footwear,enterprise,website,physical_delivery,0,0,0.65,1,1,60,0.025,17.0,3.4166666666666665
DSP000533,TXN0033404,M000331,C000051,Mastercard,DUPLICATE_TRANSACTION,Cardholder claims single purchase was billed multiple times,2025-06-23 04:23:25,1046.7,500.0,250.0,2025-07-08 04:23:25,15,contested,won,2025-07-11 04:23:25,4,2,1,1,0.5433333333333333,4,2,0.5,1046.7,credit_card,mobile_app,general_item,404,6,8249.37,2,0,60,247,0,6,0.0234,2.92,authenticated_3ds,3ds_v2,1,0,0.0,35.98,delivered,delivered,1.0,1.0,0,online_marketplace_retailer,beauty_marketplace,enterprise,mobile_app,physical_delivery,0,0,0.85543540525114,1,1,17,0.0145,15.0,39.708333333333336
DSP000534,TXN0033414,M000311,C000035,RuPay,RECURRING_BILLING_DISPUTE,Cardholder claims recurring subscription billing was canceled or unauthorized,2025-06-19 13:46:01,1894.45,500.0,250.0,2025-07-07 13:46:01,18,contested,won,2025-07-18 13:46:01,5,3,3,0,0.6516666666666667,5,1,1.0,1894.45,debit_card,pos_qr,general_item,660,20,24076.44,1,0,10,0,1,1,0.4174,17.29,authenticated_otp,sms_otp,1,0,0.0,41.9,delivered,delivered,1.0,1.0,0,online_marketplace_retailer,specialty_goods,enterprise,mobile_app,physical_delivery,0,1,0.8516300348301196,1,1,96,0.0044,18.0,36.083333333333336
DSP000535,TXN0033621,M000304,C000010,Mastercard,CREDIT_NOT_PROCESSED,Cardholder claims promised credit or refund was not posted,2025-06-01 16:03:34,19806.84,500.0,250.0,2025-06-21 16:03:34,20,contested,lost,2025-07-11 16:03:34,2,3,2,1,0.245,2,1,0.6666666666666666,19806.84,debit_card,desktop_web,hotel_stay,469,8,172826.18,0,0,2,424,0,5,0.01,5.59,password_authenticated,password,1,0,,,fulfilled,,,,0,travel_hospitality,hotel_booking,medium,mobile_app,booking_service,0,1,0.5585347464993767,1,1,86,0.0326,20.0,17.25
DSP000536,TXN0033628,M000005,C000135,Mastercard,MERCHANDISE_NOT_AS_DESCRIBED,"Cardholder claims merchandise arrived damaged, defective, or not as described",2025-06-18 03:29:11,16277.01,0.0,0.0,2025-07-08 03:29:11,20,accepted,accepted_refunded,,2,2,1,1,0.215,2,1,0.5,16277.01,credit_card,desktop_web,saas_plan,501,5,56036.21,0,0,4,107,0,5,0.01,11.22,authenticated_3ds,3ds_v2,1,0,,,fulfilled,,,,0,digital_saas,b2b_software,medium,website,digital_service,1,0,0.5874540118847362,1,0,46,0.025,20.0,33.708333333333336
DSP000537,TXN0033660,M000228,C000003,Visa,MERCHANDISE_NOT_AS_DESCRIBED,"Cardholder claims merchandise arrived damaged, defective, or not as described",2025-06-29 07:28:54,1969.38,500.0,250.0,2025-07-18 07:28:54,19,contested,won,2025-07-13 07:28:54,5,3,3,0,0.6333333333333333,5,1,1.0,1969.38,credit_card,pos_qr,fashion_apparel,286,12,23192.58,3,0,3,29,0,6,0.01,19.7,password_authenticated,password,1,0,0.0,16.5,delivered,delivered,0.0,0.0,0,online_marketplace_retailer,electronics_hub,enterprise,omnichannel,physical_delivery,0,0,0.8367715803059433,0,1,92,0.0093,19.0,44.791666666666664
DSP000538,TXN0033755,M000005,C000097,Visa,MERCHANDISE_NOT_AS_DESCRIBED,"Cardholder claims merchandise arrived damaged, defective, or not as described",2025-06-12 05:07:50,10666.03,500.0,250.0,2025-06-30 05:07:50,18,contested,lost,2025-07-17 05:07:50,3,2,2,0,0.31,3,0,1.0,10666.03,credit_card,mobile_app,saas_plan,232,7,75439.72,0,0,9,95,0,5,0.1991,11.55,password_authenticated,password,1,0,,,fulfilled,,,,0,digital_saas,b2b_software,medium,website,digital_service,1,0,0.5874540118847362,1,0,46,0.025,18.0,27.333333333333332
DSP000539,TXN0033770,M000002,C000148,Mastercard,MERCHANDISE_NOT_RECEIVED,Cardholder claims ordered merchandise or service was not received,2025-06-19 00:27:55,3265.3,0.0,0.0,2025-07-03 00:27:55,14,accepted,accepted_refunded,,3,1,1,0,0.32666666666666666,3,0,1.0,3265.3,credit_card,mobile_app,footwear,70,9,42416.78,4,0,40,0,1,1,0.01,8.9,authenticated_otp,sms_otp,1,0,0.0,12.95,delivered,delivered,1.0,1.0,1,d2c_brand,footwear,enterprise,website,physical_delivery,0,0,0.65,1,1,60,0.025,14.0,34.041666666666664
DSP000540,TXN0033790,M000375,C000002,Mastercard,MERCHANDISE_NOT_RECEIVED,Cardholder claims ordered merchandise or service was not received,2025-05-29 23:41:10,1181.34,450.0,225.0,2025-06-16 23:41:10,18,contested,won,2025-06-18 23:41:10,2,4,1,3,0.26499999999999996,2,4,0.25,1181.34,credit_card,mobile_app,fashion_apparel,158,0,0.0,0,0,97,0,1,1,0.0789,2.43,authenticated_otp,sms_otp,1,0,0.0,15.39,delivered,delivered,1.0,0.0,0,individual_social_seller,crochet_accessories,micro,instagram_whatsapp,physical_delivery,0,0,0.3100778001377426,0,1,35,0.0083,18.0,13.708333333333334
DSP000541,TXN0033805,M000120,C000026,RuPay,RECURRING_BILLING_DISPUTE,Cardholder claims recurring subscription billing was canceled or unauthorized,2025-06-23 06:53:18,189.73,450.0,225.0,2025-07-14 06:53:18,21,contested,won,2025-07-09 06:53:18,3,3,3,0,0.36333333333333334,3,0,1.0,189.73,debit_card,pos_qr,food_item,297,3,626.87,0,0,65,127,0,2,0.2358,0.36,authenticated_otp,sms_otp,1,0,0.0,0.75,failed,failed,0.0,0.0,0,food_local_commerce,gourmet_food,medium,mobile_app,food_delivery,0,0,0.8871460590187717,0,1,104,0.0133,21.0,37.916666666666664
DSP000542,TXN0033810,M000361,C000012,Visa,MERCHANDISE_NOT_RECEIVED,Cardholder claims ordered merchandise or service was not received,2025-05-20 23:20:35,4459.55,0.0,0.0,2025-06-10 23:20:35,21,accepted,accepted_refunded,,5,4,3,1,0.6333333333333333,5,1,0.75,4459.55,credit_card,desktop_web,home_decor,355,5,11027.52,2,0,4,301,0,4,0.0237,21.99,authenticated_3ds,3ds_v2,1,0,0.0,24.66,delivered,delivered,1.0,1.0,0,online_marketplace_retailer,beauty_marketplace,medium,mobile_app,physical_delivery,1,1,0.8026511310541622,1,1,17,0.0055,21.0,4.583333333333333
DSP000543,TXN0033823,M000134,C000042,Mastercard,CREDIT_NOT_PROCESSED,Cardholder claims promised credit or refund was not posted,2025-06-05 03:29:28,1547.07,500.0,250.0,2025-06-16 03:29:28,11,contested,lost,2025-07-07 03:29:28,4,3,2,1,0.555,4,2,0.6666666666666666,1547.07,credit_card,pos_qr,footwear,230,14,26245.26,4,1,23,61,0,12,0.0795,4.64,authenticated_otp,sms_otp,1,0,0.0,4.41,delivered,delivered,1.0,0.0,0,d2c_brand,fashion_apparel,medium,omnichannel,physical_delivery,0,0,0.8510747302577566,0,1,47,0.0129,11.0,19.708333333333332
DSP000544,TXN0033838,M000003,C000116,Visa,MERCHANDISE_NOT_RECEIVED,Cardholder claims ordered merchandise or service was not received,2025-06-15 22:16:43,2856.67,500.0,250.0,2025-06-25 22:16:43,10,contested,won,2025-07-29 22:16:43,4,4,3,1,0.4633333333333334,4,2,0.75,2856.67,credit_card,mobile_app,exam_course,410,15,39431.98,0,0,4,289,0,5,0.0179,58.65,authenticated_3ds,3ds_v2,1,0,,,fulfilled,,,,0,education_coaching,exam_prep,enterprise,"website, app",digital_service,0,1,0.4,1,0,99,0.025,10.0,30.416666666666668
DSP000545,TXN0034032,M000002,C000112,RuPay,CREDIT_NOT_PROCESSED,Cardholder claims promised credit or refund was not posted,2025-05-23 07:29:14,7183.63,450.0,225.0,2025-06-03 07:29:14,11,contested,lost,2025-06-18 07:29:14,3,3,3,0,0.405,3,0,1.0,7183.63,credit_card,desktop_web,footwear,348,4,44829.27,2,0,23,79,0,1,0.0537,89.39,authenticated_otp,sms_otp,1,1,1.0,2.1,delivered,delivered,1.0,1.0,1,d2c_brand,footwear,enterprise,website,physical_delivery,0,0,0.65,1,1,60,0.025,11.0,5.916666666666667
DSP000546,TXN0034108,M000374,C000032,RuPay,RECURRING_BILLING_DISPUTE,Cardholder claims recurring subscription billing was canceled or unauthorized,2025-06-27 15:54:48,11250.77,350.0,175.0,2025-07-11 15:54:48,14,contested,won,2025-07-05 15:54:48,2,3,2,1,0.26166666666666666,2,1,0.6666666666666666,11250.77,credit_card,pos_qr,hotel_stay,349,1,9412.71,0,0,134,0,1,1,0.4662,189.9,authenticated_otp,sms_otp,1,1,,,fulfilled,,,,0,travel_hospitality,tour_packages,medium,website,booking_service,0,1,0.8069361300875165,1,1,71,0.0162,14.0,41.083333333333336
DSP000547,TXN0034176,M000004,C000011,Mastercard,MERCHANDISE_NOT_AS_DESCRIBED,"Cardholder claims merchandise arrived damaged, defective, or not as described",2025-06-19 23:11:17,14803.92,0.0,0.0,2025-07-07 23:11:17,18,accepted,accepted_refunded,,1,2,1,1,0.09999999999999999,1,2,0.5,14803.92,credit_card,pos_qr,flight_booking,52,3,27979.09,0,0,22,21,0,2,0.0125,21.33,password_authenticated,password,1,0,,,fulfilled,,,,0,travel_hospitality,travel_agency,enterprise,"website, app",booking_service,0,0,0.3,1,1,68,0.0353,18.0,33.208333333333336
DSP000548,TXN0034199,M000320,C000014,Visa,MERCHANDISE_NOT_RECEIVED,Cardholder claims ordered merchandise or service was not received,2025-05-30 04:34:25,2879.58,500.0,250.0,2025-06-19 04:34:25,20,contested,won,2025-07-12 04:34:25,6,4,4,0,0.6983333333333334,6,0,1.0,2879.58,debit_card,payment_link,footwear,646,21,38758.52,1,0,4,458,0,9,0.01,0.75,authenticated_3ds,3ds_v2,1,0,0.0,6.36,delivered,delivered,1.0,1.0,0,d2c_brand,home_lifestyle,medium,website,physical_delivery,0,1,0.8695974206093697,1,1,78,0.0128,20.0,12.375
DSP000549,TXN0034515,M000170,C000008,Visa,CREDIT_NOT_PROCESSED,Cardholder claims promised credit or refund was not posted,2025-06-29 07:43:20,1898.88,0.0,0.0,2025-07-17 07:43:20,18,accepted,accepted_refunded,,3,3,3,0,0.395,3,0,1.0,1898.88,credit_card,payment_link,food_item,102,0,0.0,0,0,1,0,1,1,0.3465,7.79,authenticated_otp,sms_otp,1,0,0.0,0.68,delivered,delivered,1.0,1.0,0,food_local_commerce,local_restaurant,medium,website,food_delivery,1,0,0.8835302495589238,1,1,53,0.02,18.0,41.5
DSP000550,TXN0034532,M000349,C000028,Visa,MERCHANDISE_NOT_AS_DESCRIBED,"Cardholder claims merchandise arrived damaged, defective, or not as described",2025-06-13 02:54:54,3649.61,0.0,0.0,2025-06-29 02:54:54,16,accepted,accepted_refunded,,5,3,3,0,0.6233333333333334,5,1,1.0,3649.61,credit_card,mobile_app,cosmetics_kit,496,5,20749.64,0,0,19,47,0,2,0.01,10.79,authenticated_3ds,3ds_v2,1,0,0.0,47.37,delivered,delivered,1.0,1.0,0,online_marketplace_retailer,multi_category_retail,medium,website,physical_delivery,0,0,0.5898504734397373,1,1,59,0.0092,16.0,25.25
DSP000551,TXN0034536,M000376,C000013,Visa,MERCHANDISE_NOT_RECEIVED,Cardholder claims ordered merchandise or service was not received,2025-06-03 00:21:39,2220.13,450.0,225.0,2025-06-15 00:21:39,12,contested,lost,2025-06-28 00:21:39,3,4,2,2,0.3833333333333333,3,3,0.5,2220.13,credit_card,payment_link,footwear,680,11,35981.9,6,0,15,247,0,1,0.01,74.26,authenticated_3ds,3ds_v2,1,0,0.0,26.8,delivered,delivered,1.0,1.0,0,d2c_brand,footwear,medium,omnichannel,physical_delivery,1,1,0.8018221825651549,1,1,76,0.0077,12.0,15.125
DSP000552,TXN0034577,M000154,C000029,RuPay,MERCHANDISE_NOT_AS_DESCRIBED,"Cardholder claims merchandise arrived damaged, defective, or not as described",2025-07-03 08:59:47,1235.68,500.0,250.0,2025-07-17 08:59:47,14,contested,lost,2025-08-01 08:59:47,3,3,1,2,0.4033333333333333,3,3,0.3333333333333333,1235.68,credit_card,pos_qr,cosmetics_kit,159,3,7611.61,0,0,84,0,1,1,0.4806,1.11,authenticated_3ds,3ds_v2,1,0,0.0,40.12,failed,failed,0.0,0.0,0,online_marketplace_retailer,electronics_hub,enterprise,omnichannel,physical_delivery,1,0,0.5778646464236611,1,0,15,0.005,14.0,45.083333333333336
DSP000553,TXN0034715,M000020,C000011,Visa,UNAUTHORIZED_TRANSACTION,Cardholder claims transaction was unauthorized or fraudulent,2025-05-31 14:47:32,1486.98,500.0,250.0,2025-06-20 14:47:32,20,contested,lost,2025-06-19 14:47:32,5,3,2,1,0.6883333333333334,5,1,0.6666666666666666,1486.98,credit_card,desktop_web,footwear,290,2,2814.57,1,0,48,0,1,1,0.1888,13.19,authenticated_3ds,3ds_v2,1,0,1.0,30.53,delivered,delivered,1.0,1.0,1,d2c_brand,fashion_apparel,small,omnichannel,physical_delivery,0,0,0.8183404509853434,0,1,117,0.0074,20.0,11.875
DSP000554,TXN0034746,M000327,C000045,RuPay,DUPLICATE_TRANSACTION,Cardholder claims single purchase was billed multiple times,2025-06-12 10:44:34,587.32,500.0,250.0,2025-06-29 10:44:34,17,contested,won,2025-06-28 10:44:34,3,2,2,0,0.3566666666666667,3,0,1.0,587.32,credit_card,pos_qr,food_item,137,0,0.0,0,0,108,0,1,1,0.2851,10.72,authenticated_otp,sms_otp,1,0,0.0,0.6,delivered,delivered,1.0,1.0,0,food_local_commerce,bakery,medium,mobile_app,food_delivery,0,0,0.8660197376717731,1,1,85,0.0293,17.0,23.625
DSP000555,TXN0034754,M000142,C000021,Visa,UNAUTHORIZED_TRANSACTION,Cardholder claims transaction was unauthorized or fraudulent,2025-06-28 14:27:32,4562.44,450.0,225.0,2025-07-13 14:27:32,15,contested,lost,2025-07-20 14:27:32,5,3,2,1,0.69,5,1,0.6666666666666666,4562.44,credit_card,pos_qr,footwear,478,26,120667.23,4,0,4,0,1,1,0.1377,7.24,authenticated_otp,sms_otp,1,0,0.0,37.29,delivered,delivered,1.0,1.0,0,d2c_brand,electronics,medium,omnichannel,physical_delivery,0,0,0.8703018958895178,1,1,53,0.009,15.0,39.75
DSP000556,TXN0034757,M000004,C000144,Visa,DUPLICATE_TRANSACTION,Cardholder claims single purchase was billed multiple times,2025-06-06 18:49:57,18729.61,500.0,250.0,2025-06-27 18:49:57,21,contested,won,2025-07-04 18:49:57,2,2,1,1,0.2316666666666667,2,1,0.5,18729.61,debit_card,mobile_app,hotel_stay,31,1,31981.08,0,1,115,0,1,1,0.0607,1.4,password_authenticated,password,1,0,,,fulfilled,,,,0,travel_hospitality,travel_agency,enterprise,"website, app",booking_service,0,0,0.3,1,1,68,0.0353,21.0,17.916666666666668
DSP000557,TXN0034763,M000377,C000030,Visa,MERCHANDISE_NOT_AS_DESCRIBED,"Cardholder claims merchandise arrived damaged, defective, or not as described",2025-06-22 11:26:53,9554.29,0.0,0.0,2025-07-09 11:26:53,17,accepted,accepted_refunded,,1,2,1,1,0.14333333333333334,1,2,0.5,9554.29,debit_card,desktop_web,saas_plan,631,6,62755.17,0,0,3,336,0,5,0.0119,6.74,password_authenticated,password,1,0,,,fulfilled,,,,0,digital_saas,productivity_tools,medium,website,digital_service,1,0,0.8094442960755928,1,1,39,0.02,17.0,33.583333333333336
DSP000558,TXN0034809,M000005,C000051,Visa,MERCHANDISE_NOT_AS_DESCRIBED,"Cardholder claims merchandise arrived damaged, defective, or not as described",2025-07-04 02:27:35,11126.38,0.0,0.0,2025-07-15 02:27:35,11,accepted,accepted_refunded,,2,2,1,1,0.26333333333333336,2,1,0.5,11126.38,credit_card,pos_qr,saas_plan,398,7,69328.55,0,0,4,94,0,1,0.0397,2.77,authenticated_3ds,3ds_v2,1,0,,,fulfilled,,,,0,digital_saas,b2b_software,medium,website,digital_service,1,0,0.5874540118847362,1,0,46,0.025,11.0,44.791666666666664
DSP000559,TXN0034906,M000001,C000068,Visa,UNAUTHORIZED_TRANSACTION,Cardholder claims transaction was unauthorized or fraudulent,2025-06-26 22:27:47,1051.73,500.0,250.0,2025-07-10 22:27:47,14,contested,lost,2025-08-04 22:27:47,5,3,3,0,0.6533333333333333,5,1,1.0,1051.73,debit_card,desktop_web,fashion_apparel,128,2,3521.64,0,0,69,0,1,1,0.2406,8.62,authenticated_otp,sms_otp,1,0,0.0,37.8,delivered,delivered,1.0,1.0,1,individual_social_seller,crochet_accessories,medium,"Instagram, WhatsApp, payment links",physical_delivery,0,0,0.9,0,1,13,0.025,14.0,37.25
DSP000560,TXN0034940,M000211,C000011,Mastercard,MERCHANDISE_NOT_RECEIVED,Cardholder claims ordered merchandise or service was not received,2025-07-02 18:09:17,388.62,500.0,250.0,2025-07-21 18:09:17,19,contested,won,2025-08-13 18:09:17,3,1,1,0,0.38833333333333336,3,0,1.0,388.62,credit_card,payment_link,food_item,172,7,2636.79,0,1,15,130,0,7,0.169,24.15,password_authenticated,password,1,0,0.0,0.6,delivered,delivered,1.0,0.0,0,food_local_commerce,gourmet_food,enterprise,mobile_app,food_delivery,0,0,0.8101471542866032,0,1,31,0.0226,19.0,43.0
DSP000561,TXN0035037,M000261,C000040,RuPay,UNAUTHORIZED_TRANSACTION,Cardholder claims transaction was unauthorized or fraudulent,2025-06-10 00:57:28,514.03,500.0,250.0,2025-06-28 00:57:28,18,contested,lost,2025-07-01 00:57:28,2,3,2,1,0.25666666666666665,2,1,0.6666666666666666,514.03,credit_card,mobile_app,food_item,244,1,394.54,0,0,137,0,1,1,0.0569,1.37,authenticated_otp,sms_otp,1,0,0.0,0.76,delivered,delivered,1.0,0.0,0,food_local_commerce,local_restaurant,enterprise,mobile_app,food_delivery,0,0,0.893615477416078,1,1,26,0.0194,18.0,19.708333333333332
DSP000562,TXN0035060,M000323,C000010,RuPay,MERCHANDISE_NOT_AS_DESCRIBED,"Cardholder claims merchandise arrived damaged, defective, or not as described",2025-07-01 08:11:48,5010.46,500.0,250.0,2025-07-15 08:11:48,14,contested,won,2025-07-31 08:11:48,3,2,2,0,0.39666666666666667,3,0,1.0,5010.46,credit_card,mobile_app,hotel_stay,58,2,17249.08,0,0,87,0,1,1,0.0189,31.82,password_authenticated,password,1,0,,,fulfilled,,,,0,travel_hospitality,tour_packages,medium,mobile_app,booking_service,0,1,0.8156437042671085,0,1,46,0.0371,14.0,40.958333333333336
DSP000563,TXN0035081,M000239,C000002,Visa,MERCHANDISE_NOT_RECEIVED,Cardholder claims ordered merchandise or service was not received,2025-06-25 10:43:07,17026.37,500.0,250.0,2025-07-15 10:43:07,20,contested,won,2025-07-30 10:43:07,2,1,1,0,0.21833333333333335,2,1,1.0,17026.37,debit_card,pos_qr,car_rental,294,0,0.0,0,0,84,0,1,1,0.022,21.24,authenticated_otp,sms_otp,1,0,,,fulfilled,,,,0,travel_hospitality,hotel_booking,small,mobile_app,booking_service,0,0,0.5695242987798044,1,1,98,0.0212,20.0,35.0
DSP000564,TXN0035219,M000196,C000046,Mastercard,CREDIT_NOT_PROCESSED,Cardholder claims promised credit or refund was not posted,2025-06-04 00:55:20,4099.31,500.0,250.0,2025-06-23 00:55:20,19,contested,lost,2025-06-25 00:55:20,3,3,2,1,0.3933333333333333,3,3,0.6666666666666666,4099.31,credit_card,pos_qr,footwear,394,2,7235.52,2,0,94,385,0,1,0.01,1.24,authenticated_3ds,3ds_v2,1,0,0.0,38.18,delivered,delivered,1.0,1.0,0,d2c_brand,footwear,medium,omnichannel,physical_delivery,0,0,0.6397215757953326,1,1,11,0.0171,19.0,13.208333333333334
DSP000565,TXN0035294,M000253,C000015,Visa,UNAUTHORIZED_TRANSACTION,Cardholder claims transaction was unauthorized or fraudulent,2025-05-29 17:22:51,4003.27,0.0,0.0,2025-06-13 17:22:51,15,accepted,accepted_refunded,,3,3,3,0,0.3833333333333333,3,0,1.0,4003.27,credit_card,payment_link,saas_plan,240,1,2828.58,0,0,74,93,0,1,0.0112,20.38,authenticated_otp,sms_otp,1,0,,,fulfilled,,,,0,digital_saas,developer_tools,medium,website,digital_service,1,1,0.8963619977089252,1,1,21,0.024,15.0,7.333333333333333
DSP000566,TXN0035400,M000217,C000011,Visa,CREDIT_NOT_PROCESSED,Cardholder claims promised credit or refund was not posted,2025-06-25 06:05:32,2808.75,500.0,250.0,2025-07-05 06:05:32,10,contested,lost,2025-07-19 06:05:32,5,3,3,0,0.585,5,1,1.0,2808.75,debit_card,payment_link,footwear,102,8,28308.01,4,0,18,56,0,5,0.033,49.07,password_authenticated,password,1,0,0.0,27.81,delivered,delivered,1.0,1.0,0,d2c_brand,fashion_apparel,medium,omnichannel,physical_delivery,0,0,0.8651961259502601,1,1,54,0.0123,10.0,33.583333333333336
DSP000567,TXN0035524,M000087,C000002,Visa,MERCHANDISE_NOT_RECEIVED,Cardholder claims ordered merchandise or service was not received,2025-06-12 02:03:04,8031.99,0.0,0.0,2025-06-30 02:03:04,18,accepted,accepted_refunded,,2,1,0,1,0.22,2,1,0.0,8031.99,debit_card,pos_qr,mentorship,575,3,52441.8,0,0,52,0,1,1,0.1785,7.86,password_authenticated,password,1,0,,,fulfilled,,,,0,education_coaching,online_tutoring,micro,website,digital_service,1,0,0.3330898024852649,0,1,40,0.0136,18.0,19.75
DSP000568,TXN0035540,M000187,C000007,Visa,MERCHANDISE_NOT_RECEIVED,Cardholder claims ordered merchandise or service was not received,2025-07-03 05:23:05,7962.33,500.0,250.0,2025-07-14 05:23:05,11,contested,lost,2025-08-01 05:23:05,1,1,0,1,0.15166666666666667,1,2,0.0,7962.33,credit_card,pos_qr,saas_plan,554,9,60271.48,0,0,27,349,0,1,0.01,2.25,authenticated_3ds,3ds_v2,1,0,,,fulfilled,,,,0,digital_saas,cloud_analytics,medium,website,digital_service,1,1,0.8924693618278563,1,1,44,0.0234,11.0,40.833333333333336
DSP000569,TXN0035549,M000164,C000010,RuPay,MERCHANDISE_NOT_RECEIVED,Cardholder claims ordered merchandise or service was not received,2025-06-18 00:45:48,171.83,350.0,175.0,2025-07-05 00:45:48,17,contested,lost,2025-06-29 00:45:48,1,1,0,1,0.10666666666666667,1,2,0.0,171.83,credit_card,mobile_app,food_item,75,1,620.0,0,0,39,0,1,1,0.1031,4.32,authenticated_otp,sms_otp,1,0,0.0,0.87,delivered,delivered,1.0,0.0,0,food_local_commerce,gourmet_food,small,mobile_app,food_delivery,0,0,0.6228216348611859,0,1,72,0.0167,17.0,25.625
DSP000570,TXN0035620,M000377,C000025,Visa,MERCHANDISE_NOT_RECEIVED,Cardholder claims ordered merchandise or service was not received,2025-06-28 09:48:35,8673.46,450.0,225.0,2025-07-12 09:48:35,14,contested,won,2025-07-12 09:48:35,3,1,1,0,0.43,3,0,1.0,8673.46,credit_card,payment_link,saas_plan,294,9,89183.58,0,1,0,0,1,1,0.3055,11.44,authenticated_3ds,3ds_v2,1,0,,,fulfilled,,,,0,digital_saas,productivity_tools,medium,website,digital_service,1,0,0.8094442960755928,1,1,39,0.02,14.0,35.833333333333336
DSP000571,TXN0035632,M000299,C000002,Visa,MERCHANDISE_NOT_RECEIVED,Cardholder claims ordered merchandise or service was not received,2025-07-07 21:33:54,23779.7,0.0,0.0,2025-07-23 21:33:54,16,accepted,accepted_refunded,,1,1,1,0,0.11499999999999999,1,2,1.0,23779.7,debit_card,pos_qr,vacation_package,352,3,86580.53,0,1,6,230,0,1,0.0925,43.1,password_authenticated,password,1,0,,,fulfilled,,,,0,travel_hospitality,tour_packages,small,mobile_app,booking_service,0,1,0.3127060512651884,0,0,38,0.034,16.0,45.291666666666664
DSP000572,TXN0035712,M000390,C000008,Mastercard,MERCHANDISE_NOT_AS_DESCRIBED,"Cardholder claims merchandise arrived damaged, defective, or not as described",2025-06-26 11:09:28,11577.67,450.0,225.0,2025-07-09 11:09:28,13,contested,won,2025-07-05 11:09:28,2,2,1,1,0.26166666666666666,2,1,0.5,11577.67,debit_card,payment_link,saas_plan,463,9,227090.05,0,0,27,54,0,8,0.123,14.58,password_authenticated,password,1,0,,,fulfilled,,,,0,digital_saas,cloud_analytics,small,website,digital_service,1,0,0.8803480930384848,1,1,92,0.0134,13.0,33.625
DSP000573,TXN0035865,M000308,C000008,Mastercard,MERCHANDISE_NOT_AS_DESCRIBED,"Cardholder claims merchandise arrived damaged, defective, or not as described",2025-06-05 06:36:53,1795.69,500.0,250.0,2025-06-24 06:36:53,19,contested,lost,2025-07-18 06:36:53,6,3,3,0,0.7633333333333333,6,0,1.0,1795.69,debit_card,desktop_web,footwear,450,13,36075.59,4,1,18,173,0,5,0.01,51.13,password_authenticated,password,1,0,0.0,29.94,delivered,delivered,1.0,1.0,0,d2c_brand,fashion_apparel,small,omnichannel,physical_delivery,0,0,0.8637429901498206,1,1,25,0.0082,19.0,11.75
DSP000574,TXN0036178,M000018,C000012,Visa,MERCHANDISE_NOT_RECEIVED,Cardholder claims ordered merchandise or service was not received,2025-06-06 15:09:02,179.58,500.0,250.0,2025-06-18 15:09:02,12,contested,won,2025-07-21 15:09:02,3,1,1,0,0.395,3,0,1.0,179.58,debit_card,desktop_web,food_item,399,6,1682.25,0,0,2,119,0,4,0.01,2.22,authenticated_3ds,3ds_v2,1,0,0.0,0.97,delivered,delivered,1.0,1.0,0,food_local_commerce,local_restaurant,medium,mobile_app,food_delivery,0,0,0.8212339110678276,1,1,82,0.0104,12.0,12.041666666666666
DSP000575,TXN0036192,M000307,C000004,Mastercard,MERCHANDISE_NOT_RECEIVED,Cardholder claims ordered merchandise or service was not received,2025-07-04 10:55:13,496.84,150.0,75.0,2025-07-14 10:55:13,10,contested,lost,2025-08-08 10:55:13,2,1,0,1,0.25,2,1,0.0,496.84,credit_card,payment_link,food_item,719,9,4929.85,0,0,7,31,0,7,0.3399,6.84,authenticated_otp,sms_otp,1,0,0.0,0.69,delivered,delivered,1.0,1.0,0,food_local_commerce,gourmet_food,enterprise,website,food_delivery,0,0,0.6040635121610106,1,1,63,0.0128,10.0,39.833333333333336
DSP000576,TXN0036238,M000002,C000020,Mastercard,CREDIT_NOT_PROCESSED,Cardholder claims promised credit or refund was not posted,2025-07-06 08:23:05,4218.0,0.0,0.0,2025-07-23 08:23:05,17,accepted,accepted_refunded,,3,3,3,0,0.3666666666666667,3,0,1.0,4218.0,debit_card,desktop_web,footwear,149,2,14437.48,1,1,81,0,1,1,0.0798,15.53,authenticated_otp,sms_otp,1,0,0.0,16.85,delivered,delivered,1.0,1.0,0,d2c_brand,footwear,enterprise,website,physical_delivery,0,0,0.65,1,1,60,0.025,17.0,41.625
DSP000577,TXN0036272,M000261,C000036,Visa,UNAUTHORIZED_TRANSACTION,Cardholder claims transaction was unauthorized or fraudulent,2025-07-04 23:56:00,389.17,500.0,250.0,2025-07-23 23:56:00,19,contested,won,2025-08-01 23:56:00,3,3,3,0,0.3416666666666666,3,0,1.0,389.17,credit_card,mobile_app,food_item,104,1,449.17,0,0,138,76,0,1,0.1948,3.06,authenticated_otp,sms_otp,1,0,0.0,0.98,failed,failed,0.0,0.0,0,food_local_commerce,local_restaurant,enterprise,mobile_app,food_delivery,0,0,0.893615477416078,1,1,26,0.0194,19.0,40.208333333333336
DSP000578,TXN0036304,M000142,C000021,Mastercard,CREDIT_NOT_PROCESSED,Cardholder claims promised credit or refund was not posted,2025-06-27 16:13:57,11627.56,0.0,0.0,2025-07-16 16:13:57,19,accepted,accepted_refunded,,6,3,3,0,0.7383333333333333,6,0,1.0,11627.56,debit_card,desktop_web,footwear,478,28,128278.82,4,0,3,47,0,4,0.01,1.54,authenticated_otp,sms_otp,1,0,0.0,19.68,delivered,delivered,1.0,1.0,0,d2c_brand,electronics,medium,omnichannel,physical_delivery,0,0,0.8703018958895178,1,1,53,0.009,19.0,32.791666666666664
DSP000579,TXN0036410,M000061,C000039,Mastercard,RECURRING_BILLING_DISPUTE,Cardholder claims recurring subscription billing was canceled or unauthorized,2025-05-30 17:17:19,581.41,500.0,250.0,2025-06-17 17:17:19,18,contested,lost,2025-06-17 17:17:19,5,3,2,1,0.6566666666666666,5,1,0.6666666666666666,581.41,credit_card,desktop_web,electronic_accessory,378,16,14171.12,0,0,11,180,0,2,0.1673,2.95,authenticated_otp,sms_otp,1,0,0.0,40.35,delivered,delivered,1.0,1.0,0,online_marketplace_retailer,electronics_hub,enterprise,omnichannel,physical_delivery,0,0,0.8088492502051919,1,1,75,0.0125,18.0,4.25
DSP000580,TXN0036441,M000344,C000038,Visa,CREDIT_NOT_PROCESSED,Cardholder claims promised credit or refund was not posted,2025-06-29 08:09:30,2433.4,0.0,0.0,2025-07-18 08:09:30,19,accepted,accepted_refunded,,5,3,3,0,0.6166666666666667,5,1,1.0,2433.4,credit_card,desktop_web,fashion_apparel,267,8,29553.35,1,0,11,43,0,3,0.01,13.24,authenticated_otp,sms_otp,1,0,0.0,47.71,delivered,delivered,1.0,1.0,0,online_marketplace_retailer,electronics_hub,enterprise,mobile_app,physical_delivery,0,0,0.5597834160651001,1,1,28,0.0147,19.0,33.791666666666664
DSP000581,TXN0036467,M000115,C000013,Mastercard,MERCHANDISE_NOT_AS_DESCRIBED,"Cardholder claims merchandise arrived damaged, defective, or not as described",2025-07-10 19:24:32,18457.85,500.0,250.0,2025-07-29 19:24:32,19,contested,won,2025-08-13 19:24:32,2,2,2,0,0.25,2,1,1.0,18457.85,credit_card,pos_qr,tour_package,76,4,70392.85,0,0,2,47,0,3,0.01,9.76,authenticated_otp,sms_otp,1,0,,,fulfilled,,,,0,travel_hospitality,hotel_booking,medium,mobile_app,booking_service,0,1,0.5789751452913767,1,1,91,0.0164,19.0,45.166666666666664
DSP000582,TXN0036498,M000386,C000009,Mastercard,UNAUTHORIZED_TRANSACTION,Cardholder claims transaction was unauthorized or fraudulent,2025-07-02 06:22:58,8006.9,500.0,250.0,2025-07-17 06:22:58,15,contested,lost,2025-08-02 06:22:58,3,3,3,0,0.38000000000000006,3,0,1.0,8006.9,credit_card,mobile_app,saas_plan,400,0,0.0,0,0,47,0,1,1,0.0348,8.28,authenticated_3ds,3ds_v2,1,0,,,fulfilled,,,,0,digital_saas,developer_tools,small,website,digital_service,1,0,0.869673716536415,1,1,22,0.0244,15.0,36.541666666666664
DSP000583,TXN0036590,M000352,C000034,RuPay,UNAUTHORIZED_TRANSACTION,Cardholder claims transaction was unauthorized or fraudulent,2025-06-22 00:19:44,3151.3,500.0,250.0,2025-07-13 00:19:44,21,contested,lost,2025-07-04 00:19:44,3,3,3,0,0.35000000000000003,3,0,1.0,3151.3,credit_card,pos_qr,saas_plan,471,1,3573.91,0,0,74,197,0,1,0.01,6.54,authenticated_3ds,3ds_v2,1,0,,,fulfilled,,,,0,digital_saas,cloud_analytics,medium,website,digital_service,1,0,0.8045304009772044,1,1,119,0.0127,21.0,25.75
DSP000584,TXN0036618,M000005,C000010,Mastercard,MERCHANDISE_NOT_AS_DESCRIBED,"Cardholder claims merchandise arrived damaged, defective, or not as described",2025-06-18 04:05:53,9105.41,0.0,0.0,2025-07-06 04:05:53,18,accepted,accepted_refunded,,0,2,0,2,0.0,0,3,0.0,9105.41,credit_card,pos_qr,saas_plan,680,4,28886.72,0,0,52,495,0,2,0.01,25.29,authenticated_3ds,3ds_v2,1,0,,,fulfilled,,,,0,digital_saas,b2b_software,medium,website,digital_service,1,0,0.5874540118847362,1,0,46,0.025,18.0,21.791666666666668
DSP000585,TXN0036901,M000004,C000001,Visa,UNAUTHORIZED_TRANSACTION,Cardholder claims transaction was unauthorized or fraudulent,2025-06-01 05:42:28,12184.36,500.0,250.0,2025-06-19 05:42:28,18,contested,lost,2025-07-04 05:42:28,2,3,2,1,0.215,2,1,0.6666666666666666,12184.36,credit_card,mobile_app,car_rental,59,2,22399.44,0,0,20,0,1,1,0.3573,2.56,authenticated_otp,sms_otp,1,0,,,fulfilled,,,,0,travel_hospitality,travel_agency,enterprise,"website, app",booking_service,0,0,0.3,1,1,68,0.0353,18.0,3.75
DSP000586,TXN0036989,M000358,C000072,Visa,UNAUTHORIZED_TRANSACTION,Cardholder claims transaction was unauthorized or fraudulent,2025-06-23 19:46:17,267.81,0.0,0.0,2025-07-05 19:46:17,12,accepted,accepted_refunded,,3,3,3,0,0.4266666666666667,3,0,1.0,267.81,credit_card,pos_qr,food_item,453,0,0.0,0,0,112,0,1,1,0.039,43.81,authenticated_3ds,3ds_v2,1,0,0.0,0.67,delivered,delivered,1.0,1.0,0,food_local_commerce,gourmet_food,medium,mobile_app,food_delivery,0,0,0.816293442708143,1,1,54,0.0149,12.0,26.125
DSP000587,TXN0037155,M000349,C000003,Mastercard,MERCHANDISE_NOT_AS_DESCRIBED,"Cardholder claims merchandise arrived damaged, defective, or not as described",2025-07-10 19:29:19,1660.45,500.0,250.0,2025-07-30 19:29:19,20,contested,lost,2025-08-21 19:29:19,5,3,2,1,0.6033333333333334,5,1,0.6666666666666666,1660.45,credit_card,payment_link,cosmetics_kit,514,10,37657.8,3,0,5,144,0,8,0.01,32.52,authenticated_3ds,3ds_v2,1,0,0.0,14.64,delivered,delivered,1.0,1.0,1,online_marketplace_retailer,multi_category_retail,medium,website,physical_delivery,0,0,0.5898504734397373,1,1,59,0.0092,20.0,42.333333333333336
DSP000588,TXN0037190,M000329,C000038,Visa,UNAUTHORIZED_TRANSACTION,Cardholder claims transaction was unauthorized or fraudulent,2025-07-01 19:10:48,4571.09,500.0,250.0,2025-07-16 19:10:48,15,contested,lost,2025-07-30 19:10:48,5,3,3,0,0.6533333333333333,5,1,1.0,4571.09,credit_card,desktop_web,fashion_apparel,258,9,29010.82,4,1,2,0,1,1,0.01,40.18,authenticated_3ds,3ds_v2,1,0,0.0,27.61,delivered,delivered,1.0,1.0,0,online_marketplace_retailer,beauty_marketplace,medium,mobile_app,physical_delivery,0,0,0.8954865280663193,1,1,58,0.0048,15.0,33.208333333333336
DSP000589,TXN0037263,M000099,C000002,Visa,MERCHANDISE_NOT_RECEIVED,Cardholder claims ordered merchandise or service was not received,2025-06-27 17:37:21,858.57,500.0,250.0,2025-07-09 17:37:21,12,contested,won,2025-08-05 17:37:21,4,4,2,2,0.4716666666666667,4,2,0.5,858.57,debit_card,mobile_app,handmade_accessory,113,3,3161.28,0,0,29,0,1,1,0.2346,16.51,authenticated_3ds,3ds_v2,1,0,0.0,22.76,delivered,delivered,1.0,1.0,0,individual_social_seller,custom_apparel,small,instagram_whatsapp,physical_delivery,0,0,0.3770967179954561,0,0,108,0.0214,12.0,28.958333333333332
DSP000590,TXN0037271,M000003,C000126,Visa,DUPLICATE_TRANSACTION,Cardholder claims single purchase was billed multiple times,2025-06-27 05:14:35,2856.57,500.0,250.0,2025-07-15 05:14:35,18,contested,won,2025-08-03 05:14:35,3,2,1,1,0.37666666666666665,3,3,0.5,2856.57,credit_card,payment_link,mentorship,334,0,0.0,0,0,95,0,1,1,0.4192,138.77,auth_failed,sms_otp,4,1,,,failed,,,,0,education_coaching,exam_prep,enterprise,"website, app",digital_service,0,1,0.4,1,0,99,0.025,18.0,28.416666666666668
DSP000591,TXN0037374,M000272,C000001,Visa,MERCHANDISE_NOT_AS_DESCRIBED,"Cardholder claims merchandise arrived damaged, defective, or not as described",2025-07-10 22:59:40,11190.17,150.0,75.0,2025-07-21 22:59:40,11,contested,lost,2025-07-19 22:59:40,1,2,1,1,0.13,1,2,0.5,11190.17,credit_card,desktop_web,saas_plan,112,12,123734.67,0,0,16,101,0,12,0.01,4.79,password_authenticated,password,1,0,,,fulfilled,,,,0,digital_saas,developer_tools,medium,website,digital_service,1,0,0.8702484083987109,1,1,115,0.0084,11.0,41.541666666666664
DSP000592,TXN0037375,M000274,C000005,Visa,UNAUTHORIZED_TRANSACTION,Cardholder claims transaction was unauthorized or fraudulent,2025-06-26 22:00:16,1727.6,500.0,250.0,2025-07-15 22:00:16,19,contested,lost,2025-07-03 22:00:16,2,3,2,1,0.21166666666666667,2,1,0.6666666666666666,1727.6,debit_card,mobile_app,lab_test,292,11,26517.57,0,0,15,0,1,1,0.0213,2.3,password_authenticated,password,1,0,,,fulfilled,,,,0,healthcare_diagnostics,diagnostic_lab,medium,mobile_app,appointment_service,0,0,0.5793591844264493,1,1,68,0.0142,19.0,27.5
DSP000593,TXN0037377,M000003,C000112,Visa,MERCHANDISE_NOT_RECEIVED,Cardholder claims ordered merchandise or service was not received,2025-06-15 07:12:00,3537.02,0.0,0.0,2025-07-03 07:12:00,18,accepted,accepted_refunded,,2,4,2,2,0.26333333333333336,2,4,0.5,3537.02,debit_card,mobile_app,test_series,278,4,11001.03,0,0,87,180,0,3,0.1681,56.95,authenticated_otp,sms_otp,1,0,,,fulfilled,,,,0,education_coaching,exam_prep,enterprise,"website, app",digital_service,0,1,0.4,1,0,99,0.025,18.0,15.875
DSP000594,TXN0037399,M000131,C000036,Visa,MERCHANDISE_NOT_RECEIVED,Cardholder claims ordered merchandise or service was not received,2025-06-17 07:08:17,2357.12,500.0,250.0,2025-06-29 07:08:17,12,contested,won,2025-07-04 07:08:17,5,4,3,1,0.66,5,1,0.75,2357.12,credit_card,desktop_web,general_item,264,9,26506.64,0,0,29,156,0,4,0.01,0.62,authenticated_otp,sms_otp,1,0,0.0,27.11,delivered,delivered,0.0,0.0,1,online_marketplace_retailer,specialty_goods,enterprise,omnichannel,physical_delivery,1,0,0.8818014765922493,0,1,38,0.0051,12.0,17.791666666666668
DSP000595,TXN0037402,M000184,C000019,Mastercard,UNAUTHORIZED_TRANSACTION,Cardholder claims transaction was unauthorized or fraudulent,2025-06-07 20:18:28,15003.83,500.0,250.0,2025-06-23 20:18:28,16,contested,lost,2025-07-17 20:18:28,3,3,3,0,0.36833333333333335,3,0,1.0,15003.83,credit_card,mobile_app,saas_plan,147,2,26723.46,0,0,100,50,0,1,0.01,3.5,authenticated_3ds,3ds_v2,1,0,,,fulfilled,,,,0,digital_saas,developer_tools,small,website,digital_service,1,0,0.5637520944145993,1,1,22,0.0226,16.0,8.333333333333334
DSP000596,TXN0037501,M000288,C000024,RuPay,UNAUTHORIZED_TRANSACTION,Cardholder claims transaction was unauthorized or fraudulent,2025-06-03 18:24:16,337.17,350.0,175.0,2025-06-24 18:24:16,21,contested,lost,2025-07-02 18:24:16,2,3,2,1,0.2733333333333334,2,1,0.6666666666666666,337.17,debit_card,mobile_app,food_item,544,11,4029.1,0,0,5,0,1,1,0.0434,32.69,authenticated_3ds,3ds_v2,1,0,0.0,0.86,delivered,delivered,1.0,0.0,0,food_local_commerce,gourmet_food,medium,website,food_delivery,0,0,0.5593981939840869,1,1,14,0.012,21.0,3.9583333333333335
DSP000597,TXN0037597,M000222,C000069,Mastercard,MERCHANDISE_NOT_RECEIVED,Cardholder claims ordered merchandise or service was not received,2025-06-25 17:35:58,278.97,450.0,225.0,2025-07-08 17:35:58,13,contested,won,2025-07-28 17:35:58,2,1,1,0,0.26666666666666666,2,1,1.0,278.97,credit_card,payment_link,food_item,228,2,777.25,0,0,23,0,1,1,0.101,3.96,authenticated_otp,sms_otp,1,0,0.0,0.92,delivered,delivered,1.0,1.0,0,food_local_commerce,bakery,medium,website,food_delivery,0,0,0.8746491405118024,0,1,6,0.0273,13.0,25.333333333333332
DSP000598,TXN0037638,M000244,C000031,Visa,MERCHANDISE_NOT_AS_DESCRIBED,"Cardholder claims merchandise arrived damaged, defective, or not as described",2025-07-05 14:22:38,1131.91,500.0,250.0,2025-07-23 14:22:38,18,contested,won,2025-07-28 14:22:38,5,3,2,1,0.6516666666666667,5,1,0.6666666666666666,1131.91,debit_card,desktop_web,cosmetics_kit,410,5,6913.32,2,0,6,238,0,3,0.0124,3.11,authenticated_otp,sms_otp,1,0,0.0,30.55,delivered,delivered,1.0,0.0,0,online_marketplace_retailer,electronics_hub,enterprise,website,physical_delivery,0,0,0.8177110679407049,1,1,56,0.0069,18.0,35.125
DSP000599,TXN0037720,M000008,C000079,Mastercard,CREDIT_NOT_PROCESSED,Cardholder claims promised credit or refund was not posted,2025-07-08 10:42:10,4017.99,500.0,250.0,2025-07-22 10:42:10,14,contested,won,2025-07-30 10:42:10,3,3,3,0,0.31,3,0,1.0,4017.99,credit_card,pos_qr,lab_test,508,16,59731.78,0,0,15,51,0,2,0.01,53.18,authenticated_otp,sms_otp,1,0,,,fulfilled,,,,0,healthcare_diagnostics,telehealth,enterprise,"website, app, clinic",appointment_service,0,0,0.6098658484197036,1,1,99,0.025,14.0,37.75
DSP000600,TXN0037766,M000170,C000041,Mastercard,CREDIT_NOT_PROCESSED,Cardholder claims promised credit or refund was not posted,2025-06-25 08:38:41,916.19,500.0,250.0,2025-07-15 08:38:41,20,contested,lost,2025-07-26 08:38:41,2,3,2,1,0.215,2,1,0.6666666666666666,916.19,credit_card,pos_qr,food_item,698,10,6998.73,0,0,1,251,0,3,0.1429,7.47,authenticated_otp,sms_otp,1,0,0.0,0.66,delivered,delivered,1.0,1.0,0,food_local_commerce,local_restaurant,medium,website,food_delivery,1,0,0.8835302495589238,1,1,53,0.02,20.0,24.583333333333332
DSP000601,TXN0037881,M000035,C000006,RuPay,RECURRING_BILLING_DISPUTE,Cardholder claims recurring subscription billing was canceled or unauthorized,2025-07-14 15:31:27,1183.76,350.0,175.0,2025-08-03 15:31:27,20,contested,won,2025-08-23 15:31:27,2,3,2,1,0.25833333333333336,2,1,0.6666666666666666,1183.76,credit_card,pos_qr,nutrition_plan,158,7,20285.72,0,0,7,71,0,6,0.01,17.29,authenticated_3ds,3ds_v2,1,0,,,fulfilled,,,,0,fitness_services,yoga_wellness,small,omnichannel,membership_service,1,0,0.6107544851901439,1,1,23,0.0105,20.0,43.291666666666664
DSP000602,TXN0037984,M000304,C000034,RuPay,MERCHANDISE_NOT_RECEIVED,Cardholder claims ordered merchandise or service was not received,2025-07-08 12:36:06,16301.03,500.0,250.0,2025-07-29 12:36:06,21,contested,won,2025-08-05 12:36:06,3,1,1,0,0.42,3,0,1.0,16301.03,credit_card,desktop_web,tour_package,70,1,19611.26,0,0,25,37,0,1,0.1851,1.37,authenticated_3ds,3ds_v2,1,0,,,fulfilled,,,,0,travel_hospitality,hotel_booking,medium,mobile_app,booking_service,0,1,0.5585347464993767,1,1,86,0.0326,21.0,37.0
DSP000603,TXN0037996,M000143,C000021,RuPay,RECURRING_BILLING_DISPUTE,Cardholder claims recurring subscription billing was canceled or unauthorized,2025-06-09 06:38:42,5195.22,500.0,250.0,2025-06-21 06:38:42,12,contested,lost,2025-06-27 06:38:42,5,3,2,1,0.6966666666666667,5,1,0.6666666666666666,5195.22,credit_card,pos_qr,general_item,145,3,13431.91,0,0,8,0,1,1,0.0269,0.88,authenticated_3ds,3ds_v2,1,0,0.0,5.67,delivered,delivered,1.0,0.0,0,online_marketplace_retailer,electronics_hub,enterprise,mobile_app,physical_delivery,0,1,0.8363629602379293,1,1,5,0.0081,12.0,7.708333333333333
DSP000604,TXN0038036,M000150,C000015,Visa,MERCHANDISE_NOT_RECEIVED,Cardholder claims ordered merchandise or service was not received,2025-06-17 07:25:03,5575.68,450.0,225.0,2025-07-08 07:25:03,21,contested,lost,2025-07-06 07:25:03,3,4,1,3,0.355,3,3,0.25,5575.68,credit_card,payment_link,footwear,320,7,30065.39,3,0,0,150,0,2,0.01,8.99,authenticated_otp,sms_otp,1,0,0.0,29.87,delivered,delivered,0.0,0.0,0,d2c_brand,electronics,medium,omnichannel,physical_delivery,0,1,0.5536886947354532,0,1,60,0.0127,21.0,15.625
DSP000605,TXN0038147,M000167,C000018,Visa,MERCHANDISE_NOT_RECEIVED,Cardholder claims ordered merchandise or service was not received,2025-06-20 23:10:42,2920.06,450.0,225.0,2025-07-05 23:10:42,15,contested,won,2025-07-28 23:10:42,3,4,2,2,0.36333333333333334,3,3,0.5,2920.06,credit_card,pos_qr,footwear,224,5,17981.77,0,0,40,44,0,3,0.4317,6.38,authenticated_3ds,3ds_v2,1,0,0.0,27.68,delivered,delivered,1.0,1.0,0,d2c_brand,cosmetics,medium,website,physical_delivery,0,0,0.6133529710760894,0,1,115,0.0059,15.0,18.791666666666668
DSP000606,TXN0038224,M000252,C000103,Visa,MERCHANDISE_NOT_AS_DESCRIBED,"Cardholder claims merchandise arrived damaged, defective, or not as described",2025-07-14 11:00:26,4508.34,0.0,0.0,2025-08-01 11:00:26,18,accepted,accepted_refunded,,6,3,3,0,0.805,6,0,1.0,4508.34,debit_card,mobile_app,cosmetics_kit,167,6,24428.48,1,0,25,0,1,1,0.069,0.84,authenticated_3ds,3ds_v2,1,0,0.0,5.43,delivered,delivered,1.0,1.0,0,online_marketplace_retailer,specialty_goods,enterprise,mobile_app,physical_delivery,0,0,0.8966654819043669,1,1,34,0.012,18.0,42.0
DSP000607,TXN0038300,M000119,C000004,Visa,UNAUTHORIZED_TRANSACTION,Cardholder claims transaction was unauthorized or fraudulent,2025-07-07 10:28:44,4655.07,500.0,250.0,2025-07-21 10:28:44,14,contested,lost,2025-08-19 10:28:44,2,3,2,1,0.25166666666666665,2,1,0.6666666666666666,4655.07,credit_card,payment_link,lab_test,132,0,0.0,0,0,86,0,1,1,0.1429,42.87,password_authenticated,password,1,0,,,fulfilled,,,,0,healthcare_diagnostics,clinic_appointments,small,mobile_app,appointment_service,0,0,0.6133403756510423,1,0,62,0.0179,14.0,34.75
DSP000608,TXN0038405,M000215,C000004,RuPay,UNAUTHORIZED_TRANSACTION,Cardholder claims transaction was unauthorized or fraudulent,2025-06-14 04:52:04,16030.5,0.0,0.0,2025-07-02 04:52:04,18,accepted,accepted_refunded,,2,3,2,1,0.2333333333333333,2,1,0.6666666666666666,16030.5,credit_card,desktop_web,study_material,141,2,30071.99,0,0,16,0,1,1,0.1654,133.55,authenticated_otp,sms_otp,1,1,,,fulfilled,,,,0,education_coaching,edtech_courses,small,website,digital_service,1,1,0.3548733789366586,1,1,97,0.0177,18.0,11.041666666666666
DSP000609,TXN0038478,M000222,C000056,Visa,MERCHANDISE_NOT_AS_DESCRIBED,"Cardholder claims merchandise arrived damaged, defective, or not as described",2025-06-28 23:17:36,255.98,150.0,75.0,2025-07-18 23:17:36,20,contested,won,2025-07-05 23:17:36,2,2,1,1,0.25666666666666665,2,1,0.5,255.98,credit_card,desktop_web,food_item,149,0,0.0,0,0,119,0,1,1,0.2148,3.34,authenticated_otp,sms_otp,1,0,0.0,0.69,delivered,delivered,1.0,1.0,0,food_local_commerce,bakery,medium,website,food_delivery,0,0,0.8746491405118024,0,1,6,0.0273,20.0,25.5
DSP000610,TXN0038554,M000114,C000008,Visa,MERCHANDISE_NOT_RECEIVED,Cardholder claims ordered merchandise or service was not received,2025-06-07 14:46:41,4172.12,0.0,0.0,2025-06-20 14:46:41,13,accepted,accepted_refunded,,2,1,1,0,0.27166666666666667,2,1,1.0,4172.12,debit_card,payment_link,saas_plan,181,4,20864.99,0,0,18,43,0,4,0.01,18.49,authenticated_otp,sms_otp,1,0,,,fulfilled,,,,0,digital_saas,developer_tools,small,website,digital_service,1,1,0.8076979909828793,1,1,21,0.0103,13.0,3.875
DSP000611,TXN0038613,M000002,C000080,Visa,UNAUTHORIZED_TRANSACTION,Cardholder claims transaction was unauthorized or fraudulent,2025-06-23 02:41:34,6411.7,500.0,250.0,2025-07-11 02:41:34,18,contested,lost,2025-07-23 02:41:34,3,3,3,0,0.375,3,0,1.0,6411.7,credit_card,payment_link,footwear,296,4,32361.57,0,0,30,152,0,3,0.2548,15.21,authenticated_otp,sms_otp,1,0,0.0,11.85,delivered,delivered,1.0,1.0,0,d2c_brand,footwear,enterprise,website,physical_delivery,0,0,0.65,1,1,60,0.025,18.0,19.208333333333332
DSP000612,TXN0038634,M000319,C000021,Visa,MERCHANDISE_NOT_RECEIVED,Cardholder claims ordered merchandise or service was not received,2025-06-18 16:28:57,3853.96,0.0,0.0,2025-07-04 16:28:57,16,accepted,accepted_refunded,,6,4,4,0,0.8166666666666668,6,0,1.0,3853.96,credit_card,desktop_web,footwear,171,2,10892.93,0,0,55,61,0,2,0.0229,25.46,authenticated_3ds,3ds_v2,1,0,0.0,3.99,delivered,delivered,1.0,1.0,0,d2c_brand,cosmetics,medium,website,physical_delivery,1,0,0.8835980120512206,1,1,97,0.0132,16.0,14.625
DSP000613,TXN0038688,M000311,C000029,RuPay,MERCHANDISE_NOT_RECEIVED,Cardholder claims ordered merchandise or service was not received,2025-07-05 14:44:58,975.66,500.0,250.0,2025-07-24 14:44:58,19,contested,won,2025-08-16 14:44:58,6,4,4,0,0.7399999999999999,6,0,1.0,975.66,credit_card,pos_qr,cosmetics_kit,297,5,6047.2,0,0,33,0,1,1,0.0323,28.35,authenticated_otp,sms_otp,1,0,0.0,38.22,delivered,delivered,1.0,1.0,0,online_marketplace_retailer,specialty_goods,enterprise,mobile_app,physical_delivery,0,1,0.8516300348301196,1,1,96,0.0044,19.0,31.208333333333332
DSP000614,TXN0038702,M000256,C000040,Mastercard,MERCHANDISE_NOT_RECEIVED,Cardholder claims ordered merchandise or service was not received,2025-07-04 22:45:15,534.98,500.0,250.0,2025-07-17 22:45:15,13,contested,lost,2025-08-11 22:45:15,1,1,0,1,0.125,1,2,0.0,534.98,debit_card,pos_qr,food_item,22,0,0.0,0,0,13,0,1,1,0.4765,4.79,authenticated_otp,sms_otp,1,0,0.0,0.81,delivered,delivered,1.0,1.0,0,food_local_commerce,bakery,enterprise,mobile_app,food_delivery,0,0,0.5885097728601925,1,1,52,0.0155,13.0,30.5
DSP000615,TXN0038736,M000246,C000008,Visa,CREDIT_NOT_PROCESSED,Cardholder claims promised credit or refund was not posted,2025-06-16 09:05:55,5374.19,500.0,250.0,2025-07-04 09:05:55,18,contested,lost,2025-07-09 09:05:55,3,3,3,0,0.4066666666666667,3,0,1.0,5374.19,credit_card,desktop_web,home_sample_collection,442,15,86029.6,0,0,26,78,0,15,0.2981,2.54,authenticated_3ds,3ds_v2,1,0,,,fulfilled,,,,0,healthcare_diagnostics,clinic_appointments,small,website,appointment_service,0,0,0.6453928577002587,1,1,83,0.0175,18.0,11.833333333333334
DSP000616,TXN0038800,M000196,C000037,Visa,MERCHANDISE_NOT_RECEIVED,Cardholder claims ordered merchandise or service was not received,2025-07-13 12:29:32,6909.62,500.0,250.0,2025-07-23 12:29:32,10,contested,won,2025-08-05 12:29:32,3,4,2,2,0.36833333333333335,3,3,0.5,6909.62,credit_card,pos_qr,footwear,79,9,35287.8,4,0,8,74,0,4,0.01,28.14,authenticated_otp,sms_otp,1,0,0.0,32.98,delivered,delivered,0.0,0.0,1,d2c_brand,footwear,medium,omnichannel,physical_delivery,0,0,0.6397215757953326,1,1,11,0.0171,10.0,38.75
DSP000617,TXN0039061,M000123,C000015,Mastercard,MERCHANDISE_NOT_RECEIVED,Cardholder claims ordered merchandise or service was not received,2025-07-09 16:45:47,2819.5,500.0,250.0,2025-07-20 16:45:47,11,contested,lost,2025-08-20 16:45:47,4,4,3,1,0.44166666666666665,4,2,0.75,2819.5,credit_card,mobile_app,footwear,220,0,0.0,0,0,79,0,1,1,0.444,35.99,authenticated_otp,sms_otp,1,0,0.0,27.89,delivered,delivered,1.0,1.0,0,d2c_brand,electronics,medium,website,physical_delivery,0,0,0.6392558998489978,1,1,74,0.0068,11.0,33.833333333333336
DSP000618,TXN0039080,M000228,C000074,Visa,CREDIT_NOT_PROCESSED,Cardholder claims promised credit or refund was not posted,2025-06-25 10:06:53,2806.64,350.0,175.0,2025-07-05 10:06:53,10,contested,won,2025-08-07 10:06:53,6,3,3,0,0.7983333333333333,6,0,1.0,2806.64,debit_card,mobile_app,fashion_apparel,109,12,23246.62,1,1,1,0,1,1,0.2761,67.61,authenticated_otp,sms_otp,1,1,1.0,46.55,delivered,delivered,1.0,1.0,1,online_marketplace_retailer,electronics_hub,enterprise,omnichannel,physical_delivery,0,0,0.8367715803059433,0,1,92,0.0093,10.0,19.458333333333332
DSP000619,TXN0039127,M000088,C000012,Visa,UNAUTHORIZED_TRANSACTION,Cardholder claims transaction was unauthorized or fraudulent,2025-07-16 04:33:00,13793.37,500.0,250.0,2025-08-05 04:33:00,20,contested,lost,2025-08-24 04:33:00,3,3,3,0,0.34500000000000003,3,0,1.0,13793.37,credit_card,pos_qr,hotel_stay,146,0,0.0,0,0,102,0,1,1,0.01,6.77,authenticated_3ds,3ds_v2,1,0,,,fulfilled,,,,0,travel_hospitality,hotel_booking,small,website,booking_service,0,0,0.5563558350286023,0,1,65,0.0266,20.0,39.833333333333336
DSP000620,TXN0039134,M000196,C000035,RuPay,MERCHANDISE_NOT_RECEIVED,Cardholder claims ordered merchandise or service was not received,2025-07-11 07:46:48,5814.34,0.0,0.0,2025-07-28 07:46:48,17,accepted,accepted_refunded,,4,4,3,1,0.4183333333333333,4,2,0.75,5814.34,credit_card,desktop_web,footwear,329,7,25780.52,4,0,4,85,0,7,0.01,15.84,authenticated_3ds,3ds_v2,1,0,0.0,7.03,delivered,delivered,1.0,1.0,1,d2c_brand,footwear,medium,omnichannel,physical_delivery,0,0,0.6397215757953326,1,1,11,0.0171,17.0,34.958333333333336
DSP000621,TXN0039143,M000107,C000028,RuPay,MERCHANDISE_NOT_AS_DESCRIBED,"Cardholder claims merchandise arrived damaged, defective, or not as described",2025-06-18 14:09:41,900.27,500.0,250.0,2025-07-08 14:09:41,20,contested,won,2025-07-16 14:09:41,4,3,1,2,0.4716666666666667,4,2,0.3333333333333333,900.27,credit_card,desktop_web,cosmetics_kit,149,10,8371.96,2,0,6,109,0,7,0.3098,7.76,password_authenticated,password,1,0,0.0,42.63,delivered,delivered,1.0,1.0,1,online_marketplace_retailer,specialty_goods,medium,omnichannel,physical_delivery,0,0,0.5814355981076327,1,1,26,0.0041,20.0,12.208333333333334
DSP000622,TXN0039224,M000004,C000111,Mastercard,MERCHANDISE_NOT_AS_DESCRIBED,"Cardholder claims merchandise arrived damaged, defective, or not as described",2025-06-24 00:31:39,10177.38,150.0,75.0,2025-07-09 00:31:39,15,contested,lost,2025-07-26 00:31:39,1,2,0,2,0.12166666666666666,1,2,0.0,10177.38,credit_card,mobile_app,car_rental,83,2,20673.03,0,0,35,21,0,1,0.0635,1.43,authenticated_3ds,3ds_v2,1,0,,,fulfilled,,,,0,travel_hospitality,travel_agency,enterprise,"website, app",booking_service,0,0,0.3,1,1,68,0.0353,15.0,17.416666666666668
DSP000623,TXN0039247,M000307,C000018,Visa,RECURRING_BILLING_DISPUTE,Cardholder claims recurring subscription billing was canceled or unauthorized,2025-06-27 06:32:18,363.93,500.0,250.0,2025-07-12 06:32:18,15,contested,won,2025-07-15 06:32:18,3,3,3,0,0.3516666666666666,3,0,1.0,363.93,credit_card,mobile_app,food_item,174,2,677.49,0,0,118,79,0,2,0.01,1.51,authenticated_otp,sms_otp,1,0,0.0,0.76,delivered,delivered,0.0,0.0,0,food_local_commerce,gourmet_food,enterprise,website,food_delivery,0,0,0.6040635121610106,1,1,63,0.0128,15.0,20.583333333333332
DSP000624,TXN0039347,M000330,C000005,Mastercard,MERCHANDISE_NOT_AS_DESCRIBED,"Cardholder claims merchandise arrived damaged, defective, or not as described",2025-06-11 11:29:04,2854.51,500.0,250.0,2025-07-02 11:29:04,21,contested,won,2025-07-13 11:29:04,6,3,3,0,0.7866666666666666,6,0,1.0,2854.51,debit_card,pos_qr,footwear,103,16,51404.13,7,0,2,25,0,13,0.0246,2.35,authenticated_otp,sms_otp,1,0,1.0,37.77,delivered,delivered,1.0,1.0,1,d2c_brand,fashion_apparel,medium,omnichannel,physical_delivery,0,0,0.8737896916695769,1,1,27,0.0074,21.0,4.166666666666667
DSP000625,TXN0039590,M000050,C000052,Mastercard,MERCHANDISE_NOT_AS_DESCRIBED,"Cardholder claims merchandise arrived damaged, defective, or not as described",2025-06-17 02:00:45,4405.16,500.0,250.0,2025-06-28 02:00:45,11,contested,lost,2025-06-29 02:00:45,5,3,2,1,0.6749999999999999,5,1,0.6666666666666666,4405.16,credit_card,pos_qr,footwear,170,0,0.0,0,0,61,0,1,1,0.0511,9.86,authenticated_3ds,3ds_v2,1,0,0.0,41.14,delivered,delivered,1.0,1.0,0,d2c_brand,electronics,medium,omnichannel,physical_delivery,0,0,0.8662522284353982,1,1,23,0.0179,11.0,9.125
DSP000626,TXN0039639,M000115,C000015,RuPay,RECURRING_BILLING_DISPUTE,Cardholder claims recurring subscription billing was canceled or unauthorized,2025-06-17 16:13:03,33923.79,500.0,250.0,2025-07-06 16:13:03,19,contested,lost,2025-07-09 16:13:03,2,3,2,1,0.21,2,1,0.6666666666666666,33923.79,credit_card,pos_qr,flight_booking,389,10,280139.0,0,0,6,290,0,5,0.2226,317.7,auth_failed,none,2,1,,,failed,,,,0,travel_hospitality,hotel_booking,medium,mobile_app,booking_service,0,1,0.5789751452913767,1,1,91,0.0164,19.0,9.333333333333334
DSP000627,TXN0039647,M000003,C000037,RuPay,MERCHANDISE_NOT_RECEIVED,Cardholder claims ordered merchandise or service was not received,2025-06-29 22:42:11,2138.51,350.0,175.0,2025-07-19 22:42:11,20,contested,lost,2025-07-08 22:42:11,3,4,2,2,0.37666666666666665,3,3,0.5,2138.51,debit_card,mobile_app,exam_course,114,1,2417.77,0,0,52,108,0,1,0.3147,22.81,password_authenticated,password,1,0,,,fulfilled,,,,0,education_coaching,exam_prep,enterprise,"website, app",digital_service,0,1,0.4,1,0,99,0.025,20.0,21.583333333333332
DSP000628,TXN0039665,M000253,C000048,Mastercard,MERCHANDISE_NOT_RECEIVED,Cardholder claims ordered merchandise or service was not received,2025-07-23 20:48:16,5334.99,500.0,250.0,2025-08-07 20:48:16,15,contested,won,2025-08-16 20:48:16,3,1,1,0,0.38166666666666665,3,0,1.0,5334.99,credit_card,desktop_web,saas_plan,175,1,3099.7,0,0,42,84,0,1,0.0343,35.53,authenticated_3ds,3ds_v2,1,0,,,fulfilled,,,,0,digital_saas,developer_tools,medium,website,digital_service,1,1,0.8963619977089252,1,1,21,0.024,15.0,45.458333333333336
DSP000629,TXN0039818,M000174,C000024,RuPay,MERCHANDISE_NOT_AS_DESCRIBED,"Cardholder claims merchandise arrived damaged, defective, or not as described",2025-07-17 08:23:37,2893.4,500.0,250.0,2025-07-29 08:23:37,12,contested,lost,2025-08-29 08:23:37,5,3,2,1,0.66,5,1,0.6666666666666666,2893.4,credit_card,mobile_app,footwear,251,14,39652.89,3,0,28,0,1,1,0.2833,11.58,authenticated_otp,sms_otp,1,0,0.0,17.07,delivered,delivered,0.0,0.0,0,d2c_brand,footwear,medium,omnichannel,physical_delivery,0,1,0.8590892943188242,1,1,80,0.0092,12.0,38.583333333333336
DSP000630,TXN0039860,M000287,C000118,Visa,UNAUTHORIZED_TRANSACTION,Cardholder claims transaction was unauthorized or fraudulent,2025-07-09 12:49:05,783.29,500.0,250.0,2025-07-29 12:49:05,20,contested,won,2025-07-21 12:49:05,6,3,3,0,0.77,6,0,1.0,783.29,credit_card,desktop_web,electronic_accessory,363,11,9605.4,4,1,24,217,0,11,0.1058,4.69,authenticated_otp,sms_otp,1,0,0.0,1.33,delivered,delivered,1.0,1.0,0,online_marketplace_retailer,specialty_goods,enterprise,mobile_app,physical_delivery,0,0,0.8375582952639944,1,1,78,0.0144,20.0,30.666666666666668
DSP000631,TXN0039894,M000319,C000072,Visa,MERCHANDISE_NOT_RECEIVED,Cardholder claims ordered merchandise or service was not received,2025-07-10 11:51:19,5189.75,500.0,250.0,2025-07-25 11:51:19,15,contested,won,2025-08-19 11:51:19,6,4,4,0,0.7183333333333333,6,0,1.0,5189.75,debit_card,desktop_web,footwear,295,3,16381.53,0,0,11,0,1,1,0.01,22.64,authenticated_otp,sms_otp,1,0,0.0,5.16,delivered,delivered,1.0,1.0,0,d2c_brand,cosmetics,medium,website,physical_delivery,1,0,0.8835980120512206,1,1,97,0.0132,15.0,31.375
DSP000632,TXN0040172,M000211,C000005,Mastercard,UNAUTHORIZED_TRANSACTION,Cardholder claims transaction was unauthorized or fraudulent,2025-06-21 18:52:39,487.87,500.0,250.0,2025-07-05 18:52:39,14,contested,lost,2025-07-28 18:52:39,3,3,3,0,0.3466666666666667,3,0,1.0,487.87,credit_card,mobile_app,food_item,262,10,3350.11,0,0,18,231,0,3,0.01,6.05,authenticated_otp,sms_otp,1,0,0.0,0.92,delivered,delivered,1.0,1.0,0,food_local_commerce,gourmet_food,enterprise,mobile_app,food_delivery,0,0,0.8101471542866032,0,1,31,0.0226,14.0,11.458333333333334
DSP000633,TXN0040207,M000004,C000067,Visa,UNAUTHORIZED_TRANSACTION,Cardholder claims transaction was unauthorized or fraudulent,2025-07-02 10:16:53,7532.54,500.0,250.0,2025-07-18 10:16:53,16,contested,lost,2025-08-13 10:16:53,2,3,2,1,0.21833333333333335,2,1,0.6666666666666666,7532.54,credit_card,mobile_app,car_rental,117,1,9694.69,0,0,70,0,1,1,0.1262,19.04,password_authenticated,password,1,0,,,fulfilled,,,,0,travel_hospitality,travel_agency,enterprise,"website, app",booking_service,0,0,0.3,1,1,68,0.0353,16.0,22.0
DSP000634,TXN0040313,M000344,C000007,Visa,MERCHANDISE_NOT_AS_DESCRIBED,"Cardholder claims merchandise arrived damaged, defective, or not as described",2025-07-07 01:05:38,2697.75,0.0,0.0,2025-07-23 01:05:38,16,accepted,accepted_refunded,,4,3,2,1,0.48333333333333334,4,2,0.6666666666666666,2697.75,credit_card,pos_qr,fashion_apparel,284,6,24691.99,1,0,23,233,0,5,0.1397,1.08,authenticated_3ds,3ds_v2,1,0,0.0,34.05,delivered,delivered,1.0,1.0,0,online_marketplace_retailer,electronics_hub,enterprise,mobile_app,physical_delivery,0,0,0.5597834160651001,1,1,28,0.0147,16.0,26.25
DSP000635,TXN0040362,M000154,C000072,Visa,RECURRING_BILLING_DISPUTE,Cardholder claims recurring subscription billing was canceled or unauthorized,2025-06-28 10:53:15,955.82,450.0,225.0,2025-07-09 10:53:15,11,contested,won,2025-07-22 10:53:15,3,3,1,2,0.355,3,3,0.3333333333333333,955.82,credit_card,pos_qr,fashion_apparel,94,9,17716.83,1,0,13,24,0,7,0.0275,6.57,authenticated_otp,sms_otp,1,0,0.0,8.06,delivered,delivered,1.0,0.0,0,online_marketplace_retailer,electronics_hub,enterprise,omnichannel,physical_delivery,1,0,0.5778646464236611,1,0,15,0.005,11.0,17.333333333333332
DSP000636,TXN0040363,M000397,C000008,Visa,RECURRING_BILLING_DISPUTE,Cardholder claims recurring subscription billing was canceled or unauthorized,2025-07-03 00:32:47,3161.14,500.0,250.0,2025-07-24 00:32:47,21,contested,lost,2025-07-14 00:32:47,1,3,1,2,0.105,1,2,0.3333333333333333,3161.14,credit_card,mobile_app,saas_plan,129,1,3675.92,0,0,52,0,1,1,0.2001,63.58,authenticated_otp,sms_otp,1,0,,,fulfilled,,,,0,digital_saas,b2b_software,medium,website,digital_service,1,0,0.8372018085792783,1,1,75,0.0138,21.0,21.833333333333332
DSP000637,TXN0040466,M000001,C000005,RuPay,UNAUTHORIZED_TRANSACTION,Cardholder claims transaction was unauthorized or fraudulent,2025-06-25 17:44:37,989.55,500.0,250.0,2025-07-09 17:44:37,14,contested,lost,2025-07-22 17:44:37,4,3,2,1,0.43,4,2,0.6666666666666666,989.55,credit_card,payment_link,handicraft_item,355,6,5954.94,0,1,7,97,0,3,0.01,1.72,authenticated_otp,sms_otp,1,0,1.0,16.43,delivered,delivered,1.0,1.0,0,individual_social_seller,crochet_accessories,medium,"Instagram, WhatsApp, payment links",physical_delivery,0,0,0.9,0,1,13,0.025,14.0,14.166666666666666
DSP000638,TXN0040556,M000261,C000089,RuPay,MERCHANDISE_NOT_AS_DESCRIBED,"Cardholder claims merchandise arrived damaged, defective, or not as described",2025-06-15 23:38:22,252.38,500.0,250.0,2025-06-25 23:38:22,10,contested,lost,2025-06-30 23:38:22,2,2,1,1,0.24833333333333332,2,1,0.5,252.38,credit_card,mobile_app,food_item,499,1,293.26,0,0,153,280,0,1,0.01,5.47,auth_failed,sms_otp,2,0,0.0,0.68,failed,failed,0.0,0.0,0,food_local_commerce,local_restaurant,enterprise,mobile_app,food_delivery,0,0,0.893615477416078,1,1,26,0.0194,10.0,4.166666666666667
DSP000639,TXN0040571,M000143,C000068,Visa,UNAUTHORIZED_TRANSACTION,Cardholder claims transaction was unauthorized or fraudulent,2025-07-13 19:44:22,4542.85,500.0,250.0,2025-07-23 19:44:22,10,contested,lost,2025-08-10 19:44:22,6,3,3,0,0.8116666666666666,6,0,1.0,4542.85,credit_card,pos_qr,general_item,156,2,7325.78,0,0,131,133,0,2,0.0827,131.01,authenticated_3ds,3ds_v2,1,1,1.0,33.76,delivered,delivered,1.0,1.0,1,online_marketplace_retailer,electronics_hub,enterprise,mobile_app,physical_delivery,0,1,0.8363629602379293,1,1,5,0.0081,10.0,31.958333333333332
DSP000640,TXN0040671,M000090,C000015,Mastercard,MERCHANDISE_NOT_RECEIVED,Cardholder claims ordered merchandise or service was not received,2025-07-11 18:20:54,2596.83,0.0,0.0,2025-07-28 18:20:54,17,accepted,accepted_refunded,,3,4,2,2,0.365,3,3,0.5,2596.83,credit_card,desktop_web,electronic_accessory,146,4,5189.07,1,1,11,82,0,2,0.01,1.75,authenticated_3ds,3ds_v2,1,0,1.0,12.85,delivered,delivered,1.0,0.0,0,online_marketplace_retailer,specialty_goods,medium,omnichannel,physical_delivery,1,0,0.8325183322026747,1,1,112,0.0126,17.0,29.375
DSP000641,TXN0040700,M000123,C000002,Visa,UNAUTHORIZED_TRANSACTION,Cardholder claims transaction was unauthorized or fraudulent,2025-06-18 19:01:32,3240.64,500.0,250.0,2025-07-04 19:01:32,16,contested,lost,2025-06-25 19:01:32,5,3,3,0,0.6416666666666667,5,1,1.0,3240.64,credit_card,mobile_app,footwear,335,2,9032.04,0,0,2,199,0,2,0.01,14.98,authenticated_otp,sms_otp,1,0,0.0,13.16,delivered,delivered,1.0,1.0,0,d2c_brand,electronics,medium,website,physical_delivery,0,0,0.6392558998489978,1,1,74,0.0068,16.0,6.333333333333333
DSP000642,TXN0040756,M000220,C000012,Mastercard,DUPLICATE_TRANSACTION,Cardholder claims single purchase was billed multiple times,2025-06-23 13:27:19,7817.29,0.0,0.0,2025-07-06 13:27:19,13,accepted,accepted_refunded,,2,2,1,1,0.26,2,1,0.5,7817.29,credit_card,mobile_app,saas_plan,230,10,76706.28,0,0,0,220,0,7,0.01,0.31,authenticated_3ds,3ds_v2,1,0,,,fulfilled,,,,0,digital_saas,productivity_tools,small,website,digital_service,1,0,0.82372490874968,1,1,96,0.0222,13.0,10.916666666666666
DSP000643,TXN0040869,M000079,C000014,RuPay,MERCHANDISE_NOT_AS_DESCRIBED,"Cardholder claims merchandise arrived damaged, defective, or not as described",2025-06-28 19:40:36,4747.19,0.0,0.0,2025-07-19 19:40:36,21,accepted,accepted_refunded,,6,3,3,0,0.7983333333333333,6,0,1.0,4747.19,credit_card,mobile_app,fashion_apparel,96,16,63003.78,2,1,16,75,0,7,0.0205,8.66,authenticated_3ds,3ds_v2,1,0,0.0,26.29,delivered,delivered,1.0,1.0,0,online_marketplace_retailer,specialty_goods,medium,website,physical_delivery,0,0,0.8706857343847617,1,1,59,0.0106,21.0,15.583333333333334
DSP000644,TXN0040876,M000338,C000004,Visa,UNAUTHORIZED_TRANSACTION,Cardholder claims transaction was unauthorized or fraudulent,2025-07-06 11:52:44,13286.57,500.0,250.0,2025-07-26 11:52:44,20,contested,lost,2025-07-20 11:52:44,2,3,2,1,0.21833333333333335,2,1,0.6666666666666666,13286.57,debit_card,pos_qr,exam_course,113,0,0.0,0,0,90,0,1,1,0.01,3.55,password_authenticated,password,1,0,,,fulfilled,,,,0,education_coaching,exam_prep,small,website,digital_service,1,0,0.3116072640506916,0,1,32,0.0193,20.0,23.208333333333332
DSP000645,TXN0040915,M000397,C000009,RuPay,UNAUTHORIZED_TRANSACTION,Cardholder claims transaction was unauthorized or fraudulent,2025-07-03 01:04:28,1690.95,500.0,250.0,2025-07-23 01:04:28,20,contested,won,2025-07-17 01:04:28,3,3,3,0,0.39999999999999997,3,0,1.0,1690.95,credit_card,payment_link,saas_plan,203,6,19898.56,0,0,74,11,0,2,0.2859,12.1,authenticated_3ds,3ds_v2,1,0,,,fulfilled,,,,0,digital_saas,b2b_software,medium,website,digital_service,1,0,0.8372018085792783,1,1,75,0.0138,20.0,19.625
DSP000646,TXN0040976,M000296,C000011,Mastercard,UNAUTHORIZED_TRANSACTION,Cardholder claims transaction was unauthorized or fraudulent,2025-07-02 11:22:15,705.77,500.0,250.0,2025-07-18 11:22:15,16,contested,lost,2025-08-03 11:22:15,2,3,2,1,0.29833333333333334,2,1,0.6666666666666666,705.77,credit_card,desktop_web,food_item,270,4,2440.56,0,0,36,82,0,4,0.01,20.05,password_authenticated,password,1,0,0.0,0.57,delivered,delivered,1.0,1.0,0,food_local_commerce,gourmet_food,medium,mobile_app,food_delivery,0,0,0.8037348188749214,1,1,13,0.0149,16.0,18.833333333333332
DSP000647,TXN0041068,M000047,C000043,Mastercard,CREDIT_NOT_PROCESSED,Cardholder claims promised credit or refund was not posted,2025-07-01 23:08:25,5794.9,500.0,250.0,2025-07-11 23:08:25,10,contested,won,2025-07-31 23:08:25,6,3,3,0,0.77,6,0,1.0,5794.9,credit_card,payment_link,footwear,442,15,59542.41,6,0,6,0,1,1,0.1655,38.3,authenticated_3ds,3ds_v2,1,1,1.0,19.02,delivered,delivered,1.0,1.0,1,d2c_brand,fashion_apparel,medium,website,physical_delivery,0,1,0.8034388521115218,1,1,96,0.008,10.0,18.0
DSP000648,TXN0041123,M000002,C000034,Mastercard,MERCHANDISE_NOT_AS_DESCRIBED,"Cardholder claims merchandise arrived damaged, defective, or not as described",2025-06-22 15:29:29,1791.73,500.0,250.0,2025-07-04 15:29:29,12,contested,lost,2025-07-02 15:29:29,1,2,1,1,0.12666666666666668,1,2,0.5,1791.73,debit_card,payment_link,footwear,55,1,4536.75,1,0,60,42,0,1,0.0115,13.39,authenticated_otp,sms_otp,1,0,1.0,35.44,delivered,delivered,1.0,1.0,1,d2c_brand,footwear,enterprise,website,physical_delivery,0,0,0.65,1,1,60,0.025,12.0,8.291666666666666
DSP000649,TXN0041149,M000287,C000126,RuPay,MERCHANDISE_NOT_RECEIVED,Cardholder claims ordered merchandise or service was not received,2025-07-10 06:02:13,912.59,0.0,0.0,2025-07-22 06:02:13,12,accepted,accepted_refunded,,5,4,4,0,0.6433333333333333,5,1,1.0,912.59,credit_card,mobile_app,general_item,245,6,4345.66,0,0,2,111,0,6,0.01,12.69,auth_failed,password,3,0,0.0,4.8,failed,failed,0.0,0.0,0,online_marketplace_retailer,specialty_goods,enterprise,mobile_app,physical_delivery,0,0,0.8375582952639944,1,1,78,0.0144,12.0,25.833333333333332
DSP000650,TXN0041182,M000003,C000010,Visa,RECURRING_BILLING_DISPUTE,Cardholder claims recurring subscription billing was canceled or unauthorized,2025-07-16 10:17:08,2111.31,500.0,250.0,2025-07-29 10:17:08,13,contested,lost,2025-08-23 10:17:08,5,3,2,1,0.5399999999999999,5,1,0.6666666666666666,2111.31,credit_card,payment_link,exam_course,306,3,10537.11,0,0,49,0,1,1,0.0407,3.21,auth_failed,none,3,0,,,failed,,,,0,education_coaching,exam_prep,enterprise,"website, app",digital_service,0,1,0.4,1,0,99,0.025,13.0,31.958333333333332
DSP000651,TXN0041201,M000139,C000044,RuPay,CREDIT_NOT_PROCESSED,Cardholder claims promised credit or refund was not posted,2025-07-16 05:43:30,1027.33,500.0,250.0,2025-07-30 05:43:30,14,contested,lost,2025-08-14 05:43:30,6,3,3,0,0.8466666666666667,6,0,1.0,1027.33,credit_card,desktop_web,electronic_accessory,98,0,0.0,0,0,75,0,1,1,0.114,2.53,authenticated_3ds,3ds_v2,1,0,0.0,38.83,delivered,delivered,1.0,1.0,0,online_marketplace_retailer,electronics_hub,enterprise,mobile_app,physical_delivery,0,0,0.8942909703912519,0,1,11,0.0053,14.0,31.708333333333332
DSP000652,TXN0041228,M000086,C000038,Visa,UNAUTHORIZED_TRANSACTION,Cardholder claims transaction was unauthorized or fraudulent,2025-07-08 13:40:12,1796.3,350.0,175.0,2025-07-25 13:40:12,17,contested,lost,2025-08-19 13:40:12,5,3,3,0,0.63,5,1,1.0,1796.3,credit_card,payment_link,footwear,94,2,3831.55,0,0,125,57,0,1,0.01,28.67,authenticated_3ds,3ds_v2,1,0,0.0,19.87,delivered,delivered,1.0,1.0,1,d2c_brand,fashion_apparel,medium,website,physical_delivery,0,0,0.8623298126827558,1,1,107,0.0067,17.0,23.958333333333332
DSP000653,TXN0041230,M000178,C000032,Visa,CREDIT_NOT_PROCESSED,Cardholder claims promised credit or refund was not posted,2025-06-27 16:45:31,1509.46,0.0,0.0,2025-07-15 16:45:31,18,accepted,accepted_refunded,,3,3,1,2,0.37833333333333335,3,3,0.3333333333333333,1509.46,debit_card,pos_qr,fashion_apparel,371,9,7730.45,1,0,38,0,1,1,0.1848,229.89,authenticated_otp,sms_otp,1,1,1.0,36.66,delivered,delivered,0.0,0.0,0,online_marketplace_retailer,multi_category_retail,enterprise,website,physical_delivery,0,1,0.5726495775197937,1,1,50,0.0076,18.0,13.083333333333334
DSP000654,TXN0041259,M000377,C000002,Mastercard,DUPLICATE_TRANSACTION,Cardholder claims single purchase was billed multiple times,2025-06-18 12:25:33,5985.84,0.0,0.0,2025-07-06 12:25:33,18,accepted,accepted_refunded,,3,2,2,0,0.3433333333333333,3,0,1.0,5985.84,credit_card,mobile_app,saas_plan,453,7,68080.08,0,0,26,251,0,5,0.2165,25.69,authenticated_3ds,3ds_v2,1,0,,,fulfilled,,,,0,digital_saas,productivity_tools,medium,website,digital_service,1,0,0.8094442960755928,1,1,39,0.02,18.0,3.8333333333333335
DSP000655,TXN0041279,M000347,C000007,Visa,MERCHANDISE_NOT_AS_DESCRIBED,"Cardholder claims merchandise arrived damaged, defective, or not as described",2025-07-03 03:12:56,10737.19,0.0,0.0,2025-07-24 03:12:56,21,accepted,accepted_refunded,,3,2,2,0,0.37666666666666665,3,0,1.0,10737.19,credit_card,pos_qr,hotel_stay,13,0,0.0,0,0,9,0,1,1,0.2292,9.7,authenticated_3ds,3ds_v2,1,0,,,fulfilled,,,,0,travel_hospitality,ticketing,medium,website,booking_service,0,0,0.8173201869910015,1,1,12,0.0349,21.0,18.416666666666668
DSP000656,TXN0041478,M000252,C000058,RuPay,DUPLICATE_TRANSACTION,Cardholder claims single purchase was billed multiple times,2025-07-20 04:57:25,5106.79,500.0,250.0,2025-08-01 04:57:25,12,contested,lost,2025-08-03 04:57:25,5,2,1,1,0.605,5,1,0.5,5106.79,credit_card,mobile_app,general_item,147,1,3666.07,0,0,119,117,0,1,0.01,21.06,authenticated_3ds,3ds_v2,1,0,0.0,40.94,delivered,delivered,1.0,1.0,0,online_marketplace_retailer,specialty_goods,enterprise,mobile_app,physical_delivery,0,0,0.8966654819043669,1,1,34,0.012,12.0,34.708333333333336
DSP000657,TXN0041514,M000009,C000054,Visa,MERCHANDISE_NOT_RECEIVED,Cardholder claims ordered merchandise or service was not received,2025-06-25 05:47:47,8033.67,0.0,0.0,2025-07-15 05:47:47,20,accepted,accepted_refunded,,2,1,0,1,0.2333333333333333,2,1,0.0,8033.67,credit_card,payment_link,personal_training,158,9,66755.04,0,1,10,0,1,1,0.0187,5.74,authenticated_otp,sms_otp,1,0,,,fulfilled,,,,0,fitness_services,fitness_program,enterprise,"app, in-person",membership_service,1,0,0.5656018640442436,1,1,47,0.025,20.0,9.666666666666666
DSP000658,TXN0041539,M000107,C000029,RuPay,CREDIT_NOT_PROCESSED,Cardholder claims promised credit or refund was not posted,2025-06-25 06:20:35,545.56,0.0,0.0,2025-07-08 06:20:35,13,accepted,accepted_refunded,,3,3,2,1,0.3383333333333333,3,3,0.6666666666666666,545.56,debit_card,desktop_web,electronic_accessory,434,15,13202.02,4,0,5,0,1,1,0.01,9.37,authenticated_3ds,3ds_v2,1,0,0.0,44.8,delivered,delivered,1.0,1.0,0,online_marketplace_retailer,specialty_goods,medium,omnichannel,physical_delivery,0,0,0.5814355981076327,1,1,26,0.0041,13.0,9.625
DSP000659,TXN0041544,M000117,C000005,Visa,MERCHANDISE_NOT_RECEIVED,Cardholder claims ordered merchandise or service was not received,2025-07-20 07:36:19,4129.07,500.0,250.0,2025-08-08 07:36:19,19,contested,lost,2025-09-03 07:36:19,2,1,0,1,0.26333333333333336,2,1,0.0,4129.07,credit_card,pos_qr,saas_plan,168,5,11580.1,0,0,3,50,0,1,0.1982,28.32,password_authenticated,password,1,0,,,fulfilled,,,,0,digital_saas,developer_tools,small,website,digital_service,1,0,0.8929697652342573,1,1,116,0.0204,19.0,34.666666666666664
DSP000660,TXN0041565,M000155,C000001,Visa,MERCHANDISE_NOT_RECEIVED,Cardholder claims ordered merchandise or service was not received,2025-06-22 16:51:20,1581.0,500.0,250.0,2025-07-05 16:51:20,13,contested,won,2025-07-25 16:51:20,3,1,1,0,0.3333333333333333,3,0,1.0,1581.0,credit_card,pos_qr,gym_membership,216,3,5135.1,0,0,7,25,0,1,0.4079,8.32,password_authenticated,password,1,0,,,fulfilled,,,,0,fitness_services,yoga_wellness,small,omnichannel,membership_service,1,0,0.6408265885966653,0,0,37,0.0115,13.0,7.0
DSP000661,TXN0041571,M000007,C000041,Mastercard,MERCHANDISE_NOT_RECEIVED,Cardholder claims ordered merchandise or service was not received,2025-07-12 15:14:26,2923.9,350.0,175.0,2025-07-22 15:14:26,10,contested,won,2025-08-01 15:14:26,6,4,4,0,0.7316666666666666,6,0,1.0,2923.9,credit_card,pos_qr,electronic_accessory,169,4,9542.61,2,0,28,125,0,3,0.01,15.18,authenticated_otp,sms_otp,1,0,0.0,1.85,delivered,delivered,1.0,1.0,0,online_marketplace_retailer,beauty_marketplace,enterprise,"website, app",physical_delivery,0,0,0.8731993941811405,1,1,25,0.025,10.0,26.916666666666668
DSP000662,TXN0041586,M000127,C000001,Visa,UNAUTHORIZED_TRANSACTION,Cardholder claims transaction was unauthorized or fraudulent,2025-07-21 21:13:02,9224.5,500.0,250.0,2025-08-01 21:13:02,11,contested,lost,2025-08-30 21:13:02,1,3,1,2,0.11333333333333334,1,2,0.3333333333333333,9224.5,credit_card,desktop_web,saas_plan,438,9,76239.27,0,0,17,87,0,3,0.0858,0.52,password_authenticated,password,1,0,,,fulfilled,,,,0,digital_saas,developer_tools,medium,website,digital_service,1,1,0.5818003474971863,1,1,103,0.0188,11.0,36.125
DSP000663,TXN0041611,M000077,C000002,Visa,UNAUTHORIZED_TRANSACTION,Cardholder claims transaction was unauthorized or fraudulent,2025-07-31 02:48:09,7056.31,0.0,0.0,2025-08-19 02:48:09,19,accepted,accepted_refunded,,1,3,1,2,0.13833333333333334,1,2,0.3333333333333333,7056.31,credit_card,desktop_web,test_series,360,3,25755.83,0,0,1,337,0,1,0.01,23.73,authenticated_otp,sms_otp,1,0,,,fulfilled,,,,0,education_coaching,skill_bootcamp,small,mobile_app,digital_service,0,0,0.3005522117123602,0,0,50,0.0345,19.0,45.291666666666664
DSP000664,TXN0041644,M000178,C000031,Mastercard,UNAUTHORIZED_TRANSACTION,Cardholder claims transaction was unauthorized or fraudulent,2025-06-25 18:33:50,682.16,500.0,250.0,2025-07-14 18:33:50,19,contested,won,2025-07-08 18:33:50,4,3,3,0,0.5116666666666667,4,2,1.0,682.16,debit_card,desktop_web,general_item,161,0,0.0,0,0,92,0,1,1,0.1051,8.41,password_authenticated,password,1,0,1.0,7.34,delivered,delivered,1.0,1.0,0,online_marketplace_retailer,multi_category_retail,enterprise,website,physical_delivery,0,1,0.5726495775197937,1,1,50,0.0076,19.0,9.833333333333334
DSP000665,TXN0041678,M000159,C000001,Mastercard,RECURRING_BILLING_DISPUTE,Cardholder claims recurring subscription billing was canceled or unauthorized,2025-06-29 13:17:32,5062.34,500.0,250.0,2025-07-17 13:17:32,18,contested,lost,2025-07-28 13:17:32,5,3,2,1,0.605,5,1,0.6666666666666666,5062.34,credit_card,mobile_app,footwear,141,14,56031.37,8,0,10,0,1,1,0.0605,33.09,authenticated_otp,sms_otp,1,0,0.0,12.7,delivered,delivered,1.0,1.0,0,d2c_brand,electronics,small,omnichannel,physical_delivery,0,0,0.6485650454110601,1,0,107,0.0091,18.0,13.208333333333334
DSP000666,TXN0041698,M000064,C000041,Visa,CREDIT_NOT_PROCESSED,Cardholder claims promised credit or refund was not posted,2025-07-10 02:24:18,848.66,0.0,0.0,2025-07-25 02:24:18,15,accepted,accepted_refunded,,6,3,3,0,0.7683333333333332,6,0,1.0,848.66,credit_card,pos_qr,electronic_accessory,254,4,2312.79,0,0,58,238,0,2,0.01,25.92,authenticated_3ds,3ds_v2,1,0,0.0,47.79,delivered,delivered,1.0,0.0,0,online_marketplace_retailer,specialty_goods,enterprise,omnichannel,physical_delivery,1,0,0.8325330330763264,1,1,18,0.0076,15.0,23.708333333333332
DSP000667,TXN0041704,M000048,C000044,Visa,RECURRING_BILLING_DISPUTE,Cardholder claims recurring subscription billing was canceled or unauthorized,2025-07-10 04:51:10,1525.33,500.0,250.0,2025-07-23 04:51:10,13,contested,won,2025-08-02 04:51:10,3,3,3,0,0.3116666666666667,3,0,1.0,1525.33,debit_card,desktop_web,food_item,375,1,624.57,0,0,144,268,0,1,0.0987,106.9,authenticated_otp,sms_otp,1,1,1.0,0.77,delivered,delivered,1.0,1.0,0,food_local_commerce,cloud_kitchen,medium,mobile_app,food_delivery,0,0,0.8909320402078782,1,1,15,0.0275,13.0,23.791666666666668
DSP000668,TXN0041825,M000002,C000121,Mastercard,RECURRING_BILLING_DISPUTE,Cardholder claims recurring subscription billing was canceled or unauthorized,2025-07-13 08:40:50,3815.8,500.0,250.0,2025-07-30 08:40:50,17,contested,lost,2025-07-28 08:40:50,3,3,3,0,0.38833333333333336,3,0,1.0,3815.8,credit_card,desktop_web,footwear,43,1,6987.47,0,0,37,0,1,1,0.0775,8.52,authenticated_otp,sms_otp,1,0,0.0,24.92,delivered,delivered,1.0,0.0,0,d2c_brand,footwear,enterprise,website,physical_delivery,0,0,0.65,1,1,60,0.025,17.0,26.583333333333332
DSP000669,TXN0041937,M000374,C000031,Mastercard,RECURRING_BILLING_DISPUTE,Cardholder claims recurring subscription billing was canceled or unauthorized,2025-07-09 09:51:31,10069.81,500.0,250.0,2025-07-23 09:51:31,14,contested,lost,2025-08-02 09:51:31,3,3,3,0,0.42333333333333334,3,0,1.0,10069.81,credit_card,pos_qr,car_rental,581,23,333632.76,0,1,8,0,1,1,0.1406,21.35,password_authenticated,password,1,0,,,fulfilled,,,,0,travel_hospitality,tour_packages,medium,website,booking_service,0,1,0.8069361300875165,1,1,71,0.0162,14.0,22.0
DSP000670,TXN0042016,M000346,C000013,Visa,MERCHANDISE_NOT_AS_DESCRIBED,"Cardholder claims merchandise arrived damaged, defective, or not as described",2025-07-26 07:12:20,898.45,500.0,250.0,2025-08-13 07:12:20,18,contested,won,2025-08-24 07:12:20,3,2,2,0,0.3516666666666666,3,0,1.0,898.45,debit_card,payment_link,food_item,174,8,11823.21,0,0,28,0,1,1,0.2031,3.12,authenticated_otp,sms_otp,1,0,0.0,0.87,delivered,delivered,1.0,1.0,0,food_local_commerce,local_restaurant,medium,mobile_app,food_delivery,0,0,0.8473471770780565,1,1,46,0.024,18.0,38.666666666666664
DSP000671,TXN0042057,M000294,C000034,RuPay,MERCHANDISE_NOT_AS_DESCRIBED,"Cardholder claims merchandise arrived damaged, defective, or not as described",2025-06-29 21:51:02,3137.11,500.0,250.0,2025-07-13 21:51:02,14,contested,lost,2025-08-11 21:51:02,5,3,3,0,0.6533333333333333,5,1,1.0,3137.11,credit_card,pos_qr,general_item,245,4,13260.88,0,0,19,0,1,1,0.0544,0.04,authenticated_3ds,3ds_v2,1,0,0.0,36.82,delivered,delivered,1.0,1.0,0,online_marketplace_retailer,electronics_hub,medium,omnichannel,physical_delivery,0,1,0.8590833260569011,1,1,58,0.0095,14.0,12.166666666666666
DSP000672,TXN0042076,M000005,C000116,RuPay,UNAUTHORIZED_TRANSACTION,Cardholder claims transaction was unauthorized or fraudulent,2025-07-16 13:06:02,8707.95,350.0,175.0,2025-07-29 13:06:02,13,contested,lost,2025-07-29 13:06:02,2,3,2,1,0.225,2,1,0.6666666666666666,8707.95,credit_card,desktop_web,saas_plan,318,6,62958.45,0,1,41,127,0,5,0.2088,15.48,password_authenticated,password,1,0,,,fulfilled,,,,0,digital_saas,b2b_software,medium,website,digital_service,1,0,0.5874540118847362,1,0,46,0.025,13.0,28.75
DSP000673,TXN0042147,M000186,C000006,Mastercard,MERCHANDISE_NOT_RECEIVED,Cardholder claims ordered merchandise or service was not received,2025-07-30 03:06:53,7783.87,350.0,175.0,2025-08-13 03:06:53,14,contested,lost,2025-08-09 03:06:53,1,1,0,1,0.10666666666666667,1,2,0.0,7783.87,credit_card,desktop_web,vacation_package,47,5,23340.14,0,0,3,38,0,4,0.01,5.7,authenticated_3ds,3ds_v2,1,0,,,fulfilled,,,,0,travel_hospitality,travel_agency,small,mobile_app,booking_service,0,0,0.3113473521240589,1,1,104,0.0288,14.0,41.833333333333336
DSP000674,TXN0042418,M000003,C000102,RuPay,UNAUTHORIZED_TRANSACTION,Cardholder claims transaction was unauthorized or fraudulent,2025-07-13 20:42:30,2756.15,0.0,0.0,2025-07-29 20:42:30,16,accepted,accepted_refunded,,5,3,2,1,0.5883333333333334,5,1,0.6666666666666666,2756.15,credit_card,pos_qr,exam_course,72,1,2928.99,0,0,19,0,1,1,0.1191,4.68,password_authenticated,password,1,0,,,fulfilled,,,,0,education_coaching,exam_prep,enterprise,"website, app",digital_service,0,1,0.4,1,0,99,0.025,16.0,24.458333333333332
DSP000675,TXN0042428,M000379,C000006,Visa,MERCHANDISE_NOT_RECEIVED,Cardholder claims ordered merchandise or service was not received,2025-07-12 02:23:47,18391.08,450.0,225.0,2025-07-22 02:23:47,10,contested,won,2025-08-02 02:23:47,3,1,1,0,0.345,3,0,1.0,18391.08,credit_card,pos_qr,saas_plan,456,7,91381.2,0,0,9,0,1,1,0.4062,136.09,password_authenticated,password,1,1,,,fulfilled,,,,0,digital_saas,productivity_tools,medium,website,digital_service,1,1,0.8071188648460229,0,1,44,0.0208,10.0,22.666666666666668
DSP000676,TXN0042489,M000004,C000076,Visa,MERCHANDISE_NOT_RECEIVED,Cardholder claims ordered merchandise or service was not received,2025-07-01 16:33:41,9193.44,0.0,0.0,2025-07-21 16:33:41,20,accepted,accepted_refunded,,3,1,1,0,0.33666666666666667,3,0,1.0,9193.44,credit_card,payment_link,car_rental,90,12,139939.96,0,0,0,46,0,12,0.01,21.24,authenticated_3ds,3ds_v2,1,0,,,fulfilled,,,,0,travel_hospitality,travel_agency,enterprise,"website, app",booking_service,0,0,0.3,1,1,68,0.0353,20.0,12.041666666666666
DSP000677,TXN0042546,M000009,C000104,Visa,MERCHANDISE_NOT_AS_DESCRIBED,"Cardholder claims merchandise arrived damaged, defective, or not as described",2025-07-29 12:29:37,7794.37,0.0,0.0,2025-08-09 12:29:37,11,accepted,accepted_refunded,,3,2,2,0,0.36166666666666664,3,0,1.0,7794.37,credit_card,mobile_app,personal_training,311,3,25958.33,0,0,0,0,1,1,0.3391,0.91,authenticated_3ds,3ds_v2,1,0,,,fulfilled,,,,0,fitness_services,fitness_program,enterprise,"app, in-person",membership_service,1,0,0.5656018640442436,1,1,47,0.025,11.0,39.666666666666664
DSP000678,TXN0042659,M000002,C000008,Mastercard,MERCHANDISE_NOT_RECEIVED,Cardholder claims ordered merchandise or service was not received,2025-07-01 22:46:56,2976.24,500.0,250.0,2025-07-12 22:46:56,11,contested,won,2025-07-24 22:46:56,2,1,1,0,0.215,2,1,1.0,2976.24,debit_card,payment_link,footwear,343,9,53496.5,1,0,20,0,1,1,0.1883,6.18,authenticated_3ds,3ds_v2,1,0,0.0,28.08,delivered,delivered,1.0,0.0,1,d2c_brand,footwear,enterprise,website,physical_delivery,0,0,0.65,1,1,60,0.025,11.0,11.416666666666666
DSP000679,TXN0042677,M000003,C000051,RuPay,UNAUTHORIZED_TRANSACTION,Cardholder claims transaction was unauthorized or fraudulent,2025-06-29 01:40:36,3512.94,350.0,175.0,2025-07-17 01:40:36,18,contested,lost,2025-07-18 01:40:36,2,3,2,1,0.2333333333333333,2,4,0.6666666666666666,3512.94,debit_card,mobile_app,exam_course,78,2,6589.16,0,0,18,62,0,2,0.0793,47.39,password_authenticated,password,1,0,,,fulfilled,,,,0,education_coaching,exam_prep,enterprise,"website, app",digital_service,0,1,0.4,1,0,99,0.025,18.0,8.5
DSP000680,TXN0042678,M000028,C000009,RuPay,CREDIT_NOT_PROCESSED,Cardholder claims promised credit or refund was not posted,2025-07-25 01:43:36,244.48,150.0,75.0,2025-08-14 01:43:36,20,contested,lost,2025-08-16 01:43:36,2,3,2,1,0.21166666666666667,2,1,0.6666666666666666,244.48,debit_card,pos_qr,food_item,445,9,2414.78,0,0,43,198,0,5,0.01,1.6,authenticated_otp,sms_otp,1,0,0.0,0.89,delivered,delivered,1.0,1.0,0,food_local_commerce,bakery,medium,mobile_app,food_delivery,0,0,0.5866361843293691,1,1,49,0.0239,20.0,34.5
DSP000681,TXN0042815,M000060,C000001,RuPay,UNAUTHORIZED_TRANSACTION,Cardholder claims transaction was unauthorized or fraudulent,2025-06-28 15:35:17,2343.64,150.0,75.0,2025-07-14 15:35:17,16,contested,lost,2025-07-28 15:35:17,5,3,3,0,0.6583333333333333,5,1,1.0,2343.64,credit_card,mobile_app,footwear,185,10,17920.33,4,0,12,101,0,4,0.0864,1.35,authenticated_otp,sms_otp,1,0,0.0,44.93,delivered,delivered,1.0,1.0,1,d2c_brand,electronics,medium,omnichannel,physical_delivery,0,1,0.8921874235023116,0,1,46,0.0178,16.0,7.333333333333333
DSP000682,TXN0042944,M000002,C000013,Mastercard,MERCHANDISE_NOT_RECEIVED,Cardholder claims ordered merchandise or service was not received,2025-07-16 21:47:06,5826.35,500.0,250.0,2025-07-31 21:47:06,15,contested,won,2025-08-01 21:47:06,3,1,1,0,0.39333333333333337,3,0,1.0,5826.35,credit_card,desktop_web,footwear,399,20,181366.97,4,0,5,0,1,1,0.032,38.56,authenticated_otp,sms_otp,1,0,0.0,2.75,delivered,delivered,0.0,0.0,0,d2c_brand,footwear,enterprise,website,physical_delivery,0,0,0.65,1,1,60,0.025,15.0,25.25
DSP000683,TXN0042960,M000001,C000054,Mastercard,MERCHANDISE_NOT_AS_DESCRIBED,"Cardholder claims merchandise arrived damaged, defective, or not as described",2025-07-22 17:25:10,986.4,0.0,0.0,2025-08-04 17:25:10,13,accepted,accepted_refunded,,5,3,3,0,0.6516666666666667,5,1,1.0,986.4,credit_card,pos_qr,crochet_toy,133,1,652.48,0,0,35,0,1,1,0.01,23.85,authenticated_3ds,3ds_v2,1,0,0.0,13.88,delivered,delivered,0.0,0.0,0,individual_social_seller,crochet_accessories,medium,"Instagram, WhatsApp, payment links",physical_delivery,0,0,0.9,0,1,13,0.025,13.0,31.041666666666668
DSP000684,TXN0042963,M000377,C000012,Mastercard,MERCHANDISE_NOT_RECEIVED,Cardholder claims ordered merchandise or service was not received,2025-07-10 11:32:19,11632.46,500.0,250.0,2025-07-22 11:32:19,12,contested,won,2025-08-14 11:32:19,1,1,0,1,0.10833333333333334,1,2,0.0,11632.46,credit_card,desktop_web,saas_plan,337,8,100005.22,0,0,1,21,0,7,0.0634,17.56,authenticated_3ds,3ds_v2,1,0,,,fulfilled,,,,0,digital_saas,productivity_tools,medium,website,digital_service,1,0,0.8094442960755928,1,1,39,0.02,12.0,18.791666666666668
DSP000685,TXN0043021,M000110,C000004,Visa,UNAUTHORIZED_TRANSACTION,Cardholder claims transaction was unauthorized or fraudulent,2025-07-24 19:36:32,1994.34,0.0,0.0,2025-08-08 19:36:32,15,accepted,accepted_refunded,,5,3,3,0,0.6183333333333333,5,1,1.0,1994.34,credit_card,desktop_web,fashion_apparel,466,11,20555.06,2,0,4,199,0,7,0.0174,6.97,authenticated_3ds,3ds_v2,1,0,0.0,4.69,delivered,delivered,1.0,0.0,0,individual_social_seller,jewelry,micro,payment_links,physical_delivery,0,0,0.3249292229148874,1,1,97,0.0189,15.0,33.0
DSP000686,TXN0043022,M000356,C000023,Mastercard,RECURRING_BILLING_DISPUTE,Cardholder claims recurring subscription billing was canceled or unauthorized,2025-07-11 12:39:47,19731.95,0.0,0.0,2025-07-28 12:39:47,17,accepted,accepted_refunded,,2,3,2,1,0.22166666666666668,2,1,0.6666666666666666,19731.95,credit_card,payment_link,car_rental,447,19,307203.04,0,0,8,0,1,1,0.096,19.98,authenticated_3ds,3ds_v2,1,0,,,fulfilled,,,,0,travel_hospitality,hotel_booking,small,mobile_app,booking_service,0,0,0.6356489841188322,1,1,30,0.0258,17.0,19.708333333333332
DSP000687,TXN0043023,M000392,C000051,Visa,UNAUTHORIZED_TRANSACTION,Cardholder claims transaction was unauthorized or fraudulent,2025-06-26 07:42:33,932.65,0.0,0.0,2025-07-15 07:42:33,19,accepted,accepted_refunded,,5,3,3,0,0.6383333333333333,5,1,1.0,932.65,credit_card,mobile_app,cosmetics_kit,21,3,3943.35,0,0,73,11,0,3,0.0648,29.69,authenticated_3ds,3ds_v2,1,0,0.0,22.44,delivered,delivered,1.0,0.0,0,online_marketplace_retailer,multi_category_retail,medium,website,physical_delivery,0,0,0.8177439543779723,1,1,119,0.0135,19.0,4.5
DSP000688,TXN0043076,M000352,C000009,RuPay,MERCHANDISE_NOT_RECEIVED,Cardholder claims ordered merchandise or service was not received,2025-07-13 07:19:13,2972.58,450.0,225.0,2025-08-03 07:19:13,21,contested,won,2025-07-24 07:19:13,3,1,1,0,0.34833333333333333,3,0,1.0,2972.58,credit_card,pos_qr,saas_plan,719,6,24470.5,0,0,45,195,0,4,0.01,27.62,authenticated_3ds,3ds_v2,1,0,,,fulfilled,,,,0,digital_saas,cloud_analytics,medium,website,digital_service,1,0,0.8045304009772044,1,1,119,0.0127,21.0,21.25
DSP000689,TXN0043105,M000150,C000012,Visa,MERCHANDISE_NOT_RECEIVED,Cardholder claims ordered merchandise or service was not received,2025-07-20 04:39:59,3542.71,0.0,0.0,2025-08-03 04:39:59,14,accepted,accepted_refunded,,2,4,2,2,0.26,2,4,0.5,3542.71,debit_card,payment_link,footwear,65,1,5734.74,1,0,162,41,0,1,0.2937,23.27,authenticated_otp,sms_otp,1,0,0.0,37.09,delivered,delivered,1.0,0.0,0,d2c_brand,electronics,medium,omnichannel,physical_delivery,0,1,0.5536886947354532,0,1,60,0.0127,14.0,27.875
DSP000690,TXN0043121,M000115,C000015,Mastercard,RECURRING_BILLING_DISPUTE,Cardholder claims recurring subscription billing was canceled or unauthorized,2025-07-20 00:45:39,19722.75,500.0,250.0,2025-08-10 00:45:39,21,contested,lost,2025-08-08 00:45:39,1,3,1,2,0.13999999999999999,1,2,0.3333333333333333,19722.75,credit_card,mobile_app,hotel_stay,389,11,314062.79,0,0,14,277,0,7,0.1362,46.02,authenticated_3ds,3ds_v2,1,1,,,fulfilled,,,,0,travel_hospitality,hotel_booking,medium,mobile_app,booking_service,0,1,0.5789751452913767,1,1,91,0.0164,21.0,27.666666666666668
DSP000691,TXN0043161,M000302,C000029,RuPay,UNAUTHORIZED_TRANSACTION,Cardholder claims transaction was unauthorized or fraudulent,2025-07-28 01:06:00,694.3,500.0,250.0,2025-08-15 01:06:00,18,contested,lost,2025-08-25 01:06:00,2,3,2,1,0.26,2,1,0.6666666666666666,694.3,credit_card,mobile_app,food_item,71,0,0.0,0,0,4,0,1,1,0.0962,6.01,password_authenticated,password,1,0,0.0,0.82,delivered,delivered,1.0,1.0,0,food_local_commerce,cloud_kitchen,medium,mobile_app,food_delivery,0,0,0.8215821027496844,1,1,83,0.0262,18.0,35.583333333333336
DSP000692,TXN0043169,M000200,C000009,Visa,UNAUTHORIZED_TRANSACTION,Cardholder claims transaction was unauthorized or fraudulent,2025-07-26 23:19:19,15863.98,0.0,0.0,2025-08-16 23:19:19,21,accepted,accepted_refunded,,1,3,1,2,0.13999999999999999,1,2,0.3333333333333333,15863.98,credit_card,payment_link,exam_course,338,6,57472.3,0,0,36,0,1,1,0.01,14.51,password_authenticated,password,1,0,,,fulfilled,,,,0,education_coaching,edtech_courses,small,mobile_app,digital_service,1,0,0.334920957461266,1,1,62,0.0311,21.0,34.5
DSP000693,TXN0043172,M000006,C000052,Mastercard,MERCHANDISE_NOT_AS_DESCRIBED,"Cardholder claims merchandise arrived damaged, defective, or not as described",2025-08-04 20:24:20,100.54,500.0,250.0,2025-08-17 20:24:20,13,contested,won,2025-09-04 20:24:20,3,2,2,0,0.3933333333333333,3,0,1.0,100.54,credit_card,mobile_app,food_item,44,1,244.87,0,0,116,0,1,1,0.044,2.05,authenticated_otp,sms_otp,1,0,0.0,0.79,delivered,delivered,0.0,0.0,0,food_local_commerce,local_restaurant,medium,"app, food platforms",food_delivery,0,0,0.8950714306409916,1,1,64,0.025,13.0,43.375
DSP000694,TXN0043203,M000063,C000011,Visa,MERCHANDISE_NOT_AS_DESCRIBED,"Cardholder claims merchandise arrived damaged, defective, or not as described",2025-06-27 06:12:10,2633.21,500.0,250.0,2025-07-11 06:12:10,14,contested,won,2025-07-09 06:12:10,2,2,2,0,0.24500000000000002,2,1,1.0,2633.21,credit_card,mobile_app,saas_plan,311,0,0.0,0,0,109,0,1,1,0.3372,192.39,authenticated_3ds,3ds_v2,1,1,,,fulfilled,,,,0,digital_saas,productivity_tools,medium,website,digital_service,1,1,0.8045227288910538,1,1,118,0.0198,14.0,4.708333333333333
DSP000695,TXN0043314,M000004,C000075,RuPay,DUPLICATE_TRANSACTION,Cardholder claims single purchase was billed multiple times,2025-07-20 12:13:18,12942.29,500.0,250.0,2025-08-09 12:13:18,20,contested,won,2025-09-03 12:13:18,2,2,1,1,0.21333333333333335,2,1,0.5,12942.29,credit_card,pos_qr,tour_package,118,15,175975.85,0,0,12,40,0,1,0.01,17.67,auth_failed,none,2,0,,,failed,,,,0,travel_hospitality,travel_agency,enterprise,"website, app",booking_service,0,0,0.3,1,1,68,0.0353,20.0,27.666666666666668
DSP000696,TXN0043383,M000040,C000019,Mastercard,MERCHANDISE_NOT_AS_DESCRIBED,"Cardholder claims merchandise arrived damaged, defective, or not as described",2025-07-17 22:12:59,1387.02,500.0,250.0,2025-08-04 22:12:59,18,contested,lost,2025-08-26 22:12:59,5,3,2,1,0.6716666666666667,5,1,0.6666666666666666,1387.02,debit_card,pos_qr,fashion_apparel,220,8,11753.65,3,0,10,158,0,8,0.1717,11.8,authenticated_otp,sms_otp,1,0,0.0,15.7,failed,failed,0.0,0.0,0,online_marketplace_retailer,specialty_goods,medium,website,physical_delivery,0,0,0.8808397348116461,1,1,47,0.0136,18.0,24.583333333333332
DSP000697,TXN0043445,M000004,C000054,Mastercard,RECURRING_BILLING_DISPUTE,Cardholder claims recurring subscription billing was canceled or unauthorized,2025-07-05 02:35:50,13093.71,500.0,250.0,2025-07-17 02:35:50,12,contested,won,2025-07-16 02:35:50,3,3,3,0,0.34833333333333333,3,0,1.0,13093.71,credit_card,payment_link,flight_booking,68,2,18902.54,0,0,52,52,0,2,0.1001,24.69,authenticated_3ds,3ds_v2,1,0,,,fulfilled,,,,0,travel_hospitality,travel_agency,enterprise,"website, app",booking_service,0,0,0.3,1,1,68,0.0353,12.0,11.541666666666666
DSP000698,TXN0043499,M000009,C000073,Visa,MERCHANDISE_NOT_AS_DESCRIBED,"Cardholder claims merchandise arrived damaged, defective, or not as described",2025-08-01 10:53:37,5224.06,500.0,250.0,2025-08-22 10:53:37,21,contested,won,2025-08-28 10:53:37,3,2,2,0,0.36000000000000004,3,0,1.0,5224.06,credit_card,mobile_app,gym_membership,105,0,0.0,0,0,65,0,1,1,0.1649,0.17,authenticated_otp,sms_otp,1,0,,,fulfilled,,,,0,fitness_services,fitness_program,enterprise,"app, in-person",membership_service,1,0,0.5656018640442436,1,1,47,0.025,21.0,38.708333333333336
DSP000699,TXN0043595,M000004,C000117,Visa,MERCHANDISE_NOT_RECEIVED,Cardholder claims ordered merchandise or service was not received,2025-07-23 21:47:04,7283.08,500.0,250.0,2025-08-06 21:47:04,14,contested,won,2025-08-10 21:47:04,2,1,1,0,0.22,2,1,1.0,7283.08,credit_card,mobile_app,car_rental,76,1,13809.8,0,0,100,60,0,1,0.3065,11.87,authenticated_3ds,3ds_v2,1,0,,,fulfilled,,,,0,travel_hospitality,travel_agency,enterprise,"website, app",booking_service,0,0,0.3,1,1,68,0.0353,14.0,29.541666666666668
DSP000700,TXN0043601,M000358,C000036,Mastercard,MERCHANDISE_NOT_RECEIVED,Cardholder claims ordered merchandise or service was not received,2025-06-29 04:00:48,455.81,0.0,0.0,2025-07-18 04:00:48,19,accepted,accepted_refunded,,2,1,1,0,0.3033333333333333,2,1,1.0,455.81,debit_card,mobile_app,food_item,604,8,3555.49,0,0,67,149,0,7,0.01,38.07,authenticated_otp,sms_otp,1,0,0.0,0.67,delivered,delivered,1.0,1.0,0,food_local_commerce,gourmet_food,medium,mobile_app,food_delivery,0,0,0.816293442708143,1,1,54,0.0149,19.0,4.791666666666667
DSP000701,TXN0043625,M000342,C000032,Visa,UNAUTHORIZED_TRANSACTION,Cardholder claims transaction was unauthorized or fraudulent,2025-07-11 17:33:40,3995.47,500.0,250.0,2025-07-31 17:33:40,20,contested,lost,2025-08-19 17:33:40,4,3,2,1,0.45999999999999996,4,2,0.6666666666666666,3995.47,debit_card,mobile_app,fashion_apparel,334,5,26787.11,1,0,9,152,0,5,0.01,23.49,authenticated_otp,sms_otp,1,0,0.0,15.93,delivered,delivered,1.0,0.0,0,online_marketplace_retailer,multi_category_retail,medium,website,physical_delivery,0,0,0.6203657859380023,1,1,112,0.0137,20.0,17.291666666666668
DSP000702,TXN0043707,M000330,C000038,Mastercard,UNAUTHORIZED_TRANSACTION,Cardholder claims transaction was unauthorized or fraudulent,2025-08-05 07:21:02,2361.39,500.0,250.0,2025-08-26 07:21:02,21,contested,lost,2025-09-11 07:21:02,5,3,2,1,0.635,5,1,0.6666666666666666,2361.39,credit_card,payment_link,footwear,639,17,56664.04,9,0,6,452,0,5,0.0614,33.69,authenticated_3ds,3ds_v2,1,0,0.0,6.73,failed,failed,0.0,0.0,0,d2c_brand,fashion_apparel,medium,omnichannel,physical_delivery,0,0,0.8737896916695769,1,1,27,0.0074,21.0,41.625
DSP000703,TXN0043806,M000237,C000031,Visa,UNAUTHORIZED_TRANSACTION,Cardholder claims transaction was unauthorized or fraudulent,2025-07-06 11:53:07,734.44,500.0,250.0,2025-07-19 11:53:07,13,contested,won,2025-08-08 11:53:07,5,3,3,0,0.6116666666666667,5,1,1.0,734.44,debit_card,desktop_web,footwear,279,7,7601.46,6,0,22,0,1,1,0.0764,20.48,authenticated_otp,sms_otp,1,0,0.0,40.24,delivered,delivered,1.0,1.0,1,d2c_brand,home_lifestyle,medium,omnichannel,physical_delivery,0,0,0.8576903884626359,1,1,75,0.0146,13.0,11.208333333333334
DSP000704,TXN0043876,M000003,C000084,Visa,UNAUTHORIZED_TRANSACTION,Cardholder claims transaction was unauthorized or fraudulent,2025-07-13 11:30:32,3995.71,0.0,0.0,2025-08-02 11:30:32,20,accepted,accepted_refunded,,5,3,2,1,0.5883333333333334,5,1,0.6666666666666666,3995.71,credit_card,desktop_web,study_material,127,2,7330.33,0,0,140,115,0,1,0.0927,6.43,authenticated_otp,sms_otp,1,0,,,fulfilled,,,,0,education_coaching,exam_prep,enterprise,"website, app",digital_service,0,1,0.4,1,0,99,0.025,20.0,17.958333333333332
DSP000705,TXN0043896,M000015,C000021,Visa,CREDIT_NOT_PROCESSED,Cardholder claims promised credit or refund was not posted,2025-07-30 11:30:24,2444.65,500.0,250.0,2025-08-14 11:30:24,15,contested,won,2025-08-30 11:30:24,6,3,3,0,0.7916666666666666,6,0,1.0,2444.65,credit_card,desktop_web,footwear,29,1,1834.17,1,0,2,0,1,1,0.0862,13.01,authenticated_otp,sms_otp,1,0,0.0,42.3,delivered,delivered,1.0,1.0,0,d2c_brand,electronics,medium,website,physical_delivery,0,0,0.8020584494295803,1,1,56,0.0075,15.0,34.916666666666664
DSP000706,TXN0043902,M000025,C000012,RuPay,MERCHANDISE_NOT_AS_DESCRIBED,"Cardholder claims merchandise arrived damaged, defective, or not as described",2025-07-19 02:10:34,2861.22,0.0,0.0,2025-08-07 02:10:34,19,accepted,accepted_refunded,,6,3,3,0,0.7966666666666667,6,0,1.0,2861.22,credit_card,desktop_web,fashion_apparel,403,5,10619.16,1,0,33,320,0,1,0.01,9.36,authenticated_otp,sms_otp,1,0,0.0,4.55,delivered,delivered,1.0,1.0,0,online_marketplace_retailer,specialty_goods,medium,omnichannel,physical_delivery,0,0,0.8611852894722379,0,1,108,0.0088,19.0,23.5
DSP000707,TXN0043963,M000309,C000001,Visa,MERCHANDISE_NOT_RECEIVED,Cardholder claims ordered merchandise or service was not received,2025-08-09 16:24:48,8567.53,450.0,225.0,2025-08-19 16:24:48,10,contested,lost,2025-08-18 16:24:48,2,1,0,1,0.2333333333333333,2,1,0.0,8567.53,credit_card,pos_qr,saas_plan,104,5,32369.51,0,0,1,0,1,1,0.2017,6.08,authenticated_3ds,3ds_v2,1,0,,,fulfilled,,,,0,digital_saas,productivity_tools,small,website,digital_service,1,0,0.8726091333722661,1,1,9,0.0167,10.0,44.916666666666664
DSP000708,TXN0044062,M000004,C000051,Mastercard,UNAUTHORIZED_TRANSACTION,Cardholder claims transaction was unauthorized or fraudulent,2025-07-15 00:46:01,7994.92,0.0,0.0,2025-08-02 00:46:01,18,accepted,accepted_refunded,,1,3,1,2,0.10833333333333334,1,2,0.3333333333333333,7994.92,credit_card,pos_qr,tour_package,9,2,21613.99,0,0,12,0,1,1,0.01,3.96,password_authenticated,password,1,0,,,fulfilled,,,,0,travel_hospitality,travel_agency,enterprise,"website, app",booking_service,0,0,0.3,1,1,68,0.0353,18.0,18.666666666666668
DSP000709,TXN0044112,M000363,C000087,RuPay,UNAUTHORIZED_TRANSACTION,Cardholder claims transaction was unauthorized or fraudulent,2025-08-08 14:10:23,733.6,150.0,75.0,2025-08-21 14:10:23,13,contested,lost,2025-09-02 14:10:23,6,3,3,0,0.7466666666666667,6,0,1.0,733.6,credit_card,pos_qr,fashion_apparel,72,3,1728.07,1,0,24,66,0,1,0.01,47.4,authenticated_3ds,3ds_v2,1,0,0.0,27.86,delivered,delivered,0.0,0.0,0,online_marketplace_retailer,multi_category_retail,enterprise,website,physical_delivery,1,0,0.8940230241424958,1,1,84,0.0116,13.0,43.041666666666664
DSP000710,TXN0044242,M000003,C000112,Mastercard,MERCHANDISE_NOT_AS_DESCRIBED,"Cardholder claims merchandise arrived damaged, defective, or not as described",2025-07-29 05:18:30,2599.1,500.0,250.0,2025-08-14 05:18:30,16,contested,lost,2025-09-02 05:18:30,5,3,2,1,0.5783333333333333,5,1,0.6666666666666666,2599.1,debit_card,mobile_app,test_series,278,5,14538.05,0,0,27,0,1,1,0.1116,21.39,authenticated_otp,sms_otp,1,0,,,fulfilled,,,,0,education_coaching,exam_prep,enterprise,"website, app",digital_service,0,1,0.4,1,0,99,0.025,16.0,32.208333333333336
DSP000711,TXN0044291,M000237,C000002,Mastercard,MERCHANDISE_NOT_AS_DESCRIBED,"Cardholder claims merchandise arrived damaged, defective, or not as described",2025-07-06 09:13:43,1005.76,500.0,250.0,2025-07-24 09:13:43,18,contested,won,2025-08-07 09:13:43,5,3,3,0,0.6633333333333333,5,1,1.0,1005.76,debit_card,pos_qr,footwear,409,14,13080.98,4,1,27,40,0,9,0.1309,99.68,authenticated_3ds,3ds_v2,1,1,1.0,45.94,delivered,delivered,1.0,1.0,0,d2c_brand,home_lifestyle,medium,omnichannel,physical_delivery,0,0,0.8576903884626359,1,1,75,0.0146,18.0,8.958333333333334
DSP000712,TXN0044300,M000090,C000022,Visa,DUPLICATE_TRANSACTION,Cardholder claims single purchase was billed multiple times,2025-07-26 21:21:29,1729.05,350.0,175.0,2025-08-12 21:21:29,17,contested,won,2025-08-07 21:21:29,5,2,2,0,0.5783333333333333,5,1,1.0,1729.05,credit_card,mobile_app,home_decor,151,5,5253.12,0,0,7,84,0,1,0.01,11.56,authenticated_otp,sms_otp,1,0,0.0,32.54,delivered,delivered,0.0,0.0,0,online_marketplace_retailer,specialty_goods,medium,omnichannel,physical_delivery,1,0,0.8325183322026747,1,1,112,0.0126,17.0,29.416666666666668
DSP000713,TXN0044363,M000001,C000111,Visa,MERCHANDISE_NOT_AS_DESCRIBED,"Cardholder claims merchandise arrived damaged, defective, or not as described",2025-07-17 02:24:26,382.89,0.0,0.0,2025-08-07 02:24:26,21,accepted,accepted_refunded,,5,3,3,0,0.62,5,1,1.0,382.89,debit_card,pos_qr,fashion_apparel,14,1,705.88,0,0,65,0,1,1,0.0541,51.32,auth_failed,sms_otp,2,0,0.0,32.43,failed,failed,0.0,0.0,0,individual_social_seller,crochet_accessories,medium,"Instagram, WhatsApp, payment links",physical_delivery,0,0,0.9,0,1,13,0.025,21.0,19.416666666666668
DSP000714,TXN0044388,M000377,C000010,Visa,DUPLICATE_TRANSACTION,Cardholder claims single purchase was billed multiple times,2025-07-07 20:37:16,9461.91,450.0,225.0,2025-07-18 20:37:16,11,contested,won,2025-08-07 20:37:16,2,2,2,0,0.24833333333333338,2,1,1.0,9461.91,credit_card,pos_qr,saas_plan,417,3,42664.87,0,0,60,208,0,1,0.1936,820.22,authenticated_3ds,3ds_v2,1,1,,,fulfilled,,,,0,digital_saas,productivity_tools,medium,website,digital_service,1,0,0.8094442960755928,1,1,39,0.02,11.0,10.083333333333334
DSP000715,TXN0044445,M000302,C000030,Mastercard,MERCHANDISE_NOT_AS_DESCRIBED,"Cardholder claims merchandise arrived damaged, defective, or not as described",2025-08-03 00:09:50,592.41,500.0,250.0,2025-08-15 00:09:50,12,contested,lost,2025-09-15 00:09:50,2,2,1,1,0.26499999999999996,2,1,0.5,592.41,debit_card,pos_qr,food_item,655,3,3020.35,0,0,2,0,1,1,0.2061,3.03,authenticated_3ds,3ds_v2,1,0,0.0,0.78,delivered,delivered,1.0,1.0,0,food_local_commerce,cloud_kitchen,medium,mobile_app,food_delivery,0,0,0.8215821027496844,1,1,83,0.0262,12.0,35.791666666666664
DSP000716,TXN0044449,M000256,C000119,RuPay,MERCHANDISE_NOT_AS_DESCRIBED,"Cardholder claims merchandise arrived damaged, defective, or not as described",2025-08-12 09:43:24,272.35,500.0,250.0,2025-08-24 09:43:24,12,contested,lost,2025-09-14 09:43:24,2,2,1,1,0.26166666666666666,2,1,0.5,272.35,credit_card,payment_link,food_item,113,14,6352.88,0,0,27,38,0,7,0.274,17.41,authenticated_otp,sms_otp,1,0,0.0,0.76,delivered,delivered,0.0,0.0,0,food_local_commerce,bakery,enterprise,mobile_app,food_delivery,0,0,0.5885097728601925,1,1,52,0.0155,12.0,45.166666666666664
DSP000717,TXN0044470,M000168,C000056,Mastercard,MERCHANDISE_NOT_RECEIVED,Cardholder claims ordered merchandise or service was not received,2025-07-20 17:09:42,3769.81,500.0,250.0,2025-08-10 17:09:42,21,contested,won,2025-08-04 17:09:42,5,4,4,0,0.6116666666666667,5,1,1.0,3769.81,credit_card,mobile_app,footwear,551,32,122433.56,5,0,0,357,0,29,0.01,25.33,password_authenticated,password,1,0,1.0,43.79,delivered,delivered,1.0,1.0,0,d2c_brand,home_lifestyle,medium,omnichannel,physical_delivery,0,1,0.8535774684074758,1,1,20,0.0098,21.0,22.375
DSP000718,TXN0044494,M000143,C000073,RuPay,RECURRING_BILLING_DISPUTE,Cardholder claims recurring subscription billing was canceled or unauthorized,2025-07-13 09:18:12,7873.23,0.0,0.0,2025-08-01 09:18:12,19,accepted,accepted_refunded,,5,3,2,1,0.6533333333333333,5,1,0.6666666666666666,7873.23,credit_card,desktop_web,cosmetics_kit,81,4,17922.53,2,0,46,43,0,3,0.0338,73.69,authenticated_otp,sms_otp,1,1,1.0,36.84,delivered,delivered,1.0,1.0,1,online_marketplace_retailer,electronics_hub,enterprise,mobile_app,physical_delivery,0,1,0.8363629602379293,1,1,5,0.0081,19.0,15.0
DSP000719,TXN0044508,M000211,C000021,Mastercard,UNAUTHORIZED_TRANSACTION,Cardholder claims transaction was unauthorized or fraudulent,2025-07-02 05:14:36,263.16,150.0,75.0,2025-07-19 05:14:36,17,contested,lost,2025-08-06 05:14:36,3,3,3,0,0.3833333333333333,3,0,1.0,263.16,credit_card,pos_qr,food_item,198,2,741.33,0,0,24,12,0,2,0.01,7.39,authenticated_otp,sms_otp,1,0,0.0,0.55,delivered,delivered,1.0,1.0,0,food_local_commerce,gourmet_food,enterprise,mobile_app,food_delivery,0,0,0.8101471542866032,0,1,31,0.0226,17.0,3.7916666666666665
DSP000720,TXN0044621,M000001,C000081,Mastercard,MERCHANDISE_NOT_RECEIVED,Cardholder claims ordered merchandise or service was not received,2025-07-07 11:59:39,869.41,0.0,0.0,2025-07-26 11:59:39,19,accepted,accepted_refunded,,3,4,2,2,0.4166666666666667,3,3,0.5,869.41,debit_card,payment_link,fashion_apparel,109,6,7164.74,2,0,41,83,0,3,0.2474,12.04,authenticated_3ds,3ds_v2,1,0,0.0,25.09,delivered,delivered,1.0,1.0,0,individual_social_seller,crochet_accessories,medium,"Instagram, WhatsApp, payment links",physical_delivery,0,0,0.9,0,1,13,0.025,19.0,8.791666666666666
DSP000721,TXN0044625,M000004,C000130,Mastercard,RECURRING_BILLING_DISPUTE,Cardholder claims recurring subscription billing was canceled or unauthorized,2025-08-05 23:12:31,9822.0,0.0,0.0,2025-08-15 23:12:31,10,accepted,accepted_refunded,,2,3,2,1,0.21,2,1,0.6666666666666666,9822.0,credit_card,payment_link,vacation_package,152,4,43103.28,0,0,12,0,1,1,0.01,59.6,password_authenticated,password,1,0,,,fulfilled,,,,0,travel_hospitality,travel_agency,enterprise,"website, app",booking_service,0,0,0.3,1,1,68,0.0353,10.0,38.25
DSP000722,TXN0044681,M000072,C000004,Visa,MERCHANDISE_NOT_AS_DESCRIBED,"Cardholder claims merchandise arrived damaged, defective, or not as described",2025-07-10 21:14:20,2561.83,0.0,0.0,2025-07-30 21:14:20,20,accepted,accepted_refunded,,6,3,3,0,0.75,6,0,1.0,2561.83,credit_card,pos_qr,footwear,495,13,43072.48,7,0,5,292,0,4,0.01,8.69,authenticated_3ds,3ds_v2,1,0,0.0,38.2,delivered,delivered,0.0,0.0,1,d2c_brand,footwear,medium,omnichannel,physical_delivery,0,0,0.8802196980754039,1,1,89,0.0106,20.0,12.041666666666666
DSP000723,TXN0044705,M000021,C000024,RuPay,UNAUTHORIZED_TRANSACTION,Cardholder claims transaction was unauthorized or fraudulent,2025-07-06 23:08:51,420.14,350.0,175.0,2025-07-17 23:08:51,11,contested,won,2025-08-20 23:08:51,3,3,3,0,0.4166666666666667,3,0,1.0,420.14,credit_card,desktop_web,food_item,667,17,9632.4,0,1,6,215,0,3,0.0362,16.89,authenticated_otp,sms_otp,1,0,1.0,0.72,delivered,delivered,1.0,0.0,0,food_local_commerce,cloud_kitchen,enterprise,website,food_delivery,0,0,0.8304242242959538,1,1,24,0.0134,11.0,8.041666666666666
DSP000724,TXN0044709,M000009,C000026,Visa,MERCHANDISE_NOT_AS_DESCRIBED,"Cardholder claims merchandise arrived damaged, defective, or not as described",2025-08-07 15:39:03,9281.4,0.0,0.0,2025-08-19 15:39:03,12,accepted,accepted_refunded,,3,2,2,0,0.3833333333333333,3,0,1.0,9281.4,credit_card,mobile_app,fitness_class,129,4,43820.14,0,0,58,34,0,2,0.2259,4.89,authenticated_3ds,3ds_v2,1,0,,,fulfilled,,,,0,fitness_services,fitness_program,enterprise,"app, in-person",membership_service,1,0,0.5656018640442436,1,1,47,0.025,12.0,39.708333333333336
DSP000725,TXN0044950,M000272,C000019,RuPay,MERCHANDISE_NOT_AS_DESCRIBED,"Cardholder claims merchandise arrived damaged, defective, or not as described",2025-07-22 05:13:09,8858.09,500.0,250.0,2025-08-06 05:13:09,15,contested,lost,2025-09-02 05:13:09,2,2,1,1,0.25333333333333335,2,1,0.5,8858.09,credit_card,pos_qr,saas_plan,572,10,116336.23,0,0,24,513,0,1,0.01,19.98,password_authenticated,password,1,0,,,fulfilled,,,,0,digital_saas,developer_tools,medium,website,digital_service,1,0,0.8702484083987109,1,1,115,0.0084,15.0,22.416666666666668
DSP000726,TXN0044951,M000215,C000003,Visa,MERCHANDISE_NOT_RECEIVED,Cardholder claims ordered merchandise or service was not received,2025-07-07 04:17:51,18105.23,0.0,0.0,2025-07-24 04:17:51,17,accepted,accepted_refunded,,2,1,1,0,0.26333333333333336,2,1,1.0,18105.23,debit_card,desktop_web,exam_course,332,22,392768.54,0,2,13,88,0,6,0.0285,0.49,authenticated_otp,sms_otp,1,0,,,fulfilled,,,,0,education_coaching,edtech_courses,small,website,digital_service,1,1,0.3548733789366586,1,1,97,0.0177,17.0,7.375
DSP000727,TXN0044983,M000307,C000004,Visa,UNAUTHORIZED_TRANSACTION,Cardholder claims transaction was unauthorized or fraudulent,2025-08-05 02:50:53,411.46,0.0,0.0,2025-08-26 02:50:53,21,accepted,accepted_refunded,,3,3,3,0,0.32166666666666666,3,0,1.0,411.46,debit_card,pos_qr,food_item,719,12,6183.1,0,0,18,38,0,8,0.2757,29.6,authenticated_3ds,3ds_v2,1,0,0.0,0.92,delivered,delivered,1.0,1.0,0,food_local_commerce,gourmet_food,enterprise,website,food_delivery,0,0,0.6040635121610106,1,1,63,0.0128,21.0,36.25
DSP000728,TXN0045080,M000023,C000010,Mastercard,RECURRING_BILLING_DISPUTE,Cardholder claims recurring subscription billing was canceled or unauthorized,2025-08-13 02:25:53,2257.5,450.0,225.0,2025-08-24 02:25:53,11,contested,lost,2025-09-07 02:25:53,6,3,3,0,0.7516666666666666,6,0,1.0,2257.5,credit_card,desktop_web,footwear,83,2,3215.07,1,0,113,31,0,1,0.0228,0.26,password_authenticated,password,1,0,0.0,5.17,delivered,delivered,0.0,0.0,0,d2c_brand,home_lifestyle,small,website,physical_delivery,0,0,0.5931945018642115,0,1,115,0.0149,11.0,43.666666666666664
DSP000729,TXN0045117,M000061,C000024,Visa,MERCHANDISE_NOT_RECEIVED,Cardholder claims ordered merchandise or service was not received,2025-07-31 08:28:00,1549.39,500.0,250.0,2025-08-15 08:28:00,15,contested,won,2025-09-12 08:28:00,5,4,3,1,0.61,5,1,0.75,1549.39,credit_card,payment_link,general_item,198,14,16082.93,2,0,14,134,0,10,0.01,5.01,authenticated_otp,sms_otp,1,0,0.0,27.35,delivered,delivered,1.0,1.0,0,online_marketplace_retailer,electronics_hub,enterprise,omnichannel,physical_delivery,0,0,0.8088492502051919,1,1,75,0.0125,15.0,30.791666666666668
DSP000730,TXN0045137,M000005,C000050,Mastercard,MERCHANDISE_NOT_RECEIVED,Cardholder claims ordered merchandise or service was not received,2025-08-04 06:50:49,8883.16,500.0,250.0,2025-08-25 06:50:49,21,contested,won,2025-08-29 06:50:49,1,1,1,0,0.14666666666666667,1,2,1.0,8883.16,credit_card,desktop_web,saas_plan,282,6,82747.78,0,0,13,0,1,1,0.2042,20.61,password_authenticated,password,1,1,,,fulfilled,,,,0,digital_saas,b2b_software,medium,website,digital_service,1,0,0.5874540118847362,1,0,46,0.025,21.0,34.666666666666664
DSP000731,TXN0045149,M000105,C000017,Mastercard,MERCHANDISE_NOT_AS_DESCRIBED,"Cardholder claims merchandise arrived damaged, defective, or not as described",2025-07-15 16:01:19,843.67,500.0,250.0,2025-07-26 16:01:19,11,contested,lost,2025-08-17 16:01:19,3,2,2,0,0.315,3,0,1.0,843.67,credit_card,payment_link,lab_test,150,3,4221.38,0,0,59,63,0,1,0.01,11.28,authenticated_otp,sms_otp,1,0,,,fulfilled,,,,0,healthcare_diagnostics,clinic_appointments,small,mobile_app,appointment_service,0,0,0.5531429185686734,1,0,112,0.0178,11.0,15.0
DSP000732,TXN0045153,M000001,C000060,RuPay,MERCHANDISE_NOT_AS_DESCRIBED,"Cardholder claims merchandise arrived damaged, defective, or not as described",2025-07-06 02:44:20,1115.44,350.0,175.0,2025-07-21 02:44:20,15,contested,won,2025-07-25 02:44:20,5,3,2,1,0.7216666666666667,5,1,0.6666666666666666,1115.44,credit_card,pos_qr,crochet_toy,523,22,28401.06,1,3,1,46,0,6,0.4116,11.7,password_authenticated,password,1,0,0.0,9.31,delivered,delivered,1.0,1.0,0,individual_social_seller,crochet_accessories,medium,"Instagram, WhatsApp, payment links",physical_delivery,0,0,0.9,0,1,13,0.025,15.0,5.416666666666667
DSP000733,TXN0045267,M000004,C000065,Mastercard,MERCHANDISE_NOT_RECEIVED,Cardholder claims ordered merchandise or service was not received,2025-07-22 15:24:44,11361.85,350.0,175.0,2025-08-02 15:24:44,11,contested,won,2025-07-29 15:24:44,1,1,1,0,0.09999999999999999,1,2,1.0,11361.85,credit_card,mobile_app,vacation_package,133,5,52534.31,0,0,13,94,0,1,0.01,6.9,authenticated_3ds,3ds_v2,1,0,,,fulfilled,,,,0,travel_hospitality,travel_agency,enterprise,"website, app",booking_service,0,0,0.3,1,1,68,0.0353,11.0,21.333333333333332
DSP000734,TXN0045350,M000323,C000027,Mastercard,RECURRING_BILLING_DISPUTE,Cardholder claims recurring subscription billing was canceled or unauthorized,2025-07-12 10:11:01,9511.24,500.0,250.0,2025-07-27 10:11:01,15,contested,won,2025-07-30 10:11:01,2,3,2,1,0.29833333333333334,2,1,0.6666666666666666,9511.24,credit_card,mobile_app,flight_booking,134,2,13104.22,0,0,65,103,0,2,0.01,28.46,password_authenticated,password,1,0,,,fulfilled,,,,0,travel_hospitality,tour_packages,medium,mobile_app,booking_service,0,1,0.8156437042671085,0,1,46,0.0371,15.0,10.875
DSP000735,TXN0045359,M000283,C000025,Mastercard,RECURRING_BILLING_DISPUTE,Cardholder claims recurring subscription billing was canceled or unauthorized,2025-07-16 23:44:59,3207.95,0.0,0.0,2025-07-31 23:44:59,15,accepted,accepted_refunded,,6,3,3,0,0.745,6,0,1.0,3207.95,credit_card,payment_link,cosmetics_kit,19,2,4537.37,0,0,16,0,1,1,0.2162,0.49,auth_failed,sms_otp,3,0,1.0,28.77,failed,failed,0.0,0.0,0,online_marketplace_retailer,beauty_marketplace,enterprise,website,physical_delivery,0,0,0.8701966877257703,1,1,76,0.0126,15.0,15.416666666666666
DSP000736,TXN0045420,M000081,C000005,Mastercard,UNAUTHORIZED_TRANSACTION,Cardholder claims transaction was unauthorized or fraudulent,2025-08-14 08:26:15,4860.16,0.0,0.0,2025-09-01 08:26:15,18,accepted,accepted_refunded,,3,3,3,0,0.37166666666666665,3,0,1.0,4860.16,credit_card,mobile_app,saas_plan,70,3,10095.91,0,0,50,36,0,1,0.01,0.24,authenticated_3ds,3ds_v2,1,0,,,fulfilled,,,,0,digital_saas,developer_tools,small,website,digital_service,1,1,0.8771270346685945,1,1,66,0.014,18.0,43.583333333333336
DSP000737,TXN0045508,M000376,C000016,RuPay,UNAUTHORIZED_TRANSACTION,Cardholder claims transaction was unauthorized or fraudulent,2025-07-08 23:11:25,3667.1,500.0,250.0,2025-07-22 23:11:25,14,contested,lost,2025-07-19 23:11:25,5,3,2,1,0.6583333333333333,5,1,0.6666666666666666,3667.1,credit_card,mobile_app,footwear,724,26,112947.4,9,0,5,178,0,6,0.0294,4.93,authenticated_otp,sms_otp,1,0,0.0,6.22,delivered,delivered,1.0,1.0,1,d2c_brand,footwear,medium,omnichannel,physical_delivery,1,1,0.8018221825651549,1,1,76,0.0077,14.0,6.666666666666667
DSP000738,TXN0045559,M000028,C000032,Visa,MERCHANDISE_NOT_RECEIVED,Cardholder claims ordered merchandise or service was not received,2025-07-14 18:50:45,205.39,0.0,0.0,2025-07-24 18:50:45,10,accepted,accepted_refunded,,2,1,1,0,0.25333333333333335,2,1,1.0,205.39,credit_card,payment_link,food_item,225,7,1886.92,0,0,8,134,0,4,0.01,2.18,authenticated_otp,sms_otp,1,0,0.0,0.77,delivered,delivered,1.0,1.0,0,food_local_commerce,bakery,medium,mobile_app,food_delivery,0,0,0.5866361843293691,1,1,49,0.0239,10.0,12.333333333333334
DSP000739,TXN0045638,M000128,C000027,Mastercard,MERCHANDISE_NOT_RECEIVED,Cardholder claims ordered merchandise or service was not received,2025-07-25 14:33:00,9272.63,0.0,0.0,2025-08-09 14:33:00,15,accepted,accepted_refunded,,2,1,1,0,0.25166666666666665,2,1,1.0,9272.63,credit_card,payment_link,saas_plan,664,8,78197.06,0,0,60,114,0,4,0.124,0.3,password_authenticated,password,1,0,,,fulfilled,,,,0,digital_saas,b2b_software,medium,website,digital_service,1,1,0.8110051924527677,1,1,92,0.0132,15.0,22.916666666666668
DSP000740,TXN0045880,M000239,C000003,Mastercard,MERCHANDISE_NOT_RECEIVED,Cardholder claims ordered merchandise or service was not received,2025-07-22 04:20:27,15082.05,500.0,250.0,2025-08-08 04:20:27,17,contested,won,2025-08-21 04:20:27,3,1,1,0,0.35833333333333334,3,0,1.0,15082.05,credit_card,pos_qr,car_rental,417,5,91558.31,0,1,15,223,0,2,0.0549,63.59,authenticated_3ds,3ds_v2,1,0,,,fulfilled,,,,0,travel_hospitality,hotel_booking,small,mobile_app,booking_service,0,0,0.5695242987798044,1,1,98,0.0212,17.0,18.458333333333332
DSP000741,TXN0045902,M000386,C000013,Visa,UNAUTHORIZED_TRANSACTION,Cardholder claims transaction was unauthorized or fraudulent,2025-07-09 00:46:17,2509.87,500.0,250.0,2025-07-20 00:46:17,11,contested,lost,2025-07-25 00:46:17,3,3,3,0,0.4066666666666667,3,0,1.0,2509.87,debit_card,pos_qr,saas_plan,452,13,29004.28,0,0,3,295,0,3,0.01,3.0,password_authenticated,password,1,0,,,fulfilled,,,,0,digital_saas,developer_tools,small,website,digital_service,1,0,0.869673716536415,1,1,22,0.0244,11.0,5.25
DSP000742,TXN0045971,M000001,C000009,Visa,MERCHANDISE_NOT_AS_DESCRIBED,"Cardholder claims merchandise arrived damaged, defective, or not as described",2025-07-19 14:15:14,842.01,500.0,250.0,2025-08-05 14:15:14,17,contested,won,2025-08-03 14:15:14,5,3,3,0,0.66,5,1,1.0,842.01,credit_card,payment_link,handicraft_item,353,8,11036.41,2,1,29,0,1,1,0.1259,2.28,authenticated_otp,sms_otp,1,0,0.0,21.06,delivered,delivered,1.0,1.0,0,individual_social_seller,crochet_accessories,medium,"Instagram, WhatsApp, payment links",physical_delivery,0,0,0.9,0,1,13,0.025,17.0,15.416666666666666
DSP000743,TXN0045975,M000004,C000112,Mastercard,UNAUTHORIZED_TRANSACTION,Cardholder claims transaction was unauthorized or fraudulent,2025-07-21 05:48:09,8172.78,500.0,250.0,2025-07-31 05:48:09,10,contested,lost,2025-07-30 05:48:09,0,3,0,3,0.0,0,3,0.0,8172.78,credit_card,payment_link,tour_package,30,4,44410.94,0,0,17,28,0,2,0.1159,426.51,password_authenticated,password,1,1,,,fulfilled,,,,0,travel_hospitality,travel_agency,enterprise,"website, app",booking_service,0,0,0.3,1,1,68,0.0353,10.0,16.958333333333332
DSP000744,TXN0045996,M000208,C000010,RuPay,UNAUTHORIZED_TRANSACTION,Cardholder claims transaction was unauthorized or fraudulent,2025-08-14 10:22:10,2614.69,500.0,250.0,2025-08-29 10:22:10,15,contested,lost,2025-09-09 10:22:10,2,3,2,1,0.24333333333333332,2,1,0.6666666666666666,2614.69,credit_card,pos_qr,flight_booking,312,4,35744.8,0,0,67,208,0,1,0.0698,1.73,password_authenticated,password,1,0,,,fulfilled,,,,0,travel_hospitality,hotel_booking,small,website,booking_service,0,1,0.6398554188527079,0,1,11,0.0258,15.0,41.083333333333336
DSP000745,TXN0046048,M000088,C000023,Visa,MERCHANDISE_NOT_AS_DESCRIBED,"Cardholder claims merchandise arrived damaged, defective, or not as described",2025-07-09 05:48:23,8248.98,350.0,175.0,2025-07-23 05:48:23,14,contested,won,2025-08-02 05:48:23,3,2,2,0,0.3433333333333333,3,0,1.0,8248.98,debit_card,pos_qr,vacation_package,273,8,52721.49,0,0,36,14,0,1,0.01,28.74,authenticated_otp,sms_otp,1,0,,,fulfilled,,,,0,travel_hospitality,hotel_booking,small,website,booking_service,0,0,0.5563558350286023,0,1,65,0.0266,14.0,4.75
DSP000746,TXN0046080,M000092,C000012,Visa,MERCHANDISE_NOT_RECEIVED,Cardholder claims ordered merchandise or service was not received,2025-08-10 23:20:16,11120.73,0.0,0.0,2025-08-27 23:20:16,17,accepted,accepted_refunded,,1,1,0,1,0.13666666666666666,1,2,0.0,11120.73,debit_card,desktop_web,study_material,604,13,188239.86,0,0,35,61,0,12,0.0698,9.18,authenticated_otp,sms_otp,1,0,,,fulfilled,,,,0,education_coaching,edtech_courses,small,mobile_app,digital_service,1,0,0.3637557471355213,0,1,99,0.0139,17.0,37.416666666666664
DSP000747,TXN0046151,M000349,C000011,Visa,DUPLICATE_TRANSACTION,Cardholder claims single purchase was billed multiple times,2025-07-14 18:03:48,4732.58,0.0,0.0,2025-08-02 18:03:48,19,accepted,accepted_refunded,,6,2,2,0,0.7200000000000001,6,0,1.0,4732.58,credit_card,desktop_web,fashion_apparel,152,4,12877.87,1,0,50,76,0,3,0.0484,5.03,auth_failed,sms_otp,3,0,0.0,43.05,failed,failed,0.0,0.0,0,online_marketplace_retailer,multi_category_retail,medium,website,physical_delivery,0,0,0.5898504734397373,1,1,59,0.0092,19.0,10.0
DSP000748,TXN0046205,M000179,C000006,Visa,MERCHANDISE_NOT_AS_DESCRIBED,"Cardholder claims merchandise arrived damaged, defective, or not as described",2025-08-12 08:48:49,8353.32,0.0,0.0,2025-08-26 08:48:49,14,accepted,accepted_refunded,,3,2,2,0,0.375,3,0,1.0,8353.32,credit_card,payment_link,lab_test,357,8,45001.74,0,0,16,180,0,3,0.01,0.29,authenticated_3ds,3ds_v2,1,0,,,fulfilled,,,,0,healthcare_diagnostics,clinic_appointments,small,website,appointment_service,0,0,0.614517279040945,1,1,92,0.0081,14.0,38.416666666666664
DSP000749,TXN0046235,M000399,C000016,Visa,CREDIT_NOT_PROCESSED,Cardholder claims promised credit or refund was not posted,2025-07-12 14:25:24,6356.62,500.0,250.0,2025-07-31 14:25:24,19,contested,lost,2025-08-18 14:25:24,2,3,2,1,0.25333333333333335,2,1,0.6666666666666666,6356.62,credit_card,desktop_web,exam_course,135,2,18384.6,0,0,99,0,1,1,0.1061,18.43,password_authenticated,password,1,0,,,fulfilled,,,,0,education_coaching,skill_bootcamp,small,website,digital_service,1,1,0.5840803540253018,1,1,4,0.0187,19.0,7.375
DSP000750,TXN0046264,M000361,C000025,RuPay,CREDIT_NOT_PROCESSED,Cardholder claims promised credit or refund was not posted,2025-07-11 11:06:45,3003.18,500.0,250.0,2025-07-27 11:06:45,16,contested,won,2025-08-09 11:06:45,6,3,3,0,0.685,6,0,1.0,3003.18,debit_card,desktop_web,general_item,174,12,24036.49,0,0,3,29,0,8,0.01,7.69,authenticated_3ds,3ds_v2,1,0,0.0,43.28,delivered,delivered,0.0,0.0,1,online_marketplace_retailer,beauty_marketplace,medium,mobile_app,physical_delivery,1,1,0.8026511310541622,1,1,17,0.0055,16.0,6.125
DSP000751,TXN0046320,M000244,C000094,Mastercard,CREDIT_NOT_PROCESSED,Cardholder claims promised credit or refund was not posted,2025-07-27 21:32:40,812.43,0.0,0.0,2025-08-09 21:32:40,13,accepted,accepted_refunded,,6,3,3,0,0.7583333333333333,6,0,1.0,812.43,credit_card,mobile_app,cosmetics_kit,201,2,1786.74,0,0,103,139,0,1,0.0292,3.3,authenticated_otp,sms_otp,1,0,0.0,15.09,delivered,delivered,1.0,1.0,0,online_marketplace_retailer,electronics_hub,enterprise,website,physical_delivery,0,0,0.8177110679407049,1,1,56,0.0069,13.0,22.416666666666668
DSP000752,TXN0046394,M000060,C000007,RuPay,MERCHANDISE_NOT_RECEIVED,Cardholder claims ordered merchandise or service was not received,2025-08-07 09:04:40,2129.23,450.0,225.0,2025-08-19 09:04:40,12,contested,lost,2025-09-12 09:04:40,4,4,3,1,0.5483333333333333,4,2,0.75,2129.23,credit_card,desktop_web,footwear,8,0,0.0,0,0,3,0,1,1,0.0749,14.22,authenticated_3ds,3ds_v2,1,0,0.0,1.36,delivered,delivered,1.0,1.0,0,d2c_brand,electronics,medium,omnichannel,physical_delivery,0,1,0.8921874235023116,0,1,46,0.0178,12.0,32.75
DSP000753,TXN0046410,M000391,C000001,Mastercard,MERCHANDISE_NOT_AS_DESCRIBED,"Cardholder claims merchandise arrived damaged, defective, or not as described",2025-08-07 23:14:38,3684.66,15.0,7.5,2025-08-20 23:14:38,13,contested,lost,2025-09-04 23:14:38,0,2,0,2,0.0,0,3,0.0,3684.66,credit_card,mobile_app,nutrition_plan,440,8,50389.47,0,0,34,259,0,7,0.0249,8.57,authenticated_3ds,3ds_v2,1,0,,,fulfilled,,,,0,fitness_services,yoga_wellness,small,omnichannel,membership_service,1,0,0.5782034572571306,0,0,71,0.0101,13.0,33.291666666666664
DSP000754,TXN0046419,M000002,C000116,Visa,RECURRING_BILLING_DISPUTE,Cardholder claims recurring subscription billing was canceled or unauthorized,2025-07-29 06:44:19,4041.44,0.0,0.0,2025-08-15 06:44:19,17,accepted,accepted_refunded,,2,3,2,1,0.2583333333333333,2,1,0.6666666666666666,4041.44,credit_card,desktop_web,footwear,89,2,12815.22,0,0,33,0,1,1,0.0179,412.3,authenticated_3ds,3ds_v2,1,1,1.0,1.3,failed,failed,0.0,0.0,0,d2c_brand,footwear,enterprise,website,physical_delivery,0,0,0.65,1,1,60,0.025,17.0,23.583333333333332
DSP000755,TXN0046466,M000157,C000026,Visa,DUPLICATE_TRANSACTION,Cardholder claims single purchase was billed multiple times,2025-08-07 00:53:49,20780.13,500.0,250.0,2025-08-21 00:53:49,14,contested,lost,2025-09-08 00:53:49,1,2,1,1,0.12,1,2,0.5,20780.13,credit_card,mobile_app,flight_booking,413,13,298836.34,0,1,9,13,0,9,0.01,20.72,password_authenticated,password,1,0,,,fulfilled,,,,0,travel_hospitality,hotel_booking,small,website,booking_service,0,0,0.3144894872091223,1,1,63,0.0168,14.0,32.208333333333336
DSP000756,TXN0046484,M000028,C000022,Visa,UNAUTHORIZED_TRANSACTION,Cardholder claims transaction was unauthorized or fraudulent,2025-07-15 07:17:20,473.38,0.0,0.0,2025-08-02 07:17:20,18,accepted,accepted_refunded,,1,3,1,2,0.09999999999999999,1,2,0.3333333333333333,473.38,credit_card,mobile_app,food_item,411,5,2058.42,0,0,7,281,0,1,0.01,19.46,authenticated_otp,sms_otp,1,0,0.0,0.57,delivered,delivered,1.0,1.0,0,food_local_commerce,bakery,medium,mobile_app,food_delivery,0,0,0.5866361843293691,1,1,49,0.0239,18.0,9.416666666666666
DSP000757,TXN0046493,M000256,C000073,Mastercard,UNAUTHORIZED_TRANSACTION,Cardholder claims transaction was unauthorized or fraudulent,2025-08-15 11:07:19,1485.26,0.0,0.0,2025-08-28 11:07:19,13,accepted,accepted_refunded,,1,3,1,2,0.11499999999999999,1,2,0.3333333333333333,1485.26,debit_card,pos_qr,food_item,457,9,8558.4,0,0,30,160,0,1,0.0164,14.45,authenticated_otp,sms_otp,1,0,0.0,0.79,delivered,delivered,1.0,1.0,0,food_local_commerce,bakery,enterprise,mobile_app,food_delivery,0,0,0.5885097728601925,1,1,52,0.0155,13.0,40.541666666666664
DSP000758,TXN0046549,M000230,C000010,Mastercard,MERCHANDISE_NOT_RECEIVED,Cardholder claims ordered merchandise or service was not received,2025-07-13 18:34:34,15013.35,500.0,250.0,2025-07-26 18:34:34,13,contested,lost,2025-08-04 18:34:34,3,1,1,0,0.315,3,0,1.0,15013.35,credit_card,desktop_web,flight_booking,107,1,15595.18,0,0,133,11,0,1,0.0812,11.92,authenticated_3ds,3ds_v2,1,0,,,fulfilled,,,,0,travel_hospitality,hotel_booking,medium,website,booking_service,0,1,0.5743989643379084,1,1,13,0.0382,13.0,7.416666666666667
DSP000759,TXN0046572,M000002,C000098,Visa,MERCHANDISE_NOT_RECEIVED,Cardholder claims ordered merchandise or service was not received,2025-07-21 06:46:19,4778.86,0.0,0.0,2025-08-10 06:46:19,20,accepted,accepted_refunded,,2,1,1,0,0.265,2,1,1.0,4778.86,credit_card,mobile_app,footwear,315,2,8004.54,0,0,46,85,0,1,0.0338,18.27,password_authenticated,password,1,0,0.0,13.09,delivered,delivered,1.0,1.0,1,d2c_brand,footwear,enterprise,website,physical_delivery,0,0,0.65,1,1,60,0.025,20.0,14.875
DSP000760,TXN0046595,M000329,C000062,RuPay,UNAUTHORIZED_TRANSACTION,Cardholder claims transaction was unauthorized or fraudulent,2025-08-07 21:25:53,2960.03,450.0,225.0,2025-08-25 21:25:53,18,contested,won,2025-09-21 21:25:53,5,3,2,1,0.6116666666666667,5,1,0.6666666666666666,2960.03,credit_card,mobile_app,fashion_apparel,125,0,0.0,0,0,98,0,1,1,0.023,10.46,authenticated_otp,sms_otp,1,0,0.0,17.06,delivered,delivered,0.0,0.0,0,online_marketplace_retailer,beauty_marketplace,medium,mobile_app,physical_delivery,0,0,0.8954865280663193,1,1,58,0.0048,18.0,32.416666666666664
DSP000761,TXN0046658,M000319,C000013,Visa,MERCHANDISE_NOT_RECEIVED,Cardholder claims ordered merchandise or service was not received,2025-07-16 12:25:30,2646.82,500.0,250.0,2025-08-04 12:25:30,19,contested,won,2025-07-26 12:25:30,4,4,4,0,0.49499999999999994,4,2,1.0,2646.82,credit_card,desktop_web,footwear,395,10,42782.7,1,1,6,272,0,3,0.0993,14.22,authenticated_3ds,3ds_v2,1,0,0.0,9.77,delivered,delivered,1.0,1.0,0,d2c_brand,cosmetics,medium,website,physical_delivery,1,0,0.8835980120512206,1,1,97,0.0132,19.0,9.875
DSP000762,TXN0046673,M000283,C000008,Mastercard,MERCHANDISE_NOT_RECEIVED,Cardholder claims ordered merchandise or service was not received,2025-07-14 22:00:45,1745.21,500.0,250.0,2025-07-26 22:00:45,12,contested,lost,2025-08-18 22:00:45,5,4,3,1,0.5933333333333334,5,1,0.75,1745.21,credit_card,desktop_web,general_item,164,5,14770.76,0,0,15,64,0,3,0.01,7.0,authenticated_otp,sms_otp,1,0,0.0,12.13,delivered,delivered,0.0,0.0,0,online_marketplace_retailer,beauty_marketplace,enterprise,website,physical_delivery,0,0,0.8701966877257703,1,1,76,0.0126,12.0,8.25
DSP000763,TXN0046920,M000003,C000120,Mastercard,DUPLICATE_TRANSACTION,Cardholder claims single purchase was billed multiple times,2025-08-13 23:26:05,3418.17,500.0,250.0,2025-08-29 23:26:05,16,contested,won,2025-09-09 23:26:05,4,2,2,0,0.5033333333333333,4,2,1.0,3418.17,credit_card,payment_link,mentorship,98,1,1269.25,0,0,79,52,0,1,0.01,10.74,authenticated_3ds,3ds_v2,1,0,,,fulfilled,,,,0,education_coaching,exam_prep,enterprise,"website, app",digital_service,0,1,0.4,1,0,99,0.025,16.0,37.375
DSP000764,TXN0047011,M000009,C000169,Mastercard,RECURRING_BILLING_DISPUTE,Cardholder claims recurring subscription billing was canceled or unauthorized,2025-07-30 17:10:48,10872.73,500.0,250.0,2025-08-19 17:10:48,20,contested,lost,2025-08-28 17:10:48,1,3,1,2,0.13166666666666668,1,2,0.3333333333333333,10872.73,credit_card,mobile_app,personal_training,340,13,106536.19,0,1,15,62,0,1,0.01,6.13,authenticated_3ds,3ds_v2,1,0,,,fulfilled,,,,0,fitness_services,fitness_program,enterprise,"app, in-person",membership_service,1,0,0.5656018640442436,1,1,47,0.025,20.0,22.75
DSP000765,TXN0047035,M000234,C000017,Mastercard,RECURRING_BILLING_DISPUTE,Cardholder claims recurring subscription billing was canceled or unauthorized,2025-07-16 23:39:56,1025.93,500.0,250.0,2025-07-26 23:39:56,10,contested,won,2025-08-15 23:39:56,6,3,3,0,0.765,6,0,1.0,1025.93,debit_card,pos_qr,home_decor,141,9,5277.25,3,1,7,104,0,2,0.1515,161.79,authenticated_otp,sms_otp,1,1,1.0,40.23,delivered,delivered,1.0,1.0,0,online_marketplace_retailer,multi_category_retail,small,mobile_app,physical_delivery,0,1,0.8631138625997262,1,1,8,0.0101,10.0,8.75
DSP000766,TXN0047178,M000156,C000039,Visa,MERCHANDISE_NOT_RECEIVED,Cardholder claims ordered merchandise or service was not received,2025-08-15 18:06:28,2201.08,0.0,0.0,2025-08-25 18:06:28,10,accepted,accepted_refunded,,6,4,4,0,0.6849999999999999,6,0,1.0,2201.08,credit_card,desktop_web,footwear,300,21,118507.41,8,0,0,269,0,17,0.1029,11.0,authenticated_3ds,3ds_v2,1,0,0.0,32.51,delivered,delivered,1.0,1.0,1,d2c_brand,electronics,medium,omnichannel,physical_delivery,0,0,0.5739561890666972,1,1,78,0.0092,10.0,38.041666666666664
DSP000767,TXN0047181,M000001,C000003,Visa,MERCHANDISE_NOT_AS_DESCRIBED,"Cardholder claims merchandise arrived damaged, defective, or not as described",2025-07-27 06:15:45,782.89,500.0,250.0,2025-08-17 06:15:45,21,contested,lost,2025-08-28 06:15:45,4,3,2,1,0.51,4,2,0.6666666666666666,782.89,credit_card,pos_qr,crochet_toy,256,10,9880.07,2,0,24,0,1,1,0.2015,5.15,authenticated_3ds,3ds_v2,1,0,0.0,46.73,delivered,delivered,1.0,1.0,0,individual_social_seller,crochet_accessories,medium,"Instagram, WhatsApp, payment links",physical_delivery,0,0,0.9,0,1,13,0.025,21.0,18.541666666666668
DSP000768,TXN0047186,M000226,C000053,Mastercard,MERCHANDISE_NOT_AS_DESCRIBED,"Cardholder claims merchandise arrived damaged, defective, or not as described",2025-08-05 06:32:32,1145.31,0.0,0.0,2025-08-23 06:32:32,18,accepted,accepted_refunded,,4,3,2,1,0.4666666666666666,4,2,0.6666666666666666,1145.31,credit_card,payment_link,footwear,179,17,40042.46,2,0,1,90,0,6,0.0464,229.17,auth_failed,password,2,1,1.0,17.57,failed,failed,0.0,0.0,0,d2c_brand,electronics,medium,omnichannel,physical_delivery,1,0,0.6068308603335472,1,1,56,0.0125,18.0,27.541666666666668
DSP000769,TXN0047190,M000002,C000119,RuPay,MERCHANDISE_NOT_RECEIVED,Cardholder claims ordered merchandise or service was not received,2025-08-05 04:44:13,3607.09,0.0,0.0,2025-08-21 04:44:13,16,accepted,accepted_refunded,,0,1,0,1,0.0,0,3,0.0,3607.09,credit_card,desktop_web,footwear,630,15,75714.07,4,0,3,0,1,1,0.1413,10.31,authenticated_otp,sms_otp,1,0,0.0,14.64,delivered,delivered,1.0,1.0,0,d2c_brand,footwear,enterprise,website,physical_delivery,0,0,0.65,1,1,60,0.025,16.0,27.458333333333332
DSP000770,TXN0047275,M000003,C000058,Visa,DUPLICATE_TRANSACTION,Cardholder claims single purchase was billed multiple times,2025-08-22 07:35:42,2312.55,0.0,0.0,2025-09-03 07:35:42,12,accepted,accepted_refunded,,4,2,0,2,0.49666666666666665,4,2,0.0,2312.55,credit_card,desktop_web,exam_course,337,0,0.0,0,0,102,0,1,1,0.6899,621.11,password_authenticated,password,1,1,,,fulfilled,,,,0,education_coaching,exam_prep,enterprise,"website, app",digital_service,0,1,0.4,1,0,99,0.025,12.0,44.0
DSP000771,TXN0047292,M000003,C000125,Visa,UNAUTHORIZED_TRANSACTION,Cardholder claims transaction was unauthorized or fraudulent,2025-07-17 12:46:43,3576.36,500.0,250.0,2025-08-06 12:46:43,20,contested,lost,2025-08-22 12:46:43,3,3,2,1,0.3416666666666666,3,3,0.6666666666666666,3576.36,credit_card,pos_qr,mentorship,38,1,1432.34,0,0,106,16,0,1,0.01,9.91,authenticated_3ds,3ds_v2,1,0,,,fulfilled,,,,0,education_coaching,exam_prep,enterprise,"website, app",digital_service,0,1,0.4,1,0,99,0.025,20.0,8.166666666666666
DSP000772,TXN0047509,M000115,C000005,Visa,RECURRING_BILLING_DISPUTE,Cardholder claims recurring subscription billing was canceled or unauthorized,2025-08-14 23:09:25,31312.29,500.0,250.0,2025-09-01 23:09:25,18,contested,won,2025-09-28 23:09:25,2,3,2,1,0.25166666666666665,2,1,0.6666666666666666,31312.29,credit_card,desktop_web,hotel_stay,16,1,26294.19,0,0,153,11,0,1,0.01,45.52,authenticated_3ds,3ds_v2,1,0,,,fulfilled,,,,0,travel_hospitality,hotel_booking,medium,mobile_app,booking_service,0,1,0.5789751452913767,1,1,91,0.0164,18.0,35.541666666666664
DSP000773,TXN0047585,M000296,C000028,Mastercard,MERCHANDISE_NOT_RECEIVED,Cardholder claims ordered merchandise or service was not received,2025-07-14 10:08:54,243.5,500.0,250.0,2025-07-31 10:08:54,17,contested,lost,2025-08-13 10:08:54,3,1,1,0,0.36999999999999994,3,0,1.0,243.5,credit_card,payment_link,food_item,311,14,6464.43,0,0,6,34,0,12,0.01,32.29,authenticated_otp,sms_otp,1,0,1.0,0.99,delivered,delivered,1.0,1.0,0,food_local_commerce,gourmet_food,medium,mobile_app,food_delivery,0,0,0.8037348188749214,1,1,13,0.0149,17.0,3.75
DSP000774,TXN0047626,M000001,C000126,Visa,CREDIT_NOT_PROCESSED,Cardholder claims promised credit or refund was not posted,2025-07-15 19:55:20,708.32,500.0,250.0,2025-08-03 19:55:20,19,contested,lost,2025-07-27 19:55:20,4,3,2,1,0.5383333333333333,4,2,0.6666666666666666,708.32,debit_card,desktop_web,home_decor,8,2,1910.01,0,0,11,8,0,1,0.01,1.42,authenticated_3ds,3ds_v2,1,0,0.0,34.19,delivered,delivered,1.0,1.0,0,individual_social_seller,crochet_accessories,medium,"Instagram, WhatsApp, payment links",physical_delivery,0,0,0.9,0,1,13,0.025,19.0,5.041666666666667
DSP000775,TXN0047666,M000329,C000055,RuPay,MERCHANDISE_NOT_RECEIVED,Cardholder claims ordered merchandise or service was not received,2025-07-23 21:04:36,5843.67,450.0,225.0,2025-08-13 21:04:36,21,contested,won,2025-08-04 21:04:36,6,4,4,0,0.8033333333333333,6,0,1.0,5843.67,debit_card,mobile_app,fashion_apparel,134,4,24988.13,2,1,101,54,0,2,0.1249,9.33,authenticated_otp,sms_otp,1,0,0.0,40.22,delivered,delivered,1.0,1.0,0,online_marketplace_retailer,beauty_marketplace,medium,mobile_app,physical_delivery,0,0,0.8954865280663193,1,1,58,0.0048,21.0,12.958333333333334
DSP000776,TXN0047747,M000003,C000046,Mastercard,RECURRING_BILLING_DISPUTE,Cardholder claims recurring subscription billing was canceled or unauthorized,2025-07-30 02:09:29,2018.52,500.0,250.0,2025-08-19 02:09:29,20,contested,lost,2025-09-09 02:09:29,3,3,1,2,0.36999999999999994,3,3,0.3333333333333333,2018.52,debit_card,mobile_app,exam_course,270,19,57633.3,0,1,6,0,1,1,0.0168,4.49,password_authenticated,password,1,0,,,fulfilled,,,,0,education_coaching,exam_prep,enterprise,"website, app",digital_service,0,1,0.4,1,0,99,0.025,20.0,18.625
DSP000777,TXN0047940,M000231,C000006,RuPay,MERCHANDISE_NOT_AS_DESCRIBED,"Cardholder claims merchandise arrived damaged, defective, or not as described",2025-08-21 16:33:31,1109.15,0.0,0.0,2025-09-09 16:33:31,19,accepted,accepted_refunded,,3,2,2,0,0.3833333333333333,3,0,1.0,1109.15,credit_card,desktop_web,saas_plan,77,0,0.0,0,0,34,0,1,1,0.4424,116.78,authenticated_otp,sms_otp,1,1,,,fulfilled,,,,0,digital_saas,b2b_software,medium,website,digital_service,1,1,0.8973010554752445,1,1,76,0.0117,19.0,40.375
DSP000778,TXN0048016,M000218,C000014,Mastercard,UNAUTHORIZED_TRANSACTION,Cardholder claims transaction was unauthorized or fraudulent,2025-08-14 04:21:02,16313.18,500.0,250.0,2025-08-31 04:21:02,17,contested,lost,2025-08-31 04:21:02,2,3,2,1,0.24333333333333332,2,1,0.6666666666666666,16313.18,credit_card,payment_link,exam_course,326,23,363153.7,0,1,2,198,0,11,0.01,7.39,authenticated_3ds,3ds_v2,1,0,,,fulfilled,,,,0,education_coaching,online_tutoring,small,mobile_app,digital_service,1,0,0.5724269309460559,1,1,86,0.0199,17.0,32.666666666666664
DSP000779,TXN0048095,M000147,C000032,Visa,UNAUTHORIZED_TRANSACTION,Cardholder claims transaction was unauthorized or fraudulent,2025-07-18 15:02:11,298.19,500.0,250.0,2025-08-06 15:02:11,19,contested,lost,2025-07-28 15:02:11,3,3,3,0,0.43166666666666664,3,0,1.0,298.19,credit_card,desktop_web,food_item,406,9,3243.06,0,0,61,369,0,6,0.1806,19.35,authenticated_otp,sms_otp,1,0,0.0,0.55,delivered,delivered,1.0,1.0,0,food_local_commerce,cloud_kitchen,medium,mobile_app,food_delivery,1,0,0.8497248505892385,1,1,43,0.0152,19.0,5.916666666666667
DSP000780,TXN0048180,M000004,C000121,Visa,MERCHANDISE_NOT_RECEIVED,Cardholder claims ordered merchandise or service was not received,2025-08-25 14:00:31,13740.48,0.0,0.0,2025-09-13 14:00:31,19,accepted,accepted_refunded,,1,1,1,0,0.13666666666666666,1,2,1.0,13740.48,credit_card,mobile_app,flight_booking,145,2,23048.41,0,0,102,0,1,1,0.2726,5.76,authenticated_3ds,3ds_v2,1,0,,,fulfilled,,,,0,travel_hospitality,travel_agency,enterprise,"website, app",booking_service,0,0,0.3,1,1,68,0.0353,19.0,43.625
DSP000781,TXN0048188,M000004,C000141,Mastercard,MERCHANDISE_NOT_RECEIVED,Cardholder claims ordered merchandise or service was not received,2025-08-23 23:22:01,11885.5,500.0,250.0,2025-09-06 23:22:01,14,contested,won,2025-09-16 23:22:01,2,1,0,1,0.21999999999999997,2,1,0.0,11885.5,credit_card,mobile_app,car_rental,50,0,0.0,0,0,16,0,1,1,0.3067,12.94,authenticated_3ds,3ds_v2,1,0,,,fulfilled,,,,0,travel_hospitality,travel_agency,enterprise,"website, app",booking_service,0,0,0.3,1,1,68,0.0353,14.0,42.0
DSP000782,TXN0048242,M000194,C000017,RuPay,MERCHANDISE_NOT_RECEIVED,Cardholder claims ordered merchandise or service was not received,2025-08-01 11:26:15,12155.09,500.0,250.0,2025-08-20 11:26:15,19,contested,won,2025-09-15 11:26:15,3,1,1,0,0.37666666666666665,3,0,1.0,12155.09,credit_card,desktop_web,car_rental,45,2,33210.64,0,0,31,34,0,1,0.0992,32.75,authenticated_3ds,3ds_v2,1,0,,,fulfilled,,,,0,travel_hospitality,hotel_booking,medium,website,booking_service,0,1,0.8241852290900451,1,1,31,0.0215,19.0,19.166666666666668
DSP000783,TXN0048272,M000037,C000003,RuPay,UNAUTHORIZED_TRANSACTION,Cardholder claims transaction was unauthorized or fraudulent,2025-07-28 02:40:09,3899.52,0.0,0.0,2025-08-18 02:40:09,21,accepted,accepted_refunded,,5,3,3,0,0.66,5,1,1.0,3899.52,debit_card,pos_qr,footwear,651,28,95199.86,12,1,2,550,0,10,0.01,3.89,authenticated_3ds,3ds_v2,1,0,1.0,37.45,delivered,delivered,1.0,0.0,0,d2c_brand,electronics,medium,omnichannel,physical_delivery,0,0,0.806505159298528,1,1,50,0.0156,21.0,14.75
DSP000784,TXN0048313,M000252,C000126,Mastercard,MERCHANDISE_NOT_AS_DESCRIBED,"Cardholder claims merchandise arrived damaged, defective, or not as described",2025-08-16 15:19:41,7749.62,15.0,7.5,2025-09-03 15:19:41,18,contested,won,2025-09-23 15:19:41,6,3,3,0,0.775,6,0,1.0,7749.62,credit_card,mobile_app,fashion_apparel,479,4,26362.16,2,0,62,0,1,1,0.4255,26.36,authenticated_3ds,3ds_v2,1,0,0.0,46.62,delivered,delivered,1.0,0.0,0,online_marketplace_retailer,specialty_goods,enterprise,mobile_app,physical_delivery,0,0,0.8966654819043669,1,1,34,0.012,18.0,34.208333333333336
DSP000785,TXN0048338,M000050,C000051,Visa,MERCHANDISE_NOT_AS_DESCRIBED,"Cardholder claims merchandise arrived damaged, defective, or not as described",2025-08-11 23:18:54,6278.32,500.0,250.0,2025-08-24 23:18:54,13,contested,won,2025-09-03 23:18:54,4,3,3,0,0.5533333333333333,4,2,1.0,6278.32,credit_card,desktop_web,footwear,262,1,4022.37,1,0,175,0,1,1,0.0987,6.3,authenticated_otp,sms_otp,1,0,0.0,9.73,delivered,delivered,1.0,1.0,0,d2c_brand,electronics,medium,omnichannel,physical_delivery,0,0,0.8662522284353982,1,1,23,0.0179,13.0,29.5
DSP000786,TXN0048357,M000002,C000091,Visa,MERCHANDISE_NOT_AS_DESCRIBED,"Cardholder claims merchandise arrived damaged, defective, or not as described",2025-07-23 13:26:07,4655.49,0.0,0.0,2025-08-04 13:26:07,12,accepted,accepted_refunded,,2,2,2,0,0.2783333333333333,2,1,1.0,4655.49,credit_card,desktop_web,footwear,33,1,4822.66,0,0,17,24,0,1,0.01,41.23,authenticated_otp,sms_otp,1,0,0.0,41.09,delivered,delivered,1.0,1.0,1,d2c_brand,footwear,enterprise,website,physical_delivery,0,0,0.65,1,1,60,0.025,12.0,10.041666666666666
DSP000787,TXN0048500,M000001,C000096,Mastercard,MERCHANDISE_NOT_RECEIVED,Cardholder claims ordered merchandise or service was not received,2025-08-20 03:51:38,1189.62,500.0,250.0,2025-09-05 03:51:38,16,contested,lost,2025-09-29 03:51:38,5,4,3,1,0.6466666666666666,5,1,0.75,1189.62,credit_card,mobile_app,fashion_apparel,294,6,6992.13,3,0,9,198,0,5,0.6735,33.63,authenticated_otp,sms_otp,1,0,0.0,9.41,failed,failed,0.0,0.0,0,individual_social_seller,crochet_accessories,medium,"Instagram, WhatsApp, payment links",physical_delivery,0,0,0.9,0,1,13,0.025,16.0,37.291666666666664
DSP000788,TXN0048515,M000271,C000011,Mastercard,MERCHANDISE_NOT_AS_DESCRIBED,"Cardholder claims merchandise arrived damaged, defective, or not as described",2025-08-12 22:11:01,6321.67,450.0,225.0,2025-08-26 22:11:01,14,contested,lost,2025-09-22 22:11:01,3,2,2,0,0.38166666666666665,3,0,1.0,6321.67,credit_card,desktop_web,saas_plan,217,8,35043.35,0,0,4,118,0,5,0.01,11.11,authenticated_3ds,3ds_v2,1,0,,,fulfilled,,,,0,digital_saas,productivity_tools,small,website,digital_service,1,0,0.6197015740995268,1,1,84,0.0196,14.0,30.0
DSP000789,TXN0048520,M000199,C000005,Visa,CREDIT_NOT_PROCESSED,Cardholder claims promised credit or refund was not posted,2025-08-26 09:30:52,2480.24,0.0,0.0,2025-09-11 09:30:52,16,accepted,accepted_refunded,,2,3,2,1,0.26166666666666666,2,1,0.6666666666666666,2480.24,credit_card,desktop_web,lab_test,178,0,0.0,0,0,85,0,1,1,0.3793,25.09,authenticated_3ds,3ds_v2,1,0,,,fulfilled,,,,0,healthcare_diagnostics,diagnostic_lab,small,website,appointment_service,0,0,0.58390297910487,1,1,36,0.007,16.0,43.458333333333336
DSP000790,TXN0048662,M000244,C000070,Visa,CREDIT_NOT_PROCESSED,Cardholder claims promised credit or refund was not posted,2025-08-03 16:04:48,431.14,450.0,225.0,2025-08-17 16:04:48,14,contested,lost,2025-08-25 16:04:48,4,3,2,1,0.505,4,2,0.6666666666666666,431.14,debit_card,mobile_app,fashion_apparel,177,0,0.0,0,0,78,0,1,1,0.054,21.74,authenticated_otp,sms_otp,1,0,0.0,17.84,delivered,delivered,1.0,1.0,1,online_marketplace_retailer,electronics_hub,enterprise,website,physical_delivery,0,0,0.8177110679407049,1,1,56,0.0069,14.0,20.125
DSP000791,TXN0048980,M000064,C000023,Mastercard,MERCHANDISE_NOT_RECEIVED,Cardholder claims ordered merchandise or service was not received,2025-08-24 22:44:58,922.42,500.0,250.0,2025-09-11 22:44:58,18,contested,won,2025-08-31 22:44:58,5,4,3,1,0.6716666666666667,5,1,0.75,922.42,credit_card,payment_link,cosmetics_kit,286,4,2798.08,1,0,14,185,0,1,0.0277,17.02,authenticated_3ds,3ds_v2,1,0,1.0,35.33,delivered,delivered,1.0,1.0,0,online_marketplace_retailer,specialty_goods,enterprise,omnichannel,physical_delivery,1,0,0.8325330330763264,1,1,18,0.0076,18.0,40.25
DSP000792,TXN0049019,M000103,C000069,RuPay,CREDIT_NOT_PROCESSED,Cardholder claims promised credit or refund was not posted,2025-07-18 21:43:23,4332.62,500.0,250.0,2025-07-28 21:43:23,10,contested,won,2025-08-12 21:43:23,5,3,3,0,0.6833333333333332,5,1,1.0,4332.62,credit_card,desktop_web,footwear,275,4,22266.2,0,0,22,34,0,3,0.1115,63.99,authenticated_3ds,3ds_v2,1,0,0.0,3.13,delivered,delivered,1.0,1.0,0,d2c_brand,fashion_apparel,medium,website,physical_delivery,0,0,0.8025419126744096,1,1,42,0.0177,10.0,3.0833333333333335
DSP000793,TXN0049038,M000001,C000060,Mastercard,CREDIT_NOT_PROCESSED,Cardholder claims promised credit or refund was not posted,2025-08-04 03:47:10,1261.46,450.0,225.0,2025-08-14 03:47:10,10,contested,won,2025-08-24 03:47:10,6,3,3,0,0.765,6,0,1.0,1261.46,credit_card,payment_link,handicraft_item,523,24,30386.8,2,3,8,386,0,2,0.0138,19.49,authenticated_3ds,3ds_v2,1,0,1.0,11.96,delivered,delivered,1.0,0.0,0,individual_social_seller,crochet_accessories,medium,"Instagram, WhatsApp, payment links",physical_delivery,0,0,0.9,0,1,13,0.025,10.0,19.25
DSP000794,TXN0049163,M000384,C000048,Visa,UNAUTHORIZED_TRANSACTION,Cardholder claims transaction was unauthorized or fraudulent,2025-08-27 09:48:13,4899.0,500.0,250.0,2025-09-07 09:48:13,11,contested,lost,2025-09-27 09:48:13,3,3,3,0,0.33,3,0,1.0,4899.0,credit_card,payment_link,saas_plan,481,3,17148.62,0,1,18,80,0,2,0.01,10.5,password_authenticated,password,1,0,,,fulfilled,,,,0,digital_saas,productivity_tools,medium,website,digital_service,1,1,0.57818547747734,1,1,87,0.0229,11.0,41.833333333333336
DSP000795,TXN0049293,M000250,C000009,Visa,DUPLICATE_TRANSACTION,Cardholder claims single purchase was billed multiple times,2025-08-31 19:59:00,4247.08,0.0,0.0,2025-09-19 19:59:00,19,accepted,accepted_refunded,,2,2,1,1,0.2683333333333333,2,1,0.5,4247.08,credit_card,mobile_app,saas_plan,186,11,107955.36,0,1,7,177,0,9,0.0861,4.42,password_authenticated,password,1,0,,,fulfilled,,,,0,digital_saas,developer_tools,medium,website,digital_service,1,0,0.6428318562587725,1,1,99,0.0187,19.0,45.833333333333336
DSP000796,TXN0049309,M000211,C000047,Visa,MERCHANDISE_NOT_AS_DESCRIBED,"Cardholder claims merchandise arrived damaged, defective, or not as described",2025-08-05 15:10:25,354.56,350.0,175.0,2025-08-22 15:10:25,17,contested,lost,2025-09-08 15:10:25,2,2,1,1,0.2683333333333333,2,1,0.5,354.56,credit_card,pos_qr,food_item,181,6,3088.81,0,0,2,0,1,1,0.01,2.0,password_authenticated,password,1,0,0.0,0.71,delivered,delivered,1.0,1.0,0,food_local_commerce,gourmet_food,enterprise,mobile_app,food_delivery,0,0,0.8101471542866032,0,1,31,0.0226,17.0,19.375
DSP000797,TXN0049347,M000004,C000084,Mastercard,RECURRING_BILLING_DISPUTE,Cardholder claims recurring subscription billing was canceled or unauthorized,2025-08-31 20:08:10,17557.54,500.0,250.0,2025-09-14 20:08:10,14,contested,won,2025-10-01 20:08:10,3,3,3,0,0.3133333333333333,3,0,1.0,17557.54,credit_card,payment_link,hotel_stay,138,2,32257.08,0,1,111,22,0,1,0.1811,0.27,authenticated_3ds,3ds_v2,1,0,,,fulfilled,,,,0,travel_hospitality,travel_agency,enterprise,"website, app",booking_service,0,0,0.3,1,1,68,0.0353,14.0,45.416666666666664
DSP000798,TXN0049433,M000215,C000003,Mastercard,MERCHANDISE_NOT_AS_DESCRIBED,"Cardholder claims merchandise arrived damaged, defective, or not as described",2025-08-14 02:51:04,12782.99,500.0,250.0,2025-08-24 02:51:04,10,contested,lost,2025-09-02 02:51:04,2,2,1,1,0.21666666666666665,2,1,0.5,12782.99,credit_card,pos_qr,exam_course,332,27,464699.15,0,2,2,298,0,8,0.1446,11.75,password_authenticated,password,1,1,,,fulfilled,,,,0,education_coaching,edtech_courses,small,website,digital_service,1,1,0.3548733789366586,1,1,97,0.0177,10.0,27.416666666666668
DSP000799,TXN0049490,M000109,C000024,Visa,MERCHANDISE_NOT_AS_DESCRIBED,"Cardholder claims merchandise arrived damaged, defective, or not as described",2025-08-29 09:00:42,2256.35,500.0,250.0,2025-09-10 09:00:42,12,contested,won,2025-10-02 09:00:42,6,3,3,0,0.6883333333333334,6,0,1.0,2256.35,credit_card,mobile_app,footwear,355,10,30357.42,3,0,28,257,0,7,0.2548,38.86,authenticated_3ds,3ds_v2,1,0,0.0,9.44,delivered,delivered,1.0,1.0,0,d2c_brand,footwear,medium,website,physical_delivery,0,0,0.8907566473926093,1,1,3,0.0108,12.0,42.5
DSP000800,TXN0049538,M000008,C000127,Visa,MERCHANDISE_NOT_AS_DESCRIBED,"Cardholder claims merchandise arrived damaged, defective, or not as described",2025-08-04 02:30:46,3158.99,15.0,7.5,2025-08-24 02:30:46,20,contested,lost,2025-08-15 02:30:46,3,2,2,0,0.37166666666666665,3,0,1.0,3158.99,credit_card,pos_qr,lab_test,326,3,10749.1,0,0,35,322,0,3,0.0296,2.67,authenticated_otp,sms_otp,1,0,,,fulfilled,,,,0,healthcare_diagnostics,telehealth,enterprise,"website, app, clinic",appointment_service,0,0,0.6098658484197036,1,1,99,0.025,20.0,16.791666666666668
DSP000801,TXN0049635,M000327,C000020,Mastercard,CREDIT_NOT_PROCESSED,Cardholder claims promised credit or refund was not posted,2025-08-27 14:42:08,236.25,500.0,250.0,2025-09-10 14:42:08,14,contested,lost,2025-09-03 14:42:08,2,3,2,1,0.21,2,1,0.6666666666666666,236.25,debit_card,pos_qr,food_item,277,10,4263.56,0,1,15,78,0,4,0.01,9.99,authenticated_otp,sms_otp,1,0,0.0,0.79,delivered,delivered,1.0,1.0,0,food_local_commerce,bakery,medium,mobile_app,food_delivery,0,0,0.8660197376717731,1,1,85,0.0293,14.0,39.958333333333336
DSP000802,TXN0049726,M000002,C000100,Visa,UNAUTHORIZED_TRANSACTION,Cardholder claims transaction was unauthorized or fraudulent,2025-07-24 19:16:05,8783.94,500.0,250.0,2025-08-09 19:16:05,16,contested,lost,2025-09-05 19:16:05,3,3,3,0,0.4033333333333333,3,0,1.0,8783.94,debit_card,payment_link,footwear,114,17,154570.88,5,1,5,0,1,1,0.6634,9.94,authenticated_otp,sms_otp,1,0,0.0,16.19,delivered,delivered,1.0,1.0,1,d2c_brand,footwear,enterprise,website,physical_delivery,0,0,0.65,1,1,60,0.025,16.0,5.875
DSP000803,TXN0049763,M000345,C000041,Visa,UNAUTHORIZED_TRANSACTION,Cardholder claims transaction was unauthorized or fraudulent,2025-07-22 21:36:14,673.66,450.0,225.0,2025-08-12 21:36:14,21,contested,won,2025-08-12 21:36:14,5,3,3,0,0.5566666666666666,5,1,1.0,673.66,debit_card,pos_qr,fashion_apparel,194,9,7942.61,0,0,15,167,0,5,0.3282,25.41,authenticated_otp,sms_otp,1,0,0.0,16.0,delivered,delivered,1.0,1.0,0,online_marketplace_retailer,electronics_hub,medium,omnichannel,physical_delivery,0,0,0.5991615875116832,1,1,9,0.0065,21.0,3.6666666666666665
DSP000804,TXN0049875,M000003,C000149,RuPay,MERCHANDISE_NOT_RECEIVED,Cardholder claims ordered merchandise or service was not received,2025-07-23 01:45:08,4073.14,0.0,0.0,2025-08-13 01:45:08,21,accepted,accepted_refunded,,4,4,3,1,0.46166666666666667,4,2,0.75,4073.14,credit_card,payment_link,exam_course,389,4,11574.13,0,0,43,65,0,1,0.6023,420.64,authenticated_3ds,3ds_v2,1,1,,,fulfilled,,,,0,education_coaching,exam_prep,enterprise,"website, app",digital_service,0,1,0.4,1,0,99,0.025,21.0,3.5
DSP000805,TXN0049877,M000277,C000010,RuPay,MERCHANDISE_NOT_AS_DESCRIBED,"Cardholder claims merchandise arrived damaged, defective, or not as described",2025-08-11 01:57:32,9326.21,150.0,75.0,2025-08-21 01:57:32,10,contested,lost,2025-09-08 01:57:32,2,2,1,1,0.24,2,1,0.5,9326.21,credit_card,mobile_app,saas_plan,469,11,89270.01,0,0,4,0,1,1,0.2903,45.27,authenticated_3ds,3ds_v2,1,0,,,fulfilled,,,,0,digital_saas,developer_tools,medium,website,digital_service,1,0,0.8867072318580104,1,1,58,0.019,10.0,22.5
DSP000806,TXN0049970,M000338,C000002,Visa,MERCHANDISE_NOT_AS_DESCRIBED,"Cardholder claims merchandise arrived damaged, defective, or not as described",2025-07-28 09:15:12,10636.16,500.0,250.0,2025-08-11 09:15:12,14,contested,lost,2025-08-16 09:15:12,3,2,2,0,0.37166666666666665,3,0,1.0,10636.16,credit_card,payment_link,test_series,544,12,179153.92,0,0,16,0,1,1,0.1283,29.22,password_authenticated,password,1,0,,,fulfilled,,,,0,education_coaching,exam_prep,small,website,digital_service,1,0,0.3116072640506916,0,1,32,0.0193,14.0,8.583333333333334
DSP000807,TXN0050015,M000068,C000008,Mastercard,UNAUTHORIZED_TRANSACTION,Cardholder claims transaction was unauthorized or fraudulent,2025-08-11 20:34:13,12772.24,500.0,250.0,2025-08-27 20:34:13,16,contested,lost,2025-08-23 20:34:13,3,3,3,0,0.38999999999999996,3,0,1.0,12772.24,credit_card,payment_link,saas_plan,325,6,58501.02,0,0,7,0,1,1,0.0773,2.78,password_authenticated,password,1,0,,,fulfilled,,,,0,digital_saas,b2b_software,small,website,digital_service,1,0,0.8356753326693589,1,1,46,0.0124,16.0,22.916666666666668
DSP000808,TXN0050078,M000252,C000057,Visa,DUPLICATE_TRANSACTION,Cardholder claims single purchase was billed multiple times,2025-09-01 22:09:09,4663.25,500.0,250.0,2025-09-22 22:09:09,21,contested,won,2025-10-15 22:09:09,6,2,2,0,0.8316666666666667,6,0,1.0,4663.25,debit_card,payment_link,general_item,178,3,17823.57,0,0,115,0,1,1,0.0781,33.35,authenticated_3ds,3ds_v2,1,0,0.0,17.3,delivered,delivered,1.0,1.0,0,online_marketplace_retailer,specialty_goods,enterprise,mobile_app,physical_delivery,0,0,0.8966654819043669,1,1,34,0.012,21.0,43.583333333333336
DSP000809,TXN0050116,M000098,C000003,Visa,DUPLICATE_TRANSACTION,Cardholder claims single purchase was billed multiple times,2025-08-08 00:48:11,736.98,0.0,0.0,2025-08-24 00:48:11,16,accepted,accepted_refunded,,4,2,1,1,0.52,4,2,0.5,736.98,credit_card,mobile_app,general_item,264,19,20329.81,8,0,5,221,0,10,0.01,9.71,authenticated_3ds,3ds_v2,1,0,0.0,21.75,delivered,delivered,1.0,1.0,0,online_marketplace_retailer,multi_category_retail,small,omnichannel,physical_delivery,1,0,0.8561277197569496,1,1,58,0.009,16.0,18.625
DSP000810,TXN0050140,M000384,C000020,Mastercard,MERCHANDISE_NOT_RECEIVED,Cardholder claims ordered merchandise or service was not received,2025-08-20 11:16:59,3395.05,0.0,0.0,2025-08-30 11:16:59,10,accepted,accepted_refunded,,2,1,1,0,0.24333333333333332,2,1,1.0,3395.05,credit_card,desktop_web,saas_plan,176,2,9575.44,0,0,32,55,0,1,0.01,45.92,authenticated_3ds,3ds_v2,1,0,,,fulfilled,,,,0,digital_saas,productivity_tools,medium,website,digital_service,1,1,0.57818547747734,1,1,87,0.0229,10.0,31.0
DSP000811,TXN0050181,M000115,C000030,Visa,MERCHANDISE_NOT_RECEIVED,Cardholder claims ordered merchandise or service was not received,2025-08-06 09:06:07,29430.69,500.0,250.0,2025-08-26 09:06:07,20,contested,won,2025-08-27 09:06:07,2,1,1,0,0.2783333333333333,2,1,1.0,29430.69,credit_card,pos_qr,car_rental,302,6,178293.66,0,0,24,0,1,1,0.01,35.24,authenticated_otp,sms_otp,1,0,,,fulfilled,,,,0,travel_hospitality,hotel_booking,medium,mobile_app,booking_service,0,1,0.5789751452913767,1,1,91,0.0164,20.0,16.833333333333332
DSP000812,TXN0050222,M000272,C000019,Mastercard,MERCHANDISE_NOT_AS_DESCRIBED,"Cardholder claims merchandise arrived damaged, defective, or not as described",2025-07-27 17:02:40,14308.04,500.0,250.0,2025-08-17 17:02:40,21,contested,lost,2025-08-11 17:02:40,3,2,2,0,0.39999999999999997,3,0,1.0,14308.04,credit_card,payment_link,saas_plan,572,16,173570.14,0,0,3,124,0,2,0.0195,1.8,authenticated_3ds,3ds_v2,1,0,,,fulfilled,,,,0,digital_saas,developer_tools,medium,website,digital_service,1,0,0.8702484083987109,1,1,115,0.0084,21.0,7.041666666666667
DSP000813,TXN0050227,M000368,C000005,Visa,MERCHANDISE_NOT_AS_DESCRIBED,"Cardholder claims merchandise arrived damaged, defective, or not as described",2025-07-23 21:16:20,3359.48,0.0,0.0,2025-08-12 21:16:20,20,accepted,accepted_refunded,,2,2,2,0,0.22999999999999998,2,1,1.0,3359.48,debit_card,mobile_app,lab_test,37,1,2529.64,0,0,184,33,0,1,0.0105,42.29,password_authenticated,password,1,0,,,fulfilled,,,,0,healthcare_diagnostics,clinic_appointments,small,website,appointment_service,0,0,0.6045616789315935,1,1,8,0.0075,20.0,3.2083333333333335
DSP000814,TXN0050474,M000274,C000005,Mastercard,DUPLICATE_TRANSACTION,Cardholder claims single purchase was billed multiple times,2025-07-30 19:00:43,2595.04,350.0,175.0,2025-08-16 19:00:43,17,contested,lost,2025-08-27 19:00:43,3,2,2,0,0.3566666666666667,3,0,1.0,2595.04,credit_card,pos_qr,lab_test,292,21,54488.92,0,0,21,156,0,10,0.089,2.76,authenticated_otp,sms_otp,1,0,,,fulfilled,,,,0,healthcare_diagnostics,diagnostic_lab,medium,mobile_app,appointment_service,0,0,0.5793591844264493,1,1,68,0.0142,17.0,9.125
DSP000815,TXN0050542,M000009,C000099,Visa,MERCHANDISE_NOT_RECEIVED,Cardholder claims ordered merchandise or service was not received,2025-08-19 08:20:46,7285.2,0.0,0.0,2025-08-30 08:20:46,11,accepted,accepted_refunded,,2,1,1,0,0.21666666666666665,2,1,1.0,7285.2,credit_card,desktop_web,gym_membership,111,5,45721.41,0,0,20,0,1,1,0.0141,3.74,authenticated_3ds,3ds_v2,1,0,,,fulfilled,,,,0,fitness_services,fitness_program,enterprise,"app, in-person",membership_service,1,0,0.5656018640442436,1,1,47,0.025,11.0,28.416666666666668
DSP000816,TXN0050642,M000004,C000043,Visa,UNAUTHORIZED_TRANSACTION,Cardholder claims transaction was unauthorized or fraudulent,2025-08-31 16:13:53,7499.15,0.0,0.0,2025-09-15 16:13:53,15,accepted,accepted_refunded,,1,3,1,2,0.11499999999999999,1,2,0.3333333333333333,7499.15,debit_card,pos_qr,hotel_stay,2,0,0.0,0,0,1,0,1,1,0.1302,6.8,authenticated_otp,sms_otp,1,0,,,fulfilled,,,,0,travel_hospitality,travel_agency,enterprise,"website, app",booking_service,0,0,0.3,1,1,68,0.0353,15.0,40.208333333333336
DSP000817,TXN0050704,M000053,C000005,Visa,UNAUTHORIZED_TRANSACTION,Cardholder claims transaction was unauthorized or fraudulent,2025-08-05 13:45:50,3884.21,0.0,0.0,2025-08-20 13:45:50,15,accepted,accepted_refunded,,3,3,3,0,0.3383333333333333,3,0,1.0,3884.21,credit_card,desktop_web,lab_test,116,2,8651.91,0,0,14,114,0,2,0.01,11.19,authenticated_otp,sms_otp,1,0,,,fulfilled,,,,0,healthcare_diagnostics,telehealth,small,website,appointment_service,1,0,0.6046710279343279,0,1,60,0.0161,15.0,13.916666666666666
DSP000818,TXN0050740,M000320,C000014,Mastercard,MERCHANDISE_NOT_AS_DESCRIBED,"Cardholder claims merchandise arrived damaged, defective, or not as described",2025-08-01 13:55:17,952.62,500.0,250.0,2025-08-20 13:55:17,19,contested,won,2025-08-08 13:55:17,6,3,3,0,0.8366666666666666,6,0,1.0,952.62,credit_card,payment_link,footwear,646,25,46021.04,2,0,0,0,1,1,0.2057,15.58,authenticated_otp,sms_otp,1,0,0.0,6.34,delivered,delivered,1.0,1.0,0,d2c_brand,home_lifestyle,medium,website,physical_delivery,0,1,0.8695974206093697,1,1,78,0.0128,19.0,9.833333333333334
DSP000819,TXN0050782,M000393,C000034,Visa,UNAUTHORIZED_TRANSACTION,Cardholder claims transaction was unauthorized or fraudulent,2025-07-26 02:17:05,1746.87,450.0,225.0,2025-08-06 02:17:05,11,contested,lost,2025-08-19 02:17:05,5,3,2,1,0.66,5,1,0.6666666666666666,1746.87,credit_card,payment_link,general_item,464,19,47552.92,4,0,2,0,1,1,0.4709,34.29,authenticated_3ds,3ds_v2,1,0,0.0,47.4,delivered,delivered,1.0,1.0,0,online_marketplace_retailer,beauty_marketplace,enterprise,website,physical_delivery,0,1,0.8750614751640858,1,1,42,0.0119,11.0,3.2083333333333335
DSP000820,TXN0051091,M000001,C000012,Visa,RECURRING_BILLING_DISPUTE,Cardholder claims recurring subscription billing was canceled or unauthorized,2025-08-29 22:14:04,787.37,500.0,250.0,2025-09-14 22:14:04,16,contested,lost,2025-09-16 22:14:04,5,3,3,0,0.645,5,1,1.0,787.37,debit_card,desktop_web,home_decor,458,11,14423.48,5,1,16,285,0,2,0.1265,14.32,password_authenticated,password,1,0,0.0,8.97,delivered,delivered,1.0,1.0,1,individual_social_seller,crochet_accessories,medium,"Instagram, WhatsApp, payment links",physical_delivery,0,0,0.9,0,1,13,0.025,16.0,36.583333333333336
DSP000821,TXN0051137,M000025,C000044,Mastercard,CREDIT_NOT_PROCESSED,Cardholder claims promised credit or refund was not posted,2025-08-28 06:59:22,4420.92,500.0,250.0,2025-09-08 06:59:22,11,contested,lost,2025-09-19 06:59:22,4,3,2,1,0.5283333333333333,4,2,0.6666666666666666,4420.92,credit_card,pos_qr,electronic_accessory,703,20,126775.98,5,0,1,0,1,1,0.4588,1.28,authenticated_3ds,3ds_v2,1,0,0.0,36.12,delivered,delivered,1.0,1.0,1,online_marketplace_retailer,specialty_goods,medium,omnichannel,physical_delivery,0,0,0.8611852894722379,0,1,108,0.0088,11.0,34.791666666666664
DSP000822,TXN0051252,M000256,C000067,RuPay,DUPLICATE_TRANSACTION,Cardholder claims single purchase was billed multiple times,2025-08-08 22:49:56,675.26,500.0,250.0,2025-08-26 22:49:56,18,contested,won,2025-09-13 22:49:56,1,2,0,2,0.14166666666666666,1,2,0.0,675.26,credit_card,payment_link,food_item,297,2,1182.92,0,0,161,180,0,1,0.01,8.13,authenticated_otp,sms_otp,1,0,0.0,0.9,delivered,delivered,1.0,1.0,0,food_local_commerce,bakery,enterprise,mobile_app,food_delivery,0,0,0.5885097728601925,1,1,52,0.0155,18.0,15.125
DSP000823,TXN0051317,M000193,C000009,Visa,MERCHANDISE_NOT_AS_DESCRIBED,"Cardholder claims merchandise arrived damaged, defective, or not as described",2025-09-07 04:52:03,2154.8,500.0,250.0,2025-09-20 04:52:03,13,contested,lost,2025-10-14 04:52:03,2,2,1,1,0.2416666666666667,2,1,0.5,2154.8,credit_card,payment_link,lab_test,31,8,21656.27,0,0,7,28,0,5,0.01,5.51,authenticated_otp,sms_otp,1,0,,,fulfilled,,,,0,healthcare_diagnostics,telehealth,small,website,appointment_service,0,0,0.6029650578356006,1,0,14,0.0123,13.0,43.875
DSP000824,TXN0051318,M000272,C000017,Mastercard,MERCHANDISE_NOT_AS_DESCRIBED,"Cardholder claims merchandise arrived damaged, defective, or not as described",2025-08-28 13:00:11,12710.28,500.0,250.0,2025-09-09 13:00:11,12,contested,won,2025-09-17 13:00:11,3,2,2,0,0.375,3,0,1.0,12710.28,credit_card,desktop_web,saas_plan,612,15,153064.5,0,0,17,222,0,11,0.01,7.38,authenticated_3ds,3ds_v2,1,0,,,fulfilled,,,,0,digital_saas,developer_tools,medium,website,digital_service,1,0,0.8702484083987109,1,1,115,0.0084,12.0,34.208333333333336
DSP000825,TXN0051359,M000007,C000078,Visa,CREDIT_NOT_PROCESSED,Cardholder claims promised credit or refund was not posted,2025-08-24 19:08:09,2805.55,350.0,175.0,2025-09-08 19:08:09,15,contested,lost,2025-09-11 19:08:09,5,3,2,1,0.6749999999999999,5,1,0.6666666666666666,2805.55,credit_card,pos_qr,electronic_accessory,316,24,60929.83,6,0,3,273,0,7,0.01,24.54,authenticated_otp,sms_otp,1,0,0.0,3.26,failed,failed,0.0,0.0,0,online_marketplace_retailer,beauty_marketplace,enterprise,"website, app",physical_delivery,0,0,0.8731993941811405,1,1,25,0.025,15.0,30.333333333333332
DSP000826,TXN0051360,M000115,C000006,Visa,UNAUTHORIZED_TRANSACTION,Cardholder claims transaction was unauthorized or fraudulent,2025-08-07 11:09:02,23507.03,0.0,0.0,2025-08-24 11:09:02,17,accepted,accepted_refunded,,2,3,2,1,0.21,2,1,0.6666666666666666,23507.03,credit_card,payment_link,tour_package,177,3,64243.73,0,0,9,0,1,1,0.2761,7.45,authenticated_3ds,3ds_v2,1,0,,,fulfilled,,,,0,travel_hospitality,hotel_booking,medium,mobile_app,booking_service,0,1,0.5789751452913767,1,1,91,0.0164,17.0,13.0
DSP000827,TXN0051374,M000063,C000012,RuPay,UNAUTHORIZED_TRANSACTION,Cardholder claims transaction was unauthorized or fraudulent,2025-08-23 17:59:05,8071.5,500.0,250.0,2025-09-13 17:59:05,21,contested,lost,2025-09-14 17:59:05,2,3,2,1,0.27166666666666667,2,1,0.6666666666666666,8071.5,credit_card,desktop_web,saas_plan,248,8,55583.1,0,1,9,0,1,1,0.3603,0.58,authenticated_otp,sms_otp,1,0,,,fulfilled,,,,0,digital_saas,productivity_tools,medium,website,digital_service,1,1,0.8045227288910538,1,1,118,0.0198,21.0,29.25
DSP000828,TXN0051376,M000116,C000003,Mastercard,MERCHANDISE_NOT_AS_DESCRIBED,"Cardholder claims merchandise arrived damaged, defective, or not as described",2025-08-23 18:07:19,6559.42,500.0,250.0,2025-09-08 18:07:19,16,contested,won,2025-09-26 18:07:19,3,2,2,0,0.365,3,0,1.0,6559.42,credit_card,mobile_app,saas_plan,540,6,54642.97,0,0,17,530,0,5,0.0532,18.99,password_authenticated,password,1,0,,,fulfilled,,,,0,digital_saas,cloud_analytics,small,website,digital_service,1,1,0.8161221287254005,0,1,80,0.0234,16.0,29.25
DSP000829,TXN0051399,M000061,C000058,Mastercard,RECURRING_BILLING_DISPUTE,Cardholder claims recurring subscription billing was canceled or unauthorized,2025-08-06 19:59:26,662.19,500.0,250.0,2025-08-25 19:59:26,19,contested,won,2025-08-25 19:59:26,5,3,3,0,0.6716666666666667,5,1,1.0,662.19,debit_card,payment_link,fashion_apparel,23,1,1129.37,0,0,192,21,0,1,0.4533,42.23,password_authenticated,password,1,1,1.0,36.0,delivered,delivered,1.0,1.0,0,online_marketplace_retailer,electronics_hub,enterprise,omnichannel,physical_delivery,0,0,0.8088492502051919,1,1,75,0.0125,19.0,12.25
DSP000830,TXN0051415,M000120,C000030,Visa,CREDIT_NOT_PROCESSED,Cardholder claims promised credit or refund was not posted,2025-09-07 02:36:35,174.14,500.0,250.0,2025-09-21 02:36:35,14,contested,lost,2025-09-17 02:36:35,2,3,2,1,0.245,2,1,0.6666666666666666,174.14,debit_card,pos_qr,food_item,264,6,2183.57,0,0,1,77,0,6,0.01,9.58,authenticated_otp,sms_otp,1,0,0.0,0.71,delivered,delivered,0.0,0.0,0,food_local_commerce,gourmet_food,medium,mobile_app,food_delivery,0,0,0.8871460590187717,0,1,104,0.0133,14.0,43.458333333333336
DSP000831,TXN0051440,M000247,C000021,Mastercard,UNAUTHORIZED_TRANSACTION,Cardholder claims transaction was unauthorized or fraudulent,2025-08-14 21:39:33,1669.19,0.0,0.0,2025-08-25 21:39:33,11,accepted,accepted_refunded,,5,3,3,0,0.6383333333333333,5,1,1.0,1669.19,debit_card,pos_qr,fashion_apparel,491,15,29416.18,1,0,19,96,0,7,0.0818,657.35,authenticated_otp,sms_otp,1,1,1.0,17.03,delivered,delivered,1.0,0.0,0,online_marketplace_retailer,electronics_hub,medium,omnichannel,physical_delivery,0,1,0.8914864390220448,1,1,112,0.0147,11.0,20.166666666666668
DSP000832,TXN0051467,M000137,C000090,Mastercard,UNAUTHORIZED_TRANSACTION,Cardholder claims transaction was unauthorized or fraudulent,2025-08-12 04:07:17,627.09,0.0,0.0,2025-08-31 04:07:17,19,accepted,accepted_refunded,,3,3,3,0,0.37333333333333335,3,0,1.0,627.09,debit_card,payment_link,food_item,344,0,0.0,0,0,114,0,1,1,0.0469,22.1,authenticated_otp,sms_otp,1,0,1.0,0.78,delivered,delivered,0.0,0.0,0,food_local_commerce,gourmet_food,enterprise,mobile_app,food_delivery,0,0,0.8119865367333683,1,1,85,0.0117,19.0,17.375
DSP000833,TXN0051499,M000327,C000053,Mastercard,CREDIT_NOT_PROCESSED,Cardholder claims promised credit or refund was not posted,2025-08-11 23:17:53,339.64,500.0,250.0,2025-08-27 23:17:53,16,contested,won,2025-09-04 23:17:53,3,3,3,0,0.38999999999999996,3,0,1.0,339.64,credit_card,desktop_web,food_item,480,1,464.61,0,0,139,25,0,1,0.0853,25.35,authenticated_otp,sms_otp,1,0,1.0,0.91,delivered,delivered,1.0,1.0,0,food_local_commerce,bakery,medium,mobile_app,food_delivery,0,0,0.8660197376717731,1,1,85,0.0293,16.0,17.083333333333332
DSP000834,TXN0051545,M000303,C000049,Visa,DUPLICATE_TRANSACTION,Cardholder claims single purchase was billed multiple times,2025-07-30 05:25:26,256.0,0.0,0.0,2025-08-15 05:25:26,16,accepted,accepted_refunded,,3,2,2,0,0.35833333333333334,3,0,1.0,256.0,credit_card,mobile_app,food_item,120,2,557.48,0,0,29,0,1,1,0.0133,3.81,authenticated_otp,sms_otp,1,0,0.0,0.75,delivered,delivered,1.0,1.0,0,food_local_commerce,cloud_kitchen,medium,website,food_delivery,0,0,0.6122890475819001,0,1,80,0.0124,16.0,3.9583333333333335
DSP000835,TXN0051643,M000248,C000006,Visa,MERCHANDISE_NOT_AS_DESCRIBED,"Cardholder claims merchandise arrived damaged, defective, or not as described",2025-09-04 16:00:55,2778.83,500.0,250.0,2025-09-23 16:00:55,19,contested,lost,2025-10-13 16:00:55,3,2,2,0,0.35000000000000003,3,0,1.0,2778.83,credit_card,pos_qr,gym_membership,483,13,21282.58,0,2,1,336,0,10,0.0579,9.24,authenticated_3ds,3ds_v2,1,0,,,fulfilled,,,,0,fitness_services,yoga_wellness,small,omnichannel,membership_service,1,0,0.5870158700255445,1,1,82,0.0263,19.0,40.166666666666664
DSP000836,TXN0051721,M000353,C000016,Visa,MERCHANDISE_NOT_AS_DESCRIBED,"Cardholder claims merchandise arrived damaged, defective, or not as described",2025-08-01 05:24:30,23843.36,350.0,175.0,2025-08-19 05:24:30,18,contested,lost,2025-08-14 05:24:30,2,2,2,0,0.23666666666666666,2,1,1.0,23843.36,debit_card,mobile_app,hotel_stay,101,16,438607.56,0,2,10,41,0,16,0.0649,63.35,authenticated_otp,sms_otp,1,0,,,fulfilled,,,,0,travel_hospitality,hotel_booking,small,mobile_app,booking_service,0,1,0.5874612614626471,0,0,69,0.0215,18.0,5.541666666666667
DSP000837,TXN0051751,M000087,C000001,Mastercard,MERCHANDISE_NOT_RECEIVED,Cardholder claims ordered merchandise or service was not received,2025-08-27 09:10:51,18142.36,0.0,0.0,2025-09-09 09:10:51,13,accepted,accepted_refunded,,1,1,0,1,0.09999999999999999,1,2,0.0,18142.36,credit_card,desktop_web,mentorship,221,3,42107.66,0,0,14,160,0,1,0.01,11.33,authenticated_3ds,3ds_v2,1,0,,,fulfilled,,,,0,education_coaching,online_tutoring,micro,website,digital_service,1,0,0.3330898024852649,0,1,40,0.0136,13.0,31.625
DSP000838,TXN0051824,M000305,C000024,RuPay,MERCHANDISE_NOT_AS_DESCRIBED,"Cardholder claims merchandise arrived damaged, defective, or not as described",2025-08-21 08:49:58,16569.46,500.0,250.0,2025-09-03 08:49:58,13,contested,won,2025-10-03 08:49:58,3,2,2,0,0.36000000000000004,3,0,1.0,16569.46,debit_card,payment_link,study_material,113,2,19846.98,0,0,101,26,0,1,0.1049,7.19,password_authenticated,password,1,0,,,fulfilled,,,,0,education_coaching,exam_prep,small,mobile_app,digital_service,1,0,0.3051681721168607,0,1,85,0.0164,13.0,25.375
DSP000839,TXN0051887,M000189,C000033,Mastercard,RECURRING_BILLING_DISPUTE,Cardholder claims recurring subscription billing was canceled or unauthorized,2025-09-05 10:17:58,121.22,500.0,250.0,2025-09-22 10:17:58,17,contested,lost,2025-10-05 10:17:58,3,3,3,0,0.41333333333333333,3,0,1.0,121.22,credit_card,mobile_app,food_item,391,12,2670.57,0,0,3,310,0,5,0.0279,78.62,password_authenticated,password,1,0,0.0,0.92,delivered,delivered,0.0,0.0,0,food_local_commerce,gourmet_food,enterprise,website,food_delivery,0,0,0.8257941627715155,1,1,116,0.0156,17.0,40.0
DSP000840,TXN0052030,M000174,C000026,Mastercard,MERCHANDISE_NOT_AS_DESCRIBED,"Cardholder claims merchandise arrived damaged, defective, or not as described",2025-09-09 09:57:24,4105.79,0.0,0.0,2025-09-30 09:57:24,21,accepted,accepted_refunded,,6,3,3,0,0.7600000000000001,6,0,1.0,4105.79,credit_card,desktop_web,footwear,259,2,6073.79,1,0,101,181,0,2,0.2072,106.89,authenticated_otp,sms_otp,1,1,1.0,23.81,delivered,delivered,1.0,0.0,1,d2c_brand,footwear,medium,omnichannel,physical_delivery,0,1,0.8590892943188242,1,1,80,0.0092,21.0,43.583333333333336
DSP000841,TXN0052064,M000386,C000005,Mastercard,MERCHANDISE_NOT_RECEIVED,Cardholder claims ordered merchandise or service was not received,2025-08-21 15:03:07,3423.68,500.0,250.0,2025-08-31 15:03:07,10,contested,won,2025-08-31 15:03:07,2,1,1,0,0.2583333333333333,2,1,1.0,3423.68,credit_card,pos_qr,saas_plan,277,3,8003.35,0,0,132,0,1,1,0.0595,53.46,authenticated_otp,sms_otp,1,0,,,fulfilled,,,,0,digital_saas,developer_tools,small,website,digital_service,1,0,0.869673716536415,1,1,22,0.0244,10.0,24.666666666666668
DSP000842,TXN0052165,M000169,C000005,Visa,MERCHANDISE_NOT_AS_DESCRIBED,"Cardholder claims merchandise arrived damaged, defective, or not as described",2025-09-02 09:50:09,1959.49,450.0,225.0,2025-09-17 09:50:09,15,contested,won,2025-09-11 09:50:09,6,3,3,0,0.7383333333333333,6,0,1.0,1959.49,debit_card,desktop_web,crochet_toy,27,1,2099.38,0,0,21,16,0,1,0.01,12.39,authenticated_otp,sms_otp,1,0,0.0,32.23,delivered,delivered,1.0,1.0,0,individual_social_seller,crochet_accessories,micro,payment_links,physical_delivery,0,0,0.5590289770054409,1,0,3,0.0236,15.0,35.875
DSP000843,TXN0052216,M000008,C000195,Visa,MERCHANDISE_NOT_RECEIVED,Cardholder claims ordered merchandise or service was not received,2025-08-24 04:23:05,5052.74,500.0,250.0,2025-09-05 04:23:05,12,contested,lost,2025-09-07 04:23:05,2,1,1,0,0.24166666666666667,2,1,1.0,5052.74,credit_card,payment_link,lab_test,250,8,29255.82,0,1,58,21,0,8,0.0497,5.59,authenticated_3ds,3ds_v2,1,0,,,fulfilled,,,,0,healthcare_diagnostics,telehealth,enterprise,"website, app, clinic",appointment_service,0,0,0.6098658484197036,1,1,99,0.025,12.0,26.458333333333332
DSP000844,TXN0052256,M000356,C000023,Visa,MERCHANDISE_NOT_AS_DESCRIBED,"Cardholder claims merchandise arrived damaged, defective, or not as described",2025-09-11 10:14:30,16541.93,0.0,0.0,2025-10-02 10:14:30,21,accepted,accepted_refunded,,3,2,2,0,0.37166666666666665,3,0,1.0,16541.93,credit_card,desktop_web,car_rental,447,23,369117.83,0,0,6,189,0,12,0.017,9.28,password_authenticated,password,1,0,,,fulfilled,,,,0,travel_hospitality,hotel_booking,small,mobile_app,booking_service,0,0,0.6356489841188322,1,1,30,0.0258,21.0,44.625
DSP000845,TXN0052310,M000282,C000001,Mastercard,MERCHANDISE_NOT_RECEIVED,Cardholder claims ordered merchandise or service was not received,2025-08-15 12:40:25,1630.89,0.0,0.0,2025-08-30 12:40:25,15,accepted,accepted_refunded,,6,4,4,0,0.7266666666666667,6,0,1.0,1630.89,credit_card,mobile_app,footwear,60,14,39066.26,4,0,0,57,0,6,0.3624,806.81,authenticated_3ds,3ds_v2,1,1,1.0,40.85,delivered,delivered,0.0,0.0,0,d2c_brand,electronics,medium,website,physical_delivery,0,1,0.8649963930777765,1,1,99,0.0128,15.0,17.416666666666668
DSP000846,TXN0052334,M000031,C000007,Visa,UNAUTHORIZED_TRANSACTION,Cardholder claims transaction was unauthorized or fraudulent,2025-08-05 18:46:50,334.13,500.0,250.0,2025-08-20 18:46:50,15,contested,lost,2025-09-15 18:46:50,2,3,2,1,0.2733333333333334,2,1,0.6666666666666666,334.13,credit_card,pos_qr,food_item,326,3,1293.38,0,0,123,0,1,1,0.1835,3.74,auth_failed,sms_otp,2,0,1.0,0.83,failed,failed,0.0,0.0,0,food_local_commerce,gourmet_food,enterprise,website,food_delivery,0,0,0.819967378215836,1,1,55,0.0167,15.0,7.458333333333333
DSP000847,TXN0052340,M000001,C000015,Visa,DUPLICATE_TRANSACTION,Cardholder claims single purchase was billed multiple times,2025-09-04 17:21:51,980.43,500.0,250.0,2025-09-21 17:21:51,17,contested,won,2025-10-10 17:21:51,6,2,2,0,0.785,6,0,1.0,980.43,credit_card,payment_link,crochet_toy,53,2,1896.93,0,0,80,46,0,1,0.01,6.06,authenticated_3ds,3ds_v2,1,0,0.0,4.8,delivered,delivered,0.0,0.0,0,individual_social_seller,crochet_accessories,medium,"Instagram, WhatsApp, payment links",physical_delivery,0,0,0.9,0,1,13,0.025,17.0,37.375
DSP000848,TXN0052370,M000045,C000002,Mastercard,DUPLICATE_TRANSACTION,Cardholder claims single purchase was billed multiple times,2025-08-06 12:20:51,3920.58,500.0,250.0,2025-08-22 12:20:51,16,contested,won,2025-08-20 12:20:51,6,2,2,0,0.6933333333333334,6,0,1.0,3920.58,debit_card,payment_link,footwear,283,9,41199.19,4,0,11,0,1,1,0.2301,4.8,authenticated_otp,sms_otp,1,0,0.0,10.85,delivered,delivered,1.0,1.0,0,d2c_brand,cosmetics,small,website,physical_delivery,0,0,0.5622038234844778,1,1,58,0.0169,16.0,8.083333333333334
DSP000849,TXN0052380,M000002,C000129,Mastercard,CREDIT_NOT_PROCESSED,Cardholder claims promised credit or refund was not posted,2025-08-11 01:46:00,3581.02,450.0,225.0,2025-08-23 01:46:00,12,contested,won,2025-09-09 01:46:00,3,3,3,0,0.36166666666666664,3,0,1.0,3581.02,credit_card,payment_link,footwear,95,4,18148.26,0,0,43,0,1,1,0.2023,32.08,authenticated_3ds,3ds_v2,1,0,0.0,16.26,delivered,delivered,1.0,1.0,1,d2c_brand,footwear,enterprise,website,physical_delivery,0,0,0.65,1,1,60,0.025,12.0,12.625
DSP000850,TXN0052406,M000047,C000003,Visa,MERCHANDISE_NOT_RECEIVED,Cardholder claims ordered merchandise or service was not received,2025-08-28 02:44:54,3873.62,150.0,75.0,2025-09-18 02:44:54,21,contested,won,2025-10-07 02:44:54,6,4,4,0,0.8066666666666666,6,0,1.0,3873.62,credit_card,mobile_app,footwear,210,7,40167.12,5,0,44,155,0,1,0.0589,8.59,auth_failed,sms_otp,4,0,0.0,46.02,failed,failed,0.0,0.0,0,d2c_brand,fashion_apparel,medium,website,physical_delivery,0,1,0.8034388521115218,1,1,96,0.008,21.0,29.583333333333332
DSP000851,TXN0052411,M000280,C000005,RuPay,RECURRING_BILLING_DISPUTE,Cardholder claims recurring subscription billing was canceled or unauthorized,2025-09-11 23:00:11,7162.06,500.0,250.0,2025-09-27 23:00:11,16,contested,lost,2025-10-19 23:00:11,3,3,3,0,0.4033333333333333,3,0,1.0,7162.06,credit_card,mobile_app,saas_plan,264,11,54499.6,0,0,7,0,1,1,0.2839,12.43,password_authenticated,password,1,0,,,fulfilled,,,,0,digital_saas,developer_tools,medium,website,digital_service,1,0,0.8501516294687199,1,1,23,0.0221,16.0,44.416666666666664
DSP000852,TXN0052412,M000283,C000003,Mastercard,MERCHANDISE_NOT_AS_DESCRIBED,"Cardholder claims merchandise arrived damaged, defective, or not as described",2025-09-08 10:10:13,3076.52,450.0,225.0,2025-09-29 10:10:13,21,contested,lost,2025-10-21 10:10:13,5,3,2,1,0.655,5,1,0.6666666666666666,3076.52,credit_card,pos_qr,cosmetics_kit,412,17,42566.94,3,0,3,0,1,1,0.0677,24.37,authenticated_otp,sms_otp,1,0,0.0,11.0,delivered,delivered,1.0,1.0,0,online_marketplace_retailer,beauty_marketplace,enterprise,website,physical_delivery,0,0,0.8701966877257703,1,1,76,0.0126,21.0,40.875
DSP000853,TXN0052510,M000001,C000127,Visa,UNAUTHORIZED_TRANSACTION,Cardholder claims transaction was unauthorized or fraudulent,2025-08-10 05:18:11,745.11,450.0,225.0,2025-08-22 05:18:11,12,contested,lost,2025-08-20 05:18:11,6,3,3,0,0.7216666666666667,6,0,1.0,745.11,debit_card,payment_link,home_decor,28,2,1887.42,0,0,1,20,0,1,0.01,13.59,authenticated_otp,sms_otp,1,0,0.0,31.25,delivered,delivered,1.0,1.0,0,individual_social_seller,crochet_accessories,medium,"Instagram, WhatsApp, payment links",physical_delivery,0,0,0.9,0,1,13,0.025,12.0,11.375
DSP000854,TXN0052581,M000001,C000080,Visa,CREDIT_NOT_PROCESSED,Cardholder claims promised credit or refund was not posted,2025-08-11 19:42:41,1230.07,500.0,250.0,2025-08-25 19:42:41,14,contested,lost,2025-08-27 19:42:41,5,3,3,0,0.6616666666666666,5,1,1.0,1230.07,debit_card,mobile_app,handmade_accessory,412,10,10723.45,0,1,13,22,0,2,0.1689,8.79,password_authenticated,password,1,0,0.0,43.28,delivered,delivered,1.0,1.0,0,individual_social_seller,crochet_accessories,medium,"Instagram, WhatsApp, payment links",physical_delivery,0,0,0.9,0,1,13,0.025,14.0,12.458333333333334
DSP000855,TXN0052637,M000007,C000093,Mastercard,UNAUTHORIZED_TRANSACTION,Cardholder claims transaction was unauthorized or fraudulent,2025-08-12 20:30:48,1901.96,450.0,225.0,2025-08-23 20:30:48,11,contested,lost,2025-08-30 20:30:48,6,3,3,0,0.7566666666666667,6,0,1.0,1901.96,credit_card,pos_qr,electronic_accessory,184,5,11369.09,3,0,41,94,0,2,0.1318,44.15,authenticated_otp,sms_otp,1,0,0.0,43.38,delivered,delivered,1.0,1.0,1,online_marketplace_retailer,beauty_marketplace,enterprise,"website, app",physical_delivery,0,0,0.8731993941811405,1,1,25,0.025,11.0,13.291666666666666
DSP000856,TXN0052818,M000002,C000138,Visa,CREDIT_NOT_PROCESSED,Cardholder claims promised credit or refund was not posted,2025-08-17 02:15:17,4497.83,500.0,250.0,2025-09-07 02:15:17,21,contested,lost,2025-09-21 02:15:17,2,3,2,1,0.27166666666666667,2,1,0.6666666666666666,4497.83,credit_card,pos_qr,footwear,73,1,4697.66,1,0,72,40,0,1,0.01,17.98,authenticated_otp,sms_otp,1,0,0.0,25.31,delivered,delivered,1.0,1.0,1,d2c_brand,footwear,enterprise,website,physical_delivery,0,0,0.65,1,1,60,0.025,21.0,16.708333333333332
DSP000857,TXN0052936,M000388,C000022,Visa,MERCHANDISE_NOT_RECEIVED,Cardholder claims ordered merchandise or service was not received,2025-09-06 22:19:49,1685.04,500.0,250.0,2025-09-24 22:19:49,18,contested,lost,2025-10-12 22:19:49,4,4,2,2,0.4766666666666666,4,2,0.5,1685.04,credit_card,payment_link,footwear,346,8,11855.37,3,0,51,283,0,3,0.3329,342.67,authenticated_otp,sms_otp,1,1,1.0,31.71,failed,failed,0.0,0.0,0,d2c_brand,fashion_apparel,medium,omnichannel,physical_delivery,0,0,0.8877472013527052,0,1,11,0.016,18.0,37.208333333333336
DSP000858,TXN0053053,M000002,C000061,Visa,CREDIT_NOT_PROCESSED,Cardholder claims promised credit or refund was not posted,2025-08-24 12:57:31,3735.11,500.0,250.0,2025-09-03 12:57:31,10,contested,won,2025-09-18 12:57:31,3,3,3,0,0.38000000000000006,3,0,1.0,3735.11,credit_card,pos_qr,footwear,222,8,27916.15,3,0,13,14,0,1,0.3614,37.87,authenticated_otp,sms_otp,1,0,0.0,34.81,delivered,delivered,1.0,1.0,1,d2c_brand,footwear,enterprise,website,physical_delivery,0,0,0.65,1,1,60,0.025,10.0,23.166666666666668
DSP000859,TXN0053078,M000002,C000140,Visa,MERCHANDISE_NOT_RECEIVED,Cardholder claims ordered merchandise or service was not received,2025-09-03 19:45:56,3808.07,500.0,250.0,2025-09-22 19:45:56,19,contested,won,2025-10-10 19:45:56,3,1,1,0,0.34833333333333333,3,0,1.0,3808.07,debit_card,pos_qr,footwear,101,5,19021.04,0,0,11,46,0,2,0.01,26.75,authenticated_3ds,3ds_v2,1,0,0.0,13.11,delivered,delivered,1.0,0.0,1,d2c_brand,footwear,enterprise,website,physical_delivery,0,0,0.65,1,1,60,0.025,19.0,33.375
DSP000860,TXN0053222,M000134,C000032,Mastercard,UNAUTHORIZED_TRANSACTION,Cardholder claims transaction was unauthorized or fraudulent,2025-08-07 01:07:51,3509.18,0.0,0.0,2025-08-27 01:07:51,20,accepted,accepted_refunded,,5,3,2,1,0.6666666666666666,5,1,0.6666666666666666,3509.18,debit_card,pos_qr,footwear,217,4,19668.79,1,0,65,94,0,2,0.01,4.03,authenticated_otp,sms_otp,1,0,0.0,15.45,delivered,delivered,1.0,1.0,0,d2c_brand,fashion_apparel,medium,omnichannel,physical_delivery,0,0,0.8510747302577566,0,1,47,0.0129,20.0,5.166666666666667
DSP000861,TXN0053230,M000007,C000009,Visa,MERCHANDISE_NOT_RECEIVED,Cardholder claims ordered merchandise or service was not received,2025-08-19 12:10:00,1264.17,450.0,225.0,2025-09-03 12:10:00,15,contested,lost,2025-10-02 12:10:00,5,4,4,0,0.65,5,1,1.0,1264.17,credit_card,mobile_app,general_item,26,0,0.0,0,0,1,0,1,1,0.3849,97.39,password_authenticated,password,1,1,1.0,44.13,delivered,delivered,1.0,1.0,0,online_marketplace_retailer,beauty_marketplace,enterprise,"website, app",physical_delivery,0,0,0.8731993941811405,1,1,25,0.025,15.0,17.583333333333332
DSP000862,TXN0053253,M000364,C000032,Visa,UNAUTHORIZED_TRANSACTION,Cardholder claims transaction was unauthorized or fraudulent,2025-09-07 11:22:41,720.1,450.0,225.0,2025-09-21 11:22:41,14,contested,won,2025-09-19 11:22:41,3,3,3,0,0.43166666666666664,3,0,1.0,720.1,credit_card,mobile_app,food_item,211,8,4696.6,0,0,50,55,0,5,0.032,46.17,authenticated_otp,sms_otp,1,0,0.0,0.7,delivered,delivered,1.0,1.0,0,food_local_commerce,gourmet_food,medium,mobile_app,food_delivery,0,0,0.8575474177875879,1,1,90,0.0239,14.0,36.291666666666664
DSP000863,TXN0053265,M000293,C000030,Visa,RECURRING_BILLING_DISPUTE,Cardholder claims recurring subscription billing was canceled or unauthorized,2025-09-06 17:56:45,8431.3,500.0,250.0,2025-09-19 17:56:45,13,contested,lost,2025-10-06 17:56:45,1,3,1,2,0.12,1,2,0.3333333333333333,8431.3,credit_card,payment_link,saas_plan,163,4,48644.61,0,0,18,114,0,2,0.0274,7.39,password_authenticated,password,1,0,,,fulfilled,,,,0,digital_saas,cloud_analytics,medium,website,digital_service,1,0,0.8286541252128284,1,1,18,0.0124,13.0,35.5
DSP000864,TXN0053394,M000365,C000007,Mastercard,RECURRING_BILLING_DISPUTE,Cardholder claims recurring subscription billing was canceled or unauthorized,2025-08-30 18:15:12,2028.31,0.0,0.0,2025-09-20 18:15:12,21,accepted,accepted_refunded,,3,3,3,0,0.36999999999999994,3,0,1.0,2028.31,debit_card,pos_qr,gym_membership,112,4,11971.73,0,0,42,94,0,1,0.1816,25.11,authenticated_otp,sms_otp,1,0,,,fulfilled,,,,0,fitness_services,fitness_program,small,website,membership_service,1,0,0.5888169926206521,1,1,24,0.0214,21.0,28.166666666666668
DSP000865,TXN0053430,M000002,C000014,RuPay,MERCHANDISE_NOT_AS_DESCRIBED,"Cardholder claims merchandise arrived damaged, defective, or not as described",2025-08-28 03:25:50,3678.18,0.0,0.0,2025-09-11 03:25:50,14,accepted,accepted_refunded,,1,2,1,1,0.11666666666666665,1,2,0.5,3678.18,debit_card,desktop_web,footwear,419,29,128027.62,13,0,6,313,0,8,0.1375,2.57,authenticated_otp,sms_otp,1,0,0.0,16.98,delivered,delivered,1.0,1.0,0,d2c_brand,footwear,enterprise,website,physical_delivery,0,0,0.65,1,1,60,0.025,14.0,25.458333333333332
DSP000866,TXN0053495,M000001,C000003,Mastercard,CREDIT_NOT_PROCESSED,Cardholder claims promised credit or refund was not posted,2025-08-24 01:43:57,911.77,500.0,250.0,2025-09-14 01:43:57,21,contested,won,2025-10-08 01:43:57,6,3,3,0,0.83,6,0,1.0,911.77,debit_card,payment_link,crochet_toy,256,12,12177.0,2,1,18,56,0,8,0.0842,2.26,authenticated_3ds,3ds_v2,1,0,0.0,14.9,delivered,delivered,1.0,1.0,0,individual_social_seller,crochet_accessories,medium,"Instagram, WhatsApp, payment links",physical_delivery,0,0,0.9,0,1,13,0.025,21.0,21.208333333333332
DSP000867,TXN0053508,M000088,C000013,Visa,DUPLICATE_TRANSACTION,Cardholder claims single purchase was billed multiple times,2025-08-11 01:57:38,6133.19,350.0,175.0,2025-08-24 01:57:38,13,contested,won,2025-09-11 01:57:38,3,2,2,0,0.36000000000000004,3,0,1.0,6133.19,credit_card,payment_link,flight_booking,84,3,24778.35,0,0,3,0,1,1,0.01,2.69,authenticated_3ds,3ds_v2,1,0,,,fulfilled,,,,0,travel_hospitality,hotel_booking,small,website,booking_service,0,0,0.5563558350286023,0,1,65,0.0266,13.0,8.166666666666666
DSP000868,TXN0053580,M000228,C000034,RuPay,UNAUTHORIZED_TRANSACTION,Cardholder claims transaction was unauthorized or fraudulent,2025-08-11 08:58:01,1876.28,0.0,0.0,2025-08-27 08:58:01,16,accepted,accepted_refunded,,5,3,3,0,0.6749999999999999,5,1,1.0,1876.28,credit_card,mobile_app,fashion_apparel,125,0,0.0,0,0,8,0,1,1,0.2116,37.81,password_authenticated,password,1,0,0.0,30.97,delivered,delivered,1.0,1.0,1,online_marketplace_retailer,electronics_hub,enterprise,omnichannel,physical_delivery,0,0,0.8367715803059433,0,1,92,0.0093,16.0,8.0
DSP000869,TXN0053591,M000242,C000008,Visa,CREDIT_NOT_PROCESSED,Cardholder claims promised credit or refund was not posted,2025-09-11 13:26:43,4896.01,500.0,250.0,2025-09-24 13:26:43,13,contested,won,2025-10-07 13:26:43,2,3,2,1,0.21666666666666665,2,1,0.6666666666666666,4896.01,credit_card,pos_qr,personal_training,135,2,9505.44,0,0,57,76,0,2,0.0283,14.56,authenticated_3ds,3ds_v2,1,0,,,fulfilled,,,,0,fitness_services,yoga_wellness,small,omnichannel,membership_service,1,0,0.5524315966431453,0,1,99,0.0264,13.0,39.166666666666664
DSP000870,TXN0053612,M000003,C000107,Mastercard,CREDIT_NOT_PROCESSED,Cardholder claims promised credit or refund was not posted,2025-09-12 19:26:43,2158.25,0.0,0.0,2025-09-29 19:26:43,17,accepted,accepted_refunded,,2,3,1,2,0.25833333333333336,2,4,0.3333333333333333,2158.25,credit_card,pos_qr,study_material,164,1,2019.04,0,0,78,0,1,1,0.23,18.61,authenticated_otp,sms_otp,1,0,,,fulfilled,,,,0,education_coaching,exam_prep,enterprise,"website, app",digital_service,0,1,0.4,1,0,99,0.025,17.0,40.375
DSP000871,TXN0053822,M000003,C000078,Visa,UNAUTHORIZED_TRANSACTION,Cardholder claims transaction was unauthorized or fraudulent,2025-08-07 05:55:07,2097.12,0.0,0.0,2025-08-21 05:55:07,14,accepted,accepted_refunded,,5,3,3,0,0.5583333333333333,5,1,1.0,2097.12,credit_card,mobile_app,exam_course,289,2,4955.8,0,0,110,177,0,2,0.0463,11.73,authenticated_otp,sms_otp,1,0,,,fulfilled,,,,0,education_coaching,exam_prep,enterprise,"website, app",digital_service,0,1,0.4,1,0,99,0.025,14.0,3.1666666666666665
DSP000872,TXN0053835,M000003,C000003,Visa,CREDIT_NOT_PROCESSED,Cardholder claims promised credit or refund was not posted,2025-09-08 05:20:15,4778.26,500.0,250.0,2025-09-28 05:20:15,20,contested,won,2025-10-23 05:20:15,3,3,2,1,0.33666666666666667,3,3,0.6666666666666666,4778.26,credit_card,mobile_app,exam_course,75,3,13712.71,0,0,108,52,0,3,0.0194,29.99,password_authenticated,password,1,0,,,fulfilled,,,,0,education_coaching,exam_prep,enterprise,"website, app",digital_service,0,1,0.4,1,0,99,0.025,20.0,34.916666666666664
DSP000873,TXN0053851,M000272,C000001,Visa,UNAUTHORIZED_TRANSACTION,Cardholder claims transaction was unauthorized or fraudulent,2025-08-31 02:37:58,9921.2,0.0,0.0,2025-09-17 02:37:58,17,accepted,accepted_refunded,,3,3,3,0,0.39666666666666667,3,0,1.0,9921.2,credit_card,payment_link,saas_plan,112,19,212928.57,0,0,4,61,0,2,0.0971,12.57,authenticated_3ds,3ds_v2,1,0,,,fulfilled,,,,0,digital_saas,developer_tools,medium,website,digital_service,1,0,0.8702484083987109,1,1,115,0.0084,17.0,26.75
DSP000874,TXN0054139,M000128,C000033,Visa,MERCHANDISE_NOT_AS_DESCRIBED,"Cardholder claims merchandise arrived damaged, defective, or not as described",2025-09-13 11:19:49,4363.96,500.0,250.0,2025-09-27 11:19:49,14,contested,lost,2025-09-28 11:19:49,3,2,2,0,0.37666666666666665,3,0,1.0,4363.96,credit_card,payment_link,saas_plan,344,1,9874.79,0,0,75,121,0,1,0.2626,8.83,authenticated_3ds,3ds_v2,1,0,,,fulfilled,,,,0,digital_saas,b2b_software,medium,website,digital_service,1,1,0.8110051924527677,1,1,92,0.0132,14.0,39.0
DSP000875,TXN0054164,M000004,C000014,Visa,MERCHANDISE_NOT_AS_DESCRIBED,"Cardholder claims merchandise arrived damaged, defective, or not as described",2025-08-30 18:03:41,6125.64,0.0,0.0,2025-09-09 18:03:41,10,accepted,accepted_refunded,,0,2,0,2,0.0,0,3,0.0,6125.64,debit_card,mobile_app,flight_booking,97,1,14647.4,0,0,83,74,0,1,0.0123,3.4,authenticated_otp,sms_otp,1,0,,,fulfilled,,,,0,travel_hospitality,travel_agency,enterprise,"website, app",booking_service,0,0,0.3,1,1,68,0.0353,10.0,25.208333333333332
DSP000876,TXN0054200,M000025,C000044,Visa,UNAUTHORIZED_TRANSACTION,Cardholder claims transaction was unauthorized or fraudulent,2025-08-27 07:37:49,5130.27,500.0,250.0,2025-09-16 07:37:49,20,contested,won,2025-09-09 07:37:49,6,3,3,0,0.7983333333333333,6,0,1.0,5130.27,credit_card,payment_link,fashion_apparel,703,22,136202.63,6,0,0,541,0,16,0.01,18.9,authenticated_3ds,3ds_v2,1,0,0.0,22.71,delivered,delivered,1.0,1.0,0,online_marketplace_retailer,specialty_goods,medium,omnichannel,physical_delivery,0,0,0.8611852894722379,0,1,108,0.0088,20.0,21.666666666666668
DSP000877,TXN0054227,M000298,C000013,Visa,CREDIT_NOT_PROCESSED,Cardholder claims promised credit or refund was not posted,2025-09-15 22:46:22,1084.25,0.0,0.0,2025-10-03 22:46:22,18,accepted,accepted_refunded,,6,3,3,0,0.7200000000000001,6,0,1.0,1084.25,debit_card,payment_link,footwear,460,20,39724.45,10,0,12,188,0,20,0.01,22.61,authenticated_3ds,3ds_v2,1,0,0.0,33.57,delivered,delivered,1.0,1.0,1,d2c_brand,fashion_apparel,medium,omnichannel,physical_delivery,0,1,0.5860190641411263,1,1,28,0.0144,18.0,41.208333333333336
DSP000878,TXN0054258,M000227,C000006,Visa,MERCHANDISE_NOT_AS_DESCRIBED,"Cardholder claims merchandise arrived damaged, defective, or not as described",2025-08-28 03:51:17,7892.68,350.0,175.0,2025-09-17 03:51:17,20,contested,won,2025-09-26 03:51:17,3,2,2,0,0.33166666666666667,3,0,1.0,7892.68,debit_card,desktop_web,fitness_class,96,23,178722.58,0,0,29,51,0,11,0.01,32.18,authenticated_3ds,3ds_v2,1,0,,,fulfilled,,,,0,fitness_services,gym_studio,small,omnichannel,membership_service,1,0,0.5593674767828092,1,1,118,0.0215,20.0,22.333333333333332
DSP000879,TXN0054304,M000063,C000002,Mastercard,CREDIT_NOT_PROCESSED,Cardholder claims promised credit or refund was not posted,2025-08-18 06:31:07,6509.89,500.0,250.0,2025-08-30 06:31:07,12,contested,won,2025-09-15 06:31:07,3,3,3,0,0.43,3,0,1.0,6509.89,credit_card,mobile_app,saas_plan,583,13,99263.73,0,1,48,0,1,1,0.0176,7.55,password_authenticated,password,1,0,,,fulfilled,,,,0,digital_saas,productivity_tools,medium,website,digital_service,1,1,0.8045227288910538,1,1,118,0.0198,12.0,12.0
DSP000880,TXN0054360,M000279,C000012,Mastercard,MERCHANDISE_NOT_AS_DESCRIBED,"Cardholder claims merchandise arrived damaged, defective, or not as described",2025-08-19 13:50:52,10148.64,150.0,75.0,2025-09-01 13:50:52,13,contested,won,2025-09-30 13:50:52,2,2,2,0,0.23833333333333337,2,1,1.0,10148.64,credit_card,pos_qr,study_material,88,7,54011.5,0,0,53,0,1,1,0.1537,0.56,authenticated_otp,sms_otp,1,0,,,fulfilled,,,,0,education_coaching,exam_prep,small,mobile_app,digital_service,1,0,0.6011342398860937,0,1,112,0.0211,13.0,13.125
DSP000881,TXN0054438,M000002,C000042,Visa,UNAUTHORIZED_TRANSACTION,Cardholder claims transaction was unauthorized or fraudulent,2025-08-17 05:21:40,3691.29,500.0,250.0,2025-09-03 05:21:40,17,contested,won,2025-09-15 05:21:40,3,3,3,0,0.3333333333333333,3,0,1.0,3691.29,credit_card,desktop_web,footwear,274,8,48066.41,4,0,21,36,0,6,0.0965,2.29,authenticated_3ds,3ds_v2,1,0,0.0,25.68,delivered,delivered,1.0,1.0,1,d2c_brand,footwear,enterprise,website,physical_delivery,0,0,0.65,1,1,60,0.025,17.0,10.541666666666666
DSP000882,TXN0054502,M000319,C000038,Visa,MERCHANDISE_NOT_AS_DESCRIBED,"Cardholder claims merchandise arrived damaged, defective, or not as described",2025-08-29 19:01:19,4723.79,500.0,250.0,2025-09-13 19:01:19,15,contested,won,2025-09-26 19:01:19,6,3,3,0,0.7816666666666666,6,0,1.0,4723.79,credit_card,desktop_web,footwear,184,6,31050.72,2,0,3,0,1,1,0.1784,12.28,authenticated_3ds,3ds_v2,1,0,1.0,44.85,failed,failed,0.0,0.0,0,d2c_brand,cosmetics,medium,website,physical_delivery,1,0,0.8835980120512206,1,1,97,0.0132,15.0,22.916666666666668
DSP000883,TXN0054613,M000007,C000083,RuPay,UNAUTHORIZED_TRANSACTION,Cardholder claims transaction was unauthorized or fraudulent,2025-08-22 09:57:36,7719.62,500.0,250.0,2025-09-05 09:57:36,14,contested,lost,2025-09-17 09:57:36,6,3,3,0,0.7983333333333333,6,0,1.0,7719.62,debit_card,pos_qr,home_decor,330,25,117343.35,8,0,0,153,0,24,0.01,25.69,authenticated_3ds,3ds_v2,1,0,0.0,28.39,delivered,delivered,1.0,1.0,0,online_marketplace_retailer,beauty_marketplace,enterprise,"website, app",physical_delivery,0,0,0.8731993941811405,1,1,25,0.025,14.0,14.916666666666666
DSP000884,TXN0054614,M000166,C000032,Visa,CREDIT_NOT_PROCESSED,Cardholder claims promised credit or refund was not posted,2025-08-18 17:58:17,12784.95,500.0,250.0,2025-08-30 17:58:17,12,contested,won,2025-08-29 17:58:17,2,3,2,1,0.19999999999999998,2,1,0.6666666666666666,12784.95,credit_card,mobile_app,saas_plan,194,13,109947.46,0,0,18,0,1,1,0.237,32.11,authenticated_otp,sms_otp,1,0,,,fulfilled,,,,0,digital_saas,developer_tools,medium,website,digital_service,1,1,0.613230583059358,1,1,5,0.0139,12.0,11.25
DSP000885,TXN0054735,M000382,C000025,Mastercard,UNAUTHORIZED_TRANSACTION,Cardholder claims transaction was unauthorized or fraudulent,2025-08-12 12:57:57,27861.26,450.0,225.0,2025-08-28 12:57:57,16,contested,lost,2025-09-25 12:57:57,2,3,2,1,0.24166666666666667,2,1,0.6666666666666666,27861.26,credit_card,payment_link,car_rental,176,4,91076.56,0,0,133,0,1,1,0.2267,11.31,authenticated_3ds,3ds_v2,1,0,,,fulfilled,,,,0,travel_hospitality,hotel_booking,medium,mobile_app,booking_service,1,0,0.8023271935735825,1,0,119,0.0307,16.0,4.625
DSP000886,TXN0054736,M000109,C000032,Mastercard,CREDIT_NOT_PROCESSED,Cardholder claims promised credit or refund was not posted,2025-08-14 13:03:43,2848.81,500.0,250.0,2025-08-25 13:03:43,11,contested,won,2025-08-28 13:03:43,5,3,3,0,0.555,5,1,1.0,2848.81,credit_card,mobile_app,footwear,661,36,91446.41,15,0,7,0,1,1,0.0438,5.08,authenticated_3ds,3ds_v2,1,0,0.0,38.96,delivered,delivered,1.0,1.0,0,d2c_brand,footwear,medium,website,physical_delivery,0,0,0.8907566473926093,1,1,3,0.0108,11.0,6.625
DSP000887,TXN0054752,M000351,C000029,Visa,MERCHANDISE_NOT_RECEIVED,Cardholder claims ordered merchandise or service was not received,2025-09-18 05:31:53,285.18,0.0,0.0,2025-10-07 05:31:53,19,accepted,accepted_refunded,,1,1,0,1,0.13166666666666668,1,2,0.0,285.18,credit_card,mobile_app,food_item,338,19,10400.67,0,0,0,44,0,19,0.01,24.35,authenticated_otp,sms_otp,1,0,0.0,0.61,delivered,delivered,1.0,1.0,0,food_local_commerce,local_restaurant,enterprise,website,food_delivery,0,0,0.8635093650867643,0,0,107,0.0252,19.0,41.25
DSP000888,TXN0054790,M000086,C000022,Mastercard,MERCHANDISE_NOT_RECEIVED,Cardholder claims ordered merchandise or service was not received,2025-08-21 07:12:27,2901.39,0.0,0.0,2025-09-04 07:12:27,14,accepted,accepted_refunded,,6,4,4,0,0.6900000000000001,6,0,1.0,2901.39,credit_card,pos_qr,footwear,158,0,0.0,0,0,96,0,1,1,0.0116,2.88,password_authenticated,password,1,0,0.0,28.01,delivered,delivered,1.0,1.0,1,d2c_brand,fashion_apparel,medium,website,physical_delivery,0,0,0.8623298126827558,1,1,107,0.0067,14.0,12.958333333333334
DSP000889,TXN0054811,M000331,C000068,Visa,RECURRING_BILLING_DISPUTE,Cardholder claims recurring subscription billing was canceled or unauthorized,2025-09-16 12:03:43,1995.82,500.0,250.0,2025-09-27 12:03:43,11,contested,won,2025-10-05 12:03:43,5,3,2,1,0.6749999999999999,5,1,0.6666666666666666,1995.82,credit_card,payment_link,electronic_accessory,202,15,19360.53,4,0,21,196,0,13,0.0903,5.75,authenticated_3ds,3ds_v2,1,0,0.0,38.86,delivered,delivered,1.0,0.0,0,online_marketplace_retailer,beauty_marketplace,enterprise,mobile_app,physical_delivery,0,0,0.85543540525114,1,1,17,0.0145,11.0,39.083333333333336
DSP000890,TXN0054815,M000320,C000012,Visa,UNAUTHORIZED_TRANSACTION,Cardholder claims transaction was unauthorized or fraudulent,2025-08-29 15:10:05,1457.84,500.0,250.0,2025-09-16 15:10:05,18,contested,lost,2025-10-05 15:10:05,6,3,3,0,0.8016666666666666,6,0,1.0,1457.84,debit_card,mobile_app,footwear,90,7,14848.52,2,1,3,70,0,1,0.0279,15.99,authenticated_3ds,3ds_v2,1,0,0.0,3.03,delivered,delivered,1.0,1.0,1,d2c_brand,home_lifestyle,medium,website,physical_delivery,0,1,0.8695974206093697,1,1,78,0.0128,18.0,21.208333333333332
DSP000891,TXN0054830,M000002,C000062,Mastercard,MERCHANDISE_NOT_AS_DESCRIBED,"Cardholder claims merchandise arrived damaged, defective, or not as described",2025-09-04 08:58:31,9032.18,500.0,250.0,2025-09-23 08:58:31,19,contested,won,2025-10-08 08:58:31,3,2,2,0,0.41,3,0,1.0,9032.18,credit_card,payment_link,footwear,463,34,282727.21,15,1,2,0,1,1,0.1914,8.55,auth_failed,sms_otp,4,0,0.0,26.57,failed,failed,0.0,0.0,0,d2c_brand,footwear,enterprise,website,physical_delivery,0,0,0.65,1,1,60,0.025,19.0,26.916666666666668
DSP000892,TXN0054847,M000279,C000003,Visa,MERCHANDISE_NOT_RECEIVED,Cardholder claims ordered merchandise or service was not received,2025-08-25 03:42:31,3426.43,0.0,0.0,2025-09-07 03:42:31,13,accepted,accepted_refunded,,2,1,0,1,0.21999999999999997,2,1,0.0,3426.43,credit_card,payment_link,test_series,72,2,25808.34,0,0,42,54,0,1,0.01,31.4,password_authenticated,password,1,0,,,fulfilled,,,,0,education_coaching,exam_prep,small,mobile_app,digital_service,1,0,0.6011342398860937,0,1,112,0.0211,13.0,16.666666666666668
DSP000893,TXN0054874,M000228,C000037,Visa,MERCHANDISE_NOT_RECEIVED,Cardholder claims ordered merchandise or service was not received,2025-09-13 18:02:09,2214.15,15.0,7.5,2025-09-30 18:02:09,17,contested,won,2025-09-25 18:02:09,6,4,4,0,0.765,6,0,1.0,2214.15,credit_card,desktop_web,cosmetics_kit,132,2,3089.44,1,0,4,85,0,2,0.01,4.97,password_authenticated,password,1,0,1.0,25.28,delivered,delivered,1.0,1.0,0,online_marketplace_retailer,electronics_hub,enterprise,omnichannel,physical_delivery,0,0,0.8367715803059433,0,1,92,0.0093,17.0,36.166666666666664
DSP000894,TXN0055010,M000393,C000052,Visa,CREDIT_NOT_PROCESSED,Cardholder claims promised credit or refund was not posted,2025-09-01 17:54:09,2966.45,0.0,0.0,2025-09-12 17:54:09,11,accepted,accepted_refunded,,5,3,2,1,0.5866666666666667,5,1,0.6666666666666666,2966.45,debit_card,mobile_app,home_decor,88,2,3379.55,0,0,70,0,1,1,0.0334,36.95,password_authenticated,password,1,0,0.0,45.43,delivered,delivered,1.0,1.0,0,online_marketplace_retailer,beauty_marketplace,enterprise,website,physical_delivery,0,1,0.8750614751640858,1,1,42,0.0119,11.0,23.625
DSP000895,TXN0055013,M000005,C000144,RuPay,CREDIT_NOT_PROCESSED,Cardholder claims promised credit or refund was not posted,2025-09-09 10:50:44,12252.61,0.0,0.0,2025-09-27 10:50:44,18,accepted,accepted_refunded,,3,3,3,0,0.3516666666666666,3,0,1.0,12252.61,credit_card,mobile_app,saas_plan,289,3,20187.02,0,0,86,156,0,1,0.0286,6.66,authenticated_3ds,3ds_v2,1,0,,,fulfilled,,,,0,digital_saas,b2b_software,medium,website,digital_service,1,0,0.5874540118847362,1,0,46,0.025,18.0,31.291666666666668
DSP000896,TXN0055038,M000178,C000057,Visa,CREDIT_NOT_PROCESSED,Cardholder claims promised credit or refund was not posted,2025-09-04 13:13:58,1277.36,500.0,250.0,2025-09-14 13:13:58,10,contested,won,2025-09-18 13:13:58,5,3,3,0,0.6183333333333333,5,1,1.0,1277.36,credit_card,mobile_app,electronic_accessory,293,3,3815.18,0,0,81,277,0,1,0.01,9.86,authenticated_otp,sms_otp,1,0,0.0,35.05,delivered,delivered,1.0,1.0,0,online_marketplace_retailer,multi_category_retail,enterprise,website,physical_delivery,0,1,0.5726495775197937,1,1,50,0.0076,10.0,26.208333333333332
DSP000897,TXN0055175,M000270,C000011,Visa,MERCHANDISE_NOT_AS_DESCRIBED,"Cardholder claims merchandise arrived damaged, defective, or not as described",2025-08-22 03:45:02,3595.84,500.0,250.0,2025-09-07 03:45:02,16,contested,lost,2025-09-10 03:45:02,4,3,2,1,0.435,4,2,0.6666666666666666,3595.84,debit_card,desktop_web,footwear,235,10,30298.7,0,0,10,227,0,10,0.3666,4.66,authenticated_3ds,3ds_v2,1,0,0.0,28.78,delivered,delivered,1.0,1.0,0,d2c_brand,cosmetics,small,omnichannel,physical_delivery,0,0,0.6240768617754204,1,1,119,0.0091,16.0,12.5
DSP000898,TXN0055257,M000174,C000024,Visa,CREDIT_NOT_PROCESSED,Cardholder claims promised credit or refund was not posted,2025-09-20 08:55:23,2524.51,0.0,0.0,2025-10-01 08:55:23,11,accepted,accepted_refunded,,6,3,3,0,0.73,6,0,1.0,2524.51,credit_card,payment_link,footwear,251,22,59968.7,3,0,8,89,0,5,0.01,20.74,authenticated_otp,sms_otp,1,0,0.0,15.06,delivered,delivered,1.0,0.0,0,d2c_brand,footwear,medium,omnichannel,physical_delivery,0,1,0.8590892943188242,1,1,80,0.0092,11.0,41.5
DSP000899,TXN0055268,M000397,C000021,Mastercard,MERCHANDISE_NOT_RECEIVED,Cardholder claims ordered merchandise or service was not received,2025-09-19 15:52:23,2894.7,500.0,250.0,2025-10-03 15:52:23,14,contested,won,2025-10-26 15:52:23,3,1,1,0,0.38666666666666666,3,0,1.0,2894.7,credit_card,pos_qr,saas_plan,497,5,14991.93,0,0,101,313,0,1,0.01,6.45,authenticated_3ds,3ds_v2,1,0,,,fulfilled,,,,0,digital_saas,b2b_software,medium,website,digital_service,1,0,0.8372018085792783,1,1,75,0.0138,14.0,40.75
DSP000900,TXN0055349,M000287,C000053,Mastercard,CREDIT_NOT_PROCESSED,Cardholder claims promised credit or refund was not posted,2025-09-25 04:10:40,1261.36,500.0,250.0,2025-10-11 04:10:40,16,contested,won,2025-10-08 04:10:40,5,3,3,0,0.6633333333333333,5,1,1.0,1261.36,debit_card,mobile_app,cosmetics_kit,63,8,6422.99,1,0,18,16,0,3,0.1742,347.03,authenticated_otp,sms_otp,1,1,1.0,45.91,delivered,delivered,1.0,1.0,0,online_marketplace_retailer,specialty_goods,enterprise,mobile_app,physical_delivery,0,0,0.8375582952639944,1,1,78,0.0144,16.0,45.791666666666664
DSP000901,TXN0055382,M000003,C000092,Visa,MERCHANDISE_NOT_AS_DESCRIBED,"Cardholder claims merchandise arrived damaged, defective, or not as described",2025-08-20 18:47:26,2062.36,0.0,0.0,2025-09-06 18:47:26,17,accepted,accepted_refunded,,4,3,2,1,0.525,4,2,0.6666666666666666,2062.36,credit_card,desktop_web,study_material,194,5,17553.88,0,0,47,0,1,1,0.5781,31.1,authenticated_otp,sms_otp,1,1,,,fulfilled,,,,0,education_coaching,exam_prep,enterprise,"website, app",digital_service,0,1,0.4,1,0,99,0.025,17.0,10.333333333333334
DSP000902,TXN0055409,M000377,C000006,Visa,CREDIT_NOT_PROCESSED,Cardholder claims promised credit or refund was not posted,2025-08-16 14:23:01,10935.98,500.0,250.0,2025-09-02 14:23:01,17,contested,won,2025-08-29 14:23:01,3,3,3,0,0.36000000000000004,3,0,1.0,10935.98,credit_card,desktop_web,saas_plan,468,9,92997.34,0,1,25,202,0,4,0.01,24.89,authenticated_3ds,3ds_v2,1,0,,,fulfilled,,,,0,digital_saas,productivity_tools,medium,website,digital_service,1,0,0.8094442960755928,1,1,39,0.02,17.0,6.083333333333333
DSP000903,TXN0055501,M000294,C000048,Mastercard,MERCHANDISE_NOT_RECEIVED,Cardholder claims ordered merchandise or service was not received,2025-08-18 14:53:32,1552.21,150.0,75.0,2025-09-05 14:53:32,18,contested,won,2025-09-26 14:53:32,5,4,4,0,0.69,5,1,1.0,1552.21,credit_card,payment_link,cosmetics_kit,115,0,0.0,0,0,42,0,1,1,0.0674,36.64,password_authenticated,password,1,0,0.0,35.9,delivered,delivered,0.0,0.0,0,online_marketplace_retailer,electronics_hub,medium,omnichannel,physical_delivery,0,1,0.8590833260569011,1,1,58,0.0095,18.0,7.875
DSP000904,TXN0055502,M000377,C000023,Mastercard,RECURRING_BILLING_DISPUTE,Cardholder claims recurring subscription billing was canceled or unauthorized,2025-08-30 10:57:48,23295.88,500.0,250.0,2025-09-14 10:57:48,15,contested,won,2025-10-03 10:57:48,3,3,3,0,0.42333333333333334,3,0,1.0,23295.88,credit_card,mobile_app,saas_plan,214,4,81422.56,0,0,52,0,1,1,0.0108,2.89,authenticated_3ds,3ds_v2,1,0,,,fulfilled,,,,0,digital_saas,productivity_tools,medium,website,digital_service,1,0,0.8094442960755928,1,1,39,0.02,15.0,19.708333333333332
DSP000905,TXN0055526,M000002,C000138,RuPay,MERCHANDISE_NOT_RECEIVED,Cardholder claims ordered merchandise or service was not received,2025-08-21 07:14:04,3838.75,500.0,250.0,2025-09-07 07:14:04,17,contested,lost,2025-08-30 07:14:04,2,1,0,1,0.19999999999999998,2,1,0.0,3838.75,credit_card,desktop_web,footwear,73,2,9195.49,2,0,10,62,0,1,0.01,0.39,authenticated_otp,sms_otp,1,0,0.0,19.41,delivered,delivered,1.0,1.0,0,d2c_brand,footwear,enterprise,website,physical_delivery,0,0,0.65,1,1,60,0.025,17.0,10.5
DSP000906,TXN0055533,M000184,C000015,Mastercard,MERCHANDISE_NOT_AS_DESCRIBED,"Cardholder claims merchandise arrived damaged, defective, or not as described",2025-08-25 12:26:16,9223.91,0.0,0.0,2025-09-14 12:26:16,20,accepted,accepted_refunded,,1,2,1,1,0.125,1,2,0.5,9223.91,credit_card,mobile_app,saas_plan,228,4,41957.7,0,0,28,0,1,1,0.2537,11.34,authenticated_3ds,3ds_v2,1,0,,,fulfilled,,,,0,digital_saas,developer_tools,small,website,digital_service,1,0,0.5637520944145993,1,1,22,0.0226,20.0,14.708333333333334
DSP000907,TXN0055615,M000158,C000004,Mastercard,MERCHANDISE_NOT_AS_DESCRIBED,"Cardholder claims merchandise arrived damaged, defective, or not as described",2025-09-08 00:27:05,1151.61,500.0,250.0,2025-09-19 00:27:05,11,contested,won,2025-10-20 00:27:05,3,2,2,0,0.36833333333333335,3,0,1.0,1151.61,credit_card,pos_qr,test_series,93,2,3622.77,0,0,209,14,0,2,0.01,17.37,authenticated_3ds,3ds_v2,1,0,,,fulfilled,,,,0,education_coaching,skill_bootcamp,small,mobile_app,digital_service,0,0,0.5989452760277563,0,1,35,0.0265,11.0,27.625
DSP000908,TXN0055698,M000210,C000011,Visa,UNAUTHORIZED_TRANSACTION,Cardholder claims transaction was unauthorized or fraudulent,2025-08-25 07:19:56,3168.07,500.0,250.0,2025-09-04 07:19:56,10,contested,lost,2025-09-21 07:19:56,3,3,2,1,0.37166666666666665,3,3,0.6666666666666666,3168.07,credit_card,desktop_web,footwear,146,14,48836.24,9,0,0,135,0,8,0.0842,6.76,auth_failed,none,4,0,0.0,28.44,failed,failed,0.0,0.0,0,d2c_brand,home_lifestyle,medium,website,physical_delivery,0,0,0.550919705161663,1,1,90,0.0068,10.0,13.666666666666666
DSP000909,TXN0055714,M000280,C000011,RuPay,CREDIT_NOT_PROCESSED,Cardholder claims promised credit or refund was not posted,2025-08-17 17:13:55,2266.97,500.0,250.0,2025-09-05 17:13:55,19,contested,won,2025-09-30 17:13:55,3,3,3,0,0.3416666666666666,3,0,1.0,2266.97,credit_card,payment_link,saas_plan,565,5,13419.1,0,0,0,0,1,1,0.1196,39.71,password_authenticated,password,1,0,,,fulfilled,,,,0,digital_saas,developer_tools,medium,website,digital_service,1,0,0.8501516294687199,1,1,23,0.0221,19.0,6.0
DSP000910,TXN0055800,M000103,C000055,Visa,UNAUTHORIZED_TRANSACTION,Cardholder claims transaction was unauthorized or fraudulent,2025-08-16 20:49:55,8344.65,500.0,250.0,2025-08-31 20:49:55,15,contested,lost,2025-09-14 20:49:55,5,3,3,0,0.61,5,1,1.0,8344.65,credit_card,desktop_web,footwear,186,2,8234.51,0,0,22,181,0,2,0.0119,13.49,authenticated_otp,sms_otp,1,0,1.0,39.35,delivered,delivered,1.0,1.0,1,d2c_brand,fashion_apparel,medium,website,physical_delivery,0,0,0.8025419126744096,1,1,42,0.0177,15.0,4.833333333333333
DSP000911,TXN0055828,M000001,C000119,Visa,RECURRING_BILLING_DISPUTE,Cardholder claims recurring subscription billing was canceled or unauthorized,2025-08-19 05:20:32,607.6,500.0,250.0,2025-09-01 05:20:32,13,contested,lost,2025-09-02 05:20:32,5,3,2,1,0.6333333333333333,5,1,0.6666666666666666,607.6,credit_card,payment_link,handmade_accessory,314,3,3378.7,1,0,19,294,0,1,0.0251,15.11,authenticated_otp,sms_otp,1,0,0.0,44.87,delivered,delivered,1.0,1.0,0,individual_social_seller,crochet_accessories,medium,"Instagram, WhatsApp, payment links",physical_delivery,0,0,0.9,0,1,13,0.025,13.0,6.875
DSP000912,TXN0055867,M000329,C000055,Visa,RECURRING_BILLING_DISPUTE,Cardholder claims recurring subscription billing was canceled or unauthorized,2025-09-05 15:42:28,6038.4,0.0,0.0,2025-09-15 15:42:28,10,accepted,accepted_refunded,,6,3,3,0,0.765,6,0,1.0,6038.4,debit_card,desktop_web,fashion_apparel,134,5,30831.8,2,1,32,73,0,4,0.01,12.96,authenticated_3ds,3ds_v2,1,0,0.0,39.87,delivered,delivered,1.0,1.0,0,online_marketplace_retailer,beauty_marketplace,medium,mobile_app,physical_delivery,0,0,0.8954865280663193,1,1,58,0.0048,10.0,24.208333333333332
DSP000913,TXN0055954,M000128,C000027,Mastercard,DUPLICATE_TRANSACTION,Cardholder claims single purchase was billed multiple times,2025-09-12 11:50:55,7741.28,500.0,250.0,2025-09-30 11:50:55,18,contested,won,2025-10-09 11:50:55,3,2,2,0,0.37000000000000005,3,0,1.0,7741.28,credit_card,desktop_web,saas_plan,664,10,100708.55,0,0,17,473,0,3,0.0403,338.35,authenticated_3ds,3ds_v2,1,1,,,fulfilled,,,,0,digital_saas,b2b_software,medium,website,digital_service,1,1,0.8110051924527677,1,1,92,0.0132,18.0,30.75
DSP000914,TXN0055976,M000364,C000025,RuPay,RECURRING_BILLING_DISPUTE,Cardholder claims recurring subscription billing was canceled or unauthorized,2025-09-09 13:10:37,630.6,500.0,250.0,2025-09-25 13:10:37,16,contested,won,2025-10-17 13:10:37,3,3,3,0,0.405,3,0,1.0,630.6,debit_card,mobile_app,food_item,10,0,0.0,0,0,7,0,1,1,0.0458,23.29,authenticated_otp,sms_otp,1,0,0.0,0.9,delivered,delivered,1.0,1.0,0,food_local_commerce,gourmet_food,medium,mobile_app,food_delivery,0,0,0.8575474177875879,1,1,90,0.0239,16.0,27.75
DSP000915,TXN0056014,M000001,C000008,Mastercard,MERCHANDISE_NOT_RECEIVED,Cardholder claims ordered merchandise or service was not received,2025-09-17 18:46:01,863.17,500.0,250.0,2025-10-02 18:46:01,15,contested,won,2025-10-25 18:46:01,6,4,4,0,0.7566666666666667,6,0,1.0,863.17,debit_card,desktop_web,handmade_accessory,44,1,2033.58,0,1,74,13,0,1,0.01,9.24,authenticated_3ds,3ds_v2,1,0,0.0,36.59,delivered,delivered,1.0,1.0,0,individual_social_seller,crochet_accessories,medium,"Instagram, WhatsApp, payment links",physical_delivery,0,0,0.9,0,1,13,0.025,15.0,35.875
DSP000916,TXN0056032,M000364,C000027,Mastercard,MERCHANDISE_NOT_RECEIVED,Cardholder claims ordered merchandise or service was not received,2025-09-25 03:05:10,631.15,0.0,0.0,2025-10-13 03:05:10,18,accepted,accepted_refunded,,3,1,1,0,0.3833333333333333,3,0,1.0,631.15,credit_card,pos_qr,food_item,308,4,2292.86,0,0,12,210,0,4,0.2644,3.57,authenticated_otp,sms_otp,1,0,0.0,0.79,delivered,delivered,0.0,0.0,0,food_local_commerce,gourmet_food,medium,mobile_app,food_delivery,0,0,0.8575474177875879,1,1,90,0.0239,18.0,43.083333333333336
DSP000917,TXN0056089,M000005,C000072,Mastercard,RECURRING_BILLING_DISPUTE,Cardholder claims recurring subscription billing was canceled or unauthorized,2025-09-10 16:37:02,4638.46,0.0,0.0,2025-09-29 16:37:02,19,accepted,accepted_refunded,,2,3,2,1,0.26,2,1,0.6666666666666666,4638.46,credit_card,mobile_app,saas_plan,152,0,0.0,0,0,9,0,1,1,0.0502,4.43,authenticated_3ds,3ds_v2,1,0,,,fulfilled,,,,0,digital_saas,b2b_software,medium,website,digital_service,1,0,0.5874540118847362,1,0,46,0.025,19.0,28.291666666666668
DSP000918,TXN0056139,M000384,C000009,RuPay,MERCHANDISE_NOT_AS_DESCRIBED,"Cardholder claims merchandise arrived damaged, defective, or not as described",2025-09-22 05:26:57,3396.28,500.0,250.0,2025-10-09 05:26:57,17,contested,lost,2025-10-18 05:26:57,2,2,1,1,0.25333333333333335,2,1,0.5,3396.28,credit_card,pos_qr,saas_plan,248,13,42729.57,0,0,26,0,1,1,0.3222,1.21,password_authenticated,password,1,0,,,fulfilled,,,,0,digital_saas,productivity_tools,medium,website,digital_service,1,1,0.57818547747734,1,1,87,0.0229,17.0,39.666666666666664
DSP000919,TXN0056207,M000383,C000019,RuPay,RECURRING_BILLING_DISPUTE,Cardholder claims recurring subscription billing was canceled or unauthorized,2025-09-18 03:29:40,23361.88,0.0,0.0,2025-10-04 03:29:40,16,accepted,accepted_refunded,,3,3,3,0,0.3333333333333333,3,0,1.0,23361.88,credit_card,payment_link,tour_package,116,19,480393.05,0,1,6,89,0,1,0.01,6.23,authenticated_3ds,3ds_v2,1,0,,,fulfilled,,,,0,travel_hospitality,hotel_booking,medium,mobile_app,booking_service,0,0,0.8814468482588935,1,1,53,0.0211,16.0,35.375
DSP000920,TXN0056208,M000002,C000070,Mastercard,RECURRING_BILLING_DISPUTE,Cardholder claims recurring subscription billing was canceled or unauthorized,2025-09-02 13:37:50,3012.47,15.0,7.5,2025-09-20 13:37:50,18,contested,lost,2025-10-12 13:37:50,2,3,2,1,0.24333333333333332,2,1,0.6666666666666666,3012.47,credit_card,pos_qr,footwear,23,1,5245.41,1,0,141,22,0,1,0.1962,143.78,authenticated_otp,sms_otp,1,1,1.0,10.87,delivered,delivered,1.0,0.0,0,d2c_brand,footwear,enterprise,website,physical_delivery,0,0,0.65,1,1,60,0.025,18.0,19.791666666666668
DSP000921,TXN0056271,M000002,C000105,Visa,MERCHANDISE_NOT_RECEIVED,Cardholder claims ordered merchandise or service was not received,2025-08-28 21:52:51,4438.6,500.0,250.0,2025-09-14 21:52:51,17,contested,lost,2025-09-07 21:52:51,3,1,1,0,0.3566666666666667,3,0,1.0,4438.6,debit_card,payment_link,footwear,132,2,8781.02,0,0,93,14,0,2,0.01,9.43,password_authenticated,password,1,0,0.0,17.17,delivered,delivered,1.0,1.0,0,d2c_brand,footwear,enterprise,website,physical_delivery,0,0,0.65,1,1,60,0.025,17.0,14.75
DSP000922,TXN0056330,M000253,C000013,Visa,RECURRING_BILLING_DISPUTE,Cardholder claims recurring subscription billing was canceled or unauthorized,2025-09-19 16:03:27,4316.56,500.0,250.0,2025-10-04 16:03:27,15,contested,won,2025-10-15 16:03:27,3,3,3,0,0.3933333333333333,3,0,1.0,4316.56,credit_card,mobile_app,saas_plan,295,3,19530.63,0,0,14,53,0,1,0.1773,30.62,auth_failed,none,4,0,,,failed,,,,0,digital_saas,developer_tools,medium,website,digital_service,1,1,0.8963619977089252,1,1,21,0.024,15.0,36.25
DSP000923,TXN0056411,M000234,C000011,Visa,MERCHANDISE_NOT_RECEIVED,Cardholder claims ordered merchandise or service was not received,2025-09-14 05:47:04,983.86,0.0,0.0,2025-09-29 05:47:04,15,accepted,accepted_refunded,,5,4,4,0,0.6266666666666666,5,1,1.0,983.86,credit_card,mobile_app,electronic_accessory,408,11,13785.5,2,0,20,0,1,1,0.0239,3.51,authenticated_3ds,3ds_v2,1,0,1.0,17.54,delivered,delivered,1.0,0.0,1,online_marketplace_retailer,multi_category_retail,small,mobile_app,physical_delivery,0,1,0.8631138625997262,1,1,8,0.0101,15.0,30.541666666666668
DSP000924,TXN0056440,M000002,C000046,Mastercard,CREDIT_NOT_PROCESSED,Cardholder claims promised credit or refund was not posted,2025-09-03 15:29:08,3174.9,500.0,250.0,2025-09-22 15:29:08,19,contested,lost,2025-09-11 15:29:08,1,3,1,2,0.11,1,2,0.3333333333333333,3174.9,debit_card,desktop_web,footwear,222,10,44259.76,1,1,12,115,0,1,0.0161,4.99,authenticated_3ds,3ds_v2,1,0,0.0,29.67,delivered,delivered,1.0,0.0,1,d2c_brand,footwear,enterprise,website,physical_delivery,0,0,0.65,1,1,60,0.025,19.0,19.875
DSP000925,TXN0056621,M000379,C000006,Visa,MERCHANDISE_NOT_RECEIVED,Cardholder claims ordered merchandise or service was not received,2025-09-03 01:33:26,8326.76,500.0,250.0,2025-09-20 01:33:26,17,contested,won,2025-09-22 01:33:26,2,1,1,0,0.2683333333333333,2,1,1.0,8326.76,credit_card,pos_qr,saas_plan,456,11,147621.05,0,0,23,296,0,1,0.0192,22.39,authenticated_3ds,3ds_v2,1,0,,,fulfilled,,,,0,digital_saas,productivity_tools,medium,website,digital_service,1,1,0.8071188648460229,0,1,44,0.0208,17.0,18.375
DSP000926,TXN0056645,M000203,C000003,Mastercard,MERCHANDISE_NOT_RECEIVED,Cardholder claims ordered merchandise or service was not received,2025-08-29 02:03:39,2363.46,500.0,250.0,2025-09-10 02:03:39,12,contested,won,2025-09-06 02:03:39,5,4,3,1,0.62,5,1,0.75,2363.46,credit_card,pos_qr,footwear,108,4,10006.56,2,0,29,106,0,2,0.212,3.1,authenticated_3ds,3ds_v2,1,0,1.0,14.75,delivered,delivered,1.0,0.0,0,d2c_brand,electronics,small,website,physical_delivery,0,1,0.8887086424265117,1,1,115,0.0117,12.0,13.333333333333334
DSP000927,TXN0056681,M000079,C000034,RuPay,MERCHANDISE_NOT_AS_DESCRIBED,"Cardholder claims merchandise arrived damaged, defective, or not as described",2025-08-21 22:55:40,1522.4,150.0,75.0,2025-09-05 22:55:40,15,contested,lost,2025-09-05 22:55:40,6,3,3,0,0.7383333333333333,6,0,1.0,1522.4,debit_card,mobile_app,general_item,666,14,27712.39,0,0,18,0,1,1,0.01,20.69,authenticated_otp,sms_otp,1,0,1.0,36.07,delivered,delivered,1.0,1.0,0,online_marketplace_retailer,specialty_goods,medium,website,physical_delivery,0,0,0.8706857343847617,1,1,59,0.0106,15.0,6.083333333333333
DSP000928,TXN0056696,M000120,C000011,RuPay,CREDIT_NOT_PROCESSED,Cardholder claims promised credit or refund was not posted,2025-09-03 02:08:51,257.39,500.0,250.0,2025-09-22 02:08:51,19,contested,won,2025-10-13 02:08:51,3,3,3,0,0.4033333333333333,3,0,1.0,257.39,debit_card,desktop_web,food_item,200,1,611.22,0,0,76,140,0,1,0.01,21.3,authenticated_otp,sms_otp,1,0,0.0,0.73,delivered,delivered,1.0,1.0,0,food_local_commerce,gourmet_food,medium,mobile_app,food_delivery,0,0,0.8871460590187717,0,1,104,0.0133,19.0,18.125
DSP000929,TXN0056922,M000154,C000056,Visa,MERCHANDISE_NOT_AS_DESCRIBED,"Cardholder claims merchandise arrived damaged, defective, or not as described",2025-09-05 10:57:17,1673.51,0.0,0.0,2025-09-16 10:57:17,11,accepted,accepted_refunded,,6,3,3,0,0.6883333333333334,6,0,1.0,1673.51,debit_card,payment_link,general_item,288,4,11321.79,1,0,6,72,0,3,0.01,53.59,auth_failed,sms_otp,3,0,0.0,3.8,failed,failed,0.0,0.0,0,online_marketplace_retailer,electronics_hub,enterprise,omnichannel,physical_delivery,1,0,0.5778646464236611,1,0,15,0.005,11.0,19.625
DSP000930,TXN0057031,M000166,C000028,Mastercard,MERCHANDISE_NOT_RECEIVED,Cardholder claims ordered merchandise or service was not received,2025-09-11 04:19:01,10354.83,0.0,0.0,2025-10-02 04:19:01,21,accepted,accepted_refunded,,1,1,0,1,0.12833333333333333,1,2,0.0,10354.83,credit_card,mobile_app,saas_plan,173,2,10803.31,0,0,54,0,1,1,0.0131,25.32,authenticated_3ds,3ds_v2,1,0,,,fulfilled,,,,0,digital_saas,developer_tools,medium,website,digital_service,1,1,0.613230583059358,1,1,5,0.0139,21.0,24.75
DSP000931,TXN0057199,M000004,C000083,Visa,MERCHANDISE_NOT_AS_DESCRIBED,"Cardholder claims merchandise arrived damaged, defective, or not as described",2025-09-01 03:56:50,9843.53,450.0,225.0,2025-09-15 03:56:50,14,contested,lost,2025-10-01 03:56:50,1,2,1,1,0.11333333333333334,1,2,0.5,9843.53,credit_card,pos_qr,tour_package,366,36,410685.15,0,5,7,0,1,1,0.1418,55.95,authenticated_3ds,3ds_v2,1,0,,,fulfilled,,,,0,travel_hospitality,travel_agency,enterprise,"website, app",booking_service,0,0,0.3,1,1,68,0.0353,14.0,14.25
DSP000932,TXN0057218,M000001,C000082,Mastercard,UNAUTHORIZED_TRANSACTION,Cardholder claims transaction was unauthorized or fraudulent,2025-08-28 10:39:21,736.84,0.0,0.0,2025-09-15 10:39:21,18,accepted,accepted_refunded,,6,3,3,0,0.7466666666666667,6,0,1.0,736.84,credit_card,desktop_web,handmade_accessory,356,12,14163.13,2,1,16,274,0,3,0.0267,4.82,authenticated_otp,sms_otp,1,0,0.0,33.66,delivered,delivered,1.0,0.0,0,individual_social_seller,crochet_accessories,medium,"Instagram, WhatsApp, payment links",physical_delivery,0,0,0.9,0,1,13,0.025,18.0,10.416666666666666
DSP000933,TXN0057275,M000287,C000126,RuPay,CREDIT_NOT_PROCESSED,Cardholder claims promised credit or refund was not posted,2025-08-30 20:55:03,1002.71,500.0,250.0,2025-09-16 20:55:03,17,contested,lost,2025-09-22 20:55:03,4,3,3,0,0.5166666666666667,4,2,1.0,1002.71,credit_card,pos_qr,electronic_accessory,245,8,6278.74,1,0,23,158,0,8,0.1238,14.34,authenticated_3ds,3ds_v2,1,0,0.0,28.21,delivered,delivered,1.0,0.0,1,online_marketplace_retailer,specialty_goods,enterprise,mobile_app,physical_delivery,0,0,0.8375582952639944,1,1,78,0.0144,17.0,12.458333333333334
DSP000934,TXN0057346,M000220,C000008,Mastercard,MERCHANDISE_NOT_AS_DESCRIBED,"Cardholder claims merchandise arrived damaged, defective, or not as described",2025-09-26 02:25:41,6382.02,350.0,175.0,2025-10-10 02:25:41,14,contested,lost,2025-10-18 02:25:41,1,2,1,1,0.11666666666666665,1,2,0.5,6382.02,credit_card,desktop_web,saas_plan,412,12,103782.34,0,0,10,76,0,6,0.0862,1.18,authenticated_otp,sms_otp,1,0,,,fulfilled,,,,0,digital_saas,productivity_tools,small,website,digital_service,1,0,0.82372490874968,1,1,96,0.0222,14.0,38.5
DSP000935,TXN0057401,M000323,C000031,Visa,UNAUTHORIZED_TRANSACTION,Cardholder claims transaction was unauthorized or fraudulent,2025-09-19 06:11:18,9573.01,500.0,250.0,2025-09-29 06:11:18,10,contested,lost,2025-10-09 06:11:18,2,3,2,1,0.25166666666666665,2,1,0.6666666666666666,9573.01,credit_card,desktop_web,flight_booking,140,4,29910.6,0,0,99,0,1,1,0.01,0.77,authenticated_3ds,3ds_v2,1,0,,,fulfilled,,,,0,travel_hospitality,tour_packages,medium,mobile_app,booking_service,0,1,0.8156437042671085,0,1,46,0.0371,10.0,31.5
DSP000936,TXN0057465,M000189,C000047,Visa,MERCHANDISE_NOT_RECEIVED,Cardholder claims ordered merchandise or service was not received,2025-09-01 13:49:31,354.18,500.0,250.0,2025-09-21 13:49:31,20,contested,won,2025-10-08 13:49:31,3,1,1,0,0.3466666666666667,3,0,1.0,354.18,debit_card,pos_qr,food_item,337,4,808.62,0,0,38,88,0,2,0.01,4.37,authenticated_3ds,3ds_v2,1,0,0.0,0.53,delivered,delivered,1.0,1.0,0,food_local_commerce,gourmet_food,enterprise,website,food_delivery,0,0,0.8257941627715155,1,1,116,0.0156,20.0,13.583333333333334
DSP000937,TXN0057522,M000154,C000025,Visa,CREDIT_NOT_PROCESSED,Cardholder claims promised credit or refund was not posted,2025-09-17 19:55:49,1451.47,0.0,0.0,2025-10-08 19:55:49,21,accepted,accepted_refunded,,2,3,2,1,0.2383333333333333,2,4,0.6666666666666666,1451.47,credit_card,payment_link,electronic_accessory,358,23,45127.86,7,0,27,313,0,11,0.01,20.69,authenticated_3ds,3ds_v2,1,0,0.0,19.96,delivered,delivered,1.0,1.0,0,online_marketplace_retailer,electronics_hub,enterprise,omnichannel,physical_delivery,1,0,0.5778646464236611,1,0,15,0.005,21.0,29.416666666666668
DSP000938,TXN0057617,M000006,C000122,Mastercard,MERCHANDISE_NOT_AS_DESCRIBED,"Cardholder claims merchandise arrived damaged, defective, or not as described",2025-09-14 05:00:25,173.34,500.0,250.0,2025-10-03 05:00:25,19,contested,won,2025-09-29 05:00:25,2,2,1,1,0.21166666666666667,2,1,0.5,173.34,debit_card,pos_qr,food_item,98,4,900.66,0,0,76,0,1,1,0.01,11.75,authenticated_3ds,3ds_v2,1,0,0.0,0.66,delivered,delivered,1.0,1.0,0,food_local_commerce,local_restaurant,medium,"app, food platforms",food_delivery,0,0,0.8950714306409916,1,1,64,0.025,19.0,25.541666666666668
DSP000939,TXN0057718,M000250,C000028,Visa,MERCHANDISE_NOT_AS_DESCRIBED,"Cardholder claims merchandise arrived damaged, defective, or not as described",2025-08-23 18:35:14,13020.73,500.0,250.0,2025-09-05 18:35:14,13,contested,lost,2025-09-14 18:35:14,2,2,1,1,0.2333333333333333,2,1,0.5,13020.73,credit_card,desktop_web,saas_plan,234,7,125807.33,0,0,2,0,1,1,0.3041,26.19,authenticated_3ds,3ds_v2,1,0,,,fulfilled,,,,0,digital_saas,developer_tools,medium,website,digital_service,1,0,0.6428318562587725,1,1,99,0.0187,13.0,3.5
DSP000940,TXN0057731,M000252,C000102,Mastercard,CREDIT_NOT_PROCESSED,Cardholder claims promised credit or refund was not posted,2025-09-26 05:57:44,6214.32,500.0,250.0,2025-10-16 05:57:44,20,contested,lost,2025-11-02 05:57:44,6,3,3,0,0.7716666666666666,6,0,1.0,6214.32,credit_card,mobile_app,general_item,147,24,91971.93,2,0,4,0,1,1,0.01,5.63,authenticated_3ds,3ds_v2,1,0,0.0,28.89,delivered,delivered,1.0,1.0,0,online_marketplace_retailer,specialty_goods,enterprise,mobile_app,physical_delivery,0,0,0.8966654819043669,1,1,34,0.012,20.0,36.916666666666664
DSP000941,TXN0057904,M000003,C000004,Visa,MERCHANDISE_NOT_RECEIVED,Cardholder claims ordered merchandise or service was not received,2025-09-01 04:22:59,2909.5,0.0,0.0,2025-09-13 04:22:59,12,accepted,accepted_refunded,,4,4,2,2,0.48333333333333334,4,2,0.5,2909.5,credit_card,payment_link,exam_course,246,31,91208.16,0,1,4,215,0,19,0.3148,2.94,auth_failed,password,3,0,,,failed,,,,0,education_coaching,exam_prep,enterprise,"website, app",digital_service,0,1,0.4,1,0,99,0.025,12.0,11.333333333333334
DSP000942,TXN0057943,M000017,C000023,Mastercard,MERCHANDISE_NOT_AS_DESCRIBED,"Cardholder claims merchandise arrived damaged, defective, or not as described",2025-09-05 02:40:29,5008.97,500.0,250.0,2025-09-21 02:40:29,16,contested,won,2025-09-13 02:40:29,4,3,3,0,0.56,4,2,1.0,5008.97,debit_card,mobile_app,footwear,675,16,66050.47,5,2,5,0,1,1,0.1369,1.56,authenticated_3ds,3ds_v2,1,0,0.0,47.25,failed,failed,0.0,0.0,0,d2c_brand,fashion_apparel,medium,website,physical_delivery,1,0,0.8832442640800422,1,1,65,0.011,16.0,15.083333333333334
DSP000943,TXN0058033,M000337,C000008,Visa,MERCHANDISE_NOT_RECEIVED,Cardholder claims ordered merchandise or service was not received,2025-08-26 06:08:12,10695.06,500.0,250.0,2025-09-15 06:08:12,20,contested,lost,2025-09-18 06:08:12,3,1,1,0,0.4116666666666667,3,0,1.0,10695.06,credit_card,mobile_app,saas_plan,138,4,37900.67,0,0,61,96,0,2,0.01,29.47,password_authenticated,password,1,0,,,fulfilled,,,,0,digital_saas,productivity_tools,small,website,digital_service,1,0,0.8014393488629755,1,1,85,0.0142,20.0,4.708333333333333
DSP000944,TXN0058156,M000061,C000026,Visa,RECURRING_BILLING_DISPUTE,Cardholder claims recurring subscription billing was canceled or unauthorized,2025-09-04 00:27:18,721.07,150.0,75.0,2025-09-20 00:27:18,16,contested,won,2025-10-17 00:27:18,5,3,3,0,0.5983333333333333,5,1,1.0,721.07,credit_card,pos_qr,general_item,431,3,3215.8,1,0,0,25,0,3,0.01,44.69,password_authenticated,password,1,0,1.0,26.86,delivered,delivered,1.0,1.0,0,online_marketplace_retailer,electronics_hub,enterprise,omnichannel,physical_delivery,0,0,0.8088492502051919,1,1,75,0.0125,16.0,13.041666666666666
DSP000945,TXN0058177,M000072,C000003,Mastercard,MERCHANDISE_NOT_RECEIVED,Cardholder claims ordered merchandise or service was not received,2025-09-01 07:32:20,1282.97,0.0,0.0,2025-09-22 07:32:20,21,accepted,accepted_refunded,,3,4,2,2,0.3516666666666666,3,3,0.5,1282.97,credit_card,payment_link,footwear,208,2,3919.25,1,0,163,58,0,1,0.0425,2.19,password_authenticated,password,1,0,0.0,20.51,delivered,delivered,0.0,0.0,0,d2c_brand,footwear,medium,omnichannel,physical_delivery,0,0,0.8802196980754039,1,1,89,0.0106,21.0,10.0
DSP000946,TXN0058198,M000293,C000022,RuPay,MERCHANDISE_NOT_AS_DESCRIBED,"Cardholder claims merchandise arrived damaged, defective, or not as described",2025-09-01 15:41:30,11872.96,500.0,250.0,2025-09-22 15:41:30,21,contested,lost,2025-10-09 15:41:30,2,2,1,1,0.27666666666666667,2,1,0.5,11872.96,credit_card,mobile_app,saas_plan,566,13,118618.45,0,0,23,440,0,11,0.0149,15.15,authenticated_3ds,3ds_v2,1,0,,,fulfilled,,,,0,digital_saas,cloud_analytics,medium,website,digital_service,1,0,0.8286541252128284,1,1,18,0.0124,21.0,10.291666666666666
DSP000947,TXN0058268,M000323,C000013,RuPay,RECURRING_BILLING_DISPUTE,Cardholder claims recurring subscription billing was canceled or unauthorized,2025-09-18 18:00:06,8558.36,0.0,0.0,2025-10-04 18:00:06,16,accepted,accepted_refunded,,3,3,3,0,0.35000000000000003,3,0,1.0,8558.36,credit_card,mobile_app,hotel_stay,173,4,22182.04,0,0,47,0,1,1,0.3096,233.43,authenticated_otp,sms_otp,1,1,,,fulfilled,,,,0,travel_hospitality,tour_packages,medium,mobile_app,booking_service,0,1,0.8156437042671085,0,1,46,0.0371,16.0,27.166666666666668
DSP000948,TXN0058271,M000061,C000004,Mastercard,CREDIT_NOT_PROCESSED,Cardholder claims promised credit or refund was not posted,2025-09-20 18:05:51,1235.05,0.0,0.0,2025-09-30 18:05:51,10,accepted,accepted_refunded,,5,3,3,0,0.6983333333333333,5,1,1.0,1235.05,credit_card,pos_qr,home_decor,486,11,10511.29,1,0,8,0,1,1,0.1228,6.41,authenticated_otp,sms_otp,1,0,0.0,27.79,delivered,delivered,1.0,1.0,0,online_marketplace_retailer,electronics_hub,enterprise,omnichannel,physical_delivery,0,0,0.8088492502051919,1,1,75,0.0125,10.0,29.166666666666668
DSP000949,TXN0058407,M000277,C000010,Visa,CREDIT_NOT_PROCESSED,Cardholder claims promised credit or refund was not posted,2025-10-03 02:10:08,4785.55,500.0,250.0,2025-10-23 02:10:08,20,contested,lost,2025-11-04 02:10:08,3,3,3,0,0.42333333333333334,3,0,1.0,4785.55,credit_card,payment_link,saas_plan,469,15,120321.98,0,0,9,77,0,7,0.0171,16.83,password_authenticated,password,1,0,,,fulfilled,,,,0,digital_saas,developer_tools,medium,website,digital_service,1,0,0.8867072318580104,1,1,58,0.019,20.0,40.875
DSP000950,TXN0058411,M000015,C000024,Visa,CREDIT_NOT_PROCESSED,Cardholder claims promised credit or refund was not posted,2025-09-09 03:30:27,1273.0,500.0,250.0,2025-09-25 03:30:27,16,contested,won,2025-09-19 03:30:27,4,3,2,1,0.45999999999999996,4,2,0.6666666666666666,1273.0,debit_card,pos_qr,footwear,64,0,0.0,0,0,29,0,1,1,0.061,32.92,authenticated_otp,sms_otp,1,0,1.0,45.33,delivered,delivered,1.0,0.0,1,d2c_brand,electronics,medium,website,physical_delivery,0,0,0.8020584494295803,1,1,56,0.0075,16.0,16.916666666666668
DSP000951,TXN0058445,M000001,C000083,Visa,UNAUTHORIZED_TRANSACTION,Cardholder claims transaction was unauthorized or fraudulent,2025-08-29 18:51:17,782.59,0.0,0.0,2025-09-11 18:51:17,13,accepted,accepted_refunded,,5,3,2,1,0.7066666666666667,5,1,0.6666666666666666,782.59,debit_card,desktop_web,handmade_accessory,3,2,1393.89,1,0,93,0,1,1,0.0411,10.09,password_authenticated,password,1,0,0.0,9.93,delivered,delivered,1.0,0.0,0,individual_social_seller,crochet_accessories,medium,"Instagram, WhatsApp, payment links",physical_delivery,0,0,0.9,0,1,13,0.025,13.0,6.416666666666667
DSP000952,TXN0058507,M000001,C000080,Visa,DUPLICATE_TRANSACTION,Cardholder claims single purchase was billed multiple times,2025-10-05 00:17:40,1637.89,500.0,250.0,2025-10-19 00:17:40,14,contested,won,2025-11-18 00:17:40,6,2,2,0,0.805,6,0,1.0,1637.89,credit_card,mobile_app,handicraft_item,412,15,17179.21,0,1,2,352,0,8,0.01,6.01,authenticated_otp,sms_otp,1,0,0.0,43.58,delivered,delivered,1.0,1.0,0,individual_social_seller,crochet_accessories,medium,"Instagram, WhatsApp, payment links",physical_delivery,0,0,0.9,0,1,13,0.025,14.0,42.5
DSP000953,TXN0058526,M000287,C000053,Visa,UNAUTHORIZED_TRANSACTION,Cardholder claims transaction was unauthorized or fraudulent,2025-09-06 21:29:53,662.66,500.0,250.0,2025-09-18 21:29:53,12,contested,lost,2025-10-03 21:29:53,5,3,2,1,0.6433333333333333,5,1,0.6666666666666666,662.66,credit_card,payment_link,cosmetics_kit,63,10,8502.04,1,0,4,21,0,8,0.2555,5.44,password_authenticated,password,1,0,0.0,3.7,delivered,delivered,1.0,1.0,0,online_marketplace_retailer,specialty_goods,enterprise,mobile_app,physical_delivery,0,0,0.8375582952639944,1,1,78,0.0144,12.0,14.333333333333334
DSP000954,TXN0058543,M000228,C000069,Visa,MERCHANDISE_NOT_RECEIVED,Cardholder claims ordered merchandise or service was not received,2025-09-29 03:07:45,2346.87,500.0,250.0,2025-10-11 03:07:45,12,contested,won,2025-10-23 03:07:45,6,4,4,0,0.71,6,0,1.0,2346.87,credit_card,desktop_web,electronic_accessory,377,4,12584.46,0,0,5,350,0,2,0.01,13.71,authenticated_otp,sms_otp,1,0,0.0,45.54,delivered,delivered,1.0,0.0,1,online_marketplace_retailer,electronics_hub,enterprise,omnichannel,physical_delivery,0,0,0.8367715803059433,0,1,92,0.0093,12.0,36.541666666666664
DSP000955,TXN0058569,M000251,C000033,Mastercard,MERCHANDISE_NOT_RECEIVED,Cardholder claims ordered merchandise or service was not received,2025-09-19 04:39:55,4364.58,0.0,0.0,2025-10-03 04:39:55,14,accepted,accepted_refunded,,4,4,3,1,0.5066666666666667,4,2,0.75,4364.58,credit_card,pos_qr,footwear,125,1,2951.58,1,0,80,0,1,1,0.255,13.72,auth_failed,none,2,0,0.0,16.16,failed,failed,0.0,0.0,0,d2c_brand,electronics,medium,website,physical_delivery,0,0,0.8428184148317314,1,0,41,0.0169,14.0,26.541666666666668
DSP000956,TXN0058897,M000389,C000013,Mastercard,CREDIT_NOT_PROCESSED,Cardholder claims promised credit or refund was not posted,2025-09-17 17:11:37,8973.5,500.0,250.0,2025-10-04 17:11:37,17,contested,lost,2025-10-22 17:11:37,2,3,2,1,0.26,2,1,0.6666666666666666,8973.5,credit_card,pos_qr,test_series,165,8,98187.14,0,0,19,0,1,1,0.4171,16.06,authenticated_3ds,3ds_v2,1,0,,,fulfilled,,,,0,education_coaching,edtech_courses,small,mobile_app,digital_service,0,0,0.6235071043803886,0,1,19,0.0303,17.0,23.958333333333332
DSP000957,TXN0058943,M000064,C000025,RuPay,CREDIT_NOT_PROCESSED,Cardholder claims promised credit or refund was not posted,2025-08-31 03:22:18,831.99,500.0,250.0,2025-09-12 03:22:18,12,contested,won,2025-09-17 03:22:18,4,3,2,1,0.4683333333333333,4,2,0.6666666666666666,831.99,debit_card,desktop_web,electronic_accessory,316,9,12653.73,1,0,21,298,0,2,0.5698,509.8,authenticated_3ds,3ds_v2,1,1,1.0,45.51,delivered,delivered,0.0,0.0,0,online_marketplace_retailer,specialty_goods,enterprise,omnichannel,physical_delivery,1,0,0.8325330330763264,1,1,18,0.0076,12.0,6.25
DSP000958,TXN0059042,M000283,C000002,Mastercard,UNAUTHORIZED_TRANSACTION,Cardholder claims transaction was unauthorized or fraudulent,2025-09-26 23:04:22,1968.05,500.0,250.0,2025-10-07 23:04:22,11,contested,lost,2025-11-01 23:04:22,6,3,3,0,0.7716666666666666,6,0,1.0,1968.05,debit_card,payment_link,general_item,456,11,27504.64,1,0,0,0,1,1,0.01,16.98,authenticated_3ds,3ds_v2,1,0,0.0,46.7,delivered,delivered,1.0,1.0,0,online_marketplace_retailer,beauty_marketplace,enterprise,website,physical_delivery,0,0,0.8701966877257703,1,1,76,0.0126,11.0,32.541666666666664
DSP000959,TXN0059073,M000008,C000012,Visa,RECURRING_BILLING_DISPUTE,Cardholder claims recurring subscription billing was canceled or unauthorized,2025-09-28 14:57:25,2905.86,0.0,0.0,2025-10-19 14:57:25,21,accepted,accepted_refunded,,3,3,3,0,0.38166666666666665,3,0,1.0,2905.86,credit_card,mobile_app,lab_test,199,9,33734.65,0,0,12,146,0,5,0.063,13.22,authenticated_3ds,3ds_v2,1,0,,,fulfilled,,,,0,healthcare_diagnostics,telehealth,enterprise,"website, app, clinic",appointment_service,0,0,0.6098658484197036,1,1,99,0.025,21.0,34.125
DSP000960,TXN0059092,M000094,C000001,Visa,MERCHANDISE_NOT_RECEIVED,Cardholder claims ordered merchandise or service was not received,2025-09-08 19:11:03,780.89,350.0,175.0,2025-09-29 19:11:03,21,contested,won,2025-10-18 19:11:03,3,1,1,0,0.40166666666666667,3,0,1.0,780.89,credit_card,desktop_web,food_item,274,13,7828.5,0,0,4,103,0,10,0.01,16.8,authenticated_otp,sms_otp,1,0,0.0,0.82,delivered,delivered,1.0,0.0,0,food_local_commerce,bakery,medium,mobile_app,food_delivery,0,0,0.8472214925161949,1,0,10,0.0188,21.0,14.208333333333334
DSP000961,TXN0059240,M000001,C000020,Mastercard,MERCHANDISE_NOT_RECEIVED,Cardholder claims ordered merchandise or service was not received,2025-10-04 13:19:48,1361.69,500.0,250.0,2025-10-20 13:19:48,16,contested,won,2025-11-01 13:19:48,5,4,4,0,0.605,5,1,1.0,1361.69,credit_card,desktop_web,handmade_accessory,319,11,14558.53,2,0,34,0,1,1,0.0134,10.38,authenticated_otp,sms_otp,1,0,0.0,10.87,delivered,delivered,1.0,1.0,0,individual_social_seller,crochet_accessories,medium,"Instagram, WhatsApp, payment links",physical_delivery,0,0,0.9,0,1,13,0.025,16.0,39.208333333333336
DSP000962,TXN0059257,M000328,C000011,Visa,DUPLICATE_TRANSACTION,Cardholder claims single purchase was billed multiple times,2025-08-30 18:43:53,452.24,450.0,225.0,2025-09-19 18:43:53,20,contested,lost,2025-09-26 18:43:53,0,2,0,2,0.0,0,3,0.0,452.24,credit_card,pos_qr,food_item,404,7,3201.42,0,0,13,0,1,1,0.2681,1.0,authenticated_otp,sms_otp,1,0,0.0,0.81,delivered,delivered,1.0,1.0,0,food_local_commerce,local_restaurant,small,mobile_app,food_delivery,0,0,0.3279933896945942,0,1,73,0.0295,20.0,4.375
DSP000963,TXN0059287,M000365,C000001,Visa,MERCHANDISE_NOT_RECEIVED,Cardholder claims ordered merchandise or service was not received,2025-09-07 11:42:40,2537.41,500.0,250.0,2025-09-18 11:42:40,11,contested,won,2025-10-01 11:42:40,2,1,1,0,0.25166666666666665,2,1,1.0,2537.41,credit_card,payment_link,gym_membership,447,5,14094.81,0,0,11,387,0,2,0.0216,0.87,authenticated_otp,sms_otp,1,0,,,fulfilled,,,,0,fitness_services,fitness_program,small,website,membership_service,1,0,0.5888169926206521,1,1,24,0.0214,11.0,12.0
DSP000964,TXN0059440,M000085,C000006,RuPay,MERCHANDISE_NOT_AS_DESCRIBED,"Cardholder claims merchandise arrived damaged, defective, or not as described",2025-10-07 18:43:11,5370.11,500.0,250.0,2025-10-17 18:43:11,10,contested,lost,2025-11-19 18:43:11,6,3,3,0,0.7516666666666666,6,0,1.0,5370.11,credit_card,mobile_app,footwear,632,19,72893.42,7,0,12,174,0,12,0.01,9.36,password_authenticated,password,1,0,0.0,9.77,delivered,delivered,1.0,1.0,0,d2c_brand,electronics,small,omnichannel,physical_delivery,0,0,0.8863103425875594,1,1,18,0.0129,10.0,41.875
DSP000965,TXN0059469,M000002,C000045,Visa,MERCHANDISE_NOT_AS_DESCRIBED,"Cardholder claims merchandise arrived damaged, defective, or not as described",2025-09-07 13:15:04,4151.21,450.0,225.0,2025-09-17 13:15:04,10,contested,won,2025-09-18 13:15:04,2,2,2,0,0.255,2,1,1.0,4151.21,debit_card,desktop_web,footwear,290,13,107300.59,6,0,16,0,1,1,0.2081,761.33,authenticated_otp,sms_otp,1,1,1.0,3.35,delivered,delivered,1.0,1.0,0,d2c_brand,footwear,enterprise,website,physical_delivery,0,0,0.65,1,1,60,0.025,10.0,11.25
DSP000966,TXN0059473,M000039,C000010,Visa,UNAUTHORIZED_TRANSACTION,Cardholder claims transaction was unauthorized or fraudulent,2025-10-05 02:42:50,6093.44,500.0,250.0,2025-10-21 02:42:50,16,contested,won,2025-11-06 02:42:50,3,3,3,0,0.36166666666666664,3,0,1.0,6093.44,credit_card,payment_link,vacation_package,39,4,15503.85,0,0,182,0,1,1,0.1816,25.82,authenticated_3ds,3ds_v2,1,0,,,fulfilled,,,,0,travel_hospitality,hotel_booking,medium,mobile_app,booking_service,1,0,0.6465632033074559,1,1,67,0.0193,16.0,38.791666666666664
DSP000967,TXN0059483,M000002,C000119,Visa,MERCHANDISE_NOT_RECEIVED,Cardholder claims ordered merchandise or service was not received,2025-09-04 08:19:15,4038.58,0.0,0.0,2025-09-17 08:19:15,13,accepted,accepted_refunded,,3,1,1,0,0.3416666666666666,3,0,1.0,4038.58,credit_card,desktop_web,footwear,630,19,91341.4,4,0,5,437,0,7,0.1928,3.91,authenticated_3ds,3ds_v2,1,0,0.0,43.42,delivered,delivered,1.0,0.0,1,d2c_brand,footwear,enterprise,website,physical_delivery,0,0,0.65,1,1,60,0.025,13.0,8.0
DSP000968,TXN0059541,M000167,C000006,Mastercard,UNAUTHORIZED_TRANSACTION,Cardholder claims transaction was unauthorized or fraudulent,2025-09-08 16:08:59,3104.5,0.0,0.0,2025-09-22 16:08:59,14,accepted,accepted_refunded,,6,3,3,0,0.7616666666666667,6,0,1.0,3104.5,credit_card,pos_qr,footwear,230,11,44137.14,2,0,13,165,0,7,0.01,24.31,authenticated_3ds,3ds_v2,1,0,1.0,13.25,delivered,delivered,1.0,1.0,0,d2c_brand,cosmetics,medium,website,physical_delivery,0,0,0.6133529710760894,0,1,115,0.0059,14.0,12.125
DSP000969,TXN0059596,M000369,C000083,Visa,UNAUTHORIZED_TRANSACTION,Cardholder claims transaction was unauthorized or fraudulent,2025-09-19 14:36:38,5964.44,0.0,0.0,2025-10-08 14:36:38,19,accepted,accepted_refunded,,6,3,3,0,0.8716666666666667,6,0,1.0,5964.44,credit_card,pos_qr,footwear,247,4,12940.66,0,0,130,0,1,1,0.0604,9.8,authenticated_3ds,3ds_v2,1,0,0.0,43.51,delivered,delivered,1.0,1.0,1,d2c_brand,cosmetics,medium,website,physical_delivery,1,0,0.8941464808776525,0,1,119,0.0159,19.0,22.875
DSP000970,TXN0059749,M000017,C000029,RuPay,UNAUTHORIZED_TRANSACTION,Cardholder claims transaction was unauthorized or fraudulent,2025-10-02 15:49:38,2553.41,150.0,75.0,2025-10-19 15:49:38,17,contested,lost,2025-11-05 15:49:38,4,3,2,1,0.5233333333333333,4,2,0.6666666666666666,2553.41,credit_card,desktop_web,footwear,138,0,0.0,0,0,40,0,1,1,0.1059,46.1,authenticated_otp,sms_otp,1,0,1.0,30.63,delivered,delivered,1.0,0.0,0,d2c_brand,fashion_apparel,medium,website,physical_delivery,1,0,0.8832442640800422,1,1,65,0.011,17.0,35.25
DSP000971,TXN0059780,M000066,C000007,Mastercard,MERCHANDISE_NOT_AS_DESCRIBED,"Cardholder claims merchandise arrived damaged, defective, or not as described",2025-09-06 00:07:28,291.53,150.0,75.0,2025-09-21 00:07:28,15,contested,won,2025-09-15 00:07:28,2,2,1,1,0.26,2,1,0.5,291.53,debit_card,pos_qr,food_item,341,0,0.0,0,0,23,0,1,1,0.0638,29.46,authenticated_3ds,3ds_v2,1,0,0.0,0.95,delivered,delivered,0.0,0.0,0,food_local_commerce,gourmet_food,small,mobile_app,food_delivery,0,0,0.5771349031773896,0,1,10,0.021,15.0,8.541666666666666
DSP000972,TXN0059799,M000077,C000018,Visa,CREDIT_NOT_PROCESSED,Cardholder claims promised credit or refund was not posted,2025-10-02 22:31:22,11962.68,500.0,250.0,2025-10-19 22:31:22,17,contested,lost,2025-11-09 22:31:22,0,3,0,3,0.0,0,3,0.0,11962.68,credit_card,pos_qr,exam_course,59,3,27241.96,0,1,68,35,0,3,0.2179,1.61,password_authenticated,password,1,0,,,fulfilled,,,,0,education_coaching,skill_bootcamp,small,mobile_app,digital_service,0,0,0.3005522117123602,0,0,50,0.0345,17.0,35.416666666666664
DSP000973,TXN0059958,M000395,C000030,Mastercard,UNAUTHORIZED_TRANSACTION,Cardholder claims transaction was unauthorized or fraudulent,2025-10-05 02:54:59,507.68,500.0,250.0,2025-10-25 02:54:59,20,contested,won,2025-11-11 02:54:59,6,3,3,0,0.84,6,0,1.0,507.68,credit_card,mobile_app,footwear,214,37,61627.36,14,0,5,0,1,1,0.0346,0.66,authenticated_otp,sms_otp,1,0,0.0,29.43,delivered,delivered,1.0,1.0,0,d2c_brand,electronics,medium,omnichannel,physical_delivery,1,0,0.8990505142000673,1,1,86,0.0087,20.0,36.833333333333336
DSP000974,TXN0060035,M000310,C000012,Visa,DUPLICATE_TRANSACTION,Cardholder claims single purchase was billed multiple times,2025-09-20 18:24:10,6839.58,500.0,250.0,2025-10-02 18:24:10,12,contested,won,2025-10-24 18:24:10,5,2,2,0,0.68,5,1,1.0,6839.58,credit_card,mobile_app,footwear,362,9,35888.03,4,0,23,201,0,9,0.2658,379.37,authenticated_3ds,3ds_v2,1,1,1.0,2.77,delivered,delivered,1.0,1.0,1,d2c_brand,electronics,medium,omnichannel,physical_delivery,1,1,0.8975852079462534,1,1,16,0.0146,12.0,22.166666666666668
DSP000975,TXN0060049,M000014,C000005,Mastercard,RECURRING_BILLING_DISPUTE,Cardholder claims recurring subscription billing was canceled or unauthorized,2025-09-20 09:25:36,982.9,0.0,0.0,2025-09-30 09:25:36,10,accepted,accepted_refunded,,4,3,2,1,0.4766666666666666,4,2,0.6666666666666666,982.9,debit_card,payment_link,footwear,357,4,7015.17,0,0,18,184,0,1,0.01,9.6,authenticated_3ds,3ds_v2,1,0,0.0,14.29,delivered,delivered,0.0,0.0,0,d2c_brand,fashion_apparel,medium,website,physical_delivery,1,1,0.8708072577796045,1,1,77,0.0132,10.0,21.75
DSP000976,TXN0060103,M000254,C000005,Visa,CREDIT_NOT_PROCESSED,Cardholder claims promised credit or refund was not posted,2025-09-29 09:40:58,783.82,350.0,175.0,2025-10-10 09:40:58,11,contested,lost,2025-10-11 09:40:58,4,3,2,1,0.53,4,2,0.6666666666666666,783.82,credit_card,mobile_app,footwear,126,17,28729.99,5,0,1,94,0,1,0.0491,15.95,authenticated_3ds,3ds_v2,1,0,0.0,18.69,delivered,delivered,1.0,1.0,0,d2c_brand,home_lifestyle,small,website,physical_delivery,0,0,0.885300945546736,1,1,100,0.0063,11.0,30.541666666666668
DSP000977,TXN0060177,M000075,C000008,Mastercard,MERCHANDISE_NOT_AS_DESCRIBED,"Cardholder claims merchandise arrived damaged, defective, or not as described",2025-10-04 08:40:31,11791.38,500.0,250.0,2025-10-15 08:40:31,11,contested,lost,2025-10-16 08:40:31,1,2,1,1,0.12,1,2,0.5,11791.38,credit_card,desktop_web,study_material,539,17,180327.53,0,2,14,333,0,1,0.01,1.44,authenticated_3ds,3ds_v2,1,0,,,fulfilled,,,,0,education_coaching,online_tutoring,small,website,digital_service,0,1,0.3772244769296657,0,1,23,0.0166,11.0,35.0
DSP000978,TXN0060235,M000366,C000006,Mastercard,MERCHANDISE_NOT_RECEIVED,Cardholder claims ordered merchandise or service was not received,2025-09-29 09:16:40,3241.1,500.0,250.0,2025-10-13 09:16:40,14,contested,lost,2025-10-17 09:16:40,5,4,3,1,0.6516666666666667,5,1,0.75,3241.1,credit_card,mobile_app,electronic_accessory,406,14,46598.63,3,0,21,75,0,5,0.0278,6.27,password_authenticated,password,1,0,1.0,19.03,delivered,delivered,1.0,1.0,1,online_marketplace_retailer,electronics_hub,medium,omnichannel,physical_delivery,0,0,0.8643288218442353,1,1,78,0.0135,14.0,29.916666666666668
DSP000979,TXN0060317,M000250,C000002,Mastercard,MERCHANDISE_NOT_AS_DESCRIBED,"Cardholder claims merchandise arrived damaged, defective, or not as described",2025-09-15 21:17:56,6422.68,500.0,250.0,2025-09-26 21:17:56,11,contested,lost,2025-09-22 21:17:56,2,2,1,1,0.22666666666666666,2,1,0.5,6422.68,credit_card,desktop_web,saas_plan,333,5,46501.69,0,0,56,157,0,1,0.013,11.85,authenticated_3ds,3ds_v2,1,0,,,fulfilled,,,,0,digital_saas,developer_tools,medium,website,digital_service,1,0,0.6428318562587725,1,1,99,0.0187,11.0,16.208333333333332
DSP000980,TXN0060377,M000293,C000020,Visa,MERCHANDISE_NOT_RECEIVED,Cardholder claims ordered merchandise or service was not received,2025-09-27 22:43:49,13515.5,500.0,250.0,2025-10-07 22:43:49,10,contested,won,2025-10-27 22:43:49,3,1,1,0,0.42,3,0,1.0,13515.5,credit_card,desktop_web,saas_plan,719,11,127967.46,0,0,10,0,1,1,0.4171,3.77,authenticated_3ds,3ds_v2,1,0,,,fulfilled,,,,0,digital_saas,cloud_analytics,medium,website,digital_service,1,0,0.8286541252128284,1,1,18,0.0124,10.0,28.125
DSP000981,TXN0060378,M000147,C000038,Visa,UNAUTHORIZED_TRANSACTION,Cardholder claims transaction was unauthorized or fraudulent,2025-09-28 04:45:27,332.57,450.0,225.0,2025-10-09 04:45:27,11,contested,lost,2025-10-17 04:45:27,3,3,3,0,0.3833333333333333,3,0,1.0,332.57,debit_card,desktop_web,food_item,635,10,3475.96,0,0,22,527,0,9,0.01,7.7,authenticated_otp,sms_otp,1,0,0.0,0.79,delivered,delivered,1.0,0.0,0,food_local_commerce,cloud_kitchen,medium,mobile_app,food_delivery,1,0,0.8497248505892385,1,1,43,0.0152,11.0,28.375
DSP000982,TXN0060391,M000015,C000055,Mastercard,MERCHANDISE_NOT_AS_DESCRIBED,"Cardholder claims merchandise arrived damaged, defective, or not as described",2025-09-04 02:18:32,2148.14,500.0,250.0,2025-09-21 02:18:32,17,contested,lost,2025-10-15 02:18:32,6,3,3,0,0.7683333333333332,6,0,1.0,2148.14,debit_card,payment_link,footwear,359,2,5814.58,0,0,89,357,0,1,0.4761,18.65,authenticated_3ds,3ds_v2,1,1,1.0,46.32,delivered,delivered,1.0,0.0,0,d2c_brand,electronics,medium,website,physical_delivery,0,0,0.8020584494295803,1,1,56,0.0075,17.0,4.25
DSP000983,TXN0060452,M000252,C000031,Mastercard,RECURRING_BILLING_DISPUTE,Cardholder claims recurring subscription billing was canceled or unauthorized,2025-09-15 08:25:05,3639.6,500.0,250.0,2025-09-29 08:25:05,14,contested,lost,2025-10-02 08:25:05,6,3,3,0,0.7916666666666666,6,0,1.0,3639.6,debit_card,payment_link,cosmetics_kit,372,5,15511.15,1,0,45,338,0,1,0.0106,10.4,authenticated_3ds,3ds_v2,1,0,0.0,40.28,delivered,delivered,1.0,1.0,1,online_marketplace_retailer,specialty_goods,enterprise,mobile_app,physical_delivery,0,0,0.8966654819043669,1,1,34,0.012,14.0,15.083333333333334
DSP000984,TXN0060458,M000363,C000005,RuPay,MERCHANDISE_NOT_RECEIVED,Cardholder claims ordered merchandise or service was not received,2025-09-13 05:45:32,1142.38,150.0,75.0,2025-10-04 05:45:32,21,contested,lost,2025-10-02 05:45:32,5,4,3,1,0.6533333333333333,5,1,0.75,1142.38,credit_card,mobile_app,fashion_apparel,345,3,3128.76,2,0,13,259,0,1,0.01,4.59,authenticated_3ds,3ds_v2,1,0,0.0,24.57,delivered,delivered,1.0,1.0,0,online_marketplace_retailer,multi_category_retail,enterprise,website,physical_delivery,1,0,0.8940230241424958,1,1,84,0.0116,21.0,12.958333333333334
DSP000985,TXN0060621,M000395,C000036,Mastercard,MERCHANDISE_NOT_RECEIVED,Cardholder claims ordered merchandise or service was not received,2025-09-22 12:18:29,2136.86,0.0,0.0,2025-10-08 12:18:29,16,accepted,accepted_refunded,,6,4,4,0,0.7866666666666666,6,0,1.0,2136.86,debit_card,pos_qr,footwear,377,9,13314.57,4,0,16,25,0,7,0.0287,2.42,authenticated_3ds,3ds_v2,1,0,0.0,8.02,delivered,delivered,1.0,1.0,0,d2c_brand,electronics,medium,omnichannel,physical_delivery,1,0,0.8990505142000673,1,1,86,0.0087,16.0,21.75
DSP000986,TXN0060627,M000017,C000023,Visa,MERCHANDISE_NOT_RECEIVED,Cardholder claims ordered merchandise or service was not received,2025-10-01 07:29:07,3775.32,0.0,0.0,2025-10-18 07:29:07,17,accepted,accepted_refunded,,6,4,4,0,0.8150000000000001,6,0,1.0,3775.32,credit_card,desktop_web,footwear,675,17,71059.44,5,2,10,198,0,11,0.01,34.68,authenticated_otp,sms_otp,1,0,0.0,3.22,delivered,delivered,1.0,1.0,0,d2c_brand,fashion_apparel,medium,website,physical_delivery,1,0,0.8832442640800422,1,1,65,0.011,17.0,30.541666666666668
DSP000987,TXN0060629,M000012,C000011,RuPay,MERCHANDISE_NOT_RECEIVED,Cardholder claims ordered merchandise or service was not received,2025-09-29 09:30:30,6894.74,500.0,250.0,2025-10-17 09:30:30,18,contested,lost,2025-11-11 09:30:30,0,1,0,1,0.0,0,3,0.0,6894.74,credit_card,pos_qr,fitness_class,294,7,56081.94,0,0,21,122,0,1,0.2058,1.95,password_authenticated,password,1,0,,,fulfilled,,,,0,fitness_services,personal_training,small,mobile_app,membership_service,1,0,0.6366176145774936,1,1,4,0.0127,18.0,28.625
DSP000988,TXN0060921,M000290,C000031,RuPay,MERCHANDISE_NOT_AS_DESCRIBED,"Cardholder claims merchandise arrived damaged, defective, or not as described",2025-09-25 14:49:33,450.71,500.0,250.0,2025-10-06 14:49:33,11,contested,lost,2025-10-09 14:49:33,2,2,2,0,0.205,2,1,1.0,450.71,credit_card,desktop_web,food_item,429,4,2159.08,0,0,22,81,0,3,0.01,26.07,authenticated_otp,sms_otp,1,0,0.0,0.85,delivered,delivered,1.0,1.0,0,food_local_commerce,local_restaurant,medium,website,food_delivery,0,0,0.8035942273796742,1,1,9,0.0167,11.0,23.708333333333332
DSP000989,TXN0060955,M000004,C000083,RuPay,UNAUTHORIZED_TRANSACTION,Cardholder claims transaction was unauthorized or fraudulent,2025-10-07 02:02:40,5871.62,0.0,0.0,2025-10-27 02:02:40,20,accepted,accepted_refunded,,2,3,2,1,0.24166666666666667,2,1,0.6666666666666666,5871.62,credit_card,pos_qr,car_rental,366,39,443890.6,0,6,7,173,0,13,0.2294,15.64,authenticated_3ds,3ds_v2,1,0,,,fulfilled,,,,0,travel_hospitality,travel_agency,enterprise,"website, app",booking_service,0,0,0.3,1,1,68,0.0353,20.0,34.791666666666664
DSP000990,TXN0061050,M000369,C000013,Mastercard,UNAUTHORIZED_TRANSACTION,Cardholder claims transaction was unauthorized or fraudulent,2025-09-24 12:40:18,1895.12,500.0,250.0,2025-10-07 12:40:18,13,contested,won,2025-11-07 12:40:18,6,3,3,0,0.7799999999999999,6,0,1.0,1895.12,credit_card,pos_qr,footwear,245,3,5549.22,2,0,31,41,0,1,0.1577,0.89,authenticated_3ds,3ds_v2,1,0,1.0,33.82,delivered,delivered,1.0,1.0,1,d2c_brand,cosmetics,medium,website,physical_delivery,1,0,0.8941464808776525,0,1,119,0.0159,13.0,21.958333333333332
DSP000991,TXN0061080,M000330,C000037,Mastercard,CREDIT_NOT_PROCESSED,Cardholder claims promised credit or refund was not posted,2025-09-27 11:50:02,5677.52,500.0,250.0,2025-10-18 11:50:02,21,contested,lost,2025-11-03 11:50:02,6,3,3,0,0.7116666666666668,6,0,1.0,5677.52,credit_card,pos_qr,footwear,170,4,15568.77,3,0,144,75,0,3,0.0201,10.08,authenticated_otp,sms_otp,1,0,0.0,11.15,delivered,delivered,0.0,0.0,1,d2c_brand,fashion_apparel,medium,omnichannel,physical_delivery,0,0,0.8737896916695769,1,1,27,0.0074,21.0,24.791666666666668
DSP000992,TXN0061161,M000193,C000009,Visa,MERCHANDISE_NOT_RECEIVED,Cardholder claims ordered merchandise or service was not received,2025-09-16 18:27:02,6896.46,500.0,250.0,2025-09-29 18:27:02,13,contested,won,2025-10-03 18:27:02,3,1,1,0,0.4083333333333334,3,0,1.0,6896.46,credit_card,payment_link,diagnostic_package,31,12,34124.92,0,1,19,27,0,9,0.01,23.14,authenticated_otp,sms_otp,1,0,,,fulfilled,,,,0,healthcare_diagnostics,telehealth,small,website,appointment_service,0,0,0.6029650578356006,1,0,14,0.0123,13.0,13.791666666666666
DSP000993,TXN0061217,M000293,C000032,Mastercard,DUPLICATE_TRANSACTION,Cardholder claims single purchase was billed multiple times,2025-10-15 00:59:50,19249.82,500.0,250.0,2025-10-26 00:59:50,11,contested,won,2025-11-26 00:59:50,3,2,2,0,0.35333333333333333,3,0,1.0,19249.82,debit_card,pos_qr,saas_plan,398,3,85823.01,0,0,36,98,0,1,0.0519,0.63,password_authenticated,password,1,0,,,fulfilled,,,,0,digital_saas,cloud_analytics,medium,website,digital_service,1,0,0.8286541252128284,1,1,18,0.0124,11.0,41.625
DSP000994,TXN0061312,M000009,C000169,Visa,MERCHANDISE_NOT_AS_DESCRIBED,"Cardholder claims merchandise arrived damaged, defective, or not as described",2025-09-09 17:17:16,8866.29,0.0,0.0,2025-09-24 17:17:16,15,accepted,accepted_refunded,,2,2,2,0,0.20166666666666666,2,1,1.0,8866.29,credit_card,mobile_app,fitness_class,340,18,149991.51,0,1,0,85,0,13,0.2843,8.91,authenticated_otp,sms_otp,1,0,,,fulfilled,,,,0,fitness_services,fitness_program,enterprise,"app, in-person",membership_service,1,0,0.5656018640442436,1,1,47,0.025,15.0,6.0
DSP000995,TXN0061539,M000050,C000038,Visa,MERCHANDISE_NOT_RECEIVED,Cardholder claims ordered merchandise or service was not received,2025-10-09 18:14:15,3916.22,0.0,0.0,2025-10-20 18:14:15,11,accepted,accepted_refunded,,5,4,4,0,0.695,5,1,1.0,3916.22,credit_card,mobile_app,footwear,151,3,12528.3,1,0,33,31,0,2,0.0586,9.51,authenticated_3ds,3ds_v2,1,0,0.0,8.84,delivered,delivered,1.0,1.0,0,d2c_brand,electronics,medium,omnichannel,physical_delivery,0,0,0.8662522284353982,1,1,23,0.0179,11.0,35.041666666666664
DSP000996,TXN0061615,M000395,C000048,Visa,MERCHANDISE_NOT_AS_DESCRIBED,"Cardholder claims merchandise arrived damaged, defective, or not as described",2025-10-13 08:03:39,5304.36,150.0,75.0,2025-10-30 08:03:39,17,contested,lost,2025-11-24 08:03:39,6,3,3,0,0.7166666666666667,6,0,1.0,5304.36,debit_card,desktop_web,footwear,235,38,117913.63,16,1,1,71,0,29,0.01,7.69,authenticated_3ds,3ds_v2,1,0,0.0,45.94,delivered,delivered,1.0,1.0,1,d2c_brand,electronics,medium,omnichannel,physical_delivery,1,0,0.8990505142000673,1,1,86,0.0087,17.0,38.291666666666664
DSP000997,TXN0061679,M000324,C000006,Mastercard,MERCHANDISE_NOT_RECEIVED,Cardholder claims ordered merchandise or service was not received,2025-09-25 14:04:55,3254.9,0.0,0.0,2025-10-16 14:04:55,21,accepted,accepted_refunded,,5,4,3,1,0.555,5,1,0.75,3254.9,credit_card,desktop_web,footwear,56,0,0.0,0,0,54,0,1,1,0.1717,1.01,authenticated_otp,sms_otp,1,0,0.0,11.22,delivered,delivered,1.0,1.0,0,d2c_brand,footwear,medium,website,physical_delivery,0,1,0.8250242898164595,1,1,43,0.0056,21.0,20.166666666666668
DSP000998,TXN0061722,M000007,C000107,Visa,MERCHANDISE_NOT_AS_DESCRIBED,"Cardholder claims merchandise arrived damaged, defective, or not as described",2025-10-07 03:34:37,2589.3,0.0,0.0,2025-10-18 03:34:37,11,accepted,accepted_refunded,,6,3,3,0,0.8183333333333334,6,0,1.0,2589.3,credit_card,desktop_web,home_decor,48,8,19731.43,2,0,71,21,0,7,0.4158,209.7,authenticated_otp,sms_otp,1,1,1.0,28.42,delivered,delivered,0.0,0.0,0,online_marketplace_retailer,beauty_marketplace,enterprise,"website, app",physical_delivery,0,0,0.8731993941811405,1,1,25,0.025,11.0,31.583333333333332
DSP000999,TXN0061764,M000001,C000086,Mastercard,CREDIT_NOT_PROCESSED,Cardholder claims promised credit or refund was not posted,2025-10-10 19:58:00,1038.23,500.0,250.0,2025-10-22 19:58:00,12,contested,lost,2025-11-14 19:58:00,6,3,3,0,0.7966666666666667,6,0,1.0,1038.23,credit_card,pos_qr,handmade_accessory,459,16,19300.91,2,1,0,182,0,2,0.01,9.22,authenticated_otp,sms_otp,1,0,0.0,11.59,delivered,delivered,1.0,1.0,1,individual_social_seller,crochet_accessories,medium,"Instagram, WhatsApp, payment links",physical_delivery,0,0,0.9,0,1,13,0.025,12.0,35.125
DSP001000,TXN0061783,M000103,C000011,Mastercard,RECURRING_BILLING_DISPUTE,Cardholder claims recurring subscription billing was canceled or unauthorized,2025-10-11 08:43:19,4069.27,0.0,0.0,2025-11-01 08:43:19,21,accepted,accepted_refunded,,3,3,1,2,0.34500000000000003,3,3,0.3333333333333333,4069.27,credit_card,pos_qr,footwear,41,2,13930.63,1,0,49,40,0,1,0.01,4.19,authenticated_3ds,3ds_v2,1,0,0.0,2.56,delivered,delivered,0.0,0.0,1,d2c_brand,fashion_apparel,medium,website,physical_delivery,0,0,0.8025419126744096,1,1,42,0.0177,21.0,35.625
DSP001001,TXN0061813,M000008,C000187,Visa,MERCHANDISE_NOT_RECEIVED,Cardholder claims ordered merchandise or service was not received,2025-09-16 01:10:01,5652.67,500.0,250.0,2025-10-03 01:10:01,17,contested,lost,2025-10-23 01:10:01,2,1,1,0,0.24333333333333332,2,1,1.0,5652.67,debit_card,payment_link,lab_test,39,2,8884.03,0,0,37,34,0,2,0.01,20.46,authenticated_otp,sms_otp,1,0,,,fulfilled,,,,0,healthcare_diagnostics,telehealth,enterprise,"website, app, clinic",appointment_service,0,0,0.6098658484197036,1,1,99,0.025,17.0,10.25
DSP001002,TXN0061816,M000031,C000026,Visa,CREDIT_NOT_PROCESSED,Cardholder claims promised credit or refund was not posted,2025-09-30 04:28:27,516.24,500.0,250.0,2025-10-18 04:28:27,18,contested,won,2025-10-22 04:28:27,3,3,3,0,0.41,3,0,1.0,516.24,debit_card,mobile_app,food_item,259,8,3242.93,0,1,34,75,0,3,0.01,11.5,authenticated_otp,sms_otp,1,0,0.0,0.91,delivered,delivered,1.0,1.0,0,food_local_commerce,gourmet_food,enterprise,website,food_delivery,0,0,0.819967378215836,1,1,55,0.0167,18.0,24.375
DSP001003,TXN0061942,M000283,C000098,RuPay,MERCHANDISE_NOT_RECEIVED,Cardholder claims ordered merchandise or service was not received,2025-09-19 03:22:51,2332.48,500.0,250.0,2025-10-05 03:22:51,16,contested,won,2025-10-29 03:22:51,6,4,4,0,0.82,6,0,1.0,2332.48,credit_card,mobile_app,general_item,464,7,20764.62,3,0,15,177,0,6,0.0319,83.79,authenticated_otp,sms_otp,1,1,1.0,22.24,delivered,delivered,0.0,0.0,1,online_marketplace_retailer,beauty_marketplace,enterprise,website,physical_delivery,0,0,0.8701966877257703,1,1,76,0.0126,16.0,12.666666666666666
DSP001004,TXN0061965,M000208,C000016,RuPay,CREDIT_NOT_PROCESSED,Cardholder claims promised credit or refund was not posted,2025-10-02 13:01:47,5393.48,0.0,0.0,2025-10-19 13:01:47,17,accepted,accepted_refunded,,2,3,2,1,0.2683333333333333,2,1,0.6666666666666666,5393.48,credit_card,payment_link,flight_booking,30,7,48302.85,0,0,84,12,0,5,0.1639,36.49,authenticated_3ds,3ds_v2,1,0,,,fulfilled,,,,0,travel_hospitality,hotel_booking,small,website,booking_service,0,1,0.6398554188527079,0,1,11,0.0258,17.0,26.0
DSP001005,TXN0061986,M000352,C000030,RuPay,UNAUTHORIZED_TRANSACTION,Cardholder claims transaction was unauthorized or fraudulent,2025-09-30 02:36:05,8310.6,350.0,175.0,2025-10-12 02:36:05,12,contested,lost,2025-10-16 02:36:05,3,3,3,0,0.40166666666666667,3,0,1.0,8310.6,credit_card,desktop_web,saas_plan,420,11,52493.16,0,0,6,0,1,1,0.0167,49.81,password_authenticated,password,1,0,,,fulfilled,,,,0,digital_saas,cloud_analytics,medium,website,digital_service,1,0,0.8045304009772044,1,1,119,0.0127,12.0,23.5
DSP001006,TXN0062010,M000352,C000030,Mastercard,UNAUTHORIZED_TRANSACTION,Cardholder claims transaction was unauthorized or fraudulent,2025-10-15 16:45:05,5282.16,500.0,250.0,2025-11-04 16:45:05,20,contested,lost,2025-11-16 16:45:05,2,3,2,1,0.25,2,1,0.6666666666666666,5282.16,credit_card,mobile_app,saas_plan,420,12,60803.76,0,0,0,0,1,1,0.0297,36.53,authenticated_3ds,3ds_v2,1,0,,,fulfilled,,,,0,digital_saas,cloud_analytics,medium,website,digital_service,1,0,0.8045304009772044,1,1,119,0.0127,20.0,39.041666666666664
DSP001007,TXN0062018,M000341,C000027,Mastercard,UNAUTHORIZED_TRANSACTION,Cardholder claims transaction was unauthorized or fraudulent,2025-10-15 00:57:51,670.87,500.0,250.0,2025-11-05 00:57:51,21,contested,lost,2025-10-31 00:57:51,6,3,3,0,0.8183333333333334,6,0,1.0,670.87,debit_card,desktop_web,cosmetics_kit,586,22,30458.3,2,0,1,173,0,13,0.215,13.35,authenticated_otp,sms_otp,1,0,0.0,18.61,failed,failed,0.0,0.0,0,online_marketplace_retailer,beauty_marketplace,enterprise,mobile_app,physical_delivery,0,0,0.8855460584011007,1,1,92,0.0076,21.0,38.375
DSP001008,TXN0062045,M000130,C000007,RuPay,DUPLICATE_TRANSACTION,Cardholder claims single purchase was billed multiple times,2025-10-05 07:43:40,227.27,500.0,250.0,2025-10-25 07:43:40,20,contested,won,2025-10-31 07:43:40,2,2,1,1,0.2816666666666667,2,1,0.5,227.27,debit_card,payment_link,food_item,132,6,1703.37,0,0,18,0,1,1,0.1521,44.56,authenticated_3ds,3ds_v2,1,0,0.0,0.93,delivered,delivered,1.0,1.0,0,food_local_commerce,local_restaurant,medium,website,food_delivery,0,0,0.8427107788626256,1,1,38,0.0158,20.0,28.583333333333332
DSP001009,TXN0062305,M000011,C000003,Visa,MERCHANDISE_NOT_RECEIVED,Cardholder claims ordered merchandise or service was not received,2025-09-15 18:37:58,946.18,500.0,250.0,2025-10-03 18:37:58,18,contested,lost,2025-10-05 18:37:58,4,4,3,1,0.46166666666666667,4,2,0.75,946.18,debit_card,pos_qr,crochet_toy,260,8,5113.79,1,0,18,87,0,8,0.01,14.31,password_authenticated,password,1,0,0.0,30.73,delivered,delivered,1.0,1.0,0,individual_social_seller,jewelry,small,instagram_whatsapp,physical_delivery,0,0,0.3058083612168199,0,1,93,0.0119,18.0,8.041666666666666
DSP001010,TXN0062374,M000380,C000031,Mastercard,MERCHANDISE_NOT_RECEIVED,Cardholder claims ordered merchandise or service was not received,2025-09-16 13:28:20,2210.62,500.0,250.0,2025-10-04 13:28:20,18,contested,won,2025-09-24 13:28:20,5,4,3,1,0.62,5,1,0.75,2210.62,credit_card,pos_qr,footwear,104,12,37435.75,3,0,47,32,0,3,0.01,22.76,authenticated_3ds,3ds_v2,1,0,0.0,5.4,delivered,delivered,1.0,1.0,0,d2c_brand,footwear,medium,website,physical_delivery,0,0,0.8318975630293761,1,1,38,0.0135,18.0,8.666666666666666
DSP001011,TXN0062449,M000388,C000056,Mastercard,MERCHANDISE_NOT_RECEIVED,Cardholder claims ordered merchandise or service was not received,2025-10-16 03:47:41,2472.24,0.0,0.0,2025-10-30 03:47:41,14,accepted,accepted_refunded,,4,4,3,1,0.51,4,2,0.75,2472.24,credit_card,desktop_web,footwear,94,3,9760.72,3,0,24,0,1,1,0.0698,16.41,auth_failed,password,3,0,0.0,35.74,failed,failed,0.0,0.0,0,d2c_brand,fashion_apparel,medium,omnichannel,physical_delivery,0,0,0.8877472013527052,0,1,11,0.016,14.0,37.75
DSP001012,TXN0062457,M000001,C000050,Visa,CREDIT_NOT_PROCESSED,Cardholder claims promised credit or refund was not posted,2025-09-19 09:16:54,1057.71,0.0,0.0,2025-09-29 09:16:54,10,accepted,accepted_refunded,,6,3,3,0,0.7816666666666666,6,0,1.0,1057.71,credit_card,payment_link,home_decor,328,5,3872.58,2,0,61,202,0,5,0.0139,15.86,authenticated_otp,sms_otp,1,0,0.0,44.45,delivered,delivered,0.0,0.0,0,individual_social_seller,crochet_accessories,medium,"Instagram, WhatsApp, payment links",physical_delivery,0,0,0.9,0,1,13,0.025,10.0,10.958333333333334
DSP001013,TXN0062603,M000217,C000002,Visa,MERCHANDISE_NOT_RECEIVED,Cardholder claims ordered merchandise or service was not received,2025-09-18 22:58:53,4020.86,350.0,175.0,2025-10-08 22:58:53,20,contested,won,2025-10-24 22:58:53,5,4,4,0,0.685,5,1,1.0,4020.86,credit_card,payment_link,footwear,92,12,49859.57,8,0,3,0,1,1,0.0938,7.24,authenticated_otp,sms_otp,1,0,0.0,19.91,delivered,delivered,1.0,1.0,0,d2c_brand,fashion_apparel,medium,omnichannel,physical_delivery,0,0,0.8651961259502601,1,1,54,0.0123,20.0,10.041666666666666
DSP001014,TXN0062619,M000008,C000141,Mastercard,MERCHANDISE_NOT_AS_DESCRIBED,"Cardholder claims merchandise arrived damaged, defective, or not as described",2025-10-03 07:00:35,6321.77,500.0,250.0,2025-10-24 07:00:35,21,contested,lost,2025-11-12 07:00:35,3,2,2,0,0.36000000000000004,3,0,1.0,6321.77,credit_card,payment_link,lab_test,272,9,67066.77,0,0,7,166,0,7,0.0375,11.37,authenticated_3ds,3ds_v2,1,0,,,fulfilled,,,,0,healthcare_diagnostics,telehealth,enterprise,"website, app, clinic",appointment_service,0,0,0.6098658484197036,1,1,99,0.025,21.0,24.291666666666668
DSP001015,TXN0062682,M000002,C000018,Mastercard,UNAUTHORIZED_TRANSACTION,Cardholder claims transaction was unauthorized or fraudulent,2025-09-27 13:49:14,5412.83,500.0,250.0,2025-10-12 13:49:14,15,contested,lost,2025-10-13 13:49:14,2,3,2,1,0.25666666666666665,2,1,0.6666666666666666,5412.83,debit_card,mobile_app,footwear,60,9,37115.04,3,0,31,32,0,7,0.01,12.09,authenticated_3ds,3ds_v2,1,0,0.0,36.66,delivered,delivered,1.0,1.0,1,d2c_brand,footwear,enterprise,website,physical_delivery,0,0,0.65,1,1,60,0.025,15.0,18.125
DSP001016,TXN0062726,M000359,C000008,Visa,CREDIT_NOT_PROCESSED,Cardholder claims promised credit or refund was not posted,2025-10-10 02:46:26,3902.57,0.0,0.0,2025-10-21 02:46:26,11,accepted,accepted_refunded,,3,3,3,0,0.36833333333333335,3,0,1.0,3902.57,credit_card,pos_qr,gym_membership,196,7,31495.11,0,0,65,28,0,5,0.6887,12.05,authenticated_otp,sms_otp,1,0,,,fulfilled,,,,0,fitness_services,fitness_program,small,website,membership_service,1,0,0.557056874740043,1,1,39,0.011,11.0,30.541666666666668
DSP001017,TXN0062739,M000039,C000023,Mastercard,MERCHANDISE_NOT_AS_DESCRIBED,"Cardholder claims merchandise arrived damaged, defective, or not as described",2025-10-10 16:18:52,5521.75,0.0,0.0,2025-10-25 16:18:52,15,accepted,accepted_refunded,,3,2,2,0,0.40166666666666667,3,0,1.0,5521.75,credit_card,mobile_app,flight_booking,333,6,31347.94,0,0,20,125,0,2,0.0254,1.47,authenticated_3ds,3ds_v2,1,0,,,fulfilled,,,,0,travel_hospitality,hotel_booking,medium,mobile_app,booking_service,1,0,0.6465632033074559,1,1,67,0.0193,15.0,31.083333333333332
DSP001018,TXN0062771,M000003,C000163,Mastercard,MERCHANDISE_NOT_AS_DESCRIBED,"Cardholder claims merchandise arrived damaged, defective, or not as described",2025-09-29 10:24:51,2247.32,500.0,250.0,2025-10-16 10:24:51,17,contested,lost,2025-11-01 10:24:51,3,3,2,1,0.365,3,3,0.6666666666666666,2247.32,credit_card,desktop_web,mentorship,362,4,21803.42,0,0,134,191,0,2,0.0915,5.15,password_authenticated,password,1,0,,,fulfilled,,,,0,education_coaching,exam_prep,enterprise,"website, app",digital_service,0,1,0.4,1,0,99,0.025,17.0,19.75
DSP001019,TXN0062841,M000095,C000001,Mastercard,UNAUTHORIZED_TRANSACTION,Cardholder claims transaction was unauthorized or fraudulent,2025-09-23 00:41:03,7323.88,450.0,225.0,2025-10-11 00:41:03,18,contested,lost,2025-10-07 00:41:03,3,3,3,0,0.34833333333333333,3,0,1.0,7323.88,credit_card,desktop_web,study_material,351,12,73492.67,0,0,17,308,0,10,0.1256,269.23,auth_failed,none,3,1,,,failed,,,,0,education_coaching,exam_prep,micro,website,digital_service,1,1,0.3119594245938301,0,1,10,0.0346,18.0,13.166666666666666
DSP001020,TXN0062856,M000003,C000017,Visa,CREDIT_NOT_PROCESSED,Cardholder claims promised credit or refund was not posted,2025-09-26 12:19:14,2342.57,500.0,250.0,2025-10-13 12:19:14,17,contested,lost,2025-10-29 12:19:14,0,3,0,3,0.0,0,6,0.0,2342.57,credit_card,payment_link,exam_course,109,8,20756.78,0,0,4,82,0,5,0.5581,149.74,authenticated_3ds,3ds_v2,1,1,,,fulfilled,,,,0,education_coaching,exam_prep,enterprise,"website, app",digital_service,0,1,0.4,1,0,99,0.025,17.0,16.583333333333332
DSP001021,TXN0062893,M000288,C000024,Mastercard,RECURRING_BILLING_DISPUTE,Cardholder claims recurring subscription billing was canceled or unauthorized,2025-09-20 11:10:43,262.37,0.0,0.0,2025-10-05 11:10:43,15,accepted,accepted_refunded,,2,3,2,1,0.2683333333333333,2,1,0.6666666666666666,262.37,credit_card,payment_link,food_item,544,22,8080.74,0,0,12,0,1,1,0.1109,53.95,password_authenticated,password,1,0,0.0,0.93,delivered,delivered,1.0,1.0,0,food_local_commerce,gourmet_food,medium,website,food_delivery,0,0,0.5593981939840869,1,1,14,0.012,15.0,10.125
DSP001022,TXN0062936,M000112,C000011,Mastercard,MERCHANDISE_NOT_AS_DESCRIBED,"Cardholder claims merchandise arrived damaged, defective, or not as described",2025-10-06 20:52:56,1350.41,500.0,250.0,2025-10-21 20:52:56,15,contested,won,2025-11-19 20:52:56,5,3,3,0,0.6833333333333332,5,1,1.0,1350.41,credit_card,mobile_app,footwear,178,3,4764.52,1,0,74,47,0,2,0.01,14.15,authenticated_otp,sms_otp,1,0,0.0,10.52,delivered,delivered,1.0,1.0,0,d2c_brand,home_lifestyle,medium,website,physical_delivery,0,0,0.8755551138543048,1,1,47,0.0134,15.0,26.375
DSP001023,TXN0062999,M000002,C000013,Visa,UNAUTHORIZED_TRANSACTION,Cardholder claims transaction was unauthorized or fraudulent,2025-10-09 17:20:57,6481.02,500.0,250.0,2025-10-23 17:20:57,14,contested,lost,2025-11-20 17:20:57,1,3,1,2,0.10666666666666667,1,2,0.3333333333333333,6481.02,credit_card,pos_qr,footwear,399,30,279552.25,6,0,28,190,0,6,0.01,3.18,authenticated_3ds,3ds_v2,1,0,0.0,17.96,delivered,delivered,1.0,1.0,0,d2c_brand,footwear,enterprise,website,physical_delivery,0,0,0.65,1,1,60,0.025,14.0,29.041666666666668
DSP001024,TXN0063096,M000061,C000027,Visa,MERCHANDISE_NOT_RECEIVED,Cardholder claims ordered merchandise or service was not received,2025-10-06 04:46:12,987.09,500.0,250.0,2025-10-16 04:46:12,10,contested,won,2025-11-12 04:46:12,6,4,4,0,0.7716666666666666,6,0,1.0,987.09,debit_card,desktop_web,home_decor,320,10,9630.46,4,0,41,153,0,2,0.0554,41.52,authenticated_3ds,3ds_v2,1,0,0.0,46.4,delivered,delivered,1.0,1.0,0,online_marketplace_retailer,electronics_hub,enterprise,omnichannel,physical_delivery,0,0,0.8088492502051919,1,1,75,0.0125,10.0,25.083333333333332
DSP001025,TXN0063156,M000077,C000004,RuPay,MERCHANDISE_NOT_AS_DESCRIBED,"Cardholder claims merchandise arrived damaged, defective, or not as described",2025-10-22 14:22:42,18630.66,500.0,250.0,2025-11-03 14:22:42,12,contested,lost,2025-11-26 14:22:42,2,2,2,0,0.24,2,1,1.0,18630.66,credit_card,pos_qr,test_series,94,5,48785.81,0,0,0,38,0,1,0.01,7.78,authenticated_otp,sms_otp,1,0,,,fulfilled,,,,0,education_coaching,skill_bootcamp,small,mobile_app,digital_service,0,0,0.3005522117123602,0,0,50,0.0345,12.0,41.166666666666664
DSP001026,TXN0063168,M000262,C000011,Visa,RECURRING_BILLING_DISPUTE,Cardholder claims recurring subscription billing was canceled or unauthorized,2025-09-24 10:30:21,2866.11,500.0,250.0,2025-10-09 10:30:21,15,contested,lost,2025-11-04 10:30:21,0,3,0,3,0.0,0,3,0.0,2866.11,debit_card,pos_qr,gym_membership,106,4,14482.07,0,0,21,105,0,4,0.01,10.88,authenticated_3ds,3ds_v2,1,0,,,fulfilled,,,,0,fitness_services,yoga_wellness,small,omnichannel,membership_service,0,0,0.6196029796674973,1,0,32,0.0264,15.0,12.958333333333334
DSP001027,TXN0063261,M000377,C000017,Visa,UNAUTHORIZED_TRANSACTION,Cardholder claims transaction was unauthorized or fraudulent,2025-09-17 15:27:34,15097.56,0.0,0.0,2025-10-04 15:27:34,17,accepted,accepted_refunded,,3,3,3,0,0.31833333333333336,3,0,1.0,15097.56,debit_card,payment_link,saas_plan,161,1,18200.33,0,0,19,89,0,1,0.01,2.69,authenticated_otp,sms_otp,1,0,,,fulfilled,,,,0,digital_saas,productivity_tools,medium,website,digital_service,1,0,0.8094442960755928,1,1,39,0.02,17.0,5.875
DSP001028,TXN0063296,M000235,C000007,Visa,RECURRING_BILLING_DISPUTE,Cardholder claims recurring subscription billing was canceled or unauthorized,2025-09-16 15:03:53,5859.87,500.0,250.0,2025-10-06 15:03:53,20,contested,lost,2025-10-28 15:03:53,5,3,2,1,0.645,5,1,0.6666666666666666,5859.87,debit_card,payment_link,footwear,138,4,15963.44,1,0,47,135,0,3,0.01,5.14,authenticated_otp,sms_otp,1,0,0.0,16.71,delivered,delivered,1.0,1.0,1,d2c_brand,cosmetics,small,website,physical_delivery,0,1,0.8794811303541649,1,1,69,0.0154,20.0,4.75
DSP001029,TXN0063312,M000210,C000003,Mastercard,UNAUTHORIZED_TRANSACTION,Cardholder claims transaction was unauthorized or fraudulent,2025-09-20 03:46:48,1344.19,500.0,250.0,2025-10-09 03:46:48,19,contested,won,2025-10-27 03:46:48,4,3,2,1,0.5116666666666666,4,2,0.6666666666666666,1344.19,debit_card,pos_qr,footwear,97,5,10547.85,2,0,20,63,0,3,0.01,15.5,authenticated_otp,sms_otp,1,0,1.0,10.35,delivered,delivered,1.0,1.0,1,d2c_brand,home_lifestyle,medium,website,physical_delivery,0,0,0.550919705161663,1,1,90,0.0068,19.0,8.25
DSP001030,TXN0063317,M000395,C000030,Mastercard,CREDIT_NOT_PROCESSED,Cardholder claims promised credit or refund was not posted,2025-10-16 22:21:40,2244.2,500.0,250.0,2025-10-27 22:21:40,11,contested,lost,2025-11-07 22:21:40,6,3,3,0,0.8366666666666666,6,0,1.0,2244.2,credit_card,desktop_web,footwear,214,40,65229.56,14,0,2,35,0,36,0.4172,99.1,authenticated_3ds,3ds_v2,1,1,1.0,10.98,delivered,delivered,1.0,1.0,1,d2c_brand,electronics,medium,omnichannel,physical_delivery,1,0,0.8990505142000673,1,1,86,0.0087,11.0,35.0
DSP001031,TXN0063319,M000174,C000020,Visa,MERCHANDISE_NOT_RECEIVED,Cardholder claims ordered merchandise or service was not received,2025-10-22 12:32:03,3489.05,0.0,0.0,2025-11-02 12:32:03,11,accepted,accepted_refunded,,5,4,3,1,0.6283333333333333,5,1,0.75,3489.05,credit_card,desktop_web,footwear,4,1,2779.24,1,0,187,8,0,1,0.01,0.36,authenticated_otp,sms_otp,1,0,1.0,37.97,delivered,delivered,1.0,0.0,0,d2c_brand,footwear,medium,omnichannel,physical_delivery,0,1,0.8590892943188242,1,1,80,0.0092,11.0,40.583333333333336
DSP001032,TXN0063408,M000252,C000110,Visa,MERCHANDISE_NOT_RECEIVED,Cardholder claims ordered merchandise or service was not received,2025-09-18 02:04:01,5829.82,350.0,175.0,2025-09-28 02:04:01,10,contested,won,2025-10-28 02:04:01,4,4,3,1,0.5116666666666667,4,2,0.75,5829.82,debit_card,pos_qr,general_item,197,5,15982.31,1,0,16,0,1,1,0.5156,11.97,password_authenticated,password,1,0,0.0,6.16,delivered,delivered,1.0,1.0,1,online_marketplace_retailer,specialty_goods,enterprise,mobile_app,physical_delivery,0,0,0.8966654819043669,1,1,34,0.012,10.0,5.625
DSP001033,TXN0063444,M000098,C000022,Mastercard,UNAUTHORIZED_TRANSACTION,Cardholder claims transaction was unauthorized or fraudulent,2025-10-06 02:31:57,2177.97,0.0,0.0,2025-10-20 02:31:57,14,accepted,accepted_refunded,,5,3,3,0,0.64,5,1,1.0,2177.97,credit_card,mobile_app,electronic_accessory,475,8,8353.93,0,0,83,357,0,4,0.1711,26.05,authenticated_otp,sms_otp,1,0,0.0,4.14,delivered,delivered,1.0,0.0,0,online_marketplace_retailer,multi_category_retail,small,omnichannel,physical_delivery,1,0,0.8561277197569496,1,1,58,0.009,14.0,23.5
DSP001034,TXN0063564,M000116,C000005,RuPay,MERCHANDISE_NOT_RECEIVED,Cardholder claims ordered merchandise or service was not received,2025-09-25 04:44:56,5989.35,500.0,250.0,2025-10-09 04:44:56,14,contested,lost,2025-10-22 04:44:56,3,1,1,0,0.4033333333333333,3,0,1.0,5989.35,credit_card,desktop_web,saas_plan,309,2,10926.38,0,0,61,205,0,2,0.0933,186.49,authenticated_otp,sms_otp,1,1,,,fulfilled,,,,0,digital_saas,cloud_analytics,small,website,digital_service,1,1,0.8161221287254005,0,1,80,0.0234,14.0,12.208333333333334
DSP001035,TXN0063642,M000376,C000025,Visa,UNAUTHORIZED_TRANSACTION,Cardholder claims transaction was unauthorized or fraudulent,2025-09-27 09:46:55,6779.65,500.0,250.0,2025-10-18 09:46:55,21,contested,lost,2025-10-30 09:46:55,4,3,1,2,0.51,4,2,0.3333333333333333,6779.65,credit_card,mobile_app,footwear,164,8,30705.93,2,0,14,120,0,6,0.088,571.95,authenticated_otp,sms_otp,1,1,1.0,37.36,delivered,delivered,1.0,1.0,1,d2c_brand,footwear,medium,omnichannel,physical_delivery,1,1,0.8018221825651549,1,1,76,0.0077,21.0,14.0
DSP001036,TXN0063648,M000001,C000080,Visa,UNAUTHORIZED_TRANSACTION,Cardholder claims transaction was unauthorized or fraudulent,2025-10-06 18:10:21,1546.87,450.0,225.0,2025-10-22 18:10:21,16,contested,lost,2025-10-28 18:10:21,6,3,3,0,0.8066666666666666,6,0,1.0,1546.87,debit_card,pos_qr,fashion_apparel,412,18,20635.99,1,1,17,395,0,10,0.0182,12.08,authenticated_otp,sms_otp,1,0,0.0,25.96,delivered,delivered,1.0,1.0,0,individual_social_seller,crochet_accessories,medium,"Instagram, WhatsApp, payment links",physical_delivery,0,0,0.9,0,1,13,0.025,16.0,23.333333333333332
DSP001037,TXN0063698,M000360,C000095,Mastercard,RECURRING_BILLING_DISPUTE,Cardholder claims recurring subscription billing was canceled or unauthorized,2025-10-25 07:05:38,662.52,500.0,250.0,2025-11-07 07:05:38,13,contested,lost,2025-11-18 07:05:38,3,3,3,0,0.365,3,0,1.0,662.52,debit_card,desktop_web,food_item,665,15,7662.69,0,2,0,115,0,1,0.0253,28.42,authenticated_otp,sms_otp,1,0,0.0,0.69,delivered,delivered,1.0,1.0,0,food_local_commerce,bakery,enterprise,website,food_delivery,0,0,0.6142419278206316,1,1,89,0.0236,13.0,41.75
DSP001038,TXN0063767,M000210,C000042,Visa,MERCHANDISE_NOT_RECEIVED,Cardholder claims ordered merchandise or service was not received,2025-09-20 03:12:00,1172.57,0.0,0.0,2025-10-07 03:12:00,17,accepted,accepted_refunded,,6,4,4,0,0.68,6,0,1.0,1172.57,credit_card,payment_link,footwear,160,1,1466.86,0,0,224,127,0,1,0.0887,5.28,authenticated_3ds,3ds_v2,1,0,0.0,16.37,delivered,delivered,1.0,1.0,0,d2c_brand,home_lifestyle,medium,website,physical_delivery,0,0,0.550919705161663,1,1,90,0.0068,17.0,6.416666666666667
DSP001039,TXN0063780,M000004,C000046,Visa,CREDIT_NOT_PROCESSED,Cardholder claims promised credit or refund was not posted,2025-09-18 01:55:20,16996.64,500.0,250.0,2025-10-06 01:55:20,18,contested,won,2025-10-03 01:55:20,1,3,1,2,0.12666666666666668,1,2,0.3333333333333333,16996.64,credit_card,payment_link,flight_booking,97,6,61909.2,0,0,0,40,0,5,0.0236,15.81,authenticated_3ds,3ds_v2,1,0,,,fulfilled,,,,0,travel_hospitality,travel_agency,enterprise,"website, app",booking_service,0,0,0.3,1,1,68,0.0353,18.0,4.333333333333333
DSP001040,TXN0063797,M000181,C000019,RuPay,UNAUTHORIZED_TRANSACTION,Cardholder claims transaction was unauthorized or fraudulent,2025-10-06 12:55:17,2725.33,500.0,250.0,2025-10-22 12:55:17,16,contested,lost,2025-10-22 12:55:17,6,3,3,0,0.73,6,0,1.0,2725.33,credit_card,payment_link,footwear,289,9,43344.46,3,0,29,179,0,7,0.01,5.34,authenticated_3ds,3ds_v2,1,0,0.0,25.99,delivered,delivered,1.0,0.0,0,d2c_brand,cosmetics,medium,omnichannel,physical_delivery,0,0,0.8690937738102466,1,1,49,0.0156,16.0,22.75
DSP001041,TXN0063808,M000002,C000132,Visa,MERCHANDISE_NOT_AS_DESCRIBED,"Cardholder claims merchandise arrived damaged, defective, or not as described",2025-10-10 12:35:40,2551.85,500.0,250.0,2025-10-22 12:35:40,12,contested,lost,2025-11-15 12:35:40,1,2,0,2,0.13,1,2,0.0,2551.85,debit_card,desktop_web,footwear,71,10,41986.76,1,0,44,0,1,1,0.0125,25.88,authenticated_otp,sms_otp,1,0,0.0,5.26,delivered,delivered,0.0,0.0,0,d2c_brand,footwear,enterprise,website,physical_delivery,0,0,0.65,1,1,60,0.025,12.0,26.708333333333332
DSP001042,TXN0063876,M000285,C000036,Visa,MERCHANDISE_NOT_RECEIVED,Cardholder claims ordered merchandise or service was not received,2025-10-26 16:53:45,464.04,500.0,250.0,2025-11-15 16:53:45,20,contested,won,2025-11-18 16:53:45,3,1,1,0,0.4383333333333333,3,0,1.0,464.04,debit_card,pos_qr,food_item,188,21,12925.73,0,0,2,121,0,7,0.01,9.69,password_authenticated,password,1,0,0.0,0.96,delivered,delivered,1.0,1.0,0,food_local_commerce,gourmet_food,medium,mobile_app,food_delivery,1,0,0.8890005341817566,1,1,68,0.0129,20.0,42.375
DSP001043,TXN0063880,M000009,C000177,RuPay,UNAUTHORIZED_TRANSACTION,Cardholder claims transaction was unauthorized or fraudulent,2025-10-11 19:07:50,7960.52,500.0,250.0,2025-10-31 19:07:50,20,contested,lost,2025-11-23 19:07:50,2,3,2,1,0.245,2,1,0.6666666666666666,7960.52,credit_card,mobile_app,fitness_class,493,1,8491.98,0,0,168,0,1,1,0.1008,14.78,authenticated_otp,sms_otp,1,0,,,fulfilled,,,,0,fitness_services,fitness_program,enterprise,"app, in-person",membership_service,1,0,0.5656018640442436,1,1,47,0.025,20.0,27.458333333333332
DSP001044,TXN0063917,M000152,C000005,Mastercard,MERCHANDISE_NOT_RECEIVED,Cardholder claims ordered merchandise or service was not received,2025-09-21 19:00:16,3703.44,350.0,175.0,2025-10-02 19:00:16,11,contested,won,2025-10-11 19:00:16,5,4,3,1,0.6283333333333333,5,1,0.75,3703.44,debit_card,mobile_app,footwear,161,2,9089.69,1,0,206,35,0,2,0.0212,2.82,authenticated_3ds,3ds_v2,1,0,0.0,32.44,delivered,delivered,1.0,1.0,1,d2c_brand,electronics,medium,omnichannel,physical_delivery,0,0,0.8502679023228861,1,0,44,0.0052,11.0,7.375
DSP001045,TXN0063991,M000014,C000021,Mastercard,MERCHANDISE_NOT_RECEIVED,Cardholder claims ordered merchandise or service was not received,2025-10-27 06:36:12,1307.35,0.0,0.0,2025-11-11 06:36:12,15,accepted,accepted_refunded,,5,4,4,0,0.5933333333333334,5,1,1.0,1307.35,credit_card,mobile_app,footwear,119,9,12650.99,2,0,11,64,0,4,0.01,7.98,authenticated_otp,sms_otp,1,0,0.0,40.47,delivered,delivered,1.0,0.0,1,d2c_brand,fashion_apparel,medium,website,physical_delivery,1,1,0.8708072577796045,1,1,77,0.0132,15.0,42.666666666666664
DSP001046,TXN0064150,M000173,C000001,RuPay,UNAUTHORIZED_TRANSACTION,Cardholder claims transaction was unauthorized or fraudulent,2025-10-16 15:00:38,656.93,500.0,250.0,2025-10-29 15:00:38,13,contested,won,2025-10-24 15:00:38,3,3,3,0,0.39666666666666667,3,0,1.0,656.93,credit_card,mobile_app,food_item,144,19,12314.91,0,0,8,41,0,2,0.01,14.41,authenticated_otp,sms_otp,1,0,0.0,0.82,failed,failed,0.0,0.0,0,food_local_commerce,bakery,medium,website,food_delivery,0,0,0.8040775141554763,0,1,4,0.0149,13.0,31.333333333333332
DSP001047,TXN0064220,M000002,C000087,RuPay,DUPLICATE_TRANSACTION,Cardholder claims single purchase was billed multiple times,2025-09-27 07:05:40,4621.24,500.0,250.0,2025-10-07 07:05:40,10,contested,won,2025-10-15 07:05:40,3,2,2,0,0.4116666666666666,3,0,1.0,4621.24,credit_card,mobile_app,footwear,53,4,17884.88,2,0,56,0,1,1,0.0417,12.4,authenticated_otp,sms_otp,1,0,0.0,34.75,failed,failed,0.0,0.0,0,d2c_brand,footwear,enterprise,website,physical_delivery,0,0,0.65,1,1,60,0.025,10.0,11.833333333333334
DSP001048,TXN0064254,M000380,C000074,RuPay,MERCHANDISE_NOT_RECEIVED,Cardholder claims ordered merchandise or service was not received,2025-10-15 06:12:39,3425.59,500.0,250.0,2025-11-05 06:12:39,21,contested,won,2025-10-23 06:12:39,5,4,3,1,0.625,5,1,0.75,3425.59,credit_card,desktop_web,footwear,613,28,86960.76,6,1,16,455,0,9,0.1955,159.27,authenticated_3ds,3ds_v2,1,1,1.0,30.16,delivered,delivered,1.0,1.0,0,d2c_brand,footwear,medium,website,physical_delivery,0,0,0.8318975630293761,1,1,38,0.0135,21.0,29.708333333333332
DSP001049,TXN0064346,M000008,C000082,Visa,MERCHANDISE_NOT_RECEIVED,Cardholder claims ordered merchandise or service was not received,2025-10-31 09:36:41,1182.98,0.0,0.0,2025-11-20 09:36:41,20,accepted,accepted_refunded,,3,1,1,0,0.30833333333333335,3,0,1.0,1182.98,credit_card,desktop_web,lab_test,33,2,8538.11,0,0,196,18,0,2,0.01,14.7,authenticated_3ds,3ds_v2,1,0,,,fulfilled,,,,0,healthcare_diagnostics,telehealth,enterprise,"website, app, clinic",appointment_service,0,0,0.6098658484197036,1,1,99,0.025,20.0,45.583333333333336
DSP001050,TXN0064513,M000089,C000002,RuPay,UNAUTHORIZED_TRANSACTION,Cardholder claims transaction was unauthorized or fraudulent,2025-10-12 04:00:16,6296.58,0.0,0.0,2025-10-24 04:00:16,12,accepted,accepted_refunded,,2,3,2,1,0.24166666666666667,2,1,0.6666666666666666,6296.58,credit_card,payment_link,lab_test,411,25,133840.26,0,0,13,0,1,1,0.2293,0.44,password_authenticated,password,1,0,,,fulfilled,,,,0,healthcare_diagnostics,clinic_appointments,small,mobile_app,appointment_service,0,0,0.3310982321715662,1,0,101,0.019,12.0,25.5
DSP001051,TXN0064571,M000068,C000005,RuPay,MERCHANDISE_NOT_AS_DESCRIBED,"Cardholder claims merchandise arrived damaged, defective, or not as described",2025-09-20 03:32:25,10402.81,0.0,0.0,2025-10-11 03:32:25,21,accepted,accepted_refunded,,3,2,2,0,0.44999999999999996,3,0,1.0,10402.81,credit_card,mobile_app,saas_plan,158,8,91474.58,0,0,89,0,1,1,0.0331,27.55,authenticated_3ds,3ds_v2,1,0,,,fulfilled,,,,0,digital_saas,b2b_software,small,website,digital_service,1,0,0.8356753326693589,1,1,46,0.0124,21.0,3.2916666666666665
DSP001052,TXN0064574,M000004,C000023,Visa,MERCHANDISE_NOT_RECEIVED,Cardholder claims ordered merchandise or service was not received,2025-10-04 03:59:38,9605.65,0.0,0.0,2025-10-21 03:59:38,17,accepted,accepted_refunded,,2,1,1,0,0.22166666666666668,2,1,1.0,9605.65,debit_card,pos_qr,vacation_package,53,3,37543.46,0,0,51,12,0,1,0.01,23.2,password_authenticated,password,1,0,,,fulfilled,,,,0,travel_hospitality,travel_agency,enterprise,"website, app",booking_service,0,0,0.3,1,1,68,0.0353,17.0,17.291666666666668
DSP001053,TXN0064669,M000004,C000142,Mastercard,MERCHANDISE_NOT_AS_DESCRIBED,"Cardholder claims merchandise arrived damaged, defective, or not as described",2025-10-28 17:37:30,9759.03,500.0,250.0,2025-11-07 17:37:30,10,contested,won,2025-12-10 17:37:30,3,2,2,0,0.37333333333333335,3,0,1.0,9759.03,credit_card,pos_qr,hotel_stay,8,1,12250.28,0,0,161,8,0,1,0.1183,11.17,password_authenticated,password,1,0,,,fulfilled,,,,0,travel_hospitality,travel_agency,enterprise,"website, app",booking_service,0,0,0.3,1,1,68,0.0353,10.0,41.25
DSP001054,TXN0064741,M000369,C000057,RuPay,MERCHANDISE_NOT_RECEIVED,Cardholder claims ordered merchandise or service was not received,2025-10-23 07:49:36,2294.49,150.0,75.0,2025-11-04 07:49:36,12,contested,won,2025-12-07 07:49:36,6,4,4,0,0.7233333333333333,6,0,1.0,2294.49,debit_card,payment_link,footwear,142,6,12661.12,1,0,28,0,1,1,0.4461,2.51,authenticated_otp,sms_otp,1,0,0.0,36.78,delivered,delivered,1.0,1.0,0,d2c_brand,cosmetics,medium,website,physical_delivery,1,0,0.8941464808776525,0,1,119,0.0159,12.0,35.625
DSP001055,TXN0064832,M000303,C000055,Mastercard,UNAUTHORIZED_TRANSACTION,Cardholder claims transaction was unauthorized or fraudulent,2025-10-27 11:05:20,302.08,0.0,0.0,2025-11-07 11:05:20,11,accepted,accepted_refunded,,3,3,3,0,0.39166666666666666,3,0,1.0,302.08,debit_card,pos_qr,food_item,113,3,606.59,0,0,35,22,0,2,0.044,22.97,authenticated_3ds,3ds_v2,1,0,0.0,0.6,delivered,delivered,1.0,1.0,0,food_local_commerce,cloud_kitchen,medium,website,food_delivery,0,0,0.6122890475819001,0,1,80,0.0124,11.0,39.208333333333336
DSP001056,TXN0064857,M000003,C000158,Visa,MERCHANDISE_NOT_RECEIVED,Cardholder claims ordered merchandise or service was not received,2025-10-27 15:44:31,2622.73,500.0,250.0,2025-11-14 15:44:31,18,contested,lost,2025-12-07 15:44:31,5,4,3,1,0.5516666666666666,5,1,0.75,2622.73,debit_card,desktop_web,exam_course,140,2,5155.87,0,0,85,66,0,1,0.198,41.03,password_authenticated,password,1,1,,,fulfilled,,,,0,education_coaching,exam_prep,enterprise,"website, app",digital_service,0,1,0.4,1,0,99,0.025,18.0,39.291666666666664
DSP001057,TXN0064890,M000110,C000004,Visa,CREDIT_NOT_PROCESSED,Cardholder claims promised credit or refund was not posted,2025-10-30 19:03:55,1937.02,0.0,0.0,2025-11-19 19:03:55,20,accepted,accepted_refunded,,2,3,2,1,0.235,2,4,0.6666666666666666,1937.02,debit_card,payment_link,handicraft_item,466,14,27107.95,2,0,31,0,1,1,0.0307,4.7,authenticated_3ds,3ds_v2,1,0,0.0,37.08,delivered,delivered,0.0,0.0,0,individual_social_seller,jewelry,micro,payment_links,physical_delivery,0,0,0.3249292229148874,1,1,97,0.0189,20.0,42.333333333333336
DSP001058,TXN0064905,M000369,C000030,RuPay,MERCHANDISE_NOT_AS_DESCRIBED,"Cardholder claims merchandise arrived damaged, defective, or not as described",2025-11-01 13:06:36,1294.13,450.0,225.0,2025-11-16 13:06:36,15,contested,won,2025-12-11 13:06:36,6,3,3,0,0.745,6,0,1.0,1294.13,debit_card,mobile_app,footwear,369,12,23021.83,5,0,21,156,0,10,0.2014,11.28,authenticated_3ds,3ds_v2,1,0,0.0,36.79,delivered,delivered,1.0,1.0,0,d2c_brand,cosmetics,medium,website,physical_delivery,1,0,0.8941464808776525,0,1,119,0.0159,15.0,44.041666666666664
DSP001059,TXN0065118,M000171,C000001,Mastercard,RECURRING_BILLING_DISPUTE,Cardholder claims recurring subscription billing was canceled or unauthorized,2025-10-22 03:48:39,8129.28,15.0,7.5,2025-11-06 03:48:39,15,contested,lost,2025-12-02 03:48:39,2,3,2,1,0.225,2,1,0.6666666666666666,8129.28,credit_card,desktop_web,flight_booking,170,8,255210.01,0,0,35,95,0,6,0.0467,50.56,authenticated_3ds,3ds_v2,1,0,,,fulfilled,,,,0,travel_hospitality,tour_packages,micro,mobile_app,booking_service,0,1,0.3320780064971735,0,1,119,0.0395,15.0,32.625
DSP001060,TXN0065225,M000228,C000100,Visa,UNAUTHORIZED_TRANSACTION,Cardholder claims transaction was unauthorized or fraudulent,2025-10-21 05:21:26,3920.82,0.0,0.0,2025-10-31 05:21:26,10,accepted,accepted_refunded,,6,3,3,0,0.7516666666666666,6,0,1.0,3920.82,credit_card,mobile_app,home_decor,236,6,17170.25,3,0,15,207,0,1,0.1234,24.71,authenticated_3ds,3ds_v2,1,0,0.0,33.81,failed,failed,0.0,0.0,0,online_marketplace_retailer,electronics_hub,enterprise,omnichannel,physical_delivery,0,0,0.8367715803059433,0,1,92,0.0093,10.0,31.416666666666668
DSP001061,TXN0065261,M000324,C000003,Mastercard,MERCHANDISE_NOT_AS_DESCRIBED,"Cardholder claims merchandise arrived damaged, defective, or not as described",2025-10-07 21:09:54,2974.57,500.0,250.0,2025-10-23 21:09:54,16,contested,lost,2025-10-18 21:09:54,6,3,3,0,0.715,6,0,1.0,2974.57,credit_card,payment_link,footwear,277,3,12547.66,2,0,158,0,1,1,0.1239,3.83,authenticated_otp,sms_otp,1,0,0.0,28.62,delivered,delivered,1.0,1.0,1,d2c_brand,footwear,medium,website,physical_delivery,0,1,0.8250242898164595,1,1,43,0.0056,16.0,17.916666666666668
DSP001062,TXN0065282,M000347,C000009,Visa,MERCHANDISE_NOT_AS_DESCRIBED,"Cardholder claims merchandise arrived damaged, defective, or not as described",2025-11-03 01:42:49,8154.82,500.0,250.0,2025-11-14 01:42:49,11,contested,lost,2025-12-01 01:42:49,2,2,1,1,0.24166666666666667,2,1,0.5,8154.82,credit_card,pos_qr,hotel_stay,329,11,137190.02,0,0,13,107,0,4,0.01,9.0,authenticated_3ds,3ds_v2,1,0,,,fulfilled,,,,0,travel_hospitality,ticketing,medium,website,booking_service,0,0,0.8173201869910015,1,1,12,0.0349,11.0,43.833333333333336
DSP001063,TXN0065296,M000025,C000033,Mastercard,RECURRING_BILLING_DISPUTE,Cardholder claims recurring subscription billing was canceled or unauthorized,2025-10-09 14:43:49,2125.56,500.0,250.0,2025-10-20 14:43:49,11,contested,won,2025-10-31 14:43:49,5,3,3,0,0.6733333333333333,5,1,1.0,2125.56,debit_card,payment_link,general_item,514,17,50924.41,4,0,17,108,0,14,0.226,9.6,authenticated_3ds,3ds_v2,1,0,0.0,47.96,delivered,delivered,1.0,1.0,0,online_marketplace_retailer,specialty_goods,medium,omnichannel,physical_delivery,0,0,0.8611852894722379,0,1,108,0.0088,11.0,19.291666666666668
DSP001064,TXN0065411,M000029,C000019,Visa,MERCHANDISE_NOT_AS_DESCRIBED,"Cardholder claims merchandise arrived damaged, defective, or not as described",2025-09-28 09:12:23,746.62,0.0,0.0,2025-10-17 09:12:23,19,accepted,accepted_refunded,,3,2,2,0,0.41333333333333333,3,0,1.0,746.62,credit_card,mobile_app,food_item,493,12,7413.27,0,0,11,0,1,1,0.0284,4.88,password_authenticated,password,1,0,0.0,0.56,delivered,delivered,1.0,1.0,0,food_local_commerce,local_restaurant,medium,mobile_app,food_delivery,0,0,0.8456069984217036,1,1,20,0.0104,19.0,7.791666666666667
DSP001065,TXN0065473,M000137,C000017,Visa,MERCHANDISE_NOT_AS_DESCRIBED,"Cardholder claims merchandise arrived damaged, defective, or not as described",2025-09-28 19:06:26,661.45,0.0,0.0,2025-10-08 19:06:26,10,accepted,accepted_refunded,,3,2,2,0,0.37833333333333335,3,0,1.0,661.45,debit_card,desktop_web,food_item,172,0,0.0,0,0,37,0,1,1,0.0271,5.16,authenticated_otp,sms_otp,1,0,0.0,0.71,delivered,delivered,1.0,0.0,0,food_local_commerce,gourmet_food,enterprise,mobile_app,food_delivery,0,0,0.8119865367333683,1,1,85,0.0117,10.0,8.041666666666666
DSP001066,TXN0065488,M000175,C000027,Visa,DUPLICATE_TRANSACTION,Cardholder claims single purchase was billed multiple times,2025-09-27 03:45:35,31691.06,500.0,250.0,2025-10-16 03:45:35,19,contested,lost,2025-10-28 03:45:35,3,2,2,0,0.365,3,0,1.0,31691.06,credit_card,mobile_app,tour_package,67,15,393390.91,0,1,13,0,1,1,0.113,3.05,authenticated_3ds,3ds_v2,1,0,,,fulfilled,,,,0,travel_hospitality,tour_packages,medium,mobile_app,booking_service,0,0,0.8677564361842283,1,1,44,0.034,19.0,6.375
DSP001067,TXN0065516,M000004,C000115,Mastercard,MERCHANDISE_NOT_RECEIVED,Cardholder claims ordered merchandise or service was not received,2025-10-18 22:50:33,7177.82,0.0,0.0,2025-11-06 22:50:33,19,accepted,accepted_refunded,,3,1,1,0,0.395,3,0,1.0,7177.82,credit_card,mobile_app,flight_booking,272,20,217909.72,0,1,6,222,0,14,0.01,16.2,authenticated_3ds,3ds_v2,1,0,,,fulfilled,,,,0,travel_hospitality,travel_agency,enterprise,"website, app",booking_service,0,0,0.3,1,1,68,0.0353,19.0,28.125
DSP001068,TXN0065537,M000351,C000042,Mastercard,RECURRING_BILLING_DISPUTE,Cardholder claims recurring subscription billing was canceled or unauthorized,2025-10-21 16:42:56,663.58,500.0,250.0,2025-11-09 16:42:56,19,contested,won,2025-12-04 16:42:56,2,3,2,1,0.225,2,1,0.6666666666666666,663.58,debit_card,desktop_web,food_item,644,24,12421.6,0,0,11,630,0,14,0.01,2.37,authenticated_otp,sms_otp,1,0,1.0,0.98,delivered,delivered,1.0,1.0,0,food_local_commerce,local_restaurant,enterprise,website,food_delivery,0,0,0.8635093650867643,0,0,107,0.0252,19.0,30.791666666666668
DSP001069,TXN0065673,M000234,C000018,Mastercard,MERCHANDISE_NOT_RECEIVED,Cardholder claims ordered merchandise or service was not received,2025-10-06 14:27:46,341.16,450.0,225.0,2025-10-17 14:27:46,11,contested,won,2025-10-21 14:27:46,5,4,3,1,0.6416666666666667,5,1,0.75,341.16,credit_card,desktop_web,general_item,408,13,9300.34,2,0,63,205,0,3,0.1414,18.71,authenticated_otp,sms_otp,1,0,0.0,10.94,delivered,delivered,1.0,0.0,1,online_marketplace_retailer,multi_category_retail,small,mobile_app,physical_delivery,0,1,0.8631138625997262,1,1,8,0.0101,11.0,15.125
DSP001070,TXN0065701,M000137,C000068,RuPay,UNAUTHORIZED_TRANSACTION,Cardholder claims transaction was unauthorized or fraudulent,2025-11-04 04:23:20,439.86,500.0,250.0,2025-11-18 04:23:20,14,contested,lost,2025-11-22 04:23:20,2,3,2,1,0.26,2,1,0.6666666666666666,439.86,credit_card,pos_qr,food_item,127,0,0.0,0,0,1,0,1,1,0.2199,1.44,authenticated_otp,sms_otp,1,1,1.0,0.85,delivered,delivered,1.0,0.0,0,food_local_commerce,gourmet_food,enterprise,mobile_app,food_delivery,0,0,0.8119865367333683,1,1,85,0.0117,14.0,43.666666666666664
DSP001071,TXN0065871,M000003,C000091,Visa,UNAUTHORIZED_TRANSACTION,Cardholder claims transaction was unauthorized or fraudulent,2025-10-10 01:42:11,1797.01,500.0,250.0,2025-10-20 01:42:11,10,contested,lost,2025-11-08 01:42:11,3,3,2,1,0.37166666666666665,3,3,0.6666666666666666,1797.01,debit_card,pos_qr,exam_course,243,4,10466.73,0,0,38,29,0,3,0.1911,25.25,authenticated_otp,sms_otp,1,0,,,fulfilled,,,,0,education_coaching,exam_prep,enterprise,"website, app",digital_service,0,1,0.4,1,0,99,0.025,10.0,18.166666666666668
DSP001072,TXN0065873,M000176,C000015,RuPay,CREDIT_NOT_PROCESSED,Cardholder claims promised credit or refund was not posted,2025-10-14 15:50:39,958.48,500.0,250.0,2025-11-01 15:50:39,18,contested,won,2025-11-11 15:50:39,5,3,3,0,0.6316666666666667,5,1,1.0,958.48,credit_card,payment_link,footwear,354,3,5736.78,0,0,28,0,1,1,0.1059,2.94,authenticated_otp,sms_otp,1,0,1.0,5.71,delivered,delivered,1.0,1.0,0,d2c_brand,electronics,medium,website,physical_delivery,1,0,0.8016587828927856,0,1,23,0.0075,18.0,22.75
DSP001073,TXN0066172,M000096,C000056,Mastercard,RECURRING_BILLING_DISPUTE,Cardholder claims recurring subscription billing was canceled or unauthorized,2025-10-14 19:52:51,2503.76,0.0,0.0,2025-10-24 19:52:51,10,accepted,accepted_refunded,,4,3,1,2,0.42333333333333334,4,2,0.3333333333333333,2503.76,credit_card,mobile_app,fashion_apparel,390,8,20553.1,0,0,42,0,1,1,0.0219,29.66,password_authenticated,password,1,0,0.0,29.97,delivered,delivered,1.0,1.0,0,online_marketplace_retailer,multi_category_retail,medium,mobile_app,physical_delivery,0,0,0.6213244787222995,1,1,51,0.0098,10.0,21.458333333333332
DSP001074,TXN0066311,M000211,C000024,Visa,CREDIT_NOT_PROCESSED,Cardholder claims promised credit or refund was not posted,2025-10-12 11:54:15,194.16,500.0,250.0,2025-10-30 11:54:15,18,contested,lost,2025-10-31 11:54:15,2,3,2,1,0.24,2,1,0.6666666666666666,194.16,credit_card,pos_qr,food_item,390,19,8034.92,0,0,2,214,0,7,0.01,24.83,authenticated_otp,sms_otp,1,0,0.0,0.94,delivered,delivered,1.0,1.0,0,food_local_commerce,gourmet_food,enterprise,mobile_app,food_delivery,0,0,0.8101471542866032,0,1,31,0.0226,18.0,18.666666666666668
DSP001075,TXN0066348,M000374,C000031,Visa,RECURRING_BILLING_DISPUTE,Cardholder claims recurring subscription billing was canceled or unauthorized,2025-10-01 09:49:50,20073.35,500.0,250.0,2025-10-14 09:49:50,13,contested,lost,2025-10-29 09:49:50,2,3,2,1,0.2933333333333333,2,1,0.6666666666666666,20073.35,credit_card,desktop_web,vacation_package,581,39,595828.24,0,2,2,0,1,1,0.0154,37.07,password_authenticated,password,1,0,,,fulfilled,,,,0,travel_hospitality,tour_packages,medium,website,booking_service,0,1,0.8069361300875165,1,1,71,0.0162,13.0,7.416666666666667
DSP001076,TXN0066352,M000004,C000083,Mastercard,DUPLICATE_TRANSACTION,Cardholder claims single purchase was billed multiple times,2025-11-05 10:04:58,9598.94,500.0,250.0,2025-11-21 10:04:58,16,contested,won,2025-12-13 10:04:58,2,2,2,0,0.24166666666666667,2,1,1.0,9598.94,credit_card,pos_qr,hotel_stay,366,50,566618.45,0,8,0,0,1,1,0.5198,51.18,authenticated_3ds,3ds_v2,1,0,,,fulfilled,,,,0,travel_hospitality,travel_agency,enterprise,"website, app",booking_service,0,0,0.3,1,1,68,0.0353,16.0,42.375
DSP001077,TXN0066489,M000195,C000059,RuPay,MERCHANDISE_NOT_AS_DESCRIBED,"Cardholder claims merchandise arrived damaged, defective, or not as described",2025-10-11 16:05:33,691.23,500.0,250.0,2025-10-31 16:05:33,20,contested,won,2025-11-02 16:05:33,6,3,3,0,0.735,6,0,1.0,691.23,credit_card,payment_link,footwear,85,2,1872.71,1,0,40,16,0,1,0.01,14.62,authenticated_3ds,3ds_v2,1,0,0.0,23.11,delivered,delivered,1.0,1.0,0,d2c_brand,fashion_apparel,medium,website,physical_delivery,0,1,0.8093102767805899,0,1,73,0.0082,20.0,17.0
DSP001078,TXN0066571,M000189,C000013,RuPay,RECURRING_BILLING_DISPUTE,Cardholder claims recurring subscription billing was canceled or unauthorized,2025-10-28 19:51:06,213.8,500.0,250.0,2025-11-12 19:51:06,15,contested,lost,2025-11-04 19:51:06,2,3,2,1,0.2916666666666667,2,1,0.6666666666666666,213.8,debit_card,desktop_web,food_item,548,15,3664.68,0,0,0,422,0,11,0.01,0.94,authenticated_otp,sms_otp,1,0,0.0,0.58,delivered,delivered,1.0,1.0,0,food_local_commerce,gourmet_food,enterprise,website,food_delivery,0,0,0.8257941627715155,1,1,116,0.0156,15.0,33.958333333333336
DSP001079,TXN0066586,M000216,C000025,RuPay,MERCHANDISE_NOT_AS_DESCRIBED,"Cardholder claims merchandise arrived damaged, defective, or not as described",2025-10-02 10:35:57,1316.99,0.0,0.0,2025-10-12 10:35:57,10,accepted,accepted_refunded,,5,3,3,0,0.635,5,1,1.0,1316.99,credit_card,desktop_web,footwear,320,20,44454.87,8,0,0,0,1,1,0.1174,25.95,authenticated_3ds,3ds_v2,1,0,0.0,37.17,delivered,delivered,1.0,1.0,1,d2c_brand,electronics,medium,omnichannel,physical_delivery,0,0,0.8691895197692693,1,1,4,0.0053,10.0,7.458333333333333
DSP001080,TXN0066610,M000013,C000022,Visa,RECURRING_BILLING_DISPUTE,Cardholder claims recurring subscription billing was canceled or unauthorized,2025-11-08 00:12:17,8531.99,0.0,0.0,2025-11-23 00:12:17,15,accepted,accepted_refunded,,2,3,2,1,0.26666666666666666,2,1,0.6666666666666666,8531.99,credit_card,mobile_app,saas_plan,171,1,6172.89,0,0,205,79,0,1,0.01,2.18,authenticated_3ds,3ds_v2,1,0,,,fulfilled,,,,0,digital_saas,cloud_analytics,medium,website,digital_service,1,0,0.8601115011743209,1,0,111,0.0167,15.0,43.75
DSP001081,TXN0066708,M000086,C000001,RuPay,DUPLICATE_TRANSACTION,Cardholder claims single purchase was billed multiple times,2025-10-12 21:03:00,2259.23,500.0,250.0,2025-11-02 21:03:00,21,contested,won,2025-10-20 21:03:00,6,2,2,0,0.8883333333333333,6,0,1.0,2259.23,credit_card,payment_link,footwear,145,3,5328.78,2,0,12,96,0,3,0.0583,71.35,authenticated_3ds,3ds_v2,1,0,0.0,27.61,delivered,delivered,1.0,0.0,0,d2c_brand,fashion_apparel,medium,website,physical_delivery,0,0,0.8623298126827558,1,1,107,0.0067,21.0,17.333333333333332
DSP001082,TXN0066739,M000025,C000026,Visa,MERCHANDISE_NOT_RECEIVED,Cardholder claims ordered merchandise or service was not received,2025-10-10 00:30:25,4112.25,0.0,0.0,2025-10-21 00:30:25,11,accepted,accepted_refunded,,5,4,3,1,0.6616666666666666,5,1,0.75,4112.25,debit_card,mobile_app,cosmetics_kit,342,22,71400.73,8,0,6,316,0,22,0.01,58.77,authenticated_3ds,3ds_v2,1,0,0.0,33.01,delivered,delivered,0.0,0.0,0,online_marketplace_retailer,specialty_goods,medium,omnichannel,physical_delivery,0,0,0.8611852894722379,0,1,108,0.0088,11.0,14.333333333333334
DSP001083,TXN0066756,M000259,C000061,Visa,MERCHANDISE_NOT_RECEIVED,Cardholder claims ordered merchandise or service was not received,2025-10-18 07:48:18,348.01,500.0,250.0,2025-10-31 07:48:18,13,contested,lost,2025-11-21 07:48:18,1,1,0,1,0.125,1,2,0.0,348.01,debit_card,desktop_web,food_item,142,6,2245.69,0,0,102,110,0,6,0.1076,3.97,password_authenticated,password,1,0,0.0,0.83,delivered,delivered,1.0,1.0,0,food_local_commerce,gourmet_food,medium,website,food_delivery,0,0,0.5669492746686092,1,1,31,0.0228,13.0,22.583333333333332
DSP001084,TXN0066950,M000002,C000094,RuPay,MERCHANDISE_NOT_RECEIVED,Cardholder claims ordered merchandise or service was not received,2025-10-03 18:27:31,11893.66,350.0,175.0,2025-10-15 18:27:31,12,contested,won,2025-10-30 18:27:31,2,1,1,0,0.225,2,1,1.0,11893.66,debit_card,payment_link,footwear,207,7,46599.22,1,0,62,135,0,5,0.0289,2.67,authenticated_3ds,3ds_v2,1,0,0.0,17.23,delivered,delivered,1.0,0.0,0,d2c_brand,footwear,enterprise,website,physical_delivery,0,0,0.65,1,1,60,0.025,12.0,7.125
DSP001085,TXN0067008,M000092,C000008,Visa,MERCHANDISE_NOT_RECEIVED,Cardholder claims ordered merchandise or service was not received,2025-11-07 07:44:26,6592.85,0.0,0.0,2025-11-27 07:44:26,20,accepted,accepted_refunded,,1,1,0,1,0.11666666666666665,1,2,0.0,6592.85,credit_card,desktop_web,test_series,232,11,78749.61,0,0,33,22,0,2,0.01,5.28,authenticated_3ds,3ds_v2,1,0,,,fulfilled,,,,0,education_coaching,edtech_courses,small,mobile_app,digital_service,1,0,0.3637557471355213,0,1,99,0.0139,20.0,41.541666666666664
DSP001086,TXN0067080,M000349,C000046,Mastercard,RECURRING_BILLING_DISPUTE,Cardholder claims recurring subscription billing was canceled or unauthorized,2025-11-03 13:48:15,5100.91,500.0,250.0,2025-11-15 13:48:15,12,contested,won,2025-12-12 13:48:15,5,3,3,0,0.6116666666666667,5,1,1.0,5100.91,credit_card,pos_qr,cosmetics_kit,85,1,3646.96,0,0,251,77,0,1,0.0155,18.68,authenticated_otp,sms_otp,1,0,0.0,8.92,delivered,delivered,1.0,0.0,1,online_marketplace_retailer,multi_category_retail,medium,website,physical_delivery,0,0,0.5898504734397373,1,1,59,0.0092,12.0,37.375
DSP001087,TXN0067148,M000252,C000110,Visa,CREDIT_NOT_PROCESSED,Cardholder claims promised credit or refund was not posted,2025-11-07 02:32:05,4213.51,500.0,250.0,2025-11-20 02:32:05,13,contested,lost,2025-11-18 02:32:05,6,3,3,0,0.7516666666666666,6,0,1.0,4213.51,debit_card,desktop_web,cosmetics_kit,197,6,21812.13,2,0,15,0,1,1,0.2395,461.8,authenticated_3ds,3ds_v2,1,1,1.0,36.88,delivered,delivered,1.0,1.0,0,online_marketplace_retailer,specialty_goods,enterprise,mobile_app,physical_delivery,0,0,0.8966654819043669,1,1,34,0.012,13.0,40.625
DSP001088,TXN0067188,M000282,C000017,Visa,UNAUTHORIZED_TRANSACTION,Cardholder claims transaction was unauthorized or fraudulent,2025-10-11 05:13:08,2165.31,0.0,0.0,2025-10-27 05:13:08,16,accepted,accepted_refunded,,6,3,3,0,0.8516666666666667,6,0,1.0,2165.31,credit_card,pos_qr,footwear,94,2,4547.35,1,0,62,54,0,2,0.1439,671.75,authenticated_otp,sms_otp,1,1,1.0,1.29,delivered,delivered,1.0,1.0,1,d2c_brand,electronics,medium,website,physical_delivery,0,1,0.8649963930777765,1,1,99,0.0128,16.0,13.666666666666666
DSP001089,TXN0067292,M000344,C000043,Visa,MERCHANDISE_NOT_AS_DESCRIBED,"Cardholder claims merchandise arrived damaged, defective, or not as described",2025-10-21 17:09:47,5199.1,500.0,250.0,2025-11-05 17:09:47,15,contested,lost,2025-11-27 17:09:47,5,3,3,0,0.6233333333333334,5,1,1.0,5199.1,credit_card,mobile_app,cosmetics_kit,415,4,12832.07,0,0,80,151,0,3,0.0686,7.18,authenticated_3ds,3ds_v2,1,0,0.0,20.48,delivered,delivered,1.0,1.0,0,online_marketplace_retailer,electronics_hub,enterprise,mobile_app,physical_delivery,0,0,0.5597834160651001,1,1,28,0.0147,15.0,23.916666666666668
DSP001090,TXN0067373,M000134,C000042,Visa,UNAUTHORIZED_TRANSACTION,Cardholder claims transaction was unauthorized or fraudulent,2025-10-18 23:17:53,1810.8,0.0,0.0,2025-11-03 23:17:53,16,accepted,accepted_refunded,,6,3,3,0,0.835,6,0,1.0,1810.8,debit_card,pos_qr,footwear,230,27,51367.97,8,1,4,0,1,1,0.1858,18.87,authenticated_3ds,3ds_v2,1,0,0.0,31.44,delivered,delivered,1.0,0.0,0,d2c_brand,fashion_apparel,medium,omnichannel,physical_delivery,0,0,0.8510747302577566,0,1,47,0.0129,16.0,20.75
DSP001091,TXN0067415,M000163,C000025,Visa,MERCHANDISE_NOT_AS_DESCRIBED,"Cardholder claims merchandise arrived damaged, defective, or not as described",2025-10-15 14:28:52,30924.16,0.0,0.0,2025-11-01 14:28:52,17,accepted,accepted_refunded,,3,2,2,0,0.3833333333333333,3,0,1.0,30924.16,credit_card,payment_link,car_rental,341,22,507120.47,0,2,36,18,0,3,0.0332,27.53,password_authenticated,password,1,0,,,fulfilled,,,,0,travel_hospitality,tour_packages,medium,mobile_app,booking_service,0,1,0.82376375439924,1,1,9,0.0311,17.0,17.25
DSP001092,TXN0067460,M000127,C000014,RuPay,MERCHANDISE_NOT_RECEIVED,Cardholder claims ordered merchandise or service was not received,2025-11-06 16:32:55,11854.25,0.0,0.0,2025-11-21 16:32:55,15,accepted,accepted_refunded,,3,1,1,0,0.33666666666666667,3,0,1.0,11854.25,debit_card,mobile_app,saas_plan,533,10,97208.05,0,0,25,0,1,1,0.0712,4.36,password_authenticated,password,1,0,,,fulfilled,,,,0,digital_saas,developer_tools,medium,website,digital_service,1,1,0.5818003474971863,1,1,103,0.0188,15.0,39.208333333333336
DSP001093,TXN0067522,M000104,C000018,Visa,MERCHANDISE_NOT_AS_DESCRIBED,"Cardholder claims merchandise arrived damaged, defective, or not as described",2025-10-20 04:54:29,653.81,500.0,250.0,2025-11-07 04:54:29,18,contested,lost,2025-11-17 04:54:29,3,2,2,0,0.37166666666666665,3,0,1.0,653.81,debit_card,payment_link,food_item,93,3,1633.99,0,0,190,16,0,2,0.1427,15.87,authenticated_otp,sms_otp,1,0,0.0,0.81,delivered,delivered,1.0,1.0,0,food_local_commerce,gourmet_food,medium,mobile_app,food_delivery,0,0,0.5607891426993304,0,1,98,0.0289,18.0,21.583333333333332
DSP001094,TXN0067536,M000376,C000007,Mastercard,MERCHANDISE_NOT_RECEIVED,Cardholder claims ordered merchandise or service was not received,2025-10-29 05:39:51,10042.86,350.0,175.0,2025-11-15 05:39:51,17,contested,lost,2025-11-29 05:39:51,4,4,2,2,0.4383333333333333,4,2,0.5,10042.86,debit_card,mobile_app,footwear,27,2,12114.24,2,0,13,0,1,1,0.4284,255.41,authenticated_3ds,3ds_v2,1,1,1.0,21.88,delivered,delivered,1.0,1.0,1,d2c_brand,footwear,medium,omnichannel,physical_delivery,1,1,0.8018221825651549,1,1,76,0.0077,17.0,30.583333333333332
DSP001095,TXN0067586,M000004,C000029,Mastercard,UNAUTHORIZED_TRANSACTION,Cardholder claims transaction was unauthorized or fraudulent,2025-10-02 22:54:50,22640.97,500.0,250.0,2025-10-19 22:54:50,17,contested,lost,2025-10-27 22:54:50,2,3,2,1,0.2683333333333333,2,1,0.6666666666666666,22640.97,credit_card,desktop_web,hotel_stay,114,23,270912.27,0,2,12,44,0,23,0.01,27.53,authenticated_3ds,3ds_v2,1,0,,,fulfilled,,,,0,travel_hospitality,travel_agency,enterprise,"website, app",booking_service,0,0,0.3,1,1,68,0.0353,17.0,4.208333333333333
DSP001096,TXN0067704,M000074,C000002,Visa,MERCHANDISE_NOT_RECEIVED,Cardholder claims ordered merchandise or service was not received,2025-11-03 20:48:18,7339.93,500.0,250.0,2025-11-21 20:48:18,18,contested,lost,2025-11-14 20:48:18,3,1,1,0,0.3433333333333333,3,0,1.0,7339.93,credit_card,mobile_app,saas_plan,294,7,51602.08,0,0,9,115,0,1,0.1006,4.86,authenticated_3ds,3ds_v2,1,0,,,fulfilled,,,,0,digital_saas,productivity_tools,small,website,digital_service,1,0,0.8986886936600517,1,1,63,0.0248,18.0,35.666666666666664
DSP001097,TXN0067762,M000004,C000032,Visa,MERCHANDISE_NOT_RECEIVED,Cardholder claims ordered merchandise or service was not received,2025-10-25 11:36:24,6876.24,500.0,250.0,2025-11-12 11:36:24,18,contested,won,2025-11-18 11:36:24,3,1,1,0,0.3383333333333333,3,0,1.0,6876.24,debit_card,payment_link,vacation_package,87,2,24467.85,0,1,72,0,1,1,0.067,54.24,authenticated_otp,sms_otp,1,0,,,fulfilled,,,,0,travel_hospitality,travel_agency,enterprise,"website, app",booking_service,0,0,0.3,1,1,68,0.0353,18.0,26.041666666666668
DSP001098,TXN0067813,M000350,C000029,Mastercard,RECURRING_BILLING_DISPUTE,Cardholder claims recurring subscription billing was canceled or unauthorized,2025-10-15 11:58:20,3275.5,500.0,250.0,2025-11-03 11:58:20,19,contested,lost,2025-11-13 11:58:20,2,3,2,1,0.23666666666666666,2,1,0.6666666666666666,3275.5,credit_card,mobile_app,flight_booking,67,3,9719.78,0,0,9,38,0,3,0.0136,15.83,authenticated_3ds,3ds_v2,1,0,,,fulfilled,,,,0,travel_hospitality,tour_packages,medium,mobile_app,booking_service,0,1,0.8615850098052216,1,1,18,0.0174,19.0,15.916666666666666
DSP001099,TXN0067849,M000226,C000017,Visa,UNAUTHORIZED_TRANSACTION,Cardholder claims transaction was unauthorized or fraudulent,2025-10-28 05:23:40,1192.91,0.0,0.0,2025-11-16 05:23:40,19,accepted,accepted_refunded,,4,3,2,1,0.5033333333333333,4,2,0.6666666666666666,1192.91,debit_card,desktop_web,footwear,344,24,44407.48,8,0,15,134,0,14,0.0163,39.48,authenticated_3ds,3ds_v2,1,0,0.0,3.12,failed,failed,0.0,0.0,0,d2c_brand,electronics,medium,omnichannel,physical_delivery,1,0,0.6068308603335472,1,1,56,0.0125,19.0,28.5
DSP001100,TXN0067855,M000185,C000038,Mastercard,UNAUTHORIZED_TRANSACTION,Cardholder claims transaction was unauthorized or fraudulent,2025-10-17 16:47:54,3178.08,500.0,250.0,2025-11-07 16:47:54,21,contested,won,2025-11-22 16:47:54,6,3,3,0,0.7933333333333333,6,0,1.0,3178.08,credit_card,payment_link,footwear,206,7,26802.68,2,0,12,0,1,1,0.5138,942.06,authenticated_otp,sms_otp,1,1,1.0,16.47,delivered,delivered,1.0,1.0,1,d2c_brand,electronics,medium,omnichannel,physical_delivery,0,1,0.8341066351050258,1,1,116,0.0141,21.0,17.958333333333332
DSP001101,TXN0067916,M000005,C000018,Mastercard,CREDIT_NOT_PROCESSED,Cardholder claims promised credit or refund was not posted,2025-11-01 07:37:33,12923.05,500.0,250.0,2025-11-12 07:37:33,11,contested,lost,2025-12-06 07:37:33,2,3,2,1,0.2833333333333333,2,1,0.6666666666666666,12923.05,credit_card,mobile_app,saas_plan,246,3,30220.58,0,1,85,0,1,1,0.2539,4.84,password_authenticated,password,1,0,,,fulfilled,,,,0,digital_saas,b2b_software,medium,website,digital_service,1,0,0.5874540118847362,1,0,46,0.025,11.0,32.416666666666664
DSP001102,TXN0067947,M000003,C000148,Mastercard,RECURRING_BILLING_DISPUTE,Cardholder claims recurring subscription billing was canceled or unauthorized,2025-11-07 03:33:52,1701.25,500.0,250.0,2025-11-22 03:33:52,15,contested,won,2025-12-15 03:33:52,1,3,0,3,0.135,1,5,0.0,1701.25,credit_card,desktop_web,exam_course,353,6,16724.11,0,0,64,245,0,5,0.01,13.3,authenticated_otp,sms_otp,1,0,,,fulfilled,,,,0,education_coaching,exam_prep,enterprise,"website, app",digital_service,0,1,0.4,1,0,99,0.025,15.0,38.0
DSP001103,TXN0067996,M000377,C000004,Mastercard,RECURRING_BILLING_DISPUTE,Cardholder claims recurring subscription billing was canceled or unauthorized,2025-11-14 20:44:44,10846.64,450.0,225.0,2025-11-29 20:44:44,15,contested,won,2025-12-25 20:44:44,3,3,3,0,0.39166666666666666,3,0,1.0,10846.64,credit_card,desktop_web,saas_plan,253,5,47014.89,0,0,170,18,0,1,0.01,4.94,password_authenticated,password,1,0,,,fulfilled,,,,0,digital_saas,productivity_tools,medium,website,digital_service,1,0,0.8094442960755928,1,1,39,0.02,15.0,45.458333333333336
DSP001104,TXN0068004,M000346,C000019,Mastercard,UNAUTHORIZED_TRANSACTION,Cardholder claims transaction was unauthorized or fraudulent,2025-10-22 20:17:09,547.37,0.0,0.0,2025-11-10 20:17:09,19,accepted,accepted_refunded,,2,3,2,1,0.29333333333333333,2,1,0.6666666666666666,547.37,debit_card,mobile_app,food_item,241,20,12335.98,0,1,3,0,1,1,0.0235,19.45,authenticated_3ds,3ds_v2,1,0,1.0,1.0,delivered,delivered,1.0,1.0,0,food_local_commerce,local_restaurant,medium,mobile_app,food_delivery,0,0,0.8473471770780565,1,1,46,0.024,19.0,22.416666666666668
DSP001105,TXN0068030,M000009,C000231,Visa,CREDIT_NOT_PROCESSED,Cardholder claims promised credit or refund was not posted,2025-10-12 22:07:23,15115.95,0.0,0.0,2025-10-31 22:07:23,19,accepted,accepted_refunded,,1,3,1,2,0.14333333333333334,1,2,0.3333333333333333,15115.95,credit_card,pos_qr,fitness_class,224,4,72015.06,0,0,6,0,1,1,0.221,1.03,authenticated_3ds,3ds_v2,1,0,,,fulfilled,,,,0,fitness_services,fitness_program,enterprise,"app, in-person",membership_service,1,0,0.5656018640442436,1,1,47,0.025,19.0,12.416666666666666
DSP001106,TXN0068069,M000311,C000022,Visa,UNAUTHORIZED_TRANSACTION,Cardholder claims transaction was unauthorized or fraudulent,2025-10-16 06:19:35,1472.78,0.0,0.0,2025-10-27 06:19:35,11,accepted,accepted_refunded,,6,3,3,0,0.8133333333333334,6,0,1.0,1472.78,debit_card,payment_link,fashion_apparel,87,5,10879.74,0,0,49,0,1,1,0.1021,1.4,authenticated_3ds,3ds_v2,1,0,0.0,22.1,delivered,delivered,1.0,1.0,0,online_marketplace_retailer,specialty_goods,enterprise,mobile_app,physical_delivery,0,1,0.8516300348301196,1,1,96,0.0044,11.0,15.625
DSP001107,TXN0068252,M000117,C000009,Visa,MERCHANDISE_NOT_AS_DESCRIBED,"Cardholder claims merchandise arrived damaged, defective, or not as described",2025-10-14 12:27:16,2589.62,0.0,0.0,2025-11-03 12:27:16,20,accepted,accepted_refunded,,3,2,2,0,0.42,3,0,1.0,2589.62,credit_card,payment_link,saas_plan,288,6,43757.23,0,0,0,251,0,5,0.01,24.15,authenticated_otp,sms_otp,1,0,,,fulfilled,,,,0,digital_saas,developer_tools,small,website,digital_service,1,0,0.8929697652342573,1,1,116,0.0204,20.0,13.125
DSP001108,TXN0068332,M000031,C000016,Visa,UNAUTHORIZED_TRANSACTION,Cardholder claims transaction was unauthorized or fraudulent,2025-10-09 02:04:06,531.07,500.0,250.0,2025-10-23 02:04:06,14,contested,lost,2025-10-19 02:04:06,3,3,3,0,0.36833333333333335,3,0,1.0,531.07,debit_card,pos_qr,food_item,291,1,550.45,0,0,102,184,0,1,0.0294,17.54,authenticated_otp,sms_otp,1,0,0.0,0.56,delivered,delivered,1.0,1.0,0,food_local_commerce,gourmet_food,enterprise,website,food_delivery,0,0,0.819967378215836,1,1,55,0.0167,14.0,7.5
DSP001109,TXN0068463,M000083,C000007,Mastercard,MERCHANDISE_NOT_RECEIVED,Cardholder claims ordered merchandise or service was not received,2025-10-28 13:23:38,1518.86,500.0,250.0,2025-11-07 13:23:38,10,contested,won,2025-11-12 13:23:38,5,4,4,0,0.64,5,1,1.0,1518.86,debit_card,desktop_web,footwear,65,7,14043.39,2,0,3,22,0,4,0.01,17.78,auth_failed,password,3,0,0.0,21.98,failed,failed,0.0,0.0,0,d2c_brand,footwear,small,omnichannel,physical_delivery,0,0,0.5858465728544272,1,1,51,0.0174,10.0,26.666666666666668
DSP001110,TXN0068568,M000021,C000028,Visa,MERCHANDISE_NOT_AS_DESCRIBED,"Cardholder claims merchandise arrived damaged, defective, or not as described",2025-11-08 23:14:43,812.38,0.0,0.0,2025-11-25 23:14:43,17,accepted,accepted_refunded,,3,2,2,0,0.38000000000000006,3,0,1.0,812.38,credit_card,mobile_app,food_item,291,5,4405.19,0,0,11,103,0,5,0.086,56.14,authenticated_otp,sms_otp,1,0,0.0,0.86,delivered,delivered,1.0,1.0,0,food_local_commerce,cloud_kitchen,enterprise,website,food_delivery,0,0,0.8304242242959538,1,1,24,0.0134,17.0,37.541666666666664
DSP001111,TXN0068647,M000293,C000009,Mastercard,MERCHANDISE_NOT_AS_DESCRIBED,"Cardholder claims merchandise arrived damaged, defective, or not as described",2025-10-25 03:03:15,5836.35,500.0,250.0,2025-11-15 03:03:15,21,contested,won,2025-12-08 03:03:15,2,2,2,0,0.26166666666666666,2,1,1.0,5836.35,debit_card,payment_link,saas_plan,383,7,65810.28,0,0,4,246,0,4,0.1695,394.94,password_authenticated,password,1,1,,,fulfilled,,,,0,digital_saas,cloud_analytics,medium,website,digital_service,1,0,0.8286541252128284,1,1,18,0.0124,21.0,22.541666666666668
DSP001112,TXN0068673,M000007,C000011,Mastercard,MERCHANDISE_NOT_AS_DESCRIBED,"Cardholder claims merchandise arrived damaged, defective, or not as described",2025-10-18 07:24:24,1709.76,450.0,225.0,2025-11-08 07:24:24,21,contested,lost,2025-10-29 07:24:24,5,3,3,0,0.6166666666666667,5,1,1.0,1709.76,credit_card,payment_link,general_item,227,4,8540.14,1,0,30,29,0,2,0.01,28.56,authenticated_otp,sms_otp,1,0,0.0,31.58,delivered,delivered,0.0,0.0,0,online_marketplace_retailer,beauty_marketplace,enterprise,"website, app",physical_delivery,0,0,0.8731993941811405,1,1,25,0.025,21.0,15.666666666666666
DSP001113,TXN0068805,M000395,C000049,Visa,UNAUTHORIZED_TRANSACTION,Cardholder claims transaction was unauthorized or fraudulent,2025-10-31 16:16:51,1157.83,500.0,250.0,2025-11-13 16:16:51,13,contested,won,2025-12-13 16:16:51,5,3,3,0,0.6849999999999999,5,1,1.0,1157.83,credit_card,mobile_app,footwear,315,13,23712.76,1,0,23,0,1,1,0.0325,48.37,auth_failed,sms_otp,3,0,0.0,21.08,failed,failed,0.0,0.0,0,d2c_brand,electronics,medium,omnichannel,physical_delivery,1,0,0.8990505142000673,1,1,86,0.0087,13.0,28.791666666666668
DSP001114,TXN0068976,M000275,C000004,RuPay,CREDIT_NOT_PROCESSED,Cardholder claims promised credit or refund was not posted,2025-10-09 11:48:00,639.97,500.0,250.0,2025-10-20 11:48:00,11,contested,won,2025-11-04 11:48:00,2,3,2,1,0.25333333333333335,2,1,0.6666666666666666,639.97,credit_card,payment_link,food_item,464,7,4207.97,0,0,5,433,0,1,0.2737,4.91,authenticated_otp,sms_otp,1,0,0.0,1.0,delivered,delivered,1.0,0.0,0,food_local_commerce,gourmet_food,small,website,food_delivery,0,0,0.6309361155478513,0,0,112,0.024,11.0,5.958333333333333
DSP001115,TXN0069078,M000304,C000015,Visa,MERCHANDISE_NOT_RECEIVED,Cardholder claims ordered merchandise or service was not received,2025-11-01 13:31:48,17050.3,350.0,175.0,2025-11-13 13:31:48,12,contested,won,2025-11-19 13:31:48,1,1,0,1,0.135,1,2,0.0,17050.3,credit_card,desktop_web,tour_package,3,3,55807.78,0,0,75,0,1,1,0.26,8.23,authenticated_3ds,3ds_v2,1,1,,,fulfilled,,,,0,travel_hospitality,hotel_booking,medium,mobile_app,booking_service,0,1,0.5585347464993767,1,1,86,0.0326,12.0,28.791666666666668
DSP001116,TXN0069100,M000001,C000012,Visa,UNAUTHORIZED_TRANSACTION,Cardholder claims transaction was unauthorized or fraudulent,2025-11-11 22:22:34,1370.77,500.0,250.0,2025-11-27 22:22:34,16,contested,lost,2025-12-22 22:22:34,6,3,3,0,0.7983333333333333,6,0,1.0,1370.77,credit_card,desktop_web,handicraft_item,458,13,16892.17,7,1,30,106,0,9,0.01,10.29,authenticated_otp,sms_otp,1,0,0.0,35.09,delivered,delivered,1.0,1.0,0,individual_social_seller,crochet_accessories,medium,"Instagram, WhatsApp, payment links",physical_delivery,0,0,0.9,0,1,13,0.025,16.0,39.125
DSP001117,TXN0069143,M000061,C000087,Visa,MERCHANDISE_NOT_AS_DESCRIBED,"Cardholder claims merchandise arrived damaged, defective, or not as described",2025-10-25 18:36:06,598.03,0.0,0.0,2025-11-05 18:36:06,11,accepted,accepted_refunded,,6,3,3,0,0.73,6,0,1.0,598.03,debit_card,payment_link,cosmetics_kit,203,5,5542.3,1,0,11,58,0,1,0.0291,8.97,authenticated_3ds,3ds_v2,1,0,0.0,12.72,delivered,delivered,1.0,1.0,0,online_marketplace_retailer,electronics_hub,enterprise,omnichannel,physical_delivery,0,0,0.8088492502051919,1,1,75,0.0125,11.0,21.875
DSP001118,TXN0069169,M000009,C000035,Mastercard,RECURRING_BILLING_DISPUTE,Cardholder claims recurring subscription billing was canceled or unauthorized,2025-11-11 03:01:54,13245.12,500.0,250.0,2025-11-26 03:01:54,15,contested,lost,2025-12-08 03:01:54,0,3,0,3,0.0,0,3,0.0,13245.12,debit_card,desktop_web,personal_training,282,5,40646.48,0,0,27,0,1,1,0.01,3.48,authenticated_otp,sms_otp,1,0,,,fulfilled,,,,0,fitness_services,fitness_program,enterprise,"app, in-person",membership_service,1,0,0.5656018640442436,1,1,47,0.025,15.0,38.125
DSP001119,TXN0069220,M000187,C000023,Visa,RECURRING_BILLING_DISPUTE,Cardholder claims recurring subscription billing was canceled or unauthorized,2025-11-02 21:25:29,9191.34,350.0,175.0,2025-11-14 21:25:29,12,contested,lost,2025-11-13 21:25:29,3,3,3,0,0.38833333333333336,3,0,1.0,9191.34,credit_card,desktop_web,saas_plan,232,13,95810.29,0,0,0,0,1,1,0.1842,15.74,authenticated_3ds,3ds_v2,1,0,,,fulfilled,,,,0,digital_saas,cloud_analytics,medium,website,digital_service,1,1,0.8924693618278563,1,1,44,0.0234,12.0,29.583333333333332
DSP001120,TXN0069431,M000106,C000030,Visa,UNAUTHORIZED_TRANSACTION,Cardholder claims transaction was unauthorized or fraudulent,2025-11-17 14:39:51,3567.54,500.0,250.0,2025-12-07 14:39:51,20,contested,lost,2025-12-06 14:39:51,5,3,2,1,0.6283333333333333,5,1,0.6666666666666666,3567.54,credit_card,pos_qr,footwear,358,18,74256.33,3,1,28,145,0,16,0.01,18.79,authenticated_3ds,3ds_v2,1,0,1.0,6.59,delivered,delivered,1.0,1.0,1,d2c_brand,electronics,medium,omnichannel,physical_delivery,0,0,0.613641041126378,1,1,69,0.0116,20.0,43.916666666666664
DSP001121,TXN0069479,M000100,C000002,Mastercard,MERCHANDISE_NOT_AS_DESCRIBED,"Cardholder claims merchandise arrived damaged, defective, or not as described",2025-11-01 19:15:16,995.05,450.0,225.0,2025-11-11 19:15:16,10,contested,lost,2025-12-07 19:15:16,5,3,2,1,0.63,5,1,0.6666666666666666,995.05,debit_card,payment_link,handicraft_item,37,5,7522.03,1,1,29,14,0,4,0.4707,3.75,authenticated_3ds,3ds_v2,1,0,0.0,19.02,delivered,delivered,0.0,0.0,0,individual_social_seller,jewelry,micro,payment_links,physical_delivery,0,0,0.5993795596364391,1,1,12,0.0091,10.0,28.041666666666668
DSP001122,TXN0069567,M000211,C000037,RuPay,UNAUTHORIZED_TRANSACTION,Cardholder claims transaction was unauthorized or fraudulent,2025-10-12 00:24:06,249.34,0.0,0.0,2025-10-30 00:24:06,18,accepted,accepted_refunded,,2,3,2,1,0.24833333333333332,2,1,0.6666666666666666,249.34,debit_card,pos_qr,food_item,347,2,498.41,0,0,234,254,0,2,0.0364,52.19,authenticated_otp,sms_otp,1,0,0.0,0.52,delivered,delivered,1.0,0.0,0,food_local_commerce,gourmet_food,enterprise,mobile_app,food_delivery,0,0,0.8101471542866032,0,1,31,0.0226,18.0,7.083333333333333
DSP001123,TXN0069659,M000010,C000006,Visa,MERCHANDISE_NOT_RECEIVED,Cardholder claims ordered merchandise or service was not received,2025-10-18 08:48:47,12523.83,500.0,250.0,2025-11-06 08:48:47,19,contested,lost,2025-11-04 08:48:47,2,1,1,0,0.255,2,1,1.0,12523.83,credit_card,desktop_web,study_material,286,14,233274.83,0,0,0,0,1,1,0.025,10.15,password_authenticated,password,1,0,,,fulfilled,,,,0,education_coaching,online_tutoring,small,website,digital_service,0,0,0.5655994520336203,1,1,113,0.0133,19.0,13.0
DSP001124,TXN0069675,M000104,C000008,Visa,MERCHANDISE_NOT_AS_DESCRIBED,"Cardholder claims merchandise arrived damaged, defective, or not as described",2025-10-13 06:35:14,1672.32,0.0,0.0,2025-10-23 06:35:14,10,accepted,accepted_refunded,,2,2,2,0,0.22166666666666668,2,1,1.0,1672.32,debit_card,mobile_app,food_item,178,8,17814.01,0,0,15,0,1,1,0.1095,7.84,authenticated_otp,sms_otp,1,0,1.0,0.51,delivered,delivered,1.0,1.0,0,food_local_commerce,gourmet_food,medium,mobile_app,food_delivery,0,0,0.5607891426993304,0,1,98,0.0289,10.0,7.875
DSP001125,TXN0069761,M000330,C000038,Visa,UNAUTHORIZED_TRANSACTION,Cardholder claims transaction was unauthorized or fraudulent,2025-10-11 10:30:29,4742.51,500.0,250.0,2025-10-29 10:30:29,18,contested,lost,2025-11-20 10:30:29,5,3,2,1,0.53,5,1,0.6666666666666666,4742.51,debit_card,pos_qr,footwear,639,23,74313.84,11,0,10,445,0,18,0.0881,0.22,auth_failed,none,3,0,0.0,8.55,failed,failed,0.0,0.0,0,d2c_brand,fashion_apparel,medium,omnichannel,physical_delivery,0,0,0.8737896916695769,1,1,27,0.0074,18.0,5.875
DSP001126,TXN0069767,M000064,C000018,Mastercard,RECURRING_BILLING_DISPUTE,Cardholder claims recurring subscription billing was canceled or unauthorized,2025-11-19 10:54:23,406.95,500.0,250.0,2025-12-10 10:54:23,21,contested,lost,2025-12-24 10:54:23,5,3,2,1,0.5883333333333333,5,1,0.6666666666666666,406.95,credit_card,pos_qr,electronic_accessory,205,3,2209.65,0,0,15,103,0,2,0.01,12.7,authenticated_3ds,3ds_v2,1,0,0.0,17.25,delivered,delivered,1.0,1.0,0,online_marketplace_retailer,specialty_goods,enterprise,omnichannel,physical_delivery,1,0,0.8325330330763264,1,1,18,0.0076,21.0,44.875
DSP001127,TXN0069821,M000399,C000004,Mastercard,UNAUTHORIZED_TRANSACTION,Cardholder claims transaction was unauthorized or fraudulent,2025-10-12 10:47:15,8567.44,0.0,0.0,2025-10-22 10:47:15,10,accepted,accepted_refunded,,2,3,2,1,0.20666666666666667,2,1,0.6666666666666666,8567.44,debit_card,pos_qr,exam_course,119,1,18001.28,0,0,68,45,0,1,0.01,3.4,auth_failed,password,4,0,,,failed,,,,0,education_coaching,skill_bootcamp,small,website,digital_service,1,1,0.5840803540253018,1,1,4,0.0187,10.0,6.791666666666667
DSP001128,TXN0069861,M000010,C000007,RuPay,MERCHANDISE_NOT_RECEIVED,Cardholder claims ordered merchandise or service was not received,2025-10-20 19:48:42,11341.21,0.0,0.0,2025-10-30 19:48:42,10,accepted,accepted_refunded,,3,1,1,0,0.3983333333333334,3,0,1.0,11341.21,credit_card,payment_link,exam_course,267,14,249341.34,0,0,29,226,0,11,0.1638,4.67,authenticated_3ds,3ds_v2,1,0,,,fulfilled,,,,0,education_coaching,online_tutoring,small,website,digital_service,0,0,0.5655994520336203,1,1,113,0.0133,10.0,15.083333333333334
DSP001129,TXN0069921,M000107,C000020,Visa,RECURRING_BILLING_DISPUTE,Cardholder claims recurring subscription billing was canceled or unauthorized,2025-10-22 22:25:49,714.82,500.0,250.0,2025-11-11 22:25:49,20,contested,lost,2025-11-18 22:25:49,4,3,2,1,0.46166666666666667,4,2,0.6666666666666666,714.82,credit_card,desktop_web,electronic_accessory,172,10,8097.06,4,0,25,142,0,2,0.0173,22.75,authenticated_3ds,3ds_v2,1,0,0.0,37.51,delivered,delivered,1.0,1.0,1,online_marketplace_retailer,specialty_goods,medium,omnichannel,physical_delivery,0,0,0.5814355981076327,1,1,26,0.0041,20.0,17.125
DSP001130,TXN0069943,M000237,C000025,RuPay,MERCHANDISE_NOT_RECEIVED,Cardholder claims ordered merchandise or service was not received,2025-10-29 13:21:24,1383.13,350.0,175.0,2025-11-18 13:21:24,20,contested,won,2025-12-02 13:21:24,5,4,3,1,0.6683333333333333,5,1,0.75,1383.13,credit_card,desktop_web,footwear,212,9,9066.77,6,0,8,0,1,1,0.0941,43.13,authenticated_otp,sms_otp,1,0,0.0,2.16,delivered,delivered,1.0,1.0,0,d2c_brand,home_lifestyle,medium,omnichannel,physical_delivery,0,0,0.8576903884626359,1,1,75,0.0146,20.0,23.708333333333332
DSP001131,TXN0070055,M000389,C000005,RuPay,UNAUTHORIZED_TRANSACTION,Cardholder claims transaction was unauthorized or fraudulent,2025-10-16 15:24:04,10306.15,0.0,0.0,2025-10-29 15:24:04,13,accepted,accepted_refunded,,3,3,3,0,0.345,3,0,1.0,10306.15,credit_card,pos_qr,mentorship,264,27,272451.86,0,1,3,40,0,11,0.0111,9.6,authenticated_otp,sms_otp,1,0,,,fulfilled,,,,0,education_coaching,edtech_courses,small,mobile_app,digital_service,0,0,0.6235071043803886,0,1,19,0.0303,13.0,10.291666666666666
DSP001132,TXN0070058,M000307,C000092,Visa,RECURRING_BILLING_DISPUTE,Cardholder claims recurring subscription billing was canceled or unauthorized,2025-11-19 18:39:05,416.82,150.0,75.0,2025-11-29 18:39:05,10,contested,won,2025-12-13 18:39:05,3,3,3,0,0.3466666666666667,3,0,1.0,416.82,credit_card,pos_qr,food_item,299,11,4105.12,0,0,8,155,0,8,0.01,3.14,authenticated_otp,sms_otp,1,0,0.0,0.59,delivered,delivered,1.0,1.0,0,food_local_commerce,gourmet_food,enterprise,website,food_delivery,0,0,0.6040635121610106,1,1,63,0.0128,10.0,44.416666666666664
DSP001133,TXN0070183,M000398,C000071,RuPay,CREDIT_NOT_PROCESSED,Cardholder claims promised credit or refund was not posted,2025-11-20 11:34:31,1802.13,150.0,75.0,2025-12-05 11:34:31,15,contested,lost,2026-01-04 11:34:31,5,3,2,1,0.5733333333333334,5,1,0.6666666666666666,1802.13,credit_card,payment_link,fashion_apparel,483,3,9266.57,1,0,127,441,0,3,0.01,0.29,authenticated_otp,sms_otp,1,0,0.0,45.18,delivered,delivered,0.0,0.0,1,online_marketplace_retailer,electronics_hub,enterprise,mobile_app,physical_delivery,0,0,0.6276412960741997,1,1,13,0.0084,15.0,44.791666666666664
DSP001134,TXN0070236,M000020,C000022,Visa,MERCHANDISE_NOT_RECEIVED,Cardholder claims ordered merchandise or service was not received,2025-11-09 21:35:52,1756.78,0.0,0.0,2025-11-30 21:35:52,21,accepted,accepted_refunded,,6,4,4,0,0.7183333333333333,6,0,1.0,1756.78,credit_card,payment_link,footwear,201,18,22099.9,4,0,31,0,1,1,0.1524,1.87,authenticated_3ds,3ds_v2,1,0,0.0,43.86,delivered,delivered,1.0,1.0,0,d2c_brand,fashion_apparel,small,omnichannel,physical_delivery,0,0,0.8183404509853434,0,1,117,0.0074,21.0,34.125
DSP001135,TXN0070347,M000393,C000052,RuPay,CREDIT_NOT_PROCESSED,Cardholder claims promised credit or refund was not posted,2025-10-31 01:59:41,4655.55,0.0,0.0,2025-11-21 01:59:41,21,accepted,accepted_refunded,,5,3,2,1,0.6866666666666666,5,1,0.6666666666666666,4655.55,credit_card,pos_qr,general_item,88,3,6346.0,0,0,59,15,0,2,0.0478,1.37,authenticated_otp,sms_otp,1,0,0.0,15.52,delivered,delivered,1.0,0.0,1,online_marketplace_retailer,beauty_marketplace,enterprise,website,physical_delivery,0,1,0.8750614751640858,1,1,42,0.0119,21.0,23.833333333333332
DSP001136,TXN0070364,M000264,C000023,Visa,CREDIT_NOT_PROCESSED,Cardholder claims promised credit or refund was not posted,2025-10-18 17:14:32,1015.01,500.0,250.0,2025-10-30 17:14:32,12,contested,lost,2025-11-24 17:14:32,3,3,3,0,0.35000000000000003,3,0,1.0,1015.01,credit_card,payment_link,food_item,390,13,7885.46,0,0,30,0,1,1,0.0863,4.09,authenticated_3ds,3ds_v2,1,0,0.0,0.8,failed,failed,0.0,0.0,0,food_local_commerce,local_restaurant,medium,website,food_delivery,0,0,0.5597176493770768,1,1,42,0.0144,12.0,11.416666666666666
DSP001137,TXN0070477,M000239,C000004,Visa,RECURRING_BILLING_DISPUTE,Cardholder claims recurring subscription billing was canceled or unauthorized,2025-10-14 23:09:48,42984.14,0.0,0.0,2025-10-24 23:09:48,10,accepted,accepted_refunded,,2,3,2,1,0.24833333333333332,2,1,0.6666666666666666,42984.14,credit_card,mobile_app,tour_package,303,24,1022245.08,0,1,2,187,0,9,0.0134,10.99,authenticated_3ds,3ds_v2,1,0,,,fulfilled,,,,0,travel_hospitality,hotel_booking,small,mobile_app,booking_service,0,0,0.5695242987798044,1,1,98,0.0212,10.0,7.416666666666667
DSP001138,TXN0070504,M000009,C000199,Visa,MERCHANDISE_NOT_AS_DESCRIBED,"Cardholder claims merchandise arrived damaged, defective, or not as described",2025-11-12 09:09:42,8759.03,500.0,250.0,2025-12-03 09:09:42,21,contested,won,2025-12-04 09:09:42,3,2,2,0,0.3416666666666666,3,0,1.0,8759.03,credit_card,desktop_web,gym_membership,256,6,53888.33,0,1,40,85,0,6,0.1392,599.65,authenticated_3ds,3ds_v2,1,1,,,fulfilled,,,,0,fitness_services,fitness_program,enterprise,"app, in-person",membership_service,1,0,0.5656018640442436,1,1,47,0.025,21.0,35.75
DSP001139,TXN0070723,M000252,C000127,Mastercard,MERCHANDISE_NOT_RECEIVED,Cardholder claims ordered merchandise or service was not received,2025-11-07 16:09:14,3790.36,500.0,250.0,2025-11-26 16:09:14,19,contested,lost,2025-11-26 16:09:14,6,4,4,0,0.75,6,0,1.0,3790.36,debit_card,mobile_app,fashion_apparel,228,3,13550.05,1,0,5,104,0,2,0.01,2.1,authenticated_otp,sms_otp,1,0,0.0,31.32,delivered,delivered,1.0,1.0,1,online_marketplace_retailer,specialty_goods,enterprise,mobile_app,physical_delivery,0,0,0.8966654819043669,1,1,34,0.012,19.0,30.291666666666668
DSP001140,TXN0070725,M000248,C000004,Mastercard,MERCHANDISE_NOT_RECEIVED,Cardholder claims ordered merchandise or service was not received,2025-10-20 21:17:03,1553.06,0.0,0.0,2025-11-02 21:17:03,13,accepted,accepted_refunded,,2,1,1,0,0.25666666666666665,2,1,1.0,1553.06,credit_card,mobile_app,personal_training,153,5,9474.05,0,0,21,0,1,1,0.622,11.64,password_authenticated,password,1,0,,,fulfilled,,,,0,fitness_services,yoga_wellness,small,omnichannel,membership_service,1,0,0.5870158700255445,1,1,82,0.0263,13.0,12.5
DSP001141,TXN0070766,M000062,C000021,Visa,DUPLICATE_TRANSACTION,Cardholder claims single purchase was billed multiple times,2025-11-01 07:35:35,900.25,350.0,175.0,2025-11-11 07:35:35,10,contested,lost,2025-11-26 07:35:35,4,2,1,1,0.505,4,2,0.5,900.25,debit_card,mobile_app,footwear,62,0,0.0,0,0,6,0,1,1,0.1185,14.28,authenticated_otp,sms_otp,1,0,0.0,32.04,delivered,delivered,1.0,1.0,0,d2c_brand,home_lifestyle,medium,website,physical_delivery,1,0,0.8195982862419144,1,1,56,0.0076,10.0,23.833333333333332
DSP001142,TXN0070770,M000331,C000014,RuPay,MERCHANDISE_NOT_AS_DESCRIBED,"Cardholder claims merchandise arrived damaged, defective, or not as described",2025-10-12 18:51:14,2306.88,150.0,75.0,2025-11-02 18:51:14,21,contested,lost,2025-11-03 18:51:14,5,3,2,1,0.68,5,1,0.6666666666666666,2306.88,credit_card,pos_qr,home_decor,137,2,3188.83,1,0,174,0,1,1,0.0111,8.27,authenticated_otp,sms_otp,1,0,1.0,45.2,delivered,delivered,1.0,1.0,1,online_marketplace_retailer,beauty_marketplace,enterprise,mobile_app,physical_delivery,0,0,0.85543540525114,1,1,17,0.0145,21.0,4.291666666666667
DSP001143,TXN0070784,M000152,C000030,Visa,CREDIT_NOT_PROCESSED,Cardholder claims promised credit or refund was not posted,2025-10-26 07:45:10,3668.67,500.0,250.0,2025-11-11 07:45:10,16,contested,lost,2025-11-06 07:45:10,5,3,2,1,0.7283333333333334,5,1,0.6666666666666666,3668.67,credit_card,pos_qr,footwear,160,6,26735.46,1,0,31,69,0,6,0.01,2.15,authenticated_otp,sms_otp,1,0,0.0,4.92,delivered,delivered,1.0,1.0,0,d2c_brand,electronics,medium,omnichannel,physical_delivery,0,0,0.8502679023228861,1,0,44,0.0052,16.0,17.791666666666668
DSP001144,TXN0070905,M000231,C000009,Mastercard,RECURRING_BILLING_DISPUTE,Cardholder claims recurring subscription billing was canceled or unauthorized,2025-11-11 21:26:23,1144.05,450.0,225.0,2025-11-24 21:26:23,13,contested,won,2025-11-29 21:26:23,2,3,2,1,0.20166666666666666,2,1,0.6666666666666666,1144.05,credit_card,payment_link,saas_plan,460,14,15164.74,0,0,17,328,0,6,0.01,5.03,authenticated_3ds,3ds_v2,1,0,,,fulfilled,,,,0,digital_saas,b2b_software,medium,website,digital_service,1,1,0.8973010554752445,1,1,76,0.0117,13.0,34.083333333333336
DSP001145,TXN0070946,M000341,C000047,Mastercard,UNAUTHORIZED_TRANSACTION,Cardholder claims transaction was unauthorized or fraudulent,2025-11-18 16:19:08,1492.25,0.0,0.0,2025-12-01 16:19:08,13,accepted,accepted_refunded,,5,3,3,0,0.6666666666666666,5,1,1.0,1492.25,debit_card,desktop_web,home_decor,231,4,5076.51,0,0,76,88,0,4,0.01,3.8,password_authenticated,password,1,0,0.0,10.36,delivered,delivered,1.0,1.0,0,online_marketplace_retailer,beauty_marketplace,enterprise,mobile_app,physical_delivery,0,0,0.8855460584011007,1,1,92,0.0076,13.0,40.708333333333336
DSP001146,TXN0071007,M000003,C000059,Visa,CREDIT_NOT_PROCESSED,Cardholder claims promised credit or refund was not posted,2025-10-31 13:28:39,2304.33,15.0,7.5,2025-11-21 13:28:39,21,contested,won,2025-11-26 13:28:39,6,3,3,0,0.665,6,0,1.0,2304.33,credit_card,pos_qr,test_series,363,18,45847.77,0,1,4,206,0,3,0.3478,27.52,password_authenticated,password,1,0,,,fulfilled,,,,0,education_coaching,exam_prep,enterprise,"website, app",digital_service,0,1,0.4,1,0,99,0.025,21.0,22.208333333333332
DSP001147,TXN0071103,M000251,C000039,Visa,DUPLICATE_TRANSACTION,Cardholder claims single purchase was billed multiple times,2025-10-31 07:15:26,3720.84,500.0,250.0,2025-11-17 07:15:26,17,contested,won,2025-11-12 07:15:26,5,2,2,0,0.6533333333333333,5,1,1.0,3720.84,debit_card,pos_qr,footwear,53,3,12252.02,2,0,32,41,0,3,0.01,9.77,authenticated_3ds,3ds_v2,1,0,0.0,7.44,delivered,delivered,1.0,1.0,0,d2c_brand,electronics,medium,website,physical_delivery,0,0,0.8428184148317314,1,0,41,0.0169,17.0,21.75
DSP001148,TXN0071106,M000290,C000023,Visa,UNAUTHORIZED_TRANSACTION,Cardholder claims transaction was unauthorized or fraudulent,2025-11-05 01:27:38,921.38,0.0,0.0,2025-11-21 01:27:38,16,accepted,accepted_refunded,,3,3,3,0,0.3416666666666666,3,0,1.0,921.38,debit_card,mobile_app,food_item,657,14,11091.1,0,0,1,0,1,1,0.025,17.46,authenticated_otp,sms_otp,1,0,0.0,0.98,delivered,delivered,0.0,0.0,0,food_local_commerce,local_restaurant,medium,website,food_delivery,0,0,0.8035942273796742,1,1,9,0.0167,16.0,26.5
DSP001149,TXN0071377,M000009,C000033,Visa,UNAUTHORIZED_TRANSACTION,Cardholder claims transaction was unauthorized or fraudulent,2025-10-23 02:02:03,5173.22,500.0,250.0,2025-11-02 02:02:03,10,contested,lost,2025-11-15 02:02:03,2,3,2,1,0.26166666666666666,2,1,0.6666666666666666,5173.22,credit_card,payment_link,gym_membership,215,5,43819.18,0,1,30,122,0,5,0.0364,33.72,password_authenticated,password,1,0,,,fulfilled,,,,0,fitness_services,fitness_program,enterprise,"app, in-person",membership_service,1,0,0.5656018640442436,1,1,47,0.025,10.0,12.625
DSP001150,TXN0071384,M000001,C000064,Visa,UNAUTHORIZED_TRANSACTION,Cardholder claims transaction was unauthorized or fraudulent,2025-11-07 01:13:55,2358.5,150.0,75.0,2025-11-21 01:13:55,14,contested,lost,2025-12-05 01:13:55,6,3,3,0,0.895,6,0,1.0,2358.5,credit_card,payment_link,fashion_apparel,63,7,10845.39,1,0,1,51,0,2,0.01,2.52,authenticated_otp,sms_otp,1,0,0.0,32.69,delivered,delivered,1.0,1.0,0,individual_social_seller,crochet_accessories,medium,"Instagram, WhatsApp, payment links",physical_delivery,0,0,0.9,0,1,13,0.025,14.0,27.583333333333332
DSP001151,TXN0071395,M000003,C000121,Visa,UNAUTHORIZED_TRANSACTION,Cardholder claims transaction was unauthorized or fraudulent,2025-10-22 09:52:23,5233.3,0.0,0.0,2025-11-08 09:52:23,17,accepted,accepted_refunded,,6,3,3,0,0.68,6,0,1.0,5233.3,credit_card,payment_link,exam_course,496,16,86806.68,0,1,8,364,0,6,0.4922,16.19,authenticated_3ds,3ds_v2,1,1,,,fulfilled,,,,0,education_coaching,exam_prep,enterprise,"website, app",digital_service,0,1,0.4,1,0,99,0.025,17.0,11.916666666666666
DSP001152,TXN0071426,M000215,C000017,Visa,RECURRING_BILLING_DISPUTE,Cardholder claims recurring subscription billing was canceled or unauthorized,2025-11-15 12:32:39,8827.03,500.0,250.0,2025-12-06 12:32:39,21,contested,lost,2025-12-16 12:32:39,2,3,2,1,0.21999999999999997,2,1,0.6666666666666666,8827.03,credit_card,desktop_web,test_series,122,5,95994.46,0,0,68,94,0,4,0.01,18.3,password_authenticated,password,1,0,,,fulfilled,,,,0,education_coaching,edtech_courses,small,website,digital_service,1,1,0.3548733789366586,1,1,97,0.0177,21.0,35.958333333333336
DSP001153,TXN0071546,M000007,C000001,Mastercard,UNAUTHORIZED_TRANSACTION,Cardholder claims transaction was unauthorized or fraudulent,2025-11-14 04:30:13,2439.94,500.0,250.0,2025-12-04 04:30:13,20,contested,lost,2025-12-27 04:30:13,6,3,3,0,0.8266666666666667,6,0,1.0,2439.94,debit_card,pos_qr,fashion_apparel,359,4,10320.67,2,0,69,226,0,2,0.2225,0.79,authenticated_otp,sms_otp,1,0,1.0,14.17,delivered,delivered,1.0,1.0,1,online_marketplace_retailer,beauty_marketplace,enterprise,"website, app",physical_delivery,0,0,0.8731993941811405,1,1,25,0.025,20.0,34.375
DSP001154,TXN0071568,M000103,C000071,Visa,MERCHANDISE_NOT_RECEIVED,Cardholder claims ordered merchandise or service was not received,2025-10-24 03:17:47,3030.06,500.0,250.0,2025-11-09 03:17:47,16,contested,lost,2025-11-24 03:17:47,4,4,2,2,0.5316666666666666,4,2,0.5,3030.06,credit_card,mobile_app,footwear,291,3,10297.52,2,0,94,0,1,1,0.5828,242.33,authenticated_3ds,3ds_v2,1,1,1.0,17.58,delivered,delivered,1.0,1.0,0,d2c_brand,fashion_apparel,medium,website,physical_delivery,0,0,0.8025419126744096,1,1,42,0.0177,16.0,13.25
DSP001155,TXN0071618,M000304,C000029,Mastercard,MERCHANDISE_NOT_AS_DESCRIBED,"Cardholder claims merchandise arrived damaged, defective, or not as described",2025-11-11 04:05:50,20923.52,500.0,250.0,2025-11-24 04:05:50,13,contested,lost,2025-11-27 04:05:50,1,2,0,2,0.13166666666666668,1,2,0.0,20923.52,credit_card,payment_link,flight_booking,151,16,391791.73,0,0,14,0,1,1,0.0305,4.87,auth_failed,password,3,0,,,failed,,,,0,travel_hospitality,hotel_booking,medium,mobile_app,booking_service,0,1,0.5585347464993767,1,1,86,0.0326,13.0,30.958333333333332
DSP001156,TXN0071809,M000134,C000051,Visa,UNAUTHORIZED_TRANSACTION,Cardholder claims transaction was unauthorized or fraudulent,2025-10-31 09:25:44,1209.21,0.0,0.0,2025-11-17 09:25:44,17,accepted,accepted_refunded,,6,3,3,0,0.7016666666666667,6,0,1.0,1209.21,debit_card,payment_link,footwear,297,27,49448.03,7,0,57,226,0,25,0.0909,6.48,authenticated_3ds,3ds_v2,1,0,0.0,37.44,delivered,delivered,1.0,1.0,0,d2c_brand,fashion_apparel,medium,omnichannel,physical_delivery,0,0,0.8510747302577566,0,1,47,0.0129,17.0,19.791666666666668
DSP001157,TXN0072009,M000002,C000135,Mastercard,MERCHANDISE_NOT_RECEIVED,Cardholder claims ordered merchandise or service was not received,2025-11-26 06:45:25,4524.53,500.0,250.0,2025-12-06 06:45:25,10,contested,won,2025-12-27 06:45:25,2,1,0,1,0.24833333333333332,2,1,0.0,4524.53,credit_card,pos_qr,footwear,461,5,21899.03,3,0,28,326,0,5,0.01,40.22,authenticated_otp,sms_otp,1,0,0.0,3.06,delivered,delivered,1.0,0.0,0,d2c_brand,footwear,enterprise,website,physical_delivery,0,0,0.65,1,1,60,0.025,10.0,45.208333333333336
DSP001158,TXN0072152,M000008,C000049,Visa,UNAUTHORIZED_TRANSACTION,Cardholder claims transaction was unauthorized or fraudulent,2025-11-10 09:01:20,2581.23,0.0,0.0,2025-11-29 09:01:20,19,accepted,accepted_refunded,,2,3,2,1,0.27,2,1,0.6666666666666666,2581.23,debit_card,payment_link,lab_test,138,4,12065.27,0,1,62,62,0,4,0.0168,4.23,password_authenticated,password,1,0,,,fulfilled,,,,0,healthcare_diagnostics,telehealth,enterprise,"website, app, clinic",appointment_service,0,0,0.6098658484197036,1,1,99,0.025,19.0,28.916666666666668
DSP001159,TXN0072292,M000361,C000028,Mastercard,MERCHANDISE_NOT_AS_DESCRIBED,"Cardholder claims merchandise arrived damaged, defective, or not as described",2025-11-01 14:25:05,3320.94,450.0,225.0,2025-11-15 14:25:05,14,contested,won,2025-12-04 14:25:05,4,3,3,0,0.505,4,2,1.0,3320.94,debit_card,mobile_app,fashion_apparel,270,6,20549.12,2,0,1,201,0,6,0.0229,11.08,authenticated_otp,sms_otp,1,0,0.0,31.13,delivered,delivered,1.0,1.0,0,online_marketplace_retailer,beauty_marketplace,medium,mobile_app,physical_delivery,1,1,0.8026511310541622,1,1,17,0.0055,14.0,19.916666666666668
DSP001160,TXN0072416,M000327,C000028,RuPay,MERCHANDISE_NOT_RECEIVED,Cardholder claims ordered merchandise or service was not received,2025-10-21 00:59:40,262.35,500.0,250.0,2025-11-10 00:59:40,20,contested,lost,2025-11-16 00:59:40,3,1,1,0,0.38666666666666666,3,0,1.0,262.35,credit_card,payment_link,food_item,30,4,2042.3,0,0,42,0,1,1,0.0587,7.92,authenticated_otp,sms_otp,1,0,0.0,0.99,delivered,delivered,1.0,1.0,0,food_local_commerce,bakery,medium,mobile_app,food_delivery,0,0,0.8660197376717731,1,1,85,0.0293,20.0,8.125
DSP001161,TXN0072524,M000117,C000010,Visa,CREDIT_NOT_PROCESSED,Cardholder claims promised credit or refund was not posted,2025-10-16 14:18:06,3158.41,500.0,250.0,2025-11-02 14:18:06,17,contested,lost,2025-11-10 14:18:06,2,3,2,1,0.24833333333333338,2,1,0.6666666666666666,3158.41,credit_card,payment_link,saas_plan,179,4,12877.59,0,1,4,34,0,3,0.4597,49.02,password_authenticated,password,1,1,,,fulfilled,,,,0,digital_saas,developer_tools,small,website,digital_service,1,0,0.8929697652342573,1,1,116,0.0204,17.0,3.2083333333333335
DSP001162,TXN0072526,M000345,C000034,Visa,MERCHANDISE_NOT_RECEIVED,Cardholder claims ordered merchandise or service was not received,2025-11-12 14:30:48,605.94,0.0,0.0,2025-11-24 14:30:48,12,accepted,accepted_refunded,,5,4,4,0,0.63,5,1,1.0,605.94,credit_card,pos_qr,cosmetics_kit,278,5,5421.13,0,0,40,0,1,1,0.5066,368.95,authenticated_otp,sms_otp,1,1,1.0,29.31,delivered,delivered,0.0,0.0,1,online_marketplace_retailer,electronics_hub,medium,omnichannel,physical_delivery,0,0,0.5991615875116832,1,1,9,0.0065,12.0,30.208333333333332
DSP001163,TXN0072537,M000331,C000015,RuPay,MERCHANDISE_NOT_RECEIVED,Cardholder claims ordered merchandise or service was not received,2025-11-17 13:03:21,1391.74,500.0,250.0,2025-12-04 13:03:21,17,contested,won,2025-12-06 13:03:21,6,4,4,0,0.7399999999999999,6,0,1.0,1391.74,credit_card,pos_qr,electronic_accessory,69,1,989.96,0,0,254,0,1,1,0.4161,23.45,authenticated_3ds,3ds_v2,1,0,0.0,4.27,delivered,delivered,1.0,1.0,0,online_marketplace_retailer,beauty_marketplace,enterprise,mobile_app,physical_delivery,0,0,0.85543540525114,1,1,17,0.0145,17.0,35.125
DSP001164,TXN0072684,M000228,C000026,Mastercard,DUPLICATE_TRANSACTION,Cardholder claims single purchase was billed multiple times,2025-11-02 06:50:50,5929.04,0.0,0.0,2025-11-19 06:50:50,17,accepted,accepted_refunded,,2,2,2,0,0.25833333333333336,2,4,1.0,5929.04,debit_card,pos_qr,electronic_accessory,216,7,28330.24,1,0,68,164,0,2,0.0237,5.0,authenticated_3ds,3ds_v2,1,0,0.0,37.56,delivered,delivered,1.0,1.0,1,online_marketplace_retailer,electronics_hub,enterprise,omnichannel,physical_delivery,0,0,0.8367715803059433,0,1,92,0.0093,17.0,19.541666666666668
DSP001165,TXN0072785,M000009,C000013,Visa,RECURRING_BILLING_DISPUTE,Cardholder claims recurring subscription billing was canceled or unauthorized,2025-11-04 04:23:23,9633.94,500.0,250.0,2025-11-20 04:23:23,16,contested,lost,2025-11-26 04:23:23,1,3,1,2,0.13833333333333334,1,2,0.3333333333333333,9633.94,debit_card,payment_link,personal_training,619,8,65620.05,0,0,13,82,0,8,0.2059,1.4,auth_failed,none,3,0,,,failed,,,,0,fitness_services,fitness_program,enterprise,"app, in-person",membership_service,1,0,0.5656018640442436,1,1,47,0.025,16.0,21.083333333333332
DSP001166,TXN0072795,M000137,C000017,Visa,CREDIT_NOT_PROCESSED,Cardholder claims promised credit or refund was not posted,2025-11-16 20:34:07,433.14,500.0,250.0,2025-12-06 20:34:07,20,contested,won,2025-12-30 20:34:07,3,3,3,0,0.41333333333333333,3,0,1.0,433.14,debit_card,payment_link,food_item,172,1,661.45,0,0,23,120,0,1,0.01,61.45,authenticated_otp,sms_otp,1,0,0.0,0.81,delivered,delivered,1.0,1.0,0,food_local_commerce,gourmet_food,enterprise,mobile_app,food_delivery,0,0,0.8119865367333683,1,1,85,0.0117,20.0,33.625
DSP001167,TXN0072861,M000230,C000005,Mastercard,RECURRING_BILLING_DISPUTE,Cardholder claims recurring subscription billing was canceled or unauthorized,2025-10-19 13:18:39,19773.34,0.0,0.0,2025-11-01 13:18:39,13,accepted,accepted_refunded,,2,3,2,1,0.2783333333333333,2,1,0.6666666666666666,19773.34,debit_card,mobile_app,car_rental,580,32,361513.19,0,1,13,127,0,4,0.5098,774.4,password_authenticated,password,1,1,,,fulfilled,,,,0,travel_hospitality,hotel_booking,medium,website,booking_service,0,1,0.5743989643379084,1,1,13,0.0382,13.0,5.125
DSP001168,TXN0073029,M000138,C000002,RuPay,MERCHANDISE_NOT_RECEIVED,Cardholder claims ordered merchandise or service was not received,2025-11-04 09:24:04,12617.08,0.0,0.0,2025-11-21 09:24:04,17,accepted,accepted_refunded,,2,1,1,0,0.23833333333333337,2,1,1.0,12617.08,debit_card,payment_link,study_material,120,3,38103.25,0,0,46,35,0,3,0.01,4.92,password_authenticated,password,1,0,,,fulfilled,,,,0,education_coaching,online_tutoring,small,website,digital_service,0,0,0.5837615171403627,1,1,3,0.0329,17.0,20.625
DSP001169,TXN0073056,M000255,C000015,Visa,MERCHANDISE_NOT_AS_DESCRIBED,"Cardholder claims merchandise arrived damaged, defective, or not as described",2025-11-08 05:32:41,566.17,500.0,250.0,2025-11-21 05:32:41,13,contested,lost,2025-11-21 05:32:41,6,3,3,0,0.735,6,0,1.0,566.17,credit_card,mobile_app,footwear,347,20,17930.52,6,0,8,190,0,20,0.0139,28.19,auth_failed,none,3,0,0.0,36.43,failed,failed,0.0,0.0,0,d2c_brand,home_lifestyle,medium,website,physical_delivery,0,0,0.8294448892069586,1,1,95,0.0057,13.0,24.416666666666668
DSP001170,TXN0073077,M000003,C000116,Mastercard,MERCHANDISE_NOT_RECEIVED,Cardholder claims ordered merchandise or service was not received,2025-10-18 11:34:18,2559.96,0.0,0.0,2025-11-08 11:34:18,21,accepted,accepted_refunded,,4,4,2,2,0.5316666666666666,4,2,0.5,2559.96,credit_card,mobile_app,exam_course,410,35,99904.88,0,2,24,258,0,3,0.01,5.52,authenticated_3ds,3ds_v2,1,0,,,fulfilled,,,,0,education_coaching,exam_prep,enterprise,"website, app",digital_service,0,1,0.4,1,0,99,0.025,21.0,3.5833333333333335
DSP001171,TXN0073087,M000166,C000028,RuPay,RECURRING_BILLING_DISPUTE,Cardholder claims recurring subscription billing was canceled or unauthorized,2025-11-02 09:09:41,7193.13,500.0,250.0,2025-11-19 09:09:41,17,contested,lost,2025-11-21 09:09:41,1,3,1,2,0.13666666666666666,1,2,0.3333333333333333,7193.13,credit_card,payment_link,saas_plan,173,5,42671.45,0,0,9,88,0,2,0.1761,10.27,authenticated_3ds,3ds_v2,1,0,,,fulfilled,,,,0,digital_saas,developer_tools,medium,website,digital_service,1,1,0.613230583059358,1,1,5,0.0139,17.0,18.458333333333332
DSP001172,TXN0073228,M000154,C000025,Visa,CREDIT_NOT_PROCESSED,Cardholder claims promised credit or refund was not posted,2025-10-19 07:29:00,1919.55,350.0,175.0,2025-11-03 07:29:00,15,contested,lost,2025-12-03 07:29:00,6,3,3,0,0.6633333333333333,6,0,1.0,1919.55,credit_card,mobile_app,electronic_accessory,358,27,50867.02,7,0,21,28,0,14,0.01,42.45,authenticated_otp,sms_otp,1,0,1.0,22.85,delivered,delivered,1.0,1.0,1,online_marketplace_retailer,electronics_hub,enterprise,omnichannel,physical_delivery,1,0,0.5778646464236611,1,0,15,0.005,15.0,3.8333333333333335
DSP001173,TXN0073243,M000319,C000076,Mastercard,UNAUTHORIZED_TRANSACTION,Cardholder claims transaction was unauthorized or fraudulent,2025-11-19 00:17:42,9257.42,500.0,250.0,2025-12-10 00:17:42,21,contested,lost,2025-12-02 00:17:42,5,3,2,1,0.6533333333333333,5,1,0.6666666666666666,9257.42,debit_card,pos_qr,footwear,127,25,251736.12,6,0,13,101,0,23,0.2688,24.86,authenticated_3ds,3ds_v2,1,0,0.0,25.31,delivered,delivered,0.0,0.0,0,d2c_brand,cosmetics,medium,website,physical_delivery,1,0,0.8835980120512206,1,1,97,0.0132,21.0,34.5
DSP001174,TXN0073284,M000377,C000010,Mastercard,MERCHANDISE_NOT_RECEIVED,Cardholder claims ordered merchandise or service was not received,2025-11-11 23:48:58,12699.38,0.0,0.0,2025-11-30 23:48:58,19,accepted,accepted_refunded,,1,1,0,1,0.14333333333333334,1,2,0.0,12699.38,credit_card,payment_link,saas_plan,417,8,99113.12,0,0,19,0,1,1,0.343,0.85,authenticated_3ds,3ds_v2,1,0,,,fulfilled,,,,0,digital_saas,productivity_tools,medium,website,digital_service,1,0,0.8094442960755928,1,1,39,0.02,19.0,27.375
DSP001175,TXN0073324,M000132,C000007,Visa,MERCHANDISE_NOT_RECEIVED,Cardholder claims ordered merchandise or service was not received,2025-11-18 19:30:43,5264.48,0.0,0.0,2025-12-02 19:30:43,14,accepted,accepted_refunded,,5,4,3,1,0.6783333333333333,5,1,0.75,5264.48,credit_card,pos_qr,footwear,670,51,227422.84,15,0,2,0,1,1,0.1661,31.02,password_authenticated,password,1,0,0.0,45.93,delivered,delivered,1.0,1.0,0,d2c_brand,fashion_apparel,medium,website,physical_delivery,1,1,0.8860730583256343,1,1,119,0.0166,14.0,34.083333333333336
DSP001176,TXN0073352,M000397,C000031,Visa,UNAUTHORIZED_TRANSACTION,Cardholder claims transaction was unauthorized or fraudulent,2025-11-18 16:00:02,4664.65,500.0,250.0,2025-12-06 16:00:02,18,contested,lost,2025-12-01 16:00:02,2,3,2,1,0.26333333333333336,2,1,0.6666666666666666,4664.65,credit_card,pos_qr,saas_plan,428,6,28375.13,0,0,160,321,0,5,0.1924,266.11,authenticated_3ds,3ds_v2,1,1,,,fulfilled,,,,0,digital_saas,b2b_software,medium,website,digital_service,1,0,0.8372018085792783,1,1,75,0.0138,18.0,33.875
DSP001177,TXN0073404,M000088,C000004,Mastercard,CREDIT_NOT_PROCESSED,Cardholder claims promised credit or refund was not posted,2025-11-15 19:25:56,5141.93,0.0,0.0,2025-11-25 19:25:56,10,accepted,accepted_refunded,,1,3,1,2,0.14833333333333334,1,2,0.3333333333333333,5141.93,credit_card,payment_link,car_rental,3,2,15749.94,0,0,99,0,1,1,0.0845,21.41,authenticated_otp,sms_otp,1,0,,,fulfilled,,,,0,travel_hospitality,hotel_booking,small,website,booking_service,0,0,0.5563558350286023,0,1,65,0.0266,10.0,30.916666666666668
DSP001178,TXN0073449,M000035,C000009,RuPay,MERCHANDISE_NOT_RECEIVED,Cardholder claims ordered merchandise or service was not received,2025-11-30 19:35:49,843.32,450.0,225.0,2025-12-20 19:35:49,20,contested,lost,2026-01-07 19:35:49,3,1,1,0,0.3933333333333333,3,0,1.0,843.32,credit_card,payment_link,gym_membership,690,17,22164.3,0,1,15,203,0,13,0.01,11.44,authenticated_3ds,3ds_v2,1,0,,,fulfilled,,,,0,fitness_services,yoga_wellness,small,omnichannel,membership_service,1,0,0.6107544851901439,1,1,23,0.0105,20.0,45.625
DSP001179,TXN0073492,M000349,C000001,Visa,MERCHANDISE_NOT_AS_DESCRIBED,"Cardholder claims merchandise arrived damaged, defective, or not as described",2025-10-25 06:26:23,2100.42,500.0,250.0,2025-11-09 06:26:23,15,contested,lost,2025-11-25 06:26:23,5,3,3,0,0.6066666666666667,5,1,1.0,2100.42,credit_card,desktop_web,electronic_accessory,355,8,32473.97,2,0,5,174,0,2,0.01,13.21,authenticated_3ds,3ds_v2,1,0,0.0,34.22,delivered,delivered,1.0,1.0,0,online_marketplace_retailer,multi_category_retail,medium,website,physical_delivery,0,0,0.5898504734397373,1,1,59,0.0092,15.0,8.916666666666666
DSP001180,TXN0073494,M000062,C000039,Visa,MERCHANDISE_NOT_AS_DESCRIBED,"Cardholder claims merchandise arrived damaged, defective, or not as described",2025-11-13 04:29:48,1614.4,450.0,225.0,2025-12-03 04:29:48,20,contested,lost,2025-12-08 04:29:48,5,3,3,0,0.6116666666666667,5,1,1.0,1614.4,debit_card,desktop_web,footwear,322,29,62122.2,10,0,7,58,0,3,0.01,58.15,authenticated_otp,sms_otp,1,0,0.0,7.49,delivered,delivered,1.0,1.0,0,d2c_brand,home_lifestyle,medium,website,physical_delivery,1,0,0.8195982862419144,1,1,56,0.0076,20.0,27.833333333333332
DSP001181,TXN0073724,M000258,C000022,Visa,RECURRING_BILLING_DISPUTE,Cardholder claims recurring subscription billing was canceled or unauthorized,2025-10-24 22:36:50,8061.56,0.0,0.0,2025-11-04 22:36:50,11,accepted,accepted_refunded,,3,3,3,0,0.35833333333333334,3,0,1.0,8061.56,credit_card,payment_link,tour_package,90,5,32160.65,0,0,210,71,0,1,0.0962,5.9,password_authenticated,password,1,0,,,fulfilled,,,,0,travel_hospitality,ticketing,small,website,booking_service,0,1,0.5816922005156278,1,1,50,0.0293,11.0,8.125
DSP001182,TXN0073725,M000029,C000027,Mastercard,MERCHANDISE_NOT_RECEIVED,Cardholder claims ordered merchandise or service was not received,2025-10-28 05:40:38,843.13,500.0,250.0,2025-11-13 05:40:38,16,contested,won,2025-12-08 05:40:38,2,1,0,1,0.26,2,1,0.0,843.13,credit_card,pos_qr,food_item,372,9,6578.95,0,0,3,129,0,6,0.01,0.32,password_authenticated,password,1,0,0.0,0.88,delivered,delivered,1.0,1.0,0,food_local_commerce,local_restaurant,medium,mobile_app,food_delivery,0,0,0.8456069984217036,1,1,20,0.0104,16.0,11.416666666666666
DSP001183,TXN0073955,M000271,C000013,RuPay,DUPLICATE_TRANSACTION,Cardholder claims single purchase was billed multiple times,2025-11-02 02:45:00,2551.57,0.0,0.0,2025-11-18 02:45:00,16,accepted,accepted_refunded,,3,2,2,0,0.4216666666666667,3,0,1.0,2551.57,credit_card,desktop_web,saas_plan,197,2,6044.53,0,0,3,92,0,1,0.01,4.49,password_authenticated,password,1,0,,,fulfilled,,,,0,digital_saas,productivity_tools,small,website,digital_service,1,0,0.6197015740995268,1,1,84,0.0196,16.0,15.5
DSP001184,TXN0074050,M000008,C000097,Visa,MERCHANDISE_NOT_RECEIVED,Cardholder claims ordered merchandise or service was not received,2025-11-03 23:13:13,3759.65,500.0,250.0,2025-11-19 23:13:13,16,contested,lost,2025-11-24 23:13:13,3,1,1,0,0.36166666666666664,3,0,1.0,3759.65,credit_card,payment_link,lab_test,408,15,53769.17,0,1,2,98,0,15,0.0322,0.79,auth_failed,password,4,0,,,failed,,,,0,healthcare_diagnostics,telehealth,enterprise,"website, app, clinic",appointment_service,0,0,0.6098658484197036,1,1,99,0.025,16.0,17.125
DSP001185,TXN0074124,M000037,C000014,Mastercard,UNAUTHORIZED_TRANSACTION,Cardholder claims transaction was unauthorized or fraudulent,2025-11-22 03:40:43,2395.41,15.0,7.5,2025-12-09 03:40:43,17,contested,lost,2025-12-01 03:40:43,5,3,2,1,0.5883333333333333,5,1,0.6666666666666666,2395.41,credit_card,mobile_app,footwear,369,20,71301.95,9,2,4,64,0,6,0.0585,1.86,authenticated_otp,sms_otp,1,0,0.0,1.56,delivered,delivered,1.0,1.0,1,d2c_brand,electronics,medium,omnichannel,physical_delivery,0,0,0.806505159298528,1,1,50,0.0156,17.0,34.875
DSP001186,TXN0074164,M000231,C000002,Mastercard,MERCHANDISE_NOT_RECEIVED,Cardholder claims ordered merchandise or service was not received,2025-11-28 19:04:45,1120.04,500.0,250.0,2025-12-12 19:04:45,14,contested,won,2026-01-10 19:04:45,2,1,1,0,0.23666666666666666,2,1,1.0,1120.04,credit_card,desktop_web,saas_plan,475,11,10974.1,0,0,3,0,1,1,0.3606,13.64,authenticated_3ds,3ds_v2,1,0,,,fulfilled,,,,0,digital_saas,b2b_software,medium,website,digital_service,1,1,0.8973010554752445,1,1,76,0.0117,14.0,41.416666666666664
DSP001187,TXN0074168,M000293,C000009,Visa,CREDIT_NOT_PROCESSED,Cardholder claims promised credit or refund was not posted,2025-11-21 05:18:10,7010.51,500.0,250.0,2025-12-04 05:18:10,13,contested,won,2025-12-11 05:18:10,2,3,2,1,0.2683333333333333,2,1,0.6666666666666666,7010.51,credit_card,desktop_web,saas_plan,383,10,89570.69,0,0,4,49,0,4,0.01,12.07,authenticated_3ds,3ds_v2,1,0,,,fulfilled,,,,0,digital_saas,cloud_analytics,medium,website,digital_service,1,0,0.8286541252128284,1,1,18,0.0124,13.0,33.833333333333336
DSP001188,TXN0074265,M000268,C000005,Mastercard,MERCHANDISE_NOT_RECEIVED,Cardholder claims ordered merchandise or service was not received,2025-11-05 11:44:43,10368.04,0.0,0.0,2025-11-26 11:44:43,21,accepted,accepted_refunded,,2,1,1,0,0.23666666666666666,2,1,1.0,10368.04,credit_card,payment_link,exam_course,73,10,146265.12,0,0,11,0,1,1,0.1029,33.19,authenticated_3ds,3ds_v2,1,0,,,fulfilled,,,,0,education_coaching,exam_prep,small,mobile_app,digital_service,1,0,0.3518329652363736,1,1,50,0.0199,21.0,17.916666666666668
DSP001189,TXN0074352,M000294,C000046,Visa,MERCHANDISE_NOT_RECEIVED,Cardholder claims ordered merchandise or service was not received,2025-12-02 22:18:55,1843.6,500.0,250.0,2025-12-12 22:18:55,10,contested,lost,2025-12-31 22:18:55,5,4,4,0,0.6233333333333334,5,1,1.0,1843.6,credit_card,mobile_app,general_item,317,3,8925.1,0,0,36,0,1,1,0.3557,12.0,authenticated_3ds,3ds_v2,1,0,0.0,24.69,delivered,delivered,1.0,1.0,0,online_marketplace_retailer,electronics_hub,medium,omnichannel,physical_delivery,0,1,0.8590833260569011,1,1,58,0.0095,10.0,45.208333333333336
DSP001190,TXN0074380,M000154,C000085,Mastercard,UNAUTHORIZED_TRANSACTION,Cardholder claims transaction was unauthorized or fraudulent,2025-11-16 06:12:29,1957.64,500.0,250.0,2025-11-27 06:12:29,11,contested,lost,2025-11-29 06:12:29,3,3,1,2,0.33,3,3,0.3333333333333333,1957.64,credit_card,mobile_app,cosmetics_kit,208,3,5796.08,1,0,53,0,1,1,0.0909,2.98,authenticated_3ds,3ds_v2,1,0,0.0,39.49,delivered,delivered,0.0,0.0,1,online_marketplace_retailer,electronics_hub,enterprise,omnichannel,physical_delivery,1,0,0.5778646464236611,1,0,15,0.005,11.0,28.5
DSP001191,TXN0074405,M000076,C000003,Visa,MERCHANDISE_NOT_RECEIVED,Cardholder claims ordered merchandise or service was not received,2025-10-30 04:53:37,8109.86,0.0,0.0,2025-11-18 04:53:37,19,accepted,accepted_refunded,,1,1,1,0,0.13666666666666666,1,2,1.0,8109.86,credit_card,desktop_web,exam_course,104,2,24078.8,0,0,121,92,0,1,0.01,34.41,authenticated_3ds,3ds_v2,1,0,,,fulfilled,,,,0,education_coaching,edtech_courses,small,mobile_app,digital_service,1,0,0.3198715681534172,1,1,80,0.032,19.0,11.416666666666666
DSP001192,TXN0074611,M000151,C000014,Mastercard,UNAUTHORIZED_TRANSACTION,Cardholder claims transaction was unauthorized or fraudulent,2025-11-11 00:09:41,6880.59,500.0,250.0,2025-12-01 00:09:41,20,contested,lost,2025-12-06 00:09:41,3,3,3,0,0.3333333333333333,3,0,1.0,6880.59,debit_card,payment_link,lab_test,121,2,9945.84,0,0,115,68,0,1,0.01,15.61,authenticated_otp,sms_otp,1,0,,,fulfilled,,,,0,healthcare_diagnostics,telehealth,medium,website,appointment_service,0,0,0.6109564333979897,1,1,107,0.014,20.0,22.583333333333332
DSP001193,TXN0074668,M000400,C000004,Mastercard,RECURRING_BILLING_DISPUTE,Cardholder claims recurring subscription billing was canceled or unauthorized,2025-10-31 17:58:56,9052.25,500.0,250.0,2025-11-13 17:58:56,13,contested,lost,2025-12-04 17:58:56,1,3,1,2,0.13333333333333333,1,2,0.3333333333333333,9052.25,credit_card,payment_link,exam_course,716,28,238608.78,0,1,6,582,0,1,0.0682,20.73,authenticated_otp,sms_otp,1,0,,,fulfilled,,,,0,education_coaching,exam_prep,small,mobile_app,digital_service,1,0,0.3930757325603564,1,1,83,0.0273,13.0,12.25
DSP001194,TXN0074764,M000117,C000009,Mastercard,MERCHANDISE_NOT_AS_DESCRIBED,"Cardholder claims merchandise arrived damaged, defective, or not as described",2025-11-01 17:44:59,12141.22,500.0,250.0,2025-11-12 17:44:59,11,contested,won,2025-11-29 17:44:59,3,2,2,0,0.4116666666666666,3,0,1.0,12141.22,credit_card,mobile_app,saas_plan,288,7,46346.85,0,0,18,32,0,2,0.0301,33.29,authenticated_3ds,3ds_v2,1,0,,,fulfilled,,,,0,digital_saas,developer_tools,small,website,digital_service,1,0,0.8929697652342573,1,1,116,0.0204,11.0,13.041666666666666
DSP001195,TXN0074863,M000344,C000068,Visa,MERCHANDISE_NOT_RECEIVED,Cardholder claims ordered merchandise or service was not received,2025-11-29 09:05:47,12522.27,0.0,0.0,2025-12-11 09:05:47,12,accepted,accepted_refunded,,4,4,4,0,0.48,4,2,1.0,12522.27,credit_card,mobile_app,electronic_accessory,82,5,41289.12,0,0,7,0,1,1,0.0424,17.34,authenticated_3ds,3ds_v2,1,0,0.0,18.93,delivered,delivered,1.0,1.0,1,online_marketplace_retailer,electronics_hub,enterprise,mobile_app,physical_delivery,0,0,0.5597834160651001,1,1,28,0.0147,12.0,40.541666666666664
DSP001196,TXN0074868,M000166,C000023,Visa,MERCHANDISE_NOT_RECEIVED,Cardholder claims ordered merchandise or service was not received,2025-11-07 08:20:58,16503.13,0.0,0.0,2025-11-24 08:20:58,17,accepted,accepted_refunded,,2,1,1,0,0.24666666666666667,2,1,1.0,16503.13,credit_card,desktop_web,saas_plan,123,6,50314.23,0,0,14,72,0,6,0.0919,95.38,authenticated_3ds,3ds_v2,1,1,,,fulfilled,,,,0,digital_saas,developer_tools,medium,website,digital_service,1,1,0.613230583059358,1,1,5,0.0139,17.0,18.5
DSP001197,TXN0074882,M000136,C000002,Visa,MERCHANDISE_NOT_AS_DESCRIBED,"Cardholder claims merchandise arrived damaged, defective, or not as described",2025-11-16 18:52:45,1976.68,350.0,175.0,2025-12-06 18:52:45,20,contested,lost,2025-11-23 18:52:45,5,3,2,1,0.6633333333333333,5,1,0.6666666666666666,1976.68,credit_card,payment_link,footwear,199,6,9514.47,1,0,9,54,0,1,0.0471,18.77,authenticated_otp,sms_otp,1,0,0.0,18.38,delivered,delivered,1.0,1.0,0,d2c_brand,footwear,medium,omnichannel,physical_delivery,1,1,0.822210781047073,1,1,42,0.0077,20.0,27.916666666666668
DSP001198,TXN0074898,M000229,C000001,Mastercard,CREDIT_NOT_PROCESSED,Cardholder claims promised credit or refund was not posted,2025-10-30 00:51:25,2485.44,0.0,0.0,2025-11-10 00:51:25,11,accepted,accepted_refunded,,3,3,3,0,0.43166666666666664,3,0,1.0,2485.44,credit_card,payment_link,diagnostic_package,169,1,3691.01,0,0,32,140,0,1,0.01,10.28,authenticated_3ds,3ds_v2,1,0,,,fulfilled,,,,0,healthcare_diagnostics,telehealth,small,website,appointment_service,0,0,0.5765202367681725,1,1,69,0.0129,11.0,10.125
DSP001199,TXN0074907,M000331,C000042,Mastercard,CREDIT_NOT_PROCESSED,Cardholder claims promised credit or refund was not posted,2025-10-24 16:13:16,4564.75,500.0,250.0,2025-11-12 16:13:16,19,contested,lost,2025-12-07 16:13:16,5,3,2,1,0.6233333333333334,5,1,0.6666666666666666,4564.75,debit_card,pos_qr,fashion_apparel,256,20,53934.76,4,0,4,94,0,7,0.01,3.01,authenticated_3ds,3ds_v2,1,0,0.0,13.71,delivered,delivered,1.0,1.0,1,online_marketplace_retailer,beauty_marketplace,enterprise,mobile_app,physical_delivery,0,0,0.85543540525114,1,1,17,0.0145,19.0,4.75
DSP001200,TXN0075019,M000351,C000036,RuPay,UNAUTHORIZED_TRANSACTION,Cardholder claims transaction was unauthorized or fraudulent,2025-11-03 22:13:37,423.55,500.0,250.0,2025-11-20 22:13:37,17,contested,lost,2025-11-14 22:13:37,2,3,2,1,0.2333333333333333,2,1,0.6666666666666666,423.55,credit_card,desktop_web,food_item,274,7,3129.41,0,0,69,101,0,6,0.01,10.51,authenticated_otp,sms_otp,1,0,0.0,0.87,delivered,delivered,1.0,1.0,0,food_local_commerce,local_restaurant,enterprise,website,food_delivery,0,0,0.8635093650867643,0,0,107,0.0252,17.0,14.5
DSP001201,TXN0075022,M000393,C000077,Visa,MERCHANDISE_NOT_AS_DESCRIBED,"Cardholder claims merchandise arrived damaged, defective, or not as described",2025-11-26 15:15:32,1792.76,500.0,250.0,2025-12-12 15:15:32,16,contested,lost,2026-01-03 15:15:32,5,3,3,0,0.6699999999999999,5,1,1.0,1792.76,debit_card,pos_qr,fashion_apparel,293,11,28663.51,1,0,4,118,0,8,0.0466,0.42,authenticated_otp,sms_otp,1,0,0.0,33.21,delivered,delivered,1.0,1.0,1,online_marketplace_retailer,beauty_marketplace,enterprise,website,physical_delivery,0,1,0.8750614751640858,1,1,42,0.0119,16.0,37.208333333333336
DSP001202,TXN0075081,M000039,C000003,Visa,UNAUTHORIZED_TRANSACTION,Cardholder claims transaction was unauthorized or fraudulent,2025-10-28 05:12:35,5155.62,350.0,175.0,2025-11-16 05:12:35,19,contested,lost,2025-11-15 05:12:35,3,3,3,0,0.38166666666666665,3,0,1.0,5155.62,credit_card,mobile_app,vacation_package,62,27,158315.53,0,2,20,60,0,19,0.0631,18.05,authenticated_3ds,3ds_v2,1,0,,,fulfilled,,,,0,travel_hospitality,hotel_booking,medium,mobile_app,booking_service,1,0,0.6465632033074559,1,1,67,0.0193,19.0,7.666666666666667
DSP001203,TXN0075220,M000219,C000020,Mastercard,MERCHANDISE_NOT_RECEIVED,Cardholder claims ordered merchandise or service was not received,2025-10-24 12:59:41,20860.33,500.0,250.0,2025-11-10 12:59:41,17,contested,won,2025-11-10 12:59:41,3,1,1,0,0.355,3,0,1.0,20860.33,credit_card,mobile_app,hotel_stay,24,3,51632.22,0,0,28,10,0,1,0.01,2.01,auth_failed,none,4,0,,,failed,,,,0,travel_hospitality,ticketing,medium,website,booking_service,0,0,0.8712179221347536,1,1,21,0.0385,17.0,3.7083333333333335
DSP001204,TXN0075242,M000253,C000017,Mastercard,CREDIT_NOT_PROCESSED,Cardholder claims promised credit or refund was not posted,2025-10-29 14:18:55,4705.08,500.0,250.0,2025-11-12 14:18:55,14,contested,won,2025-12-09 14:18:55,2,3,2,1,0.2833333333333333,2,1,0.6666666666666666,4705.08,credit_card,desktop_web,saas_plan,46,3,19644.39,0,0,21,11,0,1,0.3792,254.41,authenticated_3ds,3ds_v2,1,1,,,fulfilled,,,,0,digital_saas,developer_tools,medium,website,digital_service,1,1,0.8963619977089252,1,1,21,0.024,14.0,8.708333333333334
DSP001205,TXN0075249,M000009,C000054,Mastercard,UNAUTHORIZED_TRANSACTION,Cardholder claims transaction was unauthorized or fraudulent,2025-11-03 11:03:54,7347.29,500.0,250.0,2025-11-23 11:03:54,20,contested,lost,2025-12-14 11:03:54,3,3,3,0,0.3316666666666666,3,0,1.0,7347.29,credit_card,desktop_web,gym_membership,158,16,116114.23,0,2,7,119,0,10,0.01,16.02,auth_failed,none,3,0,,,failed,,,,0,fitness_services,fitness_program,enterprise,"app, in-person",membership_service,1,0,0.5656018640442436,1,1,47,0.025,20.0,13.541666666666666
DSP001206,TXN0075329,M000283,C000047,Visa,RECURRING_BILLING_DISPUTE,Cardholder claims recurring subscription billing was canceled or unauthorized,2025-11-21 12:47:26,1487.8,500.0,250.0,2025-12-10 12:47:26,19,contested,lost,2025-12-30 12:47:26,5,3,3,0,0.6083333333333333,5,1,1.0,1487.8,credit_card,pos_qr,electronic_accessory,408,8,16659.25,2,0,72,138,0,8,0.0994,33.86,authenticated_otp,sms_otp,1,0,0.0,42.53,delivered,delivered,1.0,1.0,0,online_marketplace_retailer,beauty_marketplace,enterprise,website,physical_delivery,0,0,0.8701966877257703,1,1,76,0.0126,19.0,31.166666666666668
DSP001207,TXN0075423,M000015,C000022,Mastercard,UNAUTHORIZED_TRANSACTION,Cardholder claims transaction was unauthorized or fraudulent,2025-11-07 11:27:23,1349.1,0.0,0.0,2025-11-18 11:27:23,11,accepted,accepted_refunded,,5,3,2,1,0.6016666666666667,5,1,0.6666666666666666,1349.1,credit_card,desktop_web,footwear,657,18,28933.68,6,1,9,549,0,17,0.1775,0.35,authenticated_otp,sms_otp,1,0,1.0,19.47,delivered,delivered,1.0,1.0,0,d2c_brand,electronics,medium,website,physical_delivery,0,0,0.8020584494295803,1,1,56,0.0075,11.0,16.916666666666668
DSP001208,TXN0075439,M000282,C000008,RuPay,MERCHANDISE_NOT_AS_DESCRIBED,"Cardholder claims merchandise arrived damaged, defective, or not as described",2025-11-12 19:56:35,1335.79,450.0,225.0,2025-11-24 19:56:35,12,contested,lost,2025-11-27 19:56:35,5,3,2,1,0.7050000000000001,5,1,0.6666666666666666,1335.79,debit_card,payment_link,footwear,82,6,19426.61,0,0,46,0,1,1,0.192,16.47,password_authenticated,password,1,0,1.0,28.24,delivered,delivered,1.0,0.0,1,d2c_brand,electronics,medium,website,physical_delivery,0,1,0.8649963930777765,1,1,99,0.0128,12.0,22.25
DSP001209,TXN0075448,M000390,C000008,Visa,RECURRING_BILLING_DISPUTE,Cardholder claims recurring subscription billing was canceled or unauthorized,2025-12-03 03:28:17,25360.14,500.0,250.0,2025-12-14 03:28:17,11,contested,lost,2026-01-04 03:28:17,1,3,1,2,0.145,1,2,0.3333333333333333,25360.14,credit_card,desktop_web,saas_plan,463,21,480910.17,0,0,2,397,0,16,0.01,35.86,authenticated_otp,sms_otp,1,0,,,fulfilled,,,,0,digital_saas,cloud_analytics,small,website,digital_service,1,0,0.8803480930384848,1,1,92,0.0134,11.0,42.541666666666664
DSP001210,TXN0075451,M000136,C000026,Visa,MERCHANDISE_NOT_AS_DESCRIBED,"Cardholder claims merchandise arrived damaged, defective, or not as described",2025-11-22 16:31:33,1504.08,0.0,0.0,2025-12-06 16:31:33,14,accepted,accepted_refunded,,5,3,2,1,0.5733333333333334,5,1,0.6666666666666666,1504.08,credit_card,pos_qr,footwear,563,40,67595.16,14,0,3,0,1,1,0.0855,35.94,authenticated_otp,sms_otp,1,0,0.0,12.57,delivered,delivered,1.0,0.0,0,d2c_brand,footwear,medium,omnichannel,physical_delivery,1,1,0.822210781047073,1,1,42,0.0077,14.0,32.083333333333336
DSP001211,TXN0075474,M000003,C000050,Mastercard,MERCHANDISE_NOT_RECEIVED,Cardholder claims ordered merchandise or service was not received,2025-11-11 12:11:59,2797.63,500.0,250.0,2025-12-02 12:11:59,21,contested,won,2025-12-20 12:11:59,3,4,2,2,0.385,3,3,0.5,2797.63,credit_card,mobile_app,exam_course,20,4,12778.43,0,0,37,0,1,1,0.1379,96.83,authenticated_3ds,3ds_v2,1,0,,,fulfilled,,,,0,education_coaching,exam_prep,enterprise,"website, app",digital_service,0,1,0.4,1,0,99,0.025,21.0,20.833333333333332
DSP001212,TXN0075699,M000003,C000080,Visa,MERCHANDISE_NOT_RECEIVED,Cardholder claims ordered merchandise or service was not received,2025-12-02 15:45:25,4835.13,500.0,250.0,2025-12-18 15:45:25,16,contested,won,2025-12-10 15:45:25,4,4,3,1,0.525,4,2,0.75,4835.13,credit_card,pos_qr,exam_course,493,11,29294.12,0,0,5,427,0,10,0.0159,5.49,authenticated_otp,sms_otp,1,0,,,fulfilled,,,,0,education_coaching,exam_prep,enterprise,"website, app",digital_service,0,1,0.4,1,0,99,0.025,16.0,41.208333333333336
DSP001213,TXN0075805,M000001,C000039,Visa,MERCHANDISE_NOT_AS_DESCRIBED,"Cardholder claims merchandise arrived damaged, defective, or not as described",2025-12-02 23:26:21,1551.66,500.0,250.0,2025-12-13 23:26:21,11,contested,lost,2026-01-04 23:26:21,5,3,2,1,0.7000000000000001,5,1,0.6666666666666666,1551.66,debit_card,pos_qr,handmade_accessory,10,2,2964.23,2,0,21,10,0,1,0.0688,5.59,authenticated_3ds,3ds_v2,1,0,0.0,27.79,delivered,delivered,1.0,0.0,1,individual_social_seller,crochet_accessories,medium,"Instagram, WhatsApp, payment links",physical_delivery,0,0,0.9,0,1,13,0.025,11.0,41.291666666666664
DSP001214,TXN0075808,M000195,C000030,Mastercard,MERCHANDISE_NOT_AS_DESCRIBED,"Cardholder claims merchandise arrived damaged, defective, or not as described",2025-10-30 02:32:18,1163.28,500.0,250.0,2025-11-19 02:32:18,20,contested,won,2025-11-23 02:32:18,6,3,3,0,0.7283333333333334,6,0,1.0,1163.28,credit_card,payment_link,footwear,262,29,33068.51,6,0,3,0,1,1,0.01,0.02,authenticated_otp,sms_otp,1,0,1.0,31.67,delivered,delivered,1.0,1.0,0,d2c_brand,fashion_apparel,medium,website,physical_delivery,0,1,0.8093102767805899,0,1,73,0.0082,20.0,7.416666666666667
DSP001215,TXN0075889,M000036,C000020,Mastercard,MERCHANDISE_NOT_RECEIVED,Cardholder claims ordered merchandise or service was not received,2025-10-25 22:48:03,6803.66,500.0,250.0,2025-11-10 22:48:03,16,contested,won,2025-12-08 22:48:03,3,1,1,0,0.37833333333333335,3,0,1.0,6803.66,debit_card,payment_link,saas_plan,168,13,65047.31,0,0,3,58,0,2,0.1163,3.09,authenticated_otp,sms_otp,1,0,,,fulfilled,,,,0,digital_saas,productivity_tools,medium,website,digital_service,1,1,0.8170524123687292,1,1,13,0.0221,16.0,3.125
DSP001216,TXN0075912,M000196,C000032,Visa,UNAUTHORIZED_TRANSACTION,Cardholder claims transaction was unauthorized or fraudulent,2025-11-26 00:49:26,2147.42,150.0,75.0,2025-12-14 00:49:26,18,contested,lost,2026-01-10 00:49:26,6,3,3,0,0.7016666666666667,6,0,1.0,2147.42,debit_card,pos_qr,footwear,275,4,17972.45,4,0,10,0,1,1,0.1567,10.32,authenticated_3ds,3ds_v2,1,0,0.0,41.94,delivered,delivered,1.0,1.0,1,d2c_brand,footwear,medium,omnichannel,physical_delivery,0,0,0.6397215757953326,1,1,11,0.0171,18.0,34.125
DSP001217,TXN0075975,M000007,C000004,Mastercard,MERCHANDISE_NOT_RECEIVED,Cardholder claims ordered merchandise or service was not received,2025-11-01 08:37:47,2836.88,0.0,0.0,2025-11-13 08:37:47,12,accepted,accepted_refunded,,5,4,4,0,0.6816666666666666,5,1,1.0,2836.88,debit_card,pos_qr,cosmetics_kit,305,12,58908.9,3,0,7,26,0,1,0.1542,13.99,authenticated_otp,sms_otp,1,0,0.0,8.42,delivered,delivered,1.0,1.0,0,online_marketplace_retailer,beauty_marketplace,enterprise,"website, app",physical_delivery,0,0,0.8731993941811405,1,1,25,0.025,12.0,9.041666666666666
DSP001218,TXN0075978,M000044,C000023,Visa,MERCHANDISE_NOT_RECEIVED,Cardholder claims ordered merchandise or service was not received,2025-11-30 01:05:29,1376.3,500.0,250.0,2025-12-19 01:05:29,19,contested,won,2026-01-08 01:05:29,3,1,1,0,0.40166666666666667,3,0,1.0,1376.3,credit_card,pos_qr,diagnostic_package,192,33,55121.17,0,0,8,0,1,1,0.1758,6.86,authenticated_otp,sms_otp,1,0,,,fulfilled,,,,0,healthcare_diagnostics,wellness_packages,medium,mobile_app,appointment_service,0,0,0.8440152493739601,1,1,118,0.0173,19.0,37.708333333333336
DSP001219,TXN0076024,M000003,C000099,Visa,DUPLICATE_TRANSACTION,Cardholder claims single purchase was billed multiple times,2025-11-05 07:43:08,1818.43,0.0,0.0,2025-11-17 07:43:08,12,accepted,accepted_refunded,,5,2,2,0,0.6066666666666667,5,1,1.0,1818.43,debit_card,pos_qr,study_material,76,3,8208.16,0,0,1,18,0,3,0.01,13.02,auth_failed,password,3,0,,,failed,,,,0,education_coaching,exam_prep,enterprise,"website, app",digital_service,0,1,0.4,1,0,99,0.025,12.0,12.875
DSP001220,TXN0076113,M000307,C000032,RuPay,UNAUTHORIZED_TRANSACTION,Cardholder claims transaction was unauthorized or fraudulent,2025-12-04 04:15:27,271.42,500.0,250.0,2025-12-25 04:15:27,21,contested,lost,2026-01-12 04:15:27,2,3,2,1,0.26333333333333336,2,1,0.6666666666666666,271.42,credit_card,mobile_app,food_item,127,3,1539.29,0,0,71,10,0,2,0.1425,32.35,authenticated_otp,sms_otp,1,0,0.0,0.87,delivered,delivered,1.0,0.0,0,food_local_commerce,gourmet_food,enterprise,website,food_delivery,0,0,0.6040635121610106,1,1,63,0.0128,21.0,41.541666666666664
DSP001221,TXN0076227,M000362,C000020,Visa,CREDIT_NOT_PROCESSED,Cardholder claims promised credit or refund was not posted,2025-11-14 04:47:50,13382.39,0.0,0.0,2025-11-30 04:47:50,16,accepted,accepted_refunded,,2,3,2,1,0.26333333333333336,2,1,0.6666666666666666,13382.39,credit_card,payment_link,vacation_package,213,17,436819.29,0,0,43,139,0,12,0.3092,6.41,authenticated_3ds,3ds_v2,1,0,,,fulfilled,,,,0,travel_hospitality,hotel_booking,medium,website,booking_service,0,0,0.8585775581273463,1,1,40,0.0242,16.0,21.333333333333332
DSP001222,TXN0076245,M000007,C000053,Visa,CREDIT_NOT_PROCESSED,Cardholder claims promised credit or refund was not posted,2025-11-01 07:14:27,1886.7,500.0,250.0,2025-11-17 07:14:27,16,contested,won,2025-11-13 07:14:27,4,3,2,1,0.5366666666666666,4,2,0.6666666666666666,1886.7,credit_card,pos_qr,fashion_apparel,432,34,83521.11,10,1,2,0,1,1,0.0311,18.84,password_authenticated,password,1,0,0.0,30.99,delivered,delivered,1.0,1.0,1,online_marketplace_retailer,beauty_marketplace,enterprise,"website, app",physical_delivery,0,0,0.8731993941811405,1,1,25,0.025,16.0,8.375
DSP001223,TXN0076305,M000299,C000012,Mastercard,MERCHANDISE_NOT_AS_DESCRIBED,"Cardholder claims merchandise arrived damaged, defective, or not as described",2025-11-07 01:08:12,20959.51,450.0,225.0,2025-11-17 01:08:12,10,contested,lost,2025-12-16 01:08:12,1,2,0,2,0.13666666666666666,1,2,0.0,20959.51,debit_card,payment_link,flight_booking,109,0,0.0,0,0,43,0,1,1,0.2061,11.0,authenticated_otp,sms_otp,1,0,,,fulfilled,,,,0,travel_hospitality,tour_packages,small,mobile_app,booking_service,0,1,0.3127060512651884,0,0,38,0.034,10.0,13.75
DSP001224,TXN0076342,M000307,C000063,Visa,MERCHANDISE_NOT_RECEIVED,Cardholder claims ordered merchandise or service was not received,2025-11-05 00:06:56,472.93,15.0,7.5,2025-11-22 00:06:56,17,contested,lost,2025-11-19 00:06:56,2,1,0,1,0.25,2,1,0.0,472.93,credit_card,payment_link,food_item,663,13,6597.52,0,0,1,0,1,1,0.01,38.88,authenticated_otp,sms_otp,1,0,0.0,0.72,delivered,delivered,1.0,1.0,0,food_local_commerce,gourmet_food,enterprise,website,food_delivery,0,0,0.6040635121610106,1,1,63,0.0128,17.0,11.625
DSP001225,TXN0076360,M000317,C000047,RuPay,CREDIT_NOT_PROCESSED,Cardholder claims promised credit or refund was not posted,2025-11-21 09:46:27,2449.02,500.0,250.0,2025-12-10 09:46:27,19,contested,won,2025-12-31 09:46:27,5,3,3,0,0.68,5,1,1.0,2449.02,credit_card,pos_qr,fashion_apparel,87,3,11624.8,0,0,15,10,0,2,0.1026,51.41,authenticated_otp,sms_otp,1,0,0.0,26.1,delivered,delivered,1.0,1.0,0,online_marketplace_retailer,multi_category_retail,medium,mobile_app,physical_delivery,0,0,0.8025350743415457,1,1,21,0.0116,19.0,28.0
DSP001226,TXN0076403,M000114,C000017,Mastercard,MERCHANDISE_NOT_RECEIVED,Cardholder claims ordered merchandise or service was not received,2025-12-04 12:22:19,3160.29,0.0,0.0,2025-12-23 12:22:19,19,accepted,accepted_refunded,,3,1,1,0,0.39166666666666666,3,0,1.0,3160.29,credit_card,payment_link,saas_plan,589,22,122487.67,0,0,26,387,0,3,0.1514,18.84,password_authenticated,password,1,1,,,fulfilled,,,,0,digital_saas,developer_tools,small,website,digital_service,1,1,0.8076979909828793,1,1,21,0.0103,19.0,41.041666666666664
DSP001227,TXN0076515,M000221,C000006,Visa,MERCHANDISE_NOT_RECEIVED,Cardholder claims ordered merchandise or service was not received,2025-11-07 20:06:22,13083.44,500.0,250.0,2025-11-22 20:06:22,15,contested,won,2025-12-08 20:06:22,1,1,0,1,0.10666666666666667,1,2,0.0,13083.44,debit_card,payment_link,hotel_stay,408,15,165714.28,0,0,6,295,0,13,0.01,2.38,password_authenticated,password,1,0,,,fulfilled,,,,0,travel_hospitality,travel_agency,small,website,booking_service,0,0,0.3325399698159267,0,0,52,0.0219,15.0,14.083333333333334
DSP001228,TXN0076528,M000316,C000007,Visa,MERCHANDISE_NOT_RECEIVED,Cardholder claims ordered merchandise or service was not received,2025-11-07 05:26:59,15776.56,0.0,0.0,2025-11-18 05:26:59,11,accepted,accepted_refunded,,3,1,1,0,0.365,3,0,1.0,15776.56,credit_card,pos_qr,car_rental,101,4,135526.15,0,0,136,38,0,1,0.01,2.01,password_authenticated,password,1,0,,,fulfilled,,,,0,travel_hospitality,travel_agency,small,website,booking_service,0,0,0.5578456381342266,1,1,26,0.0153,11.0,13.458333333333334
DSP001229,TXN0076565,M000400,C000004,Mastercard,MERCHANDISE_NOT_RECEIVED,Cardholder claims ordered merchandise or service was not received,2025-11-27 04:47:14,6781.84,450.0,225.0,2025-12-11 04:47:14,14,contested,won,2025-12-23 04:47:14,3,1,1,0,0.4116666666666666,3,0,1.0,6781.84,debit_card,pos_qr,study_material,716,30,258347.07,0,1,3,0,1,1,0.4148,4.38,authenticated_otp,sms_otp,1,0,,,fulfilled,,,,0,education_coaching,exam_prep,small,mobile_app,digital_service,1,0,0.3930757325603564,1,1,83,0.0273,14.0,33.375
DSP001230,TXN0076627,M000382,C000017,Visa,MERCHANDISE_NOT_RECEIVED,Cardholder claims ordered merchandise or service was not received,2025-12-08 21:29:27,18068.26,500.0,250.0,2025-12-18 21:29:27,10,contested,won,2026-01-06 21:29:27,3,1,1,0,0.42,3,0,1.0,18068.26,credit_card,pos_qr,hotel_stay,48,7,203405.34,0,0,9,0,1,1,0.4346,19.76,authenticated_otp,sms_otp,1,0,,,fulfilled,,,,0,travel_hospitality,hotel_booking,medium,mobile_app,booking_service,1,0,0.8023271935735825,1,0,119,0.0307,10.0,44.666666666666664
DSP001231,TXN0076737,M000004,C000035,Visa,RECURRING_BILLING_DISPUTE,Cardholder claims recurring subscription billing was canceled or unauthorized,2025-10-29 05:52:04,6452.27,500.0,250.0,2025-11-15 05:52:04,17,contested,won,2025-11-16 05:52:04,1,3,1,2,0.105,1,2,0.3333333333333333,6452.27,credit_card,pos_qr,flight_booking,78,5,64884.89,0,0,170,63,0,2,0.01,22.41,authenticated_3ds,3ds_v2,1,0,,,fulfilled,,,,0,travel_hospitality,travel_agency,enterprise,"website, app",booking_service,0,0,0.3,1,1,68,0.0353,17.0,3.7916666666666665
DSP001232,TXN0076795,M000114,C000018,Visa,DUPLICATE_TRANSACTION,Cardholder claims single purchase was billed multiple times,2025-11-23 00:53:10,9028.3,0.0,0.0,2025-12-03 00:53:10,10,accepted,accepted_refunded,,3,2,2,0,0.36333333333333334,3,0,1.0,9028.3,credit_card,desktop_web,saas_plan,234,15,101909.34,0,0,13,29,0,14,0.01,35.13,authenticated_3ds,3ds_v2,1,0,,,fulfilled,,,,0,digital_saas,developer_tools,small,website,digital_service,1,1,0.8076979909828793,1,1,21,0.0103,10.0,28.458333333333332
DSP001233,TXN0076844,M000140,C000003,Visa,CREDIT_NOT_PROCESSED,Cardholder claims promised credit or refund was not posted,2025-11-29 20:16:00,3071.46,350.0,175.0,2025-12-15 20:16:00,16,contested,won,2025-12-20 20:16:00,3,3,3,0,0.30833333333333335,3,0,1.0,3071.46,credit_card,desktop_web,gym_membership,39,1,8046.16,0,0,164,0,1,1,0.1958,7.4,authenticated_otp,sms_otp,1,0,,,fulfilled,,,,0,fitness_services,fitness_program,small,website,membership_service,1,0,0.5823202932020755,1,1,17,0.0219,16.0,35.166666666666664
DSP001234,TXN0076858,M000337,C000015,RuPay,CREDIT_NOT_PROCESSED,Cardholder claims promised credit or refund was not posted,2025-11-28 04:36:06,15868.01,500.0,250.0,2025-12-13 04:36:06,15,contested,won,2025-12-11 04:36:06,3,3,3,0,0.4366666666666667,3,0,1.0,15868.01,credit_card,desktop_web,saas_plan,142,5,60965.54,0,0,19,86,0,3,0.0675,15.09,authenticated_otp,sms_otp,1,0,,,fulfilled,,,,0,digital_saas,productivity_tools,small,website,digital_service,1,0,0.8014393488629755,1,1,85,0.0142,15.0,33.5
DSP001235,TXN0077017,M000002,C000123,Mastercard,MERCHANDISE_NOT_RECEIVED,Cardholder claims ordered merchandise or service was not received,2025-11-27 02:08:38,2165.7,0.0,0.0,2025-12-14 02:08:38,17,accepted,accepted_refunded,,3,1,1,0,0.3516666666666666,3,0,1.0,2165.7,debit_card,desktop_web,footwear,176,4,20835.55,1,0,18,102,0,3,0.8608,7.87,authenticated_3ds,3ds_v2,1,1,1.0,47.75,delivered,delivered,0.0,0.0,0,d2c_brand,footwear,enterprise,website,physical_delivery,0,0,0.65,1,1,60,0.025,17.0,31.875
DSP001236,TXN0077123,M000359,C000010,Mastercard,MERCHANDISE_NOT_AS_DESCRIBED,"Cardholder claims merchandise arrived damaged, defective, or not as described",2025-11-10 13:39:23,5274.82,0.0,0.0,2025-11-23 13:39:23,13,accepted,accepted_refunded,,3,2,2,0,0.36000000000000004,3,0,1.0,5274.82,debit_card,payment_link,nutrition_plan,291,15,68236.45,0,0,0,207,0,8,0.1144,89.75,authenticated_otp,sms_otp,1,1,,,fulfilled,,,,0,fitness_services,fitness_program,small,website,membership_service,1,0,0.557056874740043,1,1,39,0.011,13.0,15.125
DSP001237,TXN0077192,M000001,C000087,Visa,MERCHANDISE_NOT_AS_DESCRIBED,"Cardholder claims merchandise arrived damaged, defective, or not as described",2025-10-31 18:12:43,1304.26,0.0,0.0,2025-11-20 18:12:43,20,accepted,accepted_refunded,,5,3,2,1,0.6066666666666667,5,1,0.6666666666666666,1304.26,debit_card,desktop_web,crochet_toy,195,9,12071.51,1,0,63,23,0,4,0.01,8.11,authenticated_otp,sms_otp,1,0,0.0,4.94,failed,failed,0.0,0.0,0,individual_social_seller,crochet_accessories,medium,"Instagram, WhatsApp, payment links",physical_delivery,0,0,0.9,0,1,13,0.025,20.0,5.208333333333333
DSP001238,TXN0077277,M000311,C000023,Visa,RECURRING_BILLING_DISPUTE,Cardholder claims recurring subscription billing was canceled or unauthorized,2025-11-30 09:37:38,919.68,500.0,250.0,2025-12-17 09:37:38,17,contested,lost,2025-12-31 09:37:38,6,3,3,0,0.735,6,0,1.0,919.68,credit_card,desktop_web,electronic_accessory,445,17,24567.9,4,0,15,69,0,10,0.2078,17.42,authenticated_otp,sms_otp,1,0,1.0,35.54,delivered,delivered,1.0,0.0,0,online_marketplace_retailer,specialty_goods,enterprise,mobile_app,physical_delivery,0,1,0.8516300348301196,1,1,96,0.0044,17.0,34.708333333333336
DSP001239,TXN0077300,M000341,C000027,RuPay,CREDIT_NOT_PROCESSED,Cardholder claims promised credit or refund was not posted,2025-11-06 20:21:44,1275.02,0.0,0.0,2025-11-17 20:21:44,11,accepted,accepted_refunded,,6,3,3,0,0.805,6,0,1.0,1275.02,credit_card,payment_link,home_decor,586,29,36872.64,3,0,1,282,0,7,0.1195,42.53,authenticated_3ds,3ds_v2,1,0,0.0,4.0,delivered,delivered,1.0,0.0,0,online_marketplace_retailer,beauty_marketplace,enterprise,mobile_app,physical_delivery,0,0,0.8855460584011007,1,1,92,0.0076,11.0,11.125
DSP001240,TXN0077351,M000287,C000102,Mastercard,CREDIT_NOT_PROCESSED,Cardholder claims promised credit or refund was not posted,2025-10-30 15:51:48,1069.51,500.0,250.0,2025-11-12 15:51:48,13,contested,won,2025-12-06 15:51:48,5,3,2,1,0.7416666666666667,5,1,0.6666666666666666,1069.51,credit_card,mobile_app,cosmetics_kit,212,5,4721.17,1,0,116,197,0,4,0.0418,16.57,password_authenticated,password,1,0,0.0,27.11,delivered,delivered,1.0,1.0,0,online_marketplace_retailer,specialty_goods,enterprise,mobile_app,physical_delivery,0,0,0.8375582952639944,1,1,78,0.0144,13.0,3.875
DSP001241,TXN0077360,M000139,C000006,Visa,MERCHANDISE_NOT_RECEIVED,Cardholder claims ordered merchandise or service was not received,2025-11-17 04:18:29,1301.67,500.0,250.0,2025-12-04 04:18:29,17,contested,won,2025-12-26 04:18:29,6,4,4,0,0.7333333333333334,6,0,1.0,1301.67,credit_card,pos_qr,cosmetics_kit,91,8,15402.12,0,1,97,50,0,5,0.01,16.96,authenticated_3ds,3ds_v2,1,0,0.0,10.66,delivered,delivered,1.0,1.0,0,online_marketplace_retailer,electronics_hub,enterprise,mobile_app,physical_delivery,0,0,0.8942909703912519,0,1,11,0.0053,17.0,21.375
DSP001242,TXN0077387,M000029,C000048,Visa,RECURRING_BILLING_DISPUTE,Cardholder claims recurring subscription billing was canceled or unauthorized,2025-11-10 03:05:19,861.11,15.0,7.5,2025-11-24 03:05:19,14,contested,lost,2025-11-23 03:05:19,1,3,1,2,0.13166666666666668,1,2,0.3333333333333333,861.11,credit_card,mobile_app,food_item,167,3,3463.19,0,0,22,25,0,3,0.01,9.17,password_authenticated,password,1,0,1.0,0.79,delivered,delivered,1.0,1.0,0,food_local_commerce,local_restaurant,medium,mobile_app,food_delivery,0,0,0.8456069984217036,1,1,20,0.0104,14.0,14.291666666666666
DSP001243,TXN0077404,M000244,C000044,RuPay,CREDIT_NOT_PROCESSED,Cardholder claims promised credit or refund was not posted,2025-12-01 16:13:29,1172.83,450.0,225.0,2025-12-13 16:13:29,12,contested,won,2025-12-15 16:13:29,4,3,3,0,0.51,4,2,1.0,1172.83,credit_card,mobile_app,general_item,455,10,12063.57,3,0,51,0,1,1,0.1432,24.11,auth_failed,sms_otp,2,0,0.0,31.07,failed,failed,0.0,0.0,0,online_marketplace_retailer,electronics_hub,enterprise,website,physical_delivery,0,0,0.8177110679407049,1,1,56,0.0069,12.0,35.791666666666664
DSP001244,TXN0077406,M000032,C000018,RuPay,MERCHANDISE_NOT_RECEIVED,Cardholder claims ordered merchandise or service was not received,2025-11-07 09:18:51,1368.64,500.0,250.0,2025-11-17 09:18:51,10,contested,won,2025-11-26 09:18:51,5,4,4,0,0.6966666666666667,5,1,1.0,1368.64,credit_card,desktop_web,footwear,407,5,4680.82,2,0,15,398,0,3,0.01,8.64,authenticated_3ds,3ds_v2,1,0,1.0,41.96,delivered,delivered,1.0,1.0,1,d2c_brand,fashion_apparel,medium,omnichannel,physical_delivery,0,0,0.8514234438413611,1,0,115,0.0169,10.0,11.5
DSP001245,TXN0077414,M000222,C000057,Visa,CREDIT_NOT_PROCESSED,Cardholder claims promised credit or refund was not posted,2025-11-03 23:14:53,436.35,500.0,250.0,2025-11-19 23:14:53,16,contested,won,2025-12-01 23:14:53,3,3,3,0,0.38833333333333336,3,0,1.0,436.35,debit_card,pos_qr,food_item,21,2,912.98,0,0,2,11,0,2,0.01,28.74,authenticated_otp,sms_otp,1,0,0.0,0.81,delivered,delivered,1.0,1.0,0,food_local_commerce,bakery,medium,website,food_delivery,0,0,0.8746491405118024,0,1,6,0.0273,16.0,8.041666666666666
DSP001246,TXN0077430,M000003,C000081,Visa,UNAUTHORIZED_TRANSACTION,Cardholder claims transaction was unauthorized or fraudulent,2025-11-26 14:32:27,2666.16,0.0,0.0,2025-12-06 14:32:27,10,accepted,accepted_refunded,,4,3,2,1,0.465,4,2,0.6666666666666666,2666.16,debit_card,payment_link,mentorship,362,7,18510.48,0,0,48,247,0,6,0.6416,113.94,authenticated_otp,sms_otp,1,1,,,fulfilled,,,,0,education_coaching,exam_prep,enterprise,"website, app",digital_service,0,1,0.4,1,0,99,0.025,10.0,30.625
DSP001247,TXN0077442,M000360,C000113,Visa,UNAUTHORIZED_TRANSACTION,Cardholder claims transaction was unauthorized or fraudulent,2025-11-22 10:10:32,422.73,450.0,225.0,2025-12-07 10:10:32,15,contested,won,2025-11-29 10:10:32,3,3,3,0,0.37833333333333335,3,0,1.0,422.73,credit_card,pos_qr,food_item,165,3,1841.47,0,0,98,0,1,1,0.01,4.86,authenticated_otp,sms_otp,1,0,0.0,0.95,delivered,delivered,1.0,1.0,0,food_local_commerce,bakery,enterprise,website,food_delivery,0,0,0.6142419278206316,1,1,89,0.0236,15.0,26.333333333333332
DSP001248,TXN0077487,M000004,C000052,Visa,UNAUTHORIZED_TRANSACTION,Cardholder claims transaction was unauthorized or fraudulent,2025-11-03 05:16:38,5806.66,0.0,0.0,2025-11-24 05:16:38,21,accepted,accepted_refunded,,3,3,3,0,0.3183333333333333,3,0,1.0,5806.66,credit_card,desktop_web,flight_booking,15,1,7093.43,0,0,169,13,0,1,0.01,1.14,authenticated_3ds,3ds_v2,1,0,,,fulfilled,,,,0,travel_hospitality,travel_agency,enterprise,"website, app",booking_service,0,0,0.3,1,1,68,0.0353,21.0,6.875
DSP001249,TXN0077645,M000019,C000012,Mastercard,UNAUTHORIZED_TRANSACTION,Cardholder claims transaction was unauthorized or fraudulent,2025-11-26 23:08:17,2353.9,450.0,225.0,2025-12-10 23:08:17,14,contested,lost,2025-12-03 23:08:17,4,3,2,1,0.5166666666666667,4,2,0.6666666666666666,2353.9,debit_card,desktop_web,electronic_accessory,358,33,98262.35,9,0,4,0,1,1,0.01,2.19,auth_failed,none,4,0,0.0,41.69,failed,failed,0.0,0.0,0,online_marketplace_retailer,electronics_hub,enterprise,omnichannel,physical_delivery,0,0,0.8181824967207101,1,1,118,0.0087,14.0,30.208333333333332
DSP001250,TXN0077678,M000056,C000009,RuPay,DUPLICATE_TRANSACTION,Cardholder claims single purchase was billed multiple times,2025-12-04 23:35:36,12926.25,0.0,0.0,2025-12-19 23:35:36,15,accepted,accepted_refunded,,1,2,1,1,0.11333333333333334,1,2,0.5,12926.25,credit_card,pos_qr,home_sample_collection,226,7,60028.91,0,0,119,10,0,4,0.051,3.48,authenticated_otp,sms_otp,1,0,,,fulfilled,,,,0,healthcare_diagnostics,telehealth,small,mobile_app,appointment_service,0,0,0.6275132823361115,0,0,66,0.0148,15.0,38.166666666666664
DSP001251,TXN0077698,M000112,C000044,Visa,UNAUTHORIZED_TRANSACTION,Cardholder claims transaction was unauthorized or fraudulent,2025-12-03 15:29:50,1466.62,500.0,250.0,2025-12-18 15:29:50,15,contested,lost,2025-12-15 15:29:50,6,3,3,0,0.7383333333333333,6,0,1.0,1466.62,credit_card,pos_qr,footwear,28,1,1622.22,0,0,101,15,0,1,0.0217,12.37,password_authenticated,password,1,0,0.0,12.46,delivered,delivered,1.0,0.0,0,d2c_brand,home_lifestyle,medium,website,physical_delivery,0,0,0.8755551138543048,1,1,47,0.0134,15.0,36.791666666666664
DSP001252,TXN0077731,M000271,C000013,Mastercard,MERCHANDISE_NOT_RECEIVED,Cardholder claims ordered merchandise or service was not received,2025-11-06 02:56:45,1786.24,500.0,250.0,2025-11-26 02:56:45,20,contested,lost,2025-11-25 02:56:45,1,1,0,1,0.11833333333333333,1,2,0.0,1786.24,credit_card,payment_link,saas_plan,197,3,8596.1,0,0,10,79,0,2,0.01,24.49,authenticated_3ds,3ds_v2,1,0,,,fulfilled,,,,0,digital_saas,productivity_tools,small,website,digital_service,1,0,0.6197015740995268,1,1,84,0.0196,20.0,9.166666666666666
DSP001253,TXN0077797,M000251,C000037,RuPay,MERCHANDISE_NOT_AS_DESCRIBED,"Cardholder claims merchandise arrived damaged, defective, or not as described",2025-11-13 06:08:42,2860.49,0.0,0.0,2025-11-30 06:08:42,17,accepted,accepted_refunded,,6,3,3,0,0.7183333333333334,6,0,1.0,2860.49,credit_card,mobile_app,footwear,104,0,0.0,0,0,56,0,1,1,0.3199,27.03,authenticated_3ds,3ds_v2,1,0,0.0,12.3,delivered,delivered,1.0,1.0,0,d2c_brand,electronics,medium,website,physical_delivery,0,0,0.8428184148317314,1,0,41,0.0169,17.0,15.916666666666666
DSP001254,TXN0078019,M000001,C000086,Visa,UNAUTHORIZED_TRANSACTION,Cardholder claims transaction was unauthorized or fraudulent,2025-12-01 01:40:55,1576.68,0.0,0.0,2025-12-19 01:40:55,18,accepted,accepted_refunded,,5,3,3,0,0.6166666666666666,5,1,1.0,1576.68,debit_card,desktop_web,fashion_apparel,459,18,21302.78,3,1,29,0,1,1,0.1403,9.18,password_authenticated,password,1,0,0.0,24.39,delivered,delivered,1.0,1.0,0,individual_social_seller,crochet_accessories,medium,"Instagram, WhatsApp, payment links",physical_delivery,0,0,0.9,0,1,13,0.025,18.0,33.25
DSP001255,TXN0078045,M000341,C000008,Mastercard,UNAUTHORIZED_TRANSACTION,Cardholder claims transaction was unauthorized or fraudulent,2025-11-17 15:21:28,843.84,500.0,250.0,2025-12-02 15:21:28,15,contested,lost,2025-11-28 15:21:28,4,3,2,1,0.5266666666666667,4,2,0.6666666666666666,843.84,credit_card,desktop_web,electronic_accessory,439,4,8466.65,2,0,18,295,0,3,0.1762,15.49,authenticated_otp,sms_otp,1,0,0.0,46.56,delivered,delivered,0.0,0.0,0,online_marketplace_retailer,beauty_marketplace,enterprise,mobile_app,physical_delivery,0,0,0.8855460584011007,1,1,92,0.0076,15.0,19.708333333333332
DSP001256,TXN0078065,M000374,C000031,Visa,UNAUTHORIZED_TRANSACTION,Cardholder claims transaction was unauthorized or fraudulent,2025-12-01 15:33:15,8416.12,500.0,250.0,2025-12-19 15:33:15,18,contested,lost,2025-12-26 15:33:15,0,3,0,3,0.0,0,3,0.0,8416.12,credit_card,payment_link,flight_booking,581,47,716222.65,0,2,1,376,0,2,0.01,8.13,authenticated_otp,sms_otp,1,0,,,fulfilled,,,,0,travel_hospitality,tour_packages,medium,website,booking_service,0,1,0.8069361300875165,1,1,71,0.0162,18.0,33.541666666666664
DSP001257,TXN0078080,M000163,C000012,Visa,RECURRING_BILLING_DISPUTE,Cardholder claims recurring subscription billing was canceled or unauthorized,2025-11-03 23:48:21,18191.64,500.0,250.0,2025-11-13 23:48:21,10,contested,won,2025-12-11 23:48:21,3,3,3,0,0.43166666666666664,3,0,1.0,18191.64,credit_card,payment_link,hotel_stay,18,4,82572.71,0,1,86,0,1,1,0.0116,3.4,authenticated_3ds,3ds_v2,1,0,,,fulfilled,,,,0,travel_hospitality,tour_packages,medium,mobile_app,booking_service,0,1,0.82376375439924,1,1,9,0.0311,10.0,5.75
DSP001258,TXN0078105,M000242,C000011,Mastercard,MERCHANDISE_NOT_AS_DESCRIBED,"Cardholder claims merchandise arrived damaged, defective, or not as described",2025-12-06 00:01:40,5831.84,500.0,250.0,2025-12-17 00:01:40,11,contested,lost,2026-01-06 00:01:40,2,2,1,1,0.23500000000000001,2,1,0.5,5831.84,credit_card,pos_qr,gym_membership,93,12,51783.96,0,0,0,65,0,9,0.2097,11.56,authenticated_3ds,3ds_v2,1,0,,,fulfilled,,,,0,fitness_services,yoga_wellness,small,omnichannel,membership_service,1,0,0.5524315966431453,0,1,99,0.0264,11.0,37.666666666666664
DSP001259,TXN0078123,M000272,C000011,RuPay,CREDIT_NOT_PROCESSED,Cardholder claims promised credit or refund was not posted,2025-11-27 03:44:20,24949.37,500.0,250.0,2025-12-11 03:44:20,14,contested,lost,2026-01-10 03:44:20,2,3,2,1,0.24666666666666667,2,1,0.6666666666666666,24949.37,credit_card,payment_link,saas_plan,224,5,51244.89,0,0,17,0,1,1,0.2353,3.52,authenticated_3ds,3ds_v2,1,0,,,fulfilled,,,,0,digital_saas,developer_tools,medium,website,digital_service,1,0,0.8702484083987109,1,1,115,0.0084,14.0,28.791666666666668
DSP001260,TXN0078140,M000090,C000004,Visa,CREDIT_NOT_PROCESSED,Cardholder claims promised credit or refund was not posted,2025-11-02 01:23:26,647.78,500.0,250.0,2025-11-19 01:23:26,17,contested,lost,2025-11-26 01:23:26,4,3,2,1,0.5116666666666667,4,2,0.6666666666666666,647.78,credit_card,payment_link,electronic_accessory,73,3,5022.38,0,0,14,69,0,2,0.0418,1.07,authenticated_3ds,3ds_v2,1,0,0.0,18.34,delivered,delivered,0.0,0.0,0,online_marketplace_retailer,specialty_goods,medium,omnichannel,physical_delivery,1,0,0.8325183322026747,1,1,112,0.0126,17.0,3.6666666666666665
DSP001261,TXN0078145,M000256,C000026,Mastercard,UNAUTHORIZED_TRANSACTION,Cardholder claims transaction was unauthorized or fraudulent,2025-12-06 12:34:19,396.27,500.0,250.0,2025-12-18 12:34:19,12,contested,won,2025-12-22 12:34:19,2,3,2,1,0.24666666666666667,2,1,0.6666666666666666,396.27,credit_card,desktop_web,food_item,78,6,3222.98,0,0,109,0,1,1,0.0771,25.95,authenticated_otp,sms_otp,1,0,0.0,0.55,failed,failed,0.0,0.0,0,food_local_commerce,bakery,enterprise,mobile_app,food_delivery,0,0,0.5885097728601925,1,1,52,0.0155,12.0,38.125
DSP001262,TXN0078147,M000384,C000032,Mastercard,MERCHANDISE_NOT_RECEIVED,Cardholder claims ordered merchandise or service was not received,2025-11-18 13:42:43,6218.08,450.0,225.0,2025-12-02 13:42:43,14,contested,won,2025-12-29 13:42:43,2,1,1,0,0.24,2,1,1.0,6218.08,credit_card,payment_link,saas_plan,217,11,50331.65,0,0,27,53,0,11,0.01,3.6,authenticated_3ds,3ds_v2,1,0,,,fulfilled,,,,0,digital_saas,productivity_tools,medium,website,digital_service,1,1,0.57818547747734,1,1,87,0.0229,14.0,20.166666666666668
DSP001263,TXN0078180,M000356,C000023,Visa,MERCHANDISE_NOT_AS_DESCRIBED,"Cardholder claims merchandise arrived damaged, defective, or not as described",2025-11-08 11:34:08,13397.56,500.0,250.0,2025-11-28 11:34:08,20,contested,lost,2025-12-20 11:34:08,2,2,1,1,0.21,2,1,0.5,13397.56,credit_card,desktop_web,hotel_stay,447,34,520602.64,0,0,2,321,0,28,0.0626,0.62,authenticated_3ds,3ds_v2,1,0,,,fulfilled,,,,0,travel_hospitality,hotel_booking,small,mobile_app,booking_service,0,0,0.6356489841188322,1,1,30,0.0258,20.0,10.0
DSP001264,TXN0078195,M000269,C000001,Mastercard,CREDIT_NOT_PROCESSED,Cardholder claims promised credit or refund was not posted,2025-11-18 11:35:45,5425.74,500.0,250.0,2025-11-30 11:35:45,12,contested,won,2025-11-25 11:35:45,6,3,3,0,0.7400000000000001,6,0,1.0,5425.74,credit_card,pos_qr,fashion_apparel,238,13,56728.98,2,0,19,38,0,10,0.0602,26.08,authenticated_otp,sms_otp,1,0,1.0,23.56,delivered,delivered,1.0,1.0,1,online_marketplace_retailer,multi_category_retail,enterprise,omnichannel,physical_delivery,0,0,0.8877373071927955,1,1,12,0.0068,12.0,19.958333333333332
DSP001265,TXN0078210,M000324,C000036,Mastercard,UNAUTHORIZED_TRANSACTION,Cardholder claims transaction was unauthorized or fraudulent,2025-11-23 20:24:01,3256.0,0.0,0.0,2025-12-14 20:24:01,21,accepted,accepted_refunded,,6,3,3,0,0.7833333333333333,6,0,1.0,3256.0,debit_card,payment_link,footwear,108,3,10371.67,3,0,78,93,0,1,0.01,21.57,authenticated_3ds,3ds_v2,1,0,0.0,23.49,delivered,delivered,1.0,1.0,0,d2c_brand,footwear,medium,website,physical_delivery,0,1,0.8250242898164595,1,1,43,0.0056,21.0,25.291666666666668
DSP001266,TXN0078259,M000152,C000026,Visa,MERCHANDISE_NOT_RECEIVED,Cardholder claims ordered merchandise or service was not received,2025-12-13 00:30:20,4540.32,0.0,0.0,2026-01-02 00:30:20,20,accepted,accepted_refunded,,3,4,2,2,0.38999999999999996,3,3,0.5,4540.32,debit_card,mobile_app,footwear,110,40,148056.08,10,0,16,21,0,6,0.01,4.26,authenticated_otp,sms_otp,1,0,0.0,26.29,delivered,delivered,1.0,0.0,1,d2c_brand,electronics,medium,omnichannel,physical_delivery,0,0,0.8502679023228861,1,0,44,0.0052,20.0,44.333333333333336
DSP001267,TXN0078269,M000009,C000249,Visa,DUPLICATE_TRANSACTION,Cardholder claims single purchase was billed multiple times,2025-11-16 03:10:51,5321.48,500.0,250.0,2025-11-30 03:10:51,14,contested,lost,2025-12-07 03:10:51,1,2,0,2,0.09999999999999999,1,2,0.0,5321.48,credit_card,mobile_app,fitness_class,451,5,40405.06,0,0,17,179,0,3,0.01,13.88,authenticated_3ds,3ds_v2,1,0,,,fulfilled,,,,0,fitness_services,fitness_program,enterprise,"app, in-person",membership_service,1,0,0.5656018640442436,1,1,47,0.025,14.0,17.416666666666668
DSP001268,TXN0078409,M000366,C000031,Mastercard,MERCHANDISE_NOT_RECEIVED,Cardholder claims ordered merchandise or service was not received,2025-11-29 19:17:20,4786.98,0.0,0.0,2025-12-11 19:17:20,12,accepted,accepted_refunded,,5,4,4,0,0.5733333333333334,5,1,1.0,4786.98,debit_card,payment_link,cosmetics_kit,117,1,4554.24,0,0,40,0,1,1,0.1276,48.45,authenticated_otp,sms_otp,1,0,0.0,22.61,delivered,delivered,1.0,1.0,0,online_marketplace_retailer,electronics_hub,medium,omnichannel,physical_delivery,0,0,0.8643288218442353,1,1,78,0.0135,12.0,30.458333333333332
DSP001269,TXN0078435,M000350,C000020,Mastercard,UNAUTHORIZED_TRANSACTION,Cardholder claims transaction was unauthorized or fraudulent,2025-11-13 15:36:48,2083.9,500.0,250.0,2025-12-02 15:36:48,19,contested,lost,2025-12-01 15:36:48,2,3,2,1,0.24,2,1,0.6666666666666666,2083.9,credit_card,pos_qr,hotel_stay,72,4,8680.48,0,0,226,70,0,1,0.01,5.46,authenticated_otp,sms_otp,1,0,,,fulfilled,,,,0,travel_hospitality,tour_packages,medium,mobile_app,booking_service,0,1,0.8615850098052216,1,1,18,0.0174,19.0,14.25
DSP001270,TXN0078457,M000258,C000016,Mastercard,MERCHANDISE_NOT_RECEIVED,Cardholder claims ordered merchandise or service was not received,2025-11-28 07:27:50,5516.03,500.0,250.0,2025-12-17 07:27:50,19,contested,won,2026-01-03 07:27:50,1,1,1,0,0.13999999999999999,1,2,1.0,5516.03,credit_card,pos_qr,hotel_stay,280,33,194175.25,0,1,0,97,0,23,0.01,4.46,authenticated_3ds,3ds_v2,1,0,,,fulfilled,,,,0,travel_hospitality,ticketing,small,website,booking_service,0,1,0.5816922005156278,1,1,50,0.0293,19.0,28.875
DSP001271,TXN0078476,M000285,C000047,Visa,RECURRING_BILLING_DISPUTE,Cardholder claims recurring subscription billing was canceled or unauthorized,2025-12-13 23:18:02,427.82,500.0,250.0,2025-12-24 23:18:02,11,contested,lost,2025-12-20 23:18:02,1,3,1,2,0.11333333333333334,1,2,0.3333333333333333,427.82,debit_card,pos_qr,food_item,303,2,1361.53,0,1,102,0,1,1,0.456,67.54,authenticated_3ds,3ds_v2,1,1,1.0,0.98,delivered,delivered,1.0,1.0,0,food_local_commerce,gourmet_food,medium,mobile_app,food_delivery,1,0,0.8890005341817566,1,1,68,0.0129,11.0,44.5
DSP001272,TXN0078498,M000004,C000038,RuPay,MERCHANDISE_NOT_RECEIVED,Cardholder claims ordered merchandise or service was not received,2025-12-10 15:35:02,12290.28,500.0,250.0,2025-12-26 15:35:02,16,contested,lost,2025-12-19 15:35:02,1,1,0,1,0.09999999999999999,1,2,0.0,12290.28,credit_card,pos_qr,hotel_stay,337,21,235019.72,0,1,0,0,1,1,0.0267,4.33,auth_failed,none,2,0,,,failed,,,,0,travel_hospitality,travel_agency,enterprise,"website, app",booking_service,0,0,0.3,1,1,68,0.0353,16.0,41.125
DSP001273,TXN0078533,M000058,C000033,Mastercard,UNAUTHORIZED_TRANSACTION,Cardholder claims transaction was unauthorized or fraudulent,2025-11-10 21:50:14,4040.63,350.0,175.0,2025-11-21 21:50:14,11,contested,lost,2025-11-17 21:50:14,4,3,2,1,0.4583333333333333,4,2,0.6666666666666666,4040.63,credit_card,desktop_web,footwear,488,18,48706.97,1,0,0,274,0,5,0.4363,413.33,authenticated_otp,sms_otp,1,1,1.0,8.94,delivered,delivered,1.0,1.0,0,d2c_brand,fashion_apparel,medium,omnichannel,physical_delivery,1,0,0.6394827350427649,1,1,55,0.0149,11.0,11.291666666666666
DSP001274,TXN0078541,M000061,C000047,Visa,UNAUTHORIZED_TRANSACTION,Cardholder claims transaction was unauthorized or fraudulent,2025-11-09 08:09:27,653.09,0.0,0.0,2025-11-30 08:09:27,21,accepted,accepted_refunded,,4,3,1,2,0.5283333333333333,4,2,0.3333333333333333,653.09,debit_card,payment_link,general_item,98,2,2472.38,1,0,78,22,0,2,0.01,0.04,password_authenticated,password,1,0,0.0,17.87,delivered,delivered,1.0,1.0,0,online_marketplace_retailer,electronics_hub,enterprise,omnichannel,physical_delivery,0,0,0.8088492502051919,1,1,75,0.0125,21.0,9.708333333333334
DSP001275,TXN0078565,M000147,C000041,RuPay,MERCHANDISE_NOT_RECEIVED,Cardholder claims ordered merchandise or service was not received,2025-12-09 06:49:06,582.93,500.0,250.0,2025-12-21 06:49:06,12,contested,won,2026-01-19 06:49:06,2,1,1,0,0.26,2,1,1.0,582.93,credit_card,pos_qr,food_item,252,6,2475.85,0,0,52,0,1,1,0.1899,6.11,authenticated_otp,sms_otp,1,0,0.0,0.93,delivered,delivered,1.0,0.0,0,food_local_commerce,cloud_kitchen,medium,mobile_app,food_delivery,1,0,0.8497248505892385,1,1,43,0.0152,12.0,39.583333333333336
DSP001276,TXN0078580,M000257,C000013,Visa,UNAUTHORIZED_TRANSACTION,Cardholder claims transaction was unauthorized or fraudulent,2025-11-20 13:25:39,1065.65,500.0,250.0,2025-12-08 13:25:39,18,contested,lost,2025-12-15 13:25:39,2,3,2,1,0.22666666666666668,2,1,0.6666666666666666,1065.65,credit_card,payment_link,lab_test,59,0,0.0,0,0,39,0,1,1,0.0445,8.99,password_authenticated,password,1,0,,,fulfilled,,,,0,healthcare_diagnostics,telehealth,small,website,appointment_service,0,0,0.6351136671516857,1,1,9,0.0073,18.0,20.833333333333332
DSP001277,TXN0078621,M000196,C000016,Mastercard,CREDIT_NOT_PROCESSED,Cardholder claims promised credit or refund was not posted,2025-11-09 11:17:41,3902.54,0.0,0.0,2025-11-25 11:17:41,16,accepted,accepted_refunded,,4,3,1,2,0.46166666666666667,4,2,0.3333333333333333,3902.54,debit_card,payment_link,footwear,413,8,37918.96,4,0,20,157,0,7,0.0164,0.28,authenticated_3ds,3ds_v2,1,0,0.0,39.7,delivered,delivered,1.0,0.0,0,d2c_brand,footwear,medium,omnichannel,physical_delivery,0,0,0.6397215757953326,1,1,11,0.0171,16.0,9.666666666666666
DSP001278,TXN0078640,M000246,C000008,Mastercard,UNAUTHORIZED_TRANSACTION,Cardholder claims transaction was unauthorized or fraudulent,2025-11-27 00:12:40,6253.4,350.0,175.0,2025-12-12 00:12:40,15,contested,lost,2025-12-11 00:12:40,1,3,1,2,0.10333333333333333,1,2,0.3333333333333333,6253.4,credit_card,desktop_web,lab_test,442,29,166150.12,0,0,19,332,0,1,0.01,0.64,authenticated_3ds,3ds_v2,1,0,,,fulfilled,,,,0,healthcare_diagnostics,clinic_appointments,small,website,appointment_service,0,0,0.6453928577002587,1,1,83,0.0175,15.0,27.166666666666668
DSP001279,TXN0078692,M000360,C000090,RuPay,CREDIT_NOT_PROCESSED,Cardholder claims promised credit or refund was not posted,2025-11-17 03:33:41,1015.77,0.0,0.0,2025-12-01 03:33:41,14,accepted,accepted_refunded,,2,3,2,1,0.24666666666666667,2,1,0.6666666666666666,1015.77,credit_card,pos_qr,food_item,178,2,1353.87,0,0,138,106,0,1,0.01,9.35,authenticated_otp,sms_otp,1,0,0.0,1.0,delivered,delivered,1.0,1.0,0,food_local_commerce,bakery,enterprise,website,food_delivery,0,0,0.6142419278206316,1,1,89,0.0236,14.0,17.125
DSP001280,TXN0078710,M000283,C000002,Mastercard,UNAUTHORIZED_TRANSACTION,Cardholder claims transaction was unauthorized or fraudulent,2025-11-08 07:37:18,3342.21,0.0,0.0,2025-11-27 07:37:18,19,accepted,accepted_refunded,,6,3,3,0,0.77,6,0,1.0,3342.21,credit_card,desktop_web,general_item,456,13,33084.3,1,0,18,65,0,8,0.1153,72.91,authenticated_3ds,3ds_v2,1,0,0.0,11.1,delivered,delivered,1.0,1.0,1,online_marketplace_retailer,beauty_marketplace,enterprise,website,physical_delivery,0,0,0.8701966877257703,1,1,76,0.0126,19.0,8.041666666666666
DSP001281,TXN0078717,M000004,C000143,Visa,MERCHANDISE_NOT_RECEIVED,Cardholder claims ordered merchandise or service was not received,2025-11-15 04:18:31,23900.82,500.0,250.0,2025-12-01 04:18:31,16,contested,won,2025-12-23 04:18:31,3,1,1,0,0.37833333333333335,3,0,1.0,23900.82,credit_card,mobile_app,car_rental,222,10,285628.15,0,1,71,199,0,3,0.01,0.13,password_authenticated,password,1,0,,,fulfilled,,,,0,travel_hospitality,travel_agency,enterprise,"website, app",booking_service,0,0,0.3,1,1,68,0.0353,16.0,14.875
DSP001282,TXN0078726,M000031,C000066,Visa,MERCHANDISE_NOT_RECEIVED,Cardholder claims ordered merchandise or service was not received,2025-12-15 18:57:59,331.07,500.0,250.0,2025-12-29 18:57:59,14,contested,won,2025-12-22 18:57:59,2,1,1,0,0.20833333333333334,2,1,1.0,331.07,credit_card,mobile_app,food_item,222,24,10121.26,0,0,5,108,0,19,0.0485,1.99,password_authenticated,password,1,0,0.0,0.75,delivered,delivered,1.0,1.0,0,food_local_commerce,gourmet_food,enterprise,website,food_delivery,0,0,0.819967378215836,1,1,55,0.0167,14.0,45.458333333333336
DSP001283,TXN0078735,M000103,C000071,Visa,MERCHANDISE_NOT_RECEIVED,Cardholder claims ordered merchandise or service was not received,2025-11-13 04:31:44,5319.41,500.0,250.0,2025-11-25 04:31:44,12,contested,won,2025-11-27 04:31:44,6,4,4,0,0.7266666666666667,6,0,1.0,5319.41,credit_card,desktop_web,footwear,291,4,13327.58,2,0,20,193,0,2,0.0242,60.64,auth_failed,none,3,0,0.0,38.62,failed,failed,0.0,0.0,0,d2c_brand,fashion_apparel,medium,website,physical_delivery,0,0,0.8025419126744096,1,1,42,0.0177,12.0,12.833333333333334
DSP001284,TXN0078797,M000189,C000034,Visa,MERCHANDISE_NOT_RECEIVED,Cardholder claims ordered merchandise or service was not received,2025-12-10 00:17:13,430.65,500.0,250.0,2025-12-31 00:17:13,21,contested,won,2026-01-10 00:17:13,1,1,0,1,0.14166666666666666,1,2,0.0,430.65,debit_card,payment_link,food_item,434,9,3569.69,0,1,5,264,0,2,0.0111,11.37,authenticated_3ds,3ds_v2,1,0,0.0,0.99,delivered,delivered,1.0,1.0,0,food_local_commerce,gourmet_food,enterprise,website,food_delivery,0,0,0.8257941627715155,1,1,116,0.0156,21.0,39.541666666666664
DSP001285,TXN0079011,M000002,C000038,Visa,MERCHANDISE_NOT_AS_DESCRIBED,"Cardholder claims merchandise arrived damaged, defective, or not as described",2025-11-26 09:18:08,5767.37,500.0,250.0,2025-12-13 09:18:08,17,contested,won,2025-12-27 09:18:08,3,2,2,0,0.3516666666666666,3,0,1.0,5767.37,credit_card,desktop_web,footwear,185,14,63337.21,5,0,17,115,0,11,0.0837,9.16,authenticated_3ds,3ds_v2,1,0,0.0,12.9,delivered,delivered,1.0,1.0,1,d2c_brand,footwear,enterprise,website,physical_delivery,0,0,0.65,1,1,60,0.025,17.0,25.416666666666668
DSP001286,TXN0079021,M000351,C000045,RuPay,MERCHANDISE_NOT_RECEIVED,Cardholder claims ordered merchandise or service was not received,2025-11-30 16:56:21,470.82,450.0,225.0,2025-12-17 16:56:21,17,contested,won,2025-12-31 16:56:21,3,1,1,0,0.3866666666666667,3,0,1.0,470.82,credit_card,desktop_web,food_item,139,28,13665.84,0,2,3,131,0,12,0.2511,0.84,authenticated_otp,sms_otp,1,0,0.0,0.8,delivered,delivered,1.0,1.0,0,food_local_commerce,local_restaurant,enterprise,website,food_delivery,0,0,0.8635093650867643,0,0,107,0.0252,17.0,29.708333333333332
DSP001287,TXN0079024,M000283,C000065,Visa,MERCHANDISE_NOT_RECEIVED,Cardholder claims ordered merchandise or service was not received,2025-11-09 18:12:58,1592.91,15.0,7.5,2025-11-30 18:12:58,21,contested,won,2025-11-21 18:12:58,6,4,4,0,0.8416666666666667,6,0,1.0,1592.91,credit_card,mobile_app,fashion_apparel,345,33,85251.17,5,2,2,127,0,28,0.2007,646.77,authenticated_3ds,3ds_v2,1,1,1.0,33.01,delivered,delivered,1.0,1.0,0,online_marketplace_retailer,beauty_marketplace,enterprise,website,physical_delivery,0,0,0.8701966877257703,1,1,76,0.0126,21.0,8.75
DSP001288,TXN0079030,M000363,C000098,Mastercard,UNAUTHORIZED_TRANSACTION,Cardholder claims transaction was unauthorized or fraudulent,2025-11-19 12:06:26,699.84,0.0,0.0,2025-11-29 12:06:26,10,accepted,accepted_refunded,,6,3,3,0,0.7466666666666667,6,0,1.0,699.84,credit_card,payment_link,fashion_apparel,354,9,5997.39,3,1,6,329,0,5,0.01,17.74,authenticated_3ds,3ds_v2,1,0,0.0,8.98,failed,failed,0.0,0.0,0,online_marketplace_retailer,multi_category_retail,enterprise,website,physical_delivery,1,0,0.8940230241424958,1,1,84,0.0116,10.0,18.458333333333332
DSP001289,TXN0079130,M000162,C000025,Visa,UNAUTHORIZED_TRANSACTION,Cardholder claims transaction was unauthorized or fraudulent,2025-11-11 10:48:04,7010.85,500.0,250.0,2025-11-26 10:48:04,15,contested,won,2025-11-27 10:48:04,3,3,3,0,0.3566666666666667,3,0,1.0,7010.85,credit_card,pos_qr,hotel_stay,149,23,336353.25,0,0,0,97,0,11,0.0291,66.36,password_authenticated,password,1,0,,,fulfilled,,,,0,travel_hospitality,travel_agency,medium,website,booking_service,0,0,0.8761619615328717,1,1,82,0.0356,15.0,10.041666666666666
DSP001290,TXN0079213,M000112,C000076,Mastercard,UNAUTHORIZED_TRANSACTION,Cardholder claims transaction was unauthorized or fraudulent,2025-12-10 02:26:51,2238.95,450.0,225.0,2025-12-23 02:26:51,13,contested,lost,2025-12-26 02:26:51,5,3,3,0,0.6733333333333333,5,1,1.0,2238.95,credit_card,desktop_web,footwear,160,10,13209.97,5,1,27,62,0,10,0.1077,1.64,authenticated_otp,sms_otp,1,0,0.0,16.34,delivered,delivered,1.0,0.0,0,d2c_brand,home_lifestyle,medium,website,physical_delivery,0,0,0.8755551138543048,1,1,47,0.0134,13.0,38.541666666666664
DSP001291,TXN0079250,M000003,C000097,Visa,UNAUTHORIZED_TRANSACTION,Cardholder claims transaction was unauthorized or fraudulent,2025-11-29 14:23:06,2149.06,0.0,0.0,2025-12-09 14:23:06,10,accepted,accepted_refunded,,3,3,1,2,0.35833333333333334,3,3,0.3333333333333333,2149.06,credit_card,payment_link,mentorship,83,2,6888.25,0,0,39,0,1,1,0.0552,9.05,password_authenticated,password,1,0,,,fulfilled,,,,0,education_coaching,exam_prep,enterprise,"website, app",digital_service,0,1,0.4,1,0,99,0.025,10.0,27.958333333333332
DSP001292,TXN0079426,M000252,C000101,Visa,MERCHANDISE_NOT_RECEIVED,Cardholder claims ordered merchandise or service was not received,2025-12-13 10:06:55,3645.83,500.0,250.0,2025-12-23 10:06:55,10,contested,won,2025-12-20 10:06:55,6,4,4,0,0.8283333333333333,6,0,1.0,3645.83,credit_card,payment_link,fashion_apparel,148,5,21752.52,2,0,19,0,1,1,0.0118,16.09,authenticated_3ds,3ds_v2,1,0,0.0,10.4,delivered,delivered,1.0,0.0,0,online_marketplace_retailer,specialty_goods,enterprise,mobile_app,physical_delivery,0,0,0.8966654819043669,1,1,34,0.012,10.0,41.208333333333336
DSP001293,TXN0079464,M000103,C000019,RuPay,MERCHANDISE_NOT_AS_DESCRIBED,"Cardholder claims merchandise arrived damaged, defective, or not as described",2025-12-11 20:48:52,5536.66,0.0,0.0,2025-12-23 20:48:52,12,accepted,accepted_refunded,,6,3,3,0,0.6966666666666667,6,0,1.0,5536.66,credit_card,payment_link,footwear,65,13,50576.41,5,1,29,31,0,3,0.01,9.51,authenticated_3ds,3ds_v2,1,0,1.0,7.32,delivered,delivered,1.0,1.0,0,d2c_brand,fashion_apparel,medium,website,physical_delivery,0,0,0.8025419126744096,1,1,42,0.0177,12.0,39.541666666666664
DSP001294,TXN0079514,M000002,C000014,Visa,UNAUTHORIZED_TRANSACTION,Cardholder claims transaction was unauthorized or fraudulent,2025-12-09 08:10:03,3410.66,500.0,250.0,2025-12-23 08:10:03,14,contested,lost,2025-12-16 08:10:03,2,3,2,1,0.285,2,1,0.6666666666666666,3410.66,credit_card,pos_qr,footwear,419,42,182715.58,16,0,2,198,0,2,0.01,5.11,authenticated_3ds,3ds_v2,1,0,1.0,38.29,delivered,delivered,1.0,1.0,1,d2c_brand,footwear,enterprise,website,physical_delivery,0,0,0.65,1,1,60,0.025,14.0,36.916666666666664
DSP001295,TXN0079515,M000329,C000045,Visa,MERCHANDISE_NOT_AS_DESCRIBED,"Cardholder claims merchandise arrived damaged, defective, or not as described",2025-11-23 13:11:30,6568.21,500.0,250.0,2025-12-05 13:11:30,12,contested,won,2026-01-01 13:11:30,6,3,3,0,0.7999999999999999,6,0,1.0,6568.21,credit_card,payment_link,cosmetics_kit,404,10,36226.88,0,0,55,380,0,10,0.01,3.31,password_authenticated,password,1,0,0.0,29.23,delivered,delivered,1.0,1.0,1,online_marketplace_retailer,beauty_marketplace,medium,mobile_app,physical_delivery,0,0,0.8954865280663193,1,1,58,0.0048,12.0,21.125
DSP001296,TXN0079629,M000003,C000070,Mastercard,UNAUTHORIZED_TRANSACTION,Cardholder claims transaction was unauthorized or fraudulent,2025-11-15 15:58:40,1541.07,0.0,0.0,2025-12-01 15:58:40,16,accepted,accepted_refunded,,5,3,3,0,0.5533333333333333,5,1,1.0,1541.07,debit_card,pos_qr,exam_course,119,1,1545.0,0,0,245,39,0,1,0.01,8.33,authenticated_otp,sms_otp,1,0,,,fulfilled,,,,0,education_coaching,exam_prep,enterprise,"website, app",digital_service,0,1,0.4,1,0,99,0.025,16.0,13.0
DSP001297,TXN0079674,M000277,C000011,Mastercard,DUPLICATE_TRANSACTION,Cardholder claims single purchase was billed multiple times,2025-12-02 22:51:06,4459.81,500.0,250.0,2025-12-16 22:51:06,14,contested,won,2025-12-12 22:51:06,3,2,2,0,0.365,3,0,1.0,4459.81,credit_card,mobile_app,saas_plan,174,1,11074.73,0,0,26,27,0,1,0.01,18.46,authenticated_3ds,3ds_v2,1,0,,,fulfilled,,,,0,digital_saas,developer_tools,medium,website,digital_service,1,0,0.8867072318580104,1,1,58,0.019,14.0,30.208333333333332
DSP001298,TXN0079723,M000061,C000026,Visa,RECURRING_BILLING_DISPUTE,Cardholder claims recurring subscription billing was canceled or unauthorized,2025-11-20 07:34:56,523.98,0.0,0.0,2025-12-02 07:34:56,12,accepted,accepted_refunded,,4,3,2,1,0.49833333333333335,4,2,0.6666666666666666,523.98,credit_card,payment_link,home_decor,431,8,7108.51,1,0,4,44,0,7,0.01,2.11,authenticated_3ds,3ds_v2,1,0,0.0,7.78,delivered,delivered,1.0,1.0,0,online_marketplace_retailer,electronics_hub,enterprise,omnichannel,physical_delivery,0,0,0.8088492502051919,1,1,75,0.0125,12.0,17.5
DSP001299,TXN0079789,M000287,C000091,Visa,UNAUTHORIZED_TRANSACTION,Cardholder claims transaction was unauthorized or fraudulent,2025-11-26 18:18:23,1222.92,0.0,0.0,2025-12-16 18:18:23,20,accepted,accepted_refunded,,3,3,1,2,0.4066666666666667,3,3,0.3333333333333333,1222.92,credit_card,mobile_app,electronic_accessory,160,1,1297.52,0,0,245,97,0,1,0.01,31.13,authenticated_3ds,3ds_v2,1,0,0.0,39.01,delivered,delivered,1.0,0.0,0,online_marketplace_retailer,specialty_goods,enterprise,mobile_app,physical_delivery,0,0,0.8375582952639944,1,1,78,0.0144,20.0,23.833333333333332
DSP001300,TXN0079816,M000003,C000093,Mastercard,MERCHANDISE_NOT_RECEIVED,Cardholder claims ordered merchandise or service was not received,2025-11-29 20:58:37,2560.93,0.0,0.0,2025-12-15 20:58:37,16,accepted,accepted_refunded,,3,4,3,1,0.37166666666666665,3,3,0.75,2560.93,debit_card,mobile_app,study_material,471,10,25854.84,0,1,3,0,1,1,0.0812,11.76,password_authenticated,password,1,0,,,fulfilled,,,,0,education_coaching,exam_prep,enterprise,"website, app",digital_service,0,1,0.4,1,0,99,0.025,16.0,26.833333333333332
DSP001301,TXN0079821,M000267,C000023,RuPay,MERCHANDISE_NOT_AS_DESCRIBED,"Cardholder claims merchandise arrived damaged, defective, or not as described",2025-12-14 13:35:59,12024.38,500.0,250.0,2025-12-24 13:35:59,10,contested,lost,2026-01-03 13:35:59,2,2,1,1,0.2233333333333333,2,1,0.5,12024.38,credit_card,desktop_web,car_rental,292,11,107272.97,0,1,0,158,0,2,0.01,1.02,authenticated_3ds,3ds_v2,1,0,,,fulfilled,,,,0,travel_hospitality,tour_packages,medium,website,booking_service,0,1,0.8140084015236524,1,1,77,0.032,10.0,41.416666666666664
DSP001302,TXN0080021,M000004,C000108,Mastercard,MERCHANDISE_NOT_RECEIVED,Cardholder claims ordered merchandise or service was not received,2025-12-14 16:29:58,12167.85,500.0,250.0,2025-12-28 16:29:58,14,contested,won,2026-01-07 16:29:58,2,1,1,0,0.23500000000000001,2,1,1.0,12167.85,credit_card,desktop_web,hotel_stay,165,2,17058.45,0,1,243,16,0,1,0.06,2.32,authenticated_otp,sms_otp,1,0,,,fulfilled,,,,0,travel_hospitality,travel_agency,enterprise,"website, app",booking_service,0,0,0.3,1,1,68,0.0353,14.0,41.0
DSP001303,TXN0080044,M000384,C000009,RuPay,DUPLICATE_TRANSACTION,Cardholder claims single purchase was billed multiple times,2025-11-12 11:38:53,5411.83,500.0,250.0,2025-12-01 11:38:53,19,contested,won,2025-11-24 11:38:53,2,2,2,0,0.2733333333333334,2,1,1.0,5411.83,credit_card,desktop_web,saas_plan,248,14,46125.85,0,0,82,192,0,14,0.0726,5.22,authenticated_otp,sms_otp,1,0,,,fulfilled,,,,0,digital_saas,productivity_tools,medium,website,digital_service,1,1,0.57818547747734,1,1,87,0.0229,19.0,8.75
DSP001304,TXN0080077,M000299,C000005,Mastercard,UNAUTHORIZED_TRANSACTION,Cardholder claims transaction was unauthorized or fraudulent,2025-11-25 19:09:39,20112.18,0.0,0.0,2025-12-10 19:09:39,15,accepted,accepted_refunded,,2,3,2,1,0.19999999999999998,2,1,0.6666666666666666,20112.18,credit_card,pos_qr,car_rental,183,20,491956.22,0,0,16,147,0,5,0.1026,30.6,authenticated_otp,sms_otp,1,0,,,fulfilled,,,,0,travel_hospitality,tour_packages,small,mobile_app,booking_service,0,1,0.3127060512651884,0,0,38,0.034,15.0,22.0
DSP001305,TXN0080091,M000148,C000039,Visa,MERCHANDISE_NOT_RECEIVED,Cardholder claims ordered merchandise or service was not received,2025-12-02 19:01:11,543.28,500.0,250.0,2025-12-17 19:01:11,15,contested,won,2026-01-10 19:01:11,1,1,0,1,0.105,1,2,0.0,543.28,credit_card,pos_qr,food_item,608,26,13571.81,0,1,1,417,0,7,0.0676,18.49,authenticated_otp,sms_otp,1,0,0.0,0.92,delivered,delivered,1.0,1.0,0,food_local_commerce,cloud_kitchen,medium,mobile_app,food_delivery,0,0,0.8300878309816769,1,0,7,0.0299,15.0,28.958333333333332
DSP001306,TXN0080204,M000095,C000001,Visa,MERCHANDISE_NOT_RECEIVED,Cardholder claims ordered merchandise or service was not received,2025-11-16 09:55:04,5591.02,0.0,0.0,2025-12-05 09:55:04,19,accepted,accepted_refunded,,2,1,0,1,0.27166666666666667,2,1,0.0,5591.02,debit_card,desktop_web,exam_course,351,14,84526.48,0,0,31,0,1,1,0.0819,16.45,password_authenticated,password,1,0,,,fulfilled,,,,0,education_coaching,exam_prep,micro,website,digital_service,1,1,0.3119594245938301,0,1,10,0.0346,19.0,12.0
DSP001307,TXN0080354,M000207,C000005,RuPay,MERCHANDISE_NOT_RECEIVED,Cardholder claims ordered merchandise or service was not received,2025-11-10 03:43:57,778.89,0.0,0.0,2025-11-22 03:43:57,12,accepted,accepted_refunded,,2,4,2,2,0.2583333333333333,2,4,0.5,778.89,credit_card,desktop_web,fashion_apparel,271,5,2500.92,0,0,74,75,0,3,0.01,20.9,authenticated_otp,sms_otp,1,0,0.0,37.66,failed,failed,0.0,0.0,0,individual_social_seller,crochet_accessories,micro,payment_links,physical_delivery,0,0,0.5661628714094613,0,1,66,0.0146,12.0,5.375
DSP001308,TXN0080422,M000237,C000040,Visa,RECURRING_BILLING_DISPUTE,Cardholder claims recurring subscription billing was canceled or unauthorized,2025-11-13 20:58:12,1967.78,500.0,250.0,2025-11-26 20:58:12,13,contested,lost,2025-12-22 20:58:12,6,3,3,0,0.7399999999999999,6,0,1.0,1967.78,credit_card,pos_qr,footwear,480,31,64162.48,15,1,4,379,0,3,0.2602,445.12,authenticated_otp,sms_otp,1,1,1.0,41.6,delivered,delivered,1.0,1.0,1,d2c_brand,home_lifestyle,medium,omnichannel,physical_delivery,0,0,0.8576903884626359,1,1,75,0.0146,13.0,8.916666666666666
DSP001309,TXN0080424,M000001,C000106,Visa,MERCHANDISE_NOT_AS_DESCRIBED,"Cardholder claims merchandise arrived damaged, defective, or not as described",2025-12-11 22:14:20,689.62,0.0,0.0,2025-12-30 22:14:20,19,accepted,accepted_refunded,,4,3,2,1,0.5116666666666666,4,2,0.6666666666666666,689.62,credit_card,mobile_app,home_decor,256,7,8678.88,0,0,23,126,0,4,0.01,14.46,authenticated_otp,sms_otp,1,0,0.0,15.0,delivered,delivered,0.0,0.0,0,individual_social_seller,crochet_accessories,medium,"Instagram, WhatsApp, payment links",physical_delivery,0,0,0.9,0,1,13,0.025,19.0,36.958333333333336
DSP001310,TXN0080475,M000343,C000042,Mastercard,MERCHANDISE_NOT_AS_DESCRIBED,"Cardholder claims merchandise arrived damaged, defective, or not as described",2025-11-26 18:31:33,1073.34,0.0,0.0,2025-12-15 18:31:33,19,accepted,accepted_refunded,,4,3,2,1,0.53,4,2,0.6666666666666666,1073.34,debit_card,payment_link,footwear,466,22,34747.77,7,0,4,171,0,1,0.01,27.91,authenticated_3ds,3ds_v2,1,0,0.0,29.14,delivered,delivered,1.0,1.0,0,d2c_brand,electronics,medium,omnichannel,physical_delivery,0,0,0.8474173829087325,1,0,10,0.0093,19.0,21.458333333333332
DSP001311,TXN0080534,M000250,C000033,Visa,DUPLICATE_TRANSACTION,Cardholder claims single purchase was billed multiple times,2025-12-02 17:46:58,6415.8,0.0,0.0,2025-12-15 17:46:58,13,accepted,accepted_refunded,,3,2,2,0,0.36166666666666664,3,0,1.0,6415.8,credit_card,desktop_web,saas_plan,206,3,31509.0,0,0,34,184,0,1,0.0328,7.98,password_authenticated,password,1,0,,,fulfilled,,,,0,digital_saas,developer_tools,medium,website,digital_service,1,0,0.6428318562587725,1,1,99,0.0187,13.0,27.291666666666668
DSP001312,TXN0080553,M000318,C000001,RuPay,MERCHANDISE_NOT_AS_DESCRIBED,"Cardholder claims merchandise arrived damaged, defective, or not as described",2025-11-28 04:38:40,1300.86,500.0,250.0,2025-12-09 04:38:40,11,contested,won,2025-12-23 04:38:40,6,3,3,0,0.7316666666666666,6,0,1.0,1300.86,credit_card,pos_qr,footwear,473,17,27142.81,6,2,48,42,0,2,0.3041,567.33,authenticated_3ds,3ds_v2,1,1,1.0,44.32,delivered,delivered,1.0,1.0,0,d2c_brand,home_lifestyle,small,website,physical_delivery,0,1,0.8962648414677925,0,1,19,0.0174,11.0,22.708333333333332
DSP001313,TXN0080608,M000002,C000104,Visa,RECURRING_BILLING_DISPUTE,Cardholder claims recurring subscription billing was canceled or unauthorized,2025-11-18 16:42:42,4155.44,500.0,250.0,2025-12-02 16:42:42,14,contested,lost,2025-12-11 16:42:42,1,3,1,2,0.11,1,2,0.3333333333333333,4155.44,credit_card,pos_qr,footwear,286,7,31200.24,2,0,13,255,0,5,0.0569,21.69,authenticated_3ds,3ds_v2,1,0,0.0,42.52,delivered,delivered,1.0,1.0,0,d2c_brand,footwear,enterprise,website,physical_delivery,0,0,0.65,1,1,60,0.025,14.0,13.083333333333334
DSP001314,TXN0080641,M000379,C000007,Visa,RECURRING_BILLING_DISPUTE,Cardholder claims recurring subscription billing was canceled or unauthorized,2025-12-09 00:22:07,13690.4,500.0,250.0,2025-12-26 00:22:07,17,contested,lost,2026-01-08 00:22:07,2,3,2,1,0.265,2,1,0.6666666666666666,13690.4,credit_card,desktop_web,saas_plan,177,17,207985.77,0,0,4,45,0,15,0.01,10.57,authenticated_3ds,3ds_v2,1,0,,,fulfilled,,,,0,digital_saas,productivity_tools,medium,website,digital_service,1,1,0.8071188648460229,0,1,44,0.0208,17.0,33.333333333333336
DSP001315,TXN0080654,M000200,C000005,Visa,UNAUTHORIZED_TRANSACTION,Cardholder claims transaction was unauthorized or fraudulent,2025-11-27 04:58:47,20628.94,450.0,225.0,2025-12-13 04:58:47,16,contested,lost,2026-01-05 04:58:47,3,3,3,0,0.33666666666666667,3,0,1.0,20628.94,credit_card,mobile_app,exam_course,213,22,336199.81,0,1,8,73,0,12,0.01,11.35,authenticated_3ds,3ds_v2,1,0,,,fulfilled,,,,0,education_coaching,edtech_courses,small,mobile_app,digital_service,1,0,0.334920957461266,1,1,62,0.0311,16.0,21.5
DSP001316,TXN0080663,M000003,C000006,Visa,CREDIT_NOT_PROCESSED,Cardholder claims promised credit or refund was not posted,2025-12-18 03:24:04,3755.74,500.0,250.0,2026-01-02 03:24:04,15,contested,won,2025-12-27 03:24:04,4,3,3,0,0.455,4,2,1.0,3755.74,credit_card,payment_link,exam_course,48,4,11651.39,0,0,25,0,1,1,0.0223,8.53,authenticated_3ds,3ds_v2,1,0,,,fulfilled,,,,0,education_coaching,exam_prep,enterprise,"website, app",digital_service,0,1,0.4,1,0,99,0.025,15.0,42.416666666666664
DSP001317,TXN0080673,M000001,C000127,Mastercard,UNAUTHORIZED_TRANSACTION,Cardholder claims transaction was unauthorized or fraudulent,2025-12-18 13:58:54,698.26,500.0,250.0,2025-12-28 13:58:54,10,contested,lost,2025-12-25 13:58:54,6,3,3,0,0.7949999999999999,6,0,1.0,698.26,debit_card,payment_link,crochet_toy,28,4,3200.47,0,0,86,0,1,1,0.0172,26.36,authenticated_3ds,3ds_v2,1,0,0.0,40.87,delivered,delivered,1.0,1.0,0,individual_social_seller,crochet_accessories,medium,"Instagram, WhatsApp, payment links",physical_delivery,0,0,0.9,0,1,13,0.025,10.0,42.833333333333336
DSP001318,TXN0080733,M000005,C000050,Visa,DUPLICATE_TRANSACTION,Cardholder claims single purchase was billed multiple times,2025-11-17 23:55:19,11666.56,0.0,0.0,2025-12-01 23:55:19,14,accepted,accepted_refunded,,3,2,2,0,0.385,3,0,1.0,11666.56,credit_card,payment_link,saas_plan,282,13,156651.54,0,0,19,34,0,13,0.01,12.68,password_authenticated,password,1,0,,,fulfilled,,,,0,digital_saas,b2b_software,medium,website,digital_service,1,0,0.5874540118847362,1,0,46,0.025,14.0,12.125
DSP001319,TXN0080779,M000342,C000044,Visa,CREDIT_NOT_PROCESSED,Cardholder claims promised credit or refund was not posted,2025-11-23 16:31:16,1437.28,0.0,0.0,2025-12-10 16:31:16,17,accepted,accepted_refunded,,4,3,3,0,0.5333333333333333,4,2,1.0,1437.28,credit_card,pos_qr,cosmetics_kit,695,19,32986.22,6,0,23,230,0,16,0.01,10.6,authenticated_3ds,3ds_v2,1,0,0.0,43.9,delivered,delivered,1.0,1.0,1,online_marketplace_retailer,multi_category_retail,medium,website,physical_delivery,0,0,0.6203657859380023,1,1,112,0.0137,17.0,17.5
DSP001320,TXN0080876,M000123,C000011,Visa,CREDIT_NOT_PROCESSED,Cardholder claims promised credit or refund was not posted,2025-12-14 00:46:25,5004.36,500.0,250.0,2025-12-25 00:46:25,11,contested,lost,2026-01-17 00:46:25,4,3,3,0,0.4683333333333333,4,2,1.0,5004.36,credit_card,mobile_app,footwear,167,4,17335.83,1,0,123,111,0,2,0.01,19.72,authenticated_otp,sms_otp,1,0,0.0,15.03,delivered,delivered,0.0,0.0,1,d2c_brand,electronics,medium,website,physical_delivery,0,0,0.6392558998489978,1,1,74,0.0068,11.0,37.583333333333336
DSP001321,TXN0080897,M000384,C000003,Visa,MERCHANDISE_NOT_AS_DESCRIBED,"Cardholder claims merchandise arrived damaged, defective, or not as described",2025-11-21 23:37:36,6200.2,450.0,225.0,2025-12-06 23:37:36,15,contested,lost,2025-12-28 23:37:36,3,2,2,0,0.4166666666666667,3,0,1.0,6200.2,debit_card,pos_qr,saas_plan,94,3,9182.04,0,0,191,25,0,2,0.0253,1.97,authenticated_otp,sms_otp,1,0,,,fulfilled,,,,0,digital_saas,productivity_tools,medium,website,digital_service,1,1,0.57818547747734,1,1,87,0.0229,15.0,15.5
DSP001322,TXN0080945,M000063,C000004,RuPay,MERCHANDISE_NOT_AS_DESCRIBED,"Cardholder claims merchandise arrived damaged, defective, or not as described",2025-11-16 21:49:42,5488.99,500.0,250.0,2025-12-03 21:49:42,17,contested,lost,2025-12-06 21:49:42,2,2,2,0,0.29333333333333333,2,1,1.0,5488.99,credit_card,desktop_web,saas_plan,663,20,127239.75,0,2,4,411,0,9,0.5781,4.02,authenticated_otp,sms_otp,1,0,,,fulfilled,,,,0,digital_saas,productivity_tools,medium,website,digital_service,1,1,0.8045227288910538,1,1,118,0.0198,17.0,10.333333333333334
DSP001323,TXN0080994,M000185,C000049,Visa,MERCHANDISE_NOT_RECEIVED,Cardholder claims ordered merchandise or service was not received,2025-11-30 10:35:07,3606.13,500.0,250.0,2025-12-10 10:35:07,10,contested,won,2025-12-30 10:35:07,6,4,4,0,0.6433333333333333,6,0,1.0,3606.13,credit_card,payment_link,footwear,147,9,32474.73,3,0,29,34,0,3,0.01,5.06,authenticated_otp,sms_otp,1,0,0.0,12.52,delivered,delivered,1.0,0.0,0,d2c_brand,electronics,medium,omnichannel,physical_delivery,0,1,0.8341066351050258,1,1,116,0.0141,10.0,23.75
DSP001324,TXN0081087,M000289,C000022,RuPay,CREDIT_NOT_PROCESSED,Cardholder claims promised credit or refund was not posted,2025-12-07 13:30:58,2425.01,0.0,0.0,2025-12-20 13:30:58,13,accepted,accepted_refunded,,6,3,3,0,0.7883333333333332,6,0,1.0,2425.01,debit_card,pos_qr,footwear,420,12,71474.04,5,0,27,417,0,5,0.01,18.48,authenticated_otp,sms_otp,1,0,0.0,46.12,delivered,delivered,1.0,1.0,1,d2c_brand,footwear,medium,omnichannel,physical_delivery,0,0,0.8578280140996174,1,0,100,0.0059,13.0,30.625
DSP001325,TXN0081277,M000196,C000061,Mastercard,CREDIT_NOT_PROCESSED,Cardholder claims promised credit or refund was not posted,2025-12-20 19:21:47,5690.83,500.0,250.0,2025-12-31 19:21:47,11,contested,lost,2026-01-24 19:21:47,3,3,2,1,0.3333333333333333,3,3,0.6666666666666666,5690.83,credit_card,mobile_app,footwear,342,18,85274.97,9,0,10,315,0,1,0.2896,529.5,authenticated_otp,sms_otp,1,1,1.0,28.35,failed,failed,0.0,0.0,0,d2c_brand,footwear,medium,omnichannel,physical_delivery,0,0,0.6397215757953326,1,1,11,0.0171,11.0,43.208333333333336
DSP001326,TXN0081322,M000092,C000013,Visa,UNAUTHORIZED_TRANSACTION,Cardholder claims transaction was unauthorized or fraudulent,2025-12-07 08:45:34,6896.54,0.0,0.0,2025-12-20 08:45:34,13,accepted,accepted_refunded,,1,3,1,2,0.11,1,2,0.3333333333333333,6896.54,debit_card,desktop_web,test_series,231,3,18239.21,0,0,12,175,0,3,0.0123,10.23,authenticated_otp,sms_otp,1,0,,,fulfilled,,,,0,education_coaching,edtech_courses,small,mobile_app,digital_service,1,0,0.3637557471355213,0,1,99,0.0139,13.0,29.666666666666668
DSP001327,TXN0081382,M000001,C000093,Mastercard,UNAUTHORIZED_TRANSACTION,Cardholder claims transaction was unauthorized or fraudulent,2025-11-30 00:04:23,1180.58,0.0,0.0,2025-12-13 00:04:23,13,accepted,accepted_refunded,,6,3,3,0,0.8266666666666667,6,0,1.0,1180.58,debit_card,desktop_web,home_decor,279,7,7250.66,2,0,1,35,0,3,0.01,10.34,authenticated_3ds,3ds_v2,1,0,1.0,1.13,delivered,delivered,1.0,1.0,1,individual_social_seller,crochet_accessories,medium,"Instagram, WhatsApp, payment links",physical_delivery,0,0,0.9,0,1,13,0.025,13.0,22.208333333333332
DSP001328,TXN0081397,M000003,C000068,Mastercard,DUPLICATE_TRANSACTION,Cardholder claims single purchase was billed multiple times,2025-11-21 18:02:47,4051.9,0.0,0.0,2025-12-07 18:02:47,16,accepted,accepted_refunded,,2,2,0,2,0.21833333333333335,2,4,0.0,4051.9,credit_card,payment_link,exam_course,66,4,21791.28,0,0,182,0,1,1,0.1677,0.23,authenticated_3ds,3ds_v2,1,0,,,fulfilled,,,,0,education_coaching,exam_prep,enterprise,"website, app",digital_service,0,1,0.4,1,0,99,0.025,16.0,13.916666666666666
DSP001329,TXN0081499,M000001,C000045,Visa,CREDIT_NOT_PROCESSED,Cardholder claims promised credit or refund was not posted,2025-11-16 07:24:17,998.8,500.0,250.0,2025-12-06 07:24:17,20,contested,won,2025-12-02 07:24:17,6,3,3,0,0.6866666666666666,6,0,1.0,998.8,debit_card,pos_qr,fashion_apparel,61,3,3667.12,0,0,4,44,0,2,0.1182,25.13,authenticated_3ds,3ds_v2,1,0,0.0,44.22,delivered,delivered,1.0,1.0,0,individual_social_seller,crochet_accessories,medium,"Instagram, WhatsApp, payment links",physical_delivery,0,0,0.9,0,1,13,0.025,20.0,7.958333333333333
DSP001330,TXN0081576,M000272,C000001,Visa,CREDIT_NOT_PROCESSED,Cardholder claims promised credit or refund was not posted,2025-12-10 15:28:23,9620.63,500.0,250.0,2025-12-27 15:28:23,17,contested,lost,2026-01-14 15:28:23,2,3,2,1,0.26,2,1,0.6666666666666666,9620.63,credit_card,pos_qr,saas_plan,112,26,279836.63,0,0,13,0,1,1,0.01,35.06,authenticated_3ds,3ds_v2,1,0,,,fulfilled,,,,0,digital_saas,developer_tools,medium,website,digital_service,1,0,0.8702484083987109,1,1,115,0.0084,17.0,32.166666666666664
DSP001331,TXN0081582,M000003,C000172,Visa,UNAUTHORIZED_TRANSACTION,Cardholder claims transaction was unauthorized or fraudulent,2025-11-20 07:42:19,2728.71,0.0,0.0,2025-12-07 07:42:19,17,accepted,accepted_refunded,,5,3,2,1,0.5916666666666667,5,1,0.6666666666666666,2728.71,credit_card,mobile_app,exam_course,422,11,29223.9,0,1,2,322,0,2,0.01,32.59,password_authenticated,password,1,0,,,fulfilled,,,,0,education_coaching,exam_prep,enterprise,"website, app",digital_service,0,1,0.4,1,0,99,0.025,17.0,11.833333333333334
DSP001332,TXN0081686,M000021,C000060,Mastercard,CREDIT_NOT_PROCESSED,Cardholder claims promised credit or refund was not posted,2025-11-24 05:08:09,596.24,500.0,250.0,2025-12-15 05:08:09,21,contested,won,2025-12-14 05:08:09,3,3,3,0,0.37333333333333335,3,0,1.0,596.24,debit_card,desktop_web,food_item,196,7,4600.87,0,0,184,110,0,4,0.0457,0.99,authenticated_3ds,3ds_v2,1,0,0.0,0.79,delivered,delivered,0.0,0.0,0,food_local_commerce,cloud_kitchen,enterprise,website,food_delivery,0,0,0.8304242242959538,1,1,24,0.0134,21.0,15.541666666666666
DSP001333,TXN0081765,M000197,C000007,Visa,MERCHANDISE_NOT_RECEIVED,Cardholder claims ordered merchandise or service was not received,2025-11-24 16:20:35,9309.27,500.0,250.0,2025-12-13 16:20:35,19,contested,won,2026-01-02 16:20:35,3,1,1,0,0.32666666666666666,3,0,1.0,9309.27,credit_card,mobile_app,study_material,164,20,262036.27,0,2,15,11,0,4,0.01,3.5,authenticated_3ds,3ds_v2,1,0,,,fulfilled,,,,0,education_coaching,exam_prep,small,website,digital_service,0,0,0.390041805716333,0,1,53,0.0326,19.0,15.875
DSP001334,TXN0081828,M000388,C000042,Visa,MERCHANDISE_NOT_RECEIVED,Cardholder claims ordered merchandise or service was not received,2025-11-19 21:28:17,2414.96,500.0,250.0,2025-12-06 21:28:17,17,contested,lost,2025-12-30 21:28:17,4,4,3,1,0.5583333333333333,4,2,0.75,2414.96,credit_card,pos_qr,footwear,53,4,6194.49,2,0,37,28,0,4,0.1748,36.21,auth_failed,sms_otp,4,0,0.0,46.96,failed,failed,0.0,0.0,0,d2c_brand,fashion_apparel,medium,omnichannel,physical_delivery,0,0,0.8877472013527052,0,1,11,0.016,17.0,10.916666666666666
DSP001335,TXN0081844,M000154,C000046,Visa,DUPLICATE_TRANSACTION,Cardholder claims single purchase was billed multiple times,2025-12-09 18:08:29,1584.74,0.0,0.0,2025-12-24 18:08:29,15,accepted,accepted_refunded,,5,2,2,0,0.505,5,1,1.0,1584.74,credit_card,desktop_web,cosmetics_kit,100,2,4440.02,0,0,128,47,0,1,0.0646,9.59,authenticated_otp,sms_otp,1,0,0.0,18.51,delivered,delivered,1.0,1.0,1,online_marketplace_retailer,electronics_hub,enterprise,omnichannel,physical_delivery,1,0,0.5778646464236611,1,0,15,0.005,15.0,30.666666666666668
DSP001336,TXN0081877,M000280,C000005,Visa,MERCHANDISE_NOT_RECEIVED,Cardholder claims ordered merchandise or service was not received,2025-12-18 02:25:16,2485.39,500.0,250.0,2025-12-30 02:25:16,12,contested,won,2026-01-21 02:25:16,3,1,1,0,0.39999999999999997,3,0,1.0,2485.39,credit_card,mobile_app,saas_plan,264,19,91058.15,0,0,16,0,1,1,0.0664,11.76,authenticated_3ds,3ds_v2,1,0,,,fulfilled,,,,0,digital_saas,developer_tools,medium,website,digital_service,1,0,0.8501516294687199,1,1,23,0.0221,12.0,38.791666666666664
DSP001337,TXN0082080,M000289,C000007,Visa,MERCHANDISE_NOT_AS_DESCRIBED,"Cardholder claims merchandise arrived damaged, defective, or not as described",2025-12-23 01:31:03,5174.21,500.0,250.0,2026-01-13 01:31:03,21,contested,lost,2026-01-05 01:31:03,5,3,3,0,0.6216666666666667,5,1,1.0,5174.21,credit_card,mobile_app,footwear,256,3,14232.93,3,0,152,0,1,1,0.2784,109.01,authenticated_3ds,3ds_v2,1,1,1.0,4.63,delivered,delivered,1.0,0.0,0,d2c_brand,footwear,medium,omnichannel,physical_delivery,0,0,0.8578280140996174,1,0,100,0.0059,21.0,43.375
DSP001338,TXN0082099,M000003,C000008,Mastercard,CREDIT_NOT_PROCESSED,Cardholder claims promised credit or refund was not posted,2025-11-18 13:45:45,1362.05,0.0,0.0,2025-11-28 13:45:45,10,accepted,accepted_refunded,,4,3,1,2,0.49833333333333335,4,2,0.3333333333333333,1362.05,credit_card,mobile_app,exam_course,63,3,7798.08,0,0,149,55,0,2,0.01,16.52,authenticated_otp,sms_otp,1,0,,,fulfilled,,,,0,education_coaching,exam_prep,enterprise,"website, app",digital_service,0,1,0.4,1,0,99,0.025,10.0,8.833333333333334
DSP001339,TXN0082133,M000004,C000019,Mastercard,RECURRING_BILLING_DISPUTE,Cardholder claims recurring subscription billing was canceled or unauthorized,2025-11-19 14:59:05,12411.04,500.0,250.0,2025-12-06 14:59:05,17,contested,lost,2025-12-22 14:59:05,1,3,1,2,0.09999999999999999,1,2,0.3333333333333333,12411.04,credit_card,payment_link,hotel_stay,155,5,47188.57,0,0,2,64,0,2,0.2199,0.38,authenticated_3ds,3ds_v2,1,0,,,fulfilled,,,,0,travel_hospitality,travel_agency,enterprise,"website, app",booking_service,0,0,0.3,1,1,68,0.0353,17.0,9.833333333333334
DSP001340,TXN0082201,M000108,C000007,Visa,UNAUTHORIZED_TRANSACTION,Cardholder claims transaction was unauthorized or fraudulent,2025-11-26 08:49:05,10747.69,500.0,250.0,2025-12-13 08:49:05,17,contested,lost,2025-12-25 08:49:05,2,3,2,1,0.24,2,1,0.6666666666666666,10747.69,credit_card,desktop_web,exam_course,142,26,346816.37,0,0,1,118,0,12,0.1475,0.31,auth_failed,none,4,0,,,failed,,,,0,education_coaching,skill_bootcamp,small,mobile_app,digital_service,0,1,0.6008570691164703,1,0,46,0.0247,17.0,16.291666666666668
DSP001341,TXN0082292,M000178,C000030,Mastercard,UNAUTHORIZED_TRANSACTION,Cardholder claims transaction was unauthorized or fraudulent,2025-12-12 23:19:15,1212.12,0.0,0.0,2026-01-01 23:19:15,20,accepted,accepted_refunded,,4,3,2,1,0.5383333333333333,4,2,0.6666666666666666,1212.12,credit_card,mobile_app,home_decor,290,5,4124.79,0,0,22,0,1,1,0.5754,48.99,authenticated_otp,sms_otp,1,1,1.0,12.83,delivered,delivered,1.0,1.0,0,online_marketplace_retailer,multi_category_retail,enterprise,website,physical_delivery,0,1,0.5726495775197937,1,1,50,0.0076,20.0,32.541666666666664
DSP001342,TXN0082359,M000392,C000057,Mastercard,MERCHANDISE_NOT_AS_DESCRIBED,"Cardholder claims merchandise arrived damaged, defective, or not as described",2025-12-01 10:32:53,1008.26,500.0,250.0,2025-12-15 10:32:53,14,contested,won,2025-12-08 10:32:53,6,3,3,0,0.6816666666666666,6,0,1.0,1008.26,credit_card,mobile_app,fashion_apparel,155,3,3458.23,0,0,75,22,0,3,0.01,10.33,password_authenticated,password,1,0,0.0,34.23,delivered,delivered,1.0,0.0,1,online_marketplace_retailer,multi_category_retail,medium,website,physical_delivery,0,0,0.8177439543779723,1,1,119,0.0135,14.0,20.875
DSP001343,TXN0082400,M000075,C000005,Visa,UNAUTHORIZED_TRANSACTION,Cardholder claims transaction was unauthorized or fraudulent,2025-12-09 16:41:26,4203.57,0.0,0.0,2025-12-19 16:41:26,10,accepted,accepted_refunded,,2,3,2,1,0.24166666666666667,2,1,0.6666666666666666,4203.57,credit_card,payment_link,test_series,54,3,37286.1,0,0,7,38,0,1,0.01,36.38,authenticated_otp,sms_otp,1,0,,,fulfilled,,,,0,education_coaching,online_tutoring,small,website,digital_service,0,1,0.3772244769296657,0,1,23,0.0166,10.0,29.041666666666668
DSP001344,TXN0082418,M000371,C000002,Visa,MERCHANDISE_NOT_RECEIVED,Cardholder claims ordered merchandise or service was not received,2025-11-24 10:42:05,1638.17,0.0,0.0,2025-12-10 10:42:05,16,accepted,accepted_refunded,,5,4,3,1,0.6783333333333333,5,1,0.75,1638.17,credit_card,pos_qr,handicraft_item,44,1,2068.17,1,0,302,0,1,1,0.1647,9.64,authenticated_otp,sms_otp,1,0,0.0,3.35,delivered,delivered,1.0,0.0,0,individual_social_seller,jewelry,micro,instagram_whatsapp,physical_delivery,0,1,0.6461190563823914,1,0,78,0.022,16.0,13.75
DSP001345,TXN0082472,M000194,C000024,Visa,UNAUTHORIZED_TRANSACTION,Cardholder claims transaction was unauthorized or fraudulent,2025-12-20 08:09:31,6882.89,0.0,0.0,2026-01-01 08:09:31,12,accepted,accepted_refunded,,3,3,3,0,0.36333333333333334,3,0,1.0,6882.89,credit_card,pos_qr,hotel_stay,78,5,73928.89,0,0,80,47,0,3,0.0128,7.41,authenticated_3ds,3ds_v2,1,0,,,fulfilled,,,,0,travel_hospitality,hotel_booking,medium,website,booking_service,0,1,0.8241852290900451,1,1,31,0.0215,12.0,39.541666666666664
DSP001346,TXN0082517,M000349,C000032,Visa,MERCHANDISE_NOT_RECEIVED,Cardholder claims ordered merchandise or service was not received,2025-12-17 02:16:54,2245.65,500.0,250.0,2026-01-02 02:16:54,16,contested,lost,2026-01-29 02:16:54,4,4,3,1,0.49,4,2,0.75,2245.65,debit_card,mobile_app,electronic_accessory,727,18,82185.48,11,1,4,0,1,1,0.1803,6.67,password_authenticated,password,1,0,0.0,6.4,delivered,delivered,1.0,0.0,1,online_marketplace_retailer,multi_category_retail,medium,website,physical_delivery,0,0,0.5898504734397373,1,1,59,0.0092,16.0,36.208333333333336
DSP001347,TXN0082610,M000003,C000118,Mastercard,RECURRING_BILLING_DISPUTE,Cardholder claims recurring subscription billing was canceled or unauthorized,2025-12-10 04:59:51,2625.85,0.0,0.0,2025-12-24 04:59:51,14,accepted,accepted_refunded,,3,3,2,1,0.36000000000000004,3,3,0.6666666666666666,2625.85,credit_card,mobile_app,mentorship,82,2,4669.65,0,0,71,51,0,2,0.028,16.43,authenticated_3ds,3ds_v2,1,0,,,fulfilled,,,,0,education_coaching,exam_prep,enterprise,"website, app",digital_service,0,1,0.4,1,0,99,0.025,14.0,28.833333333333332
DSP001348,TXN0082630,M000228,C000017,RuPay,MERCHANDISE_NOT_AS_DESCRIBED,"Cardholder claims merchandise arrived damaged, defective, or not as described",2025-11-15 23:02:10,2515.72,500.0,250.0,2025-11-25 23:02:10,10,contested,won,2025-12-26 23:02:10,5,3,3,0,0.6233333333333334,5,1,1.0,2515.72,credit_card,desktop_web,general_item,333,16,31134.08,1,0,9,0,1,1,0.2943,39.33,authenticated_3ds,3ds_v2,1,0,0.0,14.31,delivered,delivered,1.0,0.0,0,online_marketplace_retailer,electronics_hub,enterprise,omnichannel,physical_delivery,0,0,0.8367715803059433,0,1,92,0.0093,10.0,4.541666666666667
DSP001349,TXN0082684,M000008,C000102,Visa,RECURRING_BILLING_DISPUTE,Cardholder claims recurring subscription billing was canceled or unauthorized,2025-11-20 06:39:45,3449.87,0.0,0.0,2025-12-06 06:39:45,16,accepted,accepted_refunded,,2,3,2,1,0.22166666666666668,2,1,0.6666666666666666,3449.87,credit_card,mobile_app,lab_test,159,12,47302.16,0,0,10,105,0,6,0.0186,1.7,password_authenticated,password,1,0,,,fulfilled,,,,0,healthcare_diagnostics,telehealth,enterprise,"website, app, clinic",appointment_service,0,0,0.6098658484197036,1,1,99,0.025,16.0,8.75
DSP001350,TXN0082698,M000259,C000021,Visa,MERCHANDISE_NOT_RECEIVED,Cardholder claims ordered merchandise or service was not received,2025-11-25 20:22:08,380.98,350.0,175.0,2025-12-15 20:22:08,20,contested,lost,2025-12-18 20:22:08,3,1,1,0,0.345,3,0,1.0,380.98,debit_card,payment_link,food_item,299,4,1484.31,0,0,24,48,0,3,0.0323,22.5,authenticated_3ds,3ds_v2,1,0,1.0,0.55,delivered,delivered,1.0,1.0,0,food_local_commerce,gourmet_food,medium,website,food_delivery,0,0,0.5669492746686092,1,1,31,0.0228,20.0,14.291666666666666
DSP001351,TXN0082702,M000028,C000039,RuPay,MERCHANDISE_NOT_RECEIVED,Cardholder claims ordered merchandise or service was not received,2025-12-26 14:41:46,314.23,500.0,250.0,2026-01-09 14:41:46,14,contested,lost,2026-01-08 14:41:46,1,1,0,1,0.14166666666666666,1,2,0.0,314.23,debit_card,mobile_app,food_item,89,5,1962.7,0,1,3,67,0,4,0.01,13.75,authenticated_otp,sms_otp,1,0,0.0,0.72,delivered,delivered,1.0,0.0,0,food_local_commerce,bakery,medium,mobile_app,food_delivery,0,0,0.5866361843293691,1,1,49,0.0239,14.0,45.041666666666664
DSP001352,TXN0082711,M000247,C000001,Visa,CREDIT_NOT_PROCESSED,Cardholder claims promised credit or refund was not posted,2025-11-22 04:05:36,1513.12,500.0,250.0,2025-12-11 04:05:36,19,contested,lost,2025-12-04 04:05:36,6,3,3,0,0.77,6,0,1.0,1513.12,credit_card,mobile_app,cosmetics_kit,300,2,3535.77,0,1,79,179,0,1,0.2446,37.47,authenticated_3ds,3ds_v2,1,0,0.0,17.9,delivered,delivered,1.0,1.0,0,online_marketplace_retailer,electronics_hub,medium,omnichannel,physical_delivery,0,1,0.8914864390220448,1,1,112,0.0147,19.0,10.583333333333334
DSP001353,TXN0082773,M000130,C000016,Visa,MERCHANDISE_NOT_RECEIVED,Cardholder claims ordered merchandise or service was not received,2025-11-19 08:41:45,178.43,500.0,250.0,2025-12-04 08:41:45,15,contested,lost,2025-11-30 08:41:45,3,1,1,0,0.45166666666666666,3,0,1.0,178.43,credit_card,desktop_web,food_item,126,6,1213.18,0,0,16,47,0,4,0.0153,1117.27,authenticated_otp,sms_otp,1,1,1.0,0.84,delivered,delivered,1.0,1.0,0,food_local_commerce,local_restaurant,medium,website,food_delivery,0,0,0.8427107788626256,1,1,38,0.0158,15.0,7.625
DSP001354,TXN0082847,M000258,C000016,Mastercard,UNAUTHORIZED_TRANSACTION,Cardholder claims transaction was unauthorized or fraudulent,2025-12-16 16:57:06,3258.79,0.0,0.0,2025-12-27 16:57:06,11,accepted,accepted_refunded,,1,3,1,2,0.10833333333333334,1,2,0.3333333333333333,3258.79,debit_card,payment_link,tour_package,280,36,210593.04,0,1,1,0,1,1,0.01,41.97,authenticated_otp,sms_otp,1,0,,,fulfilled,,,,0,travel_hospitality,ticketing,small,website,booking_service,0,1,0.5816922005156278,1,1,50,0.0293,11.0,34.833333333333336
DSP001355,TXN0082885,M000132,C000002,Visa,MERCHANDISE_NOT_RECEIVED,Cardholder claims ordered merchandise or service was not received,2025-12-13 04:58:21,3738.64,500.0,250.0,2025-12-25 04:58:21,12,contested,lost,2025-12-22 04:58:21,4,4,2,2,0.5566666666666666,4,2,0.5,3738.64,credit_card,pos_qr,footwear,375,19,96474.68,5,0,5,279,0,5,0.01,7.47,authenticated_otp,sms_otp,1,0,0.0,36.63,delivered,delivered,1.0,0.0,0,d2c_brand,fashion_apparel,medium,website,physical_delivery,1,1,0.8860730583256343,1,1,119,0.0166,12.0,31.208333333333332
DSP001356,TXN0082923,M000104,C000021,Visa,UNAUTHORIZED_TRANSACTION,Cardholder claims transaction was unauthorized or fraudulent,2025-11-22 17:13:37,1734.3,350.0,175.0,2025-12-07 17:13:37,15,contested,lost,2026-01-01 17:13:37,2,3,2,1,0.205,2,1,0.6666666666666666,1734.3,debit_card,payment_link,food_item,65,4,3183.07,0,0,89,23,0,1,0.1024,11.83,password_authenticated,password,1,0,0.0,0.69,delivered,delivered,0.0,0.0,0,food_local_commerce,gourmet_food,medium,mobile_app,food_delivery,0,0,0.5607891426993304,0,1,98,0.0289,15.0,10.416666666666666
DSP001357,TXN0082972,M000168,C000048,RuPay,MERCHANDISE_NOT_RECEIVED,Cardholder claims ordered merchandise or service was not received,2025-12-01 13:31:00,4911.14,350.0,175.0,2025-12-14 13:31:00,13,contested,lost,2025-12-17 13:31:00,6,4,4,0,0.7633333333333333,6,0,1.0,4911.14,credit_card,payment_link,footwear,188,6,23660.84,3,0,40,61,0,2,0.0253,1136.28,authenticated_3ds,3ds_v2,1,1,1.0,22.93,delivered,delivered,1.0,1.0,0,d2c_brand,home_lifestyle,medium,omnichannel,physical_delivery,0,1,0.8535774684074758,1,1,20,0.0098,13.0,19.125
DSP001358,TXN0082979,M000310,C000064,Visa,MERCHANDISE_NOT_RECEIVED,Cardholder claims ordered merchandise or service was not received,2025-11-28 21:48:22,2232.44,500.0,250.0,2025-12-09 21:48:22,11,contested,lost,2025-12-13 21:48:22,5,4,3,1,0.6283333333333333,5,1,0.75,2232.44,credit_card,mobile_app,footwear,89,0,0.0,0,0,67,0,1,1,0.5626,24.87,auth_failed,sms_otp,3,0,0.0,4.12,failed,failed,0.0,0.0,0,d2c_brand,electronics,medium,omnichannel,physical_delivery,1,1,0.8975852079462534,1,1,16,0.0146,11.0,16.458333333333332
DSP001359,TXN0083012,M000253,C000002,Visa,RECURRING_BILLING_DISPUTE,Cardholder claims recurring subscription billing was canceled or unauthorized,2025-12-02 21:02:01,2547.56,500.0,250.0,2025-12-19 21:02:01,17,contested,lost,2025-12-27 21:02:01,3,3,3,0,0.4066666666666667,3,0,1.0,2547.56,credit_card,payment_link,saas_plan,223,23,111933.92,0,1,10,0,1,1,0.2106,24.42,authenticated_3ds,3ds_v2,1,0,,,fulfilled,,,,0,digital_saas,developer_tools,medium,website,digital_service,1,1,0.8963619977089252,1,1,21,0.024,17.0,20.333333333333332
DSP001360,TXN0083023,M000003,C000052,RuPay,MERCHANDISE_NOT_AS_DESCRIBED,"Cardholder claims merchandise arrived damaged, defective, or not as described",2025-12-15 12:34:22,2046.41,500.0,250.0,2026-01-01 12:34:22,17,contested,won,2026-01-03 12:34:22,4,3,1,2,0.49666666666666665,4,2,0.3333333333333333,2046.41,credit_card,desktop_web,study_material,390,12,34149.89,0,3,58,74,0,7,0.0825,55.97,password_authenticated,password,1,0,,,fulfilled,,,,0,education_coaching,exam_prep,enterprise,"website, app",digital_service,0,1,0.4,1,0,99,0.025,17.0,32.958333333333336
DSP001361,TXN0083053,M000019,C000069,Visa,MERCHANDISE_NOT_AS_DESCRIBED,"Cardholder claims merchandise arrived damaged, defective, or not as described",2025-12-03 03:10:19,2123.46,500.0,250.0,2025-12-14 03:10:19,11,contested,lost,2025-12-23 03:10:19,5,3,3,0,0.6083333333333333,5,1,1.0,2123.46,credit_card,pos_qr,electronic_accessory,252,2,5738.09,1,0,112,0,1,1,0.5297,100.16,authenticated_otp,sms_otp,1,1,1.0,26.28,delivered,delivered,1.0,1.0,1,online_marketplace_retailer,electronics_hub,enterprise,omnichannel,physical_delivery,0,0,0.8181824967207101,1,1,118,0.0087,11.0,20.5
DSP001362,TXN0083170,M000393,C000016,RuPay,CREDIT_NOT_PROCESSED,Cardholder claims promised credit or refund was not posted,2025-12-17 09:24:15,1719.34,0.0,0.0,2026-01-03 09:24:15,17,accepted,accepted_refunded,,6,3,3,0,0.75,6,0,1.0,1719.34,credit_card,payment_link,general_item,40,6,12049.62,1,0,24,24,0,3,0.01,43.8,authenticated_otp,sms_otp,1,0,0.0,10.56,delivered,delivered,0.0,0.0,1,online_marketplace_retailer,beauty_marketplace,enterprise,website,physical_delivery,0,1,0.8750614751640858,1,1,42,0.0119,17.0,34.541666666666664
DSP001363,TXN0083225,M000003,C000048,Visa,RECURRING_BILLING_DISPUTE,Cardholder claims recurring subscription billing was canceled or unauthorized,2025-12-24 11:32:28,2151.58,0.0,0.0,2026-01-09 11:32:28,16,accepted,accepted_refunded,,4,3,3,0,0.5466666666666666,4,2,1.0,2151.58,credit_card,payment_link,test_series,5,0,0.0,0,0,3,0,1,1,0.0513,3.53,auth_failed,password,3,0,,,failed,,,,0,education_coaching,exam_prep,enterprise,"website, app",digital_service,0,1,0.4,1,0,99,0.025,16.0,41.5
DSP001364,TXN0083287,M000181,C000027,Visa,RECURRING_BILLING_DISPUTE,Cardholder claims recurring subscription billing was canceled or unauthorized,2025-11-20 23:06:34,3232.33,500.0,250.0,2025-12-02 23:06:34,12,contested,won,2026-01-04 23:06:34,6,3,3,0,0.79,6,0,1.0,3232.33,debit_card,pos_qr,footwear,378,13,65050.24,5,2,6,204,0,2,0.01,51.88,authenticated_3ds,3ds_v2,1,0,1.0,18.0,delivered,delivered,1.0,0.0,0,d2c_brand,cosmetics,medium,omnichannel,physical_delivery,0,0,0.8690937738102466,1,1,49,0.0156,12.0,7.583333333333333
DSP001365,TXN0083312,M000187,C000026,Visa,RECURRING_BILLING_DISPUTE,Cardholder claims recurring subscription billing was canceled or unauthorized,2025-12-28 02:12:46,5891.46,450.0,225.0,2026-01-12 02:12:46,15,contested,won,2026-01-31 02:12:46,3,3,3,0,0.41,3,0,1.0,5891.46,credit_card,mobile_app,saas_plan,64,2,13685.62,0,0,54,49,0,2,0.01,14.55,authenticated_3ds,3ds_v2,1,0,,,fulfilled,,,,0,digital_saas,cloud_analytics,medium,website,digital_service,1,1,0.8924693618278563,1,1,44,0.0234,15.0,44.666666666666664
DSP001366,TXN0083390,M000189,C000040,Visa,MERCHANDISE_NOT_RECEIVED,Cardholder claims ordered merchandise or service was not received,2025-11-28 01:36:04,201.85,500.0,250.0,2025-12-11 01:36:04,13,contested,won,2025-12-12 01:36:04,3,1,1,0,0.37666666666666665,3,0,1.0,201.85,credit_card,desktop_web,food_item,121,26,5920.15,0,0,1,14,0,21,0.014,29.27,authenticated_otp,sms_otp,1,0,0.0,1.0,failed,failed,0.0,0.0,0,food_local_commerce,gourmet_food,enterprise,website,food_delivery,0,0,0.8257941627715155,1,1,116,0.0156,13.0,14.458333333333334
DSP001367,TXN0083405,M000055,C000013,Visa,MERCHANDISE_NOT_AS_DESCRIBED,"Cardholder claims merchandise arrived damaged, defective, or not as described",2025-11-17 01:32:58,319.31,0.0,0.0,2025-12-08 01:32:58,21,accepted,accepted_refunded,,2,2,1,1,0.24,2,1,0.5,319.31,debit_card,desktop_web,food_item,332,25,10720.06,0,0,2,236,0,11,0.0229,34.39,authenticated_3ds,3ds_v2,1,0,0.0,0.67,delivered,delivered,1.0,1.0,0,food_local_commerce,cloud_kitchen,small,mobile_app,food_delivery,0,0,0.6469584627764559,1,1,98,0.0274,21.0,3.4166666666666665
DSP001368,TXN0083480,M000109,C000010,Visa,CREDIT_NOT_PROCESSED,Cardholder claims promised credit or refund was not posted,2025-12-21 20:45:38,2700.09,0.0,0.0,2026-01-06 20:45:38,16,accepted,accepted_refunded,,5,3,2,1,0.6266666666666666,5,1,0.6666666666666666,2700.09,credit_card,pos_qr,footwear,450,50,124942.41,9,1,6,197,0,36,0.01,6.8,authenticated_3ds,3ds_v2,1,0,0.0,7.43,delivered,delivered,1.0,1.0,0,d2c_brand,footwear,medium,website,physical_delivery,0,0,0.8907566473926093,1,1,3,0.0108,16.0,38.083333333333336
DSP001369,TXN0083531,M000002,C000133,Mastercard,MERCHANDISE_NOT_RECEIVED,Cardholder claims ordered merchandise or service was not received,2025-12-22 04:51:45,2872.49,500.0,250.0,2026-01-12 04:51:45,21,contested,won,2026-01-25 04:51:45,3,1,1,0,0.3466666666666667,3,0,1.0,2872.49,credit_card,desktop_web,footwear,163,1,4802.05,0,0,90,139,0,1,0.2763,27.17,authenticated_otp,sms_otp,1,0,1.0,15.02,delivered,delivered,1.0,1.0,0,d2c_brand,footwear,enterprise,website,physical_delivery,0,0,0.65,1,1,60,0.025,21.0,38.333333333333336
DSP001370,TXN0083564,M000268,C000008,RuPay,MERCHANDISE_NOT_AS_DESCRIBED,"Cardholder claims merchandise arrived damaged, defective, or not as described",2025-12-07 09:48:40,16937.57,0.0,0.0,2025-12-20 09:48:40,13,accepted,accepted_refunded,,2,2,2,0,0.21833333333333335,2,1,1.0,16937.57,credit_card,payment_link,test_series,260,31,438862.7,0,0,6,52,0,15,0.0527,698.94,authenticated_otp,sms_otp,1,1,,,fulfilled,,,,0,education_coaching,exam_prep,small,mobile_app,digital_service,1,0,0.3518329652363736,1,1,50,0.0199,13.0,23.416666666666668
DSP001371,TXN0083674,M000021,C000019,Mastercard,CREDIT_NOT_PROCESSED,Cardholder claims promised credit or refund was not posted,2025-12-05 00:09:42,521.54,500.0,250.0,2025-12-16 00:09:42,11,contested,won,2026-01-05 00:09:42,2,3,2,1,0.2733333333333334,2,1,0.6666666666666666,521.54,debit_card,desktop_web,food_item,187,8,5365.07,0,0,26,0,1,1,0.0627,19.14,authenticated_otp,sms_otp,1,0,1.0,0.99,delivered,delivered,1.0,1.0,0,food_local_commerce,cloud_kitchen,enterprise,website,food_delivery,0,0,0.8304242242959538,1,1,24,0.0134,11.0,20.541666666666668
DSP001372,TXN0083753,M000194,C000002,Mastercard,RECURRING_BILLING_DISPUTE,Cardholder claims recurring subscription billing was canceled or unauthorized,2025-12-03 09:36:28,13598.11,0.0,0.0,2025-12-13 09:36:28,10,accepted,accepted_refunded,,3,3,3,0,0.39166666666666666,3,0,1.0,13598.11,credit_card,payment_link,car_rental,82,7,125099.16,0,0,42,49,0,3,0.01,11.61,authenticated_3ds,3ds_v2,1,0,,,fulfilled,,,,0,travel_hospitality,hotel_booking,medium,website,booking_service,0,1,0.8241852290900451,1,1,31,0.0215,10.0,18.75
DSP001373,TXN0083785,M000031,C000009,Visa,MERCHANDISE_NOT_AS_DESCRIBED,"Cardholder claims merchandise arrived damaged, defective, or not as described",2025-12-05 21:20:38,331.03,0.0,0.0,2025-12-21 21:20:38,16,accepted,accepted_refunded,,3,2,2,0,0.37833333333333335,3,0,1.0,331.03,credit_card,pos_qr,food_item,105,0,0.0,0,0,44,0,1,1,0.344,3.45,authenticated_otp,sms_otp,1,0,0.0,0.89,delivered,delivered,0.0,0.0,0,food_local_commerce,gourmet_food,enterprise,website,food_delivery,0,0,0.819967378215836,1,1,55,0.0167,16.0,21.166666666666668
DSP001374,TXN0083998,M000004,C000087,Mastercard,MERCHANDISE_NOT_AS_DESCRIBED,"Cardholder claims merchandise arrived damaged, defective, or not as described",2025-11-19 12:01:56,11241.02,15.0,7.5,2025-12-06 12:01:56,17,contested,lost,2025-12-21 12:01:56,0,2,0,2,0.0,0,3,0.0,11241.02,credit_card,pos_qr,car_rental,42,2,20615.36,0,0,10,25,0,2,0.01,17.98,authenticated_otp,sms_otp,1,0,,,fulfilled,,,,0,travel_hospitality,travel_agency,enterprise,"website, app",booking_service,0,0,0.3,1,1,68,0.0353,17.0,4.083333333333333
DSP001375,TXN0084014,M000253,C000010,Mastercard,DUPLICATE_TRANSACTION,Cardholder claims single purchase was billed multiple times,2025-11-24 03:27:14,2913.0,500.0,250.0,2025-12-09 03:27:14,15,contested,won,2025-12-30 03:27:14,3,2,2,0,0.375,3,0,1.0,2913.0,credit_card,payment_link,saas_plan,163,15,62356.59,0,2,22,152,0,12,0.3878,863.71,authenticated_3ds,3ds_v2,1,1,,,fulfilled,,,,0,digital_saas,developer_tools,medium,website,digital_service,1,1,0.8963619977089252,1,1,21,0.024,15.0,8.708333333333334
DSP001376,TXN0084244,M000009,C000054,RuPay,CREDIT_NOT_PROCESSED,Cardholder claims promised credit or refund was not posted,2025-12-20 15:38:42,9960.59,0.0,0.0,2025-12-31 15:38:42,11,accepted,accepted_refunded,,3,3,3,0,0.4116666666666666,3,0,1.0,9960.59,credit_card,desktop_web,fitness_class,158,17,123461.52,0,2,25,54,0,16,0.01,32.31,authenticated_3ds,3ds_v2,1,0,,,fulfilled,,,,0,fitness_services,fitness_program,enterprise,"app, in-person",membership_service,1,0,0.5656018640442436,1,1,47,0.025,11.0,34.833333333333336
DSP001377,TXN0084273,M000086,C000054,Visa,DUPLICATE_TRANSACTION,Cardholder claims single purchase was billed multiple times,2025-11-19 00:58:44,8606.53,0.0,0.0,2025-11-30 00:58:44,11,accepted,accepted_refunded,,5,2,1,1,0.6349999999999999,5,1,0.5,8606.53,credit_card,payment_link,footwear,35,3,11226.38,0,0,116,31,0,2,0.01,7.31,auth_failed,none,4,0,0.0,38.62,failed,failed,0.0,0.0,0,d2c_brand,fashion_apparel,medium,website,physical_delivery,0,0,0.8623298126827558,1,1,107,0.0067,11.0,3.1666666666666665
DSP001378,TXN0084366,M000319,C000044,RuPay,MERCHANDISE_NOT_AS_DESCRIBED,"Cardholder claims merchandise arrived damaged, defective, or not as described",2025-12-13 00:27:30,4629.62,500.0,250.0,2025-12-23 00:27:30,10,contested,lost,2025-12-24 00:27:30,5,3,2,1,0.6533333333333333,5,1,0.6666666666666666,4629.62,credit_card,pos_qr,footwear,29,1,9268.22,0,0,47,21,0,1,0.01,0.99,authenticated_3ds,3ds_v2,1,0,0.0,25.64,delivered,delivered,1.0,1.0,0,d2c_brand,cosmetics,medium,website,physical_delivery,1,0,0.8835980120512206,1,1,97,0.0132,10.0,26.708333333333332
DSP001379,TXN0084493,M000001,C000081,Visa,MERCHANDISE_NOT_RECEIVED,Cardholder claims ordered merchandise or service was not received,2025-12-05 23:13:18,1047.39,0.0,0.0,2025-12-26 23:13:18,21,accepted,accepted_refunded,,4,4,3,1,0.5283333333333333,4,2,0.75,1047.39,credit_card,pos_qr,fashion_apparel,109,11,12896.23,3,1,19,89,0,8,0.2069,44.97,password_authenticated,password,1,0,0.0,34.78,delivered,delivered,1.0,0.0,0,individual_social_seller,crochet_accessories,medium,"Instagram, WhatsApp, payment links",physical_delivery,0,0,0.9,0,1,13,0.025,21.0,19.416666666666668
DSP001380,TXN0084515,M000162,C000005,Visa,UNAUTHORIZED_TRANSACTION,Cardholder claims transaction was unauthorized or fraudulent,2025-11-28 08:09:22,19195.96,350.0,175.0,2025-12-15 08:09:22,17,contested,lost,2026-01-11 08:09:22,3,3,3,0,0.40499999999999997,3,0,1.0,19195.96,credit_card,mobile_app,car_rental,41,7,105878.66,0,1,10,27,0,7,0.0662,20.47,authenticated_3ds,3ds_v2,1,0,,,fulfilled,,,,0,travel_hospitality,travel_agency,medium,website,booking_service,0,0,0.8761619615328717,1,1,82,0.0356,17.0,11.75
DSP001381,TXN0084620,M000393,C000037,Visa,MERCHANDISE_NOT_AS_DESCRIBED,"Cardholder claims merchandise arrived damaged, defective, or not as described",2025-12-16 14:37:48,1756.52,150.0,75.0,2026-01-02 14:37:48,17,contested,won,2026-01-23 14:37:48,5,3,3,0,0.64,5,1,1.0,1756.52,credit_card,payment_link,cosmetics_kit,58,3,4393.21,0,0,45,11,0,1,0.01,3.26,password_authenticated,password,1,0,0.0,24.33,delivered,delivered,1.0,1.0,0,online_marketplace_retailer,beauty_marketplace,enterprise,website,physical_delivery,0,1,0.8750614751640858,1,1,42,0.0119,17.0,29.833333333333332
DSP001382,TXN0084768,M000222,C000030,Mastercard,UNAUTHORIZED_TRANSACTION,Cardholder claims transaction was unauthorized or fraudulent,2025-12-07 18:48:52,297.38,500.0,250.0,2025-12-28 18:48:52,21,contested,won,2025-12-19 18:48:52,3,3,3,0,0.345,3,0,1.0,297.38,debit_card,payment_link,food_item,335,4,1324.22,0,0,16,27,0,3,0.01,0.98,authenticated_otp,sms_otp,1,0,0.0,0.86,delivered,delivered,1.0,1.0,0,food_local_commerce,bakery,medium,website,food_delivery,0,0,0.8746491405118024,0,1,6,0.0273,21.0,20.416666666666668
DSP001383,TXN0084833,M000298,C000064,Visa,MERCHANDISE_NOT_RECEIVED,Cardholder claims ordered merchandise or service was not received,2025-12-13 04:58:55,2104.75,500.0,250.0,2025-12-26 04:58:55,13,contested,lost,2025-12-20 04:58:55,5,4,4,0,0.6666666666666666,5,1,1.0,2104.75,credit_card,payment_link,footwear,607,33,61785.82,21,0,2,280,0,6,0.659,1908.75,authenticated_3ds,3ds_v2,1,1,1.0,5.03,delivered,delivered,1.0,1.0,0,d2c_brand,fashion_apparel,medium,omnichannel,physical_delivery,0,1,0.5860190641411263,1,1,28,0.0144,13.0,25.708333333333332
DSP001384,TXN0084887,M000003,C000017,Mastercard,DUPLICATE_TRANSACTION,Cardholder claims single purchase was billed multiple times,2026-01-01 21:01:47,1645.05,500.0,250.0,2026-01-18 21:01:47,17,contested,lost,2026-01-21 21:01:47,4,2,2,0,0.48166666666666663,4,2,1.0,1645.05,credit_card,pos_qr,exam_course,109,10,26236.48,0,0,14,77,0,9,0.1267,9.96,authenticated_otp,sms_otp,1,0,,,fulfilled,,,,0,education_coaching,exam_prep,enterprise,"website, app",digital_service,0,1,0.4,1,0,99,0.025,17.0,45.25
DSP001385,TXN0084960,M000225,C000012,RuPay,UNAUTHORIZED_TRANSACTION,Cardholder claims transaction was unauthorized or fraudulent,2025-12-28 10:43:00,1918.02,0.0,0.0,2026-01-15 10:43:00,18,accepted,accepted_refunded,,5,3,3,0,0.6566666666666666,5,1,1.0,1918.02,credit_card,payment_link,footwear,560,22,31175.91,8,0,2,60,0,20,0.0784,813.6,authenticated_otp,sms_otp,1,1,1.0,27.59,delivered,delivered,1.0,1.0,0,d2c_brand,cosmetics,small,omnichannel,physical_delivery,0,0,0.8657612892300344,1,1,21,0.0138,18.0,40.666666666666664
DSP001386,TXN0084997,M000237,C000054,Mastercard,UNAUTHORIZED_TRANSACTION,Cardholder claims transaction was unauthorized or fraudulent,2025-11-30 12:27:02,697.37,0.0,0.0,2025-12-11 12:27:02,11,accepted,accepted_refunded,,5,3,3,0,0.7166666666666667,5,1,1.0,697.37,credit_card,pos_qr,footwear,27,1,1572.6,0,0,6,14,0,1,0.0315,62.65,authenticated_3ds,3ds_v2,1,0,0.0,3.96,delivered,delivered,1.0,0.0,1,d2c_brand,home_lifestyle,medium,omnichannel,physical_delivery,0,0,0.8576903884626359,1,1,75,0.0146,11.0,12.666666666666666
DSP001387,TXN0085090,M000211,C000019,RuPay,MERCHANDISE_NOT_RECEIVED,Cardholder claims ordered merchandise or service was not received,2025-12-03 20:48:13,234.22,150.0,75.0,2025-12-16 20:48:13,13,contested,won,2025-12-16 20:48:13,2,1,1,0,0.26,2,1,1.0,234.22,credit_card,payment_link,food_item,186,19,6287.36,0,0,0,181,0,13,0.01,9.5,auth_failed,password,2,0,0.0,0.82,failed,failed,0.0,0.0,0,food_local_commerce,gourmet_food,enterprise,mobile_app,food_delivery,0,0,0.8101471542866032,0,1,31,0.0226,13.0,15.5
DSP001388,TXN0085110,M000021,C000026,Mastercard,MERCHANDISE_NOT_RECEIVED,Cardholder claims ordered merchandise or service was not received,2025-11-30 23:46:05,598.56,0.0,0.0,2025-12-11 23:46:05,11,accepted,accepted_refunded,,2,1,1,0,0.28,2,1,1.0,598.56,debit_card,desktop_web,food_item,268,26,15829.42,0,0,9,85,0,11,0.01,4.29,authenticated_otp,sms_otp,1,0,0.0,0.65,delivered,delivered,1.0,0.0,0,food_local_commerce,cloud_kitchen,enterprise,website,food_delivery,0,0,0.8304242242959538,1,1,24,0.0134,11.0,12.583333333333334
DSP001389,TXN0085205,M000187,C000016,RuPay,MERCHANDISE_NOT_AS_DESCRIBED,"Cardholder claims merchandise arrived damaged, defective, or not as described",2025-11-23 06:37:23,5860.58,500.0,250.0,2025-12-13 06:37:23,20,contested,lost,2025-12-05 06:37:23,2,2,1,1,0.24333333333333332,2,1,0.5,5860.58,credit_card,pos_qr,saas_plan,219,12,94352.16,0,0,8,58,0,10,0.01,5.26,authenticated_3ds,3ds_v2,1,0,,,fulfilled,,,,0,digital_saas,cloud_analytics,medium,website,digital_service,1,1,0.8924693618278563,1,1,44,0.0234,20.0,4.625
DSP001390,TXN0085306,M000017,C000004,RuPay,UNAUTHORIZED_TRANSACTION,Cardholder claims transaction was unauthorized or fraudulent,2025-12-14 08:53:27,5871.14,500.0,250.0,2025-12-27 08:53:27,13,contested,lost,2025-12-24 08:53:27,5,3,2,1,0.6566666666666666,5,1,0.6666666666666666,5871.14,debit_card,mobile_app,footwear,254,13,99523.21,5,1,7,149,0,7,0.01,4.17,authenticated_3ds,3ds_v2,1,0,0.0,23.36,delivered,delivered,1.0,1.0,1,d2c_brand,fashion_apparel,medium,website,physical_delivery,1,0,0.8832442640800422,1,1,65,0.011,13.0,25.541666666666668
DSP001391,TXN0085341,M000268,C000002,Visa,MERCHANDISE_NOT_AS_DESCRIBED,"Cardholder claims merchandise arrived damaged, defective, or not as described",2025-12-20 06:21:30,25698.55,450.0,225.0,2026-01-04 06:21:30,15,contested,lost,2026-01-08 06:21:30,3,2,2,0,0.3833333333333333,3,0,1.0,25698.55,credit_card,mobile_app,test_series,454,35,979881.74,0,0,2,0,1,1,0.2287,38.64,password_authenticated,password,1,0,,,fulfilled,,,,0,education_coaching,exam_prep,small,mobile_app,digital_service,1,0,0.3518329652363736,1,1,50,0.0199,15.0,31.333333333333332
DSP001392,TXN0085458,M000397,C000038,Mastercard,MERCHANDISE_NOT_RECEIVED,Cardholder claims ordered merchandise or service was not received,2025-12-17 16:25:00,2812.24,0.0,0.0,2026-01-05 16:25:00,19,accepted,accepted_refunded,,2,1,1,0,0.24333333333333332,2,1,1.0,2812.24,credit_card,payment_link,saas_plan,243,9,22218.15,0,0,23,43,0,4,0.01,0.23,auth_failed,password,4,0,,,failed,,,,0,digital_saas,b2b_software,medium,website,digital_service,1,0,0.8372018085792783,1,1,75,0.0138,19.0,28.208333333333332
DSP001393,TXN0085461,M000140,C000009,Mastercard,MERCHANDISE_NOT_AS_DESCRIBED,"Cardholder claims merchandise arrived damaged, defective, or not as described",2025-11-26 07:37:10,3047.66,500.0,250.0,2025-12-09 07:37:10,13,contested,lost,2025-12-18 07:37:10,1,2,0,2,0.13333333333333333,1,2,0.0,3047.66,credit_card,payment_link,fitness_class,271,4,25977.26,0,1,143,143,0,4,0.01,5.29,auth_failed,sms_otp,4,0,,,failed,,,,0,fitness_services,fitness_program,small,website,membership_service,1,0,0.5823202932020755,1,1,17,0.0219,13.0,6.833333333333333
DSP001394,TXN0085502,M000294,C000013,RuPay,MERCHANDISE_NOT_AS_DESCRIBED,"Cardholder claims merchandise arrived damaged, defective, or not as described",2025-11-27 07:21:45,1961.53,0.0,0.0,2025-12-08 07:21:45,11,accepted,accepted_refunded,,6,3,3,0,0.7683333333333334,6,0,1.0,1961.53,credit_card,pos_qr,general_item,37,0,0.0,0,0,31,0,1,1,0.2421,593.91,authenticated_3ds,3ds_v2,1,1,1.0,12.43,delivered,delivered,1.0,1.0,1,online_marketplace_retailer,electronics_hub,medium,omnichannel,physical_delivery,0,1,0.8590833260569011,1,1,58,0.0095,11.0,7.708333333333333
DSP001395,TXN0085549,M000150,C000021,Visa,CREDIT_NOT_PROCESSED,Cardholder claims promised credit or refund was not posted,2025-11-28 23:13:51,3387.63,500.0,250.0,2025-12-19 23:13:51,21,contested,lost,2025-12-27 23:13:51,3,3,2,1,0.33,3,3,0.6666666666666666,3387.63,credit_card,payment_link,footwear,2,3,20206.06,2,0,170,0,1,1,0.0112,1.91,authenticated_otp,sms_otp,1,0,0.0,39.65,delivered,delivered,1.0,1.0,0,d2c_brand,electronics,medium,omnichannel,physical_delivery,0,1,0.5536886947354532,0,1,60,0.0127,21.0,9.291666666666666
DSP001396,TXN0085640,M000228,C000033,Mastercard,UNAUTHORIZED_TRANSACTION,Cardholder claims transaction was unauthorized or fraudulent,2026-01-02 05:27:51,1795.31,500.0,250.0,2026-01-23 05:27:51,21,contested,won,2026-02-10 05:27:51,6,3,3,0,0.8033333333333333,6,0,1.0,1795.31,credit_card,payment_link,fashion_apparel,674,24,51825.98,1,0,3,76,0,22,0.01,10.92,authenticated_3ds,3ds_v2,1,0,0.0,41.65,delivered,delivered,1.0,1.0,0,online_marketplace_retailer,electronics_hub,enterprise,omnichannel,physical_delivery,0,0,0.8367715803059433,0,1,92,0.0093,21.0,43.375
DSP001397,TXN0085672,M000052,C000002,Visa,CREDIT_NOT_PROCESSED,Cardholder claims promised credit or refund was not posted,2026-01-01 14:51:24,16256.34,500.0,250.0,2026-01-22 14:51:24,21,contested,won,2026-01-12 14:51:24,3,3,3,0,0.30833333333333335,3,0,1.0,16256.34,credit_card,desktop_web,study_material,244,21,300099.48,0,0,8,0,1,1,0.5124,1393.89,authenticated_3ds,3ds_v2,1,1,,,fulfilled,,,,0,education_coaching,edtech_courses,small,website,digital_service,1,1,0.602006802117781,1,1,97,0.0141,21.0,42.625
DSP001398,TXN0085737,M000298,C000021,Mastercard,MERCHANDISE_NOT_RECEIVED,Cardholder claims ordered merchandise or service was not received,2025-12-03 14:07:20,1150.72,500.0,250.0,2025-12-18 14:07:20,15,contested,lost,2025-12-11 14:07:20,4,4,2,2,0.5,4,2,0.5,1150.72,credit_card,desktop_web,footwear,373,11,19641.59,6,1,15,156,0,1,0.01,2.9,authenticated_3ds,3ds_v2,1,0,1.0,2.0,delivered,delivered,1.0,0.0,0,d2c_brand,fashion_apparel,medium,omnichannel,physical_delivery,0,1,0.5860190641411263,1,1,28,0.0144,15.0,13.208333333333334
DSP001399,TXN0085748,M000131,C000047,Mastercard,UNAUTHORIZED_TRANSACTION,Cardholder claims transaction was unauthorized or fraudulent,2025-12-04 17:43:25,2498.9,500.0,250.0,2025-12-15 17:43:25,11,contested,lost,2026-01-11 17:43:25,5,3,2,1,0.6233333333333334,5,1,0.6666666666666666,2498.9,debit_card,pos_qr,fashion_apparel,198,20,37473.44,5,0,8,167,0,15,0.4765,148.89,authenticated_otp,sms_otp,1,1,1.0,42.33,delivered,delivered,1.0,0.0,1,online_marketplace_retailer,specialty_goods,enterprise,omnichannel,physical_delivery,1,0,0.8818014765922493,0,1,38,0.0051,11.0,14.333333333333334
DSP001400,TXN0085815,M000347,C000013,Visa,UNAUTHORIZED_TRANSACTION,Cardholder claims transaction was unauthorized or fraudulent,2025-12-09 03:42:17,4965.51,500.0,250.0,2025-12-20 03:42:17,11,contested,won,2026-01-18 03:42:17,3,3,3,0,0.43,3,0,1.0,4965.51,credit_card,desktop_web,hotel_stay,328,20,235666.94,0,0,9,0,1,1,0.1735,20.62,password_authenticated,password,1,0,,,fulfilled,,,,0,travel_hospitality,ticketing,medium,website,booking_service,0,0,0.8173201869910015,1,1,12,0.0349,11.0,18.625
DSP001401,TXN0085833,M000287,C000087,RuPay,UNAUTHORIZED_TRANSACTION,Cardholder claims transaction was unauthorized or fraudulent,2025-12-25 18:38:57,918.49,500.0,250.0,2026-01-06 18:38:57,12,contested,lost,2026-01-23 18:38:57,6,3,3,0,0.8016666666666667,6,0,1.0,918.49,credit_card,desktop_web,fashion_apparel,147,25,18758.01,15,0,2,55,0,14,0.01,2.06,authenticated_otp,sms_otp,1,0,1.0,36.79,delivered,delivered,1.0,1.0,1,online_marketplace_retailer,specialty_goods,enterprise,mobile_app,physical_delivery,0,0,0.8375582952639944,1,1,78,0.0144,12.0,35.208333333333336
DSP001402,TXN0085979,M000031,C000038,Visa,MERCHANDISE_NOT_AS_DESCRIBED,"Cardholder claims merchandise arrived damaged, defective, or not as described",2025-12-28 04:52:24,470.51,450.0,225.0,2026-01-17 04:52:24,20,contested,won,2026-01-23 04:52:24,3,2,2,0,0.40499999999999997,3,0,1.0,470.51,debit_card,payment_link,food_item,351,4,1911.61,0,0,211,38,0,3,0.1512,836.95,authenticated_otp,sms_otp,1,1,1.0,0.86,delivered,delivered,1.0,1.0,0,food_local_commerce,gourmet_food,enterprise,website,food_delivery,0,0,0.819967378215836,1,1,55,0.0167,20.0,37.333333333333336
DSP001403,TXN0086011,M000283,C000085,Mastercard,MERCHANDISE_NOT_RECEIVED,Cardholder claims ordered merchandise or service was not received,2025-12-15 18:33:43,3334.61,500.0,250.0,2026-01-04 18:33:43,20,contested,lost,2026-01-05 18:33:43,6,4,4,0,0.7866666666666666,6,0,1.0,3334.61,credit_card,desktop_web,cosmetics_kit,267,8,17677.32,3,0,15,159,0,8,0.0876,394.82,authenticated_3ds,3ds_v2,1,1,1.0,18.66,delivered,delivered,1.0,1.0,0,online_marketplace_retailer,beauty_marketplace,enterprise,website,physical_delivery,0,0,0.8701966877257703,1,1,76,0.0126,20.0,24.666666666666668
DSP001404,TXN0086139,M000050,C000020,RuPay,UNAUTHORIZED_TRANSACTION,Cardholder claims transaction was unauthorized or fraudulent,2026-01-05 16:12:46,3272.98,500.0,250.0,2026-01-20 16:12:46,15,contested,lost,2026-02-08 16:12:46,5,3,2,1,0.695,5,1,0.6666666666666666,3272.98,debit_card,mobile_app,footwear,494,29,105602.98,5,0,7,373,0,24,0.01,0.86,password_authenticated,password,1,0,0.0,47.19,delivered,delivered,1.0,0.0,0,d2c_brand,electronics,medium,omnichannel,physical_delivery,0,0,0.8662522284353982,1,1,23,0.0179,15.0,45.166666666666664
DSP001405,TXN0086166,M000157,C000028,Visa,UNAUTHORIZED_TRANSACTION,Cardholder claims transaction was unauthorized or fraudulent,2025-12-17 19:43:20,32896.74,500.0,250.0,2026-01-07 19:43:20,21,contested,lost,2026-01-26 19:43:20,2,3,2,1,0.2416666666666667,2,1,0.6666666666666666,32896.74,credit_card,desktop_web,hotel_stay,167,2,51701.38,0,0,14,59,0,2,0.01,5.37,authenticated_3ds,3ds_v2,1,0,,,fulfilled,,,,0,travel_hospitality,hotel_booking,small,website,booking_service,0,0,0.3144894872091223,1,1,63,0.0168,21.0,26.25
DSP001406,TXN0086187,M000342,C000059,Visa,UNAUTHORIZED_TRANSACTION,Cardholder claims transaction was unauthorized or fraudulent,2025-12-05 22:56:56,2001.35,0.0,0.0,2025-12-25 22:56:56,20,accepted,accepted_refunded,,5,3,2,1,0.6416666666666667,5,1,0.6666666666666666,2001.35,debit_card,payment_link,electronic_accessory,246,8,18580.14,2,0,15,19,0,4,0.0161,4.28,authenticated_3ds,3ds_v2,1,0,0.0,25.52,delivered,delivered,1.0,1.0,0,online_marketplace_retailer,multi_category_retail,medium,website,physical_delivery,0,0,0.6203657859380023,1,1,112,0.0137,20.0,14.333333333333334
DSP001407,TXN0086337,M000034,C000002,Visa,UNAUTHORIZED_TRANSACTION,Cardholder claims transaction was unauthorized or fraudulent,2025-12-14 05:06:16,5444.31,500.0,250.0,2025-12-24 05:06:16,10,contested,lost,2025-12-28 05:06:16,3,3,3,0,0.37166666666666665,3,0,1.0,5444.31,credit_card,pos_qr,fitness_class,347,19,150820.04,0,0,13,340,0,3,0.0261,0.4,password_authenticated,password,1,0,,,fulfilled,,,,0,fitness_services,personal_training,small,website,membership_service,1,0,0.5546450412719998,1,1,34,0.018,10.0,22.25
DSP001408,TXN0086341,M000008,C000197,Mastercard,MERCHANDISE_NOT_RECEIVED,Cardholder claims ordered merchandise or service was not received,2025-12-22 13:22:56,2160.47,500.0,250.0,2026-01-10 13:22:56,19,contested,lost,2026-01-27 13:22:56,3,1,1,0,0.3283333333333333,3,0,1.0,2160.47,credit_card,desktop_web,lab_test,22,2,8469.99,0,0,43,14,0,1,0.01,12.48,auth_failed,none,3,0,,,failed,,,,0,healthcare_diagnostics,telehealth,enterprise,"website, app, clinic",appointment_service,0,0,0.6098658484197036,1,1,99,0.025,19.0,30.583333333333332
DSP001409,TXN0086352,M000267,C000002,Mastercard,UNAUTHORIZED_TRANSACTION,Cardholder claims transaction was unauthorized or fraudulent,2025-12-04 17:36:37,4719.08,500.0,250.0,2025-12-18 17:36:37,14,contested,lost,2025-12-11 17:36:37,2,3,2,1,0.21666666666666665,2,1,0.6666666666666666,4719.08,credit_card,desktop_web,car_rental,67,27,235139.29,0,0,14,0,1,1,0.0434,28.0,authenticated_3ds,3ds_v2,1,0,,,fulfilled,,,,0,travel_hospitality,tour_packages,medium,website,booking_service,0,1,0.8140084015236524,1,1,77,0.032,14.0,12.666666666666666
DSP001410,TXN0086385,M000399,C000004,Visa,CREDIT_NOT_PROCESSED,Cardholder claims promised credit or refund was not posted,2025-12-24 08:24:38,9970.72,0.0,0.0,2026-01-06 08:24:38,13,accepted,accepted_refunded,,3,3,3,0,0.35333333333333333,3,0,1.0,9970.72,credit_card,pos_qr,test_series,119,3,35340.45,0,0,5,21,0,3,0.1729,383.68,password_authenticated,password,1,1,,,fulfilled,,,,0,education_coaching,skill_bootcamp,small,website,digital_service,1,1,0.5840803540253018,1,1,4,0.0187,13.0,32.041666666666664
DSP001411,TXN0086402,M000307,C000073,Mastercard,MERCHANDISE_NOT_AS_DESCRIBED,"Cardholder claims merchandise arrived damaged, defective, or not as described",2025-11-25 21:39:02,518.78,500.0,250.0,2025-12-10 21:39:02,15,contested,won,2026-01-03 21:39:02,3,2,2,0,0.3833333333333333,3,0,1.0,518.78,credit_card,pos_qr,food_item,119,0,0.0,0,0,9,0,1,1,0.0385,6.37,password_authenticated,password,1,0,0.0,0.5,delivered,delivered,1.0,0.0,0,food_local_commerce,gourmet_food,enterprise,website,food_delivery,0,0,0.6040635121610106,1,1,63,0.0128,15.0,3.5416666666666665
DSP001412,TXN0086531,M000262,C000004,Visa,RECURRING_BILLING_DISPUTE,Cardholder claims recurring subscription billing was canceled or unauthorized,2026-01-07 06:11:23,4212.37,0.0,0.0,2026-01-19 06:11:23,12,accepted,accepted_refunded,,3,3,3,0,0.39833333333333326,3,0,1.0,4212.37,credit_card,payment_link,gym_membership,65,10,31972.73,0,0,3,39,0,9,0.01,10.24,password_authenticated,password,1,0,,,fulfilled,,,,0,fitness_services,yoga_wellness,small,omnichannel,membership_service,0,0,0.6196029796674973,1,0,32,0.0264,12.0,45.708333333333336
DSP001413,TXN0086553,M000351,C000042,Mastercard,UNAUTHORIZED_TRANSACTION,Cardholder claims transaction was unauthorized or fraudulent,2025-12-23 08:08:11,792.61,15.0,7.5,2026-01-03 08:08:11,11,contested,won,2026-01-23 08:08:11,3,3,3,0,0.3233333333333333,3,0,1.0,792.61,debit_card,mobile_app,food_item,644,34,17175.48,0,0,2,455,0,6,0.01,3.18,authenticated_3ds,3ds_v2,1,0,0.0,0.93,delivered,delivered,1.0,1.0,0,food_local_commerce,local_restaurant,enterprise,website,food_delivery,0,0,0.8635093650867643,0,0,107,0.0252,11.0,30.75
DSP001414,TXN0086872,M000250,C000049,Visa,MERCHANDISE_NOT_AS_DESCRIBED,"Cardholder claims merchandise arrived damaged, defective, or not as described",2025-12-23 22:52:19,6732.44,500.0,250.0,2026-01-03 22:52:19,11,contested,won,2026-01-26 22:52:19,2,2,1,1,0.26166666666666666,2,1,0.5,6732.44,credit_card,mobile_app,saas_plan,304,10,88492.63,0,0,36,252,0,3,0.01,57.03,authenticated_otp,sms_otp,1,0,,,fulfilled,,,,0,digital_saas,developer_tools,medium,website,digital_service,1,0,0.6428318562587725,1,1,99,0.0187,11.0,30.5
DSP001415,TXN0086897,M000006,C000112,RuPay,MERCHANDISE_NOT_AS_DESCRIBED,"Cardholder claims merchandise arrived damaged, defective, or not as described",2025-12-17 05:58:21,387.32,500.0,250.0,2025-12-29 05:58:21,12,contested,lost,2026-01-28 05:58:21,1,2,1,1,0.14833333333333334,1,2,0.5,387.32,credit_card,desktop_web,food_item,287,5,1146.83,0,0,48,65,0,4,0.5626,1.1,authenticated_otp,sms_otp,1,0,0.0,0.51,delivered,delivered,0.0,0.0,0,food_local_commerce,local_restaurant,medium,"app, food platforms",food_delivery,0,0,0.8950714306409916,1,1,64,0.025,12.0,23.75
DSP001416,TXN0086994,M000009,C000150,Visa,UNAUTHORIZED_TRANSACTION,Cardholder claims transaction was unauthorized or fraudulent,2025-12-09 00:47:16,9419.52,500.0,250.0,2025-12-23 00:47:16,14,contested,lost,2025-12-27 00:47:16,1,3,1,2,0.13333333333333333,1,2,0.3333333333333333,9419.52,credit_card,payment_link,gym_membership,44,1,4230.74,0,0,267,23,0,1,0.0351,11.61,authenticated_3ds,3ds_v2,1,0,,,fulfilled,,,,0,fitness_services,fitness_program,enterprise,"app, in-person",membership_service,1,0,0.5656018640442436,1,1,47,0.025,14.0,15.375
DSP001417,TXN0087049,M000003,C000043,Visa,RECURRING_BILLING_DISPUTE,Cardholder claims recurring subscription billing was canceled or unauthorized,2025-12-21 07:02:27,2406.23,500.0,250.0,2026-01-01 07:02:27,11,contested,won,2026-01-26 07:02:27,5,3,2,1,0.5666666666666667,5,1,0.6666666666666666,2406.23,debit_card,payment_link,study_material,162,5,16803.35,0,1,16,15,0,2,0.0959,8.31,authenticated_otp,sms_otp,1,0,,,fulfilled,,,,0,education_coaching,exam_prep,enterprise,"website, app",digital_service,0,1,0.4,1,0,99,0.025,11.0,27.541666666666668
DSP001418,TXN0087092,M000342,C000044,Visa,RECURRING_BILLING_DISPUTE,Cardholder claims recurring subscription billing was canceled or unauthorized,2025-12-19 08:29:33,1726.48,0.0,0.0,2026-01-05 08:29:33,17,accepted,accepted_refunded,,5,3,3,0,0.6483333333333333,5,1,1.0,1726.48,credit_card,desktop_web,cosmetics_kit,695,21,35750.08,7,0,2,481,0,11,0.01,14.57,auth_failed,sms_otp,2,0,0.0,33.17,failed,failed,0.0,0.0,0,online_marketplace_retailer,multi_category_retail,medium,website,physical_delivery,0,0,0.6203657859380023,1,1,112,0.0137,17.0,25.541666666666668
DSP001419,TXN0087168,M000021,C000049,RuPay,MERCHANDISE_NOT_AS_DESCRIBED,"Cardholder claims merchandise arrived damaged, defective, or not as described",2025-12-02 04:17:15,257.14,0.0,0.0,2025-12-21 04:17:15,19,accepted,accepted_refunded,,3,2,2,0,0.39666666666666667,3,0,1.0,257.14,credit_card,pos_qr,food_item,148,5,3105.07,0,0,46,46,0,1,0.0555,7.65,authenticated_otp,sms_otp,1,0,0.0,0.77,delivered,delivered,1.0,1.0,0,food_local_commerce,cloud_kitchen,enterprise,website,food_delivery,0,0,0.8304242242959538,1,1,24,0.0134,19.0,8.166666666666666
DSP001420,TXN0087284,M000143,C000019,Visa,MERCHANDISE_NOT_AS_DESCRIBED,"Cardholder claims merchandise arrived damaged, defective, or not as described",2026-01-06 04:39:29,3575.99,500.0,250.0,2026-01-25 04:39:29,19,contested,lost,2026-01-21 04:39:29,5,3,3,0,0.6866666666666666,5,1,1.0,3575.99,credit_card,mobile_app,cosmetics_kit,574,27,105879.83,7,0,0,375,0,22,0.0331,289.1,authenticated_otp,sms_otp,1,1,1.0,16.72,delivered,delivered,1.0,1.0,0,online_marketplace_retailer,electronics_hub,enterprise,mobile_app,physical_delivery,0,1,0.8363629602379293,1,1,5,0.0081,19.0,42.708333333333336
DSP001421,TXN0087322,M000384,C000030,Visa,MERCHANDISE_NOT_AS_DESCRIBED,"Cardholder claims merchandise arrived damaged, defective, or not as described",2025-12-23 09:59:44,5095.29,500.0,250.0,2026-01-02 09:59:44,10,contested,lost,2026-01-16 09:59:44,3,2,2,0,0.39666666666666667,3,0,1.0,5095.29,credit_card,pos_qr,saas_plan,116,3,12297.49,0,0,205,51,0,2,0.1752,47.99,authenticated_3ds,3ds_v2,1,0,,,fulfilled,,,,0,digital_saas,productivity_tools,medium,website,digital_service,1,1,0.57818547747734,1,1,87,0.0229,10.0,28.875
DSP001422,TXN0087331,M000063,C000003,Visa,UNAUTHORIZED_TRANSACTION,Cardholder claims transaction was unauthorized or fraudulent,2026-01-07 16:32:28,7784.31,500.0,250.0,2026-01-22 16:32:28,15,contested,lost,2026-02-04 16:32:28,2,3,2,1,0.26499999999999996,2,1,0.6666666666666666,7784.31,credit_card,payment_link,saas_plan,122,10,62900.35,0,1,70,110,0,9,0.1288,116.06,password_authenticated,password,1,1,,,fulfilled,,,,0,digital_saas,productivity_tools,medium,website,digital_service,1,1,0.8045227288910538,1,1,118,0.0198,15.0,44.125
DSP001423,TXN0087386,M000032,C000006,Mastercard,RECURRING_BILLING_DISPUTE,Cardholder claims recurring subscription billing was canceled or unauthorized,2025-11-30 19:49:04,1045.85,500.0,250.0,2025-12-21 19:49:04,21,contested,lost,2025-12-16 19:49:04,5,3,2,1,0.64,5,1,0.6666666666666666,1045.85,credit_card,pos_qr,footwear,23,2,1811.27,0,0,169,21,0,1,0.01,5.6,authenticated_otp,sms_otp,1,0,0.0,13.99,failed,failed,0.0,0.0,0,d2c_brand,fashion_apparel,medium,omnichannel,physical_delivery,0,0,0.8514234438413611,1,0,115,0.0169,21.0,6.125
DSP001424,TXN0087430,M000379,C000006,Mastercard,CREDIT_NOT_PROCESSED,Cardholder claims promised credit or refund was not posted,2025-12-17 14:56:52,13650.35,0.0,0.0,2025-12-31 14:56:52,14,accepted,accepted_refunded,,3,3,3,0,0.3416666666666666,3,0,1.0,13650.35,credit_card,pos_qr,saas_plan,456,16,230613.01,0,0,60,0,1,1,0.6346,45.87,authenticated_3ds,3ds_v2,1,1,,,fulfilled,,,,0,digital_saas,productivity_tools,medium,website,digital_service,1,1,0.8071188648460229,0,1,44,0.0208,14.0,22.833333333333332
DSP001425,TXN0087520,M000004,C000134,Visa,MERCHANDISE_NOT_RECEIVED,Cardholder claims ordered merchandise or service was not received,2025-12-10 10:06:32,6542.42,450.0,225.0,2025-12-21 10:06:32,11,contested,won,2026-01-01 10:06:32,0,1,0,1,0.0,0,3,0.0,6542.42,credit_card,pos_qr,tour_package,17,7,79937.19,0,0,6,12,0,5,0.0245,2.61,password_authenticated,password,1,0,,,fulfilled,,,,0,travel_hospitality,travel_agency,enterprise,"website, app",booking_service,0,0,0.3,1,1,68,0.0353,11.0,15.125
DSP001426,TXN0087526,M000061,C000026,Mastercard,CREDIT_NOT_PROCESSED,Cardholder claims promised credit or refund was not posted,2025-12-11 10:43:36,1320.26,500.0,250.0,2025-12-28 10:43:36,17,contested,won,2026-01-06 10:43:36,5,3,2,1,0.6533333333333333,5,1,0.6666666666666666,1320.26,debit_card,desktop_web,cosmetics_kit,431,10,8895.77,1,0,9,95,0,4,0.01,14.01,authenticated_3ds,3ds_v2,1,0,1.0,25.54,failed,failed,0.0,0.0,0,online_marketplace_retailer,electronics_hub,enterprise,omnichannel,physical_delivery,0,0,0.8088492502051919,1,1,75,0.0125,17.0,16.125
DSP001427,TXN0087553,M000175,C000034,Visa,MERCHANDISE_NOT_RECEIVED,Cardholder claims ordered merchandise or service was not received,2025-12-24 00:18:20,25140.57,500.0,250.0,2026-01-05 00:18:20,12,contested,won,2026-01-09 00:18:20,3,1,1,0,0.365,3,0,1.0,25140.57,credit_card,mobile_app,flight_booking,359,15,371099.15,0,0,1,335,0,2,0.1127,10.86,password_authenticated,password,1,0,,,fulfilled,,,,0,travel_hospitality,tour_packages,medium,mobile_app,booking_service,0,0,0.8677564361842283,1,1,44,0.034,12.0,28.625
DSP001428,TXN0087750,M000283,C000034,RuPay,RECURRING_BILLING_DISPUTE,Cardholder claims recurring subscription billing was canceled or unauthorized,2026-01-07 18:55:38,3823.57,500.0,250.0,2026-01-19 18:55:38,12,contested,lost,2026-02-15 18:55:38,6,3,3,0,0.8116666666666666,6,0,1.0,3823.57,credit_card,payment_link,cosmetics_kit,209,6,16447.73,3,0,1,194,0,6,0.01,0.93,password_authenticated,password,1,0,0.0,17.17,delivered,delivered,1.0,0.0,0,online_marketplace_retailer,beauty_marketplace,enterprise,website,physical_delivery,0,0,0.8701966877257703,1,1,76,0.0126,12.0,43.0
DSP001429,TXN0087818,M000353,C000019,Mastercard,MERCHANDISE_NOT_AS_DESCRIBED,"Cardholder claims merchandise arrived damaged, defective, or not as described",2026-01-02 10:02:41,28051.59,0.0,0.0,2026-01-19 10:02:41,17,accepted,accepted_refunded,,2,2,1,1,0.24166666666666667,2,1,0.5,28051.59,credit_card,desktop_web,hotel_stay,454,20,533562.95,0,2,37,230,0,17,0.01,3.98,password_authenticated,password,1,0,,,fulfilled,,,,0,travel_hospitality,hotel_booking,small,mobile_app,booking_service,0,1,0.5874612614626471,0,0,69,0.0215,17.0,37.25
DSP001430,TXN0087960,M000144,C000011,Visa,MERCHANDISE_NOT_RECEIVED,Cardholder claims ordered merchandise or service was not received,2025-12-30 23:40:41,3905.55,500.0,250.0,2026-01-19 23:40:41,20,contested,won,2026-02-01 23:40:41,5,4,3,1,0.58,5,1,0.75,3905.55,debit_card,desktop_web,footwear,447,10,56160.37,2,0,7,417,0,3,0.01,14.55,authenticated_otp,sms_otp,1,0,0.0,8.92,delivered,delivered,0.0,0.0,0,d2c_brand,home_lifestyle,medium,website,physical_delivery,0,1,0.897178208272096,1,0,19,0.0138,20.0,34.458333333333336
DSP001431,TXN0087977,M000120,C000024,Visa,MERCHANDISE_NOT_RECEIVED,Cardholder claims ordered merchandise or service was not received,2025-12-26 17:40:11,260.49,500.0,250.0,2026-01-05 17:40:11,10,contested,won,2026-02-08 17:40:11,2,1,1,0,0.2383333333333333,2,1,1.0,260.49,credit_card,pos_qr,food_item,124,0,0.0,0,0,70,0,1,1,0.3841,12.86,password_authenticated,password,1,0,0.0,0.86,delivered,delivered,1.0,1.0,0,food_local_commerce,gourmet_food,medium,mobile_app,food_delivery,0,0,0.8871460590187717,0,1,104,0.0133,10.0,30.166666666666668
DSP001432,TXN0088180,M000344,C000069,Visa,MERCHANDISE_NOT_AS_DESCRIBED,"Cardholder claims merchandise arrived damaged, defective, or not as described",2025-12-19 10:09:48,3001.18,0.0,0.0,2026-01-08 10:09:48,20,accepted,accepted_refunded,,5,3,3,0,0.5816666666666667,5,1,1.0,3001.18,debit_card,desktop_web,electronic_accessory,225,16,64753.52,1,0,23,159,0,10,0.01,5.45,authenticated_otp,sms_otp,1,0,0.0,41.49,delivered,delivered,1.0,1.0,0,online_marketplace_retailer,electronics_hub,enterprise,mobile_app,physical_delivery,0,0,0.5597834160651001,1,1,28,0.0147,20.0,22.041666666666668
DSP001433,TXN0088185,M000132,C000004,Mastercard,UNAUTHORIZED_TRANSACTION,Cardholder claims transaction was unauthorized or fraudulent,2025-12-22 13:19:09,3866.43,0.0,0.0,2026-01-08 13:19:09,17,accepted,accepted_refunded,,6,3,3,0,0.8083333333333332,6,0,1.0,3866.43,credit_card,payment_link,footwear,243,12,58900.54,4,1,5,12,0,2,0.3396,93.04,authenticated_3ds,3ds_v2,1,1,1.0,33.5,delivered,delivered,1.0,0.0,1,d2c_brand,fashion_apparel,medium,website,physical_delivery,1,1,0.8860730583256343,1,1,119,0.0166,17.0,25.166666666666668
DSP001434,TXN0088190,M000250,C000003,Mastercard,CREDIT_NOT_PROCESSED,Cardholder claims promised credit or refund was not posted,2026-01-01 15:37:55,8558.31,150.0,75.0,2026-01-16 15:37:55,15,contested,won,2026-01-17 15:37:55,3,3,3,0,0.37166666666666665,3,0,1.0,8558.31,credit_card,desktop_web,saas_plan,254,13,103929.98,0,0,37,24,0,4,0.072,8.99,authenticated_3ds,3ds_v2,1,0,,,fulfilled,,,,0,digital_saas,developer_tools,medium,website,digital_service,1,0,0.6428318562587725,1,1,99,0.0187,15.0,35.25
DSP001435,TXN0088260,M000003,C000064,Visa,MERCHANDISE_NOT_RECEIVED,Cardholder claims ordered merchandise or service was not received,2025-12-23 09:44:00,2495.42,500.0,250.0,2026-01-13 09:44:00,21,contested,lost,2026-01-03 09:44:00,2,4,2,2,0.24166666666666667,2,4,0.5,2495.42,credit_card,mobile_app,exam_course,304,36,106160.9,0,2,4,24,0,18,0.01,6.07,authenticated_3ds,3ds_v2,1,0,,,fulfilled,,,,0,education_coaching,exam_prep,enterprise,"website, app",digital_service,0,1,0.4,1,0,99,0.025,21.0,25.833333333333332
DSP001436,TXN0088290,M000061,C000030,Mastercard,MERCHANDISE_NOT_RECEIVED,Cardholder claims ordered merchandise or service was not received,2026-01-11 06:02:42,1355.9,500.0,250.0,2026-01-27 06:02:42,16,contested,lost,2026-02-19 06:02:42,4,4,3,1,0.5066666666666667,4,2,0.75,1355.9,credit_card,payment_link,home_decor,153,3,3481.9,0,0,28,85,0,1,0.01,0.39,authenticated_3ds,3ds_v2,1,0,0.0,37.52,delivered,delivered,0.0,0.0,0,online_marketplace_retailer,electronics_hub,enterprise,omnichannel,physical_delivery,0,0,0.8088492502051919,1,1,75,0.0125,16.0,44.625
DSP001437,TXN0088462,M000398,C000009,Mastercard,MERCHANDISE_NOT_RECEIVED,Cardholder claims ordered merchandise or service was not received,2026-01-12 19:16:19,3655.02,0.0,0.0,2026-01-26 19:16:19,14,accepted,accepted_refunded,,2,4,2,2,0.26166666666666666,2,4,0.5,3655.02,debit_card,payment_link,cosmetics_kit,61,7,13409.9,1,0,10,34,0,5,0.1436,2.57,authenticated_3ds,3ds_v2,1,0,0.0,6.41,delivered,delivered,1.0,1.0,0,online_marketplace_retailer,electronics_hub,enterprise,mobile_app,physical_delivery,0,0,0.6276412960741997,1,1,13,0.0084,14.0,45.666666666666664
DSP001438,TXN0088464,M000222,C000078,RuPay,RECURRING_BILLING_DISPUTE,Cardholder claims recurring subscription billing was canceled or unauthorized,2026-01-07 23:16:28,315.64,350.0,175.0,2026-01-23 23:16:28,16,contested,lost,2026-01-20 23:16:28,2,3,2,1,0.27166666666666667,2,1,0.6666666666666666,315.64,credit_card,payment_link,food_item,642,19,6485.04,0,0,6,635,0,7,0.01,9.6,authenticated_otp,sms_otp,1,0,0.0,0.82,delivered,delivered,1.0,1.0,0,food_local_commerce,bakery,medium,website,food_delivery,0,0,0.8746491405118024,0,1,6,0.0273,16.0,40.791666666666664
DSP001439,TXN0088488,M000244,C000035,Visa,MERCHANDISE_NOT_AS_DESCRIBED,"Cardholder claims merchandise arrived damaged, defective, or not as described",2026-01-12 10:39:14,829.47,500.0,250.0,2026-01-29 10:39:14,17,contested,lost,2026-02-03 10:39:14,3,3,1,2,0.38833333333333336,3,3,0.3333333333333333,829.47,credit_card,payment_link,general_item,117,5,3781.89,3,0,26,61,0,4,0.01,3.87,authenticated_3ds,3ds_v2,1,0,0.0,47.91,delivered,delivered,0.0,0.0,0,online_marketplace_retailer,electronics_hub,enterprise,website,physical_delivery,0,0,0.8177110679407049,1,1,56,0.0069,17.0,45.125
DSP001440,TXN0088524,M000380,C000059,Mastercard,UNAUTHORIZED_TRANSACTION,Cardholder claims transaction was unauthorized or fraudulent,2025-12-07 14:23:37,3362.25,500.0,250.0,2025-12-28 14:23:37,21,contested,won,2025-12-30 14:23:37,6,3,3,0,0.7216666666666667,6,0,1.0,3362.25,credit_card,mobile_app,footwear,194,12,36464.44,1,0,23,0,1,1,0.1592,15.43,authenticated_otp,sms_otp,1,0,0.0,34.33,delivered,delivered,1.0,1.0,0,d2c_brand,footwear,medium,website,physical_delivery,0,0,0.8318975630293761,1,1,38,0.0135,21.0,9.208333333333334
DSP001441,TXN0088527,M000004,C000064,RuPay,CREDIT_NOT_PROCESSED,Cardholder claims promised credit or refund was not posted,2025-12-08 10:26:10,15258.28,500.0,250.0,2025-12-29 10:26:10,21,contested,lost,2025-12-16 10:26:10,3,3,3,0,0.3283333333333333,3,0,1.0,15258.28,credit_card,payment_link,vacation_package,94,5,49535.15,0,1,22,62,0,1,0.0454,4.86,authenticated_otp,sms_otp,1,0,,,fulfilled,,,,0,travel_hospitality,travel_agency,enterprise,"website, app",booking_service,0,0,0.3,1,1,68,0.0353,21.0,10.041666666666666
DSP001442,TXN0088585,M000177,C000010,Visa,UNAUTHORIZED_TRANSACTION,Cardholder claims transaction was unauthorized or fraudulent,2025-12-12 23:24:37,19847.32,500.0,250.0,2025-12-23 23:24:37,11,contested,won,2025-12-31 23:24:37,3,3,3,0,0.38166666666666665,3,0,1.0,19847.32,credit_card,pos_qr,vacation_package,191,6,129156.72,0,0,11,122,0,5,0.01,18.33,authenticated_3ds,3ds_v2,1,0,,,fulfilled,,,,0,travel_hospitality,tour_packages,small,mobile_app,booking_service,0,1,0.601209305829928,1,1,52,0.0279,11.0,14.416666666666666
DSP001443,TXN0088728,M000144,C000011,Mastercard,RECURRING_BILLING_DISPUTE,Cardholder claims recurring subscription billing was canceled or unauthorized,2025-12-18 13:38:07,9096.07,500.0,250.0,2026-01-04 13:38:07,17,contested,won,2026-01-21 13:38:07,6,3,3,0,0.7316666666666666,6,0,1.0,9096.07,debit_card,pos_qr,footwear,447,11,60065.92,2,0,2,0,1,1,0.37,104.03,authenticated_3ds,3ds_v2,1,1,1.0,38.04,delivered,delivered,1.0,0.0,1,d2c_brand,home_lifestyle,medium,website,physical_delivery,0,1,0.897178208272096,1,0,19,0.0138,17.0,19.625
DSP001444,TXN0088850,M000185,C000003,Mastercard,CREDIT_NOT_PROCESSED,Cardholder claims promised credit or refund was not posted,2026-01-04 16:59:12,3684.88,0.0,0.0,2026-01-15 16:59:12,11,accepted,accepted_refunded,,5,3,2,1,0.5583333333333333,5,1,0.6666666666666666,3684.88,debit_card,mobile_app,footwear,268,23,91487.66,9,0,11,0,1,1,0.742,18.7,authenticated_3ds,3ds_v2,1,0,0.0,39.02,delivered,delivered,1.0,1.0,1,d2c_brand,electronics,medium,omnichannel,physical_delivery,0,1,0.8341066351050258,1,1,116,0.0141,11.0,36.25
DSP001445,TXN0088896,M000003,C000043,RuPay,UNAUTHORIZED_TRANSACTION,Cardholder claims transaction was unauthorized or fraudulent,2025-12-04 16:40:58,2771.43,500.0,250.0,2025-12-14 16:40:58,10,contested,lost,2026-01-01 16:40:58,5,3,3,0,0.6083333333333334,5,1,1.0,2771.43,credit_card,mobile_app,exam_course,162,6,19209.58,0,1,5,28,0,1,0.01,0.9,authenticated_3ds,3ds_v2,1,0,,,fulfilled,,,,0,education_coaching,exam_prep,enterprise,"website, app",digital_service,0,1,0.4,1,0,99,0.025,10.0,5.166666666666667
DSP001446,TXN0088940,M000003,C000052,RuPay,DUPLICATE_TRANSACTION,Cardholder claims single purchase was billed multiple times,2025-12-14 11:45:36,2259.27,0.0,0.0,2026-01-04 11:45:36,21,accepted,accepted_refunded,,2,2,2,0,0.23833333333333337,2,4,1.0,2259.27,credit_card,payment_link,exam_course,390,13,36196.3,0,3,17,66,0,1,0.0367,7.42,password_authenticated,password,1,0,,,fulfilled,,,,0,education_coaching,exam_prep,enterprise,"website, app",digital_service,0,1,0.4,1,0,99,0.025,21.0,14.875
DSP001447,TXN0088966,M000244,C000062,Visa,MERCHANDISE_NOT_AS_DESCRIBED,"Cardholder claims merchandise arrived damaged, defective, or not as described",2026-01-04 03:04:20,1083.34,500.0,250.0,2026-01-19 03:04:20,15,contested,lost,2026-02-04 03:04:20,6,3,3,0,0.7399999999999999,6,0,1.0,1083.34,debit_card,pos_qr,fashion_apparel,382,7,7384.51,1,0,16,130,0,1,0.0149,32.11,auth_failed,sms_otp,3,0,0.0,6.03,failed,failed,0.0,0.0,0,online_marketplace_retailer,electronics_hub,enterprise,website,physical_delivery,0,0,0.8177110679407049,1,1,56,0.0069,15.0,35.458333333333336
DSP001448,TXN0088995,M000289,C000032,Visa,UNAUTHORIZED_TRANSACTION,Cardholder claims transaction was unauthorized or fraudulent,2025-12-07 11:16:44,5269.39,0.0,0.0,2025-12-18 11:16:44,11,accepted,accepted_refunded,,6,3,3,0,0.715,6,0,1.0,5269.39,credit_card,mobile_app,footwear,457,38,222818.24,15,0,7,447,0,8,0.0107,3.84,password_authenticated,password,1,0,0.0,20.3,delivered,delivered,0.0,0.0,0,d2c_brand,footwear,medium,omnichannel,physical_delivery,0,0,0.8578280140996174,1,0,100,0.0059,11.0,7.75
DSP001449,TXN0089016,M000156,C000035,Visa,UNAUTHORIZED_TRANSACTION,Cardholder claims transaction was unauthorized or fraudulent,2025-12-16 19:10:28,2887.53,0.0,0.0,2026-01-04 19:10:28,19,accepted,accepted_refunded,,6,3,3,0,0.71,6,0,1.0,2887.53,credit_card,pos_qr,footwear,282,6,25278.41,3,0,108,0,1,1,0.0782,79.85,authenticated_otp,sms_otp,1,0,1.0,25.09,delivered,delivered,1.0,1.0,1,d2c_brand,electronics,medium,omnichannel,physical_delivery,0,0,0.5739561890666972,1,1,78,0.0092,19.0,17.041666666666668
DSP001450,TXN0089132,M000377,C000028,RuPay,MERCHANDISE_NOT_RECEIVED,Cardholder claims ordered merchandise or service was not received,2025-12-28 01:43:03,10464.83,500.0,250.0,2026-01-12 01:43:03,15,contested,won,2026-02-06 01:43:03,3,1,1,0,0.4033333333333333,3,0,1.0,10464.83,credit_card,desktop_web,saas_plan,314,11,126274.3,0,1,12,0,1,1,0.1168,13.59,authenticated_3ds,3ds_v2,1,0,,,fulfilled,,,,0,digital_saas,productivity_tools,medium,website,digital_service,1,0,0.8094442960755928,1,1,39,0.02,15.0,27.916666666666668
DSP001451,TXN0089145,M000179,C000006,Visa,MERCHANDISE_NOT_RECEIVED,Cardholder claims ordered merchandise or service was not received,2026-01-11 21:52:08,3471.35,500.0,250.0,2026-01-25 21:52:08,14,contested,won,2026-02-24 21:52:08,2,1,1,0,0.24166666666666667,2,1,1.0,3471.35,credit_card,mobile_app,home_sample_collection,357,25,136488.59,0,0,14,0,1,1,0.0216,5.53,authenticated_3ds,3ds_v2,1,0,,,fulfilled,,,,0,healthcare_diagnostics,clinic_appointments,small,website,appointment_service,0,0,0.614517279040945,1,1,92,0.0081,14.0,42.666666666666664
DSP001452,TXN0089182,M000098,C000011,Mastercard,MERCHANDISE_NOT_RECEIVED,Cardholder claims ordered merchandise or service was not received,2026-01-02 16:23:54,1095.25,450.0,225.0,2026-01-22 16:23:54,20,contested,won,2026-01-30 16:23:54,5,4,3,1,0.6383333333333333,5,1,0.75,1095.25,debit_card,mobile_app,electronic_accessory,224,8,9838.25,0,0,1,222,0,8,0.0236,18.05,authenticated_3ds,3ds_v2,1,0,1.0,44.04,delivered,delivered,1.0,1.0,0,online_marketplace_retailer,multi_category_retail,small,omnichannel,physical_delivery,1,0,0.8561277197569496,1,1,58,0.009,20.0,33.333333333333336
DSP001453,TXN0089202,M000280,C000005,Mastercard,UNAUTHORIZED_TRANSACTION,Cardholder claims transaction was unauthorized or fraudulent,2025-12-06 13:03:37,3831.67,0.0,0.0,2025-12-19 13:03:37,13,accepted,accepted_refunded,,3,3,3,0,0.435,3,0,1.0,3831.67,credit_card,pos_qr,saas_plan,264,22,104469.31,0,0,6,172,0,3,0.017,3.1,password_authenticated,password,1,0,,,fulfilled,,,,0,digital_saas,developer_tools,medium,website,digital_service,1,0,0.8501516294687199,1,1,23,0.0221,13.0,6.166666666666667
DSP001454,TXN0089233,M000004,C000106,Mastercard,UNAUTHORIZED_TRANSACTION,Cardholder claims transaction was unauthorized or fraudulent,2025-12-25 11:55:14,7237.14,0.0,0.0,2026-01-10 11:55:14,16,accepted,accepted_refunded,,1,3,1,2,0.09999999999999999,1,2,0.3333333333333333,7237.14,credit_card,pos_qr,tour_package,113,7,97059.99,0,1,35,34,0,6,0.0692,108.86,password_authenticated,password,1,1,,,fulfilled,,,,0,travel_hospitality,travel_agency,enterprise,"website, app",booking_service,0,0,0.3,1,1,68,0.0353,16.0,25.083333333333332
DSP001455,TXN0089330,M000002,C000085,Visa,RECURRING_BILLING_DISPUTE,Cardholder claims recurring subscription billing was canceled or unauthorized,2025-12-06 04:35:49,2601.51,0.0,0.0,2025-12-24 04:35:49,18,accepted,accepted_refunded,,1,3,1,2,0.12,1,2,0.3333333333333333,2601.51,debit_card,payment_link,footwear,198,4,16764.02,0,0,162,94,0,3,0.3999,112.11,authenticated_3ds,3ds_v2,1,1,1.0,6.14,delivered,delivered,1.0,1.0,0,d2c_brand,footwear,enterprise,website,physical_delivery,0,0,0.65,1,1,60,0.025,18.0,5.625
DSP001456,TXN0089366,M000004,C000076,Visa,MERCHANDISE_NOT_RECEIVED,Cardholder claims ordered merchandise or service was not received,2025-12-17 15:23:49,13680.31,0.0,0.0,2025-12-27 15:23:49,10,accepted,accepted_refunded,,0,1,0,1,0.0,0,3,0.0,13680.31,credit_card,pos_qr,flight_booking,90,21,254714.91,0,2,7,35,0,13,0.1611,6.05,password_authenticated,password,1,0,,,fulfilled,,,,0,travel_hospitality,travel_agency,enterprise,"website, app",booking_service,0,0,0.3,1,1,68,0.0353,10.0,17.0
DSP001457,TXN0089404,M000008,C000103,Visa,UNAUTHORIZED_TRANSACTION,Cardholder claims transaction was unauthorized or fraudulent,2025-12-05 10:10:18,3580.89,500.0,250.0,2025-12-22 10:10:18,17,contested,lost,2026-01-08 10:10:18,3,3,3,0,0.325,3,0,1.0,3580.89,credit_card,payment_link,lab_test,539,55,197223.53,0,2,11,465,0,8,0.01,14.5,authenticated_3ds,3ds_v2,1,0,,,fulfilled,,,,0,healthcare_diagnostics,telehealth,enterprise,"website, app, clinic",appointment_service,0,0,0.6098658484197036,1,1,99,0.025,17.0,4.708333333333333
DSP001458,TXN0089431,M000004,C000082,Visa,CREDIT_NOT_PROCESSED,Cardholder claims promised credit or refund was not posted,2025-12-31 10:57:46,7265.12,150.0,75.0,2026-01-12 10:57:46,12,contested,lost,2026-01-19 10:57:46,1,3,1,2,0.10333333333333333,1,2,0.3333333333333333,7265.12,credit_card,pos_qr,tour_package,6,6,55227.38,0,0,40,7,0,6,0.0823,339.77,password_authenticated,password,1,1,,,fulfilled,,,,0,travel_hospitality,travel_agency,enterprise,"website, app",booking_service,0,0,0.3,1,1,68,0.0353,12.0,30.708333333333332
DSP001459,TXN0089446,M000363,C000009,Mastercard,UNAUTHORIZED_TRANSACTION,Cardholder claims transaction was unauthorized or fraudulent,2025-12-25 07:33:13,354.25,500.0,250.0,2026-01-04 07:33:13,10,contested,won,2026-02-04 07:33:13,5,3,3,0,0.6483333333333333,5,1,1.0,354.25,credit_card,mobile_app,fashion_apparel,124,17,8726.17,2,0,4,68,0,6,0.2258,9.81,authenticated_otp,sms_otp,1,0,0.0,45.85,failed,failed,0.0,0.0,0,online_marketplace_retailer,multi_category_retail,enterprise,website,physical_delivery,1,0,0.8940230241424958,1,1,84,0.0116,10.0,24.541666666666668
DSP001460,TXN0089469,M000384,C000041,RuPay,MERCHANDISE_NOT_RECEIVED,Cardholder claims ordered merchandise or service was not received,2026-01-08 20:31:23,2159.2,500.0,250.0,2026-01-18 20:31:23,10,contested,won,2026-02-12 20:31:23,2,1,1,0,0.23666666666666666,2,1,1.0,2159.2,credit_card,desktop_web,saas_plan,430,7,28343.57,0,0,23,333,0,5,0.01,36.97,password_authenticated,password,1,0,,,fulfilled,,,,0,digital_saas,productivity_tools,medium,website,digital_service,1,1,0.57818547747734,1,1,87,0.0229,10.0,39.041666666666664
DSP001461,TXN0089575,M000214,C000005,Mastercard,CREDIT_NOT_PROCESSED,Cardholder claims promised credit or refund was not posted,2025-12-15 15:32:35,399.79,350.0,175.0,2025-12-25 15:32:35,10,contested,won,2026-01-21 15:32:35,4,3,3,0,0.5566666666666666,4,2,1.0,399.79,credit_card,desktop_web,footwear,645,22,23701.6,6,0,47,16,0,6,0.1387,4.84,authenticated_3ds,3ds_v2,1,0,0.0,23.71,delivered,delivered,1.0,1.0,0,d2c_brand,cosmetics,small,website,physical_delivery,0,0,0.8160808051417499,0,0,108,0.0054,10.0,14.375
DSP001462,TXN0089592,M000005,C000096,Visa,CREDIT_NOT_PROCESSED,Cardholder claims promised credit or refund was not posted,2026-01-15 10:54:23,24165.91,500.0,250.0,2026-02-04 10:54:23,20,contested,won,2026-02-13 10:54:23,3,3,3,0,0.37833333333333335,3,0,1.0,24165.91,credit_card,payment_link,saas_plan,397,4,36599.83,0,0,16,388,0,4,0.01,1.48,authenticated_otp,sms_otp,1,0,,,fulfilled,,,,0,digital_saas,b2b_software,medium,website,digital_service,1,0,0.5874540118847362,1,0,46,0.025,20.0,45.125
DSP001463,TXN0089606,M000315,C000007,Visa,CREDIT_NOT_PROCESSED,Cardholder claims promised credit or refund was not posted,2025-12-18 22:35:11,5016.1,500.0,250.0,2026-01-08 22:35:11,21,contested,lost,2026-01-27 22:35:11,1,3,1,2,0.12166666666666666,1,2,0.3333333333333333,5016.1,credit_card,pos_qr,saas_plan,359,17,191780.6,0,0,10,0,1,1,0.2829,574.89,authenticated_3ds,3ds_v2,1,1,,,fulfilled,,,,0,digital_saas,cloud_analytics,small,website,digital_service,1,1,0.5938971420705635,1,1,66,0.0101,21.0,17.583333333333332
DSP001464,TXN0089778,M000195,C000051,Mastercard,UNAUTHORIZED_TRANSACTION,Cardholder claims transaction was unauthorized or fraudulent,2025-12-22 04:37:17,1294.7,450.0,225.0,2026-01-12 04:37:17,21,contested,lost,2026-01-29 04:37:17,3,3,1,2,0.3983333333333334,3,3,0.3333333333333333,1294.7,credit_card,desktop_web,footwear,152,5,4754.48,2,0,60,147,0,5,0.1747,2.1,authenticated_3ds,3ds_v2,1,0,0.0,25.09,delivered,delivered,1.0,1.0,0,d2c_brand,fashion_apparel,medium,website,physical_delivery,0,1,0.8093102767805899,0,1,73,0.0082,21.0,20.416666666666668
DSP001465,TXN0089834,M000342,C000048,RuPay,MERCHANDISE_NOT_AS_DESCRIBED,"Cardholder claims merchandise arrived damaged, defective, or not as described",2025-12-22 00:02:44,1540.22,150.0,75.0,2026-01-04 00:02:44,13,contested,lost,2026-01-11 00:02:44,2,3,1,2,0.26,2,4,0.3333333333333333,1540.22,credit_card,pos_qr,cosmetics_kit,324,4,8661.42,1,1,63,193,0,2,0.0216,38.98,authenticated_3ds,3ds_v2,1,0,0.0,39.44,delivered,delivered,1.0,1.0,0,online_marketplace_retailer,multi_category_retail,medium,website,physical_delivery,0,0,0.6203657859380023,1,1,112,0.0137,13.0,20.083333333333332
DSP001466,TXN0089889,M000317,C000024,Visa,UNAUTHORIZED_TRANSACTION,Cardholder claims transaction was unauthorized or fraudulent,2025-12-12 18:36:20,1175.04,500.0,250.0,2026-01-02 18:36:20,21,contested,won,2026-01-16 18:36:20,5,3,2,1,0.7433333333333333,5,1,0.6666666666666666,1175.04,debit_card,payment_link,fashion_apparel,176,9,36358.53,2,0,2,89,0,6,0.1307,0.54,authenticated_3ds,3ds_v2,1,0,0.0,3.33,delivered,delivered,1.0,1.0,0,online_marketplace_retailer,multi_category_retail,medium,mobile_app,physical_delivery,0,0,0.8025350743415457,1,1,21,0.0116,21.0,10.458333333333334
DSP001467,TXN0089929,M000352,C000018,RuPay,RECURRING_BILLING_DISPUTE,Cardholder claims recurring subscription billing was canceled or unauthorized,2026-01-15 23:24:37,9820.96,0.0,0.0,2026-01-26 23:24:37,11,accepted,accepted_refunded,,3,3,3,0,0.395,3,0,1.0,9820.96,credit_card,desktop_web,saas_plan,309,6,23187.98,0,0,141,0,1,1,0.0299,3.95,authenticated_3ds,3ds_v2,1,0,,,fulfilled,,,,0,digital_saas,cloud_analytics,medium,website,digital_service,1,0,0.8045304009772044,1,1,119,0.0127,11.0,44.583333333333336
DSP001468,TXN0089987,M000001,C000124,Visa,MERCHANDISE_NOT_RECEIVED,Cardholder claims ordered merchandise or service was not received,2026-01-12 00:41:37,1166.07,450.0,225.0,2026-01-26 00:41:37,14,contested,lost,2026-02-19 00:41:37,6,4,4,0,0.75,6,0,1.0,1166.07,credit_card,mobile_app,handmade_accessory,232,6,8564.38,0,0,31,12,0,5,0.01,19.67,authenticated_3ds,3ds_v2,1,0,0.0,17.39,delivered,delivered,1.0,1.0,0,individual_social_seller,crochet_accessories,medium,"Instagram, WhatsApp, payment links",physical_delivery,0,0,0.9,0,1,13,0.025,14.0,40.5
DSP001469,TXN0089991,M000004,C000096,RuPay,MERCHANDISE_NOT_RECEIVED,Cardholder claims ordered merchandise or service was not received,2025-12-07 00:52:46,24169.5,500.0,250.0,2025-12-23 00:52:46,16,contested,lost,2026-01-10 00:52:46,0,1,0,1,0.0,0,3,0.0,24169.5,credit_card,pos_qr,flight_booking,162,9,85874.12,0,0,19,0,1,1,0.044,12.26,authenticated_3ds,3ds_v2,1,0,,,fulfilled,,,,0,travel_hospitality,travel_agency,enterprise,"website, app",booking_service,0,0,0.3,1,1,68,0.0353,16.0,4.5
DSP001470,TXN0090148,M000264,C000026,Mastercard,UNAUTHORIZED_TRANSACTION,Cardholder claims transaction was unauthorized or fraudulent,2026-01-08 22:47:38,527.65,450.0,225.0,2026-01-28 22:47:38,20,contested,lost,2026-02-22 22:47:38,2,3,2,1,0.25166666666666665,2,1,0.6666666666666666,527.65,credit_card,mobile_app,food_item,47,3,2493.7,0,0,162,0,1,1,0.06,33.21,authenticated_otp,sms_otp,1,0,0.0,0.7,delivered,delivered,1.0,1.0,0,food_local_commerce,local_restaurant,medium,website,food_delivery,0,0,0.5597176493770768,1,1,42,0.0144,20.0,37.041666666666664
DSP001471,TXN0090168,M000086,C000034,Visa,RECURRING_BILLING_DISPUTE,Cardholder claims recurring subscription billing was canceled or unauthorized,2025-12-27 07:39:16,2359.56,150.0,75.0,2026-01-15 07:39:16,19,contested,won,2026-01-09 07:39:16,6,3,3,0,0.8666666666666667,6,0,1.0,2359.56,credit_card,pos_qr,footwear,291,8,12104.84,2,0,87,37,0,8,0.01,14.24,auth_failed,sms_otp,3,0,0.0,41.89,failed,failed,0.0,0.0,0,d2c_brand,fashion_apparel,medium,website,physical_delivery,0,0,0.8623298126827558,1,1,107,0.0067,19.0,24.333333333333332
DSP001472,TXN0090231,M000219,C000021,Visa,MERCHANDISE_NOT_AS_DESCRIBED,"Cardholder claims merchandise arrived damaged, defective, or not as described",2026-01-10 20:47:12,12575.63,350.0,175.0,2026-01-31 20:47:12,21,contested,lost,2026-02-22 20:47:12,3,2,2,0,0.4116666666666666,3,0,1.0,12575.63,debit_card,desktop_web,vacation_package,179,37,744023.63,0,3,1,0,1,1,0.0657,13.44,password_authenticated,password,1,0,,,fulfilled,,,,0,travel_hospitality,ticketing,medium,website,booking_service,0,0,0.8712179221347536,1,1,21,0.0385,21.0,38.5
DSP001473,TXN0090276,M000004,C000089,Visa,MERCHANDISE_NOT_RECEIVED,Cardholder claims ordered merchandise or service was not received,2026-01-08 18:29:04,12480.38,0.0,0.0,2026-01-20 18:29:04,12,accepted,accepted_refunded,,2,1,1,0,0.21666666666666665,2,1,1.0,12480.38,debit_card,payment_link,car_rental,162,5,57515.77,0,2,39,0,1,1,0.3025,6.55,authenticated_otp,sms_otp,1,0,,,fulfilled,,,,0,travel_hospitality,travel_agency,enterprise,"website, app",booking_service,0,0,0.3,1,1,68,0.0353,12.0,36.333333333333336
DSP001474,TXN0090280,M000321,C000022,Mastercard,UNAUTHORIZED_TRANSACTION,Cardholder claims transaction was unauthorized or fraudulent,2025-12-24 07:58:00,429.16,350.0,175.0,2026-01-07 07:58:00,14,contested,lost,2026-02-05 07:58:00,3,3,3,0,0.37833333333333335,3,0,1.0,429.16,credit_card,desktop_web,food_item,339,5,2472.62,0,0,90,163,0,1,0.0111,12.29,authenticated_otp,sms_otp,1,0,0.0,0.68,delivered,delivered,0.0,0.0,0,food_local_commerce,bakery,medium,website,food_delivery,0,0,0.840895294441427,1,1,83,0.026,14.0,20.875
DSP001475,TXN0090315,M000026,C000001,Mastercard,MERCHANDISE_NOT_RECEIVED,Cardholder claims ordered merchandise or service was not received,2025-12-31 13:41:08,26602.69,500.0,250.0,2026-01-19 13:41:08,19,contested,won,2026-01-26 13:41:08,3,1,1,0,0.4366666666666667,3,0,1.0,26602.69,credit_card,desktop_web,saas_plan,424,22,347890.15,0,1,4,0,1,1,0.0132,5.83,authenticated_otp,sms_otp,1,0,,,fulfilled,,,,0,digital_saas,productivity_tools,small,website,digital_service,1,0,0.8139493860652042,1,1,95,0.0187,19.0,28.041666666666668
DSP001476,TXN0090323,M000397,C000034,Mastercard,UNAUTHORIZED_TRANSACTION,Cardholder claims transaction was unauthorized or fraudulent,2026-01-12 10:08:01,2796.98,500.0,250.0,2026-01-27 10:08:01,15,contested,lost,2026-01-19 10:08:01,3,3,3,0,0.37999999999999995,3,0,1.0,2796.98,credit_card,pos_qr,saas_plan,131,22,57052.59,0,1,5,22,0,5,0.01,33.44,authenticated_3ds,3ds_v2,1,0,,,fulfilled,,,,0,digital_saas,b2b_software,medium,website,digital_service,1,0,0.8372018085792783,1,1,75,0.0138,15.0,39.875
DSP001477,TXN0090335,M000244,C000067,RuPay,UNAUTHORIZED_TRANSACTION,Cardholder claims transaction was unauthorized or fraudulent,2026-01-04 14:57:45,1053.65,0.0,0.0,2026-01-19 14:57:45,15,accepted,accepted_refunded,,3,3,0,3,0.405,3,3,0.0,1053.65,debit_card,desktop_web,cosmetics_kit,83,11,7636.88,5,0,6,12,0,10,0.01,7.59,authenticated_3ds,3ds_v2,1,0,0.0,13.67,delivered,delivered,1.0,0.0,0,online_marketplace_retailer,electronics_hub,enterprise,website,physical_delivery,0,0,0.8177110679407049,1,1,56,0.0069,15.0,32.041666666666664
DSP001478,TXN0090360,M000366,C000018,Visa,UNAUTHORIZED_TRANSACTION,Cardholder claims transaction was unauthorized or fraudulent,2026-01-12 16:58:44,5271.23,0.0,0.0,2026-01-26 16:58:44,14,accepted,accepted_refunded,,5,3,3,0,0.6833333333333332,5,1,1.0,5271.23,credit_card,desktop_web,fashion_apparel,308,9,31485.15,2,0,6,110,0,1,0.01,1.06,authenticated_3ds,3ds_v2,1,0,0.0,23.0,delivered,delivered,1.0,1.0,0,online_marketplace_retailer,electronics_hub,medium,omnichannel,physical_delivery,0,0,0.8643288218442353,1,1,78,0.0135,14.0,40.083333333333336
DSP001479,TXN0090379,M000244,C000045,RuPay,UNAUTHORIZED_TRANSACTION,Cardholder claims transaction was unauthorized or fraudulent,2025-12-23 00:14:03,720.29,0.0,0.0,2026-01-06 00:14:03,14,accepted,accepted_refunded,,5,3,2,1,0.6116666666666667,5,1,0.6666666666666666,720.29,debit_card,mobile_app,fashion_apparel,186,20,14189.09,7,0,6,0,1,1,0.0314,15.51,authenticated_otp,sms_otp,1,0,0.0,5.79,delivered,delivered,1.0,1.0,1,online_marketplace_retailer,electronics_hub,enterprise,website,physical_delivery,0,0,0.8177110679407049,1,1,56,0.0069,14.0,19.333333333333332
DSP001480,TXN0090477,M000015,C000002,Visa,MERCHANDISE_NOT_AS_DESCRIBED,"Cardholder claims merchandise arrived damaged, defective, or not as described",2026-01-15 16:32:51,1908.18,500.0,250.0,2026-01-25 16:32:51,10,contested,lost,2026-02-23 16:32:51,4,3,2,1,0.44333333333333336,4,2,0.6666666666666666,1908.18,debit_card,desktop_web,footwear,637,26,44674.63,6,0,0,605,0,14,0.0136,27.15,authenticated_otp,sms_otp,1,0,0.0,27.4,delivered,delivered,0.0,0.0,0,d2c_brand,electronics,medium,website,physical_delivery,0,0,0.8020584494295803,1,1,56,0.0075,10.0,42.833333333333336
DSP001481,TXN0090653,M000178,C000066,Visa,MERCHANDISE_NOT_AS_DESCRIBED,"Cardholder claims merchandise arrived damaged, defective, or not as described",2026-01-05 06:04:12,1069.19,500.0,250.0,2026-01-20 06:04:12,15,contested,lost,2026-01-13 06:04:12,5,3,2,1,0.5633333333333334,5,1,0.6666666666666666,1069.19,debit_card,mobile_app,home_decor,434,7,4469.45,1,0,9,126,0,6,0.01,1.1,authenticated_3ds,3ds_v2,1,0,0.0,42.77,delivered,delivered,1.0,1.0,0,online_marketplace_retailer,multi_category_retail,enterprise,website,physical_delivery,0,1,0.5726495775197937,1,1,50,0.0076,15.0,31.75
DSP001482,TXN0090665,M000002,C000051,Mastercard,MERCHANDISE_NOT_RECEIVED,Cardholder claims ordered merchandise or service was not received,2025-12-30 05:43:41,5413.25,500.0,250.0,2026-01-20 05:43:41,21,contested,lost,2026-02-03 05:43:41,1,1,0,1,0.145,1,2,0.0,5413.25,credit_card,desktop_web,footwear,338,4,21035.63,2,0,31,19,0,1,0.01,8.59,authenticated_otp,sms_otp,1,0,0.0,13.71,delivered,delivered,1.0,1.0,0,d2c_brand,footwear,enterprise,website,physical_delivery,0,0,0.65,1,1,60,0.025,21.0,25.708333333333332
DSP001483,TXN0090721,M000331,C000076,Mastercard,UNAUTHORIZED_TRANSACTION,Cardholder claims transaction was unauthorized or fraudulent,2025-12-15 07:26:50,1858.42,0.0,0.0,2025-12-26 07:26:50,11,accepted,accepted_refunded,,4,3,3,0,0.535,4,2,1.0,1858.42,credit_card,payment_link,fashion_apparel,520,40,59240.28,4,3,3,214,0,6,0.1709,6.35,authenticated_otp,sms_otp,1,0,0.0,20.77,delivered,delivered,1.0,1.0,0,online_marketplace_retailer,beauty_marketplace,enterprise,mobile_app,physical_delivery,0,0,0.85543540525114,1,1,17,0.0145,11.0,10.666666666666666
DSP001484,TXN0091012,M000014,C000017,Visa,UNAUTHORIZED_TRANSACTION,Cardholder claims transaction was unauthorized or fraudulent,2026-01-03 16:12:24,2848.53,500.0,250.0,2026-01-23 16:12:24,20,contested,won,2026-01-31 16:12:24,6,3,3,0,0.7600000000000001,6,0,1.0,2848.53,credit_card,desktop_web,footwear,334,29,38666.84,7,0,26,23,0,11,0.1674,7.69,authenticated_otp,sms_otp,1,0,1.0,45.18,delivered,delivered,1.0,1.0,0,d2c_brand,fashion_apparel,medium,website,physical_delivery,1,1,0.8708072577796045,1,1,77,0.0132,20.0,29.083333333333332
DSP001485,TXN0091067,M000025,C000033,Mastercard,MERCHANDISE_NOT_AS_DESCRIBED,"Cardholder claims merchandise arrived damaged, defective, or not as described",2026-01-04 13:09:19,3355.77,500.0,250.0,2026-01-19 13:09:19,15,contested,won,2026-01-29 13:09:19,4,3,1,2,0.5066666666666667,4,2,0.3333333333333333,3355.77,debit_card,payment_link,general_item,514,23,66384.25,4,0,7,0,1,1,0.1281,16.36,authenticated_otp,sms_otp,1,0,0.0,45.21,delivered,delivered,0.0,0.0,0,online_marketplace_retailer,specialty_goods,medium,omnichannel,physical_delivery,0,0,0.8611852894722379,0,1,108,0.0088,15.0,29.833333333333332
DSP001486,TXN0091106,M000293,C000008,RuPay,MERCHANDISE_NOT_RECEIVED,Cardholder claims ordered merchandise or service was not received,2025-12-18 12:33:08,6596.8,450.0,225.0,2025-12-28 12:33:08,10,contested,lost,2026-01-07 12:33:08,2,1,0,1,0.2683333333333333,2,1,0.0,6596.8,credit_card,payment_link,saas_plan,312,6,57727.86,0,0,70,231,0,5,0.01,17.31,authenticated_3ds,3ds_v2,1,0,,,fulfilled,,,,0,digital_saas,cloud_analytics,medium,website,digital_service,1,0,0.8286541252128284,1,1,18,0.0124,10.0,12.75
DSP001487,TXN0091124,M000003,C000175,RuPay,DUPLICATE_TRANSACTION,Cardholder claims single purchase was billed multiple times,2026-01-02 13:26:09,2196.51,0.0,0.0,2026-01-12 13:26:09,10,accepted,accepted_refunded,,2,2,0,2,0.225,2,4,0.0,2196.51,credit_card,pos_qr,study_material,383,23,65921.22,0,0,7,0,1,1,0.0989,2.61,authenticated_3ds,3ds_v2,1,0,,,fulfilled,,,,0,education_coaching,exam_prep,enterprise,"website, app",digital_service,0,1,0.4,1,0,99,0.025,10.0,27.75
DSP001488,TXN0091141,M000178,C000014,Mastercard,UNAUTHORIZED_TRANSACTION,Cardholder claims transaction was unauthorized or fraudulent,2026-01-10 15:14:22,1327.86,0.0,0.0,2026-01-30 15:14:22,20,accepted,accepted_refunded,,4,3,1,2,0.48,4,2,0.3333333333333333,1327.86,credit_card,pos_qr,electronic_accessory,300,15,11238.15,0,0,1,0,1,1,0.522,9.95,authenticated_3ds,3ds_v2,1,0,0.0,30.85,delivered,delivered,1.0,1.0,1,online_marketplace_retailer,multi_category_retail,enterprise,website,physical_delivery,0,1,0.5726495775197937,1,1,50,0.0076,20.0,35.75
DSP001489,TXN0091273,M000267,C000026,Visa,CREDIT_NOT_PROCESSED,Cardholder claims promised credit or refund was not posted,2026-01-11 11:08:47,20169.82,0.0,0.0,2026-01-30 11:08:47,19,accepted,accepted_refunded,,2,3,2,1,0.27499999999999997,2,1,0.6666666666666666,20169.82,credit_card,mobile_app,tour_package,342,13,229606.64,0,1,16,0,1,1,0.3253,2.34,password_authenticated,password,1,0,,,fulfilled,,,,0,travel_hospitality,tour_packages,medium,website,booking_service,0,1,0.8140084015236524,1,1,77,0.032,19.0,36.041666666666664
DSP001490,TXN0091277,M000383,C000005,Mastercard,MERCHANDISE_NOT_AS_DESCRIBED,"Cardholder claims merchandise arrived damaged, defective, or not as described",2025-12-26 16:15:01,17475.95,500.0,250.0,2026-01-14 16:15:01,19,contested,won,2026-01-25 16:15:01,3,2,2,0,0.43,3,0,1.0,17475.95,credit_card,pos_qr,flight_booking,82,6,121064.55,0,0,5,45,0,2,0.3306,26.23,password_authenticated,password,1,0,,,fulfilled,,,,0,travel_hospitality,hotel_booking,medium,mobile_app,booking_service,0,0,0.8814468482588935,1,1,53,0.0211,19.0,20.25
DSP001491,TXN0091288,M000002,C000072,Mastercard,UNAUTHORIZED_TRANSACTION,Cardholder claims transaction was unauthorized or fraudulent,2025-12-24 00:29:12,4790.76,500.0,250.0,2026-01-08 00:29:12,15,contested,lost,2026-01-05 00:29:12,1,3,1,2,0.12166666666666666,1,2,0.3333333333333333,4790.76,credit_card,desktop_web,footwear,352,2,7490.01,0,0,179,115,0,2,0.01,3.69,authenticated_3ds,3ds_v2,1,0,0.0,43.33,delivered,delivered,1.0,1.0,0,d2c_brand,footwear,enterprise,website,physical_delivery,0,0,0.65,1,1,60,0.025,15.0,17.583333333333332
DSP001492,TXN0091307,M000019,C000074,Visa,UNAUTHORIZED_TRANSACTION,Cardholder claims transaction was unauthorized or fraudulent,2026-01-01 04:30:33,2379.69,500.0,250.0,2026-01-19 04:30:33,18,contested,lost,2026-01-22 04:30:33,5,3,2,1,0.7016666666666667,5,1,0.6666666666666666,2379.69,credit_card,pos_qr,fashion_apparel,112,12,39361.32,2,1,13,90,0,9,0.0149,29.77,authenticated_3ds,3ds_v2,1,0,0.0,43.1,delivered,delivered,1.0,1.0,0,online_marketplace_retailer,electronics_hub,enterprise,omnichannel,physical_delivery,0,0,0.8181824967207101,1,1,118,0.0087,18.0,25.708333333333332
DSP001493,TXN0091454,M000379,C000003,Mastercard,DUPLICATE_TRANSACTION,Cardholder claims single purchase was billed multiple times,2026-01-14 21:57:27,9016.02,500.0,250.0,2026-02-01 21:57:27,18,contested,lost,2026-01-29 21:57:27,2,2,2,0,0.23500000000000001,2,1,1.0,9016.02,credit_card,pos_qr,saas_plan,175,4,42481.1,0,0,23,104,0,3,0.01,0.32,authenticated_3ds,3ds_v2,1,0,,,fulfilled,,,,0,digital_saas,productivity_tools,medium,website,digital_service,1,1,0.8071188648460229,0,1,44,0.0208,18.0,39.166666666666664
DSP001494,TXN0091477,M000351,C000024,Visa,MERCHANDISE_NOT_RECEIVED,Cardholder claims ordered merchandise or service was not received,2026-01-17 02:57:39,509.6,450.0,225.0,2026-01-31 02:57:39,14,contested,won,2026-02-25 02:57:39,3,1,1,0,0.3633333333333333,3,0,1.0,509.6,debit_card,desktop_web,food_item,339,1,570.6,0,0,56,0,1,1,0.1379,4.44,authenticated_otp,sms_otp,1,0,0.0,0.91,delivered,delivered,1.0,1.0,0,food_local_commerce,local_restaurant,enterprise,website,food_delivery,0,0,0.8635093650867643,0,0,107,0.0252,14.0,41.333333333333336
DSP001495,TXN0091507,M000061,C000052,Visa,MERCHANDISE_NOT_RECEIVED,Cardholder claims ordered merchandise or service was not received,2025-12-19 13:56:58,899.54,500.0,250.0,2026-01-05 13:56:58,17,contested,lost,2026-01-21 13:56:58,5,4,3,1,0.5866666666666667,5,1,0.75,899.54,debit_card,payment_link,electronic_accessory,60,2,1517.52,1,0,94,52,0,2,0.01,7.77,password_authenticated,password,1,0,0.0,25.48,delivered,delivered,1.0,0.0,0,online_marketplace_retailer,electronics_hub,enterprise,omnichannel,physical_delivery,0,0,0.8088492502051919,1,1,75,0.0125,17.0,12.75
DSP001496,TXN0091551,M000341,C000081,Visa,MERCHANDISE_NOT_RECEIVED,Cardholder claims ordered merchandise or service was not received,2025-12-26 15:52:17,969.98,500.0,250.0,2026-01-16 15:52:17,21,contested,won,2026-01-03 15:52:17,5,4,4,0,0.7000000000000001,5,1,1.0,969.98,credit_card,mobile_app,fashion_apparel,43,4,5661.29,1,0,17,0,1,1,0.4874,3.06,authenticated_3ds,3ds_v2,1,0,0.0,29.88,delivered,delivered,1.0,1.0,0,online_marketplace_retailer,beauty_marketplace,enterprise,mobile_app,physical_delivery,0,0,0.8855460584011007,1,1,92,0.0076,21.0,19.708333333333332
DSP001497,TXN0091649,M000154,C000035,Visa,CREDIT_NOT_PROCESSED,Cardholder claims promised credit or refund was not posted,2025-12-20 11:27:52,2510.18,500.0,250.0,2026-01-01 11:27:52,12,contested,won,2026-01-21 11:27:52,5,3,3,0,0.595,5,1,1.0,2510.18,credit_card,payment_link,general_item,279,28,54971.72,5,0,0,0,1,1,0.4772,14.44,authenticated_3ds,3ds_v2,1,0,0.0,21.96,delivered,delivered,1.0,0.0,0,online_marketplace_retailer,electronics_hub,enterprise,omnichannel,physical_delivery,1,0,0.5778646464236611,1,0,15,0.005,12.0,13.083333333333334
DSP001498,TXN0091684,M000244,C000017,Mastercard,CREDIT_NOT_PROCESSED,Cardholder claims promised credit or refund was not posted,2026-01-14 17:23:50,849.71,500.0,250.0,2026-02-04 17:23:50,21,contested,won,2026-01-27 17:23:50,5,3,2,1,0.6816666666666666,5,1,0.6666666666666666,849.71,credit_card,mobile_app,fashion_apparel,429,7,5232.18,1,0,16,182,0,7,0.0137,16.31,authenticated_otp,sms_otp,1,0,0.0,5.14,delivered,delivered,1.0,0.0,1,online_marketplace_retailer,electronics_hub,enterprise,website,physical_delivery,0,0,0.8177110679407049,1,1,56,0.0069,21.0,38.291666666666664
DSP001499,TXN0091926,M000080,C000003,Mastercard,MERCHANDISE_NOT_AS_DESCRIBED,"Cardholder claims merchandise arrived damaged, defective, or not as described",2025-12-12 23:28:57,2350.06,500.0,250.0,2026-01-02 23:28:57,21,contested,won,2026-01-15 23:28:57,6,3,3,0,0.6699999999999999,6,0,1.0,2350.06,credit_card,payment_link,handicraft_item,352,13,40437.42,1,0,25,261,0,13,0.0342,6.32,authenticated_otp,sms_otp,1,0,0.0,2.79,delivered,delivered,1.0,0.0,0,individual_social_seller,baked_goods,micro,payment_links,physical_delivery,0,0,0.3729007168040987,1,0,3,0.0183,21.0,5.083333333333333
DSP001500,TXN0092228,M000372,C000002,Mastercard,MERCHANDISE_NOT_AS_DESCRIBED,"Cardholder claims merchandise arrived damaged, defective, or not as described",2025-12-30 10:28:29,986.16,500.0,250.0,2026-01-20 10:28:29,21,contested,lost,2026-02-07 10:28:29,5,3,2,1,0.6366666666666667,5,1,0.6666666666666666,986.16,debit_card,pos_qr,home_decor,174,5,5372.93,1,0,9,131,0,4,0.01,30.85,auth_failed,password,3,0,0.0,35.4,failed,failed,0.0,0.0,0,individual_social_seller,baked_goods,micro,instagram_whatsapp,physical_delivery,0,0,0.6405350641956064,0,0,79,0.014,21.0,21.625
DSP001501,TXN0092390,M000377,C000008,Mastercard,RECURRING_BILLING_DISPUTE,Cardholder claims recurring subscription billing was canceled or unauthorized,2025-12-17 14:35:09,17589.88,500.0,250.0,2025-12-27 14:35:09,10,contested,won,2026-01-13 14:35:09,3,3,3,0,0.3233333333333333,3,0,1.0,17589.88,credit_card,desktop_web,saas_plan,313,17,399499.05,0,0,30,236,0,3,0.1541,6.24,authenticated_3ds,3ds_v2,1,0,,,fulfilled,,,,0,digital_saas,productivity_tools,medium,website,digital_service,1,0,0.8094442960755928,1,1,39,0.02,10.0,8.166666666666666
DSP001502,TXN0092409,M000201,C000006,Visa,CREDIT_NOT_PROCESSED,Cardholder claims promised credit or refund was not posted,2026-01-09 16:41:41,16833.71,0.0,0.0,2026-01-27 16:41:41,18,accepted,accepted_refunded,,3,3,3,0,0.4033333333333333,3,0,1.0,16833.71,credit_card,payment_link,vacation_package,374,32,777462.9,0,2,0,260,0,22,0.0299,5.22,authenticated_otp,sms_otp,1,0,,,fulfilled,,,,0,travel_hospitality,tour_packages,small,mobile_app,booking_service,0,0,0.3725955678870239,1,1,74,0.0198,18.0,31.208333333333332
DSP001503,TXN0092412,M000179,C000012,Mastercard,UNAUTHORIZED_TRANSACTION,Cardholder claims transaction was unauthorized or fraudulent,2026-01-02 12:48:29,2064.19,500.0,250.0,2026-01-21 12:48:29,19,contested,won,2026-02-05 12:48:29,3,3,3,0,0.3933333333333333,3,0,1.0,2064.19,debit_card,payment_link,lab_test,144,6,13439.82,0,0,34,0,1,1,0.0503,31.21,authenticated_otp,sms_otp,1,0,,,fulfilled,,,,0,healthcare_diagnostics,clinic_appointments,small,website,appointment_service,0,0,0.614517279040945,1,1,92,0.0081,19.0,24.041666666666668
DSP001504,TXN0092435,M000293,C000016,Visa,CREDIT_NOT_PROCESSED,Cardholder claims promised credit or refund was not posted,2025-12-30 22:51:12,8903.36,500.0,250.0,2026-01-15 22:51:12,16,contested,lost,2026-01-19 22:51:12,2,3,2,1,0.23666666666666666,2,1,0.6666666666666666,8903.36,credit_card,desktop_web,saas_plan,192,18,158687.77,0,0,7,0,1,1,0.249,7.26,authenticated_3ds,3ds_v2,1,0,,,fulfilled,,,,0,digital_saas,cloud_analytics,medium,website,digital_service,1,0,0.8286541252128284,1,1,18,0.0124,16.0,21.416666666666668
DSP001505,TXN0092438,M000317,C000036,Visa,MERCHANDISE_NOT_AS_DESCRIBED,"Cardholder claims merchandise arrived damaged, defective, or not as described",2026-01-09 04:59:56,2806.34,500.0,250.0,2026-01-23 04:59:56,14,contested,won,2026-01-26 04:59:56,6,3,3,0,0.7833333333333333,6,0,1.0,2806.34,credit_card,payment_link,electronic_accessory,648,30,115065.57,7,1,1,227,0,4,0.01,11.29,authenticated_otp,sms_otp,1,0,1.0,42.31,failed,failed,0.0,0.0,0,online_marketplace_retailer,multi_category_retail,medium,mobile_app,physical_delivery,0,0,0.8025350743415457,1,1,21,0.0116,14.0,30.666666666666668
DSP001506,TXN0092484,M000088,C000017,Visa,RECURRING_BILLING_DISPUTE,Cardholder claims recurring subscription billing was canceled or unauthorized,2025-12-20 00:58:21,13966.4,500.0,250.0,2026-01-03 00:58:21,14,contested,lost,2026-02-03 00:58:21,3,3,3,0,0.34,3,0,1.0,13966.4,debit_card,payment_link,vacation_package,75,4,51361.9,0,0,116,0,1,1,0.0117,6.1,password_authenticated,password,1,0,,,fulfilled,,,,0,travel_hospitality,hotel_booking,small,website,booking_service,0,0,0.5563558350286023,0,1,65,0.0266,14.0,10.375
DSP001507,TXN0092530,M000058,C000033,RuPay,MERCHANDISE_NOT_AS_DESCRIBED,"Cardholder claims merchandise arrived damaged, defective, or not as described",2025-12-19 01:06:54,3545.45,500.0,250.0,2026-01-08 01:06:54,20,contested,lost,2026-01-05 01:06:54,6,3,3,0,0.7833333333333333,6,0,1.0,3545.45,debit_card,payment_link,footwear,488,23,66003.95,2,1,4,377,0,15,0.01,17.28,authenticated_3ds,3ds_v2,1,0,0.0,18.21,delivered,delivered,1.0,1.0,0,d2c_brand,fashion_apparel,medium,omnichannel,physical_delivery,1,0,0.6394827350427649,1,1,55,0.0149,20.0,9.291666666666666
DSP001508,TXN0092660,M000035,C000006,Mastercard,MERCHANDISE_NOT_RECEIVED,Cardholder claims ordered merchandise or service was not received,2025-12-15 03:40:01,1803.81,500.0,250.0,2025-12-25 03:40:01,10,contested,lost,2026-01-14 03:40:01,3,1,1,0,0.36833333333333335,3,0,1.0,1803.81,credit_card,desktop_web,nutrition_plan,158,23,66455.7,0,0,4,142,0,9,0.0449,8.74,authenticated_otp,sms_otp,1,0,,,fulfilled,,,,0,fitness_services,yoga_wellness,small,omnichannel,membership_service,1,0,0.6107544851901439,1,1,23,0.0105,10.0,4.791666666666667
DSP001509,TXN0092704,M000330,C000012,Visa,MERCHANDISE_NOT_RECEIVED,Cardholder claims ordered merchandise or service was not received,2025-12-26 19:17:29,3244.37,150.0,75.0,2026-01-14 19:17:29,19,contested,won,2026-01-09 19:17:29,6,4,4,0,0.8216666666666667,6,0,1.0,3244.37,credit_card,payment_link,footwear,30,2,4986.41,1,0,62,11,0,2,0.01,30.57,password_authenticated,password,1,0,0.0,7.43,delivered,delivered,1.0,1.0,0,d2c_brand,fashion_apparel,medium,omnichannel,physical_delivery,0,0,0.8737896916695769,1,1,27,0.0074,19.0,16.375
DSP001510,TXN0092783,M000374,C000029,Visa,MERCHANDISE_NOT_AS_DESCRIBED,"Cardholder claims merchandise arrived damaged, defective, or not as described",2025-12-21 04:16:15,11329.0,500.0,250.0,2026-01-06 04:16:15,16,contested,lost,2026-01-04 04:16:15,1,2,0,2,0.135,1,2,0.0,11329.0,credit_card,payment_link,hotel_stay,125,0,0.0,0,0,12,0,1,1,0.0788,211.79,password_authenticated,password,1,1,,,fulfilled,,,,0,travel_hospitality,tour_packages,medium,website,booking_service,0,1,0.8069361300875165,1,1,71,0.0162,16.0,10.583333333333334
DSP001511,TXN0092811,M000132,C000026,Visa,RECURRING_BILLING_DISPUTE,Cardholder claims recurring subscription billing was canceled or unauthorized,2026-01-04 17:41:56,3583.71,450.0,225.0,2026-01-25 17:41:56,21,contested,won,2026-01-28 17:41:56,5,3,3,0,0.6283333333333333,5,1,1.0,3583.71,credit_card,pos_qr,footwear,469,55,253278.26,28,3,2,432,0,28,0.0226,17.46,authenticated_3ds,3ds_v2,1,0,0.0,32.44,delivered,delivered,1.0,1.0,1,d2c_brand,fashion_apparel,medium,website,physical_delivery,1,1,0.8860730583256343,1,1,119,0.0166,21.0,25.083333333333332
DSP001512,TXN0092827,M000001,C000111,Visa,MERCHANDISE_NOT_RECEIVED,Cardholder claims ordered merchandise or service was not received,2026-01-12 12:35:39,919.68,500.0,250.0,2026-02-02 12:35:39,21,contested,won,2026-01-25 12:35:39,6,4,4,0,0.7633333333333333,6,0,1.0,919.68,debit_card,payment_link,handicraft_item,14,6,7429.58,1,0,37,0,1,1,0.0192,7.78,authenticated_otp,sms_otp,1,0,1.0,6.92,delivered,delivered,1.0,1.0,1,individual_social_seller,crochet_accessories,medium,"Instagram, WhatsApp, payment links",physical_delivery,0,0,0.9,0,1,13,0.025,21.0,32.833333333333336
DSP001513,TXN0092864,M000004,C000041,Visa,MERCHANDISE_NOT_RECEIVED,Cardholder claims ordered merchandise or service was not received,2026-01-16 04:15:52,16324.89,0.0,0.0,2026-01-29 04:15:52,13,accepted,accepted_refunded,,3,1,1,0,0.32166666666666666,3,0,1.0,16324.89,credit_card,payment_link,flight_booking,171,5,45994.89,0,0,29,84,0,1,0.1955,0.67,password_authenticated,password,1,0,,,fulfilled,,,,0,travel_hospitality,travel_agency,enterprise,"website, app",booking_service,0,0,0.3,1,1,68,0.0353,13.0,36.416666666666664
DSP001514,TXN0092905,M000331,C000019,Visa,UNAUTHORIZED_TRANSACTION,Cardholder claims transaction was unauthorized or fraudulent,2025-12-14 03:01:05,2120.7,0.0,0.0,2025-12-26 03:01:05,12,accepted,accepted_refunded,,5,3,2,1,0.645,5,1,0.6666666666666666,2120.7,debit_card,mobile_app,general_item,476,13,19930.42,4,0,10,460,0,8,0.0233,27.8,authenticated_otp,sms_otp,1,0,0.0,5.08,delivered,delivered,1.0,1.0,0,online_marketplace_retailer,beauty_marketplace,enterprise,mobile_app,physical_delivery,0,0,0.85543540525114,1,1,17,0.0145,12.0,3.2916666666666665
DSP001515,TXN0092945,M000004,C000074,Visa,UNAUTHORIZED_TRANSACTION,Cardholder claims transaction was unauthorized or fraudulent,2026-01-14 03:50:43,13110.96,500.0,250.0,2026-02-04 03:50:43,21,contested,lost,2026-02-23 03:50:43,1,3,1,2,0.09999999999999999,1,2,0.3333333333333333,13110.96,credit_card,mobile_app,flight_booking,172,5,111335.51,0,0,168,0,1,1,0.0559,14.36,password_authenticated,password,1,0,,,fulfilled,,,,0,travel_hospitality,travel_agency,enterprise,"website, app",booking_service,0,0,0.3,1,1,68,0.0353,21.0,34.208333333333336
DSP001516,TXN0093072,M000013,C000011,Mastercard,CREDIT_NOT_PROCESSED,Cardholder claims promised credit or refund was not posted,2025-12-27 10:42:14,12086.09,450.0,225.0,2026-01-12 10:42:14,16,contested,lost,2026-01-05 10:42:14,2,3,2,1,0.285,2,1,0.6666666666666666,12086.09,credit_card,pos_qr,saas_plan,90,35,408567.0,0,0,17,11,0,32,0.01,1.19,password_authenticated,password,1,0,,,fulfilled,,,,0,digital_saas,cloud_analytics,medium,website,digital_service,1,0,0.8601115011743209,1,0,111,0.0167,16.0,16.0
DSP001517,TXN0093206,M000383,C000003,Visa,MERCHANDISE_NOT_AS_DESCRIBED,"Cardholder claims merchandise arrived damaged, defective, or not as described",2026-01-10 16:45:48,22614.71,500.0,250.0,2026-01-24 16:45:48,14,contested,lost,2026-02-19 16:45:48,3,2,2,0,0.39999999999999997,3,0,1.0,22614.71,debit_card,mobile_app,tour_package,425,40,1052192.03,0,2,8,232,0,39,0.1936,1.8,password_authenticated,password,1,0,,,fulfilled,,,,0,travel_hospitality,hotel_booking,medium,mobile_app,booking_service,0,0,0.8814468482588935,1,1,53,0.0211,14.0,29.916666666666668
DSP001518,TXN0093285,M000009,C000147,Visa,MERCHANDISE_NOT_AS_DESCRIBED,"Cardholder claims merchandise arrived damaged, defective, or not as described",2026-01-26 07:04:36,8080.18,500.0,250.0,2026-02-09 07:04:36,14,contested,lost,2026-03-05 07:04:36,2,2,1,1,0.22999999999999998,2,1,0.5,8080.18,debit_card,mobile_app,gym_membership,524,12,92891.81,0,1,2,443,0,6,0.01,10.12,authenticated_3ds,3ds_v2,1,0,,,fulfilled,,,,0,fitness_services,fitness_program,enterprise,"app, in-person",membership_service,1,0,0.5656018640442436,1,1,47,0.025,14.0,45.208333333333336
DSP001519,TXN0093330,M000388,C000064,Mastercard,UNAUTHORIZED_TRANSACTION,Cardholder claims transaction was unauthorized or fraudulent,2026-01-24 20:33:33,933.81,350.0,175.0,2026-02-12 20:33:33,19,contested,lost,2026-02-07 20:33:33,5,3,2,1,0.625,5,1,0.6666666666666666,933.81,debit_card,desktop_web,footwear,479,19,30505.47,6,1,6,92,0,12,0.01,5.78,authenticated_3ds,3ds_v2,1,0,1.0,27.78,delivered,delivered,1.0,1.0,0,d2c_brand,fashion_apparel,medium,omnichannel,physical_delivery,0,0,0.8877472013527052,0,1,11,0.016,19.0,43.5
DSP001520,TXN0093475,M000145,C000005,Visa,CREDIT_NOT_PROCESSED,Cardholder claims promised credit or refund was not posted,2026-01-03 06:08:13,7376.53,500.0,250.0,2026-01-20 06:08:13,17,contested,lost,2026-02-08 06:08:13,4,3,2,1,0.5216666666666666,4,2,0.6666666666666666,7376.53,debit_card,pos_qr,footwear,280,14,53688.05,6,0,12,158,0,2,0.1963,14.56,authenticated_otp,sms_otp,1,0,0.0,21.55,delivered,delivered,1.0,1.0,0,d2c_brand,cosmetics,medium,omnichannel,physical_delivery,0,1,0.6462447294942111,1,1,108,0.0054,17.0,21.541666666666668
DSP001521,TXN0093492,M000009,C000058,RuPay,MERCHANDISE_NOT_RECEIVED,Cardholder claims ordered merchandise or service was not received,2026-01-05 15:18:06,10665.96,500.0,250.0,2026-01-16 15:18:06,11,contested,won,2026-02-11 15:18:06,2,1,1,0,0.25666666666666665,2,1,1.0,10665.96,credit_card,desktop_web,fitness_class,376,4,31071.59,0,0,4,340,0,3,0.01,4.22,authenticated_otp,sms_otp,1,0,,,fulfilled,,,,0,fitness_services,fitness_program,enterprise,"app, in-person",membership_service,1,0,0.5656018640442436,1,1,47,0.025,11.0,23.875
DSP001522,TXN0093503,M000003,C000112,Visa,MERCHANDISE_NOT_RECEIVED,Cardholder claims ordered merchandise or service was not received,2026-01-16 13:42:44,2268.45,500.0,250.0,2026-02-01 13:42:44,16,contested,lost,2026-02-05 13:42:44,2,4,2,2,0.23833333333333337,2,4,0.5,2268.45,credit_card,payment_link,study_material,278,12,31780.06,0,0,37,154,0,10,0.01,1.19,authenticated_otp,sms_otp,1,0,,,fulfilled,,,,0,education_coaching,exam_prep,enterprise,"website, app",digital_service,0,1,0.4,1,0,99,0.025,16.0,34.791666666666664
DSP001523,TXN0093592,M000282,C000001,Visa,MERCHANDISE_NOT_AS_DESCRIBED,"Cardholder claims merchandise arrived damaged, defective, or not as described",2026-01-11 02:30:43,4874.29,0.0,0.0,2026-01-29 02:30:43,18,accepted,accepted_refunded,,6,3,3,0,0.7683333333333334,6,0,1.0,4874.29,credit_card,payment_link,footwear,60,36,95760.89,8,0,1,20,0,2,0.0978,0.46,authenticated_3ds,3ds_v2,1,0,0.0,23.19,delivered,delivered,1.0,1.0,1,d2c_brand,electronics,medium,website,physical_delivery,0,1,0.8649963930777765,1,1,99,0.0128,18.0,29.041666666666668
DSP001524,TXN0093676,M000369,C000036,Visa,UNAUTHORIZED_TRANSACTION,Cardholder claims transaction was unauthorized or fraudulent,2026-01-12 21:27:50,1270.85,0.0,0.0,2026-01-26 21:27:50,14,accepted,accepted_refunded,,6,3,3,0,0.7816666666666667,6,0,1.0,1270.85,debit_card,pos_qr,footwear,403,10,20736.23,4,1,53,301,0,4,0.0704,7.83,authenticated_3ds,3ds_v2,1,0,0.0,29.72,delivered,delivered,0.0,0.0,1,d2c_brand,cosmetics,medium,website,physical_delivery,1,0,0.8941464808776525,0,1,119,0.0159,14.0,30.5
DSP001525,TXN0093809,M000226,C000050,Visa,CREDIT_NOT_PROCESSED,Cardholder claims promised credit or refund was not posted,2026-01-05 04:27:41,1404.51,0.0,0.0,2026-01-21 04:27:41,16,accepted,accepted_refunded,,5,3,2,1,0.645,5,1,0.6666666666666666,1404.51,credit_card,payment_link,footwear,726,22,44022.89,8,0,5,453,0,21,0.01,15.15,authenticated_otp,sms_otp,1,0,0.0,29.68,delivered,delivered,1.0,1.0,0,d2c_brand,electronics,medium,omnichannel,physical_delivery,1,0,0.6068308603335472,1,1,56,0.0125,16.0,22.583333333333332
DSP001526,TXN0093858,M000377,C000012,Mastercard,MERCHANDISE_NOT_RECEIVED,Cardholder claims ordered merchandise or service was not received,2026-01-25 20:12:28,10192.37,500.0,250.0,2026-02-13 20:12:28,19,contested,lost,2026-02-02 20:12:28,2,1,0,1,0.24833333333333332,2,1,0.0,10192.37,credit_card,payment_link,saas_plan,337,16,193694.78,0,0,10,216,0,10,0.0392,3.93,authenticated_otp,sms_otp,1,0,,,fulfilled,,,,0,digital_saas,productivity_tools,medium,website,digital_service,1,0,0.8094442960755928,1,1,39,0.02,19.0,43.125
DSP001527,TXN0093869,M000244,C000008,Mastercard,MERCHANDISE_NOT_RECEIVED,Cardholder claims ordered merchandise or service was not received,2026-01-09 19:38:30,1099.7,450.0,225.0,2026-01-30 19:38:30,21,contested,won,2026-01-29 19:38:30,4,4,3,1,0.4816666666666667,4,2,0.75,1099.7,credit_card,desktop_web,cosmetics_kit,126,3,1913.56,0,0,55,106,0,2,0.01,17.91,authenticated_3ds,3ds_v2,1,0,0.0,11.95,delivered,delivered,1.0,1.0,0,online_marketplace_retailer,electronics_hub,enterprise,website,physical_delivery,0,0,0.8177110679407049,1,1,56,0.0069,21.0,27.083333333333332
DSP001528,TXN0093875,M000346,C000070,Mastercard,RECURRING_BILLING_DISPUTE,Cardholder claims recurring subscription billing was canceled or unauthorized,2026-01-09 10:52:50,670.12,0.0,0.0,2026-01-22 10:52:50,13,accepted,accepted_refunded,,1,3,1,2,0.11499999999999999,1,2,0.3333333333333333,670.12,credit_card,pos_qr,food_item,164,8,4839.47,0,0,15,63,0,1,0.1334,23.73,authenticated_otp,sms_otp,1,0,0.0,0.59,delivered,delivered,1.0,1.0,0,food_local_commerce,local_restaurant,medium,mobile_app,food_delivery,0,0,0.8473471770780565,1,1,46,0.024,13.0,26.708333333333332
DSP001529,TXN0093929,M000231,C000002,RuPay,UNAUTHORIZED_TRANSACTION,Cardholder claims transaction was unauthorized or fraudulent,2026-01-09 05:30:20,874.69,350.0,175.0,2026-01-25 05:30:20,16,contested,lost,2026-01-22 05:30:20,1,3,1,2,0.105,1,2,0.3333333333333333,874.69,credit_card,payment_link,saas_plan,475,12,12094.14,0,0,56,420,0,4,0.1663,8.69,authenticated_3ds,3ds_v2,1,0,,,fulfilled,,,,0,digital_saas,b2b_software,medium,website,digital_service,1,1,0.8973010554752445,1,1,76,0.0117,16.0,26.416666666666668
DSP001530,TXN0093958,M000142,C000039,Visa,UNAUTHORIZED_TRANSACTION,Cardholder claims transaction was unauthorized or fraudulent,2026-01-18 09:12:40,4107.05,500.0,250.0,2026-02-04 09:12:40,17,contested,won,2026-02-09 09:12:40,6,3,3,0,0.73,6,0,1.0,4107.05,credit_card,pos_qr,footwear,430,38,189846.79,12,0,8,258,0,7,0.01,4.45,authenticated_otp,sms_otp,1,0,1.0,42.13,delivered,delivered,1.0,1.0,0,d2c_brand,electronics,medium,omnichannel,physical_delivery,0,0,0.8703018958895178,1,1,53,0.009,17.0,35.5
DSP001531,TXN0093982,M000229,C000009,Mastercard,MERCHANDISE_NOT_AS_DESCRIBED,"Cardholder claims merchandise arrived damaged, defective, or not as described",2025-12-19 07:03:40,1410.92,0.0,0.0,2026-01-09 07:03:40,21,accepted,accepted_refunded,,3,2,2,0,0.365,3,0,1.0,1410.92,debit_card,payment_link,lab_test,143,25,65336.38,0,0,3,0,1,1,0.0572,55.1,authenticated_otp,sms_otp,1,0,,,fulfilled,,,,0,healthcare_diagnostics,telehealth,small,website,appointment_service,0,0,0.5765202367681725,1,1,69,0.0129,21.0,5.333333333333333
DSP001532,TXN0093986,M000107,C000020,Visa,UNAUTHORIZED_TRANSACTION,Cardholder claims transaction was unauthorized or fraudulent,2025-12-25 22:18:10,1109.93,350.0,175.0,2026-01-08 22:18:10,14,contested,lost,2026-01-27 22:18:10,4,3,2,1,0.54,4,2,0.6666666666666666,1109.93,credit_card,desktop_web,electronic_accessory,172,15,12029.95,6,0,0,166,0,15,0.021,26.26,authenticated_otp,sms_otp,1,0,0.0,1.87,delivered,delivered,1.0,1.0,0,online_marketplace_retailer,specialty_goods,medium,omnichannel,physical_delivery,0,0,0.5814355981076327,1,1,26,0.0041,14.0,11.958333333333334
DSP001533,TXN0094006,M000376,C000045,Mastercard,MERCHANDISE_NOT_AS_DESCRIBED,"Cardholder claims merchandise arrived damaged, defective, or not as described",2025-12-18 01:32:30,2253.57,500.0,250.0,2026-01-08 01:32:30,21,contested,won,2026-01-06 01:32:30,5,3,3,0,0.6216666666666667,5,1,1.0,2253.57,credit_card,payment_link,footwear,285,37,141991.67,25,0,1,206,0,7,0.01,16.39,authenticated_3ds,3ds_v2,1,0,0.0,26.44,delivered,delivered,1.0,1.0,1,d2c_brand,footwear,medium,omnichannel,physical_delivery,1,1,0.8018221825651549,1,1,76,0.0077,21.0,4.0
DSP001534,TXN0094040,M000374,C000031,Visa,MERCHANDISE_NOT_AS_DESCRIBED,"Cardholder claims merchandise arrived damaged, defective, or not as described",2026-01-24 15:48:09,17499.06,0.0,0.0,2026-02-08 15:48:09,15,accepted,accepted_refunded,,3,2,2,0,0.41,3,0,1.0,17499.06,credit_card,mobile_app,car_rental,581,51,778704.5,0,2,4,231,0,18,0.3586,677.98,authenticated_3ds,3ds_v2,1,1,,,fulfilled,,,,0,travel_hospitality,tour_packages,medium,website,booking_service,0,1,0.8069361300875165,1,1,71,0.0162,15.0,41.375
DSP001535,TXN0094092,M000350,C000018,Visa,MERCHANDISE_NOT_RECEIVED,Cardholder claims ordered merchandise or service was not received,2026-01-15 16:01:16,5491.4,500.0,250.0,2026-01-26 16:01:16,11,contested,won,2026-02-18 16:01:16,3,1,1,0,0.4166666666666667,3,0,1.0,5491.4,debit_card,mobile_app,tour_package,4,5,29348.58,0,0,18,8,0,4,0.01,59.17,password_authenticated,password,1,0,,,fulfilled,,,,0,travel_hospitality,tour_packages,medium,mobile_app,booking_service,0,1,0.8615850098052216,1,1,18,0.0174,11.0,32.25
DSP001536,TXN0094121,M000178,C000027,Visa,MERCHANDISE_NOT_AS_DESCRIBED,"Cardholder claims merchandise arrived damaged, defective, or not as described",2025-12-22 18:31:32,503.74,0.0,0.0,2026-01-07 18:31:32,16,accepted,accepted_refunded,,3,3,1,2,0.38000000000000006,3,3,0.3333333333333333,503.74,credit_card,desktop_web,cosmetics_kit,423,38,27289.08,2,0,1,112,0,38,0.5283,67.06,authenticated_otp,sms_otp,1,1,1.0,5.94,delivered,delivered,1.0,1.0,0,online_marketplace_retailer,multi_category_retail,enterprise,website,physical_delivery,0,1,0.5726495775197937,1,1,50,0.0076,16.0,8.291666666666666
DSP001537,TXN0094187,M000003,C000005,Visa,UNAUTHORIZED_TRANSACTION,Cardholder claims transaction was unauthorized or fraudulent,2026-01-02 02:16:06,2414.23,500.0,250.0,2026-01-12 02:16:06,10,contested,lost,2026-01-15 02:16:06,3,3,2,1,0.3833333333333333,3,3,0.6666666666666666,2414.23,credit_card,pos_qr,study_material,153,2,5295.14,0,0,206,0,1,1,0.3319,8.65,password_authenticated,password,1,0,,,fulfilled,,,,0,education_coaching,exam_prep,enterprise,"website, app",digital_service,0,1,0.4,1,0,99,0.025,10.0,18.5
DSP001538,TXN0094208,M000007,C000072,Mastercard,CREDIT_NOT_PROCESSED,Cardholder claims promised credit or refund was not posted,2026-01-14 22:13:38,3469.29,150.0,75.0,2026-02-02 22:13:38,19,contested,lost,2026-02-26 22:13:38,6,3,3,0,0.8083333333333332,6,0,1.0,3469.29,debit_card,mobile_app,home_decor,433,19,39342.23,3,0,36,404,0,9,0.01,12.51,authenticated_3ds,3ds_v2,1,0,0.0,33.66,delivered,delivered,1.0,1.0,1,online_marketplace_retailer,beauty_marketplace,enterprise,"website, app",physical_delivery,0,0,0.8731993941811405,1,1,25,0.025,19.0,31.291666666666668
DSP001539,TXN0094224,M000205,C000014,Visa,MERCHANDISE_NOT_AS_DESCRIBED,"Cardholder claims merchandise arrived damaged, defective, or not as described",2025-12-24 11:56:46,332.41,450.0,225.0,2026-01-07 11:56:46,14,contested,won,2026-02-04 11:56:46,3,2,2,0,0.325,3,0,1.0,332.41,credit_card,pos_qr,food_item,419,11,4811.26,0,0,3,223,0,8,0.01,0.82,authenticated_otp,sms_otp,1,0,0.0,0.97,delivered,delivered,1.0,1.0,0,food_local_commerce,cloud_kitchen,medium,website,food_delivery,0,0,0.8642031646154288,1,1,11,0.0178,14.0,9.833333333333334
DSP001540,TXN0094225,M000047,C000013,Visa,CREDIT_NOT_PROCESSED,Cardholder claims promised credit or refund was not posted,2025-12-27 21:58:07,4969.04,500.0,250.0,2026-01-13 21:58:07,17,contested,won,2026-02-08 21:58:07,3,3,2,1,0.4216666666666667,3,3,0.6666666666666666,4969.04,credit_card,payment_link,footwear,196,11,59800.41,1,0,18,171,0,5,0.0145,39.22,authenticated_otp,sms_otp,1,0,0.0,47.4,delivered,delivered,1.0,1.0,0,d2c_brand,fashion_apparel,medium,website,physical_delivery,0,1,0.8034388521115218,1,1,96,0.008,17.0,13.25
DSP001541,TXN0094237,M000363,C000032,Visa,UNAUTHORIZED_TRANSACTION,Cardholder claims transaction was unauthorized or fraudulent,2025-12-31 17:40:12,460.46,350.0,175.0,2026-01-17 17:40:12,17,contested,won,2026-01-27 17:40:12,5,3,3,0,0.6116666666666667,5,1,1.0,460.46,debit_card,pos_qr,fashion_apparel,59,3,1626.74,1,0,38,25,0,3,0.0818,18.05,authenticated_otp,sms_otp,1,0,0.0,20.16,failed,failed,0.0,0.0,0,online_marketplace_retailer,multi_category_retail,enterprise,website,physical_delivery,1,0,0.8940230241424958,1,1,84,0.0116,17.0,17.041666666666668
DSP001542,TXN0094274,M000013,C000008,RuPay,RECURRING_BILLING_DISPUTE,Cardholder claims recurring subscription billing was canceled or unauthorized,2026-01-23 12:46:22,19764.72,450.0,225.0,2026-02-08 12:46:22,16,contested,won,2026-03-02 12:46:22,3,3,3,0,0.36166666666666664,3,0,1.0,19764.72,credit_card,payment_link,saas_plan,30,1,23082.22,0,0,337,25,0,1,0.1395,19.07,authenticated_otp,sms_otp,1,0,,,fulfilled,,,,0,digital_saas,cloud_analytics,medium,website,digital_service,1,0,0.8601115011743209,1,0,111,0.0167,16.0,39.791666666666664
DSP001543,TXN0094285,M000222,C000106,Visa,UNAUTHORIZED_TRANSACTION,Cardholder claims transaction was unauthorized or fraudulent,2026-01-21 09:22:03,516.41,0.0,0.0,2026-02-05 09:22:03,15,accepted,accepted_refunded,,3,3,3,0,0.44166666666666665,3,0,1.0,516.41,credit_card,mobile_app,food_item,686,11,4490.17,0,0,12,543,0,1,0.2106,32.54,authenticated_otp,sms_otp,1,0,0.0,0.68,delivered,delivered,1.0,0.0,0,food_local_commerce,bakery,medium,website,food_delivery,0,0,0.8746491405118024,0,1,6,0.0273,15.0,37.625
DSP001544,TXN0094358,M000135,C000008,Visa,RECURRING_BILLING_DISPUTE,Cardholder claims recurring subscription billing was canceled or unauthorized,2026-01-19 14:22:54,2926.14,500.0,250.0,2026-02-09 14:22:54,21,contested,won,2026-02-19 14:22:54,3,3,3,0,0.35833333333333334,3,0,1.0,2926.14,credit_card,pos_qr,personal_training,326,18,90600.05,0,0,6,0,1,1,0.2668,5.34,authenticated_3ds,3ds_v2,1,0,,,fulfilled,,,,0,fitness_services,fitness_program,small,website,membership_service,1,0,0.5917411003148779,1,1,35,0.0227,21.0,35.708333333333336
DSP001545,TXN0094432,M000028,C000008,Mastercard,MERCHANDISE_NOT_AS_DESCRIBED,"Cardholder claims merchandise arrived damaged, defective, or not as described",2025-12-26 08:03:00,420.13,0.0,0.0,2026-01-07 08:03:00,12,accepted,accepted_refunded,,1,2,0,2,0.09999999999999999,1,2,0.0,420.13,debit_card,mobile_app,food_item,470,11,3491.02,0,0,19,0,1,1,0.6946,46.03,authenticated_otp,sms_otp,1,0,0.0,0.84,delivered,delivered,1.0,1.0,0,food_local_commerce,bakery,medium,mobile_app,food_delivery,0,0,0.5866361843293691,1,1,49,0.0239,12.0,11.0
DSP001546,TXN0094479,M000123,C000020,Mastercard,MERCHANDISE_NOT_AS_DESCRIBED,"Cardholder claims merchandise arrived damaged, defective, or not as described",2025-12-25 11:30:59,3865.16,0.0,0.0,2026-01-10 11:30:59,16,accepted,accepted_refunded,,4,3,1,2,0.5433333333333333,4,2,0.3333333333333333,3865.16,credit_card,mobile_app,footwear,493,12,50680.94,1,1,21,446,0,12,0.01,28.78,authenticated_otp,sms_otp,1,0,1.0,21.7,delivered,delivered,1.0,1.0,0,d2c_brand,electronics,medium,website,physical_delivery,0,0,0.6392558998489978,1,1,74,0.0068,16.0,10.041666666666666
DSP001547,TXN0094637,M000134,C000005,Visa,UNAUTHORIZED_TRANSACTION,Cardholder claims transaction was unauthorized or fraudulent,2025-12-27 17:32:29,1818.89,0.0,0.0,2026-01-14 17:32:29,18,accepted,accepted_refunded,,5,3,3,0,0.6633333333333333,5,1,1.0,1818.89,debit_card,mobile_app,footwear,277,4,7489.66,0,0,1,142,0,1,0.1839,39.42,authenticated_3ds,3ds_v2,1,0,0.0,37.76,delivered,delivered,1.0,1.0,0,d2c_brand,fashion_apparel,medium,omnichannel,physical_delivery,0,0,0.8510747302577566,0,1,47,0.0129,18.0,11.958333333333334
DSP001548,TXN0094779,M000233,C000035,Visa,UNAUTHORIZED_TRANSACTION,Cardholder claims transaction was unauthorized or fraudulent,2026-01-07 08:13:48,149.76,450.0,225.0,2026-01-27 08:13:48,20,contested,won,2026-02-19 08:13:48,3,3,3,0,0.32,3,0,1.0,149.76,credit_card,mobile_app,food_item,594,23,4825.69,0,2,10,130,0,14,0.0639,5.97,authenticated_otp,sms_otp,1,0,0.0,0.67,delivered,delivered,1.0,1.0,0,food_local_commerce,local_restaurant,medium,mobile_app,food_delivery,0,0,0.6392046555177113,1,1,62,0.0254,20.0,21.958333333333332
DSP001549,TXN0094806,M000269,C000053,Mastercard,MERCHANDISE_NOT_RECEIVED,Cardholder claims ordered merchandise or service was not received,2026-01-29 15:45:32,5272.31,450.0,225.0,2026-02-10 15:45:32,12,contested,won,2026-02-28 15:45:32,6,4,4,0,0.7583333333333333,6,0,1.0,5272.31,debit_card,mobile_app,fashion_apparel,22,1,3199.12,0,0,115,18,0,1,0.2472,27.9,authenticated_otp,sms_otp,1,0,0.0,47.67,delivered,delivered,0.0,0.0,0,online_marketplace_retailer,multi_category_retail,enterprise,omnichannel,physical_delivery,0,0,0.8877373071927955,1,1,12,0.0068,12.0,44.208333333333336
DSP001550,TXN0094829,M000274,C000004,Visa,CREDIT_NOT_PROCESSED,Cardholder claims promised credit or refund was not posted,2026-01-22 06:50:24,2707.86,0.0,0.0,2026-02-05 06:50:24,14,accepted,accepted_refunded,,3,3,3,0,0.34,3,0,1.0,2707.86,credit_card,payment_link,lab_test,295,5,18109.81,0,0,14,81,0,3,0.0351,46.19,authenticated_otp,sms_otp,1,0,,,fulfilled,,,,0,healthcare_diagnostics,diagnostic_lab,medium,mobile_app,appointment_service,0,0,0.5793591844264493,1,1,68,0.0142,14.0,36.791666666666664
DSP001551,TXN0094874,M000093,C000001,Visa,DUPLICATE_TRANSACTION,Cardholder claims single purchase was billed multiple times,2025-12-27 19:29:39,4192.66,500.0,250.0,2026-01-14 19:29:39,18,contested,won,2026-01-14 19:29:39,2,2,2,0,0.24333333333333332,2,1,1.0,4192.66,credit_card,payment_link,mentorship,318,20,132515.12,0,0,1,119,0,13,0.2084,15.47,authenticated_3ds,3ds_v2,1,0,,,fulfilled,,,,0,education_coaching,exam_prep,small,mobile_app,digital_service,1,1,0.6387212742576326,0,1,18,0.016,18.0,11.208333333333334
DSP001552,TXN0094948,M000228,C000067,Mastercard,MERCHANDISE_NOT_RECEIVED,Cardholder claims ordered merchandise or service was not received,2025-12-29 08:44:19,1109.09,500.0,250.0,2026-01-09 08:44:19,11,contested,won,2026-01-26 08:44:19,5,4,3,1,0.5916666666666667,5,1,0.75,1109.09,debit_card,payment_link,fashion_apparel,64,8,13090.95,1,0,29,0,1,1,0.0502,13.94,authenticated_3ds,3ds_v2,1,0,0.0,21.75,delivered,delivered,1.0,1.0,0,online_marketplace_retailer,electronics_hub,enterprise,omnichannel,physical_delivery,0,0,0.8367715803059433,0,1,92,0.0093,11.0,12.625
DSP001553,TXN0095102,M000099,C000004,Visa,MERCHANDISE_NOT_RECEIVED,Cardholder claims ordered merchandise or service was not received,2025-12-26 08:57:47,1016.18,0.0,0.0,2026-01-14 08:57:47,19,accepted,accepted_refunded,,3,4,3,1,0.31,3,3,0.75,1016.18,credit_card,payment_link,crochet_toy,61,8,7586.28,0,0,11,51,0,1,0.01,1.23,authenticated_otp,sms_otp,1,0,0.0,13.35,delivered,delivered,1.0,1.0,0,individual_social_seller,custom_apparel,small,instagram_whatsapp,physical_delivery,0,0,0.3770967179954561,0,0,108,0.0214,19.0,9.041666666666666
DSP001554,TXN0095176,M000002,C000138,RuPay,UNAUTHORIZED_TRANSACTION,Cardholder claims transaction was unauthorized or fraudulent,2026-01-24 18:48:49,4384.04,15.0,7.5,2026-02-08 18:48:49,15,contested,lost,2026-03-09 18:48:49,3,3,3,0,0.39166666666666666,3,0,1.0,4384.04,credit_card,mobile_app,footwear,73,6,26408.15,5,0,43,19,0,1,0.6015,146.93,authenticated_otp,sms_otp,1,1,1.0,29.56,delivered,delivered,1.0,0.0,1,d2c_brand,footwear,enterprise,website,physical_delivery,0,0,0.65,1,1,60,0.025,15.0,38.291666666666664
DSP001555,TXN0095208,M000320,C000015,Mastercard,MERCHANDISE_NOT_RECEIVED,Cardholder claims ordered merchandise or service was not received,2026-01-09 00:59:33,2901.05,0.0,0.0,2026-01-28 00:59:33,19,accepted,accepted_refunded,,4,4,2,2,0.48333333333333334,4,2,0.5,2901.05,credit_card,mobile_app,footwear,473,24,77692.54,3,1,20,434,0,7,0.01,15.03,authenticated_otp,sms_otp,1,0,0.0,37.14,delivered,delivered,1.0,1.0,0,d2c_brand,home_lifestyle,medium,website,physical_delivery,0,1,0.8695974206093697,1,1,78,0.0128,19.0,22.458333333333332
DSP001556,TXN0095257,M000008,C000014,Visa,RECURRING_BILLING_DISPUTE,Cardholder claims recurring subscription billing was canceled or unauthorized,2026-01-31 22:25:54,3576.72,500.0,250.0,2026-02-11 22:25:54,11,contested,lost,2026-02-18 22:25:54,3,3,3,0,0.37166666666666665,3,0,1.0,3576.72,debit_card,desktop_web,lab_test,441,54,198648.74,0,0,23,188,0,49,0.01,27.93,auth_failed,sms_otp,4,0,,,failed,,,,0,healthcare_diagnostics,telehealth,enterprise,"website, app, clinic",appointment_service,0,0,0.6098658484197036,1,1,99,0.025,11.0,45.25
DSP001557,TXN0095325,M000213,C000006,RuPay,UNAUTHORIZED_TRANSACTION,Cardholder claims transaction was unauthorized or fraudulent,2026-01-06 13:55:47,18921.27,500.0,250.0,2026-01-17 13:55:47,11,contested,won,2026-02-06 13:55:47,3,3,3,0,0.3216666666666667,3,0,1.0,18921.27,debit_card,pos_qr,car_rental,184,17,344146.98,0,0,1,111,0,12,0.0248,31.04,auth_failed,sms_otp,2,0,,,failed,,,,0,travel_hospitality,ticketing,small,mobile_app,booking_service,0,0,0.3005061583846218,1,1,24,0.0205,11.0,19.75
DSP001558,TXN0095458,M000283,C000008,Visa,MERCHANDISE_NOT_RECEIVED,Cardholder claims ordered merchandise or service was not received,2026-01-12 03:56:03,5829.16,350.0,175.0,2026-01-31 03:56:03,19,contested,lost,2026-02-01 03:56:03,5,4,3,1,0.7116666666666666,5,1,0.75,5829.16,credit_card,desktop_web,electronic_accessory,164,11,29823.15,0,0,51,130,0,10,0.1649,22.49,authenticated_3ds,3ds_v2,1,0,0.0,26.24,delivered,delivered,1.0,1.0,1,online_marketplace_retailer,beauty_marketplace,enterprise,website,physical_delivery,0,0,0.8701966877257703,1,1,76,0.0126,19.0,24.75
DSP001559,TXN0095605,M000352,C000008,Visa,UNAUTHORIZED_TRANSACTION,Cardholder claims transaction was unauthorized or fraudulent,2025-12-27 12:59:18,3134.01,450.0,225.0,2026-01-08 12:59:18,12,contested,lost,2026-01-06 12:59:18,3,3,3,0,0.315,3,0,1.0,3134.01,debit_card,pos_qr,saas_plan,228,3,12650.93,0,0,131,166,0,2,0.0147,8.02,password_authenticated,password,1,0,,,fulfilled,,,,0,digital_saas,cloud_analytics,medium,website,digital_service,1,0,0.8045304009772044,1,1,119,0.0127,12.0,8.791666666666666
DSP001560,TXN0095705,M000004,C000083,Visa,MERCHANDISE_NOT_RECEIVED,Cardholder claims ordered merchandise or service was not received,2025-12-30 17:29:17,16016.71,0.0,0.0,2026-01-16 17:29:17,17,accepted,accepted_refunded,,1,1,0,1,0.13666666666666666,1,2,0.0,16016.71,credit_card,desktop_web,vacation_package,366,73,829256.69,0,14,5,240,0,1,0.6625,4.34,authenticated_3ds,3ds_v2,1,0,,,fulfilled,,,,0,travel_hospitality,travel_agency,enterprise,"website, app",booking_service,0,0,0.3,1,1,68,0.0353,17.0,11.666666666666666
DSP001561,TXN0095826,M000143,C000055,Visa,MERCHANDISE_NOT_RECEIVED,Cardholder claims ordered merchandise or service was not received,2025-12-29 17:50:06,9987.96,500.0,250.0,2026-01-16 17:50:06,18,contested,lost,2026-01-27 17:50:06,5,4,4,0,0.6383333333333333,5,1,1.0,9987.96,debit_card,desktop_web,fashion_apparel,275,15,128829.06,6,0,49,104,0,9,0.04,0.46,authenticated_3ds,3ds_v2,1,0,0.0,15.54,delivered,delivered,1.0,1.0,0,online_marketplace_retailer,electronics_hub,enterprise,mobile_app,physical_delivery,0,1,0.8363629602379293,1,1,5,0.0081,18.0,10.291666666666666
DSP001562,TXN0096003,M000019,C000016,Mastercard,MERCHANDISE_NOT_AS_DESCRIBED,"Cardholder claims merchandise arrived damaged, defective, or not as described",2026-01-11 12:24:02,2166.95,0.0,0.0,2026-01-26 12:24:02,15,accepted,accepted_refunded,,4,3,3,0,0.5133333333333333,4,2,1.0,2166.95,debit_card,mobile_app,fashion_apparel,66,8,28175.44,0,0,35,35,0,6,0.01,5.49,authenticated_otp,sms_otp,1,0,0.0,8.2,delivered,delivered,1.0,1.0,0,online_marketplace_retailer,electronics_hub,enterprise,omnichannel,physical_delivery,0,0,0.8181824967207101,1,1,118,0.0087,15.0,22.666666666666668
DSP001563,TXN0096097,M000330,C000039,Visa,RECURRING_BILLING_DISPUTE,Cardholder claims recurring subscription billing was canceled or unauthorized,2026-01-03 02:53:27,2683.7,500.0,250.0,2026-01-17 02:53:27,14,contested,lost,2026-01-17 02:53:27,5,3,3,0,0.6783333333333333,5,1,1.0,2683.7,debit_card,desktop_web,footwear,381,12,40531.47,8,0,19,0,1,1,0.3906,20.27,authenticated_otp,sms_otp,1,0,0.0,6.65,delivered,delivered,1.0,1.0,0,d2c_brand,fashion_apparel,medium,omnichannel,physical_delivery,0,0,0.8737896916695769,1,1,27,0.0074,14.0,13.833333333333334
DSP001564,TXN0096130,M000386,C000005,Mastercard,MERCHANDISE_NOT_RECEIVED,Cardholder claims ordered merchandise or service was not received,2026-01-27 21:44:45,2524.77,500.0,250.0,2026-02-16 21:44:45,20,contested,won,2026-02-25 21:44:45,3,1,1,0,0.4166666666666667,3,0,1.0,2524.77,credit_card,mobile_app,saas_plan,277,7,19180.36,0,0,34,166,0,6,0.0555,2.45,password_authenticated,password,1,0,,,fulfilled,,,,0,digital_saas,developer_tools,small,website,digital_service,1,0,0.869673716536415,1,1,22,0.0244,20.0,38.541666666666664
DSP001565,TXN0096206,M000005,C000106,RuPay,UNAUTHORIZED_TRANSACTION,Cardholder claims transaction was unauthorized or fraudulent,2026-01-19 18:02:08,18069.98,0.0,0.0,2026-02-07 18:02:08,19,accepted,accepted_refunded,,2,3,2,1,0.26333333333333336,2,1,0.6666666666666666,18069.98,credit_card,pos_qr,saas_plan,397,14,149535.2,0,0,20,369,0,10,0.0827,2.57,authenticated_otp,sms_otp,1,0,,,fulfilled,,,,0,digital_saas,b2b_software,medium,website,digital_service,1,0,0.5874540118847362,1,0,46,0.025,19.0,30.25
DSP001566,TXN0096367,M000195,C000030,Mastercard,UNAUTHORIZED_TRANSACTION,Cardholder claims transaction was unauthorized or fraudulent,2026-01-05 08:57:34,1474.73,500.0,250.0,2026-01-20 08:57:34,15,contested,won,2026-01-18 08:57:34,3,3,2,1,0.3866666666666667,3,3,0.6666666666666666,1474.73,debit_card,pos_qr,footwear,262,38,43144.09,10,0,2,39,0,6,0.01,1.99,authenticated_otp,sms_otp,1,0,1.0,34.45,delivered,delivered,1.0,0.0,0,d2c_brand,fashion_apparel,medium,website,physical_delivery,0,1,0.8093102767805899,0,1,73,0.0082,15.0,15.583333333333334
DSP001567,TXN0096380,M000003,C000082,Visa,MERCHANDISE_NOT_RECEIVED,Cardholder claims ordered merchandise or service was not received,2026-01-16 03:21:48,1882.72,0.0,0.0,2026-02-03 03:21:48,18,accepted,accepted_refunded,,2,4,1,3,0.25666666666666665,2,4,0.25,1882.72,credit_card,payment_link,mentorship,282,11,27033.96,0,0,36,188,0,1,0.0224,64.07,authenticated_otp,sms_otp,1,0,,,fulfilled,,,,0,education_coaching,exam_prep,enterprise,"website, app",digital_service,0,1,0.4,1,0,99,0.025,18.0,26.333333333333332
DSP001568,TXN0096495,M000004,C000112,Mastercard,UNAUTHORIZED_TRANSACTION,Cardholder claims transaction was unauthorized or fraudulent,2025-12-27 04:57:19,12894.44,0.0,0.0,2026-01-17 04:57:19,21,accepted,accepted_refunded,,2,3,2,1,0.22666666666666666,2,1,0.6666666666666666,12894.44,credit_card,pos_qr,flight_booking,30,17,182590.36,0,0,5,0,1,1,0.546,1.33,authenticated_3ds,3ds_v2,1,0,,,fulfilled,,,,0,travel_hospitality,travel_agency,enterprise,"website, app",booking_service,0,0,0.3,1,1,68,0.0353,21.0,5.916666666666667
DSP001569,TXN0096684,M000013,C000020,RuPay,MERCHANDISE_NOT_RECEIVED,Cardholder claims ordered merchandise or service was not received,2025-12-26 13:11:40,8642.01,500.0,250.0,2026-01-12 13:11:40,17,contested,lost,2026-02-05 13:11:40,3,1,1,0,0.3833333333333333,3,0,1.0,8642.01,credit_card,mobile_app,saas_plan,297,14,143439.06,0,1,5,54,0,5,0.01,4.19,authenticated_3ds,3ds_v2,1,0,,,fulfilled,,,,0,digital_saas,cloud_analytics,medium,website,digital_service,1,0,0.8601115011743209,1,0,111,0.0167,17.0,4.916666666666667
DSP001570,TXN0096704,M000040,C000013,Visa,MERCHANDISE_NOT_RECEIVED,Cardholder claims ordered merchandise or service was not received,2025-12-30 16:44:09,1797.68,500.0,250.0,2026-01-14 16:44:09,15,contested,won,2026-01-17 16:44:09,3,4,2,2,0.44166666666666665,3,3,0.5,1797.68,credit_card,payment_link,electronic_accessory,287,23,25088.38,2,0,3,0,1,1,0.0113,0.23,authenticated_3ds,3ds_v2,1,0,0.0,14.72,delivered,delivered,1.0,1.0,0,online_marketplace_retailer,specialty_goods,medium,website,physical_delivery,0,0,0.8808397348116461,1,1,47,0.0136,15.0,9.041666666666666
DSP001571,TXN0096839,M000024,C000001,Visa,UNAUTHORIZED_TRANSACTION,Cardholder claims transaction was unauthorized or fraudulent,2026-01-01 23:54:36,1113.4,0.0,0.0,2026-01-17 23:54:36,16,accepted,accepted_refunded,,5,3,3,0,0.6633333333333333,5,1,1.0,1113.4,debit_card,desktop_web,fashion_apparel,565,28,35906.78,9,0,2,70,0,21,0.2658,100.5,authenticated_otp,sms_otp,1,0,0.0,9.74,delivered,delivered,1.0,1.0,0,online_marketplace_retailer,specialty_goods,small,omnichannel,physical_delivery,0,0,0.8291229140198042,1,1,98,0.0103,16.0,11.083333333333334
DSP001572,TXN0096946,M000002,C000005,Mastercard,UNAUTHORIZED_TRANSACTION,Cardholder claims transaction was unauthorized or fraudulent,2025-12-28 19:38:50,2086.13,450.0,225.0,2026-01-08 19:38:50,11,contested,won,2026-02-10 19:38:50,3,3,3,0,0.33166666666666667,3,0,1.0,2086.13,credit_card,mobile_app,footwear,133,0,0.0,0,0,93,0,1,1,0.1164,8.87,password_authenticated,password,1,0,0.0,46.4,delivered,delivered,1.0,1.0,0,d2c_brand,footwear,enterprise,website,physical_delivery,0,0,0.65,1,1,60,0.025,11.0,6.416666666666667
DSP001573,TXN0096992,M000303,C000019,Mastercard,UNAUTHORIZED_TRANSACTION,Cardholder claims transaction was unauthorized or fraudulent,2026-01-18 04:09:27,206.37,0.0,0.0,2026-01-28 04:09:27,10,accepted,accepted_refunded,,3,3,3,0,0.33666666666666667,3,0,1.0,206.37,debit_card,payment_link,food_item,69,6,1811.63,0,0,76,46,0,6,0.01,14.14,authenticated_3ds,3ds_v2,1,0,0.0,0.51,delivered,delivered,1.0,1.0,0,food_local_commerce,cloud_kitchen,medium,website,food_delivery,0,0,0.6122890475819001,0,1,80,0.0124,10.0,26.666666666666668
DSP001574,TXN0097057,M000003,C000024,Visa,UNAUTHORIZED_TRANSACTION,Cardholder claims transaction was unauthorized or fraudulent,2026-01-04 14:40:51,1452.81,500.0,250.0,2026-01-18 14:40:51,14,contested,lost,2026-02-12 14:40:51,2,3,1,2,0.23500000000000001,2,4,0.3333333333333333,1452.81,credit_card,pos_qr,exam_course,170,4,12980.56,0,0,37,34,0,3,0.01,791.06,authenticated_3ds,3ds_v2,1,1,,,fulfilled,,,,0,education_coaching,exam_prep,enterprise,"website, app",digital_service,0,1,0.4,1,0,99,0.025,14.0,12.958333333333334
DSP001575,TXN0097215,M000053,C000012,Mastercard,MERCHANDISE_NOT_RECEIVED,Cardholder claims ordered merchandise or service was not received,2026-01-21 12:52:14,3026.71,500.0,250.0,2026-02-10 12:52:14,20,contested,won,2026-02-18 12:52:14,2,1,1,0,0.23833333333333337,2,1,1.0,3026.71,credit_card,pos_qr,diagnostic_package,90,3,14582.95,0,1,55,26,0,3,0.01,49.16,authenticated_otp,sms_otp,1,0,,,fulfilled,,,,0,healthcare_diagnostics,telehealth,small,website,appointment_service,1,0,0.6046710279343279,0,1,60,0.0161,20.0,29.208333333333332
DSP001576,TXN0097234,M000002,C000074,Visa,MERCHANDISE_NOT_RECEIVED,Cardholder claims ordered merchandise or service was not received,2026-01-25 03:06:33,9485.07,500.0,250.0,2026-02-15 03:06:33,21,contested,won,2026-02-12 03:06:33,3,1,1,0,0.3516666666666666,3,0,1.0,9485.07,credit_card,payment_link,footwear,145,1,7265.21,0,0,85,70,0,1,0.1185,2.95,password_authenticated,password,1,0,0.0,8.51,delivered,delivered,1.0,1.0,1,d2c_brand,footwear,enterprise,website,physical_delivery,0,0,0.65,1,1,60,0.025,21.0,32.75
DSP001577,TXN0097350,M000003,C000046,Visa,CREDIT_NOT_PROCESSED,Cardholder claims promised credit or refund was not posted,2025-12-31 20:08:02,3518.55,500.0,250.0,2026-01-15 20:08:02,15,contested,lost,2026-01-30 20:08:02,3,3,1,2,0.35000000000000003,3,3,0.3333333333333333,3518.55,credit_card,pos_qr,exam_course,270,43,124964.29,0,1,2,65,0,40,0.01,33.55,password_authenticated,password,1,0,,,fulfilled,,,,0,education_coaching,exam_prep,enterprise,"website, app",digital_service,0,1,0.4,1,0,99,0.025,15.0,8.208333333333334
DSP001578,TXN0097407,M000343,C000003,Visa,MERCHANDISE_NOT_AS_DESCRIBED,"Cardholder claims merchandise arrived damaged, defective, or not as described",2026-01-24 20:06:25,3695.04,500.0,250.0,2026-02-14 20:06:25,21,contested,lost,2026-02-03 20:06:25,5,3,2,1,0.6966666666666667,5,1,0.6666666666666666,3695.04,credit_card,desktop_web,footwear,352,8,30644.39,3,0,0,140,0,6,0.0116,3.86,authenticated_3ds,3ds_v2,1,0,0.0,33.13,delivered,delivered,1.0,1.0,1,d2c_brand,electronics,medium,omnichannel,physical_delivery,0,0,0.8474173829087325,1,0,10,0.0093,21.0,32.083333333333336
DSP001579,TXN0097419,M000379,C000035,Visa,UNAUTHORIZED_TRANSACTION,Cardholder claims transaction was unauthorized or fraudulent,2026-01-20 16:35:37,10687.86,0.0,0.0,2026-02-03 16:35:37,14,accepted,accepted_refunded,,3,3,3,0,0.41,3,0,1.0,10687.86,credit_card,pos_qr,saas_plan,396,10,151750.98,0,0,14,0,1,1,0.0595,33.92,password_authenticated,password,1,0,,,fulfilled,,,,0,digital_saas,productivity_tools,medium,website,digital_service,1,1,0.8071188648460229,0,1,44,0.0208,14.0,27.916666666666668
DSP001580,TXN0097518,M000175,C000034,Mastercard,MERCHANDISE_NOT_AS_DESCRIBED,"Cardholder claims merchandise arrived damaged, defective, or not as described",2026-01-10 12:34:02,12116.53,350.0,175.0,2026-01-24 12:34:02,14,contested,won,2026-02-02 12:34:02,3,2,2,0,0.38833333333333336,3,0,1.0,12116.53,credit_card,desktop_web,hotel_stay,359,17,429841.78,0,1,7,0,1,1,0.2512,13.9,authenticated_3ds,3ds_v2,1,0,,,fulfilled,,,,0,travel_hospitality,tour_packages,medium,mobile_app,booking_service,0,0,0.8677564361842283,1,1,44,0.034,14.0,17.25
DSP001581,TXN0097527,M000351,C000023,Mastercard,MERCHANDISE_NOT_AS_DESCRIBED,"Cardholder claims merchandise arrived damaged, defective, or not as described",2026-01-01 21:59:21,278.22,500.0,250.0,2026-01-16 21:59:21,15,contested,lost,2026-01-18 21:59:21,3,2,2,0,0.4483333333333333,3,0,1.0,278.22,credit_card,payment_link,food_item,231,43,20997.02,0,1,1,0,1,1,0.1728,10.32,authenticated_otp,sms_otp,1,0,0.0,0.55,delivered,delivered,1.0,1.0,0,food_local_commerce,local_restaurant,enterprise,website,food_delivery,0,0,0.8635093650867643,0,0,107,0.0252,15.0,8.625
DSP001582,TXN0097585,M000162,C000021,Visa,CREDIT_NOT_PROCESSED,Cardholder claims promised credit or refund was not posted,2025-12-30 03:33:41,17876.59,500.0,250.0,2026-01-15 03:33:41,16,contested,lost,2026-01-28 03:33:41,3,3,3,0,0.35833333333333334,3,0,1.0,17876.59,credit_card,mobile_app,tour_package,361,34,491041.89,0,3,3,359,0,4,0.01,2.98,authenticated_3ds,3ds_v2,1,0,,,fulfilled,,,,0,travel_hospitality,travel_agency,medium,website,booking_service,0,0,0.8761619615328717,1,1,82,0.0356,16.0,5.75
DSP001583,TXN0097600,M000074,C000002,Mastercard,MERCHANDISE_NOT_RECEIVED,Cardholder claims ordered merchandise or service was not received,2026-02-07 07:10:33,8324.85,500.0,250.0,2026-02-21 07:10:33,14,contested,won,2026-03-03 07:10:33,2,1,1,0,0.28,2,1,1.0,8324.85,credit_card,payment_link,saas_plan,294,9,72907.21,0,0,49,30,0,2,0.067,4.34,password_authenticated,password,1,0,,,fulfilled,,,,0,digital_saas,productivity_tools,small,website,digital_service,1,0,0.8986886936600517,1,1,63,0.0248,14.0,44.875
DSP001584,TXN0097639,M000001,C000022,Visa,MERCHANDISE_NOT_AS_DESCRIBED,"Cardholder claims merchandise arrived damaged, defective, or not as described",2026-01-02 03:33:52,1115.96,500.0,250.0,2026-01-15 03:33:52,13,contested,lost,2026-02-11 03:33:52,5,3,2,1,0.6333333333333333,5,1,0.6666666666666666,1115.96,credit_card,payment_link,fashion_apparel,434,21,25938.67,3,1,14,169,0,14,0.0669,19.04,authenticated_otp,sms_otp,1,0,0.0,37.31,delivered,delivered,1.0,1.0,1,individual_social_seller,crochet_accessories,medium,"Instagram, WhatsApp, payment links",physical_delivery,0,0,0.9,0,1,13,0.025,13.0,8.666666666666666
DSP001585,TXN0097663,M000358,C000036,Mastercard,MERCHANDISE_NOT_RECEIVED,Cardholder claims ordered merchandise or service was not received,2026-02-08 08:56:32,543.9,0.0,0.0,2026-02-20 08:56:32,12,accepted,accepted_refunded,,3,1,1,0,0.37166666666666665,3,0,1.0,543.9,credit_card,pos_qr,food_item,604,21,8873.86,0,0,5,195,0,10,0.066,3.38,password_authenticated,password,1,0,0.0,0.62,delivered,delivered,1.0,1.0,0,food_local_commerce,gourmet_food,medium,mobile_app,food_delivery,0,0,0.816293442708143,1,1,54,0.0149,12.0,45.833333333333336
DSP001586,TXN0097692,M000310,C000034,Mastercard,MERCHANDISE_NOT_RECEIVED,Cardholder claims ordered merchandise or service was not received,2026-02-02 02:14:27,5643.95,500.0,250.0,2026-02-22 02:14:27,20,contested,won,2026-03-03 02:14:27,6,4,4,0,0.7133333333333334,6,0,1.0,5643.95,credit_card,desktop_web,footwear,244,9,32378.26,2,0,43,100,0,7,0.6163,3.76,authenticated_otp,sms_otp,1,0,1.0,32.61,delivered,delivered,1.0,1.0,0,d2c_brand,electronics,medium,omnichannel,physical_delivery,1,1,0.8975852079462534,1,1,16,0.0146,20.0,39.5
DSP001587,TXN0097882,M000112,C000078,Mastercard,MERCHANDISE_NOT_RECEIVED,Cardholder claims ordered merchandise or service was not received,2025-12-28 04:32:58,1185.97,500.0,250.0,2026-01-13 04:32:58,16,contested,lost,2026-01-23 04:32:58,6,4,4,0,0.8250000000000001,6,0,1.0,1185.97,credit_card,desktop_web,footwear,282,31,43009.06,9,0,16,0,1,1,0.1077,8.11,password_authenticated,password,1,0,1.0,30.2,delivered,delivered,1.0,1.0,1,d2c_brand,home_lifestyle,medium,website,physical_delivery,0,0,0.8755551138543048,1,1,47,0.0134,16.0,3.2083333333333335
DSP001588,TXN0098031,M000004,C000033,Mastercard,CREDIT_NOT_PROCESSED,Cardholder claims promised credit or refund was not posted,2026-01-08 03:34:37,14990.25,0.0,0.0,2026-01-26 03:34:37,18,accepted,accepted_refunded,,2,3,2,1,0.26333333333333336,2,1,0.6666666666666666,14990.25,credit_card,mobile_app,flight_booking,163,5,69165.69,0,0,143,33,0,1,0.01,7.33,password_authenticated,password,1,0,,,fulfilled,,,,0,travel_hospitality,travel_agency,enterprise,"website, app",booking_service,0,0,0.3,1,1,68,0.0353,18.0,13.583333333333334
DSP001589,TXN0098158,M000291,C000001,Visa,CREDIT_NOT_PROCESSED,Cardholder claims promised credit or refund was not posted,2026-01-28 03:38:03,503.3,0.0,0.0,2026-02-11 03:38:03,14,accepted,accepted_refunded,,3,3,1,2,0.3383333333333333,3,3,0.3333333333333333,503.3,credit_card,pos_qr,handicraft_item,35,2,1027.39,0,0,8,31,0,1,0.0739,81.78,authenticated_otp,sms_otp,1,1,1.0,15.15,delivered,delivered,1.0,0.0,0,individual_social_seller,jewelry,micro,instagram_whatsapp,physical_delivery,0,0,0.3465598018132459,1,1,105,0.0249,14.0,33.291666666666664
DSP001590,TXN0098178,M000397,C000011,Visa,CREDIT_NOT_PROCESSED,Cardholder claims promised credit or refund was not posted,2026-01-16 23:10:12,5643.53,0.0,0.0,2026-01-29 23:10:12,13,accepted,accepted_refunded,,3,3,3,0,0.3666666666666667,3,0,1.0,5643.53,credit_card,payment_link,saas_plan,285,8,16645.52,0,0,37,220,0,6,0.01,6.84,password_authenticated,password,1,0,,,fulfilled,,,,0,digital_saas,b2b_software,medium,website,digital_service,1,0,0.8372018085792783,1,1,75,0.0138,13.0,22.041666666666668
DSP001591,TXN0098193,M000092,C000004,Mastercard,RECURRING_BILLING_DISPUTE,Cardholder claims recurring subscription billing was canceled or unauthorized,2026-01-15 17:42:35,7406.49,500.0,250.0,2026-01-31 17:42:35,16,contested,won,2026-03-01 17:42:35,3,3,3,0,0.3016666666666667,3,0,1.0,7406.49,credit_card,payment_link,study_material,118,11,75104.06,0,0,78,107,0,8,0.01,3.22,auth_failed,password,3,0,,,failed,,,,0,education_coaching,edtech_courses,small,mobile_app,digital_service,1,0,0.3637557471355213,0,1,99,0.0139,16.0,20.75
DSP001592,TXN0098313,M000240,C000059,Mastercard,UNAUTHORIZED_TRANSACTION,Cardholder claims transaction was unauthorized or fraudulent,2026-01-31 17:11:32,3541.82,500.0,250.0,2026-02-19 17:11:32,19,contested,lost,2026-02-26 17:11:32,3,3,1,2,0.3666666666666667,3,3,0.3333333333333333,3541.82,credit_card,desktop_web,footwear,56,3,5623.85,1,0,2,55,0,2,0.0385,9.61,authenticated_otp,sms_otp,1,0,0.0,9.75,delivered,delivered,1.0,1.0,0,d2c_brand,cosmetics,medium,omnichannel,physical_delivery,0,0,0.8722452115261505,1,1,25,0.0102,19.0,36.25
DSP001593,TXN0098399,M000003,C000079,Mastercard,RECURRING_BILLING_DISPUTE,Cardholder claims recurring subscription billing was canceled or unauthorized,2026-01-08 03:05:43,9004.19,0.0,0.0,2026-01-25 03:05:43,17,accepted,accepted_refunded,,4,3,2,1,0.49500000000000005,4,2,0.6666666666666666,9004.19,credit_card,pos_qr,test_series,106,4,22520.36,0,1,59,46,0,4,0.0658,4.34,password_authenticated,password,1,0,,,fulfilled,,,,0,education_coaching,exam_prep,enterprise,"website, app",digital_service,0,1,0.4,1,0,99,0.025,17.0,12.458333333333334
DSP001594,TXN0098409,M000177,C000014,Visa,UNAUTHORIZED_TRANSACTION,Cardholder claims transaction was unauthorized or fraudulent,2026-01-10 01:42:17,42043.11,500.0,250.0,2026-01-24 01:42:17,14,contested,lost,2026-02-01 01:42:17,2,3,2,1,0.285,2,1,0.6666666666666666,42043.11,credit_card,mobile_app,hotel_stay,53,8,132441.16,0,0,5,30,0,4,0.01,15.76,authenticated_3ds,3ds_v2,1,0,,,fulfilled,,,,0,travel_hospitality,tour_packages,small,mobile_app,booking_service,0,1,0.601209305829928,1,1,52,0.0279,14.0,14.375
DSP001595,TXN0098472,M000154,C000032,Visa,MERCHANDISE_NOT_RECEIVED,Cardholder claims ordered merchandise or service was not received,2026-01-08 17:09:38,1969.02,500.0,250.0,2026-01-26 17:09:38,18,contested,lost,2026-02-14 17:09:38,2,4,2,2,0.24166666666666667,2,4,0.5,1969.02,debit_card,pos_qr,cosmetics_kit,48,0,0.0,0,0,47,0,1,1,0.01,2.95,password_authenticated,password,1,0,0.0,13.06,failed,failed,0.0,0.0,0,online_marketplace_retailer,electronics_hub,enterprise,omnichannel,physical_delivery,1,0,0.5778646464236611,1,0,15,0.005,18.0,12.875
DSP001596,TXN0098501,M000386,C000013,Visa,MERCHANDISE_NOT_RECEIVED,Cardholder claims ordered merchandise or service was not received,2026-02-03 19:52:40,1620.75,500.0,250.0,2026-02-19 19:52:40,16,contested,won,2026-02-25 19:52:40,2,1,1,0,0.305,2,1,1.0,1620.75,credit_card,payment_link,saas_plan,452,27,62451.17,0,1,3,0,1,1,0.2082,3.25,authenticated_3ds,3ds_v2,1,0,,,fulfilled,,,,0,digital_saas,developer_tools,small,website,digital_service,1,0,0.869673716536415,1,1,22,0.0244,16.0,38.875
DSP001597,TXN0098510,M000218,C000005,Mastercard,MERCHANDISE_NOT_AS_DESCRIBED,"Cardholder claims merchandise arrived damaged, defective, or not as described",2026-01-05 11:36:38,22628.08,500.0,250.0,2026-01-17 11:36:38,12,contested,won,2026-01-30 11:36:38,2,2,2,0,0.23500000000000001,2,1,1.0,22628.08,credit_card,mobile_app,exam_course,120,4,136768.28,0,1,47,0,1,1,0.1219,22.21,authenticated_otp,sms_otp,1,0,,,fulfilled,,,,0,education_coaching,online_tutoring,small,mobile_app,digital_service,1,0,0.5724269309460559,1,1,86,0.0199,12.0,9.5
DSP001598,TXN0098605,M000379,C000011,RuPay,UNAUTHORIZED_TRANSACTION,Cardholder claims transaction was unauthorized or fraudulent,2026-01-27 03:48:33,6412.75,500.0,250.0,2026-02-12 03:48:33,16,contested,won,2026-02-17 03:48:33,3,3,3,0,0.4216666666666667,3,0,1.0,6412.75,credit_card,pos_qr,saas_plan,683,19,273721.34,0,0,5,622,0,2,0.01,1.15,authenticated_3ds,3ds_v2,1,0,,,fulfilled,,,,0,digital_saas,productivity_tools,medium,website,digital_service,1,1,0.8071188648460229,0,1,44,0.0208,16.0,30.791666666666668
DSP001599,TXN0098653,M000142,C000034,Visa,MERCHANDISE_NOT_RECEIVED,Cardholder claims ordered merchandise or service was not received,2026-02-06 15:31:34,6225.71,500.0,250.0,2026-02-19 15:31:34,13,contested,won,2026-03-23 15:31:34,3,4,2,2,0.325,3,3,0.5,6225.71,credit_card,pos_qr,footwear,104,23,109726.07,5,0,26,0,1,1,0.4884,6.82,authenticated_otp,sms_otp,1,0,0.0,46.34,delivered,delivered,1.0,1.0,1,d2c_brand,electronics,medium,omnichannel,physical_delivery,0,0,0.8703018958895178,1,1,53,0.009,13.0,41.208333333333336
DSP001600,TXN0098757,M000186,C000001,Visa,CREDIT_NOT_PROCESSED,Cardholder claims promised credit or refund was not posted,2026-01-24 17:03:16,4986.89,500.0,250.0,2026-02-13 17:03:16,20,contested,lost,2026-02-19 17:03:16,2,3,2,1,0.2783333333333333,2,1,0.6666666666666666,4986.89,debit_card,mobile_app,flight_booking,193,22,137155.21,0,2,13,0,1,1,0.01,12.15,password_authenticated,password,1,0,,,fulfilled,,,,0,travel_hospitality,travel_agency,small,mobile_app,booking_service,0,0,0.3113473521240589,1,1,104,0.0288,20.0,28.083333333333332
DSP001601,TXN0098839,M000344,C000037,Mastercard,MERCHANDISE_NOT_RECEIVED,Cardholder claims ordered merchandise or service was not received,2026-01-26 20:13:37,4051.06,0.0,0.0,2026-02-10 20:13:37,15,accepted,accepted_refunded,,4,4,3,1,0.45999999999999996,4,2,0.75,4051.06,credit_card,pos_qr,electronic_accessory,71,0,0.0,0,0,2,0,1,1,0.4847,3.73,authenticated_otp,sms_otp,1,0,1.0,10.34,delivered,delivered,1.0,1.0,0,online_marketplace_retailer,electronics_hub,enterprise,mobile_app,physical_delivery,0,0,0.5597834160651001,1,1,28,0.0147,15.0,30.083333333333332
DSP001602,TXN0098868,M000319,C000031,RuPay,DUPLICATE_TRANSACTION,Cardholder claims single purchase was billed multiple times,2026-01-24 16:10:42,3097.81,500.0,250.0,2026-02-10 16:10:42,17,contested,won,2026-03-05 16:10:42,5,2,1,1,0.7016666666666667,5,1,0.5,3097.81,debit_card,mobile_app,footwear,166,1,4253.11,1,0,233,87,0,1,0.0348,5.64,password_authenticated,password,1,0,0.0,47.68,failed,failed,0.0,0.0,0,d2c_brand,cosmetics,medium,website,physical_delivery,1,0,0.8835980120512206,1,1,97,0.0132,17.0,27.875
DSP001603,TXN0098908,M000061,C000004,Mastercard,UNAUTHORIZED_TRANSACTION,Cardholder claims transaction was unauthorized or fraudulent,2026-01-06 11:40:24,1122.12,0.0,0.0,2026-01-17 11:40:24,11,accepted,accepted_refunded,,5,3,3,0,0.6516666666666667,5,1,1.0,1122.12,credit_card,pos_qr,fashion_apparel,486,20,20530.13,2,0,9,340,0,4,0.1949,24.74,authenticated_otp,sms_otp,1,0,0.0,20.92,delivered,delivered,1.0,1.0,0,online_marketplace_retailer,electronics_hub,enterprise,omnichannel,physical_delivery,0,0,0.8088492502051919,1,1,75,0.0125,11.0,9.583333333333334
DSP001604,TXN0098930,M000126,C000042,Visa,UNAUTHORIZED_TRANSACTION,Cardholder claims transaction was unauthorized or fraudulent,2025-12-31 04:21:11,746.13,350.0,175.0,2026-01-15 04:21:11,15,contested,lost,2026-02-01 04:21:11,6,3,3,0,0.8066666666666666,6,0,1.0,746.13,credit_card,payment_link,electronic_accessory,226,9,10321.12,0,0,26,173,0,6,0.0259,2.62,authenticated_otp,sms_otp,1,0,1.0,18.6,delivered,delivered,1.0,1.0,1,online_marketplace_retailer,multi_category_retail,medium,omnichannel,physical_delivery,0,0,0.8896091299923493,1,1,90,0.0118,15.0,3.2083333333333335
DSP001605,TXN0098964,M000170,C000055,Visa,MERCHANDISE_NOT_AS_DESCRIBED,"Cardholder claims merchandise arrived damaged, defective, or not as described",2026-01-27 07:17:15,2089.45,0.0,0.0,2026-02-10 07:17:15,14,accepted,accepted_refunded,,2,2,2,0,0.29,2,1,1.0,2089.45,debit_card,mobile_app,food_item,427,11,13709.16,0,0,36,161,0,6,0.01,2.1,authenticated_otp,sms_otp,1,0,0.0,0.74,delivered,delivered,1.0,1.0,0,food_local_commerce,local_restaurant,medium,website,food_delivery,1,0,0.8835302495589238,1,1,53,0.02,14.0,30.041666666666668
DSP001606,TXN0098997,M000029,C000011,Visa,MERCHANDISE_NOT_AS_DESCRIBED,"Cardholder claims merchandise arrived damaged, defective, or not as described",2026-01-23 23:20:00,756.52,500.0,250.0,2026-02-13 23:20:00,21,contested,lost,2026-03-05 23:20:00,2,2,1,1,0.2816666666666667,2,1,0.5,756.52,credit_card,desktop_web,food_item,270,13,8571.63,0,0,4,195,0,10,0.1653,31.74,authenticated_otp,sms_otp,1,0,0.0,0.7,delivered,delivered,1.0,1.0,0,food_local_commerce,local_restaurant,medium,mobile_app,food_delivery,0,0,0.8456069984217036,1,1,20,0.0104,21.0,26.625
DSP001607,TXN0099024,M000341,C000060,Mastercard,MERCHANDISE_NOT_AS_DESCRIBED,"Cardholder claims merchandise arrived damaged, defective, or not as described",2026-01-25 06:36:45,1313.26,150.0,75.0,2026-02-05 06:36:45,11,contested,won,2026-03-02 06:36:45,6,3,3,0,0.8116666666666666,6,0,1.0,1313.26,credit_card,desktop_web,home_decor,130,1,1474.78,0,0,243,76,0,1,0.01,8.87,authenticated_otp,sms_otp,1,0,1.0,3.2,failed,failed,0.0,0.0,0,online_marketplace_retailer,beauty_marketplace,enterprise,mobile_app,physical_delivery,0,0,0.8855460584011007,1,1,92,0.0076,11.0,27.875
DSP001608,TXN0099128,M000228,C000042,Visa,CREDIT_NOT_PROCESSED,Cardholder claims promised credit or refund was not posted,2026-01-27 14:35:31,1562.67,0.0,0.0,2026-02-13 14:35:31,17,accepted,accepted_refunded,,5,3,3,0,0.645,5,1,1.0,1562.67,debit_card,desktop_web,cosmetics_kit,462,9,21383.17,4,0,73,0,1,1,0.01,12.62,authenticated_3ds,3ds_v2,1,0,0.0,37.31,delivered,delivered,1.0,0.0,0,online_marketplace_retailer,electronics_hub,enterprise,omnichannel,physical_delivery,0,0,0.8367715803059433,0,1,92,0.0093,17.0,30.041666666666668
DSP001609,TXN0099155,M000222,C000042,Visa,UNAUTHORIZED_TRANSACTION,Cardholder claims transaction was unauthorized or fraudulent,2026-01-04 09:43:28,915.92,0.0,0.0,2026-01-24 09:43:28,20,accepted,accepted_refunded,,2,3,2,1,0.30833333333333335,2,1,0.6666666666666666,915.92,debit_card,pos_qr,food_item,334,7,5620.18,0,0,28,69,0,3,0.01,12.12,authenticated_otp,sms_otp,1,0,1.0,0.99,delivered,delivered,1.0,1.0,0,food_local_commerce,bakery,medium,website,food_delivery,0,0,0.8746491405118024,0,1,6,0.0273,20.0,6.791666666666667
DSP001610,TXN0099161,M000166,C000016,Mastercard,MERCHANDISE_NOT_RECEIVED,Cardholder claims ordered merchandise or service was not received,2026-02-03 22:57:01,10299.91,500.0,250.0,2026-02-15 22:57:01,12,contested,lost,2026-03-01 22:57:01,1,1,0,1,0.12833333333333333,1,2,0.0,10299.91,credit_card,payment_link,saas_plan,433,7,50590.23,0,0,42,314,0,3,0.2565,892.66,authenticated_3ds,3ds_v2,1,1,,,fulfilled,,,,0,digital_saas,developer_tools,medium,website,digital_service,1,1,0.613230583059358,1,1,5,0.0139,12.0,37.333333333333336
DSP001611,TXN0099227,M000137,C000092,Visa,RECURRING_BILLING_DISPUTE,Cardholder claims recurring subscription billing was canceled or unauthorized,2026-02-09 18:48:26,1041.14,350.0,175.0,2026-02-28 18:48:26,19,contested,lost,2026-03-13 18:48:26,2,3,2,1,0.3116666666666667,2,1,0.6666666666666666,1041.14,credit_card,mobile_app,food_item,65,2,2658.59,0,0,67,57,0,2,0.0109,0.66,authenticated_otp,sms_otp,1,0,0.0,0.92,delivered,delivered,1.0,1.0,0,food_local_commerce,gourmet_food,enterprise,mobile_app,food_delivery,0,0,0.8119865367333683,1,1,85,0.0117,19.0,43.041666666666664
DSP001612,TXN0099319,M000001,C000054,Visa,MERCHANDISE_NOT_AS_DESCRIBED,"Cardholder claims merchandise arrived damaged, defective, or not as described",2026-01-16 04:08:06,2021.86,0.0,0.0,2026-01-27 04:08:06,11,accepted,accepted_refunded,,6,3,3,0,0.75,6,0,1.0,2021.86,debit_card,payment_link,handmade_accessory,133,5,4896.04,0,0,39,66,0,1,0.01,27.33,auth_failed,password,3,0,0.0,7.84,failed,failed,0.0,0.0,0,individual_social_seller,crochet_accessories,medium,"Instagram, WhatsApp, payment links",physical_delivery,0,0,0.9,0,1,13,0.025,11.0,18.208333333333332
DSP001613,TXN0099429,M000117,C000002,Mastercard,MERCHANDISE_NOT_AS_DESCRIBED,"Cardholder claims merchandise arrived damaged, defective, or not as described",2026-02-01 22:59:43,2319.07,500.0,250.0,2026-02-15 22:59:43,14,contested,won,2026-03-16 22:59:43,3,2,2,0,0.4166666666666667,3,0,1.0,2319.07,debit_card,desktop_web,saas_plan,349,3,9279.28,0,0,26,227,0,1,0.01,9.82,password_authenticated,password,1,0,,,fulfilled,,,,0,digital_saas,developer_tools,small,website,digital_service,1,0,0.8929697652342573,1,1,116,0.0204,14.0,34.541666666666664
DSP001614,TXN0099455,M000023,C000005,Mastercard,CREDIT_NOT_PROCESSED,Cardholder claims promised credit or refund was not posted,2026-01-30 11:59:29,2766.94,500.0,250.0,2026-02-10 11:59:29,11,contested,won,2026-02-12 11:59:29,4,3,2,1,0.5183333333333333,4,2,0.6666666666666666,2766.94,debit_card,payment_link,footwear,223,36,82931.91,14,2,3,63,0,19,0.1816,3.01,authenticated_3ds,3ds_v2,1,0,0.0,3.08,failed,failed,0.0,0.0,0,d2c_brand,home_lifestyle,small,website,physical_delivery,0,0,0.5931945018642115,0,1,115,0.0149,11.0,32.041666666666664
DSP001615,TXN0099555,M000001,C000086,RuPay,UNAUTHORIZED_TRANSACTION,Cardholder claims transaction was unauthorized or fraudulent,2026-01-26 08:48:05,2444.26,500.0,250.0,2026-02-16 08:48:05,21,contested,lost,2026-02-13 08:48:05,4,3,1,2,0.5116666666666667,4,2,0.3333333333333333,2444.26,credit_card,payment_link,handicraft_item,459,23,28323.47,3,1,8,211,0,4,0.0137,31.15,authenticated_otp,sms_otp,1,0,0.0,10.29,delivered,delivered,1.0,1.0,0,individual_social_seller,crochet_accessories,medium,"Instagram, WhatsApp, payment links",physical_delivery,0,0,0.9,0,1,13,0.025,21.0,27.666666666666668
DSP001616,TXN0099620,M000014,C000017,Visa,RECURRING_BILLING_DISPUTE,Cardholder claims recurring subscription billing was canceled or unauthorized,2026-01-18 18:36:48,2547.86,500.0,250.0,2026-02-07 18:36:48,20,contested,lost,2026-03-02 18:36:48,5,3,2,1,0.6516666666666667,5,1,0.6666666666666666,2547.86,credit_card,pos_qr,footwear,334,34,47448.79,9,0,10,270,0,6,0.155,10.79,password_authenticated,password,1,0,1.0,33.02,delivered,delivered,1.0,0.0,0,d2c_brand,fashion_apparel,medium,website,physical_delivery,1,1,0.8708072577796045,1,1,77,0.0132,20.0,19.958333333333332
DSP001617,TXN0099634,M000104,C000004,Visa,MERCHANDISE_NOT_RECEIVED,Cardholder claims ordered merchandise or service was not received,2026-01-18 05:27:50,406.34,500.0,250.0,2026-02-06 05:27:50,19,contested,won,2026-02-17 05:27:50,2,1,1,0,0.27666666666666667,2,1,1.0,406.34,debit_card,desktop_web,food_item,348,20,15931.38,0,1,22,312,0,9,0.01,5.23,auth_failed,sms_otp,2,0,0.0,0.6,failed,failed,0.0,0.0,0,food_local_commerce,gourmet_food,medium,mobile_app,food_delivery,0,0,0.5607891426993304,0,1,98,0.0289,19.0,19.375
DSP001618,TXN0099682,M000131,C000086,Mastercard,MERCHANDISE_NOT_AS_DESCRIBED,"Cardholder claims merchandise arrived damaged, defective, or not as described",2026-02-07 16:26:19,1043.34,0.0,0.0,2026-02-20 16:26:19,13,accepted,accepted_refunded,,5,3,2,1,0.6466666666666666,5,1,0.6666666666666666,1043.34,debit_card,payment_link,electronic_accessory,205,12,18498.89,0,0,0,0,1,1,0.0558,2.39,authenticated_3ds,3ds_v2,1,0,0.0,6.04,delivered,delivered,1.0,1.0,0,online_marketplace_retailer,specialty_goods,enterprise,omnichannel,physical_delivery,1,0,0.8818014765922493,0,1,38,0.0051,13.0,39.625
DSP001619,TXN0099754,M000298,C000031,Visa,UNAUTHORIZED_TRANSACTION,Cardholder claims transaction was unauthorized or fraudulent,2026-01-13 17:50:35,1419.65,0.0,0.0,2026-01-31 17:50:35,18,accepted,accepted_refunded,,3,3,2,1,0.385,3,3,0.6666666666666666,1419.65,credit_card,payment_link,footwear,86,4,7984.69,2,0,97,67,0,1,0.2165,142.98,authenticated_otp,sms_otp,1,1,1.0,1.99,delivered,delivered,0.0,0.0,1,d2c_brand,fashion_apparel,medium,omnichannel,physical_delivery,0,1,0.5860190641411263,1,1,28,0.0144,18.0,14.333333333333334
DSP001620,TXN0099951,M000103,C000049,RuPay,MERCHANDISE_NOT_AS_DESCRIBED,"Cardholder claims merchandise arrived damaged, defective, or not as described",2026-01-29 01:31:11,4146.7,0.0,0.0,2026-02-08 01:31:11,10,accepted,accepted_refunded,,5,3,2,1,0.6316666666666667,5,1,0.6666666666666666,4146.7,debit_card,mobile_app,footwear,16,4,30364.86,2,0,125,12,0,3,0.1213,38.75,authenticated_3ds,3ds_v2,1,0,0.0,6.79,delivered,delivered,1.0,1.0,0,d2c_brand,fashion_apparel,medium,website,physical_delivery,0,0,0.8025419126744096,1,1,42,0.0177,10.0,29.25
