dispute_id,transaction_id,merchant_id,customer_id,network,reason_code,reason_description,dispute_created_at,dispute_amount,contest_fee,operational_review_cost,respond_by,days_to_deadline,merchant_action,dispute_outcome,resolution_date,n_available,n_required,req_met,req_miss,avg_quality,n_applicable,n_unavailable,evidence_completeness,amount,payment_method,customer_previous_orders,customer_previous_spend,customer_previous_disputes,days_since_customer_last_purchase,ip_risk_score,otp_3ds_status,avs_match,payment_attempt_count,is_international,billing_shipping_mismatch,delivery_status,has_signed_proof,archetype,industry,business_size,fulfillment_type,subscription_supported,documentation_maturity,fulfillment_tracking_available,refund_policy_documented,merchant_age_months,response_window_days,dispute_lag_days,won
DSP000001,TXN0000139,M000001,,Mastercard,UNAUTHORIZED_TRANSACTION,Unauthorized Transaction,2025-11-01,849,613,255,2025-11-09,8,contested,lost,2025-11-25,1,4,1,3,0.09166666666666667,1,5,0.25,849,debit_card,0,0.0,0,,0.4370715274936956,passed,1,1,0,0,in_transit,0.0,social_seller,social_seller,small,physical_delivery,0,0.2,1,0,56,8.0,25.993055555555557,0
DSP000002,TXN0000390,M000001,,Mastercard,MERCHANDISE_NOT_AS_DESCRIBED,Merchandise Not As Described,2026-01-21,1299,509,202,2026-01-30,9,contested,lost,2026-02-05,2,3,1,2,0.20888333333333334,2,4,0.3333333333333333,1299,credit_card,0,0.0,0,,0.2538343954296167,passed,0,2,0,0,delivered,0.0,social_seller,social_seller,small,physical_delivery,0,0.2,1,0,56,9.0,62.1125,0
DSP000003,TXN0000101,M000001,CUS0000127,Mastercard,MERCHANDISE_NOT_RECEIVED,Merchandise Not Received,2025-11-03,945,501,167,2025-11-23,20,contested,lost,2025-12-12,1,4,0,4,0.09166666666666667,1,5,0.0,945,debit_card,0,0.0,0,,0.5260118854843756,passed,1,1,0,1,delivered,1.0,social_seller,social_seller,small,physical_delivery,0,0.2,1,0,56,20.0,13.33125,0
DSP000004,TXN0003363,M000002,CUS0001594,Mastercard,MERCHANDISE_NOT_RECEIVED,Merchandise Not Received,2025-06-26,1795,447,240,2025-07-16,20,contested,won,2025-08-04,5,4,4,0,0.7758166666666666,5,1,1.0,1795,credit_card,1,495.0,0,84.0,0.2634321952508491,failed,1,2,0,0,delivered,1.0,d2c_brand,d2c_brand,medium,physical_delivery,0,0.8394736058118728,1,0,16,20.0,57.84652777777778,1
DSP000006,TXN0002848,M000002,CUS0001456,Mastercard,MERCHANDISE_NOT_RECEIVED,Merchandise Not Received,2025-12-14,1595,458,206,2025-12-21,7,contested,lost,2026-01-24,4,4,2,2,0.6259166666666667,4,2,0.5,1595,credit_card,3,6993.0,0,110.0,0.1406583105409381,failed,1,3,0,0,delivered,0.0,d2c_brand,d2c_brand,medium,physical_delivery,0,0.8394736058118728,1,0,16,7.0,35.236111111111114,0
DSP000007,TXN0003893,M000002,CUS0000480,Visa,CREDIT_NOT_PROCESSED,Credit Not Processed,2025-11-13,5699,465,213,2025-11-24,11,contested,lost,2025-12-20,5,3,2,1,0.77895,5,1,0.6666666666666666,5699,debit_card,2,4698.0,0,32.0,0.5098146141823766,passed,1,3,0,0,delivered,1.0,d2c_brand,d2c_brand,medium,physical_delivery,0,0.8394736058118728,1,0,16,11.0,73.74791666666667,0
DSP000009,TXN0004366,M000002,CUS0000724,RuPay,UNAUTHORIZED_TRANSACTION,Unauthorized Transaction,2026-01-30,1299,660,276,2026-02-13,14,contested,won,2026-03-01,6,4,4,0,0.9529,6,0,1.0,1299,debit_card,1,9199.0,0,69.0,0.078295153462179,passed,1,1,0,0,delivered,0.0,d2c_brand,d2c_brand,medium,physical_delivery,0,0.8394736058118728,1,0,16,14.0,72.68888888888888,1
DSP000010,TXN0004038,M000002,,RuPay,DUPLICATE_TRANSACTION,Duplicate Transaction,2025-11-20,429,499,186,2025-11-29,9,contested,won,2025-12-15,5,2,2,0,0.75095,5,1,1.0,429,debit_card,0,0.0,0,,0.2998356613632281,passed,0,1,0,0,delivered,1.0,d2c_brand,d2c_brand,medium,physical_delivery,0,0.8394736058118728,1,0,16,9.0,44.975,1
DSP000011,TXN0004164,M000002,,Visa,MERCHANDISE_NOT_AS_DESCRIBED,Merchandise Not As Described,2025-12-17,1549,671,189,2025-12-27,10,contested,lost,2026-01-17,3,3,1,2,0.41075,3,3,0.3333333333333333,1549,debit_card,0,0.0,0,,0.2295724145127395,passed,1,1,0,0,delivered,1.0,d2c_brand,d2c_brand,medium,physical_delivery,0,0.8394736058118728,1,0,16,10.0,63.78125,0
DSP000012,TXN0002257,M000002,CUS0000309,Visa,MERCHANDISE_NOT_RECEIVED,Merchandise Not Received,2025-12-25,1549,534,251,2026-01-10,16,contested,won,2026-02-04,6,4,4,0,0.89975,6,0,1.0,1549,credit_card,0,0.0,0,,0.0746150372188143,passed,1,2,0,0,delivered,1.0,d2c_brand,d2c_brand,medium,physical_delivery,0,0.8394736058118728,1,0,16,16.0,15.110416666666667,1
DSP000014,TXN0001007,M000002,CUS0001512,Visa,MERCHANDISE_NOT_RECEIVED,Merchandise Not Received,2025-11-10,945,484,282,2025-11-28,18,contested,won,2025-12-19,6,4,4,0,0.9127166666666667,6,0,1.0,945,credit_card,1,2095.0,0,126.0,0.3602825529867139,passed,1,1,0,0,delivered,0.0,d2c_brand,d2c_brand,medium,physical_delivery,0,0.8394736058118728,1,0,16,18.0,30.802083333333332,1
DSP000015,TXN0001731,M000002,CUS0001538,Visa,MERCHANDISE_NOT_AS_DESCRIBED,Merchandise Not As Described,2026-01-19,1399,613,206,2026-01-26,7,contested,won,2026-02-25,6,3,3,0,0.9110999999999999,6,0,1.0,1399,credit_card,3,4717.0,0,17.0,0.3764389129259998,passed,1,1,0,0,in_transit,0.0,d2c_brand,d2c_brand,medium,physical_delivery,0,0.8394736058118728,1,0,16,7.0,45.15694444444444,1
DSP000019,TXN0003015,M000002,CUS0001464,Visa,CREDIT_NOT_PROCESSED,Credit Not Processed,2025-07-14,1045,717,280,2025-08-02,19,contested,lost,2025-08-27,4,3,2,1,0.6104833333333334,4,2,0.6666666666666666,1045,credit_card,0,0.0,0,,0.4380855927273438,passed,1,1,0,1,delivered,1.0,d2c_brand,d2c_brand,medium,physical_delivery,0,0.8394736058118728,1,0,16,19.0,55.647222222222226,0
DSP000020,TXN0002354,M000002,,Visa,MERCHANDISE_NOT_RECEIVED,Merchandise Not Received,2025-05-03,1995,638,250,2025-05-14,11,contested,won,2025-05-28,5,4,4,0,0.8166666666666668,5,1,1.0,1995,debit_card,0,0.0,0,,0.1336775659445658,passed,1,1,0,0,delivered,1.0,d2c_brand,d2c_brand,medium,physical_delivery,0,0.8394736058118728,1,0,16,11.0,29.399305555555557,1
DSP000022,TXN0002560,M000002,CUS0000963,RuPay,CREDIT_NOT_PROCESSED,Credit Not Processed,2025-11-08,1649,435,262,2025-11-15,7,contested,lost,2025-12-13,5,3,2,1,0.8049166666666666,5,1,0.6666666666666666,1649,credit_card,1,2099.0,0,260.0,0.3799849679323113,passed,1,1,1,0,delivered,1.0,d2c_brand,d2c_brand,medium,physical_delivery,0,0.8394736058118728,1,0,16,7.0,29.01388888888889,0
DSP000023,TXN0001181,M000002,CUS0001329,RuPay,MERCHANDISE_NOT_AS_DESCRIBED,Merchandise Not As Described,2025-06-07,399,650,278,2025-06-20,13,contested,won,2025-07-15,5,3,2,1,0.7616833333333334,5,1,0.6666666666666666,399,credit_card,0,0.0,0,,0.4373852783992432,failed,1,1,0,0,delivered,1.0,d2c_brand,d2c_brand,medium,physical_delivery,0,0.8394736058118728,1,0,16,13.0,70.19097222222223,1
DSP000024,TXN0003217,M000002,,Visa,MERCHANDISE_NOT_RECEIVED,Merchandise Not Received,2025-10-01,2545,588,251,2025-10-21,20,contested,lost,2025-11-10,3,4,2,2,0.4631166666666666,3,3,0.5,2545,credit_card,0,0.0,0,,0.1104651805218252,passed,1,2,0,0,delivered,1.0,d2c_brand,d2c_brand,medium,physical_delivery,0,0.8394736058118728,1,0,16,20.0,56.614583333333336,0
DSP000026,TXN0007363,M000003,CUS0001822,Visa,CREDIT_NOT_PROCESSED,Credit Not Processed,2025-10-28,9999,613,242,2025-11-04,7,contested,lost,2025-12-04,6,4,4,0,0.8616,6,0,1.0,9999,debit_card,3,3997.0,0,74.0,0.0268944936490202,passed,1,2,0,0,,,subscription_edtech,subscription_edtech,medium,digital_service,1,0.7322279403980707,0,1,112,7.0,13.981944444444444,0
DSP000028,TXN0006927,M000003,,Mastercard,RECURRING_BILLING_DISPUTE,Recurring Billing Dispute,2025-04-23,499,715,202,2025-05-06,13,contested,won,2025-05-24,4,5,4,1,0.6217666666666667,4,2,0.8,499,debit_card,0,0.0,0,,0.1668316907490612,passed,1,2,0,0,,,subscription_edtech,subscription_edtech,medium,digital_service,1,0.7322279403980707,0,1,112,13.0,6.419444444444444,1
DSP000030,TXN0007785,M000003,,Visa,DUPLICATE_TRANSACTION,Duplicate Transaction,2025-07-18,2999,674,267,2025-08-06,19,contested,won,2025-08-04,4,2,2,0,0.5946833333333333,4,2,1.0,2999,credit_card,0,0.0,0,,0.6696291934961071,passed,1,3,0,0,,,subscription_edtech,subscription_edtech,medium,digital_service,1,0.7322279403980707,0,1,112,19.0,62.009027777777774,1
DSP000031,TXN0008189,M000003,,Mastercard,CREDIT_NOT_PROCESSED,Credit Not Processed,2025-11-09,499,739,283,2025-11-20,11,contested,won,2025-11-27,5,4,4,0,0.7382666666666666,5,1,1.0,499,credit_card,0,0.0,0,,0.1050807625565099,passed,1,1,0,0,,,subscription_edtech,subscription_edtech,medium,digital_service,1,0.7322279403980707,0,1,112,11.0,47.602777777777774,1
DSP000032,TXN0007256,M000003,CUS0002812,Mastercard,RECURRING_BILLING_DISPUTE,Recurring Billing Dispute,2025-03-25,499,495,247,2025-04-14,20,contested,lost,2025-04-23,4,5,3,2,0.5974166666666666,4,2,0.6,499,credit_card,0,0.0,0,,0.2979227010665983,passed,0,3,0,0,,,subscription_edtech,subscription_edtech,medium,digital_service,1,0.7322279403980707,0,1,112,20.0,12.390277777777778,0
DSP000035,TXN0006472,M000003,CUS0002516,Visa,UNAUTHORIZED_TRANSACTION,Unauthorized Transaction,2025-12-20,9999,636,204,2026-01-10,21,contested,lost,2026-02-02,5,4,3,1,0.7481333333333334,5,1,0.75,9999,debit_card,2,10498.0,0,66.0,0.1534995518609377,passed,1,2,0,0,,,subscription_edtech,subscription_edtech,medium,digital_service,1,0.7322279403980707,0,1,112,21.0,36.769444444444446,0
DSP000036,TXN0007406,M000003,CUS0002253,Visa,SERVICE_NOT_RENDERED,Service Not Rendered,2025-02-26,2999,423,207,2025-03-06,8,contested,won,2025-04-02,5,4,4,0,0.8011333333333334,5,1,1.0,2999,credit_card,0,0.0,0,,0.2654003046329981,passed,1,1,0,0,,,subscription_edtech,subscription_edtech,medium,digital_service,1,0.7322279403980707,0,1,112,8.0,54.02916666666667,1
DSP000037,TXN0007739,M000003,CUS0002311,Mastercard,RECURRING_BILLING_DISPUTE,Recurring Billing Dispute,2026-01-18,499,700,294,2026-02-07,20,contested,lost,2026-02-13,4,5,3,2,0.6116,4,2,0.6,499,debit_card,4,4496.0,0,13.0,0.343094066810175,passed,1,3,0,0,,,subscription_edtech,subscription_edtech,medium,digital_service,1,0.7322279403980707,0,1,112,20.0,67.32013888888889,0
DSP000038,TXN0005692,M000003,CUS0002531,Visa,RECURRING_BILLING_DISPUTE,Recurring Billing Dispute,2025-03-21,2999,529,282,2025-04-11,21,contested,lost,2025-04-15,5,5,4,1,0.7407499999999999,5,1,0.8,2999,credit_card,0,0.0,0,,0.1633291459584295,passed,1,1,0,1,,,subscription_edtech,subscription_edtech,medium,digital_service,1,0.7322279403980707,0,1,112,21.0,49.049305555555556,0
DSP000039,TXN0007490,M000003,CUS0001914,Mastercard,SERVICE_NOT_RENDERED,Service Not Rendered,2025-12-21,499,499,242,2026-01-10,20,contested,lost,2026-01-14,4,4,2,2,0.6225999999999999,4,2,0.5,499,debit_card,3,3997.0,0,3.0,0.186911138258647,passed,1,3,0,0,,,subscription_edtech,subscription_edtech,medium,digital_service,1,0.7322279403980707,0,1,112,20.0,31.100694444444443,0
DSP000041,TXN0008265,M000003,CUS0002951,Mastercard,RECURRING_BILLING_DISPUTE,Recurring Billing Dispute,2025-09-29,499,469,157,2025-10-19,20,contested,lost,2025-11-12,2,5,1,4,0.28481666666666666,2,4,0.2,499,debit_card,2,12998.0,0,220.0,0.2011417885744565,passed,1,1,0,0,,,subscription_edtech,subscription_edtech,medium,digital_service,1,0.7322279403980707,0,1,112,20.0,44.052083333333336,0
DSP000042,TXN0007652,M000003,CUS0002820,Mastercard,CREDIT_NOT_PROCESSED,Credit Not Processed,2025-08-07,2999,517,218,2025-08-15,8,contested,lost,2025-08-26,4,4,3,1,0.54455,4,2,0.75,2999,credit_card,1,499.0,0,94.0,0.6327187286835059,passed,1,1,0,0,,,subscription_edtech,subscription_edtech,medium,digital_service,1,0.7322279403980707,0,1,112,8.0,45.25694444444444,0
DSP000043,TXN0007115,M000003,CUS0002494,Visa,SERVICE_NOT_RENDERED,Service Not Rendered,2025-04-26,2999,696,252,2025-05-04,8,contested,won,2025-05-31,5,4,3,1,0.7388833333333333,5,1,0.75,2999,debit_card,2,19998.0,0,29.0,0.0950639214096451,passed,1,3,0,0,,,subscription_edtech,subscription_edtech,medium,digital_service,1,0.7322279403980707,0,1,112,8.0,19.29652777777778,1
DSP000045,TXN0008948,M000004,CUS0003262,Visa,SERVICE_NOT_RENDERED,Service Not Rendered,2025-04-25,9999,658,274,2025-05-09,14,contested,won,2025-05-21,6,4,4,0,0.9165333333333333,6,0,1.0,9999,credit_card,0,0.0,0,,0.2312866845497732,passed,1,1,0,0,,,saas_tools,saas_tools,small,digital_service,1,0.944552322654166,0,1,101,14.0,64.46041666666666,1
DSP000046,TXN0008492,M000004,,RuPay,RECURRING_BILLING_DISPUTE,Recurring Billing Dispute,2025-10-01,1499,616,162,2025-10-13,12,contested,won,2025-10-24,6,5,5,0,0.9344,6,0,1.0,1499,credit_card,0,0.0,0,,0.2557924958050719,passed,0,1,0,0,,,saas_tools,saas_tools,small,digital_service,1,0.944552322654166,0,1,101,12.0,14.244444444444444,1
DSP000048,TXN0008814,M000004,CUS0003171,Mastercard,CREDIT_NOT_PROCESSED,Credit Not Processed,2025-07-21,399,570,222,2025-08-04,14,contested,won,2025-09-02,6,4,4,0,0.9542166666666666,6,0,1.0,399,credit_card,2,10798.0,0,84.0,0.1566189232833992,passed,1,1,0,0,,,saas_tools,saas_tools,small,digital_service,1,0.944552322654166,0,1,101,14.0,51.640972222222224,1
DSP000049,TXN0008593,M000004,,Visa,SERVICE_NOT_RENDERED,Service Not Rendered,2025-11-05,399,664,206,2025-11-14,9,contested,won,2025-11-26,6,4,4,0,0.9290333333333333,6,0,1.0,399,debit_card,0,0.0,0,,0.3896905249464518,passed,1,1,0,0,,,saas_tools,saas_tools,small,digital_service,1,0.944552322654166,0,1,101,9.0,7.215972222222222,1
DSP000051,TXN0009238,M000005,,Visa,RECURRING_BILLING_DISPUTE,Recurring Billing Dispute,2025-01-18,1499,441,241,2025-01-31,13,contested,lost,2025-02-01,3,5,3,2,0.4291,3,3,0.6,1499,debit_card,0,0.0,0,,0.0405950423743481,passed,1,1,0,0,,,fitness_membership,fitness_membership,small,membership_service,1,0.6016175480170748,0,1,28,13.0,12.540972222222223,0
DSP000053,TXN0009738,M000005,CUS0003401,Mastercard,RECURRING_BILLING_DISPUTE,Recurring Billing Dispute,2025-12-09,999,433,274,2025-12-30,21,contested,lost,2026-01-23,2,5,2,3,0.28035000000000004,2,4,0.4,999,debit_card,1,999.0,0,7.0,0.0388325564276644,passed,1,3,0,0,,,fitness_membership,fitness_membership,small,membership_service,1,0.6016175480170748,0,1,28,21.0,56.02708333333333,0
DSP000054,TXN0010414,M000006,CUS0004498,Visa,SERVICE_NOT_RENDERED,Service Not Rendered,2025-11-27,10895,402,151,2025-12-14,17,contested,lost,2026-01-05,3,3,1,2,0.38988333333333336,3,3,0.3333333333333333,10895,credit_card,0,0.0,0,,0.5014686683485766,passed,1,1,0,0,,,travel_booking,travel_booking,medium,booking_service,0,0.5287607531574458,0,0,23,17.0,64.87152777777777,0
DSP000055,TXN0013558,M000006,CUS0004609,RuPay,SERVICE_NOT_RENDERED,Service Not Rendered,2026-02-07,4645,515,246,2026-02-14,7,contested,lost,2026-03-07,4,3,2,1,0.53105,4,2,0.6666666666666666,4645,credit_card,1,26999.0,0,209.0,0.3395353485792308,passed,1,1,0,0,,,travel_booking,travel_booking,medium,booking_service,0,0.5287607531574458,0,0,23,7.0,46.80625,0
DSP000057,TXN0010647,M000006,,Mastercard,UNAUTHORIZED_TRANSACTION,Unauthorized Transaction,2025-06-04,5599,547,178,2025-06-11,7,contested,lost,2025-07-18,3,3,1,2,0.3869833333333333,3,3,0.3333333333333333,5599,credit_card,0,0.0,0,,0.2819405472896073,passed,1,1,0,0,,,travel_booking,travel_booking,medium,booking_service,0,0.5287607531574458,0,0,23,7.0,16.897916666666667,0
DSP000059,TXN0011998,M000006,CUS0004339,RuPay,CREDIT_NOT_PROCESSED,Credit Not Processed,2025-10-14,17099,413,218,2025-10-23,9,contested,lost,2025-11-08,3,4,3,1,0.35985,3,3,0.75,17099,debit_card,2,28898.0,0,81.0,0.3912447223267241,passed,1,4,0,0,,,travel_booking,travel_booking,medium,booking_service,0,0.5287607531574458,0,0,23,9.0,61.43402777777778,0
DSP000060,TXN0011620,M000006,CUS0003700,Mastercard,MERCHANDISE_NOT_AS_DESCRIBED,Merchandise Not As Described,2025-06-10,6599,632,274,2025-06-17,7,contested,won,2025-07-18,5,3,3,0,0.6689833333333333,5,1,1.0,6599,debit_card,2,37898.0,0,62.0,0.3027662020808543,passed,1,2,0,0,,,travel_booking,travel_booking,medium,booking_service,0,0.5287607531574458,0,0,23,7.0,35.83263888888889,1
DSP000061,TXN0012656,M000006,CUS0004277,Visa,SERVICE_NOT_RENDERED,Service Not Rendered,2025-03-14,1749,677,222,2025-03-24,10,contested,lost,2025-03-31,3,3,1,2,0.33585,3,3,0.3333333333333333,1749,credit_card,0,0.0,0,,0.1633359661020356,not_applicable,1,2,0,0,,,travel_booking,travel_booking,medium,booking_service,0,0.5287607531574458,0,0,23,10.0,13.568055555555556,0
DSP000062,TXN0013228,M000006,CUS0004768,Visa,UNAUTHORIZED_TRANSACTION,Unauthorized Transaction,2025-07-21,4699,613,180,2025-08-06,16,contested,lost,2025-09-02,3,3,2,1,0.36846666666666666,3,3,0.6666666666666666,4699,debit_card,1,7899.0,0,68.0,0.3173787697141875,passed,1,1,0,0,,,travel_booking,travel_booking,medium,booking_service,0,0.5287607531574458,0,0,23,16.0,71.34444444444445,0
DSP000063,TXN0013061,M000006,CUS0004862,Mastercard,CREDIT_NOT_PROCESSED,Credit Not Processed,2025-09-01,2899,541,292,2025-09-17,16,contested,lost,2025-10-12,4,4,3,1,0.47269999999999995,4,2,0.75,2899,debit_card,0,0.0,0,,0.2573768748499722,passed,1,2,0,0,,,travel_booking,travel_booking,medium,booking_service,0,0.5287607531574458,0,0,23,16.0,37.39930555555556,0
DSP000064,TXN0011938,M000006,CUS0004247,RuPay,SERVICE_NOT_RENDERED,Service Not Rendered,2025-07-21,40499,504,263,2025-08-11,21,contested,won,2025-08-08,2,3,2,1,0.23336666666666664,2,4,0.6666666666666666,40499,debit_card,2,24898.0,0,67.0,0.3467275308018258,passed,0,1,0,0,,,travel_booking,travel_booking,medium,booking_service,0,0.5287607531574458,0,0,23,21.0,35.87013888888889,1
DSP000066,TXN0021311,M000007,CUS0006448,Visa,MERCHANDISE_NOT_RECEIVED,Merchandise Not Received,2026-01-20,1149,724,271,2026-02-03,14,contested,won,2026-02-17,6,4,4,0,0.9531999999999999,6,0,1.0,1149,credit_card,2,2548.0,0,144.0,0.2121462228308932,passed,1,1,0,0,delivered,1.0,marketplace_retailer,marketplace_retailer,large,physical_delivery,0,0.9689524311815636,1,1,117,14.0,72.31041666666667,1
DSP000067,TXN0016592,M000007,CUS0005947,Visa,MERCHANDISE_NOT_AS_DESCRIBED,Merchandise Not As Described,2025-11-11,7099,508,196,2025-12-02,21,contested,won,2025-12-25,5,3,3,0,0.7931666666666667,5,1,1.0,7099,credit_card,1,1449.0,0,286.0,0.6570080052104798,passed,0,1,0,0,in_transit,0.0,marketplace_retailer,marketplace_retailer,large,physical_delivery,0,0.9689524311815636,1,1,117,21.0,23.156944444444445,1
DSP000068,TXN0015059,M000007,CUS0007143,Mastercard,MERCHANDISE_NOT_AS_DESCRIBED,Merchandise Not As Described,2025-04-24,1499,610,208,2025-05-04,10,contested,won,2025-05-22,6,3,3,0,0.9732,6,0,1.0,1499,credit_card,0,0.0,0,,0.1337007335289653,passed,0,1,0,0,delivered,1.0,marketplace_retailer,marketplace_retailer,large,physical_delivery,0,0.9689524311815636,1,1,117,10.0,39.37152777777778,1
DSP000069,TXN0014118,M000007,CUS0007921,RuPay,UNAUTHORIZED_TRANSACTION,Unauthorized Transaction,2025-09-30,3249,476,178,2025-10-18,18,contested,won,2025-10-17,6,4,4,0,0.9106333333333333,6,0,1.0,3249,credit_card,2,2134.0,0,41.0,0.4381198447769463,passed,1,1,0,0,delivered,1.0,marketplace_retailer,marketplace_retailer,large,physical_delivery,0,0.9689524311815636,1,1,117,18.0,11.405555555555555,1
DSP000071,TXN0017749,M000007,CUS0005028,Mastercard,UNAUTHORIZED_TRANSACTION,Unauthorized Transaction,2025-07-25,649,566,269,2025-08-03,9,contested,lost,2025-09-07,6,4,4,0,0.95155,6,0,1.0,649,credit_card,0,0.0,0,,0.3642478099129384,passed,0,1,0,0,delivered,0.0,marketplace_retailer,marketplace_retailer,large,physical_delivery,0,0.9689524311815636,1,1,117,9.0,9.190277777777778,0
DSP000073,TXN0014559,M000007,CUS0006494,Visa,UNAUTHORIZED_TRANSACTION,Unauthorized Transaction,2025-08-18,1399,644,237,2025-08-25,7,contested,lost,2025-09-23,5,4,3,1,0.8027666666666667,5,1,0.75,1399,debit_card,3,6507.0,0,95.0,0.2230564298722483,passed,0,4,0,0,delivered,1.0,marketplace_retailer,marketplace_retailer,large,physical_delivery,0,0.9689524311815636,1,1,117,7.0,46.72152777777778,0
DSP000074,TXN0021265,M000007,CUS0006887,Visa,UNAUTHORIZED_TRANSACTION,Unauthorized Transaction,2025-12-21,2499,664,284,2026-01-10,20,contested,won,2026-02-04,6,4,4,0,0.9617666666666667,6,0,1.0,2499,credit_card,1,1099.0,0,205.0,0.0619087183435157,passed,0,1,0,0,delivered,1.0,marketplace_retailer,marketplace_retailer,large,physical_delivery,0,0.9689524311815636,1,1,117,20.0,9.588194444444444,1
DSP000075,TXN0017607,M000007,CUS0005834,Visa,UNAUTHORIZED_TRANSACTION,Unauthorized Transaction,2025-10-24,7495,558,251,2025-11-01,8,contested,lost,2025-12-08,4,4,2,2,0.6533333333333333,4,2,0.5,7495,debit_card,2,3744.0,0,54.0,0.1134757975527858,passed,1,1,0,0,delivered,0.0,marketplace_retailer,marketplace_retailer,large,physical_delivery,0,0.9689524311815636,1,1,117,8.0,65.575,0
DSP000076,TXN0014960,M000007,CUS0005266,Visa,MERCHANDISE_NOT_RECEIVED,Merchandise Not Received,2025-11-04,2645,545,255,2025-11-14,10,contested,won,2025-11-21,6,4,4,0,0.9427833333333333,6,0,1.0,2645,debit_card,0,0.0,0,,0.2022592793280105,passed,1,1,0,0,delivered,1.0,marketplace_retailer,marketplace_retailer,large,physical_delivery,0,0.9689524311815636,1,1,117,10.0,48.99444444444445,1
DSP000077,TXN0014605,M000007,,Visa,MERCHANDISE_NOT_RECEIVED,Merchandise Not Received,2025-05-22,1249,511,177,2025-06-05,14,contested,won,2025-06-09,6,4,4,0,0.9063833333333333,6,0,1.0,1249,credit_card,0,0.0,0,,0.1431419965913345,passed,1,2,0,0,delivered,0.0,marketplace_retailer,marketplace_retailer,large,physical_delivery,0,0.9689524311815636,1,1,117,14.0,33.725,1
DSP000078,TXN0017527,M000007,CUS0006285,Visa,UNAUTHORIZED_TRANSACTION,Unauthorized Transaction,2025-11-25,9395,652,181,2025-12-11,16,contested,lost,2025-12-19,5,4,3,1,0.7631833333333334,5,1,0.75,9395,credit_card,2,4794.0,0,25.0,0.3084920392604002,passed,1,1,0,0,delivered,1.0,marketplace_retailer,marketplace_retailer,large,physical_delivery,0,0.9689524311815636,1,1,117,16.0,60.0875,0
DSP000079,TXN0014560,M000007,CUS0006870,RuPay,CREDIT_NOT_PROCESSED,Credit Not Processed,2025-04-18,5099,526,297,2025-05-05,17,contested,won,2025-05-13,6,3,3,0,0.98,6,0,1.0,5099,debit_card,1,399.0,0,13.0,0.324652796653912,passed,1,1,0,0,delivered,1.0,marketplace_retailer,marketplace_retailer,large,physical_delivery,0,0.9689524311815636,1,1,117,17.0,54.27638888888889,1
DSP000080,TXN0016611,M000007,CUS0006902,Mastercard,MERCHANDISE_NOT_AS_DESCRIBED,Merchandise Not As Described,2025-08-13,1099,435,169,2025-09-03,21,contested,won,2025-09-17,6,3,3,0,0.9308166666666667,6,0,1.0,1099,credit_card,2,5598.0,0,132.0,0.2835942148247897,passed,1,1,1,0,delivered,1.0,marketplace_retailer,marketplace_retailer,large,physical_delivery,0,0.9689524311815636,1,1,117,21.0,25.37013888888889,1
DSP000082,TXN0016842,M000007,,Mastercard,CREDIT_NOT_PROCESSED,Credit Not Processed,2025-08-17,7399,533,151,2025-08-31,14,contested,won,2025-09-12,5,3,3,0,0.8118500000000001,5,1,1.0,7399,debit_card,0,0.0,0,,0.1667252611879564,passed,1,1,0,0,delivered,1.0,marketplace_retailer,marketplace_retailer,large,physical_delivery,0,0.9689524311815636,1,1,117,14.0,51.59583333333333,1
DSP000084,TXN0019283,M000007,CUS0005247,Visa,MERCHANDISE_NOT_AS_DESCRIBED,Merchandise Not As Described,2025-01-30,2145,536,298,2025-02-19,20,contested,won,2025-02-21,6,3,3,0,0.9751166666666666,6,0,1.0,2145,credit_card,0,0.0,0,,0.366033946208789,failed,1,1,0,0,delivered,0.0,marketplace_retailer,marketplace_retailer,large,physical_delivery,0,0.9689524311815636,1,1,117,20.0,15.077083333333333,1
DSP000085,TXN0018187,M000007,,Visa,UNAUTHORIZED_TRANSACTION,Unauthorized Transaction,2025-09-26,4095,706,216,2025-10-11,15,contested,lost,2025-10-24,6,4,4,0,0.9346833333333334,6,0,1.0,4095,debit_card,0,0.0,0,,0.0747257109277318,passed,1,1,0,0,in_transit,0.0,marketplace_retailer,marketplace_retailer,large,physical_delivery,0,0.9689524311815636,1,1,117,15.0,63.49236111111111,0
DSP000087,TXN0016960,M000007,CUS0007420,Mastercard,MERCHANDISE_NOT_RECEIVED,Merchandise Not Received,2025-10-07,5499,629,249,2025-10-23,16,contested,won,2025-11-17,6,4,4,0,0.9451166666666667,6,0,1.0,5499,debit_card,1,2449.0,0,242.0,0.2397127813970487,passed,1,1,0,0,delivered,1.0,marketplace_retailer,marketplace_retailer,large,physical_delivery,0,0.9689524311815636,1,1,117,16.0,5.095138888888889,1
DSP000088,TXN0020300,M000007,,Visa,UNAUTHORIZED_TRANSACTION,Unauthorized Transaction,2025-08-02,1445,425,160,2025-08-19,17,contested,lost,2025-09-04,6,4,4,0,0.98,6,0,1.0,1445,credit_card,0,0.0,0,,0.3234834044979551,failed,0,1,0,0,delivered,1.0,marketplace_retailer,marketplace_retailer,large,physical_delivery,0,0.9689524311815636,1,1,117,17.0,67.91944444444445,0
DSP000091,TXN0022089,M000007,CUS0005794,Visa,UNAUTHORIZED_TRANSACTION,Unauthorized Transaction,2025-11-07,209,447,285,2025-11-22,15,contested,won,2025-11-21,6,4,4,0,0.9588333333333333,6,0,1.0,209,debit_card,3,15193.0,0,34.0,0.5100461621325251,passed,1,1,0,0,delivered,0.0,marketplace_retailer,marketplace_retailer,large,physical_delivery,0,0.9689524311815636,1,1,117,15.0,38.574305555555554,1
DSP000092,TXN0016581,M000007,CUS0005516,RuPay,DUPLICATE_TRANSACTION,Duplicate Transaction,2025-06-23,2045,583,201,2025-07-04,11,contested,won,2025-07-30,6,2,2,0,0.9789166666666667,6,0,1.0,2045,debit_card,0,0.0,0,,0.6059181381635625,passed,1,1,0,0,delivered,1.0,marketplace_retailer,marketplace_retailer,large,physical_delivery,0,0.9689524311815636,1,1,117,11.0,46.0875,1
DSP000093,TXN0018138,M000007,CUS0007158,Visa,CREDIT_NOT_PROCESSED,Credit Not Processed,2025-07-14,10799,641,205,2025-08-02,19,contested,won,2025-08-19,6,3,3,0,0.98,6,0,1.0,10799,credit_card,0,0.0,0,,0.1257005400639527,passed,1,2,0,0,delivered,1.0,marketplace_retailer,marketplace_retailer,large,physical_delivery,0,0.9689524311815636,1,1,117,19.0,15.375694444444445,1
DSP000094,TXN0013857,M000007,CUS0007688,RuPay,MERCHANDISE_NOT_AS_DESCRIBED,Merchandise Not As Described,2026-03-04,6999,575,177,2026-03-12,8,contested,lost,2026-04-06,4,3,2,1,0.6358166666666666,4,2,0.6666666666666666,6999,debit_card,4,12732.0,0,54.0,0.4976074843420429,passed,1,1,0,0,rto,0.0,marketplace_retailer,marketplace_retailer,large,physical_delivery,0,0.9689524311815636,1,1,117,8.0,73.22361111111111,0
DSP000095,TXN0029559,M000088,CUS0010638,Visa,SERVICE_NOT_RENDERED,Service Not Rendered,2025-08-21,24999,639,198,2025-08-31,10,contested,won,2025-09-10,6,4,4,0,0.9294666666666668,6,0,1.0,24999,credit_card,1,4999.0,0,125.0,0.0600135855430922,passed,1,1,0,0,,,subscription_edtech,subscription_edtech,small,digital_service,1,0.7161429053599013,0,1,97,10.0,37.422916666666666,1
DSP000096,TXN0029712,M000088,CUS0010559,Visa,RECURRING_BILLING_DISPUTE,Recurring Billing Dispute,2025-05-29,4999,592,237,2025-06-13,15,contested,lost,2025-06-12,5,5,5,0,0.7532833333333334,5,1,1.0,4999,credit_card,0,0.0,0,,0.2917961383875215,passed,1,1,0,0,,,subscription_edtech,subscription_edtech,small,digital_service,1,0.7161429053599013,0,1,97,15.0,13.675,0
DSP000098,TXN0030153,M000089,CUS0010850,Visa,SERVICE_NOT_RENDERED,Service Not Rendered,2025-11-30,14999,678,293,2025-12-09,9,contested,lost,2026-01-04,4,4,3,1,0.5090333333333333,4,2,0.75,14999,credit_card,1,14999.0,0,60.0,0.2897499223454362,passed,1,3,0,0,,,fitness_membership,fitness_membership,small,membership_service,1,0.4862996819193048,0,1,11,9.0,14.80486111111111,0
DSP000099,TXN0030096,M000089,,Visa,MERCHANDISE_NOT_AS_DESCRIBED,Merchandise Not As Described,2025-10-16,1499,669,237,2025-11-03,18,contested,lost,2025-11-19,2,4,1,3,0.30960000000000004,2,4,0.25,1499,debit_card,0,0.0,0,,0.3953295753078416,passed,1,1,0,0,,,fitness_membership,fitness_membership,small,membership_service,1,0.4862996819193048,0,1,11,18.0,34.99930555555556,0
DSP000100,TXN0030589,M000090,,RuPay,MERCHANDISE_NOT_AS_DESCRIBED,Merchandise Not As Described,2025-09-05,24999,409,226,2025-09-13,8,contested,lost,2025-10-10,5,4,3,1,0.6891833333333333,5,1,0.75,24999,credit_card,0,0.0,0,,0.0920206490802138,passed,1,2,0,0,,,fitness_membership,fitness_membership,small,membership_service,1,0.4703343805807432,0,0,102,8.0,5.805555555555555,0
DSP000102,TXN0031193,M000091,,Visa,RECURRING_BILLING_DISPUTE,Recurring Billing Dispute,2025-10-15,5999,693,275,2025-11-03,19,contested,lost,2025-11-12,3,5,2,3,0.34650000000000003,3,3,0.4,5999,debit_card,0,0.0,0,,0.2110798011008879,passed,1,1,0,0,,,fitness_membership,fitness_membership,small,membership_service,1,0.6459141361173186,0,1,95,19.0,59.053472222222226,0
DSP000104,TXN0031323,M000091,CUS0011201,Visa,RECURRING_BILLING_DISPUTE,Recurring Billing Dispute,2025-01-23,24999,406,166,2025-02-10,18,contested,won,2025-02-15,5,5,4,1,0.6763499999999999,5,1,0.8,24999,credit_card,0,0.0,0,,0.0617007964690903,passed,1,1,0,0,,,fitness_membership,fitness_membership,small,membership_service,1,0.6459141361173186,0,1,95,18.0,18.374305555555555,1
DSP000106,TXN0031810,M000092,,RuPay,RECURRING_BILLING_DISPUTE,Recurring Billing Dispute,2025-05-06,14999,680,275,2025-05-19,13,contested,won,2025-06-11,4,5,4,1,0.5245333333333333,4,2,0.8,14999,credit_card,0,0.0,0,,0.1023739211226,passed,0,1,0,0,,,fitness_membership,fitness_membership,small,membership_service,1,0.552844574038083,0,1,34,13.0,14.765972222222222,1
DSP000107,TXN0031671,M000092,,Mastercard,RECURRING_BILLING_DISPUTE,Recurring Billing Dispute,2025-04-07,5999,696,177,2025-04-16,9,contested,lost,2025-04-26,3,5,2,3,0.4656833333333333,3,3,0.4,5999,credit_card,0,0.0,0,,0.1342437024493202,passed,1,1,0,0,,,fitness_membership,fitness_membership,small,membership_service,1,0.552844574038083,0,1,34,9.0,44.6375,0
DSP000108,TXN0032460,M000093,,Visa,MERCHANDISE_NOT_AS_DESCRIBED,Merchandise Not As Described,2025-12-24,1299,566,295,2026-01-11,18,contested,lost,2026-02-04,4,3,2,1,0.6141833333333333,4,2,0.6666666666666666,1299,debit_card,0,0.0,0,,0.0732330265255526,passed,1,2,0,0,in_transit,0.0,d2c_brand,d2c_brand,small,physical_delivery,0,0.7955754548047492,1,1,53,18.0,65.71597222222222,0
DSP000109,TXN0033000,M000094,,Mastercard,CREDIT_NOT_PROCESSED,Credit Not Processed,2025-06-21,3849,451,193,2025-06-28,7,contested,won,2025-08-01,5,3,2,1,0.7586499999999999,5,1,0.6666666666666666,3849,debit_card,0,0.0,0,,0.346010561296624,passed,1,1,0,0,delivered,1.0,d2c_brand,d2c_brand,small,physical_delivery,0,0.7732784899652495,1,1,90,7.0,64.52430555555556,1
DSP000110,TXN0033124,M000094,CUS0011832,RuPay,MERCHANDISE_NOT_RECEIVED,Merchandise Not Received,2025-06-20,2549,692,289,2025-07-01,11,contested,lost,2025-07-21,5,4,3,1,0.7453500000000001,5,1,0.75,2549,debit_card,0,0.0,0,,0.5712897039973015,passed,1,2,0,0,lost,0.0,d2c_brand,d2c_brand,small,physical_delivery,0,0.7732784899652495,1,1,90,11.0,10.693055555555556,0
DSP000111,TXN0033442,M000095,CUS0011927,Visa,MERCHANDISE_NOT_AS_DESCRIBED,Merchandise Not As Described,2025-06-21,699,565,298,2025-07-01,10,contested,won,2025-07-07,5,3,3,0,0.7611666666666667,5,1,1.0,699,debit_card,0,0.0,0,,0.3320935678974828,not_applicable,0,2,0,0,delivered,1.0,d2c_brand,d2c_brand,small,physical_delivery,0,0.8371486690911891,1,0,40,10.0,51.79236111111111,1
DSP000112,TXN0033723,M000095,,Visa,UNAUTHORIZED_TRANSACTION,Unauthorized Transaction,2025-07-31,1049,476,178,2025-08-17,17,contested,lost,2025-08-18,4,4,3,1,0.6339833333333333,4,2,0.75,1049,debit_card,0,0.0,0,,0.3505478162237715,passed,1,1,0,0,delivered,1.0,d2c_brand,d2c_brand,small,physical_delivery,0,0.8371486690911891,1,0,40,17.0,59.3875,0
DSP000114,TXN0034073,M000096,,Mastercard,DUPLICATE_TRANSACTION,Duplicate Transaction,2025-10-23,19999,643,249,2025-10-31,8,contested,lost,2025-11-14,6,2,2,0,0.9562666666666666,6,0,1.0,19999,credit_card,0,0.0,0,,0.2357715048353902,passed,1,1,0,0,,,saas_tools,saas_tools,small,digital_service,1,0.8761820856600158,0,1,29,8.0,49.72361111111111,0
DSP000117,TXN0034612,M000097,,Mastercard,CREDIT_NOT_PROCESSED,Credit Not Processed,2025-03-15,8999,658,190,2025-03-29,14,contested,lost,2025-03-30,4,4,2,2,0.5621666666666667,4,2,0.5,8999,debit_card,0,0.0,0,,0.3945851344232259,passed,1,1,0,0,,,fitness_membership,fitness_membership,small,membership_service,1,0.5765835258535241,0,0,85,14.0,59.34513888888889,0
DSP000118,TXN0034574,M000097,CUS0012343,Visa,CREDIT_NOT_PROCESSED,Credit Not Processed,2025-07-19,1499,685,217,2025-08-04,16,contested,lost,2025-08-31,2,4,1,3,0.28265,2,4,0.25,1499,debit_card,1,14999.0,0,75.0,0.4899942803808199,passed,1,1,0,0,,,fitness_membership,fitness_membership,small,membership_service,1,0.5765835258535241,0,0,85,16.0,49.12361111111111,0
DSP000119,TXN0034581,M000097,,RuPay,RECURRING_BILLING_DISPUTE,Recurring Billing Dispute,2025-09-05,8999,739,204,2025-09-25,20,contested,won,2025-09-26,5,5,4,1,0.6735666666666668,5,1,0.8,8999,credit_card,0,0.0,0,,0.5522150195055316,passed,1,3,0,0,,,fitness_membership,fitness_membership,small,membership_service,1,0.5765835258535241,0,0,85,20.0,33.66597222222222,1
DSP000122,TXN0035173,M000098,,Visa,RECURRING_BILLING_DISPUTE,Recurring Billing Dispute,2026-01-15,3999,655,193,2026-01-28,13,contested,lost,2026-02-27,5,5,4,1,0.6830833333333333,5,1,0.8,3999,credit_card,0,0.0,0,,0.2677382936197224,passed,1,2,0,0,,,fitness_membership,fitness_membership,small,membership_service,1,0.572875948108384,0,1,66,13.0,69.69375,0
DSP000123,TXN0035449,M000099,CUS0012728,Visa,UNAUTHORIZED_TRANSACTION,Unauthorized Transaction,2025-05-02,2499,746,183,2025-05-09,7,contested,lost,2025-05-21,4,4,3,1,0.5358666666666666,4,2,0.75,2499,debit_card,3,7497.0,0,49.0,0.3387033824666905,failed,1,1,0,0,,,fitness_membership,fitness_membership,small,membership_service,1,0.6417760491818161,0,0,97,7.0,4.385416666666667,0
DSP000125,TXN0035867,M000099,CUS0012655,Visa,RECURRING_BILLING_DISPUTE,Recurring Billing Dispute,2025-11-24,2499,743,213,2025-12-05,11,contested,lost,2025-12-23,2,5,2,3,0.2981,2,4,0.4,2499,debit_card,1,2499.0,0,226.0,0.5341194924280053,passed,1,1,0,0,,,fitness_membership,fitness_membership,small,membership_service,1,0.6417760491818161,0,0,97,11.0,65.65138888888889,0
DSP000127,TXN0036144,M000100,,Mastercard,MERCHANDISE_NOT_AS_DESCRIBED,Merchandise Not As Described,2025-10-18,1395,493,178,2025-11-07,20,contested,lost,2025-11-20,2,3,0,3,0.23818333333333333,2,4,0.0,1395,debit_card,0,0.0,0,,0.4393453059455667,passed,1,1,0,0,delivered,0.0,social_seller,social_seller,small,physical_delivery,0,0.3580151790716618,1,0,11,20.0,39.52361111111111,0
DSP000129,TXN0036750,M000101,CUS0013083,Visa,MERCHANDISE_NOT_AS_DESCRIBED,Merchandise Not As Described,2025-06-05,649,624,243,2025-06-18,13,contested,lost,2025-07-11,2,3,1,2,0.21988333333333335,2,4,0.3333333333333333,649,credit_card,2,3488.0,0,16.0,0.2945598865563695,passed,1,1,0,0,delivered,0.0,social_seller,social_seller,small,physical_delivery,0,0.2742582608185577,1,0,70,13.0,63.949305555555554,0
DSP000131,TXN0037275,M000102,CUS0013284,RuPay,UNAUTHORIZED_TRANSACTION,Unauthorized Transaction,2026-01-29,4999,584,262,2026-02-10,12,contested,lost,2026-03-14,5,4,3,1,0.7612333333333333,5,1,0.75,4999,debit_card,0,0.0,0,,0.3974542290200538,passed,1,1,0,0,,,subscription_edtech,subscription_edtech,small,digital_service,1,0.6845263551026246,0,0,33,12.0,46.489583333333336,0
DSP000133,TXN0037382,M000102,CUS0013328,Mastercard,CREDIT_NOT_PROCESSED,Credit Not Processed,2025-04-24,4999,632,278,2025-05-15,21,contested,won,2025-06-06,5,4,3,1,0.7360666666666665,5,1,0.75,4999,credit_card,0,0.0,0,,0.5296148729008474,passed,1,3,0,0,,,subscription_edtech,subscription_edtech,small,digital_service,1,0.6845263551026246,0,0,33,21.0,52.90902777777778,1
DSP000134,TXN0037347,M000102,CUS0013391,Visa,MERCHANDISE_NOT_AS_DESCRIBED,Merchandise Not As Described,2025-11-07,4999,669,289,2025-11-27,20,contested,lost,2025-12-16,6,4,4,0,0.9011166666666667,6,0,1.0,4999,debit_card,1,4999.0,0,239.0,0.2930960615331097,passed,0,1,0,0,,,subscription_edtech,subscription_edtech,small,digital_service,1,0.6845263551026246,0,0,33,20.0,43.423611111111114,0
DSP000135,TXN0037644,M000103,,Visa,CREDIT_NOT_PROCESSED,Credit Not Processed,2025-07-07,4999,667,290,2025-07-22,15,contested,lost,2025-08-20,4,4,3,1,0.5247833333333333,4,2,0.75,4999,credit_card,0,0.0,0,,0.1485427292702756,passed,0,2,0,0,,,subscription_edtech,subscription_edtech,small,digital_service,1,0.6039467177002246,0,0,95,15.0,54.60069444444444,0
DSP000136,TXN0037591,M000103,CUS0013505,RuPay,CREDIT_NOT_PROCESSED,Credit Not Processed,2025-09-23,499,588,268,2025-10-01,8,contested,lost,2025-10-22,3,4,2,2,0.43356666666666666,3,3,0.5,499,credit_card,0,0.0,0,,0.4062620521542992,passed,1,1,0,0,,,subscription_edtech,subscription_edtech,small,digital_service,1,0.6039467177002246,0,0,95,8.0,64.33472222222223,0
DSP000139,TXN0038190,M000104,CUS0013759,Visa,RECURRING_BILLING_DISPUTE,Recurring Billing Dispute,2025-02-27,4999,647,209,2025-03-16,17,contested,won,2025-03-30,5,5,4,1,0.7920333333333334,5,1,0.8,4999,debit_card,0,0.0,0,,0.3470343705210885,passed,1,1,0,0,,,saas_tools,saas_tools,small,digital_service,1,0.9596733094723072,0,1,67,17.0,40.75,1
DSP000142,TXN0039001,M000105,CUS0013967,Mastercard,MERCHANDISE_NOT_RECEIVED,Merchandise Not Received,2025-03-03,3545,544,277,2025-03-17,14,contested,lost,2025-04-07,4,4,3,1,0.5820833333333334,4,2,0.75,3545,debit_card,3,5733.0,0,0.0,0.3028126932013634,passed,0,1,0,0,delivered,1.0,d2c_brand,d2c_brand,small,physical_delivery,0,0.7295566745084383,1,1,113,14.0,13.38263888888889,0
DSP000143,TXN0038640,M000105,,RuPay,UNAUTHORIZED_TRANSACTION,Unauthorized Transaction,2025-05-16,1099,519,276,2025-06-05,20,contested,lost,2025-06-04,2,4,0,4,0.28801666666666664,2,4,0.0,1099,debit_card,0,0.0,0,,0.0636774292197304,passed,1,3,0,0,delivered,1.0,d2c_brand,d2c_brand,small,physical_delivery,0,0.7295566745084383,1,1,113,20.0,25.824305555555554,0
DSP000145,TXN0039422,M000106,,Mastercard,RECURRING_BILLING_DISPUTE,Recurring Billing Dispute,2025-07-16,2999,658,295,2025-08-06,21,contested,won,2025-08-14,6,5,5,0,0.9617,6,0,1.0,2999,debit_card,0,0.0,0,,0.1324557827788971,passed,1,4,0,0,,,saas_tools,saas_tools,small,digital_service,1,0.9259371417354756,0,1,76,21.0,71.51527777777778,1
DSP000147,TXN0039609,M000106,,Visa,RECURRING_BILLING_DISPUTE,Recurring Billing Dispute,2025-12-12,799,497,281,2025-12-29,17,contested,won,2026-01-13,6,5,5,0,0.98,6,0,1.0,799,debit_card,0,0.0,0,,0.2250795385573575,passed,1,1,0,0,,,saas_tools,saas_tools,small,digital_service,1,0.9259371417354756,0,1,76,17.0,23.905555555555555,1
DSP000148,TXN0039752,M000107,CUS0014230,Mastercard,SERVICE_NOT_RENDERED,Service Not Rendered,2025-04-02,4999,563,183,2025-04-13,11,contested,won,2025-05-13,5,4,3,1,0.7721666666666667,5,1,0.75,4999,debit_card,0,0.0,0,,0.3494951261692394,passed,1,1,0,0,,,subscription_edtech,subscription_edtech,small,digital_service,1,0.7773263089848644,0,1,103,11.0,23.85,1
DSP000149,TXN0040146,M000107,CUS0014250,Visa,CREDIT_NOT_PROCESSED,Credit Not Processed,2025-06-19,4999,658,277,2025-07-06,17,contested,won,2025-08-01,6,4,4,0,0.93375,6,0,1.0,4999,credit_card,0,0.0,0,,0.5274080390717919,passed,1,1,0,1,,,subscription_edtech,subscription_edtech,small,digital_service,1,0.7773263089848644,0,1,103,17.0,52.669444444444444,1
DSP000150,TXN0040181,M000107,,Mastercard,CREDIT_NOT_PROCESSED,Credit Not Processed,2025-12-04,4999,588,166,2025-12-25,21,contested,won,2026-01-10,6,4,4,0,0.8899,6,0,1.0,4999,debit_card,0,0.0,0,,0.2635780240206373,passed,1,1,0,0,,,subscription_edtech,subscription_edtech,small,digital_service,1,0.7773263089848644,0,1,103,21.0,17.530555555555555,1
DSP000151,TXN0040578,M000108,CUS0014548,Mastercard,CREDIT_NOT_PROCESSED,Credit Not Processed,2025-10-05,1499,410,238,2025-10-19,14,contested,lost,2025-11-07,4,3,2,1,0.48383333333333334,4,2,0.6666666666666666,1499,credit_card,0,0.0,0,,0.6326238435922116,passed,1,1,0,0,delivered,1.0,social_seller,social_seller,small,physical_delivery,0,0.3576515999938441,1,1,9,14.0,68.26736111111111,0
DSP000152,TXN0040647,M000108,,Mastercard,MERCHANDISE_NOT_RECEIVED,Merchandise Not Received,2025-06-29,549,590,207,2025-07-09,10,contested,lost,2025-08-03,2,4,2,2,0.19293333333333332,2,4,0.5,549,debit_card,0,0.0,0,,0.4407969970053324,passed,1,5,0,0,delivered,1.0,social_seller,social_seller,small,physical_delivery,0,0.3576515999938441,1,1,9,10.0,67.87291666666667,0
DSP000153,TXN0041267,M000109,,Mastercard,CREDIT_NOT_PROCESSED,Credit Not Processed,2025-11-01,49999,729,158,2025-11-13,12,contested,lost,2025-11-19,6,4,4,0,0.9255666666666666,6,0,1.0,49999,credit_card,0,0.0,0,,0.2988255836525143,passed,1,1,0,0,,,saas_tools,saas_tools,small,digital_service,1,0.8708635923683493,0,0,40,12.0,66.20486111111111,0
DSP000154,TXN0041263,M000109,,Visa,UNAUTHORIZED_TRANSACTION,Unauthorized Transaction,2025-07-10,49999,603,239,2025-07-29,19,contested,lost,2025-08-02,6,4,4,0,0.90155,6,0,1.0,49999,credit_card,0,0.0,0,,0.8185523082343746,passed,0,2,0,0,,,saas_tools,saas_tools,small,digital_service,1,0.8708635923683493,0,0,40,19.0,37.34513888888889,0
DSP000155,TXN0041030,M000109,CUS0014580,Mastercard,UNAUTHORIZED_TRANSACTION,Unauthorized Transaction,2025-05-13,1499,461,238,2025-05-28,15,contested,lost,2025-06-12,5,4,3,1,0.7974333333333333,5,1,0.75,1499,debit_card,1,1499.0,0,26.0,0.1691876070385136,passed,1,1,0,0,,,saas_tools,saas_tools,small,digital_service,1,0.8708635923683493,0,0,40,15.0,65.88680555555555,0
DSP000156,TXN0041464,M000110,CUS0014901,RuPay,RECURRING_BILLING_DISPUTE,Recurring Billing Dispute,2025-03-18,399,609,220,2025-04-08,21,contested,won,2025-04-03,5,5,4,1,0.7588666666666667,5,1,0.8,399,credit_card,0,0.0,0,,0.1404180256706706,passed,1,1,0,1,,,saas_tools,saas_tools,small,digital_service,1,0.8021176821992221,0,0,10,21.0,34.546527777777776,1
DSP000159,TXN0041919,M000111,,Visa,MERCHANDISE_NOT_AS_DESCRIBED,Merchandise Not As Described,2025-08-11,549,570,281,2025-08-24,13,contested,lost,2025-09-24,2,3,1,2,0.22396666666666665,2,4,0.3333333333333333,549,credit_card,0,0.0,0,,0.0773827283769264,failed,1,1,0,0,delivered,1.0,social_seller,social_seller,small,physical_delivery,0,0.3731369472213074,1,1,80,13.0,48.553472222222226,0
DSP000160,TXN0042453,M000112,CUS0015179,Mastercard,SERVICE_NOT_RENDERED,Service Not Rendered,2025-04-14,799,523,168,2025-04-25,11,contested,lost,2025-05-23,3,4,1,3,0.4422,3,3,0.25,799,credit_card,0,0.0,0,,0.2759472100490024,passed,1,1,0,0,,,saas_tools,saas_tools,small,digital_service,1,0.7857999006408939,0,1,7,11.0,44.58263888888889,0
DSP000161,TXN0042452,M000112,CUS0015191,Visa,UNAUTHORIZED_TRANSACTION,Unauthorized Transaction,2026-02-01,49999,439,244,2026-02-22,21,contested,lost,2026-03-15,6,4,4,0,0.9225333333333333,6,0,1.0,49999,debit_card,3,13797.0,0,15.0,0.197473129015511,passed,1,1,0,0,,,saas_tools,saas_tools,small,digital_service,1,0.7857999006408939,0,1,7,21.0,58.34305555555556,0
DSP000162,TXN0042543,M000112,CUS0015294,Visa,RECURRING_BILLING_DISPUTE,Recurring Billing Dispute,2025-05-20,799,575,257,2025-06-06,17,contested,won,2025-06-08,6,5,5,0,0.9267166666666666,6,0,1.0,799,credit_card,0,0.0,0,,0.5121426687459799,passed,1,1,0,0,,,saas_tools,saas_tools,small,digital_service,1,0.7857999006408939,0,1,7,17.0,30.3625,1
DSP000164,TXN0043400,M000113,CUS0015397,Visa,SERVICE_NOT_RENDERED,Service Not Rendered,2025-07-08,24999,630,270,2025-07-25,17,contested,lost,2025-08-04,1,4,1,3,0.12631666666666666,1,5,0.25,24999,credit_card,2,49998.0,0,45.0,0.6425956366560688,not_applicable,1,5,0,0,,,fitness_membership,fitness_membership,small,membership_service,1,0.4572325420989392,0,1,98,17.0,11.046527777777778,0
DSP000165,TXN0043333,M000113,,RuPay,MERCHANDISE_NOT_AS_DESCRIBED,Merchandise Not As Described,2025-07-30,999,696,265,2025-08-14,15,contested,lost,2025-08-15,2,4,2,2,0.28536666666666666,2,4,0.5,999,credit_card,0,0.0,0,,0.292181951149382,not_applicable,1,1,0,0,,,fitness_membership,fitness_membership,small,membership_service,1,0.4572325420989392,0,1,98,15.0,49.020833333333336,0
DSP000167,TXN0043692,M000114,CUS0015537,RuPay,CREDIT_NOT_PROCESSED,Credit Not Processed,2025-12-30,645,679,153,2026-01-16,17,contested,won,2026-01-25,4,3,2,1,0.5489499999999999,4,2,0.6666666666666666,645,debit_card,0,0.0,0,,0.2394102706578254,passed,1,2,0,0,delivered,0.0,d2c_brand,d2c_brand,small,physical_delivery,0,0.7114463880306521,1,0,82,17.0,52.28958333333333,1
DSP000168,TXN0043978,M000115,,Visa,UNAUTHORIZED_TRANSACTION,Unauthorized Transaction,2025-07-07,8999,701,181,2025-07-17,10,contested,lost,2025-08-04,5,4,3,1,0.6520666666666667,5,1,0.75,8999,credit_card,0,0.0,0,,0.1043675985555628,passed,1,1,0,0,,,fitness_membership,fitness_membership,small,membership_service,1,0.6044216798208761,0,1,20,10.0,47.08541666666667,0
DSP000169,TXN0044200,M000115,,Visa,SERVICE_NOT_RENDERED,Service Not Rendered,2025-03-03,24999,747,208,2025-03-14,11,contested,won,2025-03-28,5,4,3,1,0.74435,5,1,0.75,24999,debit_card,0,0.0,0,,0.5991367226565565,passed,1,1,0,0,,,fitness_membership,fitness_membership,small,membership_service,1,0.6044216798208761,0,1,20,11.0,11.6375,1
DSP000170,TXN0044180,M000115,CUS0015828,Mastercard,RECURRING_BILLING_DISPUTE,Recurring Billing Dispute,2025-12-12,3999,477,223,2025-12-28,16,contested,lost,2025-12-26,1,5,1,4,0.11463333333333332,1,5,0.2,3999,credit_card,0,0.0,0,,0.0756487742931005,passed,1,1,0,0,,,fitness_membership,fitness_membership,small,membership_service,1,0.6044216798208761,0,1,20,16.0,8.688888888888888,0
DSP000173,TXN0045013,M000116,,Mastercard,UNAUTHORIZED_TRANSACTION,Unauthorized Transaction,2025-03-22,499,468,282,2025-03-29,7,contested,lost,2025-04-28,6,4,4,0,0.8136,6,0,1.0,499,debit_card,0,0.0,0,,0.2497999148202901,passed,1,3,0,0,,,subscription_edtech,subscription_edtech,small,digital_service,1,0.7060023689152798,0,0,7,7.0,45.229166666666664,0
DSP000174,TXN0045016,M000116,CUS0015993,Visa,SERVICE_NOT_RENDERED,Service Not Rendered,2025-11-04,9999,560,255,2025-11-12,8,contested,won,2025-12-04,4,4,4,0,0.6192833333333333,4,2,1.0,9999,debit_card,1,9999.0,0,22.0,0.0735551848374545,passed,1,1,0,0,,,subscription_edtech,subscription_edtech,small,digital_service,1,0.7060023689152798,0,0,7,8.0,7.98125,1
DSP000175,TXN0044961,M000116,CUS0015959,Visa,RECURRING_BILLING_DISPUTE,Recurring Billing Dispute,2025-05-13,499,513,164,2025-05-28,15,contested,lost,2025-06-07,3,5,3,2,0.4705166666666667,3,3,0.6,499,debit_card,0,0.0,0,,0.1888434178951986,passed,1,1,0,0,,,subscription_edtech,subscription_edtech,small,digital_service,1,0.7060023689152798,0,0,7,15.0,43.571527777777774,0
DSP000179,TXN0046070,M000118,CUS0016329,Visa,CREDIT_NOT_PROCESSED,Credit Not Processed,2025-05-04,5399,402,297,2025-05-16,12,contested,lost,2025-06-08,1,3,1,2,0.09166666666666667,1,5,0.3333333333333333,5399,debit_card,0,0.0,0,,0.1719718157447656,passed,1,1,0,0,delivered,1.0,social_seller,social_seller,small,physical_delivery,0,0.2484701103160334,1,0,31,12.0,62.927083333333336,0
DSP000181,TXN0046506,M000119,CUS0016635,Visa,RECURRING_BILLING_DISPUTE,Recurring Billing Dispute,2025-08-08,999,742,171,2025-08-21,13,contested,lost,2025-09-09,1,5,1,4,0.12126666666666668,1,5,0.2,999,debit_card,1,999.0,0,36.0,0.4450072807027035,passed,1,3,0,0,,,fitness_membership,fitness_membership,small,membership_service,1,0.4846255692845007,0,0,58,13.0,54.66388888888889,0
DSP000183,TXN0046204,M000119,CUS0016534,Visa,SERVICE_NOT_RENDERED,Service Not Rendered,2025-08-26,999,738,296,2025-09-09,14,contested,lost,2025-10-05,2,4,2,2,0.27185,2,4,0.5,999,debit_card,0,0.0,0,,0.1317272710047895,failed,1,1,0,0,,,fitness_membership,fitness_membership,small,membership_service,1,0.4846255692845007,0,0,58,14.0,13.247222222222222,0
DSP000184,TXN0046680,M000120,CUS0016829,Visa,UNAUTHORIZED_TRANSACTION,Unauthorized Transaction,2025-12-30,1049,539,180,2026-01-11,12,contested,won,2026-01-13,6,4,4,0,0.9348,6,0,1.0,1049,debit_card,1,2249.0,0,138.0,0.1317178870614811,passed,1,1,0,0,delivered,1.0,d2c_brand,d2c_brand,small,physical_delivery,0,0.8144826299917275,1,0,57,12.0,31.53125,1
DSP000185,TXN0046930,M000120,CUS0016826,Visa,MERCHANDISE_NOT_AS_DESCRIBED,Merchandise Not As Described,2025-11-08,1095,465,218,2025-11-18,10,contested,won,2025-12-15,5,3,2,1,0.7620666666666667,5,1,0.6666666666666666,1095,debit_card,0,0.0,0,,0.5625528141012105,passed,1,1,0,0,delivered,0.0,d2c_brand,d2c_brand,small,physical_delivery,0,0.8144826299917275,1,0,57,10.0,57.85347222222222,1
DSP000187,TXN0047703,M000121,,RuPay,MERCHANDISE_NOT_AS_DESCRIBED,Merchandise Not As Described,2025-08-14,999,576,254,2025-08-27,13,contested,lost,2025-09-25,3,3,1,2,0.33195,3,3,0.3333333333333333,999,credit_card,0,0.0,0,,0.1468103460140119,passed,1,1,0,0,delivered,1.0,social_seller,social_seller,small,physical_delivery,0,0.3002685265029436,1,0,72,13.0,49.484027777777776,0
DSP000188,TXN0047777,M000122,,Mastercard,DUPLICATE_TRANSACTION,Duplicate Transaction,2025-05-14,4899,585,191,2025-06-02,19,contested,won,2025-06-06,6,2,2,0,0.90125,6,0,1.0,4899,credit_card,0,0.0,0,,0.5842703186561137,passed,1,1,0,0,delivered,0.0,d2c_brand,d2c_brand,small,physical_delivery,0,0.8881188819391037,1,1,24,19.0,51.44375,1
DSP000189,TXN0047760,M000122,CUS0017098,Visa,MERCHANDISE_NOT_AS_DESCRIBED,Merchandise Not As Described,2025-05-17,695,622,170,2025-05-26,9,contested,lost,2025-06-18,4,3,2,1,0.6533333333333333,4,2,0.6666666666666666,695,credit_card,0,0.0,0,,0.1976540569538735,passed,1,1,0,0,delivered,0.0,d2c_brand,d2c_brand,small,physical_delivery,0,0.8881188819391037,1,1,24,9.0,71.74305555555556,0
DSP000190,TXN0048164,M000122,CUS0017056,Mastercard,UNAUTHORIZED_TRANSACTION,Unauthorized Transaction,2025-07-03,1449,523,274,2025-07-17,14,contested,lost,2025-08-13,4,4,2,2,0.6533333333333333,4,2,0.5,1449,credit_card,0,0.0,0,,0.1199170616684118,passed,1,3,0,0,delivered,1.0,d2c_brand,d2c_brand,small,physical_delivery,0,0.8881188819391037,1,1,24,14.0,73.65138888888889,0
DSP000191,TXN0048483,M000123,,Visa,MERCHANDISE_NOT_RECEIVED,Merchandise Not Received,2025-04-13,429,488,240,2025-04-21,8,contested,lost,2025-05-18,2,4,1,3,0.24495,2,4,0.25,429,debit_card,0,0.0,0,,0.4659638305138515,passed,1,1,0,1,delivered,1.0,social_seller,social_seller,small,physical_delivery,0,0.3208068781481532,1,1,60,8.0,47.02291666666667,0
DSP000192,TXN0048298,M000123,CUS0017279,Visa,MERCHANDISE_NOT_AS_DESCRIBED,Merchandise Not As Described,2025-04-25,499,475,222,2025-05-02,7,contested,lost,2025-05-23,2,3,2,1,0.19579999999999997,2,4,0.6666666666666666,499,debit_card,0,0.0,0,,0.309608441564738,passed,1,1,0,0,delivered,1.0,social_seller,social_seller,small,physical_delivery,0,0.3208068781481532,1,1,60,7.0,71.27847222222222,0
DSP000193,TXN0048423,M000123,CUS0017301,Visa,UNAUTHORIZED_TRANSACTION,Unauthorized Transaction,2025-07-31,1495,538,230,2025-08-17,17,contested,lost,2025-08-18,1,4,1,3,0.09166666666666667,1,5,0.25,1495,debit_card,0,0.0,0,,0.3801163444798394,passed,1,1,0,0,delivered,1.0,social_seller,social_seller,small,physical_delivery,0,0.3208068781481532,1,1,60,17.0,26.491666666666667,0
DSP000194,TXN0048831,M000124,,Mastercard,RECURRING_BILLING_DISPUTE,Recurring Billing Dispute,2025-04-19,5999,505,294,2025-05-10,21,contested,lost,2025-05-28,3,5,2,3,0.3928833333333333,3,3,0.4,5999,credit_card,0,0.0,0,,0.1269347838641621,passed,0,1,0,0,,,fitness_membership,fitness_membership,small,membership_service,1,0.5056151091562515,0,1,52,21.0,22.669444444444444,0
DSP000195,TXN0049143,M000124,CUS0017489,Visa,RECURRING_BILLING_DISPUTE,Recurring Billing Dispute,2025-05-27,2499,449,292,2025-06-05,9,contested,lost,2025-06-24,3,5,2,3,0.32078333333333336,3,3,0.4,2499,credit_card,1,999.0,0,3.0,0.3890349347027625,passed,1,3,0,0,,,fitness_membership,fitness_membership,small,membership_service,1,0.5056151091562515,0,1,52,9.0,22.525694444444444,0
DSP000196,TXN0049008,M000124,,Mastercard,SERVICE_NOT_RENDERED,Service Not Rendered,2025-02-16,999,549,230,2025-03-08,20,contested,lost,2025-03-30,3,4,2,2,0.3793,3,3,0.5,999,credit_card,0,0.0,0,,0.0937509623157535,passed,1,1,0,0,,,fitness_membership,fitness_membership,small,membership_service,1,0.5056151091562515,0,1,52,20.0,31.855555555555554,0
DSP000197,TXN0048908,M000124,,RuPay,RECURRING_BILLING_DISPUTE,Recurring Billing Dispute,2025-10-22,2499,663,219,2025-10-31,9,contested,lost,2025-11-22,3,5,2,3,0.3024,3,3,0.4,2499,debit_card,0,0.0,0,,0.2674493530816355,passed,0,1,0,0,,,fitness_membership,fitness_membership,small,membership_service,1,0.5056151091562515,0,1,52,9.0,57.56319444444444,0
DSP000198,TXN0049815,M000125,CUS0017754,Mastercard,RECURRING_BILLING_DISPUTE,Recurring Billing Dispute,2025-02-09,799,708,152,2025-02-18,9,contested,won,2025-03-13,5,5,4,1,0.7595833333333334,5,1,0.8,799,debit_card,0,0.0,0,,0.3853732522560096,passed,1,2,0,0,,,saas_tools,saas_tools,small,digital_service,1,0.8617566218857394,0,1,54,9.0,28.14027777777778,1
DSP000200,TXN0049470,M000125,CUS0017766,Mastercard,RECURRING_BILLING_DISPUTE,Recurring Billing Dispute,2025-07-25,9999,441,249,2025-08-13,19,contested,won,2025-09-06,6,5,5,0,0.9607,6,0,1.0,9999,debit_card,0,0.0,0,,0.2396036169988608,passed,1,4,0,0,,,saas_tools,saas_tools,small,digital_service,1,0.8617566218857394,0,1,54,19.0,64.02986111111112,1
DSP000202,TXN0050506,M000127,CUS0018021,RuPay,RECURRING_BILLING_DISPUTE,Recurring Billing Dispute,2025-12-23,999,597,215,2026-01-04,12,contested,won,2026-01-15,6,5,5,0,0.9015833333333333,6,0,1.0,999,credit_card,1,999.0,0,21.0,0.341820979595339,failed,1,1,0,0,,,subscription_edtech,subscription_edtech,small,digital_service,1,0.7095896964402421,0,1,55,12.0,10.035416666666666,1
DSP000203,TXN0050614,M000127,CUS0018137,Mastercard,RECURRING_BILLING_DISPUTE,Recurring Billing Dispute,2025-06-03,1499,712,200,2025-06-12,9,contested,lost,2025-07-05,1,5,1,4,0.16333333333333333,1,5,0.2,1499,credit_card,2,2998.0,0,22.0,0.5158730638386599,not_applicable,0,1,0,0,,,subscription_edtech,subscription_edtech,small,digital_service,1,0.7095896964402421,0,1,55,9.0,18.945138888888888,0
DSP000204,TXN0051042,M000128,CUS0018203,Visa,MERCHANDISE_NOT_AS_DESCRIBED,Merchandise Not As Described,2025-04-03,24999,585,229,2025-04-18,15,contested,lost,2025-04-22,2,4,1,3,0.32276666666666665,2,4,0.25,24999,credit_card,0,0.0,0,,0.1233902155496765,passed,1,3,0,0,,,subscription_edtech,subscription_edtech,small,digital_service,1,0.6825478489213517,0,1,103,15.0,31.679166666666667,0
DSP000205,TXN0051098,M000128,CUS0018292,Mastercard,SERVICE_NOT_RENDERED,Service Not Rendered,2026-01-19,4999,744,181,2026-02-02,14,contested,lost,2026-03-03,3,4,2,2,0.42416666666666664,3,3,0.5,4999,credit_card,1,4999.0,0,229.0,0.5214778139726575,passed,1,1,0,0,,,subscription_edtech,subscription_edtech,small,digital_service,1,0.6825478489213517,0,1,103,14.0,40.552083333333336,0
DSP000206,TXN0051287,M000128,CUS0018312,Mastercard,RECURRING_BILLING_DISPUTE,Recurring Billing Dispute,2025-07-11,9999,650,156,2025-07-30,19,contested,lost,2025-08-03,4,5,3,2,0.5655,4,2,0.6,9999,debit_card,0,0.0,0,,0.306999126852021,passed,1,1,0,0,,,subscription_edtech,subscription_edtech,small,digital_service,1,0.6825478489213517,0,1,103,19.0,20.489583333333332,0
DSP000207,TXN0051573,M000129,CUS0018515,Visa,RECURRING_BILLING_DISPUTE,Recurring Billing Dispute,2025-10-28,14999,556,191,2025-11-12,15,contested,lost,2025-11-21,4,5,3,2,0.6115166666666666,4,2,0.6,14999,credit_card,1,2999.0,0,81.0,0.0768074870091262,passed,0,1,1,0,,,subscription_edtech,subscription_edtech,small,digital_service,1,0.7399740821527674,0,1,19,15.0,43.36527777777778,0
DSP000208,TXN0051859,M000129,CUS0018516,Mastercard,RECURRING_BILLING_DISPUTE,Recurring Billing Dispute,2025-07-26,2999,723,257,2025-08-10,15,contested,lost,2025-08-22,4,5,3,2,0.56955,4,2,0.6,2999,debit_card,1,999.0,0,22.0,0.3610474992723786,passed,0,4,0,0,,,subscription_edtech,subscription_edtech,small,digital_service,1,0.7399740821527674,0,1,19,15.0,63.69513888888889,0
DSP000209,TXN0051464,M000129,CUS0018403,Visa,RECURRING_BILLING_DISPUTE,Recurring Billing Dispute,2025-12-11,999,637,255,2025-12-26,15,contested,won,2026-01-19,6,5,5,0,0.8585333333333334,6,0,1.0,999,debit_card,2,1998.0,0,80.0,0.1489786633876374,passed,1,1,0,0,,,subscription_edtech,subscription_edtech,small,digital_service,1,0.7399740821527674,0,1,19,15.0,55.37222222222222,1
DSP000211,TXN0052039,M000130,CUS0018719,Visa,MERCHANDISE_NOT_AS_DESCRIBED,Merchandise Not As Described,2025-07-29,2499,414,251,2025-08-18,20,contested,lost,2025-08-31,4,4,2,2,0.3971,4,2,0.5,2499,credit_card,0,0.0,0,,0.3408483178963054,passed,1,5,0,0,,,fitness_membership,fitness_membership,small,membership_service,1,0.4611135833813756,0,1,13,20.0,64.17986111111111,0
DSP000212,TXN0052825,M000131,CUS0018874,RuPay,RECURRING_BILLING_DISPUTE,Recurring Billing Dispute,2025-05-15,1499,508,159,2025-05-29,14,contested,lost,2025-06-05,4,5,4,1,0.6533333333333333,4,2,0.8,1499,debit_card,0,0.0,0,,0.0550068658746891,passed,1,1,0,0,,,saas_tools,saas_tools,small,digital_service,1,0.9454346849041372,0,1,19,14.0,17.666666666666668,0
DSP000213,TXN0052550,M000131,CUS0018763,Mastercard,CREDIT_NOT_PROCESSED,Credit Not Processed,2025-04-04,1499,569,170,2025-04-18,14,contested,lost,2025-04-23,5,4,3,1,0.7603333333333334,5,1,0.75,1499,debit_card,1,9999.0,0,36.0,0.0106840983677932,passed,1,1,0,0,,,saas_tools,saas_tools,small,digital_service,1,0.9454346849041372,0,1,19,14.0,50.392361111111114,0
DSP000214,TXN0052794,M000131,,Visa,SERVICE_NOT_RENDERED,Service Not Rendered,2025-03-28,1499,641,277,2025-04-13,16,contested,won,2025-05-11,6,4,4,0,0.9375666666666667,6,0,1.0,1499,credit_card,0,0.0,0,,0.1645425246646313,passed,1,1,0,0,,,saas_tools,saas_tools,small,digital_service,1,0.9454346849041372,0,1,19,16.0,38.37430555555556,1
DSP000216,TXN0053473,M000132,CUS0019007,Visa,CREDIT_NOT_PROCESSED,Credit Not Processed,2025-07-17,4999,422,225,2025-07-27,10,contested,won,2025-08-21,5,4,3,1,0.7315999999999999,5,1,0.75,4999,credit_card,1,14999.0,0,119.0,0.2652517272977593,passed,1,1,0,0,,,subscription_edtech,subscription_edtech,small,digital_service,1,0.7790928945167275,0,1,92,10.0,20.427777777777777,1
DSP000218,TXN0053317,M000132,CUS0019105,Visa,CREDIT_NOT_PROCESSED,Credit Not Processed,2025-12-04,14999,486,245,2025-12-18,14,contested,won,2025-12-25,6,4,4,0,0.9432166666666667,6,0,1.0,14999,debit_card,1,14999.0,0,175.0,0.2495654207486607,passed,1,1,0,0,,,subscription_edtech,subscription_edtech,small,digital_service,1,0.7790928945167275,0,1,92,14.0,50.94375,1
DSP000219,TXN0054114,M000133,CUS0019177,Visa,MERCHANDISE_NOT_RECEIVED,Merchandise Not Received,2026-01-08,649,687,204,2026-01-29,21,contested,lost,2026-02-03,5,4,3,1,0.7163833333333334,5,1,0.75,649,debit_card,2,7044.0,0,91.0,0.1989966777296019,passed,1,1,0,0,delivered,1.0,d2c_brand,d2c_brand,small,physical_delivery,0,0.7021455289951353,1,1,30,21.0,15.697222222222223,0
DSP000220,TXN0053777,M000133,CUS0019280,Visa,MERCHANDISE_NOT_RECEIVED,Merchandise Not Received,2026-01-20,3295,748,248,2026-02-10,21,contested,lost,2026-02-22,3,4,2,2,0.4474,3,3,0.5,3295,credit_card,1,2295.0,0,21.0,0.1048632343193423,passed,1,1,0,0,delivered,0.0,d2c_brand,d2c_brand,small,physical_delivery,0,0.7021455289951353,1,1,30,21.0,65.48541666666667,0
DSP000221,TXN0054141,M000134,,Mastercard,SERVICE_NOT_RENDERED,Service Not Rendered,2025-09-20,1499,619,219,2025-10-10,20,contested,lost,2025-10-14,4,4,2,2,0.5401833333333333,4,2,0.5,1499,credit_card,0,0.0,0,,0.1246633892595153,passed,0,3,0,0,,,subscription_edtech,subscription_edtech,small,digital_service,1,0.6131813735753068,0,0,29,20.0,14.495833333333334,0
DSP000222,TXN0054496,M000134,CUS0019492,Visa,DUPLICATE_TRANSACTION,Duplicate Transaction,2025-08-18,1499,691,290,2025-09-06,19,contested,lost,2025-09-13,3,2,0,2,0.38928333333333337,3,3,0.0,1499,credit_card,1,24999.0,0,109.0,0.6470989686448347,passed,1,4,0,0,,,subscription_edtech,subscription_edtech,small,digital_service,1,0.6131813735753068,0,0,29,19.0,15.01875,0
DSP000225,TXN0054798,M000135,CUS0019695,Mastercard,RECURRING_BILLING_DISPUTE,Recurring Billing Dispute,2025-09-05,8999,610,263,2025-09-18,13,contested,lost,2025-09-25,3,5,2,3,0.44734999999999997,3,3,0.4,8999,debit_card,0,0.0,0,,0.4288892059613331,passed,1,3,0,0,,,fitness_membership,fitness_membership,small,membership_service,1,0.478319177713755,0,1,55,13.0,33.74027777777778,0
DSP000226,TXN0054780,M000135,,Visa,SERVICE_NOT_RENDERED,Service Not Rendered,2025-10-17,8999,536,229,2025-11-05,19,contested,lost,2025-11-27,2,4,1,3,0.2081833333333333,2,4,0.25,8999,debit_card,0,0.0,0,,0.140258340115021,passed,1,1,0,0,,,fitness_membership,fitness_membership,small,membership_service,1,0.478319177713755,0,1,55,19.0,44.97152777777778,0
DSP000227,TXN0055420,M000136,CUS0019783,Mastercard,SERVICE_NOT_RENDERED,Service Not Rendered,2025-05-02,1499,490,206,2025-05-10,8,contested,won,2025-05-27,5,4,3,1,0.6232166666666666,5,1,0.75,1499,credit_card,1,1499.0,0,18.0,0.3798708654742087,passed,1,2,1,0,,,fitness_membership,fitness_membership,small,membership_service,1,0.4861853304461737,0,0,28,8.0,40.550694444444446,1
DSP000228,TXN0055654,M000136,CUS0019791,Mastercard,MERCHANDISE_NOT_AS_DESCRIBED,Merchandise Not As Described,2025-07-15,1499,738,157,2025-07-28,13,contested,won,2025-08-16,5,4,3,1,0.5738500000000001,5,1,0.75,1499,credit_card,2,29998.0,0,28.0,0.399907763447455,passed,1,1,0,0,,,fitness_membership,fitness_membership,small,membership_service,1,0.4861853304461737,0,0,28,13.0,30.07847222222222,1
DSP000229,TXN0055443,M000136,CUS0019779,Visa,CREDIT_NOT_PROCESSED,Credit Not Processed,2025-11-07,1499,508,156,2025-11-23,16,contested,lost,2025-11-29,5,4,3,1,0.6317333333333334,5,1,0.75,1499,debit_card,3,27997.0,0,7.0,0.6790960838356758,passed,1,1,0,0,,,fitness_membership,fitness_membership,small,membership_service,1,0.4861853304461737,0,0,28,16.0,56.359027777777776,0
DSP000230,TXN0055304,M000136,,Visa,RECURRING_BILLING_DISPUTE,Recurring Billing Dispute,2025-10-21,24999,409,274,2025-10-31,10,contested,lost,2025-11-17,5,5,4,1,0.6260833333333333,5,1,0.8,24999,debit_card,0,0.0,0,,0.1621427842304108,failed,1,1,0,0,,,fitness_membership,fitness_membership,small,membership_service,1,0.4861853304461737,0,0,28,10.0,51.78680555555555,0
DSP000231,TXN0056046,M000137,CUS0020062,RuPay,UNAUTHORIZED_TRANSACTION,Unauthorized Transaction,2025-10-10,1599,685,157,2025-10-26,16,contested,lost,2025-11-04,5,4,3,1,0.7605166666666667,5,1,0.75,1599,debit_card,2,2698.0,0,24.0,0.1558533115868178,passed,0,1,0,0,delivered,1.0,d2c_brand,d2c_brand,small,physical_delivery,0,0.8172890346029592,1,1,62,16.0,15.909722222222221,0
DSP000232,TXN0056133,M000137,,Mastercard,UNAUTHORIZED_TRANSACTION,Unauthorized Transaction,2025-03-14,4899,651,176,2025-03-25,11,contested,lost,2025-04-02,5,4,4,0,0.81135,5,1,1.0,4899,debit_card,0,0.0,0,,0.4604149488893342,passed,0,1,1,0,delivered,1.0,d2c_brand,d2c_brand,small,physical_delivery,0,0.8172890346029592,1,1,62,11.0,60.00208333333333,0
DSP000233,TXN0056343,M000138,CUS0020159,RuPay,UNAUTHORIZED_TRANSACTION,Unauthorized Transaction,2025-06-07,1145,565,197,2025-06-27,20,contested,lost,2025-07-22,5,4,3,1,0.7958500000000001,5,1,0.75,1145,debit_card,0,0.0,0,,0.3779355835903109,passed,1,1,0,0,delivered,1.0,d2c_brand,d2c_brand,small,physical_delivery,0,0.8687176769525082,1,1,104,20.0,32.990972222222226,0
DSP000234,TXN0056547,M000138,,Mastercard,UNAUTHORIZED_TRANSACTION,Unauthorized Transaction,2025-07-26,329,534,242,2025-08-04,9,contested,won,2025-08-31,5,4,3,1,0.7803999999999999,5,1,0.75,329,debit_card,0,0.0,0,,0.303762737199267,passed,1,2,0,0,delivered,1.0,d2c_brand,d2c_brand,small,physical_delivery,0,0.8687176769525082,1,1,104,9.0,42.03055555555556,1
DSP000235,TXN0056922,M000139,,Visa,CREDIT_NOT_PROCESSED,Credit Not Processed,2025-04-15,2999,610,300,2025-04-22,7,contested,lost,2025-05-05,6,4,4,0,0.9473166666666666,6,0,1.0,2999,credit_card,0,0.0,0,,0.2445879159837975,passed,1,2,0,0,,,saas_tools,saas_tools,small,digital_service,1,0.914040651070271,0,1,44,7.0,66.11666666666666,0
DSP000237,TXN0057072,M000139,,Visa,RECURRING_BILLING_DISPUTE,Recurring Billing Dispute,2025-05-23,399,695,238,2025-06-09,17,contested,lost,2025-07-07,5,5,4,1,0.7937666666666666,5,1,0.8,399,credit_card,0,0.0,0,,0.2652580996091531,passed,1,1,0,0,,,saas_tools,saas_tools,small,digital_service,1,0.914040651070271,0,1,44,17.0,13.384027777777778,0
DSP000239,TXN0057645,M000140,,Visa,MERCHANDISE_NOT_RECEIVED,Merchandise Not Received,2026-01-20,1549,532,286,2026-02-05,16,contested,won,2026-02-25,6,4,4,0,0.9589833333333333,6,0,1.0,1549,credit_card,0,0.0,0,,0.448296360391374,passed,1,1,0,0,in_transit,0.0,d2c_brand,d2c_brand,small,physical_delivery,0,0.8537255178918759,1,1,85,16.0,55.077777777777776,1
DSP000240,TXN0057982,M000141,CUS0020803,Mastercard,UNAUTHORIZED_TRANSACTION,Unauthorized Transaction,2025-05-04,999,572,167,2025-05-21,17,contested,lost,2025-06-12,2,4,1,3,0.26643333333333336,2,4,0.25,999,debit_card,0,0.0,0,,0.0872945365645098,passed,1,1,0,0,,,fitness_membership,fitness_membership,small,membership_service,1,0.63191044877427,0,1,63,17.0,18.20138888888889,0
DSP000241,TXN0058037,M000141,,RuPay,CREDIT_NOT_PROCESSED,Credit Not Processed,2025-05-29,999,452,174,2025-06-16,18,contested,lost,2025-06-13,3,4,2,2,0.3934333333333333,3,3,0.5,999,credit_card,0,0.0,0,,0.1649039065298588,passed,0,2,0,0,,,fitness_membership,fitness_membership,small,membership_service,1,0.63191044877427,0,1,63,18.0,68.46319444444444,0
DSP000244,TXN0058744,M000142,,Visa,RECURRING_BILLING_DISPUTE,Recurring Billing Dispute,2026-02-25,14999,538,264,2026-03-18,21,contested,lost,2026-03-18,3,5,3,2,0.43554999999999994,3,3,0.6,14999,debit_card,0,0.0,0,,0.4207723631957146,passed,1,2,0,0,,,subscription_edtech,subscription_edtech,small,digital_service,1,0.6597105013403082,0,1,6,21.0,72.46736111111112,0
DSP000245,TXN0058570,M000142,,Visa,RECURRING_BILLING_DISPUTE,Recurring Billing Dispute,2025-02-25,14999,533,289,2025-03-15,18,contested,won,2025-04-08,4,5,3,2,0.6013166666666666,4,2,0.6,14999,credit_card,0,0.0,0,,0.2962766030637469,passed,1,2,0,0,,,subscription_edtech,subscription_edtech,small,digital_service,1,0.6597105013403082,0,1,6,18.0,22.260416666666668,1
DSP000246,TXN0058959,M000142,,Mastercard,SERVICE_NOT_RENDERED,Service Not Rendered,2025-05-28,9999,631,260,2025-06-07,10,contested,lost,2025-06-27,2,4,1,3,0.30405,2,4,0.25,9999,credit_card,0,0.0,0,,0.2188219528616865,passed,0,1,0,0,,,subscription_edtech,subscription_edtech,small,digital_service,1,0.6597105013403082,0,1,6,10.0,7.665277777777778,0
DSP000247,TXN0059028,M000143,,Mastercard,MERCHANDISE_NOT_RECEIVED,Merchandise Not Received,2025-09-07,2995,517,172,2025-09-21,14,contested,lost,2025-10-07,4,4,3,1,0.6496333333333334,4,2,0.75,2995,credit_card,0,0.0,0,,0.3452260446268552,passed,1,1,0,0,delivered,1.0,d2c_brand,d2c_brand,small,physical_delivery,0,0.7049646263597146,1,1,112,14.0,34.52986111111111,0
DSP000249,TXN0059528,M000144,,Visa,CREDIT_NOT_PROCESSED,Credit Not Processed,2026-02-12,499,605,241,2026-03-05,21,contested,won,2026-03-11,4,4,2,2,0.6035499999999999,4,2,0.5,499,credit_card,0,0.0,0,,0.4775382546779078,passed,1,1,0,0,,,subscription_edtech,subscription_edtech,small,digital_service,1,0.6996954383115473,0,0,66,21.0,43.0625,1
DSP000250,TXN0059887,M000144,CUS0021249,Visa,RECURRING_BILLING_DISPUTE,Recurring Billing Dispute,2025-09-04,24999,621,171,2025-09-23,19,contested,lost,2025-09-23,3,5,3,2,0.47041666666666665,3,3,0.6,24999,debit_card,2,27998.0,0,59.0,0.1462027496574569,passed,1,1,0,0,,,subscription_edtech,subscription_edtech,small,digital_service,1,0.6996954383115473,0,0,66,19.0,5.711805555555555,0
DSP000253,TXN0060159,M000145,CUS0021466,Visa,CREDIT_NOT_PROCESSED,Credit Not Processed,2025-11-19,1499,534,235,2025-12-08,19,contested,won,2025-12-16,5,4,4,0,0.7608666666666667,5,1,1.0,1499,debit_card,3,12997.0,0,71.0,0.2172097453545938,passed,1,2,0,0,,,saas_tools,saas_tools,small,digital_service,1,0.9040715419316088,0,1,116,19.0,18.215972222222224,1
DSP000254,TXN0060714,M000146,,Visa,CREDIT_NOT_PROCESSED,Credit Not Processed,2026-02-09,1499,661,188,2026-02-18,9,contested,won,2026-03-25,6,4,4,0,0.8243333333333333,6,0,1.0,1499,credit_card,0,0.0,0,,0.1891083019671781,not_applicable,1,1,0,0,,,subscription_edtech,subscription_edtech,small,digital_service,1,0.6028208142367275,0,0,53,9.0,47.75069444444444,1
DSP000255,TXN0060623,M000146,,Visa,SERVICE_NOT_RENDERED,Service Not Rendered,2025-12-23,1499,663,288,2026-01-11,19,contested,won,2026-01-07,3,4,3,1,0.35145,3,3,0.75,1499,debit_card,0,0.0,0,,0.4064202944536818,failed,1,3,0,0,,,subscription_edtech,subscription_edtech,small,digital_service,1,0.6028208142367275,0,0,53,19.0,67.50902777777777,1
DSP000256,TXN0061224,M000147,,Mastercard,DUPLICATE_TRANSACTION,Duplicate Transaction,2025-06-22,3999,680,184,2025-06-29,7,contested,won,2025-08-03,3,2,2,0,0.35096666666666665,3,3,1.0,3999,credit_card,0,0.0,0,,0.0152877416601329,passed,1,1,0,0,,,fitness_membership,fitness_membership,small,membership_service,1,0.5076456490975811,0,0,10,7.0,40.13472222222222,1
DSP000257,TXN0061318,M000147,CUS0021882,Mastercard,RECURRING_BILLING_DISPUTE,Recurring Billing Dispute,2026-01-07,3999,517,229,2026-01-24,17,contested,lost,2026-02-02,2,5,2,3,0.21583333333333332,2,4,0.4,3999,credit_card,2,28998.0,0,116.0,0.3060482832687022,passed,1,1,0,1,,,fitness_membership,fitness_membership,small,membership_service,1,0.5076456490975811,0,0,10,17.0,70.94166666666666,0
DSP000263,TXN0062621,M000149,,Mastercard,UNAUTHORIZED_TRANSACTION,Unauthorized Transaction,2025-09-20,799,590,217,2025-10-03,13,contested,lost,2025-10-19,5,4,3,1,0.7697166666666666,5,1,0.75,799,credit_card,0,0.0,0,,0.0903176750432907,passed,1,1,0,0,,,saas_tools,saas_tools,small,digital_service,1,0.8910923420275528,0,1,48,13.0,18.684722222222224,0
DSP000264,TXN0062411,M000149,CUS0022222,Mastercard,UNAUTHORIZED_TRANSACTION,Unauthorized Transaction,2025-04-14,799,419,275,2025-04-23,9,contested,lost,2025-05-28,5,4,4,0,0.7697166666666666,5,1,1.0,799,credit_card,0,0.0,0,,0.2180131086627322,passed,1,3,0,1,,,saas_tools,saas_tools,small,digital_service,1,0.8910923420275528,0,1,48,9.0,48.78472222222222,0
DSP000265,TXN0062551,M000149,,Visa,RECURRING_BILLING_DISPUTE,Recurring Billing Dispute,2025-05-07,2999,498,210,2025-05-19,12,contested,won,2025-05-23,6,5,5,0,0.93575,6,0,1.0,2999,credit_card,0,0.0,0,,0.2715980350143436,passed,1,1,0,0,,,saas_tools,saas_tools,small,digital_service,1,0.8910923420275528,0,1,48,12.0,19.679861111111112,1
DSP000266,TXN0062285,M000149,CUS0022347,RuPay,UNAUTHORIZED_TRANSACTION,Unauthorized Transaction,2025-06-24,799,450,231,2025-07-11,17,contested,won,2025-07-11,6,4,4,0,0.9432499999999999,6,0,1.0,799,credit_card,2,5798.0,0,122.0,0.3961953481955754,passed,1,1,0,0,,,saas_tools,saas_tools,small,digital_service,1,0.8910923420275528,0,1,48,17.0,4.95625,1
DSP000267,TXN0062829,M000150,CUS0022482,Visa,MERCHANDISE_NOT_RECEIVED,Merchandise Not Received,2026-01-16,1399,594,217,2026-01-23,7,contested,won,2026-02-15,5,4,4,0,0.7739666666666666,5,1,1.0,1399,credit_card,0,0.0,0,,0.2985823823272016,passed,1,2,0,0,delivered,1.0,d2c_brand,d2c_brand,small,physical_delivery,0,0.8350611257334969,1,1,93,7.0,31.397222222222222,1
DSP000268,TXN0063015,M000150,CUS0022517,Mastercard,MERCHANDISE_NOT_RECEIVED,Merchandise Not Received,2025-05-20,10795,451,234,2025-06-08,19,contested,won,2025-06-08,5,4,3,1,0.8166666666666668,5,1,0.75,10795,debit_card,1,2299.0,0,63.0,0.3619805607403389,passed,1,1,0,0,in_transit,0.0,d2c_brand,d2c_brand,small,physical_delivery,0,0.8350611257334969,1,1,93,19.0,35.890277777777776,1
DSP000269,TXN0063127,M000150,CUS0022412,Mastercard,MERCHANDISE_NOT_RECEIVED,Merchandise Not Received,2025-06-21,1199,733,176,2025-07-02,11,contested,won,2025-07-19,5,4,3,1,0.7017166666666667,5,1,0.75,1199,credit_card,1,1149.0,0,2.0,0.3502050961805801,passed,1,1,0,0,delivered,0.0,d2c_brand,d2c_brand,small,physical_delivery,0,0.8350611257334969,1,1,93,11.0,47.87013888888889,1
DSP000271,TXN0063584,M000151,,Visa,RECURRING_BILLING_DISPUTE,Recurring Billing Dispute,2025-04-21,2999,648,207,2025-05-08,17,contested,lost,2025-05-30,5,5,4,1,0.8166666666666668,5,1,0.8,2999,credit_card,0,0.0,0,,0.5093772686373849,passed,1,2,0,0,,,saas_tools,saas_tools,small,digital_service,1,0.9530913096111326,0,1,77,17.0,71.19513888888889,0
DSP000273,TXN0063825,M000152,,Visa,CREDIT_NOT_PROCESSED,Credit Not Processed,2025-04-11,4999,553,178,2025-04-26,15,contested,lost,2025-05-21,3,4,1,3,0.44906666666666667,3,3,0.25,4999,credit_card,0,0.0,0,,0.3054261725186164,passed,1,1,0,0,,,subscription_edtech,subscription_edtech,small,digital_service,1,0.68292586842327,0,1,86,15.0,60.36875,0
DSP000274,TXN0064167,M000152,CUS0022917,Visa,UNAUTHORIZED_TRANSACTION,Unauthorized Transaction,2025-10-09,999,567,177,2025-10-24,15,contested,won,2025-11-14,5,4,4,0,0.6750833333333333,5,1,1.0,999,debit_card,2,9998.0,0,5.0,0.1217285347528945,passed,1,2,0,1,,,subscription_edtech,subscription_edtech,small,digital_service,1,0.68292586842327,0,1,86,15.0,69.85763888888889,1
DSP000275,TXN0064051,M000152,,Visa,CREDIT_NOT_PROCESSED,Credit Not Processed,2025-01-23,4999,452,193,2025-02-08,16,contested,won,2025-03-03,5,4,4,0,0.7666333333333334,5,1,1.0,4999,debit_card,0,0.0,0,,0.0390583852397304,passed,1,1,1,0,,,subscription_edtech,subscription_edtech,small,digital_service,1,0.68292586842327,0,1,86,16.0,14.214583333333334,1
DSP000276,TXN0064319,M000153,,Visa,UNAUTHORIZED_TRANSACTION,Unauthorized Transaction,2025-02-19,2499,706,169,2025-03-05,14,contested,lost,2025-03-06,3,4,2,2,0.34979999999999994,3,3,0.5,2499,debit_card,0,0.0,0,,0.3529491818711908,passed,1,1,0,0,,,fitness_membership,fitness_membership,small,membership_service,1,0.4975316726721195,0,0,40,14.0,48.897222222222226,0
DSP000277,TXN0064646,M000153,,Visa,RECURRING_BILLING_DISPUTE,Recurring Billing Dispute,2025-11-29,2499,603,265,2025-12-06,7,contested,lost,2025-12-27,4,5,4,1,0.5407000000000001,4,2,0.8,2499,credit_card,0,0.0,0,,0.4215297284314954,passed,0,1,0,0,,,fitness_membership,fitness_membership,small,membership_service,1,0.4975316726721195,0,0,40,7.0,67.07569444444445,0
DSP000280,TXN0064924,M000154,CUS0023240,Mastercard,UNAUTHORIZED_TRANSACTION,Unauthorized Transaction,2026-01-15,2999,471,274,2026-01-25,10,contested,won,2026-01-29,6,4,4,0,0.8518666666666667,6,0,1.0,2999,credit_card,1,14999.0,0,284.0,0.1873795702161072,passed,1,3,0,0,,,subscription_edtech,subscription_edtech,small,digital_service,1,0.6349650101510135,0,0,83,10.0,49.13472222222222,1
DSP000281,TXN0065332,M000154,,RuPay,CREDIT_NOT_PROCESSED,Credit Not Processed,2026-01-31,14999,515,228,2026-02-07,7,contested,lost,2026-03-02,5,4,3,1,0.7014166666666667,5,1,0.75,14999,debit_card,0,0.0,0,,0.3018026640382217,passed,1,1,0,0,,,subscription_edtech,subscription_edtech,small,digital_service,1,0.6349650101510135,0,0,83,7.0,61.46319444444445,0
DSP000282,TXN0065609,M000155,CUS0023518,Visa,MERCHANDISE_NOT_RECEIVED,Merchandise Not Received,2025-02-15,799,727,189,2025-03-04,17,contested,lost,2025-03-07,5,4,4,0,0.7845666666666666,5,1,1.0,799,debit_card,0,0.0,0,,0.252777467233954,passed,1,3,0,0,delivered,1.0,d2c_brand,d2c_brand,small,physical_delivery,0,0.8614863211952564,1,1,120,17.0,5.952083333333333,0
DSP000284,TXN0065763,M000155,,Visa,DUPLICATE_TRANSACTION,Duplicate Transaction,2025-07-28,949,425,180,2025-08-07,10,contested,won,2025-08-26,5,2,1,1,0.80665,5,1,0.5,949,credit_card,0,0.0,0,,0.2194019142660097,passed,0,2,0,0,delivered,1.0,d2c_brand,d2c_brand,small,physical_delivery,0,0.8614863211952564,1,1,120,10.0,50.82083333333333,1
DSP000285,TXN0066330,M000156,CUS0023625,RuPay,UNAUTHORIZED_TRANSACTION,Unauthorized Transaction,2025-01-29,4999,406,232,2025-02-16,18,contested,lost,2025-02-27,4,4,2,2,0.6087666666666667,4,2,0.5,4999,debit_card,1,399.0,0,4.0,0.5206855997051326,passed,1,3,0,0,,,saas_tools,saas_tools,small,digital_service,1,0.8073642556059253,0,1,90,18.0,19.794444444444444,0
DSP000286,TXN0066086,M000156,CUS0023668,Mastercard,SERVICE_NOT_RENDERED,Service Not Rendered,2025-08-16,399,499,261,2025-08-23,7,contested,won,2025-09-13,6,4,4,0,0.9446166666666667,6,0,1.0,399,credit_card,1,399.0,0,22.0,0.0376497653302669,passed,0,1,0,0,,,saas_tools,saas_tools,small,digital_service,1,0.8073642556059253,0,1,90,7.0,65.74583333333334,1
DSP000288,TXN0066900,M000157,CUS0023869,Mastercard,RECURRING_BILLING_DISPUTE,Recurring Billing Dispute,2026-02-14,1499,507,212,2026-02-26,12,contested,lost,2026-03-03,4,5,4,1,0.6062500000000001,4,2,0.8,1499,credit_card,3,3497.0,0,22.0,0.0878270353457982,passed,1,2,0,0,,,subscription_edtech,subscription_edtech,small,digital_service,1,0.763059752057111,0,1,13,12.0,62.87361111111111,0
DSP000289,TXN0066985,M000157,CUS0023776,RuPay,RECURRING_BILLING_DISPUTE,Recurring Billing Dispute,2025-12-29,999,507,151,2026-01-06,8,contested,won,2026-01-27,6,5,5,0,0.8659666666666667,6,0,1.0,999,credit_card,2,2498.0,0,37.0,0.3063233832948584,passed,1,1,0,0,,,subscription_edtech,subscription_edtech,small,digital_service,1,0.763059752057111,0,1,13,8.0,61.75,1
DSP000291,TXN0066874,M000157,CUS0023875,Mastercard,SERVICE_NOT_RENDERED,Service Not Rendered,2026-02-26,999,720,284,2026-03-18,20,contested,won,2026-03-24,6,4,4,0,0.8399166666666668,6,0,1.0,999,credit_card,2,2498.0,0,154.0,0.6720349415233334,passed,1,1,0,0,,,subscription_edtech,subscription_edtech,small,digital_service,1,0.763059752057111,0,1,13,20.0,56.87847222222222,1
DSP000292,TXN0067214,M000158,CUS0024017,Visa,SERVICE_NOT_RENDERED,Service Not Rendered,2025-06-12,24999,548,196,2025-06-22,10,contested,lost,2025-07-26,4,4,2,2,0.5563166666666667,4,2,0.5,24999,debit_card,0,0.0,0,,0.3507451444098425,passed,1,1,0,0,,,subscription_edtech,subscription_edtech,small,digital_service,1,0.6706559833000327,0,0,108,10.0,39.93680555555556,0
DSP000293,TXN0067317,M000158,CUS0024000,Visa,RECURRING_BILLING_DISPUTE,Recurring Billing Dispute,2025-05-08,9999,645,297,2025-05-26,18,contested,lost,2025-06-18,2,5,1,4,0.32666666666666666,2,4,0.2,9999,credit_card,1,9999.0,0,59.0,0.5203952465012995,passed,1,1,0,0,,,subscription_edtech,subscription_edtech,small,digital_service,1,0.6706559833000327,0,0,108,18.0,17.519444444444446,0
DSP000294,TXN0067334,M000158,CUS0023937,Visa,MERCHANDISE_NOT_AS_DESCRIBED,Merchandise Not As Described,2025-08-22,24999,606,152,2025-09-09,18,contested,lost,2025-09-07,4,4,3,1,0.5732166666666667,4,2,0.75,24999,credit_card,2,14998.0,0,121.0,0.0417334869430338,passed,1,3,0,1,,,subscription_edtech,subscription_edtech,small,digital_service,1,0.6706559833000327,0,0,108,18.0,15.786111111111111,0
DSP000296,TXN0067886,M000159,CUS0024111,Visa,SERVICE_NOT_RENDERED,Service Not Rendered,2025-10-24,2499,442,249,2025-11-14,21,contested,won,2025-11-21,5,4,4,0,0.6452166666666667,5,1,1.0,2499,credit_card,1,1499.0,0,125.0,0.2227974381690751,passed,1,3,0,0,,,fitness_membership,fitness_membership,small,membership_service,1,0.5581713273889903,0,1,110,21.0,21.56875,1
DSP000297,TXN0068040,M000159,CUS0024146,Visa,SERVICE_NOT_RENDERED,Service Not Rendered,2025-08-18,2499,403,269,2025-08-28,10,contested,lost,2025-09-13,3,4,2,2,0.39925000000000005,3,3,0.5,2499,debit_card,3,4497.0,0,1.0,0.4151110145515096,passed,1,1,0,0,,,fitness_membership,fitness_membership,small,membership_service,1,0.5581713273889903,0,1,110,10.0,14.684722222222222,0
DSP000299,TXN0068536,M000160,,Mastercard,RECURRING_BILLING_DISPUTE,Recurring Billing Dispute,2025-11-04,999,477,294,2025-11-21,17,contested,lost,2025-12-18,5,5,4,1,0.5722666666666667,5,1,0.8,999,debit_card,0,0.0,0,,0.2362367410373302,passed,1,1,0,0,,,fitness_membership,fitness_membership,small,membership_service,1,0.5681489588327533,0,0,26,17.0,43.672916666666666,0
DSP000300,TXN0068165,M000160,CUS0024388,Visa,SERVICE_NOT_RENDERED,Service Not Rendered,2026-01-13,999,513,275,2026-01-27,14,contested,lost,2026-02-24,1,4,1,3,0.16333333333333333,1,5,0.25,999,debit_card,0,0.0,0,,0.1691066914837958,passed,1,1,0,0,,,fitness_membership,fitness_membership,small,membership_service,1,0.5681489588327533,0,0,26,14.0,50.196527777777774,0
DSP000301,TXN0068627,M000161,CUS0024615,RuPay,CREDIT_NOT_PROCESSED,Credit Not Processed,2025-08-27,479,517,249,2025-09-08,12,contested,lost,2025-09-17,4,3,1,2,0.4371666666666667,4,2,0.3333333333333333,479,credit_card,1,1445.0,0,97.0,0.6514333069729895,passed,1,3,0,0,delivered,1.0,social_seller,social_seller,small,physical_delivery,0,0.2966493866500228,1,0,70,12.0,72.97777777777777,0
DSP000302,TXN0069094,M000161,CUS0024678,Visa,MERCHANDISE_NOT_AS_DESCRIBED,Merchandise Not As Described,2025-04-22,799,629,177,2025-05-06,14,contested,lost,2025-05-14,3,3,1,2,0.3047666666666667,3,3,0.3333333333333333,799,debit_card,1,999.0,0,15.0,0.2953227023069004,passed,0,3,0,0,delivered,1.0,social_seller,social_seller,small,physical_delivery,0,0.2966493866500228,1,0,70,14.0,54.06180555555556,0
DSP000304,TXN0069473,M000162,,Visa,RECURRING_BILLING_DISPUTE,Recurring Billing Dispute,2026-01-19,1499,597,157,2026-01-27,8,contested,lost,2026-02-17,4,5,3,2,0.55825,4,2,0.6,1499,credit_card,0,0.0,0,,0.3048696424013005,passed,1,1,1,1,,,subscription_edtech,subscription_edtech,small,digital_service,1,0.6676772517168387,0,0,83,8.0,18.658333333333335,0
DSP000309,TXN0070147,M000163,CUS0025022,Mastercard,RECURRING_BILLING_DISPUTE,Recurring Billing Dispute,2025-04-15,999,631,277,2025-04-23,8,contested,won,2025-05-12,4,5,3,2,0.5315666666666666,4,2,0.6,999,credit_card,0,0.0,0,,0.2495141389831316,passed,1,1,0,0,,,fitness_membership,fitness_membership,small,membership_service,1,0.4870358689907135,0,0,115,8.0,73.42291666666667,1
DSP000311,TXN0069913,M000163,CUS0024968,Visa,SERVICE_NOT_RENDERED,Service Not Rendered,2026-02-27,3999,583,190,2026-03-20,21,contested,lost,2026-03-16,3,4,1,3,0.37316666666666665,3,3,0.25,3999,credit_card,2,3498.0,0,133.0,0.1620095990230358,passed,1,1,0,0,,,fitness_membership,fitness_membership,small,membership_service,1,0.4870358689907135,0,0,115,21.0,70.68194444444444,0
DSP000312,TXN0070253,M000164,,Mastercard,CREDIT_NOT_PROCESSED,Credit Not Processed,2026-02-16,14999,599,239,2026-03-09,21,contested,lost,2026-03-04,4,4,3,1,0.5395666666666666,4,2,0.75,14999,debit_card,0,0.0,0,,0.2562514183332032,passed,1,1,0,0,,,fitness_membership,fitness_membership,small,membership_service,1,0.4571685502836327,0,1,11,21.0,66.55208333333333,0
DSP000314,TXN0070321,M000164,,RuPay,CREDIT_NOT_PROCESSED,Credit Not Processed,2025-06-14,24999,407,201,2025-06-22,8,contested,lost,2025-07-07,2,4,1,3,0.2924,2,4,0.25,24999,debit_card,0,0.0,0,,0.3758040184167857,passed,1,1,0,0,,,fitness_membership,fitness_membership,small,membership_service,1,0.4571685502836327,0,1,11,8.0,19.694444444444443,0
DSP000315,TXN0070426,M000164,,Mastercard,RECURRING_BILLING_DISPUTE,Recurring Billing Dispute,2025-03-25,8999,571,237,2025-04-02,8,contested,lost,2025-04-16,1,5,1,4,0.14873333333333333,1,5,0.2,8999,credit_card,0,0.0,0,,0.1013860890273308,passed,1,1,0,0,,,fitness_membership,fitness_membership,small,membership_service,1,0.4571685502836327,0,1,11,8.0,48.49583333333333,0
DSP000316,TXN0071000,M000165,,Visa,MERCHANDISE_NOT_RECEIVED,Merchandise Not Received,2025-07-01,3595,530,251,2025-07-17,16,contested,won,2025-07-27,5,4,3,1,0.7584833333333334,5,1,0.75,3595,credit_card,0,0.0,0,,0.2944865856321009,passed,1,1,0,1,rto,0.0,d2c_brand,d2c_brand,small,physical_delivery,0,0.7910235684823526,1,1,65,16.0,71.74583333333334,1
DSP000318,TXN0071353,M000166,,RuPay,DUPLICATE_TRANSACTION,Duplicate Transaction,2026-01-04,1549,666,158,2026-01-18,14,contested,lost,2026-01-22,2,2,0,2,0.18333333333333335,2,4,0.0,1549,debit_card,0,0.0,0,,0.1053921049132747,passed,1,1,0,0,delivered,1.0,social_seller,social_seller,small,physical_delivery,0,0.2623200736498453,1,1,79,14.0,45.42986111111111,0
DSP000320,TXN0072709,M000168,CUS0025926,Mastercard,MERCHANDISE_NOT_AS_DESCRIBED,Merchandise Not As Described,2025-04-11,1499,693,227,2025-04-22,11,contested,lost,2025-05-15,5,4,3,1,0.6985333333333333,5,1,0.75,1499,credit_card,0,0.0,0,,0.5918158724315526,passed,1,2,0,0,,,subscription_edtech,subscription_edtech,small,digital_service,1,0.6633219266138296,0,1,24,11.0,68.10625,0
DSP000321,TXN0072381,M000168,CUS0025940,Mastercard,CREDIT_NOT_PROCESSED,Credit Not Processed,2025-07-05,1499,421,257,2025-07-22,17,contested,lost,2025-08-07,4,4,2,2,0.5125666666666667,4,2,0.5,1499,debit_card,0,0.0,0,,0.4561748042694542,failed,1,1,0,0,,,subscription_edtech,subscription_edtech,small,digital_service,1,0.6633219266138296,0,1,24,17.0,20.389583333333334,0
DSP000322,TXN0072616,M000168,CUS0025944,RuPay,RECURRING_BILLING_DISPUTE,Recurring Billing Dispute,2025-09-02,499,670,223,2025-09-12,10,contested,lost,2025-10-01,4,5,3,2,0.6204333333333333,4,2,0.6,499,debit_card,0,0.0,0,,0.2132417751030767,passed,1,1,0,0,,,subscription_edtech,subscription_edtech,small,digital_service,1,0.6633219266138296,0,1,24,10.0,39.72152777777778,0
DSP000324,TXN0073274,M000169,CUS0026099,Mastercard,MERCHANDISE_NOT_AS_DESCRIBED,Merchandise Not As Described,2025-07-14,2649,687,232,2025-07-23,9,contested,lost,2025-08-12,3,3,2,1,0.31803333333333333,3,3,0.6666666666666666,2649,debit_card,0,0.0,0,,0.2212314431764309,passed,1,1,0,0,delivered,1.0,social_seller,social_seller,small,physical_delivery,0,0.3379004013014416,1,0,44,9.0,7.725694444444445,0
DSP000325,TXN0073408,M000169,,Visa,DUPLICATE_TRANSACTION,Duplicate Transaction,2025-02-12,1795,610,244,2025-02-25,13,contested,won,2025-03-12,2,2,1,1,0.20613333333333336,2,4,0.5,1795,credit_card,0,0.0,0,,0.2845353468056757,passed,0,1,0,0,delivered,1.0,social_seller,social_seller,small,physical_delivery,0,0.3379004013014416,1,0,44,13.0,39.388888888888886,1
DSP000327,TXN0073797,M000170,CUS0026346,Visa,SERVICE_NOT_RENDERED,Service Not Rendered,2025-10-07,14999,539,258,2025-10-18,11,contested,lost,2025-11-03,4,4,2,2,0.5502166666666667,4,2,0.5,14999,debit_card,0,0.0,0,,0.3304344509274058,passed,1,4,0,0,,,subscription_edtech,subscription_edtech,small,digital_service,1,0.7482407412429913,0,1,105,11.0,9.145833333333334,0
DSP000328,TXN0073905,M000170,CUS0026277,Visa,RECURRING_BILLING_DISPUTE,Recurring Billing Dispute,2025-09-11,999,653,239,2025-09-21,10,contested,won,2025-09-30,5,5,4,1,0.7743666666666668,5,1,0.8,999,debit_card,1,999.0,0,89.0,0.0492177271525466,passed,1,1,1,0,,,subscription_edtech,subscription_edtech,small,digital_service,1,0.7482407412429913,0,1,105,10.0,15.189583333333333,1
DSP000329,TXN0074338,M000171,,Visa,CREDIT_NOT_PROCESSED,Credit Not Processed,2025-12-22,2999,471,245,2026-01-09,18,contested,lost,2026-02-03,4,4,2,2,0.62705,4,2,0.5,2999,credit_card,0,0.0,0,,0.4478491527444618,passed,1,1,0,0,,,saas_tools,saas_tools,small,digital_service,1,0.8461471484109734,0,1,87,18.0,9.021527777777777,0
DSP000330,TXN0074302,M000171,,Mastercard,RECURRING_BILLING_DISPUTE,Recurring Billing Dispute,2025-03-24,399,556,150,2025-04-14,21,contested,won,2025-04-18,6,5,5,0,0.9430666666666667,6,0,1.0,399,debit_card,0,0.0,0,,0.2609734731398773,passed,1,2,0,0,,,saas_tools,saas_tools,small,digital_service,1,0.8461471484109734,0,1,87,21.0,66.87708333333333,1
DSP000332,TXN0074805,M000172,,Visa,RECURRING_BILLING_DISPUTE,Recurring Billing Dispute,2025-12-10,399,454,189,2025-12-21,11,contested,won,2026-01-06,5,5,4,1,0.7489333333333333,5,1,0.8,399,credit_card,0,0.0,0,,0.1473778036516822,passed,1,2,0,0,,,saas_tools,saas_tools,small,digital_service,1,0.8076410743277062,0,1,99,11.0,22.853472222222223,1
DSP000333,TXN0074960,M000172,CUS0026638,Visa,RECURRING_BILLING_DISPUTE,Recurring Billing Dispute,2025-09-20,399,462,218,2025-09-30,10,contested,won,2025-10-07,6,5,5,0,0.8740166666666666,6,0,1.0,399,credit_card,0,0.0,0,,0.1547671874093018,passed,0,2,0,0,,,saas_tools,saas_tools,small,digital_service,1,0.8076410743277062,0,1,99,10.0,14.345138888888888,1
DSP000334,TXN0074691,M000172,,Mastercard,SERVICE_NOT_RENDERED,Service Not Rendered,2025-08-14,399,522,171,2025-08-24,10,contested,won,2025-09-11,5,4,3,1,0.7837666666666667,5,1,0.75,399,credit_card,0,0.0,0,,0.07908645046186,passed,1,3,0,0,,,saas_tools,saas_tools,small,digital_service,1,0.8076410743277062,0,1,99,10.0,70.46180555555556,1
DSP000335,TXN0074693,M000172,CUS0026615,Mastercard,SERVICE_NOT_RENDERED,Service Not Rendered,2025-12-26,399,581,270,2026-01-09,14,contested,won,2026-01-26,4,4,2,2,0.6081,4,2,0.5,399,credit_card,3,70397.0,0,2.0,0.3377863381446955,passed,1,1,0,0,,,saas_tools,saas_tools,small,digital_service,1,0.8076410743277062,0,1,99,14.0,6.9,1
DSP000337,TXN0075652,M000174,CUS0027026,RuPay,MERCHANDISE_NOT_RECEIVED,Merchandise Not Received,2025-07-29,1245,558,174,2025-08-14,16,contested,won,2025-08-30,6,4,4,0,0.9476,6,0,1.0,1245,credit_card,1,7899.0,0,93.0,0.4687672900502892,passed,1,1,0,0,lost,0.0,d2c_brand,d2c_brand,small,physical_delivery,0,0.8698870666179559,1,1,62,16.0,19.571527777777778,1
DSP000339,TXN0076438,M000175,CUS0027218,RuPay,MERCHANDISE_NOT_AS_DESCRIBED,Merchandise Not As Described,2026-01-06,2149,620,220,2026-01-14,8,contested,lost,2026-02-17,3,3,2,1,0.29741666666666666,3,3,0.6666666666666666,2149,credit_card,1,999.0,0,226.0,0.4015730614315165,passed,1,1,0,0,in_transit,0.0,social_seller,social_seller,small,physical_delivery,0,0.3638238172853948,1,0,24,8.0,65.49722222222222,0
DSP000340,TXN0076710,M000176,CUS0027538,Mastercard,MERCHANDISE_NOT_AS_DESCRIBED,Merchandise Not As Described,2025-05-28,8999,556,270,2025-06-13,16,contested,won,2025-06-29,6,4,4,0,0.765,6,0,1.0,8999,credit_card,0,0.0,0,,0.2764151338062415,passed,1,2,0,0,,,fitness_membership,fitness_membership,small,membership_service,1,0.5008526967508315,0,0,15,16.0,73.11319444444445,1
DSP000342,TXN0076849,M000176,CUS0027426,Visa,SERVICE_NOT_RENDERED,Service Not Rendered,2025-05-06,1499,646,150,2025-05-19,13,contested,lost,2025-06-06,1,4,1,3,0.16073333333333334,1,5,0.25,1499,credit_card,0,0.0,0,,0.1561282026494857,passed,1,2,0,0,,,fitness_membership,fitness_membership,small,membership_service,1,0.5008526967508315,0,0,15,13.0,6.518055555555556,0
DSP000344,TXN0077697,M000177,CUS0027560,Visa,UNAUTHORIZED_TRANSACTION,Unauthorized Transaction,2026-02-11,899,662,291,2026-02-22,11,contested,lost,2026-03-26,5,4,3,1,0.6821666666666667,5,1,0.75,899,debit_card,3,2893.0,0,90.0,0.167746365664193,passed,1,1,1,0,delivered,1.0,d2c_brand,d2c_brand,small,physical_delivery,0,0.763679823565692,1,1,97,11.0,43.66041666666667,0
DSP000347,TXN0078602,M000179,,Mastercard,MERCHANDISE_NOT_RECEIVED,Merchandise Not Received,2025-08-31,245,431,194,2025-09-16,16,contested,lost,2025-09-28,5,4,3,1,0.7472833333333333,5,1,0.75,245,credit_card,0,0.0,0,,0.3737280590570447,passed,1,1,0,1,delivered,1.0,d2c_brand,d2c_brand,small,physical_delivery,0,0.7059669540199396,1,1,45,16.0,19.618055555555557,0
DSP000349,TXN0078784,M000180,,Visa,DUPLICATE_TRANSACTION,Duplicate Transaction,2025-04-25,1499,518,292,2025-05-02,7,contested,lost,2025-06-05,5,2,2,0,0.7854666666666666,5,1,1.0,1499,credit_card,0,0.0,0,,0.1929721828974268,passed,1,1,0,0,,,saas_tools,saas_tools,small,digital_service,1,0.9250366641701736,0,1,20,7.0,67.88958333333333,0
DSP000350,TXN0078823,M000180,CUS0028212,RuPay,UNAUTHORIZED_TRANSACTION,Unauthorized Transaction,2025-10-16,9999,443,265,2025-10-26,10,contested,won,2025-11-13,6,4,4,0,0.9381833333333334,6,0,1.0,9999,debit_card,4,14496.0,0,14.0,0.2242380400804832,passed,1,2,0,0,,,saas_tools,saas_tools,small,digital_service,1,0.9250366641701736,0,1,20,10.0,66.16805555555555,1
DSP000352,TXN0079701,M000181,CUS0028352,Visa,RECURRING_BILLING_DISPUTE,Recurring Billing Dispute,2025-12-06,5999,503,172,2025-12-20,14,contested,lost,2026-01-18,4,5,3,2,0.5299166666666667,4,2,0.6,5999,credit_card,2,1998.0,0,24.0,0.2955161039816327,passed,1,1,0,1,,,fitness_membership,fitness_membership,small,membership_service,1,0.4752052683493253,0,1,120,14.0,33.07013888888889,0
DSP000354,TXN0079393,M000181,CUS0028371,Mastercard,RECURRING_BILLING_DISPUTE,Recurring Billing Dispute,2025-07-12,999,416,288,2025-07-29,17,contested,lost,2025-08-16,3,5,3,2,0.37656666666666666,3,3,0.6,999,credit_card,1,5999.0,0,139.0,0.3387103447511833,passed,1,1,0,0,,,fitness_membership,fitness_membership,small,membership_service,1,0.4752052683493253,0,1,120,17.0,40.16597222222222,0
DSP000356,TXN0079911,M000182,CUS0028597,Mastercard,RECURRING_BILLING_DISPUTE,Recurring Billing Dispute,2025-07-07,5999,668,150,2025-07-20,13,contested,won,2025-08-07,5,5,5,0,0.7490666666666667,5,1,1.0,5999,debit_card,1,3999.0,0,149.0,0.3942880389429582,passed,1,1,0,0,,,fitness_membership,fitness_membership,small,membership_service,1,0.6486169163861013,0,1,16,13.0,9.0625,1
DSP000358,TXN0079879,M000182,CUS0028531,Mastercard,SERVICE_NOT_RENDERED,Service Not Rendered,2025-03-17,5999,466,236,2025-03-24,7,contested,won,2025-04-08,3,4,2,2,0.46258333333333335,3,3,0.5,5999,credit_card,0,0.0,0,,0.1698371410896576,passed,1,1,0,0,,,fitness_membership,fitness_membership,small,membership_service,1,0.6486169163861013,0,1,16,7.0,60.14375,1
DSP000359,TXN0080025,M000182,CUS0028553,Visa,SERVICE_NOT_RENDERED,Service Not Rendered,2025-09-18,3999,512,263,2025-10-07,19,contested,won,2025-10-23,4,4,3,1,0.6000333333333333,4,2,0.75,3999,credit_card,3,32997.0,0,81.0,0.3832625131641905,passed,0,4,0,0,,,fitness_membership,fitness_membership,small,membership_service,1,0.6486169163861013,0,1,16,19.0,60.989583333333336,1
DSP000363,TXN0080653,M000183,CUS0028706,Visa,MERCHANDISE_NOT_AS_DESCRIBED,Merchandise Not As Described,2025-09-20,999,601,257,2025-09-29,9,contested,won,2025-10-15,4,4,3,1,0.5389666666666667,4,2,0.75,999,credit_card,2,2498.0,0,46.0,0.4170003799432687,passed,1,1,0,0,,,fitness_membership,fitness_membership,small,membership_service,1,0.5743584059721514,0,0,39,9.0,73.79513888888889,1
DSP000368,TXN0081466,M000185,,RuPay,RECURRING_BILLING_DISPUTE,Recurring Billing Dispute,2026-01-17,49999,465,163,2026-02-01,15,contested,won,2026-02-17,6,5,5,0,0.9768,6,0,1.0,49999,debit_card,0,0.0,0,,0.2116290356256407,passed,0,1,0,0,,,saas_tools,saas_tools,small,digital_service,1,0.8592333000118498,0,1,119,15.0,64.14861111111111,1
DSP000373,TXN0082215,M000186,CUS0029293,Mastercard,MERCHANDISE_NOT_AS_DESCRIBED,Merchandise Not As Described,2025-06-28,999,735,250,2025-07-07,9,contested,lost,2025-07-22,4,4,3,1,0.41991666666666666,4,2,0.75,999,credit_card,0,0.0,0,,0.2077419528537296,passed,1,2,0,0,,,fitness_membership,fitness_membership,small,membership_service,1,0.4524939755882426,0,1,94,9.0,74.15138888888889,0
DSP000375,TXN0082602,M000187,,Visa,MERCHANDISE_NOT_AS_DESCRIBED,Merchandise Not As Described,2025-09-20,999,618,258,2025-09-27,7,contested,lost,2025-11-02,4,4,3,1,0.55795,4,2,0.75,999,debit_card,0,0.0,0,,0.3469968000295754,passed,1,1,0,0,,,fitness_membership,fitness_membership,small,membership_service,1,0.5865163196418441,0,0,28,7.0,20.271527777777777,0
DSP000376,TXN0082577,M000187,CUS0029628,Mastercard,RECURRING_BILLING_DISPUTE,Recurring Billing Dispute,2026-02-01,999,704,231,2026-02-15,14,contested,won,2026-02-21,6,5,5,0,0.8243833333333334,6,0,1.0,999,credit_card,1,999.0,0,157.0,0.3810023823488512,passed,1,1,0,0,,,fitness_membership,fitness_membership,small,membership_service,1,0.5865163196418441,0,0,28,14.0,67.69027777777778,1
DSP000378,TXN0083485,M000188,CUS0029780,Visa,SERVICE_NOT_RENDERED,Service Not Rendered,2025-10-20,2499,401,269,2025-11-08,19,contested,lost,2025-11-26,1,4,1,3,0.1364,1,5,0.25,2499,debit_card,0,0.0,0,,0.2978660665362891,passed,1,1,0,0,,,fitness_membership,fitness_membership,small,membership_service,1,0.4924294815046603,0,0,53,19.0,62.07083333333333,0
DSP000381,TXN0084089,M000189,CUS0029871,Mastercard,CREDIT_NOT_PROCESSED,Credit Not Processed,2025-08-05,2999,698,222,2025-08-17,12,contested,lost,2025-08-25,3,4,2,2,0.4502833333333333,3,3,0.5,2999,credit_card,4,67996.0,0,15.0,0.5468717393050792,passed,1,1,0,0,,,subscription_edtech,subscription_edtech,small,digital_service,1,0.7262271953305591,0,0,105,12.0,9.629861111111111,0
DSP000382,TXN0083902,M000189,CUS0029974,Visa,SERVICE_NOT_RENDERED,Service Not Rendered,2025-11-13,2999,413,300,2025-11-20,7,contested,won,2025-12-19,3,4,2,2,0.4271833333333333,3,3,0.5,2999,debit_card,1,9999.0,0,142.0,0.5106273774383163,passed,1,1,0,0,,,subscription_edtech,subscription_edtech,small,digital_service,1,0.7262271953305591,0,0,105,7.0,66.96875,1
DSP000385,TXN0084316,M000190,CUS0030040,Visa,UNAUTHORIZED_TRANSACTION,Unauthorized Transaction,2025-06-13,1499,490,227,2025-06-30,17,contested,lost,2025-07-06,5,4,4,0,0.6443833333333333,5,1,1.0,1499,credit_card,0,0.0,0,,0.192970697811943,passed,1,1,0,0,,,subscription_edtech,subscription_edtech,small,digital_service,1,0.6208794734162859,0,0,119,17.0,5.771527777777778,0
DSP000388,TXN0084750,M000191,CUS0030411,Visa,CREDIT_NOT_PROCESSED,Credit Not Processed,2026-01-14,749,446,292,2026-01-29,15,contested,won,2026-02-15,6,3,3,0,0.9515333333333333,6,0,1.0,749,credit_card,1,1499.0,0,1.0,0.2588831936009096,passed,0,1,0,1,in_transit,0.0,d2c_brand,d2c_brand,small,physical_delivery,0,0.8775142176976087,1,1,51,15.0,63.7625,1
DSP000390,TXN0084742,M000191,CUS0030303,RuPay,MERCHANDISE_NOT_AS_DESCRIBED,Merchandise Not As Described,2026-02-03,2745,613,182,2026-02-24,21,contested,lost,2026-03-03,6,3,3,0,0.9302,6,0,1.0,2745,debit_card,2,4044.0,0,180.0,0.1636884979869817,passed,1,2,0,0,delivered,1.0,d2c_brand,d2c_brand,small,physical_delivery,0,0.8775142176976087,1,1,51,21.0,46.52430555555556,0
DSP000391,TXN0085249,M000192,CUS0030545,RuPay,MERCHANDISE_NOT_RECEIVED,Merchandise Not Received,2025-03-11,5699,718,171,2025-03-19,8,contested,lost,2025-04-20,6,4,4,0,0.9156,6,0,1.0,5699,debit_card,0,0.0,0,,0.225826213187862,passed,1,2,0,0,delivered,1.0,d2c_brand,d2c_brand,small,physical_delivery,0,0.8161978747496101,1,1,50,8.0,17.250694444444445,0
DSP000392,TXN0085239,M000192,CUS0030551,Visa,UNAUTHORIZED_TRANSACTION,Unauthorized Transaction,2025-09-09,2695,600,220,2025-09-20,11,contested,won,2025-10-15,6,4,4,0,0.9614333333333334,6,0,1.0,2695,debit_card,2,4548.0,0,71.0,0.5168505718265441,passed,1,1,0,1,delivered,1.0,d2c_brand,d2c_brand,small,physical_delivery,0,0.8161978747496101,1,1,50,11.0,70.73472222222222,1
DSP000394,TXN0085958,M000193,CUS0030767,Mastercard,SERVICE_NOT_RENDERED,Service Not Rendered,2025-11-16,1499,410,161,2025-12-06,20,contested,won,2025-12-17,5,4,3,1,0.7836666666666666,5,1,0.75,1499,credit_card,0,0.0,0,,0.3270598729906976,passed,1,1,0,0,,,subscription_edtech,subscription_edtech,small,digital_service,1,0.767076273913299,0,1,21,20.0,18.104861111111113,1
DSP000395,TXN0086257,M000193,,Visa,RECURRING_BILLING_DISPUTE,Recurring Billing Dispute,2025-09-10,999,663,172,2025-09-28,18,contested,won,2025-10-07,4,5,3,2,0.6085833333333334,4,2,0.6,999,debit_card,0,0.0,0,,0.2157530252164894,failed,1,1,0,0,,,subscription_edtech,subscription_edtech,small,digital_service,1,0.767076273913299,0,1,21,18.0,31.05763888888889,1
DSP000396,TXN0085955,M000193,CUS0030686,RuPay,RECURRING_BILLING_DISPUTE,Recurring Billing Dispute,2025-12-08,24999,715,205,2025-12-21,13,contested,lost,2026-01-03,3,5,2,3,0.44505,3,3,0.4,24999,debit_card,3,1997.0,0,90.0,0.5952633466087781,passed,1,4,0,1,,,subscription_edtech,subscription_edtech,small,digital_service,1,0.767076273913299,0,1,21,13.0,24.28263888888889,0
DSP000398,TXN0086254,M000193,CUS0030774,Mastercard,CREDIT_NOT_PROCESSED,Credit Not Processed,2025-03-12,24999,413,259,2025-03-30,18,contested,won,2025-04-11,6,4,4,0,0.9486833333333333,6,0,1.0,24999,credit_card,0,0.0,0,,0.3168593532885255,passed,1,1,0,0,,,subscription_edtech,subscription_edtech,small,digital_service,1,0.767076273913299,0,1,21,18.0,48.636805555555554,1
DSP000400,TXN0086589,M000194,CUS0030810,Visa,DUPLICATE_TRANSACTION,Duplicate Transaction,2025-12-27,949,615,275,2026-01-04,8,contested,lost,2026-01-11,2,2,0,2,0.2585166666666667,2,4,0.0,949,credit_card,1,2149.0,0,323.0,0.0954580484594907,passed,0,1,0,0,delivered,1.0,d2c_brand,d2c_brand,small,physical_delivery,0,0.7678955508417806,1,1,8,8.0,32.33958333333333,0
DSP000401,TXN0089191,M000195,,Visa,UNAUTHORIZED_TRANSACTION,Unauthorized Transaction,2025-02-23,21999,586,174,2025-03-12,17,contested,lost,2025-03-10,1,3,1,2,0.12411666666666667,1,5,0.3333333333333333,21999,credit_card,0,0.0,0,,0.3251168259813254,passed,1,1,0,0,,,travel_booking,travel_booking,medium,booking_service,0,0.5397849010209644,0,0,92,17.0,28.259722222222223,0
DSP000402,TXN0088331,M000195,CUS0031407,RuPay,SERVICE_NOT_RENDERED,Service Not Rendered,2025-03-22,2195,709,156,2025-03-31,9,contested,won,2025-04-10,1,3,1,2,0.13608333333333333,1,5,0.3333333333333333,2195,credit_card,1,4599.0,0,8.0,0.1474503366385219,passed,1,2,1,0,,,travel_booking,travel_booking,medium,booking_service,0,0.5397849010209644,0,0,92,9.0,46.196527777777774,1
DSP000407,TXN0087598,M000195,CUS0031805,Visa,MERCHANDISE_NOT_AS_DESCRIBED,Merchandise Not As Described,2025-09-14,5999,638,168,2025-09-30,16,contested,lost,2025-10-28,6,3,3,0,0.8847333333333333,6,0,1.0,5999,debit_card,1,4549.0,0,172.0,0.5323024260868262,passed,0,1,0,0,,,travel_booking,travel_booking,medium,booking_service,0,0.5397849010209644,0,0,92,16.0,11.020138888888889,0
DSP000409,TXN0088496,M000195,,Visa,CREDIT_NOT_PROCESSED,Credit Not Processed,2025-01-31,20495,621,176,2025-02-09,9,contested,lost,2025-03-01,1,4,1,3,0.12406666666666666,1,5,0.25,20495,credit_card,0,0.0,0,,0.1799794801025395,passed,1,1,0,0,,,travel_booking,travel_booking,medium,booking_service,0,0.5397849010209644,0,0,92,9.0,20.779166666666665,0
DSP000410,TXN0087283,M000195,CUS0031832,Visa,CREDIT_NOT_PROCESSED,Credit Not Processed,2025-09-29,33995,450,262,2025-10-16,17,contested,lost,2025-10-21,2,4,2,2,0.29395,2,4,0.5,33995,credit_card,2,4494.0,0,102.0,0.4453258064142173,passed,1,1,0,0,,,travel_booking,travel_booking,medium,booking_service,0,0.5397849010209644,0,0,92,17.0,29.852083333333333,0
DSP000411,TXN0087936,M000195,CUS0031271,Mastercard,SERVICE_NOT_RENDERED,Service Not Rendered,2025-04-16,9395,467,262,2025-04-23,7,contested,lost,2025-05-14,6,3,3,0,0.7586499999999999,6,0,1.0,9395,debit_card,0,0.0,0,,0.3414952017361904,passed,1,1,0,0,,,travel_booking,travel_booking,medium,booking_service,0,0.5397849010209644,0,0,92,7.0,42.456944444444446,0
DSP000413,TXN0086891,M000195,,Visa,SERVICE_NOT_RENDERED,Service Not Rendered,2025-08-03,4445,605,243,2025-08-12,9,contested,lost,2025-08-31,3,3,2,1,0.3512166666666667,3,3,0.6666666666666666,4445,credit_card,0,0.0,0,,0.0653069977044732,passed,1,1,0,1,,,travel_booking,travel_booking,medium,booking_service,0,0.5397849010209644,0,0,92,9.0,6.129166666666666,0
DSP000414,TXN0091236,M000196,,Visa,MERCHANDISE_NOT_AS_DESCRIBED,Merchandise Not As Described,2025-02-18,999,411,256,2025-03-02,12,contested,lost,2025-03-28,3,4,2,2,0.4607666666666667,3,3,0.5,999,debit_card,0,0.0,0,,0.5463398244589703,passed,1,3,0,0,,,subscription_edtech,subscription_edtech,medium,digital_service,1,0.6204176203290956,0,1,58,12.0,9.495833333333334,0
DSP000415,TXN0089918,M000196,CUS0032841,Mastercard,RECURRING_BILLING_DISPUTE,Recurring Billing Dispute,2025-03-28,2999,721,299,2025-04-11,14,contested,won,2025-04-27,5,5,5,0,0.7687333333333334,5,1,1.0,2999,credit_card,1,999.0,0,54.0,0.3393759337129613,passed,1,1,0,0,,,subscription_edtech,subscription_edtech,medium,digital_service,1,0.6204176203290956,0,1,58,14.0,10.277083333333334,1
DSP000416,TXN0089754,M000196,CUS0031957,Visa,RECURRING_BILLING_DISPUTE,Recurring Billing Dispute,2025-09-01,999,599,193,2025-09-12,11,contested,lost,2025-10-10,5,5,4,1,0.7365166666666667,5,1,0.8,999,credit_card,0,0.0,0,,0.458666082206607,passed,0,2,0,0,,,subscription_edtech,subscription_edtech,medium,digital_service,1,0.6204176203290956,0,1,58,11.0,69.99513888888889,0
DSP000417,TXN0089604,M000196,CUS0032035,Visa,UNAUTHORIZED_TRANSACTION,Unauthorized Transaction,2025-03-15,999,450,150,2025-03-29,14,contested,won,2025-04-11,6,4,4,0,0.81705,6,0,1.0,999,credit_card,0,0.0,0,,0.061930387502981,passed,1,1,0,1,,,subscription_edtech,subscription_edtech,medium,digital_service,1,0.6204176203290956,0,1,58,14.0,32.03333333333333,1
DSP000420,TXN0089870,M000196,CUS0032100,Mastercard,SERVICE_NOT_RENDERED,Service Not Rendered,2025-11-25,9999,476,213,2025-12-13,18,contested,won,2026-01-04,6,4,4,0,0.8421,6,0,1.0,9999,credit_card,0,0.0,0,,0.426563039560164,passed,0,1,0,0,,,subscription_edtech,subscription_edtech,medium,digital_service,1,0.6204176203290956,0,1,58,18.0,37.99444444444445,1
DSP000421,TXN0090045,M000196,,RuPay,SERVICE_NOT_RENDERED,Service Not Rendered,2025-11-24,999,666,254,2025-12-14,20,contested,won,2025-12-21,5,4,3,1,0.6642,5,1,0.75,999,credit_card,0,0.0,0,,0.148107467518457,passed,1,1,0,0,,,subscription_edtech,subscription_edtech,medium,digital_service,1,0.6204176203290956,0,1,58,20.0,49.50277777777778,1
DSP000422,TXN0091921,M000196,CUS0032113,Visa,UNAUTHORIZED_TRANSACTION,Unauthorized Transaction,2025-06-07,999,627,244,2025-06-15,8,contested,lost,2025-07-03,3,4,2,2,0.39633333333333337,3,3,0.5,999,credit_card,0,0.0,0,,0.3624361516568889,passed,1,1,0,0,,,subscription_edtech,subscription_edtech,medium,digital_service,1,0.6204176203290956,0,1,58,8.0,28.87986111111111,0
DSP000423,TXN0090162,M000196,CUS0032859,Mastercard,CREDIT_NOT_PROCESSED,Credit Not Processed,2025-08-09,2999,711,180,2025-08-29,20,contested,lost,2025-09-10,1,4,1,3,0.16333333333333333,1,5,0.25,2999,debit_card,0,0.0,0,,0.4587486503899242,not_applicable,1,1,0,0,,,subscription_edtech,subscription_edtech,medium,digital_service,1,0.6204176203290956,0,1,58,20.0,67.95138888888889,0
DSP000424,TXN0092161,M000196,CUS0032677,Visa,SERVICE_NOT_RENDERED,Service Not Rendered,2025-04-18,999,527,257,2025-04-27,9,contested,lost,2025-05-25,2,4,1,3,0.28765,2,4,0.25,999,credit_card,1,999.0,0,14.0,0.1813475442396751,passed,1,1,0,0,,,subscription_edtech,subscription_edtech,medium,digital_service,1,0.6204176203290956,0,1,58,9.0,13.317361111111111,0
DSP000425,TXN0091384,M000196,CUS0032866,RuPay,MERCHANDISE_NOT_AS_DESCRIBED,Merchandise Not As Described,2025-05-10,2999,513,256,2025-05-27,17,contested,lost,2025-05-28,5,4,3,1,0.6628333333333333,5,1,0.75,2999,debit_card,0,0.0,0,,0.2479732671889047,passed,1,1,0,0,,,subscription_edtech,subscription_edtech,medium,digital_service,1,0.6204176203290956,0,1,58,17.0,40.736805555555556,0
DSP000426,TXN0091551,M000196,CUS0032707,Mastercard,SERVICE_NOT_RENDERED,Service Not Rendered,2026-02-08,999,448,173,2026-02-16,8,contested,lost,2026-03-12,4,4,3,1,0.5577166666666666,4,2,0.75,999,debit_card,1,999.0,0,167.0,0.0589010595414437,passed,1,1,0,0,,,subscription_edtech,subscription_edtech,medium,digital_service,1,0.6204176203290956,0,1,58,8.0,73.90138888888889,0
DSP000427,TXN0093273,M000197,CUS0033311,RuPay,CREDIT_NOT_PROCESSED,Credit Not Processed,2025-01-22,9999,728,297,2025-01-31,9,contested,won,2025-03-03,4,4,3,1,0.65035,4,2,0.75,9999,credit_card,0,0.0,0,,0.3386000450024996,passed,1,1,0,0,,,subscription_edtech,subscription_edtech,medium,digital_service,1,0.6762982680652562,0,1,18,9.0,12.720138888888888,1
DSP000428,TXN0093568,M000197,,Visa,RECURRING_BILLING_DISPUTE,Recurring Billing Dispute,2025-09-05,9999,535,248,2025-09-17,12,contested,won,2025-10-09,5,5,5,0,0.7125333333333334,5,1,1.0,9999,debit_card,0,0.0,0,,0.1599554100980499,passed,1,1,0,0,,,subscription_edtech,subscription_edtech,medium,digital_service,1,0.6762982680652562,0,1,18,12.0,33.541666666666664,1
DSP000429,TXN0092398,M000197,,Mastercard,RECURRING_BILLING_DISPUTE,Recurring Billing Dispute,2025-09-10,999,642,242,2025-09-18,8,contested,lost,2025-09-24,5,5,4,1,0.8036333333333333,5,1,0.8,999,debit_card,0,0.0,0,,0.1234973909169536,passed,1,2,0,0,,,subscription_edtech,subscription_edtech,medium,digital_service,1,0.6762982680652562,0,1,18,8.0,57.29375,0
DSP000430,TXN0093086,M000197,CUS0033845,RuPay,CREDIT_NOT_PROCESSED,Credit Not Processed,2026-01-18,24999,646,270,2026-02-06,19,contested,lost,2026-03-04,5,4,3,1,0.7376,5,1,0.75,24999,credit_card,3,2997.0,0,3.0,0.1051148943929683,passed,1,1,0,0,,,subscription_edtech,subscription_edtech,medium,digital_service,1,0.6762982680652562,0,1,18,19.0,25.720833333333335,0
DSP000431,TXN0093378,M000197,CUS0033343,Mastercard,UNAUTHORIZED_TRANSACTION,Unauthorized Transaction,2025-11-25,999,659,259,2025-12-04,9,contested,lost,2025-12-12,3,4,2,2,0.4454166666666666,3,3,0.5,999,debit_card,2,19998.0,0,140.0,0.2147682006675505,passed,1,1,0,0,,,subscription_edtech,subscription_edtech,medium,digital_service,1,0.6762982680652562,0,1,18,9.0,74.46111111111111,0
DSP000432,TXN0094015,M000197,CUS0033038,Visa,CREDIT_NOT_PROCESSED,Credit Not Processed,2025-08-10,999,433,207,2025-08-17,7,contested,lost,2025-09-18,5,4,3,1,0.6736833333333333,5,1,0.75,999,credit_card,1,999.0,0,8.0,0.1081248589840177,passed,0,1,0,1,,,subscription_edtech,subscription_edtech,medium,digital_service,1,0.6762982680652562,0,1,18,7.0,70.10416666666667,0
DSP000433,TXN0092455,M000197,CUS0033585,Mastercard,UNAUTHORIZED_TRANSACTION,Unauthorized Transaction,2025-12-23,999,637,257,2026-01-07,15,contested,lost,2026-01-30,6,4,4,0,0.8655166666666667,6,0,1.0,999,debit_card,0,0.0,0,,0.6174855371446025,not_applicable,1,1,0,1,,,subscription_edtech,subscription_edtech,medium,digital_service,1,0.6762982680652562,0,1,18,15.0,17.891666666666666,0
DSP000434,TXN0093942,M000197,CUS0032981,RuPay,MERCHANDISE_NOT_AS_DESCRIBED,Merchandise Not As Described,2025-12-24,24999,427,280,2026-01-14,21,contested,lost,2026-02-04,3,4,1,3,0.40693333333333337,3,3,0.25,24999,debit_card,2,25998.0,0,143.0,0.1224069799446239,not_applicable,1,3,0,0,,,subscription_edtech,subscription_edtech,medium,digital_service,1,0.6762982680652562,0,1,18,21.0,32.897222222222226,0
DSP000436,TXN0092412,M000197,,Mastercard,RECURRING_BILLING_DISPUTE,Recurring Billing Dispute,2025-06-18,24999,649,239,2025-06-29,11,contested,lost,2025-07-10,4,5,4,1,0.5754,4,2,0.8,24999,debit_card,0,0.0,0,,0.2403209415963646,passed,1,1,0,0,,,subscription_edtech,subscription_edtech,medium,digital_service,1,0.6762982680652562,0,1,18,11.0,71.31875,0
DSP000437,TXN0092414,M000197,,Visa,CREDIT_NOT_PROCESSED,Credit Not Processed,2025-06-08,999,533,290,2025-06-21,13,contested,lost,2025-07-06,3,4,2,2,0.44828333333333337,3,3,0.5,999,credit_card,0,0.0,0,,0.7165924478418007,passed,1,1,0,0,,,subscription_edtech,subscription_edtech,medium,digital_service,1,0.6762982680652562,0,1,18,13.0,16.634722222222223,0
DSP000441,TXN0095204,M000198,CUS0034083,Visa,MERCHANDISE_NOT_RECEIVED,Merchandise Not Received,2025-07-22,1799,475,278,2025-08-12,21,contested,won,2025-09-04,6,4,4,0,0.9123666666666667,6,0,1.0,1799,debit_card,1,3799.0,0,159.0,0.1151549101701989,passed,1,1,0,0,delivered,1.0,d2c_brand,d2c_brand,medium,physical_delivery,0,0.852960710521447,1,0,40,21.0,12.480555555555556,1
DSP000442,TXN0096447,M000198,CUS0034200,Visa,MERCHANDISE_NOT_AS_DESCRIBED,Merchandise Not As Described,2025-12-06,4699,591,209,2025-12-13,7,contested,won,2025-12-26,6,3,3,0,0.9729833333333332,6,0,1.0,4699,credit_card,0,0.0,0,,0.0589020756629986,passed,1,1,0,0,delivered,1.0,d2c_brand,d2c_brand,medium,physical_delivery,0,0.852960710521447,1,0,40,7.0,19.29513888888889,1
DSP000444,TXN0096715,M000198,,Mastercard,MERCHANDISE_NOT_AS_DESCRIBED,Merchandise Not As Described,2025-04-06,1999,410,202,2025-04-17,11,contested,won,2025-04-29,6,3,3,0,0.9009333333333333,6,0,1.0,1999,credit_card,0,0.0,0,,0.41403867174148,not_applicable,1,1,0,1,in_transit,0.0,d2c_brand,d2c_brand,medium,physical_delivery,0,0.852960710521447,1,0,40,11.0,55.77013888888889,1
DSP000446,TXN0095404,M000198,CUS0034408,Visa,CREDIT_NOT_PROCESSED,Credit Not Processed,2025-06-14,285,483,189,2025-06-28,14,contested,lost,2025-06-28,6,3,3,0,0.9004666666666666,6,0,1.0,285,debit_card,0,0.0,0,,0.1221055360255157,failed,1,1,0,1,delivered,1.0,d2c_brand,d2c_brand,medium,physical_delivery,0,0.852960710521447,1,0,40,14.0,35.416666666666664,0
DSP000447,TXN0096073,M000198,CUS0034280,RuPay,MERCHANDISE_NOT_RECEIVED,Merchandise Not Received,2025-02-23,1349,546,167,2025-03-10,15,contested,won,2025-03-11,5,4,4,0,0.7681166666666667,5,1,1.0,1349,debit_card,0,0.0,0,,0.0336548792750132,passed,1,1,0,0,in_transit,0.0,d2c_brand,d2c_brand,medium,physical_delivery,0,0.852960710521447,1,0,40,15.0,41.427083333333336,1
DSP000448,TXN0095460,M000198,CUS0034230,Visa,MERCHANDISE_NOT_RECEIVED,Merchandise Not Received,2025-07-09,1649,597,275,2025-07-26,17,contested,won,2025-08-04,6,4,4,0,0.97585,6,0,1.0,1649,debit_card,2,7294.0,0,24.0,0.1098564196451006,passed,1,2,0,0,in_transit,0.0,d2c_brand,d2c_brand,medium,physical_delivery,0,0.852960710521447,1,0,40,17.0,22.87847222222222,1
DSP000449,TXN0094964,M000198,CUS0034502,Mastercard,CREDIT_NOT_PROCESSED,Credit Not Processed,2025-12-21,1899,626,295,2026-01-10,20,contested,won,2026-01-31,5,3,2,1,0.7623666666666667,5,1,0.6666666666666666,1899,debit_card,1,359.0,0,221.0,0.3585246132986205,passed,1,1,0,0,delivered,1.0,d2c_brand,d2c_brand,medium,physical_delivery,0,0.852960710521447,1,0,40,20.0,53.85208333333333,1
DSP000450,TXN0098106,M000199,CUS0035653,Visa,SERVICE_NOT_RENDERED,Service Not Rendered,2025-05-25,10699,559,177,2025-06-05,11,contested,won,2025-06-28,4,3,2,1,0.5322833333333333,4,2,0.6666666666666666,10699,debit_card,1,5499.0,0,53.0,0.0957188755294741,passed,1,1,1,0,,,travel_booking,travel_booking,medium,booking_service,0,0.7169137216501509,0,0,118,11.0,38.145833333333336,1
DSP000452,TXN0098470,M000199,CUS0035639,Visa,MERCHANDISE_NOT_AS_DESCRIBED,Merchandise Not As Described,2025-09-16,5095,513,152,2025-09-29,13,contested,won,2025-10-05,4,3,3,0,0.6045333333333334,4,2,1.0,5095,credit_card,1,2549.0,0,114.0,0.1418449989871569,passed,1,1,0,0,,,travel_booking,travel_booking,medium,booking_service,0,0.7169137216501509,0,0,118,13.0,58.175694444444446,1
DSP000453,TXN0098465,M000199,CUS0035617,Mastercard,SERVICE_NOT_RENDERED,Service Not Rendered,2025-04-16,6099,406,174,2025-04-29,13,contested,won,2025-05-21,6,3,3,0,0.90335,6,0,1.0,6099,credit_card,1,18199.0,0,17.0,0.2502893355970514,passed,1,2,0,0,,,travel_booking,travel_booking,medium,booking_service,0,0.7169137216501509,0,0,118,13.0,55.02361111111111,1
DSP000454,TXN0098505,M000199,,Visa,SERVICE_NOT_RENDERED,Service Not Rendered,2025-05-09,15499,416,225,2025-05-29,20,contested,won,2025-06-15,4,3,3,0,0.5588833333333333,4,2,1.0,15499,credit_card,0,0.0,0,,0.4860447758260032,not_applicable,1,1,0,0,,,travel_booking,travel_booking,medium,booking_service,0,0.7169137216501509,0,0,118,20.0,22.177777777777777,1
DSP000455,TXN0097965,M000199,CUS0035419,Mastercard,CREDIT_NOT_PROCESSED,Credit Not Processed,2025-03-26,7299,679,250,2025-04-02,7,contested,won,2025-04-28,6,4,4,0,0.8414166666666666,6,0,1.0,7299,debit_card,0,0.0,0,,0.4422105043245295,not_applicable,1,3,0,0,,,travel_booking,travel_booking,medium,booking_service,0,0.7169137216501509,0,0,118,7.0,36.00972222222222,1
DSP000458,TXN0100834,M000200,CUS0036097,RuPay,RECURRING_BILLING_DISPUTE,Recurring Billing Dispute,2025-09-22,799,527,292,2025-10-01,9,contested,lost,2025-10-09,4,5,4,1,0.6193333333333334,4,2,0.8,799,debit_card,0,0.0,0,,0.1365118845247417,passed,1,3,0,0,,,saas_tools,saas_tools,medium,digital_service,1,0.807558707185561,0,1,99,9.0,5.111111111111111,0
DSP000462,TXN0101728,M000200,CUS0036731,Visa,RECURRING_BILLING_DISPUTE,Recurring Billing Dispute,2025-11-07,1499,686,285,2025-11-25,18,contested,won,2025-12-06,6,5,5,0,0.9002166666666667,6,0,1.0,1499,debit_card,3,11597.0,0,90.0,0.501384331068647,passed,0,1,0,0,,,saas_tools,saas_tools,medium,digital_service,1,0.807558707185561,0,1,99,18.0,17.709722222222222,1
DSP000467,TXN0100789,M000200,,Visa,RECURRING_BILLING_DISPUTE,Recurring Billing Dispute,2025-12-25,9999,592,285,2026-01-02,8,contested,lost,2026-01-31,5,5,4,1,0.7192333333333334,5,1,0.8,9999,debit_card,0,0.0,0,,0.0398381340800629,passed,1,1,0,0,,,saas_tools,saas_tools,medium,digital_service,1,0.807558707185561,0,1,99,8.0,52.86527777777778,0
DSP000471,TXN0100238,M000200,CUS0036019,RuPay,RECURRING_BILLING_DISPUTE,Recurring Billing Dispute,2025-11-21,799,516,292,2025-12-04,13,contested,won,2025-12-19,4,5,4,1,0.6213333333333333,4,2,0.8,799,debit_card,0,0.0,0,,0.7477826452369919,passed,1,1,0,0,,,saas_tools,saas_tools,medium,digital_service,1,0.807558707185561,0,1,99,13.0,65.41875,1
DSP000474,TXN0103475,M000201,CUS0037137,RuPay,SERVICE_NOT_RENDERED,Service Not Rendered,2025-12-12,22495,637,240,2025-12-24,12,contested,lost,2026-01-18,3,3,2,1,0.3982666666666667,3,3,0.6666666666666666,22495,credit_card,2,17698.0,0,64.0,0.3109537622032019,passed,0,1,0,0,,,travel_booking,travel_booking,medium,booking_service,0,0.628472880460441,0,1,25,12.0,58.922222222222224,0
DSP000477,TXN0103657,M000201,CUS0037140,RuPay,MERCHANDISE_NOT_AS_DESCRIBED,Merchandise Not As Described,2025-05-25,5099,644,278,2025-06-14,20,contested,lost,2025-06-20,3,3,1,2,0.41981666666666667,3,3,0.3333333333333333,5099,credit_card,0,0.0,0,,0.1618573964544827,not_applicable,1,2,0,0,,,travel_booking,travel_booking,medium,booking_service,0,0.628472880460441,0,1,25,20.0,30.71736111111111,0
DSP000479,TXN0104256,M000201,,Mastercard,SERVICE_NOT_RENDERED,Service Not Rendered,2025-06-28,5999,703,184,2025-07-08,10,contested,won,2025-08-11,5,3,3,0,0.7639,5,1,1.0,5999,credit_card,0,0.0,0,,0.2941345465785178,passed,1,1,0,0,,,travel_booking,travel_booking,medium,booking_service,0,0.628472880460441,0,1,25,10.0,27.585416666666667,1
DSP000480,TXN0103330,M000201,CUS0037178,Visa,SERVICE_NOT_RENDERED,Service Not Rendered,2025-10-22,16999,698,160,2025-11-08,17,contested,won,2025-12-02,2,3,1,2,0.29895,2,4,0.3333333333333333,16999,debit_card,2,10294.0,0,59.0,0.205575679441522,failed,0,1,0,0,,,travel_booking,travel_booking,medium,booking_service,0,0.628472880460441,0,1,25,17.0,23.814583333333335,1
DSP000481,TXN0105500,M000201,CUS0036736,Visa,SERVICE_NOT_RENDERED,Service Not Rendered,2026-01-16,7699,669,170,2026-02-05,20,contested,won,2026-02-28,5,3,2,1,0.6770999999999999,5,1,0.6666666666666666,7699,credit_card,1,5699.0,0,227.0,0.1042113206087128,passed,0,1,0,0,,,travel_booking,travel_booking,medium,booking_service,0,0.628472880460441,0,1,25,20.0,53.62361111111111,1
DSP000482,TXN0103602,M000201,CUS0036894,Visa,CREDIT_NOT_PROCESSED,Credit Not Processed,2025-07-22,26995,499,278,2025-08-05,14,contested,won,2025-08-21,4,4,2,2,0.6345333333333333,4,2,0.5,26995,debit_card,0,0.0,0,,0.1542620881207492,passed,1,1,0,1,,,travel_booking,travel_booking,medium,booking_service,0,0.628472880460441,0,1,25,14.0,18.380555555555556,1
DSP000483,TXN0103853,M000201,,Visa,MERCHANDISE_NOT_AS_DESCRIBED,Merchandise Not As Described,2025-08-07,5999,600,295,2025-08-19,12,contested,lost,2025-09-17,3,3,1,2,0.41788333333333333,3,3,0.3333333333333333,5999,credit_card,0,0.0,0,,0.2454900180920927,passed,1,1,0,0,,,travel_booking,travel_booking,medium,booking_service,0,0.628472880460441,0,1,25,12.0,54.01111111111111,0
DSP000484,TXN0106809,M000202,CUS0037860,Mastercard,RECURRING_BILLING_DISPUTE,Recurring Billing Dispute,2025-09-26,1499,476,293,2025-10-08,12,contested,won,2025-10-28,4,5,3,2,0.6533333333333333,4,2,0.6,1499,credit_card,0,0.0,0,,0.2442211410627316,passed,1,1,0,0,,,saas_tools,saas_tools,medium,digital_service,1,0.9503866315589596,0,1,103,12.0,68.35138888888889,1
DSP000485,TXN0107263,M000202,CUS0037700,Mastercard,RECURRING_BILLING_DISPUTE,Recurring Billing Dispute,2025-05-13,1499,646,211,2025-05-29,16,contested,won,2025-06-06,5,5,4,1,0.7767166666666667,5,1,0.8,1499,debit_card,1,1499.0,0,64.0,0.1987528528184854,failed,0,1,0,0,,,saas_tools,saas_tools,medium,digital_service,1,0.9503866315589596,0,1,103,16.0,54.859722222222224,1
DSP000486,TXN0106346,M000202,CUS0037992,Mastercard,CREDIT_NOT_PROCESSED,Credit Not Processed,2025-05-10,4999,488,247,2025-05-31,21,contested,won,2025-06-02,6,4,4,0,0.98,6,0,1.0,4999,debit_card,1,1499.0,0,36.0,0.3736093601143708,passed,0,1,0,0,,,saas_tools,saas_tools,medium,digital_service,1,0.9503866315589596,0,1,103,21.0,63.94513888888889,1
DSP000487,TXN0105647,M000202,CUS0038083,Mastercard,UNAUTHORIZED_TRANSACTION,Unauthorized Transaction,2025-10-17,1499,473,238,2025-11-02,16,contested,lost,2025-11-30,5,4,4,0,0.8166666666666668,5,1,1.0,1499,credit_card,1,1499.0,0,46.0,0.4029090541099664,passed,1,1,0,0,,,saas_tools,saas_tools,medium,digital_service,1,0.9503866315589596,0,1,103,16.0,42.520833333333336,0
DSP000488,TXN0107432,M000202,CUS0038330,Mastercard,RECURRING_BILLING_DISPUTE,Recurring Billing Dispute,2025-10-16,4999,457,260,2025-10-28,12,contested,won,2025-11-22,6,5,5,0,0.9411166666666667,6,0,1.0,4999,credit_card,1,1499.0,0,78.0,0.2700768165439066,failed,1,5,0,0,,,saas_tools,saas_tools,medium,digital_service,1,0.9503866315589596,0,1,103,12.0,36.90277777777778,1
DSP000489,TXN0107658,M000202,CUS0038452,Visa,RECURRING_BILLING_DISPUTE,Recurring Billing Dispute,2025-06-10,4999,732,164,2025-06-17,7,contested,won,2025-07-09,6,5,5,0,0.9558333333333334,6,0,1.0,4999,debit_card,0,0.0,0,,0.1548900338847141,passed,1,2,0,0,,,saas_tools,saas_tools,medium,digital_service,1,0.9503866315589596,0,1,103,7.0,52.41111111111111,1
DSP000490,TXN0106805,M000202,CUS0038049,Visa,RECURRING_BILLING_DISPUTE,Recurring Billing Dispute,2025-03-16,49999,683,241,2025-03-24,8,contested,lost,2025-03-31,5,5,4,1,0.7810833333333332,5,1,0.8,49999,debit_card,0,0.0,0,,0.2160317839411649,passed,1,1,0,0,,,saas_tools,saas_tools,medium,digital_service,1,0.9503866315589596,0,1,103,8.0,43.583333333333336,0
DSP000492,TXN0108233,M000202,CUS0038163,Visa,RECURRING_BILLING_DISPUTE,Recurring Billing Dispute,2025-03-30,4999,637,232,2025-04-09,10,contested,won,2025-04-25,5,5,4,1,0.8166666666666668,5,1,0.8,4999,credit_card,0,0.0,0,,0.4524306712732566,passed,0,1,0,0,,,saas_tools,saas_tools,medium,digital_service,1,0.9503866315589596,0,1,103,10.0,59.21458333333333,1
DSP000493,TXN0107641,M000202,,Mastercard,CREDIT_NOT_PROCESSED,Credit Not Processed,2025-11-05,1499,508,237,2025-11-18,13,contested,won,2025-12-19,6,4,4,0,0.9204833333333333,6,0,1.0,1499,credit_card,0,0.0,0,,0.3296425129915827,passed,0,1,0,0,,,saas_tools,saas_tools,medium,digital_service,1,0.9503866315589596,0,1,103,13.0,72.46527777777777,1
DSP000495,TXN0107838,M000202,,Visa,RECURRING_BILLING_DISPUTE,Recurring Billing Dispute,2025-07-28,49999,749,243,2025-08-17,20,contested,won,2025-09-04,6,5,5,0,0.9565166666666666,6,0,1.0,49999,credit_card,0,0.0,0,,0.3358133508928829,passed,1,2,0,1,,,saas_tools,saas_tools,medium,digital_service,1,0.9503866315589596,0,1,103,20.0,67.51527777777778,1
DSP000497,TXN0107611,M000202,,RuPay,UNAUTHORIZED_TRANSACTION,Unauthorized Transaction,2025-08-15,4999,623,250,2025-09-02,18,contested,lost,2025-09-27,6,4,4,0,0.9606,6,0,1.0,4999,credit_card,0,0.0,0,,0.2888759857214351,passed,1,1,0,0,,,saas_tools,saas_tools,medium,digital_service,1,0.9503866315589596,0,1,103,18.0,14.580555555555556,0
DSP000498,TXN0105574,M000202,CUS0038262,Visa,RECURRING_BILLING_DISPUTE,Recurring Billing Dispute,2025-04-25,4999,455,196,2025-05-07,12,contested,won,2025-05-22,6,5,5,0,0.9567166666666665,6,0,1.0,4999,debit_card,1,1499.0,0,54.0,0.3340011220950628,passed,0,1,0,0,,,saas_tools,saas_tools,medium,digital_service,1,0.9503866315589596,0,1,103,12.0,37.830555555555556,1
DSP000500,TXN0110356,M000203,CUS0038815,RuPay,UNAUTHORIZED_TRANSACTION,Unauthorized Transaction,2025-03-11,499,731,234,2025-03-22,11,contested,lost,2025-03-27,4,4,3,1,0.6063333333333333,4,2,0.75,499,debit_card,0,0.0,0,,0.3615872062858949,passed,1,1,1,1,,,subscription_edtech,subscription_edtech,medium,digital_service,1,0.732002994348807,0,0,19,11.0,64.66111111111111,0
DSP000501,TXN0109585,M000203,,Visa,MERCHANDISE_NOT_AS_DESCRIBED,Merchandise Not As Described,2025-11-04,499,506,285,2025-11-15,11,contested,won,2025-11-21,6,4,4,0,0.9011,6,0,1.0,499,debit_card,0,0.0,0,,0.2602926275753736,passed,0,1,0,0,,,subscription_edtech,subscription_edtech,medium,digital_service,1,0.732002994348807,0,0,19,11.0,35.09166666666667,1
DSP000502,TXN0110338,M000203,CUS0039415,RuPay,RECURRING_BILLING_DISPUTE,Recurring Billing Dispute,2025-07-16,999,619,156,2025-08-02,17,contested,won,2025-08-30,6,5,5,0,0.8437166666666668,6,0,1.0,999,debit_card,0,0.0,0,,0.0822194840152711,failed,0,3,0,0,,,subscription_edtech,subscription_edtech,medium,digital_service,1,0.732002994348807,0,0,19,17.0,65.1986111111111,1
DSP000503,TXN0108876,M000203,,Visa,SERVICE_NOT_RENDERED,Service Not Rendered,2026-01-24,4999,686,206,2026-02-03,10,contested,won,2026-02-12,6,4,4,0,0.8332166666666666,6,0,1.0,4999,credit_card,0,0.0,0,,0.3351361260314401,passed,1,2,0,0,,,subscription_edtech,subscription_edtech,medium,digital_service,1,0.732002994348807,0,0,19,10.0,71.78055555555555,1
DSP000505,TXN0109687,M000203,,Visa,RECURRING_BILLING_DISPUTE,Recurring Billing Dispute,2025-09-30,499,475,177,2025-10-20,20,contested,lost,2025-10-14,3,5,2,3,0.4701666666666666,3,3,0.4,499,debit_card,0,0.0,0,,0.3704918555437176,passed,0,1,1,0,,,subscription_edtech,subscription_edtech,medium,digital_service,1,0.732002994348807,0,0,19,20.0,65.37708333333333,0
DSP000507,TXN0110189,M000203,CUS0038745,Visa,CREDIT_NOT_PROCESSED,Credit Not Processed,2025-10-21,499,531,153,2025-11-09,19,contested,won,2025-11-28,5,4,3,1,0.7236166666666667,5,1,0.75,499,credit_card,1,499.0,0,260.0,0.1264047787017272,passed,1,1,0,0,,,subscription_edtech,subscription_edtech,medium,digital_service,1,0.732002994348807,0,0,19,19.0,10.682638888888889,1
DSP000508,TXN0110857,M000203,CUS0039069,Mastercard,SERVICE_NOT_RENDERED,Service Not Rendered,2025-04-15,4999,718,201,2025-05-04,19,contested,won,2025-05-28,6,4,4,0,0.8899166666666667,6,0,1.0,4999,credit_card,1,999.0,0,31.0,0.3033827531312676,passed,1,1,0,0,,,subscription_edtech,subscription_edtech,medium,digital_service,1,0.732002994348807,0,0,19,19.0,6.238888888888889,1
DSP000509,TXN0109231,M000203,CUS0038709,Visa,RECURRING_BILLING_DISPUTE,Recurring Billing Dispute,2025-02-19,499,621,253,2025-02-26,7,contested,won,2025-03-06,6,5,5,0,0.9101833333333333,6,0,1.0,499,credit_card,0,0.0,0,,0.1960167609621694,passed,1,1,0,0,,,subscription_edtech,subscription_edtech,medium,digital_service,1,0.732002994348807,0,0,19,7.0,21.6,1
DSP000511,TXN0110170,M000203,CUS0038772,Visa,CREDIT_NOT_PROCESSED,Credit Not Processed,2025-10-31,999,474,256,2025-11-07,7,contested,lost,2025-11-21,4,4,4,0,0.6040333333333333,4,2,1.0,999,debit_card,0,0.0,0,,0.2329728748604553,passed,1,2,0,0,,,subscription_edtech,subscription_edtech,medium,digital_service,1,0.732002994348807,0,0,19,7.0,23.388194444444444,0
DSP000512,TXN0110584,M000203,CUS0039439,Visa,RECURRING_BILLING_DISPUTE,Recurring Billing Dispute,2025-03-24,4999,655,224,2025-04-14,21,contested,lost,2025-04-24,4,5,3,2,0.5749,4,2,0.6,4999,credit_card,0,0.0,0,,0.2266129058544722,passed,1,1,0,0,,,subscription_edtech,subscription_edtech,medium,digital_service,1,0.732002994348807,0,0,19,21.0,15.127083333333333,0
DSP000513,TXN0110421,M000203,CUS0038823,Mastercard,RECURRING_BILLING_DISPUTE,Recurring Billing Dispute,2025-11-29,499,675,218,2025-12-12,13,contested,lost,2026-01-04,4,5,4,1,0.5042666666666666,4,2,0.8,499,debit_card,2,1498.0,0,230.0,0.2208823808748895,passed,1,1,0,0,,,subscription_edtech,subscription_edtech,medium,digital_service,1,0.732002994348807,0,0,19,13.0,40.83958333333333,0
DSP000516,TXN0113184,M000204,CUS0040165,Mastercard,DUPLICATE_TRANSACTION,Duplicate Transaction,2025-12-22,1499,439,171,2025-12-30,8,contested,won,2026-01-11,4,2,2,0,0.5528833333333333,4,2,1.0,1499,debit_card,2,14998.0,0,67.0,0.0977475186030365,passed,1,2,0,1,,,fitness_membership,fitness_membership,medium,membership_service,1,0.5029079622302622,0,1,13,8.0,31.98125,1
DSP000518,TXN0112469,M000204,CUS0039941,RuPay,MERCHANDISE_NOT_AS_DESCRIBED,Merchandise Not As Described,2025-10-10,1499,644,287,2025-10-25,15,contested,lost,2025-10-27,5,4,4,0,0.60075,5,1,1.0,1499,debit_card,2,14998.0,0,110.0,0.1362628620548244,passed,1,1,0,1,,,fitness_membership,fitness_membership,medium,membership_service,1,0.5029079622302622,0,1,13,15.0,40.97013888888889,0
DSP000519,TXN0113246,M000204,CUS0039942,Visa,RECURRING_BILLING_DISPUTE,Recurring Billing Dispute,2025-02-04,5999,722,165,2025-02-13,9,contested,won,2025-03-14,5,5,4,1,0.5866166666666667,5,1,0.8,5999,credit_card,0,0.0,0,,0.0461612799211442,passed,0,1,0,0,,,fitness_membership,fitness_membership,medium,membership_service,1,0.5029079622302622,0,1,13,9.0,24.461805555555557,1
DSP000521,TXN0113390,M000204,CUS0040531,Mastercard,RECURRING_BILLING_DISPUTE,Recurring Billing Dispute,2025-06-27,1499,711,161,2025-07-12,15,contested,lost,2025-07-15,2,5,1,4,0.26226666666666665,2,4,0.2,1499,debit_card,0,0.0,0,,0.1745482644414994,passed,1,1,0,0,,,fitness_membership,fitness_membership,medium,membership_service,1,0.5029079622302622,0,1,13,15.0,35.31527777777778,0
DSP000522,TXN0111569,M000204,CUS0039963,Visa,RECURRING_BILLING_DISPUTE,Recurring Billing Dispute,2025-10-08,5999,667,282,2025-10-16,8,contested,lost,2025-10-23,4,5,3,2,0.44989999999999997,4,2,0.6,5999,credit_card,0,0.0,0,,0.2415645301863949,passed,1,1,1,0,,,fitness_membership,fitness_membership,medium,membership_service,1,0.5029079622302622,0,1,13,8.0,41.43333333333333,0
DSP000524,TXN0113206,M000204,,RuPay,CREDIT_NOT_PROCESSED,Credit Not Processed,2026-01-09,1499,437,154,2026-01-20,11,contested,lost,2026-02-08,3,4,2,2,0.34326666666666666,3,3,0.5,1499,credit_card,0,0.0,0,,0.1744055824439889,passed,1,2,0,0,,,fitness_membership,fitness_membership,medium,membership_service,1,0.5029079622302622,0,1,13,11.0,26.215972222222224,0
DSP000526,TXN0111199,M000204,,Mastercard,SERVICE_NOT_RENDERED,Service Not Rendered,2025-04-27,1499,402,168,2025-05-08,11,contested,won,2025-05-22,4,4,3,1,0.5772333333333334,4,2,0.75,1499,credit_card,0,0.0,0,,0.1784068327621418,passed,1,1,0,0,,,fitness_membership,fitness_membership,medium,membership_service,1,0.5029079622302622,0,1,13,11.0,20.363194444444446,1
DSP000529,TXN0115118,M000205,CUS0040939,Mastercard,RECURRING_BILLING_DISPUTE,Recurring Billing Dispute,2026-02-05,4999,501,164,2026-02-26,21,contested,won,2026-03-01,6,5,5,0,0.9295833333333333,6,0,1.0,4999,credit_card,1,9999.0,0,88.0,0.3539737405308225,passed,1,3,0,0,,,saas_tools,saas_tools,medium,digital_service,1,0.9220490402671973,0,1,67,21.0,43.39930555555556,1
DSP000531,TXN0114880,M000205,CUS0040595,Visa,UNAUTHORIZED_TRANSACTION,Unauthorized Transaction,2025-05-08,4999,410,181,2025-05-19,11,contested,lost,2025-05-24,6,4,4,0,0.9789833333333333,6,0,1.0,4999,credit_card,0,0.0,0,,0.2188592983513568,passed,1,4,0,0,,,saas_tools,saas_tools,medium,digital_service,1,0.9220490402671973,0,1,67,11.0,71.31875,0
DSP000532,TXN0115292,M000205,CUS0041204,Visa,RECURRING_BILLING_DISPUTE,Recurring Billing Dispute,2025-10-20,9999,591,171,2025-11-07,18,contested,won,2025-11-11,6,5,5,0,0.9560666666666666,6,0,1.0,9999,debit_card,0,0.0,0,,0.4541252398263257,passed,1,1,0,0,,,saas_tools,saas_tools,medium,digital_service,1,0.9220490402671973,0,1,67,18.0,65.825,1
DSP000533,TXN0115575,M000205,,RuPay,RECURRING_BILLING_DISPUTE,Recurring Billing Dispute,2025-07-30,9999,694,218,2025-08-16,17,contested,won,2025-09-06,6,5,5,0,0.9462666666666667,6,0,1.0,9999,debit_card,0,0.0,0,,0.3686510088863713,passed,1,2,0,0,,,saas_tools,saas_tools,medium,digital_service,1,0.9220490402671973,0,1,67,17.0,16.375694444444445,1
DSP000534,TXN0114024,M000205,CUS0041020,Visa,RECURRING_BILLING_DISPUTE,Recurring Billing Dispute,2025-04-12,4999,603,173,2025-04-25,13,contested,won,2025-04-26,5,5,4,1,0.7686333333333333,5,1,0.8,4999,credit_card,0,0.0,0,,0.0358770741283917,passed,1,1,0,0,,,saas_tools,saas_tools,medium,digital_service,1,0.9220490402671973,0,1,67,13.0,55.015972222222224,1
DSP000535,TXN0114698,M000205,CUS0041457,Visa,RECURRING_BILLING_DISPUTE,Recurring Billing Dispute,2025-03-31,4999,650,258,2025-04-13,13,contested,lost,2025-04-25,6,5,5,0,0.9765833333333332,6,0,1.0,4999,debit_card,1,4999.0,0,31.0,0.1982494407199991,not_applicable,0,1,0,0,,,saas_tools,saas_tools,medium,digital_service,1,0.9220490402671973,0,1,67,13.0,7.00625,0
DSP000536,TXN0116113,M000205,CUS0040729,Visa,UNAUTHORIZED_TRANSACTION,Unauthorized Transaction,2025-07-15,9999,517,153,2025-08-04,20,contested,won,2025-07-30,6,4,4,0,0.8994166666666666,6,0,1.0,9999,credit_card,0,0.0,0,,0.6443054167075385,passed,1,3,0,0,,,saas_tools,saas_tools,medium,digital_service,1,0.9220490402671973,0,1,67,20.0,33.97013888888889,1
DSP000538,TXN0115920,M000205,CUS0041092,Visa,RECURRING_BILLING_DISPUTE,Recurring Billing Dispute,2025-09-03,4999,457,188,2025-09-19,16,contested,won,2025-10-10,6,5,5,0,0.9376666666666668,6,0,1.0,4999,debit_card,1,19999.0,0,152.0,0.2437235289231591,not_applicable,1,3,0,0,,,saas_tools,saas_tools,medium,digital_service,1,0.9220490402671973,0,1,67,16.0,36.02569444444445,1
DSP000539,TXN0114028,M000205,CUS0040946,Visa,SERVICE_NOT_RENDERED,Service Not Rendered,2025-11-09,4999,685,248,2025-11-19,10,contested,lost,2025-12-14,6,4,4,0,0.9323333333333332,6,0,1.0,4999,debit_card,1,9999.0,0,46.0,0.1967662979034515,passed,0,1,0,0,,,saas_tools,saas_tools,medium,digital_service,1,0.9220490402671973,0,1,67,10.0,32.52013888888889,0
DSP000540,TXN0114740,M000205,CUS0041431,Visa,RECURRING_BILLING_DISPUTE,Recurring Billing Dispute,2025-03-14,4999,749,221,2025-04-01,18,contested,won,2025-03-28,6,5,5,0,0.9597333333333333,6,0,1.0,4999,debit_card,0,0.0,0,,0.2178848592807,passed,1,1,0,0,,,saas_tools,saas_tools,medium,digital_service,1,0.9220490402671973,0,1,67,18.0,61.772222222222226,1
DSP000541,TXN0118034,M000206,CUS0042014,RuPay,SERVICE_NOT_RENDERED,Service Not Rendered,2025-04-23,499,462,216,2025-05-10,17,contested,lost,2025-05-26,2,4,2,2,0.2764333333333333,2,4,0.5,499,credit_card,0,0.0,0,,0.3954552505337548,passed,1,1,0,0,,,subscription_edtech,subscription_edtech,medium,digital_service,1,0.6122508125703848,0,1,43,17.0,71.10347222222222,0
DSP000542,TXN0117753,M000206,,Mastercard,UNAUTHORIZED_TRANSACTION,Unauthorized Transaction,2025-09-08,14999,671,254,2025-09-28,20,contested,lost,2025-10-12,3,4,1,3,0.33768333333333334,3,3,0.25,14999,credit_card,0,0.0,0,,0.1100842741183314,passed,1,1,0,0,,,subscription_edtech,subscription_edtech,medium,digital_service,1,0.6122508125703848,0,1,43,20.0,15.720138888888888,0
DSP000543,TXN0117205,M000206,CUS0042158,Visa,RECURRING_BILLING_DISPUTE,Recurring Billing Dispute,2025-08-04,499,604,288,2025-08-20,16,contested,lost,2025-09-10,4,5,3,2,0.56555,4,2,0.6,499,debit_card,1,499.0,0,44.0,0.1612378913693264,passed,1,1,0,0,,,subscription_edtech,subscription_edtech,medium,digital_service,1,0.6122508125703848,0,1,43,16.0,10.01736111111111,0
DSP000544,TXN0116760,M000206,CUS0042349,Visa,CREDIT_NOT_PROCESSED,Credit Not Processed,2025-11-04,24999,487,164,2025-11-22,18,contested,lost,2025-12-03,4,4,2,2,0.5080666666666667,4,2,0.5,24999,credit_card,0,0.0,0,,0.4650158059019123,failed,0,1,0,0,,,subscription_edtech,subscription_edtech,medium,digital_service,1,0.6122508125703848,0,1,43,18.0,15.818055555555556,0
DSP000545,TXN0117488,M000206,CUS0041694,Mastercard,SERVICE_NOT_RENDERED,Service Not Rendered,2025-04-20,499,470,200,2025-05-01,11,contested,lost,2025-05-04,2,4,1,3,0.27418333333333333,2,4,0.25,499,credit_card,0,0.0,0,,0.4496469751250935,passed,1,1,0,1,,,subscription_edtech,subscription_edtech,medium,digital_service,1,0.6122508125703848,0,1,43,11.0,39.79097222222222,0
DSP000546,TXN0117697,M000206,CUS0042216,RuPay,RECURRING_BILLING_DISPUTE,Recurring Billing Dispute,2025-11-16,499,427,161,2025-11-25,9,contested,won,2025-12-24,5,5,4,1,0.7033833333333334,5,1,0.8,499,credit_card,1,499.0,0,209.0,0.4369248310218787,passed,1,1,0,0,,,subscription_edtech,subscription_edtech,medium,digital_service,1,0.6122508125703848,0,1,43,9.0,12.051388888888889,1
DSP000550,TXN0118488,M000206,CUS0042383,Mastercard,RECURRING_BILLING_DISPUTE,Recurring Billing Dispute,2025-02-06,499,510,163,2025-02-15,9,contested,lost,2025-03-21,2,5,2,3,0.29414999999999997,2,4,0.4,499,credit_card,0,0.0,0,,0.3110291383431121,passed,1,2,0,0,,,subscription_edtech,subscription_edtech,medium,digital_service,1,0.6122508125703848,0,1,43,9.0,13.11875,0
DSP000551,TXN0119524,M000207,CUS0043320,Mastercard,RECURRING_BILLING_DISPUTE,Recurring Billing Dispute,2025-04-14,2999,429,226,2025-05-03,19,contested,won,2025-05-10,6,5,5,0,0.9643,6,0,1.0,2999,debit_card,0,0.0,0,,0.0871372702808983,passed,0,2,0,0,,,saas_tools,saas_tools,medium,digital_service,1,0.8859491332364996,0,0,20,19.0,11.341666666666667,1
DSP000552,TXN0121474,M000207,CUS0042511,RuPay,RECURRING_BILLING_DISPUTE,Recurring Billing Dispute,2025-06-15,2999,569,271,2025-06-24,9,contested,won,2025-07-03,6,5,5,0,0.8920666666666667,6,0,1.0,2999,credit_card,3,8997.0,0,39.0,0.247261412188578,failed,1,2,0,0,,,saas_tools,saas_tools,medium,digital_service,1,0.8859491332364996,0,0,20,9.0,40.165277777777774,1
DSP000553,TXN0120055,M000207,,Visa,RECURRING_BILLING_DISPUTE,Recurring Billing Dispute,2025-02-02,2999,596,186,2025-02-10,8,contested,won,2025-03-02,6,5,5,0,0.95715,6,0,1.0,2999,credit_card,0,0.0,0,,0.2302474462466851,passed,1,1,0,0,,,saas_tools,saas_tools,medium,digital_service,1,0.8859491332364996,0,0,20,8.0,10.247222222222222,1
DSP000554,TXN0120650,M000207,,Mastercard,CREDIT_NOT_PROCESSED,Credit Not Processed,2025-08-05,9999,565,162,2025-08-21,16,contested,won,2025-08-31,6,4,4,0,0.9509166666666666,6,0,1.0,9999,credit_card,0,0.0,0,,0.3942985268497679,passed,1,2,0,0,,,saas_tools,saas_tools,medium,digital_service,1,0.8859491332364996,0,0,20,16.0,4.697916666666667,1
DSP000555,TXN0119514,M000207,CUS0042953,Visa,CREDIT_NOT_PROCESSED,Credit Not Processed,2025-03-02,2999,581,209,2025-03-19,17,contested,won,2025-04-16,6,4,4,0,0.9799000000000001,6,0,1.0,2999,credit_card,0,0.0,0,,0.133086815821126,passed,1,2,0,0,,,saas_tools,saas_tools,medium,digital_service,1,0.8859491332364996,0,0,20,17.0,13.28125,1
DSP000557,TXN0120668,M000207,CUS0042862,Visa,CREDIT_NOT_PROCESSED,Credit Not Processed,2025-10-02,9999,627,201,2025-10-11,9,contested,lost,2025-10-26,5,4,3,1,0.8166666666666668,5,1,0.75,9999,credit_card,1,9999.0,0,105.0,0.2673966556051943,passed,0,1,0,0,,,saas_tools,saas_tools,medium,digital_service,1,0.8859491332364996,0,0,20,9.0,55.96736111111111,0
DSP000558,TXN0121282,M000207,CUS0042834,RuPay,SERVICE_NOT_RENDERED,Service Not Rendered,2025-10-18,49999,508,239,2025-11-02,15,contested,lost,2025-11-24,4,4,3,1,0.6499666666666667,4,2,0.75,49999,credit_card,0,0.0,0,,0.7770204702766487,passed,1,1,0,0,,,saas_tools,saas_tools,medium,digital_service,1,0.8859491332364996,0,0,20,15.0,36.83680555555556,0
DSP000560,TXN0121024,M000207,CUS0043180,Visa,UNAUTHORIZED_TRANSACTION,Unauthorized Transaction,2025-09-25,9999,541,254,2025-10-09,14,contested,lost,2025-10-25,5,4,3,1,0.7809166666666667,5,1,0.75,9999,credit_card,2,52998.0,0,22.0,0.1023505777340481,passed,1,1,0,0,,,saas_tools,saas_tools,medium,digital_service,1,0.8859491332364996,0,0,20,14.0,63.05625,0
DSP000562,TXN0122916,M000208,CUS0043538,Visa,DUPLICATE_TRANSACTION,Duplicate Transaction,2025-11-02,945,463,288,2025-11-21,19,contested,won,2025-12-13,4,2,1,1,0.63,4,2,0.5,945,credit_card,0,0.0,0,,0.4613307441716723,passed,1,1,0,0,delivered,1.0,d2c_brand,d2c_brand,medium,physical_delivery,0,0.8906411049810379,1,1,22,19.0,44.041666666666664,1
DSP000563,TXN0123817,M000208,CUS0044244,RuPay,MERCHANDISE_NOT_RECEIVED,Merchandise Not Received,2025-06-29,1695,455,214,2025-07-12,13,contested,won,2025-07-16,6,4,4,0,0.92735,6,0,1.0,1695,credit_card,0,0.0,0,,0.3041147901193907,passed,1,5,0,0,delivered,1.0,d2c_brand,d2c_brand,medium,physical_delivery,0,0.8906411049810379,1,1,22,13.0,42.0875,1
DSP000564,TXN0122814,M000208,,Visa,DUPLICATE_TRANSACTION,Duplicate Transaction,2025-10-11,3299,564,164,2025-10-30,19,contested,won,2025-11-06,5,2,2,0,0.8166666666666668,5,1,1.0,3299,debit_card,0,0.0,0,,0.1022875705412054,passed,1,1,0,0,delivered,1.0,d2c_brand,d2c_brand,medium,physical_delivery,0,0.8906411049810379,1,1,22,19.0,24.81875,1
DSP000565,TXN0122514,M000208,CUS0043653,Mastercard,UNAUTHORIZED_TRANSACTION,Unauthorized Transaction,2025-08-18,2195,607,269,2025-09-01,14,contested,won,2025-09-26,6,4,4,0,0.9472,6,0,1.0,2195,credit_card,0,0.0,0,,0.2571866284902503,passed,1,1,0,0,delivered,1.0,d2c_brand,d2c_brand,medium,physical_delivery,0,0.8906411049810379,1,1,22,14.0,67.29722222222222,1
DSP000567,TXN0122992,M000208,,Mastercard,DUPLICATE_TRANSACTION,Duplicate Transaction,2025-08-31,439,581,221,2025-09-20,20,contested,won,2025-09-25,6,2,2,0,0.9058166666666666,6,0,1.0,439,debit_card,0,0.0,0,,0.1253103334719328,passed,0,2,0,0,delivered,1.0,d2c_brand,d2c_brand,medium,physical_delivery,0,0.8906411049810379,1,1,22,20.0,7.186805555555556,1
DSP000568,TXN0123989,M000208,,Visa,UNAUTHORIZED_TRANSACTION,Unauthorized Transaction,2025-08-31,469,462,214,2025-09-18,18,contested,lost,2025-10-15,4,4,2,2,0.6253,4,2,0.5,469,credit_card,0,0.0,0,,0.5517730408719154,passed,1,1,0,0,delivered,0.0,d2c_brand,d2c_brand,medium,physical_delivery,0,0.8906411049810379,1,1,22,18.0,66.04027777777777,0
DSP000569,TXN0122608,M000208,,Visa,UNAUTHORIZED_TRANSACTION,Unauthorized Transaction,2025-11-13,549,743,253,2025-11-28,15,contested,won,2025-12-20,6,4,4,0,0.9334166666666667,6,0,1.0,549,credit_card,0,0.0,0,,0.3817342551450047,passed,1,3,0,0,delivered,1.0,d2c_brand,d2c_brand,medium,physical_delivery,0,0.8906411049810379,1,1,22,15.0,22.990277777777777,1
DSP000571,TXN0121815,M000208,,RuPay,MERCHANDISE_NOT_RECEIVED,Merchandise Not Received,2025-05-26,4149,491,283,2025-06-03,8,contested,lost,2025-06-27,6,4,4,0,0.9067333333333334,6,0,1.0,4149,credit_card,0,0.0,0,,0.1584897066890393,passed,1,3,0,0,delivered,1.0,d2c_brand,d2c_brand,medium,physical_delivery,0,0.8906411049810379,1,1,22,8.0,36.05625,0
DSP000572,TXN0123260,M000208,,Visa,DUPLICATE_TRANSACTION,Duplicate Transaction,2025-07-10,10299,689,157,2025-07-17,7,contested,won,2025-07-26,6,2,2,0,0.9286666666666666,6,0,1.0,10299,credit_card,0,0.0,0,,0.6088038276767385,passed,1,1,0,0,delivered,1.0,d2c_brand,d2c_brand,medium,physical_delivery,0,0.8906411049810379,1,1,22,7.0,18.590972222222224,1
DSP000573,TXN0122445,M000208,,Visa,MERCHANDISE_NOT_AS_DESCRIBED,Merchandise Not As Described,2025-03-13,5299,583,267,2025-03-29,16,contested,won,2025-04-12,6,3,3,0,0.959,6,0,1.0,5299,credit_card,0,0.0,0,,0.4859886055360368,failed,1,1,0,0,delivered,1.0,d2c_brand,d2c_brand,medium,physical_delivery,0,0.8906411049810379,1,1,22,16.0,23.219444444444445,1
DSP000574,TXN0125658,M000209,CUS0044698,Visa,MERCHANDISE_NOT_RECEIVED,Merchandise Not Received,2025-09-10,3195,553,277,2025-09-22,12,contested,lost,2025-09-24,5,4,3,1,0.7708166666666667,5,1,0.75,3195,credit_card,1,1299.0,0,40.0,0.1351071398478944,passed,1,1,0,0,in_transit,0.0,d2c_brand,d2c_brand,medium,physical_delivery,0,0.7415434506703079,1,1,35,12.0,48.705555555555556,0
DSP000575,TXN0126963,M000209,CUS0044689,Visa,UNAUTHORIZED_TRANSACTION,Unauthorized Transaction,2025-11-01,945,589,219,2025-11-16,15,contested,lost,2025-12-12,4,4,3,1,0.6183333333333333,4,2,0.75,945,debit_card,0,0.0,0,,0.1101957267722872,not_applicable,1,1,0,0,delivered,1.0,d2c_brand,d2c_brand,medium,physical_delivery,0,0.7415434506703079,1,1,35,15.0,21.525,0
DSP000577,TXN0124474,M000209,,Visa,DUPLICATE_TRANSACTION,Duplicate Transaction,2025-06-26,849,705,218,2025-07-08,12,contested,won,2025-08-07,4,2,1,1,0.5953499999999999,4,2,0.5,849,debit_card,0,0.0,0,,0.4489087371943737,passed,0,1,0,0,in_transit,0.0,d2c_brand,d2c_brand,medium,physical_delivery,0,0.7415434506703079,1,1,35,12.0,66.21944444444445,1
DSP000578,TXN0124846,M000209,CUS0045008,RuPay,MERCHANDISE_NOT_AS_DESCRIBED,Merchandise Not As Described,2025-12-13,2249,469,193,2026-01-01,19,contested,won,2025-12-31,5,3,3,0,0.73415,5,1,1.0,2249,credit_card,0,0.0,0,,0.2761013037163417,passed,1,1,0,0,in_transit,0.0,d2c_brand,d2c_brand,medium,physical_delivery,0,0.7415434506703079,1,1,35,19.0,37.41388888888889,1
DSP000579,TXN0125601,M000209,CUS0044516,Mastercard,MERCHANDISE_NOT_RECEIVED,Merchandise Not Received,2025-06-26,2649,426,190,2025-07-14,18,contested,won,2025-07-30,6,4,4,0,0.8290500000000001,6,0,1.0,2649,debit_card,1,2399.0,0,20.0,0.7510688926768944,passed,0,3,0,0,delivered,1.0,d2c_brand,d2c_brand,medium,physical_delivery,0,0.7415434506703079,1,1,35,18.0,40.236111111111114,1
DSP000580,TXN0128151,M000210,CUS0045955,Visa,RECURRING_BILLING_DISPUTE,Recurring Billing Dispute,2025-05-22,1499,485,242,2025-06-03,12,contested,won,2025-06-15,6,5,5,0,0.8747333333333334,6,0,1.0,1499,debit_card,1,24999.0,0,57.0,0.2186799731403472,passed,1,3,0,0,,,subscription_edtech,subscription_edtech,medium,digital_service,1,0.7633696815258392,0,1,117,12.0,18.430555555555557,1
DSP000584,TXN0128137,M000210,,Visa,RECURRING_BILLING_DISPUTE,Recurring Billing Dispute,2025-09-25,499,709,188,2025-10-13,18,contested,lost,2025-10-11,5,5,4,1,0.7404999999999999,5,1,0.8,499,credit_card,0,0.0,0,,0.1248514427925215,passed,1,3,0,0,,,subscription_edtech,subscription_edtech,medium,digital_service,1,0.7633696815258392,0,1,117,18.0,74.30208333333333,0
DSP000585,TXN0128561,M000210,CUS0045448,RuPay,RECURRING_BILLING_DISPUTE,Recurring Billing Dispute,2025-07-14,1499,576,231,2025-07-27,13,contested,won,2025-08-21,5,5,4,1,0.8166666666666668,5,1,0.8,1499,debit_card,0,0.0,0,,0.2909912423093366,passed,1,1,0,1,,,subscription_edtech,subscription_edtech,medium,digital_service,1,0.7633696815258392,0,1,117,13.0,27.110416666666666,1
DSP000587,TXN0129313,M000210,,RuPay,RECURRING_BILLING_DISPUTE,Recurring Billing Dispute,2025-04-27,499,589,249,2025-05-13,16,contested,lost,2025-06-01,3,5,3,2,0.35864999999999997,3,3,0.6,499,credit_card,0,0.0,0,,0.2528967783613896,not_applicable,1,1,0,0,,,subscription_edtech,subscription_edtech,medium,digital_service,1,0.7633696815258392,0,1,117,16.0,30.89375,0
DSP000588,TXN0129150,M000210,CUS0045442,Mastercard,CREDIT_NOT_PROCESSED,Credit Not Processed,2025-04-07,499,666,203,2025-04-22,15,contested,lost,2025-05-14,3,4,3,1,0.42851666666666666,3,3,0.75,499,debit_card,0,0.0,0,,0.3327865360610736,passed,1,1,1,0,,,subscription_edtech,subscription_edtech,medium,digital_service,1,0.7633696815258392,0,1,117,15.0,60.87847222222222,0
DSP000589,TXN0129147,M000210,CUS0046083,Visa,SERVICE_NOT_RENDERED,Service Not Rendered,2025-08-16,24999,718,257,2025-09-04,19,contested,won,2025-09-03,4,4,4,0,0.596,4,2,1.0,24999,credit_card,0,0.0,0,,0.3672162110392921,passed,1,1,0,0,,,subscription_edtech,subscription_edtech,medium,digital_service,1,0.7633696815258392,0,1,117,19.0,25.415972222222223,1
DSP000590,TXN0128454,M000210,CUS0045462,Visa,MERCHANDISE_NOT_AS_DESCRIBED,Merchandise Not As Described,2025-09-10,499,428,166,2025-09-17,7,contested,won,2025-10-09,6,4,4,0,0.9150333333333333,6,0,1.0,499,credit_card,2,998.0,0,53.0,0.1256297730419923,passed,1,1,0,0,,,subscription_edtech,subscription_edtech,medium,digital_service,1,0.7633696815258392,0,1,117,7.0,58.25208333333333,1
DSP000591,TXN0127311,M000210,,Visa,DUPLICATE_TRANSACTION,Duplicate Transaction,2025-11-26,24999,421,206,2025-12-06,10,contested,won,2025-12-28,6,2,2,0,0.8333499999999999,6,0,1.0,24999,credit_card,0,0.0,0,,0.3780997485102508,passed,1,2,0,0,,,subscription_edtech,subscription_edtech,medium,digital_service,1,0.7633696815258392,0,1,117,10.0,74.18611111111112,1
DSP000592,TXN0129129,M000210,CUS0045828,Visa,RECURRING_BILLING_DISPUTE,Recurring Billing Dispute,2025-02-24,499,544,299,2025-03-07,11,contested,won,2025-04-05,6,5,5,0,0.95565,6,0,1.0,499,debit_card,0,0.0,0,,0.6542793870336474,passed,1,3,0,0,,,subscription_edtech,subscription_edtech,medium,digital_service,1,0.7633696815258392,0,1,117,11.0,7.8909722222222225,1
DSP000593,TXN0128530,M000210,CUS0045424,Visa,CREDIT_NOT_PROCESSED,Credit Not Processed,2025-05-17,499,589,241,2025-06-07,21,contested,won,2025-06-10,6,4,4,0,0.8711833333333333,6,0,1.0,499,credit_card,2,25498.0,0,32.0,0.0816928594643367,passed,1,1,0,0,,,subscription_edtech,subscription_edtech,medium,digital_service,1,0.7633696815258392,0,1,117,21.0,46.28402777777778,1
DSP000595,TXN0130552,M000211,CUS0046375,Mastercard,RECURRING_BILLING_DISPUTE,Recurring Billing Dispute,2025-08-29,19999,468,256,2025-09-13,15,contested,lost,2025-10-11,5,5,4,1,0.7585999999999999,5,1,0.8,19999,debit_card,0,0.0,0,,0.209517854266081,passed,1,2,0,0,,,saas_tools,saas_tools,medium,digital_service,1,0.8174477889230682,0,0,23,15.0,30.065277777777776,0
DSP000596,TXN0132279,M000211,CUS0046840,Mastercard,DUPLICATE_TRANSACTION,Duplicate Transaction,2026-02-03,399,521,300,2026-02-19,16,contested,won,2026-02-20,6,2,2,0,0.92535,6,0,1.0,399,debit_card,1,399.0,0,155.0,0.1238895496843937,passed,1,1,0,0,,,saas_tools,saas_tools,medium,digital_service,1,0.8174477889230682,0,0,23,16.0,44.45763888888889,1
DSP000598,TXN0130779,M000211,CUS0047261,Visa,RECURRING_BILLING_DISPUTE,Recurring Billing Dispute,2025-07-20,399,411,296,2025-08-07,18,contested,won,2025-08-22,5,5,4,1,0.77555,5,1,0.8,399,credit_card,2,20398.0,0,10.0,0.2516922116530053,failed,1,1,0,1,,,saas_tools,saas_tools,medium,digital_service,1,0.8174477889230682,0,0,23,18.0,6.194444444444445,1
DSP000600,TXN0130664,M000211,,RuPay,RECURRING_BILLING_DISPUTE,Recurring Billing Dispute,2025-09-15,9999,526,160,2025-10-06,21,contested,lost,2025-10-27,5,5,4,1,0.7794333333333333,5,1,0.8,9999,credit_card,0,0.0,0,,0.115158834420495,failed,1,1,0,0,,,saas_tools,saas_tools,medium,digital_service,1,0.8174477889230682,0,0,23,21.0,63.47152777777778,0
DSP000601,TXN0131312,M000211,CUS0047208,Visa,UNAUTHORIZED_TRANSACTION,Unauthorized Transaction,2026-01-20,399,412,154,2026-02-06,17,contested,won,2026-02-23,6,4,4,0,0.9505666666666667,6,0,1.0,399,debit_card,5,21595.0,0,17.0,0.3342790784516278,passed,1,1,0,0,,,saas_tools,saas_tools,medium,digital_service,1,0.8174477889230682,0,0,23,17.0,63.25833333333333,1
DSP000602,TXN0131643,M000211,CUS0047114,Visa,UNAUTHORIZED_TRANSACTION,Unauthorized Transaction,2025-10-22,4999,400,281,2025-10-30,8,contested,lost,2025-11-06,5,4,3,1,0.8166666666666668,5,1,0.75,4999,debit_card,0,0.0,0,,0.1852955039946657,passed,1,4,0,0,,,saas_tools,saas_tools,medium,digital_service,1,0.8174477889230682,0,0,23,8.0,17.12361111111111,0
DSP000603,TXN0129794,M000211,,Mastercard,RECURRING_BILLING_DISPUTE,Recurring Billing Dispute,2026-02-05,4999,433,212,2026-02-23,18,contested,won,2026-03-18,6,5,5,0,0.8781333333333333,6,0,1.0,4999,debit_card,0,0.0,0,,0.3845099465632383,failed,1,1,0,0,,,saas_tools,saas_tools,medium,digital_service,1,0.8174477889230682,0,0,23,18.0,63.69305555555555,1
DSP000606,TXN0132583,M000212,CUS0048216,Visa,SERVICE_NOT_RENDERED,Service Not Rendered,2025-09-09,999,671,281,2025-09-25,16,contested,lost,2025-10-12,3,4,2,2,0.36651666666666666,3,3,0.5,999,credit_card,2,4998.0,0,173.0,0.5612496108776406,passed,1,1,0,0,,,fitness_membership,fitness_membership,medium,membership_service,1,0.4600213379393868,0,0,12,16.0,43.75347222222222,0
DSP000607,TXN0133558,M000212,CUS0047595,RuPay,UNAUTHORIZED_TRANSACTION,Unauthorized Transaction,2025-08-22,999,550,244,2025-09-10,19,contested,lost,2025-09-19,3,4,3,1,0.3467166666666666,3,3,0.75,999,credit_card,2,1998.0,0,194.0,0.1512684335095896,passed,1,1,0,0,,,fitness_membership,fitness_membership,medium,membership_service,1,0.4600213379393868,0,0,12,19.0,26.929861111111112,0
DSP000608,TXN0133186,M000212,CUS0047453,Mastercard,RECURRING_BILLING_DISPUTE,Recurring Billing Dispute,2025-11-19,999,565,227,2025-12-06,17,contested,lost,2025-12-03,2,5,2,3,0.24288333333333334,2,4,0.4,999,credit_card,1,8999.0,0,92.0,0.056135530783466,passed,1,1,0,0,,,fitness_membership,fitness_membership,medium,membership_service,1,0.4600213379393868,0,0,12,17.0,36.78402777777778,0
DSP000609,TXN0133281,M000212,CUS0048036,Mastercard,SERVICE_NOT_RENDERED,Service Not Rendered,2025-09-02,999,442,190,2025-09-12,10,contested,lost,2025-10-03,4,4,2,2,0.5622333333333334,4,2,0.5,999,debit_card,0,0.0,0,,0.3025339379289201,passed,1,1,0,0,,,fitness_membership,fitness_membership,medium,membership_service,1,0.4600213379393868,0,0,12,10.0,64.36111111111111,0
DSP000610,TXN0133659,M000212,CUS0047994,Visa,RECURRING_BILLING_DISPUTE,Recurring Billing Dispute,2025-08-06,8999,422,192,2025-08-22,16,contested,won,2025-08-25,4,5,4,1,0.54145,4,2,0.8,8999,credit_card,2,4998.0,0,91.0,0.2717767615417104,passed,1,1,0,0,,,fitness_membership,fitness_membership,medium,membership_service,1,0.4600213379393868,0,0,12,16.0,13.746527777777779,1
DSP000612,TXN0133019,M000212,CUS0047571,Mastercard,RECURRING_BILLING_DISPUTE,Recurring Billing Dispute,2025-10-23,2499,717,222,2025-11-12,20,contested,lost,2025-11-11,2,5,2,3,0.24803333333333333,2,4,0.4,2499,debit_card,2,9998.0,0,61.0,0.2538288212147717,not_applicable,1,3,0,0,,,fitness_membership,fitness_membership,medium,membership_service,1,0.4600213379393868,0,0,12,20.0,45.109027777777776,0
DSP000614,TXN0134429,M000212,CUS0047841,Mastercard,RECURRING_BILLING_DISPUTE,Recurring Billing Dispute,2025-12-01,2499,549,201,2025-12-08,7,contested,lost,2025-12-23,2,5,2,3,0.23034999999999997,2,4,0.4,2499,debit_card,3,13997.0,0,20.0,0.4252659101921006,passed,0,2,0,0,,,fitness_membership,fitness_membership,medium,membership_service,1,0.4600213379393868,0,0,12,7.0,70.38125,0
DSP000615,TXN0136002,M000213,CUS0048340,RuPay,SERVICE_NOT_RENDERED,Service Not Rendered,2025-04-03,8999,563,263,2025-04-21,18,contested,lost,2025-05-18,1,4,0,4,0.10335,1,5,0.0,8999,debit_card,0,0.0,0,,0.4081601718308666,passed,1,1,0,0,,,fitness_membership,fitness_membership,medium,membership_service,1,0.4923909222161086,0,0,6,18.0,72.53819444444444,0
DSP000616,TXN0136910,M000213,CUS0048937,Visa,RECURRING_BILLING_DISPUTE,Recurring Billing Dispute,2025-03-21,24999,464,173,2025-04-10,20,contested,lost,2025-04-26,6,5,5,0,0.7677333333333333,6,0,1.0,24999,credit_card,0,0.0,0,,0.5222387463314552,passed,1,3,0,0,,,fitness_membership,fitness_membership,medium,membership_service,1,0.4923909222161086,0,0,6,20.0,17.670833333333334,0
DSP000617,TXN0135627,M000213,,RuPay,UNAUTHORIZED_TRANSACTION,Unauthorized Transaction,2026-01-30,8999,416,266,2026-02-13,14,contested,lost,2026-03-11,6,4,4,0,0.7235,6,0,1.0,8999,credit_card,0,0.0,0,,0.2568821249452441,failed,1,2,0,0,,,fitness_membership,fitness_membership,medium,membership_service,1,0.4923909222161086,0,0,6,14.0,36.64791666666667,0
DSP000618,TXN0137665,M000213,,Visa,SERVICE_NOT_RENDERED,Service Not Rendered,2025-10-28,3999,738,157,2025-11-07,10,contested,won,2025-12-05,2,4,2,2,0.25761666666666666,2,4,0.5,3999,debit_card,0,0.0,0,,0.2829689880356354,passed,0,1,0,0,,,fitness_membership,fitness_membership,medium,membership_service,1,0.4923909222161086,0,0,6,10.0,51.014583333333334,1
DSP000622,TXN0136410,M000213,,Mastercard,RECURRING_BILLING_DISPUTE,Recurring Billing Dispute,2026-01-27,3999,576,213,2026-02-04,8,contested,lost,2026-03-03,3,5,3,2,0.4353833333333334,3,3,0.6,3999,credit_card,0,0.0,0,,0.1671378515520966,passed,0,1,0,0,,,fitness_membership,fitness_membership,medium,membership_service,1,0.4923909222161086,0,0,6,8.0,26.544444444444444,0
DSP000623,TXN0135559,M000213,,Visa,CREDIT_NOT_PROCESSED,Credit Not Processed,2025-04-09,3999,702,249,2025-04-21,12,contested,lost,2025-05-23,5,4,3,1,0.5871666666666666,5,1,0.75,3999,credit_card,0,0.0,0,,0.0779249326120024,passed,1,1,0,0,,,fitness_membership,fitness_membership,medium,membership_service,1,0.4923909222161086,0,0,6,12.0,53.13194444444444,0
DSP000626,TXN0135617,M000213,,Mastercard,SERVICE_NOT_RENDERED,Service Not Rendered,2025-07-02,3999,491,252,2025-07-22,20,contested,lost,2025-07-22,2,4,2,2,0.2495333333333333,2,4,0.5,3999,credit_card,0,0.0,0,,0.3770773535296737,passed,1,1,0,0,,,fitness_membership,fitness_membership,medium,membership_service,1,0.4923909222161086,0,0,6,20.0,34.114583333333336,0
DSP000627,TXN0137041,M000213,,Visa,SERVICE_NOT_RENDERED,Service Not Rendered,2025-11-08,24999,548,211,2025-11-18,10,contested,lost,2025-12-04,4,4,3,1,0.42216666666666675,4,2,0.75,24999,debit_card,0,0.0,0,,0.5941261198747971,passed,1,1,0,0,,,fitness_membership,fitness_membership,medium,membership_service,1,0.4923909222161086,0,0,6,10.0,48.50347222222222,0
DSP000630,TXN0139065,M000214,CUS0049674,Mastercard,CREDIT_NOT_PROCESSED,Credit Not Processed,2025-07-02,2999,573,167,2025-07-19,17,contested,lost,2025-07-21,2,4,1,3,0.27623333333333333,2,4,0.25,2999,credit_card,1,1499.0,0,117.0,0.7117299186202812,passed,0,3,0,0,,,subscription_edtech,subscription_edtech,medium,digital_service,1,0.5924126213080311,0,1,96,17.0,39.298611111111114,0
DSP000632,TXN0137974,M000214,CUS0049928,Visa,CREDIT_NOT_PROCESSED,Credit Not Processed,2025-06-04,1499,577,207,2025-06-13,9,contested,won,2025-06-18,4,4,2,2,0.5026333333333334,4,2,0.5,1499,credit_card,1,1499.0,0,23.0,0.7149117602103655,passed,1,1,0,0,,,subscription_edtech,subscription_edtech,medium,digital_service,1,0.5924126213080311,0,1,96,9.0,53.86944444444445,1
DSP000633,TXN0138181,M000214,CUS0049263,Visa,RECURRING_BILLING_DISPUTE,Recurring Billing Dispute,2026-03-08,2999,521,223,2026-03-17,9,contested,lost,2026-04-10,2,5,2,3,0.24005,2,4,0.4,2999,debit_card,1,1499.0,0,325.0,0.1408004506951014,passed,1,1,0,0,,,subscription_edtech,subscription_edtech,medium,digital_service,1,0.5924126213080311,0,1,96,9.0,66.89583333333333,0
DSP000634,TXN0139773,M000214,CUS0049995,Mastercard,UNAUTHORIZED_TRANSACTION,Unauthorized Transaction,2025-12-23,2999,589,166,2026-01-07,15,contested,lost,2026-01-12,4,4,3,1,0.5521166666666667,4,2,0.75,2999,debit_card,3,17997.0,0,154.0,0.4770048382194687,passed,1,1,0,0,,,subscription_edtech,subscription_edtech,medium,digital_service,1,0.5924126213080311,0,1,96,15.0,34.05,0
DSP000635,TXN0138849,M000214,,Mastercard,UNAUTHORIZED_TRANSACTION,Unauthorized Transaction,2025-07-01,1499,495,188,2025-07-13,12,contested,lost,2025-07-21,3,4,2,2,0.40986666666666666,3,3,0.5,1499,debit_card,0,0.0,0,,0.1133468571083382,passed,1,2,0,0,,,subscription_edtech,subscription_edtech,medium,digital_service,1,0.5924126213080311,0,1,96,12.0,58.302083333333336,0
DSP000636,TXN0138008,M000214,CUS0049821,Visa,SERVICE_NOT_RENDERED,Service Not Rendered,2025-12-14,1499,487,175,2025-12-28,14,contested,won,2026-01-08,5,4,3,1,0.66725,5,1,0.75,1499,credit_card,1,2999.0,0,68.0,0.4102197490294819,passed,1,1,0,1,,,subscription_edtech,subscription_edtech,medium,digital_service,1,0.5924126213080311,0,1,96,14.0,21.891666666666666,1
DSP000637,TXN0137995,M000214,CUS0049258,Visa,CREDIT_NOT_PROCESSED,Credit Not Processed,2025-07-06,2999,693,280,2025-07-23,17,contested,lost,2025-08-03,4,4,2,2,0.5522166666666667,4,2,0.5,2999,credit_card,1,14999.0,0,52.0,0.2607366714894269,passed,1,1,0,0,,,subscription_edtech,subscription_edtech,medium,digital_service,1,0.5924126213080311,0,1,96,17.0,37.388194444444444,0
DSP000638,TXN0138317,M000214,,Visa,SERVICE_NOT_RENDERED,Service Not Rendered,2026-01-01,2999,448,178,2026-01-17,16,contested,won,2026-02-01,3,4,3,1,0.4077333333333333,3,3,0.75,2999,debit_card,0,0.0,0,,0.0698446601356697,passed,1,1,0,0,,,subscription_edtech,subscription_edtech,medium,digital_service,1,0.5924126213080311,0,1,96,16.0,25.695138888888888,1
DSP000639,TXN0140519,M000215,CUS0050640,Visa,UNAUTHORIZED_TRANSACTION,Unauthorized Transaction,2025-03-13,1499,455,249,2025-03-23,10,contested,lost,2025-04-06,2,4,1,3,0.2600166666666666,2,4,0.25,1499,credit_card,0,0.0,0,,0.3753305373612038,failed,1,1,0,0,,,fitness_membership,fitness_membership,medium,membership_service,1,0.6343704900309991,0,1,74,10.0,20.08125,0
DSP000640,TXN0141908,M000215,CUS0050193,RuPay,SERVICE_NOT_RENDERED,Service Not Rendered,2025-04-07,1499,718,236,2025-04-23,16,contested,lost,2025-05-03,4,4,2,2,0.5163166666666666,4,2,0.5,1499,credit_card,1,1499.0,0,39.0,0.3533599957829892,passed,1,1,0,0,,,fitness_membership,fitness_membership,medium,membership_service,1,0.6343704900309991,0,1,74,16.0,15.34375,0
DSP000641,TXN0142499,M000215,,RuPay,RECURRING_BILLING_DISPUTE,Recurring Billing Dispute,2025-07-28,24999,505,204,2025-08-12,15,contested,lost,2025-08-13,3,5,3,2,0.4697166666666666,3,3,0.6,24999,debit_card,0,0.0,0,,0.0268033113995943,passed,0,1,0,0,,,fitness_membership,fitness_membership,medium,membership_service,1,0.6343704900309991,0,1,74,15.0,63.388888888888886,0
DSP000642,TXN0142451,M000215,CUS0050823,RuPay,RECURRING_BILLING_DISPUTE,Recurring Billing Dispute,2026-01-03,8999,717,154,2026-01-18,15,contested,lost,2026-01-27,4,5,3,2,0.5337333333333333,4,2,0.6,8999,credit_card,2,2998.0,0,218.0,0.3789972742274047,passed,1,1,0,0,,,fitness_membership,fitness_membership,medium,membership_service,1,0.6343704900309991,0,1,74,15.0,64.26736111111111,0
DSP000643,TXN0142661,M000215,CUS0050402,RuPay,UNAUTHORIZED_TRANSACTION,Unauthorized Transaction,2025-06-08,1499,463,253,2025-06-18,10,contested,won,2025-07-22,5,4,4,0,0.6904,5,1,1.0,1499,credit_card,1,24999.0,0,69.0,0.7081047712399854,passed,1,2,0,0,,,fitness_membership,fitness_membership,medium,membership_service,1,0.6343704900309991,0,1,74,10.0,26.900694444444444,1
DSP000644,TXN0141635,M000215,CUS0050255,Mastercard,RECURRING_BILLING_DISPUTE,Recurring Billing Dispute,2025-06-13,8999,484,203,2025-06-29,16,contested,lost,2025-07-28,2,5,1,4,0.23296666666666666,2,4,0.2,8999,credit_card,0,0.0,0,,0.1100832009693977,passed,1,1,0,0,,,fitness_membership,fitness_membership,medium,membership_service,1,0.6343704900309991,0,1,74,16.0,55.702083333333334,0
DSP000646,TXN0141053,M000215,CUS0050203,Visa,RECURRING_BILLING_DISPUTE,Recurring Billing Dispute,2025-03-31,1499,694,275,2025-04-08,8,contested,lost,2025-05-13,3,5,3,2,0.4217666666666666,3,3,0.6,1499,credit_card,1,1499.0,0,38.0,0.0206143326735525,passed,1,1,0,0,,,fitness_membership,fitness_membership,medium,membership_service,1,0.6343704900309991,0,1,74,8.0,37.800694444444446,0
DSP000647,TXN0140854,M000215,CUS0050910,Visa,RECURRING_BILLING_DISPUTE,Recurring Billing Dispute,2025-05-25,2499,527,155,2025-06-02,8,contested,lost,2025-06-11,3,5,2,3,0.41733333333333333,3,3,0.4,2499,credit_card,1,1499.0,0,5.0,0.3697440074352751,passed,0,2,0,0,,,fitness_membership,fitness_membership,medium,membership_service,1,0.6343704900309991,0,1,74,8.0,6.010416666666667,0
DSP000649,TXN0143469,M000216,CUS0051675,Mastercard,SERVICE_NOT_RENDERED,Service Not Rendered,2025-06-08,999,487,222,2025-06-15,7,contested,won,2025-06-25,3,4,3,1,0.36143333333333333,3,3,0.75,999,debit_card,0,0.0,0,,0.1460152090991459,passed,1,3,1,0,,,fitness_membership,fitness_membership,medium,membership_service,1,0.5185427285509913,0,0,119,7.0,31.31111111111111,1
DSP000650,TXN0143950,M000216,,Visa,RECURRING_BILLING_DISPUTE,Recurring Billing Dispute,2025-11-22,1499,536,245,2025-12-11,19,contested,lost,2025-12-18,2,5,2,3,0.29558333333333336,2,4,0.4,1499,credit_card,0,0.0,0,,0.4884755111634196,passed,0,1,0,0,,,fitness_membership,fitness_membership,medium,membership_service,1,0.5185427285509913,0,0,119,19.0,10.491666666666667,0
DSP000652,TXN0144409,M000216,CUS0051188,Mastercard,MERCHANDISE_NOT_AS_DESCRIBED,Merchandise Not As Described,2025-05-12,2499,493,275,2025-05-23,11,contested,lost,2025-06-08,3,4,2,2,0.33571666666666666,3,3,0.5,2499,debit_card,0,0.0,0,,0.3150945795881686,passed,1,1,0,0,,,fitness_membership,fitness_membership,medium,membership_service,1,0.5185427285509913,0,0,119,11.0,52.84722222222222,0
DSP000653,TXN0143494,M000216,,Visa,SERVICE_NOT_RENDERED,Service Not Rendered,2025-04-12,999,686,202,2025-04-26,14,contested,won,2025-05-01,5,4,4,0,0.7362666666666667,5,1,1.0,999,debit_card,0,0.0,0,,0.3884666610659998,failed,1,3,0,0,,,fitness_membership,fitness_membership,medium,membership_service,1,0.5185427285509913,0,0,119,14.0,57.84930555555555,1
DSP000654,TXN0145398,M000216,CUS0051615,RuPay,RECURRING_BILLING_DISPUTE,Recurring Billing Dispute,2025-06-12,1499,628,184,2025-07-02,20,contested,lost,2025-07-23,4,5,3,2,0.5471666666666667,4,2,0.6,1499,credit_card,1,999.0,0,125.0,0.2805706600294191,passed,1,4,0,0,,,fitness_membership,fitness_membership,medium,membership_service,1,0.5185427285509913,0,0,119,20.0,23.85763888888889,0
DSP000655,TXN0143552,M000216,,Visa,MERCHANDISE_NOT_AS_DESCRIBED,Merchandise Not As Described,2026-01-04,1499,539,220,2026-01-13,9,contested,lost,2026-01-30,2,4,1,3,0.24781666666666666,2,4,0.25,1499,credit_card,0,0.0,0,,0.1603302401392883,passed,1,4,0,0,,,fitness_membership,fitness_membership,medium,membership_service,1,0.5185427285509913,0,0,119,9.0,8.014583333333333,0
DSP000657,TXN0143333,M000216,CUS0051700,Visa,RECURRING_BILLING_DISPUTE,Recurring Billing Dispute,2025-04-22,999,580,278,2025-04-29,7,contested,lost,2025-05-12,4,5,3,2,0.5127166666666666,4,2,0.6,999,debit_card,0,0.0,0,,0.1083816746886391,passed,1,1,0,0,,,fitness_membership,fitness_membership,medium,membership_service,1,0.5185427285509913,0,0,119,7.0,44.22152777777778,0
DSP000658,TXN0144247,M000216,CUS0051404,Visa,SERVICE_NOT_RENDERED,Service Not Rendered,2025-06-18,999,411,203,2025-07-02,14,contested,won,2025-07-18,5,4,3,1,0.6424166666666666,5,1,0.75,999,credit_card,2,1998.0,0,29.0,0.1921455056229593,passed,1,1,0,0,,,fitness_membership,fitness_membership,medium,membership_service,1,0.5185427285509913,0,0,119,14.0,8.930555555555555,1
DSP000659,TXN0143390,M000216,CUS0051535,Mastercard,CREDIT_NOT_PROCESSED,Credit Not Processed,2026-01-29,2499,647,258,2026-02-10,12,contested,lost,2026-02-12,2,4,1,3,0.29963333333333336,2,4,0.25,2499,credit_card,1,999.0,0,272.0,0.4002120129823826,passed,1,1,0,0,,,fitness_membership,fitness_membership,medium,membership_service,1,0.5185427285509913,0,0,119,12.0,41.861111111111114,0
DSP000661,TXN0147335,M000217,CUS0052195,RuPay,RECURRING_BILLING_DISPUTE,Recurring Billing Dispute,2025-11-18,9999,488,240,2025-12-05,17,contested,lost,2025-12-06,6,5,5,0,0.9541666666666666,6,0,1.0,9999,credit_card,2,5998.0,0,99.0,0.2906876157193233,passed,0,2,0,0,,,saas_tools,saas_tools,medium,digital_service,1,0.9299237237845734,0,0,40,17.0,73.44513888888889,0
DSP000662,TXN0147703,M000217,CUS0052083,Mastercard,RECURRING_BILLING_DISPUTE,Recurring Billing Dispute,2026-01-18,2999,713,160,2026-01-29,11,contested,won,2026-03-02,6,5,5,0,0.9321,6,0,1.0,2999,debit_card,1,4999.0,0,151.0,0.0967998426588297,passed,1,1,0,0,,,saas_tools,saas_tools,medium,digital_service,1,0.9299237237845734,0,0,40,11.0,29.44375,1
DSP000663,TXN0147571,M000217,,Mastercard,RECURRING_BILLING_DISPUTE,Recurring Billing Dispute,2025-09-07,2999,463,196,2025-09-21,14,contested,won,2025-10-15,6,5,5,0,0.9767333333333333,6,0,1.0,2999,debit_card,0,0.0,0,,0.6120400164866995,passed,1,2,0,0,,,saas_tools,saas_tools,medium,digital_service,1,0.9299237237845734,0,0,40,14.0,33.12777777777778,1
DSP000665,TXN0146110,M000217,CUS0052821,RuPay,RECURRING_BILLING_DISPUTE,Recurring Billing Dispute,2025-05-23,4999,541,233,2025-05-30,7,contested,won,2025-06-21,6,5,5,0,0.9279833333333333,6,0,1.0,4999,debit_card,3,10997.0,0,48.0,0.3475425959820593,passed,1,1,0,0,,,saas_tools,saas_tools,medium,digital_service,1,0.9299237237845734,0,0,40,7.0,18.82638888888889,1
DSP000666,TXN0145908,M000217,CUS0052982,RuPay,RECURRING_BILLING_DISPUTE,Recurring Billing Dispute,2025-07-02,2999,449,206,2025-07-13,11,contested,lost,2025-08-16,6,5,5,0,0.9640333333333334,6,0,1.0,2999,credit_card,0,0.0,0,,0.4444572826337461,passed,1,1,0,0,,,saas_tools,saas_tools,medium,digital_service,1,0.9299237237845734,0,0,40,11.0,29.969444444444445,0
DSP000667,TXN0147794,M000217,CUS0052177,Visa,RECURRING_BILLING_DISPUTE,Recurring Billing Dispute,2025-10-03,2999,710,206,2025-10-19,16,contested,lost,2025-10-18,5,5,4,1,0.7958,5,1,0.8,2999,debit_card,2,7998.0,0,187.0,0.136913714803452,passed,1,1,0,0,,,saas_tools,saas_tools,medium,digital_service,1,0.9299237237845734,0,0,40,16.0,57.40833333333333,0
DSP000668,TXN0148405,M000217,CUS0052409,Visa,RECURRING_BILLING_DISPUTE,Recurring Billing Dispute,2025-05-12,2999,462,219,2025-05-31,19,contested,lost,2025-06-04,4,5,3,2,0.62885,4,2,0.6,2999,debit_card,1,2999.0,0,30.0,0.3872354269616102,passed,1,1,0,0,,,saas_tools,saas_tools,medium,digital_service,1,0.9299237237845734,0,0,40,19.0,52.00763888888889,0
DSP000669,TXN0146313,M000217,CUS0052970,Mastercard,RECURRING_BILLING_DISPUTE,Recurring Billing Dispute,2025-07-11,9999,710,211,2025-07-24,13,contested,won,2025-08-02,6,5,5,0,0.9765666666666667,6,0,1.0,9999,debit_card,1,2999.0,0,118.0,0.5384662711098316,passed,1,1,0,0,,,saas_tools,saas_tools,medium,digital_service,1,0.9299237237845734,0,0,40,13.0,25.754166666666666,1
DSP000670,TXN0147881,M000217,,Mastercard,CREDIT_NOT_PROCESSED,Credit Not Processed,2025-08-20,4999,495,276,2025-09-10,21,contested,lost,2025-09-29,5,4,3,1,0.7939333333333334,5,1,0.75,4999,debit_card,0,0.0,0,,0.6569424546312012,passed,1,1,0,0,,,saas_tools,saas_tools,medium,digital_service,1,0.9299237237845734,0,0,40,21.0,31.28611111111111,0
DSP000671,TXN0148043,M000217,CUS0052604,Visa,UNAUTHORIZED_TRANSACTION,Unauthorized Transaction,2025-07-27,4999,630,238,2025-08-17,21,contested,won,2025-08-19,6,4,4,0,0.9333833333333333,6,0,1.0,4999,debit_card,2,7998.0,0,146.0,0.1578555951938981,passed,0,1,0,0,,,saas_tools,saas_tools,medium,digital_service,1,0.9299237237845734,0,0,40,21.0,15.211805555555555,1
DSP000672,TXN0150726,M000218,CUS0053530,Visa,RECURRING_BILLING_DISPUTE,Recurring Billing Dispute,2025-12-04,14999,530,288,2025-12-18,14,contested,lost,2025-12-22,3,5,2,3,0.44526666666666664,3,3,0.4,14999,credit_card,1,14999.0,0,135.0,0.2870440803736414,failed,1,1,0,0,,,fitness_membership,fitness_membership,medium,membership_service,1,0.5977021425373258,0,0,73,14.0,57.59375,0
DSP000673,TXN0150470,M000218,CUS0053144,Visa,MERCHANDISE_NOT_AS_DESCRIBED,Merchandise Not As Described,2025-06-30,14999,513,221,2025-07-11,11,contested,lost,2025-07-16,3,4,3,1,0.34484999999999993,3,3,0.75,14999,debit_card,3,32497.0,0,39.0,0.1288604988298829,passed,1,1,0,0,,,fitness_membership,fitness_membership,medium,membership_service,1,0.5977021425373258,0,0,73,11.0,38.91111111111111,0
DSP000674,TXN0150834,M000218,CUS0053892,RuPay,RECURRING_BILLING_DISPUTE,Recurring Billing Dispute,2025-03-05,2499,727,254,2025-03-19,14,contested,lost,2025-04-01,3,5,3,2,0.4583,3,3,0.6,2499,credit_card,0,0.0,0,,0.3335119572482016,passed,0,1,0,0,,,fitness_membership,fitness_membership,medium,membership_service,1,0.5977021425373258,0,0,73,14.0,11.034027777777778,0
DSP000675,TXN0149206,M000218,,RuPay,RECURRING_BILLING_DISPUTE,Recurring Billing Dispute,2025-07-23,2499,658,295,2025-08-11,19,contested,lost,2025-08-08,4,5,3,2,0.50025,4,2,0.6,2499,credit_card,0,0.0,0,,0.4547244297465124,passed,1,1,0,0,,,fitness_membership,fitness_membership,medium,membership_service,1,0.5977021425373258,0,0,73,19.0,66.71041666666666,0
DSP000677,TXN0148952,M000218,CUS0053702,Visa,MERCHANDISE_NOT_AS_DESCRIBED,Merchandise Not As Described,2025-11-21,2499,531,263,2025-12-07,16,contested,won,2025-12-29,4,4,2,2,0.5086333333333334,4,2,0.5,2499,debit_card,6,62494.0,0,31.0,0.262718302856219,passed,1,1,0,0,,,fitness_membership,fitness_membership,medium,membership_service,1,0.5977021425373258,0,0,73,16.0,49.02847222222222,1
DSP000678,TXN0150899,M000218,CUS0053094,Visa,DUPLICATE_TRANSACTION,Duplicate Transaction,2025-04-26,2499,704,231,2025-05-06,10,contested,lost,2025-05-19,4,2,1,1,0.60495,4,2,0.5,2499,credit_card,1,14999.0,0,70.0,0.1342700001502616,passed,1,1,0,0,,,fitness_membership,fitness_membership,medium,membership_service,1,0.5977021425373258,0,0,73,10.0,16.958333333333332,0
DSP000679,TXN0148595,M000218,CUS0053594,Mastercard,RECURRING_BILLING_DISPUTE,Recurring Billing Dispute,2025-09-27,2499,592,169,2025-10-14,17,contested,lost,2025-11-08,3,5,2,3,0.46678333333333333,3,3,0.4,2499,debit_card,1,2499.0,0,157.0,0.5395677099891171,passed,1,1,0,0,,,fitness_membership,fitness_membership,medium,membership_service,1,0.5977021425373258,0,0,73,17.0,49.81527777777778,0
DSP000680,TXN0150989,M000218,,Visa,SERVICE_NOT_RENDERED,Service Not Rendered,2025-05-25,14999,626,168,2025-06-05,11,contested,lost,2025-07-05,4,4,2,2,0.59495,4,2,0.5,14999,credit_card,0,0.0,0,,0.4172927481407599,passed,1,2,0,0,,,fitness_membership,fitness_membership,medium,membership_service,1,0.5977021425373258,0,0,73,11.0,50.61805555555556,0
DSP000681,TXN0149472,M000218,,Visa,RECURRING_BILLING_DISPUTE,Recurring Billing Dispute,2025-12-13,2499,500,216,2026-01-02,20,contested,won,2026-01-04,5,5,4,1,0.6538666666666667,5,1,0.8,2499,debit_card,0,0.0,0,,0.4520003768040386,passed,0,1,0,0,,,fitness_membership,fitness_membership,medium,membership_service,1,0.5977021425373258,0,0,73,20.0,40.196527777777774,1
DSP000682,TXN0150151,M000218,,Visa,SERVICE_NOT_RENDERED,Service Not Rendered,2025-02-25,14999,517,174,2025-03-13,16,contested,lost,2025-04-01,2,4,2,2,0.27498333333333336,2,4,0.5,14999,credit_card,0,0.0,0,,0.0846622557510898,not_applicable,0,1,0,0,,,fitness_membership,fitness_membership,medium,membership_service,1,0.5977021425373258,0,0,73,16.0,32.03333333333333,0
DSP000683,TXN0150017,M000218,CUS0053448,Visa,RECURRING_BILLING_DISPUTE,Recurring Billing Dispute,2026-02-20,2499,707,171,2026-03-06,14,contested,lost,2026-03-12,4,5,3,2,0.56115,4,2,0.6,2499,credit_card,3,19997.0,0,13.0,0.054150971380808,passed,1,4,0,0,,,fitness_membership,fitness_membership,medium,membership_service,1,0.5977021425373258,0,0,73,14.0,57.25833333333333,0
DSP000684,TXN0148567,M000218,CUS0053179,Mastercard,MERCHANDISE_NOT_AS_DESCRIBED,Merchandise Not As Described,2025-05-20,2499,584,165,2025-05-28,8,contested,lost,2025-06-07,5,4,4,0,0.64135,5,1,1.0,2499,credit_card,0,0.0,0,,0.2086358366850775,passed,1,1,0,0,,,fitness_membership,fitness_membership,medium,membership_service,1,0.5977021425373258,0,0,73,8.0,45.22569444444444,0
DSP000685,TXN0152458,M000219,CUS0054046,Visa,RECURRING_BILLING_DISPUTE,Recurring Billing Dispute,2025-07-04,1499,668,214,2025-07-25,21,contested,won,2025-07-18,6,5,5,0,0.9204333333333333,6,0,1.0,1499,credit_card,0,0.0,0,,0.1130740891809559,passed,1,1,0,0,,,saas_tools,saas_tools,medium,digital_service,1,0.8638601975855621,0,1,56,21.0,57.46041666666667,1
DSP000686,TXN0152480,M000219,CUS0054368,Visa,RECURRING_BILLING_DISPUTE,Recurring Billing Dispute,2025-06-03,1499,595,206,2025-06-13,10,contested,won,2025-07-05,6,5,5,0,0.8779666666666667,6,0,1.0,1499,credit_card,0,0.0,0,,0.2192826476203172,passed,1,1,0,1,,,saas_tools,saas_tools,medium,digital_service,1,0.8638601975855621,0,1,56,10.0,34.66319444444444,1
DSP000687,TXN0153524,M000219,,Visa,RECURRING_BILLING_DISPUTE,Recurring Billing Dispute,2025-05-17,1499,720,221,2025-05-27,10,contested,won,2025-06-15,5,5,4,1,0.7811666666666667,5,1,0.8,1499,debit_card,0,0.0,0,,0.5214735333481502,passed,1,1,0,0,,,saas_tools,saas_tools,medium,digital_service,1,0.8638601975855621,0,1,56,10.0,28.66111111111111,1
DSP000688,TXN0152945,M000219,CUS0054725,Mastercard,CREDIT_NOT_PROCESSED,Credit Not Processed,2026-01-12,1499,556,214,2026-02-02,21,contested,lost,2026-02-14,4,4,2,2,0.6243,4,2,0.5,1499,debit_card,3,5997.0,0,49.0,0.5253679003303517,passed,1,4,0,0,,,saas_tools,saas_tools,medium,digital_service,1,0.8638601975855621,0,1,56,21.0,49.419444444444444,0
DSP000689,TXN0151445,M000219,CUS0054221,Visa,SERVICE_NOT_RENDERED,Service Not Rendered,2025-03-08,1499,739,208,2025-03-26,18,contested,won,2025-04-17,5,4,4,0,0.7366833333333332,5,1,1.0,1499,credit_card,0,0.0,0,,0.3200925517173842,passed,1,3,1,0,,,saas_tools,saas_tools,medium,digital_service,1,0.8638601975855621,0,1,56,18.0,62.892361111111114,1
DSP000690,TXN0153044,M000219,CUS0054553,RuPay,UNAUTHORIZED_TRANSACTION,Unauthorized Transaction,2026-02-24,49999,505,234,2026-03-04,8,contested,lost,2026-03-28,5,4,3,1,0.8026,5,1,0.75,49999,credit_card,3,7497.0,0,105.0,0.3745983669097585,passed,1,1,0,0,,,saas_tools,saas_tools,medium,digital_service,1,0.8638601975855621,0,1,56,8.0,65.86944444444444,0
DSP000691,TXN0151227,M000219,CUS0054632,Visa,RECURRING_BILLING_DISPUTE,Recurring Billing Dispute,2025-03-30,1499,718,169,2025-04-19,20,contested,won,2025-04-18,5,5,4,1,0.7818999999999999,5,1,0.8,1499,debit_card,0,0.0,0,,0.1775624811065964,passed,1,2,0,0,,,saas_tools,saas_tools,medium,digital_service,1,0.8638601975855621,0,1,56,20.0,63.833333333333336,1
DSP000693,TXN0151356,M000219,,RuPay,SERVICE_NOT_RENDERED,Service Not Rendered,2025-06-19,1499,486,261,2025-07-09,20,contested,won,2025-07-29,5,4,3,1,0.7911666666666667,5,1,0.75,1499,debit_card,0,0.0,0,,0.5481020547840963,passed,1,1,0,0,,,saas_tools,saas_tools,medium,digital_service,1,0.8638601975855621,0,1,56,20.0,68.72638888888889,1
DSP000694,TXN0151982,M000219,,Visa,RECURRING_BILLING_DISPUTE,Recurring Billing Dispute,2025-05-29,2999,535,298,2025-06-05,7,contested,lost,2025-06-29,5,5,4,1,0.7806333333333333,5,1,0.8,2999,debit_card,0,0.0,0,,0.1337698086646522,passed,1,2,0,0,,,saas_tools,saas_tools,medium,digital_service,1,0.8638601975855621,0,1,56,7.0,41.60069444444444,0
DSP000696,TXN0152252,M000219,,Mastercard,CREDIT_NOT_PROCESSED,Credit Not Processed,2026-01-01,2999,678,299,2026-01-12,11,contested,won,2026-02-14,6,4,4,0,0.9470999999999999,6,0,1.0,2999,credit_card,0,0.0,0,,0.0406162809995936,passed,1,1,0,0,,,saas_tools,saas_tools,medium,digital_service,1,0.8638601975855621,0,1,56,11.0,74.12986111111111,1
DSP000697,TXN0151719,M000219,CUS0054912,Visa,RECURRING_BILLING_DISPUTE,Recurring Billing Dispute,2025-11-04,2999,582,273,2025-11-12,8,contested,lost,2025-12-13,6,5,5,0,0.8818,6,0,1.0,2999,credit_card,0,0.0,0,,0.1913189856866019,passed,1,1,0,0,,,saas_tools,saas_tools,medium,digital_service,1,0.8638601975855621,0,1,56,8.0,60.60208333333333,0
DSP000698,TXN0152264,M000219,CUS0054134,RuPay,RECURRING_BILLING_DISPUTE,Recurring Billing Dispute,2025-07-14,1499,410,184,2025-07-27,13,contested,lost,2025-08-13,5,5,4,1,0.8029666666666667,5,1,0.8,1499,debit_card,0,0.0,0,,0.1010383767879658,passed,1,1,0,0,,,saas_tools,saas_tools,medium,digital_service,1,0.8638601975855621,0,1,56,13.0,4.93125,0
DSP000699,TXN0151694,M000219,CUS0054547,Visa,CREDIT_NOT_PROCESSED,Credit Not Processed,2025-09-19,2999,670,297,2025-10-02,13,contested,won,2025-10-24,6,4,4,0,0.89145,6,0,1.0,2999,debit_card,2,99998.0,0,186.0,0.0920917534722474,passed,1,1,0,0,,,saas_tools,saas_tools,medium,digital_service,1,0.8638601975855621,0,1,56,13.0,10.193055555555556,1
DSP000700,TXN0153069,M000219,CUS0054719,RuPay,RECURRING_BILLING_DISPUTE,Recurring Billing Dispute,2025-11-18,2999,636,208,2025-12-02,14,contested,won,2025-12-05,6,5,5,0,0.95425,6,0,1.0,2999,credit_card,0,0.0,0,,0.3699591322037603,passed,1,1,0,0,,,saas_tools,saas_tools,medium,digital_service,1,0.8638601975855621,0,1,56,14.0,60.734027777777776,1
DSP000701,TXN0153835,M000220,CUS0055769,Visa,SERVICE_NOT_RENDERED,Service Not Rendered,2025-04-29,17595,548,287,2025-05-16,17,contested,lost,2025-05-18,0,3,0,3,0.0,0,6,0.0,17595,credit_card,1,16799.0,0,28.0,0.2657093480527702,passed,1,3,0,0,,,travel_booking,travel_booking,medium,booking_service,0,0.6534979846293516,0,0,21,17.0,44.725,0
DSP000702,TXN0154357,M000220,,Mastercard,SERVICE_NOT_RENDERED,Service Not Rendered,2025-11-04,25999,663,156,2025-11-15,11,contested,won,2025-12-04,4,3,2,1,0.5884333333333333,4,2,0.6666666666666666,25999,credit_card,0,0.0,0,,0.0955755328367058,passed,0,1,0,1,,,travel_booking,travel_booking,medium,booking_service,0,0.6534979846293516,0,0,21,11.0,67.60069444444444,1
DSP000703,TXN0156351,M000220,CUS0055848,RuPay,MERCHANDISE_NOT_AS_DESCRIBED,Merchandise Not As Described,2025-12-18,5895,704,295,2026-01-05,18,contested,lost,2026-01-23,1,3,1,2,0.1249,1,5,0.3333333333333333,5895,debit_card,2,17498.0,0,81.0,0.0580102419855341,failed,1,1,0,0,,,travel_booking,travel_booking,medium,booking_service,0,0.6534979846293516,0,0,21,18.0,66.71944444444445,0
DSP000705,TXN0154877,M000220,CUS0055708,Visa,MERCHANDISE_NOT_AS_DESCRIBED,Merchandise Not As Described,2025-10-08,11099,704,214,2025-10-26,18,contested,lost,2025-11-12,5,3,2,1,0.6863333333333334,5,1,0.6666666666666666,11099,debit_card,1,3499.0,0,191.0,0.4060740737976958,passed,1,5,0,0,,,travel_booking,travel_booking,medium,booking_service,0,0.6534979846293516,0,0,21,18.0,25.266666666666666,0
DSP000706,TXN0155755,M000220,CUS0054982,Visa,UNAUTHORIZED_TRANSACTION,Unauthorized Transaction,2025-05-10,5499,703,164,2025-05-25,15,contested,lost,2025-05-24,5,3,3,0,0.7611,5,1,1.0,5499,credit_card,0,0.0,0,,0.3104345764033643,failed,1,5,0,0,,,travel_booking,travel_booking,medium,booking_service,0,0.6534979846293516,0,0,21,15.0,25.2,0
DSP000707,TXN0154311,M000220,,Visa,UNAUTHORIZED_TRANSACTION,Unauthorized Transaction,2025-05-26,5299,631,255,2025-06-12,17,contested,lost,2025-06-25,3,3,1,2,0.4350833333333333,3,3,0.3333333333333333,5299,credit_card,0,0.0,0,,0.2592436557025475,passed,1,1,0,0,,,travel_booking,travel_booking,medium,booking_service,0,0.6534979846293516,0,0,21,17.0,33.891666666666666,0
DSP000710,TXN0153858,M000220,,Mastercard,CREDIT_NOT_PROCESSED,Credit Not Processed,2025-03-28,25999,592,253,2025-04-06,9,contested,lost,2025-04-17,3,4,2,2,0.4257666666666667,3,3,0.5,25999,debit_card,0,0.0,0,,0.4432752356602532,passed,1,1,0,0,,,travel_booking,travel_booking,medium,booking_service,0,0.6534979846293516,0,0,21,9.0,8.933333333333334,0
DSP000712,TXN0154243,M000220,,Mastercard,SERVICE_NOT_RENDERED,Service Not Rendered,2025-05-07,14799,728,221,2025-05-28,21,contested,won,2025-06-13,4,3,3,0,0.5506,4,2,1.0,14799,debit_card,0,0.0,0,,0.4358174917787498,passed,1,1,0,0,,,travel_booking,travel_booking,medium,booking_service,0,0.6534979846293516,0,0,21,21.0,40.57013888888889,1
DSP000713,TXN0154516,M000220,,Visa,SERVICE_NOT_RENDERED,Service Not Rendered,2026-01-23,8099,608,265,2026-02-06,14,contested,lost,2026-03-05,2,3,1,2,0.2643,2,4,0.3333333333333333,8099,debit_card,0,0.0,0,,0.6712437122734773,not_applicable,1,1,0,0,,,travel_booking,travel_booking,medium,booking_service,0,0.6534979846293516,0,0,21,14.0,51.37152777777778,0
DSP000714,TXN0158255,M000221,CUS0056686,Visa,RECURRING_BILLING_DISPUTE,Recurring Billing Dispute,2025-02-28,24999,598,272,2025-03-16,16,contested,lost,2025-03-30,4,5,3,2,0.4495,4,2,0.6,24999,debit_card,0,0.0,0,,0.3488215310074521,passed,0,1,0,0,,,fitness_membership,fitness_membership,medium,membership_service,1,0.4539532890685384,0,0,34,16.0,57.49722222222222,0
DSP000715,TXN0156869,M000221,CUS0056259,RuPay,SERVICE_NOT_RENDERED,Service Not Rendered,2025-06-03,5999,567,294,2025-06-21,18,contested,lost,2025-06-17,2,4,1,3,0.253,2,4,0.25,5999,credit_card,0,0.0,0,,0.1010270708252712,passed,0,2,0,0,,,fitness_membership,fitness_membership,medium,membership_service,1,0.4539532890685384,0,0,34,18.0,56.24236111111111,0
DSP000717,TXN0156783,M000221,,Visa,RECURRING_BILLING_DISPUTE,Recurring Billing Dispute,2025-10-24,5999,604,190,2025-11-02,9,contested,lost,2025-11-09,2,5,2,3,0.2595166666666667,2,4,0.4,5999,credit_card,0,0.0,0,,0.3304229524659391,passed,1,1,0,0,,,fitness_membership,fitness_membership,medium,membership_service,1,0.4539532890685384,0,0,34,9.0,21.697916666666668,0
DSP000718,TXN0157347,M000221,CUS0055997,Visa,RECURRING_BILLING_DISPUTE,Recurring Billing Dispute,2025-04-20,1499,665,279,2025-05-04,14,contested,lost,2025-05-04,1,5,0,5,0.15098333333333333,1,5,0.0,1499,credit_card,0,0.0,0,,0.0610785704938208,passed,1,1,0,0,,,fitness_membership,fitness_membership,medium,membership_service,1,0.4539532890685384,0,0,34,14.0,62.88194444444444,0
DSP000719,TXN0157881,M000221,CUS0056351,Visa,DUPLICATE_TRANSACTION,Duplicate Transaction,2025-09-01,14999,736,169,2025-09-08,7,contested,won,2025-10-08,3,2,2,0,0.4335,3,3,1.0,14999,credit_card,1,1499.0,0,103.0,0.0418593613735212,failed,1,1,0,0,,,fitness_membership,fitness_membership,medium,membership_service,1,0.4539532890685384,0,0,34,7.0,54.34097222222222,1
DSP000720,TXN0158829,M000221,,RuPay,RECURRING_BILLING_DISPUTE,Recurring Billing Dispute,2025-09-09,1499,588,152,2025-09-29,20,contested,lost,2025-09-24,2,5,2,3,0.23429999999999998,2,4,0.4,1499,credit_card,0,0.0,0,,0.4598873955662129,passed,1,1,1,0,,,fitness_membership,fitness_membership,medium,membership_service,1,0.4539532890685384,0,0,34,20.0,13.749305555555555,0
DSP000721,TXN0157970,M000221,CUS0056582,Visa,RECURRING_BILLING_DISPUTE,Recurring Billing Dispute,2025-04-07,24999,591,249,2025-04-22,15,contested,lost,2025-05-19,2,5,2,3,0.25206666666666666,2,4,0.4,24999,credit_card,0,0.0,0,,0.0788178979932359,passed,1,1,0,0,,,fitness_membership,fitness_membership,medium,membership_service,1,0.4539532890685384,0,0,34,15.0,61.49444444444445,0
DSP000722,TXN0157166,M000221,CUS0056495,Mastercard,RECURRING_BILLING_DISPUTE,Recurring Billing Dispute,2025-11-13,1499,582,298,2025-11-21,8,contested,lost,2025-12-12,2,5,1,4,0.22958333333333333,2,4,0.2,1499,debit_card,2,20998.0,0,11.0,0.1658158677845167,passed,1,2,0,0,,,fitness_membership,fitness_membership,medium,membership_service,1,0.4539532890685384,0,0,34,8.0,32.297916666666666,0
DSP000723,TXN0157844,M000221,CUS0055949,Visa,SERVICE_NOT_RENDERED,Service Not Rendered,2025-09-12,14999,605,180,2025-09-24,12,contested,lost,2025-09-30,1,4,1,3,0.14596666666666666,1,5,0.25,14999,debit_card,0,0.0,0,,0.1666997440741371,passed,0,1,0,0,,,fitness_membership,fitness_membership,medium,membership_service,1,0.4539532890685384,0,0,34,12.0,21.425,0
DSP000724,TXN0158227,M000221,CUS0056081,Mastercard,RECURRING_BILLING_DISPUTE,Recurring Billing Dispute,2025-04-30,5999,561,263,2025-05-18,18,contested,lost,2025-06-06,3,5,3,2,0.2855166666666667,3,3,0.6,5999,credit_card,0,0.0,0,,0.3451303851734886,passed,1,3,0,1,,,fitness_membership,fitness_membership,medium,membership_service,1,0.4539532890685384,0,0,34,18.0,59.486805555555556,0
DSP000726,TXN0157479,M000221,CUS0055879,Visa,UNAUTHORIZED_TRANSACTION,Unauthorized Transaction,2025-11-30,1499,686,286,2025-12-17,17,contested,won,2026-01-07,4,4,3,1,0.5192,4,2,0.75,1499,debit_card,5,47995.0,0,75.0,0.6029335058097715,passed,1,1,0,0,,,fitness_membership,fitness_membership,medium,membership_service,1,0.4539532890685384,0,0,34,17.0,42.28611111111111,1
DSP000729,TXN0159748,M000222,,Mastercard,UNAUTHORIZED_TRANSACTION,Unauthorized Transaction,2025-05-14,695,646,291,2025-05-25,11,contested,lost,2025-06-09,6,4,4,0,0.9456333333333333,6,0,1.0,695,credit_card,0,0.0,0,,0.0400304323287466,passed,1,1,0,0,delivered,1.0,d2c_brand,d2c_brand,medium,physical_delivery,0,0.7550305051203428,1,1,94,11.0,9.738888888888889,0
DSP000731,TXN0159625,M000222,CUS0057553,Visa,UNAUTHORIZED_TRANSACTION,Unauthorized Transaction,2025-05-18,8499,597,175,2025-06-07,20,contested,lost,2025-06-26,4,4,3,1,0.5885166666666667,4,2,0.75,8499,debit_card,1,3549.0,0,42.0,0.317208730800932,passed,1,1,0,0,delivered,1.0,d2c_brand,d2c_brand,medium,physical_delivery,0,0.7550305051203428,1,1,94,20.0,53.790277777777774,0
DSP000732,TXN0161430,M000222,CUS0057513,Visa,UNAUTHORIZED_TRANSACTION,Unauthorized Transaction,2025-07-17,1295,418,233,2025-08-01,15,contested,won,2025-08-24,4,4,4,0,0.6014333333333334,4,2,1.0,1295,credit_card,1,949.0,0,36.0,0.3552306853540375,passed,1,1,0,0,delivered,0.0,d2c_brand,d2c_brand,medium,physical_delivery,0,0.7550305051203428,1,1,94,15.0,53.830555555555556,1
DSP000733,TXN0161732,M000222,CUS0057681,RuPay,CREDIT_NOT_PROCESSED,Credit Not Processed,2025-08-20,7295,670,284,2025-09-10,21,contested,won,2025-09-25,6,3,3,0,0.8351166666666666,6,0,1.0,7295,credit_card,1,2649.0,0,115.0,0.3497960585800785,passed,1,1,0,1,delivered,1.0,d2c_brand,d2c_brand,medium,physical_delivery,0,0.7550305051203428,1,1,94,21.0,10.84375,1
DSP000734,TXN0161538,M000222,,RuPay,MERCHANDISE_NOT_AS_DESCRIBED,Merchandise Not As Described,2026-01-17,1649,414,220,2026-01-24,7,contested,lost,2026-02-15,5,3,2,1,0.7646333333333333,5,1,0.6666666666666666,1649,credit_card,0,0.0,0,,0.0594473155794381,passed,0,3,0,0,delivered,1.0,d2c_brand,d2c_brand,medium,physical_delivery,0,0.7550305051203428,1,1,94,7.0,18.647222222222222,0
DSP000735,TXN0161909,M000223,CUS0058002,Visa,MERCHANDISE_NOT_AS_DESCRIBED,Merchandise Not As Described,2026-01-17,5295,720,296,2026-01-28,11,contested,lost,2026-02-23,5,3,2,1,0.8144166666666667,5,1,0.6666666666666666,5295,credit_card,4,7142.0,0,142.0,0.2225646469731277,passed,1,1,0,0,delivered,0.0,d2c_brand,d2c_brand,medium,physical_delivery,0,0.8349473094698556,1,1,110,11.0,66.46805555555555,0
DSP000736,TXN0164400,M000223,,Mastercard,CREDIT_NOT_PROCESSED,Credit Not Processed,2025-10-23,695,458,253,2025-11-02,10,contested,won,2025-11-16,5,3,3,0,0.69575,5,1,1.0,695,debit_card,0,0.0,0,,0.41569850026717,passed,1,2,0,0,delivered,1.0,d2c_brand,d2c_brand,medium,physical_delivery,0,0.8349473094698556,1,1,110,10.0,14.222222222222221,1
DSP000737,TXN0163051,M000223,CUS0058030,RuPay,MERCHANDISE_NOT_AS_DESCRIBED,Merchandise Not As Described,2025-11-30,1399,446,242,2025-12-12,12,contested,won,2025-12-16,5,3,3,0,0.7754,5,1,1.0,1399,credit_card,1,2499.0,0,276.0,0.3267165177207491,passed,1,1,0,0,delivered,1.0,d2c_brand,d2c_brand,medium,physical_delivery,0,0.8349473094698556,1,1,110,12.0,37.517361111111114,1
DSP000738,TXN0163976,M000223,CUS0058054,Visa,MERCHANDISE_NOT_AS_DESCRIBED,Merchandise Not As Described,2025-08-12,899,411,243,2025-08-23,11,contested,won,2025-09-25,5,3,2,1,0.7658499999999999,5,1,0.6666666666666666,899,debit_card,0,0.0,0,,0.137433841046383,passed,1,1,0,0,delivered,1.0,d2c_brand,d2c_brand,medium,physical_delivery,0,0.8349473094698556,1,1,110,11.0,17.663888888888888,1
DSP000739,TXN0164511,M000223,,Visa,MERCHANDISE_NOT_RECEIVED,Merchandise Not Received,2025-08-04,389,519,204,2025-08-19,15,contested,lost,2025-08-28,5,4,3,1,0.7872,5,1,0.75,389,credit_card,0,0.0,0,,0.1671765352397965,passed,1,3,0,1,delivered,1.0,d2c_brand,d2c_brand,medium,physical_delivery,0,0.8349473094698556,1,1,110,15.0,33.104166666666664,0
DSP000740,TXN0161866,M000223,CUS0058233,Visa,UNAUTHORIZED_TRANSACTION,Unauthorized Transaction,2025-05-28,3099,541,187,2025-06-14,17,contested,lost,2025-06-17,6,4,4,0,0.9451499999999999,6,0,1.0,3099,credit_card,1,11199.0,0,96.0,0.227256333174571,passed,1,1,0,0,delivered,1.0,d2c_brand,d2c_brand,medium,physical_delivery,0,0.8349473094698556,1,1,110,17.0,34.68888888888889,0
DSP000742,TXN0161999,M000223,CUS0058110,Mastercard,MERCHANDISE_NOT_RECEIVED,Merchandise Not Received,2025-01-23,795,740,158,2025-02-09,17,contested,won,2025-02-06,6,4,4,0,0.9301666666666666,6,0,1.0,795,debit_card,0,0.0,0,,0.1595895809043478,passed,1,2,0,0,delivered,1.0,d2c_brand,d2c_brand,medium,physical_delivery,0,0.8349473094698556,1,1,110,17.0,4.370138888888889,1
DSP000743,TXN0163417,M000223,CUS0057924,Mastercard,MERCHANDISE_NOT_RECEIVED,Merchandise Not Received,2025-12-03,1749,624,279,2025-12-21,18,contested,lost,2025-12-18,5,4,3,1,0.7848333333333333,5,1,0.75,1749,credit_card,1,1699.0,0,118.0,0.2590764406986988,passed,1,1,0,0,delivered,0.0,d2c_brand,d2c_brand,medium,physical_delivery,0,0.8349473094698556,1,1,110,18.0,19.630555555555556,0
DSP000745,TXN0164515,M000223,CUS0057817,Visa,MERCHANDISE_NOT_RECEIVED,Merchandise Not Received,2025-01-28,649,428,200,2025-02-16,19,contested,lost,2025-02-27,5,4,3,1,0.7821333333333333,5,1,0.75,649,debit_card,0,0.0,0,,0.0737523696578087,passed,1,1,0,0,delivered,1.0,d2c_brand,d2c_brand,medium,physical_delivery,0,0.8349473094698556,1,1,110,19.0,11.911805555555556,0
DSP000748,TXN0165652,M000224,CUS0059286,Visa,UNAUTHORIZED_TRANSACTION,Unauthorized Transaction,2026-01-17,2949,501,246,2026-01-30,13,contested,lost,2026-02-11,3,3,2,1,0.38475,3,3,0.6666666666666666,2949,debit_card,1,8695.0,0,73.0,0.1522798470989409,passed,1,1,0,0,,,travel_booking,travel_booking,medium,booking_service,0,0.6602782202486864,0,1,94,13.0,67.19791666666667,0
DSP000749,TXN0166896,M000224,CUS0059256,Mastercard,MERCHANDISE_NOT_AS_DESCRIBED,Merchandise Not As Described,2025-10-21,16399,749,192,2025-11-01,11,contested,lost,2025-11-20,5,3,2,1,0.6688666666666667,5,1,0.6666666666666666,16399,debit_card,0,0.0,0,,0.3117253698082302,passed,0,1,0,0,,,travel_booking,travel_booking,medium,booking_service,0,0.6602782202486864,0,1,94,11.0,48.544444444444444,0
DSP000750,TXN0165798,M000224,CUS0059570,Visa,DUPLICATE_TRANSACTION,Duplicate Transaction,2025-05-17,10799,416,240,2025-06-04,18,contested,won,2025-06-02,6,2,2,0,0.8605833333333334,6,0,1.0,10799,credit_card,2,23898.0,0,56.0,0.2063189268237853,passed,1,1,0,0,,,travel_booking,travel_booking,medium,booking_service,0,0.6602782202486864,0,1,94,18.0,34.78194444444444,1
DSP000752,TXN0166358,M000224,CUS0059563,Visa,SERVICE_NOT_RENDERED,Service Not Rendered,2025-12-15,2699,631,294,2026-01-03,19,contested,lost,2026-01-14,5,3,2,1,0.6488333333333333,5,1,0.6666666666666666,2699,credit_card,1,19899.0,0,6.0,0.3710046239019992,not_applicable,1,1,0,0,,,travel_booking,travel_booking,medium,booking_service,0,0.6602782202486864,0,1,94,19.0,50.543055555555554,0
DSP000753,TXN0167093,M000224,,Visa,CREDIT_NOT_PROCESSED,Credit Not Processed,2025-05-11,22499,674,233,2025-05-21,10,contested,lost,2025-05-26,2,4,0,4,0.2807,2,4,0.0,22499,debit_card,0,0.0,0,,0.3330248836130943,passed,1,1,0,0,,,travel_booking,travel_booking,medium,booking_service,0,0.6602782202486864,0,1,94,10.0,73.04444444444445,0
DSP000756,TXN0165637,M000224,CUS0059161,Mastercard,UNAUTHORIZED_TRANSACTION,Unauthorized Transaction,2025-10-03,7999,542,232,2025-10-24,21,contested,won,2025-10-29,6,3,3,0,0.8919666666666667,6,0,1.0,7999,credit_card,0,0.0,0,,0.3847265050628377,passed,1,2,0,0,,,travel_booking,travel_booking,medium,booking_service,0,0.6602782202486864,0,1,94,21.0,31.834722222222222,1
DSP000757,TXN0164764,M000224,CUS0059055,RuPay,MERCHANDISE_NOT_AS_DESCRIBED,Merchandise Not As Described,2025-10-12,12795,730,294,2025-10-21,9,contested,lost,2025-11-13,5,3,2,1,0.7488666666666667,5,1,0.6666666666666666,12795,debit_card,0,0.0,0,,0.0385934228570618,passed,1,1,0,0,,,travel_booking,travel_booking,medium,booking_service,0,0.6602782202486864,0,1,94,9.0,47.41041666666667,0
DSP000758,TXN0164602,M000224,CUS0059049,Visa,CREDIT_NOT_PROCESSED,Credit Not Processed,2025-04-22,3849,495,291,2025-04-30,8,contested,won,2025-05-22,6,4,4,0,0.8262499999999999,6,0,1.0,3849,debit_card,1,15299.0,0,18.0,0.5004038581820837,passed,0,1,0,0,,,travel_booking,travel_booking,medium,booking_service,0,0.6602782202486864,0,1,94,8.0,4.6305555555555555,1
DSP000759,TXN0168578,M000225,CUS0059797,Mastercard,MERCHANDISE_NOT_AS_DESCRIBED,Merchandise Not As Described,2025-07-14,15099,550,155,2025-07-31,17,contested,lost,2025-08-20,4,3,1,2,0.5527666666666666,4,2,0.3333333333333333,15099,debit_card,1,4399.0,0,92.0,0.3661013944172265,passed,0,1,0,0,,,travel_booking,travel_booking,medium,booking_service,0,0.5710213862054762,0,1,77,17.0,71.92986111111111,0
DSP000762,TXN0167531,M000225,CUS0060460,Mastercard,UNAUTHORIZED_TRANSACTION,Unauthorized Transaction,2025-06-08,12999,579,236,2025-06-17,9,contested,lost,2025-07-02,4,3,1,2,0.5178666666666667,4,2,0.3333333333333333,12999,debit_card,0,0.0,0,,0.3486335326590895,passed,1,1,0,0,,,travel_booking,travel_booking,medium,booking_service,0,0.5710213862054762,0,1,77,9.0,70.68333333333334,0
DSP000763,TXN0168992,M000225,CUS0060538,Visa,UNAUTHORIZED_TRANSACTION,Unauthorized Transaction,2025-09-06,10699,600,272,2025-09-25,19,contested,lost,2025-10-16,2,3,0,3,0.30516666666666664,2,4,0.0,10699,debit_card,1,14199.0,0,48.0,0.2976699894076498,passed,1,2,0,1,,,travel_booking,travel_booking,medium,booking_service,0,0.5710213862054762,0,1,77,19.0,46.37430555555556,0
DSP000766,TXN0168780,M000225,CUS0059761,Visa,SERVICE_NOT_RENDERED,Service Not Rendered,2025-08-09,9295,691,223,2025-08-21,12,contested,lost,2025-09-01,3,3,1,2,0.3831,3,3,0.3333333333333333,9295,credit_card,1,7195.0,0,114.0,0.1640268873424696,passed,0,1,0,0,,,travel_booking,travel_booking,medium,booking_service,0,0.5710213862054762,0,1,77,12.0,71.18888888888888,0
DSP000768,TXN0169823,M000225,CUS0060372,Mastercard,SERVICE_NOT_RENDERED,Service Not Rendered,2026-01-03,2195,713,162,2026-01-14,11,contested,lost,2026-01-29,4,3,2,1,0.5506833333333333,4,2,0.6666666666666666,2195,credit_card,3,31889.0,0,38.0,0.3580616978184157,passed,1,1,0,0,,,travel_booking,travel_booking,medium,booking_service,0,0.5710213862054762,0,1,77,11.0,72.80069444444445,0
DSP000771,TXN0171973,M000226,CUS0060802,Mastercard,SERVICE_NOT_RENDERED,Service Not Rendered,2025-05-08,999,573,190,2025-05-22,14,contested,won,2025-06-17,3,4,3,1,0.36568333333333336,3,3,0.75,999,credit_card,0,0.0,0,,0.1243921362965667,passed,1,3,0,0,,,fitness_membership,fitness_membership,medium,membership_service,1,0.5299352270327274,0,1,116,14.0,49.47083333333333,1
DSP000774,TXN0172349,M000226,CUS0061273,Mastercard,CREDIT_NOT_PROCESSED,Credit Not Processed,2026-02-09,999,438,251,2026-02-28,19,contested,won,2026-02-24,3,4,3,1,0.35145000000000004,3,3,0.75,999,debit_card,2,4998.0,0,44.0,0.0336735687988755,passed,1,1,0,0,,,fitness_membership,fitness_membership,medium,membership_service,1,0.5299352270327274,0,1,116,19.0,58.236805555555556,1
DSP000775,TXN0169945,M000226,CUS0061396,Visa,SERVICE_NOT_RENDERED,Service Not Rendered,2025-09-30,999,567,280,2025-10-14,14,contested,won,2025-10-22,4,4,3,1,0.5368666666666667,4,2,0.75,999,debit_card,2,1998.0,0,66.0,0.325289144560438,passed,1,1,0,0,,,fitness_membership,fitness_membership,medium,membership_service,1,0.5299352270327274,0,1,116,14.0,63.21458333333333,1
DSP000777,TXN0170571,M000226,,Mastercard,SERVICE_NOT_RENDERED,Service Not Rendered,2025-05-27,5999,680,214,2025-06-15,19,contested,lost,2025-07-07,2,4,0,4,0.27468333333333333,2,4,0.0,5999,credit_card,0,0.0,0,,0.3368712279249746,passed,1,1,0,0,,,fitness_membership,fitness_membership,medium,membership_service,1,0.5299352270327274,0,1,116,19.0,29.281944444444445,0
DSP000778,TXN0171313,M000226,,Visa,SERVICE_NOT_RENDERED,Service Not Rendered,2026-01-12,3999,623,181,2026-01-23,11,contested,lost,2026-02-23,4,4,2,2,0.48895,4,2,0.5,3999,credit_card,0,0.0,0,,0.2647825726513986,passed,1,1,1,0,,,fitness_membership,fitness_membership,medium,membership_service,1,0.5299352270327274,0,1,116,11.0,59.96944444444444,0
DSP000779,TXN0172355,M000226,,Visa,RECURRING_BILLING_DISPUTE,Recurring Billing Dispute,2025-09-13,999,467,276,2025-10-04,21,contested,lost,2025-10-20,4,5,3,2,0.5822666666666666,4,2,0.6,999,credit_card,0,0.0,0,,0.2934455350703328,failed,1,1,0,0,,,fitness_membership,fitness_membership,medium,membership_service,1,0.5299352270327274,0,1,116,21.0,53.80555555555556,0
DSP000781,TXN0170596,M000226,CUS0060930,Visa,CREDIT_NOT_PROCESSED,Credit Not Processed,2025-03-19,5999,479,169,2025-03-31,12,contested,won,2025-04-10,4,4,3,1,0.59885,4,2,0.75,5999,credit_card,0,0.0,0,,0.1198307680106185,passed,0,2,0,0,,,fitness_membership,fitness_membership,medium,membership_service,1,0.5299352270327274,0,1,116,12.0,25.038194444444443,1
DSP000782,TXN0172381,M000226,CUS0061490,Mastercard,MERCHANDISE_NOT_AS_DESCRIBED,Merchandise Not As Described,2025-07-08,3999,612,172,2025-07-24,16,contested,lost,2025-08-20,2,4,1,3,0.2699666666666667,2,4,0.25,3999,credit_card,1,999.0,0,166.0,0.2373703290302003,passed,0,1,0,0,,,fitness_membership,fitness_membership,medium,membership_service,1,0.5299352270327274,0,1,116,16.0,10.095138888888888,0
DSP000784,TXN0174455,M000227,CUS0062543,Visa,RECURRING_BILLING_DISPUTE,Recurring Billing Dispute,2025-12-22,5999,671,279,2026-01-06,15,contested,won,2026-01-05,4,5,4,1,0.6330333333333333,4,2,0.8,5999,debit_card,2,2998.0,0,28.0,0.1059808293626584,not_applicable,1,1,1,0,,,fitness_membership,fitness_membership,medium,membership_service,1,0.6371874998871452,0,1,78,15.0,15.50625,1
DSP000785,TXN0174112,M000227,CUS0061747,Visa,RECURRING_BILLING_DISPUTE,Recurring Billing Dispute,2026-01-05,5999,425,158,2026-01-16,11,contested,lost,2026-02-04,4,5,3,2,0.5975333333333334,4,2,0.6,5999,credit_card,1,5999.0,0,130.0,0.5453505904195896,passed,1,2,0,0,,,fitness_membership,fitness_membership,medium,membership_service,1,0.6371874998871452,0,1,78,11.0,34.50694444444444,0
DSP000788,TXN0173345,M000227,CUS0062522,Mastercard,SERVICE_NOT_RENDERED,Service Not Rendered,2025-04-24,1499,518,202,2025-05-09,15,contested,won,2025-05-24,5,4,4,0,0.6564833333333333,5,1,1.0,1499,debit_card,0,0.0,0,,0.4526852461089226,passed,1,1,0,0,,,fitness_membership,fitness_membership,medium,membership_service,1,0.6371874998871452,0,1,78,15.0,64.375,1
DSP000789,TXN0174221,M000227,CUS0061703,RuPay,SERVICE_NOT_RENDERED,Service Not Rendered,2025-06-12,1499,620,273,2025-06-21,9,contested,won,2025-07-22,4,4,3,1,0.5586166666666667,4,2,0.75,1499,credit_card,1,1499.0,0,75.0,0.3507483901939487,passed,1,1,0,0,,,fitness_membership,fitness_membership,medium,membership_service,1,0.6371874998871452,0,1,78,9.0,55.925694444444446,1
DSP000792,TXN0173956,M000227,,Visa,CREDIT_NOT_PROCESSED,Credit Not Processed,2025-10-10,2499,419,234,2025-10-25,15,contested,lost,2025-11-18,3,4,2,2,0.37918333333333337,3,3,0.5,2499,credit_card,0,0.0,0,,0.3535695563851637,passed,1,2,0,0,,,fitness_membership,fitness_membership,medium,membership_service,1,0.6371874998871452,0,1,78,15.0,45.08958333333333,0
DSP000793,TXN0172857,M000227,,Mastercard,SERVICE_NOT_RENDERED,Service Not Rendered,2025-09-04,2499,413,255,2025-09-24,20,contested,lost,2025-10-09,3,4,2,2,0.41978333333333334,3,3,0.5,2499,credit_card,0,0.0,0,,0.2544921878855646,passed,0,1,0,0,,,fitness_membership,fitness_membership,medium,membership_service,1,0.6371874998871452,0,1,78,20.0,28.958333333333332,0
DSP000794,TXN0174053,M000227,,Visa,MERCHANDISE_NOT_AS_DESCRIBED,Merchandise Not As Described,2025-04-03,5999,746,289,2025-04-19,16,contested,lost,2025-05-16,3,4,2,2,0.44211666666666666,3,3,0.5,5999,debit_card,0,0.0,0,,0.7438695545596374,passed,1,1,0,0,,,fitness_membership,fitness_membership,medium,membership_service,1,0.6371874998871452,0,1,78,16.0,19.48472222222222,0
DSP000795,TXN0172579,M000227,CUS0062217,Visa,UNAUTHORIZED_TRANSACTION,Unauthorized Transaction,2025-02-19,2499,498,220,2025-02-26,7,contested,lost,2025-03-16,4,4,3,1,0.6033000000000001,4,2,0.75,2499,debit_card,0,0.0,0,,0.6429147797347233,passed,1,1,0,1,,,fitness_membership,fitness_membership,medium,membership_service,1,0.6371874998871452,0,1,78,7.0,31.395138888888887,0
DSP000796,TXN0175199,M000227,CUS0061954,Mastercard,RECURRING_BILLING_DISPUTE,Recurring Billing Dispute,2025-12-23,1499,619,250,2025-12-31,8,contested,lost,2026-01-28,2,5,1,4,0.2808833333333333,2,4,0.2,1499,credit_card,5,13995.0,0,76.0,0.2296610625246934,passed,1,1,0,0,,,fitness_membership,fitness_membership,medium,membership_service,1,0.6371874998871452,0,1,78,8.0,19.304166666666667,0
DSP000798,TXN0173535,M000227,CUS0062327,Mastercard,RECURRING_BILLING_DISPUTE,Recurring Billing Dispute,2026-02-07,5999,746,247,2026-02-21,14,contested,won,2026-03-22,4,5,4,1,0.53795,4,2,0.8,5999,credit_card,1,1499.0,0,34.0,0.0973453021417438,passed,1,4,0,0,,,fitness_membership,fitness_membership,medium,membership_service,1,0.6371874998871452,0,1,78,14.0,64.875,1
DSP000799,TXN0173367,M000227,,RuPay,MERCHANDISE_NOT_AS_DESCRIBED,Merchandise Not As Described,2025-03-10,1499,494,152,2025-03-31,21,contested,won,2025-04-10,5,4,3,1,0.6945333333333333,5,1,0.75,1499,debit_card,0,0.0,0,,0.3073446663007738,passed,1,3,0,0,,,fitness_membership,fitness_membership,medium,membership_service,1,0.6371874998871452,0,1,78,21.0,64.53680555555556,1
DSP000800,TXN0173546,M000227,CUS0062231,Mastercard,CREDIT_NOT_PROCESSED,Credit Not Processed,2025-07-15,14999,737,182,2025-07-22,7,contested,won,2025-08-06,4,4,3,1,0.6005333333333334,4,2,0.75,14999,debit_card,1,1499.0,0,135.0,0.2653179397856604,not_applicable,1,1,0,0,,,fitness_membership,fitness_membership,medium,membership_service,1,0.6371874998871452,0,1,78,7.0,20.959027777777777,1
DSP000803,TXN0177466,M000228,,Mastercard,UNAUTHORIZED_TRANSACTION,Unauthorized Transaction,2026-01-11,2999,695,172,2026-01-23,12,contested,lost,2026-01-30,2,3,0,3,0.2796166666666667,2,4,0.0,2999,credit_card,0,0.0,0,,0.2631101641364694,passed,1,1,0,0,,,travel_booking,travel_booking,medium,booking_service,0,0.7025343670511073,0,0,115,12.0,46.25069444444444,0
DSP000805,TXN0177599,M000228,CUS0062842,Mastercard,MERCHANDISE_NOT_AS_DESCRIBED,Merchandise Not As Described,2025-04-26,12895,573,244,2025-05-07,11,contested,won,2025-05-22,5,3,2,1,0.7863166666666667,5,1,0.6666666666666666,12895,credit_card,0,0.0,0,,0.1541016786394972,passed,1,3,0,0,,,travel_booking,travel_booking,medium,booking_service,0,0.7025343670511073,0,0,115,11.0,65.87708333333333,1
DSP000806,TXN0177109,M000228,CUS0062594,Mastercard,UNAUTHORIZED_TRANSACTION,Unauthorized Transaction,2025-07-13,7499,517,174,2025-07-22,9,contested,won,2025-08-24,6,3,3,0,0.9524833333333333,6,0,1.0,7499,debit_card,2,8744.0,0,145.0,0.2186279358410641,passed,0,1,0,0,,,travel_booking,travel_booking,medium,booking_service,0,0.7025343670511073,0,0,115,9.0,17.102777777777778,1
DSP000807,TXN0175851,M000228,,Visa,SERVICE_NOT_RENDERED,Service Not Rendered,2025-11-18,10695,642,232,2025-12-02,14,contested,lost,2025-12-12,4,3,1,2,0.5927833333333333,4,2,0.3333333333333333,10695,debit_card,0,0.0,0,,0.1104541162757934,passed,1,1,0,0,,,travel_booking,travel_booking,medium,booking_service,0,0.7025343670511073,0,0,115,14.0,50.177083333333336,0
DSP000809,TXN0176771,M000228,CUS0062917,Mastercard,SERVICE_NOT_RENDERED,Service Not Rendered,2026-01-21,4945,537,162,2026-02-07,17,contested,lost,2026-02-25,2,3,1,2,0.2955833333333333,2,4,0.3333333333333333,4945,debit_card,2,18394.0,0,92.0,0.0946306175589172,failed,1,1,0,0,,,travel_booking,travel_booking,medium,booking_service,0,0.7025343670511073,0,0,115,17.0,35.03680555555555,0
DSP000810,TXN0176142,M000228,CUS0063312,Visa,UNAUTHORIZED_TRANSACTION,Unauthorized Transaction,2025-05-11,18199,551,276,2025-05-29,18,contested,lost,2025-06-16,3,3,1,2,0.48628333333333335,3,3,0.3333333333333333,18199,credit_card,0,0.0,0,,0.1689114846584802,passed,1,1,0,0,,,travel_booking,travel_booking,medium,booking_service,0,0.7025343670511073,0,0,115,18.0,58.89791666666667,0
DSP000811,TXN0175426,M000228,,Visa,SERVICE_NOT_RENDERED,Service Not Rendered,2026-03-08,11499,554,261,2026-03-16,8,contested,won,2026-04-08,5,3,3,0,0.7560333333333333,5,1,1.0,11499,debit_card,0,0.0,0,,0.4813081930652574,passed,1,1,0,1,,,travel_booking,travel_booking,medium,booking_service,0,0.7025343670511073,0,0,115,8.0,68.53819444444444,1
DSP000812,TXN0176578,M000228,CUS0063350,Visa,UNAUTHORIZED_TRANSACTION,Unauthorized Transaction,2025-12-12,6399,570,188,2025-12-20,8,contested,lost,2026-01-13,3,3,1,2,0.416,3,3,0.3333333333333333,6399,credit_card,1,22999.0,0,196.0,0.4016977232094903,passed,1,1,0,0,,,travel_booking,travel_booking,medium,booking_service,0,0.7025343670511073,0,0,115,8.0,11.818055555555556,0
DSP000813,TXN0175458,M000228,,Mastercard,SERVICE_NOT_RENDERED,Service Not Rendered,2025-10-24,16099,643,257,2025-11-13,20,contested,won,2025-12-03,4,3,2,1,0.6074,4,2,0.6666666666666666,16099,debit_card,0,0.0,0,,0.141563768200046,failed,1,3,0,0,,,travel_booking,travel_booking,medium,booking_service,0,0.7025343670511073,0,0,115,20.0,5.281944444444444,1
DSP000816,TXN0178099,M000229,,Visa,UNAUTHORIZED_TRANSACTION,Unauthorized Transaction,2025-04-18,117499,478,193,2025-05-06,18,contested,lost,2025-06-02,6,3,3,0,0.8987666666666666,6,0,1.0,117499,credit_card,0,0.0,0,,0.2891988379817983,passed,1,1,0,0,,,travel_booking,travel_booking,medium,booking_service,0,0.7156408861529122,0,0,91,18.0,35.62569444444444,0
DSP000817,TXN0178481,M000229,CUS0063614,Mastercard,MERCHANDISE_NOT_AS_DESCRIBED,Merchandise Not As Described,2025-11-05,6795,698,220,2025-11-20,15,contested,won,2025-12-12,6,3,3,0,0.9367833333333334,6,0,1.0,6795,debit_card,3,45447.0,0,13.0,0.1190113139903678,passed,0,1,0,0,,,travel_booking,travel_booking,medium,booking_service,0,0.7156408861529122,0,0,91,15.0,36.32222222222222,1
DSP000818,TXN0178422,M000229,,Mastercard,SERVICE_NOT_RENDERED,Service Not Rendered,2025-09-19,6599,544,251,2025-09-30,11,contested,won,2025-10-09,3,3,2,1,0.47859999999999997,3,3,0.6666666666666666,6599,credit_card,0,0.0,0,,0.1143859832389502,passed,1,1,0,0,,,travel_booking,travel_booking,medium,booking_service,0,0.7156408861529122,0,0,91,11.0,32.18958333333333,1
DSP000819,TXN0178600,M000229,CUS0063552,Mastercard,CREDIT_NOT_PROCESSED,Credit Not Processed,2025-09-01,4199,708,213,2025-09-20,19,contested,won,2025-10-07,5,4,3,1,0.7735500000000001,5,1,0.75,4199,debit_card,0,0.0,0,,0.3326312256174906,passed,1,2,0,0,,,travel_booking,travel_booking,medium,booking_service,0,0.7156408861529122,0,0,91,19.0,48.52430555555556,1
DSP000820,TXN0178724,M000229,CUS0063600,Mastercard,SERVICE_NOT_RENDERED,Service Not Rendered,2026-02-08,8699,690,193,2026-02-26,18,contested,won,2026-03-01,5,3,3,0,0.7258333333333332,5,1,1.0,8699,credit_card,1,9099.0,0,41.0,0.0440190740481954,passed,1,1,0,0,,,travel_booking,travel_booking,medium,booking_service,0,0.7156408861529122,0,0,91,18.0,44.175694444444446,1
DSP000821,TXN0180581,M000229,,Mastercard,UNAUTHORIZED_TRANSACTION,Unauthorized Transaction,2026-01-14,4099,551,239,2026-01-29,15,contested,lost,2026-02-11,5,3,3,0,0.7670499999999999,5,1,1.0,4099,debit_card,0,0.0,0,,0.199902448152956,not_applicable,1,1,0,0,,,travel_booking,travel_booking,medium,booking_service,0,0.7156408861529122,0,0,91,15.0,57.830555555555556,0
DSP000823,TXN0178222,M000229,CUS0063606,Mastercard,SERVICE_NOT_RENDERED,Service Not Rendered,2026-02-09,9299,727,156,2026-02-23,14,contested,lost,2026-03-18,4,3,2,1,0.63115,4,2,0.6666666666666666,9299,debit_card,1,3499.0,0,217.0,0.4584136284470919,passed,1,2,0,0,,,travel_booking,travel_booking,medium,booking_service,0,0.7156408861529122,0,0,91,14.0,71.53333333333333,0
DSP000824,TXN0178697,M000229,,Visa,SERVICE_NOT_RENDERED,Service Not Rendered,2025-04-27,3299,454,182,2025-05-11,14,contested,lost,2025-05-14,4,3,1,2,0.6063166666666667,4,2,0.3333333333333333,3299,credit_card,0,0.0,0,,0.2033668525818416,passed,0,1,0,0,,,travel_booking,travel_booking,medium,booking_service,0,0.7156408861529122,0,0,91,14.0,67.69305555555556,0
DSP000826,TXN0179943,M000229,CUS0063897,Mastercard,CREDIT_NOT_PROCESSED,Credit Not Processed,2025-04-05,5999,474,259,2025-04-20,15,contested,lost,2025-05-17,4,4,2,2,0.5868166666666667,4,2,0.5,5999,credit_card,1,9499.0,0,81.0,0.4943970700764893,passed,1,1,0,0,,,travel_booking,travel_booking,medium,booking_service,0,0.7156408861529122,0,0,91,15.0,10.73263888888889,0
DSP000827,TXN0183270,M000230,,Mastercard,RECURRING_BILLING_DISPUTE,Recurring Billing Dispute,2025-05-08,1499,588,273,2025-05-25,17,contested,lost,2025-05-30,4,5,4,1,0.5137166666666667,4,2,0.8,1499,credit_card,0,0.0,0,,0.2893579653135474,passed,1,1,0,0,,,subscription_edtech,subscription_edtech,medium,digital_service,1,0.6761215261884613,0,1,41,17.0,33.44375,0
DSP000828,TXN0182137,M000230,CUS0064713,RuPay,RECURRING_BILLING_DISPUTE,Recurring Billing Dispute,2025-10-02,1499,536,239,2025-10-15,13,contested,lost,2025-10-18,3,5,3,2,0.4773,3,3,0.6,1499,credit_card,0,0.0,0,,0.0284302851506162,passed,1,5,0,0,,,subscription_edtech,subscription_edtech,medium,digital_service,1,0.6761215261884613,0,1,41,13.0,43.41875,0
DSP000829,TXN0181336,M000230,,Mastercard,CREDIT_NOT_PROCESSED,Credit Not Processed,2025-08-02,4999,692,162,2025-08-21,19,contested,won,2025-08-31,4,4,3,1,0.5874166666666666,4,2,0.75,4999,credit_card,0,0.0,0,,0.2477930279330248,passed,1,1,1,0,,,subscription_edtech,subscription_edtech,medium,digital_service,1,0.6761215261884613,0,1,41,19.0,74.54097222222222,1
DSP000830,TXN0181453,M000230,CUS0065315,Visa,UNAUTHORIZED_TRANSACTION,Unauthorized Transaction,2026-01-05,999,563,182,2026-01-25,20,contested,lost,2026-02-13,2,4,0,4,0.2895666666666667,2,4,0.0,999,credit_card,2,2998.0,0,165.0,0.1950993300435048,failed,1,2,0,0,,,subscription_edtech,subscription_edtech,medium,digital_service,1,0.6761215261884613,0,1,41,20.0,25.339583333333334,0
DSP000831,TXN0181750,M000230,,RuPay,RECURRING_BILLING_DISPUTE,Recurring Billing Dispute,2025-11-30,1499,626,238,2025-12-17,17,contested,lost,2026-01-12,1,5,1,4,0.12005,1,5,0.2,1499,debit_card,0,0.0,0,,0.2492582480910087,passed,1,1,0,0,,,subscription_edtech,subscription_edtech,medium,digital_service,1,0.6761215261884613,0,1,41,17.0,18.77986111111111,0
DSP000832,TXN0182034,M000230,CUS0065420,Mastercard,SERVICE_NOT_RENDERED,Service Not Rendered,2025-11-02,999,500,196,2025-11-16,14,contested,won,2025-12-04,4,4,3,1,0.5648833333333333,4,2,0.75,999,debit_card,0,0.0,0,,0.0705403440979539,passed,1,1,0,0,,,subscription_edtech,subscription_edtech,medium,digital_service,1,0.6761215261884613,0,1,41,14.0,7.947916666666667,1
DSP000833,TXN0183111,M000230,CUS0065240,Mastercard,CREDIT_NOT_PROCESSED,Credit Not Processed,2025-11-09,999,485,180,2025-11-17,8,contested,lost,2025-12-21,5,4,3,1,0.74545,5,1,0.75,999,debit_card,3,5497.0,0,28.0,0.2649219833528772,passed,1,1,0,0,,,subscription_edtech,subscription_edtech,medium,digital_service,1,0.6761215261884613,0,1,41,8.0,39.420138888888886,0
DSP000835,TXN0182621,M000230,,RuPay,MERCHANDISE_NOT_AS_DESCRIBED,Merchandise Not As Described,2025-06-27,999,714,207,2025-07-12,15,contested,won,2025-07-29,5,4,4,0,0.7289666666666667,5,1,1.0,999,credit_card,0,0.0,0,,0.3848729896196312,passed,1,1,0,0,,,subscription_edtech,subscription_edtech,medium,digital_service,1,0.6761215261884613,0,1,41,15.0,25.002083333333335,1
DSP000837,TXN0180657,M000230,CUS0064892,RuPay,SERVICE_NOT_RENDERED,Service Not Rendered,2025-05-21,1499,695,235,2025-05-30,9,contested,lost,2025-07-04,3,4,2,2,0.4234,3,3,0.5,1499,credit_card,1,999.0,0,28.0,0.633725554319276,passed,1,1,0,0,,,subscription_edtech,subscription_edtech,medium,digital_service,1,0.6761215261884613,0,1,41,9.0,43.00833333333333,0
DSP000839,TXN0180748,M000230,,Visa,RECURRING_BILLING_DISPUTE,Recurring Billing Dispute,2025-04-25,1499,551,291,2025-05-08,13,contested,won,2025-05-13,4,5,3,2,0.5251666666666667,4,2,0.6,1499,debit_card,0,0.0,0,,0.3696659369582383,passed,1,1,0,0,,,subscription_edtech,subscription_edtech,medium,digital_service,1,0.6761215261884613,0,1,41,13.0,57.920138888888886,1
DSP000842,TXN0182466,M000230,CUS0065442,RuPay,CREDIT_NOT_PROCESSED,Credit Not Processed,2025-04-17,2999,712,266,2025-05-07,20,contested,won,2025-05-26,6,4,4,0,0.9221666666666666,6,0,1.0,2999,credit_card,0,0.0,0,,0.0476845464514867,passed,0,1,0,0,,,subscription_edtech,subscription_edtech,medium,digital_service,1,0.6761215261884613,0,1,41,20.0,63.65763888888889,1
DSP000843,TXN0181316,M000230,CUS0065257,Mastercard,CREDIT_NOT_PROCESSED,Credit Not Processed,2025-11-19,4999,706,266,2025-12-01,12,contested,lost,2025-12-15,4,4,2,2,0.5497666666666666,4,2,0.5,4999,credit_card,1,999.0,0,30.0,0.4530521317602911,passed,1,1,0,0,,,subscription_edtech,subscription_edtech,medium,digital_service,1,0.6761215261884613,0,1,41,12.0,69.12013888888889,0
DSP000846,TXN0184285,M000231,,Mastercard,UNAUTHORIZED_TRANSACTION,Unauthorized Transaction,2025-04-11,999,519,296,2025-04-22,11,contested,lost,2025-05-01,4,4,2,2,0.55415,4,2,0.5,999,debit_card,0,0.0,0,,0.4866583284625052,failed,1,1,0,0,,,subscription_edtech,subscription_edtech,medium,digital_service,1,0.6619964776450087,0,1,25,11.0,14.106944444444444,0
DSP000848,TXN0184044,M000231,CUS0065784,Mastercard,SERVICE_NOT_RENDERED,Service Not Rendered,2026-01-05,999,562,240,2026-01-19,14,contested,won,2026-01-28,5,4,4,0,0.7071,5,1,1.0,999,credit_card,1,999.0,0,91.0,0.2194979876883503,passed,1,1,0,0,,,subscription_edtech,subscription_edtech,medium,digital_service,1,0.6619964776450087,0,1,25,14.0,20.302777777777777,1
DSP000851,TXN0184667,M000231,CUS0066280,Mastercard,CREDIT_NOT_PROCESSED,Credit Not Processed,2025-06-06,999,467,259,2025-06-14,8,contested,won,2025-07-21,6,4,4,0,0.8079000000000001,6,0,1.0,999,credit_card,2,1998.0,0,16.0,0.2709483421742362,passed,1,2,0,1,,,subscription_edtech,subscription_edtech,medium,digital_service,1,0.6619964776450087,0,1,25,8.0,66.22708333333334,1
DSP000855,TXN0185478,M000231,CUS0066127,RuPay,UNAUTHORIZED_TRANSACTION,Unauthorized Transaction,2025-02-04,999,678,232,2025-02-12,8,contested,lost,2025-03-11,4,4,3,1,0.5630166666666666,4,2,0.75,999,credit_card,0,0.0,0,,0.5007320630713624,failed,1,1,0,0,,,subscription_edtech,subscription_edtech,medium,digital_service,1,0.6619964776450087,0,1,25,8.0,20.301388888888887,0
DSP000856,TXN0185990,M000232,,Visa,MERCHANDISE_NOT_AS_DESCRIBED,Merchandise Not As Described,2025-08-21,1549,702,192,2025-08-28,7,contested,won,2025-09-04,6,3,3,0,0.9133333333333332,6,0,1.0,1549,credit_card,0,0.0,0,,0.084963803647834,not_applicable,1,2,0,0,delivered,0.0,d2c_brand,d2c_brand,medium,physical_delivery,0,0.8595021671361506,1,1,21,7.0,17.704166666666666,1
DSP000857,TXN0186093,M000232,CUS0066901,Visa,UNAUTHORIZED_TRANSACTION,Unauthorized Transaction,2025-09-24,1299,484,294,2025-10-09,15,contested,lost,2025-10-29,5,4,3,1,0.7824333333333332,5,1,0.75,1299,credit_card,1,389.0,0,91.0,0.0985323280715439,passed,1,1,0,0,delivered,0.0,d2c_brand,d2c_brand,medium,physical_delivery,0,0.8595021671361506,1,1,21,15.0,56.202083333333334,0
DSP000859,TXN0188501,M000232,CUS0066671,RuPay,UNAUTHORIZED_TRANSACTION,Unauthorized Transaction,2025-07-14,379,653,271,2025-08-01,18,contested,lost,2025-08-01,6,4,4,0,0.92325,6,0,1.0,379,debit_card,2,4048.0,0,39.0,0.3329491491171952,passed,1,1,0,0,delivered,1.0,d2c_brand,d2c_brand,medium,physical_delivery,0,0.8595021671361506,1,1,21,18.0,63.24583333333333,0
DSP000860,TXN0187499,M000232,CUS0066637,Mastercard,MERCHANDISE_NOT_RECEIVED,Merchandise Not Received,2025-11-18,2799,671,290,2025-12-06,18,contested,won,2025-12-21,5,4,4,0,0.7862,5,1,1.0,2799,credit_card,1,3395.0,0,286.0,0.0818646991236262,passed,1,3,0,0,delivered,1.0,d2c_brand,d2c_brand,medium,physical_delivery,0,0.8595021671361506,1,1,21,18.0,28.07777777777778,1
DSP000864,TXN0186927,M000232,,Mastercard,MERCHANDISE_NOT_RECEIVED,Merchandise Not Received,2025-02-03,6895,649,192,2025-02-13,10,contested,lost,2025-03-12,5,4,3,1,0.7624,5,1,0.75,6895,debit_card,0,0.0,0,,0.2417457190661611,not_applicable,1,1,0,0,delivered,1.0,d2c_brand,d2c_brand,medium,physical_delivery,0,0.8595021671361506,1,1,21,10.0,11.255555555555556,0
DSP000866,TXN0186649,M000232,CUS0067113,Mastercard,UNAUTHORIZED_TRANSACTION,Unauthorized Transaction,2025-11-01,459,450,234,2025-11-14,13,contested,lost,2025-11-21,5,4,3,1,0.7911833333333332,5,1,0.75,459,credit_card,3,5997.0,0,14.0,0.3478368441332616,failed,1,2,0,1,delivered,0.0,d2c_brand,d2c_brand,medium,physical_delivery,0,0.8595021671361506,1,1,21,13.0,40.74236111111111,0
DSP000867,TXN0190998,M000233,CUS0068189,Visa,CREDIT_NOT_PROCESSED,Credit Not Processed,2025-05-13,6799,501,192,2025-06-01,19,contested,lost,2025-06-02,3,4,2,2,0.46491666666666664,3,3,0.5,6799,credit_card,3,29747.0,0,15.0,0.0904542733060171,passed,1,1,0,0,,,travel_booking,travel_booking,medium,booking_service,0,0.6748671802366102,0,1,19,19.0,46.892361111111114,0
DSP000870,TXN0190440,M000233,CUS0067440,RuPay,CREDIT_NOT_PROCESSED,Credit Not Processed,2025-08-30,7495,698,268,2025-09-10,11,contested,won,2025-09-25,5,4,4,0,0.7014666666666667,5,1,1.0,7495,debit_card,0,0.0,0,,0.3526333444265426,not_applicable,0,1,0,0,,,travel_booking,travel_booking,medium,booking_service,0,0.6748671802366102,0,1,19,11.0,25.014583333333334,1
DSP000872,TXN0189269,M000233,CUS0068238,RuPay,UNAUTHORIZED_TRANSACTION,Unauthorized Transaction,2025-05-31,6999,629,275,2025-06-12,12,contested,lost,2025-06-18,4,3,1,2,0.51025,4,2,0.3333333333333333,6999,credit_card,0,0.0,0,,0.2885626597337214,failed,1,1,1,0,,,travel_booking,travel_booking,medium,booking_service,0,0.6748671802366102,0,1,19,12.0,56.5125,0
DSP000873,TXN0190722,M000233,CUS0067716,Visa,MERCHANDISE_NOT_AS_DESCRIBED,Merchandise Not As Described,2026-02-04,7499,671,194,2026-02-18,14,contested,lost,2026-03-16,4,3,2,1,0.6127666666666666,4,2,0.6666666666666666,7499,debit_card,2,7944.0,0,15.0,0.5356230136384786,passed,1,3,0,1,,,travel_booking,travel_booking,medium,booking_service,0,0.6748671802366102,0,1,19,14.0,74.01180555555555,0
DSP000874,TXN0193663,M000234,CUS0069017,Visa,DUPLICATE_TRANSACTION,Duplicate Transaction,2025-12-19,2999,744,281,2026-01-08,20,contested,won,2026-01-14,6,2,2,0,0.9101333333333333,6,0,1.0,2999,debit_card,3,14997.0,0,96.0,0.0786384759237687,passed,1,1,0,0,,,saas_tools,saas_tools,medium,digital_service,1,0.818518164646182,0,1,39,20.0,44.16319444444444,1
DSP000875,TXN0191619,M000234,CUS0068439,Visa,CREDIT_NOT_PROCESSED,Credit Not Processed,2025-04-05,2999,705,297,2025-04-21,16,contested,lost,2025-05-12,4,4,3,1,0.5913499999999999,4,2,0.75,2999,credit_card,0,0.0,0,,0.1934647943579205,not_applicable,1,1,0,0,,,saas_tools,saas_tools,medium,digital_service,1,0.818518164646182,0,1,39,16.0,49.3,0
DSP000876,TXN0193789,M000234,CUS0068808,Visa,CREDIT_NOT_PROCESSED,Credit Not Processed,2025-05-06,2999,488,195,2025-05-27,21,contested,lost,2025-05-29,5,4,4,0,0.74615,5,1,1.0,2999,credit_card,0,0.0,0,,0.3118647080548023,passed,1,1,0,0,,,saas_tools,saas_tools,medium,digital_service,1,0.818518164646182,0,1,39,21.0,61.53402777777778,0
DSP000877,TXN0192295,M000234,CUS0069179,Visa,RECURRING_BILLING_DISPUTE,Recurring Billing Dispute,2025-03-08,4999,524,197,2025-03-26,18,contested,won,2025-03-30,6,5,5,0,0.9428,6,0,1.0,4999,credit_card,0,0.0,0,,0.3646143519988981,passed,1,2,0,0,,,saas_tools,saas_tools,medium,digital_service,1,0.818518164646182,0,1,39,18.0,37.24930555555556,1
DSP000878,TXN0192731,M000234,CUS0068675,Visa,SERVICE_NOT_RENDERED,Service Not Rendered,2025-07-28,19999,673,167,2025-08-17,20,contested,lost,2025-08-30,3,4,2,2,0.43734999999999996,3,3,0.5,19999,credit_card,0,0.0,0,,0.3489260827477252,passed,1,1,0,0,,,saas_tools,saas_tools,medium,digital_service,1,0.818518164646182,0,1,39,20.0,36.734722222222224,0
DSP000880,TXN0193168,M000234,CUS0068917,Mastercard,RECURRING_BILLING_DISPUTE,Recurring Billing Dispute,2025-04-18,2999,469,239,2025-05-07,19,contested,lost,2025-05-06,3,5,2,3,0.49,3,3,0.4,2999,debit_card,0,0.0,0,,0.4978011590823524,failed,1,1,0,0,,,saas_tools,saas_tools,medium,digital_service,1,0.818518164646182,0,1,39,19.0,72.57152777777777,0
DSP000881,TXN0191755,M000234,CUS0068738,Visa,RECURRING_BILLING_DISPUTE,Recurring Billing Dispute,2025-08-17,399,466,185,2025-08-28,11,contested,won,2025-09-16,4,5,3,2,0.59265,4,2,0.6,399,credit_card,1,2999.0,0,158.0,0.1719157039274901,passed,1,1,0,0,,,saas_tools,saas_tools,medium,digital_service,1,0.818518164646182,0,1,39,11.0,44.28055555555556,1
DSP000882,TXN0193658,M000234,CUS0068579,Visa,SERVICE_NOT_RENDERED,Service Not Rendered,2025-05-16,4999,646,161,2025-05-28,12,contested,won,2025-06-27,5,4,4,0,0.7443833333333334,5,1,1.0,4999,credit_card,1,2999.0,0,88.0,0.1878347617220422,passed,0,1,0,0,,,saas_tools,saas_tools,medium,digital_service,1,0.818518164646182,0,1,39,12.0,27.647222222222222,1
DSP000884,TXN0192264,M000234,,Mastercard,CREDIT_NOT_PROCESSED,Credit Not Processed,2025-04-24,2999,405,192,2025-05-09,15,contested,lost,2025-05-23,4,4,2,2,0.57365,4,2,0.5,2999,debit_card,0,0.0,0,,0.42433710423691,passed,1,1,0,0,,,saas_tools,saas_tools,medium,digital_service,1,0.818518164646182,0,1,39,15.0,15.604861111111111,0
DSP000886,TXN0192198,M000234,CUS0068769,RuPay,UNAUTHORIZED_TRANSACTION,Unauthorized Transaction,2025-12-12,19999,500,197,2025-12-29,17,contested,lost,2026-01-08,4,4,2,2,0.6235166666666666,4,2,0.5,19999,debit_card,0,0.0,0,,0.1621895158680383,passed,1,4,0,0,,,saas_tools,saas_tools,medium,digital_service,1,0.818518164646182,0,1,39,17.0,50.52708333333333,0
DSP000888,TXN0196163,M000235,,Visa,UNAUTHORIZED_TRANSACTION,Unauthorized Transaction,2026-02-06,6899,536,203,2026-02-24,18,contested,lost,2026-03-14,5,3,2,1,0.7003833333333334,5,1,0.6666666666666666,6899,credit_card,0,0.0,0,,0.0638938774875472,passed,0,1,0,0,,,travel_booking,travel_booking,medium,booking_service,0,0.5475995034695811,0,1,96,18.0,69.43125,0
DSP000889,TXN0196333,M000235,CUS0069892,Visa,CREDIT_NOT_PROCESSED,Credit Not Processed,2025-04-25,42999,698,238,2025-05-11,16,contested,lost,2025-05-22,3,4,2,2,0.4359166666666667,3,3,0.5,42999,debit_card,0,0.0,0,,0.0888257652877031,passed,1,2,0,0,,,travel_booking,travel_booking,medium,booking_service,0,0.5475995034695811,0,1,96,16.0,16.95486111111111,0
DSP000890,TXN0194603,M000235,CUS0069889,Mastercard,SERVICE_NOT_RENDERED,Service Not Rendered,2025-08-01,5299,444,255,2025-08-18,17,contested,lost,2025-09-01,4,3,1,2,0.5827166666666667,4,2,0.3333333333333333,5299,credit_card,1,7399.0,0,40.0,0.1760305126969308,passed,1,1,0,0,,,travel_booking,travel_booking,medium,booking_service,0,0.5475995034695811,0,1,96,17.0,44.675694444444446,0
DSP000891,TXN0194662,M000235,CUS0070007,Visa,DUPLICATE_TRANSACTION,Duplicate Transaction,2025-01-28,9795,702,242,2025-02-17,20,contested,lost,2025-03-01,2,2,1,1,0.2571,2,4,0.5,9795,credit_card,0,0.0,0,,0.4447739190307236,passed,1,1,0,0,,,travel_booking,travel_booking,medium,booking_service,0,0.5475995034695811,0,1,96,20.0,25.352777777777778,0
DSP000896,TXN0198990,M000236,,Visa,RECURRING_BILLING_DISPUTE,Recurring Billing Dispute,2025-11-11,4999,728,209,2025-11-25,14,contested,won,2025-12-14,6,5,5,0,0.98,6,0,1.0,4999,credit_card,0,0.0,0,,0.4068038867856309,passed,1,1,0,0,,,saas_tools,saas_tools,medium,digital_service,1,0.9126906514458172,0,1,64,14.0,71.12638888888888,1
DSP000897,TXN0198441,M000236,,Visa,RECURRING_BILLING_DISPUTE,Recurring Billing Dispute,2025-02-03,1499,715,189,2025-02-17,14,contested,lost,2025-03-08,5,5,4,1,0.7813333333333333,5,1,0.8,1499,debit_card,0,0.0,0,,0.0560036827930081,passed,0,2,0,0,,,saas_tools,saas_tools,medium,digital_service,1,0.9126906514458172,0,1,64,14.0,18.894444444444446,0
DSP000898,TXN0199277,M000236,CUS0070751,Visa,UNAUTHORIZED_TRANSACTION,Unauthorized Transaction,2025-10-09,4999,439,179,2025-10-22,13,contested,lost,2025-11-13,5,4,3,1,0.8087333333333334,5,1,0.75,4999,debit_card,0,0.0,0,,0.1606908355561021,passed,1,1,0,0,,,saas_tools,saas_tools,medium,digital_service,1,0.9126906514458172,0,1,64,13.0,67.77222222222223,0
DSP000899,TXN0196923,M000236,CUS0070742,Mastercard,RECURRING_BILLING_DISPUTE,Recurring Billing Dispute,2025-05-27,399,402,165,2025-06-11,15,contested,won,2025-06-23,6,5,5,0,0.9234166666666667,6,0,1.0,399,credit_card,2,5398.0,0,63.0,0.1676479967246305,passed,0,2,0,0,,,saas_tools,saas_tools,medium,digital_service,1,0.9126906514458172,0,1,64,15.0,4.526388888888889,1
DSP000900,TXN0198772,M000236,,RuPay,RECURRING_BILLING_DISPUTE,Recurring Billing Dispute,2025-09-29,399,473,259,2025-10-18,19,contested,won,2025-11-03,6,5,5,0,0.9050833333333334,6,0,1.0,399,debit_card,0,0.0,0,,0.2567437395325349,passed,0,1,0,0,,,saas_tools,saas_tools,medium,digital_service,1,0.9126906514458172,0,1,64,19.0,27.2,1
DSP000901,TXN0199221,M000236,,Mastercard,RECURRING_BILLING_DISPUTE,Recurring Billing Dispute,2025-07-15,19999,650,196,2025-07-25,10,contested,won,2025-08-03,6,5,5,0,0.9201166666666666,6,0,1.0,19999,debit_card,0,0.0,0,,0.2079188077413125,passed,1,1,0,0,,,saas_tools,saas_tools,medium,digital_service,1,0.9126906514458172,0,1,64,10.0,11.213194444444444,1
DSP000902,TXN0197528,M000236,,RuPay,RECURRING_BILLING_DISPUTE,Recurring Billing Dispute,2025-09-20,399,690,159,2025-10-01,11,contested,won,2025-10-16,6,5,5,0,0.9667833333333333,6,0,1.0,399,credit_card,0,0.0,0,,0.3120268192518877,passed,1,1,0,0,,,saas_tools,saas_tools,medium,digital_service,1,0.9126906514458172,0,1,64,11.0,62.22013888888889,1
DSP000905,TXN0197175,M000236,CUS0070265,Visa,RECURRING_BILLING_DISPUTE,Recurring Billing Dispute,2025-01-27,19999,427,251,2025-02-13,17,contested,won,2025-02-15,6,5,5,0,0.9429833333333333,6,0,1.0,19999,credit_card,0,0.0,0,,0.3071164693099338,failed,1,2,0,0,,,saas_tools,saas_tools,medium,digital_service,1,0.9126906514458172,0,1,64,17.0,18.139583333333334,1
DSP000906,TXN0196687,M000236,,Visa,RECURRING_BILLING_DISPUTE,Recurring Billing Dispute,2025-02-13,1499,408,267,2025-03-02,17,contested,won,2025-03-19,6,5,5,0,0.9418833333333333,6,0,1.0,1499,debit_card,0,0.0,0,,0.28017605721465,passed,0,2,0,0,,,saas_tools,saas_tools,medium,digital_service,1,0.9126906514458172,0,1,64,17.0,28.519444444444446,1
DSP000908,TXN0201584,M000237,CUS0072018,Mastercard,DUPLICATE_TRANSACTION,Duplicate Transaction,2025-08-24,19999,496,237,2025-09-09,16,contested,won,2025-09-18,6,2,2,0,0.96605,6,0,1.0,19999,credit_card,3,1197.0,0,40.0,0.1400612072465949,failed,1,2,0,0,,,saas_tools,saas_tools,medium,digital_service,1,0.91723258312303,0,1,16,16.0,71.43055555555556,1
DSP000909,TXN0201046,M000237,,Visa,CREDIT_NOT_PROCESSED,Credit Not Processed,2026-02-01,399,422,299,2026-02-20,19,contested,won,2026-03-09,5,4,3,1,0.7774666666666666,5,1,0.75,399,credit_card,0,0.0,0,,0.3135585059240786,failed,1,1,0,0,,,saas_tools,saas_tools,medium,digital_service,1,0.91723258312303,0,1,16,19.0,34.583333333333336,1
DSP000911,TXN0200856,M000237,,Visa,RECURRING_BILLING_DISPUTE,Recurring Billing Dispute,2025-03-31,399,595,270,2025-04-11,11,contested,won,2025-04-22,6,5,5,0,0.9370833333333333,6,0,1.0,399,credit_card,0,0.0,0,,0.4801085511980804,passed,1,1,0,0,,,saas_tools,saas_tools,medium,digital_service,1,0.91723258312303,0,1,16,11.0,54.55902777777778,1
DSP000912,TXN0201429,M000237,CUS0071418,Visa,RECURRING_BILLING_DISPUTE,Recurring Billing Dispute,2025-06-02,19999,511,288,2025-06-20,18,contested,won,2025-06-17,6,5,5,0,0.967,6,0,1.0,19999,credit_card,0,0.0,0,,0.3942229522169759,passed,1,3,0,1,,,saas_tools,saas_tools,medium,digital_service,1,0.91723258312303,0,1,16,18.0,35.78402777777778,1
DSP000913,TXN0200015,M000237,,Visa,CREDIT_NOT_PROCESSED,Credit Not Processed,2025-05-29,19999,507,169,2025-06-13,15,contested,lost,2025-06-30,5,4,3,1,0.8097833333333333,5,1,0.75,19999,debit_card,0,0.0,0,,0.2334574494208707,passed,1,2,0,0,,,saas_tools,saas_tools,medium,digital_service,1,0.91723258312303,0,1,16,15.0,17.3875,0
DSP000914,TXN0200750,M000237,CUS0071305,Visa,RECURRING_BILLING_DISPUTE,Recurring Billing Dispute,2025-04-01,399,589,252,2025-04-08,7,contested,won,2025-04-16,6,5,5,0,0.9517666666666665,6,0,1.0,399,debit_card,1,49999.0,0,6.0,0.3880029597127469,passed,1,1,0,0,,,saas_tools,saas_tools,medium,digital_service,1,0.91723258312303,0,1,16,7.0,70.47847222222222,1
DSP000915,TXN0199602,M000237,CUS0071452,Visa,RECURRING_BILLING_DISPUTE,Recurring Billing Dispute,2025-07-03,19999,437,175,2025-07-13,10,contested,won,2025-08-01,5,5,4,1,0.8166666666666668,5,1,0.8,19999,credit_card,0,0.0,0,,0.2482718094581624,passed,1,1,0,0,,,saas_tools,saas_tools,medium,digital_service,1,0.91723258312303,0,1,16,10.0,12.5,1
DSP000917,TXN0201898,M000237,CUS0071921,Visa,UNAUTHORIZED_TRANSACTION,Unauthorized Transaction,2025-08-26,399,527,292,2025-09-07,12,contested,won,2025-09-26,6,4,4,0,0.96285,6,0,1.0,399,credit_card,0,0.0,0,,0.5574138587161632,passed,1,1,0,0,,,saas_tools,saas_tools,medium,digital_service,1,0.91723258312303,0,1,16,12.0,60.74444444444445,1
DSP000920,TXN0203525,M000238,CUS0072688,Visa,MERCHANDISE_NOT_AS_DESCRIBED,Merchandise Not As Described,2026-01-25,649,620,278,2026-02-13,19,contested,lost,2026-02-24,6,3,3,0,0.9301833333333334,6,0,1.0,649,credit_card,2,1994.0,0,28.0,0.2171367838253049,passed,1,1,0,0,delivered,0.0,d2c_brand,d2c_brand,medium,physical_delivery,0,0.7636652775258042,1,1,40,19.0,50.03333333333333,0
DSP000921,TXN0203343,M000238,,Visa,MERCHANDISE_NOT_RECEIVED,Merchandise Not Received,2025-03-06,945,527,184,2025-03-20,14,contested,won,2025-03-24,6,4,4,0,0.9207333333333333,6,0,1.0,945,debit_card,0,0.0,0,,0.1536203290146232,passed,1,1,0,0,in_transit,0.0,d2c_brand,d2c_brand,medium,physical_delivery,0,0.7636652775258042,1,1,40,14.0,8.651388888888889,1
DSP000923,TXN0202396,M000238,,Mastercard,UNAUTHORIZED_TRANSACTION,Unauthorized Transaction,2025-03-30,999,618,187,2025-04-15,16,contested,lost,2025-04-17,4,4,3,1,0.6213333333333333,4,2,0.75,999,debit_card,0,0.0,0,,0.4180732699511251,passed,1,2,1,0,delivered,1.0,d2c_brand,d2c_brand,medium,physical_delivery,0,0.7636652775258042,1,1,40,16.0,34.947916666666664,0
DSP000926,TXN0202903,M000238,,Visa,MERCHANDISE_NOT_AS_DESCRIBED,Merchandise Not As Described,2025-06-22,2149,477,225,2025-07-09,17,contested,won,2025-07-28,4,3,3,0,0.6496166666666666,4,2,1.0,2149,debit_card,0,0.0,0,,0.0979000878669069,passed,1,2,0,0,delivered,1.0,d2c_brand,d2c_brand,medium,physical_delivery,0,0.7636652775258042,1,1,40,17.0,35.79236111111111,1
DSP000929,TXN0204464,M000238,CUS0072692,Visa,MERCHANDISE_NOT_AS_DESCRIBED,Merchandise Not As Described,2025-08-15,2699,414,251,2025-08-31,16,contested,lost,2025-09-08,5,3,3,0,0.6526500000000001,5,1,1.0,2699,debit_card,1,699.0,0,74.0,0.7227490477485137,passed,1,1,0,0,delivered,1.0,d2c_brand,d2c_brand,medium,physical_delivery,0,0.7636652775258042,1,1,40,16.0,52.16458333333333,0
DSP000931,TXN0207299,M000239,CUS0073682,Visa,RECURRING_BILLING_DISPUTE,Recurring Billing Dispute,2025-03-11,1499,724,195,2025-03-27,16,contested,won,2025-03-25,5,5,4,1,0.762,5,1,0.8,1499,credit_card,0,0.0,0,,0.5079248678198022,passed,0,1,0,0,,,saas_tools,saas_tools,medium,digital_service,1,0.7902838309113859,0,0,101,16.0,20.785416666666666,1
DSP000932,TXN0206665,M000239,CUS0073657,Visa,RECURRING_BILLING_DISPUTE,Recurring Billing Dispute,2025-03-18,1499,438,190,2025-04-01,14,contested,won,2025-04-10,6,5,5,0,0.9339833333333334,6,0,1.0,1499,credit_card,0,0.0,0,,0.0968132704419537,passed,0,2,0,0,,,saas_tools,saas_tools,medium,digital_service,1,0.7902838309113859,0,0,101,14.0,72.2923611111111,1
DSP000933,TXN0207275,M000239,,Visa,RECURRING_BILLING_DISPUTE,Recurring Billing Dispute,2025-06-07,1499,685,229,2025-06-17,10,contested,won,2025-07-05,5,5,4,1,0.7785500000000001,5,1,0.8,1499,credit_card,0,0.0,0,,0.1005585766039218,passed,1,1,0,1,,,saas_tools,saas_tools,medium,digital_service,1,0.7902838309113859,0,0,101,10.0,47.452777777777776,1
DSP000934,TXN0205168,M000239,,Visa,CREDIT_NOT_PROCESSED,Credit Not Processed,2025-12-23,1499,475,193,2026-01-08,16,contested,won,2026-01-22,5,4,3,1,0.7739166666666666,5,1,0.75,1499,credit_card,0,0.0,0,,0.3694785283209472,passed,1,1,0,0,,,saas_tools,saas_tools,medium,digital_service,1,0.7902838309113859,0,0,101,16.0,7.7340277777777775,1
DSP000936,TXN0205175,M000239,,Visa,SERVICE_NOT_RENDERED,Service Not Rendered,2025-07-22,4999,738,169,2025-08-12,21,contested,won,2025-08-21,5,4,4,0,0.8098166666666667,5,1,1.0,4999,debit_card,0,0.0,0,,0.2178616829379444,passed,1,2,1,0,,,saas_tools,saas_tools,medium,digital_service,1,0.7902838309113859,0,0,101,21.0,27.929166666666667,1
DSP000939,TXN0205839,M000239,CUS0073896,Mastercard,UNAUTHORIZED_TRANSACTION,Unauthorized Transaction,2025-04-11,4999,688,294,2025-04-29,18,contested,won,2025-05-19,5,4,4,0,0.7389,5,1,1.0,4999,credit_card,0,0.0,0,,0.0834700369060551,passed,1,1,0,0,,,saas_tools,saas_tools,medium,digital_service,1,0.7902838309113859,0,0,101,18.0,46.47291666666667,1
DSP000940,TXN0209937,M000240,CUS0074768,Mastercard,DUPLICATE_TRANSACTION,Duplicate Transaction,2025-07-03,12799,486,177,2025-07-18,15,contested,won,2025-07-31,4,2,2,0,0.61995,4,2,1.0,12799,debit_card,0,0.0,0,,0.1922676378533894,passed,1,2,0,0,,,travel_booking,travel_booking,medium,booking_service,0,0.5843091364481799,0,0,33,15.0,12.539583333333333,1
DSP000941,TXN0208718,M000240,,Mastercard,MERCHANDISE_NOT_AS_DESCRIBED,Merchandise Not As Described,2025-02-22,16499,633,257,2025-03-10,16,contested,lost,2025-03-17,2,3,2,1,0.3259,2,4,0.6666666666666666,16499,debit_card,0,0.0,0,,0.3230234178791631,passed,1,1,0,1,,,travel_booking,travel_booking,medium,booking_service,0,0.5843091364481799,0,0,33,16.0,42.53611111111111,0
DSP000942,TXN0208475,M000240,,Visa,SERVICE_NOT_RENDERED,Service Not Rendered,2025-08-31,6799,471,187,2025-09-08,8,contested,won,2025-10-07,4,3,1,2,0.5671833333333333,4,2,0.3333333333333333,6799,debit_card,0,0.0,0,,0.5081021857292096,passed,1,1,0,0,,,travel_booking,travel_booking,medium,booking_service,0,0.5843091364481799,0,0,33,8.0,46.65972222222222,1
DSP000943,TXN0208431,M000240,CUS0074284,Visa,CREDIT_NOT_PROCESSED,Credit Not Processed,2025-06-11,3349,498,206,2025-06-18,7,contested,lost,2025-07-24,4,4,3,1,0.5474833333333333,4,2,0.75,3349,debit_card,1,23999.0,0,34.0,0.6215483681541946,passed,1,1,0,0,,,travel_booking,travel_booking,medium,booking_service,0,0.5843091364481799,0,0,33,7.0,35.43402777777778,0
DSP000944,TXN0207660,M000240,CUS0074537,Mastercard,MERCHANDISE_NOT_AS_DESCRIBED,Merchandise Not As Described,2025-12-30,7999,440,271,2026-01-20,21,contested,won,2026-01-15,3,3,2,1,0.44635,3,3,0.6666666666666666,7999,debit_card,3,20947.0,0,231.0,0.5493609102474878,passed,1,1,0,0,,,travel_booking,travel_booking,medium,booking_service,0,0.5843091364481799,0,0,33,21.0,30.29722222222222,1
DSP000945,TXN0207968,M000240,CUS0074812,Mastercard,UNAUTHORIZED_TRANSACTION,Unauthorized Transaction,2025-12-13,6299,713,292,2025-12-26,13,contested,lost,2025-12-28,5,3,2,1,0.7135833333333333,5,1,0.6666666666666666,6299,debit_card,2,51998.0,0,106.0,0.1362325624335855,passed,1,2,0,0,,,travel_booking,travel_booking,medium,booking_service,0,0.5843091364481799,0,0,33,13.0,57.763888888888886,0
DSP000946,TXN0209325,M000240,CUS0074579,Visa,CREDIT_NOT_PROCESSED,Credit Not Processed,2025-05-12,19999,703,191,2025-05-31,19,contested,lost,2025-06-19,3,4,3,1,0.3853333333333333,3,3,0.75,19999,debit_card,1,2749.0,0,34.0,0.3541181995227172,passed,1,1,0,0,,,travel_booking,travel_booking,medium,booking_service,0,0.5843091364481799,0,0,33,19.0,44.44722222222222,0
DSP000947,TXN0209332,M000240,,Visa,SERVICE_NOT_RENDERED,Service Not Rendered,2026-01-13,2799,473,153,2026-01-21,8,contested,lost,2026-02-17,4,3,1,2,0.52475,4,2,0.3333333333333333,2799,debit_card,0,0.0,0,,0.3143322293351621,passed,0,1,0,1,,,travel_booking,travel_booking,medium,booking_service,0,0.5843091364481799,0,0,33,8.0,35.34166666666667,0
DSP000948,TXN0208783,M000240,CUS0074479,Mastercard,MERCHANDISE_NOT_AS_DESCRIBED,Merchandise Not As Described,2025-09-20,8899,708,187,2025-10-11,21,contested,lost,2025-10-24,5,3,3,0,0.7329166666666667,5,1,1.0,8899,debit_card,0,0.0,0,,0.4105102047577869,failed,1,1,0,0,,,travel_booking,travel_booking,medium,booking_service,0,0.5843091364481799,0,0,33,21.0,31.48402777777778,0
DSP000950,TXN0211410,M000241,CUS0075758,Mastercard,SERVICE_NOT_RENDERED,Service Not Rendered,2025-06-26,8999,535,185,2025-07-13,17,contested,lost,2025-07-15,2,4,1,3,0.26481666666666664,2,4,0.25,8999,credit_card,0,0.0,0,,0.3122717304909794,passed,1,1,0,0,,,fitness_membership,fitness_membership,medium,membership_service,1,0.5482514892782733,0,1,17,17.0,18.035416666666666,0
DSP000951,TXN0212401,M000241,CUS0075884,Mastercard,RECURRING_BILLING_DISPUTE,Recurring Billing Dispute,2025-05-29,1499,617,192,2025-06-18,20,contested,lost,2025-06-28,4,5,3,2,0.5080833333333333,4,2,0.6,1499,debit_card,0,0.0,0,,0.4146083755034325,passed,1,1,0,0,,,fitness_membership,fitness_membership,medium,membership_service,1,0.5482514892782733,0,1,17,20.0,41.39375,0
DSP000952,TXN0210243,M000241,,Mastercard,MERCHANDISE_NOT_AS_DESCRIBED,Merchandise Not As Described,2025-07-12,1499,730,244,2025-07-22,10,contested,lost,2025-08-26,4,4,3,1,0.4484666666666666,4,2,0.75,1499,debit_card,0,0.0,0,,0.4119487838436373,passed,1,5,1,0,,,fitness_membership,fitness_membership,medium,membership_service,1,0.5482514892782733,0,1,17,10.0,67.66527777777777,0
DSP000960,TXN0211044,M000241,CUS0075816,Mastercard,RECURRING_BILLING_DISPUTE,Recurring Billing Dispute,2025-10-02,1499,723,190,2025-10-13,11,contested,lost,2025-11-08,3,5,3,2,0.40186666666666665,3,3,0.6,1499,debit_card,1,1499.0,0,116.0,0.309104327893234,passed,1,4,0,0,,,fitness_membership,fitness_membership,medium,membership_service,1,0.5482514892782733,0,1,17,11.0,58.990972222222226,0
DSP000963,TXN0213237,M000242,,Mastercard,CREDIT_NOT_PROCESSED,Credit Not Processed,2025-12-11,499,516,239,2025-12-24,13,contested,lost,2025-12-29,3,4,2,2,0.42874999999999996,3,3,0.5,499,credit_card,0,0.0,0,,0.4232123040778601,failed,1,1,0,0,,,subscription_edtech,subscription_edtech,medium,digital_service,1,0.5935036960374831,0,0,17,13.0,13.936111111111112,0
DSP000964,TXN0214970,M000242,CUS0076204,Visa,UNAUTHORIZED_TRANSACTION,Unauthorized Transaction,2025-05-15,499,621,260,2025-05-27,12,contested,lost,2025-06-10,3,4,1,3,0.4689666666666667,3,3,0.25,499,credit_card,0,0.0,0,,0.040401606437058,passed,1,1,0,0,,,subscription_edtech,subscription_edtech,medium,digital_service,1,0.5935036960374831,0,0,17,12.0,64.34375,0
DSP000965,TXN0213816,M000242,CUS0076197,Visa,CREDIT_NOT_PROCESSED,Credit Not Processed,2026-01-31,999,647,271,2026-02-09,9,contested,won,2026-03-17,6,4,4,0,0.76015,6,0,1.0,999,credit_card,5,4495.0,0,32.0,0.3196313531920339,passed,1,1,0,0,,,subscription_edtech,subscription_edtech,medium,digital_service,1,0.5935036960374831,0,0,17,9.0,63.53888888888889,1
DSP000968,TXN0214484,M000242,CUS0076340,RuPay,CREDIT_NOT_PROCESSED,Credit Not Processed,2025-11-01,999,461,214,2025-11-11,10,contested,lost,2025-11-18,3,4,1,3,0.44193333333333334,3,3,0.25,999,credit_card,2,1998.0,0,155.0,0.1743898955921594,passed,1,3,0,0,,,subscription_edtech,subscription_edtech,medium,digital_service,1,0.5935036960374831,0,0,17,10.0,48.42986111111111,0
DSP000969,TXN0213678,M000242,,Visa,SERVICE_NOT_RENDERED,Service Not Rendered,2026-03-04,499,501,270,2026-03-15,11,contested,won,2026-03-21,4,4,2,2,0.5725666666666667,4,2,0.5,499,debit_card,0,0.0,0,,0.3782565683102549,passed,1,1,0,0,,,subscription_edtech,subscription_edtech,medium,digital_service,1,0.5935036960374831,0,0,17,11.0,73.3,1
DSP000971,TXN0215326,M000242,CUS0076494,Mastercard,SERVICE_NOT_RENDERED,Service Not Rendered,2025-05-11,499,715,235,2025-05-27,16,contested,lost,2025-06-07,3,4,1,3,0.36310000000000003,3,3,0.25,499,credit_card,0,0.0,0,,0.2409175168639213,passed,1,2,0,0,,,subscription_edtech,subscription_edtech,medium,digital_service,1,0.5935036960374831,0,0,17,16.0,53.05555555555556,0
DSP000972,TXN0214456,M000242,CUS0076087,Visa,SERVICE_NOT_RENDERED,Service Not Rendered,2025-02-16,499,534,279,2025-02-27,11,contested,won,2025-03-08,4,4,3,1,0.5877,4,2,0.75,499,credit_card,0,0.0,0,,0.3639767601771918,passed,1,1,0,1,,,subscription_edtech,subscription_edtech,medium,digital_service,1,0.5935036960374831,0,0,17,11.0,39.49166666666667,1
DSP000975,TXN0214821,M000242,CUS0076063,Visa,RECURRING_BILLING_DISPUTE,Recurring Billing Dispute,2025-05-30,499,497,271,2025-06-16,17,contested,lost,2025-07-07,3,5,3,2,0.42083333333333334,3,3,0.6,499,debit_card,1,999.0,0,128.0,0.2205063269351115,passed,0,1,1,0,,,subscription_edtech,subscription_edtech,medium,digital_service,1,0.5935036960374831,0,0,17,17.0,12.290277777777778,0
DSP000979,TXN0216427,M000243,CUS0077228,Visa,MERCHANDISE_NOT_RECEIVED,Merchandise Not Received,2025-11-29,3099,430,199,2025-12-10,11,contested,lost,2025-12-31,4,4,3,1,0.5968333333333333,4,2,0.75,3099,credit_card,4,5942.0,0,67.0,0.3355862936138163,passed,0,1,0,0,lost,0.0,d2c_brand,d2c_brand,medium,physical_delivery,0,0.8646254634832373,1,1,25,11.0,42.83611111111111,0
DSP000980,TXN0217317,M000243,,Mastercard,MERCHANDISE_NOT_AS_DESCRIBED,Merchandise Not As Described,2025-07-11,3799,523,299,2025-07-31,20,contested,won,2025-08-17,5,3,3,0,0.79915,5,1,1.0,3799,credit_card,0,0.0,0,,0.0925004698281111,passed,1,3,0,0,delivered,1.0,d2c_brand,d2c_brand,medium,physical_delivery,0,0.8646254634832373,1,1,25,20.0,67.27152777777778,1
DSP000981,TXN0215841,M000243,CUS0077336,Visa,MERCHANDISE_NOT_AS_DESCRIBED,Merchandise Not As Described,2025-05-26,1399,617,257,2025-06-15,20,contested,won,2025-07-02,6,3,3,0,0.9629833333333333,6,0,1.0,1399,credit_card,1,379.0,0,77.0,0.0607399271333798,passed,1,1,0,0,delivered,1.0,d2c_brand,d2c_brand,medium,physical_delivery,0,0.8646254634832373,1,1,25,20.0,44.56319444444444,1
DSP000983,TXN0216961,M000243,CUS0077320,Visa,DUPLICATE_TRANSACTION,Duplicate Transaction,2025-11-14,2849,652,257,2025-11-22,8,contested,won,2025-12-17,6,2,2,0,0.9451833333333334,6,0,1.0,2849,credit_card,1,1249.0,0,47.0,0.4161340379070669,passed,0,3,0,0,delivered,1.0,d2c_brand,d2c_brand,medium,physical_delivery,0,0.8646254634832373,1,1,25,8.0,53.65902777777778,1
DSP000984,TXN0216029,M000243,CUS0077384,Visa,MERCHANDISE_NOT_AS_DESCRIBED,Merchandise Not As Described,2025-03-01,2145,687,155,2025-03-20,19,contested,won,2025-03-26,6,3,3,0,0.9428833333333334,6,0,1.0,2145,credit_card,0,0.0,0,,0.4346349224253329,passed,1,1,0,0,delivered,1.0,d2c_brand,d2c_brand,medium,physical_delivery,0,0.8646254634832373,1,1,25,19.0,42.81944444444444,1
DSP000985,TXN0216954,M000243,CUS0077115,Mastercard,DUPLICATE_TRANSACTION,Duplicate Transaction,2025-12-08,1099,719,168,2025-12-21,13,contested,won,2026-01-05,5,2,1,1,0.7771666666666667,5,1,0.5,1099,credit_card,1,799.0,0,56.0,0.411090333491489,passed,1,3,0,0,delivered,1.0,d2c_brand,d2c_brand,medium,physical_delivery,0,0.8646254634832373,1,1,25,13.0,70.64861111111111,1
DSP000986,TXN0217585,M000243,,Mastercard,MERCHANDISE_NOT_AS_DESCRIBED,Merchandise Not As Described,2025-10-21,2345,673,273,2025-10-28,7,contested,won,2025-11-13,3,3,2,1,0.4835,3,3,0.6666666666666666,2345,credit_card,0,0.0,0,,0.2784602658905787,not_applicable,1,1,0,0,in_transit,0.0,d2c_brand,d2c_brand,medium,physical_delivery,0,0.8646254634832373,1,1,25,7.0,10.57013888888889,1
DSP000989,TXN0220402,M000244,CUS0078667,Mastercard,MERCHANDISE_NOT_AS_DESCRIBED,Merchandise Not As Described,2025-03-30,1449,705,176,2025-04-20,21,contested,won,2025-04-13,4,3,3,0,0.5927166666666667,4,2,1.0,1449,credit_card,0,0.0,0,,0.1973690311765757,passed,1,1,0,0,lost,0.0,d2c_brand,d2c_brand,medium,physical_delivery,0,0.8646249219900191,1,1,69,21.0,22.395833333333332,1
DSP000990,TXN0219212,M000244,CUS0078229,RuPay,MERCHANDISE_NOT_RECEIVED,Merchandise Not Received,2026-01-19,4245,642,253,2026-01-26,7,contested,won,2026-02-07,6,4,4,0,0.9631333333333334,6,0,1.0,4245,credit_card,4,4688.0,0,45.0,0.0433225267038973,passed,1,1,0,0,delivered,1.0,d2c_brand,d2c_brand,medium,physical_delivery,0,0.8646249219900191,1,1,69,7.0,28.430555555555557,1
DSP000991,TXN0219148,M000244,,Visa,MERCHANDISE_NOT_AS_DESCRIBED,Merchandise Not As Described,2026-01-17,1145,435,173,2026-01-24,7,contested,won,2026-02-27,5,3,3,0,0.7768833333333333,5,1,1.0,1145,debit_card,0,0.0,0,,0.0703869848952927,passed,0,1,0,0,delivered,0.0,d2c_brand,d2c_brand,medium,physical_delivery,0,0.8646249219900191,1,1,69,7.0,26.152083333333334,1
DSP000992,TXN0218210,M000244,CUS0078765,RuPay,MERCHANDISE_NOT_AS_DESCRIBED,Merchandise Not As Described,2026-01-10,599,472,270,2026-01-27,17,contested,won,2026-02-06,6,3,3,0,0.9442499999999999,6,0,1.0,599,credit_card,0,0.0,0,,0.2238423209698344,passed,1,1,0,0,delivered,1.0,d2c_brand,d2c_brand,medium,physical_delivery,0,0.8646249219900191,1,1,69,17.0,30.794444444444444,1
DSP000993,TXN0220559,M000244,,Mastercard,UNAUTHORIZED_TRANSACTION,Unauthorized Transaction,2025-10-21,1149,469,299,2025-11-05,15,contested,won,2025-11-24,5,4,3,1,0.76465,5,1,0.75,1149,debit_card,0,0.0,0,,0.3265074617736757,passed,1,1,0,0,delivered,1.0,d2c_brand,d2c_brand,medium,physical_delivery,0,0.8646249219900191,1,1,69,15.0,63.196527777777774,1
DSP000994,TXN0218448,M000244,CUS0078408,Mastercard,UNAUTHORIZED_TRANSACTION,Unauthorized Transaction,2025-06-04,4699,648,163,2025-06-14,10,contested,won,2025-07-03,5,4,4,0,0.7952499999999999,5,1,1.0,4699,credit_card,1,1699.0,0,28.0,0.5675759476942274,passed,1,1,0,0,delivered,1.0,d2c_brand,d2c_brand,medium,physical_delivery,0,0.8646249219900191,1,1,69,10.0,11.440972222222221,1
DSP000995,TXN0221356,M000245,,Visa,SERVICE_NOT_RENDERED,Service Not Rendered,2025-04-12,1499,576,259,2025-04-29,17,contested,won,2025-05-04,6,4,4,0,0.9020333333333334,6,0,1.0,1499,credit_card,0,0.0,0,,0.2867351675997309,passed,1,3,0,0,,,saas_tools,saas_tools,medium,digital_service,1,0.7985512154848989,0,1,92,17.0,62.18958333333333,1
DSP000996,TXN0221040,M000245,CUS0079555,Visa,RECURRING_BILLING_DISPUTE,Recurring Billing Dispute,2025-04-26,1499,570,259,2025-05-14,18,contested,won,2025-06-10,6,5,5,0,0.8957,6,0,1.0,1499,debit_card,1,2999.0,0,38.0,0.1539632042665754,passed,1,1,0,1,,,saas_tools,saas_tools,medium,digital_service,1,0.7985512154848989,0,1,92,18.0,41.204166666666666,1
DSP000998,TXN0221885,M000245,,Mastercard,UNAUTHORIZED_TRANSACTION,Unauthorized Transaction,2025-11-26,2999,510,237,2025-12-17,21,contested,lost,2026-01-07,4,4,2,2,0.6533333333333333,4,2,0.5,2999,debit_card,0,0.0,0,,0.285584514602563,passed,1,1,0,0,,,saas_tools,saas_tools,medium,digital_service,1,0.7985512154848989,0,1,92,21.0,14.456944444444444,0
DSP001000,TXN0222375,M000245,,Mastercard,RECURRING_BILLING_DISPUTE,Recurring Billing Dispute,2025-05-04,1499,410,253,2025-05-18,14,contested,won,2025-05-23,4,5,4,1,0.6533333333333333,4,2,0.8,1499,credit_card,0,0.0,0,,0.3946043896293125,passed,0,1,0,0,,,saas_tools,saas_tools,medium,digital_service,1,0.7985512154848989,0,1,92,14.0,4.204861111111111,1
DSP001001,TXN0222358,M000245,CUS0079670,Visa,RECURRING_BILLING_DISPUTE,Recurring Billing Dispute,2026-02-18,9999,505,266,2026-03-04,14,contested,lost,2026-03-08,3,5,3,2,0.45435,3,3,0.6,9999,debit_card,0,0.0,0,,0.229080124909469,not_applicable,1,1,0,0,,,saas_tools,saas_tools,medium,digital_service,1,0.7985512154848989,0,1,92,14.0,74.09305555555555,0
DSP001003,TXN0221786,M000245,CUS0078968,RuPay,RECURRING_BILLING_DISPUTE,Recurring Billing Dispute,2025-10-11,1499,468,165,2025-10-29,18,contested,won,2025-11-07,5,5,4,1,0.7826666666666666,5,1,0.8,1499,debit_card,2,2998.0,0,110.0,0.5749832653401846,failed,1,2,0,1,,,saas_tools,saas_tools,medium,digital_service,1,0.7985512154848989,0,1,92,18.0,23.615972222222222,1
DSP001004,TXN0221739,M000245,CUS0079649,Visa,RECURRING_BILLING_DISPUTE,Recurring Billing Dispute,2025-02-20,2999,448,298,2025-02-27,7,contested,won,2025-03-30,5,5,4,1,0.7847166666666666,5,1,0.8,2999,credit_card,0,0.0,0,,0.1420380696060646,passed,1,3,0,0,,,saas_tools,saas_tools,medium,digital_service,1,0.7985512154848989,0,1,92,7.0,9.604861111111111,1
DSP001005,TXN0223447,M000245,CUS0079547,Mastercard,RECURRING_BILLING_DISPUTE,Recurring Billing Dispute,2026-01-14,2999,709,210,2026-01-25,11,contested,lost,2026-02-03,4,5,3,2,0.5480333333333333,4,2,0.6,2999,debit_card,2,2998.0,0,155.0,0.3579053475725258,passed,1,1,0,0,,,saas_tools,saas_tools,medium,digital_service,1,0.7985512154848989,0,1,92,11.0,33.60138888888889,0
DSP001006,TXN0222971,M000245,CUS0079498,Visa,RECURRING_BILLING_DISPUTE,Recurring Billing Dispute,2025-10-10,9999,437,209,2025-10-27,17,contested,won,2025-11-04,6,5,5,0,0.9628833333333334,6,0,1.0,9999,debit_card,1,1499.0,0,2.0,0.3592665102629956,passed,1,2,0,0,,,saas_tools,saas_tools,medium,digital_service,1,0.7985512154848989,0,1,92,17.0,64.13263888888889,1
DSP001007,TXN0223743,M000246,CUS0080166,Visa,RECURRING_BILLING_DISPUTE,Recurring Billing Dispute,2025-05-17,1499,406,192,2025-06-06,20,contested,won,2025-07-01,6,5,5,0,0.9077000000000001,6,0,1.0,1499,credit_card,0,0.0,0,,0.3055278237420194,passed,1,1,0,0,,,saas_tools,saas_tools,medium,digital_service,1,0.8729359275714659,0,1,116,20.0,54.077083333333334,1
DSP001008,TXN0223829,M000246,CUS0080721,Visa,SERVICE_NOT_RENDERED,Service Not Rendered,2025-06-11,799,410,295,2025-06-23,12,contested,won,2025-07-22,6,4,4,0,0.9197000000000001,6,0,1.0,799,credit_card,0,0.0,0,,0.6140939397263098,passed,1,1,0,0,,,saas_tools,saas_tools,medium,digital_service,1,0.8729359275714659,0,1,116,12.0,60.02777777777778,1
DSP001010,TXN0225886,M000246,CUS0080445,Mastercard,RECURRING_BILLING_DISPUTE,Recurring Billing Dispute,2025-05-02,49999,651,295,2025-05-12,10,contested,won,2025-05-31,6,5,5,0,0.94565,6,0,1.0,49999,credit_card,1,799.0,0,95.0,0.2552473353240042,failed,0,1,0,0,,,saas_tools,saas_tools,medium,digital_service,1,0.8729359275714659,0,1,116,10.0,19.188194444444445,1
DSP001011,TXN0225661,M000246,CUS0080272,Mastercard,RECURRING_BILLING_DISPUTE,Recurring Billing Dispute,2026-02-10,1499,690,283,2026-02-28,18,contested,won,2026-02-24,6,5,5,0,0.9406333333333333,6,0,1.0,1499,credit_card,1,799.0,0,319.0,0.7637635657212144,passed,1,1,0,0,,,saas_tools,saas_tools,medium,digital_service,1,0.8729359275714659,0,1,116,18.0,71.19722222222222,1
DSP001015,TXN0224286,M000246,,Visa,RECURRING_BILLING_DISPUTE,Recurring Billing Dispute,2025-11-25,49999,405,237,2025-12-02,7,contested,lost,2025-12-26,6,5,5,0,0.92055,6,0,1.0,49999,debit_card,0,0.0,0,,0.2742085798323578,passed,0,1,0,0,,,saas_tools,saas_tools,medium,digital_service,1,0.8729359275714659,0,1,116,7.0,72.09444444444445,0
DSP001017,TXN0224168,M000246,CUS0080516,Visa,CREDIT_NOT_PROCESSED,Credit Not Processed,2025-10-14,799,698,205,2025-11-04,21,contested,won,2025-11-12,6,4,4,0,0.9505666666666667,6,0,1.0,799,credit_card,4,61496.0,0,159.0,0.1268410799451982,passed,1,2,0,0,,,saas_tools,saas_tools,medium,digital_service,1,0.8729359275714659,0,1,116,21.0,22.970833333333335,1
DSP001018,TXN0224312,M000246,CUS0080547,Mastercard,RECURRING_BILLING_DISPUTE,Recurring Billing Dispute,2025-11-20,1499,617,210,2025-12-05,15,contested,lost,2025-12-14,5,5,4,1,0.7973666666666667,5,1,0.8,1499,debit_card,2,2298.0,0,170.0,0.3691446993551541,passed,1,2,0,0,,,saas_tools,saas_tools,medium,digital_service,1,0.8729359275714659,0,1,116,15.0,27.849305555555556,0
DSP001021,TXN0227270,M000247,CUS0081452,Mastercard,MERCHANDISE_NOT_RECEIVED,Merchandise Not Received,2025-03-23,1545,425,151,2025-04-06,14,contested,won,2025-05-01,5,4,3,1,0.6665,5,1,0.75,1545,debit_card,0,0.0,0,,0.4313625109112721,passed,1,2,0,1,delivered,1.0,d2c_brand,d2c_brand,medium,physical_delivery,0,0.735258273004426,1,0,26,14.0,69.98541666666667,1
DSP001022,TXN0226246,M000247,CUS0081121,Mastercard,DUPLICATE_TRANSACTION,Duplicate Transaction,2025-03-19,749,648,286,2025-03-30,11,contested,won,2025-04-23,4,2,1,1,0.6084666666666666,4,2,0.5,749,credit_card,0,0.0,0,,0.8500474600911989,passed,1,1,0,0,delivered,1.0,d2c_brand,d2c_brand,medium,physical_delivery,0,0.735258273004426,1,0,26,11.0,42.22847222222222,1
DSP001023,TXN0226917,M000247,CUS0081207,Visa,DUPLICATE_TRANSACTION,Duplicate Transaction,2025-02-18,1145,481,252,2025-03-06,16,contested,won,2025-03-22,4,2,1,1,0.5989333333333333,4,2,0.5,1145,debit_card,0,0.0,0,,0.3339611752359733,passed,1,1,1,0,delivered,1.0,d2c_brand,d2c_brand,medium,physical_delivery,0,0.735258273004426,1,0,26,16.0,11.35138888888889,1
DSP001025,TXN0226203,M000247,,RuPay,DUPLICATE_TRANSACTION,Duplicate Transaction,2026-01-19,1049,416,277,2026-01-28,9,contested,lost,2026-02-11,4,2,1,1,0.5633166666666667,4,2,0.5,1049,debit_card,0,0.0,0,,0.4254116458004889,passed,1,2,0,1,delivered,1.0,d2c_brand,d2c_brand,medium,physical_delivery,0,0.735258273004426,1,0,26,9.0,44.88333333333333,0
DSP001026,TXN0226350,M000247,CUS0081521,Visa,UNAUTHORIZED_TRANSACTION,Unauthorized Transaction,2026-01-17,499,666,177,2026-02-03,17,contested,lost,2026-01-31,5,4,3,1,0.747,5,1,0.75,499,credit_card,3,8167.0,0,66.0,0.4567932046394364,passed,1,1,0,1,delivered,0.0,d2c_brand,d2c_brand,medium,physical_delivery,0,0.735258273004426,1,0,26,17.0,30.757638888888888,0
DSP001027,TXN0226926,M000247,,RuPay,MERCHANDISE_NOT_AS_DESCRIBED,Merchandise Not As Described,2025-10-04,1149,429,277,2025-10-22,18,contested,lost,2025-10-29,5,3,3,0,0.6843333333333333,5,1,1.0,1149,debit_card,0,0.0,0,,0.1685637389048224,not_applicable,1,1,0,0,delivered,1.0,d2c_brand,d2c_brand,medium,physical_delivery,0,0.735258273004426,1,0,26,18.0,4.775,0
DSP001028,TXN0227364,M000247,CUS0081592,Visa,MERCHANDISE_NOT_AS_DESCRIBED,Merchandise Not As Described,2025-12-18,899,496,184,2026-01-01,14,contested,won,2026-01-29,6,3,3,0,0.9357333333333333,6,0,1.0,899,credit_card,4,6438.0,0,24.0,0.1586210593356591,passed,0,1,0,0,delivered,1.0,d2c_brand,d2c_brand,medium,physical_delivery,0,0.735258273004426,1,0,26,14.0,55.863194444444446,1
DSP001029,TXN0227170,M000247,,Visa,MERCHANDISE_NOT_RECEIVED,Merchandise Not Received,2025-07-10,895,610,206,2025-07-19,9,contested,lost,2025-08-24,5,4,3,1,0.7805666666666666,5,1,0.75,895,debit_card,0,0.0,0,,0.2128584732257531,passed,0,1,0,0,delivered,1.0,d2c_brand,d2c_brand,medium,physical_delivery,0,0.735258273004426,1,0,26,9.0,7.110416666666667,0
DSP001030,TXN0229052,M000248,CUS0081875,Visa,DUPLICATE_TRANSACTION,Duplicate Transaction,2025-10-11,2549,604,225,2025-10-20,9,contested,won,2025-11-04,6,2,2,0,0.9549333333333333,6,0,1.0,2549,credit_card,2,6548.0,0,161.0,0.2845865410450841,passed,1,1,0,0,in_transit,0.0,d2c_brand,d2c_brand,medium,physical_delivery,0,0.8980776914720965,1,1,104,9.0,62.44236111111111,1
DSP001031,TXN0229299,M000248,CUS0082088,RuPay,DUPLICATE_TRANSACTION,Duplicate Transaction,2025-08-19,3845,564,197,2025-09-03,15,contested,won,2025-09-08,6,2,2,0,0.9497166666666667,6,0,1.0,3845,credit_card,1,4249.0,0,73.0,0.0984022749238542,passed,1,2,0,0,delivered,1.0,d2c_brand,d2c_brand,medium,physical_delivery,0,0.8980776914720965,1,1,104,15.0,31.629166666666666,1
DSP001033,TXN0230032,M000248,CUS0082184,Mastercard,CREDIT_NOT_PROCESSED,Credit Not Processed,2025-07-18,2799,469,253,2025-07-28,10,contested,lost,2025-08-19,5,3,2,1,0.8159333333333333,5,1,0.6666666666666666,2799,credit_card,0,0.0,0,,0.0756818379132226,passed,1,1,0,0,delivered,0.0,d2c_brand,d2c_brand,medium,physical_delivery,0,0.8980776914720965,1,1,104,10.0,30.344444444444445,0
DSP001037,TXN0232602,M000249,,Mastercard,MERCHANDISE_NOT_AS_DESCRIBED,Merchandise Not As Described,2025-04-23,1249,699,163,2025-05-13,20,contested,won,2025-05-20,6,3,3,0,0.9766833333333333,6,0,1.0,1249,debit_card,0,0.0,0,,0.4246010574085174,passed,1,1,0,0,delivered,1.0,d2c_brand,d2c_brand,medium,physical_delivery,0,0.7897459014402501,1,0,51,20.0,56.34097222222222,1
DSP001038,TXN0233631,M000249,CUS0083473,Visa,CREDIT_NOT_PROCESSED,Credit Not Processed,2025-10-26,1699,669,265,2025-11-05,10,contested,lost,2025-11-11,5,3,2,1,0.7954666666666667,5,1,0.6666666666666666,1699,debit_card,0,0.0,0,,0.2295747481907013,passed,1,1,0,0,delivered,1.0,d2c_brand,d2c_brand,medium,physical_delivery,0,0.7897459014402501,1,0,51,10.0,40.99861111111111,0
DSP001039,TXN0233215,M000249,CUS0083629,Visa,DUPLICATE_TRANSACTION,Duplicate Transaction,2025-12-08,2649,510,183,2025-12-17,9,contested,won,2025-12-23,3,2,1,1,0.49,3,3,0.5,2649,credit_card,1,2799.0,0,59.0,0.0671820645828174,passed,0,1,0,0,delivered,0.0,d2c_brand,d2c_brand,medium,physical_delivery,0,0.7897459014402501,1,0,51,9.0,72.05277777777778,1
DSP001042,TXN0232037,M000249,,Mastercard,CREDIT_NOT_PROCESSED,Credit Not Processed,2026-01-24,455,546,190,2026-02-06,13,contested,won,2026-02-08,6,3,3,0,0.8795666666666667,6,0,1.0,455,credit_card,0,0.0,0,,0.3281493862942101,failed,1,2,0,0,delivered,1.0,d2c_brand,d2c_brand,medium,physical_delivery,0,0.7897459014402501,1,0,51,13.0,54.326388888888886,1
DSP001043,TXN0233924,M000249,,Mastercard,CREDIT_NOT_PROCESSED,Credit Not Processed,2025-10-03,12699,457,237,2025-10-14,11,contested,won,2025-11-11,6,3,3,0,0.9712166666666667,6,0,1.0,12699,credit_card,0,0.0,0,,0.2872466282768404,passed,0,3,0,0,delivered,1.0,d2c_brand,d2c_brand,medium,physical_delivery,0,0.7897459014402501,1,0,51,11.0,10.807638888888889,1
DSP001044,TXN0232168,M000249,,Mastercard,MERCHANDISE_NOT_RECEIVED,Merchandise Not Received,2025-12-01,385,626,220,2025-12-08,7,contested,won,2026-01-10,4,4,3,1,0.59065,4,2,0.75,385,debit_card,0,0.0,0,,0.4197598114934841,failed,1,1,0,1,delivered,1.0,d2c_brand,d2c_brand,medium,physical_delivery,0,0.7897459014402501,1,0,51,7.0,27.013194444444444,1
DSP001045,TXN0234127,M000249,CUS0083324,Visa,MERCHANDISE_NOT_RECEIVED,Merchandise Not Received,2025-09-24,89,742,262,2025-10-14,20,contested,lost,2025-10-19,4,4,3,1,0.6027166666666667,4,2,0.75,89,debit_card,1,1049.0,0,230.0,0.0530747469092864,passed,1,1,0,0,delivered,1.0,d2c_brand,d2c_brand,medium,physical_delivery,0,0.7897459014402501,1,0,51,20.0,20.542361111111113,0
DSP001046,TXN0232180,M000249,CUS0083311,Visa,UNAUTHORIZED_TRANSACTION,Unauthorized Transaction,2025-11-24,2149,498,279,2025-12-13,19,contested,lost,2026-01-02,4,4,2,2,0.6250666666666667,4,2,0.5,2149,credit_card,2,2798.0,0,234.0,0.2343221072447467,failed,1,2,0,0,delivered,1.0,d2c_brand,d2c_brand,medium,physical_delivery,0,0.7897459014402501,1,0,51,19.0,50.24305555555556,0
DSP001047,TXN0234193,M000249,,RuPay,UNAUTHORIZED_TRANSACTION,Unauthorized Transaction,2025-07-12,2299,584,216,2025-07-30,18,contested,lost,2025-08-20,3,4,2,2,0.4573333333333333,3,3,0.5,2299,credit_card,0,0.0,0,,0.2168471074087888,passed,1,1,0,0,delivered,1.0,d2c_brand,d2c_brand,medium,physical_delivery,0,0.7897459014402501,1,0,51,18.0,51.62013888888889,0
DSP001048,TXN0233462,M000249,CUS0083564,Visa,UNAUTHORIZED_TRANSACTION,Unauthorized Transaction,2025-12-29,1995,555,215,2026-01-08,10,contested,lost,2026-02-11,3,4,2,2,0.46905,3,3,0.5,1995,credit_card,1,2849.0,0,292.0,0.3700668549348864,passed,1,1,0,0,delivered,1.0,d2c_brand,d2c_brand,medium,physical_delivery,0,0.7897459014402501,1,0,51,10.0,43.55416666666667,0
DSP001049,TXN0232922,M000249,CUS0083487,Visa,UNAUTHORIZED_TRANSACTION,Unauthorized Transaction,2025-06-23,1399,665,291,2025-07-13,20,contested,lost,2025-08-02,5,4,4,0,0.78905,5,1,1.0,1399,credit_card,0,0.0,0,,0.0851623128257945,passed,1,1,0,0,delivered,1.0,d2c_brand,d2c_brand,medium,physical_delivery,0,0.7897459014402501,1,0,51,20.0,5.809722222222222,0
DSP001050,TXN0231769,M000249,,RuPay,DUPLICATE_TRANSACTION,Duplicate Transaction,2025-03-21,4649,438,173,2025-04-09,19,contested,won,2025-04-19,6,2,2,0,0.9065166666666666,6,0,1.0,4649,debit_card,0,0.0,0,,0.1649364555228415,passed,1,1,0,0,delivered,1.0,d2c_brand,d2c_brand,medium,physical_delivery,0,0.7897459014402501,1,0,51,19.0,4.3493055555555555,1
DSP001051,TXN0233011,M000249,CUS0083221,Visa,MERCHANDISE_NOT_RECEIVED,Merchandise Not Received,2025-03-02,1499,661,298,2025-03-14,12,contested,lost,2025-04-15,4,4,3,1,0.5962666666666666,4,2,0.75,1499,credit_card,0,0.0,0,,0.4624261685683983,passed,1,2,0,0,delivered,1.0,d2c_brand,d2c_brand,medium,physical_delivery,0,0.7897459014402501,1,0,51,12.0,44.28333333333333,0
DSP001052,TXN0235946,M000250,CUS0083887,Mastercard,UNAUTHORIZED_TRANSACTION,Unauthorized Transaction,2025-10-14,6699,533,150,2025-10-31,17,contested,lost,2025-11-05,4,3,2,1,0.5746833333333333,4,2,0.6666666666666666,6699,debit_card,1,4249.0,0,185.0,0.1363306184929438,passed,1,1,0,0,,,travel_booking,travel_booking,medium,booking_service,0,0.6945717917548357,0,1,58,17.0,10.578472222222222,0
DSP001053,TXN0235031,M000250,,Mastercard,SERVICE_NOT_RENDERED,Service Not Rendered,2025-12-21,16599,418,264,2025-12-31,10,contested,won,2026-02-03,6,3,3,0,0.8600500000000001,6,0,1.0,16599,debit_card,0,0.0,0,,0.3413266151230683,passed,1,2,0,0,,,travel_booking,travel_booking,medium,booking_service,0,0.6945717917548357,0,1,58,10.0,63.55486111111111,1
DSP001054,TXN0236210,M000250,CUS0084184,Visa,MERCHANDISE_NOT_AS_DESCRIBED,Merchandise Not As Described,2025-05-10,11399,677,178,2025-05-24,14,contested,won,2025-06-19,5,3,3,0,0.7353,5,1,1.0,11399,debit_card,0,0.0,0,,0.1855886819180463,passed,1,1,0,1,,,travel_booking,travel_booking,medium,booking_service,0,0.6945717917548357,0,1,58,14.0,44.263888888888886,1
DSP001055,TXN0236790,M000250,CUS0083910,Visa,DUPLICATE_TRANSACTION,Duplicate Transaction,2025-06-28,8695,696,165,2025-07-07,9,contested,lost,2025-07-22,4,2,1,1,0.61055,4,2,0.5,8695,credit_card,0,0.0,0,,0.5855842964446738,passed,1,2,0,0,,,travel_booking,travel_booking,medium,booking_service,0,0.6945717917548357,0,1,58,9.0,8.776388888888889,0
DSP001056,TXN0236844,M000250,CUS0084556,Mastercard,CREDIT_NOT_PROCESSED,Credit Not Processed,2025-07-04,12895,531,227,2025-07-24,20,contested,lost,2025-08-08,4,4,2,2,0.5828166666666666,4,2,0.5,12895,credit_card,1,6495.0,0,21.0,0.5230858748346361,passed,0,1,0,0,,,travel_booking,travel_booking,medium,booking_service,0,0.6945717917548357,0,1,58,20.0,66.43055555555556,0
DSP001058,TXN0234704,M000250,,Visa,CREDIT_NOT_PROCESSED,Credit Not Processed,2025-12-10,5595,748,239,2025-12-22,12,contested,won,2026-01-15,5,4,3,1,0.7708833333333334,5,1,0.75,5595,debit_card,0,0.0,0,,0.2373964658705624,passed,1,1,0,0,,,travel_booking,travel_booking,medium,booking_service,0,0.6945717917548357,0,1,58,12.0,38.861111111111114,1
DSP001059,TXN0234884,M000250,CUS0083677,RuPay,DUPLICATE_TRANSACTION,Duplicate Transaction,2025-04-01,15895,589,192,2025-04-08,7,contested,won,2025-05-10,3,2,2,0,0.41335000000000005,3,3,1.0,15895,debit_card,0,0.0,0,,0.3416665373040169,failed,1,1,0,0,,,travel_booking,travel_booking,medium,booking_service,0,0.6945717917548357,0,1,58,7.0,35.54097222222222,1
DSP001060,TXN0236076,M000250,,Visa,SERVICE_NOT_RENDERED,Service Not Rendered,2025-12-09,32499,493,284,2025-12-24,15,contested,won,2026-01-22,4,3,2,1,0.5778,4,2,0.6666666666666666,32499,credit_card,0,0.0,0,,0.6434337931429244,not_applicable,1,1,0,0,,,travel_booking,travel_booking,medium,booking_service,0,0.6945717917548357,0,1,58,15.0,59.388888888888886,1
DSP001062,TXN0236526,M000250,,Mastercard,CREDIT_NOT_PROCESSED,Credit Not Processed,2025-07-12,1799,402,270,2025-07-20,8,contested,won,2025-08-15,6,4,4,0,0.89925,6,0,1.0,1799,credit_card,0,0.0,0,,0.1785663516927468,passed,1,2,0,0,,,travel_booking,travel_booking,medium,booking_service,0,0.6945717917548357,0,1,58,8.0,42.90694444444444,1
DSP001063,TXN0237511,M000251,CUS0084619,Visa,MERCHANDISE_NOT_RECEIVED,Merchandise Not Received,2025-07-02,1499,593,207,2025-07-19,17,contested,won,2025-07-26,6,4,4,0,0.9262166666666666,6,0,1.0,1499,credit_card,1,469.0,0,127.0,0.3708693747335775,passed,1,1,0,0,in_transit,0.0,d2c_brand,d2c_brand,medium,physical_delivery,0,0.8312147758190127,1,1,39,17.0,32.263888888888886,1
DSP001064,TXN0238576,M000251,CUS0085136,Mastercard,MERCHANDISE_NOT_RECEIVED,Merchandise Not Received,2025-12-10,2895,734,207,2025-12-18,8,contested,won,2026-01-11,5,4,3,1,0.7843,5,1,0.75,2895,credit_card,3,6439.0,0,87.0,0.2537378560773798,passed,1,2,0,0,lost,0.0,d2c_brand,d2c_brand,medium,physical_delivery,0,0.8312147758190127,1,1,39,8.0,43.700694444444444,1
DSP001065,TXN0238340,M000251,,Visa,MERCHANDISE_NOT_AS_DESCRIBED,Merchandise Not As Described,2025-02-03,3349,740,195,2025-02-24,21,contested,lost,2025-03-12,6,3,3,0,0.91825,6,0,1.0,3349,credit_card,0,0.0,0,,0.2503422449189358,passed,1,1,0,0,delivered,0.0,d2c_brand,d2c_brand,medium,physical_delivery,0,0.8312147758190127,1,1,39,21.0,8.405555555555555,0
DSP001067,TXN0238645,M000251,,Mastercard,UNAUTHORIZED_TRANSACTION,Unauthorized Transaction,2025-09-07,3245,714,233,2025-09-23,16,contested,lost,2025-09-26,5,4,4,0,0.7323333333333334,5,1,1.0,3245,credit_card,0,0.0,0,,0.430467214131258,passed,1,2,0,0,delivered,1.0,d2c_brand,d2c_brand,medium,physical_delivery,0,0.8312147758190127,1,1,39,16.0,56.90069444444445,0
DSP001069,TXN0238319,M000251,CUS0085507,Visa,MERCHANDISE_NOT_AS_DESCRIBED,Merchandise Not As Described,2025-12-05,1745,519,295,2025-12-23,18,contested,won,2025-12-31,6,3,3,0,0.9054666666666668,6,0,1.0,1745,credit_card,0,0.0,0,,0.3194280288156149,passed,1,1,0,0,in_transit,0.0,d2c_brand,d2c_brand,medium,physical_delivery,0,0.8312147758190127,1,1,39,18.0,43.550694444444446,1
DSP001070,TXN0242121,M000252,CUS0086344,Mastercard,MERCHANDISE_NOT_RECEIVED,Merchandise Not Received,2025-11-28,945,749,191,2025-12-05,7,contested,lost,2025-12-12,4,4,2,2,0.5558833333333334,4,2,0.5,945,debit_card,1,1799.0,0,132.0,0.5912390388490505,not_applicable,0,1,0,0,delivered,1.0,d2c_brand,d2c_brand,medium,physical_delivery,0,0.8101817536980807,1,1,50,7.0,16.509722222222223,0
DSP001072,TXN0242187,M000252,,Mastercard,MERCHANDISE_NOT_RECEIVED,Merchandise Not Received,2025-08-09,499,590,167,2025-08-20,11,contested,won,2025-08-25,6,4,4,0,0.89805,6,0,1.0,499,debit_card,0,0.0,0,,0.487206655591094,passed,1,1,0,0,lost,0.0,d2c_brand,d2c_brand,medium,physical_delivery,0,0.8101817536980807,1,1,50,11.0,62.55555555555556,1
DSP001074,TXN0242225,M000252,CUS0085927,Visa,CREDIT_NOT_PROCESSED,Credit Not Processed,2025-07-13,2449,434,287,2025-08-02,20,contested,lost,2025-08-01,5,3,3,0,0.7774,5,1,1.0,2449,debit_card,1,1199.0,0,83.0,0.3208261985076166,passed,1,1,0,0,delivered,1.0,d2c_brand,d2c_brand,medium,physical_delivery,0,0.8101817536980807,1,1,50,20.0,9.700694444444444,0
DSP001075,TXN0240420,M000252,,Visa,MERCHANDISE_NOT_RECEIVED,Merchandise Not Received,2026-01-20,2949,480,188,2026-01-29,9,contested,won,2026-02-28,6,4,4,0,0.9388,6,0,1.0,2949,credit_card,0,0.0,0,,0.143813267553557,passed,1,1,0,0,in_transit,0.0,d2c_brand,d2c_brand,medium,physical_delivery,0,0.8101817536980807,1,1,50,9.0,31.551388888888887,1
DSP001079,TXN0239895,M000252,,Mastercard,MERCHANDISE_NOT_RECEIVED,Merchandise Not Received,2025-02-12,4099,577,216,2025-02-20,8,contested,won,2025-02-27,6,4,4,0,0.9066166666666667,6,0,1.0,4099,debit_card,0,0.0,0,,0.0704108327670727,passed,1,2,0,0,in_transit,0.0,d2c_brand,d2c_brand,medium,physical_delivery,0,0.8101817536980807,1,1,50,8.0,32.97430555555555,1
DSP001080,TXN0241497,M000252,CUS0085816,Visa,MERCHANDISE_NOT_RECEIVED,Merchandise Not Received,2026-02-21,1299,488,245,2026-03-13,20,contested,won,2026-04-04,5,4,3,1,0.8020333333333333,5,1,0.75,1299,credit_card,2,2198.0,0,90.0,0.5525826386207483,passed,1,1,0,0,delivered,1.0,d2c_brand,d2c_brand,medium,physical_delivery,0,0.8101817536980807,1,1,50,20.0,63.175,1
DSP001082,TXN0243327,M000253,CUS0087326,Visa,MERCHANDISE_NOT_AS_DESCRIBED,Merchandise Not As Described,2025-06-18,11099,567,282,2025-07-08,20,contested,lost,2025-07-27,1,3,0,3,0.10171666666666666,1,5,0.0,11099,credit_card,0,0.0,0,,0.2265941798754171,passed,0,1,0,0,,,travel_booking,travel_booking,medium,booking_service,0,0.5253155529994583,0,0,11,20.0,29.925694444444446,0
DSP001085,TXN0242435,M000253,CUS0087408,Visa,MERCHANDISE_NOT_AS_DESCRIBED,Merchandise Not As Described,2025-08-03,5099,604,264,2025-08-15,12,contested,lost,2025-09-01,0,3,0,3,0.0,0,6,0.0,5099,credit_card,0,0.0,0,,0.3040859558626599,passed,1,1,0,0,,,travel_booking,travel_booking,medium,booking_service,0,0.5253155529994583,0,0,11,12.0,71.89722222222223,0
DSP001086,TXN0244297,M000253,CUS0086739,Mastercard,SERVICE_NOT_RENDERED,Service Not Rendered,2025-09-01,9399,636,201,2025-09-16,15,contested,lost,2025-10-10,2,3,2,1,0.21663333333333332,2,4,0.6666666666666666,9399,credit_card,1,6799.0,0,1.0,0.1882259211536754,passed,1,1,0,0,,,travel_booking,travel_booking,medium,booking_service,0,0.5253155529994583,0,0,11,15.0,68.41041666666666,0
DSP001089,TXN0243722,M000253,,Mastercard,MERCHANDISE_NOT_AS_DESCRIBED,Merchandise Not As Described,2025-09-28,3799,521,286,2025-10-06,8,contested,lost,2025-11-05,3,3,1,2,0.3243333333333333,3,3,0.3333333333333333,3799,debit_card,0,0.0,0,,0.2905512794050251,passed,0,1,0,1,,,travel_booking,travel_booking,medium,booking_service,0,0.5253155529994583,0,0,11,8.0,9.060416666666667,0
DSP001090,TXN0243013,M000253,,RuPay,SERVICE_NOT_RENDERED,Service Not Rendered,2025-06-04,7695,703,198,2025-06-23,19,contested,won,2025-07-05,5,3,2,1,0.6045166666666667,5,1,0.6666666666666666,7695,debit_card,0,0.0,0,,0.5150183440836238,passed,1,1,0,0,,,travel_booking,travel_booking,medium,booking_service,0,0.5253155529994583,0,0,11,19.0,29.225,1
DSP001091,TXN0246926,M000254,CUS0087542,Visa,SERVICE_NOT_RENDERED,Service Not Rendered,2026-02-12,1499,697,243,2026-02-26,14,contested,lost,2026-03-15,3,4,1,3,0.3893,3,3,0.25,1499,debit_card,1,1499.0,0,134.0,0.399882256340978,passed,1,2,0,0,,,subscription_edtech,subscription_edtech,medium,digital_service,1,0.6320369310685984,0,1,46,14.0,56.0625,0
DSP001092,TXN0247264,M000254,,Visa,RECURRING_BILLING_DISPUTE,Recurring Billing Dispute,2025-06-30,999,610,291,2025-07-07,7,contested,lost,2025-08-12,4,5,3,2,0.4983666666666667,4,2,0.6,999,credit_card,0,0.0,0,,0.2312760810434573,failed,0,2,0,0,,,subscription_edtech,subscription_edtech,medium,digital_service,1,0.6320369310685984,0,1,46,7.0,65.64652777777778,0
DSP001094,TXN0245880,M000254,CUS0087713,RuPay,RECURRING_BILLING_DISPUTE,Recurring Billing Dispute,2025-04-10,999,518,266,2025-04-18,8,contested,lost,2025-05-25,4,5,3,2,0.5702333333333334,4,2,0.6,999,debit_card,0,0.0,0,,0.1544417310817163,passed,1,2,0,0,,,subscription_edtech,subscription_edtech,medium,digital_service,1,0.6320369310685984,0,1,46,8.0,39.96180555555556,0
DSP001095,TXN0246332,M000254,CUS0087506,Visa,CREDIT_NOT_PROCESSED,Credit Not Processed,2025-11-28,1499,436,294,2025-12-15,17,contested,lost,2025-12-23,6,4,4,0,0.8713166666666666,6,0,1.0,1499,credit_card,3,4497.0,0,189.0,0.3265429379986272,passed,1,2,0,0,,,subscription_edtech,subscription_edtech,medium,digital_service,1,0.6320369310685984,0,1,46,17.0,15.513194444444444,0
DSP001096,TXN0245949,M000254,CUS0087985,Visa,UNAUTHORIZED_TRANSACTION,Unauthorized Transaction,2026-01-16,999,646,276,2026-02-02,17,contested,won,2026-02-03,6,4,4,0,0.93255,6,0,1.0,999,credit_card,2,1998.0,0,211.0,0.0709445750182704,passed,1,2,0,0,,,subscription_edtech,subscription_edtech,medium,digital_service,1,0.6320369310685984,0,1,46,17.0,67.90416666666667,1
DSP001098,TXN0247507,M000254,CUS0087757,Mastercard,CREDIT_NOT_PROCESSED,Credit Not Processed,2025-07-02,999,438,193,2025-07-12,10,contested,lost,2025-07-16,3,4,2,2,0.40903333333333336,3,3,0.5,999,credit_card,0,0.0,0,,0.1217043465961277,passed,1,1,0,0,,,subscription_edtech,subscription_edtech,medium,digital_service,1,0.6320369310685984,0,1,46,10.0,39.834722222222226,0
DSP001099,TXN0245916,M000254,CUS0088150,Mastercard,CREDIT_NOT_PROCESSED,Credit Not Processed,2025-01-30,999,748,228,2025-02-17,18,contested,lost,2025-02-28,4,4,2,2,0.58535,4,2,0.5,999,debit_card,0,0.0,0,,0.078987083538401,passed,1,2,0,0,,,subscription_edtech,subscription_edtech,medium,digital_service,1,0.6320369310685984,0,1,46,18.0,11.484027777777778,0
DSP001100,TXN0247590,M000254,CUS0087617,RuPay,MERCHANDISE_NOT_AS_DESCRIBED,Merchandise Not As Described,2026-01-26,999,421,212,2026-02-11,16,contested,lost,2026-03-08,4,4,2,2,0.6211166666666667,4,2,0.5,999,credit_card,4,4996.0,0,153.0,0.4362370263138207,passed,1,2,0,0,,,subscription_edtech,subscription_edtech,medium,digital_service,1,0.6320369310685984,0,1,46,16.0,40.015972222222224,0
DSP001101,TXN0246659,M000254,CUS0087893,Mastercard,SERVICE_NOT_RENDERED,Service Not Rendered,2025-11-17,999,736,215,2025-11-25,8,contested,won,2025-12-03,6,4,4,0,0.77305,6,0,1.0,999,credit_card,3,27497.0,0,39.0,0.411672827520861,passed,1,2,0,0,,,subscription_edtech,subscription_edtech,medium,digital_service,1,0.6320369310685984,0,1,46,8.0,55.15763888888889,1
DSP001103,TXN0247017,M000254,CUS0088406,Mastercard,RECURRING_BILLING_DISPUTE,Recurring Billing Dispute,2025-02-16,999,422,212,2025-03-02,14,contested,won,2025-03-11,6,5,5,0,0.83865,6,0,1.0,999,debit_card,0,0.0,0,,0.1573144773737558,not_applicable,1,2,1,0,,,subscription_edtech,subscription_edtech,medium,digital_service,1,0.6320369310685984,0,1,46,14.0,44.02291666666667,1
DSP001104,TXN0245264,M000254,CUS0087934,Visa,RECURRING_BILLING_DISPUTE,Recurring Billing Dispute,2025-06-22,24999,640,278,2025-07-13,21,contested,won,2025-08-04,5,5,4,1,0.7707666666666667,5,1,0.8,24999,credit_card,1,999.0,0,10.0,0.1530634534681082,passed,1,1,0,0,,,subscription_edtech,subscription_edtech,medium,digital_service,1,0.6320369310685984,0,1,46,21.0,72.71041666666666,1
DSP001105,TXN0247439,M000254,CUS0087907,Visa,SERVICE_NOT_RENDERED,Service Not Rendered,2025-09-08,24999,415,192,2025-09-26,18,contested,lost,2025-10-12,4,4,3,1,0.5921166666666666,4,2,0.75,24999,debit_card,3,27997.0,0,34.0,0.6130331498870824,not_applicable,1,3,0,0,,,subscription_edtech,subscription_edtech,medium,digital_service,1,0.6320369310685984,0,1,46,18.0,56.54097222222222,0
DSP001107,TXN0245987,M000254,,Mastercard,MERCHANDISE_NOT_AS_DESCRIBED,Merchandise Not As Described,2025-05-12,999,465,255,2025-05-22,10,contested,lost,2025-06-23,3,4,2,2,0.3887333333333333,3,3,0.5,999,debit_card,0,0.0,0,,0.518259542441441,passed,1,1,0,0,,,subscription_edtech,subscription_edtech,medium,digital_service,1,0.6320369310685984,0,1,46,10.0,10.958333333333334,0
DSP001108,TXN0245325,M000254,,RuPay,UNAUTHORIZED_TRANSACTION,Unauthorized Transaction,2025-06-18,999,669,191,2025-06-29,11,contested,lost,2025-07-25,5,4,3,1,0.67015,5,1,0.75,999,credit_card,0,0.0,0,,0.3510822401248986,passed,0,1,0,0,,,subscription_edtech,subscription_edtech,medium,digital_service,1,0.6320369310685984,0,1,46,11.0,26.65138888888889,0
DSP001109,TXN0249089,M000255,CUS0088683,Mastercard,RECURRING_BILLING_DISPUTE,Recurring Billing Dispute,2026-01-31,1499,635,182,2026-02-11,11,contested,won,2026-02-18,5,5,4,1,0.7809833333333334,5,1,0.8,1499,credit_card,3,5997.0,0,93.0,0.1720253722088636,passed,0,1,0,0,,,saas_tools,saas_tools,medium,digital_service,1,0.8341393522990214,0,1,83,11.0,67.29583333333333,1
DSP001110,TXN0249580,M000255,CUS0088756,Visa,SERVICE_NOT_RENDERED,Service Not Rendered,2025-08-15,799,409,266,2025-09-01,17,contested,won,2025-09-08,6,4,4,0,0.9773666666666667,6,0,1.0,799,credit_card,2,4498.0,0,86.0,0.2478919792103011,passed,1,1,0,0,,,saas_tools,saas_tools,medium,digital_service,1,0.8341393522990214,0,1,83,17.0,51.78194444444444,1
DSP001111,TXN0248371,M000255,CUS0088909,Visa,CREDIT_NOT_PROCESSED,Credit Not Processed,2025-11-29,799,536,290,2025-12-17,18,contested,won,2026-01-08,5,4,4,0,0.8083166666666667,5,1,1.0,799,debit_card,2,2298.0,0,99.0,0.1410879947663124,passed,1,1,0,1,,,saas_tools,saas_tools,medium,digital_service,1,0.8341393522990214,0,1,83,18.0,58.55138888888889,1
DSP001113,TXN0248872,M000255,CUS0089178,Visa,RECURRING_BILLING_DISPUTE,Recurring Billing Dispute,2025-06-19,2999,485,277,2025-06-30,11,contested,won,2025-07-10,5,5,5,0,0.7766333333333333,5,1,1.0,2999,credit_card,1,1499.0,0,108.0,0.0243595566388367,failed,0,1,0,0,,,saas_tools,saas_tools,medium,digital_service,1,0.8341393522990214,0,1,83,11.0,29.7125,1
DSP001115,TXN0247825,M000255,CUS0089102,RuPay,RECURRING_BILLING_DISPUTE,Recurring Billing Dispute,2025-06-11,1499,479,187,2025-06-25,14,contested,won,2025-06-28,6,5,5,0,0.9141499999999999,6,0,1.0,1499,debit_card,0,0.0,0,,0.4890870589151622,passed,1,1,0,0,,,saas_tools,saas_tools,medium,digital_service,1,0.8341393522990214,0,1,83,14.0,7.251388888888889,1
DSP001116,TXN0248756,M000255,,Visa,UNAUTHORIZED_TRANSACTION,Unauthorized Transaction,2025-04-14,799,727,248,2025-05-05,21,contested,won,2025-05-14,5,4,4,0,0.7708666666666666,5,1,1.0,799,credit_card,0,0.0,0,,0.4104778977107155,passed,1,2,0,0,,,saas_tools,saas_tools,medium,digital_service,1,0.8341393522990214,0,1,83,21.0,64.5201388888889,1
DSP001117,TXN0249908,M000255,CUS0088969,Visa,CREDIT_NOT_PROCESSED,Credit Not Processed,2025-04-07,799,648,233,2025-04-21,14,contested,won,2025-04-25,5,4,4,0,0.7310833333333333,5,1,1.0,799,credit_card,0,0.0,0,,0.4544962904475669,passed,1,1,0,0,,,saas_tools,saas_tools,medium,digital_service,1,0.8341393522990214,0,1,83,14.0,69.25069444444445,1
DSP001118,TXN0247608,M000255,,RuPay,CREDIT_NOT_PROCESSED,Credit Not Processed,2025-05-19,799,616,220,2025-06-08,20,contested,won,2025-06-27,6,4,4,0,0.9254666666666665,6,0,1.0,799,debit_card,0,0.0,0,,0.1748646851302208,passed,1,2,0,0,,,saas_tools,saas_tools,medium,digital_service,1,0.8341393522990214,0,1,83,20.0,13.01736111111111,1
DSP001119,TXN0248633,M000255,,Visa,UNAUTHORIZED_TRANSACTION,Unauthorized Transaction,2025-06-15,799,641,230,2025-07-02,17,contested,lost,2025-07-13,5,4,4,0,0.7735666666666666,5,1,1.0,799,credit_card,0,0.0,0,,0.0751315335037906,failed,1,1,0,0,,,saas_tools,saas_tools,medium,digital_service,1,0.8341393522990214,0,1,83,17.0,18.816666666666666,0
DSP001120,TXN0250673,M000256,CUS0089789,Visa,CREDIT_NOT_PROCESSED,Credit Not Processed,2025-04-20,14999,519,296,2025-04-29,9,contested,lost,2025-05-05,6,4,4,0,0.9139166666666667,6,0,1.0,14999,credit_card,0,0.0,0,,0.1467943528786147,passed,1,4,0,0,,,subscription_edtech,subscription_edtech,medium,digital_service,1,0.6224554277681487,0,1,102,9.0,68.3375,0
DSP001121,TXN0252427,M000256,CUS0090039,Mastercard,CREDIT_NOT_PROCESSED,Credit Not Processed,2025-12-10,2999,574,172,2025-12-26,16,contested,won,2026-01-02,4,4,3,1,0.5903833333333334,4,2,0.75,2999,credit_card,1,14999.0,0,163.0,0.3929443798879058,passed,1,2,0,0,,,subscription_edtech,subscription_edtech,medium,digital_service,1,0.6224554277681487,0,1,102,16.0,54.00694444444444,1
DSP001122,TXN0250369,M000256,CUS0090018,Mastercard,RECURRING_BILLING_DISPUTE,Recurring Billing Dispute,2025-10-08,14999,696,156,2025-10-17,9,contested,won,2025-10-31,4,5,4,1,0.5216666666666666,4,2,0.8,14999,debit_card,1,2999.0,0,98.0,0.1319132974334925,passed,0,1,0,0,,,subscription_edtech,subscription_edtech,medium,digital_service,1,0.6224554277681487,0,1,102,9.0,45.25555555555555,1
DSP001123,TXN0250600,M000256,CUS0090000,Visa,UNAUTHORIZED_TRANSACTION,Unauthorized Transaction,2025-03-10,2999,617,193,2025-03-31,21,contested,lost,2025-04-15,4,4,2,2,0.5944333333333333,4,2,0.5,2999,debit_card,0,0.0,0,,0.286524868586269,passed,1,1,0,0,,,subscription_edtech,subscription_edtech,medium,digital_service,1,0.6224554277681487,0,1,102,21.0,5.245138888888889,0
DSP001124,TXN0251673,M000256,CUS0089608,RuPay,RECURRING_BILLING_DISPUTE,Recurring Billing Dispute,2025-12-23,2999,414,154,2026-01-03,11,contested,lost,2026-01-22,3,5,3,2,0.40854999999999997,3,3,0.6,2999,debit_card,1,2999.0,0,229.0,0.3579878214364639,passed,1,1,1,1,,,subscription_edtech,subscription_edtech,medium,digital_service,1,0.6224554277681487,0,1,102,11.0,44.52430555555556,0
DSP001126,TXN0251665,M000256,CUS0089983,Mastercard,SERVICE_NOT_RENDERED,Service Not Rendered,2025-08-02,24999,510,267,2025-08-12,10,contested,won,2025-09-15,5,4,3,1,0.7188500000000001,5,1,0.75,24999,debit_card,1,24999.0,0,143.0,0.3800536841094518,passed,0,2,0,0,,,subscription_edtech,subscription_edtech,medium,digital_service,1,0.6224554277681487,0,1,102,10.0,12.002083333333333,1
DSP001127,TXN0250618,M000256,,RuPay,SERVICE_NOT_RENDERED,Service Not Rendered,2025-10-20,2999,692,290,2025-11-02,13,contested,won,2025-11-22,4,4,2,2,0.5723166666666667,4,2,0.5,2999,credit_card,0,0.0,0,,0.3308867997636723,passed,1,2,1,1,,,subscription_edtech,subscription_edtech,medium,digital_service,1,0.6224554277681487,0,1,102,13.0,18.363194444444446,1
DSP001128,TXN0250845,M000256,CUS0089971,Mastercard,SERVICE_NOT_RENDERED,Service Not Rendered,2025-12-18,14999,704,238,2025-12-27,9,contested,won,2026-01-02,6,4,4,0,0.82285,6,0,1.0,14999,credit_card,3,42997.0,0,150.0,0.2437314890668472,passed,1,1,0,0,,,subscription_edtech,subscription_edtech,medium,digital_service,1,0.6224554277681487,0,1,102,9.0,15.911111111111111,1
DSP001129,TXN0250374,M000256,,Mastercard,MERCHANDISE_NOT_AS_DESCRIBED,Merchandise Not As Described,2025-10-12,2999,594,189,2025-10-19,7,contested,lost,2025-11-16,3,4,2,2,0.4251666666666667,3,3,0.5,2999,credit_card,0,0.0,0,,0.2522496148309316,failed,1,1,0,0,,,subscription_edtech,subscription_edtech,medium,digital_service,1,0.6224554277681487,0,1,102,7.0,47.90069444444445,0
DSP001134,TXN0255023,M000257,CUS0090808,Mastercard,SERVICE_NOT_RENDERED,Service Not Rendered,2025-03-06,18699,726,203,2025-03-25,19,contested,lost,2025-03-30,2,3,1,2,0.21214999999999998,2,4,0.3333333333333333,18699,debit_card,0,0.0,0,,0.2416248659443995,passed,1,1,1,0,,,travel_booking,travel_booking,medium,booking_service,0,0.6152183513357321,0,1,113,19.0,55.09583333333333,0
DSP001135,TXN0254235,M000257,CUS0090797,Visa,MERCHANDISE_NOT_AS_DESCRIBED,Merchandise Not As Described,2025-03-11,4445,561,228,2025-03-18,7,contested,lost,2025-03-31,1,3,0,3,0.12315,1,5,0.0,4445,credit_card,0,0.0,0,,0.1351652818610671,passed,0,3,0,0,,,travel_booking,travel_booking,medium,booking_service,0,0.6152183513357321,0,1,113,7.0,11.936111111111112,0
DSP001136,TXN0254727,M000257,CUS0090403,Visa,UNAUTHORIZED_TRANSACTION,Unauthorized Transaction,2025-12-17,25499,711,274,2025-12-30,13,contested,lost,2026-01-06,3,3,2,1,0.42185,3,3,0.6666666666666666,25499,credit_card,2,12494.0,0,80.0,0.2617803276308915,failed,1,4,0,0,,,travel_booking,travel_booking,medium,booking_service,0,0.6152183513357321,0,1,113,13.0,25.148611111111112,0
DSP001137,TXN0254218,M000257,,Visa,CREDIT_NOT_PROCESSED,Credit Not Processed,2025-09-07,12895,677,204,2025-09-17,10,contested,won,2025-10-21,4,4,4,0,0.5206666666666666,4,2,1.0,12895,debit_card,0,0.0,0,,0.2291742690553238,passed,1,1,0,1,,,travel_booking,travel_booking,medium,booking_service,0,0.6152183513357321,0,1,113,10.0,62.85,1
DSP001140,TXN0255614,M000257,CUS0090368,Mastercard,SERVICE_NOT_RENDERED,Service Not Rendered,2025-05-18,1749,579,241,2025-06-05,18,contested,lost,2025-06-29,3,3,1,2,0.3842666666666667,3,3,0.3333333333333333,1749,credit_card,1,8299.0,0,43.0,0.4827279165439526,passed,0,3,0,0,,,travel_booking,travel_booking,medium,booking_service,0,0.6152183513357321,0,1,113,18.0,61.143055555555556,0
DSP001141,TXN0257798,M000258,CUS0091508,Visa,RECURRING_BILLING_DISPUTE,Recurring Billing Dispute,2025-05-06,999,689,150,2025-05-18,12,contested,won,2025-05-31,5,5,4,1,0.70975,5,1,0.8,999,credit_card,0,0.0,0,,0.2306722617881436,passed,1,1,0,0,,,subscription_edtech,subscription_edtech,medium,digital_service,1,0.6971542650309446,0,1,108,12.0,4.8069444444444445,1
DSP001142,TXN0255768,M000258,CUS0091777,Visa,SERVICE_NOT_RENDERED,Service Not Rendered,2025-02-25,1499,492,192,2025-03-10,13,contested,lost,2025-03-31,4,4,2,2,0.618,4,2,0.5,1499,debit_card,0,0.0,0,,0.5892060293602451,passed,0,1,0,0,,,subscription_edtech,subscription_edtech,medium,digital_service,1,0.6971542650309446,0,1,108,13.0,6.545833333333333,0
DSP001144,TXN0255926,M000258,,Mastercard,UNAUTHORIZED_TRANSACTION,Unauthorized Transaction,2025-03-07,999,576,171,2025-03-16,9,contested,lost,2025-04-10,5,4,3,1,0.7555,5,1,0.75,999,debit_card,0,0.0,0,,0.3975703358077675,passed,1,1,0,0,,,subscription_edtech,subscription_edtech,medium,digital_service,1,0.6971542650309446,0,1,108,9.0,51.72847222222222,0
DSP001145,TXN0257358,M000258,CUS0091511,Visa,UNAUTHORIZED_TRANSACTION,Unauthorized Transaction,2025-04-26,1499,604,191,2025-05-10,14,contested,lost,2025-05-15,3,4,2,2,0.38656666666666667,3,3,0.5,1499,debit_card,1,1499.0,0,55.0,0.2087136535251216,passed,1,3,0,0,,,subscription_edtech,subscription_edtech,medium,digital_service,1,0.6971542650309446,0,1,108,14.0,50.56944444444444,0
DSP001146,TXN0257007,M000258,,Mastercard,SERVICE_NOT_RENDERED,Service Not Rendered,2026-01-09,999,713,295,2026-01-22,13,contested,won,2026-02-09,5,4,4,0,0.6611166666666667,5,1,1.0,999,debit_card,0,0.0,0,,0.3253066872614042,failed,1,2,0,0,,,subscription_edtech,subscription_edtech,medium,digital_service,1,0.6971542650309446,0,1,108,13.0,41.50347222222222,1
DSP001147,TXN0257695,M000258,CUS0092050,RuPay,RECURRING_BILLING_DISPUTE,Recurring Billing Dispute,2025-07-30,24999,516,277,2025-08-09,10,contested,lost,2025-08-21,3,5,3,2,0.4289,3,3,0.6,24999,credit_card,1,999.0,0,55.0,0.2296186738487751,passed,1,1,0,0,,,subscription_edtech,subscription_edtech,medium,digital_service,1,0.6971542650309446,0,1,108,10.0,57.52986111111111,0
DSP001148,TXN0255890,M000258,,Mastercard,SERVICE_NOT_RENDERED,Service Not Rendered,2025-06-02,24999,639,229,2025-06-10,8,contested,won,2025-07-05,5,4,4,0,0.7147666666666667,5,1,1.0,24999,debit_card,0,0.0,0,,0.25543582397498,passed,1,1,0,0,,,subscription_edtech,subscription_edtech,medium,digital_service,1,0.6971542650309446,0,1,108,8.0,19.068055555555556,1
DSP001150,TXN0257603,M000258,CUS0091723,Mastercard,RECURRING_BILLING_DISPUTE,Recurring Billing Dispute,2025-12-28,999,461,203,2026-01-12,15,contested,lost,2026-02-03,4,5,3,2,0.5627833333333333,4,2,0.6,999,credit_card,0,0.0,0,,0.4468879013364518,passed,1,2,0,0,,,subscription_edtech,subscription_edtech,medium,digital_service,1,0.6971542650309446,0,1,108,15.0,9.31875,0
DSP001151,TXN0258021,M000258,CUS0091954,Visa,CREDIT_NOT_PROCESSED,Credit Not Processed,2025-07-09,1499,401,196,2025-07-30,21,contested,lost,2025-08-15,4,4,2,2,0.6285333333333333,4,2,0.5,1499,credit_card,0,0.0,0,,0.282818551319572,passed,1,1,0,0,,,subscription_edtech,subscription_edtech,medium,digital_service,1,0.6971542650309446,0,1,108,21.0,32.172916666666666,0
DSP001153,TXN0256440,M000258,,Visa,RECURRING_BILLING_DISPUTE,Recurring Billing Dispute,2025-09-11,999,578,190,2025-09-22,11,contested,won,2025-10-11,5,5,4,1,0.7147666666666667,5,1,0.8,999,credit_card,0,0.0,0,,0.2801676997169593,passed,1,2,0,0,,,subscription_edtech,subscription_edtech,medium,digital_service,1,0.6971542650309446,0,1,108,11.0,33.13125,1
DSP001154,TXN0257432,M000258,CUS0091542,Mastercard,SERVICE_NOT_RENDERED,Service Not Rendered,2025-10-14,999,749,261,2025-10-25,11,contested,lost,2025-10-30,5,4,3,1,0.77535,5,1,0.75,999,debit_card,1,999.0,0,161.0,0.2581874524276877,passed,1,1,0,0,,,subscription_edtech,subscription_edtech,medium,digital_service,1,0.6971542650309446,0,1,108,11.0,55.53888888888889,0
DSP001155,TXN0255747,M000258,,Visa,SERVICE_NOT_RENDERED,Service Not Rendered,2025-10-03,24999,726,197,2025-10-15,12,contested,won,2025-10-25,5,4,3,1,0.7047833333333333,5,1,0.75,24999,credit_card,0,0.0,0,,0.1258094008911413,passed,1,5,0,0,,,subscription_edtech,subscription_edtech,medium,digital_service,1,0.6971542650309446,0,1,108,12.0,42.12569444444444,1
DSP001159,TXN0256297,M000258,CUS0091372,RuPay,SERVICE_NOT_RENDERED,Service Not Rendered,2025-05-10,24999,658,180,2025-05-31,21,contested,lost,2025-06-03,4,4,2,2,0.5935333333333334,4,2,0.5,24999,debit_card,0,0.0,0,,0.2737698106934106,passed,1,1,0,0,,,subscription_edtech,subscription_edtech,medium,digital_service,1,0.6971542650309446,0,1,108,21.0,47.96805555555556,0
DSP001161,TXN0260574,M000259,CUS0092494,Mastercard,MERCHANDISE_NOT_AS_DESCRIBED,Merchandise Not As Described,2025-04-02,2549,568,215,2025-04-23,21,contested,lost,2025-04-28,5,3,3,0,0.8166666666666668,5,1,1.0,2549,credit_card,0,0.0,0,,0.2234049672719504,passed,1,1,0,0,delivered,1.0,d2c_brand,d2c_brand,medium,physical_delivery,0,0.7845468068544125,1,1,26,21.0,28.263194444444444,0
DSP001163,TXN0260696,M000259,CUS0093036,Visa,MERCHANDISE_NOT_AS_DESCRIBED,Merchandise Not As Described,2025-04-21,6199,542,231,2025-04-29,8,contested,won,2025-05-05,6,3,3,0,0.9099333333333334,6,0,1.0,6199,credit_card,0,0.0,0,,0.3311020032345999,passed,1,2,0,0,delivered,0.0,d2c_brand,d2c_brand,medium,physical_delivery,0,0.7845468068544125,1,1,26,8.0,23.997222222222224,1
DSP001164,TXN0259674,M000259,CUS0092316,Visa,MERCHANDISE_NOT_AS_DESCRIBED,Merchandise Not As Described,2025-06-20,2799,621,250,2025-06-27,7,contested,lost,2025-07-28,5,3,2,1,0.8166666666666668,5,1,0.6666666666666666,2799,credit_card,0,0.0,0,,0.3707349878814267,passed,1,1,0,0,in_transit,0.0,d2c_brand,d2c_brand,medium,physical_delivery,0,0.7845468068544125,1,1,26,7.0,6.55625,0
DSP001165,TXN0258621,M000259,,Mastercard,MERCHANDISE_NOT_RECEIVED,Merchandise Not Received,2025-05-14,3645,670,181,2025-05-24,10,contested,won,2025-06-07,5,4,4,0,0.7704333333333334,5,1,1.0,3645,credit_card,0,0.0,0,,0.504070505521496,not_applicable,1,2,0,0,delivered,1.0,d2c_brand,d2c_brand,medium,physical_delivery,0,0.7845468068544125,1,1,26,10.0,10.175,1
DSP001166,TXN0259550,M000259,CUS0092781,Mastercard,UNAUTHORIZED_TRANSACTION,Unauthorized Transaction,2025-11-25,1995,640,295,2025-12-11,16,contested,lost,2026-01-08,4,4,3,1,0.5830333333333333,4,2,0.75,1995,credit_card,3,2827.0,0,38.0,0.5500866810013595,passed,1,1,0,0,delivered,1.0,d2c_brand,d2c_brand,medium,physical_delivery,0,0.7845468068544125,1,1,26,16.0,32.90833333333333,0
DSP001167,TXN0260173,M000259,CUS0092302,Visa,MERCHANDISE_NOT_RECEIVED,Merchandise Not Received,2025-12-01,2045,421,164,2025-12-10,9,contested,won,2025-12-16,2,4,1,3,0.31916666666666665,2,4,0.25,2045,credit_card,0,0.0,0,,0.2987723940355779,passed,1,1,0,0,delivered,1.0,d2c_brand,d2c_brand,medium,physical_delivery,0,0.7845468068544125,1,1,26,9.0,70.97291666666666,1
DSP001169,TXN0260295,M000259,,Visa,MERCHANDISE_NOT_RECEIVED,Merchandise Not Received,2025-10-07,1649,446,248,2025-10-25,18,contested,lost,2025-10-27,4,4,2,2,0.6117166666666667,4,2,0.5,1649,debit_card,0,0.0,0,,0.502279108113352,passed,0,1,0,0,lost,0.0,d2c_brand,d2c_brand,medium,physical_delivery,0,0.7845468068544125,1,1,26,18.0,35.27847222222222,0
DSP001170,TXN0258574,M000259,CUS0092656,Visa,UNAUTHORIZED_TRANSACTION,Unauthorized Transaction,2025-02-19,699,697,271,2025-03-07,16,contested,lost,2025-03-17,6,4,4,0,0.8685499999999999,6,0,1.0,699,credit_card,0,0.0,0,,0.5278783028497233,passed,0,1,0,0,delivered,1.0,d2c_brand,d2c_brand,medium,physical_delivery,0,0.7845468068544125,1,1,26,16.0,14.363888888888889,0
DSP001171,TXN0260689,M000259,CUS0092757,Visa,MERCHANDISE_NOT_AS_DESCRIBED,Merchandise Not As Described,2025-07-21,415,682,217,2025-08-09,19,contested,lost,2025-08-17,3,3,2,1,0.47866666666666663,3,3,0.6666666666666666,415,debit_card,0,0.0,0,,0.2225251654907695,passed,1,4,0,0,in_transit,0.0,d2c_brand,d2c_brand,medium,physical_delivery,0,0.7845468068544125,1,1,26,19.0,57.86875,0
DSP001172,TXN0260933,M000259,CUS0092750,Visa,MERCHANDISE_NOT_RECEIVED,Merchandise Not Received,2025-03-11,2295,657,275,2025-03-29,18,contested,lost,2025-04-02,5,4,3,1,0.7640333333333333,5,1,0.75,2295,debit_card,0,0.0,0,,0.3728181848113264,passed,1,1,0,0,delivered,0.0,d2c_brand,d2c_brand,medium,physical_delivery,0,0.7845468068544125,1,1,26,18.0,65.1125,0
DSP001176,TXN0262862,M000260,,Visa,MERCHANDISE_NOT_AS_DESCRIBED,Merchandise Not As Described,2025-11-19,999,624,197,2025-11-29,10,contested,lost,2025-12-22,5,4,3,1,0.64425,5,1,0.75,999,debit_card,0,0.0,0,,0.2557131170021935,passed,1,1,0,0,,,fitness_membership,fitness_membership,medium,membership_service,1,0.5140794407194617,0,1,112,10.0,26.585416666666667,0
DSP001177,TXN0263474,M000260,,RuPay,RECURRING_BILLING_DISPUTE,Recurring Billing Dispute,2026-01-26,1499,458,243,2026-02-05,10,contested,lost,2026-03-12,3,5,2,3,0.38830000000000003,3,3,0.4,1499,credit_card,0,0.0,0,,0.5204299821602226,passed,0,1,0,0,,,fitness_membership,fitness_membership,medium,membership_service,1,0.5140794407194617,0,1,112,10.0,49.47708333333333,0
DSP001178,TXN0261451,M000260,,RuPay,RECURRING_BILLING_DISPUTE,Recurring Billing Dispute,2025-10-26,999,430,171,2025-11-16,21,contested,lost,2025-12-10,4,5,4,1,0.4913,4,2,0.8,999,credit_card,0,0.0,0,,0.3315753840338319,passed,1,1,0,0,,,fitness_membership,fitness_membership,medium,membership_service,1,0.5140794407194617,0,1,112,21.0,12.753472222222221,0
DSP001179,TXN0262347,M000260,,RuPay,RECURRING_BILLING_DISPUTE,Recurring Billing Dispute,2025-03-26,14999,596,268,2025-04-07,12,contested,won,2025-05-09,6,5,5,0,0.7849,6,0,1.0,14999,debit_card,0,0.0,0,,0.2358559863093759,passed,1,5,0,0,,,fitness_membership,fitness_membership,medium,membership_service,1,0.5140794407194617,0,1,112,12.0,71.83333333333333,1
DSP001182,TXN0261523,M000260,,Visa,UNAUTHORIZED_TRANSACTION,Unauthorized Transaction,2025-10-15,1499,481,297,2025-11-01,17,contested,won,2025-11-17,4,4,3,1,0.5521666666666666,4,2,0.75,1499,credit_card,0,0.0,0,,0.0676633511306255,passed,1,1,0,0,,,fitness_membership,fitness_membership,medium,membership_service,1,0.5140794407194617,0,1,112,17.0,55.63055555555555,1
DSP001183,TXN0265755,M000261,,Visa,MERCHANDISE_NOT_AS_DESCRIBED,Merchandise Not As Described,2026-01-17,5999,531,203,2026-02-02,16,contested,lost,2026-02-08,3,4,2,2,0.41615,3,3,0.5,5999,debit_card,0,0.0,0,,0.260864971435933,passed,1,1,0,1,,,fitness_membership,fitness_membership,medium,membership_service,1,0.6276730906125682,0,1,19,16.0,21.20347222222222,0
DSP001184,TXN0266179,M000261,,Visa,SERVICE_NOT_RENDERED,Service Not Rendered,2025-03-10,999,548,168,2025-03-21,11,contested,lost,2025-03-31,3,4,1,3,0.39599999999999996,3,3,0.25,999,debit_card,0,0.0,0,,0.0978255097487004,passed,0,1,0,0,,,fitness_membership,fitness_membership,medium,membership_service,1,0.6276730906125682,0,1,19,11.0,8.280555555555555,0
DSP001187,TXN0266060,M000261,,Mastercard,MERCHANDISE_NOT_AS_DESCRIBED,Merchandise Not As Described,2025-06-24,8999,426,168,2025-07-09,15,contested,lost,2025-07-25,4,4,3,1,0.5437,4,2,0.75,8999,credit_card,0,0.0,0,,0.2448368772315701,passed,1,2,1,0,,,fitness_membership,fitness_membership,medium,membership_service,1,0.6276730906125682,0,1,19,15.0,54.297222222222224,0
DSP001188,TXN0264602,M000261,,RuPay,SERVICE_NOT_RENDERED,Service Not Rendered,2025-03-04,999,539,217,2025-03-17,13,contested,lost,2025-04-05,4,4,2,2,0.46405,4,2,0.5,999,debit_card,0,0.0,0,,0.3548205702310907,passed,1,5,0,0,,,fitness_membership,fitness_membership,medium,membership_service,1,0.6276730906125682,0,1,19,13.0,12.550694444444444,0
DSP001190,TXN0265417,M000261,,Visa,RECURRING_BILLING_DISPUTE,Recurring Billing Dispute,2025-04-01,999,555,194,2025-04-15,14,contested,lost,2025-04-29,4,5,3,2,0.5626666666666666,4,2,0.6,999,credit_card,0,0.0,0,,0.4195940194487845,passed,0,1,0,0,,,fitness_membership,fitness_membership,medium,membership_service,1,0.6276730906125682,0,1,19,14.0,32.44166666666667,0
DSP001192,TXN0265362,M000261,,Mastercard,SERVICE_NOT_RENDERED,Service Not Rendered,2025-05-28,999,495,227,2025-06-07,10,contested,won,2025-06-23,4,4,2,2,0.4972666666666667,4,2,0.5,999,credit_card,0,0.0,0,,0.1016483341985609,passed,1,1,0,0,,,fitness_membership,fitness_membership,medium,membership_service,1,0.6276730906125682,0,1,19,10.0,7.58125,1
DSP001193,TXN0268307,M000262,CUS0095894,Mastercard,RECURRING_BILLING_DISPUTE,Recurring Billing Dispute,2025-06-11,399,564,158,2025-06-28,17,contested,won,2025-07-07,6,5,5,0,0.9612333333333334,6,0,1.0,399,credit_card,1,19999.0,0,52.0,0.2079811239794505,passed,1,1,0,0,,,saas_tools,saas_tools,medium,digital_service,1,0.9504764635860532,0,1,22,17.0,7.873611111111111,1
DSP001194,TXN0267694,M000262,CUS0095375,Mastercard,UNAUTHORIZED_TRANSACTION,Unauthorized Transaction,2025-02-23,399,544,203,2025-03-03,8,contested,won,2025-03-18,6,4,4,0,0.9710666666666666,6,0,1.0,399,debit_card,0,0.0,0,,0.4802075614594657,passed,1,1,0,0,,,saas_tools,saas_tools,medium,digital_service,1,0.9504764635860532,0,1,22,8.0,21.925,1
DSP001195,TXN0266481,M000262,,Visa,RECURRING_BILLING_DISPUTE,Recurring Billing Dispute,2025-09-02,399,441,178,2025-09-13,11,contested,won,2025-09-28,6,5,5,0,0.9390166666666667,6,0,1.0,399,debit_card,0,0.0,0,,0.3392120488007206,passed,1,2,0,0,,,saas_tools,saas_tools,medium,digital_service,1,0.9504764635860532,0,1,22,11.0,55.84027777777778,1
DSP001196,TXN0266362,M000262,CUS0095143,Mastercard,CREDIT_NOT_PROCESSED,Credit Not Processed,2025-07-03,9999,614,252,2025-07-13,10,contested,won,2025-08-17,6,4,4,0,0.9236333333333334,6,0,1.0,9999,credit_card,0,0.0,0,,0.3440324593786302,passed,1,1,0,0,,,saas_tools,saas_tools,medium,digital_service,1,0.9504764635860532,0,1,22,10.0,17.014583333333334,1
DSP001197,TXN0266356,M000262,,Visa,RECURRING_BILLING_DISPUTE,Recurring Billing Dispute,2025-01-29,399,712,262,2025-02-06,8,contested,won,2025-03-13,6,5,5,0,0.9545666666666667,6,0,1.0,399,credit_card,0,0.0,0,,0.1620310193263481,passed,1,1,0,1,,,saas_tools,saas_tools,medium,digital_service,1,0.9504764635860532,0,1,22,8.0,22.922916666666666,1
DSP001198,TXN0267874,M000262,CUS0095930,Visa,UNAUTHORIZED_TRANSACTION,Unauthorized Transaction,2025-03-18,399,623,279,2025-03-26,8,contested,lost,2025-04-04,6,4,4,0,0.9487333333333333,6,0,1.0,399,credit_card,0,0.0,0,,0.3408467286703469,not_applicable,1,1,0,0,,,saas_tools,saas_tools,medium,digital_service,1,0.9504764635860532,0,1,22,8.0,29.49513888888889,0
DSP001199,TXN0268532,M000262,CUS0095977,Mastercard,UNAUTHORIZED_TRANSACTION,Unauthorized Transaction,2025-12-03,19999,561,164,2025-12-13,10,contested,won,2025-12-17,6,4,4,0,0.9625,6,0,1.0,19999,debit_card,1,399.0,0,221.0,0.2837947323852223,passed,1,2,0,0,,,saas_tools,saas_tools,medium,digital_service,1,0.9504764635860532,0,1,22,10.0,58.331944444444446,1
DSP001202,TXN0268562,M000262,CUS0095155,RuPay,RECURRING_BILLING_DISPUTE,Recurring Billing Dispute,2025-06-05,399,451,268,2025-06-19,14,contested,lost,2025-07-12,4,5,3,2,0.6533333333333333,4,2,0.6,399,credit_card,0,0.0,0,,0.2864583104089993,failed,0,2,0,0,,,saas_tools,saas_tools,medium,digital_service,1,0.9504764635860532,0,1,22,14.0,46.93402777777778,0
DSP001204,TXN0270502,M000263,,Visa,CREDIT_NOT_PROCESSED,Credit Not Processed,2025-02-17,1549,505,281,2025-03-02,13,contested,won,2025-03-05,5,4,4,0,0.6696333333333334,5,1,1.0,1549,credit_card,0,0.0,0,,0.116857872076971,passed,1,1,0,1,,,travel_booking,travel_booking,medium,booking_service,0,0.6002529928372227,0,0,43,13.0,12.14236111111111,1
DSP001205,TXN0269635,M000263,,Visa,UNAUTHORIZED_TRANSACTION,Unauthorized Transaction,2025-09-21,7199,550,271,2025-09-28,7,contested,lost,2025-10-10,5,3,3,0,0.6866666666666666,5,1,1.0,7199,credit_card,0,0.0,0,,0.1101469827108733,passed,0,3,0,0,,,travel_booking,travel_booking,medium,booking_service,0,0.6002529928372227,0,0,43,7.0,9.152777777777779,0
DSP001207,TXN0270055,M000263,CUS0096157,Visa,CREDIT_NOT_PROCESSED,Credit Not Processed,2025-02-03,15199,608,290,2025-02-14,11,contested,won,2025-03-09,5,4,4,0,0.7123499999999999,5,1,1.0,15199,debit_card,0,0.0,0,,0.473699284408244,passed,1,1,0,0,,,travel_booking,travel_booking,medium,booking_service,0,0.6002529928372227,0,0,43,11.0,27.141666666666666,1
DSP001208,TXN0270467,M000263,,Visa,UNAUTHORIZED_TRANSACTION,Unauthorized Transaction,2026-02-23,17899,566,190,2026-03-07,12,contested,lost,2026-03-31,4,3,2,1,0.606,4,2,0.6666666666666666,17899,credit_card,0,0.0,0,,0.0592093661936114,not_applicable,1,1,0,0,,,travel_booking,travel_booking,medium,booking_service,0,0.6002529928372227,0,0,43,12.0,66.43194444444444,0
DSP001210,TXN0273010,M000264,CUS0097850,Visa,MERCHANDISE_NOT_RECEIVED,Merchandise Not Received,2026-01-22,5495,471,264,2026-02-04,13,contested,won,2026-02-12,6,4,4,0,0.9547,6,0,1.0,5495,credit_card,2,1748.0,0,162.0,0.2423252331676938,passed,1,1,0,1,lost,0.0,d2c_brand,d2c_brand,medium,physical_delivery,0,0.8612381930889451,1,0,112,13.0,43.21111111111111,1
DSP001211,TXN0273370,M000264,CUS0097767,Mastercard,CREDIT_NOT_PROCESSED,Credit Not Processed,2025-03-13,1049,562,167,2025-04-02,20,contested,won,2025-04-14,5,3,3,0,0.7754333333333333,5,1,1.0,1049,debit_card,0,0.0,0,,0.477106204400496,passed,1,3,0,0,delivered,1.0,d2c_brand,d2c_brand,medium,physical_delivery,0,0.8612381930889451,1,0,112,20.0,36.07222222222222,1
DSP001212,TXN0272899,M000264,CUS0097514,Visa,UNAUTHORIZED_TRANSACTION,Unauthorized Transaction,2025-05-31,2949,659,208,2025-06-18,18,contested,lost,2025-06-16,5,4,3,1,0.7793666666666667,5,1,0.75,2949,credit_card,0,0.0,0,,0.3734573587279602,passed,1,1,0,0,delivered,0.0,d2c_brand,d2c_brand,medium,physical_delivery,0,0.8612381930889451,1,0,112,18.0,53.27430555555556,0
DSP001213,TXN0272926,M000264,,Mastercard,DUPLICATE_TRANSACTION,Duplicate Transaction,2025-07-18,1745,661,247,2025-08-02,15,contested,lost,2025-08-11,5,2,1,1,0.80035,5,1,0.5,1745,credit_card,0,0.0,0,,0.2863353811611125,passed,1,2,0,0,delivered,0.0,d2c_brand,d2c_brand,medium,physical_delivery,0,0.8612381930889451,1,0,112,15.0,44.25069444444444,0
DSP001214,TXN0273035,M000264,CUS0097651,RuPay,CREDIT_NOT_PROCESSED,Credit Not Processed,2025-09-19,1899,608,173,2025-10-09,20,contested,lost,2025-10-25,5,3,2,1,0.8072666666666667,5,1,0.6666666666666666,1899,credit_card,1,469.0,0,166.0,0.0991018343885778,passed,1,2,0,0,in_transit,0.0,d2c_brand,d2c_brand,medium,physical_delivery,0,0.8612381930889451,1,0,112,20.0,20.638194444444444,0
DSP001216,TXN0273524,M000264,CUS0097953,Visa,MERCHANDISE_NOT_AS_DESCRIBED,Merchandise Not As Described,2025-10-16,3699,459,293,2025-10-31,15,contested,lost,2025-11-15,6,3,3,0,0.9113333333333333,6,0,1.0,3699,debit_card,0,0.0,0,,0.4979944018411424,failed,1,2,0,0,delivered,1.0,d2c_brand,d2c_brand,medium,physical_delivery,0,0.8612381930889451,1,0,112,15.0,49.16388888888889,0
DSP001217,TXN0272938,M000264,CUS0097632,Mastercard,UNAUTHORIZED_TRANSACTION,Unauthorized Transaction,2026-01-13,549,518,219,2026-01-29,16,contested,lost,2026-02-07,5,4,3,1,0.7394666666666666,5,1,0.75,549,debit_card,2,6348.0,0,213.0,0.5791118110459756,passed,0,1,0,0,delivered,1.0,d2c_brand,d2c_brand,medium,physical_delivery,0,0.8612381930889451,1,0,112,16.0,60.12361111111111,0
DSP001218,TXN0272859,M000264,,RuPay,UNAUTHORIZED_TRANSACTION,Unauthorized Transaction,2025-09-16,699,590,261,2025-10-03,17,contested,lost,2025-10-02,5,4,3,1,0.7171833333333333,5,1,0.75,699,credit_card,0,0.0,0,,0.1647866951258463,passed,1,1,0,0,delivered,0.0,d2c_brand,d2c_brand,medium,physical_delivery,0,0.8612381930889451,1,0,112,17.0,14.399305555555555,0
DSP001219,TXN0272623,M000264,CUS0097186,Visa,MERCHANDISE_NOT_AS_DESCRIBED,Merchandise Not As Described,2025-12-21,945,436,190,2025-12-29,8,contested,lost,2026-01-27,4,3,3,0,0.5908666666666667,4,2,1.0,945,credit_card,4,4802.0,0,88.0,0.6056826546031645,passed,0,1,0,0,delivered,0.0,d2c_brand,d2c_brand,medium,physical_delivery,0,0.8612381930889451,1,0,112,8.0,35.704166666666666,0
DSP001220,TXN0272939,M000264,CUS0097692,Mastercard,DUPLICATE_TRANSACTION,Duplicate Transaction,2025-03-14,1449,682,271,2025-03-28,14,contested,won,2025-04-26,6,2,2,0,0.9291,6,0,1.0,1449,credit_card,0,0.0,0,,0.1614072650398971,passed,1,1,0,0,delivered,1.0,d2c_brand,d2c_brand,medium,physical_delivery,0,0.8612381930889451,1,0,112,14.0,31.23611111111111,1
DSP001222,TXN0272075,M000264,CUS0097644,Visa,MERCHANDISE_NOT_RECEIVED,Merchandise Not Received,2026-01-10,2599,459,195,2026-01-20,10,contested,won,2026-02-17,5,4,3,1,0.8125333333333332,5,1,0.75,2599,credit_card,3,2023.0,0,179.0,0.1228344420998099,passed,1,1,0,0,delivered,0.0,d2c_brand,d2c_brand,medium,physical_delivery,0,0.8612381930889451,1,0,112,10.0,39.28333333333333,1
DSP001223,TXN0273850,M000264,CUS0097382,Mastercard,UNAUTHORIZED_TRANSACTION,Unauthorized Transaction,2025-11-10,2049,570,291,2025-11-23,13,contested,lost,2025-12-05,4,4,2,2,0.6181166666666666,4,2,0.5,2049,debit_card,1,1999.0,0,218.0,0.555877027748605,not_applicable,1,1,0,0,delivered,1.0,d2c_brand,d2c_brand,medium,physical_delivery,0,0.8612381930889451,1,0,112,13.0,22.75486111111111,0
DSP001225,TXN0276585,M000265,CUS0098673,Mastercard,MERCHANDISE_NOT_RECEIVED,Merchandise Not Received,2025-08-25,5299,672,188,2025-09-02,8,contested,won,2025-09-24,6,4,4,0,0.9207833333333334,6,0,1.0,5299,credit_card,2,4948.0,0,33.0,0.4649960524321697,passed,1,1,0,0,delivered,1.0,d2c_brand,d2c_brand,medium,physical_delivery,0,0.7997279093752631,1,0,62,8.0,71.93958333333333,1
DSP001227,TXN0276630,M000265,CUS0098191,Visa,UNAUTHORIZED_TRANSACTION,Unauthorized Transaction,2025-04-24,949,666,248,2025-05-11,17,contested,lost,2025-06-06,4,4,3,1,0.6164,4,2,0.75,949,credit_card,0,0.0,0,,0.2023309212005684,passed,1,1,0,0,delivered,1.0,d2c_brand,d2c_brand,medium,physical_delivery,0,0.7997279093752631,1,0,62,17.0,55.00277777777778,0
DSP001229,TXN0274423,M000265,,Visa,CREDIT_NOT_PROCESSED,Credit Not Processed,2025-07-27,1449,532,168,2025-08-07,11,contested,lost,2025-09-08,5,3,2,1,0.6948,5,1,0.6666666666666666,1449,credit_card,0,0.0,0,,0.5816714188117831,passed,1,3,0,0,delivered,1.0,d2c_brand,d2c_brand,medium,physical_delivery,0,0.7997279093752631,1,0,62,11.0,32.72430555555555,0
DSP001230,TXN0276993,M000265,,Visa,CREDIT_NOT_PROCESSED,Credit Not Processed,2025-08-08,699,616,161,2025-08-22,14,contested,won,2025-08-28,5,3,3,0,0.7402000000000001,5,1,1.0,699,credit_card,0,0.0,0,,0.2324568361202006,passed,1,1,0,0,in_transit,0.0,d2c_brand,d2c_brand,medium,physical_delivery,0,0.7997279093752631,1,0,62,14.0,58.12013888888889,1
DSP001233,TXN0279715,M000266,CUS0099106,Visa,CREDIT_NOT_PROCESSED,Credit Not Processed,2025-11-06,11695,746,161,2025-11-25,19,contested,lost,2025-12-07,5,4,3,1,0.7172333333333333,5,1,0.75,11695,credit_card,0,0.0,0,,0.3358768036022169,passed,0,1,0,0,,,travel_booking,travel_booking,medium,booking_service,0,0.5995050049109986,0,1,97,19.0,48.77152777777778,0
DSP001234,TXN0277103,M000266,,Visa,MERCHANDISE_NOT_AS_DESCRIBED,Merchandise Not As Described,2025-12-18,4195,672,176,2025-12-27,9,contested,lost,2026-01-07,4,3,2,1,0.4911666666666667,4,2,0.6666666666666666,4195,credit_card,0,0.0,0,,0.1893745585633795,passed,1,3,0,1,,,travel_booking,travel_booking,medium,booking_service,0,0.5995050049109986,0,1,97,9.0,21.97222222222222,0
DSP001235,TXN0277944,M000266,,Visa,MERCHANDISE_NOT_AS_DESCRIBED,Merchandise Not As Described,2025-04-19,9695,478,214,2025-05-04,15,contested,won,2025-05-11,4,3,3,0,0.5235166666666666,4,2,1.0,9695,credit_card,0,0.0,0,,0.492948181876714,passed,0,1,0,0,,,travel_booking,travel_booking,medium,booking_service,0,0.5995050049109986,0,1,97,15.0,45.56180555555556,1
DSP001237,TXN0278028,M000266,CUS0099217,Mastercard,MERCHANDISE_NOT_AS_DESCRIBED,Merchandise Not As Described,2025-10-12,4799,458,265,2025-10-19,7,contested,lost,2025-11-24,3,3,2,1,0.3836833333333333,3,3,0.6666666666666666,4799,credit_card,2,28794.0,0,31.0,0.1207825944510266,passed,1,1,0,0,,,travel_booking,travel_booking,medium,booking_service,0,0.5995050049109986,0,1,97,7.0,73.08194444444445,0
DSP001238,TXN0277763,M000266,,Visa,UNAUTHORIZED_TRANSACTION,Unauthorized Transaction,2025-08-17,2249,412,289,2025-08-29,12,contested,lost,2025-09-05,5,3,2,1,0.70635,5,1,0.6666666666666666,2249,debit_card,0,0.0,0,,0.2351281768642007,passed,1,3,0,0,,,travel_booking,travel_booking,medium,booking_service,0,0.5995050049109986,0,1,97,12.0,24.561805555555555,0
DSP001239,TXN0280973,M000267,CUS0100634,Visa,CREDIT_NOT_PROCESSED,Credit Not Processed,2026-02-01,799,731,283,2026-02-13,12,contested,lost,2026-02-17,3,4,1,3,0.42991666666666667,3,3,0.25,799,debit_card,0,0.0,0,,0.1133451315194859,failed,1,2,0,1,,,saas_tools,saas_tools,medium,digital_service,1,0.844217125282371,0,1,73,12.0,31.17222222222222,0
DSP001242,TXN0281633,M000267,,RuPay,SERVICE_NOT_RENDERED,Service Not Rendered,2025-11-30,399,637,288,2025-12-20,20,contested,won,2026-01-09,5,4,3,1,0.7894166666666665,5,1,0.75,399,debit_card,0,0.0,0,,0.0101999256977192,passed,1,1,0,0,,,saas_tools,saas_tools,medium,digital_service,1,0.844217125282371,0,1,73,20.0,14.550694444444444,1
DSP001243,TXN0282127,M000267,CUS0100275,RuPay,RECURRING_BILLING_DISPUTE,Recurring Billing Dispute,2025-09-09,399,705,264,2025-09-25,16,contested,won,2025-09-28,4,5,3,2,0.62905,4,2,0.6,399,debit_card,4,2796.0,0,0.0,0.012611822881253,passed,1,1,1,0,,,saas_tools,saas_tools,medium,digital_service,1,0.844217125282371,0,1,73,16.0,66.89930555555556,1
DSP001246,TXN0282322,M000267,CUS0100529,Visa,RECURRING_BILLING_DISPUTE,Recurring Billing Dispute,2025-06-13,799,484,209,2025-06-22,9,contested,won,2025-07-13,6,5,5,0,0.9641500000000001,6,0,1.0,799,credit_card,1,399.0,0,68.0,0.3320942102785066,passed,1,4,0,0,,,saas_tools,saas_tools,medium,digital_service,1,0.844217125282371,0,1,73,9.0,26.51875,1
DSP001247,TXN0282038,M000267,CUS0100082,Mastercard,UNAUTHORIZED_TRANSACTION,Unauthorized Transaction,2025-03-10,399,672,262,2025-03-30,20,contested,lost,2025-03-30,6,4,4,0,0.8931166666666667,6,0,1.0,399,debit_card,0,0.0,0,,0.3497455615692136,failed,0,2,0,0,,,saas_tools,saas_tools,medium,digital_service,1,0.844217125282371,0,1,73,20.0,50.579166666666666,0
DSP001248,TXN0281601,M000267,,Visa,RECURRING_BILLING_DISPUTE,Recurring Billing Dispute,2025-03-19,399,737,276,2025-04-05,17,contested,lost,2025-04-03,5,5,4,1,0.8146833333333333,5,1,0.8,399,debit_card,0,0.0,0,,0.5477937749357411,passed,1,4,0,0,,,saas_tools,saas_tools,medium,digital_service,1,0.844217125282371,0,1,73,17.0,61.08125,0
DSP001249,TXN0281338,M000267,CUS0100723,Visa,UNAUTHORIZED_TRANSACTION,Unauthorized Transaction,2025-06-25,19999,510,268,2025-07-07,12,contested,lost,2025-07-19,5,4,3,1,0.7904166666666667,5,1,0.75,19999,credit_card,0,0.0,0,,0.526336596995251,passed,1,5,0,0,,,saas_tools,saas_tools,medium,digital_service,1,0.844217125282371,0,1,73,12.0,67.9486111111111,0
DSP001250,TXN0280841,M000267,CUS0100852,Visa,UNAUTHORIZED_TRANSACTION,Unauthorized Transaction,2025-12-20,799,414,257,2025-12-31,11,contested,lost,2026-01-04,6,4,4,0,0.90225,6,0,1.0,799,debit_card,0,0.0,0,,0.5945657669114826,passed,1,2,0,0,,,saas_tools,saas_tools,medium,digital_service,1,0.844217125282371,0,1,73,11.0,68.20486111111111,0
DSP001255,TXN0280598,M000267,CUS0100414,Visa,RECURRING_BILLING_DISPUTE,Recurring Billing Dispute,2025-04-09,399,454,244,2025-04-28,19,contested,won,2025-04-28,4,5,4,1,0.6171666666666666,4,2,0.8,399,debit_card,0,0.0,0,,0.6796650179515271,passed,1,2,0,0,,,saas_tools,saas_tools,medium,digital_service,1,0.844217125282371,0,1,73,19.0,52.732638888888886,1
DSP001258,TXN0281734,M000267,CUS0100284,Visa,UNAUTHORIZED_TRANSACTION,Unauthorized Transaction,2025-04-21,399,643,257,2025-05-03,12,contested,lost,2025-06-05,5,4,3,1,0.8070833333333334,5,1,0.75,399,credit_card,0,0.0,0,,0.2690264436259974,passed,1,1,0,0,,,saas_tools,saas_tools,medium,digital_service,1,0.844217125282371,0,1,73,12.0,70.45833333333333,0
DSP001262,TXN0282725,M000268,CUS0101533,Mastercard,RECURRING_BILLING_DISPUTE,Recurring Billing Dispute,2025-08-22,5999,543,167,2025-09-05,14,contested,lost,2025-09-22,3,5,3,2,0.3541833333333333,3,3,0.6,5999,credit_card,1,3999.0,0,25.0,0.4567663918390249,failed,0,2,0,0,,,fitness_membership,fitness_membership,medium,membership_service,1,0.536303800737471,0,1,90,14.0,24.645833333333332,0
DSP001263,TXN0283826,M000268,,Mastercard,MERCHANDISE_NOT_AS_DESCRIBED,Merchandise Not As Described,2025-12-06,5999,549,235,2025-12-27,21,contested,lost,2025-12-22,3,4,2,2,0.41665,3,3,0.5,5999,credit_card,0,0.0,0,,0.3007111660992146,passed,1,3,0,0,,,fitness_membership,fitness_membership,medium,membership_service,1,0.536303800737471,0,1,90,21.0,15.709027777777777,0
DSP001264,TXN0282603,M000268,CUS0101170,Visa,RECURRING_BILLING_DISPUTE,Recurring Billing Dispute,2025-07-10,3999,410,226,2025-07-19,9,contested,lost,2025-08-15,5,5,4,1,0.6517666666666667,5,1,0.8,3999,credit_card,0,0.0,0,,0.509070608515592,passed,1,1,0,0,,,fitness_membership,fitness_membership,medium,membership_service,1,0.536303800737471,0,1,90,9.0,24.90277777777778,0
DSP001265,TXN0284632,M000268,CUS0101272,Visa,CREDIT_NOT_PROCESSED,Credit Not Processed,2025-10-07,14999,512,171,2025-10-15,8,contested,lost,2025-11-10,2,4,1,3,0.26615,2,4,0.25,14999,credit_card,0,0.0,0,,0.1450408486721507,passed,1,1,0,0,,,fitness_membership,fitness_membership,medium,membership_service,1,0.536303800737471,0,1,90,8.0,40.453472222222224,0
DSP001266,TXN0284696,M000268,CUS0101392,Visa,RECURRING_BILLING_DISPUTE,Recurring Billing Dispute,2025-10-06,3999,492,243,2025-10-16,10,contested,lost,2025-11-10,3,5,2,3,0.3244833333333333,3,3,0.4,3999,debit_card,1,3999.0,0,124.0,0.536758190035654,failed,0,1,0,0,,,fitness_membership,fitness_membership,medium,membership_service,1,0.536303800737471,0,1,90,10.0,31.791666666666668,0
DSP001269,TXN0284709,M000268,CUS0101282,RuPay,RECURRING_BILLING_DISPUTE,Recurring Billing Dispute,2025-09-14,3999,727,255,2025-09-25,11,contested,won,2025-10-15,5,5,4,1,0.6496,5,1,0.8,3999,credit_card,0,0.0,0,,0.0917292835445401,passed,1,4,0,1,,,fitness_membership,fitness_membership,medium,membership_service,1,0.536303800737471,0,1,90,11.0,50.169444444444444,1
DSP001270,TXN0282875,M000268,CUS0101396,Visa,RECURRING_BILLING_DISPUTE,Recurring Billing Dispute,2025-12-03,3999,676,183,2025-12-12,9,contested,lost,2025-12-21,3,5,2,3,0.38755,3,3,0.4,3999,debit_card,1,5999.0,0,240.0,0.0712487541220233,passed,1,1,0,0,,,fitness_membership,fitness_membership,medium,membership_service,1,0.536303800737471,0,1,90,9.0,55.327777777777776,0
DSP001271,TXN0284588,M000268,,Mastercard,RECURRING_BILLING_DISPUTE,Recurring Billing Dispute,2025-09-22,5999,621,255,2025-10-12,20,contested,lost,2025-10-08,3,5,2,3,0.4209,3,3,0.4,5999,debit_card,0,0.0,0,,0.5171602151312896,passed,1,1,0,0,,,fitness_membership,fitness_membership,medium,membership_service,1,0.536303800737471,0,1,90,20.0,10.815277777777778,0
DSP001272,TXN0283903,M000268,CUS0101737,Visa,RECURRING_BILLING_DISPUTE,Recurring Billing Dispute,2025-06-13,3999,655,226,2025-06-27,14,contested,won,2025-07-07,4,5,3,2,0.5008166666666667,4,2,0.6,3999,debit_card,0,0.0,0,,0.4146022649589131,passed,1,1,0,0,,,fitness_membership,fitness_membership,medium,membership_service,1,0.536303800737471,0,1,90,14.0,50.71736111111111,1
DSP001275,TXN0285426,M000269,CUS0102590,RuPay,RECURRING_BILLING_DISPUTE,Recurring Billing Dispute,2025-01-26,1499,405,262,2025-02-11,16,contested,lost,2025-02-12,5,5,4,1,0.7677833333333334,5,1,0.8,1499,debit_card,0,0.0,0,,0.4696083750474093,passed,1,1,0,0,,,subscription_edtech,subscription_edtech,medium,digital_service,1,0.670209300037051,0,1,42,16.0,20.55625,0
DSP001276,TXN0285551,M000269,CUS0102046,Visa,CREDIT_NOT_PROCESSED,Credit Not Processed,2025-05-16,1499,577,163,2025-06-01,16,contested,won,2025-06-14,4,4,3,1,0.608,4,2,0.75,1499,credit_card,1,1499.0,0,14.0,0.2091075340710384,passed,1,1,0,0,,,subscription_edtech,subscription_edtech,medium,digital_service,1,0.670209300037051,0,1,42,16.0,60.51111111111111,1
DSP001277,TXN0285940,M000269,,Visa,RECURRING_BILLING_DISPUTE,Recurring Billing Dispute,2025-08-29,24999,563,174,2025-09-12,14,contested,lost,2025-09-13,4,5,3,2,0.60425,4,2,0.6,24999,debit_card,0,0.0,0,,0.3619734314108071,passed,0,1,0,0,,,subscription_edtech,subscription_edtech,medium,digital_service,1,0.670209300037051,0,1,42,14.0,34.09236111111111,0
DSP001278,TXN0286377,M000269,CUS0102503,RuPay,SERVICE_NOT_RENDERED,Service Not Rendered,2025-10-18,1499,526,190,2025-10-30,12,contested,won,2025-11-17,3,4,2,2,0.4187166666666666,3,3,0.5,1499,debit_card,3,15997.0,0,32.0,0.0986474607605832,passed,1,2,0,0,,,subscription_edtech,subscription_edtech,medium,digital_service,1,0.670209300037051,0,1,42,12.0,42.02638888888889,1
DSP001279,TXN0285463,M000269,CUS0102489,Mastercard,RECURRING_BILLING_DISPUTE,Recurring Billing Dispute,2025-07-08,1499,679,208,2025-07-19,11,contested,lost,2025-08-01,3,5,2,3,0.46808333333333335,3,3,0.4,1499,credit_card,0,0.0,0,,0.1005388119348519,passed,1,1,0,0,,,subscription_edtech,subscription_edtech,medium,digital_service,1,0.670209300037051,0,1,42,11.0,29.516666666666666,0
DSP001282,TXN0287329,M000269,CUS0102377,Visa,RECURRING_BILLING_DISPUTE,Recurring Billing Dispute,2025-05-06,1499,437,249,2025-05-24,18,contested,lost,2025-06-07,5,5,4,1,0.7026166666666667,5,1,0.8,1499,debit_card,0,0.0,0,,0.4019493988490972,passed,1,1,0,0,,,subscription_edtech,subscription_edtech,medium,digital_service,1,0.670209300037051,0,1,42,18.0,74.75625,0
DSP001283,TXN0285982,M000269,CUS0102347,Mastercard,MERCHANDISE_NOT_AS_DESCRIBED,Merchandise Not As Described,2025-09-12,1499,483,227,2025-09-27,15,contested,lost,2025-10-06,4,4,2,2,0.5864833333333334,4,2,0.5,1499,debit_card,3,37997.0,0,64.0,0.1631210086310362,passed,1,3,0,0,,,subscription_edtech,subscription_edtech,medium,digital_service,1,0.670209300037051,0,1,42,15.0,9.160416666666666,0
DSP001284,TXN0285916,M000269,,Mastercard,UNAUTHORIZED_TRANSACTION,Unauthorized Transaction,2025-12-03,24999,648,247,2025-12-12,9,contested,lost,2025-12-25,5,4,3,1,0.7428,5,1,0.75,24999,credit_card,0,0.0,0,,0.3921937124867836,passed,1,2,0,0,,,subscription_edtech,subscription_edtech,medium,digital_service,1,0.670209300037051,0,1,42,9.0,46.425,0
DSP001286,TXN0287159,M000269,,Mastercard,RECURRING_BILLING_DISPUTE,Recurring Billing Dispute,2026-01-05,2999,585,271,2026-01-24,19,contested,won,2026-02-08,4,5,4,1,0.5786333333333333,4,2,0.8,2999,credit_card,0,0.0,0,,0.5294600587059176,passed,1,1,0,0,,,subscription_edtech,subscription_edtech,medium,digital_service,1,0.670209300037051,0,1,42,19.0,16.889583333333334,1
DSP001287,TXN0285176,M000269,CUS0101976,Mastercard,UNAUTHORIZED_TRANSACTION,Unauthorized Transaction,2025-03-21,24999,652,230,2025-03-30,9,contested,lost,2025-04-10,5,4,3,1,0.66495,5,1,0.75,24999,credit_card,0,0.0,0,,0.1287731605692928,passed,1,1,0,0,,,subscription_edtech,subscription_edtech,medium,digital_service,1,0.670209300037051,0,1,42,9.0,48.829861111111114,0
DSP001288,TXN0286067,M000269,,Mastercard,RECURRING_BILLING_DISPUTE,Recurring Billing Dispute,2025-10-17,9999,657,248,2025-10-29,12,contested,lost,2025-11-14,5,5,4,1,0.7554,5,1,0.8,9999,debit_card,0,0.0,0,,0.4601590978089365,passed,0,1,0,0,,,subscription_edtech,subscription_edtech,medium,digital_service,1,0.670209300037051,0,1,42,12.0,25.961111111111112,0
DSP001291,TXN0288483,M000270,CUS0103019,Visa,MERCHANDISE_NOT_RECEIVED,Merchandise Not Received,2025-11-03,469,699,215,2025-11-24,21,contested,won,2025-12-15,5,4,3,1,0.7581166666666667,5,1,0.75,469,debit_card,1,995.0,0,289.0,0.3841875151955146,passed,1,1,0,0,delivered,1.0,d2c_brand,d2c_brand,medium,physical_delivery,0,0.7189279536498778,1,0,41,21.0,6.35625,1
DSP001293,TXN0288200,M000270,CUS0103282,Visa,MERCHANDISE_NOT_RECEIVED,Merchandise Not Received,2025-05-24,899,474,206,2025-06-12,19,contested,won,2025-06-12,5,4,4,0,0.7140333333333334,5,1,1.0,899,debit_card,1,1649.0,0,22.0,0.4031089750187967,passed,1,1,0,0,in_transit,0.0,d2c_brand,d2c_brand,medium,physical_delivery,0,0.7189279536498778,1,0,41,19.0,65.92777777777778,1
DSP001294,TXN0290300,M000270,CUS0103311,RuPay,CREDIT_NOT_PROCESSED,Credit Not Processed,2025-05-20,849,409,265,2025-05-29,9,contested,lost,2025-07-02,4,3,2,1,0.57155,4,2,0.6666666666666666,849,credit_card,0,0.0,0,,0.1854375082368954,passed,1,3,0,0,delivered,0.0,d2c_brand,d2c_brand,medium,physical_delivery,0,0.7189279536498778,1,0,41,9.0,52.62777777777778,0
DSP001295,TXN0289854,M000270,CUS0103276,Mastercard,MERCHANDISE_NOT_AS_DESCRIBED,Merchandise Not As Described,2026-01-20,305,628,216,2026-02-02,13,contested,won,2026-02-19,4,3,3,0,0.5431666666666667,4,2,1.0,305,credit_card,1,7295.0,0,6.0,0.238866426717907,passed,1,1,0,0,delivered,1.0,d2c_brand,d2c_brand,medium,physical_delivery,0,0.7189279536498778,1,0,41,13.0,34.60347222222222,1
DSP001296,TXN0288595,M000270,CUS0103730,Mastercard,UNAUTHORIZED_TRANSACTION,Unauthorized Transaction,2025-03-27,1245,524,225,2025-04-06,10,contested,lost,2025-04-17,3,4,2,2,0.4497,3,3,0.5,1245,credit_card,0,0.0,0,,0.393497796898658,passed,1,3,0,0,delivered,1.0,d2c_brand,d2c_brand,medium,physical_delivery,0,0.7189279536498778,1,0,41,10.0,50.77708333333333,0
DSP001297,TXN0288916,M000270,,Visa,MERCHANDISE_NOT_AS_DESCRIBED,Merchandise Not As Described,2025-09-28,595,555,257,2025-10-09,11,contested,lost,2025-10-28,5,3,3,0,0.80195,5,1,1.0,595,credit_card,0,0.0,0,,0.3242349694960763,passed,1,1,1,0,delivered,0.0,d2c_brand,d2c_brand,medium,physical_delivery,0,0.7189279536498778,1,0,41,11.0,10.879861111111111,0
DSP001298,TXN0288412,M000270,CUS0103179,Visa,CREDIT_NOT_PROCESSED,Credit Not Processed,2025-04-18,269,676,276,2025-05-04,16,contested,won,2025-05-22,5,3,3,0,0.7752333333333333,5,1,1.0,269,debit_card,1,1595.0,0,54.0,0.4547126986276473,passed,1,1,0,0,delivered,1.0,d2c_brand,d2c_brand,medium,physical_delivery,0,0.7189279536498778,1,0,41,16.0,32.48888888888889,1
DSP001299,TXN0289362,M000270,CUS0103593,RuPay,MERCHANDISE_NOT_RECEIVED,Merchandise Not Received,2026-02-10,849,467,164,2026-02-25,15,contested,lost,2026-03-19,4,4,2,2,0.5085166666666666,4,2,0.5,849,debit_card,4,3928.0,0,105.0,0.2187281855685859,passed,1,1,0,0,delivered,1.0,d2c_brand,d2c_brand,medium,physical_delivery,0,0.7189279536498778,1,0,41,15.0,69.89444444444445,0
DSP001303,TXN0292391,M000271,CUS0104297,Visa,CREDIT_NOT_PROCESSED,Credit Not Processed,2025-09-25,3199,428,169,2025-10-07,12,contested,won,2025-10-22,5,3,3,0,0.7599666666666667,5,1,1.0,3199,credit_card,3,5047.0,0,2.0,0.3735899242076612,passed,1,1,0,1,delivered,1.0,d2c_brand,d2c_brand,medium,physical_delivery,0,0.7778193423044161,1,1,30,12.0,5.526388888888889,1
DSP001304,TXN0292855,M000271,CUS0104019,Visa,MERCHANDISE_NOT_AS_DESCRIBED,Merchandise Not As Described,2025-10-17,549,414,287,2025-10-27,10,contested,won,2025-11-17,5,3,3,0,0.70485,5,1,1.0,549,debit_card,0,0.0,0,,0.2988880795662905,passed,1,4,0,0,delivered,1.0,d2c_brand,d2c_brand,medium,physical_delivery,0,0.7778193423044161,1,1,30,10.0,60.15972222222222,1
DSP001305,TXN0292237,M000271,,RuPay,MERCHANDISE_NOT_RECEIVED,Merchandise Not Received,2025-10-26,795,715,200,2025-11-09,14,contested,won,2025-11-09,6,4,4,0,0.9014833333333333,6,0,1.0,795,debit_card,0,0.0,0,,0.0455412147500838,passed,1,1,0,0,delivered,0.0,d2c_brand,d2c_brand,medium,physical_delivery,0,0.7778193423044161,1,1,30,14.0,64.20833333333333,1
DSP001307,TXN0292566,M000271,CUS0104690,Visa,UNAUTHORIZED_TRANSACTION,Unauthorized Transaction,2026-01-11,949,450,275,2026-01-29,18,contested,lost,2026-01-25,5,4,4,0,0.7776666666666667,5,1,1.0,949,credit_card,1,499.0,0,141.0,0.2548140274596299,passed,1,2,0,0,delivered,0.0,d2c_brand,d2c_brand,medium,physical_delivery,0,0.7778193423044161,1,1,30,18.0,24.645833333333332,0
DSP001310,TXN0292774,M000271,CUS0104141,Mastercard,MERCHANDISE_NOT_AS_DESCRIBED,Merchandise Not As Described,2025-08-04,4999,616,267,2025-08-19,15,contested,won,2025-08-30,5,3,3,0,0.7041666666666666,5,1,1.0,4999,credit_card,1,1649.0,0,109.0,0.31861913218007,passed,1,2,1,0,delivered,1.0,d2c_brand,d2c_brand,medium,physical_delivery,0,0.7778193423044161,1,1,30,15.0,73.28194444444445,1
DSP001312,TXN0294546,M000272,CUS0104867,RuPay,RECURRING_BILLING_DISPUTE,Recurring Billing Dispute,2025-03-16,2499,655,194,2025-04-04,19,contested,lost,2025-04-23,4,5,3,2,0.5007,4,2,0.6,2499,debit_card,0,0.0,0,,0.1732342129439283,passed,1,1,0,0,,,fitness_membership,fitness_membership,medium,membership_service,1,0.5014844724690743,0,0,120,19.0,53.765277777777776,0
DSP001313,TXN0294967,M000272,CUS0105500,Visa,RECURRING_BILLING_DISPUTE,Recurring Billing Dispute,2025-06-24,5999,460,218,2025-07-02,8,contested,lost,2025-08-07,3,5,3,2,0.37325,3,3,0.6,5999,credit_card,2,8498.0,0,29.0,0.034388027872834,passed,1,1,0,0,,,fitness_membership,fitness_membership,medium,membership_service,1,0.5014844724690743,0,0,120,8.0,63.53055555555556,0
DSP001315,TXN0294632,M000272,CUS0105389,RuPay,RECURRING_BILLING_DISPUTE,Recurring Billing Dispute,2025-04-06,5999,430,171,2025-04-21,15,contested,lost,2025-04-30,4,5,4,1,0.4355,4,2,0.8,5999,debit_card,0,0.0,0,,0.3814082300650413,passed,1,1,0,0,,,fitness_membership,fitness_membership,medium,membership_service,1,0.5014844724690743,0,0,120,15.0,52.39652777777778,0
DSP001318,TXN0294900,M000272,CUS0104881,Mastercard,RECURRING_BILLING_DISPUTE,Recurring Billing Dispute,2026-01-24,2499,571,157,2026-02-07,14,contested,lost,2026-02-28,1,5,1,4,0.11273333333333334,1,5,0.2,2499,credit_card,3,14497.0,0,41.0,0.3252751357698831,passed,1,1,1,0,,,fitness_membership,fitness_membership,medium,membership_service,1,0.5014844724690743,0,0,120,14.0,28.106944444444444,0
DSP001320,TXN0297981,M000273,CUS0105714,Visa,MERCHANDISE_NOT_AS_DESCRIBED,Merchandise Not As Described,2025-03-20,549,603,242,2025-04-04,15,contested,won,2025-04-12,5,3,3,0,0.6847333333333333,5,1,1.0,549,credit_card,0,0.0,0,,0.0999827003885319,passed,1,1,0,0,delivered,1.0,d2c_brand,d2c_brand,medium,physical_delivery,0,0.7784969468529888,1,1,112,15.0,12.21111111111111,1
DSP001321,TXN0297249,M000273,,Visa,MERCHANDISE_NOT_RECEIVED,Merchandise Not Received,2025-11-22,4449,613,205,2025-12-08,16,contested,won,2025-12-27,6,4,4,0,0.9129,6,0,1.0,4449,credit_card,0,0.0,0,,0.1957176297969571,passed,1,1,0,0,delivered,1.0,d2c_brand,d2c_brand,medium,physical_delivery,0,0.7784969468529888,1,1,112,16.0,66.2875,1
DSP001322,TXN0296207,M000273,CUS0106332,Visa,CREDIT_NOT_PROCESSED,Credit Not Processed,2025-06-24,1045,488,190,2025-07-10,16,contested,won,2025-07-09,6,3,3,0,0.9342,6,0,1.0,1045,credit_card,2,2148.0,0,26.0,0.3054123163926457,passed,1,1,0,0,delivered,0.0,d2c_brand,d2c_brand,medium,physical_delivery,0,0.7784969468529888,1,1,112,16.0,41.0875,1
DSP001323,TXN0296766,M000273,,Visa,DUPLICATE_TRANSACTION,Duplicate Transaction,2025-05-29,745,652,223,2025-06-12,14,contested,lost,2025-06-30,5,2,1,1,0.79845,5,1,0.5,745,credit_card,0,0.0,0,,0.3428479674227869,passed,1,1,0,0,delivered,1.0,d2c_brand,d2c_brand,medium,physical_delivery,0,0.7784969468529888,1,1,112,14.0,35.48888888888889,0
DSP001325,TXN0298093,M000273,CUS0105705,Visa,MERCHANDISE_NOT_RECEIVED,Merchandise Not Received,2025-10-21,2349,589,249,2025-11-04,14,contested,won,2025-12-05,6,4,4,0,0.9215833333333333,6,0,1.0,2349,debit_card,1,2195.0,0,46.0,0.4057233447138338,passed,1,1,0,0,delivered,1.0,d2c_brand,d2c_brand,medium,physical_delivery,0,0.7784969468529888,1,1,112,14.0,34.84513888888889,1
DSP001326,TXN0297737,M000273,CUS0105922,Visa,MERCHANDISE_NOT_AS_DESCRIBED,Merchandise Not As Described,2025-11-07,2049,647,188,2025-11-26,19,contested,won,2025-11-30,5,3,3,0,0.7771499999999999,5,1,1.0,2049,credit_card,0,0.0,0,,0.3159710910875028,passed,1,1,0,0,delivered,1.0,d2c_brand,d2c_brand,medium,physical_delivery,0,0.7784969468529888,1,1,112,19.0,42.988194444444446,1
DSP001327,TXN0296877,M000273,CUS0106415,Mastercard,MERCHANDISE_NOT_RECEIVED,Merchandise Not Received,2025-09-25,1599,404,191,2025-10-06,11,contested,lost,2025-10-24,5,4,3,1,0.7793166666666668,5,1,0.75,1599,debit_card,2,2598.0,0,61.0,0.1844265892865519,passed,0,1,0,1,delivered,0.0,d2c_brand,d2c_brand,medium,physical_delivery,0,0.7784969468529888,1,1,112,11.0,64.27916666666667,0
DSP001328,TXN0300314,M000274,CUS0107154,RuPay,UNAUTHORIZED_TRANSACTION,Unauthorized Transaction,2025-10-03,8895,472,186,2025-10-17,14,contested,lost,2025-11-13,2,3,0,3,0.30963333333333337,2,4,0.0,8895,debit_card,1,5395.0,0,214.0,0.1639374870068269,passed,1,2,0,0,,,travel_booking,travel_booking,medium,booking_service,0,0.5277083998646871,0,0,113,14.0,45.93680555555556,0
DSP001330,TXN0300487,M000274,CUS0106644,Mastercard,SERVICE_NOT_RENDERED,Service Not Rendered,2026-02-15,7599,448,233,2026-02-23,8,contested,lost,2026-03-18,2,3,1,2,0.2667333333333333,2,4,0.3333333333333333,7599,debit_card,3,19797.0,0,61.0,0.2167371947472706,passed,1,1,0,0,,,travel_booking,travel_booking,medium,booking_service,0,0.5277083998646871,0,0,113,8.0,55.861805555555556,0
DSP001333,TXN0300650,M000274,,RuPay,MERCHANDISE_NOT_AS_DESCRIBED,Merchandise Not As Described,2025-04-28,8299,673,299,2025-05-18,20,contested,won,2025-05-23,5,3,2,1,0.6639499999999999,5,1,0.6666666666666666,8299,debit_card,0,0.0,0,,0.3179290221266872,passed,0,1,0,0,,,travel_booking,travel_booking,medium,booking_service,0,0.5277083998646871,0,0,113,20.0,9.529861111111112,1
DSP001334,TXN0299098,M000274,,Visa,CREDIT_NOT_PROCESSED,Credit Not Processed,2025-10-12,24495,577,193,2025-10-21,9,contested,lost,2025-11-18,3,4,2,2,0.35073333333333334,3,3,0.5,24495,credit_card,0,0.0,0,,0.1006061976472886,failed,1,1,0,0,,,travel_booking,travel_booking,medium,booking_service,0,0.5277083998646871,0,0,113,9.0,50.84027777777778,0
DSP001335,TXN0300123,M000274,,Visa,MERCHANDISE_NOT_AS_DESCRIBED,Merchandise Not As Described,2025-12-18,7195,590,187,2026-01-07,20,contested,lost,2026-01-08,4,3,3,0,0.45144999999999996,4,2,1.0,7195,debit_card,0,0.0,0,,0.4153416182861911,passed,1,1,0,0,,,travel_booking,travel_booking,medium,booking_service,0,0.5277083998646871,0,0,113,20.0,45.56805555555555,0
DSP001336,TXN0300714,M000274,,Visa,DUPLICATE_TRANSACTION,Duplicate Transaction,2025-08-13,4599,570,272,2025-08-26,13,contested,won,2025-09-24,5,2,1,1,0.68565,5,1,0.5,4599,debit_card,0,0.0,0,,0.2948512704197168,failed,1,2,0,0,,,travel_booking,travel_booking,medium,booking_service,0,0.5277083998646871,0,0,113,13.0,49.33888888888889,1
DSP001339,TXN0301033,M000274,CUS0106862,Visa,UNAUTHORIZED_TRANSACTION,Unauthorized Transaction,2025-04-12,15199,713,189,2025-04-26,14,contested,won,2025-04-26,4,3,2,1,0.5250166666666667,4,2,0.6666666666666666,15199,debit_card,1,11395.0,0,27.0,0.4925476496637878,passed,1,1,0,0,,,travel_booking,travel_booking,medium,booking_service,0,0.5277083998646871,0,0,113,14.0,32.68958333333333,1
DSP001340,TXN0299312,M000274,CUS0107213,Visa,SERVICE_NOT_RENDERED,Service Not Rendered,2025-04-13,4449,704,170,2025-04-29,16,contested,won,2025-05-06,5,3,3,0,0.65425,5,1,1.0,4449,debit_card,0,0.0,0,,0.2729423165986495,passed,1,2,0,0,,,travel_booking,travel_booking,medium,booking_service,0,0.5277083998646871,0,0,113,16.0,44.19166666666667,1
DSP001341,TXN0301432,M000275,CUS0107712,Mastercard,RECURRING_BILLING_DISPUTE,Recurring Billing Dispute,2025-03-17,5999,567,244,2025-04-07,21,contested,lost,2025-04-06,4,5,4,1,0.46448333333333336,4,2,0.8,5999,credit_card,0,0.0,0,,0.1935831282108082,passed,1,1,0,0,,,fitness_membership,fitness_membership,medium,membership_service,1,0.4553064874412149,0,1,59,21.0,48.490972222222226,0
DSP001342,TXN0303298,M000275,,RuPay,RECURRING_BILLING_DISPUTE,Recurring Billing Dispute,2026-01-06,14999,550,169,2026-01-18,12,contested,lost,2026-01-29,2,5,2,3,0.26376666666666665,2,4,0.4,14999,credit_card,0,0.0,0,,0.1733849326532106,passed,0,1,0,0,,,fitness_membership,fitness_membership,medium,membership_service,1,0.4553064874412149,0,1,59,12.0,30.839583333333334,0
DSP001345,TXN0303303,M000275,,Visa,MERCHANDISE_NOT_AS_DESCRIBED,Merchandise Not As Described,2025-09-22,1499,603,151,2025-10-11,19,contested,lost,2025-10-24,5,4,3,1,0.62735,5,1,0.75,1499,debit_card,0,0.0,0,,0.1003220265569495,passed,1,2,0,0,,,fitness_membership,fitness_membership,medium,membership_service,1,0.4553064874412149,0,1,59,19.0,52.701388888888886,0
DSP001346,TXN0301632,M000275,CUS0107660,Visa,UNAUTHORIZED_TRANSACTION,Unauthorized Transaction,2026-02-11,1499,614,174,2026-03-03,20,contested,lost,2026-03-09,1,4,1,3,0.10558333333333332,1,5,0.25,1499,credit_card,4,23996.0,0,17.0,0.3535920590781287,passed,1,1,0,0,,,fitness_membership,fitness_membership,medium,membership_service,1,0.4553064874412149,0,1,59,20.0,52.134027777777774,0
DSP001347,TXN0302650,M000275,CUS0107740,RuPay,RECURRING_BILLING_DISPUTE,Recurring Billing Dispute,2025-04-07,1499,462,188,2025-04-21,14,contested,lost,2025-04-28,4,5,3,2,0.46248333333333336,4,2,0.6,1499,debit_card,0,0.0,0,,0.455947275466826,passed,1,1,0,0,,,fitness_membership,fitness_membership,medium,membership_service,1,0.4553064874412149,0,1,59,14.0,18.354166666666668,0
DSP001350,TXN0303451,M000275,,Visa,MERCHANDISE_NOT_AS_DESCRIBED,Merchandise Not As Described,2025-11-18,1499,692,300,2025-11-28,10,contested,lost,2025-12-05,1,4,1,3,0.13775,1,5,0.25,1499,credit_card,0,0.0,0,,0.148936595556427,passed,1,1,0,0,,,fitness_membership,fitness_membership,medium,membership_service,1,0.4553064874412149,0,1,59,10.0,37.93888888888889,0
DSP001351,TXN0303505,M000275,,RuPay,UNAUTHORIZED_TRANSACTION,Unauthorized Transaction,2025-07-20,1499,593,222,2025-08-10,21,contested,lost,2025-08-17,3,4,1,3,0.4046,3,3,0.25,1499,debit_card,0,0.0,0,,0.1889670077587184,passed,1,2,0,0,,,fitness_membership,fitness_membership,medium,membership_service,1,0.4553064874412149,0,1,59,21.0,22.242361111111112,0
DSP001352,TXN0302069,M000275,,Mastercard,SERVICE_NOT_RENDERED,Service Not Rendered,2025-02-20,1499,708,232,2025-03-08,16,contested,lost,2025-03-08,3,4,2,2,0.33194999999999997,3,3,0.5,1499,credit_card,0,0.0,0,,0.2671761828042968,passed,1,1,0,0,,,fitness_membership,fitness_membership,medium,membership_service,1,0.4553064874412149,0,1,59,16.0,31.98611111111111,0
DSP001353,TXN0301260,M000275,,RuPay,UNAUTHORIZED_TRANSACTION,Unauthorized Transaction,2025-10-15,5999,616,169,2025-10-22,7,contested,lost,2025-11-24,5,4,3,1,0.6003166666666667,5,1,0.75,5999,credit_card,0,0.0,0,,0.1466310984874545,passed,1,4,0,0,,,fitness_membership,fitness_membership,medium,membership_service,1,0.4553064874412149,0,1,59,7.0,34.951388888888886,0
DSP001354,TXN0302912,M000275,,Visa,RECURRING_BILLING_DISPUTE,Recurring Billing Dispute,2025-03-18,5999,697,254,2025-03-29,11,contested,won,2025-05-02,5,5,4,1,0.6502333333333333,5,1,0.8,5999,debit_card,0,0.0,0,,0.3051937415492411,passed,1,1,0,0,,,fitness_membership,fitness_membership,medium,membership_service,1,0.4553064874412149,0,1,59,11.0,18.77777777777778,1
DSP001357,TXN0302581,M000275,CUS0107635,Visa,RECURRING_BILLING_DISPUTE,Recurring Billing Dispute,2026-02-15,5999,721,241,2026-03-05,18,contested,lost,2026-03-18,2,5,2,3,0.29760000000000003,2,4,0.4,5999,credit_card,2,2998.0,0,92.0,0.2290911840631486,passed,1,2,0,0,,,fitness_membership,fitness_membership,medium,membership_service,1,0.4553064874412149,0,1,59,18.0,53.06041666666667,0
DSP001358,TXN0306515,M000276,CUS0108826,Visa,RECURRING_BILLING_DISPUTE,Recurring Billing Dispute,2025-10-11,4999,697,244,2025-10-28,17,contested,lost,2025-11-21,5,5,4,1,0.7563833333333333,5,1,0.8,4999,credit_card,1,1499.0,0,5.0,0.1236418310869894,not_applicable,1,4,0,0,,,saas_tools,saas_tools,medium,digital_service,1,0.846143213349221,0,1,83,17.0,27.143055555555556,0
DSP001359,TXN0304005,M000276,CUS0109103,Mastercard,RECURRING_BILLING_DISPUTE,Recurring Billing Dispute,2025-08-06,9999,505,223,2025-08-21,15,contested,won,2025-09-06,6,5,5,0,0.9384166666666666,6,0,1.0,9999,credit_card,0,0.0,0,,0.1064612874855483,failed,1,1,0,0,,,saas_tools,saas_tools,medium,digital_service,1,0.846143213349221,0,1,83,15.0,9.39236111111111,1
DSP001361,TXN0306488,M000276,CUS0108883,Mastercard,CREDIT_NOT_PROCESSED,Credit Not Processed,2025-04-18,19999,465,174,2025-05-03,15,contested,lost,2025-05-02,4,4,3,1,0.5682833333333334,4,2,0.75,19999,credit_card,0,0.0,0,,0.2369283554036851,passed,1,1,0,0,,,saas_tools,saas_tools,medium,digital_service,1,0.846143213349221,0,1,83,15.0,72.04861111111111,0
DSP001363,TXN0304958,M000276,CUS0108886,Visa,RECURRING_BILLING_DISPUTE,Recurring Billing Dispute,2025-04-12,1499,636,183,2025-04-20,8,contested,lost,2025-04-28,5,5,4,1,0.8001166666666667,5,1,0.8,1499,credit_card,0,0.0,0,,0.5167673162688804,passed,1,1,0,0,,,saas_tools,saas_tools,medium,digital_service,1,0.846143213349221,0,1,83,8.0,19.315277777777776,0
DSP001364,TXN0304832,M000276,,Mastercard,CREDIT_NOT_PROCESSED,Credit Not Processed,2025-09-29,4999,604,226,2025-10-17,18,contested,won,2025-11-07,6,4,4,0,0.9405833333333332,6,0,1.0,4999,credit_card,0,0.0,0,,0.4236687202405971,passed,0,1,0,0,,,saas_tools,saas_tools,medium,digital_service,1,0.846143213349221,0,1,83,18.0,26.3875,1
DSP001365,TXN0304206,M000276,CUS0109453,RuPay,RECURRING_BILLING_DISPUTE,Recurring Billing Dispute,2025-11-24,1499,720,247,2025-12-12,18,contested,won,2025-12-13,5,5,4,1,0.7908166666666666,5,1,0.8,1499,credit_card,2,6498.0,0,184.0,0.5866796582908426,passed,1,1,0,0,,,saas_tools,saas_tools,medium,digital_service,1,0.846143213349221,0,1,83,18.0,68.93958333333333,1
DSP001366,TXN0304425,M000276,CUS0108885,Mastercard,RECURRING_BILLING_DISPUTE,Recurring Billing Dispute,2025-08-22,1499,667,190,2025-09-09,18,contested,lost,2025-09-17,4,5,3,2,0.6533333333333333,4,2,0.6,1499,debit_card,0,0.0,0,,0.2697184680731371,passed,1,1,0,0,,,saas_tools,saas_tools,medium,digital_service,1,0.846143213349221,0,1,83,18.0,62.483333333333334,0
DSP001368,TXN0304799,M000276,CUS0109287,Visa,SERVICE_NOT_RENDERED,Service Not Rendered,2025-01-30,9999,634,285,2025-02-06,7,contested,won,2025-02-13,6,4,4,0,0.9211499999999999,6,0,1.0,9999,debit_card,0,0.0,0,,0.3423959301699457,passed,1,1,0,0,,,saas_tools,saas_tools,medium,digital_service,1,0.846143213349221,0,1,83,7.0,26.186805555555555,1
DSP001369,TXN0304645,M000276,CUS0109460,Visa,UNAUTHORIZED_TRANSACTION,Unauthorized Transaction,2025-12-29,19999,647,226,2026-01-10,12,contested,won,2026-01-12,6,4,4,0,0.89595,6,0,1.0,19999,debit_card,1,19999.0,0,105.0,0.0767259464491933,passed,1,2,0,0,,,saas_tools,saas_tools,medium,digital_service,1,0.846143213349221,0,1,83,12.0,55.083333333333336,1
DSP001370,TXN0306539,M000276,CUS0108918,Mastercard,UNAUTHORIZED_TRANSACTION,Unauthorized Transaction,2025-03-22,1499,469,263,2025-04-03,12,contested,lost,2025-04-08,5,4,4,0,0.7372166666666667,5,1,1.0,1499,credit_card,0,0.0,0,,0.2870297976935935,failed,1,1,0,0,,,saas_tools,saas_tools,medium,digital_service,1,0.846143213349221,0,1,83,12.0,42.925694444444446,0
DSP001371,TXN0303876,M000276,,Mastercard,RECURRING_BILLING_DISPUTE,Recurring Billing Dispute,2025-10-07,1499,675,200,2025-10-20,13,contested,lost,2025-10-31,5,5,4,1,0.7828833333333334,5,1,0.8,1499,credit_card,0,0.0,0,,0.2993335671078745,passed,1,1,0,0,,,saas_tools,saas_tools,medium,digital_service,1,0.846143213349221,0,1,83,13.0,47.26111111111111,0
DSP001372,TXN0304546,M000276,,Mastercard,UNAUTHORIZED_TRANSACTION,Unauthorized Transaction,2026-01-05,1499,447,167,2026-01-21,16,contested,won,2026-02-05,6,4,4,0,0.9335999999999999,6,0,1.0,1499,debit_card,0,0.0,0,,0.498276501937191,passed,1,1,0,0,,,saas_tools,saas_tools,medium,digital_service,1,0.846143213349221,0,1,83,16.0,56.41111111111111,1
DSP001373,TXN0303877,M000276,,RuPay,CREDIT_NOT_PROCESSED,Credit Not Processed,2025-12-29,4999,632,179,2026-01-13,15,contested,won,2026-01-31,4,4,3,1,0.6280666666666667,4,2,0.75,4999,credit_card,0,0.0,0,,0.0379009135174298,passed,1,1,0,0,,,saas_tools,saas_tools,medium,digital_service,1,0.846143213349221,0,1,83,15.0,21.09236111111111,1
DSP001375,TXN0304678,M000276,CUS0109156,Visa,RECURRING_BILLING_DISPUTE,Recurring Billing Dispute,2025-05-29,1499,492,277,2025-06-14,16,contested,won,2025-06-20,6,5,5,0,0.9316833333333333,6,0,1.0,1499,debit_card,0,0.0,0,,0.2027377549564646,passed,1,3,0,0,,,saas_tools,saas_tools,medium,digital_service,1,0.846143213349221,0,1,83,16.0,44.87222222222222,1
DSP001376,TXN0306347,M000276,CUS0108591,Mastercard,RECURRING_BILLING_DISPUTE,Recurring Billing Dispute,2025-11-10,9999,418,215,2025-11-24,14,contested,won,2025-12-12,5,5,5,0,0.7618166666666667,5,1,1.0,9999,credit_card,1,1499.0,0,227.0,0.4508238600170758,passed,1,5,0,0,,,saas_tools,saas_tools,medium,digital_service,1,0.846143213349221,0,1,83,14.0,33.96805555555556,1
DSP001377,TXN0305449,M000276,CUS0108835,Mastercard,RECURRING_BILLING_DISPUTE,Recurring Billing Dispute,2025-09-02,19999,676,286,2025-09-22,20,contested,won,2025-09-24,5,5,4,1,0.7741166666666667,5,1,0.8,19999,debit_card,1,9999.0,0,22.0,0.2354424771016819,passed,1,1,0,0,,,saas_tools,saas_tools,medium,digital_service,1,0.846143213349221,0,1,83,20.0,4.423611111111111,1
DSP001378,TXN0308986,M000277,CUS0110839,Mastercard,CREDIT_NOT_PROCESSED,Credit Not Processed,2025-07-31,1249,555,213,2025-08-08,8,contested,won,2025-08-25,6,3,3,0,0.98,6,0,1.0,1249,credit_card,1,1645.0,0,6.0,0.109902206092467,passed,1,2,0,0,in_transit,0.0,marketplace_retailer,marketplace_retailer,large,physical_delivery,0,0.9193180957692564,1,0,67,8.0,51.517361111111114,1
DSP001380,TXN0306842,M000277,CUS0112112,Visa,MERCHANDISE_NOT_RECEIVED,Merchandise Not Received,2025-06-15,2149,548,196,2025-06-22,7,contested,won,2025-07-04,6,4,4,0,0.98,6,0,1.0,2149,credit_card,2,7198.0,0,0.0,0.2366418049660185,passed,1,1,0,0,in_transit,0.0,marketplace_retailer,marketplace_retailer,large,physical_delivery,0,0.9193180957692564,1,0,67,7.0,10.108333333333333,1
DSP001381,TXN0311981,M000277,,Visa,MERCHANDISE_NOT_AS_DESCRIBED,Merchandise Not As Described,2026-01-06,845,578,163,2026-01-17,11,contested,won,2026-02-17,6,3,3,0,0.9380000000000001,6,0,1.0,845,debit_card,0,0.0,0,,0.1392246056397508,passed,1,1,0,0,delivered,1.0,marketplace_retailer,marketplace_retailer,large,physical_delivery,0,0.9193180957692564,1,0,67,11.0,27.58125,1
DSP001382,TXN0314232,M000277,,RuPay,MERCHANDISE_NOT_RECEIVED,Merchandise Not Received,2025-11-11,1349,468,155,2025-12-02,21,contested,lost,2025-12-11,6,4,4,0,0.98,6,0,1.0,1349,credit_card,0,0.0,0,,0.1555508367747789,passed,0,1,0,0,delivered,1.0,marketplace_retailer,marketplace_retailer,large,physical_delivery,0,0.9193180957692564,1,0,67,21.0,68.66875,0
DSP001383,TXN0312967,M000277,CUS0111070,Visa,MERCHANDISE_NOT_RECEIVED,Merchandise Not Received,2025-11-02,1199,743,213,2025-11-22,20,contested,won,2025-12-06,5,4,3,1,0.7681666666666667,5,1,0.75,1199,credit_card,0,0.0,0,,0.6259996465697036,failed,1,1,0,0,delivered,1.0,marketplace_retailer,marketplace_retailer,large,physical_delivery,0,0.9193180957692564,1,0,67,20.0,38.24722222222222,1
DSP001385,TXN0308901,M000277,CUS0110107,Visa,MERCHANDISE_NOT_RECEIVED,Merchandise Not Received,2025-03-13,745,560,268,2025-03-21,8,contested,lost,2025-04-09,5,4,3,1,0.8166666666666668,5,1,0.75,745,credit_card,0,0.0,0,,0.4257306264936681,passed,0,1,0,0,delivered,1.0,marketplace_retailer,marketplace_retailer,large,physical_delivery,0,0.9193180957692564,1,0,67,8.0,11.799305555555556,0
DSP001386,TXN0309189,M000277,,Visa,DUPLICATE_TRANSACTION,Duplicate Transaction,2025-05-03,4249,486,244,2025-05-20,17,contested,won,2025-05-31,6,2,2,0,0.9368,6,0,1.0,4249,credit_card,0,0.0,0,,0.2735413903412264,passed,1,1,0,0,delivered,1.0,marketplace_retailer,marketplace_retailer,large,physical_delivery,0,0.9193180957692564,1,0,67,17.0,70.21597222222222,1
DSP001388,TXN0307756,M000277,CUS0112243,Visa,MERCHANDISE_NOT_AS_DESCRIBED,Merchandise Not As Described,2025-05-20,8999,581,168,2025-06-03,14,contested,lost,2025-06-10,6,3,3,0,0.9086166666666666,6,0,1.0,8999,credit_card,0,0.0,0,,0.1847191249451026,passed,1,1,0,0,in_transit,0.0,marketplace_retailer,marketplace_retailer,large,physical_delivery,0,0.9193180957692564,1,0,67,14.0,59.53472222222222,0
DSP001389,TXN0310284,M000277,CUS0110315,Mastercard,MERCHANDISE_NOT_RECEIVED,Merchandise Not Received,2025-10-26,409,429,277,2025-11-08,13,contested,won,2025-12-03,5,4,3,1,0.8112333333333334,5,1,0.75,409,credit_card,1,13099.0,0,99.0,0.1500162300297439,failed,1,2,0,0,in_transit,0.0,marketplace_retailer,marketplace_retailer,large,physical_delivery,0,0.9193180957692564,1,0,67,13.0,49.75833333333333,1
DSP001390,TXN0308167,M000277,CUS0109624,RuPay,DUPLICATE_TRANSACTION,Duplicate Transaction,2026-03-02,1695,681,285,2026-03-10,8,contested,won,2026-04-11,6,2,2,0,0.9460833333333333,6,0,1.0,1695,debit_card,2,3398.0,0,58.0,0.1277439124349426,passed,1,2,0,1,in_transit,0.0,marketplace_retailer,marketplace_retailer,large,physical_delivery,0,0.9193180957692564,1,0,67,8.0,61.90208333333333,1
DSP001391,TXN0311280,M000277,,Mastercard,MERCHANDISE_NOT_RECEIVED,Merchandise Not Received,2025-09-09,949,647,274,2025-09-25,16,contested,won,2025-10-16,5,4,4,0,0.7929833333333334,5,1,1.0,949,debit_card,0,0.0,0,,0.0428851720164344,passed,1,1,0,0,delivered,1.0,marketplace_retailer,marketplace_retailer,large,physical_delivery,0,0.9193180957692564,1,0,67,16.0,36.525,1
DSP001392,TXN0310383,M000277,CUS0112046,Visa,DUPLICATE_TRANSACTION,Duplicate Transaction,2025-10-02,2545,688,161,2025-10-11,9,contested,won,2025-10-30,6,2,2,0,0.9288166666666666,6,0,1.0,2545,debit_card,0,0.0,0,,0.2742718666071228,passed,1,1,0,0,delivered,0.0,marketplace_retailer,marketplace_retailer,large,physical_delivery,0,0.9193180957692564,1,0,67,9.0,50.37777777777778,1
DSP001393,TXN0308589,M000277,,Mastercard,MERCHANDISE_NOT_AS_DESCRIBED,Merchandise Not As Described,2025-06-07,3699,691,207,2025-06-16,9,contested,lost,2025-07-02,6,3,3,0,0.9601333333333333,6,0,1.0,3699,credit_card,0,0.0,0,,0.1038987694845604,passed,1,1,0,0,delivered,1.0,marketplace_retailer,marketplace_retailer,large,physical_delivery,0,0.9193180957692564,1,0,67,9.0,50.29097222222222,0
DSP001394,TXN0307414,M000277,CUS0110456,Visa,MERCHANDISE_NOT_RECEIVED,Merchandise Not Received,2025-12-21,1249,417,234,2026-01-11,21,contested,won,2026-01-27,5,4,3,1,0.8108,5,1,0.75,1249,credit_card,0,0.0,0,,0.18154630553958,passed,1,1,0,0,delivered,0.0,marketplace_retailer,marketplace_retailer,large,physical_delivery,0,0.9193180957692564,1,0,67,21.0,61.90972222222222,1
DSP001396,TXN0308767,M000277,CUS0111614,Visa,MERCHANDISE_NOT_AS_DESCRIBED,Merchandise Not As Described,2025-05-21,2595,615,158,2025-06-08,18,contested,won,2025-07-02,6,3,3,0,0.9648,6,0,1.0,2595,debit_card,2,3844.0,0,44.0,0.3940982895040984,passed,1,2,1,0,in_transit,0.0,marketplace_retailer,marketplace_retailer,large,physical_delivery,0,0.9193180957692564,1,0,67,18.0,66.87638888888888,1
DSP001397,TXN0310409,M000277,CUS0112305,Visa,MERCHANDISE_NOT_RECEIVED,Merchandise Not Received,2025-07-11,995,402,184,2025-07-18,7,contested,won,2025-08-12,6,4,4,0,0.9670333333333333,6,0,1.0,995,credit_card,2,1660.0,0,44.0,0.1300138021170137,passed,1,3,0,0,delivered,1.0,marketplace_retailer,marketplace_retailer,large,physical_delivery,0,0.9193180957692564,1,0,67,7.0,12.929166666666667,1
DSP001399,TXN0311192,M000277,CUS0111831,Mastercard,MERCHANDISE_NOT_RECEIVED,Merchandise Not Received,2025-11-16,2149,498,234,2025-12-01,15,contested,won,2025-12-06,6,4,4,0,0.9234666666666667,6,0,1.0,2149,credit_card,2,1758.0,0,264.0,0.0628904512664363,passed,1,1,0,0,in_transit,0.0,marketplace_retailer,marketplace_retailer,large,physical_delivery,0,0.9193180957692564,1,0,67,15.0,5.451388888888889,1
DSP001400,TXN0313439,M000277,,Visa,MERCHANDISE_NOT_RECEIVED,Merchandise Not Received,2025-04-07,9299,419,298,2025-04-24,17,contested,lost,2025-04-23,6,4,4,0,0.9267833333333333,6,0,1.0,9299,debit_card,0,0.0,0,,0.3440772811599146,passed,1,2,0,0,delivered,0.0,marketplace_retailer,marketplace_retailer,large,physical_delivery,0,0.9193180957692564,1,0,67,17.0,46.078472222222224,0
DSP001402,TXN0322097,M000278,,Mastercard,DUPLICATE_TRANSACTION,Duplicate Transaction,2025-02-11,6999,728,184,2025-02-19,8,contested,lost,2025-02-27,5,2,1,1,0.8166666666666668,5,1,0.5,6999,debit_card,0,0.0,0,,0.5125355039317684,passed,1,3,0,0,delivered,1.0,marketplace_retailer,marketplace_retailer,large,physical_delivery,0,0.97,1,1,103,8.0,8.877083333333333,0
DSP001403,TXN0317491,M000278,CUS0114001,Visa,MERCHANDISE_NOT_RECEIVED,Merchandise Not Received,2025-10-05,8499,581,177,2025-10-23,18,contested,won,2025-11-07,6,4,4,0,0.98,6,0,1.0,8499,debit_card,0,0.0,0,,0.2899178108050669,passed,1,1,0,1,delivered,1.0,marketplace_retailer,marketplace_retailer,large,physical_delivery,0,0.97,1,1,103,18.0,36.110416666666666,1
DSP001408,TXN0321616,M000278,CUS0113960,Mastercard,MERCHANDISE_NOT_AS_DESCRIBED,Merchandise Not As Described,2025-09-12,1695,628,210,2025-09-23,11,contested,won,2025-10-26,6,3,3,0,0.9169999999999999,6,0,1.0,1695,credit_card,1,2295.0,0,98.0,0.1345519395553528,passed,1,1,0,0,delivered,1.0,marketplace_retailer,marketplace_retailer,large,physical_delivery,0,0.97,1,1,103,11.0,71.05208333333333,1
DSP001409,TXN0321853,M000278,CUS0112536,Visa,MERCHANDISE_NOT_RECEIVED,Merchandise Not Received,2025-02-03,1395,675,214,2025-02-15,12,contested,won,2025-02-25,6,4,4,0,0.95185,6,0,1.0,1395,credit_card,0,0.0,0,,0.424109167667385,passed,1,1,0,0,delivered,1.0,marketplace_retailer,marketplace_retailer,large,physical_delivery,0,0.97,1,1,103,12.0,14.55625,1
DSP001414,TXN0318956,M000278,CUS0114506,Visa,MERCHANDISE_NOT_RECEIVED,Merchandise Not Received,2025-05-12,1999,680,298,2025-05-26,14,contested,won,2025-06-26,6,4,4,0,0.9515333333333333,6,0,1.0,1999,credit_card,2,3848.0,0,56.0,0.1158344688978758,passed,1,2,0,1,delivered,0.0,marketplace_retailer,marketplace_retailer,large,physical_delivery,0,0.97,1,1,103,14.0,30.63888888888889,1
DSP001415,TXN0322188,M000278,,Visa,UNAUTHORIZED_TRANSACTION,Unauthorized Transaction,2025-02-04,1499,542,226,2025-02-21,17,contested,won,2025-03-19,6,4,4,0,0.9493166666666667,6,0,1.0,1499,debit_card,0,0.0,0,,0.295225357686684,passed,1,1,0,0,delivered,1.0,marketplace_retailer,marketplace_retailer,large,physical_delivery,0,0.97,1,1,103,17.0,17.7375,1
DSP001416,TXN0320327,M000278,CUS0114159,Visa,MERCHANDISE_NOT_RECEIVED,Merchandise Not Received,2025-10-05,2349,679,207,2025-10-16,11,contested,won,2025-10-24,6,4,4,0,0.9759666666666668,6,0,1.0,2349,credit_card,2,5798.0,0,206.0,0.2571296973890687,passed,0,1,0,0,delivered,1.0,marketplace_retailer,marketplace_retailer,large,physical_delivery,0,0.97,1,1,103,11.0,53.97847222222222,1
DSP001417,TXN0315338,M000278,,Visa,MERCHANDISE_NOT_AS_DESCRIBED,Merchandise Not As Described,2025-05-08,2099,589,237,2025-05-19,11,contested,won,2025-06-07,6,3,3,0,0.9383666666666667,6,0,1.0,2099,debit_card,0,0.0,0,,0.2759205526022135,passed,1,2,0,0,delivered,0.0,marketplace_retailer,marketplace_retailer,large,physical_delivery,0,0.97,1,1,103,11.0,60.275,1
DSP001418,TXN0315503,M000278,,Visa,UNAUTHORIZED_TRANSACTION,Unauthorized Transaction,2025-10-29,3799,622,198,2025-11-19,21,contested,won,2025-11-25,6,4,4,0,0.9454666666666666,6,0,1.0,3799,credit_card,0,0.0,0,,0.3284107726214088,passed,1,1,0,0,delivered,1.0,marketplace_retailer,marketplace_retailer,large,physical_delivery,0,0.97,1,1,103,21.0,31.03611111111111,1
DSP001419,TXN0319935,M000278,,Visa,DUPLICATE_TRANSACTION,Duplicate Transaction,2026-01-13,2299,513,237,2026-01-25,12,contested,won,2026-02-22,6,2,2,0,0.9240666666666666,6,0,1.0,2299,debit_card,0,0.0,0,,0.08907641362854,failed,1,1,0,0,delivered,1.0,marketplace_retailer,marketplace_retailer,large,physical_delivery,0,0.97,1,1,103,12.0,71.65069444444444,1
DSP001422,TXN0322387,M000278,CUS0113949,Visa,MERCHANDISE_NOT_AS_DESCRIBED,Merchandise Not As Described,2025-12-24,4749,544,198,2026-01-04,11,contested,won,2026-01-12,6,3,3,0,0.9725,6,0,1.0,4749,debit_card,1,2099.0,0,4.0,0.4900768498705157,passed,1,4,0,0,delivered,0.0,marketplace_retailer,marketplace_retailer,large,physical_delivery,0,0.97,1,1,103,11.0,39.518055555555556,1
DSP001424,TXN0315570,M000278,CUS0113141,Visa,DUPLICATE_TRANSACTION,Duplicate Transaction,2025-07-01,799,557,296,2025-07-17,16,contested,won,2025-08-03,5,2,1,1,0.8004666666666665,5,1,0.5,799,credit_card,1,2995.0,0,111.0,0.2885398226751082,passed,1,1,1,0,delivered,1.0,marketplace_retailer,marketplace_retailer,large,physical_delivery,0,0.97,1,1,103,16.0,52.7625,1
DSP001425,TXN0322618,M000278,,Mastercard,MERCHANDISE_NOT_RECEIVED,Merchandise Not Received,2025-08-26,3999,469,166,2025-09-10,15,contested,won,2025-10-08,6,4,4,0,0.95045,6,0,1.0,3999,debit_card,0,0.0,0,,0.2740119696208298,passed,1,1,0,0,delivered,1.0,marketplace_retailer,marketplace_retailer,large,physical_delivery,0,0.97,1,1,103,15.0,51.56180555555556,1
DSP001426,TXN0321039,M000278,CUS0112530,Visa,MERCHANDISE_NOT_AS_DESCRIBED,Merchandise Not As Described,2025-05-28,4749,478,295,2025-06-18,21,contested,lost,2025-07-02,6,3,3,0,0.9641666666666667,6,0,1.0,4749,debit_card,0,0.0,0,,0.634203669535721,failed,1,1,0,0,delivered,1.0,marketplace_retailer,marketplace_retailer,large,physical_delivery,0,0.97,1,1,103,21.0,70.35555555555555,0
DSP001427,TXN0322511,M000278,CUS0113885,Visa,MERCHANDISE_NOT_RECEIVED,Merchandise Not Received,2025-03-22,1049,466,169,2025-04-05,14,contested,won,2025-04-12,6,4,4,0,0.9620000000000001,6,0,1.0,1049,debit_card,0,0.0,0,,0.313249632083611,passed,1,1,0,0,delivered,1.0,marketplace_retailer,marketplace_retailer,large,physical_delivery,0,0.97,1,1,103,14.0,63.87638888888889,1
DSP001429,TXN0320037,M000278,CUS0113451,Mastercard,UNAUTHORIZED_TRANSACTION,Unauthorized Transaction,2025-03-28,1599,514,233,2025-04-05,8,contested,won,2025-04-11,6,4,4,0,0.9379666666666666,6,0,1.0,1599,debit_card,1,3799.0,0,16.0,0.4335219965464557,passed,0,1,0,0,delivered,1.0,marketplace_retailer,marketplace_retailer,large,physical_delivery,0,0.97,1,1,103,8.0,38.239583333333336,1
DSP001431,TXN0327210,M000279,CUS0117413,RuPay,MERCHANDISE_NOT_AS_DESCRIBED,Merchandise Not As Described,2025-10-16,15199,522,294,2025-11-03,18,contested,won,2025-11-17,6,3,3,0,0.9544333333333332,6,0,1.0,15199,debit_card,0,0.0,0,,0.1541801590867807,passed,1,2,0,0,delivered,1.0,marketplace_retailer,marketplace_retailer,large,physical_delivery,0,0.97,1,1,49,18.0,22.704166666666666,1
DSP001432,TXN0328411,M000279,CUS0117100,Visa,UNAUTHORIZED_TRANSACTION,Unauthorized Transaction,2025-06-24,439,491,216,2025-07-09,15,contested,lost,2025-08-07,6,4,4,0,0.9111833333333333,6,0,1.0,439,credit_card,1,1049.0,0,107.0,0.1252661924480876,failed,1,1,0,0,delivered,1.0,marketplace_retailer,marketplace_retailer,large,physical_delivery,0,0.97,1,1,49,15.0,32.43958333333333,0
DSP001434,TXN0328022,M000279,CUS0117495,Mastercard,MERCHANDISE_NOT_RECEIVED,Merchandise Not Received,2025-07-08,5299,547,156,2025-07-20,12,contested,lost,2025-08-14,6,4,4,0,0.9270333333333333,6,0,1.0,5299,credit_card,0,0.0,0,,0.5265137067082124,passed,0,2,0,1,delivered,1.0,marketplace_retailer,marketplace_retailer,large,physical_delivery,0,0.97,1,1,49,12.0,26.48402777777778,0
DSP001436,TXN0329860,M000279,CUS0116244,RuPay,UNAUTHORIZED_TRANSACTION,Unauthorized Transaction,2025-05-09,5095,442,183,2025-05-27,18,contested,lost,2025-06-08,6,4,4,0,0.9592333333333333,6,0,1.0,5095,debit_card,0,0.0,0,,0.4400382856269995,passed,1,1,0,1,delivered,1.0,marketplace_retailer,marketplace_retailer,large,physical_delivery,0,0.97,1,1,49,18.0,35.078472222222224,0
DSP001437,TXN0329107,M000279,CUS0116107,RuPay,CREDIT_NOT_PROCESSED,Credit Not Processed,2026-01-04,475,423,276,2026-01-23,19,contested,won,2026-01-25,6,3,3,0,0.963,6,0,1.0,475,debit_card,0,0.0,0,,0.17919370329584,passed,1,3,0,0,delivered,1.0,marketplace_retailer,marketplace_retailer,large,physical_delivery,0,0.97,1,1,49,19.0,51.37916666666667,1
DSP001439,TXN0329505,M000279,CUS0115253,Visa,DUPLICATE_TRANSACTION,Duplicate Transaction,2025-12-22,749,419,202,2026-01-04,13,contested,won,2026-01-10,5,2,2,0,0.7956166666666666,5,1,1.0,749,debit_card,0,0.0,0,,0.0394137168304823,passed,1,1,0,0,rto,0.0,marketplace_retailer,marketplace_retailer,large,physical_delivery,0,0.97,1,1,49,13.0,8.402777777777779,1
DSP001440,TXN0327217,M000279,CUS0117595,Mastercard,MERCHANDISE_NOT_RECEIVED,Merchandise Not Received,2025-05-12,5499,408,199,2025-05-23,11,contested,won,2025-06-05,6,4,4,0,0.9330833333333333,6,0,1.0,5499,credit_card,1,8799.0,0,64.0,0.4695856035043341,passed,1,1,0,0,delivered,1.0,marketplace_retailer,marketplace_retailer,large,physical_delivery,0,0.97,1,1,49,11.0,29.8625,1
DSP001443,TXN0327212,M000279,CUS0116389,Visa,MERCHANDISE_NOT_RECEIVED,Merchandise Not Received,2025-08-01,1899,591,276,2025-08-18,17,contested,won,2025-09-11,6,4,4,0,0.94355,6,0,1.0,1899,credit_card,0,0.0,0,,0.0974064039615632,passed,1,1,0,0,delivered,1.0,marketplace_retailer,marketplace_retailer,large,physical_delivery,0,0.97,1,1,49,17.0,73.60208333333334,1
DSP001444,TXN0325820,M000279,CUS0115579,Mastercard,DUPLICATE_TRANSACTION,Duplicate Transaction,2025-07-13,2649,695,184,2025-08-02,20,contested,won,2025-08-20,6,2,2,0,0.9099166666666667,6,0,1.0,2649,debit_card,2,6640.0,0,59.0,0.399712557288029,failed,0,1,0,0,delivered,1.0,marketplace_retailer,marketplace_retailer,large,physical_delivery,0,0.97,1,1,49,20.0,9.906944444444445,1
DSP001446,TXN0328791,M000279,CUS0117019,Visa,UNAUTHORIZED_TRANSACTION,Unauthorized Transaction,2025-12-30,2645,554,207,2026-01-11,12,contested,lost,2026-02-02,5,4,4,0,0.7892166666666666,5,1,1.0,2645,credit_card,2,5094.0,0,57.0,0.7323402037830604,not_applicable,1,2,0,0,in_transit,0.0,marketplace_retailer,marketplace_retailer,large,physical_delivery,0,0.97,1,1,49,12.0,40.90972222222222,0
DSP001447,TXN0323002,M000279,CUS0117243,Visa,MERCHANDISE_NOT_RECEIVED,Merchandise Not Received,2026-02-15,799,582,251,2026-03-03,16,contested,won,2026-03-30,5,4,4,0,0.8165166666666667,5,1,1.0,799,debit_card,3,3043.0,0,55.0,0.4533013656472108,passed,1,1,0,0,delivered,0.0,marketplace_retailer,marketplace_retailer,large,physical_delivery,0,0.97,1,1,49,16.0,60.09722222222222,1
DSP001448,TXN0328150,M000279,,Mastercard,CREDIT_NOT_PROCESSED,Credit Not Processed,2025-07-11,1049,603,190,2025-07-30,19,contested,won,2025-08-21,6,3,3,0,0.9418833333333333,6,0,1.0,1049,credit_card,0,0.0,0,,0.4460158131478501,passed,0,1,1,0,delivered,1.0,marketplace_retailer,marketplace_retailer,large,physical_delivery,0,0.97,1,1,49,19.0,28.346527777777776,1
DSP001449,TXN0328701,M000279,CUS0116546,RuPay,MERCHANDISE_NOT_RECEIVED,Merchandise Not Received,2025-06-13,649,560,202,2025-06-20,7,contested,won,2025-07-15,5,4,3,1,0.8166666666666668,5,1,0.75,649,credit_card,1,699.0,0,37.0,0.3302234766637857,passed,1,2,0,0,delivered,1.0,marketplace_retailer,marketplace_retailer,large,physical_delivery,0,0.97,1,1,49,7.0,67.80763888888889,1
DSP001450,TXN0328523,M000279,,Mastercard,MERCHANDISE_NOT_RECEIVED,Merchandise Not Received,2025-10-18,3849,475,231,2025-11-07,20,contested,won,2025-11-11,6,4,4,0,0.9787499999999999,6,0,1.0,3849,credit_card,0,0.0,0,,0.4504576835606798,passed,1,1,0,0,delivered,1.0,marketplace_retailer,marketplace_retailer,large,physical_delivery,0,0.97,1,1,49,20.0,37.3,1
DSP001452,TXN0323448,M000279,,Visa,MERCHANDISE_NOT_AS_DESCRIBED,Merchandise Not As Described,2025-12-10,2049,705,286,2025-12-24,14,contested,won,2026-01-13,5,3,2,1,0.7789,5,1,0.6666666666666666,2049,credit_card,0,0.0,0,,0.6068092534939926,passed,1,3,0,0,delivered,1.0,marketplace_retailer,marketplace_retailer,large,physical_delivery,0,0.97,1,1,49,14.0,21.525,1
DSP001454,TXN0326641,M000279,CUS0116052,Visa,CREDIT_NOT_PROCESSED,Credit Not Processed,2025-11-11,2499,739,275,2025-11-25,14,contested,won,2025-12-23,5,3,3,0,0.7931666666666667,5,1,1.0,2499,credit_card,2,6494.0,0,97.0,0.1648489138621717,passed,1,1,0,0,delivered,1.0,marketplace_retailer,marketplace_retailer,large,physical_delivery,0,0.97,1,1,49,14.0,14.180555555555555,1
DSP001455,TXN0333041,M000280,,Mastercard,UNAUTHORIZED_TRANSACTION,Unauthorized Transaction,2025-06-30,1049,424,191,2025-07-17,17,contested,lost,2025-07-31,4,4,2,2,0.6155833333333334,4,2,0.5,1049,credit_card,0,0.0,0,,0.4253431401166524,passed,1,1,0,1,delivered,1.0,d2c_brand,d2c_brand,large,physical_delivery,0,0.7963527102724344,1,0,34,17.0,27.074305555555554,0
DSP001456,TXN0331770,M000280,,Mastercard,UNAUTHORIZED_TRANSACTION,Unauthorized Transaction,2025-06-21,1849,709,175,2025-07-07,16,contested,won,2025-07-10,6,4,4,0,0.9075000000000001,6,0,1.0,1849,debit_card,0,0.0,0,,0.4050404901305842,passed,1,2,0,1,in_transit,0.0,d2c_brand,d2c_brand,large,physical_delivery,0,0.7963527102724344,1,0,34,16.0,39.31319444444444,1
DSP001457,TXN0331477,M000280,,Visa,DUPLICATE_TRANSACTION,Duplicate Transaction,2025-08-23,8195,588,273,2025-09-08,16,contested,won,2025-09-12,6,2,2,0,0.9307333333333333,6,0,1.0,8195,debit_card,0,0.0,0,,0.3472509146510358,passed,1,1,0,0,rto,0.0,d2c_brand,d2c_brand,large,physical_delivery,0,0.7963527102724344,1,0,34,16.0,49.38263888888889,1
DSP001458,TXN0332519,M000280,CUS0118906,RuPay,CREDIT_NOT_PROCESSED,Credit Not Processed,2025-08-30,3345,716,244,2025-09-14,15,contested,lost,2025-09-20,3,3,1,2,0.49,3,3,0.3333333333333333,3345,debit_card,1,3949.0,0,172.0,0.1980174756386045,passed,1,1,0,0,delivered,1.0,d2c_brand,d2c_brand,large,physical_delivery,0,0.7963527102724344,1,0,34,15.0,17.304861111111112,0
DSP001461,TXN0334535,M000280,,Mastercard,MERCHANDISE_NOT_RECEIVED,Merchandise Not Received,2025-12-31,479,608,203,2026-01-14,14,contested,won,2026-02-02,4,4,2,2,0.5940333333333333,4,2,0.5,479,credit_card,0,0.0,0,,0.1085151280805012,passed,1,1,0,0,delivered,1.0,d2c_brand,d2c_brand,large,physical_delivery,0,0.7963527102724344,1,0,34,14.0,33.37222222222222,1
DSP001462,TXN0331176,M000280,CUS0119304,Visa,CREDIT_NOT_PROCESSED,Credit Not Processed,2025-09-13,5099,530,256,2025-10-02,19,contested,lost,2025-10-04,5,3,2,1,0.7863333333333333,5,1,0.6666666666666666,5099,debit_card,0,0.0,0,,0.6317009271685203,passed,1,2,0,0,in_transit,0.0,d2c_brand,d2c_brand,large,physical_delivery,0,0.7963527102724344,1,0,34,19.0,31.441666666666666,0
DSP001463,TXN0334141,M000280,,Mastercard,CREDIT_NOT_PROCESSED,Credit Not Processed,2025-11-24,1095,402,155,2025-12-06,12,contested,lost,2025-12-16,3,3,1,2,0.43888333333333335,3,3,0.3333333333333333,1095,credit_card,0,0.0,0,,0.2728023489913976,passed,1,1,0,1,delivered,1.0,d2c_brand,d2c_brand,large,physical_delivery,0,0.7963527102724344,1,0,34,12.0,72.60277777777777,0
DSP001464,TXN0336934,M000280,CUS0118201,Visa,MERCHANDISE_NOT_RECEIVED,Merchandise Not Received,2025-07-29,415,730,277,2025-08-08,10,contested,won,2025-08-24,6,4,4,0,0.8983666666666666,6,0,1.0,415,debit_card,1,599.0,0,120.0,0.4919949925176969,passed,0,1,0,0,delivered,0.0,d2c_brand,d2c_brand,large,physical_delivery,0,0.7963527102724344,1,0,34,10.0,55.56805555555555,1
DSP001466,TXN0335285,M000280,CUS0119974,Visa,MERCHANDISE_NOT_RECEIVED,Merchandise Not Received,2025-03-17,4599,726,187,2025-04-05,19,contested,lost,2025-04-19,4,4,3,1,0.6202,4,2,0.75,4599,debit_card,0,0.0,0,,0.3799493424760283,passed,1,1,0,0,in_transit,0.0,d2c_brand,d2c_brand,large,physical_delivery,0,0.7963527102724344,1,0,34,19.0,52.577777777777776,0
DSP001467,TXN0334340,M000280,CUS0118757,RuPay,MERCHANDISE_NOT_RECEIVED,Merchandise Not Received,2025-10-11,2699,585,240,2025-10-23,12,contested,won,2025-11-16,5,4,4,0,0.7696166666666667,5,1,1.0,2699,debit_card,1,389.0,0,176.0,0.257599421575515,passed,1,1,0,0,delivered,0.0,d2c_brand,d2c_brand,large,physical_delivery,0,0.7963527102724344,1,0,34,12.0,12.650694444444444,1
DSP001469,TXN0332237,M000280,,Visa,CREDIT_NOT_PROCESSED,Credit Not Processed,2025-02-06,2649,525,247,2025-02-16,10,contested,lost,2025-02-21,5,3,3,0,0.7167833333333333,5,1,1.0,2649,credit_card,0,0.0,0,,0.2247902235806587,passed,1,1,0,0,delivered,1.0,d2c_brand,d2c_brand,large,physical_delivery,0,0.7963527102724344,1,0,34,10.0,11.94375,0
DSP001471,TXN0332259,M000280,,Visa,UNAUTHORIZED_TRANSACTION,Unauthorized Transaction,2025-05-17,2499,671,252,2025-06-07,21,contested,won,2025-06-02,5,4,4,0,0.8166666666666668,5,1,1.0,2499,debit_card,0,0.0,0,,0.210562908969546,passed,1,1,0,0,delivered,1.0,d2c_brand,d2c_brand,large,physical_delivery,0,0.7963527102724344,1,0,34,21.0,30.802777777777777,1
DSP001472,TXN0338185,M000280,CUS0119924,Visa,UNAUTHORIZED_TRANSACTION,Unauthorized Transaction,2025-08-04,1049,690,284,2025-08-22,18,contested,lost,2025-08-25,6,4,4,0,0.9486833333333333,6,0,1.0,1049,credit_card,0,0.0,0,,0.0693906275606077,failed,1,1,0,0,delivered,1.0,d2c_brand,d2c_brand,large,physical_delivery,0,0.7963527102724344,1,0,34,18.0,59.22430555555555,0
DSP001473,TXN0333566,M000280,,Visa,DUPLICATE_TRANSACTION,Duplicate Transaction,2025-06-01,999,415,298,2025-06-17,16,contested,won,2025-07-11,4,2,2,0,0.6278,4,2,1.0,999,debit_card,0,0.0,0,,0.4064220616535546,passed,1,3,0,0,delivered,1.0,d2c_brand,d2c_brand,large,physical_delivery,0,0.7963527102724344,1,0,34,16.0,17.696527777777778,1
DSP001474,TXN0331852,M000280,CUS0120380,RuPay,MERCHANDISE_NOT_RECEIVED,Merchandise Not Received,2025-11-15,1949,731,172,2025-11-30,15,contested,lost,2025-12-09,5,4,4,0,0.7787833333333333,5,1,1.0,1949,debit_card,1,1099.0,0,135.0,0.0914664230867365,passed,1,1,0,0,delivered,1.0,d2c_brand,d2c_brand,large,physical_delivery,0,0.7963527102724344,1,0,34,15.0,18.47361111111111,0
DSP001476,TXN0333692,M000280,,Visa,CREDIT_NOT_PROCESSED,Credit Not Processed,2025-05-25,209,543,210,2025-06-01,7,contested,won,2025-06-28,6,3,3,0,0.9151333333333334,6,0,1.0,209,credit_card,0,0.0,0,,0.4633647363827797,passed,1,1,0,0,delivered,1.0,d2c_brand,d2c_brand,large,physical_delivery,0,0.7963527102724344,1,0,34,7.0,74.69166666666666,1
DSP001477,TXN0339085,M000281,CUS0123472,Visa,MERCHANDISE_NOT_AS_DESCRIBED,Merchandise Not As Described,2025-04-25,2249,513,165,2025-05-02,7,contested,won,2025-05-29,5,3,3,0,0.7811666666666667,5,1,1.0,2249,credit_card,0,0.0,0,,0.252305329477903,passed,1,1,0,0,delivered,1.0,d2c_brand,d2c_brand,large,physical_delivery,0,0.8214422860988144,1,1,54,7.0,9.285416666666666,1
DSP001478,TXN0346698,M000281,,Mastercard,MERCHANDISE_NOT_RECEIVED,Merchandise Not Received,2026-02-08,3099,671,259,2026-02-20,12,contested,lost,2026-03-07,4,4,2,2,0.6201166666666666,4,2,0.5,3099,debit_card,0,0.0,0,,0.2941408534153876,passed,1,1,0,0,rto,0.0,d2c_brand,d2c_brand,large,physical_delivery,0,0.8214422860988144,1,1,54,12.0,47.766666666666666,0
DSP001481,TXN0341293,M000281,,Visa,MERCHANDISE_NOT_AS_DESCRIBED,Merchandise Not As Described,2025-02-25,1595,709,289,2025-03-15,18,contested,won,2025-03-15,5,3,3,0,0.7818,5,1,1.0,1595,credit_card,0,0.0,0,,0.488155065741644,passed,0,1,1,0,delivered,1.0,d2c_brand,d2c_brand,large,physical_delivery,0,0.8214422860988144,1,1,54,18.0,9.55,1
DSP001483,TXN0340976,M000281,CUS0122210,Visa,UNAUTHORIZED_TRANSACTION,Unauthorized Transaction,2026-01-18,2649,626,270,2026-02-01,14,contested,won,2026-02-22,5,4,4,0,0.7937666666666666,5,1,1.0,2649,credit_card,0,0.0,0,,0.1118352200801992,passed,1,1,0,0,delivered,1.0,d2c_brand,d2c_brand,large,physical_delivery,0,0.8214422860988144,1,1,54,14.0,45.02916666666667,1
DSP001484,TXN0339713,M000281,CUS0122728,RuPay,MERCHANDISE_NOT_RECEIVED,Merchandise Not Received,2026-02-03,1199,418,218,2026-02-16,13,contested,lost,2026-03-14,4,4,2,2,0.6402166666666667,4,2,0.5,1199,credit_card,1,2599.0,0,147.0,0.2547072261223359,passed,1,3,0,0,delivered,1.0,d2c_brand,d2c_brand,large,physical_delivery,0,0.8214422860988144,1,1,54,13.0,55.53958333333333,0
DSP001485,TXN0343897,M000281,CUS0122856,Visa,MERCHANDISE_NOT_AS_DESCRIBED,Merchandise Not As Described,2025-08-24,1345,528,255,2025-09-09,16,contested,won,2025-10-04,6,3,3,0,0.88435,6,0,1.0,1345,credit_card,0,0.0,0,,0.7109842777473977,passed,1,2,0,0,rto,0.0,d2c_brand,d2c_brand,large,physical_delivery,0,0.8214422860988144,1,1,54,16.0,42.02708333333333,1
DSP001487,TXN0341770,M000281,CUS0122806,Visa,MERCHANDISE_NOT_AS_DESCRIBED,Merchandise Not As Described,2025-11-25,1845,653,203,2025-12-11,16,contested,won,2026-01-01,6,3,3,0,0.8855166666666667,6,0,1.0,1845,credit_card,1,899.0,0,252.0,0.2564230185157836,passed,1,2,0,0,delivered,1.0,d2c_brand,d2c_brand,large,physical_delivery,0,0.8214422860988144,1,1,54,16.0,60.147222222222226,1
DSP001489,TXN0345139,M000281,CUS0122137,Visa,MERCHANDISE_NOT_AS_DESCRIBED,Merchandise Not As Described,2025-09-19,599,736,168,2025-10-09,20,contested,won,2025-10-28,4,3,2,1,0.6275833333333333,4,2,0.6666666666666666,599,debit_card,0,0.0,0,,0.0467648062728434,passed,1,1,0,0,delivered,0.0,d2c_brand,d2c_brand,large,physical_delivery,0,0.8214422860988144,1,1,54,20.0,22.16111111111111,1
DSP001490,TXN0342201,M000281,CUS0122715,Mastercard,DUPLICATE_TRANSACTION,Duplicate Transaction,2025-10-26,9799,415,242,2025-11-05,10,contested,won,2025-11-10,5,2,2,0,0.7515833333333334,5,1,1.0,9799,debit_card,2,1740.0,0,54.0,0.1811802576922546,passed,1,1,0,0,delivered,1.0,d2c_brand,d2c_brand,large,physical_delivery,0,0.8214422860988144,1,1,54,10.0,70.19652777777777,1
DSP001491,TXN0346322,M000281,CUS0122740,Mastercard,CREDIT_NOT_PROCESSED,Credit Not Processed,2025-04-28,479,706,194,2025-05-16,18,contested,won,2025-05-27,6,3,3,0,0.9386666666666666,6,0,1.0,479,debit_card,1,895.0,0,54.0,0.2983646694846,failed,1,2,0,1,delivered,1.0,d2c_brand,d2c_brand,large,physical_delivery,0,0.8214422860988144,1,1,54,18.0,60.822916666666664,1
DSP001493,TXN0340411,M000281,CUS0121788,Visa,UNAUTHORIZED_TRANSACTION,Unauthorized Transaction,2025-11-25,699,656,218,2025-12-05,10,contested,lost,2026-01-03,6,4,4,0,0.8996333333333334,6,0,1.0,699,debit_card,1,2499.0,0,106.0,0.4119871495665248,passed,1,1,0,0,delivered,1.0,d2c_brand,d2c_brand,large,physical_delivery,0,0.8214422860988144,1,1,54,10.0,70.37222222222222,0
DSP001495,TXN0353243,M000282,CUS0124035,RuPay,MERCHANDISE_NOT_RECEIVED,Merchandise Not Received,2025-04-09,599,509,233,2025-04-21,12,contested,won,2025-05-23,6,4,4,0,0.9413999999999999,6,0,1.0,599,debit_card,2,3348.0,0,17.0,0.1289136972051308,passed,1,1,0,0,delivered,1.0,marketplace_retailer,marketplace_retailer,large,physical_delivery,0,0.8436798166357338,1,1,107,12.0,36.15069444444445,1
DSP001496,TXN0347068,M000282,CUS0124937,Visa,MERCHANDISE_NOT_AS_DESCRIBED,Merchandise Not As Described,2025-02-28,12799,730,167,2025-03-12,12,contested,lost,2025-03-27,5,3,3,0,0.78635,5,1,1.0,12799,debit_card,0,0.0,0,,0.4399157526580822,passed,1,1,0,0,in_transit,0.0,marketplace_retailer,marketplace_retailer,large,physical_delivery,0,0.8436798166357338,1,1,107,12.0,45.699305555555554,0
DSP001497,TXN0352150,M000282,CUS0125820,Visa,MERCHANDISE_NOT_RECEIVED,Merchandise Not Received,2025-06-09,949,738,172,2025-06-17,8,contested,won,2025-07-17,6,4,4,0,0.9408833333333333,6,0,1.0,949,credit_card,0,0.0,0,,0.5541360392230825,passed,1,1,0,0,delivered,0.0,marketplace_retailer,marketplace_retailer,large,physical_delivery,0,0.8436798166357338,1,1,107,8.0,14.449305555555556,1
DSP001499,TXN0354544,M000282,,Visa,MERCHANDISE_NOT_AS_DESCRIBED,Merchandise Not As Described,2026-01-26,4249,420,193,2026-02-03,8,contested,won,2026-03-04,5,3,3,0,0.7944833333333333,5,1,1.0,4249,debit_card,0,0.0,0,,0.6308064968448909,passed,1,1,0,0,in_transit,0.0,marketplace_retailer,marketplace_retailer,large,physical_delivery,0,0.8436798166357338,1,1,107,8.0,27.51388888888889,1
DSP001500,TXN0352258,M000282,CUS0125265,Mastercard,DUPLICATE_TRANSACTION,Duplicate Transaction,2025-04-30,1545,653,252,2025-05-19,19,contested,won,2025-06-10,5,2,2,0,0.76765,5,1,1.0,1545,debit_card,1,3045.0,0,48.0,0.1177859511011855,passed,1,1,0,0,in_transit,0.0,marketplace_retailer,marketplace_retailer,large,physical_delivery,0,0.8436798166357338,1,1,107,19.0,17.075,1
DSP001502,TXN0348869,M000282,CUS0126150,Visa,MERCHANDISE_NOT_AS_DESCRIBED,Merchandise Not As Described,2026-01-09,3999,456,224,2026-01-21,12,contested,lost,2026-01-27,5,3,3,0,0.7712,5,1,1.0,3999,debit_card,3,2989.0,0,258.0,0.3202391322811031,passed,1,1,0,0,delivered,1.0,marketplace_retailer,marketplace_retailer,large,physical_delivery,0,0.8436798166357338,1,1,107,12.0,53.16041666666667,0
DSP001504,TXN0350945,M000282,CUS0126288,Visa,MERCHANDISE_NOT_AS_DESCRIBED,Merchandise Not As Described,2026-02-16,949,585,281,2026-03-09,21,contested,won,2026-03-22,5,3,3,0,0.7962333333333333,5,1,1.0,949,debit_card,2,2894.0,0,71.0,0.1786743648624056,passed,1,1,0,0,delivered,0.0,marketplace_retailer,marketplace_retailer,large,physical_delivery,0,0.8436798166357338,1,1,107,21.0,59.72222222222222,1
DSP001505,TXN0352914,M000282,CUS0126484,Visa,MERCHANDISE_NOT_RECEIVED,Merchandise Not Received,2025-07-12,1345,677,192,2025-07-30,18,contested,lost,2025-08-18,5,4,3,1,0.78565,5,1,0.75,1345,debit_card,0,0.0,0,,0.2417151805186379,passed,1,2,0,1,delivered,1.0,marketplace_retailer,marketplace_retailer,large,physical_delivery,0,0.8436798166357338,1,1,107,18.0,67.29583333333333,0
DSP001506,TXN0354404,M000282,,Mastercard,UNAUTHORIZED_TRANSACTION,Unauthorized Transaction,2025-12-20,1399,468,291,2025-12-27,7,contested,won,2026-01-26,5,4,4,0,0.7834333333333333,5,1,1.0,1399,credit_card,0,0.0,0,,0.1130011903055168,passed,1,1,0,0,delivered,1.0,marketplace_retailer,marketplace_retailer,large,physical_delivery,0,0.8436798166357338,1,1,107,7.0,62.5625,1
DSP001508,TXN0354302,M000282,CUS0124876,RuPay,MERCHANDISE_NOT_RECEIVED,Merchandise Not Received,2025-04-03,899,558,296,2025-04-10,7,contested,won,2025-05-05,5,4,3,1,0.7717,5,1,0.75,899,credit_card,0,0.0,0,,0.0971502639097285,passed,0,1,0,0,delivered,1.0,marketplace_retailer,marketplace_retailer,large,physical_delivery,0,0.8436798166357338,1,1,107,7.0,24.690277777777776,1
DSP001509,TXN0349761,M000282,,Visa,MERCHANDISE_NOT_RECEIVED,Merchandise Not Received,2025-06-20,5895,486,291,2025-07-01,11,contested,won,2025-07-09,4,4,2,2,0.5271166666666667,4,2,0.5,5895,debit_card,0,0.0,0,,0.1458790405343064,passed,1,1,0,0,delivered,0.0,marketplace_retailer,marketplace_retailer,large,physical_delivery,0,0.8436798166357338,1,1,107,11.0,43.19861111111111,1
DSP001510,TXN0348671,M000282,CUS0124172,Mastercard,MERCHANDISE_NOT_RECEIVED,Merchandise Not Received,2025-08-07,895,648,230,2025-08-18,11,contested,won,2025-09-09,5,4,3,1,0.7960166666666666,5,1,0.75,895,credit_card,0,0.0,0,,0.1859185467524996,passed,0,1,0,0,in_transit,0.0,marketplace_retailer,marketplace_retailer,large,physical_delivery,0,0.8436798166357338,1,1,107,11.0,65.37291666666667,1
DSP001511,TXN0348265,M000282,,Mastercard,MERCHANDISE_NOT_AS_DESCRIBED,Merchandise Not As Described,2025-05-20,1749,538,186,2025-06-07,18,contested,lost,2025-06-03,5,3,2,1,0.7731,5,1,0.6666666666666666,1749,credit_card,0,0.0,0,,0.1413989466655428,passed,1,1,0,1,delivered,1.0,marketplace_retailer,marketplace_retailer,large,physical_delivery,0,0.8436798166357338,1,1,107,18.0,64.22152777777778,0
DSP001512,TXN0354591,M000282,CUS0124535,Visa,MERCHANDISE_NOT_AS_DESCRIBED,Merchandise Not As Described,2025-02-20,799,422,221,2025-03-10,18,contested,won,2025-03-19,6,3,3,0,0.9596333333333332,6,0,1.0,799,debit_card,0,0.0,0,,0.4198111984023269,passed,1,2,0,1,rto,0.0,marketplace_retailer,marketplace_retailer,large,physical_delivery,0,0.8436798166357338,1,1,107,18.0,30.55902777777778,1
DSP001513,TXN0348264,M000282,,Mastercard,MERCHANDISE_NOT_AS_DESCRIBED,Merchandise Not As Described,2025-08-16,1049,741,151,2025-08-30,14,contested,won,2025-09-29,6,3,3,0,0.9530666666666666,6,0,1.0,1049,debit_card,0,0.0,0,,0.2827628061798362,passed,1,1,0,0,delivered,1.0,marketplace_retailer,marketplace_retailer,large,physical_delivery,0,0.8436798166357338,1,1,107,14.0,61.980555555555554,1
DSP001515,TXN0356739,M000283,,RuPay,SERVICE_NOT_RENDERED,Service Not Rendered,2026-01-17,1795,700,255,2026-02-01,15,contested,lost,2026-02-20,2,3,0,3,0.20726666666666663,2,4,0.0,1795,credit_card,0,0.0,0,,0.1115354310447119,passed,1,2,0,0,,,travel_booking,travel_booking,large,booking_service,0,0.5768794269146817,0,0,40,15.0,51.14375,0
DSP001519,TXN0362543,M000283,CUS0129441,Mastercard,MERCHANDISE_NOT_AS_DESCRIBED,Merchandise Not As Described,2025-08-06,3195,689,283,2025-08-17,11,contested,lost,2025-08-26,3,3,2,1,0.3897333333333333,3,3,0.6666666666666666,3195,debit_card,1,7795.0,0,30.0,0.1628181562867335,failed,1,2,0,0,,,travel_booking,travel_booking,large,booking_service,0,0.5768794269146817,0,0,40,11.0,47.21388888888889,0
DSP001520,TXN0356984,M000283,CUS0127231,Visa,DUPLICATE_TRANSACTION,Duplicate Transaction,2025-05-10,1349,418,185,2025-05-23,13,contested,lost,2025-06-01,4,2,0,2,0.50685,4,2,0.0,1349,credit_card,1,6899.0,0,58.0,0.4314948446726501,passed,1,1,0,0,,,travel_booking,travel_booking,large,booking_service,0,0.5768794269146817,0,0,40,13.0,52.66736111111111,0
DSP001521,TXN0359757,M000283,CUS0128371,Mastercard,MERCHANDISE_NOT_AS_DESCRIBED,Merchandise Not As Described,2025-11-27,3849,736,282,2025-12-04,7,contested,lost,2026-01-06,3,3,2,1,0.46336666666666665,3,3,0.6666666666666666,3849,credit_card,1,6899.0,0,210.0,0.530507194125868,passed,1,1,0,0,,,travel_booking,travel_booking,large,booking_service,0,0.5768794269146817,0,0,40,7.0,70.21666666666667,0
DSP001523,TXN0361950,M000283,CUS0126809,Visa,CREDIT_NOT_PROCESSED,Credit Not Processed,2025-12-12,12295,501,238,2025-12-19,7,contested,lost,2026-01-17,4,4,3,1,0.5619999999999999,4,2,0.75,12295,debit_card,2,19694.0,0,122.0,0.6173389839761304,passed,1,1,0,0,,,travel_booking,travel_booking,large,booking_service,0,0.5768794269146817,0,0,40,7.0,41.947916666666664,0
DSP001525,TXN0360103,M000283,CUS0127121,Visa,DUPLICATE_TRANSACTION,Duplicate Transaction,2025-11-24,2845,680,168,2025-12-02,8,contested,lost,2025-12-12,3,2,1,1,0.3730166666666667,3,3,0.5,2845,debit_card,2,18898.0,0,147.0,0.2389371121407467,passed,1,1,0,0,,,travel_booking,travel_booking,large,booking_service,0,0.5768794269146817,0,0,40,8.0,31.677777777777777,0
DSP001526,TXN0361054,M000283,CUS0127885,Visa,CREDIT_NOT_PROCESSED,Credit Not Processed,2025-05-10,8099,577,225,2025-05-21,11,contested,won,2025-05-31,5,4,3,1,0.7419333333333333,5,1,0.75,8099,credit_card,0,0.0,0,,0.2251715378691125,passed,1,1,0,0,,,travel_booking,travel_booking,large,booking_service,0,0.5768794269146817,0,0,40,11.0,69.73819444444445,1
DSP001527,TXN0355925,M000283,CUS0126902,Visa,SERVICE_NOT_RENDERED,Service Not Rendered,2025-05-14,3645,742,241,2025-06-02,19,contested,won,2025-06-02,5,3,2,1,0.7346166666666667,5,1,0.6666666666666666,3645,debit_card,1,38499.0,0,53.0,0.1972393104312925,passed,1,2,0,0,,,travel_booking,travel_booking,large,booking_service,0,0.5768794269146817,0,0,40,19.0,47.673611111111114,1
DSP001528,TXN0356062,M000283,,Visa,SERVICE_NOT_RENDERED,Service Not Rendered,2025-06-30,11099,579,274,2025-07-07,7,contested,lost,2025-08-08,2,3,1,2,0.3040333333333333,2,4,0.3333333333333333,11099,credit_card,0,0.0,0,,0.1526175680855318,failed,1,1,0,0,,,travel_booking,travel_booking,large,booking_service,0,0.5768794269146817,0,0,40,7.0,6.002777777777778,0
DSP001529,TXN0361147,M000283,CUS0127797,Visa,CREDIT_NOT_PROCESSED,Credit Not Processed,2025-02-17,11995,480,189,2025-02-24,7,contested,lost,2025-03-25,4,4,2,2,0.5592166666666666,4,2,0.5,11995,debit_card,1,8695.0,0,31.0,0.2462039995008696,passed,1,1,0,0,,,travel_booking,travel_booking,large,booking_service,0,0.5768794269146817,0,0,40,7.0,8.907638888888888,0
DSP001530,TXN0355119,M000283,CUS0126958,Visa,SERVICE_NOT_RENDERED,Service Not Rendered,2025-03-21,35999,674,264,2025-03-28,7,contested,won,2025-04-04,3,3,2,1,0.3394,3,3,0.6666666666666666,35999,credit_card,0,0.0,0,,0.107269220393777,passed,1,1,0,0,,,travel_booking,travel_booking,large,booking_service,0,0.5768794269146817,0,0,40,7.0,74.05069444444445,1
DSP001531,TXN0357986,M000283,,Mastercard,CREDIT_NOT_PROCESSED,Credit Not Processed,2025-04-29,4849,419,160,2025-05-14,15,contested,lost,2025-06-11,3,4,2,2,0.37195,3,3,0.5,4849,credit_card,0,0.0,0,,0.1498064085008162,passed,1,1,0,1,,,travel_booking,travel_booking,large,booking_service,0,0.5768794269146817,0,0,40,15.0,36.10625,0
DSP001532,TXN0361598,M000283,CUS0129273,Visa,SERVICE_NOT_RENDERED,Service Not Rendered,2025-08-28,5895,434,233,2025-09-13,16,contested,won,2025-09-13,4,3,2,1,0.5907333333333333,4,2,0.6666666666666666,5895,debit_card,2,12448.0,0,27.0,0.2103407525836098,passed,1,2,0,0,,,travel_booking,travel_booking,large,booking_service,0,0.5768794269146817,0,0,40,16.0,61.14861111111111,1
DSP001533,TXN0360977,M000283,CUS0127311,Mastercard,SERVICE_NOT_RENDERED,Service Not Rendered,2025-07-18,4549,698,249,2025-08-08,21,contested,won,2025-08-30,5,3,3,0,0.6316833333333333,5,1,1.0,4549,debit_card,0,0.0,0,,0.5104197757836976,passed,1,1,0,0,,,travel_booking,travel_booking,large,booking_service,0,0.5768794269146817,0,0,40,21.0,68.45208333333333,1
DSP001534,TXN0361149,M000283,CUS0128286,Mastercard,SERVICE_NOT_RENDERED,Service Not Rendered,2025-06-11,6695,543,299,2025-07-02,21,contested,lost,2025-07-12,5,3,2,1,0.64915,5,1,0.6666666666666666,6695,credit_card,0,0.0,0,,0.2034094434709704,passed,1,1,0,0,,,travel_booking,travel_booking,large,booking_service,0,0.5768794269146817,0,0,40,21.0,62.08402777777778,0
DSP001536,TXN0362746,M000283,CUS0127922,Mastercard,CREDIT_NOT_PROCESSED,Credit Not Processed,2025-10-09,9595,404,244,2025-10-27,18,contested,lost,2025-11-09,3,4,2,2,0.44028333333333336,3,3,0.5,9595,credit_card,1,10199.0,0,196.0,0.4836118988558948,passed,1,1,0,0,,,travel_booking,travel_booking,large,booking_service,0,0.5768794269146817,0,0,40,18.0,11.69513888888889,0
DSP001537,TXN0359577,M000283,,Mastercard,UNAUTHORIZED_TRANSACTION,Unauthorized Transaction,2025-04-19,10399,693,195,2025-05-02,13,contested,lost,2025-06-03,5,3,2,1,0.6236833333333333,5,1,0.6666666666666666,10399,debit_card,0,0.0,0,,0.1737559127068842,passed,1,1,0,0,,,travel_booking,travel_booking,large,booking_service,0,0.5768794269146817,0,0,40,13.0,14.91875,0
DSP001538,TXN0355507,M000283,CUS0128302,RuPay,SERVICE_NOT_RENDERED,Service Not Rendered,2026-01-31,10399,419,239,2026-02-11,11,contested,lost,2026-02-14,6,3,3,0,0.7888000000000001,6,0,1.0,10399,credit_card,1,5795.0,0,201.0,0.2774677362828331,passed,1,1,0,0,,,travel_booking,travel_booking,large,booking_service,0,0.5768794269146817,0,0,40,11.0,51.705555555555556,0
DSP001540,TXN0360957,M000283,,Visa,MERCHANDISE_NOT_AS_DESCRIBED,Merchandise Not As Described,2025-08-06,16199,449,174,2025-08-18,12,contested,won,2025-08-23,5,3,3,0,0.6880833333333333,5,1,1.0,16199,credit_card,0,0.0,0,,0.2931262465008514,passed,1,2,0,0,,,travel_booking,travel_booking,large,booking_service,0,0.5768794269146817,0,0,40,12.0,31.425,1
DSP001541,TXN0362039,M000283,,Visa,UNAUTHORIZED_TRANSACTION,Unauthorized Transaction,2025-04-03,16099,728,172,2025-04-19,16,contested,lost,2025-05-10,3,3,1,2,0.36595,3,3,0.3333333333333333,16099,debit_card,0,0.0,0,,0.0548994250504064,passed,1,2,0,0,,,travel_booking,travel_booking,large,booking_service,0,0.5768794269146817,0,0,40,16.0,17.653472222222224,0
DSP001543,TXN0357534,M000283,CUS0128366,Visa,CREDIT_NOT_PROCESSED,Credit Not Processed,2025-03-14,3799,451,280,2025-03-26,12,contested,lost,2025-04-06,4,4,3,1,0.5634333333333333,4,2,0.75,3799,debit_card,0,0.0,0,,0.3227628577050589,passed,1,1,0,0,,,travel_booking,travel_booking,large,booking_service,0,0.5768794269146817,0,0,40,12.0,12.761805555555556,0
DSP001544,TXN0359436,M000283,,Visa,UNAUTHORIZED_TRANSACTION,Unauthorized Transaction,2026-01-08,2949,645,245,2026-01-22,14,contested,lost,2026-02-22,3,3,1,2,0.41645,3,3,0.3333333333333333,2949,credit_card,0,0.0,0,,0.2909209888051156,passed,0,1,0,0,,,travel_booking,travel_booking,large,booking_service,0,0.5768794269146817,0,0,40,14.0,18.449305555555554,0
DSP001545,TXN0359231,M000283,CUS0128345,Visa,MERCHANDISE_NOT_AS_DESCRIBED,Merchandise Not As Described,2025-08-08,4095,451,173,2025-08-23,15,contested,lost,2025-08-26,4,3,2,1,0.5694666666666667,4,2,0.6666666666666666,4095,credit_card,1,10599.0,0,37.0,0.503715459414649,passed,1,1,0,0,,,travel_booking,travel_booking,large,booking_service,0,0.5768794269146817,0,0,40,15.0,64.9125,0
DSP001547,TXN0356110,M000283,,Visa,UNAUTHORIZED_TRANSACTION,Unauthorized Transaction,2025-07-16,4049,668,175,2025-07-25,9,contested,lost,2025-08-24,5,3,3,0,0.5991833333333333,5,1,1.0,4049,credit_card,0,0.0,0,,0.4485813027198765,passed,1,1,0,0,,,travel_booking,travel_booking,large,booking_service,0,0.5768794269146817,0,0,40,9.0,40.56111111111111,0
DSP001548,TXN0361460,M000283,,Visa,MERCHANDISE_NOT_AS_DESCRIBED,Merchandise Not As Described,2026-03-03,11199,554,255,2026-03-22,19,contested,lost,2026-04-09,4,3,2,1,0.528,4,2,0.6666666666666666,11199,debit_card,0,0.0,0,,0.3393662691248034,not_applicable,1,2,0,0,,,travel_booking,travel_booking,large,booking_service,0,0.5768794269146817,0,0,40,19.0,70.97638888888889,0
DSP001549,TXN0367244,M000284,CUS0130393,Mastercard,MERCHANDISE_NOT_RECEIVED,Merchandise Not Received,2025-10-07,6899,501,172,2025-10-26,19,contested,won,2025-10-28,6,4,4,0,0.9284666666666667,6,0,1.0,6899,credit_card,0,0.0,0,,0.2062068482019622,passed,1,1,0,0,delivered,1.0,marketplace_retailer,marketplace_retailer,large,physical_delivery,0,0.9240914887534456,1,1,64,19.0,19.40138888888889,1
DSP001550,TXN0367631,M000284,CUS0132178,Mastercard,MERCHANDISE_NOT_AS_DESCRIBED,Merchandise Not As Described,2025-09-22,1545,425,298,2025-10-12,20,contested,won,2025-10-27,6,3,3,0,0.9661833333333334,6,0,1.0,1545,debit_card,4,23792.0,0,56.0,0.719974647072942,passed,1,1,0,0,delivered,1.0,marketplace_retailer,marketplace_retailer,large,physical_delivery,0,0.9240914887534456,1,1,64,20.0,36.18611111111111,1
DSP001551,TXN0365982,M000284,,Visa,MERCHANDISE_NOT_RECEIVED,Merchandise Not Received,2025-10-24,4049,562,253,2025-10-31,7,contested,lost,2025-12-05,6,4,4,0,0.9608,6,0,1.0,4049,debit_card,0,0.0,0,,0.3603259197501468,passed,1,3,0,1,delivered,0.0,marketplace_retailer,marketplace_retailer,large,physical_delivery,0,0.9240914887534456,1,1,64,7.0,44.34513888888889,0
DSP001552,TXN0367855,M000284,CUS0130126,Visa,MERCHANDISE_NOT_AS_DESCRIBED,Merchandise Not As Described,2025-11-26,3199,468,256,2025-12-15,19,contested,lost,2026-01-02,6,3,3,0,0.9716666666666667,6,0,1.0,3199,debit_card,2,2648.0,0,215.0,0.6385648813478808,passed,1,1,0,0,delivered,1.0,marketplace_retailer,marketplace_retailer,large,physical_delivery,0,0.9240914887534456,1,1,64,19.0,27.643055555555556,0
DSP001553,TXN0366324,M000284,,Visa,CREDIT_NOT_PROCESSED,Credit Not Processed,2025-09-24,2799,531,226,2025-10-14,20,contested,won,2025-10-18,6,3,3,0,0.9040499999999999,6,0,1.0,2799,credit_card,0,0.0,0,,0.5881085652179653,passed,1,1,0,0,delivered,1.0,marketplace_retailer,marketplace_retailer,large,physical_delivery,0,0.9240914887534456,1,1,64,20.0,66.26875,1
DSP001555,TXN0368349,M000284,CUS0129995,Mastercard,CREDIT_NOT_PROCESSED,Credit Not Processed,2025-10-27,1345,666,169,2025-11-03,7,contested,lost,2025-12-01,5,3,3,0,0.8062333333333332,5,1,1.0,1345,credit_card,1,2749.0,0,112.0,0.4125302495513918,passed,1,1,0,0,delivered,1.0,marketplace_retailer,marketplace_retailer,large,physical_delivery,0,0.9240914887534456,1,1,64,7.0,29.56388888888889,0
DSP001559,TXN0364675,M000284,CUS0131164,Visa,MERCHANDISE_NOT_AS_DESCRIBED,Merchandise Not As Described,2025-08-29,1499,524,254,2025-09-15,17,contested,won,2025-09-22,6,3,3,0,0.89685,6,0,1.0,1499,debit_card,3,6643.0,0,71.0,0.2649725299387213,passed,1,4,0,0,delivered,0.0,marketplace_retailer,marketplace_retailer,large,physical_delivery,0,0.9240914887534456,1,1,64,17.0,59.99305555555556,1
DSP001560,TXN0364228,M000284,,Mastercard,MERCHANDISE_NOT_RECEIVED,Merchandise Not Received,2025-05-20,1899,404,164,2025-05-28,8,contested,won,2025-06-07,6,4,4,0,0.9677833333333333,6,0,1.0,1899,credit_card,0,0.0,0,,0.3414483137109876,passed,1,3,0,0,delivered,1.0,marketplace_retailer,marketplace_retailer,large,physical_delivery,0,0.9240914887534456,1,1,64,8.0,38.74027777777778,1
DSP001562,TXN0363024,M000284,CUS0130963,Visa,UNAUTHORIZED_TRANSACTION,Unauthorized Transaction,2025-09-07,3849,453,272,2025-09-14,7,contested,won,2025-10-19,6,4,4,0,0.9571999999999999,6,0,1.0,3849,debit_card,0,0.0,0,,0.2797766693831106,passed,1,1,0,0,delivered,1.0,marketplace_retailer,marketplace_retailer,large,physical_delivery,0,0.9240914887534456,1,1,64,7.0,40.1625,1
DSP001565,TXN0368820,M000284,,Visa,MERCHANDISE_NOT_AS_DESCRIBED,Merchandise Not As Described,2025-04-02,899,736,239,2025-04-14,12,contested,lost,2025-04-29,6,3,3,0,0.9472166666666667,6,0,1.0,899,credit_card,0,0.0,0,,0.2392021915734367,passed,1,1,0,0,delivered,0.0,marketplace_retailer,marketplace_retailer,large,physical_delivery,0,0.9240914887534456,1,1,64,12.0,10.07638888888889,0
DSP001567,TXN0367120,M000284,CUS0129841,Mastercard,UNAUTHORIZED_TRANSACTION,Unauthorized Transaction,2025-02-22,1099,412,212,2025-03-06,12,contested,lost,2025-04-03,5,4,4,0,0.7837833333333334,5,1,1.0,1099,credit_card,1,425.0,0,0.0,0.3693093367006143,passed,1,1,0,0,in_transit,0.0,marketplace_retailer,marketplace_retailer,large,physical_delivery,0,0.9240914887534456,1,1,64,12.0,13.244444444444444,0
DSP001568,TXN0366932,M000284,CUS0129808,Mastercard,MERCHANDISE_NOT_AS_DESCRIBED,Merchandise Not As Described,2025-12-11,2499,723,187,2025-12-25,14,contested,lost,2025-12-28,6,3,3,0,0.9293833333333333,6,0,1.0,2499,credit_card,4,9142.0,0,93.0,0.3848620670262209,passed,1,1,0,0,delivered,1.0,marketplace_retailer,marketplace_retailer,large,physical_delivery,0,0.9240914887534456,1,1,64,14.0,24.79652777777778,0
DSP001569,TXN0366197,M000284,CUS0129779,Visa,DUPLICATE_TRANSACTION,Duplicate Transaction,2025-04-04,2399,436,266,2025-04-14,10,contested,won,2025-05-02,5,2,1,1,0.794,5,1,0.5,2399,credit_card,0,0.0,0,,0.2120042591826795,passed,1,3,0,0,lost,0.0,marketplace_retailer,marketplace_retailer,large,physical_delivery,0,0.9240914887534456,1,1,64,10.0,44.69513888888889,1
DSP001574,TXN0372975,M000285,CUS0133328,RuPay,MERCHANDISE_NOT_RECEIVED,Merchandise Not Received,2025-04-08,1045,563,213,2025-04-18,10,contested,lost,2025-05-03,3,4,2,2,0.47035,3,3,0.5,1045,credit_card,0,0.0,0,,0.1601738624555933,passed,1,1,0,0,in_transit,0.0,d2c_brand,d2c_brand,large,physical_delivery,0,0.732678340029891,1,1,82,10.0,57.922916666666666,0
DSP001578,TXN0375724,M000285,,Mastercard,MERCHANDISE_NOT_RECEIVED,Merchandise Not Received,2025-10-31,545,501,300,2025-11-18,18,contested,lost,2025-11-26,3,4,1,3,0.41111666666666663,3,3,0.25,545,debit_card,0,0.0,0,,0.3144661342565025,not_applicable,1,1,0,0,delivered,0.0,d2c_brand,d2c_brand,large,physical_delivery,0,0.732678340029891,1,1,82,18.0,33.10069444444444,0
DSP001580,TXN0376633,M000285,,Mastercard,MERCHANDISE_NOT_AS_DESCRIBED,Merchandise Not As Described,2025-05-15,849,581,230,2025-06-04,20,contested,won,2025-06-19,5,3,2,1,0.6983,5,1,0.6666666666666666,849,credit_card,0,0.0,0,,0.4976206182526432,passed,1,3,0,0,in_transit,0.0,d2c_brand,d2c_brand,large,physical_delivery,0,0.732678340029891,1,1,82,20.0,46.947916666666664,1
DSP001581,TXN0371308,M000285,CUS0135224,RuPay,UNAUTHORIZED_TRANSACTION,Unauthorized Transaction,2025-04-21,10899,578,163,2025-04-28,7,contested,lost,2025-05-05,3,4,2,2,0.49,3,3,0.5,10899,credit_card,0,0.0,0,,0.1102606644457306,passed,0,1,0,1,delivered,1.0,d2c_brand,d2c_brand,large,physical_delivery,0,0.732678340029891,1,1,82,7.0,13.261111111111111,0
DSP001582,TXN0377780,M000285,CUS0134133,Mastercard,DUPLICATE_TRANSACTION,Duplicate Transaction,2025-12-25,1449,567,236,2026-01-06,12,contested,won,2026-01-17,5,2,2,0,0.7052666666666667,5,1,1.0,1449,credit_card,2,3798.0,0,180.0,0.3850772694670752,passed,1,2,0,0,delivered,1.0,d2c_brand,d2c_brand,large,physical_delivery,0,0.732678340029891,1,1,82,12.0,51.577083333333334,1
DSP001585,TXN0377520,M000285,,Mastercard,MERCHANDISE_NOT_RECEIVED,Merchandise Not Received,2025-11-22,3045,575,245,2025-12-06,14,contested,won,2025-12-07,5,4,3,1,0.78945,5,1,0.75,3045,credit_card,0,0.0,0,,0.0357120356029462,passed,1,1,0,0,delivered,1.0,d2c_brand,d2c_brand,large,physical_delivery,0,0.732678340029891,1,1,82,14.0,66.49236111111111,1
DSP001586,TXN0375414,M000285,,Mastercard,MERCHANDISE_NOT_RECEIVED,Merchandise Not Received,2025-09-05,2099,513,202,2025-09-22,17,contested,lost,2025-10-09,3,4,3,1,0.4334833333333334,3,3,0.75,2099,credit_card,0,0.0,0,,0.4421702683823006,passed,1,1,0,0,delivered,1.0,d2c_brand,d2c_brand,large,physical_delivery,0,0.732678340029891,1,1,82,17.0,5.465972222222222,0
DSP001587,TXN0371220,M000285,,Visa,MERCHANDISE_NOT_AS_DESCRIBED,Merchandise Not As Described,2025-09-30,795,686,240,2025-10-20,20,contested,lost,2025-10-25,6,3,3,0,0.9101833333333333,6,0,1.0,795,debit_card,0,0.0,0,,0.5760703500652805,passed,0,3,0,0,delivered,1.0,d2c_brand,d2c_brand,large,physical_delivery,0,0.732678340029891,1,1,82,20.0,66.96805555555555,0
DSP001588,TXN0373889,M000285,CUS0135283,Mastercard,MERCHANDISE_NOT_RECEIVED,Merchandise Not Received,2025-09-02,799,484,158,2025-09-16,14,contested,won,2025-09-29,6,4,4,0,0.8563000000000001,6,0,1.0,799,debit_card,3,4197.0,0,34.0,0.3594049713080212,passed,1,1,0,0,delivered,1.0,d2c_brand,d2c_brand,large,physical_delivery,0,0.732678340029891,1,1,82,14.0,11.16875,1
DSP001589,TXN0378073,M000285,CUS0133087,Visa,MERCHANDISE_NOT_AS_DESCRIBED,Merchandise Not As Described,2025-12-09,179,610,276,2025-12-20,11,contested,lost,2025-12-25,5,3,2,1,0.7003833333333334,5,1,0.6666666666666666,179,credit_card,0,0.0,0,,0.3499103489542902,passed,1,1,0,0,delivered,1.0,d2c_brand,d2c_brand,large,physical_delivery,0,0.732678340029891,1,1,82,11.0,55.109027777777776,0
DSP001590,TXN0371304,M000285,,Visa,CREDIT_NOT_PROCESSED,Credit Not Processed,2025-09-01,1849,694,287,2025-09-22,21,contested,won,2025-09-20,6,3,3,0,0.922,6,0,1.0,1849,credit_card,0,0.0,0,,0.1756611469130722,passed,1,2,0,0,delivered,1.0,d2c_brand,d2c_brand,large,physical_delivery,0,0.732678340029891,1,1,82,21.0,8.409722222222221,1
DSP001593,TXN0375098,M000285,CUS0134335,Visa,UNAUTHORIZED_TRANSACTION,Unauthorized Transaction,2025-10-30,149,425,264,2025-11-09,10,contested,won,2025-12-07,6,4,4,0,0.77155,6,0,1.0,149,debit_card,0,0.0,0,,0.1373560855558475,passed,1,2,0,0,delivered,1.0,d2c_brand,d2c_brand,large,physical_delivery,0,0.732678340029891,1,1,82,10.0,19.747222222222224,1
DSP001594,TXN0375949,M000285,,Visa,MERCHANDISE_NOT_AS_DESCRIBED,Merchandise Not As Described,2026-03-05,645,676,272,2026-03-22,17,contested,lost,2026-03-23,3,3,3,0,0.4635666666666667,3,3,1.0,645,debit_card,0,0.0,0,,0.0864035307818662,passed,1,2,0,0,delivered,1.0,d2c_brand,d2c_brand,large,physical_delivery,0,0.732678340029891,1,1,82,17.0,73.71319444444444,0
DSP001595,TXN0376065,M000285,CUS0132561,Visa,CREDIT_NOT_PROCESSED,Credit Not Processed,2025-11-09,2999,481,242,2025-11-28,19,contested,won,2025-12-17,6,3,3,0,0.9551333333333334,6,0,1.0,2999,debit_card,1,1349.0,0,101.0,0.3770046480352306,passed,1,2,0,0,delivered,1.0,d2c_brand,d2c_brand,large,physical_delivery,0,0.732678340029891,1,1,82,19.0,17.74861111111111,1
DSP001596,TXN0377957,M000285,CUS0134899,Visa,MERCHANDISE_NOT_RECEIVED,Merchandise Not Received,2025-07-18,9299,537,206,2025-08-08,21,contested,won,2025-08-01,6,4,4,0,0.8987833333333333,6,0,1.0,9299,debit_card,1,439.0,0,65.0,0.2794700989680699,passed,1,3,0,0,in_transit,0.0,d2c_brand,d2c_brand,large,physical_delivery,0,0.732678340029891,1,1,82,21.0,51.205555555555556,1
DSP001597,TXN0375701,M000285,CUS0134826,Mastercard,MERCHANDISE_NOT_AS_DESCRIBED,Merchandise Not As Described,2025-12-07,4049,568,178,2025-12-21,14,contested,lost,2026-01-19,6,3,3,0,0.8418833333333334,6,0,1.0,4049,debit_card,0,0.0,0,,0.1617519777668814,passed,1,1,0,0,delivered,0.0,d2c_brand,d2c_brand,large,physical_delivery,0,0.732678340029891,1,1,82,14.0,50.59444444444444,0
DSP001598,TXN0383401,M000286,CUS0135471,Visa,SERVICE_NOT_RENDERED,Service Not Rendered,2025-08-25,4849,674,252,2025-09-06,12,contested,won,2025-09-20,3,3,2,1,0.37083333333333335,3,3,0.6666666666666666,4849,debit_card,1,3649.0,0,16.0,0.176591954985129,passed,1,2,0,1,,,travel_booking,travel_booking,large,booking_service,0,0.5280190019745552,0,1,72,12.0,73.025,1
DSP001599,TXN0380400,M000286,,Visa,MERCHANDISE_NOT_AS_DESCRIBED,Merchandise Not As Described,2025-08-25,7599,540,165,2025-09-13,19,contested,won,2025-10-09,5,3,2,1,0.6108333333333333,5,1,0.6666666666666666,7599,credit_card,0,0.0,0,,0.2242577346800504,passed,1,1,0,0,,,travel_booking,travel_booking,large,booking_service,0,0.5280190019745552,0,1,72,19.0,47.41458333333333,1
DSP001601,TXN0386052,M000286,CUS0135429,Visa,SERVICE_NOT_RENDERED,Service Not Rendered,2025-01-24,10199,403,162,2025-02-12,19,contested,won,2025-02-19,4,3,2,1,0.5108166666666667,4,2,0.6666666666666666,10199,debit_card,0,0.0,0,,0.226148049427784,passed,1,1,0,0,,,travel_booking,travel_booking,large,booking_service,0,0.5280190019745552,0,1,72,19.0,19.586111111111112,1
DSP001604,TXN0385683,M000286,CUS0136655,Mastercard,UNAUTHORIZED_TRANSACTION,Unauthorized Transaction,2025-12-22,11895,653,224,2026-01-12,21,contested,lost,2026-01-18,3,3,1,2,0.37328333333333336,3,3,0.3333333333333333,11895,credit_card,2,51598.0,0,41.0,0.5615614958859698,passed,1,1,0,0,,,travel_booking,travel_booking,large,booking_service,0,0.5280190019745552,0,1,72,21.0,63.24375,0
DSP001606,TXN0384497,M000286,,Visa,CREDIT_NOT_PROCESSED,Credit Not Processed,2026-01-05,14599,402,154,2026-01-26,21,contested,won,2026-02-19,3,4,2,2,0.4270833333333333,3,3,0.5,14599,debit_card,0,0.0,0,,0.4846771324629546,passed,1,1,0,0,,,travel_booking,travel_booking,large,booking_service,0,0.5280190019745552,0,1,72,21.0,62.794444444444444,1
DSP001607,TXN0383596,M000286,CUS0135915,Visa,UNAUTHORIZED_TRANSACTION,Unauthorized Transaction,2026-01-07,4199,654,221,2026-01-22,15,contested,lost,2026-02-09,4,3,2,1,0.5098333333333334,4,2,0.6666666666666666,4199,debit_card,1,10699.0,0,33.0,0.559864379412503,passed,1,1,0,1,,,travel_booking,travel_booking,large,booking_service,0,0.5280190019745552,0,1,72,15.0,14.141666666666667,0
DSP001608,TXN0386057,M000286,,Mastercard,SERVICE_NOT_RENDERED,Service Not Rendered,2025-06-05,5699,496,182,2025-06-13,8,contested,won,2025-07-01,4,3,2,1,0.5199166666666667,4,2,0.6666666666666666,5699,credit_card,0,0.0,0,,0.2109566788471019,passed,1,1,0,0,,,travel_booking,travel_booking,large,booking_service,0,0.5280190019745552,0,1,72,8.0,22.35,1
DSP001611,TXN0379569,M000286,CUS0137969,RuPay,MERCHANDISE_NOT_AS_DESCRIBED,Merchandise Not As Described,2025-04-17,27499,681,173,2025-05-06,19,contested,won,2025-05-10,5,3,3,0,0.6883499999999999,5,1,1.0,27499,credit_card,0,0.0,0,,0.2665798768253787,passed,1,1,0,0,,,travel_booking,travel_booking,large,booking_service,0,0.5280190019745552,0,1,72,19.0,5.879166666666666,1
DSP001614,TXN0383521,M000286,,Visa,MERCHANDISE_NOT_AS_DESCRIBED,Merchandise Not As Described,2025-06-21,12495,558,283,2025-07-03,12,contested,lost,2025-07-28,4,3,1,2,0.5392666666666667,4,2,0.3333333333333333,12495,credit_card,0,0.0,0,,0.1120560821252266,passed,1,1,0,0,,,travel_booking,travel_booking,large,booking_service,0,0.5280190019745552,0,1,72,12.0,74.38402777777777,0
DSP001615,TXN0384281,M000286,CUS0136346,RuPay,MERCHANDISE_NOT_AS_DESCRIBED,Merchandise Not As Described,2025-11-20,13499,507,247,2025-12-02,12,contested,lost,2025-12-29,4,3,3,0,0.5041666666666668,4,2,1.0,13499,credit_card,2,28298.0,0,160.0,0.4876712720867115,passed,0,1,0,0,,,travel_booking,travel_booking,large,booking_service,0,0.5280190019745552,0,1,72,12.0,7.7125,0
DSP001616,TXN0385750,M000286,CUS0138044,Mastercard,DUPLICATE_TRANSACTION,Duplicate Transaction,2026-01-27,5099,736,154,2026-02-13,17,contested,lost,2026-02-11,2,2,0,2,0.24831666666666666,2,4,0.0,5099,credit_card,1,5599.0,0,87.0,0.3647666249810453,passed,1,2,0,0,,,travel_booking,travel_booking,large,booking_service,0,0.5280190019745552,0,1,72,17.0,49.46180555555556,0
DSP001617,TXN0379982,M000286,CUS0137096,Visa,SERVICE_NOT_RENDERED,Service Not Rendered,2025-02-05,5995,592,232,2025-02-12,7,contested,won,2025-03-17,2,3,0,3,0.26461666666666667,2,4,0.0,5995,credit_card,2,23744.0,0,6.0,0.2909757306320725,passed,1,4,0,0,,,travel_booking,travel_booking,large,booking_service,0,0.5280190019745552,0,1,72,7.0,12.835416666666667,1
DSP001618,TXN0380058,M000286,CUS0136784,Mastercard,SERVICE_NOT_RENDERED,Service Not Rendered,2025-07-21,7799,721,178,2025-08-10,20,contested,lost,2025-08-30,3,3,2,1,0.4191833333333333,3,3,0.6666666666666666,7799,credit_card,0,0.0,0,,0.382401230640384,passed,1,4,0,0,,,travel_booking,travel_booking,large,booking_service,0,0.5280190019745552,0,1,72,20.0,71.98958333333333,0
DSP001622,TXN0393987,M000287,CUS0138384,RuPay,MERCHANDISE_NOT_AS_DESCRIBED,Merchandise Not As Described,2025-10-22,2649,703,173,2025-11-03,12,contested,lost,2025-11-30,4,3,1,2,0.5787333333333333,4,2,0.3333333333333333,2649,credit_card,2,6594.0,0,171.0,0.1182918648310538,passed,1,1,0,0,rto,0.0,d2c_brand,d2c_brand,large,physical_delivery,0,0.7428652805709973,1,1,22,12.0,42.85138888888889,0
DSP001623,TXN0387256,M000287,CUS0139450,Visa,MERCHANDISE_NOT_RECEIVED,Merchandise Not Received,2025-03-03,2049,660,262,2025-03-21,18,contested,won,2025-04-04,5,4,3,1,0.6799333333333334,5,1,0.75,2049,debit_card,0,0.0,0,,0.2695093514302737,passed,1,2,0,0,delivered,1.0,d2c_brand,d2c_brand,large,physical_delivery,0,0.7428652805709973,1,1,22,18.0,14.619444444444444,1
DSP001624,TXN0391315,M000287,,RuPay,MERCHANDISE_NOT_RECEIVED,Merchandise Not Received,2025-06-30,2549,404,169,2025-07-18,18,contested,won,2025-08-03,5,4,3,1,0.7448166666666666,5,1,0.75,2549,credit_card,0,0.0,0,,0.1257302429624557,passed,1,1,0,0,delivered,1.0,d2c_brand,d2c_brand,large,physical_delivery,0,0.7428652805709973,1,1,22,18.0,51.00486111111111,1
DSP001625,TXN0387724,M000287,,Visa,MERCHANDISE_NOT_AS_DESCRIBED,Merchandise Not As Described,2026-02-17,1149,574,233,2026-03-02,13,contested,lost,2026-03-06,3,3,1,2,0.4227,3,3,0.3333333333333333,1149,debit_card,0,0.0,0,,0.3365239388216887,passed,1,1,0,0,delivered,1.0,d2c_brand,d2c_brand,large,physical_delivery,0,0.7428652805709973,1,1,22,13.0,56.397222222222226,0
DSP001627,TXN0393771,M000287,,Visa,CREDIT_NOT_PROCESSED,Credit Not Processed,2025-12-31,3145,703,282,2026-01-20,20,contested,lost,2026-02-08,4,3,1,2,0.58235,4,2,0.3333333333333333,3145,credit_card,0,0.0,0,,0.0791079222587657,passed,1,1,0,0,lost,0.0,d2c_brand,d2c_brand,large,physical_delivery,0,0.7428652805709973,1,1,22,20.0,57.888194444444444,0
DSP001629,TXN0390091,M000287,,Visa,UNAUTHORIZED_TRANSACTION,Unauthorized Transaction,2025-04-29,949,570,183,2025-05-13,14,contested,lost,2025-05-13,4,4,3,1,0.5792499999999999,4,2,0.75,949,debit_card,0,0.0,0,,0.2463840961817813,passed,1,1,0,0,delivered,1.0,d2c_brand,d2c_brand,large,physical_delivery,0,0.7428652805709973,1,1,22,14.0,33.142361111111114,0
DSP001630,TXN0393730,M000287,CUS0139497,RuPay,MERCHANDISE_NOT_RECEIVED,Merchandise Not Received,2025-11-16,1499,699,154,2025-12-03,17,contested,won,2025-12-21,5,4,3,1,0.7255666666666666,5,1,0.75,1499,credit_card,0,0.0,0,,0.4146841151308089,passed,1,1,0,0,in_transit,0.0,d2c_brand,d2c_brand,large,physical_delivery,0,0.7428652805709973,1,1,22,17.0,59.36875,1
DSP001631,TXN0394576,M000287,CUS0141122,Mastercard,MERCHANDISE_NOT_AS_DESCRIBED,Merchandise Not As Described,2025-04-18,599,650,190,2025-04-30,12,contested,lost,2025-05-25,4,3,1,2,0.6533333333333333,4,2,0.3333333333333333,599,credit_card,0,0.0,0,,0.4154000115156097,passed,1,1,0,0,delivered,0.0,d2c_brand,d2c_brand,large,physical_delivery,0,0.7428652805709973,1,1,22,12.0,14.034722222222221,0
DSP001632,TXN0388118,M000287,CUS0138276,Visa,MERCHANDISE_NOT_RECEIVED,Merchandise Not Received,2025-04-14,419,592,172,2025-05-05,21,contested,won,2025-05-06,5,4,4,0,0.7575333333333333,5,1,1.0,419,credit_card,1,1949.0,0,16.0,0.0070004313787142,passed,1,2,0,0,delivered,1.0,d2c_brand,d2c_brand,large,physical_delivery,0,0.7428652805709973,1,1,22,21.0,13.53888888888889,1
DSP001634,TXN0391930,M000287,,RuPay,MERCHANDISE_NOT_RECEIVED,Merchandise Not Received,2025-04-14,1699,675,296,2025-04-25,11,contested,lost,2025-05-13,4,4,3,1,0.5371833333333333,4,2,0.75,1699,credit_card,0,0.0,0,,0.073235868261973,passed,1,4,0,0,delivered,1.0,d2c_brand,d2c_brand,large,physical_delivery,0,0.7428652805709973,1,1,22,11.0,38.09236111111111,0
DSP001636,TXN0387919,M000287,CUS0139703,RuPay,DUPLICATE_TRANSACTION,Duplicate Transaction,2025-03-31,1049,453,239,2025-04-09,9,contested,lost,2025-05-12,4,2,0,2,0.6214666666666666,4,2,0.0,1049,debit_card,0,0.0,0,,0.1305192763975035,failed,0,1,0,0,delivered,1.0,d2c_brand,d2c_brand,large,physical_delivery,0,0.7428652805709973,1,1,22,9.0,60.40902777777778,0
DSP001637,TXN0389442,M000287,,Mastercard,UNAUTHORIZED_TRANSACTION,Unauthorized Transaction,2025-09-24,649,496,197,2025-10-03,9,contested,lost,2025-11-03,5,4,3,1,0.7770833333333332,5,1,0.75,649,credit_card,0,0.0,0,,0.3134807964026134,passed,1,1,0,0,in_transit,0.0,d2c_brand,d2c_brand,large,physical_delivery,0,0.7428652805709973,1,1,22,9.0,34.14652777777778,0
DSP001642,TXN0392312,M000287,CUS0139240,Mastercard,MERCHANDISE_NOT_RECEIVED,Merchandise Not Received,2025-05-23,1245,725,164,2025-06-06,14,contested,lost,2025-06-30,3,4,1,3,0.40843333333333337,3,3,0.25,1245,credit_card,0,0.0,0,,0.1941070853910116,passed,1,2,0,0,delivered,1.0,d2c_brand,d2c_brand,large,physical_delivery,0,0.7428652805709973,1,1,22,14.0,33.19513888888889,0
DSP001643,TXN0393607,M000287,,RuPay,DUPLICATE_TRANSACTION,Duplicate Transaction,2025-09-25,1299,605,189,2025-10-11,16,contested,lost,2025-10-18,4,2,1,1,0.6011833333333333,4,2,0.5,1299,debit_card,0,0.0,0,,0.2891701888332246,passed,0,1,0,0,delivered,1.0,d2c_brand,d2c_brand,large,physical_delivery,0,0.7428652805709973,1,1,22,16.0,71.55833333333334,0
DSP001644,TXN0387296,M000287,CUS0140678,RuPay,DUPLICATE_TRANSACTION,Duplicate Transaction,2026-01-29,5799,514,254,2026-02-12,14,contested,won,2026-02-16,5,2,2,0,0.7325833333333334,5,1,1.0,5799,debit_card,1,1845.0,0,249.0,0.3447571480281417,passed,1,5,0,1,delivered,1.0,d2c_brand,d2c_brand,large,physical_delivery,0,0.7428652805709973,1,1,22,14.0,35.29097222222222,1
DSP001645,TXN0394626,M000287,,RuPay,MERCHANDISE_NOT_RECEIVED,Merchandise Not Received,2026-01-27,1649,631,175,2026-02-07,11,contested,lost,2026-02-18,3,4,2,2,0.39949999999999997,3,3,0.5,1649,credit_card,0,0.0,0,,0.324893719100756,passed,0,1,0,0,delivered,1.0,d2c_brand,d2c_brand,large,physical_delivery,0,0.7428652805709973,1,1,22,11.0,28.448611111111113,0
DSP001646,TXN0390972,M000287,,Mastercard,DUPLICATE_TRANSACTION,Duplicate Transaction,2025-04-10,949,655,192,2025-04-23,13,contested,won,2025-05-24,4,2,2,0,0.6203166666666666,4,2,1.0,949,credit_card,0,0.0,0,,0.1402020808867285,passed,1,1,0,0,delivered,1.0,d2c_brand,d2c_brand,large,physical_delivery,0,0.7428652805709973,1,1,22,13.0,38.58541666666667,1
DSP001647,TXN0387237,M000287,CUS0140231,Visa,MERCHANDISE_NOT_RECEIVED,Merchandise Not Received,2025-04-26,1495,710,151,2025-05-04,8,contested,lost,2025-05-16,3,4,2,2,0.4501833333333333,3,3,0.5,1495,credit_card,1,799.0,0,93.0,0.2509280540559094,passed,1,1,0,0,delivered,1.0,d2c_brand,d2c_brand,large,physical_delivery,0,0.7428652805709973,1,1,22,8.0,18.230555555555554,0
DSP001648,TXN0395117,M000287,CUS0138850,Mastercard,MERCHANDISE_NOT_RECEIVED,Merchandise Not Received,2025-07-15,2799,546,203,2025-08-01,17,contested,won,2025-08-07,5,4,3,1,0.7551833333333334,5,1,0.75,2799,credit_card,2,2898.0,0,12.0,0.1919464314551044,passed,1,1,0,0,delivered,1.0,d2c_brand,d2c_brand,large,physical_delivery,0,0.7428652805709973,1,1,22,17.0,57.80902777777778,1
DSP001649,TXN0394754,M000287,,RuPay,MERCHANDISE_NOT_AS_DESCRIBED,Merchandise Not As Described,2025-12-15,1599,628,150,2026-01-01,17,contested,won,2026-01-20,6,3,3,0,0.88455,6,0,1.0,1599,credit_card,0,0.0,0,,0.1143388035799144,passed,1,3,0,0,delivered,1.0,d2c_brand,d2c_brand,large,physical_delivery,0,0.7428652805709973,1,1,22,17.0,7.593055555555556,1
DSP001652,TXN0387710,M000287,CUS0138818,Visa,MERCHANDISE_NOT_RECEIVED,Merchandise Not Received,2025-11-07,1799,597,299,2025-11-18,11,contested,won,2025-12-22,5,4,3,1,0.7779333333333334,5,1,0.75,1799,debit_card,2,2398.0,0,31.0,0.1812887026282518,passed,1,1,0,0,delivered,0.0,d2c_brand,d2c_brand,large,physical_delivery,0,0.7428652805709973,1,1,22,11.0,15.839583333333334,1
DSP001653,TXN0401150,M000288,CUS0142527,Visa,UNAUTHORIZED_TRANSACTION,Unauthorized Transaction,2026-01-11,895,572,162,2026-01-21,10,contested,lost,2026-02-08,5,4,3,1,0.7839,5,1,0.75,895,credit_card,1,799.0,0,232.0,0.2292210560652465,passed,1,1,0,0,delivered,1.0,d2c_brand,d2c_brand,large,physical_delivery,0,0.7193620298609943,1,1,64,10.0,43.673611111111114,0
DSP001654,TXN0399005,M000288,CUS0141880,Visa,MERCHANDISE_NOT_AS_DESCRIBED,Merchandise Not As Described,2025-01-22,1199,418,193,2025-01-29,7,contested,lost,2025-03-02,3,3,1,2,0.42019999999999996,3,3,0.3333333333333333,1199,debit_card,0,0.0,0,,0.2148600107426622,passed,1,1,0,1,delivered,1.0,d2c_brand,d2c_brand,large,physical_delivery,0,0.7193620298609943,1,1,64,7.0,15.88263888888889,0
DSP001655,TXN0401568,M000288,CUS0142057,Visa,MERCHANDISE_NOT_AS_DESCRIBED,Merchandise Not As Described,2025-10-31,4199,664,175,2025-11-19,19,contested,won,2025-11-21,6,3,3,0,0.8881333333333333,6,0,1.0,4199,debit_card,3,3243.0,0,81.0,0.2597931365596862,passed,1,1,0,0,delivered,1.0,d2c_brand,d2c_brand,large,physical_delivery,0,0.7193620298609943,1,1,64,19.0,40.053472222222226,1
DSP001656,TXN0398719,M000288,CUS0143583,Visa,MERCHANDISE_NOT_AS_DESCRIBED,Merchandise Not As Described,2025-05-04,1045,704,261,2025-05-23,19,contested,lost,2025-05-19,4,3,3,0,0.5987666666666667,4,2,1.0,1045,debit_card,0,0.0,0,,0.1678209922669387,passed,1,1,1,1,delivered,1.0,d2c_brand,d2c_brand,large,physical_delivery,0,0.7193620298609943,1,1,64,19.0,37.547916666666666,0
DSP001657,TXN0395574,M000288,CUS0143753,Visa,DUPLICATE_TRANSACTION,Duplicate Transaction,2026-02-13,2749,579,264,2026-02-27,14,contested,won,2026-03-05,5,2,2,0,0.7214833333333334,5,1,1.0,2749,debit_card,1,289.0,0,342.0,0.1213362444747012,passed,1,1,0,0,delivered,0.0,d2c_brand,d2c_brand,large,physical_delivery,0,0.7193620298609943,1,1,64,14.0,52.79236111111111,1
DSP001658,TXN0401783,M000288,,Mastercard,MERCHANDISE_NOT_AS_DESCRIBED,Merchandise Not As Described,2025-07-23,1849,628,247,2025-08-07,15,contested,lost,2025-09-01,4,3,2,1,0.6105166666666667,4,2,0.6666666666666666,1849,debit_card,0,0.0,0,,0.0947893735756891,passed,1,2,0,0,delivered,0.0,d2c_brand,d2c_brand,large,physical_delivery,0,0.7193620298609943,1,1,64,15.0,57.31666666666667,0
DSP001659,TXN0399576,M000288,CUS0142793,Visa,UNAUTHORIZED_TRANSACTION,Unauthorized Transaction,2025-06-09,1045,506,269,2025-06-21,12,contested,lost,2025-07-23,1,4,1,3,0.15455,1,5,0.25,1045,credit_card,0,0.0,0,,0.1109627343843043,passed,1,1,0,0,in_transit,0.0,d2c_brand,d2c_brand,large,physical_delivery,0,0.7193620298609943,1,1,64,12.0,65.74583333333334,0
DSP001660,TXN0403101,M000288,,Visa,MERCHANDISE_NOT_RECEIVED,Merchandise Not Received,2025-02-25,1099,731,221,2025-03-06,9,contested,lost,2025-03-28,2,4,1,3,0.32381666666666664,2,4,0.25,1099,debit_card,0,0.0,0,,0.2833034465330247,passed,1,1,0,0,delivered,0.0,d2c_brand,d2c_brand,large,physical_delivery,0,0.7193620298609943,1,1,64,9.0,27.10625,0
DSP001661,TXN0401934,M000288,CUS0141700,Mastercard,MERCHANDISE_NOT_RECEIVED,Merchandise Not Received,2025-03-27,4149,600,217,2025-04-09,13,contested,won,2025-04-12,6,4,4,0,0.9419833333333333,6,0,1.0,4149,credit_card,1,1399.0,0,1.0,0.4841639762719275,failed,1,1,0,0,delivered,1.0,d2c_brand,d2c_brand,large,physical_delivery,0,0.7193620298609943,1,1,64,13.0,57.62430555555556,1
DSP001662,TXN0397250,M000288,,Visa,UNAUTHORIZED_TRANSACTION,Unauthorized Transaction,2026-01-19,419,476,268,2026-02-09,21,contested,lost,2026-02-27,5,4,4,0,0.7701166666666667,5,1,1.0,419,debit_card,0,0.0,0,,0.2658675493743686,passed,1,1,0,0,delivered,1.0,d2c_brand,d2c_brand,large,physical_delivery,0,0.7193620298609943,1,1,64,21.0,66.12291666666667,0
DSP001663,TXN0397552,M000288,CUS0141392,Visa,MERCHANDISE_NOT_RECEIVED,Merchandise Not Received,2025-09-13,459,446,205,2025-10-04,21,contested,won,2025-10-02,5,4,3,1,0.7303833333333333,5,1,0.75,459,credit_card,2,2648.0,0,165.0,0.3262680831479006,failed,1,3,0,0,delivered,0.0,d2c_brand,d2c_brand,large,physical_delivery,0,0.7193620298609943,1,1,64,21.0,7.604861111111111,1
DSP001665,TXN0399155,M000288,CUS0143372,Visa,MERCHANDISE_NOT_RECEIVED,Merchandise Not Received,2025-12-29,999,679,205,2026-01-19,21,contested,won,2026-01-16,4,4,3,1,0.59995,4,2,0.75,999,credit_card,1,1349.0,0,159.0,0.0569104068480029,passed,1,1,0,0,lost,0.0,d2c_brand,d2c_brand,large,physical_delivery,0,0.7193620298609943,1,1,64,21.0,73.32986111111111,1
DSP001666,TXN0396936,M000288,CUS0141977,Visa,MERCHANDISE_NOT_RECEIVED,Merchandise Not Received,2025-12-06,3149,413,197,2025-12-14,8,contested,won,2025-12-28,6,4,4,0,0.9219166666666667,6,0,1.0,3149,debit_card,1,1099.0,0,260.0,0.1453070970615893,passed,1,3,0,0,delivered,1.0,d2c_brand,d2c_brand,large,physical_delivery,0,0.7193620298609943,1,1,64,8.0,13.441666666666666,1
DSP001668,TXN0401936,M000288,CUS0143151,RuPay,MERCHANDISE_NOT_RECEIVED,Merchandise Not Received,2025-09-01,945,633,242,2025-09-18,17,contested,lost,2025-10-13,4,4,3,1,0.5728166666666666,4,2,0.75,945,credit_card,2,2548.0,0,66.0,0.2478542422068255,passed,1,5,0,0,rto,0.0,d2c_brand,d2c_brand,large,physical_delivery,0,0.7193620298609943,1,1,64,17.0,14.67013888888889,0
DSP001669,TXN0396960,M000288,CUS0142835,Visa,MERCHANDISE_NOT_AS_DESCRIBED,Merchandise Not As Described,2025-01-20,4299,691,295,2025-01-28,8,contested,lost,2025-03-01,4,3,2,1,0.6118166666666667,4,2,0.6666666666666666,4299,debit_card,0,0.0,0,,0.0833673571971516,passed,1,1,0,1,delivered,1.0,d2c_brand,d2c_brand,large,physical_delivery,0,0.7193620298609943,1,1,64,8.0,15.030555555555555,0
DSP001670,TXN0402280,M000288,CUS0143085,Mastercard,UNAUTHORIZED_TRANSACTION,Unauthorized Transaction,2025-08-21,3399,529,251,2025-09-06,16,contested,lost,2025-10-01,3,4,2,2,0.45516666666666666,3,3,0.5,3399,debit_card,0,0.0,0,,0.7459788885184263,passed,1,1,0,0,delivered,1.0,d2c_brand,d2c_brand,large,physical_delivery,0,0.7193620298609943,1,1,64,16.0,14.645138888888889,0
DSP001671,TXN0401611,M000288,CUS0141257,Mastercard,UNAUTHORIZED_TRANSACTION,Unauthorized Transaction,2025-08-24,3149,410,214,2025-09-12,19,contested,lost,2025-09-24,5,4,4,0,0.783,5,1,1.0,3149,credit_card,1,499.0,0,144.0,0.4213216852763981,passed,1,1,0,0,delivered,1.0,d2c_brand,d2c_brand,large,physical_delivery,0,0.7193620298609943,1,1,64,19.0,72.02777777777777,0
DSP001673,TXN0399233,M000288,CUS0142816,Visa,MERCHANDISE_NOT_AS_DESCRIBED,Merchandise Not As Described,2025-02-24,1995,707,214,2025-03-10,14,contested,lost,2025-04-04,3,3,1,2,0.4585333333333333,3,3,0.3333333333333333,1995,debit_card,0,0.0,0,,0.2828242291725362,passed,1,1,0,0,delivered,1.0,d2c_brand,d2c_brand,large,physical_delivery,0,0.7193620298609943,1,1,64,14.0,43.669444444444444,0
DSP001674,TXN0397311,M000288,,RuPay,MERCHANDISE_NOT_RECEIVED,Merchandise Not Received,2025-06-06,849,647,229,2025-06-14,8,contested,won,2025-07-10,4,4,3,1,0.5946666666666667,4,2,0.75,849,debit_card,0,0.0,0,,0.5181264425189883,passed,1,2,0,0,delivered,1.0,d2c_brand,d2c_brand,large,physical_delivery,0,0.7193620298609943,1,1,64,8.0,72.35972222222222,1
DSP001675,TXN0401514,M000288,CUS0143657,Visa,CREDIT_NOT_PROCESSED,Credit Not Processed,2025-06-12,489,622,249,2025-06-20,8,contested,lost,2025-06-28,4,3,2,1,0.5397,4,2,0.6666666666666666,489,credit_card,0,0.0,0,,0.3203084342137035,passed,1,3,0,0,delivered,1.0,d2c_brand,d2c_brand,large,physical_delivery,0,0.7193620298609943,1,1,64,8.0,71.62430555555555,0
DSP001676,TXN0402295,M000288,,Visa,MERCHANDISE_NOT_AS_DESCRIBED,Merchandise Not As Described,2025-06-30,695,739,290,2025-07-15,15,contested,lost,2025-07-17,4,3,3,0,0.6529166666666667,4,2,1.0,695,debit_card,0,0.0,0,,0.3195367999305343,failed,1,1,0,0,delivered,0.0,d2c_brand,d2c_brand,large,physical_delivery,0,0.7193620298609943,1,1,64,15.0,41.63611111111111,0
DSP001678,TXN0398847,M000288,CUS0141933,RuPay,MERCHANDISE_NOT_RECEIVED,Merchandise Not Received,2025-07-20,1499,553,231,2025-08-05,16,contested,won,2025-09-02,4,4,3,1,0.5373333333333333,4,2,0.75,1499,credit_card,2,2148.0,0,120.0,0.2981768915398609,passed,1,1,0,0,delivered,1.0,d2c_brand,d2c_brand,large,physical_delivery,0,0.7193620298609943,1,1,64,16.0,59.22986111111111,1
DSP001679,TXN0398760,M000288,,Mastercard,MERCHANDISE_NOT_AS_DESCRIBED,Merchandise Not As Described,2025-06-15,1399,602,253,2025-06-22,7,contested,lost,2025-07-26,3,3,1,2,0.41733333333333333,3,3,0.3333333333333333,1399,debit_card,0,0.0,0,,0.2430535249691322,passed,0,1,0,0,delivered,0.0,d2c_brand,d2c_brand,large,physical_delivery,0,0.7193620298609943,1,1,64,7.0,61.85486111111111,0
DSP001683,TXN0402665,M000288,,RuPay,MERCHANDISE_NOT_RECEIVED,Merchandise Not Received,2025-02-13,1449,496,250,2025-02-25,12,contested,lost,2025-03-21,5,4,3,1,0.6954166666666667,5,1,0.75,1449,credit_card,0,0.0,0,,0.1444773663685331,passed,1,1,0,1,delivered,1.0,d2c_brand,d2c_brand,large,physical_delivery,0,0.7193620298609943,1,1,64,12.0,13.020833333333334,0
DSP001684,TXN0400323,M000288,CUS0142057,Visa,MERCHANDISE_NOT_AS_DESCRIBED,Merchandise Not As Described,2025-07-21,749,504,226,2025-07-30,9,contested,won,2025-08-20,4,3,3,0,0.6004999999999999,4,2,1.0,749,credit_card,2,2494.0,0,14.0,0.5407878608456018,passed,1,4,0,0,delivered,1.0,d2c_brand,d2c_brand,large,physical_delivery,0,0.7193620298609943,1,1,64,9.0,19.5375,1
DSP001686,TXN0403436,M000289,CUS0145355,Visa,CREDIT_NOT_PROCESSED,Credit Not Processed,2025-05-12,7099,664,221,2025-06-01,20,contested,lost,2025-06-07,1,4,1,3,0.16333333333333333,1,5,0.25,7099,credit_card,4,60042.0,0,4.0,0.1289463838130354,passed,1,1,0,1,,,travel_booking,travel_booking,large,booking_service,0,0.6817939205013498,0,1,118,20.0,24.395833333333332,0
DSP001687,TXN0404905,M000289,,Visa,DUPLICATE_TRANSACTION,Duplicate Transaction,2025-06-15,4549,702,181,2025-06-27,12,contested,lost,2025-07-30,3,2,0,2,0.49,3,3,0.0,4549,credit_card,0,0.0,0,,0.2927926843564458,passed,1,2,0,0,,,travel_booking,travel_booking,large,booking_service,0,0.6817939205013498,0,1,118,12.0,56.22986111111111,0
DSP001689,TXN0403968,M000289,,Visa,SERVICE_NOT_RENDERED,Service Not Rendered,2025-08-08,6599,607,206,2025-08-27,19,contested,won,2025-08-30,5,3,3,0,0.6284166666666667,5,1,1.0,6599,credit_card,0,0.0,0,,0.2340284960924566,passed,1,1,1,0,,,travel_booking,travel_booking,large,booking_service,0,0.6817939205013498,0,1,118,19.0,21.20277777777778,1
DSP001690,TXN0411106,M000289,CUS0146861,Visa,MERCHANDISE_NOT_AS_DESCRIBED,Merchandise Not As Described,2025-04-18,3099,470,193,2025-05-01,13,contested,won,2025-05-19,5,3,3,0,0.7009833333333333,5,1,1.0,3099,credit_card,1,10799.0,0,48.0,0.193267072851189,passed,1,2,0,0,,,travel_booking,travel_booking,large,booking_service,0,0.6817939205013498,0,1,118,13.0,52.47430555555555,1
DSP001691,TXN0408085,M000289,CUS0145810,Mastercard,UNAUTHORIZED_TRANSACTION,Unauthorized Transaction,2025-10-31,6699,618,292,2025-11-20,20,contested,lost,2025-12-14,4,3,2,1,0.6214666666666666,4,2,0.6666666666666666,6699,debit_card,2,11948.0,0,19.0,0.1546747268630416,passed,1,1,1,0,,,travel_booking,travel_booking,large,booking_service,0,0.6817939205013498,0,1,118,20.0,11.77361111111111,0
DSP001693,TXN0406564,M000289,,Mastercard,SERVICE_NOT_RENDERED,Service Not Rendered,2025-11-17,4049,636,229,2025-11-24,7,contested,lost,2025-12-14,4,3,1,2,0.6154833333333333,4,2,0.3333333333333333,4049,credit_card,0,0.0,0,,0.3806511718333231,passed,1,2,0,0,,,travel_booking,travel_booking,large,booking_service,0,0.6817939205013498,0,1,118,7.0,21.647222222222222,0
DSP001694,TXN0408711,M000289,CUS0146437,Visa,SERVICE_NOT_RENDERED,Service Not Rendered,2025-03-27,11899,733,292,2025-04-05,9,contested,won,2025-05-01,6,3,3,0,0.8627833333333333,6,0,1.0,11899,credit_card,0,0.0,0,,0.1665417171507616,passed,1,1,0,0,,,travel_booking,travel_booking,large,booking_service,0,0.6817939205013498,0,1,118,9.0,62.326388888888886,1
DSP001696,TXN0404294,M000289,CUS0144243,Visa,MERCHANDISE_NOT_AS_DESCRIBED,Merchandise Not As Described,2025-10-02,27999,515,167,2025-10-22,20,contested,won,2025-10-29,5,3,3,0,0.7758833333333333,5,1,1.0,27999,debit_card,0,0.0,0,,0.0726165844202077,passed,0,2,0,0,,,travel_booking,travel_booking,large,booking_service,0,0.6817939205013498,0,1,118,20.0,70.09027777777777,1
DSP001697,TXN0407461,M000289,CUS0146713,Mastercard,MERCHANDISE_NOT_AS_DESCRIBED,Merchandise Not As Described,2025-08-30,5099,626,179,2025-09-08,9,contested,lost,2025-09-15,2,3,0,3,0.32043333333333335,2,4,0.0,5099,credit_card,1,7399.0,0,137.0,0.3873245437686018,passed,1,2,0,0,,,travel_booking,travel_booking,large,booking_service,0,0.6817939205013498,0,1,118,9.0,49.09583333333333,0
DSP001698,TXN0408529,M000289,,Visa,CREDIT_NOT_PROCESSED,Credit Not Processed,2025-07-18,7299,425,247,2025-08-04,17,contested,won,2025-08-14,3,4,2,2,0.4417166666666667,3,3,0.5,7299,debit_card,0,0.0,0,,0.4986147128661616,failed,1,1,0,0,,,travel_booking,travel_booking,large,booking_service,0,0.6817939205013498,0,1,118,17.0,65.225,1
DSP001699,TXN0409032,M000289,CUS0145162,Visa,SERVICE_NOT_RENDERED,Service Not Rendered,2025-03-03,32999,598,198,2025-03-13,10,contested,lost,2025-03-29,2,3,1,2,0.29583333333333334,2,4,0.3333333333333333,32999,credit_card,0,0.0,0,,0.1471561323607222,passed,1,1,0,0,,,travel_booking,travel_booking,large,booking_service,0,0.6817939205013498,0,1,118,10.0,9.252777777777778,0
DSP001702,TXN0413623,M000290,CUS0147972,Visa,UNAUTHORIZED_TRANSACTION,Unauthorized Transaction,2025-06-22,2949,750,182,2025-06-29,7,contested,lost,2025-07-20,6,4,4,0,0.9244333333333333,6,0,1.0,2949,debit_card,2,5444.0,0,0.0,0.3136577534872951,passed,1,2,0,0,delivered,0.0,d2c_brand,d2c_brand,large,physical_delivery,0,0.8742818173482428,1,1,107,7.0,7.457638888888889,0
DSP001703,TXN0413015,M000290,CUS0147086,Visa,MERCHANDISE_NOT_RECEIVED,Merchandise Not Received,2025-08-19,3199,505,273,2025-08-30,11,contested,won,2025-09-04,5,4,4,0,0.7976333333333333,5,1,1.0,3199,credit_card,1,2699.0,0,144.0,0.2524411361344814,not_applicable,1,1,0,0,delivered,1.0,d2c_brand,d2c_brand,large,physical_delivery,0,0.8742818173482428,1,1,107,11.0,21.974305555555556,1
DSP001705,TXN0413428,M000290,CUS0147299,Visa,CREDIT_NOT_PROCESSED,Credit Not Processed,2025-04-26,1449,610,247,2025-05-13,17,contested,won,2025-06-08,6,3,3,0,0.9113666666666665,6,0,1.0,1449,credit_card,1,3045.0,0,95.0,0.1205809278832073,passed,1,2,0,0,delivered,0.0,d2c_brand,d2c_brand,large,physical_delivery,0,0.8742818173482428,1,1,107,17.0,13.034722222222221,1
DSP001706,TXN0412535,M000290,,Visa,UNAUTHORIZED_TRANSACTION,Unauthorized Transaction,2025-10-24,6699,692,170,2025-11-14,21,contested,won,2025-11-22,6,4,4,0,0.9456833333333333,6,0,1.0,6699,credit_card,0,0.0,0,,0.3700276679200697,passed,0,2,0,0,rto,0.0,d2c_brand,d2c_brand,large,physical_delivery,0,0.8742818173482428,1,1,107,21.0,55.863194444444446,1
DSP001708,TXN0413138,M000290,,RuPay,MERCHANDISE_NOT_AS_DESCRIBED,Merchandise Not As Described,2025-07-16,219,420,164,2025-08-02,17,contested,won,2025-08-24,5,3,3,0,0.8166666666666668,5,1,1.0,219,credit_card,0,0.0,0,,0.1475260395859165,passed,1,1,0,0,rto,0.0,d2c_brand,d2c_brand,large,physical_delivery,0,0.8742818173482428,1,1,107,17.0,66.76666666666667,1
DSP001709,TXN0412013,M000290,CUS0149526,RuPay,MERCHANDISE_NOT_RECEIVED,Merchandise Not Received,2025-12-26,1899,402,259,2026-01-07,12,contested,won,2026-02-07,5,4,4,0,0.8166666666666668,5,1,1.0,1899,credit_card,2,5244.0,0,175.0,0.3918387850469716,passed,0,1,0,0,delivered,1.0,d2c_brand,d2c_brand,large,physical_delivery,0,0.8742818173482428,1,1,107,12.0,49.142361111111114,1
DSP001712,TXN0415823,M000290,CUS0149751,Visa,CREDIT_NOT_PROCESSED,Credit Not Processed,2025-08-14,10399,528,204,2025-08-30,16,contested,lost,2025-09-24,6,3,3,0,0.8941499999999999,6,0,1.0,10399,credit_card,0,0.0,0,,0.4310660550163093,passed,0,1,0,0,lost,0.0,d2c_brand,d2c_brand,large,physical_delivery,0,0.8742818173482428,1,1,107,16.0,25.22013888888889,0
DSP001713,TXN0412720,M000290,CUS0148256,Visa,MERCHANDISE_NOT_AS_DESCRIBED,Merchandise Not As Described,2025-04-12,4499,647,257,2025-04-20,8,contested,won,2025-04-30,6,3,3,0,0.8801666666666667,6,0,1.0,4499,debit_card,0,0.0,0,,0.2981187748620408,passed,1,1,0,0,delivered,1.0,d2c_brand,d2c_brand,large,physical_delivery,0,0.8742818173482428,1,1,107,8.0,60.47569444444444,1
DSP001714,TXN0412124,M000290,CUS0147929,Visa,MERCHANDISE_NOT_AS_DESCRIBED,Merchandise Not As Described,2025-05-20,2899,533,284,2025-06-06,17,contested,lost,2025-07-03,4,3,2,1,0.6533333333333333,4,2,0.6666666666666666,2899,credit_card,0,0.0,0,,0.2199033585774464,passed,1,1,0,0,delivered,1.0,d2c_brand,d2c_brand,large,physical_delivery,0,0.8742818173482428,1,1,107,17.0,27.615972222222222,0
DSP001715,TXN0415884,M000290,CUS0149715,Visa,UNAUTHORIZED_TRANSACTION,Unauthorized Transaction,2025-12-02,2599,453,284,2025-12-22,20,contested,lost,2026-01-05,6,4,4,0,0.9401833333333333,6,0,1.0,2599,debit_card,1,1199.0,0,210.0,0.2426154144198738,passed,1,1,0,0,delivered,1.0,d2c_brand,d2c_brand,large,physical_delivery,0,0.8742818173482428,1,1,107,20.0,29.575694444444444,0
DSP001716,TXN0416434,M000290,,Visa,MERCHANDISE_NOT_RECEIVED,Merchandise Not Received,2026-01-19,2549,621,211,2026-02-09,21,contested,won,2026-02-10,6,4,4,0,0.8987666666666666,6,0,1.0,2549,debit_card,0,0.0,0,,0.6042448848894657,passed,1,1,0,0,delivered,1.0,d2c_brand,d2c_brand,large,physical_delivery,0,0.8742818173482428,1,1,107,21.0,21.788194444444443,1
DSP001717,TXN0414017,M000290,CUS0149671,Visa,MERCHANDISE_NOT_AS_DESCRIBED,Merchandise Not As Described,2025-03-15,4099,441,285,2025-04-01,17,contested,lost,2025-03-29,5,3,2,1,0.7582833333333333,5,1,0.6666666666666666,4099,debit_card,0,0.0,0,,0.171410886514844,not_applicable,1,1,0,0,delivered,1.0,d2c_brand,d2c_brand,large,physical_delivery,0,0.8742818173482428,1,1,107,17.0,67.60763888888889,0
DSP001720,TXN0418180,M000290,CUS0148670,Visa,MERCHANDISE_NOT_AS_DESCRIBED,Merchandise Not As Described,2025-08-26,699,433,286,2025-09-04,9,contested,lost,2025-09-12,5,3,3,0,0.7887,5,1,1.0,699,credit_card,0,0.0,0,,0.3058144967112828,passed,1,2,0,0,delivered,1.0,d2c_brand,d2c_brand,large,physical_delivery,0,0.8742818173482428,1,1,107,9.0,51.55972222222222,0
DSP001722,TXN0413075,M000290,,Mastercard,MERCHANDISE_NOT_AS_DESCRIBED,Merchandise Not As Described,2025-09-03,1495,424,209,2025-09-18,15,contested,lost,2025-09-25,6,3,3,0,0.9151333333333334,6,0,1.0,1495,debit_card,0,0.0,0,,0.1439636757902668,passed,1,2,0,0,delivered,1.0,d2c_brand,d2c_brand,large,physical_delivery,0,0.8742818173482428,1,1,107,15.0,65.36180555555555,0
DSP001723,TXN0411354,M000290,CUS0147486,Visa,MERCHANDISE_NOT_AS_DESCRIBED,Merchandise Not As Described,2025-03-13,545,662,298,2025-03-27,14,contested,won,2025-04-26,5,3,3,0,0.8001333333333333,5,1,1.0,545,debit_card,0,0.0,0,,0.4379213268849963,passed,0,1,0,0,delivered,1.0,d2c_brand,d2c_brand,large,physical_delivery,0,0.8742818173482428,1,1,107,14.0,66.53819444444444,1
DSP001725,TXN0412651,M000290,CUS0147564,Visa,MERCHANDISE_NOT_RECEIVED,Merchandise Not Received,2025-06-16,999,408,210,2025-07-04,18,contested,won,2025-06-30,6,4,4,0,0.9471166666666666,6,0,1.0,999,credit_card,2,5198.0,0,83.0,0.3042588977212886,passed,1,1,0,0,in_transit,0.0,d2c_brand,d2c_brand,large,physical_delivery,0,0.8742818173482428,1,1,107,18.0,45.80138888888889,1
DSP001727,TXN0417487,M000290,CUS0149689,Visa,UNAUTHORIZED_TRANSACTION,Unauthorized Transaction,2025-12-16,2045,602,286,2026-01-02,17,contested,lost,2026-01-24,6,4,4,0,0.98,6,0,1.0,2045,credit_card,1,1299.0,0,176.0,0.2619640474869162,passed,1,1,1,0,delivered,1.0,d2c_brand,d2c_brand,large,physical_delivery,0,0.8742818173482428,1,1,107,17.0,62.94027777777778,0
DSP001728,TXN0411594,M000290,CUS0147323,Mastercard,MERCHANDISE_NOT_AS_DESCRIBED,Merchandise Not As Described,2025-04-11,549,475,248,2025-04-18,7,contested,lost,2025-05-14,5,3,2,1,0.7409166666666667,5,1,0.6666666666666666,549,credit_card,0,0.0,0,,0.253306850593142,passed,1,1,0,0,delivered,1.0,d2c_brand,d2c_brand,large,physical_delivery,0,0.8742818173482428,1,1,107,7.0,74.11111111111111,0
DSP001729,TXN0424129,M000291,CUS0149996,Visa,CREDIT_NOT_PROCESSED,Credit Not Processed,2026-01-06,2199,611,192,2026-01-24,18,contested,lost,2026-02-15,5,3,2,1,0.7126333333333333,5,1,0.6666666666666666,2199,debit_card,0,0.0,0,,0.3572461201208067,passed,1,3,0,0,in_transit,0.0,d2c_brand,d2c_brand,large,physical_delivery,0,0.7862152715275877,1,1,10,18.0,20.5125,0
DSP001730,TXN0425619,M000291,CUS0151965,Mastercard,MERCHANDISE_NOT_RECEIVED,Merchandise Not Received,2025-02-04,4749,648,241,2025-02-23,19,contested,won,2025-03-14,5,4,4,0,0.7491499999999999,5,1,1.0,4749,debit_card,0,0.0,0,,0.1710116363248894,passed,1,2,0,0,in_transit,0.0,d2c_brand,d2c_brand,large,physical_delivery,0,0.7862152715275877,1,1,10,19.0,25.208333333333332,1
DSP001731,TXN0423710,M000291,,Mastercard,MERCHANDISE_NOT_AS_DESCRIBED,Merchandise Not As Described,2025-11-14,8599,445,197,2025-11-23,9,contested,lost,2025-12-18,4,3,2,1,0.6102833333333333,4,2,0.6666666666666666,8599,debit_card,0,0.0,0,,0.195860698173373,passed,1,2,0,1,delivered,1.0,d2c_brand,d2c_brand,large,physical_delivery,0,0.7862152715275877,1,1,10,9.0,8.84375,0
DSP001733,TXN0420709,M000291,,Visa,MERCHANDISE_NOT_RECEIVED,Merchandise Not Received,2025-09-22,999,490,257,2025-10-10,18,contested,lost,2025-10-10,5,4,3,1,0.71615,5,1,0.75,999,credit_card,0,0.0,0,,0.2230572555430076,not_applicable,1,1,0,0,delivered,0.0,d2c_brand,d2c_brand,large,physical_delivery,0,0.7862152715275877,1,1,10,18.0,12.67986111111111,0
DSP001735,TXN0423172,M000291,CUS0150566,Mastercard,MERCHANDISE_NOT_RECEIVED,Merchandise Not Received,2025-10-17,2845,457,195,2025-10-26,9,contested,won,2025-11-17,6,4,4,0,0.9695999999999999,6,0,1.0,2845,debit_card,1,1149.0,0,84.0,0.108281602962876,passed,0,1,0,0,delivered,1.0,d2c_brand,d2c_brand,large,physical_delivery,0,0.7862152715275877,1,1,10,9.0,23.556944444444444,1
DSP001737,TXN0419541,M000291,CUS0149792,Visa,DUPLICATE_TRANSACTION,Duplicate Transaction,2025-07-05,1099,477,255,2025-07-23,18,contested,won,2025-08-14,5,2,2,0,0.7854166666666668,5,1,1.0,1099,credit_card,1,1449.0,0,93.0,0.0543193239181521,not_applicable,1,1,0,0,delivered,0.0,d2c_brand,d2c_brand,large,physical_delivery,0,0.7862152715275877,1,1,10,18.0,13.9625,1
DSP001738,TXN0419802,M000291,CUS0152639,Visa,MERCHANDISE_NOT_RECEIVED,Merchandise Not Received,2025-07-10,949,689,233,2025-07-19,9,contested,won,2025-08-23,5,4,4,0,0.6616166666666666,5,1,1.0,949,debit_card,0,0.0,0,,0.3473327970720449,passed,1,2,0,0,delivered,1.0,d2c_brand,d2c_brand,large,physical_delivery,0,0.7862152715275877,1,1,10,9.0,11.066666666666666,1
DSP001739,TXN0421680,M000291,CUS0152051,Visa,MERCHANDISE_NOT_RECEIVED,Merchandise Not Received,2025-07-06,2245,698,280,2025-07-26,20,contested,won,2025-07-27,5,4,4,0,0.7475333333333333,5,1,1.0,2245,debit_card,2,5598.0,0,41.0,0.4483662996120944,passed,1,2,0,0,delivered,1.0,d2c_brand,d2c_brand,large,physical_delivery,0,0.7862152715275877,1,1,10,20.0,23.415972222222223,1
DSP001740,TXN0424138,M000291,,Mastercard,DUPLICATE_TRANSACTION,Duplicate Transaction,2025-04-13,1699,410,224,2025-05-04,21,contested,won,2025-05-03,5,2,2,0,0.7723333333333334,5,1,1.0,1699,debit_card,0,0.0,0,,0.0537146312327184,passed,1,1,0,0,delivered,1.0,d2c_brand,d2c_brand,large,physical_delivery,0,0.7862152715275877,1,1,10,21.0,14.555555555555555,1
DSP001741,TXN0427237,M000291,,Mastercard,MERCHANDISE_NOT_AS_DESCRIBED,Merchandise Not As Described,2025-02-20,7099,527,196,2025-03-06,14,contested,won,2025-03-08,5,3,3,0,0.7276833333333333,5,1,1.0,7099,debit_card,0,0.0,0,,0.0878558542614752,passed,1,2,0,0,delivered,1.0,d2c_brand,d2c_brand,large,physical_delivery,0,0.7862152715275877,1,1,10,14.0,35.65833333333333,1
DSP001743,TXN0427405,M000291,CUS0152204,Visa,CREDIT_NOT_PROCESSED,Credit Not Processed,2025-11-13,899,636,212,2025-12-03,20,contested,won,2025-12-15,5,3,3,0,0.7719166666666667,5,1,1.0,899,credit_card,1,2399.0,0,241.0,0.5075612906051785,passed,1,1,0,0,delivered,1.0,d2c_brand,d2c_brand,large,physical_delivery,0,0.7862152715275877,1,1,10,20.0,27.669444444444444,1
DSP001745,TXN0432479,M000292,CUS0155251,Visa,MERCHANDISE_NOT_AS_DESCRIBED,Merchandise Not As Described,2025-05-16,1095,712,279,2025-05-31,15,contested,won,2025-06-21,6,3,3,0,0.90745,6,0,1.0,1095,credit_card,0,0.0,0,,0.0945485726733022,passed,1,1,0,0,delivered,1.0,d2c_brand,d2c_brand,large,physical_delivery,0,0.8917415051943869,1,1,81,15.0,35.889583333333334,1
DSP001746,TXN0434317,M000292,CUS0152953,RuPay,MERCHANDISE_NOT_RECEIVED,Merchandise Not Received,2025-02-25,1199,692,206,2025-03-11,14,contested,won,2025-03-19,6,4,4,0,0.9602666666666666,6,0,1.0,1199,credit_card,0,0.0,0,,0.1027831785589649,passed,1,2,0,0,delivered,0.0,d2c_brand,d2c_brand,large,physical_delivery,0,0.8917415051943869,1,1,81,14.0,14.817361111111111,1
DSP001747,TXN0434714,M000292,,RuPay,UNAUTHORIZED_TRANSACTION,Unauthorized Transaction,2025-05-28,305,601,182,2025-06-04,7,contested,lost,2025-06-11,4,4,3,1,0.6505166666666666,4,2,0.75,305,credit_card,0,0.0,0,,0.1147984921925612,passed,1,1,0,1,delivered,1.0,d2c_brand,d2c_brand,large,physical_delivery,0,0.8917415051943869,1,1,81,7.0,23.413888888888888,0
DSP001748,TXN0430824,M000292,,Visa,UNAUTHORIZED_TRANSACTION,Unauthorized Transaction,2025-12-08,2195,537,258,2025-12-17,9,contested,won,2026-01-07,5,4,4,0,0.7915666666666666,5,1,1.0,2195,debit_card,0,0.0,0,,0.2685819802788353,passed,1,2,0,0,in_transit,0.0,d2c_brand,d2c_brand,large,physical_delivery,0,0.8917415051943869,1,1,81,9.0,59.95,1
DSP001749,TXN0428775,M000292,,RuPay,UNAUTHORIZED_TRANSACTION,Unauthorized Transaction,2025-06-28,899,467,287,2025-07-19,21,contested,lost,2025-08-10,5,4,3,1,0.74655,5,1,0.75,899,debit_card,0,0.0,0,,0.2703662358035553,passed,1,1,0,0,delivered,1.0,d2c_brand,d2c_brand,large,physical_delivery,0,0.8917415051943869,1,1,81,21.0,58.87361111111111,0
DSP001750,TXN0428857,M000292,CUS0154886,Visa,MERCHANDISE_NOT_AS_DESCRIBED,Merchandise Not As Described,2026-03-09,595,693,171,2026-03-25,16,contested,won,2026-04-22,5,3,3,0,0.7613333333333333,5,1,1.0,595,credit_card,2,4444.0,0,79.0,0.2386736681464283,passed,1,1,1,0,delivered,1.0,d2c_brand,d2c_brand,large,physical_delivery,0,0.8917415051943869,1,1,81,16.0,69.15625,1
DSP001752,TXN0435298,M000292,CUS0154487,Visa,MERCHANDISE_NOT_AS_DESCRIBED,Merchandise Not As Described,2025-09-11,549,480,284,2025-09-22,11,contested,lost,2025-10-12,3,3,2,1,0.4721166666666667,3,3,0.6666666666666666,549,credit_card,2,2894.0,0,11.0,0.1661258793669788,passed,1,1,0,0,delivered,0.0,d2c_brand,d2c_brand,large,physical_delivery,0,0.8917415051943869,1,1,81,11.0,56.45763888888889,0
DSP001754,TXN0428731,M000292,CUS0153129,Visa,MERCHANDISE_NOT_RECEIVED,Merchandise Not Received,2026-01-28,1095,521,207,2026-02-14,17,contested,won,2026-02-17,6,4,4,0,0.98,6,0,1.0,1095,credit_card,0,0.0,0,,0.0121473376337409,passed,1,1,0,0,delivered,1.0,d2c_brand,d2c_brand,large,physical_delivery,0,0.8917415051943869,1,1,81,17.0,42.38055555555555,1
DSP001756,TXN0429839,M000292,,Visa,MERCHANDISE_NOT_RECEIVED,Merchandise Not Received,2026-02-12,359,683,196,2026-03-03,19,contested,won,2026-03-21,4,4,3,1,0.6533333333333333,4,2,0.75,359,credit_card,0,0.0,0,,0.1329258895629682,passed,1,1,0,0,delivered,1.0,d2c_brand,d2c_brand,large,physical_delivery,0,0.8917415051943869,1,1,81,19.0,71.96319444444444,1
DSP001758,TXN0428405,M000292,CUS0154391,Visa,MERCHANDISE_NOT_AS_DESCRIBED,Merchandise Not As Described,2025-12-29,2695,433,266,2026-01-05,7,contested,won,2026-01-13,5,3,2,1,0.7907666666666667,5,1,0.6666666666666666,2695,credit_card,2,2048.0,0,61.0,0.1144366709116587,passed,1,1,0,1,delivered,0.0,d2c_brand,d2c_brand,large,physical_delivery,0,0.8917415051943869,1,1,81,7.0,63.139583333333334,1
DSP001760,TXN0434514,M000292,,Visa,UNAUTHORIZED_TRANSACTION,Unauthorized Transaction,2026-01-26,1449,403,288,2026-02-10,15,contested,won,2026-02-23,5,4,4,0,0.7772333333333333,5,1,1.0,1449,debit_card,0,0.0,0,,0.257012392985921,passed,1,1,0,0,in_transit,0.0,d2c_brand,d2c_brand,large,physical_delivery,0,0.8917415051943869,1,1,81,15.0,27.602777777777778,1
DSP001762,TXN0436562,M000293,CUS0157317,RuPay,MERCHANDISE_NOT_AS_DESCRIBED,Merchandise Not As Described,2025-08-23,2149,554,219,2025-09-11,19,contested,lost,2025-09-14,6,3,3,0,0.9173666666666667,6,0,1.0,2149,credit_card,0,0.0,0,,0.3861320559553191,passed,1,3,0,0,delivered,1.0,marketplace_retailer,marketplace_retailer,large,physical_delivery,0,0.8803529733393862,1,1,109,19.0,71.36180555555555,0
DSP001765,TXN0438164,M000293,CUS0156237,Mastercard,CREDIT_NOT_PROCESSED,Credit Not Processed,2025-12-14,259,645,214,2025-12-30,16,contested,won,2026-01-22,6,3,3,0,0.9673333333333334,6,0,1.0,259,debit_card,1,1649.0,0,245.0,0.0591553335784252,passed,1,1,0,1,delivered,1.0,marketplace_retailer,marketplace_retailer,large,physical_delivery,0,0.8803529733393862,1,1,109,16.0,58.86527777777778,1
DSP001768,TXN0440532,M000293,,Mastercard,MERCHANDISE_NOT_AS_DESCRIBED,Merchandise Not As Described,2025-06-17,599,494,170,2025-06-24,7,contested,won,2025-07-09,6,3,3,0,0.98,6,0,1.0,599,debit_card,0,0.0,0,,0.297502489326945,passed,1,1,0,0,delivered,0.0,marketplace_retailer,marketplace_retailer,large,physical_delivery,0,0.8803529733393862,1,1,109,7.0,65.50208333333333,1
DSP001770,TXN0442926,M000293,CUS0158164,Visa,MERCHANDISE_NOT_AS_DESCRIBED,Merchandise Not As Described,2025-07-04,2549,431,186,2025-07-17,13,contested,won,2025-08-05,6,3,3,0,0.9785666666666666,6,0,1.0,2549,debit_card,2,2844.0,0,122.0,0.2895991750304474,passed,1,2,0,0,delivered,1.0,marketplace_retailer,marketplace_retailer,large,physical_delivery,0,0.8803529733393862,1,1,109,13.0,25.883333333333333,1
DSP001774,TXN0437776,M000293,CUS0156536,Visa,DUPLICATE_TRANSACTION,Duplicate Transaction,2025-04-27,4549,704,300,2025-05-05,8,contested,won,2025-05-22,4,2,1,1,0.6189666666666667,4,2,0.5,4549,credit_card,0,0.0,0,,0.0877738508289159,passed,1,1,1,0,delivered,1.0,marketplace_retailer,marketplace_retailer,large,physical_delivery,0,0.8803529733393862,1,1,109,8.0,69.86666666666666,1
DSP001775,TXN0440130,M000293,CUS0155988,Visa,MERCHANDISE_NOT_RECEIVED,Merchandise Not Received,2025-08-03,2699,400,225,2025-08-14,11,contested,won,2025-09-08,6,4,4,0,0.9588166666666668,6,0,1.0,2699,debit_card,1,2499.0,0,56.0,0.2306104553118405,passed,1,1,0,0,delivered,0.0,marketplace_retailer,marketplace_retailer,large,physical_delivery,0,0.8803529733393862,1,1,109,11.0,24.410416666666666,1
DSP001776,TXN0441088,M000293,CUS0156315,Visa,MERCHANDISE_NOT_RECEIVED,Merchandise Not Received,2025-11-02,899,605,183,2025-11-21,19,contested,won,2025-11-24,5,4,3,1,0.8001333333333333,5,1,0.75,899,debit_card,0,0.0,0,,0.3309135829417122,passed,1,3,0,0,delivered,1.0,marketplace_retailer,marketplace_retailer,large,physical_delivery,0,0.8803529733393862,1,1,109,19.0,42.21944444444444,1
DSP001778,TXN0437925,M000293,,Visa,MERCHANDISE_NOT_AS_DESCRIBED,Merchandise Not As Described,2026-01-27,489,621,253,2026-02-04,8,contested,won,2026-02-23,5,3,3,0,0.7739333333333334,5,1,1.0,489,credit_card,0,0.0,0,,0.070810812558999,passed,1,1,0,0,delivered,1.0,marketplace_retailer,marketplace_retailer,large,physical_delivery,0,0.8803529733393862,1,1,109,8.0,60.44375,1
DSP001779,TXN0439277,M000293,CUS0156674,Mastercard,MERCHANDISE_NOT_AS_DESCRIBED,Merchandise Not As Described,2025-06-25,10199,607,181,2025-07-03,8,contested,lost,2025-08-06,5,3,3,0,0.8038166666666666,5,1,1.0,10199,debit_card,1,6299.0,0,41.0,0.0420727406204446,passed,1,3,0,0,delivered,1.0,marketplace_retailer,marketplace_retailer,large,physical_delivery,0,0.8803529733393862,1,1,109,8.0,60.864583333333336,0
DSP001780,TXN0442416,M000293,,Mastercard,MERCHANDISE_NOT_AS_DESCRIBED,Merchandise Not As Described,2025-12-04,1049,536,270,2025-12-24,20,contested,won,2026-01-12,4,3,2,1,0.63795,4,2,0.6666666666666666,1049,credit_card,0,0.0,0,,0.1826983016316368,passed,1,1,0,0,delivered,1.0,marketplace_retailer,marketplace_retailer,large,physical_delivery,0,0.8803529733393862,1,1,109,20.0,7.019444444444445,1
DSP001782,TXN0439941,M000293,CUS0158360,RuPay,MERCHANDISE_NOT_AS_DESCRIBED,Merchandise Not As Described,2025-05-21,2799,568,167,2025-06-10,20,contested,lost,2025-07-03,5,3,2,1,0.76545,5,1,0.6666666666666666,2799,credit_card,0,0.0,0,,0.1330729118427204,passed,1,3,0,0,delivered,1.0,marketplace_retailer,marketplace_retailer,large,physical_delivery,0,0.8803529733393862,1,1,109,20.0,41.50208333333333,0
DSP001784,TXN0438712,M000293,CUS0156664,Mastercard,CREDIT_NOT_PROCESSED,Credit Not Processed,2025-06-21,239,662,264,2025-07-01,10,contested,won,2025-07-15,5,3,3,0,0.78415,5,1,1.0,239,debit_card,1,2295.0,0,2.0,0.1991382926423434,passed,1,5,0,0,delivered,0.0,marketplace_retailer,marketplace_retailer,large,physical_delivery,0,0.8803529733393862,1,1,109,10.0,42.94583333333333,1
DSP001785,TXN0443133,M000293,,RuPay,UNAUTHORIZED_TRANSACTION,Unauthorized Transaction,2025-07-11,999,440,297,2025-07-24,13,contested,won,2025-08-18,6,4,4,0,0.9291499999999999,6,0,1.0,999,credit_card,0,0.0,0,,0.4292963866320791,passed,1,1,0,0,delivered,1.0,marketplace_retailer,marketplace_retailer,large,physical_delivery,0,0.8803529733393862,1,1,109,13.0,69.6451388888889,1
DSP001786,TXN0442608,M000293,CUS0157347,RuPay,MERCHANDISE_NOT_AS_DESCRIBED,Merchandise Not As Described,2025-05-10,6195,575,170,2025-05-31,21,contested,won,2025-06-03,6,3,3,0,0.9633833333333333,6,0,1.0,6195,debit_card,0,0.0,0,,0.1935435650757287,passed,1,1,0,0,delivered,0.0,marketplace_retailer,marketplace_retailer,large,physical_delivery,0,0.8803529733393862,1,1,109,21.0,13.358333333333333,1
DSP001788,TXN0437715,M000293,CUS0157818,Mastercard,MERCHANDISE_NOT_RECEIVED,Merchandise Not Received,2025-12-03,5299,666,220,2025-12-23,20,contested,lost,2025-12-20,6,4,4,0,0.9671666666666666,6,0,1.0,5299,debit_card,2,3694.0,0,41.0,0.3970607506403935,passed,1,1,0,0,in_transit,0.0,marketplace_retailer,marketplace_retailer,large,physical_delivery,0,0.8803529733393862,1,1,109,20.0,34.077777777777776,0
DSP001789,TXN0451260,M000294,CUS0160859,Visa,MERCHANDISE_NOT_AS_DESCRIBED,Merchandise Not As Described,2026-02-14,5299,557,175,2026-03-01,15,contested,lost,2026-03-29,5,3,2,1,0.8114833333333333,5,1,0.6666666666666666,5299,credit_card,3,5643.0,0,272.0,0.3071412367083839,passed,1,1,0,0,delivered,1.0,marketplace_retailer,marketplace_retailer,large,physical_delivery,0,0.97,1,1,110,15.0,48.50763888888889,0
DSP001790,TXN0446110,M000294,CUS0159550,Visa,CREDIT_NOT_PROCESSED,Credit Not Processed,2026-01-20,1049,459,242,2026-02-03,14,contested,won,2026-03-04,6,3,3,0,0.95405,6,0,1.0,1049,credit_card,3,2247.0,0,188.0,0.3370930469963818,passed,0,1,1,0,delivered,1.0,marketplace_retailer,marketplace_retailer,large,physical_delivery,0,0.97,1,1,110,14.0,35.020833333333336,1
DSP001792,TXN0445096,M000294,CUS0161221,Visa,UNAUTHORIZED_TRANSACTION,Unauthorized Transaction,2025-11-04,3049,570,281,2025-11-15,11,contested,won,2025-11-18,6,4,4,0,0.9381499999999999,6,0,1.0,3049,debit_card,3,5147.0,0,69.0,0.2689044144054556,passed,1,1,0,0,lost,0.0,marketplace_retailer,marketplace_retailer,large,physical_delivery,0,0.97,1,1,110,11.0,13.036111111111111,1
DSP001794,TXN0447838,M000294,,Visa,UNAUTHORIZED_TRANSACTION,Unauthorized Transaction,2025-06-12,4095,509,245,2025-07-03,21,contested,lost,2025-07-11,6,4,4,0,0.9550333333333333,6,0,1.0,4095,debit_card,0,0.0,0,,0.2328214740064562,not_applicable,1,1,0,0,delivered,0.0,marketplace_retailer,marketplace_retailer,large,physical_delivery,0,0.97,1,1,110,21.0,33.575694444444444,0
DSP001795,TXN0448885,M000294,CUS0159756,Mastercard,MERCHANDISE_NOT_AS_DESCRIBED,Merchandise Not As Described,2025-04-03,53999,528,261,2025-04-20,17,contested,lost,2025-05-16,5,3,2,1,0.8049833333333334,5,1,0.6666666666666666,53999,credit_card,0,0.0,0,,0.1794491035379058,failed,1,1,0,0,delivered,1.0,marketplace_retailer,marketplace_retailer,large,physical_delivery,0,0.97,1,1,110,17.0,52.50625,0
DSP001796,TXN0449477,M000294,,Mastercard,MERCHANDISE_NOT_RECEIVED,Merchandise Not Received,2025-07-16,1199,730,225,2025-07-31,15,contested,won,2025-08-17,6,4,4,0,0.9782833333333333,6,0,1.0,1199,credit_card,0,0.0,0,,0.5218796354262304,passed,1,1,0,1,delivered,1.0,marketplace_retailer,marketplace_retailer,large,physical_delivery,0,0.97,1,1,110,15.0,16.742361111111112,1
DSP001797,TXN0446190,M000294,,Visa,UNAUTHORIZED_TRANSACTION,Unauthorized Transaction,2025-08-22,749,704,241,2025-09-06,15,contested,lost,2025-09-07,6,4,4,0,0.98,6,0,1.0,749,credit_card,0,0.0,0,,0.1011066215588539,passed,1,4,1,0,delivered,1.0,marketplace_retailer,marketplace_retailer,large,physical_delivery,0,0.97,1,1,110,15.0,17.19375,0
DSP001799,TXN0445509,M000294,CUS0161035,Visa,MERCHANDISE_NOT_RECEIVED,Merchandise Not Received,2025-09-05,3299,553,152,2025-09-13,8,contested,lost,2025-10-08,5,4,3,1,0.7984833333333333,5,1,0.75,3299,credit_card,1,1149.0,0,40.0,0.1306226241534884,passed,1,3,0,0,delivered,0.0,marketplace_retailer,marketplace_retailer,large,physical_delivery,0,0.97,1,1,110,8.0,20.491666666666667,0
DSP001800,TXN0445422,M000294,,Visa,UNAUTHORIZED_TRANSACTION,Unauthorized Transaction,2025-02-10,2499,488,267,2025-02-19,9,contested,lost,2025-03-13,6,4,4,0,0.9549166666666666,6,0,1.0,2499,debit_card,0,0.0,0,,0.2493306274459466,passed,0,1,0,0,delivered,1.0,marketplace_retailer,marketplace_retailer,large,physical_delivery,0,0.97,1,1,110,9.0,17.78263888888889,0
DSP001801,TXN0445562,M000294,CUS0159692,Visa,MERCHANDISE_NOT_AS_DESCRIBED,Merchandise Not As Described,2025-08-17,2249,691,165,2025-09-03,17,contested,won,2025-09-24,6,3,3,0,0.9664166666666666,6,0,1.0,2249,credit_card,0,0.0,0,,0.1423384913920604,passed,1,3,0,0,delivered,0.0,marketplace_retailer,marketplace_retailer,large,physical_delivery,0,0.97,1,1,110,17.0,12.38125,1
DSP001802,TXN0450863,M000294,,Visa,MERCHANDISE_NOT_RECEIVED,Merchandise Not Received,2025-08-06,3849,570,207,2025-08-13,7,contested,won,2025-08-24,6,4,4,0,0.97795,6,0,1.0,3849,credit_card,0,0.0,0,,0.5236982648936054,passed,1,2,0,0,delivered,0.0,marketplace_retailer,marketplace_retailer,large,physical_delivery,0,0.97,1,1,110,7.0,62.489583333333336,1
DSP001804,TXN0443590,M000294,,Visa,MERCHANDISE_NOT_AS_DESCRIBED,Merchandise Not As Described,2025-08-30,1649,590,174,2025-09-11,12,contested,won,2025-10-11,6,3,3,0,0.9712333333333333,6,0,1.0,1649,credit_card,0,0.0,0,,0.1391883238676385,passed,1,3,0,1,delivered,1.0,marketplace_retailer,marketplace_retailer,large,physical_delivery,0,0.97,1,1,110,12.0,55.09930555555555,1
DSP001805,TXN0445923,M000294,,Visa,CREDIT_NOT_PROCESSED,Credit Not Processed,2025-06-08,4899,535,173,2025-06-20,12,contested,lost,2025-07-10,5,3,2,1,0.7987333333333333,5,1,0.6666666666666666,4899,debit_card,0,0.0,0,,0.4719840306168009,passed,1,1,0,0,delivered,1.0,marketplace_retailer,marketplace_retailer,large,physical_delivery,0,0.97,1,1,110,12.0,70.92291666666667,0
DSP001806,TXN0447384,M000294,,RuPay,MERCHANDISE_NOT_RECEIVED,Merchandise Not Received,2025-12-07,2595,604,201,2025-12-25,18,contested,lost,2025-12-27,5,4,3,1,0.7973166666666667,5,1,0.75,2595,credit_card,0,0.0,0,,0.5827930783745496,passed,1,4,0,0,delivered,1.0,marketplace_retailer,marketplace_retailer,large,physical_delivery,0,0.97,1,1,110,18.0,14.81875,0
DSP001807,TXN0445006,M000294,CUS0160106,RuPay,MERCHANDISE_NOT_RECEIVED,Merchandise Not Received,2025-08-06,2099,658,253,2025-08-18,12,contested,won,2025-09-11,6,4,4,0,0.9575,6,0,1.0,2099,debit_card,0,0.0,0,,0.055733898052077,passed,1,1,0,0,delivered,1.0,marketplace_retailer,marketplace_retailer,large,physical_delivery,0,0.97,1,1,110,12.0,35.27152777777778,1
DSP001808,TXN0450663,M000294,CUS0158999,Visa,CREDIT_NOT_PROCESSED,Credit Not Processed,2025-06-30,799,713,208,2025-07-10,10,contested,won,2025-08-01,5,3,3,0,0.8057333333333333,5,1,1.0,799,credit_card,0,0.0,0,,0.1003993502441884,not_applicable,1,1,0,0,delivered,1.0,marketplace_retailer,marketplace_retailer,large,physical_delivery,0,0.97,1,1,110,10.0,67.80069444444445,1
DSP001810,TXN0445456,M000294,CUS0158722,Mastercard,MERCHANDISE_NOT_AS_DESCRIBED,Merchandise Not As Described,2025-06-29,7499,435,294,2025-07-20,21,contested,won,2025-08-09,6,3,3,0,0.98,6,0,1.0,7499,credit_card,1,275.0,0,105.0,0.0853973955118605,passed,1,2,0,0,delivered,0.0,marketplace_retailer,marketplace_retailer,large,physical_delivery,0,0.97,1,1,110,21.0,18.111805555555556,1
DSP001811,TXN0446416,M000294,CUS0161059,Visa,MERCHANDISE_NOT_RECEIVED,Merchandise Not Received,2026-01-08,4199,423,288,2026-01-23,15,contested,lost,2026-02-13,4,4,4,0,0.6521833333333333,4,2,1.0,4199,debit_card,1,899.0,0,259.0,0.2108380537778459,passed,1,1,0,0,delivered,0.0,marketplace_retailer,marketplace_retailer,large,physical_delivery,0,0.97,1,1,110,15.0,25.43402777777778,0
DSP001814,TXN0449273,M000294,CUS0161252,Visa,CREDIT_NOT_PROCESSED,Credit Not Processed,2025-10-23,999,540,166,2025-11-02,10,contested,lost,2025-11-18,5,3,2,1,0.7920833333333333,5,1,0.6666666666666666,999,debit_card,2,7748.0,0,31.0,0.2531365818908626,passed,1,1,0,0,in_transit,0.0,marketplace_retailer,marketplace_retailer,large,physical_delivery,0,0.97,1,1,110,10.0,53.63055555555555,0
DSP001816,TXN0448676,M000294,,Visa,MERCHANDISE_NOT_RECEIVED,Merchandise Not Received,2025-07-26,2849,579,207,2025-08-16,21,contested,won,2025-08-22,5,4,3,1,0.79815,5,1,0.75,2849,debit_card,0,0.0,0,,0.13661676867738,passed,1,1,0,0,delivered,0.0,marketplace_retailer,marketplace_retailer,large,physical_delivery,0,0.97,1,1,110,21.0,68.2701388888889,1
DSP001817,TXN0449865,M000294,CUS0158443,Visa,MERCHANDISE_NOT_RECEIVED,Merchandise Not Received,2025-04-29,6199,546,183,2025-05-19,20,contested,won,2025-06-03,6,4,4,0,0.9555666666666666,6,0,1.0,6199,debit_card,0,0.0,0,,0.2847424944943877,passed,1,1,0,0,delivered,1.0,marketplace_retailer,marketplace_retailer,large,physical_delivery,0,0.97,1,1,110,20.0,39.46388888888889,1
DSP001818,TXN0447302,M000294,CUS0158507,Visa,DUPLICATE_TRANSACTION,Duplicate Transaction,2025-07-02,2299,660,267,2025-07-18,16,contested,won,2025-07-25,6,2,2,0,0.9602499999999999,6,0,1.0,2299,debit_card,0,0.0,0,,0.1845914479779783,passed,1,2,0,0,in_transit,0.0,marketplace_retailer,marketplace_retailer,large,physical_delivery,0,0.97,1,1,110,16.0,53.21805555555556,1
DSP001819,TXN0448942,M000294,CUS0159983,Visa,UNAUTHORIZED_TRANSACTION,Unauthorized Transaction,2025-06-22,1499,422,174,2025-07-02,10,contested,won,2025-07-16,6,4,4,0,0.98,6,0,1.0,1499,credit_card,2,5194.0,0,98.0,0.2907740998942686,passed,0,1,1,0,delivered,1.0,marketplace_retailer,marketplace_retailer,large,physical_delivery,0,0.97,1,1,110,10.0,8.327083333333333,1
DSP001820,TXN0456279,M000295,,Mastercard,MERCHANDISE_NOT_AS_DESCRIBED,Merchandise Not As Described,2026-01-05,1295,715,214,2026-01-12,7,contested,lost,2026-02-08,5,3,2,1,0.7794500000000001,5,1,0.6666666666666666,1295,credit_card,0,0.0,0,,0.3497152223264456,passed,1,1,0,0,delivered,1.0,marketplace_retailer,marketplace_retailer,large,physical_delivery,0,0.97,1,1,23,7.0,72.17847222222223,0
DSP001823,TXN0457037,M000295,,Visa,UNAUTHORIZED_TRANSACTION,Unauthorized Transaction,2025-09-10,7799,647,203,2025-10-01,21,contested,won,2025-10-20,6,4,4,0,0.9072833333333333,6,0,1.0,7799,credit_card,0,0.0,0,,0.4191330390819442,passed,1,1,0,0,delivered,1.0,marketplace_retailer,marketplace_retailer,large,physical_delivery,0,0.97,1,1,23,21.0,14.746527777777779,1
DSP001824,TXN0454017,M000295,CUS0162484,RuPay,MERCHANDISE_NOT_AS_DESCRIBED,Merchandise Not As Described,2025-04-26,5495,718,197,2025-05-06,10,contested,won,2025-05-22,6,3,3,0,0.9653833333333334,6,0,1.0,5495,credit_card,1,3899.0,0,43.0,0.0753715195097297,passed,1,3,0,0,delivered,1.0,marketplace_retailer,marketplace_retailer,large,physical_delivery,0,0.97,1,1,23,10.0,65.80277777777778,1
DSP001826,TXN0456361,M000295,CUS0163619,Visa,MERCHANDISE_NOT_RECEIVED,Merchandise Not Received,2025-04-07,299,701,221,2025-04-27,20,contested,won,2025-05-04,6,4,4,0,0.9138666666666667,6,0,1.0,299,debit_card,1,799.0,0,63.0,0.4476305051017112,passed,1,1,1,0,delivered,0.0,marketplace_retailer,marketplace_retailer,large,physical_delivery,0,0.97,1,1,23,20.0,24.26597222222222,1
DSP001829,TXN0452309,M000295,,Mastercard,UNAUTHORIZED_TRANSACTION,Unauthorized Transaction,2025-08-11,18695,564,226,2025-08-31,20,contested,lost,2025-09-15,5,4,3,1,0.7677166666666667,5,1,0.75,18695,credit_card,0,0.0,0,,0.2178438170290593,passed,1,2,0,0,delivered,1.0,marketplace_retailer,marketplace_retailer,large,physical_delivery,0,0.97,1,1,23,20.0,26.040972222222223,0
DSP001831,TXN0455271,M000295,CUS0162302,Visa,UNAUTHORIZED_TRANSACTION,Unauthorized Transaction,2025-09-19,1199,686,252,2025-09-29,10,contested,lost,2025-10-31,6,4,4,0,0.9597333333333333,6,0,1.0,1199,debit_card,0,0.0,0,,0.725417589793257,failed,1,1,0,0,delivered,0.0,marketplace_retailer,marketplace_retailer,large,physical_delivery,0,0.97,1,1,23,10.0,35.55833333333333,0
DSP001832,TXN0451839,M000295,CUS0163588,Visa,DUPLICATE_TRANSACTION,Duplicate Transaction,2025-07-13,3399,703,251,2025-07-20,7,contested,won,2025-08-11,6,2,2,0,0.95575,6,0,1.0,3399,credit_card,1,3099.0,0,62.0,0.3462121273485196,passed,1,1,0,0,delivered,1.0,marketplace_retailer,marketplace_retailer,large,physical_delivery,0,0.97,1,1,23,7.0,15.651388888888889,1
DSP001836,TXN0456611,M000295,,Visa,CREDIT_NOT_PROCESSED,Credit Not Processed,2025-07-29,799,512,292,2025-08-08,10,contested,won,2025-08-21,6,3,3,0,0.9380999999999999,6,0,1.0,799,credit_card,0,0.0,0,,0.4265518027682745,passed,1,1,0,0,delivered,1.0,marketplace_retailer,marketplace_retailer,large,physical_delivery,0,0.97,1,1,23,10.0,37.56736111111111,1
DSP001837,TXN0466686,M000296,CUS0166850,Visa,MERCHANDISE_NOT_AS_DESCRIBED,Merchandise Not As Described,2025-04-23,499,416,266,2025-05-05,12,contested,won,2025-05-29,6,3,3,0,0.98,6,0,1.0,499,credit_card,0,0.0,0,,0.1749170362186927,passed,1,1,0,0,delivered,0.0,marketplace_retailer,marketplace_retailer,large,physical_delivery,0,0.9334896227098648,1,1,87,12.0,64.43055555555556,1
DSP001838,TXN0464537,M000296,CUS0164521,Mastercard,UNAUTHORIZED_TRANSACTION,Unauthorized Transaction,2025-05-16,1849,691,282,2025-05-30,14,contested,lost,2025-06-26,6,4,4,0,0.9437000000000001,6,0,1.0,1849,credit_card,1,1049.0,0,40.0,0.4534640468945528,passed,1,1,0,1,delivered,1.0,marketplace_retailer,marketplace_retailer,large,physical_delivery,0,0.9334896227098648,1,1,87,14.0,53.99236111111111,0
DSP001839,TXN0461307,M000296,CUS0166483,Visa,CREDIT_NOT_PROCESSED,Credit Not Processed,2025-05-04,12295,548,160,2025-05-23,19,contested,won,2025-06-14,6,3,3,0,0.98,6,0,1.0,12295,debit_card,1,429.0,0,58.0,0.4332171064278081,failed,1,1,0,0,delivered,0.0,marketplace_retailer,marketplace_retailer,large,physical_delivery,0,0.9334896227098648,1,1,87,19.0,61.24930555555556,1
DSP001840,TXN0461190,M000296,,RuPay,MERCHANDISE_NOT_AS_DESCRIBED,Merchandise Not As Described,2025-11-15,545,652,238,2025-11-25,10,contested,lost,2025-12-09,6,3,3,0,0.9298333333333333,6,0,1.0,545,debit_card,0,0.0,0,,0.3115379272354796,passed,1,4,0,0,in_transit,0.0,marketplace_retailer,marketplace_retailer,large,physical_delivery,0,0.9334896227098648,1,1,87,10.0,60.03680555555555,0
DSP001841,TXN0466350,M000296,,Visa,MERCHANDISE_NOT_RECEIVED,Merchandise Not Received,2025-03-21,3645,710,292,2025-03-30,9,contested,won,2025-04-23,6,4,4,0,0.9183499999999999,6,0,1.0,3645,credit_card,0,0.0,0,,0.3538352828054548,failed,0,1,0,0,delivered,1.0,marketplace_retailer,marketplace_retailer,large,physical_delivery,0,0.9334896227098648,1,1,87,9.0,32.30486111111111,1
DSP001842,TXN0459762,M000296,CUS0164897,RuPay,MERCHANDISE_NOT_RECEIVED,Merchandise Not Received,2025-10-09,5799,503,227,2025-10-30,21,contested,won,2025-10-31,5,4,3,1,0.8136333333333333,5,1,0.75,5799,credit_card,2,6094.0,0,41.0,0.5785182585962602,not_applicable,1,2,0,0,delivered,1.0,marketplace_retailer,marketplace_retailer,large,physical_delivery,0,0.9334896227098648,1,1,87,21.0,47.63263888888889,1
DSP001844,TXN0461575,M000296,CUS0164421,Visa,MERCHANDISE_NOT_RECEIVED,Merchandise Not Received,2025-09-04,14299,593,207,2025-09-14,10,contested,lost,2025-09-18,6,4,4,0,0.9589833333333333,6,0,1.0,14299,credit_card,0,0.0,0,,0.2787094368423734,passed,0,1,0,0,in_transit,0.0,marketplace_retailer,marketplace_retailer,large,physical_delivery,0,0.9334896227098648,1,1,87,10.0,15.034027777777778,0
DSP001845,TXN0465607,M000296,CUS0166023,Visa,MERCHANDISE_NOT_RECEIVED,Merchandise Not Received,2026-02-14,845,655,300,2026-03-04,18,contested,won,2026-03-08,6,4,4,0,0.9471333333333334,6,0,1.0,845,debit_card,2,17698.0,0,234.0,0.2846766515571718,failed,0,1,0,0,delivered,1.0,marketplace_retailer,marketplace_retailer,large,physical_delivery,0,0.9334896227098648,1,1,87,18.0,71.90486111111112,1
DSP001847,TXN0465999,M000296,CUS0164564,Visa,CREDIT_NOT_PROCESSED,Credit Not Processed,2025-07-30,5999,706,255,2025-08-18,19,contested,won,2025-09-09,6,3,3,0,0.9697666666666667,6,0,1.0,5999,credit_card,0,0.0,0,,0.8300981475113672,passed,1,1,0,0,delivered,1.0,marketplace_retailer,marketplace_retailer,large,physical_delivery,0,0.9334896227098648,1,1,87,19.0,53.329166666666666,1
DSP001849,TXN0465005,M000296,CUS0166051,Mastercard,UNAUTHORIZED_TRANSACTION,Unauthorized Transaction,2026-02-09,435,666,283,2026-02-18,9,contested,lost,2026-03-23,5,4,3,1,0.7684833333333333,5,1,0.75,435,credit_card,1,3095.0,0,185.0,0.2878317015707811,passed,1,2,0,0,in_transit,0.0,marketplace_retailer,marketplace_retailer,large,physical_delivery,0,0.9334896227098648,1,1,87,9.0,54.67916666666667,0
DSP001850,TXN0460599,M000296,CUS0166304,Visa,MERCHANDISE_NOT_RECEIVED,Merchandise Not Received,2026-01-13,3099,442,157,2026-02-01,19,contested,won,2026-02-04,6,4,4,0,0.9388166666666667,6,0,1.0,3099,credit_card,3,6197.0,0,186.0,0.0822546454002854,passed,1,2,0,1,delivered,0.0,marketplace_retailer,marketplace_retailer,large,physical_delivery,0,0.9334896227098648,1,1,87,19.0,42.4,1
DSP001852,TXN0463932,M000296,CUS0166523,Visa,MERCHANDISE_NOT_RECEIVED,Merchandise Not Received,2025-05-07,949,511,167,2025-05-26,19,contested,lost,2025-06-15,5,4,3,1,0.8076166666666666,5,1,0.75,949,credit_card,0,0.0,0,,0.3751503376578569,not_applicable,0,1,0,0,delivered,1.0,marketplace_retailer,marketplace_retailer,large,physical_delivery,0,0.9334896227098648,1,1,87,19.0,58.69513888888889,0
DSP001853,TXN0465920,M000296,CUS0164897,Mastercard,UNAUTHORIZED_TRANSACTION,Unauthorized Transaction,2025-07-13,4145,629,267,2025-07-29,16,contested,lost,2025-07-31,5,4,3,1,0.7733666666666666,5,1,0.75,4145,credit_card,0,0.0,0,,0.4615659178167756,passed,1,1,0,0,delivered,1.0,marketplace_retailer,marketplace_retailer,large,physical_delivery,0,0.9334896227098648,1,1,87,16.0,74.48541666666667,0
DSP001855,TXN0459924,M000296,CUS0165203,Visa,UNAUTHORIZED_TRANSACTION,Unauthorized Transaction,2025-07-20,8899,680,169,2025-08-02,13,contested,won,2025-08-27,6,4,4,0,0.9559166666666666,6,0,1.0,8899,credit_card,0,0.0,0,,0.3496772029865109,passed,1,1,0,0,delivered,1.0,marketplace_retailer,marketplace_retailer,large,physical_delivery,0,0.9334896227098648,1,1,87,13.0,31.98472222222222,1
DSP001856,TXN0462421,M000296,CUS0164982,RuPay,MERCHANDISE_NOT_RECEIVED,Merchandise Not Received,2025-05-17,1999,683,244,2025-06-02,16,contested,won,2025-06-20,6,4,4,0,0.94075,6,0,1.0,1999,credit_card,1,1445.0,0,27.0,0.3559710094256306,passed,0,1,0,0,delivered,1.0,marketplace_retailer,marketplace_retailer,large,physical_delivery,0,0.9334896227098648,1,1,87,16.0,30.850694444444443,1
DSP001859,TXN0472407,M000297,CUS0167630,Mastercard,MERCHANDISE_NOT_RECEIVED,Merchandise Not Received,2025-08-24,269,418,191,2025-09-10,17,contested,lost,2025-09-22,0,4,0,4,0.0,0,6,0.0,269,debit_card,0,0.0,0,,0.3792245407560541,not_applicable,1,1,0,0,delivered,1.0,d2c_brand,d2c_brand,large,physical_delivery,0,0.7126234341407742,1,1,117,17.0,71.53055555555555,0
DSP001860,TXN0471050,M000297,,RuPay,MERCHANDISE_NOT_AS_DESCRIBED,Merchandise Not As Described,2025-07-02,1899,737,172,2025-07-23,21,contested,lost,2025-08-11,5,3,3,0,0.7277,5,1,1.0,1899,debit_card,0,0.0,0,,0.35608651258621,passed,1,2,0,0,delivered,1.0,d2c_brand,d2c_brand,large,physical_delivery,0,0.7126234341407742,1,1,117,21.0,36.394444444444446,0
DSP001861,TXN0468232,M000297,CUS0169699,RuPay,UNAUTHORIZED_TRANSACTION,Unauthorized Transaction,2025-12-03,699,638,163,2025-12-11,8,contested,lost,2026-01-08,3,4,3,1,0.44295,3,3,0.75,699,credit_card,0,0.0,0,,0.6027329586752526,passed,1,1,0,0,delivered,1.0,d2c_brand,d2c_brand,large,physical_delivery,0,0.7126234341407742,1,1,117,8.0,61.26875,0
DSP001863,TXN0471775,M000297,,RuPay,MERCHANDISE_NOT_AS_DESCRIBED,Merchandise Not As Described,2025-03-19,645,664,294,2025-04-02,14,contested,won,2025-04-23,4,3,2,1,0.5354,4,2,0.6666666666666666,645,credit_card,0,0.0,0,,0.3167375109864215,passed,1,1,0,0,delivered,0.0,d2c_brand,d2c_brand,large,physical_delivery,0,0.7126234341407742,1,1,117,14.0,33.60138888888889,1
DSP001864,TXN0473160,M000297,CUS0169476,Mastercard,MERCHANDISE_NOT_RECEIVED,Merchandise Not Received,2025-05-02,3645,656,278,2025-05-23,21,contested,won,2025-06-06,6,4,4,0,0.8267333333333333,6,0,1.0,3645,debit_card,0,0.0,0,,0.3376107465961374,passed,1,1,0,0,lost,0.0,d2c_brand,d2c_brand,large,physical_delivery,0,0.7126234341407742,1,1,117,21.0,66.56805555555556,1
DSP001866,TXN0472084,M000297,CUS0169818,Visa,CREDIT_NOT_PROCESSED,Credit Not Processed,2026-01-21,3745,447,202,2026-02-05,15,contested,won,2026-02-23,6,3,3,0,0.9479666666666667,6,0,1.0,3745,debit_card,2,2548.0,0,97.0,0.3431459242058777,passed,1,2,0,0,delivered,1.0,d2c_brand,d2c_brand,large,physical_delivery,0,0.7126234341407742,1,1,117,15.0,33.46319444444445,1
DSP001867,TXN0470975,M000297,CUS0168036,Visa,MERCHANDISE_NOT_RECEIVED,Merchandise Not Received,2025-10-20,549,727,191,2025-11-07,18,contested,won,2025-11-28,4,4,3,1,0.6032000000000001,4,2,0.75,549,debit_card,0,0.0,0,,0.5633449882803148,passed,1,2,1,0,delivered,0.0,d2c_brand,d2c_brand,large,physical_delivery,0,0.7126234341407742,1,1,117,18.0,32.36388888888889,1
DSP001868,TXN0468422,M000297,CUS0167600,Visa,MERCHANDISE_NOT_AS_DESCRIBED,Merchandise Not As Described,2025-10-12,1399,687,241,2025-10-30,18,contested,lost,2025-10-27,4,3,2,1,0.5599333333333333,4,2,0.6666666666666666,1399,credit_card,1,1549.0,0,4.0,0.3183894584069219,passed,1,1,0,0,delivered,1.0,d2c_brand,d2c_brand,large,physical_delivery,0,0.7126234341407742,1,1,117,18.0,23.5,0
DSP001869,TXN0469572,M000297,,Visa,CREDIT_NOT_PROCESSED,Credit Not Processed,2025-08-03,359,642,158,2025-08-11,8,contested,won,2025-08-25,6,3,3,0,0.9408666666666666,6,0,1.0,359,debit_card,0,0.0,0,,0.1540174343171426,passed,1,1,0,0,delivered,1.0,d2c_brand,d2c_brand,large,physical_delivery,0,0.7126234341407742,1,1,117,8.0,72.33958333333334,1
DSP001871,TXN0469207,M000297,CUS0167989,Mastercard,UNAUTHORIZED_TRANSACTION,Unauthorized Transaction,2025-09-22,5999,406,238,2025-10-11,19,contested,lost,2025-10-17,4,4,3,1,0.5718,4,2,0.75,5999,credit_card,2,1898.0,0,30.0,0.4796779173759426,passed,1,2,0,1,delivered,1.0,d2c_brand,d2c_brand,large,physical_delivery,0,0.7126234341407742,1,1,117,19.0,39.165277777777774,0
DSP001877,TXN0475705,M000297,CUS0168620,Mastercard,CREDIT_NOT_PROCESSED,Credit Not Processed,2025-10-03,1549,400,197,2025-10-17,14,contested,won,2025-11-09,5,3,3,0,0.6411,5,1,1.0,1549,debit_card,2,3694.0,0,34.0,0.4732961500599554,failed,1,1,0,0,delivered,0.0,d2c_brand,d2c_brand,large,physical_delivery,0,0.7126234341407742,1,1,117,14.0,39.03541666666667,1
DSP001878,TXN0470206,M000297,,Visa,MERCHANDISE_NOT_AS_DESCRIBED,Merchandise Not As Described,2025-06-22,489,554,232,2025-07-07,15,contested,won,2025-08-05,6,3,3,0,0.8972000000000001,6,0,1.0,489,debit_card,0,0.0,0,,0.4146124941025849,not_applicable,1,1,0,0,delivered,1.0,d2c_brand,d2c_brand,large,physical_delivery,0,0.7126234341407742,1,1,117,15.0,30.845833333333335,1
DSP001879,TXN0474271,M000297,,Visa,MERCHANDISE_NOT_AS_DESCRIBED,Merchandise Not As Described,2025-06-06,3145,472,290,2025-06-14,8,contested,lost,2025-07-18,2,3,0,3,0.25215000000000004,2,4,0.0,3145,credit_card,0,0.0,0,,0.2114638490232198,passed,1,3,0,0,delivered,1.0,d2c_brand,d2c_brand,large,physical_delivery,0,0.7126234341407742,1,1,117,8.0,45.760416666666664,0
DSP001880,TXN0472986,M000297,CUS0168548,Visa,MERCHANDISE_NOT_RECEIVED,Merchandise Not Received,2025-07-05,1145,610,274,2025-07-16,11,contested,lost,2025-08-18,4,4,4,0,0.6004333333333333,4,2,1.0,1145,credit_card,0,0.0,0,,0.2688331679714738,passed,0,1,0,0,delivered,0.0,d2c_brand,d2c_brand,large,physical_delivery,0,0.7126234341407742,1,1,117,11.0,9.158333333333333,0
DSP001881,TXN0470534,M000297,,Visa,MERCHANDISE_NOT_RECEIVED,Merchandise Not Received,2025-11-02,495,562,192,2025-11-13,11,contested,won,2025-12-03,5,4,3,1,0.7745666666666667,5,1,0.75,495,credit_card,0,0.0,0,,0.4217357036518185,passed,1,1,0,0,in_transit,0.0,d2c_brand,d2c_brand,large,physical_delivery,0,0.7126234341407742,1,1,117,11.0,15.691666666666666,1
DSP001882,TXN0473801,M000297,CUS0167109,Visa,MERCHANDISE_NOT_RECEIVED,Merchandise Not Received,2025-12-05,1099,466,211,2025-12-19,14,contested,won,2026-01-07,5,4,3,1,0.7202999999999999,5,1,0.75,1099,credit_card,3,2389.0,0,38.0,0.075247910743609,passed,1,1,0,1,delivered,1.0,d2c_brand,d2c_brand,large,physical_delivery,0,0.7126234341407742,1,1,117,14.0,22.90763888888889,1
DSP001883,TXN0469116,M000297,,RuPay,MERCHANDISE_NOT_AS_DESCRIBED,Merchandise Not As Described,2025-10-01,2749,733,221,2025-10-22,21,contested,lost,2025-10-24,6,3,3,0,0.8419,6,0,1.0,2749,debit_card,0,0.0,0,,0.2672131840071843,passed,1,1,0,0,delivered,1.0,d2c_brand,d2c_brand,large,physical_delivery,0,0.7126234341407742,1,1,117,21.0,28.75625,0
DSP001884,TXN0471629,M000297,CUS0169287,Visa,MERCHANDISE_NOT_AS_DESCRIBED,Merchandise Not As Described,2025-07-04,4049,423,172,2025-07-17,13,contested,lost,2025-08-03,4,3,1,2,0.6053833333333333,4,2,0.3333333333333333,4049,debit_card,0,0.0,0,,0.2892318153339587,passed,1,1,0,0,delivered,1.0,d2c_brand,d2c_brand,large,physical_delivery,0,0.7126234341407742,1,1,117,13.0,28.79513888888889,0
DSP001886,TXN0477976,M000298,CUS0172680,Visa,CREDIT_NOT_PROCESSED,Credit Not Processed,2025-03-07,2145,575,254,2025-03-18,11,contested,lost,2025-04-07,4,4,2,2,0.5153333333333333,4,2,0.5,2145,debit_card,0,0.0,0,,0.2318174818412059,passed,1,1,0,0,,,travel_booking,travel_booking,large,booking_service,0,0.5772094603680791,0,1,28,11.0,64.94652777777777,0
DSP001888,TXN0479296,M000298,CUS0171274,Mastercard,MERCHANDISE_NOT_AS_DESCRIBED,Merchandise Not As Described,2025-04-05,9699,697,298,2025-04-25,20,contested,lost,2025-04-25,3,3,2,1,0.43028333333333335,3,3,0.6666666666666666,9699,debit_card,0,0.0,0,,0.5512277291957439,passed,1,3,0,0,,,travel_booking,travel_booking,large,booking_service,0,0.5772094603680791,0,1,28,20.0,63.01875,0
DSP001889,TXN0479969,M000298,,Visa,SERVICE_NOT_RENDERED,Service Not Rendered,2025-12-17,3349,476,267,2025-12-26,9,contested,lost,2026-01-26,4,3,2,1,0.5151166666666667,4,2,0.6666666666666666,3349,credit_card,0,0.0,0,,0.333512629500418,passed,0,2,0,0,,,travel_booking,travel_booking,large,booking_service,0,0.5772094603680791,0,1,28,9.0,12.225694444444445,0
DSP001890,TXN0477162,M000298,CUS0172116,RuPay,CREDIT_NOT_PROCESSED,Credit Not Processed,2025-03-08,8599,445,174,2025-03-19,11,contested,lost,2025-04-01,5,4,3,1,0.6035833333333334,5,1,0.75,8599,debit_card,0,0.0,0,,0.0913586767212009,passed,1,1,0,0,,,travel_booking,travel_booking,large,booking_service,0,0.5772094603680791,0,1,28,11.0,5.839583333333334,0
DSP001891,TXN0482366,M000298,CUS0171521,Visa,UNAUTHORIZED_TRANSACTION,Unauthorized Transaction,2025-10-27,4699,539,241,2025-11-09,13,contested,lost,2025-11-18,3,3,2,1,0.4047,3,3,0.6666666666666666,4699,debit_card,0,0.0,0,,0.2407133389894384,passed,1,3,0,0,,,travel_booking,travel_booking,large,booking_service,0,0.5772094603680791,0,1,28,13.0,19.8,0
DSP001893,TXN0483108,M000298,,Mastercard,MERCHANDISE_NOT_AS_DESCRIBED,Merchandise Not As Described,2025-07-19,15999,448,209,2025-08-06,18,contested,lost,2025-08-15,3,3,1,2,0.4115,3,3,0.3333333333333333,15999,credit_card,0,0.0,0,,0.150983715019411,passed,0,3,0,0,,,travel_booking,travel_booking,large,booking_service,0,0.5772094603680791,0,1,28,18.0,11.802777777777777,0
DSP001894,TXN0483693,M000298,CUS0172778,Mastercard,UNAUTHORIZED_TRANSACTION,Unauthorized Transaction,2025-09-16,3749,638,196,2025-10-02,16,contested,lost,2025-10-15,4,3,3,0,0.5016166666666667,4,2,1.0,3749,debit_card,0,0.0,0,,0.2318029362469374,failed,0,3,0,0,,,travel_booking,travel_booking,large,booking_service,0,0.5772094603680791,0,1,28,16.0,66.48194444444445,0
DSP001896,TXN0482491,M000298,CUS0171420,Visa,MERCHANDISE_NOT_AS_DESCRIBED,Merchandise Not As Described,2025-10-20,14799,567,150,2025-10-30,10,contested,lost,2025-11-14,2,3,1,2,0.28656666666666664,2,4,0.3333333333333333,14799,debit_card,0,0.0,0,,0.2355941186421881,passed,1,2,0,0,,,travel_booking,travel_booking,large,booking_service,0,0.5772094603680791,0,1,28,10.0,72.39236111111111,0
DSP001899,TXN0478181,M000298,CUS0172071,Mastercard,UNAUTHORIZED_TRANSACTION,Unauthorized Transaction,2025-05-26,7595,519,184,2025-06-07,12,contested,lost,2025-06-13,4,3,1,2,0.5531666666666667,4,2,0.3333333333333333,7595,credit_card,1,6295.0,0,3.0,0.2968649655241223,passed,1,1,0,0,,,travel_booking,travel_booking,large,booking_service,0,0.5772094603680791,0,1,28,12.0,36.15625,0
DSP001901,TXN0479221,M000298,CUS0170629,Visa,SERVICE_NOT_RENDERED,Service Not Rendered,2025-03-14,46995,498,189,2025-03-28,14,contested,won,2025-04-19,3,3,2,1,0.4619333333333333,3,3,0.6666666666666666,46995,credit_card,1,3949.0,0,14.0,0.3589380133616135,passed,1,1,0,0,,,travel_booking,travel_booking,large,booking_service,0,0.5772094603680791,0,1,28,14.0,19.14375,1
DSP001902,TXN0479749,M000298,,Visa,CREDIT_NOT_PROCESSED,Credit Not Processed,2025-05-12,20499,693,160,2025-05-28,16,contested,won,2025-06-06,4,4,2,2,0.5837333333333333,4,2,0.5,20499,credit_card,0,0.0,0,,0.2808481063354439,passed,1,1,0,0,,,travel_booking,travel_booking,large,booking_service,0,0.5772094603680791,0,1,28,16.0,67.76041666666667,1
DSP001903,TXN0491233,M000299,CUS0174814,Visa,MERCHANDISE_NOT_AS_DESCRIBED,Merchandise Not As Described,2025-06-16,4945,541,156,2025-06-28,12,contested,lost,2025-07-04,4,3,2,1,0.5612166666666667,4,2,0.6666666666666666,4945,debit_card,0,0.0,0,,0.2502384164277438,passed,0,2,0,0,,,travel_booking,travel_booking,large,booking_service,0,0.6934606081002362,0,0,87,12.0,12.979861111111111,0
DSP001904,TXN0485563,M000299,CUS0175637,RuPay,UNAUTHORIZED_TRANSACTION,Unauthorized Transaction,2025-05-26,11799,690,269,2025-06-11,16,contested,lost,2025-07-06,4,3,3,0,0.6147833333333333,4,2,1.0,11799,credit_card,2,9198.0,0,38.0,0.1953675799211807,passed,1,1,0,0,,,travel_booking,travel_booking,large,booking_service,0,0.6934606081002362,0,0,87,16.0,65.84791666666666,0
DSP001906,TXN0488294,M000299,,Visa,CREDIT_NOT_PROCESSED,Credit Not Processed,2025-12-20,5699,630,248,2026-01-06,17,contested,lost,2026-01-23,4,4,4,0,0.5983166666666667,4,2,1.0,5699,debit_card,0,0.0,0,,0.5220985907245042,passed,1,1,0,0,,,travel_booking,travel_booking,large,booking_service,0,0.6934606081002362,0,0,87,17.0,4.240277777777778,0
DSP001908,TXN0487081,M000299,CUS0175227,Visa,SERVICE_NOT_RENDERED,Service Not Rendered,2025-12-12,8499,636,228,2025-12-27,15,contested,won,2026-01-20,6,3,3,0,0.8841666666666667,6,0,1.0,8499,debit_card,4,39584.0,0,102.0,0.5267703791787629,passed,1,1,0,0,,,travel_booking,travel_booking,large,booking_service,0,0.6934606081002362,0,0,87,15.0,11.39375,1
DSP001909,TXN0490057,M000299,,Visa,SERVICE_NOT_RENDERED,Service Not Rendered,2025-12-02,9399,581,273,2025-12-22,20,contested,lost,2025-12-30,4,3,2,1,0.536,4,2,0.6666666666666666,9399,credit_card,0,0.0,0,,0.2622241645997705,passed,1,1,0,0,,,travel_booking,travel_booking,large,booking_service,0,0.6934606081002362,0,0,87,20.0,69.95833333333333,0
DSP001910,TXN0489046,M000299,CUS0173340,RuPay,CREDIT_NOT_PROCESSED,Credit Not Processed,2025-04-25,13699,662,168,2025-05-03,8,contested,won,2025-06-04,5,4,4,0,0.7485666666666667,5,1,1.0,13699,debit_card,0,0.0,0,,0.2079860869797013,not_applicable,1,2,0,0,,,travel_booking,travel_booking,large,booking_service,0,0.6934606081002362,0,0,87,8.0,51.56736111111111,1
DSP001911,TXN0484748,M000299,,RuPay,SERVICE_NOT_RENDERED,Service Not Rendered,2025-10-16,3099,615,189,2025-11-06,21,contested,lost,2025-11-25,4,3,1,2,0.5599333333333333,4,2,0.3333333333333333,3099,debit_card,0,0.0,0,,0.3063504273671815,passed,1,2,0,0,,,travel_booking,travel_booking,large,booking_service,0,0.6934606081002362,0,0,87,21.0,57.177083333333336,0
DSP001912,TXN0489263,M000299,CUS0174703,Visa,DUPLICATE_TRANSACTION,Duplicate Transaction,2025-07-09,52995,569,242,2025-07-25,16,contested,lost,2025-07-30,5,2,1,1,0.7373500000000001,5,1,0.5,52995,debit_card,0,0.0,0,,0.2075354254008256,passed,1,4,0,0,,,travel_booking,travel_booking,large,booking_service,0,0.6934606081002362,0,0,87,16.0,71.55625,0
DSP001913,TXN0488638,M000299,,Visa,UNAUTHORIZED_TRANSACTION,Unauthorized Transaction,2025-11-29,32999,517,240,2025-12-17,18,contested,lost,2026-01-05,5,3,2,1,0.7070500000000001,5,1,0.6666666666666666,32999,debit_card,0,0.0,0,,0.7483564160911511,passed,1,2,0,0,,,travel_booking,travel_booking,large,booking_service,0,0.6934606081002362,0,0,87,18.0,11.868055555555555,0
DSP001914,TXN0491115,M000299,,Mastercard,SERVICE_NOT_RENDERED,Service Not Rendered,2025-03-10,26495,734,187,2025-03-23,13,contested,lost,2025-04-21,3,3,2,1,0.47656666666666664,3,3,0.6666666666666666,26495,credit_card,0,0.0,0,,0.2696380900819534,passed,1,3,0,0,,,travel_booking,travel_booking,large,booking_service,0,0.6934606081002362,0,0,87,13.0,40.56805555555555,0
DSP001915,TXN0486008,M000299,,Visa,CREDIT_NOT_PROCESSED,Credit Not Processed,2025-11-08,14799,440,238,2025-11-29,21,contested,won,2025-12-14,5,4,3,1,0.7195999999999999,5,1,0.75,14799,credit_card,0,0.0,0,,0.1993055057426655,passed,1,1,0,0,,,travel_booking,travel_booking,large,booking_service,0,0.6934606081002362,0,0,87,21.0,44.07361111111111,1
DSP001918,TXN0484586,M000299,,Mastercard,DUPLICATE_TRANSACTION,Duplicate Transaction,2025-06-21,10599,723,206,2025-06-29,8,contested,won,2025-07-27,5,2,1,1,0.7876,5,1,0.5,10599,credit_card,0,0.0,0,,0.1541356025656681,failed,1,1,0,0,,,travel_booking,travel_booking,large,booking_service,0,0.6934606081002362,0,0,87,8.0,21.07986111111111,1
DSP001919,TXN0491601,M000299,,Visa,CREDIT_NOT_PROCESSED,Credit Not Processed,2025-11-23,9499,643,224,2025-12-13,20,contested,lost,2025-12-16,5,4,3,1,0.7414833333333334,5,1,0.75,9499,debit_card,0,0.0,0,,0.0748133973468063,passed,1,3,0,0,,,travel_booking,travel_booking,large,booking_service,0,0.6934606081002362,0,0,87,20.0,4.752083333333333,0
DSP001920,TXN0485475,M000299,CUS0173118,Visa,SERVICE_NOT_RENDERED,Service Not Rendered,2025-02-15,13495,658,247,2025-03-03,16,contested,lost,2025-03-01,4,3,1,2,0.6303166666666666,4,2,0.3333333333333333,13495,credit_card,0,0.0,0,,0.0644340233350282,passed,0,1,0,0,,,travel_booking,travel_booking,large,booking_service,0,0.6934606081002362,0,0,87,16.0,42.55486111111111,0
DSP001921,TXN0486484,M000299,CUS0175066,Visa,SERVICE_NOT_RENDERED,Service Not Rendered,2025-06-24,5399,466,267,2025-07-03,9,contested,lost,2025-07-14,4,3,3,0,0.5614333333333333,4,2,1.0,5399,debit_card,1,4449.0,0,65.0,0.3042827581340598,passed,1,1,0,0,,,travel_booking,travel_booking,large,booking_service,0,0.6934606081002362,0,0,87,9.0,56.647222222222226,0
DSP001922,TXN0486459,M000299,CUS0174599,Visa,MERCHANDISE_NOT_AS_DESCRIBED,Merchandise Not As Described,2025-02-25,8599,480,241,2025-03-04,7,contested,lost,2025-03-27,3,3,0,3,0.40831666666666666,3,3,0.0,8599,debit_card,0,0.0,0,,0.3518031092911615,passed,1,1,0,0,,,travel_booking,travel_booking,large,booking_service,0,0.6934606081002362,0,0,87,7.0,37.60138888888889,0
DSP001923,TXN0494316,M000300,CUS0177173,RuPay,MERCHANDISE_NOT_RECEIVED,Merchandise Not Received,2025-08-28,2399,739,176,2025-09-16,19,contested,lost,2025-09-13,6,4,4,0,0.9635666666666666,6,0,1.0,2399,debit_card,0,0.0,0,,0.1446316423758196,failed,0,3,0,0,in_transit,0.0,marketplace_retailer,marketplace_retailer,large,physical_delivery,0,0.97,1,1,47,19.0,29.969444444444445,0
DSP001924,TXN0494520,M000300,CUS0178060,Visa,MERCHANDISE_NOT_AS_DESCRIBED,Merchandise Not As Described,2025-12-07,1449,531,235,2025-12-20,13,contested,won,2026-01-02,6,3,3,0,0.95385,6,0,1.0,1449,credit_card,1,9099.0,0,287.0,0.3863241357550483,passed,0,1,0,0,delivered,1.0,marketplace_retailer,marketplace_retailer,large,physical_delivery,0,0.97,1,1,47,13.0,35.96875,1
DSP001926,TXN0497118,M000300,CUS0178491,RuPay,UNAUTHORIZED_TRANSACTION,Unauthorized Transaction,2026-01-03,2349,634,295,2026-01-15,12,contested,lost,2026-02-13,6,4,4,0,0.9669666666666666,6,0,1.0,2349,debit_card,4,13038.0,0,80.0,0.5473040237147025,passed,1,1,0,0,delivered,1.0,marketplace_retailer,marketplace_retailer,large,physical_delivery,0,0.97,1,1,47,12.0,37.58263888888889,0
DSP001927,TXN0494154,M000300,CUS0176685,RuPay,MERCHANDISE_NOT_AS_DESCRIBED,Merchandise Not As Described,2025-05-30,2449,645,196,2025-06-20,21,contested,lost,2025-07-03,6,3,3,0,0.9398666666666666,6,0,1.0,2449,debit_card,0,0.0,0,,0.3431149280263656,passed,0,1,0,1,delivered,0.0,marketplace_retailer,marketplace_retailer,large,physical_delivery,0,0.97,1,1,47,21.0,23.463194444444444,0
DSP001928,TXN0499905,M000300,CUS0177827,Mastercard,MERCHANDISE_NOT_RECEIVED,Merchandise Not Received,2025-04-03,4699,714,237,2025-04-14,11,contested,lost,2025-05-18,5,4,3,1,0.7889666666666666,5,1,0.75,4699,credit_card,0,0.0,0,,0.2016162180765988,passed,1,3,0,0,delivered,1.0,marketplace_retailer,marketplace_retailer,large,physical_delivery,0,0.97,1,1,47,11.0,6.551388888888889,0
DSP001929,TXN0492567,M000300,CUS0177465,Visa,DUPLICATE_TRANSACTION,Duplicate Transaction,2025-05-28,1349,459,245,2025-06-04,7,contested,won,2025-06-26,6,2,2,0,0.9610833333333333,6,0,1.0,1349,credit_card,0,0.0,0,,0.3451063814115895,passed,1,1,0,0,delivered,1.0,marketplace_retailer,marketplace_retailer,large,physical_delivery,0,0.97,1,1,47,7.0,23.645833333333332,1
DSP001932,TXN0492732,M000300,CUS0176250,Visa,MERCHANDISE_NOT_AS_DESCRIBED,Merchandise Not As Described,2025-06-26,23999,479,218,2025-07-11,15,contested,lost,2025-07-17,5,3,3,0,0.8055166666666667,5,1,1.0,23999,debit_card,0,0.0,0,,0.4574940489931937,passed,1,1,0,0,delivered,1.0,marketplace_retailer,marketplace_retailer,large,physical_delivery,0,0.97,1,1,47,15.0,69.56527777777778,0
DSP001933,TXN0494881,M000300,,RuPay,MERCHANDISE_NOT_RECEIVED,Merchandise Not Received,2025-05-26,5099,719,214,2025-06-13,18,contested,won,2025-07-03,6,4,4,0,0.98,6,0,1.0,5099,debit_card,0,0.0,0,,0.1250693228197163,failed,0,3,0,0,delivered,1.0,marketplace_retailer,marketplace_retailer,large,physical_delivery,0,0.97,1,1,47,18.0,33.613194444444446,1
DSP001934,TXN0495716,M000300,CUS0177193,Visa,MERCHANDISE_NOT_AS_DESCRIBED,Merchandise Not As Described,2025-07-24,645,686,165,2025-08-11,18,contested,won,2025-09-03,6,3,3,0,0.952,6,0,1.0,645,credit_card,0,0.0,0,,0.3559865486189071,passed,1,1,1,0,delivered,1.0,marketplace_retailer,marketplace_retailer,large,physical_delivery,0,0.97,1,1,47,18.0,28.009722222222223,1
DSP001941,TXN0494605,M000300,CUS0176631,Visa,MERCHANDISE_NOT_AS_DESCRIBED,Merchandise Not As Described,2025-05-19,749,625,166,2025-05-30,11,contested,lost,2025-06-24,6,3,3,0,0.9746833333333332,6,0,1.0,749,debit_card,0,0.0,0,,0.4737105107159606,passed,1,1,0,0,delivered,1.0,marketplace_retailer,marketplace_retailer,large,physical_delivery,0,0.97,1,1,47,11.0,65.85555555555555,0
DSP001942,TXN0497327,M000300,CUS0177328,Visa,MERCHANDISE_NOT_RECEIVED,Merchandise Not Received,2025-05-11,17595,557,260,2025-05-19,8,contested,won,2025-06-04,6,4,4,0,0.9738333333333333,6,0,1.0,17595,credit_card,0,0.0,0,,0.038221051742121,passed,0,1,0,0,delivered,0.0,marketplace_retailer,marketplace_retailer,large,physical_delivery,0,0.97,1,1,47,8.0,6.704166666666667,1
DSP001944,TXN0494590,M000300,,Visa,UNAUTHORIZED_TRANSACTION,Unauthorized Transaction,2025-11-25,1195,638,270,2025-12-10,15,contested,lost,2025-12-20,6,4,4,0,0.9314833333333333,6,0,1.0,1195,debit_card,0,0.0,0,,0.3403341515396192,passed,0,1,1,0,delivered,1.0,marketplace_retailer,marketplace_retailer,large,physical_delivery,0,0.97,1,1,47,15.0,37.56666666666667,0
DSP001945,TXN0497867,M000300,,Mastercard,UNAUTHORIZED_TRANSACTION,Unauthorized Transaction,2025-09-13,3649,693,160,2025-09-24,11,contested,lost,2025-10-12,6,4,4,0,0.9522499999999999,6,0,1.0,3649,credit_card,0,0.0,0,,0.1832511452714445,passed,0,1,0,0,delivered,1.0,marketplace_retailer,marketplace_retailer,large,physical_delivery,0,0.97,1,1,47,11.0,12.797916666666667,0
DSP001946,TXN0493011,M000300,,Visa,UNAUTHORIZED_TRANSACTION,Unauthorized Transaction,2026-02-08,1049,443,269,2026-02-18,10,contested,lost,2026-03-18,6,4,4,0,0.9613833333333334,6,0,1.0,1049,debit_card,0,0.0,0,,0.3813868174170735,passed,1,3,0,0,delivered,1.0,marketplace_retailer,marketplace_retailer,large,physical_delivery,0,0.97,1,1,47,10.0,49.076388888888886,0
DSP001947,TXN0492410,M000300,CUS0175853,Mastercard,UNAUTHORIZED_TRANSACTION,Unauthorized Transaction,2025-06-02,13395,487,161,2025-06-09,7,contested,lost,2025-06-29,5,4,4,0,0.7933,5,1,1.0,13395,debit_card,0,0.0,0,,0.1151082807354556,passed,0,1,0,1,delivered,0.0,marketplace_retailer,marketplace_retailer,large,physical_delivery,0,0.97,1,1,47,7.0,31.061805555555555,0
DSP001948,TXN0496827,M000300,CUS0177310,RuPay,UNAUTHORIZED_TRANSACTION,Unauthorized Transaction,2025-08-27,1849,536,263,2025-09-08,12,contested,lost,2025-10-03,6,4,4,0,0.9535166666666667,6,0,1.0,1849,credit_card,0,0.0,0,,0.363447728317063,passed,1,1,0,0,delivered,1.0,marketplace_retailer,marketplace_retailer,large,physical_delivery,0,0.97,1,1,47,12.0,44.638888888888886,0
DSP001951,TXN0493233,M000300,CUS0177826,Mastercard,CREDIT_NOT_PROCESSED,Credit Not Processed,2025-03-14,1395,557,217,2025-03-28,14,contested,won,2025-04-22,6,3,3,0,0.95175,6,0,1.0,1395,credit_card,0,0.0,0,,0.2102707514779655,passed,1,3,0,0,delivered,0.0,marketplace_retailer,marketplace_retailer,large,physical_delivery,0,0.97,1,1,47,14.0,64.11458333333333,1
DSP001952,TXN0496110,M000300,CUS0178166,RuPay,MERCHANDISE_NOT_AS_DESCRIBED,Merchandise Not As Described,2025-11-03,1949,406,151,2025-11-13,10,contested,won,2025-11-27,6,3,3,0,0.9737,6,0,1.0,1949,credit_card,2,3244.0,0,104.0,0.3909082276145488,passed,1,1,0,0,in_transit,0.0,marketplace_retailer,marketplace_retailer,large,physical_delivery,0,0.97,1,1,47,10.0,62.984027777777776,1
DSP001953,TXN0496562,M000300,CUS0176820,RuPay,MERCHANDISE_NOT_AS_DESCRIBED,Merchandise Not As Described,2025-03-07,2949,680,249,2025-03-19,12,contested,lost,2025-03-23,6,3,3,0,0.98,6,0,1.0,2949,credit_card,0,0.0,0,,0.0471400428828915,passed,0,1,0,0,delivered,1.0,marketplace_retailer,marketplace_retailer,large,physical_delivery,0,0.97,1,1,47,12.0,4.3493055555555555,0
