dispute_id,transaction_id,merchant_id,customer_id,network,reason_code,reason_description,dispute_created_at,dispute_amount,contest_fee,operational_review_cost,respond_by,days_to_deadline,merchant_action,dispute_outcome,resolution_date,n_available,n_required,req_met,req_miss,avg_quality,n_applicable,n_unavailable,evidence_completeness,amount,payment_method,customer_previous_orders,customer_previous_spend,customer_previous_disputes,days_since_customer_last_purchase,ip_risk_score,otp_3ds_status,avs_match,payment_attempt_count,is_international,billing_shipping_mismatch,delivery_status,has_signed_proof,archetype,industry,business_size,fulfillment_type,subscription_supported,documentation_maturity,fulfillment_tracking_available,refund_policy_documented,merchant_age_months,response_window_days,dispute_lag_days,won,p_win,total_cost,breakeven,decision,recommendation,expected_value,in_test_set
DSP000002,TXN0000921,M000001,,Visa,MERCHANDISE_NOT_AS_DESCRIBED,Merchandise Not As Described,2025-12-16,3749,700,176,2026-01-01,16,contested,lost,2026-01-21,4,3,3,0,0.5404666666666667,4,2,1.0,699,credit_card,0,0.0,0,,0.0624443359010599,passed,1,1,0,1,delivered,0.0,social_seller,social_seller,small,physical_delivery,0,0.2,1,0,56,16.0,2.225,0,0.2613473944541337,876,0.23366230994931983,1,CONTEST,103.79,False
DSP000004,TXN0001027,M000001,CUS0000485,Visa,MERCHANDISE_NOT_AS_DESCRIBED,Merchandise Not As Described,2025-09-28,3200,696,252,2025-10-11,13,contested,won,2025-11-06,4,3,3,0,0.5503666666666667,4,2,1.0,2395,upi,0,0.0,0,,0.1411993503217244,not_applicable,1,2,0,0,delivered,1.0,social_seller,social_seller,small,physical_delivery,0,0.2,1,0,56,13.0,-67.41041666666666,1,0.37484441386603373,948,0.29625,1,CONTEST,251.5,True
DSP000007,TXN0001350,M000001,,RuPay,MERCHANDISE_NOT_AS_DESCRIBED,Merchandise Not As Described,2026-03-04,749,640,184,2026-03-20,16,contested,lost,2026-03-26,2,3,1,2,0.2040333333333333,2,4,0.3333333333333333,2099,credit_card,0,0.0,0,,0.5289227751474589,failed,1,2,0,0,lost,0.0,social_seller,social_seller,small,physical_delivery,0,0.2,1,0,56,16.0,328.71319444444447,0,0.015384615384615385,824,1.0,0,ACCEPT,-812.48,True
DSP000008,TXN0000211,M000001,CUS0000530,RuPay,MERCHANDISE_NOT_AS_DESCRIBED,Merchandise Not As Described,2025-12-16,1999,620,161,2025-12-26,10,contested,lost,2025-12-30,2,3,1,2,0.1925666666666667,2,4,0.3333333333333333,949,debit_card,4,3692.0,0,48.0,0.1028674591894675,passed,1,1,0,0,delivered,1.0,social_seller,social_seller,small,physical_delivery,0,0.2,1,0,56,10.0,89.83680555555556,0,0.015384615384615385,781,0.3906953476738369,0,ACCEPT,-750.25,False
DSP000012,TXN0001677,M000001,,Visa,MERCHANDISE_NOT_AS_DESCRIBED,Merchandise Not As Described,2025-04-29,600,463,268,2025-05-20,21,contested,lost,2025-06-12,2,3,0,3,0.2000166666666666,2,4,0.0,2199,wallet,0,0.0,0,,0.1449617082880667,not_applicable,1,1,0,0,delivered,1.0,social_seller,social_seller,small,physical_delivery,0,0.2,1,0,56,21.0,-37.79930555555556,0,0.015384615384615385,731,1.0,0,ACCEPT,-721.77,False
DSP000013,TXN0000034,M000001,,Visa,CREDIT_NOT_PROCESSED,Credit Not Processed,2026-01-26,945,493,299,2026-02-13,18,contested,won,2026-02-16,3,3,3,0,0.3146333333333333,3,3,1.0,1795,credit_card,0,0.0,0,,0.4004686595800062,passed,1,1,0,0,delivered,1.0,social_seller,social_seller,small,physical_delivery,0,0.2,1,0,56,18.0,311.74791666666664,1,0.3655072463768116,792,0.8380952380952381,0,ACCEPT,-446.6,False
DSP000016,TXN0002475,M000002,CUS0001166,Mastercard,DUPLICATE_TRANSACTION,Duplicate Transaction,2025-10-24,1349,744,245,2025-11-02,9,contested,won,2025-11-15,6,2,2,0,0.9402833333333334,6,0,1.0,295,debit_card,0,0.0,0,,0.4777495257109079,passed,1,1,0,1,delivered,1.0,d2c_brand,d2c_brand,medium,physical_delivery,0,0.8394736058118728,1,0,16,9.0,249.55138888888888,1,0.9347389865036924,989,0.7331356560415122,1,CONTEST,271.96,False
DSP000017,TXN0004806,M000002,CUS0000796,RuPay,MERCHANDISE_NOT_AS_DESCRIBED,Merchandise Not As Described,2025-12-03,945,531,221,2025-12-16,13,contested,won,2025-12-30,6,3,3,0,0.98,6,0,1.0,499,debit_card,0,0.0,0,,0.1456108251891332,passed,1,2,0,0,,,d2c_brand,d2c_brand,medium,physical_delivery,0,0.8394736058118728,1,0,16,13.0,275.4090277777778,1,0.8807049954931074,752,0.7957671957671958,1,CONTEST,80.27,False
DSP000019,TXN0001902,M000002,CUS0000854,Visa,CREDIT_NOT_PROCESSED,Credit Not Processed,2025-08-26,1150,732,180,2025-09-10,15,contested,won,2025-10-01,5,3,3,0,0.7989666666666667,5,1,1.0,949,debit_card,0,0.0,0,,0.1685599783652971,passed,0,1,0,0,delivered,1.0,d2c_brand,d2c_brand,medium,physical_delivery,0,0.8394736058118728,1,0,16,15.0,31.247916666666665,1,0.7213946146417303,912,0.7930434782608695,0,ACCEPT,-82.4,True
DSP000020,TXN0005241,M000002,CUS0001054,Mastercard,MERCHANDISE_NOT_RECEIVED,Merchandise Not Received,2025-06-28,1450,492,242,2025-07-10,12,contested,won,2025-07-19,5,4,3,1,0.7535666666666666,5,1,0.75,499,credit_card,0,0.0,0,,0.1385155612925694,failed,0,1,0,0,,,d2c_brand,d2c_brand,medium,physical_delivery,0,0.8394736058118728,1,0,16,12.0,132.56875,1,0.5353641456582634,734,0.5062068965517241,1,CONTEST,42.28,False
DSP000021,TXN0003543,M000002,,RuPay,DUPLICATE_TRANSACTION,Duplicate Transaction,2025-07-02,1349,626,226,2025-07-12,10,contested,won,2025-08-11,5,2,2,0,0.80435,5,1,1.0,2699,credit_card,0,0.0,0,,0.1809752424211008,passed,1,2,0,0,delivered,0.0,d2c_brand,d2c_brand,medium,physical_delivery,0,0.8394736058118728,1,0,16,10.0,-103.45972222222224,1,0.868091311597953,852,0.631578947368421,1,CONTEST,319.06,False
DSP000022,TXN0003253,M000002,CUS0000729,Mastercard,MERCHANDISE_NOT_RECEIVED,Merchandise Not Received,2026-01-21,4350,523,223,2026-02-05,15,contested,lost,2026-02-11,5,4,3,1,0.7576666666666667,5,1,0.75,7799,upi,0,0.0,0,,0.5702629532884912,not_applicable,0,1,0,1,delivered,1.0,d2c_brand,d2c_brand,medium,physical_delivery,0,0.8394736058118728,1,0,16,15.0,257.2263888888889,0,0.4664585483316134,746,0.1714942528735632,1,CONTEST,1283.09,True
DSP000025,TXN0005537,M000002,CUS0000912,Mastercard,MERCHANDISE_NOT_AS_DESCRIBED,Merchandise Not As Described,2026-01-01,2349,563,232,2026-01-19,18,contested,lost,2026-01-22,3,3,2,1,0.3932666666666666,3,3,0.6666666666666666,2999,upi,0,0.0,0,,0.0720648367640448,not_applicable,1,1,0,0,,,d2c_brand,d2c_brand,medium,physical_delivery,0,0.8394736058118728,1,0,16,18.0,184.42222222222225,0,0.20290741516547967,795,0.3384418901660281,0,ACCEPT,-318.37,False
DSP000027,TXN0007508,M000003,CUS0002820,Visa,RECURRING_BILLING_DISPUTE,Recurring Billing Dispute,2025-11-23,499,679,275,2025-12-13,20,contested,won,2025-12-26,5,5,4,1,0.73855,5,1,0.8,2999,upi,0,0.0,0,,0.3438617056985594,not_applicable,1,1,0,0,,,subscription_edtech,subscription_edtech,medium,digital_service,1,0.7322279403980707,0,1,112,20.0,302.6548611111112,1,0.8048878483944897,954,1.0,0,ACCEPT,-552.36,False
DSP000028,TXN0006703,M000003,,Visa,RECURRING_BILLING_DISPUTE,Recurring Billing Dispute,2025-02-10,9999,635,220,2025-02-28,18,contested,won,2025-03-22,6,5,5,0,0.85305,6,0,1.0,499,debit_card,0,0.0,0,,0.2164779994064239,failed,1,2,0,0,,,subscription_edtech,subscription_edtech,medium,digital_service,1,0.7322279403980707,0,1,112,18.0,-3.421527777777778,1,0.9581328108635112,855,0.0855085508550855,1,CONTEST,8725.37,False
DSP000030,TXN0005721,M000003,CUS0002636,RuPay,UNAUTHORIZED_TRANSACTION,Unauthorized Transaction,2025-06-06,9999,479,243,2025-06-21,15,contested,lost,2025-07-13,5,4,3,1,0.7808666666666667,5,1,0.75,499,debit_card,0,0.0,0,,0.459890257758581,passed,1,1,0,0,,,subscription_edtech,subscription_edtech,medium,digital_service,1,0.7322279403980707,0,1,112,15.0,-106.79305555555555,0,0.26170995670995667,722,0.07220722072207221,1,CONTEST,1894.84,False
DSP000031,TXN0005924,M000003,CUS0002044,RuPay,RECURRING_BILLING_DISPUTE,Recurring Billing Dispute,2025-09-27,499,614,150,2025-10-06,9,contested,won,2025-10-23,3,5,3,2,0.4574666666666667,3,3,0.6,499,credit_card,0,0.0,0,,0.5135155738038019,failed,1,1,0,0,,,subscription_edtech,subscription_edtech,medium,digital_service,1,0.7322279403980707,0,1,112,9.0,197.15833333333333,1,0.07007319056654919,764,1.0,0,ACCEPT,-729.03,True
DSP000032,TXN0009056,M000003,,Visa,RECURRING_BILLING_DISPUTE,Recurring Billing Dispute,2025-02-20,9999,744,246,2025-03-06,14,contested,lost,2025-03-29,3,5,2,3,0.39815,3,3,0.4,399,debit_card,0,0.0,0,,0.2568431902144241,passed,1,2,0,0,,,subscription_edtech,subscription_edtech,medium,digital_service,1,0.7322279403980707,0,1,112,14.0,-219.36388888888888,0,0.03225806451612903,990,0.09900990099009901,0,ACCEPT,-667.45,False
DSP000033,TXN0007668,M000003,CUS0003071,Visa,CREDIT_NOT_PROCESSED,Credit Not Processed,2025-10-28,499,694,221,2025-11-15,18,contested,won,2025-11-12,6,4,4,0,0.8929333333333332,6,0,1.0,499,credit_card,0,0.0,0,,0.4113413719886583,passed,1,1,0,0,,,subscription_edtech,subscription_edtech,medium,digital_service,1,0.7322279403980707,0,1,112,18.0,215.5361111111111,1,0.9564502164502166,915,1.0,0,ACCEPT,-437.73,False
DSP000034,TXN0008929,M000003,CUS0002671,Mastercard,RECURRING_BILLING_DISPUTE,Recurring Billing Dispute,2025-11-11,499,562,167,2025-11-21,10,contested,won,2025-11-29,6,5,5,0,0.8798333333333334,6,0,1.0,399,netbanking,0,0.0,0,,0.1545847643974623,not_applicable,1,1,0,0,,,subscription_edtech,subscription_edtech,medium,digital_service,1,0.7322279403980707,0,1,112,10.0,198.68958333333333,1,0.9885714285714287,729,1.0,0,ACCEPT,-235.7,True
DSP000036,TXN0006806,M000003,CUS0003222,Mastercard,CREDIT_NOT_PROCESSED,Credit Not Processed,2025-02-17,2999,616,285,2025-03-03,14,contested,lost,2025-03-12,4,4,2,2,0.6135499999999999,4,2,0.5,499,upi,1,499.0,0,87.0,0.3661460383207195,not_applicable,1,1,0,0,,,subscription_edtech,subscription_edtech,medium,digital_service,1,0.7322279403980707,0,1,112,14.0,-46.21875,0,0.24337662337662339,901,0.300433477825942,0,ACCEPT,-171.11,False
DSP000038,TXN0008630,M000003,CUS0002517,Mastercard,SERVICE_NOT_RENDERED,Service Not Rendered,2025-03-29,2999,668,293,2025-04-12,14,contested,lost,2025-04-17,4,4,2,2,0.6277,4,2,0.5,9999,debit_card,0,0.0,0,,0.1319021271843762,passed,1,1,0,0,,,subscription_edtech,subscription_edtech,medium,digital_service,1,0.7322279403980707,0,1,112,14.0,-197.0305555555556,0,0.2633766233766234,961,0.32044014671557186,0,ACCEPT,-171.13,False
DSP000040,TXN0006071,M000003,CUS0002065,Visa,UNAUTHORIZED_TRANSACTION,Unauthorized Transaction,2025-08-21,499,749,171,2025-09-10,20,contested,lost,2025-09-16,3,4,2,2,0.4762333333333333,3,3,0.5,499,credit_card,0,0.0,0,,0.0971093756587764,passed,0,1,0,0,,,subscription_edtech,subscription_edtech,medium,digital_service,1,0.7322279403980707,0,1,112,20.0,-120.63819444444444,0,0.05578747628083491,920,1.0,0,ACCEPT,-892.16,False
DSP000043,TXN0007802,M000003,,Visa,RECURRING_BILLING_DISPUTE,Recurring Billing Dispute,2025-05-01,499,740,276,2025-05-20,19,contested,lost,2025-05-25,4,5,3,2,0.5896666666666667,4,2,0.6,9999,upi,1,9999.0,0,40.0,0.1658121247859542,not_applicable,1,1,0,0,,,subscription_edtech,subscription_edtech,medium,digital_service,1,0.7322279403980707,0,1,112,19.0,-48.55347222222223,0,0.2790909090909091,1016,1.0,0,ACCEPT,-876.73,False
DSP000044,TXN0009646,M000004,,Visa,RECURRING_BILLING_DISPUTE,Recurring Billing Dispute,2025-06-09,799,663,292,2025-06-16,7,contested,won,2025-07-10,6,5,5,0,0.9555,6,0,1.0,1499,debit_card,0,0.0,0,,0.2294992783325943,passed,0,1,0,0,,,saas_tools,saas_tools,small,digital_service,1,0.944552322654166,0,1,101,7.0,-157.4909722222222,1,0.9564502164502166,955,1.0,0,ACCEPT,-190.8,False
DSP000045,TXN0009540,M000004,,Visa,RECURRING_BILLING_DISPUTE,Recurring Billing Dispute,2025-03-14,399,441,190,2025-03-29,15,contested,lost,2025-04-01,3,5,2,3,0.4567166666666666,3,3,0.4,999,debit_card,0,0.0,0,,0.1174482451197306,passed,1,2,0,0,,,saas_tools,saas_tools,small,digital_service,1,0.944552322654166,0,1,101,15.0,-244.23819444444445,0,0.161624649859944,631,1.0,0,ACCEPT,-566.51,False
DSP000046,TXN0009841,M000004,,Mastercard,RECURRING_BILLING_DISPUTE,Recurring Billing Dispute,2026-01-11,399,521,240,2026-01-20,9,contested,won,2026-02-05,6,5,5,0,0.9753,6,0,1.0,999,debit_card,0,0.0,0,,0.5527990657087646,passed,1,3,0,0,,,saas_tools,saas_tools,small,digital_service,1,0.944552322654166,0,1,101,9.0,153.90833333333333,1,0.9999999999999989,761,1.0,0,ACCEPT,-362.0,False
DSP000047,TXN0009413,M000004,,RuPay,UNAUTHORIZED_TRANSACTION,Unauthorized Transaction,2025-12-29,799,514,228,2026-01-05,7,contested,lost,2026-01-27,4,4,3,1,0.6038333333333333,4,2,0.75,3999,debit_card,0,0.0,0,,0.5058221308320778,passed,1,1,0,0,,,saas_tools,saas_tools,small,digital_service,1,0.944552322654166,0,1,101,7.0,180.53333333333333,0,0.3180590805075931,742,0.9286608260325406,0,ACCEPT,-487.87,True
DSP000049,TXN0009409,M000004,,Visa,RECURRING_BILLING_DISPUTE,Recurring Billing Dispute,2025-07-07,1499,575,225,2025-07-19,12,contested,won,2025-07-22,6,5,5,0,0.9432666666666668,6,0,1.0,1499,upi,0,0.0,0,,0.2858385704578877,not_applicable,1,2,0,0,,,saas_tools,saas_tools,small,digital_service,1,0.944552322654166,0,1,101,12.0,14.952083333333333,1,1.0,800,0.533689126084056,1,CONTEST,699.0,False
DSP000050,TXN0009447,M000004,,Visa,RECURRING_BILLING_DISPUTE,Recurring Billing Dispute,2026-01-16,399,739,247,2026-02-05,20,contested,won,2026-01-30,6,5,5,0,0.9702833333333332,6,0,1.0,1499,wallet,0,0.0,0,,0.3878495503175806,not_applicable,1,1,1,0,,,saas_tools,saas_tools,small,digital_service,1,0.944552322654166,0,1,101,20.0,111.81319444444443,1,0.9800000000000001,986,1.0,0,ACCEPT,-594.98,False
DSP000051,TXN0010514,M000005,CUS0004171,Mastercard,RECURRING_BILLING_DISPUTE,Recurring Billing Dispute,2025-11-05,3999,649,192,2025-11-12,7,contested,won,2025-12-05,5,5,5,0,0.7188833333333333,5,1,1.0,6999,debit_card,3,47793.0,0,139.0,0.1706453868826498,failed,1,1,0,0,,,fitness_membership,fitness_membership,small,membership_service,1,0.6016175480170748,0,1,28,7.0,18.803472222222226,1,0.6870521495536195,841,0.21030257564391097,1,CONTEST,1906.52,False
DSP000056,TXN0011436,M000005,CUS0003791,Visa,DUPLICATE_TRANSACTION,Duplicate Transaction,2025-07-25,999,681,206,2025-08-13,19,contested,lost,2025-09-04,3,2,1,1,0.4812,3,3,0.5,17899,credit_card,0,0.0,0,,0.5607630194998598,passed,1,1,0,0,,,fitness_membership,fitness_membership,small,membership_service,1,0.6016175480170748,0,1,28,19.0,94.47291666666666,0,0.3753318077803204,887,0.8878878878878879,0,ACCEPT,-512.04,True
DSP000057,TXN0011591,M000005,CUS0003870,Visa,RECURRING_BILLING_DISPUTE,Recurring Billing Dispute,2025-04-12,1499,477,248,2025-04-30,18,contested,lost,2025-05-24,5,5,4,1,0.6854999999999999,5,1,0.8,2149,upi,4,40742.0,0,57.0,0.0986654481752316,not_applicable,1,1,0,0,,,fitness_membership,fitness_membership,small,membership_service,1,0.6016175480170748,0,1,28,18.0,-214.29166666666663,0,0.4658888888888889,725,0.4836557705136758,0,ACCEPT,-26.63,False
DSP000058,TXN0011829,M000005,CUS0003863,Visa,UNAUTHORIZED_TRANSACTION,Unauthorized Transaction,2025-10-31,1499,439,218,2025-11-10,10,contested,won,2025-11-18,5,4,4,0,0.7065833333333332,5,1,1.0,4749,netbanking,0,0.0,0,,0.149194778057863,not_applicable,1,1,1,0,,,fitness_membership,fitness_membership,small,membership_service,1,0.6016175480170748,0,1,28,10.0,-7.000694444444444,1,0.491143079229966,657,0.43829219479653103,1,CONTEST,79.22,False
DSP000060,TXN0010460,M000005,CUS0003884,RuPay,SERVICE_NOT_RENDERED,Service Not Rendered,2025-08-04,1499,457,274,2025-08-13,9,contested,won,2025-09-02,5,4,4,0,0.6747,5,1,1.0,8199,netbanking,0,0.0,0,,0.3076132107547387,not_applicable,1,1,0,0,,,fitness_membership,fitness_membership,small,membership_service,1,0.6016175480170748,0,1,28,9.0,-115.56388888888888,1,0.6836701585597585,731,0.4876584389593062,1,CONTEST,293.82,False
DSP000061,TXN0010548,M000005,CUS0003741,Visa,RECURRING_BILLING_DISPUTE,Recurring Billing Dispute,2025-08-05,999,525,255,2025-08-14,9,contested,lost,2025-08-22,4,5,4,1,0.5772333333333334,4,2,0.8,26995,wallet,0,0.0,0,,0.0767183757378448,not_applicable,1,1,0,0,,,fitness_membership,fitness_membership,small,membership_service,1,0.6016175480170748,0,1,28,9.0,78.78263888888888,0,0.2554739120528594,780,0.7807807807807807,0,ACCEPT,-524.78,False
DSP000062,TXN0010608,M000005,,Visa,CREDIT_NOT_PROCESSED,Credit Not Processed,2025-08-27,999,489,212,2025-09-03,7,contested,lost,2025-10-11,3,4,1,3,0.4364166666666667,3,3,0.25,2099,upi,0,0.0,0,,0.1228030025031076,not_applicable,1,1,0,0,,,fitness_membership,fitness_membership,small,membership_service,1,0.6016175480170748,0,1,28,7.0,-113.53472222222224,0,0.0,701,0.7017017017017017,0,ACCEPT,-701.0,False
DSP000063,TXN0011641,M000005,CUS0003724,Mastercard,RECURRING_BILLING_DISPUTE,Recurring Billing Dispute,2025-06-15,999,526,287,2025-06-23,8,contested,lost,2025-07-25,2,5,1,4,0.2970666666666666,2,4,0.2,21499,credit_card,0,0.0,0,,0.2242574491947624,passed,1,1,0,0,,,fitness_membership,fitness_membership,small,membership_service,1,0.6016175480170748,0,1,28,8.0,115.62152777777776,0,0.0,813,0.8138138138138138,0,ACCEPT,-813.0,False
DSP000064,TXN0015379,M000006,,Mastercard,SERVICE_NOT_RENDERED,Service Not Rendered,2025-01-25,3300,439,210,2025-02-15,21,contested,won,2025-02-25,3,3,3,0,0.4217333333333333,3,3,1.0,3299,debit_card,0,0.0,0,,0.1328395275146563,failed,1,2,0,0,delivered,1.0,travel_booking,travel_booking,medium,booking_service,0,0.5287607531574458,0,0,23,21.0,-276.4270833333333,1,0.4671895424836602,649,0.19666666666666666,1,CONTEST,892.73,False
DSP000066,TXN0014233,M000006,CUS0005057,Visa,MERCHANDISE_NOT_AS_DESCRIBED,Merchandise Not As Described,2026-01-07,370,706,205,2026-01-25,18,contested,won,2026-02-21,4,3,3,0,0.50915,4,2,1.0,1049,wallet,0,0.0,0,,0.1083268782825457,not_applicable,1,1,0,0,delivered,0.0,travel_booking,travel_booking,medium,booking_service,0,0.5287607531574458,0,0,23,18.0,253.76736111111111,1,0.4775696594427245,911,1.0,0,ACCEPT,-734.3,False
DSP000068,TXN0012781,M000006,CUS0005292,Mastercard,MERCHANDISE_NOT_AS_DESCRIBED,Merchandise Not As Described,2025-04-09,8700,605,285,2025-04-29,20,contested,lost,2025-04-25,5,3,2,1,0.6765333333333333,5,1,0.6666666666666666,4795,credit_card,0,0.0,0,,0.3802714585879446,passed,1,1,0,0,,,travel_booking,travel_booking,medium,booking_service,0,0.5287607531574458,0,0,23,20.0,-7.80625,0,0.23445887445887448,890,0.10229885057471265,1,CONTEST,1149.79,False
DSP000069,TXN0013198,M000006,CUS0004548,Visa,SERVICE_NOT_RENDERED,Service Not Rendered,2025-07-01,5700,497,155,2025-07-15,14,contested,won,2025-08-01,4,3,3,0,0.5735333333333333,4,2,1.0,6795,credit_card,0,0.0,0,,0.4511351410146378,passed,1,1,0,0,,,travel_booking,travel_booking,medium,booking_service,0,0.5287607531574458,0,0,23,14.0,61.265277777777776,1,0.46996732026143795,652,0.1143859649122807,1,CONTEST,2026.81,True
DSP000072,TXN0013459,M000006,CUS0004594,Visa,MERCHANDISE_NOT_AS_DESCRIBED,Merchandise Not As Described,2025-11-26,18599,472,264,2025-12-10,14,contested,lost,2025-12-15,4,3,3,0,0.5732499999999999,4,2,1.0,3149,upi,1,17099.0,0,98.0,0.1744896008124999,not_applicable,1,1,0,0,,,travel_booking,travel_booking,medium,booking_service,0,0.5287607531574458,0,0,23,14.0,108.3875,0,0.4431578947368421,736,0.03957202000107533,1,CONTEST,7506.29,True
DSP000073,TXN0012272,M000006,CUS0004779,Mastercard,UNAUTHORIZED_TRANSACTION,Unauthorized Transaction,2025-03-13,8200,568,256,2025-03-31,18,contested,lost,2025-04-16,6,3,3,0,0.7866,6,0,1.0,36499,debit_card,3,42197.0,0,97.0,0.0497870503447826,passed,1,1,0,0,,,travel_booking,travel_booking,medium,booking_service,0,0.5287607531574458,0,0,23,18.0,-225.83819444444444,0,0.417046783625731,824,0.10048780487804879,1,CONTEST,2595.78,True
DSP000074,TXN0015171,M000006,CUS0005210,Visa,SERVICE_NOT_RENDERED,Service Not Rendered,2025-03-19,11999,662,192,2025-03-27,8,contested,lost,2025-04-10,0,3,0,3,0.0,0,6,0.0,1895,wallet,0,0.0,0,,0.1990930678978354,not_applicable,1,1,0,0,delivered,1.0,travel_booking,travel_booking,medium,booking_service,0,0.5287607531574458,0,0,23,8.0,-15.185416666666669,0,0.015384615384615385,854,0.07117259771647637,0,ACCEPT,-669.4,False
DSP000075,TXN0013675,M000006,CUS0004933,Mastercard,SERVICE_NOT_RENDERED,Service Not Rendered,2025-08-31,11800,417,269,2025-09-17,17,contested,lost,2025-09-21,3,3,2,1,0.3738333333333334,3,3,0.6666666666666666,5299,credit_card,0,0.0,0,,0.5006373031199742,passed,1,1,0,0,,,travel_booking,travel_booking,medium,booking_service,0,0.5287607531574458,0,0,23,17.0,216.71875,0,0.19798828622358036,686,0.05813559322033898,1,CONTEST,1650.26,False
DSP000078,TXN0015414,M000006,,Visa,CREDIT_NOT_PROCESSED,Credit Not Processed,2025-11-15,20995,569,170,2025-12-02,17,contested,lost,2025-12-22,3,4,1,3,0.4078333333333333,3,3,0.25,4999,debit_card,1,1549.0,0,13.0,0.1674583133642932,passed,1,1,0,0,delivered,1.0,travel_booking,travel_booking,medium,booking_service,0,0.5287607531574458,0,0,23,17.0,207.75347222222223,0,0.015384615384615385,739,0.0351988568706835,0,ACCEPT,-416.0,False
DSP000079,TXN0012513,M000006,CUS0004366,Visa,UNAUTHORIZED_TRANSACTION,Unauthorized Transaction,2025-08-13,1299,735,179,2025-08-29,16,contested,lost,2025-09-24,2,3,0,3,0.2277333333333333,2,4,0.0,6899,upi,0,0.0,0,,0.3779151867071866,not_applicable,1,1,0,0,,,travel_booking,travel_booking,medium,booking_service,0,0.5287607531574458,0,0,23,16.0,18.426388888888887,0,0.0,914,0.7036181678214011,0,ACCEPT,-914.0,False
DSP000081,TXN0016333,M000007,CUS0006330,Visa,MERCHANDISE_NOT_AS_DESCRIBED,Merchandise Not As Described,2026-01-11,649,579,189,2026-01-23,12,contested,won,2026-02-15,6,3,3,0,0.9563333333333331,6,0,1.0,1549,debit_card,0,0.0,0,,0.3754364541603063,passed,1,2,0,0,delivered,1.0,marketplace_retailer,marketplace_retailer,large,physical_delivery,0,0.9689524311815636,1,1,117,12.0,270.6069444444444,1,0.8048878483944897,768,1.0,0,ACCEPT,-245.63,True
DSP000082,TXN0022749,M000007,CUS0006690,Visa,MERCHANDISE_NOT_AS_DESCRIBED,Merchandise Not As Described,2026-02-04,360,610,206,2026-02-21,17,contested,won,2026-03-17,6,3,3,0,0.96345,6,0,1.0,1549,credit_card,0,0.0,0,,0.2782028965629702,passed,1,1,0,0,rto,0.0,marketplace_retailer,marketplace_retailer,large,physical_delivery,0,0.9689524311815636,1,1,117,17.0,344.30069444444445,1,0.8574592769659184,816,1.0,0,ACCEPT,-507.31,False
DSP000083,TXN0023863,M000007,CUS0006619,RuPay,MERCHANDISE_NOT_AS_DESCRIBED,Merchandise Not As Described,2025-10-29,490,423,212,2025-11-05,7,contested,won,2025-12-09,6,3,3,0,0.98,6,0,1.0,1049,upi,0,0.0,0,,0.6704143951782962,not_applicable,1,1,0,0,delivered,1.0,marketplace_retailer,marketplace_retailer,large,physical_delivery,0,0.9689524311815636,1,1,117,7.0,233.2333333333333,1,0.6933543690860744,635,1.0,0,ACCEPT,-295.26,False
DSP000088,TXN0020107,M000007,CUS0005786,Mastercard,MERCHANDISE_NOT_RECEIVED,Merchandise Not Received,2025-11-05,495,416,281,2025-11-20,15,contested,won,2025-11-19,6,4,4,0,0.9759833333333332,6,0,1.0,2199,upi,0,0.0,0,,0.0928052045891872,not_applicable,1,1,0,0,in_transit,0.0,marketplace_retailer,marketplace_retailer,large,physical_delivery,0,0.9689524311815636,1,1,117,15.0,298.3645833333333,1,0.9382683982683983,697,1.0,0,ACCEPT,-232.56,False
DSP000089,TXN0018183,M000007,,Visa,UNAUTHORIZED_TRANSACTION,Unauthorized Transaction,2025-12-09,2600,456,177,2025-12-29,20,contested,won,2025-12-25,5,4,4,0,0.7924166666666667,5,1,1.0,12199,upi,1,4145.0,0,26.0,0.2208947721564083,not_applicable,1,1,0,0,delivered,1.0,marketplace_retailer,marketplace_retailer,large,physical_delivery,0,0.9689524311815636,1,1,117,20.0,301.3798611111111,1,0.5056747638326586,633,0.24346153846153845,1,CONTEST,681.75,False
DSP000092,TXN0019534,M000007,CUS0007925,Visa,MERCHANDISE_NOT_AS_DESCRIBED,Merchandise Not As Described,2025-07-30,1595,616,168,2025-08-11,12,contested,won,2025-08-30,5,3,3,0,0.8030166666666667,5,1,1.0,7699,debit_card,0,0.0,0,,0.1176093497169603,failed,1,1,0,0,in_transit,0.0,marketplace_retailer,marketplace_retailer,large,physical_delivery,0,0.9689524311815636,1,1,117,12.0,-54.90763888888889,1,0.8048878483944897,784,0.4915360501567398,1,CONTEST,499.8,False
DSP000093,TXN0021659,M000007,CUS0006079,Visa,MERCHANDISE_NOT_AS_DESCRIBED,Merchandise Not As Described,2025-10-05,4499,652,253,2025-10-26,21,contested,won,2025-11-08,6,3,3,0,0.98,6,0,1.0,239,upi,0,0.0,0,,0.1293755950956729,not_applicable,1,1,0,1,delivered,1.0,marketplace_retailer,marketplace_retailer,large,physical_delivery,0,0.9689524311815636,1,1,117,21.0,130.2375,1,0.7784172601591957,905,0.20115581240275618,1,CONTEST,2597.1,False
DSP000095,TXN0020722,M000007,CUS0006933,Visa,MERCHANDISE_NOT_RECEIVED,Merchandise Not Received,2026-01-20,1899,517,260,2026-02-04,15,contested,lost,2026-03-05,6,4,4,0,0.98,6,0,1.0,849,credit_card,0,0.0,0,,0.1870280269427628,passed,1,1,0,0,delivered,1.0,marketplace_retailer,marketplace_retailer,large,physical_delivery,0,0.9689524311815636,1,1,117,15.0,238.58055555555555,0,0.9382683982683983,777,0.40916271721958924,1,CONTEST,1004.77,False
DSP000097,TXN0022015,M000007,,Visa,MERCHANDISE_NOT_RECEIVED,Merchandise Not Received,2025-05-25,25999,533,211,2025-06-06,12,contested,lost,2025-06-20,5,4,4,0,0.7911166666666666,5,1,1.0,249,upi,0,0.0,0,,0.758541114544598,not_applicable,1,1,0,1,delivered,1.0,marketplace_retailer,marketplace_retailer,large,physical_delivery,0,0.9689524311815636,1,1,117,12.0,132.63958333333332,0,0.8545230827253765,744,0.02861648524943267,1,CONTEST,21472.75,True
DSP000098,TXN0015684,M000007,,Visa,UNAUTHORIZED_TRANSACTION,Unauthorized Transaction,2025-04-19,2750,621,179,2025-04-27,8,contested,lost,2025-05-10,6,4,4,0,0.98,6,0,1.0,14599,upi,1,5099.0,0,301.0,0.2761278980229135,not_applicable,1,1,0,0,delivered,1.0,marketplace_retailer,marketplace_retailer,large,physical_delivery,0,0.9689524311815636,1,1,117,8.0,-226.67708333333331,0,0.45812629399585925,800,0.2909090909090909,1,CONTEST,459.85,False
DSP000099,TXN0018061,M000007,CUS0005880,RuPay,CREDIT_NOT_PROCESSED,Credit Not Processed,2026-02-22,1099,511,218,2026-03-09,15,contested,won,2026-03-08,6,3,3,0,0.9199,6,0,1.0,489,upi,2,18294.0,0,18.0,0.491557994461188,not_applicable,1,4,0,0,lost,0.0,marketplace_retailer,marketplace_retailer,large,physical_delivery,0,0.9689524311815636,1,1,117,15.0,200.8493055555556,1,0.8048878483944897,729,0.6633303002729755,1,CONTEST,155.57,False
DSP000100,TXN0022431,M000007,CUS0007230,Visa,DUPLICATE_TRANSACTION,Duplicate Transaction,2025-10-20,2749,743,194,2025-11-09,20,contested,won,2025-11-16,6,2,2,0,0.98,6,0,1.0,415,upi,0,0.0,0,,0.5146390439612526,not_applicable,1,1,0,0,in_transit,0.0,marketplace_retailer,marketplace_retailer,large,physical_delivery,0,0.9689524311815636,1,1,117,20.0,155.66666666666666,1,0.9347389865036924,937,0.34085121862495454,1,CONTEST,1632.6,False
DSP000102,TXN0023444,M000007,CUS0005706,Visa,MERCHANDISE_NOT_AS_DESCRIBED,Merchandise Not As Described,2025-11-05,1499,564,280,2025-11-15,10,contested,won,2025-12-03,5,3,2,1,0.7901833333333333,5,1,0.6666666666666666,899,upi,0,0.0,0,,0.1418760096862681,not_applicable,1,2,0,0,delivered,1.0,marketplace_retailer,marketplace_retailer,large,physical_delivery,0,0.9689524311815636,1,1,117,10.0,140.20138888888889,1,0.6673529809527349,844,0.5630420280186791,1,CONTEST,156.36,False
DSP000103,TXN0031836,M000088,,Mastercard,SERVICE_NOT_RENDERED,Service Not Rendered,2025-06-18,1499,561,291,2025-06-29,11,contested,won,2025-07-06,4,4,4,0,0.5605,4,2,1.0,3999,debit_card,0,0.0,0,,0.391534733448263,passed,1,1,0,0,,,subscription_edtech,subscription_edtech,small,digital_service,1,0.7161429053599013,0,1,97,11.0,-85.9875,1,0.6669771741248387,852,0.5683789192795197,1,CONTEST,147.8,False
DSP000104,TXN0031424,M000088,,Visa,RECURRING_BILLING_DISPUTE,Recurring Billing Dispute,2025-11-08,1499,650,225,2025-11-21,13,contested,lost,2025-12-12,3,5,2,3,0.4699666666666666,3,3,0.4,5999,debit_card,2,20998.0,0,190.0,0.3945279782284502,passed,1,1,0,1,,,subscription_edtech,subscription_edtech,small,digital_service,1,0.7161429053599013,0,1,97,13.0,-6.011805555555555,0,0.03225806451612903,875,0.5837224816544363,0,ACCEPT,-826.65,False
DSP000106,TXN0032374,M000089,,Visa,RECURRING_BILLING_DISPUTE,Recurring Billing Dispute,2025-01-20,24999,596,159,2025-01-29,9,contested,lost,2025-02-18,3,5,2,3,0.4166833333333333,3,3,0.4,949,credit_card,0,0.0,0,,0.230114070668413,passed,0,1,0,0,delivered,0.0,fitness_membership,fitness_membership,small,membership_service,1,0.4862996819193048,0,1,11,9.0,-204.9986111111111,0,0.0,755,0.030201208048321933,0,ACCEPT,-755.0,False
DSP000107,TXN0032024,M000089,,Visa,SERVICE_NOT_RENDERED,Service Not Rendered,2025-02-17,14999,560,289,2025-02-24,7,contested,lost,2025-03-21,5,4,3,1,0.5787833333333333,5,1,0.75,5999,upi,0,0.0,0,,0.3491485531814212,not_applicable,0,1,0,0,,,fitness_membership,fitness_membership,small,membership_service,1,0.4862996819193048,0,1,11,7.0,-251.4152777777778,0,0.2277922077922078,849,0.05660377358490566,1,CONTEST,2567.66,False
DSP000108,TXN0032197,M000089,CUS0011388,Visa,UNAUTHORIZED_TRANSACTION,Unauthorized Transaction,2026-01-03,24999,732,250,2026-01-22,19,contested,lost,2026-01-24,3,4,2,2,0.44995,3,3,0.5,649,credit_card,2,2794.0,0,12.0,0.2145803296426705,passed,1,2,0,0,delivered,1.0,fitness_membership,fitness_membership,small,membership_service,1,0.4862996819193048,0,1,11,19.0,63.97916666666666,0,0.0,982,0.03928157126285051,0,ACCEPT,-982.0,True
DSP000110,TXN0032483,M000090,CUS0011747,RuPay,RECURRING_BILLING_DISPUTE,Recurring Billing Dispute,2025-08-06,999,544,207,2025-08-24,18,contested,lost,2025-09-04,2,5,2,3,0.2164166666666666,2,4,0.4,2099,upi,1,7299.0,0,56.0,0.1948130005073388,not_applicable,1,2,0,0,delivered,1.0,fitness_membership,fitness_membership,small,membership_service,1,0.4703343805807432,0,0,102,18.0,51.172916666666666,0,0.0,751,0.7517517517517518,0,ACCEPT,-751.0,False
DSP000111,TXN0033133,M000091,CUS0011876,Visa,CREDIT_NOT_PROCESSED,Credit Not Processed,2025-11-27,24999,415,278,2025-12-07,10,contested,lost,2025-12-21,4,4,2,2,0.5870666666666667,4,2,0.5,1395,credit_card,1,5299.0,0,1.0,0.1837354271889571,passed,1,2,0,0,delivered,1.0,fitness_membership,fitness_membership,small,membership_service,1,0.6459141361173186,0,1,95,10.0,81.14583333333333,0,0.07007319056654919,693,0.027721108844353776,1,CONTEST,1058.76,True
DSP000113,TXN0033314,M000091,,Visa,RECURRING_BILLING_DISPUTE,Recurring Billing Dispute,2025-11-22,5999,424,273,2025-12-12,20,contested,lost,2025-12-26,3,5,3,2,0.44385,3,3,0.6,1749,debit_card,0,0.0,0,,0.1573649165304594,passed,1,1,0,0,delivered,0.0,fitness_membership,fitness_membership,small,membership_service,1,0.6459141361173186,0,1,95,20.0,311.2965277777778,0,0.046543778801843315,697,0.11618603100516753,0,ACCEPT,-417.78,True
DSP000114,TXN0033827,M000092,,Visa,RECURRING_BILLING_DISPUTE,Recurring Billing Dispute,2025-05-15,3999,593,260,2025-05-22,7,contested,lost,2025-06-04,3,5,3,2,0.4233333333333333,3,3,0.6,799,netbanking,0,0.0,0,,0.3128463992032306,not_applicable,1,2,0,0,,,fitness_membership,fitness_membership,small,membership_service,1,0.552844574038083,0,1,34,7.0,132.7263888888889,0,0.0,853,0.21330332583145786,0,ACCEPT,-853.0,False
DSP000116,TXN0033673,M000092,CUS0011976,Visa,RECURRING_BILLING_DISPUTE,Recurring Billing Dispute,2025-06-19,3999,607,266,2025-07-09,20,contested,lost,2025-07-19,4,5,3,2,0.5202666666666667,4,2,0.6,895,debit_card,0,0.0,0,,0.1019147700961998,passed,1,1,0,0,delivered,1.0,fitness_membership,fitness_membership,small,membership_service,1,0.552844574038083,0,1,34,20.0,166.26597222222222,0,0.046543778801843315,873,0.218304576144036,0,ACCEPT,-686.87,False
DSP000117,TXN0033982,M000092,CUS0012103,Visa,CREDIT_NOT_PROCESSED,Credit Not Processed,2025-12-12,5999,674,292,2025-12-28,16,contested,lost,2026-01-23,3,4,2,2,0.3287333333333333,3,3,0.5,2999,upi,0,0.0,0,,0.1003535819444451,not_applicable,1,5,0,0,,,fitness_membership,fitness_membership,small,membership_service,1,0.552844574038083,0,1,34,16.0,54.12916666666667,0,0.0,966,0.16102683780630106,0,ACCEPT,-966.0,False
DSP000118,TXN0034427,M000093,,RuPay,UNAUTHORIZED_TRANSACTION,Unauthorized Transaction,2025-08-23,895,628,192,2025-09-13,21,contested,lost,2025-09-15,6,4,4,0,0.85115,6,0,1.0,1499,debit_card,0,0.0,0,,0.5453144198346529,passed,1,1,0,0,,,d2c_brand,d2c_brand,small,physical_delivery,0,0.7955754548047492,1,1,53,21.0,39.57708333333333,0,0.5777275541795666,820,0.9162011173184358,0,ACCEPT,-302.93,False
DSP000123,TXN0035156,M000095,CUS0012585,RuPay,DUPLICATE_TRANSACTION,Duplicate Transaction,2026-02-04,5695,621,156,2026-02-15,11,contested,won,2026-03-13,4,2,1,1,0.6529166666666667,4,2,0.5,5999,debit_card,0,0.0,0,,0.5408026303241662,passed,1,3,0,0,,,d2c_brand,d2c_brand,small,physical_delivery,0,0.8371486690911891,1,0,40,11.0,312.0486111111111,1,0.5573078091652465,777,0.13643546971027218,1,CONTEST,2396.87,True
DSP000124,TXN0035924,M000096,,Mastercard,UNAUTHORIZED_TRANSACTION,Unauthorized Transaction,2025-04-09,799,673,167,2025-04-28,19,contested,won,2025-05-20,5,4,3,1,0.7599666666666667,5,1,0.75,2499,credit_card,0,0.0,0,,0.0831463528148067,passed,1,2,0,0,,,saas_tools,saas_tools,small,digital_service,1,0.8761820856600158,0,1,29,19.0,87.58333333333333,1,0.3892206966692092,840,1.0,0,ACCEPT,-529.01,False
DSP000125,TXN0035724,M000096,CUS0012853,Mastercard,RECURRING_BILLING_DISPUTE,Recurring Billing Dispute,2025-10-05,2999,679,243,2025-10-15,10,contested,won,2025-11-17,4,5,3,2,0.6345666666666666,4,2,0.6,2499,upi,1,2499.0,0,8.0,0.1152752234586456,not_applicable,1,2,0,0,,,saas_tools,saas_tools,small,digital_service,1,0.8761820856600158,0,1,29,10.0,119.21875,1,0.4217601829977786,922,0.30743581193731245,1,CONTEST,342.86,False
DSP000128,TXN0036522,M000097,CUS0012968,Mastercard,RECURRING_BILLING_DISPUTE,Recurring Billing Dispute,2025-06-09,1499,526,156,2025-06-28,19,contested,lost,2025-07-07,5,5,4,1,0.6242333333333333,5,1,0.8,949,upi,0,0.0,0,,0.0383133029214225,not_applicable,1,1,0,0,delivered,0.0,fitness_membership,fitness_membership,small,membership_service,1,0.5765835258535241,0,0,85,19.0,-84.28819444444444,0,0.3927294685990338,682,0.4549699799866578,0,ACCEPT,-93.3,True
DSP000129,TXN0037120,M000098,,Mastercard,RECURRING_BILLING_DISPUTE,Recurring Billing Dispute,2025-07-21,999,627,283,2025-08-06,16,contested,lost,2025-08-29,3,5,3,2,0.4808999999999999,3,3,0.6,4999,upi,3,14997.0,0,188.0,0.0364817728975073,not_applicable,1,3,0,0,,,fitness_membership,fitness_membership,small,membership_service,1,0.572875948108384,0,1,66,16.0,-147.2902777777778,0,0.0,910,0.9109109109109109,0,ACCEPT,-910.0,False
DSP000130,TXN0037159,M000098,,Visa,SERVICE_NOT_RENDERED,Service Not Rendered,2025-03-11,999,689,187,2025-03-24,13,contested,lost,2025-04-05,3,4,1,3,0.4326,3,3,0.25,24999,credit_card,0,0.0,0,,0.0560170220107012,passed,1,1,0,0,,,fitness_membership,fitness_membership,small,membership_service,1,0.572875948108384,0,1,66,13.0,-18.725694444444443,0,0.015384615384615385,876,0.8768768768768769,0,ACCEPT,-860.63,False
DSP000132,TXN0036840,M000098,CUS0013135,Visa,UNAUTHORIZED_TRANSACTION,Unauthorized Transaction,2026-01-16,999,425,176,2026-01-23,7,contested,lost,2026-02-21,3,4,3,1,0.48255,3,3,0.75,545,debit_card,2,728.0,0,13.0,0.5409295873817895,passed,1,2,0,0,delivered,0.0,fitness_membership,fitness_membership,small,membership_service,1,0.572875948108384,0,1,66,7.0,284.99097222222224,0,0.10643682693018557,601,0.6016016016016016,0,ACCEPT,-494.67,False
DSP000133,TXN0037518,M000099,,Mastercard,RECURRING_BILLING_DISPUTE,Recurring Billing Dispute,2025-06-20,2499,734,295,2025-07-08,18,contested,won,2025-07-16,5,5,4,1,0.7539333333333333,5,1,0.8,4999,credit_card,0,0.0,0,,0.2383808275553008,passed,1,2,0,0,,,fitness_membership,fitness_membership,small,membership_service,1,0.6417760491818161,0,0,97,18.0,30.509027777777774,1,0.6101589923066568,1029,0.4117647058823529,1,CONTEST,495.79,False
DSP000134,TXN0037382,M000099,CUS0013307,Visa,RECURRING_BILLING_DISPUTE,Recurring Billing Dispute,2025-08-24,2499,513,150,2025-09-07,14,contested,won,2025-10-04,4,5,4,1,0.5640666666666666,4,2,0.8,4999,credit_card,0,0.0,0,,0.5296148729008474,passed,1,3,0,0,,,fitness_membership,fitness_membership,small,membership_service,1,0.6417760491818161,0,0,97,14.0,174.90902777777777,1,0.3892206966692092,663,0.2653061224489796,1,CONTEST,309.66,False
DSP000136,TXN0037608,M000099,CUS0013351,Visa,CREDIT_NOT_PROCESSED,Credit Not Processed,2025-12-23,2499,733,252,2026-01-12,20,contested,lost,2026-01-07,4,4,2,2,0.5765166666666667,4,2,0.5,499,debit_card,2,19998.0,0,71.0,0.074206098157474,passed,1,1,0,0,,,fitness_membership,fitness_membership,small,membership_service,1,0.6417760491818161,0,0,97,20.0,112.42708333333331,0,0.07007319056654919,985,0.3941576630652261,0,ACCEPT,-809.89,False
DSP000137,TXN0038164,M000100,,Visa,MERCHANDISE_NOT_AS_DESCRIBED,Merchandise Not As Described,2025-09-14,2949,572,251,2025-09-24,10,contested,lost,2025-10-26,2,3,1,2,0.2224666666666666,2,4,0.3333333333333333,49999,credit_card,0,0.0,0,,0.1643318692269542,passed,0,1,0,0,,,social_seller,social_seller,small,physical_delivery,0,0.3580151790716618,1,0,11,10.0,195.21319444444444,0,0.0,823,0.2790776534418447,0,ACCEPT,-823.0,False
DSP000138,TXN0038073,M000100,,RuPay,UNAUTHORIZED_TRANSACTION,Unauthorized Transaction,2025-11-30,249,574,183,2025-12-19,19,contested,lost,2026-01-07,2,4,1,3,0.21575,2,4,0.25,49999,credit_card,1,49999.0,0,28.0,0.2158477457476628,passed,1,1,0,0,,,social_seller,social_seller,small,physical_delivery,0,0.3580151790716618,1,0,11,19.0,211.2138888888889,0,0.0,757,1.0,0,ACCEPT,-757.0,False
DSP000143,TXN0039259,M000102,CUS0013977,Visa,RECURRING_BILLING_DISPUTE,Recurring Billing Dispute,2025-04-06,9999,437,220,2025-04-26,20,contested,lost,2025-05-14,4,5,3,2,0.5872333333333334,4,2,0.6,2999,upi,1,799.0,0,98.0,0.1271554556548515,not_applicable,1,1,0,0,,,subscription_edtech,subscription_edtech,small,digital_service,1,0.6845263551026246,0,0,33,20.0,-234.91666666666663,0,0.24337662337662339,657,0.06570657065706571,1,CONTEST,1776.52,True
DSP000144,TXN0038841,M000102,CUS0014014,Visa,CREDIT_NOT_PROCESSED,Credit Not Processed,2025-05-02,4999,610,167,2025-05-18,16,contested,lost,2025-05-29,3,4,2,2,0.4615333333333333,3,3,0.5,2599,credit_card,1,1045.0,0,191.0,0.3550746771330074,passed,1,1,0,0,delivered,0.0,subscription_edtech,subscription_edtech,small,digital_service,1,0.6845263551026246,0,0,33,16.0,-206.19166666666663,0,0.05578747628083491,777,0.15543108621724344,0,ACCEPT,-498.12,False
DSP000147,TXN0039433,M000103,CUS0014166,Visa,RECURRING_BILLING_DISPUTE,Recurring Billing Dispute,2026-01-21,499,575,200,2026-02-08,18,contested,lost,2026-03-05,2,5,2,3,0.2862,2,4,0.4,2999,debit_card,0,0.0,0,,0.3229792412874517,passed,1,1,0,0,,,subscription_edtech,subscription_edtech,small,digital_service,1,0.6039467177002246,0,0,95,18.0,169.30625,0,0.0,775,1.0,0,ACCEPT,-775.0,False
DSP000148,TXN0039469,M000103,CUS0014076,Visa,RECURRING_BILLING_DISPUTE,Recurring Billing Dispute,2025-07-22,499,467,280,2025-08-06,15,contested,lost,2025-08-13,5,5,4,1,0.7022666666666666,5,1,0.8,799,debit_card,0,0.0,0,,0.1291885070761846,passed,1,1,0,0,,,subscription_edtech,subscription_edtech,small,digital_service,1,0.6039467177002246,0,0,95,15.0,1.945138888888889,0,0.6070132684652808,747,1.0,0,ACCEPT,-444.1,False
DSP000150,TXN0040110,M000104,,Visa,RECURRING_BILLING_DISPUTE,Recurring Billing Dispute,2025-03-01,9999,743,234,2025-03-15,14,contested,won,2025-03-16,6,5,5,0,0.9561333333333332,6,0,1.0,4999,upi,0,0.0,0,,0.0286325184157216,not_applicable,1,4,0,0,,,saas_tools,saas_tools,small,digital_service,1,0.9596733094723072,0,1,67,14.0,-303.8625,1,0.9536438630102483,977,0.09770977097709771,1,CONTEST,8558.48,False
DSP000152,TXN0039936,M000104,CUS0014418,Visa,CREDIT_NOT_PROCESSED,Credit Not Processed,2025-04-25,9999,529,282,2025-05-13,18,contested,won,2025-05-13,6,4,4,0,0.9338166666666666,6,0,1.0,9999,credit_card,0,0.0,0,,0.382523493292053,passed,1,2,0,0,,,saas_tools,saas_tools,small,digital_service,1,0.9596733094723072,0,1,67,18.0,-242.54305555555555,1,0.9347389865036924,811,0.0811081108110811,1,CONTEST,8535.46,False
DSP000154,TXN0040444,M000105,,Visa,MERCHANDISE_NOT_RECEIVED,Merchandise Not Received,2025-10-20,950,659,167,2025-10-29,9,contested,won,2025-11-24,4,4,4,0,0.5745833333333333,4,2,1.0,599,wallet,2,2444.0,0,70.0,0.1418816377140522,not_applicable,1,1,1,0,delivered,1.0,d2c_brand,d2c_brand,small,physical_delivery,0,0.7295566745084383,1,1,113,9.0,83.5826388888889,1,0.6669771741248387,826,0.8694736842105263,0,ACCEPT,-192.37,False
DSP000155,TXN0040911,M000105,CUS0014559,Visa,MERCHANDISE_NOT_RECEIVED,Merchandise Not Received,2025-04-19,949,436,178,2025-05-02,13,contested,won,2025-05-30,5,4,3,1,0.7111666666666667,5,1,0.75,4999,debit_card,3,74997.0,0,62.0,0.7100042691580196,passed,0,2,0,0,,,d2c_brand,d2c_brand,small,physical_delivery,0,0.7295566745084383,1,1,113,13.0,-224.9465277777778,1,0.6564818993645837,614,0.6469968387776607,1,CONTEST,9.0,False
DSP000156,TXN0041117,M000106,CUS0014803,Visa,UNAUTHORIZED_TRANSACTION,Unauthorized Transaction,2025-03-08,799,421,280,2025-03-25,17,contested,won,2025-03-22,6,4,4,0,0.9577333333333332,6,0,1.0,1499,debit_card,1,1499.0,0,32.0,0.4793338158585875,passed,1,1,0,0,,,saas_tools,saas_tools,small,digital_service,1,0.9259371417354756,0,1,76,17.0,-34.172222222222224,1,0.673931028124976,701,0.8773466833541927,0,ACCEPT,-162.53,True
DSP000157,TXN0041187,M000106,CUS0014654,Mastercard,RECURRING_BILLING_DISPUTE,Recurring Billing Dispute,2025-04-15,2999,652,220,2025-05-06,21,contested,won,2025-05-16,5,5,4,1,0.7950166666666667,5,1,0.8,19999,upi,0,0.0,0,,0.4819447504086437,not_applicable,0,1,0,1,,,saas_tools,saas_tools,small,digital_service,1,0.9259371417354756,0,1,76,21.0,-45.296527777777776,1,0.8706469333340336,872,0.29076358786262085,1,CONTEST,1739.07,False
DSP000160,TXN0041805,M000107,CUS0014976,Mastercard,UNAUTHORIZED_TRANSACTION,Unauthorized Transaction,2025-07-03,24999,510,183,2025-07-18,15,contested,lost,2025-07-28,5,4,3,1,0.8166666666666668,5,1,0.75,799,upi,0,0.0,0,,0.1335822276727366,not_applicable,1,2,0,0,,,subscription_edtech,subscription_edtech,small,digital_service,1,0.7773263089848644,0,1,103,15.0,-110.89583333333331,0,0.24337662337662339,693,0.027721108844353776,1,CONTEST,5391.17,False
DSP000161,TXN0042075,M000108,,RuPay,MERCHANDISE_NOT_AS_DESCRIBED,Merchandise Not As Described,2025-12-11,360,517,151,2025-12-20,9,contested,lost,2026-01-19,4,3,2,1,0.4421,4,2,0.6666666666666666,799,debit_card,0,0.0,0,,0.1767071467960687,passed,1,1,0,0,in_transit,0.0,social_seller,social_seller,small,physical_delivery,0,0.3576515999938441,1,1,9,9.0,10.38888888888889,0,0.19798828622358036,668,1.0,0,ACCEPT,-596.72,True
DSP000162,TXN0042620,M000109,CUS0015332,Mastercard,DUPLICATE_TRANSACTION,Duplicate Transaction,2025-07-01,19999,485,233,2025-07-08,7,contested,won,2025-07-30,6,2,2,0,0.9287,6,0,1.0,799,debit_card,0,0.0,0,,0.5935578994675195,passed,1,1,0,0,,,saas_tools,saas_tools,small,digital_service,1,0.8708635923683493,0,0,40,7.0,112.87291666666668,1,0.9347389865036924,718,0.03590179508975449,1,CONTEST,17975.84,False
DSP000163,TXN0042953,M000109,CUS0015357,Visa,RECURRING_BILLING_DISPUTE,Recurring Billing Dispute,2025-04-09,49999,592,197,2025-04-21,12,contested,won,2025-05-11,5,5,5,0,0.7747333333333333,5,1,1.0,1499,upi,0,0.0,0,,0.2368745778626508,not_applicable,1,1,0,0,,,saas_tools,saas_tools,small,digital_service,1,0.8708635923683493,0,0,40,12.0,62.48125,1,0.9347389865036924,789,0.015780315606312125,1,CONTEST,45947.01,True
DSP000164,TXN0043307,M000110,,Mastercard,RECURRING_BILLING_DISPUTE,Recurring Billing Dispute,2025-11-26,399,556,230,2025-12-05,9,contested,lost,2025-12-15,5,5,4,1,0.7190333333333333,5,1,0.8,999,debit_card,0,0.0,0,,0.185078826247813,passed,1,2,0,1,,,saas_tools,saas_tools,small,digital_service,1,0.8021176821992221,0,0,10,9.0,307.0854166666667,0,0.6004198618718742,786,1.0,0,ACCEPT,-546.43,False
DSP000165,TXN0043494,M000110,CUS0015559,RuPay,RECURRING_BILLING_DISPUTE,Recurring Billing Dispute,2025-10-14,399,434,255,2025-10-28,14,contested,won,2025-11-07,5,5,5,0,0.7931333333333334,5,1,1.0,1099,debit_card,0,0.0,0,,0.3090609085086986,passed,0,1,0,0,in_transit,0.0,saas_tools,saas_tools,small,digital_service,1,0.8021176821992221,0,0,10,14.0,285.0708333333333,1,0.9347389865036924,689,1.0,0,ACCEPT,-316.04,False
DSP000166,TXN0043378,M000110,CUS0015463,Mastercard,RECURRING_BILLING_DISPUTE,Recurring Billing Dispute,2025-09-30,9999,614,261,2025-10-07,7,contested,won,2025-11-11,5,5,5,0,0.8014166666666666,5,1,1.0,999,debit_card,0,0.0,0,,0.3460451682750319,passed,1,2,0,0,,,saas_tools,saas_tools,small,digital_service,1,0.8021176821992221,0,0,10,7.0,24.11805555555556,1,0.8710238979245377,875,0.08750875087508751,1,CONTEST,7834.37,False
DSP000168,TXN0043989,M000111,,Visa,MERCHANDISE_NOT_RECEIVED,Merchandise Not Received,2026-01-11,950,400,235,2026-01-25,14,contested,lost,2026-02-07,3,4,2,2,0.3546499999999999,3,3,0.5,24999,credit_card,4,43996.0,0,89.0,0.3446621203220144,passed,1,1,0,0,,,social_seller,social_seller,small,physical_delivery,0,0.3731369472213074,1,1,80,14.0,62.68472222222222,0,0.03225806451612903,635,0.6684210526315789,0,ACCEPT,-604.35,False
DSP000170,TXN0044395,M000112,CUS0015771,RuPay,RECURRING_BILLING_DISPUTE,Recurring Billing Dispute,2025-05-07,799,575,265,2025-05-24,17,contested,lost,2025-06-20,3,5,2,3,0.47695,3,3,0.4,24999,upi,0,0.0,0,,0.6519241352572845,not_applicable,1,1,0,0,,,saas_tools,saas_tools,small,digital_service,1,0.7857999006408939,0,1,7,17.0,-200.5305555555556,0,0.13673985723321586,840,1.0,0,ACCEPT,-730.74,False
DSP000171,TXN0044521,M000112,CUS0015864,Visa,CREDIT_NOT_PROCESSED,Credit Not Processed,2025-02-13,799,579,226,2025-02-21,8,contested,won,2025-03-12,6,4,4,0,0.8968833333333333,6,0,1.0,499,upi,3,1497.0,0,17.0,0.4665244251274905,not_applicable,1,1,0,0,,,saas_tools,saas_tools,small,digital_service,1,0.7857999006408939,0,1,7,8.0,-154.6861111111111,1,0.9347389865036924,805,1.0,0,ACCEPT,-58.14,False
DSP000173,TXN0045048,M000113,CUS0015962,Visa,RECURRING_BILLING_DISPUTE,Recurring Billing Dispute,2026-01-20,999,455,290,2026-02-10,21,contested,lost,2026-02-26,2,5,2,3,0.2122666666666667,2,4,0.4,1445,upi,0,0.0,0,,0.2647739696415539,not_applicable,0,1,0,0,delivered,1.0,fitness_membership,fitness_membership,small,membership_service,1,0.4572325420989392,0,1,98,21.0,92.44791666666669,0,0.0,745,0.7457457457457457,0,ACCEPT,-745.0,False
DSP000174,TXN0044787,M000113,CUS0016094,Visa,CREDIT_NOT_PROCESSED,Credit Not Processed,2025-08-17,999,579,192,2025-08-31,14,contested,lost,2025-09-26,5,4,3,1,0.6575333333333333,5,1,0.75,499,credit_card,1,499.0,0,175.0,0.1402574839412294,passed,1,1,0,0,,,fitness_membership,fitness_membership,small,membership_service,1,0.4572325420989392,0,1,98,14.0,-90.95555555555556,0,0.30724880382775116,771,0.7717717717717718,0,ACCEPT,-464.06,False
DSP000175,TXN0045448,M000114,CUS0016241,Mastercard,UNAUTHORIZED_TRANSACTION,Unauthorized Transaction,2025-12-28,2845,409,245,2026-01-10,13,contested,lost,2026-01-15,4,4,2,2,0.6163,4,2,0.5,4699,debit_card,2,4348.0,0,24.0,0.3597239666647791,passed,1,1,0,0,delivered,0.0,d2c_brand,d2c_brand,small,physical_delivery,0,0.7114463880306521,1,0,82,13.0,85.96111111111111,0,0.09987711213517665,654,0.22987697715289981,0,ACCEPT,-369.85,True
DSP000176,TXN0045507,M000114,,Visa,MERCHANDISE_NOT_AS_DESCRIBED,Merchandise Not As Described,2025-02-19,1099,593,153,2025-03-03,12,contested,won,2025-03-13,5,3,3,0,0.7387,5,1,1.0,2545,upi,1,2949.0,0,264.0,0.316250332860064,not_applicable,1,1,0,0,rto,0.0,d2c_brand,d2c_brand,small,physical_delivery,0,0.7114463880306521,1,0,82,12.0,-255.5090277777778,1,0.7042583938538762,746,0.6787989080982711,1,CONTEST,27.98,False
DSP000177,TXN0045744,M000115,,Visa,SERVICE_NOT_RENDERED,Service Not Rendered,2025-05-13,24999,449,198,2025-06-03,21,contested,won,2025-06-11,3,4,3,1,0.4279166666666666,3,3,0.75,1245,credit_card,0,0.0,0,,0.271039180974149,passed,1,4,0,0,delivered,1.0,fitness_membership,fitness_membership,small,membership_service,1,0.6044216798208761,0,1,20,21.0,-194.30972222222223,1,0.2277922077922078,647,0.025881035241409656,1,CONTEST,5047.58,True
DSP000179,TXN0046759,M000116,,Visa,UNAUTHORIZED_TRANSACTION,Unauthorized Transaction,2025-03-25,499,583,284,2025-04-09,15,contested,lost,2025-04-25,4,4,3,1,0.5834333333333334,4,2,0.75,945,debit_card,2,1544.0,0,6.0,0.3892276189079039,passed,1,2,0,1,delivered,1.0,subscription_edtech,subscription_edtech,small,digital_service,1,0.7060023689152798,0,0,7,15.0,-251.0055555555556,0,0.24337662337662339,867,1.0,0,ACCEPT,-745.56,False
DSP000180,TXN0046711,M000116,CUS0016621,Mastercard,RECURRING_BILLING_DISPUTE,Recurring Billing Dispute,2025-06-02,999,554,215,2025-06-20,18,contested,won,2025-06-26,6,5,5,0,0.8728333333333333,6,0,1.0,899,upi,1,2745.0,0,57.0,0.5501330981429439,not_applicable,1,1,0,1,delivered,1.0,subscription_edtech,subscription_edtech,small,digital_service,1,0.7060023689152798,0,0,7,18.0,44.75972222222222,1,0.9347389865036924,769,0.7697697697697697,1,CONTEST,164.8,False
DSP000184,TXN0047605,M000118,CUS0016923,Visa,MERCHANDISE_NOT_RECEIVED,Merchandise Not Received,2026-01-27,430,423,222,2026-02-17,21,contested,lost,2026-02-13,3,4,2,2,0.2773166666666666,3,3,0.5,995,upi,0,0.0,0,,0.0848927403578886,not_applicable,0,1,0,0,in_transit,0.0,social_seller,social_seller,small,physical_delivery,0,0.2484701103160334,1,0,31,21.0,338.3541666666667,0,0.03225806451612903,645,1.0,0,ACCEPT,-631.13,False
DSP000185,TXN0048156,M000119,CUS0017115,Visa,RECURRING_BILLING_DISPUTE,Recurring Billing Dispute,2025-05-24,999,577,240,2025-06-02,9,contested,lost,2025-07-06,3,5,2,3,0.3549166666666667,3,3,0.4,545,netbanking,0,0.0,0,,0.3164532944961766,not_applicable,0,4,0,0,delivered,0.0,fitness_membership,fitness_membership,small,membership_service,1,0.4846255692845007,0,0,58,9.0,-129.9909722222222,0,0.0,817,0.8178178178178178,0,ACCEPT,-817.0,False
DSP000186,TXN0048048,M000119,CUS0017135,Mastercard,MERCHANDISE_NOT_AS_DESCRIBED,Merchandise Not As Described,2025-02-22,999,652,242,2025-03-02,8,contested,lost,2025-03-21,1,4,1,3,0.148,1,5,0.25,745,credit_card,0,0.0,0,,0.3497392296604166,passed,1,1,0,0,delivered,1.0,fitness_membership,fitness_membership,small,membership_service,1,0.4846255692845007,0,0,58,8.0,-255.75694444444449,0,0.0,894,0.8948948948948949,0,ACCEPT,-894.0,True
DSP000187,TXN0047993,M000119,CUS0017181,Mastercard,CREDIT_NOT_PROCESSED,Credit Not Processed,2025-05-01,1499,667,220,2025-05-08,7,contested,lost,2025-05-28,2,4,0,4,0.3001666666666667,2,4,0.0,1699,credit_card,0,0.0,0,,0.2589591097227039,passed,1,1,0,0,delivered,1.0,fitness_membership,fitness_membership,small,membership_service,1,0.4846255692845007,0,0,58,7.0,-179.65625,0,0.0,887,0.5917278185456971,0,ACCEPT,-887.0,False
DSP000189,TXN0048422,M000120,CUS0017385,Visa,MERCHANDISE_NOT_RECEIVED,Merchandise Not Received,2025-01-26,950,466,297,2025-02-07,12,contested,won,2025-03-12,5,4,4,0,0.7319666666666667,5,1,1.0,289,credit_card,1,4099.0,0,67.0,0.1786942668223085,passed,1,2,0,0,delivered,1.0,d2c_brand,d2c_brand,small,physical_delivery,0,0.8144826299917275,1,0,57,12.0,-195.35972222222225,1,0.8897173414820474,763,0.8031578947368421,1,CONTEST,82.23,True
DSP000190,TXN0048646,M000120,CUS0017361,Visa,MERCHANDISE_NOT_AS_DESCRIBED,Merchandise Not As Described,2026-01-24,259,709,180,2026-02-04,11,contested,won,2026-02-12,5,3,2,1,0.7757499999999999,5,1,0.6666666666666666,2499,credit_card,1,299.0,0,144.0,0.1192113092313959,passed,1,1,1,0,delivered,1.0,d2c_brand,d2c_brand,small,physical_delivery,0,0.8144826299917275,1,0,57,11.0,200.42291666666668,1,0.5256835034738738,889,1.0,0,ACCEPT,-752.85,True
DSP000192,TXN0049334,M000121,,Visa,MERCHANDISE_NOT_AS_DESCRIBED,Merchandise Not As Described,2025-10-22,1849,492,220,2025-11-09,18,contested,lost,2025-11-09,1,3,1,2,0.0916666666666666,1,5,0.3333333333333333,799,debit_card,1,799.0,0,219.0,0.124800914764488,passed,1,1,0,0,,,social_seller,social_seller,small,physical_delivery,0,0.3002685265029436,1,0,72,18.0,68.99027777777778,0,0.0,712,0.3850730124391563,0,ACCEPT,-712.0,True
DSP000193,TXN0049969,M000122,,Visa,MERCHANDISE_NOT_RECEIVED,Merchandise Not Received,2025-05-31,1400,457,178,2025-06-18,18,contested,lost,2025-06-25,4,4,2,2,0.6173166666666666,4,2,0.5,799,upi,0,0.0,0,,0.3693230764314009,not_applicable,0,1,0,0,delivered,1.0,d2c_brand,d2c_brand,small,physical_delivery,0,0.8881188819391037,1,1,24,18.0,64.625,0,0.17670995670995668,635,0.45357142857142857,0,ACCEPT,-387.61,False
DSP000194,TXN0049880,M000122,CUS0017851,Visa,MERCHANDISE_NOT_RECEIVED,Merchandise Not Received,2025-07-08,1499,403,290,2025-07-19,11,contested,won,2025-08-06,6,4,4,0,0.9183833333333332,6,0,1.0,545,debit_card,1,999.0,0,84.0,0.3229186928610336,passed,1,3,0,0,lost,0.0,d2c_brand,d2c_brand,small,physical_delivery,0,0.8881188819391037,1,1,24,11.0,-18.6,1,0.951338539198985,693,0.46230820547031354,1,CONTEST,733.06,False
DSP000195,TXN0050060,M000123,CUS0017867,Visa,MERCHANDISE_NOT_AS_DESCRIBED,Merchandise Not As Described,2025-06-08,109,687,167,2025-06-19,11,contested,lost,2025-07-04,2,3,1,2,0.21605,2,4,0.3333333333333333,1245,debit_card,0,0.0,0,,0.0224836051365168,passed,1,1,0,0,delivered,1.0,social_seller,social_seller,small,physical_delivery,0,0.3208068781481532,1,1,60,11.0,-19.124305555555555,0,0.015384615384615385,854,1.0,0,ACCEPT,-852.32,False
DSP000197,TXN0050963,M000124,CUS0018066,Mastercard,SERVICE_NOT_RENDERED,Service Not Rendered,2025-07-07,2499,467,196,2025-07-23,16,contested,won,2025-08-01,3,4,2,2,0.3911833333333334,3,3,0.5,4999,upi,0,0.0,0,,0.159783477150372,not_applicable,0,1,0,0,,,fitness_membership,fitness_membership,small,membership_service,1,0.5056151091562515,0,1,52,16.0,-67.15972222222223,1,0.05319974143503555,663,0.2653061224489796,0,ACCEPT,-530.05,False
DSP000198,TXN0050630,M000124,CUS0018113,Visa,CREDIT_NOT_PROCESSED,Credit Not Processed,2025-11-11,5999,415,253,2025-11-26,15,contested,lost,2025-12-18,3,4,2,2,0.4090333333333333,3,3,0.5,999,debit_card,0,0.0,0,,0.2084633864607281,passed,1,2,0,0,,,fitness_membership,fitness_membership,small,membership_service,1,0.5056151091562515,0,1,52,15.0,260.9833333333333,0,0.015384615384615385,668,0.111351891981997,0,ACCEPT,-575.71,False
DSP000199,TXN0050596,M000124,,Visa,RECURRING_BILLING_DISPUTE,Recurring Billing Dispute,2025-12-31,2499,741,252,2026-01-14,14,contested,won,2026-02-01,6,5,5,0,0.7626666666666667,6,0,1.0,1499,debit_card,0,0.0,0,,0.0915517866114969,passed,1,1,0,0,,,fitness_membership,fitness_membership,small,membership_service,1,0.5056151091562515,0,1,52,14.0,2.0506944444444444,1,0.7481448143387622,993,0.39735894357743096,1,CONTEST,876.61,False
DSP000201,TXN0051563,M000125,,Mastercard,UNAUTHORIZED_TRANSACTION,Unauthorized Transaction,2025-03-07,799,649,183,2025-03-16,9,contested,won,2025-03-28,5,4,4,0,0.7851499999999999,5,1,1.0,999,upi,0,0.0,0,,0.2016549221482305,not_applicable,1,3,1,0,,,saas_tools,saas_tools,small,digital_service,1,0.8617566218857394,0,1,54,9.0,9.136805555555556,1,0.6004198618718742,832,1.0,0,ACCEPT,-352.26,False
DSP000202,TXN0051992,M000126,CUS0018423,Mastercard,MERCHANDISE_NOT_AS_DESCRIBED,Merchandise Not As Described,2025-09-15,1495,695,183,2025-10-04,19,contested,lost,2025-10-16,3,3,0,3,0.3986166666666667,3,3,0.0,999,credit_card,2,3998.0,0,99.0,0.2879009404485076,not_applicable,0,1,0,0,,,social_seller,social_seller,small,physical_delivery,0,0.3544915866244231,1,0,46,19.0,55.53611111111111,0,0.0,878,0.5872909698996656,0,ACCEPT,-878.0,False
DSP000206,TXN0052509,M000127,CUS0018658,Visa,UNAUTHORIZED_TRANSACTION,Unauthorized Transaction,2025-07-27,1499,476,288,2025-08-06,10,contested,lost,2025-08-11,3,4,2,2,0.4663166666666666,3,3,0.5,999,upi,0,0.0,0,,0.2484890669764947,not_applicable,1,2,0,0,,,subscription_edtech,subscription_edtech,small,digital_service,1,0.7095896964402421,0,1,55,10.0,-1.04375,0,0.015384615384615385,764,0.5096731154102735,0,ACCEPT,-740.94,False
DSP000207,TXN0053038,M000128,CUS0018818,Mastercard,RECURRING_BILLING_DISPUTE,Recurring Billing Dispute,2025-06-21,24999,727,264,2025-07-09,18,contested,lost,2025-07-24,3,5,2,3,0.4424666666666666,3,3,0.4,1499,credit_card,1,9999.0,0,54.0,0.1241966527358957,passed,1,3,0,0,,,subscription_edtech,subscription_edtech,small,digital_service,1,0.6825478489213517,0,1,103,18.0,-161.2798611111111,0,0.015384615384615385,991,0.039641585663426536,0,ACCEPT,-606.4,False
DSP000208,TXN0052949,M000128,CUS0018950,Mastercard,UNAUTHORIZED_TRANSACTION,Unauthorized Transaction,2025-11-17,9999,422,262,2025-12-03,16,contested,lost,2025-12-27,4,4,3,1,0.64205,4,2,0.75,1499,credit_card,0,0.0,0,,0.3412078776716361,passed,1,1,0,0,,,subscription_edtech,subscription_edtech,small,digital_service,1,0.6825478489213517,0,1,103,16.0,227.5951388888889,0,0.22871844501775568,684,0.06840684068406841,1,CONTEST,1602.96,True
DSP000211,TXN0053650,M000129,,Visa,CREDIT_NOT_PROCESSED,Credit Not Processed,2025-11-11,2999,741,290,2025-11-30,19,contested,won,2025-12-22,6,4,4,0,0.9080166666666668,6,0,1.0,845,credit_card,1,995.0,0,57.0,0.3974290124518221,passed,1,1,0,0,delivered,1.0,subscription_edtech,subscription_edtech,small,digital_service,1,0.7399740821527674,0,1,19,19.0,-14.452777777777778,1,0.9398677956564857,1031,0.34378126042014007,1,CONTEST,1787.66,False
DSP000212,TXN0053490,M000129,CUS0019164,Mastercard,RECURRING_BILLING_DISPUTE,Recurring Billing Dispute,2025-04-26,2999,510,270,2025-05-13,17,contested,won,2025-05-20,6,5,5,0,0.83695,6,0,1.0,4999,credit_card,3,21497.0,0,132.0,0.1255100077882009,passed,1,2,0,0,,,subscription_edtech,subscription_edtech,small,digital_service,1,0.7399740821527674,0,1,19,17.0,-132.19930555555555,1,0.9347389865036924,780,0.2600866955651884,1,CONTEST,2023.28,False
DSP000214,TXN0054116,M000130,CUS0019236,Visa,RECURRING_BILLING_DISPUTE,Recurring Billing Dispute,2025-04-21,1499,530,255,2025-05-09,18,contested,lost,2025-05-29,3,5,2,3,0.4294499999999999,3,3,0.4,2449,credit_card,1,7999.0,0,47.0,0.1265926606036204,passed,1,3,0,0,in_transit,0.0,fitness_membership,fitness_membership,small,membership_service,1,0.4611135833813756,0,1,13,18.0,23.06597222222222,0,0.0,785,0.52368245496998,0,ACCEPT,-785.0,False
DSP000215,TXN0053890,M000130,CUS0019241,Mastercard,RECURRING_BILLING_DISPUTE,Recurring Billing Dispute,2026-01-16,999,678,160,2026-02-05,20,contested,won,2026-02-24,5,5,5,0,0.5925166666666667,5,1,1.0,2145,credit_card,3,10839.0,0,120.0,0.06446347973528,passed,1,1,0,0,delivered,1.0,fitness_membership,fitness_membership,small,membership_service,1,0.4611135833813756,0,1,13,20.0,139.09444444444443,1,0.428840579710145,838,0.8388388388388388,0,ACCEPT,-409.59,True
DSP000217,TXN0054313,M000131,CUS0019396,RuPay,RECURRING_BILLING_DISPUTE,Recurring Billing Dispute,2025-10-13,4999,437,170,2025-10-29,16,contested,won,2025-11-03,6,5,5,0,0.9485666666666668,6,0,1.0,1499,debit_card,0,0.0,0,,0.1433150647383479,passed,0,1,0,0,,,saas_tools,saas_tools,small,digital_service,1,0.9454346849041372,0,1,19,16.0,96.8326388888889,1,0.9529208046855107,607,0.12142428485697139,1,CONTEST,4156.65,False
DSP000219,TXN0054550,M000131,CUS0019422,RuPay,UNAUTHORIZED_TRANSACTION,Unauthorized Transaction,2025-05-17,4999,746,300,2025-05-31,14,contested,lost,2025-06-17,6,4,4,0,0.93775,6,0,1.0,24999,debit_card,1,9999.0,0,232.0,0.0585132321555214,passed,0,1,0,0,,,saas_tools,saas_tools,small,digital_service,1,0.9454346849041372,0,1,19,14.0,-128.97569444444446,0,0.5056747638326586,1046,0.20924184836967394,1,CONTEST,1481.87,False
DSP000220,TXN0054645,M000131,CUS0019396,Mastercard,RECURRING_BILLING_DISPUTE,Recurring Billing Dispute,2025-07-26,9999,612,292,2025-08-05,10,contested,lost,2025-09-05,5,5,4,1,0.7799166666666667,5,1,0.8,1499,upi,0,0.0,0,,0.0871822850318972,not_applicable,1,1,1,1,,,saas_tools,saas_tools,small,digital_service,1,0.9454346849041372,0,1,19,10.0,-29.250694444444445,0,0.6070132684652808,904,0.09040904090409041,1,CONTEST,5165.53,False
DSP000221,TXN0054985,M000132,,Mastercard,CREDIT_NOT_PROCESSED,Credit Not Processed,2025-06-14,4999,406,217,2025-06-27,13,contested,won,2025-07-27,6,4,4,0,0.86135,6,0,1.0,2499,upi,0,0.0,0,,0.3156446470229044,not_applicable,1,3,0,0,,,subscription_edtech,subscription_edtech,small,digital_service,1,0.7790928945167275,0,1,92,13.0,16.95277777777778,1,0.9347389865036924,623,0.124624924984997,1,CONTEST,4049.76,True
DSP000223,TXN0055158,M000132,CUS0019671,Visa,SERVICE_NOT_RENDERED,Service Not Rendered,2025-07-24,1499,484,223,2025-08-10,17,contested,won,2025-08-26,5,4,4,0,0.7637333333333333,5,1,1.0,8999,debit_card,0,0.0,0,,0.2096691511180194,not_applicable,1,1,0,0,,,subscription_edtech,subscription_edtech,small,digital_service,1,0.7790928945167275,0,1,92,17.0,133.9451388888889,1,0.9347389865036924,707,0.47164776517678453,1,CONTEST,694.17,False
DSP000224,TXN0055538,M000133,,Mastercard,CREDIT_NOT_PROCESSED,Credit Not Processed,2025-12-23,500,537,213,2026-01-12,20,contested,lost,2026-01-10,3,3,1,2,0.4465166666666667,3,3,0.3333333333333333,14999,upi,0,0.0,0,,0.2969590415130582,not_applicable,1,1,0,0,,,d2c_brand,d2c_brand,small,physical_delivery,0,0.7021455289951353,1,1,30,20.0,234.06875,0,0.03225806451612903,750,1.0,0,ACCEPT,-733.87,False
DSP000225,TXN0055502,M000133,,Mastercard,MERCHANDISE_NOT_RECEIVED,Merchandise Not Received,2025-06-10,3195,716,163,2025-06-23,13,contested,won,2025-07-25,5,4,3,1,0.66725,5,1,0.75,1499,debit_card,0,0.0,0,,0.3410054919281564,passed,1,1,0,0,,,d2c_brand,d2c_brand,small,physical_delivery,0,0.7021455289951353,1,1,30,13.0,-31.025,1,0.4585108018465185,879,0.27511737089201876,1,CONTEST,585.94,True
DSP000226,TXN0055726,M000133,,RuPay,MERCHANDISE_NOT_RECEIVED,Merchandise Not Received,2025-08-09,1699,425,256,2025-08-20,11,contested,won,2025-09-01,5,4,4,0,0.7310333333333333,5,1,1.0,1499,wallet,0,0.0,0,,0.28329258238354,not_applicable,1,1,0,0,,,d2c_brand,d2c_brand,small,physical_delivery,0,0.7021455289951353,1,1,30,11.0,147.12916666666666,1,0.8133854560499921,681,0.4008240141259564,1,CONTEST,700.94,False
DSP000227,TXN0056308,M000134,CUS0020121,Mastercard,MERCHANDISE_NOT_AS_DESCRIBED,Merchandise Not As Described,2025-05-10,9999,716,237,2025-05-24,14,contested,won,2025-06-23,3,4,2,2,0.4468,3,3,0.5,1199,credit_card,0,0.0,0,,0.2162292534254771,passed,0,2,0,0,in_transit,0.0,subscription_edtech,subscription_edtech,small,digital_service,1,0.6131813735753068,0,0,29,14.0,-140.84305555555557,1,0.13673985723321586,953,0.09530953095309531,1,CONTEST,414.26,False
DSP000228,TXN0056038,M000134,CUS0019988,Visa,MERCHANDISE_NOT_AS_DESCRIBED,Merchandise Not As Described,2025-02-17,9999,647,273,2025-03-02,13,contested,won,2025-03-21,4,4,2,2,0.5595666666666667,4,2,0.5,2395,wallet,0,0.0,0,,0.791863070991617,not_applicable,1,1,0,0,delivered,1.0,subscription_edtech,subscription_edtech,small,digital_service,1,0.6131813735753068,0,0,29,13.0,-240.175,1,0.24337662337662339,920,0.09200920092009202,1,CONTEST,1513.52,False
DSP000230,TXN0056886,M000135,CUS0020187,Mastercard,RECURRING_BILLING_DISPUTE,Recurring Billing Dispute,2025-02-12,2499,671,210,2025-03-02,18,contested,won,2025-03-07,4,5,4,1,0.5849666666666666,4,2,0.8,2999,debit_card,0,0.0,0,,0.1325298901831077,passed,1,1,0,1,,,fitness_membership,fitness_membership,small,membership_service,1,0.478319177713755,0,1,55,18.0,3.772222222222222,1,0.2554739120528594,881,0.3525410164065626,0,ACCEPT,-242.57,True
DSP000231,TXN0056880,M000135,,Visa,MERCHANDISE_NOT_AS_DESCRIBED,Merchandise Not As Described,2025-05-12,14999,635,238,2025-05-27,15,contested,lost,2025-06-13,5,4,3,1,0.5442833333333333,5,1,0.75,49999,upi,0,0.0,0,,0.1349616360632615,not_applicable,1,1,0,0,,,fitness_membership,fitness_membership,small,membership_service,1,0.478319177713755,0,1,55,15.0,33.797222222222224,0,0.15755734194217483,873,0.058203880258683914,1,CONTEST,1490.2,False
DSP000232,TXN0056542,M000135,CUS0020299,Mastercard,RECURRING_BILLING_DISPUTE,Recurring Billing Dispute,2025-11-10,24999,644,281,2025-11-25,15,contested,lost,2025-12-02,5,5,4,1,0.6776666666666666,5,1,0.8,1899,credit_card,0,0.0,0,,0.3589609049636634,passed,1,2,0,0,delivered,1.0,fitness_membership,fitness_membership,small,membership_service,1,0.478319177713755,0,1,55,15.0,125.04444444444444,0,0.3288405797101449,925,0.03700148005920237,1,CONTEST,7295.69,False
DSP000233,TXN0056633,M000135,,Visa,MERCHANDISE_NOT_AS_DESCRIBED,Merchandise Not As Described,2025-12-02,8999,513,162,2025-12-21,19,contested,lost,2026-01-04,4,4,2,2,0.4589833333333333,4,2,0.5,1349,upi,1,599.0,0,18.0,0.2004883190434254,not_applicable,1,1,0,0,delivered,1.0,fitness_membership,fitness_membership,small,membership_service,1,0.478319177713755,0,1,55,19.0,144.73541666666668,0,0.03225806451612903,675,0.07500833425936215,0,ACCEPT,-384.71,False
DSP000235,TXN0057374,M000136,CUS0020502,Mastercard,RECURRING_BILLING_DISPUTE,Recurring Billing Dispute,2025-12-13,14999,556,280,2025-12-21,8,contested,lost,2026-01-26,5,5,4,1,0.5757166666666667,5,1,0.8,549,upi,0,0.0,0,,0.4319528405090483,not_applicable,1,1,1,0,delivered,0.0,fitness_membership,fitness_membership,small,membership_service,1,0.4861853304461737,0,0,28,8.0,111.475,0,0.25004329004329007,836,0.05573704913660911,1,CONTEST,2914.4,False
DSP000236,TXN0057151,M000136,CUS0020353,RuPay,MERCHANDISE_NOT_AS_DESCRIBED,Merchandise Not As Described,2025-06-08,1499,572,208,2025-06-23,15,contested,lost,2025-07-06,3,4,2,2,0.3810166666666667,3,3,0.5,49999,debit_card,0,0.0,0,,0.3561832863868673,passed,1,1,0,1,,,fitness_membership,fitness_membership,small,membership_service,1,0.4861853304461737,0,0,28,15.0,140.22152777777777,0,0.0,780,0.5203468979319547,0,ACCEPT,-780.0,True
DSP000237,TXN0057045,M000136,CUS0020451,Visa,MERCHANDISE_NOT_AS_DESCRIBED,Merchandise Not As Described,2025-07-26,1499,460,236,2025-08-04,9,contested,lost,2025-08-10,1,4,1,3,0.1029166666666666,1,5,0.25,399,debit_card,0,0.0,0,,0.1319210178902439,passed,1,1,0,1,,,fitness_membership,fitness_membership,small,membership_service,1,0.4861853304461737,0,0,28,9.0,-138.14652777777778,0,0.0,696,0.46430953969312877,0,ACCEPT,-696.0,False
DSP000238,TXN0057909,M000137,CUS0020567,Visa,MERCHANDISE_NOT_AS_DESCRIBED,Merchandise Not As Described,2025-06-04,3650,553,279,2025-06-11,7,contested,lost,2025-07-12,5,3,2,1,0.7774166666666668,5,1,0.6666666666666666,14999,upi,1,999.0,0,12.0,0.2490344455163478,not_applicable,1,2,0,0,,,d2c_brand,d2c_brand,small,physical_delivery,0,0.8172890346029592,1,1,62,7.0,133.71805555555557,0,0.4752619671350321,832,0.22794520547945205,1,CONTEST,902.71,False
DSP000240,TXN0058328,M000138,CUS0020850,Visa,UNAUTHORIZED_TRANSACTION,Unauthorized Transaction,2025-05-01,900,504,176,2025-05-18,17,contested,lost,2025-06-09,6,4,4,0,0.9078333333333334,6,0,1.0,999,upi,0,0.0,0,,0.0562227897754213,not_applicable,1,2,0,1,,,d2c_brand,d2c_brand,small,physical_delivery,0,0.8687176769525082,1,1,104,17.0,85.52361111111111,0,0.47947368421052633,680,0.7555555555555555,0,ACCEPT,-248.47,False
DSP000242,TXN0058688,M000139,,Mastercard,UNAUTHORIZED_TRANSACTION,Unauthorized Transaction,2025-03-25,399,589,159,2025-04-09,15,contested,won,2025-04-29,5,4,4,0,0.81195,5,1,1.0,9999,credit_card,4,44996.0,0,33.0,0.4096271862455978,passed,1,1,0,0,,,saas_tools,saas_tools,small,digital_service,1,0.914040651070271,0,1,44,15.0,-227.3347222222222,1,0.6204748069268193,748,1.0,0,ACCEPT,-500.43,False
DSP000244,TXN0059491,M000140,CUS0021239,Visa,MERCHANDISE_NOT_RECEIVED,Merchandise Not Received,2025-03-02,3600,520,228,2025-03-19,17,contested,lost,2025-04-15,5,4,3,1,0.8094833333333332,5,1,0.75,6299,credit_card,0,0.0,0,,0.1899671486533008,passed,1,3,0,0,delivered,1.0,d2c_brand,d2c_brand,small,physical_delivery,0,0.8537255178918759,1,1,85,17.0,24.76736111111111,0,0.5550865285385409,748,0.20777777777777778,1,CONTEST,1250.31,False
DSP000247,TXN0060330,M000142,,Mastercard,SERVICE_NOT_RENDERED,Service Not Rendered,2026-02-10,9999,436,271,2026-02-23,13,contested,lost,2026-02-26,5,4,4,0,0.6991,5,1,1.0,9999,debit_card,0,0.0,0,,0.2950841698287219,passed,1,1,0,0,,,subscription_edtech,subscription_edtech,small,digital_service,1,0.6597105013403082,0,1,6,13.0,188.95625,0,0.6167523989000634,707,0.0707070707070707,1,CONTEST,5459.91,True
DSP000250,TXN0060590,M000142,,RuPay,RECURRING_BILLING_DISPUTE,Recurring Billing Dispute,2025-05-11,14999,512,222,2025-05-22,11,contested,lost,2025-05-26,3,5,2,3,0.3632166666666667,3,3,0.4,2999,credit_card,0,0.0,0,,0.1683205214190949,passed,1,1,0,0,,,subscription_edtech,subscription_edtech,small,digital_service,1,0.6597105013403082,0,1,6,11.0,-8.063194444444445,0,0.0,734,0.04893659577305154,0,ACCEPT,-734.0,False
DSP000252,TXN0061544,M000144,,Visa,RECURRING_BILLING_DISPUTE,Recurring Billing Dispute,2025-05-09,2999,485,300,2025-05-19,10,contested,won,2025-06-06,6,5,5,0,0.9093333333333332,6,0,1.0,3999,credit_card,0,0.0,0,,0.1011497749858741,passed,0,2,0,0,,,subscription_edtech,subscription_edtech,small,digital_service,1,0.6996954383115473,0,0,66,10.0,-98.45347222222222,1,0.9548981751706563,785,0.26175391797265757,1,CONTEST,2078.74,False
DSP000253,TXN0061636,M000144,,Visa,RECURRING_BILLING_DISPUTE,Recurring Billing Dispute,2025-12-12,24999,658,198,2026-01-01,20,contested,won,2025-12-27,5,5,4,1,0.8142999999999999,5,1,0.8,8999,debit_card,0,0.0,0,,0.7535738136601431,passed,1,1,0,1,,,subscription_edtech,subscription_edtech,small,digital_service,1,0.6996954383115473,0,0,66,20.0,276.59791666666666,1,0.6302139373616019,856,0.03424136965478619,1,CONTEST,14898.72,True
DSP000254,TXN0061976,M000145,CUS0022203,Mastercard,RECURRING_BILLING_DISPUTE,Recurring Billing Dispute,2025-06-24,19999,535,209,2025-07-10,16,contested,lost,2025-07-25,5,5,4,1,0.7849333333333334,5,1,0.8,2499,upi,0,0.0,0,,0.4462843199646789,not_applicable,1,2,0,0,,,saas_tools,saas_tools,small,digital_service,1,0.9040715419316088,0,1,116,16.0,-4.232638888888889,0,0.7222937358673339,744,0.03720186009300465,1,CONTEST,13701.15,True
DSP000256,TXN0062208,M000145,CUS0022067,Mastercard,RECURRING_BILLING_DISPUTE,Recurring Billing Dispute,2026-01-18,1499,649,281,2026-02-03,16,contested,won,2026-02-12,5,5,4,1,0.7919666666666667,5,1,0.8,4999,credit_card,1,799.0,0,138.0,0.1867774326236983,passed,1,1,0,0,,,saas_tools,saas_tools,small,digital_service,1,0.9040715419316088,0,1,116,16.0,47.96666666666667,1,0.8756410951477365,930,0.6204136090727151,1,CONTEST,382.59,False
DSP000257,TXN0062201,M000145,CUS0022097,RuPay,RECURRING_BILLING_DISPUTE,Recurring Billing Dispute,2025-06-18,1499,500,167,2025-07-01,13,contested,won,2025-07-18,5,5,4,1,0.7630333333333333,5,1,0.8,4999,debit_card,1,19999.0,0,50.0,0.1358101931631394,failed,0,3,0,0,,,saas_tools,saas_tools,small,digital_service,1,0.9040715419316088,0,1,116,13.0,5.479166666666667,1,0.8116486781020852,667,0.44496330887258173,1,CONTEST,549.66,False
DSP000258,TXN0062526,M000146,,Visa,SERVICE_NOT_RENDERED,Service Not Rendered,2025-03-19,1499,569,230,2025-04-07,19,contested,lost,2025-04-27,1,4,1,3,0.10235,1,5,0.25,799,debit_card,0,0.0,0,,0.4269367589549249,passed,0,1,0,0,,,subscription_edtech,subscription_edtech,small,digital_service,1,0.6028208142367275,0,0,53,19.0,-75.07986111111111,0,0.0,799,0.5330220146764509,0,ACCEPT,-799.0,False
DSP000259,TXN0062542,M000146,CUS0022333,Mastercard,CREDIT_NOT_PROCESSED,Credit Not Processed,2025-05-08,9999,449,296,2025-05-26,18,contested,lost,2025-05-25,3,4,2,2,0.4555666666666667,3,3,0.5,799,netbanking,0,0.0,0,,0.218296479747471,not_applicable,0,2,0,0,,,subscription_edtech,subscription_edtech,small,digital_service,1,0.6028208142367275,0,0,53,18.0,33.3125,0,0.023529411764705882,745,0.0745074507450745,0,ACCEPT,-509.73,False
DSP000260,TXN0062680,M000146,CUS0022248,RuPay,UNAUTHORIZED_TRANSACTION,Unauthorized Transaction,2025-10-25,9999,694,176,2025-11-14,20,contested,lost,2025-11-14,5,4,4,0,0.6685666666666666,5,1,1.0,2999,debit_card,1,2999.0,0,22.0,0.2539926753319835,passed,1,1,0,0,,,subscription_edtech,subscription_edtech,small,digital_service,1,0.6028208142367275,0,0,53,20.0,169.11805555555554,0,0.3892206966692092,870,0.08700870087008701,1,CONTEST,3021.82,False
DSP000261,TXN0063162,M000147,CUS0022561,Visa,RECURRING_BILLING_DISPUTE,Recurring Billing Dispute,2025-09-30,14999,700,224,2025-10-12,12,contested,lost,2025-11-03,1,5,1,4,0.1129,1,5,0.2,7595,netbanking,2,2094.0,0,233.0,0.1024085112027316,not_applicable,0,1,0,0,delivered,0.0,fitness_membership,fitness_membership,small,membership_service,1,0.5076456490975811,0,0,10,12.0,1.2368055555555555,0,0.0,924,0.0616041069404627,0,ACCEPT,-924.0,True
DSP000263,TXN0063430,M000148,CUS0022664,RuPay,RECURRING_BILLING_DISPUTE,Recurring Billing Dispute,2025-09-17,8999,410,200,2025-09-25,8,contested,lost,2025-10-21,1,5,1,4,0.1294166666666666,1,5,0.2,2999,upi,0,0.0,0,,0.1895484931226212,not_applicable,1,2,0,0,,,fitness_membership,fitness_membership,small,membership_service,1,0.6471080338989853,0,1,14,8.0,97.60902777777778,0,0.0,610,0.06778530947883098,0,ACCEPT,-610.0,False
DSP000264,TXN0063800,M000148,CUS0022745,Visa,RECURRING_BILLING_DISPUTE,Recurring Billing Dispute,2025-08-21,2499,435,211,2025-09-09,19,contested,won,2025-10-04,5,5,5,0,0.6729166666666666,5,1,1.0,999,credit_card,1,999.0,0,79.0,0.5684220906821015,passed,1,1,0,0,,,fitness_membership,fitness_membership,small,membership_service,1,0.6471080338989853,0,1,14,19.0,39.925694444444446,1,0.6167523989000634,646,0.2585034013605442,1,CONTEST,895.26,True
DSP000265,TXN0063450,M000148,CUS0022650,Visa,RECURRING_BILLING_DISPUTE,Recurring Billing Dispute,2025-07-21,3999,543,284,2025-08-10,20,contested,lost,2025-08-21,3,5,2,3,0.4303666666666666,3,3,0.4,1499,debit_card,1,9999.0,0,54.0,0.1331210717862519,passed,0,2,0,0,,,fitness_membership,fitness_membership,small,membership_service,1,0.6471080338989853,0,1,14,20.0,109.5375,0,0.0,827,0.2068017004251063,0,ACCEPT,-827.0,False
DSP000267,TXN0064082,M000149,,Visa,RECURRING_BILLING_DISPUTE,Recurring Billing Dispute,2025-09-03,799,587,255,2025-09-12,9,contested,lost,2025-10-10,4,5,3,2,0.5970833333333333,4,2,0.6,24999,credit_card,0,0.0,0,,0.372383696954928,failed,1,1,0,0,,,saas_tools,saas_tools,small,digital_service,1,0.8910923420275528,0,1,48,9.0,140.57430555555555,0,0.3471739130434782,842,1.0,0,ACCEPT,-564.61,False
DSP000268,TXN0063960,M000149,CUS0022964,RuPay,RECURRING_BILLING_DISPUTE,Recurring Billing Dispute,2026-01-13,799,433,222,2026-01-26,13,contested,won,2026-02-25,6,5,5,0,0.9528333333333332,6,0,1.0,999,credit_card,0,0.0,0,,0.3759868577930814,passed,0,1,0,1,,,saas_tools,saas_tools,small,digital_service,1,0.8910923420275528,0,1,48,13.0,177.48611111111111,1,0.97378361731444,655,0.8197747183979975,1,CONTEST,123.05,False
DSP000269,TXN0064584,M000150,CUS0023179,Mastercard,MERCHANDISE_NOT_AS_DESCRIBED,Merchandise Not As Described,2025-11-24,3750,694,254,2025-12-01,7,contested,lost,2025-12-30,3,3,2,1,0.4660666666666667,3,3,0.6666666666666666,3999,credit_card,2,4998.0,0,152.0,0.3766217824302778,passed,1,1,0,0,,,d2c_brand,d2c_brand,small,physical_delivery,0,0.8350611257334969,1,1,93,7.0,75.97569444444444,0,0.2277922077922078,948,0.2528,0,ACCEPT,-93.78,True
DSP000270,TXN0064589,M000150,CUS0023179,Visa,MERCHANDISE_NOT_RECEIVED,Merchandise Not Received,2025-03-29,895,465,198,2025-04-14,16,contested,won,2025-04-15,6,4,4,0,0.9451333333333332,6,0,1.0,2499,credit_card,0,0.0,0,,0.1171550017774214,not_applicable,1,1,0,0,,,d2c_brand,d2c_brand,small,physical_delivery,0,0.8350611257334969,1,1,93,16.0,-129.90416666666667,1,0.9382683982683983,663,0.740782122905028,1,CONTEST,176.75,False
DSP000271,TXN0064394,M000150,CUS0023139,Mastercard,MERCHANDISE_NOT_RECEIVED,Merchandise Not Received,2025-02-21,1200,586,220,2025-03-13,20,contested,lost,2025-03-13,5,4,3,1,0.76575,5,1,0.75,3999,debit_card,1,3999.0,0,97.0,0.3618600821045243,passed,1,1,0,0,,,d2c_brand,d2c_brand,small,physical_delivery,0,0.8350611257334969,1,1,93,20.0,-105.41527777777776,0,0.5709021573541697,806,0.6716666666666666,0,ACCEPT,-120.92,False
DSP000274,TXN0065804,M000152,CUS0023388,Visa,CREDIT_NOT_PROCESSED,Credit Not Processed,2026-02-27,999,672,179,2026-03-13,14,contested,won,2026-03-18,4,4,3,1,0.6115,4,2,0.75,595,credit_card,1,1999.0,0,68.0,0.4708684087472844,passed,1,1,0,0,delivered,1.0,subscription_edtech,subscription_edtech,small,digital_service,1,0.68292586842327,0,1,86,14.0,284.30625,1,0.4810784313725491,851,0.8518518518518519,0,ACCEPT,-370.4,True
DSP000278,TXN0066005,M000153,,Mastercard,RECURRING_BILLING_DISPUTE,Recurring Billing Dispute,2025-10-26,8999,649,180,2025-11-04,9,contested,lost,2025-11-28,4,5,3,2,0.5241,4,2,0.6,399,debit_card,0,0.0,0,,0.3762595310226843,passed,1,4,0,0,,,fitness_membership,fitness_membership,small,membership_service,1,0.4975316726721195,0,0,40,9.0,-50.65347222222222,0,0.03225806451612903,829,0.09212134681631293,0,ACCEPT,-538.71,False
DSP000279,TXN0066272,M000153,CUS0023572,Visa,MERCHANDISE_NOT_AS_DESCRIBED,Merchandise Not As Described,2025-06-25,3999,404,187,2025-07-03,8,contested,lost,2025-07-22,0,4,0,4,0.0,0,6,0.0,399,debit_card,1,399.0,0,65.0,0.2237384199254536,passed,1,1,0,0,,,fitness_membership,fitness_membership,small,membership_service,1,0.4975316726721195,0,0,40,8.0,31.290277777777774,0,0.0,591,0.14778694673668416,0,ACCEPT,-591.0,True
DSP000281,TXN0066770,M000154,CUS0023863,RuPay,RECURRING_BILLING_DISPUTE,Recurring Billing Dispute,2025-04-09,2999,433,215,2025-04-22,13,contested,lost,2025-04-26,3,5,3,2,0.40185,3,3,0.6,1499,credit_card,0,0.0,0,,0.0624407125609329,passed,1,1,0,0,,,subscription_edtech,subscription_edtech,small,digital_service,1,0.6349650101510135,0,0,83,13.0,-131.42291666666668,0,0.05578747628083491,648,0.21607202400800266,0,ACCEPT,-480.69,True
DSP000282,TXN0067455,M000155,,RuPay,MERCHANDISE_NOT_RECEIVED,Merchandise Not Received,2025-05-24,7900,697,166,2025-06-10,17,contested,lost,2025-07-04,6,4,4,0,0.9003333333333333,6,0,1.0,4999,credit_card,0,0.0,0,,0.1811790608421111,passed,1,1,0,0,,,d2c_brand,d2c_brand,small,physical_delivery,0,0.8614863211952564,1,1,120,17.0,-35.62847222222222,0,0.7837698359721295,863,0.10924050632911392,1,CONTEST,5328.78,False
DSP000285,TXN0068074,M000156,,Visa,DUPLICATE_TRANSACTION,Duplicate Transaction,2025-08-11,799,494,154,2025-08-25,14,contested,won,2025-09-09,5,2,1,1,0.7733666666666666,5,1,0.5,999,upi,0,0.0,0,,0.5285412493009055,not_applicable,1,1,0,0,,,saas_tools,saas_tools,small,digital_service,1,0.8073642556059253,0,1,90,14.0,36.232638888888886,1,0.7837698359721295,648,0.8110137672090113,0,ACCEPT,-21.77,False
DSP000286,TXN0067867,M000156,,Mastercard,RECURRING_BILLING_DISPUTE,Recurring Billing Dispute,2025-04-18,399,738,245,2025-05-03,15,contested,lost,2025-05-17,5,5,4,1,0.74715,5,1,0.8,1499,credit_card,1,14999.0,0,177.0,0.4573990746849327,passed,1,3,0,0,,,saas_tools,saas_tools,small,digital_service,1,0.8073642556059253,0,1,90,15.0,-120.43402777777776,0,0.6167523989000634,983,1.0,0,ACCEPT,-736.92,False
DSP000287,TXN0067931,M000156,,Mastercard,SERVICE_NOT_RENDERED,Service Not Rendered,2025-02-12,399,475,150,2025-03-05,21,contested,lost,2025-03-14,4,4,2,2,0.6150333333333333,4,2,0.5,1499,upi,0,0.0,0,,0.6130277744106409,not_applicable,1,4,0,0,,,saas_tools,saas_tools,small,digital_service,1,0.8073642556059253,0,1,90,21.0,18.41180555555556,0,0.3703318077803203,625,1.0,0,ACCEPT,-477.24,True
DSP000288,TXN0067808,M000156,CUS0024142,Mastercard,RECURRING_BILLING_DISPUTE,Recurring Billing Dispute,2025-12-24,399,422,186,2026-01-01,8,contested,won,2026-01-21,4,5,4,1,0.5995833333333334,4,2,0.8,3999,debit_card,3,6997.0,0,16.0,0.3947088715419876,passed,1,1,0,1,,,saas_tools,saas_tools,small,digital_service,1,0.8073642556059253,0,1,90,8.0,13.280555555555557,1,0.6120785571784143,608,1.0,0,ACCEPT,-363.78,False
DSP000290,TXN0068152,M000157,CUS0024441,Mastercard,UNAUTHORIZED_TRANSACTION,Unauthorized Transaction,2025-08-01,1499,702,199,2025-08-10,9,contested,lost,2025-09-08,5,4,4,0,0.7431,5,1,1.0,2499,debit_card,0,0.0,0,,0.5682769324777451,passed,1,2,1,0,,,subscription_edtech,subscription_edtech,small,digital_service,1,0.763059752057111,0,1,13,9.0,109.69375,0,0.42055555555555557,901,0.6010673782521682,0,ACCEPT,-270.59,False
DSP000293,TXN0069113,M000158,,Mastercard,SERVICE_NOT_RENDERED,Service Not Rendered,2026-02-09,9999,474,239,2026-02-27,18,contested,won,2026-03-17,5,4,3,1,0.806,5,1,0.75,599,netbanking,4,5046.0,0,20.0,0.1161773800070526,not_applicable,1,1,0,0,delivered,1.0,subscription_edtech,subscription_edtech,small,digital_service,1,0.6706559833000327,0,0,108,18.0,132.72986111111112,1,0.6004198618718742,713,0.0713071307130713,1,CONTEST,5290.6,True
DSP000295,TXN0069222,M000159,,Mastercard,RECURRING_BILLING_DISPUTE,Recurring Billing Dispute,2025-08-23,14999,568,255,2025-09-02,10,contested,lost,2025-09-06,4,5,3,2,0.4729833333333333,4,2,0.6,4999,upi,0,0.0,0,,0.4298618535794312,not_applicable,1,4,0,0,,,fitness_membership,fitness_membership,small,membership_service,1,0.5581713273889903,0,1,110,10.0,-10.713888888888889,0,0.03225806451612903,823,0.05487032468831255,0,ACCEPT,-339.16,False
DSP000296,TXN0069356,M000159,CUS0024862,Visa,RECURRING_BILLING_DISPUTE,Recurring Billing Dispute,2025-05-07,2499,544,246,2025-05-25,18,contested,lost,2025-05-29,3,5,3,2,0.3665833333333333,3,3,0.6,14999,credit_card,0,0.0,0,,0.0858246866615276,passed,1,1,0,0,,,fitness_membership,fitness_membership,small,membership_service,1,0.5581713273889903,0,1,110,18.0,64.64583333333333,0,0.0,790,0.3161264505802321,0,ACCEPT,-790.0,True
DSP000297,TXN0069760,M000160,,Mastercard,UNAUTHORIZED_TRANSACTION,Unauthorized Transaction,2025-05-16,999,488,243,2025-05-24,8,contested,lost,2025-06-20,3,4,2,2,0.3558333333333333,3,3,0.5,999,credit_card,0,0.0,0,,0.3314459752428155,failed,1,1,0,0,,,fitness_membership,fitness_membership,small,membership_service,1,0.5681489588327533,0,0,26,8.0,54.65416666666667,0,0.0,731,0.7317317317317318,0,ACCEPT,-731.0,True
DSP000299,TXN0070046,M000160,CUS0025080,Visa,CREDIT_NOT_PROCESSED,Credit Not Processed,2025-09-14,8999,724,216,2025-09-22,8,contested,lost,2025-10-28,3,4,1,3,0.3798833333333333,3,3,0.25,2499,netbanking,0,0.0,0,,0.0690450619450576,not_applicable,1,1,0,1,,,fitness_membership,fitness_membership,small,membership_service,1,0.5681489588327533,0,0,26,8.0,-14.9125,0,0.0,940,0.10445605067229692,0,ACCEPT,-940.0,False
DSP000300,TXN0070273,M000161,,Visa,MERCHANDISE_NOT_AS_DESCRIBED,Merchandise Not As Described,2025-12-13,1450,489,281,2025-12-22,9,contested,lost,2026-01-06,2,3,1,2,0.1835166666666667,2,4,0.3333333333333333,8999,credit_card,0,0.0,0,,0.2177467995022434,passed,1,1,0,1,,,social_seller,social_seller,small,physical_delivery,0,0.2966493866500228,1,0,70,9.0,99.77569444444444,0,0.0,770,0.5310344827586206,0,ACCEPT,-770.0,False
DSP000301,TXN0070501,M000161,CUS0025232,Visa,MERCHANDISE_NOT_AS_DESCRIBED,Merchandise Not As Described,2025-06-12,1995,430,156,2025-06-28,16,contested,lost,2025-07-07,2,3,0,3,0.22215,2,4,0.0,14999,upi,0,0.0,0,,0.3876778706395792,not_applicable,1,1,0,0,,,social_seller,social_seller,small,physical_delivery,0,0.2966493866500228,1,0,70,16.0,148.76805555555555,0,0.0,586,0.293734335839599,0,ACCEPT,-586.0,False
DSP000302,TXN0070772,M000161,,Visa,MERCHANDISE_NOT_RECEIVED,Merchandise Not Received,2025-05-07,4949,639,250,2025-05-21,14,contested,lost,2025-06-03,3,4,2,2,0.3174333333333333,3,3,0.5,5199,debit_card,1,1199.0,0,53.0,0.3650614462676858,passed,1,1,0,0,delivered,1.0,social_seller,social_seller,small,physical_delivery,0,0.2966493866500228,1,0,70,14.0,-18.636111111111116,0,0.015384615384615385,889,0.17963224893917965,0,ACCEPT,-812.86,False
DSP000303,TXN0071165,M000162,,RuPay,RECURRING_BILLING_DISPUTE,Recurring Billing Dispute,2025-10-06,14999,619,277,2025-10-19,13,contested,lost,2025-10-21,3,5,3,2,0.4520333333333333,3,3,0.6,1149,debit_card,0,0.0,0,,0.203846436597517,passed,1,1,0,0,delivered,1.0,subscription_edtech,subscription_edtech,small,digital_service,1,0.6676772517168387,0,0,83,13.0,-49.76041666666666,0,0.07007319056654919,896,0.05973731582105474,1,CONTEST,155.03,False
DSP000304,TXN0071146,M000162,,Mastercard,CREDIT_NOT_PROCESSED,Credit Not Processed,2025-07-15,1499,565,155,2025-08-04,20,contested,lost,2025-08-02,2,4,2,2,0.26415,2,4,0.5,549,debit_card,0,0.0,0,,0.2662184332483298,not_applicable,1,2,1,0,delivered,0.0,subscription_edtech,subscription_edtech,small,digital_service,1,0.6676772517168387,0,0,83,20.0,98.78125,0,0.0,720,0.48032021347565046,0,ACCEPT,-720.0,False
DSP000308,TXN0071410,M000163,CUS0025494,Mastercard,MERCHANDISE_NOT_AS_DESCRIBED,Merchandise Not As Described,2025-12-07,999,416,300,2025-12-26,19,contested,lost,2026-01-07,4,4,2,2,0.5607666666666666,4,2,0.5,479,debit_card,5,12933.0,0,22.0,0.1478350942057441,passed,1,1,0,0,in_transit,0.0,fitness_membership,fitness_membership,small,membership_service,1,0.4870358689907135,0,0,115,19.0,25.59583333333333,0,0.03225806451612903,716,0.7167167167167167,0,ACCEPT,-683.77,False
DSP000309,TXN0071546,M000163,,Visa,SERVICE_NOT_RENDERED,Service Not Rendered,2025-07-13,999,511,271,2025-07-21,8,contested,lost,2025-08-02,3,4,2,2,0.3749166666666666,3,3,0.5,1449,debit_card,1,5795.0,0,52.0,0.2129063975276262,passed,0,1,0,0,delivered,1.0,fitness_membership,fitness_membership,small,membership_service,1,0.4870358689907135,0,0,115,8.0,89.15972222222223,0,0.015384615384615385,782,0.7827827827827828,0,ACCEPT,-766.63,False
DSP000310,TXN0072216,M000164,CUS0025804,Visa,CREDIT_NOT_PROCESSED,Credit Not Processed,2025-10-12,8999,469,251,2025-10-21,9,contested,lost,2025-11-02,1,4,0,4,0.15155,1,5,0.0,7595,upi,0,0.0,0,,0.1822931316563221,not_applicable,1,2,0,0,delivered,0.0,fitness_membership,fitness_membership,small,membership_service,1,0.4571685502836327,0,1,11,9.0,83.76041666666667,0,0.0,720,0.08000888987665296,0,ACCEPT,-720.0,False
DSP000311,TXN0072207,M000164,CUS0025842,Mastercard,CREDIT_NOT_PROCESSED,Credit Not Processed,2025-07-18,8999,697,160,2025-07-29,11,contested,lost,2025-08-27,2,4,1,3,0.2018333333333333,2,4,0.25,1995,wallet,0,0.0,0,,0.592088994040523,not_applicable,1,1,0,1,delivered,1.0,fitness_membership,fitness_membership,small,membership_service,1,0.4571685502836327,0,1,11,11.0,-3.459722222222222,0,0.0,857,0.09523280364484943,0,ACCEPT,-857.0,False
DSP000314,TXN0072679,M000165,CUS0025902,Visa,MERCHANDISE_NOT_AS_DESCRIBED,Merchandise Not As Described,2025-08-05,600,720,264,2025-08-18,13,contested,won,2025-09-03,6,3,3,0,0.9321,6,0,1.0,14999,upi,0,0.0,0,,0.0898044078378802,not_applicable,0,1,0,0,,,d2c_brand,d2c_brand,small,physical_delivery,0,0.7910235684823526,1,1,65,13.0,176.31180555555557,1,0.8234389051808406,984,1.0,0,ACCEPT,-489.94,False
DSP000315,TXN0073390,M000166,CUS0026110,Visa,MERCHANDISE_NOT_RECEIVED,Merchandise Not Received,2025-07-17,795,481,293,2025-07-25,8,contested,lost,2025-08-14,2,4,1,3,0.1991666666666666,2,4,0.25,699,upi,0,0.0,0,,0.2993258710848566,not_applicable,0,5,0,0,delivered,0.0,social_seller,social_seller,small,physical_delivery,0,0.2623200736498453,1,1,79,8.0,122.07152777777776,0,0.0,774,0.9735849056603774,0,ACCEPT,-774.0,False
DSP000316,TXN0073109,M000166,,Mastercard,MERCHANDISE_NOT_RECEIVED,Merchandise Not Received,2025-03-27,1449,567,247,2025-04-13,17,contested,lost,2025-04-23,1,4,1,3,0.1171,1,5,0.25,1299,netbanking,0,0.0,0,,0.1717366521164254,not_applicable,1,3,1,0,delivered,0.0,social_seller,social_seller,small,physical_delivery,0,0.2623200736498453,1,1,79,17.0,-230.20277777777775,0,0.0,814,0.5617667356797792,0,ACCEPT,-814.0,False
DSP000317,TXN0073889,M000167,,Visa,MERCHANDISE_NOT_AS_DESCRIBED,Merchandise Not As Described,2025-05-31,3649,454,251,2025-06-11,11,contested,won,2025-06-18,6,3,3,0,0.9339166666666668,6,0,1.0,999,debit_card,2,15998.0,0,35.0,0.0317439290161288,passed,1,2,0,0,,,d2c_brand,d2c_brand,small,physical_delivery,0,0.8396379451219828,1,1,29,11.0,-144.8076388888889,1,0.7367110124427177,705,0.19320361742943273,1,CONTEST,1983.26,True
DSP000319,TXN0074518,M000168,CUS0026440,Mastercard,CREDIT_NOT_PROCESSED,Credit Not Processed,2025-05-18,1499,496,299,2025-06-01,14,contested,lost,2025-06-18,4,4,2,2,0.6112833333333333,4,2,0.5,399,credit_card,0,0.0,0,,0.5686990476002685,passed,1,1,0,0,,,subscription_edtech,subscription_edtech,small,digital_service,1,0.6633219266138296,0,1,24,14.0,68.69722222222222,0,0.12476190476190477,795,0.5303535690460307,0,ACCEPT,-607.98,False
DSP000320,TXN0074524,M000168,CUS0026548,Visa,DUPLICATE_TRANSACTION,Duplicate Transaction,2025-12-28,499,748,195,2026-01-17,20,contested,won,2026-01-13,6,2,2,0,0.9089333333333331,6,0,1.0,399,debit_card,0,0.0,0,,0.3879812416893458,passed,0,1,0,0,,,subscription_edtech,subscription_edtech,small,digital_service,1,0.6633219266138296,0,1,24,20.0,43.70486111111112,1,0.8821675579322639,943,1.0,0,ACCEPT,-502.8,False
DSP000321,TXN0074944,M000169,CUS0026715,Mastercard,DUPLICATE_TRANSACTION,Duplicate Transaction,2025-09-09,1599,565,217,2025-09-22,13,contested,lost,2025-10-22,1,2,0,2,0.0916666666666666,1,5,0.0,399,netbanking,0,0.0,0,,0.3445984238568539,not_applicable,1,2,0,0,,,social_seller,social_seller,small,physical_delivery,0,0.3379004013014416,1,0,44,13.0,45.363194444444446,0,0.07007319056654919,782,0.4890556597873671,0,ACCEPT,-669.95,False
DSP000322,TXN0074708,M000169,CUS0026752,Mastercard,MERCHANDISE_NOT_AS_DESCRIBED,Merchandise Not As Described,2025-02-12,900,557,167,2025-02-19,7,contested,lost,2025-03-29,1,3,1,2,0.1360166666666666,1,5,0.3333333333333333,399,credit_card,0,0.0,0,,0.155354564766895,passed,1,1,0,0,,,social_seller,social_seller,small,physical_delivery,0,0.3379004013014416,1,0,44,7.0,-175.63680555555555,0,0.0,724,0.8044444444444444,0,ACCEPT,-724.0,True
DSP000323,TXN0075050,M000169,,Visa,MERCHANDISE_NOT_AS_DESCRIBED,Merchandise Not As Described,2025-09-03,3349,515,166,2025-09-10,7,contested,lost,2025-10-17,1,3,1,2,0.1067166666666666,1,5,0.3333333333333333,699,debit_card,1,3549.0,0,78.0,0.2605648157998529,passed,1,3,1,0,delivered,1.0,social_seller,social_seller,small,physical_delivery,0,0.3379004013014416,1,0,44,7.0,158.5236111111111,0,0.015384615384615385,681,0.20334428187518663,0,ACCEPT,-629.48,False
DSP000324,TXN0075424,M000170,CUS0026803,RuPay,SERVICE_NOT_RENDERED,Service Not Rendered,2025-03-15,999,599,292,2025-03-23,8,contested,lost,2025-04-15,3,4,2,2,0.4155833333333333,3,3,0.5,1199,upi,2,1598.0,0,119.0,0.6685005398588428,not_applicable,1,1,0,0,delivered,0.0,subscription_edtech,subscription_edtech,small,digital_service,1,0.7482407412429913,0,1,105,8.0,-102.18055555555556,0,0.07007319056654919,891,0.8918918918918919,0,ACCEPT,-821.0,False
DSP000326,TXN0075428,M000170,CUS0026965,Visa,DUPLICATE_TRANSACTION,Duplicate Transaction,2025-03-07,999,453,218,2025-03-17,10,contested,won,2025-04-19,5,2,2,0,0.74925,5,1,1.0,849,upi,0,0.0,0,,0.2212388285696712,not_applicable,1,3,0,1,delivered,1.0,subscription_edtech,subscription_edtech,small,digital_service,1,0.7482407412429913,0,1,105,10.0,28.209722222222226,1,0.8191112834966743,671,0.6716716716716716,1,CONTEST,147.29,True
DSP000328,TXN0075921,M000171,,Visa,SERVICE_NOT_RENDERED,Service Not Rendered,2025-06-08,2999,503,299,2025-06-21,13,contested,won,2025-07-20,6,4,4,0,0.97645,6,0,1.0,1545,upi,2,21398.0,0,73.0,0.3821335322279863,not_applicable,1,1,0,0,delivered,1.0,saas_tools,saas_tools,small,digital_service,1,0.8461471484109734,0,1,87,13.0,-34.856944444444444,1,0.9564502164502166,802,0.2674224741580527,1,CONTEST,2066.39,False
DSP000329,TXN0075865,M000171,,RuPay,UNAUTHORIZED_TRANSACTION,Unauthorized Transaction,2025-06-20,399,710,172,2025-07-05,15,contested,lost,2025-07-24,6,4,4,0,0.9253666666666668,6,0,1.0,1799,credit_card,0,0.0,0,,0.4648353471941729,failed,1,2,0,0,delivered,1.0,saas_tools,saas_tools,small,digital_service,1,0.8461471484109734,0,1,87,15.0,139.04791666666668,0,0.6074374057315233,882,1.0,0,ACCEPT,-639.63,False
DSP000332,TXN0076649,M000172,CUS0027308,RuPay,RECURRING_BILLING_DISPUTE,Recurring Billing Dispute,2025-05-14,399,707,196,2025-05-29,15,contested,won,2025-06-13,6,5,5,0,0.8818166666666666,6,0,1.0,3999,upi,0,0.0,0,,0.3337890749460906,not_applicable,1,3,0,0,,,saas_tools,saas_tools,small,digital_service,1,0.8076410743277062,0,1,99,15.0,47.22986111111111,1,0.9662324178418021,903,1.0,0,ACCEPT,-517.47,False
DSP000334,TXN0076543,M000172,,Visa,RECURRING_BILLING_DISPUTE,Recurring Billing Dispute,2025-12-07,49999,654,236,2025-12-28,21,contested,won,2026-01-15,6,5,5,0,0.9008833333333334,6,0,1.0,849,credit_card,0,0.0,0,,0.2360004720007548,passed,0,3,0,0,delivered,1.0,saas_tools,saas_tools,small,digital_service,1,0.8076410743277062,0,1,99,21.0,300.0423611111111,1,0.948485337638419,890,0.01780035600712014,1,CONTEST,46533.32,False
DSP000335,TXN0076397,M000172,CUS0027259,Mastercard,CREDIT_NOT_PROCESSED,Credit Not Processed,2025-07-13,19999,603,150,2025-07-22,9,contested,lost,2025-07-29,4,4,3,1,0.6352166666666667,4,2,0.75,1049,upi,0,0.0,0,,0.3169458978818121,not_applicable,0,1,0,0,delivered,0.0,saas_tools,saas_tools,small,digital_service,1,0.8076410743277062,0,1,99,9.0,-45.60486111111111,0,0.3753318077803237,753,0.03765188259412971,1,CONTEST,6753.26,False
DSP000336,TXN0076979,M000173,,RuPay,MERCHANDISE_NOT_RECEIVED,Merchandise Not Received,2026-02-25,1649,704,217,2026-03-14,17,contested,lost,2026-03-21,1,4,1,3,0.1125666666666666,1,5,0.25,24999,credit_card,0,0.0,0,,0.2282251659300721,failed,0,2,0,0,,,social_seller,social_seller,small,physical_delivery,0,0.3640298573256593,1,0,33,17.0,156.48402777777778,0,0.0,921,0.5585203153426319,0,ACCEPT,-921.0,False
DSP000337,TXN0076704,M000173,CUS0027432,RuPay,DUPLICATE_TRANSACTION,Duplicate Transaction,2025-07-27,800,533,203,2025-08-11,15,contested,lost,2025-08-10,1,2,0,2,0.1249666666666666,1,5,0.0,1499,credit_card,3,9497.0,0,156.0,0.3976502373813783,passed,1,1,0,0,,,social_seller,social_seller,small,physical_delivery,0,0.3640298573256593,1,0,33,15.0,-66.49444444444444,0,0.07007319056654919,736,0.92,0,ACCEPT,-679.94,False
DSP000339,TXN0077245,M000174,CUS0027642,Visa,UNAUTHORIZED_TRANSACTION,Unauthorized Transaction,2025-07-26,900,630,165,2025-08-03,8,contested,won,2025-09-04,6,4,4,0,0.92505,6,0,1.0,2149,upi,1,1999.0,0,247.0,0.212813344806696,not_applicable,1,1,0,0,delivered,1.0,d2c_brand,d2c_brand,small,physical_delivery,0,0.8698870666179559,1,1,62,8.0,-51.09027777777778,1,0.673931028124976,795,0.8833333333333333,0,ACCEPT,-188.46,False
DSP000344,TXN0078385,M000176,CUS0028111,Visa,DUPLICATE_TRANSACTION,Duplicate Transaction,2025-12-25,1499,460,211,2026-01-09,15,contested,won,2026-01-16,5,2,2,0,0.6869666666666667,5,1,1.0,3449,debit_card,0,0.0,0,,0.6400305477088105,failed,1,1,0,1,delivered,1.0,fitness_membership,fitness_membership,small,membership_service,1,0.5008526967508315,0,0,15,15.0,351.1875,1,0.6075765681311216,671,0.447631754503002,1,CONTEST,239.76,False
DSP000346,TXN0078915,M000177,CUS0028213,Mastercard,MERCHANDISE_NOT_RECEIVED,Merchandise Not Received,2025-04-11,1400,444,224,2025-04-20,9,contested,lost,2025-04-30,6,4,4,0,0.8396833333333333,6,0,1.0,1499,credit_card,0,0.0,0,,0.2183511216179822,passed,1,1,0,0,,,d2c_brand,d2c_brand,small,physical_delivery,0,0.763679823565692,1,1,97,9.0,91.55277777777778,0,0.937894663568048,668,0.47714285714285715,1,CONTEST,645.05,True
DSP000349,TXN0079356,M000178,CUS0028443,Visa,CREDIT_NOT_PROCESSED,Credit Not Processed,2026-02-12,18299,558,224,2026-02-19,7,contested,lost,2026-03-26,5,3,2,1,0.7611166666666667,5,1,0.6666666666666666,5999,upi,0,0.0,0,,0.2549299473142793,not_applicable,1,1,0,0,,,d2c_brand,d2c_brand,small,physical_delivery,0,0.7828052187578474,1,1,79,7.0,362.8333333333333,0,0.3753318077803204,782,0.042734575659872126,1,CONTEST,6086.2,False
DSP000350,TXN0079646,M000178,CUS0028472,Mastercard,MERCHANDISE_NOT_AS_DESCRIBED,Merchandise Not As Described,2025-09-17,3145,439,285,2025-09-26,9,contested,won,2025-10-01,5,3,3,0,0.7337166666666667,5,1,1.0,5999,upi,3,16997.0,0,120.0,0.1407531602782148,not_applicable,1,1,0,0,,,d2c_brand,d2c_brand,small,physical_delivery,0,0.7828052187578474,1,1,79,9.0,12.98611111111111,1,0.6604694896634375,724,0.2302066772655008,1,CONTEST,1353.18,False
DSP000352,TXN0080786,M000180,,RuPay,RECURRING_BILLING_DISPUTE,Recurring Billing Dispute,2025-03-25,1499,698,272,2025-04-11,17,contested,won,2025-04-08,6,5,5,0,0.96985,6,0,1.0,999,upi,0,0.0,0,,0.6957431564510035,not_applicable,1,4,0,0,,,saas_tools,saas_tools,small,digital_service,1,0.9250366641701736,0,1,20,17.0,-36.640277777777776,1,0.9608536765206871,970,0.6470980653769179,1,CONTEST,470.32,True
DSP000353,TXN0080698,M000180,CUS0028744,RuPay,UNAUTHORIZED_TRANSACTION,Unauthorized Transaction,2025-04-02,1499,405,179,2025-04-09,7,contested,lost,2025-05-11,6,4,4,0,0.9250166666666666,6,0,1.0,1499,debit_card,0,0.0,0,,0.2995971387244927,passed,1,1,0,0,,,saas_tools,saas_tools,small,digital_service,1,0.9250366641701736,0,1,20,7.0,26.58055555555556,0,0.5416454056866572,584,0.3895930620413609,1,CONTEST,227.93,True
DSP000354,TXN0080555,M000180,,Mastercard,SERVICE_NOT_RENDERED,Service Not Rendered,2025-07-11,1499,541,248,2025-07-25,14,contested,won,2025-08-11,5,4,3,1,0.8166666666666668,5,1,0.75,8999,debit_card,1,999.0,0,38.0,0.1024592438817202,passed,1,1,0,0,,,saas_tools,saas_tools,small,digital_service,1,0.9250366641701736,0,1,20,14.0,103.69722222222222,1,0.7199724822027015,789,0.5263509006004002,1,CONTEST,290.24,True
DSP000355,TXN0081267,M000181,,Mastercard,MERCHANDISE_NOT_AS_DESCRIBED,Merchandise Not As Described,2025-10-25,5999,433,206,2025-11-14,20,contested,lost,2025-12-05,1,4,1,3,0.1447333333333333,1,5,0.25,999,upi,2,2498.0,0,125.0,0.1235354597294421,not_applicable,1,1,0,0,,,fitness_membership,fitness_membership,small,membership_service,1,0.4752052683493253,0,1,120,20.0,114.03472222222224,0,0.0,639,0.10651775295882647,0,ACCEPT,-639.0,False
DSP000360,TXN0081701,M000182,CUS0029161,Visa,RECURRING_BILLING_DISPUTE,Recurring Billing Dispute,2026-01-06,5999,418,233,2026-01-16,10,contested,lost,2026-02-13,5,5,4,1,0.71005,5,1,0.8,2999,credit_card,0,0.0,0,,0.7519924178116049,passed,1,1,0,1,,,fitness_membership,fitness_membership,small,membership_service,1,0.6486169163861013,0,1,16,10.0,164.56527777777777,0,0.38231476005294374,651,0.10851808634772463,1,CONTEST,1642.51,False
DSP000361,TXN0082379,M000183,,Mastercard,RECURRING_BILLING_DISPUTE,Recurring Billing Dispute,2025-09-23,999,496,217,2025-10-14,21,contested,won,2025-10-25,5,5,4,1,0.7009833333333333,5,1,0.8,2499,credit_card,1,2499.0,0,82.0,0.2751794374830072,passed,1,1,0,0,,,fitness_membership,fitness_membership,small,membership_service,1,0.5743584059721514,0,0,39,21.0,137.26527777777778,1,0.5664026803624947,713,0.7137137137137137,0,ACCEPT,-147.16,False
DSP000362,TXN0082368,M000183,CUS0029288,Visa,CREDIT_NOT_PROCESSED,Credit Not Processed,2025-06-23,999,419,222,2025-06-30,7,contested,won,2025-07-30,5,4,4,0,0.5769666666666667,5,1,1.0,999,credit_card,0,0.0,0,,0.3024216040687109,passed,1,3,0,0,,,fitness_membership,fitness_membership,small,membership_service,1,0.5743584059721514,0,0,39,7.0,99.39930555555556,1,0.5514117647058824,641,0.6416416416416416,0,ACCEPT,-90.14,True
DSP000363,TXN0082643,M000184,CUS0029598,Visa,MERCHANDISE_NOT_AS_DESCRIBED,Merchandise Not As Described,2025-06-07,3999,444,244,2025-06-20,13,contested,lost,2025-07-12,3,4,1,3,0.2825833333333333,3,3,0.25,2499,wallet,3,4497.0,0,10.0,0.0788302715883668,not_applicable,1,1,0,0,,,fitness_membership,fitness_membership,small,membership_service,1,0.4536321087828728,0,0,77,13.0,25.447916666666668,0,0.0,688,0.17204301075268819,0,ACCEPT,-688.0,False
DSP000364,TXN0082992,M000184,,Mastercard,UNAUTHORIZED_TRANSACTION,Unauthorized Transaction,2025-03-31,3999,683,253,2025-04-15,15,contested,lost,2025-05-09,3,4,2,2,0.41275,3,3,0.5,999,credit_card,0,0.0,0,,0.6052676621056453,failed,1,1,0,0,,,fitness_membership,fitness_membership,small,membership_service,1,0.4536321087828728,0,0,77,15.0,-21.8375,0,0.015384615384615385,936,0.23405851462865718,0,ACCEPT,-874.48,True
DSP000365,TXN0082757,M000184,,Visa,RECURRING_BILLING_DISPUTE,Recurring Billing Dispute,2025-07-24,3999,423,273,2025-08-12,19,contested,lost,2025-08-11,3,5,3,2,0.3796833333333334,3,3,0.6,2499,debit_card,0,0.0,0,,0.6164982877636818,passed,1,1,0,0,,,fitness_membership,fitness_membership,small,membership_service,1,0.4536321087828728,0,0,77,19.0,-85.55625,0,0.015384615384615385,696,0.17404351087771944,0,ACCEPT,-634.48,False
DSP000366,TXN0083364,M000185,,Visa,RECURRING_BILLING_DISPUTE,Recurring Billing Dispute,2025-05-11,49999,476,157,2025-05-21,10,contested,won,2025-06-04,6,5,5,0,0.9173,6,0,1.0,8999,debit_card,0,0.0,0,,0.2326848726088462,passed,1,1,0,0,,,saas_tools,saas_tools,small,digital_service,1,0.8592333000118498,0,1,119,10.0,82.89722222222223,1,0.9542175066546962,633,0.012660253205064101,1,CONTEST,47076.92,False
DSP000367,TXN0083564,M000185,CUS0029757,Visa,CREDIT_NOT_PROCESSED,Credit Not Processed,2025-09-16,19999,657,216,2025-10-02,16,contested,lost,2025-10-29,5,4,3,1,0.8022,5,1,0.75,14999,netbanking,0,0.0,0,,0.3080284276941286,not_applicable,1,3,0,0,,,saas_tools,saas_tools,small,digital_service,1,0.8592333000118498,0,1,119,16.0,193.225,0,0.5323942208462332,873,0.04365218260913046,1,CONTEST,9774.35,False
DSP000368,TXN0083409,M000185,,RuPay,UNAUTHORIZED_TRANSACTION,Unauthorized Transaction,2025-05-23,9999,461,171,2025-06-04,12,contested,lost,2025-06-17,6,4,4,0,0.9556666666666668,6,0,1.0,1499,credit_card,0,0.0,0,,0.260065189767367,passed,1,2,0,0,,,saas_tools,saas_tools,small,digital_service,1,0.8592333000118498,0,1,119,12.0,33.89513888888889,0,0.4069889826046854,632,0.0632063206320632,1,CONTEST,3437.48,False
DSP000369,TXN0083539,M000185,CUS0029657,Visa,CREDIT_NOT_PROCESSED,Credit Not Processed,2025-04-29,9999,439,224,2025-05-18,19,contested,won,2025-06-07,5,4,3,1,0.7855166666666666,5,1,0.75,2499,debit_card,0,0.0,0,,0.6978496448787403,passed,1,1,0,0,,,saas_tools,saas_tools,small,digital_service,1,0.8592333000118498,0,1,119,19.0,37.269444444444446,1,0.5616799351319475,663,0.0663066306630663,1,CONTEST,4953.24,False
DSP000371,TXN0083780,M000186,CUS0029936,Visa,RECURRING_BILLING_DISPUTE,Recurring Billing Dispute,2025-02-15,999,663,154,2025-03-06,19,contested,lost,2025-03-10,2,5,1,4,0.2261833333333333,2,4,0.2,2999,debit_card,0,0.0,0,,0.3453656389923374,passed,1,1,0,0,,,fitness_membership,fitness_membership,small,membership_service,1,0.4524939755882426,0,1,94,19.0,-120.83611111111112,0,0.0,817,0.8178178178178178,0,ACCEPT,-817.0,True
DSP000373,TXN0084557,M000187,,Visa,SERVICE_NOT_RENDERED,Service Not Rendered,2025-10-18,24999,584,251,2025-11-03,16,contested,won,2025-11-13,4,4,4,0,0.4935333333333333,4,2,1.0,2999,credit_card,0,0.0,0,,0.6014896362538881,passed,1,1,0,0,,,fitness_membership,fitness_membership,small,membership_service,1,0.5865163196418441,0,0,28,16.0,-48.28958333333333,1,0.3892206966692092,835,0.033401336053442136,1,CONTEST,8895.13,True
DSP000374,TXN0084392,M000187,CUS0030209,RuPay,MERCHANDISE_NOT_AS_DESCRIBED,Merchandise Not As Described,2025-04-11,2499,609,276,2025-04-26,15,contested,won,2025-05-08,3,4,3,1,0.4453666666666667,3,3,0.75,1499,upi,0,0.0,0,,0.4866989892077282,not_applicable,1,1,0,0,,,fitness_membership,fitness_membership,small,membership_service,1,0.5865163196418441,0,0,28,15.0,-75.62986111111111,1,0.2277922077922078,885,0.35414165666266506,0,ACCEPT,-315.75,True
DSP000375,TXN0084516,M000187,CUS0030134,RuPay,DUPLICATE_TRANSACTION,Duplicate Transaction,2025-08-07,2499,569,178,2025-08-15,8,contested,won,2025-08-25,3,2,1,1,0.3622,3,3,0.5,2999,credit_card,0,0.0,0,,0.3950781604599263,passed,1,1,0,0,,,fitness_membership,fitness_membership,small,membership_service,1,0.5865163196418441,0,0,28,8.0,42.97152777777778,1,0.3563636363636364,747,0.29891956782713086,1,CONTEST,143.55,False
DSP000377,TXN0084805,M000188,CUS0030353,RuPay,RECURRING_BILLING_DISPUTE,Recurring Billing Dispute,2025-04-17,1499,557,160,2025-05-08,21,contested,lost,2025-05-16,4,5,3,2,0.5064666666666667,4,2,0.6,795,debit_card,0,0.0,0,,0.6937503195878785,passed,1,1,0,0,delivered,1.0,fitness_membership,fitness_membership,small,membership_service,1,0.4924294815046603,0,0,53,21.0,-246.2875,0,0.046543778801843315,717,0.4783188792528352,0,ACCEPT,-647.23,False
DSP000378,TXN0085197,M000188,,Visa,UNAUTHORIZED_TRANSACTION,Unauthorized Transaction,2025-04-22,2499,429,228,2025-05-05,13,contested,lost,2025-05-06,3,4,3,1,0.3328,3,3,0.75,3445,credit_card,3,14043.0,0,152.0,0.4097730703866224,passed,1,2,0,0,in_transit,0.0,fitness_membership,fitness_membership,small,membership_service,1,0.4924294815046603,0,0,53,13.0,-229.85694444444445,0,0.13673985723321586,657,0.26290516206482595,0,ACCEPT,-315.29,False
DSP000380,TXN0085418,M000189,,Visa,UNAUTHORIZED_TRANSACTION,Unauthorized Transaction,2025-08-30,2999,587,265,2025-09-16,17,contested,lost,2025-09-22,3,4,2,2,0.4688666666666667,3,3,0.5,1599,debit_card,0,0.0,0,,0.1680605034967916,not_applicable,1,1,0,0,delivered,1.0,subscription_edtech,subscription_edtech,small,digital_service,1,0.7262271953305591,0,0,105,17.0,221.6923611111111,0,0.03891402714932127,852,0.28409469823274425,0,ACCEPT,-735.3,False
DSP000381,TXN0085665,M000189,CUS0030425,Visa,UNAUTHORIZED_TRANSACTION,Unauthorized Transaction,2025-03-25,14999,667,198,2025-04-13,19,contested,lost,2025-04-24,4,4,3,1,0.5740333333333333,4,2,0.75,1695,debit_card,0,0.0,0,,0.371081201392014,passed,1,3,0,0,delivered,1.0,subscription_edtech,subscription_edtech,small,digital_service,1,0.7262271953305591,0,0,105,19.0,-41.66319444444444,0,0.18104829559982347,865,0.057670511367424494,1,CONTEST,1850.54,False
DSP000382,TXN0085642,M000189,,Visa,RECURRING_BILLING_DISPUTE,Recurring Billing Dispute,2025-10-27,9999,444,216,2025-11-03,7,contested,won,2025-11-26,4,5,3,2,0.6314333333333333,4,2,0.6,359,upi,1,2449.0,0,132.0,0.2754199877023408,not_applicable,1,1,0,0,delivered,1.0,subscription_edtech,subscription_edtech,small,digital_service,1,0.7262271953305591,0,0,105,7.0,22.558333333333334,1,0.35384057971014493,660,0.066006600660066,1,CONTEST,2878.05,False
DSP000384,TXN0085881,M000190,CUS0030615,Visa,RECURRING_BILLING_DISPUTE,Recurring Billing Dispute,2025-04-15,1499,509,204,2025-05-02,17,contested,lost,2025-05-18,4,5,4,1,0.5798333333333333,4,2,0.8,499,wallet,0,0.0,0,,0.1097983589807528,not_applicable,0,1,0,0,,,subscription_edtech,subscription_edtech,small,digital_service,1,0.6208794734162859,0,0,119,17.0,-59.172916666666666,0,0.3927294685990338,713,0.47565043362241494,0,ACCEPT,-124.3,False
DSP000385,TXN0086172,M000190,,Visa,UNAUTHORIZED_TRANSACTION,Unauthorized Transaction,2025-02-20,1499,475,280,2025-03-02,10,contested,lost,2025-03-18,5,4,3,1,0.75375,5,1,0.75,499,credit_card,0,0.0,0,,0.309478962074721,passed,1,1,0,0,,,subscription_edtech,subscription_edtech,small,digital_service,1,0.6208794734162859,0,0,119,10.0,-67.15277777777777,0,0.25777165183631257,755,0.5036691127418279,0,ACCEPT,-368.6,False
DSP000386,TXN0086485,M000191,,Visa,DUPLICATE_TRANSACTION,Duplicate Transaction,2025-05-15,3850,478,259,2025-05-26,11,contested,won,2025-06-06,4,2,1,1,0.6186833333333334,4,2,0.5,849,upi,1,1449.0,0,91.0,0.2407612402247989,not_applicable,1,1,0,0,delivered,1.0,d2c_brand,d2c_brand,small,physical_delivery,0,0.8775142176976087,1,1,51,11.0,-183.37152777777777,1,0.5926139538813316,737,0.19142857142857142,1,CONTEST,1544.56,False
DSP000387,TXN0087257,M000192,CUS0031149,Mastercard,UNAUTHORIZED_TRANSACTION,Unauthorized Transaction,2025-08-25,849,427,174,2025-09-01,7,contested,lost,2025-09-27,3,4,2,2,0.4841666666666666,3,3,0.5,26499,upi,0,0.0,0,,0.158513181466435,not_applicable,1,1,0,0,,,d2c_brand,d2c_brand,small,physical_delivery,0,0.8161978747496101,1,1,50,7.0,85.58472222222223,0,0.05578747628083491,601,0.7078916372202592,0,ACCEPT,-553.64,False
DSP000388,TXN0087401,M000193,CUS0031298,Visa,RECURRING_BILLING_DISPUTE,Recurring Billing Dispute,2025-11-10,499,523,265,2025-11-24,14,contested,lost,2025-12-17,2,5,2,3,0.3266666666666666,2,4,0.4,15899,debit_card,0,0.0,0,,0.3016970428110777,passed,1,1,0,0,,,subscription_edtech,subscription_edtech,small,digital_service,1,0.767076273913299,0,1,21,14.0,291.6930555555556,0,0.03225806451612903,788,1.0,0,ACCEPT,-771.9,False
DSP000390,TXN0087511,M000193,CUS0031280,Mastercard,RECURRING_BILLING_DISPUTE,Recurring Billing Dispute,2025-02-06,499,568,292,2025-02-22,16,contested,won,2025-03-17,6,5,5,0,0.9481833333333332,6,0,1.0,10699,debit_card,1,30499.0,0,40.0,0.4035444566719321,passed,1,2,0,0,,,subscription_edtech,subscription_edtech,small,digital_service,1,0.767076273913299,0,1,21,16.0,-311.2270833333333,1,0.9347389865036924,860,1.0,0,ACCEPT,-393.57,True
DSP000391,TXN0088357,M000194,,Mastercard,MERCHANDISE_NOT_AS_DESCRIBED,Merchandise Not As Described,2025-04-15,4750,513,286,2025-04-29,14,contested,lost,2025-05-27,5,3,2,1,0.72975,5,1,0.6666666666666666,3045,upi,0,0.0,0,,0.3750176330460224,not_applicable,1,1,0,0,,,d2c_brand,d2c_brand,small,physical_delivery,0,0.7678955508417806,1,1,8,14.0,-32.547916666666666,0,0.2841869000564653,799,0.16821052631578948,1,CONTEST,550.89,False
DSP000392,TXN0088069,M000194,CUS0031430,RuPay,MERCHANDISE_NOT_RECEIVED,Merchandise Not Received,2025-12-16,7399,468,243,2025-12-29,13,contested,lost,2026-01-22,4,4,3,1,0.58055,4,2,0.75,20999,upi,0,0.0,0,,0.3893639547222575,not_applicable,1,1,0,0,,,d2c_brand,d2c_brand,small,physical_delivery,0,0.7678955508417806,1,1,8,13.0,292.90694444444443,0,0.265853566723132,711,0.09609406676577915,1,CONTEST,1256.05,False
DSP000393,TXN0090002,M000195,,Visa,SERVICE_NOT_RENDERED,Service Not Rendered,2025-10-27,16000,406,289,2025-11-13,17,contested,lost,2025-11-18,2,3,0,3,0.2559,2,4,0.0,999,netbanking,2,10998.0,0,198.0,0.3879920109466162,not_applicable,1,1,0,1,,,travel_booking,travel_booking,medium,booking_service,0,0.5397849010209644,0,0,92,17.0,40.53472222222222,0,0.015384615384615385,695,0.0434375,0,ACCEPT,-448.85,False
DSP000394,TXN0090882,M000195,CUS0031694,Visa,DUPLICATE_TRANSACTION,Duplicate Transaction,2025-03-04,6700,462,281,2025-03-22,18,contested,won,2025-04-07,4,2,1,1,0.4906666666666666,4,2,0.5,2999,credit_card,0,0.0,0,,0.3275648970716398,passed,1,1,0,0,,,travel_booking,travel_booking,medium,booking_service,0,0.5397849010209644,0,0,92,18.0,-171.9736111111111,1,0.4664585483316134,743,0.1108955223880597,1,CONTEST,2382.27,False
DSP000395,TXN0088813,M000195,CUS0032017,Visa,MERCHANDISE_NOT_AS_DESCRIBED,Merchandise Not As Described,2025-09-25,18399,651,265,2025-10-12,17,contested,lost,2025-10-19,3,3,1,2,0.3568833333333334,3,3,0.3333333333333333,22499,credit_card,0,0.0,0,,0.2064547549656434,passed,1,1,0,0,,,travel_booking,travel_booking,medium,booking_service,0,0.5397849010209644,0,0,92,17.0,42.53611111111111,0,0.0,916,0.049785314419261914,0,ACCEPT,-916.0,False
DSP000397,TXN0090810,M000195,CUS0031702,Visa,UNAUTHORIZED_TRANSACTION,Unauthorized Transaction,2025-04-14,9095,568,219,2025-05-03,19,contested,lost,2025-05-02,4,3,2,1,0.5651666666666667,4,2,0.6666666666666666,999,upi,1,9999.0,0,97.0,0.298845120425469,not_applicable,1,4,0,0,,,travel_booking,travel_booking,medium,booking_service,0,0.5397849010209644,0,0,92,19.0,-214.3083333333333,0,0.20290741516547967,787,0.08653106102253985,1,CONTEST,1058.44,False
DSP000401,TXN0091293,M000196,CUS0033035,RuPay,RECURRING_BILLING_DISPUTE,Recurring Billing Dispute,2025-01-22,2999,427,196,2025-02-12,21,contested,won,2025-02-16,4,5,4,1,0.5576,4,2,0.8,999,credit_card,2,10998.0,0,229.0,0.0974301264614183,passed,1,1,0,0,,,subscription_edtech,subscription_edtech,medium,digital_service,1,0.6204176203290956,0,1,58,21.0,-304.7805555555556,1,0.522,623,0.20773591197065688,1,CONTEST,942.48,True
DSP000405,TXN0093537,M000196,,Visa,RECURRING_BILLING_DISPUTE,Recurring Billing Dispute,2025-11-20,2999,559,219,2025-12-09,19,contested,lost,2025-12-22,3,5,3,2,0.3738166666666667,3,3,0.6,999,upi,1,999.0,0,196.0,0.2591976125250031,not_applicable,1,1,0,0,,,subscription_edtech,subscription_edtech,medium,digital_service,1,0.6204176203290956,0,1,58,19.0,6.918055555555555,0,0.0,778,0.2594198066022007,0,ACCEPT,-778.0,False
DSP000407,TXN0093274,M000196,,Mastercard,CREDIT_NOT_PROCESSED,Credit Not Processed,2025-09-26,999,738,256,2025-10-07,11,contested,won,2025-10-28,5,4,4,0,0.7557333333333333,5,1,1.0,9999,credit_card,0,0.0,0,,0.4034260608125239,passed,0,2,0,0,,,subscription_edtech,subscription_edtech,medium,digital_service,1,0.6204176203290956,0,1,58,11.0,89.59236111111112,1,0.9166079574864266,994,0.994994994994995,0,ACCEPT,-78.31,True
DSP000408,TXN0092324,M000196,CUS0033332,Visa,RECURRING_BILLING_DISPUTE,Recurring Billing Dispute,2025-05-18,999,492,259,2025-05-29,11,contested,lost,2025-06-02,4,5,3,2,0.6009833333333333,4,2,0.6,999,upi,0,0.0,0,,0.3496518011627049,not_applicable,1,1,0,0,,,subscription_edtech,subscription_edtech,medium,digital_service,1,0.6204176203290956,0,1,58,11.0,56.27013888888889,0,0.1611255411255411,751,0.7517517517517518,0,ACCEPT,-590.04,False
DSP000409,TXN0092695,M000196,,Visa,RECURRING_BILLING_DISPUTE,Recurring Billing Dispute,2025-06-26,999,656,199,2025-07-07,11,contested,lost,2025-07-28,3,5,3,2,0.4068666666666667,3,3,0.6,999,debit_card,0,0.0,0,,0.1307450472767422,passed,0,1,0,0,,,subscription_edtech,subscription_edtech,medium,digital_service,1,0.6204176203290956,0,1,58,11.0,-49.41597222222222,0,0.006426747076342573,855,0.8558558558558559,0,ACCEPT,-848.58,False
DSP000410,TXN0092435,M000196,,Mastercard,UNAUTHORIZED_TRANSACTION,Unauthorized Transaction,2025-10-11,9999,460,291,2025-10-26,15,contested,lost,2025-11-15,1,4,1,3,0.1579166666666666,1,5,0.25,999,upi,0,0.0,0,,0.0477027744683905,not_applicable,1,1,0,0,,,subscription_edtech,subscription_edtech,medium,digital_service,1,0.6204176203290956,0,1,58,15.0,192.32430555555555,0,0.0,751,0.07510751075107511,0,ACCEPT,-751.0,False
DSP000411,TXN0091656,M000196,CUS0032756,Mastercard,RECURRING_BILLING_DISPUTE,Recurring Billing Dispute,2025-03-11,2999,606,293,2025-04-01,21,contested,lost,2025-04-01,5,5,4,1,0.6128833333333333,5,1,0.8,999,debit_card,0,0.0,0,,0.5899259719849173,passed,1,3,0,0,,,subscription_edtech,subscription_edtech,medium,digital_service,1,0.6204176203290956,0,1,58,21.0,-207.9430555555556,0,0.6167523989000634,899,0.2997665888629543,1,CONTEST,950.64,True
DSP000412,TXN0091443,M000196,,Visa,UNAUTHORIZED_TRANSACTION,Unauthorized Transaction,2025-08-29,999,455,154,2025-09-13,15,contested,lost,2025-09-29,3,4,2,2,0.4529333333333333,3,3,0.5,2999,upi,1,999.0,0,222.0,0.221022719513462,not_applicable,1,1,0,0,,,subscription_edtech,subscription_edtech,medium,digital_service,1,0.6204176203290956,0,1,58,15.0,-18.39305555555556,0,0.0,609,0.6096096096096096,0,ACCEPT,-609.0,False
DSP000413,TXN0092206,M000196,CUS0033214,Mastercard,CREDIT_NOT_PROCESSED,Credit Not Processed,2025-03-10,2999,527,159,2025-03-28,18,contested,won,2025-03-25,6,4,4,0,0.80315,6,0,1.0,24999,upi,1,999.0,0,100.0,0.3040787019851769,not_applicable,0,1,0,0,,,subscription_edtech,subscription_edtech,medium,digital_service,1,0.6204176203290956,0,1,58,18.0,-53.696527777777774,1,0.9347389865036924,686,0.22874291430476826,1,CONTEST,2117.28,False
DSP000414,TXN0093075,M000196,,Visa,UNAUTHORIZED_TRANSACTION,Unauthorized Transaction,2025-09-09,2999,605,244,2025-09-23,14,contested,lost,2025-10-15,2,4,2,2,0.3095333333333333,2,4,0.5,999,netbanking,1,999.0,0,240.0,0.1513382590300886,not_applicable,1,1,0,0,,,subscription_edtech,subscription_edtech,medium,digital_service,1,0.6204176203290956,0,1,58,14.0,-45.17430555555556,0,0.0,849,0.2830943647882628,0,ACCEPT,-849.0,False
DSP000415,TXN0093345,M000196,CUS0033171,Mastercard,UNAUTHORIZED_TRANSACTION,Unauthorized Transaction,2025-09-18,999,495,300,2025-10-03,15,contested,lost,2025-10-04,3,4,3,1,0.4101833333333333,3,3,0.75,999,upi,1,999.0,0,113.0,0.0461643400259295,not_applicable,1,3,0,0,,,subscription_edtech,subscription_edtech,medium,digital_service,1,0.6204176203290956,0,1,58,15.0,139.1875,0,0.2277922077922078,795,0.7957957957957958,0,ACCEPT,-567.44,True
DSP000416,TXN0091830,M000196,CUS0032985,Mastercard,RECURRING_BILLING_DISPUTE,Recurring Billing Dispute,2026-01-18,9999,670,246,2026-02-04,17,contested,lost,2026-02-17,2,5,2,3,0.2224333333333333,2,4,0.4,999,netbanking,1,9999.0,0,34.0,0.4562406251099548,not_applicable,1,1,0,0,,,subscription_edtech,subscription_edtech,medium,digital_service,1,0.6204176203290956,0,1,58,17.0,105.92986111111112,0,0.0,916,0.09160916091609161,0,ACCEPT,-916.0,True
DSP000417,TXN0092456,M000196,CUS0032866,RuPay,UNAUTHORIZED_TRANSACTION,Unauthorized Transaction,2025-10-13,999,745,251,2025-11-03,21,contested,won,2025-11-13,4,4,3,1,0.5888333333333333,4,2,0.75,9999,upi,3,11997.0,0,108.0,0.513787689633393,not_applicable,1,2,0,0,,,subscription_edtech,subscription_edtech,medium,digital_service,1,0.6204176203290956,0,1,58,21.0,86.42986111111111,1,0.3753318077803204,996,0.996996996996997,0,ACCEPT,-621.04,False
DSP000419,TXN0094213,M000197,,Mastercard,UNAUTHORIZED_TRANSACTION,Unauthorized Transaction,2026-01-02,999,629,185,2026-01-17,15,contested,lost,2026-02-09,6,4,4,0,0.9217833333333332,6,0,1.0,999,debit_card,1,999.0,0,57.0,0.0846359680816282,passed,1,1,0,0,,,subscription_edtech,subscription_edtech,medium,digital_service,1,0.6762982680652562,0,1,18,15.0,295.775,0,0.6204748069268193,814,0.8148148148148148,0,ACCEPT,-194.15,True
DSP000420,TXN0095001,M000197,,Visa,RECURRING_BILLING_DISPUTE,Recurring Billing Dispute,2025-07-09,9999,528,273,2025-07-17,8,contested,lost,2025-08-01,3,5,2,3,0.4279166666666666,3,3,0.4,849,upi,2,2094.0,0,24.0,0.1742630257767848,not_applicable,1,2,0,0,delivered,1.0,subscription_edtech,subscription_edtech,medium,digital_service,1,0.6762982680652562,0,1,18,8.0,-58.85347222222222,0,0.015384615384615385,801,0.08010801080108011,0,ACCEPT,-647.17,False
DSP000421,TXN0095586,M000197,CUS0034014,Mastercard,RECURRING_BILLING_DISPUTE,Recurring Billing Dispute,2025-12-21,999,478,249,2026-01-08,18,contested,won,2026-01-27,5,5,4,1,0.7652833333333332,5,1,0.8,1549,credit_card,1,1399.0,0,165.0,0.080457790589345,passed,1,1,0,0,rto,0.0,subscription_edtech,subscription_edtech,medium,digital_service,1,0.6762982680652562,0,1,18,18.0,112.33958333333334,1,0.7350606168025523,727,0.7277277277277278,1,CONTEST,7.33,False
DSP000422,TXN0094545,M000197,,Mastercard,UNAUTHORIZED_TRANSACTION,Unauthorized Transaction,2025-09-05,24999,684,300,2025-09-12,7,contested,lost,2025-09-27,5,4,3,1,0.7504833333333334,5,1,0.75,999,upi,0,0.0,0,,0.2028672500092946,not_applicable,0,1,0,0,,,subscription_edtech,subscription_edtech,medium,digital_service,1,0.6762982680652562,0,1,18,7.0,140.66041666666666,0,0.24337662337662339,984,0.03936157446297852,1,CONTEST,5100.17,False
DSP000423,TXN0094658,M000197,,Visa,UNAUTHORIZED_TRANSACTION,Unauthorized Transaction,2025-11-21,999,637,261,2025-12-11,20,contested,lost,2026-01-04,4,4,2,2,0.6249,4,2,0.5,999,upi,0,0.0,0,,0.2081230849037454,not_applicable,1,1,0,0,,,subscription_edtech,subscription_edtech,medium,digital_service,1,0.6762982680652562,0,1,18,20.0,-26.334722222222226,0,0.07007319056654919,898,0.8988988988988988,0,ACCEPT,-828.0,False
DSP000425,TXN0094791,M000197,,Visa,RECURRING_BILLING_DISPUTE,Recurring Billing Dispute,2025-04-17,999,446,289,2025-05-02,15,contested,lost,2025-05-15,6,5,5,0,0.8032333333333334,6,0,1.0,9999,credit_card,0,0.0,0,,0.0882315827979018,passed,0,1,0,0,,,subscription_edtech,subscription_edtech,medium,digital_service,1,0.6762982680652562,0,1,18,15.0,31.35833333333333,0,0.8499094934161349,735,0.7357357357357357,1,CONTEST,114.06,False
DSP000426,TXN0095610,M000197,,Mastercard,RECURRING_BILLING_DISPUTE,Recurring Billing Dispute,2026-02-16,999,494,246,2026-02-28,12,contested,won,2026-03-15,4,5,4,1,0.6285999999999999,4,2,0.8,549,debit_card,0,0.0,0,,0.1268299621199528,not_applicable,0,1,0,1,delivered,1.0,subscription_edtech,subscription_edtech,medium,digital_service,1,0.6762982680652562,0,1,18,12.0,111.20486111111111,1,0.5874666846143491,740,0.7407407407407407,0,ACCEPT,-153.12,False
DSP000429,TXN0095378,M000197,CUS0033553,Mastercard,RECURRING_BILLING_DISPUTE,Recurring Billing Dispute,2025-03-25,999,629,242,2025-04-09,15,contested,lost,2025-04-08,3,5,2,3,0.4377999999999999,3,3,0.4,2099,credit_card,0,0.0,0,,0.512534513858577,passed,1,1,0,0,delivered,1.0,subscription_edtech,subscription_edtech,medium,digital_service,1,0.6762982680652562,0,1,18,15.0,-187.22986111111112,0,0.05578747628083491,871,0.8718718718718719,0,ACCEPT,-815.27,True
DSP000431,TXN0098046,M000198,,Mastercard,MERCHANDISE_NOT_AS_DESCRIBED,Merchandise Not As Described,2025-06-09,2295,548,247,2025-06-18,9,contested,lost,2025-07-08,5,3,3,0,0.7785000000000001,5,1,1.0,4695,debit_card,1,14695.0,0,108.0,0.1382791856964731,passed,0,1,0,0,,,d2c_brand,d2c_brand,medium,physical_delivery,0,0.852960710521447,1,0,40,9.0,-30.87986111111111,0,0.6143913498136089,795,0.3464052287581699,1,CONTEST,615.03,False
DSP000432,TXN0098004,M000198,CUS0034457,Mastercard,UNAUTHORIZED_TRANSACTION,Unauthorized Transaction,2026-01-14,9699,542,286,2026-01-26,12,contested,lost,2026-02-16,5,4,3,1,0.7137333333333333,5,1,0.75,12399,debit_card,1,12899.0,0,3.0,0.1578715510428039,passed,1,2,0,0,,,d2c_brand,d2c_brand,medium,physical_delivery,0,0.852960710521447,1,0,40,12.0,325.32152777777776,0,0.24337662337662339,828,0.08536962573461182,1,CONTEST,1532.51,False
DSP000434,TXN0098598,M000198,CUS0034593,Visa,MERCHANDISE_NOT_RECEIVED,Merchandise Not Received,2025-07-31,29999,563,171,2025-08-12,12,contested,lost,2025-09-10,6,4,4,0,0.9610166666666666,6,0,1.0,14799,credit_card,0,0.0,0,,0.5215852176169523,passed,1,1,0,0,,,d2c_brand,d2c_brand,medium,physical_delivery,0,0.852960710521447,1,0,40,12.0,36.78888888888889,0,0.7837698359721295,734,0.024467482249408312,1,CONTEST,22778.31,False
DSP000435,TXN0097211,M000198,CUS0034484,Visa,MERCHANDISE_NOT_RECEIVED,Merchandise Not Received,2025-04-28,4695,708,180,2025-05-15,17,contested,won,2025-05-27,5,4,3,1,0.7471833333333334,5,1,0.75,1045,netbanking,1,3145.0,0,116.0,0.3814301601259969,not_applicable,1,1,0,0,delivered,1.0,d2c_brand,d2c_brand,medium,physical_delivery,0,0.852960710521447,1,0,40,17.0,-12.234722222222222,1,0.6070132684652808,888,0.1891373801916933,1,CONTEST,1961.93,True
DSP000436,TXN0098825,M000198,,RuPay,UNAUTHORIZED_TRANSACTION,Unauthorized Transaction,2025-05-18,599,544,280,2025-05-25,7,contested,lost,2025-06-07,6,4,4,0,0.9238166666666666,6,0,1.0,12595,debit_card,0,0.0,0,,0.2943864420131498,passed,0,1,0,0,,,d2c_brand,d2c_brand,medium,physical_delivery,0,0.852960710521447,1,0,40,7.0,105.47361111111113,0,0.6004198618718742,824,1.0,0,ACCEPT,-464.35,True
DSP000437,TXN0099430,M000199,CUS0035992,Visa,UNAUTHORIZED_TRANSACTION,Unauthorized Transaction,2025-12-23,2945,475,293,2026-01-03,11,contested,lost,2026-01-24,3,3,2,1,0.4850833333333333,3,3,0.6666666666666666,10699,debit_card,0,0.0,0,,0.5680413144596624,passed,1,2,0,0,,,travel_booking,travel_booking,medium,booking_service,0,0.7169137216501509,0,0,118,11.0,125.30972222222222,0,0.07007319056654919,768,0.26078098471986416,0,ACCEPT,-561.63,False
DSP000438,TXN0100137,M000199,,RuPay,UNAUTHORIZED_TRANSACTION,Unauthorized Transaction,2025-02-20,2099,466,224,2025-03-10,18,contested,lost,2025-03-21,4,3,1,2,0.548,4,2,0.3333333333333333,2245,credit_card,2,14094.0,0,23.0,0.0802734798651509,passed,1,2,1,0,,,travel_booking,travel_booking,medium,booking_service,0,0.7169137216501509,0,0,118,18.0,-5.913194444444445,0,0.05578747628083491,690,0.32872796569795143,0,ACCEPT,-572.9,False
DSP000439,TXN0100528,M000199,CUS0036130,Visa,UNAUTHORIZED_TRANSACTION,Unauthorized Transaction,2025-02-20,22999,715,211,2025-03-12,20,contested,lost,2025-03-26,4,3,1,2,0.5397166666666667,4,2,0.3333333333333333,1499,credit_card,1,799.0,0,208.0,0.3257945487268464,failed,1,2,0,0,,,travel_booking,travel_booking,medium,booking_service,0,0.7169137216501509,0,0,118,20.0,-182.7173611111111,0,0.05578747628083491,926,0.040262620113918,1,CONTEST,357.06,False
DSP000440,TXN0100820,M000199,CUS0036183,Visa,MERCHANDISE_NOT_AS_DESCRIBED,Merchandise Not As Described,2025-01-25,21499,656,243,2025-02-14,20,contested,lost,2025-02-15,4,3,3,0,0.5419666666666666,4,2,1.0,9999,debit_card,0,0.0,0,,0.3723227146674557,passed,0,1,0,0,,,travel_booking,travel_booking,medium,booking_service,0,0.7169137216501509,0,0,118,20.0,-4.458333333333333,0,0.35699847444698707,899,0.04181589841387971,1,CONTEST,6776.11,False
DSP000442,TXN0101087,M000199,,Mastercard,UNAUTHORIZED_TRANSACTION,Unauthorized Transaction,2025-06-02,24000,584,267,2025-06-13,11,contested,lost,2025-07-16,5,3,2,1,0.6732333333333332,5,1,0.6666666666666666,9999,debit_card,0,0.0,0,,0.2579826139071016,passed,1,1,0,0,,,travel_booking,travel_booking,medium,booking_service,0,0.7169137216501509,0,0,118,11.0,113.45694444444445,0,0.09987711213517665,851,0.035458333333333335,1,CONTEST,1546.05,False
DSP000445,TXN0100305,M000199,CUS0036177,Visa,UNAUTHORIZED_TRANSACTION,Unauthorized Transaction,2026-02-08,5100,520,200,2026-02-15,7,contested,lost,2026-03-15,5,3,3,0,0.6650666666666667,5,1,1.0,9999,upi,0,0.0,0,,0.0244301504735244,not_applicable,0,1,0,0,,,travel_booking,travel_booking,medium,booking_service,0,0.7169137216501509,0,0,118,7.0,266.1638888888889,0,0.2523160173160173,720,0.1411764705882353,1,CONTEST,566.81,False
DSP000446,TXN0104246,M000200,,Mastercard,RECURRING_BILLING_DISPUTE,Recurring Billing Dispute,2025-09-12,9999,428,284,2025-09-27,15,contested,lost,2025-10-07,5,5,4,1,0.7797499999999999,5,1,0.8,31995,upi,0,0.0,0,,0.2469799352195178,not_applicable,1,2,0,0,,,saas_tools,saas_tools,medium,digital_service,1,0.807558707185561,0,1,99,15.0,188.06527777777777,0,0.6398981478879178,712,0.0712071207120712,1,CONTEST,5686.34,False
DSP000447,TXN0103371,M000200,CUS0036616,Visa,RECURRING_BILLING_DISPUTE,Recurring Billing Dispute,2025-02-27,9999,659,261,2025-03-14,15,contested,won,2025-03-28,6,5,5,0,0.9189166666666668,6,0,1.0,26495,upi,2,19698.0,0,158.0,0.0836622783520274,not_applicable,1,1,0,0,,,saas_tools,saas_tools,medium,digital_service,1,0.807558707185561,0,1,99,15.0,-159.95208333333332,1,0.9564502164502166,920,0.09200920092009202,1,CONTEST,8643.55,False
DSP000448,TXN0103755,M000200,,Visa,DUPLICATE_TRANSACTION,Duplicate Transaction,2025-11-25,799,620,274,2025-12-08,13,contested,won,2025-12-16,6,2,2,0,0.9334,6,0,1.0,2799,wallet,0,0.0,0,,0.3620585673325367,not_applicable,1,1,0,1,,,saas_tools,saas_tools,medium,digital_service,1,0.807558707185561,0,1,99,13.0,37.87777777777778,1,0.9582683982683984,894,1.0,0,ACCEPT,-128.34,False
DSP000450,TXN0104007,M000200,CUS0036832,Visa,CREDIT_NOT_PROCESSED,Credit Not Processed,2025-12-16,799,627,155,2026-01-02,17,contested,won,2026-01-30,6,4,4,0,0.8955333333333333,6,0,1.0,5999,credit_card,0,0.0,0,,0.1236223797609298,passed,1,1,0,0,,,saas_tools,saas_tools,medium,digital_service,1,0.807558707185561,0,1,99,17.0,199.5993055555556,1,0.9564502164502159,782,0.9787234042553191,0,ACCEPT,-17.8,False
DSP000451,TXN0102113,M000200,CUS0036688,Visa,UNAUTHORIZED_TRANSACTION,Unauthorized Transaction,2025-08-22,799,436,252,2025-09-10,19,contested,lost,2025-09-17,5,4,4,0,0.7924166666666667,5,1,1.0,9999,credit_card,0,0.0,0,,0.38605289652017,passed,1,1,0,0,,,saas_tools,saas_tools,medium,digital_service,1,0.807558707185561,0,1,99,19.0,61.88125,0,0.5616799351319475,688,0.8610763454317898,0,ACCEPT,-239.22,False
DSP000452,TXN0103056,M000200,,Visa,UNAUTHORIZED_TRANSACTION,Unauthorized Transaction,2025-12-01,799,562,205,2025-12-09,8,contested,lost,2026-01-07,5,4,3,1,0.7724333333333333,5,1,0.75,5099,credit_card,5,56587.0,0,7.0,0.440223583671494,passed,1,2,0,0,,,saas_tools,saas_tools,medium,digital_service,1,0.807558707185561,0,1,99,8.0,85.43333333333334,0,0.3230590805075931,767,0.9599499374217773,0,ACCEPT,-508.88,False
DSP000453,TXN0104097,M000200,,Visa,RECURRING_BILLING_DISPUTE,Recurring Billing Dispute,2025-09-16,1499,524,262,2025-10-01,15,contested,won,2025-10-08,5,5,4,1,0.7203666666666667,5,1,0.8,14599,credit_card,0,0.0,0,,0.2207450111233357,failed,0,1,0,0,,,saas_tools,saas_tools,medium,digital_service,1,0.807558707185561,0,1,99,15.0,241.17152777777775,1,0.9035066860838501,786,0.524349566377585,1,CONTEST,568.36,False
DSP000454,TXN0102348,M000200,,Mastercard,UNAUTHORIZED_TRANSACTION,Unauthorized Transaction,2025-12-10,1499,647,220,2025-12-29,19,contested,won,2026-01-05,4,4,2,2,0.59695,4,2,0.5,9999,credit_card,0,0.0,0,,0.4145621423638464,failed,0,1,1,0,,,saas_tools,saas_tools,medium,digital_service,1,0.807558707185561,0,1,99,19.0,54.52638888888889,1,0.24112554112554113,867,0.5783855903935957,0,ACCEPT,-505.55,False
DSP000457,TXN0103921,M000200,CUS0036468,Visa,CREDIT_NOT_PROCESSED,Credit Not Processed,2025-04-20,799,613,292,2025-04-30,10,contested,won,2025-05-28,5,4,4,0,0.7486833333333333,5,1,1.0,7095,upi,0,0.0,0,,0.1686903097194558,not_applicable,0,4,0,0,,,saas_tools,saas_tools,medium,digital_service,1,0.807558707185561,0,1,99,10.0,-172.50972222222222,1,0.9347389865036924,905,1.0,0,ACCEPT,-158.14,False
DSP000458,TXN0102903,M000200,CUS0037244,Mastercard,SERVICE_NOT_RENDERED,Service Not Rendered,2026-03-06,799,592,227,2026-03-13,7,contested,won,2026-04-08,6,4,4,0,0.894,6,0,1.0,5795,upi,0,0.0,0,,0.4529567199201748,not_applicable,1,1,0,0,,,saas_tools,saas_tools,medium,digital_service,1,0.807558707185561,0,1,99,7.0,385.96736111111113,1,0.9791876328280775,819,1.0,0,ACCEPT,-36.63,True
DSP000459,TXN0103231,M000200,CUS0036442,Visa,RECURRING_BILLING_DISPUTE,Recurring Billing Dispute,2025-07-21,1499,580,297,2025-08-02,12,contested,won,2025-08-15,4,5,3,2,0.61445,4,2,0.6,4299,upi,2,18594.0,0,15.0,0.4152524186648471,not_applicable,1,1,0,0,,,saas_tools,saas_tools,medium,digital_service,1,0.807558707185561,0,1,99,12.0,-138.2201388888889,1,0.3753318077803204,877,0.5850567044696464,0,ACCEPT,-314.38,True
DSP000460,TXN0102425,M000200,CUS0036567,Mastercard,RECURRING_BILLING_DISPUTE,Recurring Billing Dispute,2025-07-14,799,422,173,2025-07-29,15,contested,lost,2025-08-09,4,5,3,2,0.6052,4,2,0.6,799,debit_card,2,1598.0,0,219.0,0.4013544415699034,not_applicable,1,1,0,0,,,saas_tools,saas_tools,medium,digital_service,1,0.807558707185561,0,1,99,15.0,-115.45625,0,0.35384057971014493,595,0.7446808510638298,0,ACCEPT,-312.28,False
DSP000463,TXN0104301,M000200,,Mastercard,SERVICE_NOT_RENDERED,Service Not Rendered,2025-10-17,9999,678,282,2025-10-30,13,contested,won,2025-11-02,6,4,4,0,0.8881166666666666,6,0,1.0,19299,credit_card,0,0.0,0,,0.0357351883823,not_applicable,0,1,0,0,,,saas_tools,saas_tools,medium,digital_service,1,0.807558707185561,0,1,99,13.0,286.7020833333333,1,0.9382683982683983,960,0.096009600960096,1,CONTEST,8421.75,False
DSP000464,TXN0102964,M000200,,Mastercard,RECURRING_BILLING_DISPUTE,Recurring Billing Dispute,2025-08-28,799,671,165,2025-09-06,9,contested,lost,2025-09-16,6,5,5,0,0.8955000000000001,6,0,1.0,3149,upi,3,30643.0,0,147.0,0.2087509094636325,not_applicable,1,2,0,0,,,saas_tools,saas_tools,medium,digital_service,1,0.807558707185561,0,1,99,9.0,45.55625,0,0.9347389865036924,836,1.0,0,ACCEPT,-89.14,False
DSP000466,TXN0105512,M000201,CUS0037467,RuPay,MERCHANDISE_NOT_AS_DESCRIBED,Merchandise Not As Described,2025-02-21,11500,572,246,2025-02-28,7,contested,lost,2025-03-10,3,3,2,1,0.3908166666666666,3,3,0.6666666666666666,12195,debit_card,0,0.0,0,,0.4539472583270986,passed,1,1,0,0,,,travel_booking,travel_booking,medium,booking_service,0,0.628472880460441,0,1,25,7.0,-66.54166666666667,0,0.07007319056654919,818,0.07113043478260869,0,ACCEPT,-12.16,False
DSP000468,TXN0105144,M000201,CUS0037450,Visa,MERCHANDISE_NOT_AS_DESCRIBED,Merchandise Not As Described,2025-11-08,16100,680,161,2025-11-24,16,contested,won,2025-12-21,4,3,2,1,0.5529000000000001,4,2,0.6666666666666666,2549,credit_card,0,0.0,0,,0.2095303628574142,passed,1,1,0,0,,,travel_booking,travel_booking,medium,booking_service,0,0.628472880460441,0,1,25,16.0,271.49097222222224,1,0.25004329004329007,841,0.052236024844720494,1,CONTEST,3184.7,False
DSP000469,TXN0105913,M000201,CUS0037495,Visa,SERVICE_NOT_RENDERED,Service Not Rendered,2025-03-01,17299,619,166,2025-03-12,11,contested,won,2025-03-24,5,3,3,0,0.7788499999999999,5,1,1.0,1499,credit_card,0,0.0,0,,0.226458402170367,passed,0,1,0,0,,,travel_booking,travel_booking,medium,booking_service,0,0.628472880460441,0,1,25,11.0,-37.91111111111111,1,0.6101589923066568,785,0.04537834556910804,1,CONTEST,9770.14,True
DSP000471,TXN0106202,M000201,CUS0037529,Mastercard,DUPLICATE_TRANSACTION,Duplicate Transaction,2025-09-04,19600,547,191,2025-09-20,16,contested,lost,2025-10-16,2,2,0,2,0.2766833333333333,2,4,0.0,4999,upi,0,0.0,0,,0.129913081962816,not_applicable,1,1,0,0,,,travel_booking,travel_booking,medium,booking_service,0,0.628472880460441,0,1,25,16.0,64.73541666666667,0,0.07007319056654919,738,0.037653061224489796,1,CONTEST,635.43,False
DSP000472,TXN0105500,M000201,CUS0038030,Visa,CREDIT_NOT_PROCESSED,Credit Not Processed,2025-11-25,8800,440,153,2025-12-07,12,contested,lost,2025-12-20,3,4,2,2,0.4244166666666666,3,3,0.5,7699,credit_card,1,5699.0,0,227.0,0.1042113206087128,passed,0,1,0,0,,,travel_booking,travel_booking,medium,booking_service,0,0.628472880460441,0,1,25,12.0,1.6236111111111111,0,0.0,593,0.06738636363636363,0,ACCEPT,-593.0,False
DSP000473,TXN0106621,M000201,,Visa,UNAUTHORIZED_TRANSACTION,Unauthorized Transaction,2025-10-21,13500,695,210,2025-11-06,16,contested,lost,2025-12-02,4,3,2,1,0.5844666666666667,4,2,0.6666666666666666,1499,debit_card,0,0.0,0,,0.1189255685363687,passed,1,2,0,0,,,travel_booking,travel_booking,medium,booking_service,0,0.628472880460441,0,1,25,16.0,231.01527777777775,0,0.09987711213517665,905,0.06703703703703703,1,CONTEST,443.34,False
DSP000474,TXN0104957,M000201,CUS0037432,Mastercard,SERVICE_NOT_RENDERED,Service Not Rendered,2025-09-27,7699,486,242,2025-10-05,8,contested,lost,2025-11-08,5,3,2,1,0.6812,5,1,0.6666666666666666,14999,credit_card,0,0.0,0,,0.1728442108691964,passed,1,2,0,0,,,travel_booking,travel_booking,medium,booking_service,0,0.628472880460441,0,1,25,8.0,-73.34375,0,0.269011461459974,728,0.09455773477074945,1,CONTEST,1343.12,False
DSP000475,TXN0105444,M000201,,RuPay,CREDIT_NOT_PROCESSED,Credit Not Processed,2025-10-20,25499,600,248,2025-10-30,10,contested,won,2025-11-21,5,4,4,0,0.7580166666666667,5,1,1.0,5399,debit_card,1,10499.0,0,7.0,0.1855993959082504,passed,1,2,0,0,,,travel_booking,travel_booking,medium,booking_service,0,0.628472880460441,0,1,25,10.0,284.05347222222224,1,0.7152768284347232,848,0.03325620612573042,1,CONTEST,17390.84,False
DSP000477,TXN0107600,M000202,CUS0038294,Visa,CREDIT_NOT_PROCESSED,Credit Not Processed,2025-06-24,1499,507,180,2025-07-04,10,contested,won,2025-08-02,5,4,3,1,0.7921333333333332,5,1,0.75,1499,upi,0,0.0,0,,0.3670614887202543,not_applicable,1,3,0,0,,,saas_tools,saas_tools,medium,digital_service,1,0.9503866315589596,0,1,103,10.0,7.116666666666666,1,0.7584176133106462,687,0.45830553702468313,1,CONTEST,449.87,False
DSP000479,TXN0107544,M000202,,Mastercard,UNAUTHORIZED_TRANSACTION,Unauthorized Transaction,2025-10-23,1499,494,224,2025-10-31,8,contested,lost,2025-11-21,6,4,4,0,0.9658,6,0,1.0,4999,debit_card,0,0.0,0,,0.5002468174940126,passed,0,1,0,0,,,saas_tools,saas_tools,medium,digital_service,1,0.9503866315589596,0,1,103,8.0,188.60972222222225,0,0.6070132684652808,718,0.4789859906604403,1,CONTEST,191.91,True
DSP000480,TXN0107985,M000202,CUS0039159,Mastercard,SERVICE_NOT_RENDERED,Service Not Rendered,2025-06-28,1499,516,257,2025-07-14,16,contested,won,2025-08-03,5,4,3,1,0.7526833333333333,5,1,0.75,49999,upi,1,4999.0,0,184.0,0.2343256149565367,not_applicable,1,1,0,0,,,saas_tools,saas_tools,medium,digital_service,1,0.9503866315589596,0,1,103,16.0,-28.756944444444443,1,0.7404131926154862,773,0.5156771180787192,1,CONTEST,336.88,False
DSP000481,TXN0107813,M000202,CUS0038527,RuPay,UNAUTHORIZED_TRANSACTION,Unauthorized Transaction,2025-07-19,49999,419,199,2025-07-29,10,contested,lost,2025-08-31,5,4,3,1,0.7894,5,1,0.75,1499,debit_card,0,0.0,0,,0.5169191939290769,passed,1,1,0,0,,,saas_tools,saas_tools,medium,digital_service,1,0.9503866315589596,0,1,103,10.0,86.52986111111112,0,0.2775202333897986,618,0.0123602472049441,1,CONTEST,13257.73,False
DSP000482,TXN0107630,M000202,CUS0039155,RuPay,CREDIT_NOT_PROCESSED,Credit Not Processed,2025-05-01,49999,688,161,2025-05-16,15,contested,won,2025-05-17,6,4,4,0,0.9696166666666668,6,0,1.0,4999,upi,1,1499.0,0,156.0,0.1106501160630377,not_applicable,0,1,0,0,,,saas_tools,saas_tools,medium,digital_service,1,0.9503866315589596,0,1,103,15.0,-171.98680555555555,1,0.9347389865036924,849,0.016980339606792134,1,CONTEST,45887.01,True
DSP000484,TXN0109489,M000202,,Visa,RECURRING_BILLING_DISPUTE,Recurring Billing Dispute,2026-01-02,4999,474,211,2026-01-14,12,contested,won,2026-01-27,5,5,5,0,0.7934833333333332,5,1,1.0,499,debit_card,0,0.0,0,,0.2348667949492801,passed,1,1,0,0,,,saas_tools,saas_tools,medium,digital_service,1,0.9503866315589596,0,1,103,12.0,149.86527777777778,1,0.9564502164502166,685,0.1370274054810962,1,CONTEST,4096.29,False
DSP000486,TXN0109406,M000202,CUS0038697,Mastercard,RECURRING_BILLING_DISPUTE,Recurring Billing Dispute,2025-10-05,1499,536,184,2025-10-14,9,contested,won,2025-10-29,6,5,5,0,0.96415,6,0,1.0,999,debit_card,0,0.0,0,,0.4140592614454452,passed,1,1,0,0,,,saas_tools,saas_tools,medium,digital_service,1,0.9503866315589596,0,1,103,9.0,228.0368055555556,1,1.0,720,0.48032021347565046,1,CONTEST,779.0,False
DSP000487,TXN0109330,M000202,CUS0038803,RuPay,CREDIT_NOT_PROCESSED,Credit Not Processed,2025-07-29,4999,648,177,2025-08-16,18,contested,won,2025-08-21,6,4,4,0,0.98,6,0,1.0,999,upi,0,0.0,0,,0.1360987629734308,not_applicable,1,2,0,0,,,saas_tools,saas_tools,medium,digital_service,1,0.9503866315589596,0,1,103,18.0,-116.74513888888887,1,0.9353563451726018,825,0.16503300660132025,1,CONTEST,3850.85,False
DSP000488,TXN0111418,M000203,CUS0039988,Visa,RECURRING_BILLING_DISPUTE,Recurring Billing Dispute,2025-11-25,4999,485,241,2025-12-07,12,contested,won,2025-12-30,4,5,4,1,0.6533333333333333,4,2,0.8,5999,upi,0,0.0,0,,0.3713664216597465,not_applicable,1,3,0,0,,,subscription_edtech,subscription_edtech,medium,digital_service,1,0.732002994348807,0,0,19,12.0,64.73194444444445,1,0.6101589923066568,726,0.14522904580916182,1,CONTEST,2324.18,False
DSP000489,TXN0111696,M000203,CUS0039883,RuPay,UNAUTHORIZED_TRANSACTION,Unauthorized Transaction,2025-12-26,999,663,290,2026-01-12,17,contested,lost,2026-01-10,5,4,3,1,0.7141166666666666,5,1,0.75,1499,netbanking,0,0.0,0,,0.2399467448096934,not_applicable,1,4,0,0,,,subscription_edtech,subscription_edtech,medium,digital_service,1,0.732002994348807,0,0,19,17.0,184.8583333333333,0,0.29909090909090913,953,0.953953953953954,0,ACCEPT,-654.21,True
DSP000491,TXN0111955,M000203,,Visa,UNAUTHORIZED_TRANSACTION,Unauthorized Transaction,2025-11-09,499,587,150,2025-11-26,17,contested,lost,2025-12-10,3,4,1,3,0.4786833333333333,3,3,0.25,5999,credit_card,1,8999.0,0,39.0,0.1712991657008842,passed,1,2,0,0,,,subscription_edtech,subscription_edtech,medium,digital_service,1,0.732002994348807,0,0,19,17.0,141.4388888888889,0,0.015384615384615385,737,1.0,0,ACCEPT,-729.32,False
DSP000492,TXN0111890,M000203,,Mastercard,RECURRING_BILLING_DISPUTE,Recurring Billing Dispute,2025-06-29,499,488,269,2025-07-16,17,contested,won,2025-07-22,5,5,4,1,0.7835333333333333,5,1,0.8,5999,credit_card,2,2998.0,0,22.0,0.38822109329435,passed,1,1,0,0,,,subscription_edtech,subscription_edtech,medium,digital_service,1,0.732002994348807,0,0,19,17.0,133.32847222222222,1,0.8574592769659184,757,1.0,0,ACCEPT,-329.13,False
DSP000493,TXN0109800,M000203,,RuPay,RECURRING_BILLING_DISPUTE,Recurring Billing Dispute,2025-10-02,499,535,157,2025-10-21,19,contested,lost,2025-10-24,3,5,2,3,0.4061666666666666,3,3,0.4,4999,upi,0,0.0,0,,0.1384570480398319,not_applicable,1,2,0,0,,,subscription_edtech,subscription_edtech,medium,digital_service,1,0.732002994348807,0,0,19,19.0,265.1243055555556,0,0.03225806451612903,692,1.0,0,ACCEPT,-675.9,True
DSP000495,TXN0111642,M000203,CUS0039964,Visa,SERVICE_NOT_RENDERED,Service Not Rendered,2025-05-04,499,542,291,2025-05-17,13,contested,won,2025-06-04,4,4,3,1,0.59585,4,2,0.75,1499,netbanking,0,0.0,0,,0.3625099925881176,not_applicable,1,3,0,0,,,subscription_edtech,subscription_edtech,medium,digital_service,1,0.732002994348807,0,0,19,13.0,120.06944444444444,1,0.5434164329240365,833,1.0,0,ACCEPT,-561.84,False
DSP000499,TXN0114805,M000204,CUS0040944,Mastercard,RECURRING_BILLING_DISPUTE,Recurring Billing Dispute,2025-10-18,1499,495,183,2025-11-04,17,contested,lost,2025-11-11,4,5,4,1,0.5669333333333334,4,2,0.8,4999,debit_card,0,0.0,0,,0.2202400837768971,passed,1,1,0,0,,,fitness_membership,fitness_membership,medium,membership_service,1,0.5029079622302622,0,1,13,17.0,70.80416666666666,0,0.25004329004329007,678,0.4523015343562375,0,ACCEPT,-303.19,False
DSP000502,TXN0114611,M000204,,Visa,RECURRING_BILLING_DISPUTE,Recurring Billing Dispute,2025-03-15,8999,496,203,2025-03-29,14,contested,won,2025-04-20,4,5,4,1,0.5263,4,2,0.8,4999,debit_card,0,0.0,0,,0.1174960409501833,passed,0,1,0,0,,,fitness_membership,fitness_membership,medium,membership_service,1,0.5029079622302622,0,1,13,14.0,59.93541666666667,1,0.2277922077922078,699,0.07767529725525059,1,CONTEST,1350.9,True
DSP000503,TXN0113104,M000204,CUS0040548,RuPay,RECURRING_BILLING_DISPUTE,Recurring Billing Dispute,2025-07-10,5999,740,236,2025-07-31,21,contested,lost,2025-08-20,3,5,3,2,0.3858,3,3,0.6,8999,upi,0,0.0,0,,0.2871066796832907,not_applicable,1,2,0,1,,,fitness_membership,fitness_membership,medium,membership_service,1,0.5029079622302622,0,1,13,21.0,31.352083333333333,0,0.015384615384615385,976,0.1626937822970495,0,ACCEPT,-883.71,False
DSP000505,TXN0114881,M000204,CUS0040551,Mastercard,RECURRING_BILLING_DISPUTE,Recurring Billing Dispute,2025-03-28,1499,410,199,2025-04-17,20,contested,lost,2025-05-04,4,5,4,1,0.4539333333333333,4,2,0.8,9999,credit_card,0,0.0,0,,0.0969654138620513,passed,1,1,0,0,,,fitness_membership,fitness_membership,medium,membership_service,1,0.5029079622302622,0,1,13,20.0,-221.54305555555555,0,0.25004329004329007,609,0.40627084723148765,0,ACCEPT,-234.19,False
DSP000506,TXN0114832,M000204,,Visa,CREDIT_NOT_PROCESSED,Credit Not Processed,2025-08-12,8999,501,226,2025-08-24,12,contested,lost,2025-08-28,2,4,2,2,0.2704666666666667,2,4,0.5,19999,debit_card,1,9999.0,0,79.0,0.4094571497696508,passed,0,2,0,1,,,fitness_membership,fitness_membership,medium,membership_service,1,0.5029079622302622,0,1,13,12.0,20.825694444444444,0,0.0,727,0.08078675408378709,0,ACCEPT,-727.0,False
DSP000507,TXN0113701,M000204,CUS0040669,Visa,MERCHANDISE_NOT_AS_DESCRIBED,Merchandise Not As Described,2025-03-03,5999,504,300,2025-03-18,15,contested,won,2025-04-10,3,4,3,1,0.3918833333333333,3,3,0.75,9999,upi,0,0.0,0,,0.273670211113239,not_applicable,1,1,0,0,,,fitness_membership,fitness_membership,medium,membership_service,1,0.5029079622302622,0,1,13,15.0,-99.64236111111111,1,0.2591869000564653,804,0.13402233705617603,1,CONTEST,750.86,False
DSP000509,TXN0114066,M000204,CUS0040314,RuPay,CREDIT_NOT_PROCESSED,Credit Not Processed,2025-07-23,1499,630,256,2025-08-01,9,contested,lost,2025-08-29,1,4,1,3,0.09825,1,5,0.25,4999,debit_card,0,0.0,0,,0.0831118850859443,passed,1,1,0,0,,,fitness_membership,fitness_membership,medium,membership_service,1,0.5029079622302622,0,1,13,9.0,-121.39444444444445,0,0.0,886,0.5910607071380921,0,ACCEPT,-886.0,False
DSP000512,TXN0114183,M000204,CUS0041011,Mastercard,RECURRING_BILLING_DISPUTE,Recurring Billing Dispute,2026-01-23,5999,425,228,2026-02-06,14,contested,lost,2026-02-15,4,5,3,2,0.4204666666666667,4,2,0.6,4999,upi,0,0.0,0,,0.4171630934684711,not_applicable,1,1,0,0,,,fitness_membership,fitness_membership,medium,membership_service,1,0.5029079622302622,0,1,13,14.0,370.00416666666666,0,0.046543778801843315,653,0.10885147524587431,0,ACCEPT,-373.78,False
DSP000514,TXN0116738,M000205,CUS0041271,Visa,RECURRING_BILLING_DISPUTE,Recurring Billing Dispute,2025-04-25,19999,457,219,2025-05-03,8,contested,won,2025-05-22,6,5,5,0,0.95305,6,0,1.0,499,credit_card,0,0.0,0,,0.3926782777810303,failed,1,2,1,0,,,saas_tools,saas_tools,medium,digital_service,1,0.9220490402671973,0,1,67,8.0,67.46666666666667,1,0.9685714285714286,676,0.033801690084504225,1,CONTEST,18694.46,False
DSP000517,TXN0117434,M000205,,Visa,UNAUTHORIZED_TRANSACTION,Unauthorized Transaction,2025-12-30,9999,736,249,2026-01-15,16,contested,won,2026-02-13,6,4,4,0,0.9474833333333332,6,0,1.0,499,upi,1,499.0,0,222.0,0.0217789743867702,not_applicable,1,1,0,0,,,saas_tools,saas_tools,medium,digital_service,1,0.9220490402671973,0,1,67,16.0,87.76875,1,0.6326515595573337,985,0.09850985098509851,1,CONTEST,5340.88,False
DSP000518,TXN0116202,M000205,CUS0041635,Visa,CREDIT_NOT_PROCESSED,Credit Not Processed,2025-11-18,4999,591,210,2025-12-01,13,contested,lost,2025-12-10,5,4,3,1,0.7891833333333333,5,1,0.75,9999,credit_card,1,4999.0,0,154.0,0.2075143800474391,passed,1,1,0,0,,,saas_tools,saas_tools,medium,digital_service,1,0.9220490402671973,0,1,67,13.0,138.61319444444445,0,0.6138814003334128,801,0.16023204640928185,1,CONTEST,2267.79,False
DSP000519,TXN0117061,M000205,,Visa,RECURRING_BILLING_DISPUTE,Recurring Billing Dispute,2025-11-24,4999,465,258,2025-12-08,14,contested,won,2025-12-24,4,5,4,1,0.6017833333333333,4,2,0.8,24999,credit_card,0,0.0,0,,0.3014878834735109,passed,0,1,0,0,,,saas_tools,saas_tools,medium,digital_service,1,0.9220490402671973,0,1,67,14.0,272.9673611111112,1,0.6669771741248387,723,0.14462892578515704,1,CONTEST,2611.22,False
DSP000521,TXN0115138,M000205,CUS0041543,RuPay,DUPLICATE_TRANSACTION,Duplicate Transaction,2026-02-17,4999,487,283,2026-02-26,9,contested,won,2026-04-02,6,2,2,0,0.9056166666666666,6,0,1.0,4999,upi,0,0.0,0,,0.3822252891489323,not_applicable,1,2,0,0,,,saas_tools,saas_tools,medium,digital_service,1,0.9220490402671973,0,1,67,9.0,320.7555555555556,1,0.9424887952349579,770,0.15403080616123224,1,CONTEST,3941.5,True
DSP000523,TXN0117186,M000205,,Visa,CREDIT_NOT_PROCESSED,Credit Not Processed,2025-11-08,19999,715,278,2025-11-16,8,contested,won,2025-12-07,6,4,4,0,0.9310333333333332,6,0,1.0,499,debit_card,0,0.0,0,,0.0937375607033349,passed,1,2,0,0,,,saas_tools,saas_tools,medium,digital_service,1,0.9220490402671973,0,1,67,8.0,296.6451388888889,1,0.9529208046855107,993,0.04965248262413121,1,CONTEST,18064.46,False
DSP000524,TXN0116427,M000205,CUS0041325,Visa,RECURRING_BILLING_DISPUTE,Recurring Billing Dispute,2025-03-20,4999,412,188,2025-04-06,17,contested,won,2025-05-04,5,5,5,0,0.7773,5,1,1.0,14999,upi,0,0.0,0,,0.6932461233535583,not_applicable,1,3,0,0,,,saas_tools,saas_tools,medium,digital_service,1,0.9220490402671973,0,1,67,17.0,-2.104861111111111,1,0.9529208046855107,600,0.12002400480096019,1,CONTEST,4163.65,False
DSP000525,TXN0115133,M000205,,Mastercard,UNAUTHORIZED_TRANSACTION,Unauthorized Transaction,2025-08-09,4999,545,193,2025-08-17,8,contested,won,2025-08-31,6,4,4,0,0.9276333333333334,6,0,1.0,4999,credit_card,6,49994.0,0,0.0,0.3624091683563148,passed,1,1,0,0,,,saas_tools,saas_tools,medium,digital_service,1,0.9220490402671973,0,1,67,8.0,-30.06388888888889,1,0.6248899975484459,738,0.14762952590518102,1,CONTEST,2385.83,False
DSP000526,TXN0120388,M000206,,Mastercard,RECURRING_BILLING_DISPUTE,Recurring Billing Dispute,2025-04-08,499,430,266,2025-04-15,7,contested,lost,2025-05-14,2,5,1,4,0.2665666666666667,2,4,0.2,2999,debit_card,0,0.0,0,,0.1793563738080767,passed,1,1,0,0,,,subscription_edtech,subscription_edtech,medium,digital_service,1,0.6122508125703848,0,1,43,7.0,-152.39513888888888,0,0.0,696,1.0,0,ACCEPT,-696.0,False
DSP000527,TXN0120411,M000206,CUS0042777,Visa,SERVICE_NOT_RENDERED,Service Not Rendered,2025-06-18,14999,539,152,2025-07-02,14,contested,won,2025-07-11,3,4,2,2,0.4249166666666666,3,3,0.5,2999,debit_card,0,0.0,0,,0.3606877327135181,passed,1,1,0,0,,,subscription_edtech,subscription_edtech,medium,digital_service,1,0.6122508125703848,0,1,43,14.0,-170.32986111111111,1,0.20290741516547967,691,0.046069737982532166,1,CONTEST,2352.41,False
DSP000528,TXN0120214,M000206,CUS0042925,RuPay,RECURRING_BILLING_DISPUTE,Recurring Billing Dispute,2025-09-26,14999,569,186,2025-10-14,18,contested,lost,2025-10-24,4,5,4,1,0.5513333333333333,4,2,0.8,2999,debit_card,1,2999.0,0,28.0,0.2396558549124155,passed,0,1,0,0,,,subscription_edtech,subscription_edtech,medium,digital_service,1,0.6122508125703848,0,1,43,18.0,78.38055555555556,0,0.37884057971014495,755,0.05033668911260751,1,CONTEST,4927.23,True
DSP000531,TXN0119452,M000206,CUS0042705,Mastercard,RECURRING_BILLING_DISPUTE,Recurring Billing Dispute,2025-08-12,499,712,281,2025-08-25,13,contested,lost,2025-09-05,3,5,2,3,0.4454833333333334,3,3,0.4,49999,wallet,0,0.0,0,,0.5320476558154065,not_applicable,1,1,0,0,,,subscription_edtech,subscription_edtech,medium,digital_service,1,0.6122508125703848,0,1,43,13.0,176.1625,0,0.05578747628083491,993,1.0,0,ACCEPT,-965.16,True
DSP000533,TXN0118614,M000206,CUS0042721,Visa,SERVICE_NOT_RENDERED,Service Not Rendered,2026-01-19,24999,416,224,2026-02-01,13,contested,lost,2026-02-03,4,4,2,2,0.5323666666666667,4,2,0.5,14999,credit_card,0,0.0,0,,0.1723476864878268,passed,1,2,1,1,,,subscription_edtech,subscription_edtech,medium,digital_service,1,0.6122508125703848,0,1,43,13.0,260.93333333333334,0,0.09549977981391344,640,0.025601024040961637,1,CONTEST,1747.4,False
DSP000536,TXN0119914,M000206,CUS0042553,Visa,RECURRING_BILLING_DISPUTE,Recurring Billing Dispute,2025-05-10,14999,621,209,2025-05-28,18,contested,lost,2025-05-30,2,5,1,4,0.2631666666666667,2,4,0.2,2999,credit_card,0,0.0,0,,0.4394928563799153,failed,1,1,0,0,,,subscription_edtech,subscription_edtech,medium,digital_service,1,0.6122508125703848,0,1,43,18.0,-95.34027777777776,0,0.0,830,0.05533702246816454,0,ACCEPT,-830.0,False
DSP000537,TXN0117993,M000206,CUS0042215,Visa,MERCHANDISE_NOT_AS_DESCRIBED,Merchandise Not As Described,2025-07-22,499,600,152,2025-07-31,9,contested,lost,2025-08-29,3,4,2,2,0.4102333333333333,3,3,0.5,14999,upi,0,0.0,0,,0.3802490668259025,not_applicable,1,1,0,0,,,subscription_edtech,subscription_edtech,medium,digital_service,1,0.6122508125703848,0,1,43,9.0,22.12152777777778,0,0.015384615384615385,752,1.0,0,ACCEPT,-744.32,False
DSP000538,TXN0120154,M000206,CUS0042267,Visa,RECURRING_BILLING_DISPUTE,Recurring Billing Dispute,2025-08-12,14999,437,270,2025-08-31,19,contested,won,2025-09-24,3,5,3,2,0.4593333333333333,3,3,0.6,9999,upi,0,0.0,0,,0.257497364534019,not_applicable,1,1,0,0,,,subscription_edtech,subscription_edtech,medium,digital_service,1,0.6122508125703848,0,1,43,19.0,105.2611111111111,1,0.10718771242503258,707,0.047136475765051006,1,CONTEST,900.71,False
DSP000539,TXN0118102,M000206,,Visa,UNAUTHORIZED_TRANSACTION,Unauthorized Transaction,2025-03-05,499,441,163,2025-03-14,9,contested,lost,2025-04-01,5,4,4,0,0.6816833333333333,5,1,1.0,24999,netbanking,0,0.0,0,,0.3433728225933269,not_applicable,1,2,0,0,,,subscription_edtech,subscription_edtech,medium,digital_service,1,0.6122508125703848,0,1,43,9.0,-213.62569444444443,0,0.6004198618718742,604,1.0,0,ACCEPT,-304.39,True
DSP000544,TXN0122226,M000207,CUS0043747,RuPay,CREDIT_NOT_PROCESSED,Credit Not Processed,2026-02-01,9999,476,266,2026-02-17,16,contested,won,2026-02-17,5,4,4,0,0.7940166666666667,5,1,1.0,695,upi,0,0.0,0,,0.4168530398645691,not_applicable,1,1,0,1,delivered,1.0,saas_tools,saas_tools,medium,digital_service,1,0.8859491332364996,0,0,20,16.0,312.0736111111111,1,0.9347389865036924,742,0.0742074207420742,1,CONTEST,8604.46,False
DSP000545,TXN0122853,M000207,,Mastercard,CREDIT_NOT_PROCESSED,Credit Not Processed,2025-04-04,9999,724,262,2025-04-25,21,contested,lost,2025-04-25,4,4,3,1,0.6497333333333334,4,2,0.75,1299,debit_card,0,0.0,0,,0.1892006089461471,passed,1,2,0,0,delivered,1.0,saas_tools,saas_tools,medium,digital_service,1,0.8859491332364996,0,0,20,21.0,-199.19861111111112,0,0.4810784313725491,986,0.09860986098609861,1,CONTEST,3824.3,True
DSP000546,TXN0121026,M000207,,Visa,RECURRING_BILLING_DISPUTE,Recurring Billing Dispute,2025-12-25,9999,676,191,2026-01-14,20,contested,won,2026-02-02,6,5,5,0,0.93855,6,0,1.0,2999,debit_card,0,0.0,0,,0.2819367991707025,passed,1,1,0,1,,,saas_tools,saas_tools,medium,digital_service,1,0.8859491332364996,0,0,20,20.0,227.34375,1,0.9559068000777466,867,0.08670867086708671,1,CONTEST,8691.11,True
DSP000547,TXN0122266,M000207,CUS0043770,Visa,RECURRING_BILLING_DISPUTE,Recurring Billing Dispute,2025-09-07,2999,726,292,2025-09-14,7,contested,lost,2025-10-22,5,5,4,1,0.7533333333333333,5,1,0.8,1099,credit_card,1,4449.0,0,268.0,0.3616071515807057,passed,1,1,0,0,delivered,1.0,saas_tools,saas_tools,medium,digital_service,1,0.8859491332364996,0,0,20,7.0,-39.550694444444446,0,0.6070132684652808,1018,0.33944648216072026,1,CONTEST,802.43,False
DSP000549,TXN0121942,M000207,CUS0043209,Mastercard,DUPLICATE_TRANSACTION,Duplicate Transaction,2025-12-21,49999,630,256,2026-01-02,12,contested,won,2026-01-13,5,2,1,1,0.7859833333333333,5,1,0.5,2249,debit_card,0,0.0,0,,0.1044444316742753,passed,1,1,0,0,delivered,1.0,saas_tools,saas_tools,medium,digital_service,1,0.8859491332364996,0,0,20,12.0,323.1694444444444,1,0.6445368314639273,886,0.01772035440708814,1,CONTEST,31340.2,True
DSP000550,TXN0123011,M000207,CUS0043686,RuPay,SERVICE_NOT_RENDERED,Service Not Rendered,2025-09-22,2999,467,256,2025-10-04,12,contested,lost,2025-10-18,4,4,2,2,0.62975,4,2,0.5,1399,debit_card,1,1199.0,0,16.0,0.4038969711328253,passed,1,4,0,0,delivered,1.0,saas_tools,saas_tools,medium,digital_service,1,0.8859491332364996,0,0,20,12.0,-22.209027777777777,0,0.265853566723132,723,0.24108036012004003,1,CONTEST,74.29,False
DSP000551,TXN0122190,M000207,CUS0043920,Mastercard,RECURRING_BILLING_DISPUTE,Recurring Billing Dispute,2025-07-19,2999,666,175,2025-07-27,8,contested,won,2025-08-10,5,5,4,1,0.78435,5,1,0.8,599,credit_card,0,0.0,0,,0.1906956546495747,failed,1,1,0,0,delivered,1.0,saas_tools,saas_tools,medium,digital_service,1,0.8859491332364996,0,0,20,8.0,99.08611111111112,1,0.7841008528842472,841,0.2804268089363121,1,CONTEST,1510.52,False
DSP000552,TXN0120873,M000207,CUS0043029,RuPay,UNAUTHORIZED_TRANSACTION,Unauthorized Transaction,2025-08-02,2999,563,259,2025-08-21,19,contested,won,2025-08-16,6,4,4,0,0.9584833333333332,6,0,1.0,2999,debit_card,0,0.0,0,,0.1784047645788879,failed,1,1,0,0,,,saas_tools,saas_tools,medium,digital_service,1,0.8859491332364996,0,0,20,19.0,94.31458333333332,1,0.5684198618718742,822,0.2740913637879293,1,CONTEST,882.69,False
DSP000554,TXN0121119,M000207,CUS0043014,Mastercard,DUPLICATE_TRANSACTION,Duplicate Transaction,2025-12-08,9999,727,230,2025-12-19,11,contested,won,2025-12-30,6,2,2,0,0.9371833333333334,6,0,1.0,2999,credit_card,0,0.0,0,,0.0783083485251083,passed,1,1,0,0,,,saas_tools,saas_tools,medium,digital_service,1,0.8859491332364996,0,0,20,11.0,103.75347222222224,1,0.9466063854275465,957,0.09570957095709572,1,CONTEST,8508.12,False
DSP000558,TXN0124686,M000208,,Visa,UNAUTHORIZED_TRANSACTION,Unauthorized Transaction,2025-12-26,895,428,193,2026-01-04,9,contested,lost,2026-02-01,5,4,3,1,0.7874666666666666,5,1,0.75,2445,netbanking,1,1249.0,0,11.0,0.2751673594025399,not_applicable,1,1,0,0,in_transit,0.0,d2c_brand,d2c_brand,medium,physical_delivery,0,0.8906411049810379,1,1,22,9.0,289.62291666666664,0,0.28645962732919256,621,0.693854748603352,0,ACCEPT,-364.62,False
DSP000560,TXN0124251,M000208,,Mastercard,CREDIT_NOT_PROCESSED,Credit Not Processed,2025-10-03,1900,435,183,2025-10-20,17,contested,lost,2025-11-11,5,3,2,1,0.7314166666666667,5,1,0.6666666666666666,1299,credit_card,1,1249.0,0,108.0,0.2783526747805889,passed,1,1,0,1,lost,0.0,d2c_brand,d2c_brand,medium,physical_delivery,0,0.8906411049810379,1,1,22,17.0,33.72013888888889,0,0.45256965944272454,618,0.32526315789473687,1,CONTEST,241.88,False
DSP000561,TXN0125028,M000208,,Mastercard,MERCHANDISE_NOT_AS_DESCRIBED,Merchandise Not As Described,2025-02-24,1450,741,162,2025-03-07,11,contested,lost,2025-04-04,4,3,2,1,0.6222833333333333,4,2,0.6666666666666666,1545,debit_card,0,0.0,0,,0.1439551802352131,passed,1,1,0,0,delivered,1.0,d2c_brand,d2c_brand,medium,physical_delivery,0,0.8906411049810379,1,1,22,11.0,-0.5743055555555555,0,0.27128418873270127,903,0.6227586206896552,0,ACCEPT,-509.64,False
DSP000562,TXN0123768,M000208,,Mastercard,UNAUTHORIZED_TRANSACTION,Unauthorized Transaction,2025-08-07,3849,602,252,2025-08-28,21,contested,won,2025-09-01,5,4,4,0,0.7773166666666667,5,1,1.0,1545,upi,0,0.0,0,,0.3868683775174757,not_applicable,1,1,0,0,delivered,1.0,d2c_brand,d2c_brand,medium,physical_delivery,0,0.8906411049810379,1,1,22,21.0,135.57916666666668,1,0.5625228758169935,854,0.22187581189919459,1,CONTEST,1311.15,False
DSP000564,TXN0124918,M000208,CUS0044240,Mastercard,DUPLICATE_TRANSACTION,Duplicate Transaction,2025-03-11,600,537,282,2025-03-29,18,contested,won,2025-04-22,6,2,2,0,0.9179833333333334,6,0,1.0,3149,credit_card,1,749.0,0,348.0,0.2935696167789119,passed,1,1,0,0,delivered,1.0,d2c_brand,d2c_brand,medium,physical_delivery,0,0.8906411049810379,1,1,22,18.0,-290.3618055555556,1,0.9764502164502165,819,1.0,0,ACCEPT,-233.13,False
DSP000566,TXN0124934,M000208,CUS0044717,Visa,MERCHANDISE_NOT_RECEIVED,Merchandise Not Received,2025-04-26,595,559,196,2025-05-15,19,contested,won,2025-06-08,5,4,3,1,0.8166666666666668,5,1,0.75,795,debit_card,0,0.0,0,,0.0592145559372342,passed,0,1,0,0,delivered,1.0,d2c_brand,d2c_brand,medium,physical_delivery,0,0.8906411049810379,1,1,22,19.0,65.19236111111111,1,0.6540720919946926,755,1.0,0,ACCEPT,-365.83,False
DSP000567,TXN0125250,M000208,CUS0044016,Mastercard,DUPLICATE_TRANSACTION,Duplicate Transaction,2025-10-30,2800,570,206,2025-11-13,14,contested,lost,2025-11-23,4,2,1,1,0.6110166666666667,4,2,0.5,1299,credit_card,0,0.0,0,,0.0191000336725119,passed,1,1,0,0,delivered,1.0,d2c_brand,d2c_brand,medium,physical_delivery,0,0.8906411049810379,1,1,22,14.0,154.86458333333334,0,0.4060628019323672,776,0.27714285714285714,1,CONTEST,360.98,False
DSP000569,TXN0123769,M000208,CUS0044366,Mastercard,UNAUTHORIZED_TRANSACTION,Unauthorized Transaction,2026-01-10,1200,689,188,2026-01-19,9,contested,lost,2026-02-23,5,4,3,1,0.7829833333333333,5,1,0.75,5799,upi,0,0.0,0,,0.3407036181134573,not_applicable,0,1,0,0,delivered,1.0,d2c_brand,d2c_brand,medium,physical_delivery,0,0.8906411049810379,1,1,22,9.0,248.6652777777778,0,0.2791869000564653,877,0.7308333333333333,0,ACCEPT,-541.98,False
DSP000570,TXN0126989,M000209,CUS0045406,Visa,MERCHANDISE_NOT_RECEIVED,Merchandise Not Received,2025-05-12,850,448,217,2025-05-30,18,contested,lost,2025-06-05,5,4,3,1,0.7160833333333333,5,1,0.75,239,upi,0,0.0,0,,0.3476647465715402,not_applicable,1,1,0,1,delivered,1.0,d2c_brand,d2c_brand,medium,physical_delivery,0,0.7415434506703079,1,1,35,18.0,64.94097222222223,0,0.5822681704260652,665,0.7823529411764706,0,ACCEPT,-170.07,True
DSP000571,TXN0126748,M000209,CUS0045688,Mastercard,MERCHANDISE_NOT_AS_DESCRIBED,Merchandise Not As Described,2025-12-15,895,549,163,2026-01-05,21,contested,lost,2026-01-28,5,3,2,1,0.7214333333333333,5,1,0.6666666666666666,1099,credit_card,4,34746.0,0,110.0,0.2191310212787862,passed,1,1,0,1,delivered,0.0,d2c_brand,d2c_brand,medium,physical_delivery,0,0.7415434506703079,1,1,35,21.0,47.40347222222222,0,0.40496858195659124,712,0.7955307262569833,0,ACCEPT,-349.55,False
DSP000572,TXN0127050,M000209,CUS0045718,Visa,MERCHANDISE_NOT_RECEIVED,Merchandise Not Received,2025-07-18,2900,595,200,2025-08-07,20,contested,won,2025-08-11,5,4,3,1,0.76605,5,1,0.75,499,wallet,0,0.0,0,,0.3834283122025309,not_applicable,1,1,0,0,,,d2c_brand,d2c_brand,medium,physical_delivery,0,0.7415434506703079,1,1,35,20.0,-18.678472222222226,1,0.6321222201353771,795,0.27413793103448275,1,CONTEST,1038.15,False
DSP000573,TXN0127085,M000209,,Mastercard,MERCHANDISE_NOT_RECEIVED,Merchandise Not Received,2025-03-04,1000,461,266,2025-03-14,10,contested,lost,2025-04-14,4,4,3,1,0.5737,4,2,0.75,499,upi,0,0.0,0,,0.2791012744022648,not_applicable,1,2,0,0,,,d2c_brand,d2c_brand,medium,physical_delivery,0,0.7415434506703079,1,1,35,10.0,43.640972222222224,0,0.4475696594427244,727,0.727,0,ACCEPT,-279.43,True
DSP000574,TXN0126856,M000209,,Mastercard,MERCHANDISE_NOT_AS_DESCRIBED,Merchandise Not As Described,2026-02-20,8300,483,293,2026-03-12,20,contested,lost,2026-03-08,6,3,3,0,0.9392166666666668,6,0,1.0,1899,upi,2,2144.0,0,63.0,0.1682154809022675,not_applicable,1,1,0,0,delivered,1.0,d2c_brand,d2c_brand,medium,physical_delivery,0,0.7415434506703079,1,1,35,20.0,171.40069444444444,0,0.8048878483944897,776,0.09349397590361445,1,CONTEST,5904.57,True
DSP000576,TXN0128067,M000209,CUS0045058,Visa,MERCHANDISE_NOT_RECEIVED,Merchandise Not Received,2025-10-07,900,698,202,2025-10-18,11,contested,lost,2025-11-20,5,4,3,1,0.7559333333333335,5,1,0.75,499,debit_card,0,0.0,0,,0.064858364332115,passed,1,1,0,0,,,d2c_brand,d2c_brand,medium,physical_delivery,0,0.7415434506703079,1,1,35,11.0,246.19444444444449,0,0.5398818501759679,900,1.0,0,ACCEPT,-414.11,False
DSP000578,TXN0129767,M000210,,Mastercard,CREDIT_NOT_PROCESSED,Credit Not Processed,2025-09-28,24999,623,293,2025-10-13,15,contested,won,2025-10-29,6,4,4,0,0.9041333333333332,6,0,1.0,4999,credit_card,0,0.0,0,,0.1598485799010655,passed,1,2,0,0,,,subscription_edtech,subscription_edtech,medium,digital_service,1,0.7633696815258392,0,1,117,15.0,58.08541666666667,1,0.9206627401693815,916,0.036641465658626346,1,CONTEST,22099.65,True
DSP000579,TXN0130380,M000210,CUS0046487,Mastercard,CREDIT_NOT_PROCESSED,Credit Not Processed,2025-01-19,1499,497,188,2025-02-06,18,contested,lost,2025-02-13,5,4,3,1,0.7801999999999999,5,1,0.75,9999,wallet,2,5398.0,0,82.0,0.308149255168299,not_applicable,0,3,0,0,,,subscription_edtech,subscription_edtech,medium,digital_service,1,0.7633696815258392,0,1,117,18.0,-220.75972222222225,0,0.6070132684652818,685,0.45697131420947296,1,CONTEST,224.91,False
DSP000580,TXN0130829,M000210,CUS0046720,Visa,MERCHANDISE_NOT_AS_DESCRIBED,Merchandise Not As Described,2025-10-16,1499,596,239,2025-11-01,16,contested,won,2025-11-01,5,4,4,0,0.7655333333333333,5,1,1.0,9999,netbanking,1,399.0,0,124.0,0.3445971310653503,not_applicable,1,4,0,1,,,subscription_edtech,subscription_edtech,medium,digital_service,1,0.7633696815258392,0,1,117,16.0,-25.188194444444445,1,0.9347389865036924,835,0.5570380253502335,1,CONTEST,566.17,False
DSP000582,TXN0130192,M000210,CUS0046055,Mastercard,RECURRING_BILLING_DISPUTE,Recurring Billing Dispute,2025-04-22,24999,500,219,2025-05-02,10,contested,won,2025-05-27,6,5,5,0,0.8812000000000001,6,0,1.0,399,credit_card,0,0.0,0,,0.6079540834609497,passed,1,1,0,0,,,subscription_edtech,subscription_edtech,medium,digital_service,1,0.7633696815258392,0,1,117,10.0,-54.09444444444444,1,0.9529208046855107,719,0.02876115044601784,1,CONTEST,23103.07,False
DSP000583,TXN0130328,M000210,CUS0046100,Visa,CREDIT_NOT_PROCESSED,Credit Not Processed,2025-08-20,1499,749,220,2025-09-02,13,contested,won,2025-09-19,6,4,4,0,0.82335,6,0,1.0,4999,debit_card,0,0.0,0,,0.4702816284209988,passed,1,1,0,0,,,subscription_edtech,subscription_edtech,medium,digital_service,1,0.7633696815258392,0,1,117,13.0,157.53125,1,0.9564502164502166,969,0.6464309539693128,1,CONTEST,464.72,False
DSP000584,TXN0130907,M000210,CUS0046767,Mastercard,SERVICE_NOT_RENDERED,Service Not Rendered,2025-11-13,499,640,211,2025-11-25,12,contested,lost,2025-12-23,5,4,3,1,0.7715166666666667,5,1,0.75,399,upi,0,0.0,0,,0.3287509802326135,not_applicable,1,1,0,0,,,subscription_edtech,subscription_edtech,medium,digital_service,1,0.7633696815258392,0,1,117,12.0,297.0798611111111,0,0.6070132684652808,851,1.0,0,ACCEPT,-548.1,False
DSP000585,TXN0130392,M000210,CUS0046640,Visa,SERVICE_NOT_RENDERED,Service Not Rendered,2025-04-03,499,559,240,2025-04-15,12,contested,won,2025-04-17,5,4,3,1,0.7300833333333333,5,1,0.75,399,credit_card,1,399.0,0,160.0,0.5636917201470861,passed,1,2,0,0,,,subscription_edtech,subscription_edtech,medium,digital_service,1,0.7633696815258392,0,1,117,12.0,-128.2,1,0.7168819481476975,799,1.0,0,ACCEPT,-441.28,False
DSP000586,TXN0128536,M000210,CUS0046439,Mastercard,CREDIT_NOT_PROCESSED,Credit Not Processed,2025-12-29,499,676,252,2026-01-11,13,contested,won,2026-01-28,6,4,4,0,0.84265,6,0,1.0,499,debit_card,0,0.0,0,,0.3768806114883553,passed,0,1,0,0,,,subscription_edtech,subscription_edtech,medium,digital_service,1,0.7633696815258392,0,1,117,13.0,260.88680555555555,1,0.9382683982683983,928,1.0,0,ACCEPT,-459.8,False
DSP000589,TXN0130777,M000210,CUS0045879,Visa,CREDIT_NOT_PROCESSED,Credit Not Processed,2025-08-12,499,594,151,2025-08-29,17,contested,won,2025-09-26,5,4,4,0,0.7713833333333334,5,1,1.0,9999,credit_card,1,399.0,0,29.0,0.5262723385280791,passed,1,1,0,0,,,subscription_edtech,subscription_edtech,medium,digital_service,1,0.7633696815258392,0,1,117,17.0,99.8375,1,0.9529208046855107,745,1.0,0,ACCEPT,-269.49,True
DSP000590,TXN0130862,M000210,CUS0046281,Mastercard,RECURRING_BILLING_DISPUTE,Recurring Billing Dispute,2025-12-25,1499,538,214,2026-01-14,20,contested,won,2026-02-01,6,5,5,0,0.9498166666666666,6,0,1.0,399,wallet,2,5398.0,0,15.0,0.1897897053414404,not_applicable,1,1,0,1,,,subscription_edtech,subscription_edtech,medium,digital_service,1,0.7633696815258392,0,1,117,20.0,116.62152777777776,1,0.9662192813665971,752,0.5016677785190127,1,CONTEST,696.36,False
DSP000591,TXN0128547,M000210,CUS0046047,RuPay,RECURRING_BILLING_DISPUTE,Recurring Billing Dispute,2025-11-09,499,507,243,2025-11-27,18,contested,lost,2025-12-23,3,5,3,2,0.4670666666666667,3,3,0.6,499,debit_card,0,0.0,0,,0.1713796156546964,passed,1,1,0,0,,,subscription_edtech,subscription_edtech,medium,digital_service,1,0.7633696815258392,0,1,117,18.0,303.8805555555556,0,0.10643682693018557,750,1.0,0,ACCEPT,-696.89,False
DSP000592,TXN0132810,M000211,,Mastercard,UNAUTHORIZED_TRANSACTION,Unauthorized Transaction,2025-04-21,399,568,226,2025-05-11,20,contested,lost,2025-05-14,4,4,2,2,0.6059166666666667,4,2,0.5,999,debit_card,0,0.0,0,,0.190003069833284,failed,1,2,0,1,,,saas_tools,saas_tools,medium,digital_service,1,0.8174477889230682,0,0,23,20.0,-186.19097222222223,0,0.1665437788018433,794,1.0,0,ACCEPT,-727.55,False
DSP000593,TXN0132539,M000211,CUS0047392,Mastercard,SERVICE_NOT_RENDERED,Service Not Rendered,2025-05-29,19999,507,203,2025-06-17,19,contested,won,2025-07-10,5,4,3,1,0.7753,5,1,0.75,2499,credit_card,2,9998.0,0,112.0,0.6075369552676609,passed,1,1,0,0,,,saas_tools,saas_tools,medium,digital_service,1,0.8174477889230682,0,0,23,19.0,-133.83194444444445,1,0.6070132684652808,710,0.03550177508875444,1,CONTEST,11429.66,False
DSP000594,TXN0131923,M000211,,Mastercard,UNAUTHORIZED_TRANSACTION,Unauthorized Transaction,2025-02-21,4999,663,176,2025-02-28,7,contested,lost,2025-03-10,5,4,3,1,0.7746333333333334,5,1,0.75,399,upi,1,19999.0,0,79.0,0.6058604145989991,not_applicable,1,1,1,0,,,saas_tools,saas_tools,medium,digital_service,1,0.8174477889230682,0,0,23,7.0,-181.71041666666667,0,0.369901185770751,839,0.16783356671334268,1,CONTEST,1010.14,False
DSP000596,TXN0132003,M000211,CUS0047404,Mastercard,RECURRING_BILLING_DISPUTE,Recurring Billing Dispute,2025-07-21,4999,634,249,2025-08-11,21,contested,won,2025-08-07,5,5,4,1,0.7545666666666667,5,1,0.8,19999,upi,0,0.0,0,,0.1091822606813271,not_applicable,0,3,0,0,,,saas_tools,saas_tools,medium,digital_service,1,0.8174477889230682,0,0,23,21.0,176.66319444444446,1,0.8574592769659175,883,0.17663532706541307,1,CONTEST,3403.44,False
DSP000597,TXN0131624,M000211,CUS0047259,RuPay,DUPLICATE_TRANSACTION,Duplicate Transaction,2025-08-10,399,444,205,2025-08-29,19,contested,won,2025-08-24,4,2,2,0,0.6330833333333333,4,2,1.0,9999,debit_card,2,5398.0,0,191.0,0.4567541650347101,passed,1,1,0,0,,,saas_tools,saas_tools,medium,digital_service,1,0.8174477889230682,0,0,23,19.0,-85.22013888888888,1,0.8048878483944897,649,1.0,0,ACCEPT,-327.85,False
DSP000599,TXN0132486,M000211,CUS0046924,Visa,RECURRING_BILLING_DISPUTE,Recurring Billing Dispute,2025-09-17,399,710,240,2025-10-06,19,contested,won,2025-10-21,6,5,5,0,0.9348333333333332,6,0,1.0,999,credit_card,0,0.0,0,,0.134732440816271,passed,1,1,0,0,,,saas_tools,saas_tools,medium,digital_service,1,0.8174477889230682,0,0,23,19.0,40.045138888888886,1,0.9774278993047018,950,1.0,0,ACCEPT,-560.01,False
DSP000603,TXN0134204,M000212,,Mastercard,RECURRING_BILLING_DISPUTE,Recurring Billing Dispute,2025-06-13,2499,499,190,2025-06-27,14,contested,lost,2025-07-27,2,5,2,3,0.2208166666666666,2,4,0.4,999,credit_card,0,0.0,0,,0.0745281110820047,passed,0,2,0,0,,,fitness_membership,fitness_membership,medium,membership_service,1,0.4600213379393868,0,0,12,14.0,-94.45138888888889,0,0.0,689,0.27571028411364545,0,ACCEPT,-689.0,False
DSP000606,TXN0135851,M000212,,Mastercard,CREDIT_NOT_PROCESSED,Credit Not Processed,2025-03-29,999,621,243,2025-04-11,13,contested,lost,2025-04-19,3,4,1,3,0.3959833333333333,3,3,0.25,8999,upi,0,0.0,0,,0.0871989681048731,not_applicable,1,1,0,0,,,fitness_membership,fitness_membership,medium,membership_service,1,0.4600213379393868,0,0,12,13.0,48.90833333333333,0,0.0,864,0.8648648648648649,0,ACCEPT,-864.0,False
DSP000607,TXN0136295,M000212,,Visa,RECURRING_BILLING_DISPUTE,Recurring Billing Dispute,2025-08-13,2499,433,179,2025-08-25,12,contested,lost,2025-08-31,3,5,2,3,0.3666,3,3,0.4,3999,debit_card,0,0.0,0,,0.8204738281749031,passed,0,2,0,0,,,fitness_membership,fitness_membership,medium,membership_service,1,0.4600213379393868,0,0,12,12.0,82.12083333333334,0,0.0,612,0.24489795918367346,0,ACCEPT,-612.0,False
DSP000608,TXN0136419,M000212,CUS0048706,Visa,MERCHANDISE_NOT_AS_DESCRIBED,Merchandise Not As Described,2025-12-11,999,670,297,2025-12-22,11,contested,lost,2026-01-25,1,4,1,3,0.1189166666666666,1,5,0.25,24999,upi,1,3999.0,0,254.0,0.0908913232729803,not_applicable,1,2,0,0,,,fitness_membership,fitness_membership,medium,membership_service,1,0.4600213379393868,0,0,12,11.0,36.75486111111111,0,0.0,967,0.9679679679679679,0,ACCEPT,-967.0,False
DSP000609,TXN0135252,M000212,CUS0048022,Visa,CREDIT_NOT_PROCESSED,Credit Not Processed,2025-12-21,999,735,266,2025-12-31,10,contested,lost,2026-01-11,2,4,2,2,0.2485166666666666,2,4,0.5,3999,credit_card,0,0.0,0,,0.0676945874975667,passed,1,1,0,0,,,fitness_membership,fitness_membership,medium,membership_service,1,0.4600213379393868,0,0,12,10.0,202.1784722222222,0,0.0,1001,1.0,0,ACCEPT,-1001.0,False
DSP000612,TXN0135641,M000212,CUS0047850,Visa,MERCHANDISE_NOT_AS_DESCRIBED,Merchandise Not As Described,2026-01-14,999,432,155,2026-01-29,15,contested,lost,2026-01-30,3,4,2,2,0.36425,3,3,0.5,24999,credit_card,1,8999.0,0,97.0,0.249893061653364,passed,1,1,0,0,,,fitness_membership,fitness_membership,medium,membership_service,1,0.4600213379393868,0,0,12,15.0,49.29375,0,0.0,587,0.5875875875875876,0,ACCEPT,-587.0,False
DSP000613,TXN0135414,M000212,CUS0048387,Mastercard,SERVICE_NOT_RENDERED,Service Not Rendered,2025-08-31,2499,609,232,2025-09-11,11,contested,lost,2025-10-13,3,4,2,2,0.4243833333333333,3,3,0.5,3999,credit_card,0,0.0,0,,0.0455452758707566,failed,0,2,0,0,,,fitness_membership,fitness_membership,medium,membership_service,1,0.4600213379393868,0,0,12,11.0,175.97569444444446,0,0.0,841,0.33653461384553823,0,ACCEPT,-841.0,True
DSP000615,TXN0136889,M000213,,Visa,RECURRING_BILLING_DISPUTE,Recurring Billing Dispute,2025-11-22,3999,669,237,2025-11-29,7,contested,lost,2025-12-25,5,5,4,1,0.6064166666666667,5,1,0.8,3999,debit_card,0,0.0,0,,0.2635998157884755,passed,1,2,0,0,,,fitness_membership,fitness_membership,medium,membership_service,1,0.4923909222161086,0,0,6,7.0,66.78055555555555,0,0.25320118478013215,906,0.22655663915978994,1,CONTEST,106.55,False
DSP000616,TXN0139036,M000213,CUS0049394,Mastercard,RECURRING_BILLING_DISPUTE,Recurring Billing Dispute,2025-10-26,3999,472,300,2025-11-11,16,contested,lost,2025-12-09,2,5,2,3,0.3148333333333333,2,4,0.4,1499,credit_card,0,0.0,0,,0.104981766704329,passed,1,1,0,0,,,fitness_membership,fitness_membership,medium,membership_service,1,0.4923909222161086,0,0,6,16.0,297.2715277777778,0,0.0,772,0.19304826206551637,0,ACCEPT,-772.0,False
DSP000617,TXN0136990,M000213,CUS0049571,RuPay,UNAUTHORIZED_TRANSACTION,Unauthorized Transaction,2025-09-01,8999,426,296,2025-09-13,12,contested,lost,2025-09-16,2,4,1,3,0.23145,2,4,0.25,3999,credit_card,0,0.0,0,,0.1538936551115692,passed,1,1,0,0,,,fitness_membership,fitness_membership,medium,membership_service,1,0.4923909222161086,0,0,6,12.0,-103.13819444444444,0,0.0,722,0.080231136792977,0,ACCEPT,-722.0,False
DSP000618,TXN0138068,M000213,,Visa,RECURRING_BILLING_DISPUTE,Recurring Billing Dispute,2025-05-08,3999,723,216,2025-05-28,20,contested,lost,2025-06-16,4,5,3,2,0.5232166666666667,4,2,0.6,1499,debit_card,1,1499.0,0,9.0,0.607692594977438,passed,1,1,0,0,,,fitness_membership,fitness_membership,medium,membership_service,1,0.4923909222161086,0,0,6,20.0,24.369444444444444,0,0.03225806451612903,939,0.2348087021755439,0,ACCEPT,-810.0,False
DSP000619,TXN0137878,M000213,,Visa,SERVICE_NOT_RENDERED,Service Not Rendered,2025-03-24,3999,531,259,2025-04-13,20,contested,won,2025-04-30,5,4,4,0,0.5853333333333334,5,1,1.0,2999,debit_card,0,0.0,0,,0.0922439261881287,passed,1,2,1,0,,,fitness_membership,fitness_membership,medium,membership_service,1,0.4923909222161086,0,0,6,20.0,-119.19722222222222,1,0.4833006535947712,790,0.19754938734683672,1,CONTEST,1142.72,True
DSP000622,TXN0138613,M000213,CUS0048947,Mastercard,RECURRING_BILLING_DISPUTE,Recurring Billing Dispute,2025-10-18,8999,571,252,2025-11-07,20,contested,lost,2025-11-02,3,5,3,2,0.3613333333333333,3,3,0.6,2999,credit_card,3,7497.0,0,123.0,0.3337878462423745,passed,1,2,0,0,,,fitness_membership,fitness_membership,medium,membership_service,1,0.4923909222161086,0,0,6,20.0,-22.997916666666665,0,0.0,823,0.09145460606734082,0,ACCEPT,-823.0,False
DSP000624,TXN0136704,M000213,CUS0048736,Mastercard,CREDIT_NOT_PROCESSED,Credit Not Processed,2025-08-31,8999,420,278,2025-09-11,11,contested,lost,2025-10-03,3,4,2,2,0.3025166666666666,3,3,0.5,3999,wallet,0,0.0,0,,0.1332292411324149,not_applicable,1,2,0,0,,,fitness_membership,fitness_membership,medium,membership_service,1,0.4923909222161086,0,0,6,11.0,109.22847222222222,0,0.0,698,0.07756417379708856,0,ACCEPT,-698.0,False
DSP000625,TXN0138926,M000213,,Visa,RECURRING_BILLING_DISPUTE,Recurring Billing Dispute,2025-10-03,3999,627,236,2025-10-11,8,contested,lost,2025-10-26,1,5,1,4,0.09825,1,5,0.2,2999,debit_card,0,0.0,0,,0.0724296391858409,passed,1,1,0,0,,,fitness_membership,fitness_membership,medium,membership_service,1,0.4923909222161086,0,0,6,8.0,206.025,0,0.0,863,0.21580395098774693,0,ACCEPT,-863.0,False
DSP000627,TXN0138837,M000213,CUS0049284,Mastercard,SERVICE_NOT_RENDERED,Service Not Rendered,2025-07-01,3999,703,178,2025-07-12,11,contested,lost,2025-08-04,3,4,1,3,0.3975166666666667,3,3,0.25,1499,credit_card,0,0.0,0,,0.2236794927509743,passed,1,1,0,0,,,fitness_membership,fitness_membership,medium,membership_service,1,0.4923909222161086,0,0,6,11.0,79.38472222222222,0,0.0,881,0.22030507626906726,0,ACCEPT,-881.0,False
DSP000628,TXN0139504,M000214,,Mastercard,SERVICE_NOT_RENDERED,Service Not Rendered,2025-12-09,2999,644,222,2025-12-24,15,contested,lost,2026-01-14,2,4,1,3,0.3103,2,4,0.25,1499,upi,0,0.0,0,,0.4820475731472568,not_applicable,1,1,0,1,,,subscription_edtech,subscription_edtech,medium,digital_service,1,0.5924126213080311,0,1,96,15.0,211.27847222222223,0,0.0,866,0.2887629209736579,0,ACCEPT,-866.0,False
DSP000629,TXN0139752,M000214,CUS0050563,RuPay,RECURRING_BILLING_DISPUTE,Recurring Billing Dispute,2025-09-15,1499,748,208,2025-09-23,8,contested,lost,2025-10-15,4,5,3,2,0.5005000000000001,4,2,0.6,2999,upi,2,2998.0,0,20.0,0.3112708277949486,not_applicable,1,4,0,0,,,subscription_edtech,subscription_edtech,medium,digital_service,1,0.5924126213080311,0,1,96,8.0,180.73263888888889,0,0.10643682693018557,956,0.637758505670447,0,ACCEPT,-796.45,True
DSP000631,TXN0140402,M000214,CUS0050582,Mastercard,MERCHANDISE_NOT_AS_DESCRIBED,Merchandise Not As Described,2025-02-11,2999,681,296,2025-02-21,10,contested,lost,2025-03-16,2,4,0,4,0.2666166666666666,2,4,0.0,2999,credit_card,0,0.0,0,,0.1902185909784722,passed,1,1,0,0,,,subscription_edtech,subscription_edtech,medium,digital_service,1,0.5924126213080311,0,1,96,10.0,-17.193055555555556,0,0.0,977,0.32577525841947313,0,ACCEPT,-977.0,True
DSP000634,TXN0139139,M000214,,Mastercard,MERCHANDISE_NOT_AS_DESCRIBED,Merchandise Not As Described,2025-10-29,2999,420,252,2025-11-06,8,contested,lost,2025-11-18,3,4,1,3,0.4605833333333333,3,3,0.25,1499,credit_card,0,0.0,0,,0.4474080134290253,not_applicable,1,1,0,0,,,subscription_edtech,subscription_edtech,medium,digital_service,1,0.5924126213080311,0,1,96,8.0,205.52569444444444,0,0.015384615384615385,672,0.22407469156385462,0,ACCEPT,-625.86,True
DSP000635,TXN0140201,M000214,CUS0050418,Visa,SERVICE_NOT_RENDERED,Service Not Rendered,2025-07-19,2999,673,213,2025-08-08,20,contested,won,2025-08-03,5,4,4,0,0.7674,5,1,1.0,14999,upi,0,0.0,0,,0.6917288959204205,not_applicable,0,1,0,0,,,subscription_edtech,subscription_edtech,medium,digital_service,1,0.5924126213080311,0,1,96,20.0,-92.525,1,0.9347389865036924,886,0.2954318106035345,1,CONTEST,1917.28,False
DSP000636,TXN0139822,M000214,CUS0049722,Visa,SERVICE_NOT_RENDERED,Service Not Rendered,2026-01-16,1499,680,227,2026-01-28,12,contested,lost,2026-02-28,5,4,3,1,0.7216,5,1,0.75,2999,credit_card,2,4498.0,0,98.0,0.1571099665116556,passed,1,1,0,0,,,subscription_edtech,subscription_edtech,medium,digital_service,1,0.5924126213080311,0,1,96,12.0,190.5618055555556,0,0.6167523989000634,907,0.6050700466977985,1,CONTEST,17.51,True
DSP000637,TXN0141424,M000214,CUS0050101,Mastercard,CREDIT_NOT_PROCESSED,Credit Not Processed,2025-12-10,14999,578,274,2025-12-25,15,contested,lost,2026-01-03,1,4,1,3,0.1070333333333333,1,5,0.25,1499,wallet,0,0.0,0,,0.0496536073962755,not_applicable,1,2,0,0,,,subscription_edtech,subscription_edtech,medium,digital_service,1,0.5924126213080311,0,1,96,15.0,59.730555555555554,0,0.0,852,0.05680378691912794,0,ACCEPT,-852.0,False
DSP000638,TXN0139782,M000214,CUS0049736,Visa,SERVICE_NOT_RENDERED,Service Not Rendered,2025-09-10,1499,739,272,2025-09-17,7,contested,lost,2025-10-13,3,4,2,2,0.3698333333333333,3,3,0.5,2999,credit_card,0,0.0,0,,0.3248385153805434,passed,1,2,0,0,,,subscription_edtech,subscription_edtech,medium,digital_service,1,0.5924126213080311,0,1,96,7.0,97.45416666666668,0,0.03225806451612903,1011,0.6744496330887259,0,ACCEPT,-962.65,False
DSP000639,TXN0140988,M000214,CUS0050537,Visa,SERVICE_NOT_RENDERED,Service Not Rendered,2025-12-23,1499,528,195,2026-01-07,15,contested,won,2026-01-21,5,4,4,0,0.6194333333333334,5,1,1.0,1499,credit_card,0,0.0,0,,0.32478350866043,passed,1,1,0,1,,,subscription_edtech,subscription_edtech,medium,digital_service,1,0.5924126213080311,0,1,96,15.0,-7.820833333333334,1,0.7952036378681739,723,0.48232154769846564,1,CONTEST,469.01,False
DSP000640,TXN0139826,M000214,CUS0050398,Mastercard,SERVICE_NOT_RENDERED,Service Not Rendered,2026-01-13,2999,644,159,2026-01-30,17,contested,won,2026-02-15,4,4,4,0,0.6008833333333333,4,2,1.0,14999,credit_card,0,0.0,0,,0.1676778854308539,not_applicable,1,2,0,0,,,subscription_edtech,subscription_edtech,medium,digital_service,1,0.5924126213080311,0,1,96,17.0,270.9243055555556,1,0.751431627196333,803,0.2677559186395465,1,CONTEST,1450.54,False
DSP000641,TXN0139499,M000214,CUS0049931,Visa,CREDIT_NOT_PROCESSED,Credit Not Processed,2025-05-15,1499,402,238,2025-05-23,8,contested,lost,2025-06-12,5,4,4,0,0.6630833333333334,5,1,1.0,2999,upi,0,0.0,0,,0.2881969190945662,not_applicable,0,1,0,0,,,subscription_edtech,subscription_edtech,medium,digital_service,1,0.5924126213080311,0,1,96,8.0,46.144444444444446,0,0.6302139373616026,640,0.4269513008672448,1,CONTEST,304.69,False
DSP000642,TXN0139768,M000214,CUS0049917,Visa,MERCHANDISE_NOT_AS_DESCRIBED,Merchandise Not As Described,2025-10-16,2999,467,179,2025-10-31,15,contested,lost,2025-11-05,2,4,1,3,0.2620333333333333,2,4,0.25,1499,debit_card,0,0.0,0,,0.2989610700483121,passed,0,2,0,0,,,subscription_edtech,subscription_edtech,medium,digital_service,1,0.5924126213080311,0,1,96,15.0,234.44583333333333,0,0.0,646,0.21540513504501502,0,ACCEPT,-646.0,False
DSP000644,TXN0141729,M000214,,Visa,RECURRING_BILLING_DISPUTE,Recurring Billing Dispute,2025-10-18,14999,477,259,2025-10-29,11,contested,won,2025-11-08,5,5,4,1,0.7047,5,1,0.8,1499,debit_card,2,27498.0,0,213.0,0.1235505599828022,passed,0,1,0,0,,,subscription_edtech,subscription_edtech,medium,digital_service,1,0.5924126213080311,0,1,96,11.0,20.68888888888889,1,0.6070132684652808,736,0.04906993799586639,1,CONTEST,8368.59,True
DSP000645,TXN0139478,M000214,CUS0049904,Visa,SERVICE_NOT_RENDERED,Service Not Rendered,2025-06-29,14999,658,250,2025-07-13,14,contested,lost,2025-07-19,2,4,2,2,0.27705,2,4,0.5,14999,credit_card,0,0.0,0,,0.0648964612133195,passed,1,1,0,0,,,subscription_edtech,subscription_edtech,medium,digital_service,1,0.5924126213080311,0,1,96,14.0,47.17638888888889,0,0.015384615384615385,908,0.06053736915794386,0,ACCEPT,-677.25,False
DSP000646,TXN0142252,M000215,CUS0051413,Mastercard,RECURRING_BILLING_DISPUTE,Recurring Billing Dispute,2026-01-03,1499,686,278,2026-01-18,15,contested,lost,2026-01-23,2,5,2,3,0.3266666666666666,2,4,0.4,8999,upi,1,8999.0,0,27.0,0.1258399225710979,not_applicable,1,1,0,0,,,fitness_membership,fitness_membership,medium,membership_service,1,0.6343704900309991,0,1,74,15.0,308.44166666666666,0,0.0,964,0.6430953969312875,0,ACCEPT,-964.0,False
DSP000647,TXN0141835,M000215,,Visa,SERVICE_NOT_RENDERED,Service Not Rendered,2026-01-03,1499,715,243,2026-01-20,17,contested,lost,2026-01-19,3,4,2,2,0.4249,3,3,0.5,1499,debit_card,1,8999.0,0,147.0,0.1958382845768838,passed,1,1,0,0,,,fitness_membership,fitness_membership,medium,membership_service,1,0.6343704900309991,0,1,74,17.0,36.63333333333333,0,0.009827984442350394,958,0.6390927284856571,0,ACCEPT,-943.27,False
DSP000648,TXN0141793,M000215,,Mastercard,DUPLICATE_TRANSACTION,Duplicate Transaction,2026-01-17,24999,535,269,2026-01-31,14,contested,lost,2026-02-10,3,2,2,0,0.3604666666666666,3,3,1.0,1499,upi,0,0.0,0,,0.0644520396726779,not_applicable,1,1,0,0,,,fitness_membership,fitness_membership,medium,membership_service,1,0.6343704900309991,0,1,74,14.0,27.52430555555556,0,0.37305908050759307,804,0.032161286451458056,1,CONTEST,8522.1,True
DSP000649,TXN0142121,M000215,,Visa,SERVICE_NOT_RENDERED,Service Not Rendered,2025-10-27,1499,684,297,2025-11-09,13,contested,lost,2025-11-16,2,4,2,2,0.2938,2,4,0.5,2499,debit_card,0,0.0,0,,0.1294746846514909,passed,1,2,0,0,,,fitness_membership,fitness_membership,medium,membership_service,1,0.6343704900309991,0,1,74,13.0,249.53125,0,0.0,981,0.6544362908605738,0,ACCEPT,-981.0,True
DSP000651,TXN0143784,M000215,,Visa,CREDIT_NOT_PROCESSED,Credit Not Processed,2025-07-31,1499,671,216,2025-08-14,14,contested,won,2025-09-12,5,4,4,0,0.7523833333333333,5,1,1.0,2499,credit_card,1,1499.0,0,101.0,0.1921363925074402,failed,1,2,0,0,,,fitness_membership,fitness_membership,medium,membership_service,1,0.6343704900309991,0,1,74,14.0,89.24930555555555,1,0.868091311597953,887,0.5917278185456971,1,CONTEST,414.27,False
DSP000652,TXN0142754,M000215,CUS0051140,Visa,RECURRING_BILLING_DISPUTE,Recurring Billing Dispute,2025-09-21,2499,525,270,2025-10-12,21,contested,won,2025-11-01,6,5,5,0,0.8507166666666667,6,0,1.0,8999,upi,2,10498.0,0,116.0,0.3631222201542376,not_applicable,1,3,0,0,,,fitness_membership,fitness_membership,medium,membership_service,1,0.6343704900309991,0,1,74,21.0,-23.447222222222223,1,0.8821675579322639,795,0.31812725090036015,1,CONTEST,1409.54,False
DSP000653,TXN0142191,M000215,CUS0050977,RuPay,RECURRING_BILLING_DISPUTE,Recurring Billing Dispute,2025-09-02,8999,690,150,2025-09-20,18,contested,won,2025-10-08,5,5,4,1,0.7546666666666666,5,1,0.8,1499,netbanking,5,40495.0,0,31.0,0.3149630065125817,not_applicable,1,3,0,0,,,fitness_membership,fitness_membership,medium,membership_service,1,0.6343704900309991,0,1,74,18.0,-78.50277777777778,1,0.6167523989000634,840,0.09334370485609512,1,CONTEST,4710.15,False
DSP000655,TXN0144177,M000215,,Visa,RECURRING_BILLING_DISPUTE,Recurring Billing Dispute,2025-04-04,1499,545,284,2025-04-17,13,contested,lost,2025-04-30,3,5,2,3,0.4530833333333333,3,3,0.4,2499,upi,0,0.0,0,,0.653034389005,not_applicable,1,2,0,0,,,fitness_membership,fitness_membership,medium,membership_service,1,0.6343704900309991,0,1,74,13.0,-209.75277777777777,0,0.0,829,0.553035356904603,0,ACCEPT,-829.0,False
DSP000656,TXN0143723,M000215,CUS0051046,Visa,RECURRING_BILLING_DISPUTE,Recurring Billing Dispute,2025-02-20,1499,704,159,2025-03-07,15,contested,lost,2025-03-19,2,5,1,4,0.2643833333333333,2,4,0.2,999,upi,0,0.0,0,,0.1968877887626932,not_applicable,1,1,0,0,,,fitness_membership,fitness_membership,medium,membership_service,1,0.6343704900309991,0,1,74,15.0,-113.45902777777778,0,0.0,863,0.5757171447631755,0,ACCEPT,-863.0,False
DSP000658,TXN0142485,M000215,CUS0050882,Mastercard,RECURRING_BILLING_DISPUTE,Recurring Billing Dispute,2025-11-30,2499,631,241,2025-12-21,21,contested,lost,2026-01-04,4,5,4,1,0.5891333333333333,4,2,0.8,1499,netbanking,0,0.0,0,,0.3131075313026245,not_applicable,1,1,0,0,,,fitness_membership,fitness_membership,medium,membership_service,1,0.6343704900309991,0,1,74,21.0,-24.73333333333333,0,0.40688396114607117,872,0.34893957583033214,1,CONTEST,144.8,False
DSP000659,TXN0146054,M000216,CUS0051759,Visa,RECURRING_BILLING_DISPUTE,Recurring Billing Dispute,2026-02-12,999,456,191,2026-02-20,8,contested,lost,2026-03-05,3,5,3,2,0.4031333333333333,3,3,0.6,2999,upi,0,0.0,0,,0.5726495198621994,not_applicable,1,2,0,0,,,fitness_membership,fitness_membership,medium,membership_service,1,0.5185427285509913,0,0,119,8.0,261.2493055555556,0,0.015384615384615385,647,0.6476476476476476,0,ACCEPT,-631.63,False
DSP000661,TXN0146986,M000216,CUS0052422,RuPay,MERCHANDISE_NOT_AS_DESCRIBED,Merchandise Not As Described,2025-09-01,999,507,222,2025-09-16,15,contested,lost,2025-10-03,4,4,2,2,0.5080333333333333,4,2,0.5,2999,credit_card,3,15997.0,0,65.0,0.5560864598544468,failed,1,1,0,0,,,fitness_membership,fitness_membership,medium,membership_service,1,0.5185427285509913,0,0,119,15.0,-121.92361111111111,0,0.046543778801843315,729,0.7297297297297297,0,ACCEPT,-682.5,False
DSP000663,TXN0146432,M000216,CUS0051707,Visa,MERCHANDISE_NOT_AS_DESCRIBED,Merchandise Not As Described,2026-02-20,2499,408,271,2026-03-13,21,contested,lost,2026-04-05,4,4,2,2,0.5707666666666666,4,2,0.5,2999,debit_card,0,0.0,0,,0.6407485572361444,passed,1,1,0,0,,,fitness_membership,fitness_membership,medium,membership_service,1,0.5185427285509913,0,0,119,21.0,370.66180555555553,0,0.07007319056654919,679,0.27170868347338933,0,ACCEPT,-503.89,False
DSP000667,TXN0146461,M000216,CUS0051932,Mastercard,RECURRING_BILLING_DISPUTE,Recurring Billing Dispute,2025-12-01,1499,577,218,2025-12-20,19,contested,lost,2026-01-03,4,5,4,1,0.5221333333333333,4,2,0.8,9999,credit_card,4,13996.0,0,50.0,0.5675624454520097,passed,1,1,0,0,,,fitness_membership,fitness_membership,medium,membership_service,1,0.5185427285509913,0,0,119,19.0,95.55902777777776,0,0.2791869000564653,795,0.5303535690460307,0,ACCEPT,-376.5,False
DSP000669,TXN0145641,M000216,,Mastercard,RECURRING_BILLING_DISPUTE,Recurring Billing Dispute,2025-04-20,2499,724,173,2025-05-05,15,contested,won,2025-06-04,6,5,5,0,0.8155666666666667,6,0,1.0,1499,debit_card,0,0.0,0,,0.3930237173551817,passed,1,1,0,0,,,fitness_membership,fitness_membership,medium,membership_service,1,0.5185427285509913,0,0,119,15.0,-230.8875,1,0.8274617023843029,897,0.3589435774309724,1,CONTEST,1170.83,False
DSP000670,TXN0144778,M000216,CUS0051871,Visa,SERVICE_NOT_RENDERED,Service Not Rendered,2025-07-11,8999,744,192,2025-07-31,20,contested,lost,2025-07-30,3,4,3,1,0.4197833333333333,3,3,0.75,1499,upi,0,0.0,0,,0.4597132785903109,not_applicable,1,1,0,0,,,fitness_membership,fitness_membership,medium,membership_service,1,0.5185427285509913,0,0,119,20.0,-28.81458333333333,0,0.2277922077922078,936,0.10401155683964886,1,CONTEST,1113.9,False
DSP000672,TXN0145687,M000216,CUS0052105,Visa,SERVICE_NOT_RENDERED,Service Not Rendered,2025-10-21,999,496,250,2025-11-09,19,contested,won,2025-11-06,5,4,3,1,0.7091833333333333,5,1,0.75,1499,debit_card,0,0.0,0,,0.2391410733282819,passed,1,1,0,0,,,fitness_membership,fitness_membership,medium,membership_service,1,0.5185427285509913,0,0,119,19.0,122.51527777777778,1,0.6070132684652808,746,0.7467467467467468,0,ACCEPT,-139.59,False
DSP000673,TXN0144969,M000216,CUS0052132,Visa,RECURRING_BILLING_DISPUTE,Recurring Billing Dispute,2025-11-26,999,571,298,2025-12-10,14,contested,lost,2026-01-01,2,5,1,4,0.2492333333333333,2,4,0.2,999,debit_card,1,2499.0,0,15.0,0.5456518162921508,passed,1,3,0,0,,,fitness_membership,fitness_membership,medium,membership_service,1,0.5185427285509913,0,0,119,14.0,253.82986111111111,0,0.0,869,0.8698698698698699,0,ACCEPT,-869.0,False
DSP000674,TXN0144647,M000216,CUS0052030,Mastercard,DUPLICATE_TRANSACTION,Duplicate Transaction,2025-02-28,8999,547,236,2025-03-10,10,contested,lost,2025-04-01,2,2,1,1,0.2613666666666667,2,4,0.5,999,netbanking,0,0.0,0,,0.121782890713762,not_applicable,1,1,0,0,,,fitness_membership,fitness_membership,medium,membership_service,1,0.5185427285509913,0,0,119,10.0,43.326388888888886,0,0.19142857142857142,783,0.0870096677408601,1,CONTEST,939.67,False
DSP000676,TXN0148495,M000217,CUS0053419,Visa,SERVICE_NOT_RENDERED,Service Not Rendered,2026-02-09,2999,581,168,2026-02-17,8,contested,won,2026-03-20,5,4,3,1,0.7900333333333333,5,1,0.75,2499,credit_card,2,39998.0,0,130.0,0.1390978467374813,passed,1,1,0,0,,,saas_tools,saas_tools,medium,digital_service,1,0.9299237237845734,0,0,40,8.0,95.75833333333334,1,0.7837698359721295,749,0.24974991663887963,1,CONTEST,1601.53,False
DSP000681,TXN0148297,M000217,CUS0052836,Mastercard,UNAUTHORIZED_TRANSACTION,Unauthorized Transaction,2025-12-27,2999,510,243,2026-01-14,18,contested,won,2026-01-20,6,4,4,0,0.9308666666666668,6,0,1.0,2999,netbanking,3,10997.0,0,131.0,0.2329214463471029,not_applicable,1,1,0,0,,,saas_tools,saas_tools,medium,digital_service,1,0.9299237237845734,0,0,40,18.0,8.181944444444444,1,0.6070132684652808,753,0.25108369456485496,1,CONTEST,1067.43,True
DSP000682,TXN0148739,M000217,CUS0053031,RuPay,DUPLICATE_TRANSACTION,Duplicate Transaction,2025-12-16,2999,473,214,2026-01-03,18,contested,won,2026-01-22,6,2,2,0,0.9695666666666668,6,0,1.0,2499,credit_card,1,2499.0,0,90.0,0.3948388492691494,passed,1,2,0,0,,,saas_tools,saas_tools,medium,digital_service,1,0.9299237237845734,0,0,40,18.0,95.45972222222224,1,0.9564502164502166,687,0.2290763587862621,1,CONTEST,2181.39,False
DSP000684,TXN0149291,M000217,CUS0053221,Visa,UNAUTHORIZED_TRANSACTION,Unauthorized Transaction,2026-01-21,2999,650,212,2026-02-09,19,contested,lost,2026-03-02,6,4,4,0,0.9344666666666668,6,0,1.0,14999,credit_card,0,0.0,0,,0.0949629341900069,passed,1,1,0,0,,,saas_tools,saas_tools,medium,digital_service,1,0.9299237237845734,0,0,40,19.0,40.06041666666667,0,0.5550865285385409,862,0.2874291430476826,1,CONTEST,802.7,False
DSP000685,TXN0147410,M000217,,Visa,RECURRING_BILLING_DISPUTE,Recurring Billing Dispute,2026-01-05,2999,475,281,2026-01-25,20,contested,won,2026-01-27,6,5,5,0,0.9057333333333334,6,0,1.0,2999,upi,0,0.0,0,,0.3084316907352253,not_applicable,1,1,1,0,,,saas_tools,saas_tools,medium,digital_service,1,0.9299237237845734,0,0,40,20.0,205.04791666666668,1,1.0,756,0.25208402800933644,1,CONTEST,2243.0,False
DSP000686,TXN0149076,M000217,,Visa,CREDIT_NOT_PROCESSED,Credit Not Processed,2025-09-13,9999,749,217,2025-09-25,12,contested,lost,2025-10-08,4,4,3,1,0.5924166666666667,4,2,0.75,2499,upi,1,2499.0,0,44.0,0.7047978671851315,not_applicable,1,1,0,1,,,saas_tools,saas_tools,medium,digital_service,1,0.9299237237845734,0,0,40,12.0,81.68541666666667,0,0.4803004883305274,966,0.0966096609660966,1,CONTEST,3836.52,False
DSP000687,TXN0148516,M000217,,Visa,RECURRING_BILLING_DISPUTE,Recurring Billing Dispute,2025-05-05,9999,518,249,2025-05-13,8,contested,won,2025-06-08,6,5,5,0,0.96005,6,0,1.0,2499,credit_card,1,24999.0,0,138.0,0.1531105133754648,failed,1,1,1,0,,,saas_tools,saas_tools,medium,digital_service,1,0.9299237237845734,0,0,40,8.0,-56.37847222222222,1,0.9625272154208556,767,0.07670767076707671,1,CONTEST,8857.31,False
DSP000689,TXN0151652,M000218,CUS0053764,Mastercard,SERVICE_NOT_RENDERED,Service Not Rendered,2025-01-28,14999,664,199,2025-02-14,17,contested,lost,2025-03-11,3,4,3,1,0.4348499999999999,3,3,0.75,1499,debit_card,1,49999.0,0,42.0,0.1924237009950485,passed,0,1,0,0,,,fitness_membership,fitness_membership,medium,membership_service,1,0.5977021425373258,0,0,73,17.0,-68.15972222222223,0,0.21945891527278955,863,0.05753716914460964,1,CONTEST,2428.66,False
DSP000690,TXN0151666,M000218,,Mastercard,RECURRING_BILLING_DISPUTE,Recurring Billing Dispute,2025-12-16,14999,499,217,2025-12-28,12,contested,lost,2025-12-30,3,5,2,3,0.3362833333333333,3,3,0.4,1499,wallet,0,0.0,0,,0.2617764734003183,not_applicable,1,2,0,0,,,fitness_membership,fitness_membership,medium,membership_service,1,0.5977021425373258,0,0,73,12.0,84.53888888888889,0,0.0,716,0.04773651576771785,0,ACCEPT,-716.0,False
DSP000691,TXN0150982,M000218,CUS0053959,Visa,RECURRING_BILLING_DISPUTE,Recurring Billing Dispute,2026-01-02,2499,662,227,2026-01-12,10,contested,lost,2026-02-02,3,5,2,3,0.4411833333333333,3,3,0.4,14999,debit_card,0,0.0,0,,0.0951051503252922,passed,1,1,0,0,,,fitness_membership,fitness_membership,medium,membership_service,1,0.5977021425373258,0,0,73,10.0,250.58055555555555,0,0.0,889,0.3557422969187675,0,ACCEPT,-889.0,False
DSP000692,TXN0152377,M000218,CUS0054050,Visa,SERVICE_NOT_RENDERED,Service Not Rendered,2025-10-23,14999,670,297,2025-11-03,11,contested,won,2025-12-03,6,4,4,0,0.79675,6,0,1.0,1499,upi,0,0.0,0,,0.148459244746055,not_applicable,1,1,0,0,,,fitness_membership,fitness_membership,medium,membership_service,1,0.5977021425373258,0,0,73,11.0,109.17708333333331,1,0.8574048567345569,967,0.06447096473098207,1,CONTEST,11893.22,False
DSP000693,TXN0150217,M000218,,Visa,RECURRING_BILLING_DISPUTE,Recurring Billing Dispute,2026-01-06,14999,676,161,2026-01-19,13,contested,lost,2026-02-16,3,5,3,2,0.3769333333333333,3,3,0.6,2499,upi,0,0.0,0,,0.0866881118562722,not_applicable,1,4,0,0,,,fitness_membership,fitness_membership,medium,membership_service,1,0.5977021425373258,0,0,73,13.0,118.91527777777776,0,0.0,837,0.05580372024801653,0,ACCEPT,-837.0,False
DSP000694,TXN0150323,M000218,CUS0053673,Mastercard,DUPLICATE_TRANSACTION,Duplicate Transaction,2025-11-02,14999,610,193,2025-11-11,9,contested,lost,2025-12-03,2,2,0,2,0.24145,2,4,0.0,2499,wallet,0,0.0,0,,0.1675283341382051,not_applicable,1,1,0,0,,,fitness_membership,fitness_membership,medium,membership_service,1,0.5977021425373258,0,0,73,9.0,51.80416666666667,0,0.07007319056654919,803,0.05353690246016401,1,CONTEST,248.03,True
DSP000695,TXN0150943,M000218,CUS0054377,Visa,DUPLICATE_TRANSACTION,Duplicate Transaction,2025-08-09,2499,435,174,2025-08-19,10,contested,won,2025-08-23,3,2,2,0,0.3805166666666666,3,3,1.0,2499,upi,0,0.0,0,,0.0982507531758588,not_applicable,1,1,0,1,,,fitness_membership,fitness_membership,medium,membership_service,1,0.5977021425373258,0,0,73,10.0,35.46041666666667,1,0.3753318077803204,609,0.24369747899159663,1,CONTEST,328.95,False
DSP000697,TXN0152314,M000218,CUS0053495,Mastercard,UNAUTHORIZED_TRANSACTION,Unauthorized Transaction,2025-12-23,2499,451,267,2026-01-03,11,contested,lost,2026-01-13,2,4,1,3,0.3033333333333333,2,4,0.25,1499,upi,0,0.0,0,,0.2738175828858895,not_applicable,1,1,0,0,,,fitness_membership,fitness_membership,medium,membership_service,1,0.5977021425373258,0,0,73,11.0,226.12222222222223,0,0.0,718,0.28731492597038816,0,ACCEPT,-718.0,True
DSP000700,TXN0150712,M000218,CUS0054286,Visa,RECURRING_BILLING_DISPUTE,Recurring Billing Dispute,2025-07-11,24999,718,273,2025-07-21,10,contested,lost,2025-08-14,4,5,3,2,0.5840333333333333,4,2,0.6,14999,debit_card,0,0.0,0,,0.2166638760814913,passed,1,2,0,0,,,fitness_membership,fitness_membership,medium,membership_service,1,0.5977021425373258,0,0,73,10.0,-142.5625,0,0.07007319056654919,991,0.039641585663426536,1,CONTEST,760.76,False
DSP000701,TXN0151154,M000218,CUS0053944,Visa,RECURRING_BILLING_DISPUTE,Recurring Billing Dispute,2025-04-19,2499,405,200,2025-04-29,10,contested,won,2025-05-31,5,5,4,1,0.60685,5,1,0.8,1499,upi,1,1499.0,0,194.0,0.5052614190193867,not_applicable,1,1,0,0,,,fitness_membership,fitness_membership,medium,membership_service,1,0.5977021425373258,0,0,73,10.0,-254.05416666666667,1,0.4833006535947712,605,0.2420968387354942,1,CONTEST,602.77,True
DSP000702,TXN0151863,M000218,CUS0053873,Mastercard,RECURRING_BILLING_DISPUTE,Recurring Billing Dispute,2025-02-26,2499,743,237,2025-03-14,16,contested,lost,2025-03-18,5,5,4,1,0.7015333333333333,5,1,0.8,2999,upi,0,0.0,0,,0.2034221722738521,not_applicable,1,1,0,0,,,fitness_membership,fitness_membership,medium,membership_service,1,0.5977021425373258,0,0,73,16.0,49.56875,0,0.5586336769076952,980,0.39215686274509803,1,CONTEST,416.03,False
DSP000703,TXN0151294,M000218,,Visa,SERVICE_NOT_RENDERED,Service Not Rendered,2026-01-18,2499,416,201,2026-01-31,13,contested,lost,2026-02-20,5,4,3,1,0.7214166666666667,5,1,0.75,1499,debit_card,2,52998.0,0,174.0,0.2990980191824218,passed,0,1,0,1,,,fitness_membership,fitness_membership,medium,membership_service,1,0.5977021425373258,0,0,73,13.0,97.67430555555556,0,0.4926596279537456,617,0.24689875950380152,1,CONTEST,614.16,True
DSP000706,TXN0151733,M000218,,Visa,RECURRING_BILLING_DISPUTE,Recurring Billing Dispute,2025-06-25,2499,455,256,2025-07-08,13,contested,lost,2025-08-03,3,5,3,2,0.3786333333333333,3,3,0.6,1499,upi,0,0.0,0,,0.1914648686870909,not_applicable,1,3,0,0,,,fitness_membership,fitness_membership,medium,membership_service,1,0.5977021425373258,0,0,73,13.0,20.33055555555556,0,0.0,711,0.2845138055222089,0,ACCEPT,-711.0,False
DSP000707,TXN0154824,M000219,CUS0054874,Visa,RECURRING_BILLING_DISPUTE,Recurring Billing Dispute,2025-12-08,1499,581,258,2025-12-25,17,contested,won,2025-12-30,6,5,5,0,0.92955,6,0,1.0,4799,wallet,1,9999.0,0,135.0,0.1102268057871523,not_applicable,0,1,0,0,,,saas_tools,saas_tools,medium,digital_service,1,0.8638601975855621,0,1,56,17.0,92.88472222222222,1,1.0,839,0.5597064709806537,1,CONTEST,660.0,True
DSP000708,TXN0153962,M000219,CUS0055388,Mastercard,SERVICE_NOT_RENDERED,Service Not Rendered,2025-12-14,1499,415,168,2026-01-03,20,contested,won,2026-01-11,5,4,3,1,0.7823666666666668,5,1,0.75,5199,debit_card,0,0.0,0,,0.207485288490793,passed,1,4,0,0,,,saas_tools,saas_tools,medium,digital_service,1,0.8638601975855621,0,1,56,20.0,101.12222222222222,1,0.7929846211869147,583,0.38892595063375585,1,CONTEST,605.68,False
DSP000710,TXN0153197,M000219,,Mastercard,RECURRING_BILLING_DISPUTE,Recurring Billing Dispute,2025-07-05,2999,539,171,2025-07-14,9,contested,won,2025-07-30,6,5,5,0,0.9033,6,0,1.0,1499,netbanking,0,0.0,0,,0.1283496673104325,not_applicable,0,2,0,0,,,saas_tools,saas_tools,medium,digital_service,1,0.8638601975855621,0,1,56,9.0,17.5375,1,1.0,710,0.2367455818606202,1,CONTEST,2289.0,False
DSP000714,TXN0153296,M000219,,RuPay,RECURRING_BILLING_DISPUTE,Recurring Billing Dispute,2025-12-29,2999,664,278,2026-01-08,10,contested,won,2026-02-12,5,5,5,0,0.77235,5,1,1.0,1499,debit_card,0,0.0,0,,0.2979233427525122,passed,1,1,0,0,,,saas_tools,saas_tools,medium,digital_service,1,0.8638601975855621,0,1,56,10.0,112.39166666666668,1,0.9529208046855107,942,0.31410470156718906,1,CONTEST,1915.81,False
DSP000715,TXN0152762,M000219,CUS0054905,Visa,SERVICE_NOT_RENDERED,Service Not Rendered,2026-01-26,2999,637,270,2026-02-16,21,contested,won,2026-03-02,6,4,4,0,0.9493,6,0,1.0,2999,upi,0,0.0,0,,0.1288510446464577,not_applicable,1,1,0,0,,,saas_tools,saas_tools,medium,digital_service,1,0.8638601975855621,0,1,56,21.0,48.50138888888889,1,0.9808937114819584,907,0.302434144714905,1,CONTEST,2034.7,False
DSP000716,TXN0152790,M000219,CUS0055049,Visa,UNAUTHORIZED_TRANSACTION,Unauthorized Transaction,2025-12-25,2999,512,166,2026-01-14,20,contested,lost,2026-02-02,4,4,3,1,0.6533333333333333,4,2,0.75,2999,upi,0,0.0,0,,0.343423747271499,not_applicable,1,1,0,0,,,saas_tools,saas_tools,medium,digital_service,1,0.8638601975855621,0,1,56,20.0,221.6486111111111,0,0.31513194134326117,678,0.2260753584528176,1,CONTEST,267.08,False
DSP000718,TXN0153344,M000219,,Mastercard,RECURRING_BILLING_DISPUTE,Recurring Billing Dispute,2025-10-16,1499,626,214,2025-10-24,8,contested,won,2025-11-06,5,5,4,1,0.8166666666666668,5,1,0.8,1499,credit_card,0,0.0,0,,0.1111917975907681,passed,1,1,0,0,,,saas_tools,saas_tools,medium,digital_service,1,0.8638601975855621,0,1,56,8.0,138.23263888888889,1,0.9206627401693815,840,0.5603735823882589,1,CONTEST,540.07,False
DSP000719,TXN0154955,M000219,CUS0055129,Mastercard,RECURRING_BILLING_DISPUTE,Recurring Billing Dispute,2025-02-22,1499,593,219,2025-03-12,18,contested,won,2025-03-23,6,5,5,0,0.9498833333333332,6,0,1.0,30999,credit_card,1,3099.0,0,23.0,0.2139035299829668,passed,1,1,0,0,,,saas_tools,saas_tools,medium,digital_service,1,0.8638601975855621,0,1,56,18.0,-189.12708333333333,1,0.9923155102898165,812,0.5416944629753169,1,CONTEST,675.48,False
DSP000720,TXN0153359,M000219,CUS0055380,RuPay,CREDIT_NOT_PROCESSED,Credit Not Processed,2025-12-30,1499,542,257,2026-01-16,17,contested,won,2026-01-19,6,4,4,0,0.9703833333333334,6,0,1.0,2999,credit_card,0,0.0,0,,0.5473226777617578,passed,1,1,0,1,,,saas_tools,saas_tools,medium,digital_service,1,0.8638601975855621,0,1,56,17.0,123.35138888888888,1,0.9564502164502166,799,0.5330220146764509,1,CONTEST,634.72,False
DSP000721,TXN0153746,M000219,CUS0054751,Visa,CREDIT_NOT_PROCESSED,Credit Not Processed,2025-10-13,2999,709,283,2025-10-25,12,contested,won,2025-10-28,5,4,3,1,0.7865666666666667,5,1,0.75,1499,credit_card,0,0.0,0,,0.3794311192097173,passed,1,1,0,0,,,saas_tools,saas_tools,medium,digital_service,1,0.8638601975855621,0,1,56,12.0,3.46875,1,0.6922375444559494,992,0.3307769256418806,1,CONTEST,1084.02,False
DSP000722,TXN0153545,M000219,,Visa,SERVICE_NOT_RENDERED,Service Not Rendered,2025-09-12,1499,588,205,2025-09-23,11,contested,won,2025-09-26,5,4,4,0,0.8114499999999999,5,1,1.0,1499,netbanking,0,0.0,0,,0.0841320878570897,not_applicable,1,1,0,0,,,saas_tools,saas_tools,medium,digital_service,1,0.8638601975855621,0,1,56,11.0,111.86111111111111,1,0.9768856788632014,793,0.5290193462308206,1,CONTEST,671.35,False
DSP000724,TXN0152480,M000219,CUS0055175,Mastercard,RECURRING_BILLING_DISPUTE,Recurring Billing Dispute,2025-07-16,2999,598,209,2025-07-29,13,contested,lost,2025-08-21,5,5,4,1,0.7090666666666667,5,1,0.8,1499,credit_card,0,0.0,0,,0.2192826476203172,passed,1,1,0,1,,,saas_tools,saas_tools,medium,digital_service,1,0.8638601975855621,0,1,56,13.0,77.66319444444444,0,0.7811031693054629,807,0.26908969656552184,1,CONTEST,1535.53,True
DSP000725,TXN0155865,M000220,CUS0056308,Mastercard,SERVICE_NOT_RENDERED,Service Not Rendered,2025-04-25,10699,617,214,2025-05-16,21,contested,lost,2025-06-08,5,3,3,0,0.6471333333333333,5,1,1.0,10699,upi,0,0.0,0,,0.1879746863473958,not_applicable,1,1,0,0,,,travel_booking,travel_booking,medium,booking_service,0,0.6534979846293516,0,0,21,21.0,-3.861111111111111,0,0.5153006535947713,831,0.07767081035610805,1,CONTEST,4682.2,False
DSP000726,TXN0156031,M000220,CUS0055469,Visa,UNAUTHORIZED_TRANSACTION,Unauthorized Transaction,2025-06-11,7599,602,291,2025-06-30,19,contested,lost,2025-07-08,5,3,2,1,0.7647333333333334,5,1,0.6666666666666666,16099,upi,0,0.0,0,,0.1982606435746471,not_applicable,1,2,0,0,,,travel_booking,travel_booking,medium,booking_service,0,0.6534979846293516,0,0,21,19.0,29.197916666666668,0,0.157989222223351,893,0.11751546256086327,1,CONTEST,307.56,False
DSP000727,TXN0156705,M000220,,Mastercard,SERVICE_NOT_RENDERED,Service Not Rendered,2025-03-14,21495,702,289,2025-03-29,15,contested,lost,2025-03-28,4,3,1,2,0.5660333333333333,4,2,0.3333333333333333,1499,credit_card,3,22497.0,0,9.0,0.3845625061350716,passed,1,1,0,1,,,travel_booking,travel_booking,medium,booking_service,0,0.6534979846293516,0,0,21,15.0,-278.8270833333333,0,0.07007319056654919,991,0.04610374505699,1,CONTEST,515.22,False
DSP000729,TXN0156364,M000220,CUS0055748,Mastercard,SERVICE_NOT_RENDERED,Service Not Rendered,2025-11-30,14099,504,246,2025-12-12,12,contested,lost,2026-01-08,5,3,2,1,0.6771833333333334,5,1,0.6666666666666666,9799,debit_card,1,2349.0,0,227.0,0.1675025628581542,passed,1,1,0,0,,,travel_booking,travel_booking,medium,booking_service,0,0.6534979846293516,0,0,21,12.0,66.29652777777778,0,0.2661970969320548,750,0.05319526207532449,1,CONTEST,3003.11,False
DSP000731,TXN0155346,M000220,CUS0055614,Visa,DUPLICATE_TRANSACTION,Duplicate Transaction,2025-10-04,6699,685,264,2025-10-15,11,contested,won,2025-10-28,3,2,1,1,0.42965,3,3,0.5,8999,debit_card,1,12899.0,0,191.0,0.1203150713309536,passed,1,1,0,0,,,travel_booking,travel_booking,medium,booking_service,0,0.6534979846293516,0,0,21,11.0,-4.865277777777778,1,0.3917127105811393,949,0.14166293476638303,1,CONTEST,1675.08,False
DSP000732,TXN0155265,M000220,CUS0055587,Mastercard,SERVICE_NOT_RENDERED,Service Not Rendered,2025-09-10,1250,455,174,2025-09-21,11,contested,won,2025-09-24,6,3,3,0,0.7665333333333333,6,0,1.0,12595,upi,0,0.0,0,,0.1803629810849987,not_applicable,1,1,0,0,,,travel_booking,travel_booking,medium,booking_service,0,0.6534979846293516,0,0,21,11.0,-107.8,1,0.6473399656003046,629,0.5032,1,CONTEST,180.17,True
DSP000733,TXN0156156,M000220,,Mastercard,SERVICE_NOT_RENDERED,Service Not Rendered,2025-04-04,27995,572,275,2025-04-11,7,contested,lost,2025-05-10,4,3,1,2,0.5714333333333333,4,2,0.3333333333333333,4099,debit_card,0,0.0,0,,0.0414079770544869,passed,0,3,0,0,,,travel_booking,travel_booking,medium,booking_service,0,0.6534979846293516,0,0,21,7.0,77.7125,0,0.05578747628083491,847,0.03025540275049116,1,CONTEST,714.77,False
DSP000736,TXN0155248,M000220,CUS0055469,Mastercard,MERCHANDISE_NOT_AS_DESCRIBED,Merchandise Not As Described,2025-05-15,3450,731,210,2025-05-29,14,contested,lost,2025-06-20,5,3,2,1,0.6425333333333333,5,1,0.6666666666666666,9299,upi,2,9748.0,0,23.0,0.2790908314049471,not_applicable,1,1,0,0,,,travel_booking,travel_booking,medium,booking_service,0,0.6534979846293516,0,0,21,14.0,-0.6590277777777778,0,0.25004329004329007,941,0.2727536231884058,0,ACCEPT,-78.35,False
DSP000737,TXN0155841,M000220,CUS0055696,Mastercard,UNAUTHORIZED_TRANSACTION,Unauthorized Transaction,2025-10-29,11495,478,163,2025-11-08,10,contested,lost,2025-11-29,4,3,2,1,0.53265,4,2,0.6666666666666666,22499,upi,0,0.0,0,,0.6702282446634229,not_applicable,1,1,0,0,,,travel_booking,travel_booking,medium,booking_service,0,0.6534979846293516,0,0,21,10.0,-20.20486111111111,0,0.05578747628083491,641,0.055763375380600264,1,CONTEST,0.28,False
DSP000738,TXN0160383,M000221,,Visa,RECURRING_BILLING_DISPUTE,Recurring Billing Dispute,2025-09-30,14999,583,163,2025-10-19,19,contested,lost,2025-11-09,2,5,1,4,0.2690833333333333,2,4,0.2,429,debit_card,1,499.0,0,123.0,0.0806208201402356,passed,1,1,0,0,rto,0.0,fitness_membership,fitness_membership,medium,membership_service,1,0.4539532890685384,0,0,34,19.0,115.46875,0,0.0,746,0.04973664910994066,0,ACCEPT,-746.0,False
DSP000739,TXN0158653,M000221,,Mastercard,RECURRING_BILLING_DISPUTE,Recurring Billing Dispute,2025-07-08,5999,448,240,2025-07-15,7,contested,lost,2025-08-20,4,5,3,2,0.51635,4,2,0.6,24999,wallet,1,1499.0,0,84.0,0.0739219766025179,not_applicable,1,1,0,0,,,fitness_membership,fitness_membership,medium,membership_service,1,0.4539532890685384,0,0,34,7.0,-55.84930555555555,0,0.03225806451612903,688,0.11468578096349391,0,ACCEPT,-494.48,False
DSP000741,TXN0158364,M000221,CUS0056944,Visa,DUPLICATE_TRANSACTION,Duplicate Transaction,2025-03-31,5999,423,196,2025-04-21,21,contested,won,2025-04-25,4,2,1,1,0.4368833333333333,4,2,0.5,14999,debit_card,3,32497.0,0,69.0,0.4255024869319877,passed,1,2,0,0,,,fitness_membership,fitness_membership,medium,membership_service,1,0.4539532890685384,0,0,34,21.0,-158.6027777777778,1,0.40315789473684216,619,0.10318386397732955,1,CONTEST,1799.54,False
DSP000744,TXN0159708,M000221,CUS0056784,Mastercard,MERCHANDISE_NOT_AS_DESCRIBED,Merchandise Not As Described,2026-01-16,1499,624,169,2026-01-31,15,contested,lost,2026-03-02,2,4,1,3,0.2903666666666666,2,4,0.25,2499,upi,0,0.0,0,,0.2511217133706112,not_applicable,1,1,0,0,in_transit,0.0,fitness_membership,fitness_membership,medium,membership_service,1,0.4539532890685384,0,0,34,15.0,221.73263888888889,0,0.0,793,0.5290193462308206,0,ACCEPT,-793.0,False
DSP000746,TXN0158321,M000221,,RuPay,RECURRING_BILLING_DISPUTE,Recurring Billing Dispute,2025-10-19,1499,606,250,2025-10-28,9,contested,lost,2025-11-18,2,5,1,4,0.2171666666666666,2,4,0.2,24999,netbanking,0,0.0,0,,0.3849663586320284,not_applicable,1,2,0,0,,,fitness_membership,fitness_membership,medium,membership_service,1,0.4539532890685384,0,0,34,9.0,263.9166666666667,0,0.0,856,0.57104736490994,0,ACCEPT,-856.0,False
DSP000747,TXN0158257,M000221,CUS0056628,Mastercard,CREDIT_NOT_PROCESSED,Credit Not Processed,2025-06-04,5999,688,237,2025-06-12,8,contested,won,2025-06-30,3,4,3,1,0.3779666666666667,3,3,0.75,5999,credit_card,0,0.0,0,,0.3108902936574571,passed,0,1,0,0,,,fitness_membership,fitness_membership,medium,membership_service,1,0.4539532890685384,0,0,34,8.0,-46.75625,1,0.21357270180799595,925,0.15419236539423237,1,CONTEST,356.22,False
DSP000748,TXN0159406,M000221,CUS0056977,Visa,RECURRING_BILLING_DISPUTE,Recurring Billing Dispute,2025-06-26,1499,412,233,2025-07-05,9,contested,lost,2025-07-13,2,5,2,3,0.2089666666666666,2,4,0.4,1149,credit_card,0,0.0,0,,0.4091769048007962,passed,1,1,0,0,delivered,0.0,fitness_membership,fitness_membership,medium,membership_service,1,0.4539532890685384,0,0,34,9.0,53.95069444444445,0,0.0,645,0.43028685790527016,0,ACCEPT,-645.0,True
DSP000752,TXN0158699,M000221,CUS0056832,Visa,SERVICE_NOT_RENDERED,Service Not Rendered,2025-09-26,5999,590,160,2025-10-17,21,contested,lost,2025-10-21,3,4,2,2,0.3792333333333333,3,3,0.5,1499,debit_card,0,0.0,0,,0.1068295943534583,passed,0,1,0,0,,,fitness_membership,fitness_membership,medium,membership_service,1,0.4539532890685384,0,0,34,21.0,236.3111111111111,0,0.015384615384615385,750,0.12502083680613435,0,ACCEPT,-657.71,False
DSP000753,TXN0160006,M000221,CUS0056615,Visa,SERVICE_NOT_RENDERED,Service Not Rendered,2025-01-13,14999,471,162,2025-01-31,18,contested,lost,2025-02-24,2,4,1,3,0.2677833333333333,2,4,0.25,395,credit_card,3,3619.0,0,29.0,0.4072189495027353,passed,1,2,0,0,delivered,1.0,fitness_membership,fitness_membership,medium,membership_service,1,0.4539532890685384,0,0,34,18.0,-341.0048611111111,0,0.0,633,0.04220281352090139,0,ACCEPT,-633.0,False
DSP000756,TXN0160708,M000222,,Mastercard,MERCHANDISE_NOT_RECEIVED,Merchandise Not Received,2025-11-05,2845,502,284,2025-11-25,20,contested,won,2025-12-12,5,4,3,1,0.7618833333333334,5,1,0.75,3849,upi,0,0.0,0,,0.1193855712225616,not_applicable,1,1,0,0,delivered,1.0,d2c_brand,d2c_brand,medium,physical_delivery,0,0.7550305051203428,1,1,94,20.0,297.8854166666667,1,0.6955158476313262,786,0.27627416520210896,1,CONTEST,1192.74,False
DSP000758,TXN0160850,M000222,CUS0057777,Mastercard,MERCHANDISE_NOT_RECEIVED,Merchandise Not Received,2025-04-17,2149,679,252,2025-04-26,9,contested,won,2025-05-28,5,4,3,1,0.7370333333333333,5,1,0.75,2295,credit_card,1,2049.0,0,71.0,0.1206180467509698,passed,1,1,0,1,delivered,1.0,d2c_brand,d2c_brand,medium,physical_delivery,0,0.7550305051203428,1,1,94,9.0,-51.86180555555556,1,0.5956015037593985,931,0.43322475570032576,1,CONTEST,348.95,False
DSP000759,TXN0161543,M000222,CUS0058047,Mastercard,MERCHANDISE_NOT_RECEIVED,Merchandise Not Received,2025-03-19,1950,590,212,2025-03-30,11,contested,won,2025-04-19,5,4,4,0,0.7134666666666667,5,1,1.0,1445,credit_card,0,0.0,0,,0.4360458289453875,passed,1,1,0,0,delivered,1.0,d2c_brand,d2c_brand,medium,physical_delivery,0,0.7550305051203428,1,1,94,11.0,62.449305555555554,1,0.8897173414820474,802,0.4112820512820513,1,CONTEST,932.95,False
DSP000760,TXN0160737,M000222,CUS0057779,Visa,UNAUTHORIZED_TRANSACTION,Unauthorized Transaction,2026-01-25,1549,697,150,2026-02-08,14,contested,won,2026-03-05,6,4,4,0,0.8698333333333333,6,0,1.0,4249,upi,2,1638.0,0,72.0,0.5050625758351814,not_applicable,0,2,0,0,rto,0.0,d2c_brand,d2c_brand,medium,physical_delivery,0,0.7550305051203428,1,1,94,14.0,202.98055555555555,1,0.7572992477368354,847,0.5468043899289864,1,CONTEST,326.06,False
DSP000761,TXN0162208,M000222,CUS0058147,RuPay,CREDIT_NOT_PROCESSED,Credit Not Processed,2025-07-27,1599,696,150,2025-08-08,12,contested,won,2025-09-04,5,3,2,1,0.71615,5,1,0.6666666666666666,799,upi,1,6595.0,0,84.0,0.1572663819074263,not_applicable,0,1,0,0,delivered,1.0,d2c_brand,d2c_brand,medium,physical_delivery,0,0.7550305051203428,1,1,94,12.0,116.92222222222222,1,0.6070132684652808,846,0.5290806754221389,1,CONTEST,124.61,False
DSP000762,TXN0161179,M000222,CUS0057800,Visa,MERCHANDISE_NOT_RECEIVED,Merchandise Not Received,2026-01-25,1849,411,210,2026-02-08,14,contested,won,2026-02-16,6,4,4,0,0.8796833333333334,6,0,1.0,465,upi,0,0.0,0,,0.3376602478660356,not_applicable,1,1,0,0,delivered,1.0,d2c_brand,d2c_brand,medium,physical_delivery,0,0.7550305051203428,1,1,94,14.0,116.46180555555556,1,0.9582683982683984,621,0.3358572201189832,1,CONTEST,1150.84,False
DSP000763,TXN0161619,M000222,,Visa,UNAUTHORIZED_TRANSACTION,Unauthorized Transaction,2025-05-01,460,645,254,2025-05-19,18,contested,won,2025-06-07,6,4,4,0,0.9446666666666668,6,0,1.0,2099,debit_card,0,0.0,0,,0.4035115011958867,passed,1,1,0,0,in_transit,0.0,d2c_brand,d2c_brand,medium,physical_delivery,0,0.7550305051203428,1,1,94,18.0,-57.65277777777778,1,0.6958039251007264,899,1.0,0,ACCEPT,-578.93,False
DSP000764,TXN0161244,M000222,,Visa,MERCHANDISE_NOT_RECEIVED,Merchandise Not Received,2025-06-08,4600,697,290,2025-06-18,10,contested,lost,2025-07-18,4,4,2,2,0.6301333333333333,4,2,0.5,795,credit_card,0,0.0,0,,0.1931758850489197,failed,1,1,0,0,delivered,1.0,d2c_brand,d2c_brand,medium,physical_delivery,0,0.7550305051203428,1,1,94,10.0,-84.66666666666667,0,0.30384057971014494,987,0.21456521739130435,1,CONTEST,410.67,False
DSP000765,TXN0162179,M000222,,Visa,CREDIT_NOT_PROCESSED,Credit Not Processed,2025-08-09,1445,743,167,2025-08-18,9,contested,lost,2025-09-01,5,3,2,1,0.711,5,1,0.6666666666666666,6699,credit_card,2,918.0,0,67.0,0.1321444928340493,passed,1,3,0,0,delivered,1.0,d2c_brand,d2c_brand,medium,physical_delivery,0,0.7550305051203428,1,1,94,9.0,-26.397916666666667,0,0.5550865285385409,910,0.629757785467128,0,ACCEPT,-107.9,False
DSP000766,TXN0161187,M000222,CUS0058114,Visa,MERCHANDISE_NOT_RECEIVED,Merchandise Not Received,2025-11-26,2249,544,161,2025-12-08,12,contested,lost,2026-01-09,4,4,2,2,0.6058166666666667,4,2,0.5,2799,upi,1,3099.0,0,89.0,0.3904217962878004,not_applicable,1,2,0,1,in_transit,0.0,d2c_brand,d2c_brand,medium,physical_delivery,0,0.7550305051203428,1,1,94,12.0,183.39097222222225,0,0.17670995670995668,705,0.31347265451311696,0,ACCEPT,-307.58,False
DSP000768,TXN0161840,M000222,CUS0057344,Mastercard,CREDIT_NOT_PROCESSED,Credit Not Processed,2026-01-14,1599,663,287,2026-02-02,19,contested,lost,2026-02-26,3,3,2,1,0.4674666666666667,3,3,0.6666666666666666,1045,debit_card,0,0.0,0,,0.0860760389064538,passed,1,1,0,0,delivered,0.0,d2c_brand,d2c_brand,medium,physical_delivery,0,0.7550305051203428,1,1,94,19.0,300.9770833333333,0,0.2277922077922078,950,0.5941213258286429,0,ACCEPT,-585.76,False
DSP000769,TXN0162075,M000222,CUS0057611,Visa,MERCHANDISE_NOT_RECEIVED,Merchandise Not Received,2025-09-22,2245,477,219,2025-10-10,18,contested,lost,2025-10-09,5,4,3,1,0.7582,5,1,0.75,439,upi,0,0.0,0,,0.3171912071350974,not_applicable,1,1,1,0,delivered,1.0,d2c_brand,d2c_brand,medium,physical_delivery,0,0.7550305051203428,1,1,94,18.0,78.95486111111111,0,0.6220720919946926,696,0.310022271714922,1,CONTEST,700.55,True
DSP000770,TXN0163724,M000223,CUS0058357,Visa,MERCHANDISE_NOT_AS_DESCRIBED,Merchandise Not As Described,2025-04-03,3295,642,204,2025-04-22,19,contested,won,2025-04-20,6,3,3,0,0.9536166666666668,6,0,1.0,895,credit_card,1,2149.0,0,11.0,0.0521752315766813,passed,1,1,0,0,delivered,1.0,d2c_brand,d2c_brand,medium,physical_delivery,0,0.8349473094698556,1,1,110,19.0,-220.125,1,0.7709140791991876,846,0.256752655538695,1,CONTEST,1694.16,True
DSP000772,TXN0165450,M000223,CUS0058317,Mastercard,MERCHANDISE_NOT_RECEIVED,Merchandise Not Received,2025-08-21,6299,560,210,2025-09-06,16,contested,won,2025-09-23,6,4,4,0,0.94795,6,0,1.0,5899,credit_card,0,0.0,0,,0.1036319126878271,passed,1,1,0,1,,,d2c_brand,d2c_brand,medium,physical_delivery,0,0.8349473094698556,1,1,110,16.0,-58.36111111111112,1,0.8912384704474439,770,0.12224162565486585,1,CONTEST,4843.91,False
DSP000773,TXN0164287,M000223,,RuPay,MERCHANDISE_NOT_AS_DESCRIBED,Merchandise Not As Described,2025-02-15,550,544,230,2025-02-24,9,contested,won,2025-03-14,6,3,3,0,0.9432833333333334,6,0,1.0,5799,upi,0,0.0,0,,0.1377251906968267,not_applicable,1,1,0,0,in_transit,0.0,d2c_brand,d2c_brand,medium,physical_delivery,0,0.8349473094698556,1,1,110,9.0,-214.83541666666667,1,0.9165571683218742,774,1.0,0,ACCEPT,-269.89,True
DSP000774,TXN0164999,M000223,CUS0058997,RuPay,MERCHANDISE_NOT_RECEIVED,Merchandise Not Received,2025-11-30,1495,580,289,2025-12-11,11,contested,won,2025-12-26,5,4,3,1,0.7535,5,1,0.75,5399,upi,1,2549.0,0,183.0,0.3433293385331795,not_applicable,0,1,0,0,,,d2c_brand,d2c_brand,medium,physical_delivery,0,0.8349473094698556,1,1,110,11.0,-31.472916666666663,1,0.717267443627632,869,0.5812709030100335,1,CONTEST,203.31,False
DSP000775,TXN0163944,M000223,CUS0058481,Mastercard,UNAUTHORIZED_TRANSACTION,Unauthorized Transaction,2025-05-05,2550,724,212,2025-05-26,21,contested,lost,2025-06-11,5,4,3,1,0.7638666666666666,5,1,0.75,1349,upi,0,0.0,0,,0.2243157705613331,not_applicable,1,3,0,0,delivered,1.0,d2c_brand,d2c_brand,medium,physical_delivery,0,0.8349473094698556,1,1,110,21.0,-133.84097222222223,0,0.2873447947933074,936,0.36705882352941177,0,ACCEPT,-203.27,False
DSP000776,TXN0164268,M000223,CUS0058978,Mastercard,MERCHANDISE_NOT_AS_DESCRIBED,Merchandise Not As Described,2025-12-01,4645,573,195,2025-12-12,11,contested,won,2025-12-21,5,3,3,0,0.7481333333333332,5,1,1.0,1145,debit_card,0,0.0,0,,0.4463037251087707,passed,1,1,0,0,delivered,0.0,d2c_brand,d2c_brand,medium,physical_delivery,0,0.8349473094698556,1,1,110,11.0,-15.279166666666669,1,0.6907968553923378,768,0.16533907427341227,1,CONTEST,2440.75,False
DSP000777,TXN0165351,M000223,CUS0059125,Mastercard,MERCHANDISE_NOT_AS_DESCRIBED,Merchandise Not As Described,2025-04-21,850,553,218,2025-05-02,11,contested,lost,2025-05-14,4,3,1,2,0.6018166666666667,4,2,0.3333333333333333,6199,upi,1,31995.0,0,137.0,0.0962679142371171,not_applicable,1,1,0,0,,,d2c_brand,d2c_brand,medium,physical_delivery,0,0.8349473094698556,1,1,110,11.0,-130.45416666666668,0,0.14034632034632036,771,0.9070588235294118,0,ACCEPT,-651.71,False
DSP000778,TXN0168199,M000224,,RuPay,MERCHANDISE_NOT_AS_DESCRIBED,Merchandise Not As Described,2025-01-14,9100,623,192,2025-01-27,13,contested,lost,2025-02-25,5,3,2,1,0.6712833333333333,5,1,0.6666666666666666,30999,upi,1,7899.0,0,20.0,0.1404378528195049,not_applicable,1,2,0,0,,,travel_booking,travel_booking,medium,booking_service,0,0.6602782202486864,0,1,94,13.0,-35.55555555555556,0,0.25320118478013215,815,0.08956043956043956,1,CONTEST,1489.13,False
DSP000779,TXN0168377,M000224,CUS0059519,RuPay,MERCHANDISE_NOT_AS_DESCRIBED,Merchandise Not As Described,2025-03-29,12700,710,161,2025-04-08,10,contested,lost,2025-05-13,3,3,1,2,0.4471666666666666,3,3,0.3333333333333333,10899,upi,2,20090.0,0,15.0,0.4279106662143894,not_applicable,1,2,0,0,,,travel_booking,travel_booking,medium,booking_service,0,0.6602782202486864,0,1,94,10.0,-55.24652777777778,0,0.03225806451612903,871,0.06858267716535434,0,ACCEPT,-461.32,False
DSP000780,TXN0167746,M000224,,Mastercard,CREDIT_NOT_PROCESSED,Credit Not Processed,2025-07-15,4350,478,188,2025-07-29,14,contested,lost,2025-08-08,4,4,3,1,0.5483333333333333,4,2,0.75,10599,wallet,0,0.0,0,,0.2482599267359606,not_applicable,1,1,0,0,,,travel_booking,travel_booking,medium,booking_service,0,0.6602782202486864,0,1,94,14.0,67.32986111111111,0,0.3386796536796537,666,0.15310344827586206,1,CONTEST,807.26,False
DSP000783,TXN0166734,M000224,CUS0059549,Visa,CREDIT_NOT_PROCESSED,Credit Not Processed,2025-03-06,10595,642,182,2025-03-23,17,contested,won,2025-03-29,3,4,3,1,0.4515666666666666,3,3,0.75,13595,upi,0,0.0,0,,0.3432607560073134,not_applicable,0,1,0,0,,,travel_booking,travel_booking,medium,booking_service,0,0.6602782202486864,0,1,94,17.0,-281.25138888888887,1,0.33530075187969927,824,0.07777253421425201,1,CONTEST,2728.51,False
DSP000784,TXN0166727,M000224,,Mastercard,MERCHANDISE_NOT_AS_DESCRIBED,Merchandise Not As Described,2026-01-30,18399,425,178,2026-02-13,14,contested,won,2026-03-04,6,3,3,0,0.8597166666666666,6,0,1.0,2099,upi,0,0.0,0,,0.0820672948966807,not_applicable,0,1,0,0,,,travel_booking,travel_booking,medium,booking_service,0,0.6602782202486864,0,1,94,14.0,258.48541666666665,1,0.6378704113224237,603,0.032773520300016304,1,CONTEST,11133.18,False
DSP000785,TXN0167611,M000224,CUS0059694,RuPay,CREDIT_NOT_PROCESSED,Credit Not Processed,2026-01-26,7699,719,193,2026-02-04,9,contested,lost,2026-03-10,4,4,3,1,0.5769,4,2,0.75,5199,upi,2,14244.0,0,106.0,0.3035587522368352,not_applicable,1,2,0,0,,,travel_booking,travel_booking,medium,booking_service,0,0.6602782202486864,0,1,94,9.0,105.75972222222222,0,0.35979791590362337,912,0.11845694246005975,1,CONTEST,1858.08,False
DSP000786,TXN0166432,M000224,CUS0059508,Visa,SERVICE_NOT_RENDERED,Service Not Rendered,2025-08-23,10200,582,241,2025-09-10,18,contested,lost,2025-09-22,5,3,2,1,0.7352500000000001,5,1,0.6666666666666666,5495,upi,0,0.0,0,,0.342146437003987,not_applicable,1,1,0,0,,,travel_booking,travel_booking,medium,booking_service,0,0.6602782202486864,0,1,94,18.0,83.84305555555555,0,0.33755183413078144,823,0.08068627450980392,1,CONTEST,2620.03,False
DSP000787,TXN0166244,M000224,CUS0059727,Visa,UNAUTHORIZED_TRANSACTION,Unauthorized Transaction,2025-09-20,7495,500,198,2025-09-29,9,contested,lost,2025-10-21,4,3,2,1,0.5706833333333333,4,2,0.6666666666666666,21995,credit_card,0,0.0,0,,0.1326100703315649,failed,1,1,0,0,,,travel_booking,travel_booking,medium,booking_service,0,0.6602782202486864,0,1,94,9.0,-11.409027777777778,0,0.05578747628083491,698,0.09312875250166777,0,ACCEPT,-279.87,False
DSP000788,TXN0165887,M000224,CUS0059989,Visa,SERVICE_NOT_RENDERED,Service Not Rendered,2025-08-07,6400,441,239,2025-08-21,14,contested,won,2025-09-16,5,3,2,1,0.7216833333333333,5,1,0.6666666666666666,4845,credit_card,3,15147.0,0,113.0,0.5300846630437444,passed,1,3,0,0,,,travel_booking,travel_booking,medium,booking_service,0,0.6602782202486864,0,1,94,14.0,-101.08402777777778,1,0.4926596279537456,680,0.10625,1,CONTEST,2473.02,False
DSP000791,TXN0170267,M000225,CUS0060477,Visa,UNAUTHORIZED_TRANSACTION,Unauthorized Transaction,2025-09-13,27500,747,295,2025-10-01,18,contested,lost,2025-10-07,4,3,3,0,0.5183333333333333,4,2,1.0,5999,debit_card,0,0.0,0,,0.3007241141321936,passed,1,1,0,0,,,travel_booking,travel_booking,medium,booking_service,0,0.5710213862054762,0,1,77,18.0,221.29305555555555,0,0.24337662337662339,1042,0.03789090909090909,1,CONTEST,5650.86,False
DSP000792,TXN0169727,M000225,CUS0060912,Mastercard,CREDIT_NOT_PROCESSED,Credit Not Processed,2025-03-18,1550,469,280,2025-03-27,9,contested,lost,2025-04-04,4,4,2,2,0.5238666666666667,4,2,0.5,6699,upi,0,0.0,0,,0.6333893438701745,not_applicable,1,2,0,1,,,travel_booking,travel_booking,medium,booking_service,0,0.5710213862054762,0,1,77,9.0,34.02638888888889,0,0.058494580138001906,749,0.4832258064516129,0,ACCEPT,-658.33,False
DSP000795,TXN0168787,M000225,,Visa,SERVICE_NOT_RENDERED,Service Not Rendered,2025-01-19,7095,514,282,2025-01-31,12,contested,lost,2025-02-28,4,3,2,1,0.5424333333333333,4,2,0.6666666666666666,7299,upi,0,0.0,0,,0.1712300701331786,not_applicable,1,1,0,1,,,travel_booking,travel_booking,medium,booking_service,0,0.5710213862054762,0,1,77,12.0,-35.34791666666667,0,0.265853566723132,796,0.11219168428470754,1,CONTEST,1090.23,False
DSP000796,TXN0168480,M000225,,RuPay,MERCHANDISE_NOT_AS_DESCRIBED,Merchandise Not As Described,2025-07-05,11999,671,237,2025-07-22,17,contested,lost,2025-07-19,3,3,1,2,0.4084,3,3,0.3333333333333333,12395,debit_card,1,16599.0,0,10.0,0.3674796798545512,failed,1,3,0,1,,,travel_booking,travel_booking,medium,booking_service,0,0.5710213862054762,0,1,77,17.0,86.05486111111111,0,0.0,908,0.07567297274772898,0,ACCEPT,-908.0,False
DSP000797,TXN0170254,M000225,,Visa,CREDIT_NOT_PROCESSED,Credit Not Processed,2026-02-01,7300,632,219,2026-02-21,20,contested,won,2026-03-05,3,4,3,1,0.3936333333333333,3,3,0.75,2499,debit_card,3,4497.0,0,35.0,0.2837364844235953,passed,1,1,0,1,,,travel_booking,travel_booking,medium,booking_service,0,0.5710213862054762,0,1,77,20.0,75.89097222222222,1,0.27597361201003406,851,0.11657534246575342,1,CONTEST,1163.61,False
DSP000798,TXN0170625,M000225,CUS0060336,Visa,SERVICE_NOT_RENDERED,Service Not Rendered,2025-03-06,4649,587,222,2025-03-27,21,contested,won,2025-03-25,4,3,2,1,0.5791833333333334,4,2,0.6666666666666666,999,credit_card,0,0.0,0,,0.439483087883061,passed,0,1,0,0,,,travel_booking,travel_booking,medium,booking_service,0,0.5710213862054762,0,1,77,21.0,-280.3986111111111,1,0.47046529744659926,809,0.17401591740159175,1,CONTEST,1378.19,False
DSP000800,TXN0170621,M000225,,Visa,UNAUTHORIZED_TRANSACTION,Unauthorized Transaction,2025-02-25,4500,642,164,2025-03-18,21,contested,lost,2025-03-11,4,3,2,1,0.5612166666666667,4,2,0.6666666666666666,5999,netbanking,0,0.0,0,,0.3763678206101331,not_applicable,0,2,0,0,,,travel_booking,travel_booking,medium,booking_service,0,0.5710213862054762,0,1,77,21.0,41.83125,0,0.24337662337662339,806,0.1791111111111111,1,CONTEST,289.19,True
DSP000803,TXN0171400,M000226,CUS0061197,Visa,SERVICE_NOT_RENDERED,Service Not Rendered,2025-05-23,999,673,178,2025-06-04,12,contested,won,2025-06-16,3,4,2,2,0.3971666666666666,3,3,0.5,999,upi,1,2499.0,0,4.0,0.3244104150269129,not_applicable,1,1,0,0,,,fitness_membership,fitness_membership,medium,membership_service,1,0.5299352270327274,0,1,116,12.0,-32.71666666666667,1,0.10743103937795313,851,0.8518518518518519,0,ACCEPT,-743.68,False
DSP000806,TXN0171764,M000226,,Visa,RECURRING_BILLING_DISPUTE,Recurring Billing Dispute,2026-01-24,999,455,250,2026-02-07,14,contested,won,2026-02-22,5,5,4,1,0.7165666666666667,5,1,0.8,5999,credit_card,0,0.0,0,,0.3588836788050067,passed,0,1,1,0,,,fitness_membership,fitness_membership,medium,membership_service,1,0.5299352270327274,0,1,116,14.0,154.25416666666666,1,0.6167523989000634,705,0.7057057057057057,0,ACCEPT,-88.86,False
DSP000807,TXN0171230,M000226,CUS0061839,Mastercard,RECURRING_BILLING_DISPUTE,Recurring Billing Dispute,2025-07-06,5999,732,300,2025-07-17,11,contested,lost,2025-08-11,3,5,3,2,0.3705833333333333,3,3,0.6,2499,upi,1,5999.0,0,149.0,0.4402450421969329,not_applicable,1,1,0,0,,,fitness_membership,fitness_membership,medium,membership_service,1,0.5299352270327274,0,1,116,11.0,18.33333333333333,0,0.0,1032,0.17202867144524087,0,ACCEPT,-1032.0,False
DSP000808,TXN0171597,M000226,CUS0061225,Visa,RECURRING_BILLING_DISPUTE,Recurring Billing Dispute,2025-10-25,3999,522,156,2025-11-03,9,contested,lost,2025-11-23,2,5,2,3,0.2477,2,4,0.4,999,credit_card,0,0.0,0,,0.1395954922965093,passed,1,2,0,0,,,fitness_membership,fitness_membership,medium,membership_service,1,0.5299352270327274,0,1,116,9.0,113.29583333333332,0,0.0,678,0.1695423855963991,0,ACCEPT,-678.0,False
DSP000810,TXN0173637,M000226,CUS0061136,RuPay,RECURRING_BILLING_DISPUTE,Recurring Billing Dispute,2025-12-02,999,486,158,2025-12-20,18,contested,lost,2025-12-21,3,5,3,2,0.3421333333333333,3,3,0.6,1499,upi,2,2998.0,0,6.0,0.2095918854415156,not_applicable,1,1,0,0,,,fitness_membership,fitness_membership,medium,membership_service,1,0.5299352270327274,0,1,116,18.0,69.49513888888889,0,0.0,644,0.6446446446446447,0,ACCEPT,-644.0,False
DSP000811,TXN0172698,M000226,CUS0061231,Visa,MERCHANDISE_NOT_AS_DESCRIBED,Merchandise Not As Described,2025-03-04,5999,421,249,2025-03-13,9,contested,lost,2025-04-14,3,4,2,2,0.36405,3,3,0.5,14999,debit_card,1,1499.0,0,285.0,0.3376835307339284,passed,1,1,0,0,,,fitness_membership,fitness_membership,medium,membership_service,1,0.5299352270327274,0,1,116,9.0,-250.26527777777775,0,0.0,670,0.11168528088014669,0,ACCEPT,-670.0,False
DSP000812,TXN0171422,M000226,CUS0061524,Mastercard,CREDIT_NOT_PROCESSED,Credit Not Processed,2025-07-14,3999,429,256,2025-07-28,14,contested,lost,2025-08-14,2,4,1,3,0.2528166666666667,2,4,0.25,999,wallet,2,6498.0,0,131.0,0.4256503943765489,not_applicable,1,2,0,0,,,fitness_membership,fitness_membership,medium,membership_service,1,0.5299352270327274,0,1,116,14.0,-79.36111111111111,0,0.0,685,0.17129282320580144,0,ACCEPT,-685.0,True
DSP000814,TXN0171645,M000226,CUS0061559,Visa,SERVICE_NOT_RENDERED,Service Not Rendered,2025-06-14,999,487,189,2025-07-05,21,contested,lost,2025-07-08,2,4,1,3,0.2798833333333333,2,4,0.25,999,debit_card,4,9996.0,0,124.0,0.5735801113755424,passed,1,2,0,0,,,fitness_membership,fitness_membership,medium,membership_service,1,0.5299352270327274,0,1,116,21.0,-124.04166666666669,0,0.0,676,0.6766766766766766,0,ACCEPT,-676.0,False
DSP000816,TXN0172287,M000226,,Visa,RECURRING_BILLING_DISPUTE,Recurring Billing Dispute,2025-08-19,999,440,267,2025-09-04,16,contested,won,2025-09-07,4,5,4,1,0.5720333333333333,4,2,0.8,999,credit_card,1,999.0,0,197.0,0.2574394762467273,passed,1,5,1,0,,,fitness_membership,fitness_membership,medium,membership_service,1,0.5299352270327274,0,1,116,16.0,-60.92986111111111,1,0.3253318077803204,707,0.7077077077077077,0,ACCEPT,-381.99,True
DSP000818,TXN0171311,M000226,,RuPay,RECURRING_BILLING_DISPUTE,Recurring Billing Dispute,2025-02-04,2499,591,219,2025-02-14,10,contested,lost,2025-02-25,2,5,1,4,0.2543,2,4,0.2,2499,credit_card,0,0.0,0,,0.6062676304815647,passed,1,1,0,1,,,fitness_membership,fitness_membership,medium,membership_service,1,0.5299352270327274,0,1,116,10.0,-117.87916666666666,0,0.0,810,0.3241296518607443,0,ACCEPT,-810.0,True
DSP000820,TXN0172946,M000226,CUS0061840,Visa,RECURRING_BILLING_DISPUTE,Recurring Billing Dispute,2025-11-08,999,438,151,2025-11-22,14,contested,lost,2025-12-09,4,5,3,2,0.5480999999999999,4,2,0.6,1499,netbanking,0,0.0,0,,0.1117967446696933,not_applicable,1,2,0,0,,,fitness_membership,fitness_membership,medium,membership_service,1,0.5299352270327274,0,1,116,14.0,119.50416666666666,0,0.07007319056654919,589,0.5895895895895896,0,ACCEPT,-519.0,False
DSP000821,TXN0173318,M000226,CUS0061970,Visa,MERCHANDISE_NOT_AS_DESCRIBED,Merchandise Not As Described,2025-09-27,3999,658,271,2025-10-10,13,contested,lost,2025-10-21,3,4,2,2,0.37135,3,3,0.5,1499,credit_card,2,2998.0,0,157.0,0.1913631506892304,passed,1,1,0,0,,,fitness_membership,fitness_membership,medium,membership_service,1,0.5299352270327274,0,1,116,13.0,-93.63055555555556,0,0.0,929,0.23230807701925482,0,ACCEPT,-929.0,False
DSP000822,TXN0176032,M000227,CUS0062268,Visa,SERVICE_NOT_RENDERED,Service Not Rendered,2025-06-30,1499,683,247,2025-07-21,21,contested,won,2025-08-02,5,4,3,1,0.7549666666666667,5,1,0.75,10395,debit_card,0,0.0,0,,0.047699378922956,passed,1,2,0,0,,,fitness_membership,fitness_membership,medium,membership_service,1,0.6371874998871452,0,1,78,21.0,38.54097222222222,1,0.6004198618718742,930,0.6204136090727151,0,ACCEPT,-29.97,True
DSP000823,TXN0174119,M000227,,Visa,DUPLICATE_TRANSACTION,Duplicate Transaction,2026-02-05,1499,652,150,2026-02-13,8,contested,lost,2026-03-01,5,2,2,0,0.6609666666666666,5,1,1.0,2499,netbanking,0,0.0,0,,0.3069096104355164,not_applicable,0,4,0,1,,,fitness_membership,fitness_membership,medium,membership_service,1,0.6371874998871452,0,1,78,8.0,252.6298611111111,0,0.5570017381579289,802,0.5350233488992662,1,CONTEST,32.95,False
DSP000824,TXN0175700,M000227,,RuPay,DUPLICATE_TRANSACTION,Duplicate Transaction,2025-09-27,1499,646,214,2025-10-07,10,contested,lost,2025-10-26,5,2,2,0,0.7171500000000001,5,1,1.0,6699,credit_card,0,0.0,0,,0.1959803965504932,passed,1,1,0,0,,,fitness_membership,fitness_membership,medium,membership_service,1,0.6371874998871452,0,1,78,10.0,265.3118055555556,0,0.6138814003334128,860,0.5737158105403602,1,CONTEST,60.21,False
DSP000825,TXN0175311,M000227,,RuPay,RECURRING_BILLING_DISPUTE,Recurring Billing Dispute,2025-06-12,1499,621,283,2025-06-25,13,contested,lost,2025-07-03,4,5,3,2,0.5935333333333334,4,2,0.6,10899,credit_card,1,5399.0,0,12.0,0.1120776447870601,passed,1,3,0,0,,,fitness_membership,fitness_membership,medium,membership_service,1,0.6371874998871452,0,1,78,13.0,-145.3347222222222,0,0.07007319056654919,904,0.6030687124749833,0,ACCEPT,-798.96,False
DSP000829,TXN0174422,M000227,CUS0062525,Visa,RECURRING_BILLING_DISPUTE,Recurring Billing Dispute,2025-07-03,1499,695,221,2025-07-24,21,contested,won,2025-07-30,4,5,4,1,0.6030833333333333,4,2,0.8,1499,credit_card,0,0.0,0,,0.0318549381296474,passed,1,1,0,1,,,fitness_membership,fitness_membership,medium,membership_service,1,0.6371874998871452,0,1,78,21.0,79.10277777777777,1,0.4238405797101449,916,0.6110740493662442,0,ACCEPT,-280.66,False
DSP000830,TXN0174487,M000227,,Mastercard,CREDIT_NOT_PROCESSED,Credit Not Processed,2025-09-21,14999,547,230,2025-10-09,18,contested,lost,2025-10-24,3,4,2,2,0.4790833333333333,3,3,0.5,1499,upi,1,1499.0,0,260.0,0.2855275803714127,not_applicable,1,1,0,0,,,fitness_membership,fitness_membership,medium,membership_service,1,0.6371874998871452,0,1,78,18.0,-0.3416666666666667,0,0.0,777,0.051803453563570905,0,ACCEPT,-777.0,False
DSP000831,TXN0175577,M000227,,Visa,RECURRING_BILLING_DISPUTE,Recurring Billing Dispute,2025-05-10,5999,555,271,2025-05-28,18,contested,won,2025-06-02,5,5,4,1,0.6831166666666667,5,1,0.8,2199,upi,1,2845.0,0,182.0,0.1810662676197553,not_applicable,0,3,0,0,,,fitness_membership,fitness_membership,medium,membership_service,1,0.6371874998871452,0,1,78,18.0,-181.26805555555555,1,0.5917523989000633,826,0.13768961493582263,1,CONTEST,2723.92,False
DSP000833,TXN0174529,M000227,CUS0062081,Visa,RECURRING_BILLING_DISPUTE,Recurring Billing Dispute,2025-09-25,1499,683,270,2025-10-09,14,contested,lost,2025-10-28,2,5,2,3,0.3266666666666666,2,4,0.4,1499,upi,1,2499.0,0,24.0,0.1035571442469188,not_applicable,1,1,0,0,,,fitness_membership,fitness_membership,medium,membership_service,1,0.6371874998871452,0,1,78,14.0,234.91041666666663,0,0.0,953,0.6357571714476318,0,ACCEPT,-953.0,False
DSP000834,TXN0175471,M000227,CUS0062160,RuPay,MERCHANDISE_NOT_AS_DESCRIBED,Merchandise Not As Described,2025-04-20,1499,608,240,2025-04-27,7,contested,lost,2025-05-31,3,4,2,2,0.4309166666666666,3,3,0.5,5499,debit_card,0,0.0,0,,0.2742271893827278,passed,1,1,1,0,,,fitness_membership,fitness_membership,medium,membership_service,1,0.6371874998871452,0,1,78,7.0,-81.45208333333333,0,0.0,848,0.5657104736490994,0,ACCEPT,-848.0,False
DSP000835,TXN0176213,M000227,,Mastercard,DUPLICATE_TRANSACTION,Duplicate Transaction,2025-09-19,14999,729,231,2025-09-27,8,contested,won,2025-10-14,5,2,2,0,0.7114166666666667,5,1,1.0,19095,debit_card,0,0.0,0,,0.3170531107384896,passed,1,1,0,0,,,fitness_membership,fitness_membership,medium,membership_service,1,0.6371874998871452,0,1,78,8.0,139.04236111111112,1,0.6302139373616019,960,0.06400426695113008,1,CONTEST,8492.58,False
DSP000837,TXN0178385,M000228,CUS0063049,Visa,CREDIT_NOT_PROCESSED,Credit Not Processed,2025-10-06,13795,614,226,2025-10-22,16,contested,lost,2025-11-19,3,4,3,1,0.41025,3,3,0.75,10999,upi,0,0.0,0,,0.0968636672743479,not_applicable,1,2,0,1,,,travel_booking,travel_booking,medium,booking_service,0,0.7025343670511073,0,0,115,16.0,31.70347222222222,0,0.20290741516547967,840,0.06089162740123233,1,CONTEST,1959.11,False
DSP000838,TXN0179050,M000228,CUS0063714,Visa,MERCHANDISE_NOT_AS_DESCRIBED,Merchandise Not As Described,2025-12-14,8399,652,243,2025-12-21,7,contested,lost,2025-12-29,3,3,1,2,0.4239,3,3,0.3333333333333333,3749,netbanking,0,0.0,0,,0.2392260541514694,not_applicable,1,1,0,0,,,travel_booking,travel_booking,medium,booking_service,0,0.7025343670511073,0,0,115,7.0,43.895833333333336,0,0.015384615384615385,895,0.10656030479819026,0,ACCEPT,-765.78,False
DSP000839,TXN0177322,M000228,,Visa,UNAUTHORIZED_TRANSACTION,Unauthorized Transaction,2026-01-10,7600,731,257,2026-01-24,14,contested,lost,2026-02-17,3,3,1,2,0.3661,3,3,0.3333333333333333,27995,debit_card,0,0.0,0,,0.4265460917822766,passed,1,1,0,0,,,travel_booking,travel_booking,medium,booking_service,0,0.7025343670511073,0,0,115,14.0,318.15277777777777,0,0.03225806451612903,988,0.13,0,ACCEPT,-742.84,False
DSP000840,TXN0178624,M000228,CUS0063548,Visa,SERVICE_NOT_RENDERED,Service Not Rendered,2026-01-22,23999,640,245,2026-02-10,19,contested,lost,2026-02-24,4,3,2,1,0.6424166666666666,4,2,0.6666666666666666,6795,credit_card,0,0.0,0,,0.4128119649087748,passed,1,4,0,1,,,travel_booking,travel_booking,medium,booking_service,0,0.7025343670511073,0,0,115,19.0,380.93055555555554,0,0.3703318077803203,885,0.0368765365223551,1,CONTEST,8002.59,False
DSP000841,TXN0177740,M000228,CUS0063296,Mastercard,CREDIT_NOT_PROCESSED,Credit Not Processed,2025-08-21,17599,623,205,2025-09-03,13,contested,won,2025-09-10,4,4,3,1,0.5919,4,2,0.75,16599,debit_card,0,0.0,0,,0.3124436988275944,passed,1,1,0,0,,,travel_booking,travel_booking,medium,booking_service,0,0.7025343670511073,0,0,115,13.0,202.88680555555555,1,0.36578493148649915,828,0.04704812773453037,1,CONTEST,5609.45,False
DSP000842,TXN0178160,M000228,CUS0063771,Mastercard,SERVICE_NOT_RENDERED,Service Not Rendered,2025-09-10,5499,704,231,2025-09-20,10,contested,won,2025-10-24,4,3,2,1,0.5772333333333334,4,2,0.6666666666666666,3199,upi,0,0.0,0,,0.1930284039013734,not_applicable,0,1,0,0,,,travel_booking,travel_booking,medium,booking_service,0,0.7025343670511073,0,0,115,10.0,-37.38125,1,0.46996732026143795,935,0.17003091471176576,1,CONTEST,1649.35,False
DSP000843,TXN0177333,M000228,CUS0063568,Visa,MERCHANDISE_NOT_AS_DESCRIBED,Merchandise Not As Described,2025-06-08,9099,711,300,2025-06-18,10,contested,won,2025-07-10,6,3,3,0,0.9154166666666668,6,0,1.0,11599,upi,0,0.0,0,,0.3419691262829522,not_applicable,1,1,0,0,,,travel_booking,travel_booking,medium,booking_service,0,0.7025343670511073,0,0,115,10.0,36.94513888888889,1,0.6167523989000634,1011,0.1111111111111111,1,CONTEST,4600.83,True
DSP000844,TXN0179687,M000229,CUS0064894,Mastercard,SERVICE_NOT_RENDERED,Service Not Rendered,2025-05-25,26499,400,167,2025-06-11,17,contested,won,2025-06-15,6,3,3,0,0.8669333333333333,6,0,1.0,7499,netbanking,0,0.0,0,,0.1152150139628761,not_applicable,1,1,0,0,,,travel_booking,travel_booking,medium,booking_service,0,0.7156408861529122,0,0,91,17.0,139.06041666666667,1,0.8301756866076733,567,0.021397033850333976,1,CONTEST,21431.83,False
DSP000845,TXN0180777,M000229,CUS0064123,RuPay,SERVICE_NOT_RENDERED,Service Not Rendered,2025-08-12,7195,443,263,2025-09-02,21,contested,lost,2025-09-18,1,3,0,3,0.1633333333333333,1,5,0.0,1499,wallet,3,9497.0,0,48.0,0.2661068809797318,not_applicable,1,1,0,0,,,travel_booking,travel_booking,medium,booking_service,0,0.7156408861529122,0,0,91,21.0,-123.8,0,0.03225806451612903,706,0.09812369701181375,0,ACCEPT,-473.9,False
DSP000846,TXN0180343,M000229,CUS0064864,Mastercard,CREDIT_NOT_PROCESSED,Credit Not Processed,2025-09-17,19799,744,277,2025-09-28,11,contested,won,2025-10-12,6,4,4,0,0.9250333333333334,6,0,1.0,6699,debit_card,0,0.0,0,,0.0663044082088898,passed,0,1,0,0,,,travel_booking,travel_booking,medium,booking_service,0,0.7156408861529122,0,0,91,11.0,169.16805555555555,1,0.868091311597953,1021,0.051568261023284004,1,CONTEST,16166.34,False
DSP000847,TXN0179701,M000229,CUS0064858,Visa,SERVICE_NOT_RENDERED,Service Not Rendered,2025-03-19,8799,478,150,2025-03-29,10,contested,won,2025-04-03,5,3,3,0,0.7622166666666667,5,1,1.0,24999,debit_card,1,9099.0,0,41.0,0.1692302755010301,passed,1,1,0,0,,,travel_booking,travel_booking,medium,booking_service,0,0.7156408861529122,0,0,91,10.0,-6.263194444444444,1,0.717267443627632,628,0.07137174678940789,1,CONTEST,5683.24,False
DSP000848,TXN0180198,M000229,CUS0064615,Visa,MERCHANDISE_NOT_AS_DESCRIBED,Merchandise Not As Described,2026-02-08,19999,412,279,2026-03-01,21,contested,lost,2026-03-13,4,3,2,1,0.6335666666666667,4,2,0.6666666666666666,8099,credit_card,2,27698.0,0,61.0,0.2901224984612681,passed,1,1,0,0,,,travel_booking,travel_booking,medium,booking_service,0,0.7156408861529122,0,0,91,21.0,260.53541666666666,0,0.2749022598068699,691,0.03455172758637932,1,CONTEST,4806.77,False
DSP000856,TXN0182257,M000230,CUS0065031,Visa,RECURRING_BILLING_DISPUTE,Recurring Billing Dispute,2025-05-09,1499,709,293,2025-05-28,19,contested,lost,2025-06-01,4,5,3,2,0.6165999999999999,4,2,0.6,4999,credit_card,0,0.0,0,,0.4292311553067824,passed,0,1,0,1,,,subscription_edtech,subscription_edtech,medium,digital_service,1,0.6761215261884613,0,1,41,19.0,-18.6375,0,0.24337662337662339,1002,0.6684456304202802,0,ACCEPT,-637.18,True
DSP000858,TXN0182968,M000230,CUS0065861,Visa,SERVICE_NOT_RENDERED,Service Not Rendered,2025-06-06,2999,467,187,2025-06-19,13,contested,won,2025-07-03,5,4,3,1,0.7286333333333334,5,1,0.75,999,debit_card,0,0.0,0,,0.1967897990635894,passed,1,1,0,0,,,subscription_edtech,subscription_edtech,medium,digital_service,1,0.6761215261884613,0,1,41,13.0,-26.290277777777774,1,0.6137766497714037,654,0.21807269089696565,1,CONTEST,1186.72,False
DSP000859,TXN0182708,M000230,,Visa,UNAUTHORIZED_TRANSACTION,Unauthorized Transaction,2025-06-30,2999,717,281,2025-07-10,10,contested,lost,2025-07-29,6,4,4,0,0.9141166666666668,6,0,1.0,999,wallet,2,2498.0,0,14.0,0.2688633057506332,not_applicable,1,1,0,0,,,subscription_edtech,subscription_edtech,medium,digital_service,1,0.6761215261884613,0,1,41,10.0,-71.14583333333333,0,0.6138814003334128,998,0.3327775925308436,1,CONTEST,843.03,False
DSP000860,TXN0182667,M000230,CUS0065443,Mastercard,RECURRING_BILLING_DISPUTE,Recurring Billing Dispute,2026-01-14,1499,654,155,2026-01-22,8,contested,lost,2026-02-16,3,5,3,2,0.49,3,3,0.6,2999,credit_card,1,999.0,0,161.0,0.2140680596072465,passed,1,2,0,1,,,subscription_edtech,subscription_edtech,medium,digital_service,1,0.6761215261884613,0,1,41,8.0,104.61458333333331,0,0.05578747628083491,809,0.5396931287525016,0,ACCEPT,-725.37,False
DSP000861,TXN0184309,M000230,,Visa,SERVICE_NOT_RENDERED,Service Not Rendered,2025-08-21,2999,613,154,2025-08-28,7,contested,won,2025-09-18,5,4,4,0,0.7053166666666666,5,1,1.0,14999,credit_card,0,0.0,0,,0.1173045356544688,passed,1,2,0,0,,,subscription_edtech,subscription_edtech,medium,digital_service,1,0.6761215261884613,0,1,41,7.0,74.55972222222222,1,0.8411007823403726,767,0.2557519173057686,1,CONTEST,1755.46,True
DSP000862,TXN0182772,M000230,CUS0065761,Visa,SERVICE_NOT_RENDERED,Service Not Rendered,2025-03-23,2999,630,239,2025-04-04,12,contested,lost,2025-05-06,4,4,2,2,0.5486166666666666,4,2,0.5,999,debit_card,2,3998.0,0,104.0,0.4597905991724511,passed,1,2,0,0,,,subscription_edtech,subscription_edtech,medium,digital_service,1,0.6761215261884613,0,1,41,12.0,-146.44027777777777,0,0.13242551678563658,869,0.2897632544181394,0,ACCEPT,-471.86,False
DSP000863,TXN0183874,M000230,,RuPay,RECURRING_BILLING_DISPUTE,Recurring Billing Dispute,2025-04-08,2999,554,231,2025-04-21,13,contested,lost,2025-04-24,4,5,4,1,0.5667,4,2,0.8,14999,credit_card,0,0.0,0,,0.2220615455639454,passed,1,1,0,0,,,subscription_edtech,subscription_edtech,medium,digital_service,1,0.6761215261884613,0,1,41,13.0,78.34652777777778,0,0.47888888888888886,785,0.26175391797265757,1,CONTEST,651.19,False
DSP000864,TXN0183358,M000230,CUS0065849,Mastercard,CREDIT_NOT_PROCESSED,Credit Not Processed,2025-03-26,1499,625,223,2025-04-05,10,contested,lost,2025-04-30,4,4,3,1,0.5394333333333333,4,2,0.75,999,upi,0,0.0,0,,0.3817879053894135,not_applicable,1,1,0,0,,,subscription_edtech,subscription_edtech,medium,digital_service,1,0.6761215261884613,0,1,41,10.0,-83.52708333333334,0,0.34588516746411485,848,0.5657104736490994,0,ACCEPT,-329.52,False
DSP000865,TXN0182319,M000230,,RuPay,SERVICE_NOT_RENDERED,Service Not Rendered,2025-03-31,4999,729,287,2025-04-10,10,contested,won,2025-04-23,5,4,4,0,0.7184333333333334,5,1,1.0,2999,upi,0,0.0,0,,0.159215562127819,not_applicable,1,2,0,0,,,subscription_edtech,subscription_edtech,medium,digital_service,1,0.6761215261884613,0,1,41,10.0,-150.75,1,0.9206627401693815,1016,0.20324064812962592,1,CONTEST,3586.39,False
DSP000866,TXN0182537,M000230,,Mastercard,UNAUTHORIZED_TRANSACTION,Unauthorized Transaction,2025-09-16,2999,506,247,2025-10-04,18,contested,lost,2025-10-16,3,4,1,3,0.3942666666666666,3,3,0.25,999,debit_card,1,4999.0,0,225.0,0.3371138966194139,passed,1,1,0,0,,,subscription_edtech,subscription_edtech,medium,digital_service,1,0.6761215261884613,0,1,41,18.0,30.572916666666668,0,0.0,753,0.25108369456485496,0,ACCEPT,-753.0,False
DSP000868,TXN0186375,M000231,CUS0066633,Mastercard,RECURRING_BILLING_DISPUTE,Recurring Billing Dispute,2025-12-20,999,593,275,2026-01-08,19,contested,lost,2026-01-10,2,5,2,3,0.3228166666666667,2,4,0.4,1249,upi,0,0.0,0,,0.4275670352719516,not_applicable,1,1,0,0,delivered,1.0,subscription_edtech,subscription_edtech,medium,digital_service,1,0.6619964776450087,0,1,25,19.0,236.0458333333333,0,0.0031919975022292367,868,0.8688688688688688,0,ACCEPT,-864.81,True
DSP000869,TXN0186190,M000231,,Visa,RECURRING_BILLING_DISPUTE,Recurring Billing Dispute,2025-10-18,999,452,271,2025-11-05,18,contested,won,2025-11-25,5,5,4,1,0.7767166666666666,5,1,0.8,1149,upi,0,0.0,0,,0.5977947003544399,not_applicable,1,1,0,0,delivered,1.0,subscription_edtech,subscription_edtech,medium,digital_service,1,0.6619964776450087,0,1,25,18.0,145.24583333333334,1,0.8139460362796825,723,0.7237237237237237,1,CONTEST,90.13,False
DSP000870,TXN0184821,M000231,CUS0066451,Mastercard,UNAUTHORIZED_TRANSACTION,Unauthorized Transaction,2025-12-24,4999,593,190,2026-01-04,11,contested,lost,2026-01-25,5,4,3,1,0.7077,5,1,0.75,4999,credit_card,1,999.0,0,39.0,0.3415791768412957,passed,1,1,0,0,,,subscription_edtech,subscription_edtech,medium,digital_service,1,0.6619964776450087,0,1,25,11.0,283.3618055555556,0,0.24337662337662339,783,0.15663132626525306,1,CONTEST,433.64,False
DSP000871,TXN0184659,M000231,,Visa,RECURRING_BILLING_DISPUTE,Recurring Billing Dispute,2025-05-07,4999,705,181,2025-05-19,12,contested,lost,2025-05-30,2,5,2,3,0.2501666666666666,2,4,0.4,999,debit_card,2,1998.0,0,13.0,0.1103685868498616,passed,1,1,1,0,,,subscription_edtech,subscription_edtech,medium,digital_service,1,0.6619964776450087,0,1,25,12.0,24.525,0,0.0,886,0.17723544708941788,0,ACCEPT,-886.0,True
DSP000873,TXN0185129,M000231,CUS0066407,Visa,CREDIT_NOT_PROCESSED,Credit Not Processed,2025-04-10,999,497,217,2025-04-22,12,contested,won,2025-05-19,4,4,3,1,0.5087833333333334,4,2,0.75,14999,upi,0,0.0,0,,0.1421820084704041,not_applicable,1,2,0,0,,,subscription_edtech,subscription_edtech,medium,digital_service,1,0.6619964776450087,0,1,25,12.0,-248.72291666666663,1,0.45256965944272454,714,0.7147147147147147,0,ACCEPT,-261.88,False
DSP000875,TXN0186008,M000231,CUS0066707,Visa,CREDIT_NOT_PROCESSED,Credit Not Processed,2025-10-05,999,438,296,2025-10-13,8,contested,lost,2025-10-28,4,4,2,2,0.6063999999999999,4,2,0.5,1499,credit_card,4,39096.0,0,13.0,0.4979600803415879,not_applicable,1,1,0,0,delivered,1.0,subscription_edtech,subscription_edtech,medium,digital_service,1,0.6619964776450087,0,1,25,8.0,59.16319444444444,0,0.12476190476190477,734,0.7347347347347347,0,ACCEPT,-609.36,False
DSP000876,TXN0185763,M000231,CUS0066150,Visa,UNAUTHORIZED_TRANSACTION,Unauthorized Transaction,2025-04-12,999,421,246,2025-04-19,7,contested,lost,2025-05-21,4,4,2,2,0.6035499999999999,4,2,0.5,4999,debit_card,0,0.0,0,,0.164821625723459,passed,0,1,0,1,,,subscription_edtech,subscription_edtech,medium,digital_service,1,0.6619964776450087,0,1,25,7.0,-30.24513888888889,0,0.05578747628083491,667,0.6676676676676677,0,ACCEPT,-611.27,False
DSP000877,TXN0186009,M000231,CUS0066590,Visa,CREDIT_NOT_PROCESSED,Credit Not Processed,2025-06-02,999,418,223,2025-06-21,19,contested,lost,2025-07-08,4,4,2,2,0.62485,4,2,0.5,3645,debit_card,0,0.0,0,,0.3490172238614173,passed,1,3,0,0,delivered,1.0,subscription_edtech,subscription_edtech,medium,digital_service,1,0.6619964776450087,0,1,25,19.0,109.12847222222224,0,0.1611255411255411,641,0.6416416416416416,0,ACCEPT,-480.04,False
DSP000881,TXN0188114,M000232,CUS0067083,Mastercard,MERCHANDISE_NOT_AS_DESCRIBED,Merchandise Not As Described,2025-05-12,2249,479,218,2025-06-02,21,contested,lost,2025-06-10,5,3,2,1,0.8021666666666666,5,1,0.6666666666666666,6699,upi,0,0.0,0,,0.1981116230206442,not_applicable,1,1,0,1,rto,0.0,d2c_brand,d2c_brand,medium,physical_delivery,0,0.8595021671361506,1,1,21,21.0,121.76666666666668,0,0.4926596279537456,697,0.30991551800800354,1,CONTEST,410.99,True
DSP000882,TXN0187418,M000232,,Visa,MERCHANDISE_NOT_AS_DESCRIBED,Merchandise Not As Described,2025-03-27,1550,426,277,2025-04-04,8,contested,won,2025-04-10,6,3,3,0,0.9242333333333334,6,0,1.0,2699,upi,0,0.0,0,,0.0862744589655999,not_applicable,1,2,0,0,rto,0.0,d2c_brand,d2c_brand,medium,physical_delivery,0,0.8595021671361506,1,1,21,8.0,-166.81805555555556,1,0.797375486949331,703,0.4535483870967742,1,CONTEST,532.93,True
DSP000883,TXN0187208,M000232,CUS0067339,Visa,UNAUTHORIZED_TRANSACTION,Unauthorized Transaction,2025-11-05,795,405,298,2025-11-14,9,contested,lost,2025-11-23,6,4,4,0,0.9788166666666666,6,0,1.0,17199,upi,2,16098.0,0,2.0,0.1701565554810449,not_applicable,1,3,0,0,in_transit,0.0,d2c_brand,d2c_brand,medium,physical_delivery,0,0.8595021671361506,1,1,21,9.0,136.1159722222222,0,0.4366809004058754,703,0.8842767295597485,0,ACCEPT,-355.84,False
DSP000884,TXN0187392,M000232,CUS0067152,Visa,MERCHANDISE_NOT_AS_DESCRIBED,Merchandise Not As Described,2025-08-07,2250,433,183,2025-08-15,8,contested,lost,2025-08-24,6,3,3,0,0.98,6,0,1.0,1445,upi,0,0.0,0,,0.1966905028728004,not_applicable,1,1,0,0,delivered,0.0,d2c_brand,d2c_brand,medium,physical_delivery,0,0.8595021671361506,1,1,21,8.0,49.7375,0,0.7070240274392356,616,0.2737777777777778,1,CONTEST,974.8,True
DSP000885,TXN0188954,M000232,,Mastercard,MERCHANDISE_NOT_RECEIVED,Merchandise Not Received,2025-06-27,1849,643,230,2025-07-09,12,contested,lost,2025-07-28,5,4,3,1,0.7771166666666667,5,1,0.75,4799,credit_card,0,0.0,0,,0.1911753778583911,passed,1,2,1,0,,,d2c_brand,d2c_brand,medium,physical_delivery,0,0.8595021671361506,1,1,21,12.0,41.30763888888889,0,0.4664585483316134,873,0.4721471065440779,0,ACCEPT,-10.52,False
DSP000886,TXN0189338,M000232,,Visa,MERCHANDISE_NOT_AS_DESCRIBED,Merchandise Not As Described,2025-03-06,699,507,297,2025-03-23,17,contested,won,2025-03-26,6,3,3,0,0.9053833333333332,6,0,1.0,4645,debit_card,0,0.0,0,,0.2878755635897751,not_applicable,1,4,0,0,,,d2c_brand,d2c_brand,medium,physical_delivery,0,0.8595021671361506,1,1,21,17.0,-194.56319444444443,1,0.8972706109127486,804,1.0,0,ACCEPT,-176.81,False
DSP000887,TXN0188580,M000232,CUS0067210,Mastercard,MERCHANDISE_NOT_AS_DESCRIBED,Merchandise Not As Described,2025-04-02,650,570,241,2025-04-19,17,contested,won,2025-05-08,6,3,3,0,0.9440166666666666,6,0,1.0,649,upi,1,499.0,0,7.0,0.2387101010989867,not_applicable,1,1,0,0,delivered,1.0,d2c_brand,d2c_brand,medium,physical_delivery,0,0.8595021671361506,1,1,21,17.0,59.09097222222222,1,0.7681940917074548,811,1.0,0,ACCEPT,-311.67,False
DSP000888,TXN0189464,M000232,CUS0066996,Visa,MERCHANDISE_NOT_AS_DESCRIBED,Merchandise Not As Described,2026-01-02,1250,461,238,2026-01-14,12,contested,lost,2026-02-14,5,3,3,0,0.7863333333333333,5,1,1.0,8895,upi,4,55192.0,0,4.0,0.5555093127561708,not_applicable,0,1,0,0,,,d2c_brand,d2c_brand,medium,physical_delivery,0,0.8595021671361506,1,1,21,12.0,172.3375,0,0.6070132684652808,699,0.5592,1,CONTEST,59.77,False
DSP000890,TXN0189028,M000232,CUS0067023,Visa,UNAUTHORIZED_TRANSACTION,Unauthorized Transaction,2025-05-29,1000,410,160,2025-06-16,18,contested,lost,2025-07-08,6,4,4,0,0.9272333333333332,6,0,1.0,7499,upi,3,21393.0,0,0.0,0.1688187420687107,not_applicable,1,2,0,0,,,d2c_brand,d2c_brand,medium,physical_delivery,0,0.8595021671361506,1,1,21,18.0,-191.27013888888888,0,0.45153288740245257,570,0.57,0,ACCEPT,-118.47,False
DSP000891,TXN0190745,M000233,CUS0068686,Visa,SERVICE_NOT_RENDERED,Service Not Rendered,2025-07-31,28500,518,207,2025-08-20,20,contested,lost,2025-09-01,4,3,2,1,0.61935,4,2,0.6666666666666666,2745,upi,0,0.0,0,,0.2166158606664344,not_applicable,1,2,0,0,,,travel_booking,travel_booking,medium,booking_service,0,0.6748671802366102,0,1,19,20.0,139.9375,0,0.25320118478013215,725,0.02543859649122807,1,CONTEST,6491.23,False
DSP000892,TXN0191895,M000233,CUS0067860,Mastercard,SERVICE_NOT_RENDERED,Service Not Rendered,2025-08-28,5695,648,273,2025-09-15,18,contested,lost,2025-09-26,3,3,2,1,0.4349166666666666,3,3,0.6666666666666666,2999,credit_card,3,1197.0,0,22.0,0.1120316831619629,passed,0,2,0,0,,,travel_booking,travel_booking,medium,booking_service,0,0.6748671802366102,0,1,19,18.0,-83.29791666666667,0,0.2198310538322661,921,0.1617208077260755,1,CONTEST,330.94,False
DSP000894,TXN0190534,M000233,CUS0068119,Visa,CREDIT_NOT_PROCESSED,Credit Not Processed,2025-11-19,4100,441,154,2025-12-03,14,contested,won,2025-12-18,5,4,3,1,0.7699333333333334,5,1,0.75,1299,credit_card,3,11747.0,0,53.0,0.242734987677493,passed,0,2,0,0,,,travel_booking,travel_booking,medium,booking_service,0,0.6748671802366102,0,1,19,14.0,102.31319444444443,1,0.4560784313725491,595,0.14512195121951219,1,CONTEST,1274.92,True
DSP000895,TXN0191599,M000233,CUS0068187,Visa,UNAUTHORIZED_TRANSACTION,Unauthorized Transaction,2025-09-10,8599,715,243,2025-09-18,8,contested,lost,2025-10-10,4,3,2,1,0.5978333333333333,4,2,0.6666666666666666,399,debit_card,1,4999.0,0,29.0,0.402203043739777,passed,1,1,0,0,,,travel_booking,travel_booking,medium,booking_service,0,0.6748671802366102,0,1,19,8.0,98.72708333333334,0,0.07007319056654919,958,0.11140830329108035,0,ACCEPT,-355.44,False
DSP000896,TXN0191578,M000233,CUS0068187,Mastercard,SERVICE_NOT_RENDERED,Service Not Rendered,2026-02-13,7400,411,253,2026-03-04,19,contested,won,2026-03-23,5,3,3,0,0.7332666666666666,5,1,1.0,2999,upi,1,399.0,0,247.0,0.1221919092305047,not_applicable,1,2,1,0,,,travel_booking,travel_booking,medium,booking_service,0,0.6748671802366102,0,1,19,19.0,68.77569444444444,1,0.5874666846143491,664,0.08972972972972973,1,CONTEST,3683.25,False
DSP000897,TXN0190418,M000233,CUS0068541,Visa,SERVICE_NOT_RENDERED,Service Not Rendered,2025-09-15,6600,728,226,2025-09-24,9,contested,lost,2025-10-19,5,3,2,1,0.6733666666666668,5,1,0.6666666666666666,5099,debit_card,0,0.0,0,,0.0431497166148979,passed,1,3,1,0,,,travel_booking,travel_booking,medium,booking_service,0,0.6748671802366102,0,1,19,9.0,65.5,0,0.269011461459974,954,0.14454545454545453,1,CONTEST,821.48,False
DSP000898,TXN0192885,M000234,,Visa,RECURRING_BILLING_DISPUTE,Recurring Billing Dispute,2025-06-07,2999,400,154,2025-06-21,14,contested,won,2025-06-21,6,5,5,0,0.9285,6,0,1.0,4999,credit_card,0,0.0,0,,0.2242086890225137,passed,1,1,0,1,,,saas_tools,saas_tools,medium,digital_service,1,0.818518164646182,0,1,39,14.0,-110.05208333333331,1,0.9903902840236449,554,0.18472824274758254,1,CONTEST,2416.18,False
DSP000899,TXN0193634,M000234,CUS0068771,Visa,RECURRING_BILLING_DISPUTE,Recurring Billing Dispute,2025-01-21,399,454,273,2025-02-05,15,contested,won,2025-02-23,5,5,4,1,0.7943000000000001,5,1,0.8,2999,debit_card,2,5398.0,0,27.0,0.346743695482853,passed,0,1,0,0,,,saas_tools,saas_tools,medium,digital_service,1,0.818518164646182,0,1,39,15.0,-211.1027777777778,1,0.8416219137485644,727,1.0,0,ACCEPT,-391.19,True
DSP000901,TXN0194782,M000234,CUS0069187,Visa,CREDIT_NOT_PROCESSED,Credit Not Processed,2025-04-22,399,551,246,2025-05-09,17,contested,won,2025-05-19,6,4,4,0,0.92415,6,0,1.0,1849,debit_card,0,0.0,0,,0.2777014489534696,passed,0,1,0,0,,,saas_tools,saas_tools,medium,digital_service,1,0.818518164646182,0,1,39,17.0,-54.93680555555556,1,0.9564502164502166,797,1.0,0,ACCEPT,-415.38,False
DSP000902,TXN0193046,M000234,CUS0069481,RuPay,DUPLICATE_TRANSACTION,Duplicate Transaction,2025-05-09,19999,545,217,2025-05-26,17,contested,won,2025-06-09,4,2,2,0,0.6318,4,2,1.0,399,upi,2,20398.0,0,13.0,0.4715958851922438,not_applicable,1,1,0,0,,,saas_tools,saas_tools,medium,digital_service,1,0.818518164646182,0,1,39,17.0,-42.675,1,0.7757505934925153,762,0.03810190509525476,1,CONTEST,14752.24,False
DSP000904,TXN0193678,M000234,CUS0069077,Mastercard,UNAUTHORIZED_TRANSACTION,Unauthorized Transaction,2025-05-26,399,565,227,2025-06-11,16,contested,won,2025-06-24,5,4,4,0,0.7870833333333334,5,1,1.0,19999,upi,0,0.0,0,,0.2653936469235308,not_applicable,1,1,0,0,,,saas_tools,saas_tools,medium,digital_service,1,0.818518164646182,0,1,39,16.0,129.39444444444445,1,0.6070132684652808,792,1.0,0,ACCEPT,-549.8,True
DSP000905,TXN0194979,M000234,CUS0069135,Mastercard,SERVICE_NOT_RENDERED,Service Not Rendered,2025-10-21,4999,738,222,2025-11-04,14,contested,won,2025-11-30,5,4,3,1,0.7491333333333333,5,1,0.75,6199,credit_card,2,15390.0,0,49.0,0.4333428920422905,passed,1,1,0,0,,,saas_tools,saas_tools,medium,digital_service,1,0.818518164646182,0,1,39,14.0,-47.72986111111111,1,0.6548392528853026,960,0.1920384076815363,1,CONTEST,2313.54,False
DSP000907,TXN0193194,M000234,CUS0069100,Visa,RECURRING_BILLING_DISPUTE,Recurring Billing Dispute,2026-03-04,4999,665,211,2026-03-13,9,contested,won,2026-03-25,4,5,4,1,0.6322166666666666,4,2,0.8,2999,upi,0,0.0,0,,0.0649687679105231,not_applicable,1,1,0,0,,,saas_tools,saas_tools,medium,digital_service,1,0.818518164646182,0,1,39,9.0,289.29375,1,0.6945829532786054,876,0.17523504700940187,1,CONTEST,2596.22,False
DSP000909,TXN0193466,M000234,CUS0069650,Mastercard,CREDIT_NOT_PROCESSED,Credit Not Processed,2026-01-01,399,534,183,2026-01-19,18,contested,won,2026-01-28,6,4,4,0,0.9274166666666668,6,0,1.0,399,upi,0,0.0,0,,0.1808884933056343,not_applicable,1,1,0,1,,,saas_tools,saas_tools,medium,digital_service,1,0.818518164646182,0,1,39,18.0,237.19722222222225,1,0.9969880620847562,717,1.0,0,ACCEPT,-319.2,False
DSP000912,TXN0197794,M000235,CUS0070526,Visa,CREDIT_NOT_PROCESSED,Credit Not Processed,2025-12-21,7199,437,237,2026-01-05,15,contested,lost,2026-01-14,2,4,1,3,0.3043333333333333,2,4,0.25,4999,debit_card,0,0.0,0,,0.1383329657773572,passed,1,1,0,0,,,travel_booking,travel_booking,medium,booking_service,0,0.5475995034695811,0,1,96,15.0,129.20416666666668,0,0.0,674,0.09362411446034172,0,ACCEPT,-674.0,False
DSP000915,TXN0197642,M000235,CUS0070409,Visa,SERVICE_NOT_RENDERED,Service Not Rendered,2025-02-25,3449,603,260,2025-03-12,15,contested,won,2025-03-18,4,3,2,1,0.5374333333333333,4,2,0.6666666666666666,399,upi,0,0.0,0,,0.0907317129322541,not_applicable,1,1,0,0,,,travel_booking,travel_booking,medium,booking_service,0,0.5475995034695811,0,1,96,15.0,-122.10972222222222,1,0.4396319426594588,863,0.25021745433458975,1,CONTEST,653.29,False
DSP000916,TXN0195579,M000235,,Visa,MERCHANDISE_NOT_AS_DESCRIBED,Merchandise Not As Described,2025-07-31,5400,683,263,2025-08-11,11,contested,lost,2025-09-12,4,3,2,1,0.4509333333333333,4,2,0.6666666666666666,5195,credit_card,1,13999.0,0,155.0,0.1153393254722891,passed,1,2,0,0,,,travel_booking,travel_booking,medium,booking_service,0,0.5475995034695811,0,1,96,11.0,-148.6125,0,0.24336109067181014,946,0.1751851851851852,1,CONTEST,368.15,False
DSP000918,TXN0196546,M000235,,Visa,CREDIT_NOT_PROCESSED,Credit Not Processed,2025-09-16,6895,578,206,2025-10-01,15,contested,lost,2025-10-07,4,4,2,2,0.5898666666666667,4,2,0.5,8095,netbanking,1,4799.0,0,94.0,0.3199357689758726,not_applicable,1,1,0,0,,,travel_booking,travel_booking,medium,booking_service,0,0.5475995034695811,0,1,96,15.0,81.8625,0,0.07007319056654919,784,0.11370558375634518,0,ACCEPT,-300.85,False
DSP000920,TXN0197695,M000235,CUS0070406,Mastercard,CREDIT_NOT_PROCESSED,Credit Not Processed,2025-09-29,23995,668,156,2025-10-17,18,contested,lost,2025-10-17,4,4,3,1,0.4085333333333333,4,2,0.75,399,debit_card,1,1499.0,0,177.0,0.2861720007055559,passed,1,1,0,0,,,travel_booking,travel_booking,medium,booking_service,0,0.5475995034695811,0,1,96,18.0,16.70347222222222,0,0.24360248447204969,824,0.03434048760158366,1,CONTEST,5021.24,False
DSP000921,TXN0200090,M000236,CUS0071221,RuPay,RECURRING_BILLING_DISPUTE,Recurring Billing Dispute,2026-01-09,399,602,211,2026-01-19,10,contested,won,2026-02-06,5,5,5,0,0.7986166666666666,5,1,1.0,399,upi,0,0.0,0,,0.590655523176869,not_applicable,1,1,0,0,,,saas_tools,saas_tools,medium,digital_service,1,0.9126906514458172,0,1,64,10.0,289.39930555555554,1,0.967878787878788,813,1.0,0,ACCEPT,-426.82,False
DSP000925,TXN0200116,M000236,CUS0071415,RuPay,UNAUTHORIZED_TRANSACTION,Unauthorized Transaction,2025-03-25,1499,611,200,2025-04-13,19,contested,lost,2025-05-03,6,4,4,0,0.9594833333333334,6,0,1.0,399,debit_card,0,0.0,0,,0.0485197293005638,passed,1,1,0,0,,,saas_tools,saas_tools,medium,digital_service,1,0.9126906514458172,0,1,64,19.0,-27.572916666666668,0,0.5093072771379823,811,0.5410273515677118,0,ACCEPT,-47.55,False
DSP000929,TXN0199096,M000236,CUS0071113,Visa,CREDIT_NOT_PROCESSED,Credit Not Processed,2025-08-16,399,424,196,2025-08-28,12,contested,won,2025-09-30,5,4,3,1,0.8127,5,1,0.75,4999,upi,0,0.0,0,,0.0718458296342867,not_applicable,1,1,0,0,,,saas_tools,saas_tools,medium,digital_service,1,0.9126906514458172,0,1,64,12.0,199.35625,1,0.7837698359721295,620,1.0,0,ACCEPT,-307.28,False
DSP000930,TXN0197856,M000236,CUS0070862,Visa,UNAUTHORIZED_TRANSACTION,Unauthorized Transaction,2025-10-16,4999,402,194,2025-10-29,13,contested,lost,2025-11-02,6,4,4,0,0.9668,6,0,1.0,1499,debit_card,0,0.0,0,,0.3222077588772591,passed,1,2,0,0,,,saas_tools,saas_tools,medium,digital_service,1,0.9126906514458172,0,1,64,13.0,173.5888888888889,0,0.5016666666666667,596,0.11922384476895379,1,CONTEST,1911.83,False
DSP000932,TXN0199294,M000236,,Visa,UNAUTHORIZED_TRANSACTION,Unauthorized Transaction,2025-08-27,399,600,252,2025-09-08,12,contested,lost,2025-09-18,6,4,4,0,0.9513666666666666,6,0,1.0,399,upi,0,0.0,0,,0.2183989627595637,not_applicable,1,1,0,0,,,saas_tools,saas_tools,medium,digital_service,1,0.9126906514458172,0,1,64,12.0,67.4125,0,0.5684198618718742,852,1.0,0,ACCEPT,-625.2,False
DSP000933,TXN0199413,M000236,,Visa,UNAUTHORIZED_TRANSACTION,Unauthorized Transaction,2025-03-12,1499,570,299,2025-03-31,19,contested,won,2025-04-19,6,4,4,0,0.9332166666666666,6,0,1.0,399,upi,0,0.0,0,,0.5748659186764048,not_applicable,1,1,0,0,,,saas_tools,saas_tools,medium,digital_service,1,0.9126906514458172,0,1,64,19.0,-74.13472222222222,1,0.6204748069268193,869,0.5797198132088058,1,CONTEST,61.09,True
DSP000935,TXN0198956,M000236,CUS0070902,Visa,UNAUTHORIZED_TRANSACTION,Unauthorized Transaction,2025-10-10,399,678,270,2025-10-27,17,contested,won,2025-11-10,6,4,4,0,0.98,6,0,1.0,4999,debit_card,0,0.0,0,,0.1162258560258836,passed,1,2,0,0,,,saas_tools,saas_tools,medium,digital_service,1,0.9126906514458172,0,1,64,17.0,124.94722222222222,1,0.5684198618718742,948,1.0,0,ACCEPT,-721.2,True
DSP000937,TXN0198741,M000236,CUS0071564,Visa,CREDIT_NOT_PROCESSED,Credit Not Processed,2025-05-26,399,489,252,2025-06-15,20,contested,lost,2025-07-02,4,4,3,1,0.6334833333333333,4,2,0.75,399,credit_card,0,0.0,0,,0.4092015734142523,passed,1,1,0,0,,,saas_tools,saas_tools,medium,digital_service,1,0.9126906514458172,0,1,64,20.0,35.125,0,0.6004198618718742,741,1.0,0,ACCEPT,-501.43,False
DSP000939,TXN0202549,M000237,CUS0071809,RuPay,RECURRING_BILLING_DISPUTE,Recurring Billing Dispute,2025-07-17,49999,506,251,2025-07-27,10,contested,lost,2025-08-20,4,5,3,2,0.6443,4,2,0.6,1149,debit_card,0,0.0,0,,0.4331190270235711,passed,1,1,0,0,delivered,0.0,saas_tools,saas_tools,medium,digital_service,1,0.91723258312303,0,1,16,10.0,-126.21875,0,0.2924242424242424,757,0.01514030280605612,1,CONTEST,13863.92,False
DSP000940,TXN0200680,M000237,,Visa,RECURRING_BILLING_DISPUTE,Recurring Billing Dispute,2025-08-14,2999,740,208,2025-09-03,20,contested,won,2025-09-16,5,5,4,1,0.80585,5,1,0.8,2999,debit_card,2,3398.0,0,19.0,0.1361508765828128,passed,1,1,0,0,,,saas_tools,saas_tools,medium,digital_service,1,0.91723258312303,0,1,16,20.0,-19.67152777777778,1,0.8507916262511447,948,0.31610536845615206,1,CONTEST,1603.52,True
DSP000941,TXN0202479,M000237,CUS0071728,Visa,RECURRING_BILLING_DISPUTE,Recurring Billing Dispute,2025-05-17,399,632,227,2025-06-05,19,contested,won,2025-06-19,4,5,4,1,0.6533333333333333,4,2,0.8,2749,upi,0,0.0,0,,0.0816420235368481,not_applicable,1,1,0,0,delivered,1.0,saas_tools,saas_tools,medium,digital_service,1,0.91723258312303,0,1,16,19.0,-152.45069444444445,1,0.6302139373616019,859,1.0,0,ACCEPT,-607.54,False
DSP000942,TXN0200819,M000237,,Visa,RECURRING_BILLING_DISPUTE,Recurring Billing Dispute,2025-02-25,49999,697,277,2025-03-06,9,contested,won,2025-04-06,6,5,5,0,0.9570333333333334,6,0,1.0,49999,debit_card,0,0.0,0,,0.2334617094754598,passed,1,1,1,0,,,saas_tools,saas_tools,medium,digital_service,1,0.91723258312303,0,1,16,9.0,-67.59305555555555,1,0.9490369905724949,974,0.019480389607792154,1,CONTEST,46476.9,True
DSP000943,TXN0200671,M000237,CUS0072484,Visa,RECURRING_BILLING_DISPUTE,Recurring Billing Dispute,2025-09-05,399,414,191,2025-09-12,7,contested,won,2025-10-16,6,5,5,0,0.9732166666666666,6,0,1.0,2999,debit_card,2,798.0,0,158.0,0.2348387521578888,passed,0,1,0,0,,,saas_tools,saas_tools,medium,digital_service,1,0.91723258312303,0,1,16,7.0,-37.08263888888889,1,0.9529208046855107,605,1.0,0,ACCEPT,-224.78,False
DSP000945,TXN0201123,M000237,CUS0072399,Mastercard,RECURRING_BILLING_DISPUTE,Recurring Billing Dispute,2025-09-22,49999,731,221,2025-09-29,7,contested,lost,2025-10-25,4,5,3,2,0.63065,4,2,0.6,49999,credit_card,0,0.0,0,,0.126564809561447,passed,1,3,0,1,,,saas_tools,saas_tools,medium,digital_service,1,0.91723258312303,0,1,16,7.0,116.38472222222222,0,0.2790909090909091,952,0.019040380807616154,1,CONTEST,13002.27,False
DSP000948,TXN0200738,M000237,,Visa,UNAUTHORIZED_TRANSACTION,Unauthorized Transaction,2025-03-15,2999,598,280,2025-04-03,19,contested,lost,2025-04-02,6,4,4,0,0.9662833333333332,6,0,1.0,399,debit_card,1,49999.0,0,111.0,0.2508501982426361,passed,0,2,0,0,,,saas_tools,saas_tools,medium,digital_service,1,0.91723258312303,0,1,16,19.0,-214.36527777777775,0,0.5307524232209111,878,0.29276425475158385,1,CONTEST,713.73,False
DSP000950,TXN0201305,M000237,CUS0071967,Visa,RECURRING_BILLING_DISPUTE,Recurring Billing Dispute,2025-10-14,399,629,291,2025-10-28,14,contested,lost,2025-11-08,5,5,5,0,0.8166666666666668,5,1,1.0,19999,credit_card,0,0.0,0,,0.1001565246745706,passed,1,3,0,0,,,saas_tools,saas_tools,medium,digital_service,1,0.91723258312303,0,1,16,14.0,214.73472222222225,0,0.9137357521204723,920,1.0,0,ACCEPT,-555.42,False
DSP000951,TXN0201872,M000237,CUS0072431,Visa,RECURRING_BILLING_DISPUTE,Recurring Billing Dispute,2025-07-19,399,543,213,2025-07-30,11,contested,won,2025-08-21,6,5,5,0,0.9252,6,0,1.0,399,upi,0,0.0,0,,0.2993305274986466,not_applicable,1,1,0,0,,,saas_tools,saas_tools,medium,digital_service,1,0.91723258312303,0,1,16,11.0,158.76666666666668,1,0.9800000000000001,756,1.0,0,ACCEPT,-364.98,False
DSP000952,TXN0204933,M000238,CUS0072639,RuPay,UNAUTHORIZED_TRANSACTION,Unauthorized Transaction,2025-06-12,4795,483,295,2025-06-22,10,contested,lost,2025-07-07,5,4,3,1,0.8022999999999999,5,1,0.75,4999,debit_card,0,0.0,0,,0.3045230415486634,passed,1,1,0,1,,,d2c_brand,d2c_brand,medium,physical_delivery,0,0.7636652775258042,1,1,40,10.0,146.44930555555555,0,0.2567099567099567,778,0.16225234619395204,1,CONTEST,452.92,False
DSP000955,TXN0205836,M000238,,Visa,UNAUTHORIZED_TRANSACTION,Unauthorized Transaction,2025-08-09,460,521,206,2025-08-21,12,contested,lost,2025-09-03,4,4,3,1,0.6526166666666667,4,2,0.75,4999,credit_card,0,0.0,0,,0.5680108951190562,passed,1,1,0,0,,,d2c_brand,d2c_brand,medium,physical_delivery,0,0.7636652775258042,1,1,40,12.0,147.18125,0,0.265853566723132,727,1.0,0,ACCEPT,-604.71,True
DSP000960,TXN0203198,M000238,CUS0072736,Mastercard,MERCHANDISE_NOT_RECEIVED,Merchandise Not Received,2025-12-07,1350,710,157,2025-12-14,7,contested,won,2026-01-02,6,4,4,0,0.9308833333333334,6,0,1.0,549,upi,3,7097.0,0,89.0,0.4227332191660078,not_applicable,1,1,0,0,delivered,1.0,d2c_brand,d2c_brand,medium,physical_delivery,0,0.7636652775258042,1,1,40,7.0,182.35763888888889,1,0.9347389865036924,867,0.6422222222222222,1,CONTEST,394.9,True
DSP000961,TXN0204695,M000238,CUS0072691,Visa,UNAUTHORIZED_TRANSACTION,Unauthorized Transaction,2025-03-27,3200,623,164,2025-04-05,9,contested,won,2025-04-26,5,4,4,0,0.7835166666666668,5,1,1.0,309,credit_card,2,2198.0,0,46.0,0.3967819624903981,passed,1,1,0,0,delivered,1.0,d2c_brand,d2c_brand,medium,physical_delivery,0,0.7636652775258042,1,1,40,9.0,-220.8451388888889,1,0.7204246935648959,787,0.2459375,1,CONTEST,1518.36,False
DSP000963,TXN0204487,M000238,CUS0072984,Visa,MERCHANDISE_NOT_AS_DESCRIBED,Merchandise Not As Described,2025-05-13,2499,540,199,2025-05-20,7,contested,lost,2025-05-30,6,3,3,0,0.878,6,0,1.0,699,credit_card,0,0.0,0,,0.5785732933858313,passed,1,1,0,0,delivered,1.0,d2c_brand,d2c_brand,medium,physical_delivery,0,0.7636652775258042,1,1,40,7.0,44.20486111111112,0,0.6093151133912864,739,0.29571828731492594,1,CONTEST,783.68,False
DSP000964,TXN0205142,M000238,,Mastercard,MERCHANDISE_NOT_AS_DESCRIBED,Merchandise Not As Described,2025-02-02,500,534,217,2025-02-11,9,contested,won,2025-03-11,5,3,3,0,0.7497166666666666,5,1,1.0,1499,debit_card,0,0.0,0,,0.1616618767053799,passed,1,1,0,0,,,d2c_brand,d2c_brand,medium,physical_delivery,0,0.7636652775258042,1,1,40,9.0,-280.83958333333334,1,0.7404131926154862,751,1.0,0,ACCEPT,-380.79,False
DSP000967,TXN0207402,M000239,CUS0073614,Mastercard,RECURRING_BILLING_DISPUTE,Recurring Billing Dispute,2025-12-04,1499,481,222,2025-12-14,10,contested,won,2026-01-05,5,5,5,0,0.7781666666666666,5,1,1.0,7299,upi,0,0.0,0,,0.304463564046334,not_applicable,1,2,0,0,,,saas_tools,saas_tools,medium,digital_service,1,0.7902838309113859,0,0,101,10.0,237.07083333333333,1,0.9564502164502166,703,0.46897931954636424,1,CONTEST,730.72,False
DSP000968,TXN0207784,M000239,,Mastercard,UNAUTHORIZED_TRANSACTION,Unauthorized Transaction,2025-07-19,1499,400,197,2025-07-26,7,contested,lost,2025-08-14,5,4,3,1,0.7574833333333334,5,1,0.75,8599,credit_card,0,0.0,0,,0.1355421017038677,passed,0,1,1,0,,,saas_tools,saas_tools,medium,digital_service,1,0.7902838309113859,0,0,101,7.0,61.84236111111111,0,0.2725202333897986,597,0.39826551034022684,0,ACCEPT,-188.49,False
DSP000969,TXN0206986,M000239,,RuPay,CREDIT_NOT_PROCESSED,Credit Not Processed,2025-02-16,1499,550,300,2025-02-25,9,contested,won,2025-03-15,4,4,2,2,0.64625,4,2,0.5,1499,debit_card,0,0.0,0,,0.3190499546179873,passed,1,2,0,0,,,saas_tools,saas_tools,medium,digital_service,1,0.7902838309113859,0,0,101,9.0,-279.6048611111111,1,0.445,850,0.5670446964643095,0,ACCEPT,-182.94,False
DSP000970,TXN0207605,M000239,CUS0073980,Mastercard,SERVICE_NOT_RENDERED,Service Not Rendered,2025-12-25,1499,663,236,2026-01-05,11,contested,won,2026-01-16,5,4,4,0,0.8166666666666668,5,1,1.0,7899,upi,2,41794.0,0,64.0,0.1209568566604898,not_applicable,1,1,0,0,,,saas_tools,saas_tools,medium,digital_service,1,0.7902838309113859,0,0,101,11.0,200.5618055555556,1,0.9564502164502166,899,0.5997331554369579,1,CONTEST,534.72,False
DSP000972,TXN0206928,M000239,,Visa,CREDIT_NOT_PROCESSED,Credit Not Processed,2025-04-15,1499,631,233,2025-05-02,17,contested,won,2025-05-26,4,4,3,1,0.6295333333333334,4,2,0.75,4999,upi,0,0.0,0,,0.4265368022582859,not_applicable,1,1,0,0,,,saas_tools,saas_tools,medium,digital_service,1,0.7902838309113859,0,0,101,17.0,34.97222222222222,1,0.6167523989000634,864,0.5763842561707805,1,CONTEST,60.51,False
DSP000973,TXN0207816,M000239,,Visa,RECURRING_BILLING_DISPUTE,Recurring Billing Dispute,2025-09-03,4999,685,181,2025-09-19,16,contested,won,2025-10-02,4,5,4,1,0.5749833333333333,4,2,0.8,10899,netbanking,0,0.0,0,,0.2616650589799636,not_applicable,1,1,0,0,,,saas_tools,saas_tools,medium,digital_service,1,0.7902838309113859,0,0,101,16.0,98.50555555555556,1,0.6735705807182453,866,0.17323464692938587,1,CONTEST,2501.18,False
DSP000976,TXN0209363,M000240,CUS0075126,Mastercard,MERCHANDISE_NOT_AS_DESCRIBED,Merchandise Not As Described,2025-04-18,36500,506,187,2025-04-30,12,contested,lost,2025-05-14,3,3,1,2,0.431,3,3,0.3333333333333333,38499,netbanking,0,0.0,0,,0.1139560126428285,not_applicable,1,1,0,0,,,travel_booking,travel_booking,medium,booking_service,0,0.5843091364481799,0,0,33,12.0,-2.5277777777777777,0,0.0,693,0.018986301369863012,0,ACCEPT,-693.0,False
DSP000977,TXN0208589,M000240,CUS0075104,RuPay,DUPLICATE_TRANSACTION,Duplicate Transaction,2025-11-02,3949,703,246,2025-11-18,16,contested,won,2025-11-23,3,2,1,1,0.44605,3,3,0.5,23999,credit_card,2,23098.0,0,160.0,0.4038595255819647,passed,1,1,0,0,,,travel_booking,travel_booking,medium,booking_service,0,0.5843091364481799,0,0,33,16.0,-22.222916666666663,1,0.46844724524811604,949,0.24031400354520133,1,CONTEST,900.9,False
DSP000979,TXN0209918,M000240,CUS0075077,Visa,MERCHANDISE_NOT_AS_DESCRIBED,Merchandise Not As Described,2025-04-29,5095,644,172,2025-05-19,20,contested,lost,2025-06-01,3,3,1,2,0.4145333333333333,3,3,0.3333333333333333,10499,debit_card,1,2849.0,0,38.0,0.3166439704921186,passed,1,1,0,0,,,travel_booking,travel_booking,medium,booking_service,0,0.5843091364481799,0,0,33,20.0,18.04930555555556,0,0.0,816,0.16015701668302257,0,ACCEPT,-816.0,False
DSP000980,TXN0208621,M000240,,Visa,SERVICE_NOT_RENDERED,Service Not Rendered,2025-07-26,3800,500,210,2025-08-14,19,contested,lost,2025-08-31,2,3,1,2,0.2563666666666667,2,4,0.3333333333333333,50995,credit_card,1,10699.0,0,175.0,0.231700058790714,passed,1,2,0,0,,,travel_booking,travel_booking,medium,booking_service,0,0.5843091364481799,0,0,33,19.0,-9.40625,0,0.015384615384615385,710,0.1868421052631579,0,ACCEPT,-651.54,False
DSP000982,TXN0210849,M000240,,Visa,DUPLICATE_TRANSACTION,Duplicate Transaction,2025-12-17,13799,658,183,2025-12-25,8,contested,lost,2026-01-12,5,2,1,1,0.6053000000000001,5,1,0.5,8999,debit_card,1,1499.0,0,36.0,0.1804509858818103,passed,1,1,0,0,,,travel_booking,travel_booking,medium,booking_service,0,0.5843091364481799,0,0,33,8.0,179.11527777777778,0,0.3253318077803204,841,0.06094644539459381,1,CONTEST,3648.25,True
DSP000984,TXN0211962,M000241,,Mastercard,CREDIT_NOT_PROCESSED,Credit Not Processed,2025-04-27,1499,678,194,2025-05-10,13,contested,lost,2025-05-27,3,4,1,3,0.3598999999999999,3,3,0.25,8999,credit_card,0,0.0,0,,0.3164686792557015,failed,1,3,0,0,,,fitness_membership,fitness_membership,medium,membership_service,1,0.5482514892782733,0,1,17,13.0,-108.71458333333334,0,0.0,872,0.5817211474316211,0,ACCEPT,-872.0,False
DSP000985,TXN0211753,M000241,CUS0076168,RuPay,RECURRING_BILLING_DISPUTE,Recurring Billing Dispute,2025-12-09,1499,641,258,2025-12-27,18,contested,won,2025-12-23,6,5,5,0,0.8389666666666667,6,0,1.0,24999,upi,0,0.0,0,,0.7593320634960657,not_applicable,1,1,0,0,,,fitness_membership,fitness_membership,medium,membership_service,1,0.5482514892782733,0,1,17,18.0,337.94166666666666,1,0.841620723362659,899,0.5997331554369579,1,CONTEST,362.59,False
DSP000986,TXN0213249,M000241,CUS0075810,RuPay,RECURRING_BILLING_DISPUTE,Recurring Billing Dispute,2025-04-15,1499,662,244,2025-04-22,7,contested,lost,2025-05-19,1,5,0,5,0.1181666666666666,1,5,0.0,999,credit_card,0,0.0,0,,0.2225912606829823,passed,1,1,0,0,,,fitness_membership,fitness_membership,medium,membership_service,1,0.5482514892782733,0,1,17,7.0,-150.70625,0,0.0,906,0.6044029352901935,0,ACCEPT,-906.0,False
DSP000987,TXN0211884,M000241,CUS0075461,Mastercard,MERCHANDISE_NOT_AS_DESCRIBED,Merchandise Not As Described,2025-05-06,1499,640,205,2025-05-13,7,contested,lost,2025-05-29,2,4,1,3,0.2634333333333333,2,4,0.25,1499,debit_card,1,8999.0,0,244.0,0.2196835579700634,passed,0,3,0,0,,,fitness_membership,fitness_membership,medium,membership_service,1,0.5482514892782733,0,1,17,7.0,-211.78819444444449,0,0.0,845,0.5637091394262842,0,ACCEPT,-845.0,False
DSP000988,TXN0212186,M000241,CUS0075684,RuPay,UNAUTHORIZED_TRANSACTION,Unauthorized Transaction,2026-01-07,24999,676,234,2026-01-24,17,contested,lost,2026-02-08,3,4,2,2,0.3796833333333334,3,3,0.5,1499,upi,1,24999.0,0,122.0,0.0229814254995981,not_applicable,1,1,0,0,,,fitness_membership,fitness_membership,medium,membership_service,1,0.5482514892782733,0,1,17,17.0,144.46944444444443,0,0.0,910,0.036401456058242326,0,ACCEPT,-910.0,False
DSP000990,TXN0213824,M000241,CUS0075490,Visa,UNAUTHORIZED_TRANSACTION,Unauthorized Transaction,2025-10-14,24999,427,228,2025-10-27,13,contested,lost,2025-11-16,2,4,1,3,0.22465,2,4,0.25,999,upi,0,0.0,0,,0.312359656073263,not_applicable,1,1,0,0,,,fitness_membership,fitness_membership,medium,membership_service,1,0.5482514892782733,0,1,17,13.0,114.36111111111111,0,0.0,655,0.026201048041921676,0,ACCEPT,-655.0,False
DSP000994,TXN0213886,M000242,,Mastercard,RECURRING_BILLING_DISPUTE,Recurring Billing Dispute,2025-04-14,499,629,194,2025-04-28,14,contested,lost,2025-05-05,3,5,2,3,0.3947166666666666,3,3,0.4,999,credit_card,0,0.0,0,,0.2865625511663914,passed,1,1,0,1,,,subscription_edtech,subscription_edtech,medium,digital_service,1,0.5935036960374831,0,0,17,14.0,-99.63888888888889,0,0.0,823,1.0,0,ACCEPT,-823.0,True
DSP000995,TXN0215853,M000242,CUS0077277,Visa,CREDIT_NOT_PROCESSED,Credit Not Processed,2025-08-26,499,426,287,2025-09-06,11,contested,won,2025-09-29,5,4,4,0,0.7538666666666667,5,1,1.0,1745,credit_card,0,0.0,0,,0.312520729055498,passed,1,1,0,0,delivered,0.0,subscription_edtech,subscription_edtech,medium,digital_service,1,0.5935036960374831,0,0,17,11.0,225.8673611111111,1,0.8048878483944897,713,1.0,0,ACCEPT,-311.36,False
DSP000996,TXN0214376,M000242,CUS0076847,Visa,RECURRING_BILLING_DISPUTE,Recurring Billing Dispute,2025-04-16,24999,544,209,2025-04-25,9,contested,lost,2025-05-05,4,5,4,1,0.4932666666666667,4,2,0.8,499,credit_card,1,499.0,0,16.0,0.1334330867724312,passed,1,1,0,0,,,subscription_edtech,subscription_edtech,medium,digital_service,1,0.5935036960374831,0,0,17,9.0,-134.81527777777777,0,0.3230590805075931,753,0.030121204848193927,1,CONTEST,7323.15,True
DSP000997,TXN0215290,M000242,CUS0077078,Visa,RECURRING_BILLING_DISPUTE,Recurring Billing Dispute,2025-10-03,24999,674,210,2025-10-16,13,contested,won,2025-10-26,6,5,5,0,0.8666333333333333,6,0,1.0,1499,netbanking,1,999.0,0,3.0,0.1620817173586692,not_applicable,1,2,0,0,,,subscription_edtech,subscription_edtech,medium,digital_service,1,0.5935036960374831,0,0,17,13.0,32.08680555555556,1,0.9024809219875634,884,0.03536141445657826,1,CONTEST,21677.12,False
DSP000999,TXN0214724,M000242,CUS0076710,Mastercard,RECURRING_BILLING_DISPUTE,Recurring Billing Dispute,2025-09-14,24999,704,294,2025-09-21,7,contested,lost,2025-10-03,4,5,4,1,0.5238333333333333,4,2,0.8,1499,debit_card,1,24999.0,0,149.0,0.3504804629323646,passed,1,1,0,0,,,subscription_edtech,subscription_edtech,medium,digital_service,1,0.5935036960374831,0,0,17,7.0,-56.52222222222223,0,0.3198584327933416,998,0.03992159686387455,1,CONTEST,6998.14,False
DSP001000,TXN0214160,M000242,CUS0077146,RuPay,CREDIT_NOT_PROCESSED,Credit Not Processed,2025-05-14,1499,446,251,2025-05-27,13,contested,won,2025-06-04,5,4,3,1,0.6572333333333333,5,1,0.75,999,netbanking,2,1998.0,0,37.0,0.0763172094292585,not_applicable,1,5,0,0,,,subscription_edtech,subscription_edtech,medium,digital_service,1,0.5935036960374831,0,0,17,13.0,-38.74652777777778,1,0.46996732026143795,697,0.46497665110073383,1,CONTEST,7.48,True
DSP001001,TXN0215746,M000242,,RuPay,UNAUTHORIZED_TRANSACTION,Unauthorized Transaction,2025-12-27,1499,734,233,2026-01-08,12,contested,lost,2026-01-16,3,4,1,3,0.4563,3,3,0.25,1095,credit_card,0,0.0,0,,0.1273439776421151,passed,1,1,0,0,in_transit,0.0,subscription_edtech,subscription_edtech,medium,digital_service,1,0.5935036960374831,0,0,17,12.0,6.457638888888889,0,0.0,967,0.6450967311541027,0,ACCEPT,-967.0,False
DSP001005,TXN0214857,M000242,CUS0077280,RuPay,UNAUTHORIZED_TRANSACTION,Unauthorized Transaction,2025-09-17,24999,669,231,2025-09-30,13,contested,lost,2025-10-24,4,4,2,2,0.5615833333333333,4,2,0.5,499,upi,0,0.0,0,,0.0954059385551025,not_applicable,1,2,0,0,,,subscription_edtech,subscription_edtech,medium,digital_service,1,0.5935036960374831,0,0,17,13.0,-56.60347222222222,0,0.05578747628083491,900,0.03600144005760231,1,CONTEST,494.63,False
DSP001007,TXN0217755,M000243,CUS0077957,Mastercard,MERCHANDISE_NOT_RECEIVED,Merchandise Not Received,2025-11-16,1950,559,227,2025-12-01,15,contested,won,2025-12-23,6,4,4,0,0.9352833333333334,6,0,1.0,649,debit_card,1,1799.0,0,158.0,0.1925457963805399,passed,1,2,0,0,delivered,0.0,d2c_brand,d2c_brand,medium,physical_delivery,0,0.8646254634832373,1,1,25,15.0,124.39930555555556,1,0.9582683982683984,786,0.40307692307692305,1,CONTEST,1082.62,False
DSP001010,TXN0217633,M000243,CUS0077480,RuPay,MERCHANDISE_NOT_AS_DESCRIBED,Merchandise Not As Described,2025-10-10,1400,461,200,2025-10-21,11,contested,won,2025-11-11,6,3,3,0,0.8803166666666667,6,0,1.0,1445,upi,0,0.0,0,,0.1387297592419307,not_applicable,0,2,0,1,delivered,1.0,d2c_brand,d2c_brand,medium,physical_delivery,0,0.8646254634832373,1,1,25,11.0,235.72916666666663,1,0.8141026336092748,661,0.47214285714285714,1,CONTEST,478.74,False
DSP001011,TXN0216589,M000243,CUS0077782,Mastercard,MERCHANDISE_NOT_RECEIVED,Merchandise Not Received,2025-08-09,3250,506,289,2025-08-28,19,contested,lost,2025-08-25,4,4,2,2,0.6410666666666667,4,2,0.5,1149,debit_card,2,8794.0,0,5.0,0.4050346486661246,passed,1,2,0,0,delivered,1.0,d2c_brand,d2c_brand,medium,physical_delivery,0,0.8646254634832373,1,1,25,19.0,106.17777777777778,0,0.25004329004329007,795,0.24461538461538462,1,CONTEST,17.64,False
DSP001012,TXN0219185,M000243,CUS0077910,Visa,MERCHANDISE_NOT_RECEIVED,Merchandise Not Received,2025-03-10,3000,683,256,2025-03-31,21,contested,won,2025-04-11,5,4,4,0,0.77455,5,1,1.0,4349,credit_card,0,0.0,0,,0.2937915709121039,passed,1,3,0,0,delivered,0.0,d2c_brand,d2c_brand,medium,physical_delivery,0,0.8646254634832373,1,1,25,21.0,-58.275,1,0.8821675579322639,939,0.313,1,CONTEST,1707.5,False
DSP001013,TXN0217985,M000243,CUS0078237,Visa,DUPLICATE_TRANSACTION,Duplicate Transaction,2025-09-20,1049,709,158,2025-09-27,7,contested,won,2025-10-13,5,2,2,0,0.7599333333333332,5,1,1.0,695,debit_card,0,0.0,0,,0.5016036150775842,passed,1,2,0,0,delivered,0.0,d2c_brand,d2c_brand,medium,physical_delivery,0,0.8646254634832373,1,1,25,7.0,154.4875,1,0.9347389865036924,867,0.8265014299332698,1,CONTEST,113.54,False
DSP001014,TXN0217876,M000243,,Visa,MERCHANDISE_NOT_AS_DESCRIBED,Merchandise Not As Described,2025-10-30,2645,708,261,2025-11-19,20,contested,lost,2025-12-03,6,3,3,0,0.9556666666666668,6,0,1.0,3699,debit_card,3,3047.0,0,127.0,0.4240547585636685,passed,1,1,0,0,delivered,1.0,d2c_brand,d2c_brand,medium,physical_delivery,0,0.8646254634832373,1,1,25,20.0,-46.513888888888886,0,0.6836701585597585,969,0.366351606805293,1,CONTEST,839.31,False
DSP001015,TXN0218208,M000243,CUS0077732,Visa,CREDIT_NOT_PROCESSED,Credit Not Processed,2025-07-20,750,554,293,2025-08-03,14,contested,won,2025-08-25,5,3,3,0,0.76225,5,1,1.0,2849,upi,0,0.0,0,,0.1523350465642809,not_applicable,1,1,0,0,delivered,1.0,d2c_brand,d2c_brand,medium,physical_delivery,0,0.8646254634832373,1,1,25,14.0,18.25138888888889,1,0.7837698359721295,847,1.0,0,ACCEPT,-259.17,False
DSP001016,TXN0217613,M000243,,Mastercard,MERCHANDISE_NOT_AS_DESCRIBED,Merchandise Not As Described,2025-11-09,2349,441,198,2025-11-24,15,contested,lost,2025-12-15,6,3,3,0,0.9527666666666668,6,0,1.0,699,upi,0,0.0,0,,0.244005683794435,not_applicable,1,1,0,0,delivered,1.0,d2c_brand,d2c_brand,medium,physical_delivery,0,0.8646254634832373,1,1,25,15.0,266.18194444444447,0,0.8048878483944897,639,0.2720306513409962,1,CONTEST,1251.68,True
DSP001020,TXN0219891,M000244,,Visa,UNAUTHORIZED_TRANSACTION,Unauthorized Transaction,2025-05-08,749,706,192,2025-05-25,17,contested,won,2025-06-13,5,4,4,0,0.75305,5,1,1.0,1499,credit_card,0,0.0,0,,0.3617509842402789,passed,1,4,1,0,in_transit,0.0,d2c_brand,d2c_brand,medium,physical_delivery,0,0.8646249219900191,1,1,69,17.0,-171.29236111111112,1,0.6204748069268193,898,1.0,0,ACCEPT,-433.26,False
DSP001021,TXN0220832,M000244,CUS0078376,Visa,MERCHANDISE_NOT_AS_DESCRIBED,Merchandise Not As Described,2025-09-13,2600,515,222,2025-09-26,13,contested,lost,2025-10-26,3,3,1,2,0.4566,3,3,0.3333333333333333,9999,credit_card,0,0.0,0,,0.0452145676677114,passed,1,1,0,0,,,d2c_brand,d2c_brand,medium,physical_delivery,0,0.8646249219900191,1,1,69,13.0,21.46180555555556,0,0.05578747628083491,737,0.2834615384615385,0,ACCEPT,-591.95,False
DSP001022,TXN0220035,M000244,CUS0079038,Visa,MERCHANDISE_NOT_RECEIVED,Merchandise Not Received,2025-08-18,1400,590,279,2025-08-27,9,contested,lost,2025-09-29,3,4,2,2,0.49,3,3,0.5,499,debit_card,1,1499.0,0,136.0,0.3286492687317807,passed,1,2,1,0,delivered,0.0,d2c_brand,d2c_brand,medium,physical_delivery,0,0.8646249219900191,1,1,69,9.0,75.04097222222222,0,0.07007319056654919,869,0.6207142857142857,0,ACCEPT,-770.9,True
DSP001023,TXN0219897,M000244,CUS0078310,Mastercard,MERCHANDISE_NOT_AS_DESCRIBED,Merchandise Not As Described,2025-09-18,285,405,299,2025-09-30,12,contested,won,2025-10-12,5,3,3,0,0.8166666666666668,5,1,1.0,749,credit_card,1,2399.0,0,21.0,0.0950704092007477,passed,0,1,0,0,delivered,1.0,d2c_brand,d2c_brand,medium,physical_delivery,0,0.8646249219900191,1,1,69,12.0,163.31458333333333,1,0.8048878483944897,704,1.0,0,ACCEPT,-474.61,False
DSP001024,TXN0221818,M000244,,Visa,UNAUTHORIZED_TRANSACTION,Unauthorized Transaction,2025-12-27,2200,444,157,2026-01-12,16,contested,lost,2026-02-05,4,4,3,1,0.6139333333333333,4,2,0.75,2999,credit_card,0,0.0,0,,0.6275269901179399,not_applicable,1,1,0,0,,,d2c_brand,d2c_brand,medium,physical_delivery,0,0.8646249219900191,1,1,69,16.0,275.7895833333333,0,0.25004329004329007,601,0.2731818181818182,0,ACCEPT,-50.9,False
DSP001027,TXN0222245,M000245,CUS0079252,Visa,RECURRING_BILLING_DISPUTE,Recurring Billing Dispute,2025-07-15,1499,692,160,2025-07-28,13,contested,lost,2025-08-07,4,5,3,2,0.60195,4,2,0.6,9999,credit_card,1,1499.0,0,55.0,0.0810015740988858,passed,1,1,0,0,,,saas_tools,saas_tools,medium,digital_service,1,0.7985512154848989,0,1,92,13.0,-51.327777777777776,0,0.36717391304347824,852,0.5683789192795197,0,ACCEPT,-301.61,True
DSP001031,TXN0223742,M000245,CUS0079701,Visa,RECURRING_BILLING_DISPUTE,Recurring Billing Dispute,2025-01-26,1499,502,195,2025-02-13,18,contested,lost,2025-02-21,2,5,2,3,0.3266666666666666,2,4,0.4,799,credit_card,4,42296.0,0,14.0,0.0594016263796895,failed,0,1,0,0,,,saas_tools,saas_tools,medium,digital_service,1,0.7985512154848989,0,1,92,18.0,-304.59513888888887,0,0.13673985723321586,697,0.46497665110073383,0,ACCEPT,-492.03,False
DSP001032,TXN0224523,M000245,,RuPay,RECURRING_BILLING_DISPUTE,Recurring Billing Dispute,2025-05-03,1499,448,271,2025-05-15,12,contested,lost,2025-05-18,5,5,4,1,0.7735833333333333,5,1,0.8,19999,credit_card,2,51498.0,0,216.0,0.2258142438963718,passed,1,4,0,0,,,saas_tools,saas_tools,medium,digital_service,1,0.7985512154848989,0,1,92,12.0,-140.65208333333334,0,0.7654947154157579,719,0.47965310206804534,1,CONTEST,428.48,True
DSP001033,TXN0223825,M000245,CUS0079386,Mastercard,RECURRING_BILLING_DISPUTE,Recurring Billing Dispute,2026-02-04,9999,491,174,2026-02-23,19,contested,lost,2026-02-19,5,5,4,1,0.6987166666666668,5,1,0.8,799,credit_card,0,0.0,0,,0.3861314852581113,passed,0,1,0,0,,,saas_tools,saas_tools,medium,digital_service,1,0.7985512154848989,0,1,92,19.0,365.38125,0,0.7708824653517138,665,0.0665066506650665,1,CONTEST,7043.05,True
DSP001034,TXN0223261,M000245,,Visa,RECURRING_BILLING_DISPUTE,Recurring Billing Dispute,2025-07-20,1499,545,259,2025-08-06,17,contested,won,2025-08-08,5,5,4,1,0.7555999999999999,5,1,0.8,1499,upi,0,0.0,0,,0.3755953701714127,not_applicable,1,1,0,0,,,saas_tools,saas_tools,medium,digital_service,1,0.7985512154848989,0,1,92,17.0,194.47222222222223,1,0.9347389865036924,804,0.5363575717144763,1,CONTEST,597.17,False
DSP001037,TXN0223063,M000245,CUS0079962,Visa,SERVICE_NOT_RENDERED,Service Not Rendered,2025-05-27,1499,450,169,2025-06-05,9,contested,won,2025-06-15,5,4,3,1,0.7378333333333332,5,1,0.75,2999,debit_card,2,2998.0,0,6.0,0.0578699194960327,passed,1,1,0,0,,,saas_tools,saas_tools,medium,digital_service,1,0.7985512154848989,0,1,92,9.0,-11.905555555555557,1,0.7249886141176433,619,0.41294196130753835,1,CONTEST,467.76,True
DSP001039,TXN0226018,M000246,,Mastercard,RECURRING_BILLING_DISPUTE,Recurring Billing Dispute,2026-01-03,1499,414,170,2026-01-21,18,contested,won,2026-02-09,6,5,5,0,0.9641833333333332,6,0,1.0,19999,upi,0,0.0,0,,0.2920138341916378,not_applicable,1,3,0,0,,,saas_tools,saas_tools,medium,digital_service,1,0.8729359275714659,0,1,116,18.0,331.7236111111111,1,1.0,584,0.3895930620413609,1,CONTEST,915.0,False
DSP001040,TXN0225442,M000246,CUS0081072,Visa,UNAUTHORIZED_TRANSACTION,Unauthorized Transaction,2025-04-25,799,532,225,2025-05-09,14,contested,won,2025-06-04,6,4,4,0,0.95975,6,0,1.0,799,debit_card,1,1499.0,0,222.0,0.2278727232903796,passed,1,2,0,1,,,saas_tools,saas_tools,medium,digital_service,1,0.8729359275714659,0,1,116,14.0,-212.84652777777777,1,0.6070132684652808,757,0.9474342928660826,0,ACCEPT,-272.0,False
DSP001041,TXN0226297,M000246,CUS0080195,Mastercard,UNAUTHORIZED_TRANSACTION,Unauthorized Transaction,2025-09-15,799,677,150,2025-09-27,12,contested,lost,2025-10-18,5,4,4,0,0.7517333333333333,5,1,1.0,799,debit_card,0,0.0,0,,0.3252462840361707,passed,1,2,0,0,in_transit,0.0,saas_tools,saas_tools,medium,digital_service,1,0.8729359275714659,0,1,116,12.0,197.73472222222225,0,0.5171895424836601,827,1.0,0,ACCEPT,-413.77,False
DSP001042,TXN0226970,M000246,CUS0080904,Visa,UNAUTHORIZED_TRANSACTION,Unauthorized Transaction,2025-06-21,799,669,275,2025-06-29,8,contested,won,2025-07-28,6,4,4,0,0.9310666666666668,6,0,1.0,269,credit_card,1,2545.0,0,31.0,0.5776102431662316,passed,1,1,0,0,delivered,1.0,saas_tools,saas_tools,medium,digital_service,1,0.8729359275714659,0,1,116,8.0,116.77430555555556,1,0.737875906775737,944,1.0,0,ACCEPT,-354.44,False
DSP001043,TXN0225999,M000246,CUS0080653,Mastercard,RECURRING_BILLING_DISPUTE,Recurring Billing Dispute,2026-01-01,19999,506,190,2026-01-11,10,contested,won,2026-01-18,6,5,5,0,0.8881,6,0,1.0,49999,credit_card,0,0.0,0,,0.2530404519278466,passed,0,1,0,0,,,saas_tools,saas_tools,medium,digital_service,1,0.8729359275714659,0,1,116,10.0,361.9645833333333,1,0.9626175181546289,696,0.03480174008700435,1,CONTEST,18555.39,True
DSP001045,TXN0224829,M000246,CUS0080449,Visa,RECURRING_BILLING_DISPUTE,Recurring Billing Dispute,2025-08-30,799,486,300,2025-09-13,14,contested,won,2025-10-10,6,5,5,0,0.91705,6,0,1.0,799,wallet,0,0.0,0,,0.4223336121882194,not_applicable,1,2,0,0,,,saas_tools,saas_tools,medium,digital_service,1,0.8729359275714659,0,1,116,14.0,-54.93541666666667,1,0.9959699871642165,786,0.983729662077597,1,CONTEST,9.78,True
DSP001046,TXN0227006,M000246,CUS0081077,Visa,RECURRING_BILLING_DISPUTE,Recurring Billing Dispute,2025-08-11,19999,718,153,2025-08-28,17,contested,won,2025-09-25,6,5,5,0,0.95855,6,0,1.0,799,upi,2,8748.0,0,31.0,0.5358175757641298,not_applicable,0,2,0,0,delivered,1.0,saas_tools,saas_tools,medium,digital_service,1,0.8729359275714659,0,1,116,17.0,-133.07291666666666,1,0.9564502164502166,871,0.043552177608880444,1,CONTEST,18257.05,False
DSP001048,TXN0224568,M000246,CUS0080233,Mastercard,RECURRING_BILLING_DISPUTE,Recurring Billing Dispute,2025-04-12,49999,556,153,2025-04-29,17,contested,won,2025-05-27,6,5,5,0,0.9548666666666666,6,0,1.0,799,debit_card,1,1499.0,0,26.0,0.1595720413168847,passed,0,3,0,0,,,saas_tools,saas_tools,medium,digital_service,1,0.8729359275714659,0,1,116,17.0,-132.32847222222222,1,0.965452240671353,709,0.014180283605672113,1,CONTEST,47562.65,False
DSP001050,TXN0225106,M000246,CUS0081027,Visa,RECURRING_BILLING_DISPUTE,Recurring Billing Dispute,2025-04-28,19999,404,159,2025-05-19,21,contested,won,2025-05-16,4,5,4,1,0.6437499999999999,4,2,0.8,1499,debit_card,0,0.0,0,,0.1763781750594875,passed,1,2,0,0,,,saas_tools,saas_tools,medium,digital_service,1,0.8729359275714659,0,1,116,21.0,-117.56944444444444,1,0.6735705807182453,563,0.02815140757037852,1,CONTEST,12907.74,False
DSP001051,TXN0225155,M000246,CUS0080417,Visa,UNAUTHORIZED_TRANSACTION,Unauthorized Transaction,2025-05-25,799,529,290,2025-06-11,17,contested,lost,2025-06-08,6,4,4,0,0.9482666666666666,6,0,1.0,799,credit_card,0,0.0,0,,0.2517958231501823,passed,1,1,0,0,,,saas_tools,saas_tools,medium,digital_service,1,0.8729359275714659,0,1,116,17.0,-177.42916666666667,0,0.5550865285385409,819,1.0,0,ACCEPT,-375.49,False
DSP001052,TXN0225683,M000246,CUS0080283,Visa,RECURRING_BILLING_DISPUTE,Recurring Billing Dispute,2025-04-15,19999,503,198,2025-04-22,7,contested,lost,2025-04-29,5,5,4,1,0.8142333333333333,5,1,0.8,799,upi,0,0.0,0,,0.4025959249331364,not_applicable,1,1,1,0,,,saas_tools,saas_tools,medium,digital_service,1,0.8729359275714659,0,1,116,7.0,51.27222222222223,0,0.6738998273509702,701,0.03505175258762938,1,CONTEST,12776.32,False
DSP001053,TXN0224669,M000246,,Visa,RECURRING_BILLING_DISPUTE,Recurring Billing Dispute,2025-09-10,1499,622,195,2025-09-23,13,contested,lost,2025-09-28,5,5,4,1,0.7308166666666667,5,1,0.8,1499,credit_card,0,0.0,0,,0.1546859705347994,passed,1,2,0,1,,,saas_tools,saas_tools,medium,digital_service,1,0.8729359275714659,0,1,116,13.0,198.4111111111111,0,0.7152768284347232,817,0.5450300200133422,1,CONTEST,255.2,False
DSP001054,TXN0225483,M000246,CUS0081122,Visa,CREDIT_NOT_PROCESSED,Credit Not Processed,2025-03-19,1499,565,292,2025-03-28,9,contested,won,2025-04-22,6,4,4,0,0.9332166666666666,6,0,1.0,19999,upi,1,19999.0,0,278.0,0.4357172155560925,not_applicable,1,1,0,0,,,saas_tools,saas_tools,medium,digital_service,1,0.8729359275714659,0,1,116,9.0,-232.96944444444443,1,0.9564502164502166,857,0.571714476317545,1,CONTEST,576.72,False
DSP001056,TXN0224823,M000246,CUS0080700,Visa,RECURRING_BILLING_DISPUTE,Recurring Billing Dispute,2026-01-28,1499,553,193,2026-02-15,18,contested,won,2026-03-03,5,5,4,1,0.7748499999999999,5,1,0.8,1499,credit_card,0,0.0,0,,0.2024215493082879,passed,1,1,0,0,,,saas_tools,saas_tools,medium,digital_service,1,0.8729359275714659,0,1,116,18.0,327.27916666666664,1,0.9206627401693815,746,0.49766511007338227,1,CONTEST,634.07,False
DSP001057,TXN0224727,M000246,CUS0080221,Visa,RECURRING_BILLING_DISPUTE,Recurring Billing Dispute,2025-02-20,1499,451,262,2025-03-11,19,contested,won,2025-03-17,6,5,5,0,0.921,6,0,1.0,799,credit_card,0,0.0,0,,0.536786235407097,passed,1,1,0,0,,,saas_tools,saas_tools,medium,digital_service,1,0.8729359275714659,0,1,116,19.0,-6.710416666666666,1,0.9993731888323749,713,0.47565043362241494,1,CONTEST,785.06,False
DSP001058,TXN0229647,M000247,,Visa,UNAUTHORIZED_TRANSACTION,Unauthorized Transaction,2025-10-10,3600,641,297,2025-10-19,9,contested,lost,2025-11-17,5,4,3,1,0.7950499999999999,5,1,0.75,459,upi,0,0.0,0,,0.4002822608757723,not_applicable,1,4,0,0,delivered,1.0,d2c_brand,d2c_brand,medium,physical_delivery,0,0.735258273004426,1,0,26,9.0,-10.37152777777778,0,0.2873447947933074,938,0.26055555555555554,1,CONTEST,96.44,True
DSP001060,TXN0229448,M000247,CUS0081279,Mastercard,UNAUTHORIZED_TRANSACTION,Unauthorized Transaction,2025-11-03,950,558,273,2025-11-24,21,contested,won,2025-11-21,6,4,4,0,0.7906166666666666,6,0,1.0,749,upi,0,0.0,0,,0.1709864229213079,not_applicable,1,2,0,0,in_transit,0.0,d2c_brand,d2c_brand,medium,physical_delivery,0,0.735258273004426,1,0,26,21.0,105.54166666666669,1,0.6172714623739292,831,0.8747368421052631,0,ACCEPT,-244.59,False
DSP001061,TXN0229672,M000247,CUS0081288,Mastercard,MERCHANDISE_NOT_RECEIVED,Merchandise Not Received,2025-04-16,799,449,158,2025-04-30,14,contested,won,2025-05-06,5,4,3,1,0.7745666666666667,5,1,0.75,1249,upi,0,0.0,0,,0.2561360060225634,not_applicable,1,2,0,0,in_transit,0.0,d2c_brand,d2c_brand,medium,physical_delivery,0,0.735258273004426,1,0,26,14.0,40.11388888888889,1,0.6810577249575552,607,0.7596996245306633,0,ACCEPT,-62.83,False
DSP001062,TXN0229119,M000247,CUS0082025,Visa,MERCHANDISE_NOT_RECEIVED,Merchandise Not Received,2025-09-13,600,521,269,2025-09-23,10,contested,won,2025-10-23,4,4,2,2,0.6226666666666666,4,2,0.5,2399,credit_card,1,1199.0,0,4.0,0.6514579879747453,passed,1,2,0,0,delivered,1.0,d2c_brand,d2c_brand,medium,physical_delivery,0,0.735258273004426,1,0,26,10.0,226.41041666666663,1,0.3708873633358759,790,1.0,0,ACCEPT,-567.47,False
DSP001064,TXN0227347,M000247,,Visa,MERCHANDISE_NOT_RECEIVED,Merchandise Not Received,2025-07-20,1245,686,169,2025-07-28,8,contested,won,2025-08-08,4,4,2,2,0.6269833333333333,4,2,0.5,2045,upi,0,0.0,0,,0.1852412252597226,not_applicable,1,1,0,0,delivered,1.0,d2c_brand,d2c_brand,medium,physical_delivery,0,0.735258273004426,1,0,26,8.0,130.2111111111111,1,0.3748540274559079,855,0.6867469879518072,0,ACCEPT,-388.31,False
DSP001067,TXN0228228,M000247,,Mastercard,MERCHANDISE_NOT_RECEIVED,Merchandise Not Received,2026-01-08,800,569,293,2026-01-23,15,contested,lost,2026-02-10,4,4,3,1,0.5667,4,2,0.75,799,debit_card,0,0.0,0,,0.4559830086167176,passed,1,3,0,0,delivered,1.0,d2c_brand,d2c_brand,medium,physical_delivery,0,0.735258273004426,1,0,26,15.0,106.35138888888888,0,0.3753318077803204,862,1.0,0,ACCEPT,-561.73,False
DSP001068,TXN0227775,M000247,,Visa,UNAUTHORIZED_TRANSACTION,Unauthorized Transaction,2025-10-19,400,647,183,2025-11-04,16,contested,lost,2025-11-14,4,4,3,1,0.6229333333333333,4,2,0.75,1099,credit_card,0,0.0,0,,0.0959852291332245,passed,1,1,0,1,delivered,1.0,d2c_brand,d2c_brand,medium,physical_delivery,0,0.735258273004426,1,0,26,16.0,-35.87291666666667,0,0.24337662337662339,830,1.0,0,ACCEPT,-732.65,False
DSP001070,TXN0231641,M000248,,RuPay,CREDIT_NOT_PROCESSED,Credit Not Processed,2025-05-20,850,509,285,2025-05-31,11,contested,won,2025-07-04,5,3,3,0,0.7178666666666667,5,1,1.0,4199,credit_card,0,0.0,0,,0.4704822996720811,passed,1,2,0,0,delivered,1.0,d2c_brand,d2c_brand,medium,physical_delivery,0,0.8980776914720965,1,1,104,11.0,-215.1326388888889,1,0.8189640947288005,794,0.9341176470588235,0,ACCEPT,-97.88,False
DSP001072,TXN0231999,M000248,CUS0082313,Visa,MERCHANDISE_NOT_AS_DESCRIBED,Merchandise Not As Described,2025-05-02,949,676,179,2025-05-16,14,contested,lost,2025-05-21,6,3,3,0,0.9288666666666666,6,0,1.0,1195,credit_card,0,0.0,0,,0.3472609499505129,passed,0,1,0,0,delivered,1.0,d2c_brand,d2c_brand,medium,physical_delivery,0,0.8980776914720965,1,1,104,14.0,50.55,0,0.6913266325205805,855,0.9009483667017913,0,ACCEPT,-198.93,False
DSP001073,TXN0231706,M000248,,Visa,CREDIT_NOT_PROCESSED,Credit Not Processed,2025-09-25,1150,570,195,2025-10-05,10,contested,won,2025-10-11,6,3,3,0,0.9785,6,0,1.0,2949,upi,0,0.0,0,,0.1788386887940281,not_applicable,1,1,0,0,delivered,1.0,d2c_brand,d2c_brand,medium,physical_delivery,0,0.8980776914720965,1,1,104,10.0,264.53333333333336,1,0.9165571683218742,765,0.6652173913043479,1,CONTEST,289.04,False
DSP001074,TXN0230797,M000248,CUS0082374,Visa,MERCHANDISE_NOT_AS_DESCRIBED,Merchandise Not As Described,2026-02-17,2645,504,226,2026-02-27,10,contested,lost,2026-03-31,6,3,3,0,0.8938666666666667,6,0,1.0,1149,credit_card,3,5443.0,0,23.0,0.5405532417295522,passed,1,2,0,0,delivered,1.0,d2c_brand,d2c_brand,medium,physical_delivery,0,0.8980776914720965,1,1,104,10.0,149.40208333333334,0,0.7551623581984114,730,0.27599243856332706,1,CONTEST,1267.4,True
DSP001075,TXN0230455,M000248,CUS0082473,Mastercard,UNAUTHORIZED_TRANSACTION,Unauthorized Transaction,2025-06-28,2050,462,232,2025-07-10,12,contested,lost,2025-07-28,5,4,4,0,0.7845666666666666,5,1,1.0,3899,upi,0,0.0,0,,0.1699632897111551,not_applicable,1,1,0,0,delivered,0.0,d2c_brand,d2c_brand,medium,physical_delivery,0,0.8980776914720965,1,1,104,12.0,83.37222222222222,0,0.39968325740945526,694,0.3385365853658537,1,CONTEST,125.35,False
DSP001076,TXN0232468,M000248,,Mastercard,MERCHANDISE_NOT_AS_DESCRIBED,Merchandise Not As Described,2025-06-18,1600,606,179,2025-07-05,17,contested,won,2025-07-18,6,3,3,0,0.9699333333333332,6,0,1.0,2145,debit_card,0,0.0,0,,0.1167943919054526,passed,1,3,0,0,delivered,1.0,d2c_brand,d2c_brand,medium,physical_delivery,0,0.8980776914720965,1,1,104,17.0,147.76111111111112,1,0.8499094934161349,785,0.490625,1,CONTEST,574.86,False
DSP001077,TXN0232038,M000248,,Visa,UNAUTHORIZED_TRANSACTION,Unauthorized Transaction,2025-09-14,3499,597,257,2025-09-25,11,contested,lost,2025-10-09,6,4,4,0,0.9618166666666668,6,0,1.0,2299,credit_card,0,0.0,0,,0.2823357826298478,passed,1,1,0,0,delivered,1.0,d2c_brand,d2c_brand,medium,physical_delivery,0,0.8980776914720965,1,1,104,11.0,225.28958333333333,0,0.4253318077803204,854,0.2440697342097742,1,CONTEST,634.24,False
DSP001078,TXN0231043,M000248,CUS0082184,Visa,MERCHANDISE_NOT_RECEIVED,Merchandise Not Received,2025-12-07,4249,694,210,2025-12-15,8,contested,won,2026-01-09,6,4,4,0,0.9617,6,0,1.0,1349,debit_card,0,0.0,0,,0.1203848336101413,passed,1,1,0,0,delivered,1.0,d2c_brand,d2c_brand,medium,physical_delivery,0,0.8980776914720965,1,1,104,8.0,295.41527777777776,1,0.9382683982683983,904,0.21275594257472347,1,CONTEST,3082.7,False
DSP001079,TXN0231919,M000248,,Mastercard,MERCHANDISE_NOT_AS_DESCRIBED,Merchandise Not As Described,2026-01-26,2499,659,178,2026-02-04,9,contested,won,2026-02-15,6,3,3,0,0.9454833333333332,6,0,1.0,1795,debit_card,2,5840.0,0,32.0,0.1787526888163851,passed,0,1,0,0,delivered,0.0,d2c_brand,d2c_brand,medium,physical_delivery,0,0.8980776914720965,1,1,104,9.0,178.4125,1,0.8234389051808406,837,0.3349339735894358,1,CONTEST,1220.77,False
DSP001080,TXN0234835,M000249,CUS0083275,Mastercard,MERCHANDISE_NOT_AS_DESCRIBED,Merchandise Not As Described,2025-06-01,1699,530,285,2025-06-08,7,contested,won,2025-07-06,5,3,2,1,0.7898666666666667,5,1,0.6666666666666666,69499,upi,0,0.0,0,,0.3045728996890971,not_applicable,0,1,0,0,,,d2c_brand,d2c_brand,medium,physical_delivery,0,0.7897459014402501,1,0,51,7.0,-111.6,1,0.5709021573541697,815,0.47969393761035906,1,CONTEST,154.96,False
DSP001081,TXN0233783,M000249,CUS0083268,RuPay,MERCHANDISE_NOT_RECEIVED,Merchandise Not Received,2025-06-13,945,612,171,2025-06-24,11,contested,won,2025-07-13,6,4,4,0,0.9086333333333334,6,0,1.0,419,debit_card,0,0.0,0,,0.2063605326948662,failed,0,2,0,0,in_transit,0.0,d2c_brand,d2c_brand,medium,physical_delivery,0,0.7897459014402501,1,0,51,11.0,155.3125,1,0.9468913165405464,783,0.8285714285714286,1,CONTEST,111.81,False
DSP001082,TXN0232736,M000249,CUS0083723,Visa,MERCHANDISE_NOT_AS_DESCRIBED,Merchandise Not As Described,2025-07-05,465,747,200,2025-07-17,12,contested,won,2025-08-12,5,3,3,0,0.7156166666666667,5,1,1.0,999,debit_card,2,3444.0,0,72.0,0.0463959815978207,failed,1,2,0,0,delivered,1.0,d2c_brand,d2c_brand,medium,physical_delivery,0,0.7897459014402501,1,0,51,12.0,-72.07708333333333,1,0.7404131926154862,947,1.0,0,ACCEPT,-602.71,False
DSP001083,TXN0234202,M000249,CUS0083411,Visa,MERCHANDISE_NOT_AS_DESCRIBED,Merchandise Not As Described,2025-07-09,1649,684,223,2025-07-29,20,contested,won,2025-08-12,4,3,3,0,0.6040333333333333,4,2,1.0,6799,debit_card,0,0.0,0,,0.2224226912548324,passed,1,1,0,0,,,d2c_brand,d2c_brand,medium,physical_delivery,0,0.7897459014402501,1,0,51,20.0,60.21736111111111,1,0.5625228758169935,907,0.5500303214069133,1,CONTEST,20.6,True
DSP001085,TXN0233272,M000249,,RuPay,UNAUTHORIZED_TRANSACTION,Unauthorized Transaction,2025-06-02,1300,630,272,2025-06-22,20,contested,lost,2025-06-22,4,4,2,2,0.6061166666666666,4,2,0.5,4299,debit_card,0,0.0,0,,0.5299143472885902,passed,1,1,0,0,delivered,0.0,d2c_brand,d2c_brand,medium,physical_delivery,0,0.7897459014402501,1,0,51,20.0,-186.6,0,0.09987711213517665,902,0.6938461538461539,0,ACCEPT,-772.16,False
DSP001088,TXN0232916,M000249,CUS0083930,Visa,DUPLICATE_TRANSACTION,Duplicate Transaction,2025-08-22,2150,733,291,2025-09-11,20,contested,lost,2025-09-05,4,2,1,1,0.6154333333333333,4,2,0.5,745,credit_card,4,7542.0,0,36.0,0.1782548559007974,passed,1,1,0,0,delivered,1.0,d2c_brand,d2c_brand,medium,physical_delivery,0,0.7897459014402501,1,0,51,20.0,-33.02777777777778,0,0.5514117647058824,1024,0.4762790697674419,1,CONTEST,161.54,False
DSP001089,TXN0237876,M000250,CUS0084452,Visa,MERCHANDISE_NOT_AS_DESCRIBED,Merchandise Not As Described,2025-05-31,10000,704,192,2025-06-20,20,contested,lost,2025-07-14,3,3,1,2,0.4581833333333333,3,3,0.3333333333333333,1349,credit_card,0,0.0,0,,0.1141171886196163,passed,1,1,0,0,delivered,0.0,travel_booking,travel_booking,medium,booking_service,0,0.6945717917548357,0,1,58,20.0,-55.58819444444445,0,0.015384615384615385,896,0.0896,0,ACCEPT,-742.15,True
DSP001090,TXN0237726,M000250,CUS0084758,Mastercard,SERVICE_NOT_RENDERED,Service Not Rendered,2025-09-12,4895,625,267,2025-09-29,17,contested,won,2025-10-12,4,3,2,1,0.5770833333333333,4,2,0.6666666666666666,2549,debit_card,3,3167.0,0,26.0,0.0904573817062805,passed,1,1,1,0,delivered,1.0,travel_booking,travel_booking,medium,booking_service,0,0.6945717917548357,0,1,58,17.0,197.4597222222222,1,0.5194117647058824,892,0.1822267620020429,1,CONTEST,1650.52,False
DSP001091,TXN0237246,M000250,,RuPay,SERVICE_NOT_RENDERED,Service Not Rendered,2025-12-01,11999,591,259,2025-12-13,12,contested,lost,2025-12-29,2,3,1,2,0.3119833333333333,2,4,0.3333333333333333,1649,debit_card,1,2849.0,0,10.0,0.3874962200922835,passed,1,1,0,0,delivered,0.0,travel_booking,travel_booking,medium,booking_service,0,0.6945717917548357,0,1,58,12.0,287.7076388888889,0,0.03225806451612903,850,0.07083923660305025,0,ACCEPT,-462.94,False
DSP001094,TXN0235798,M000250,CUS0084453,RuPay,UNAUTHORIZED_TRANSACTION,Unauthorized Transaction,2025-03-12,3749,670,164,2025-04-02,21,contested,lost,2025-04-20,5,3,3,0,0.7228500000000001,5,1,1.0,10695,credit_card,2,15198.0,0,29.0,0.2037658752099161,failed,1,1,0,0,,,travel_booking,travel_booking,medium,booking_service,0,0.6945717917548357,0,1,58,21.0,-87.47916666666667,0,0.3753318077803204,834,0.22245932248599626,1,CONTEST,573.12,False
DSP001095,TXN0237040,M000250,CUS0084647,Mastercard,CREDIT_NOT_PROCESSED,Credit Not Processed,2025-11-15,65500,726,254,2025-11-27,12,contested,won,2025-12-11,6,4,4,0,0.8482666666666666,6,0,1.0,499,debit_card,2,1894.0,0,10.0,0.3384575673021212,failed,1,1,0,0,delivered,1.0,travel_booking,travel_booking,medium,booking_service,0,0.6945717917548357,0,1,58,12.0,68.10833333333333,1,0.8663268934956274,980,0.014961832061068702,1,CONTEST,55764.41,True
DSP001096,TXN0235656,M000250,,Visa,MERCHANDISE_NOT_AS_DESCRIBED,Merchandise Not As Described,2026-01-04,8400,433,277,2026-01-22,18,contested,won,2026-01-31,4,3,3,0,0.5664666666666667,4,2,1.0,28499,credit_card,3,34943.0,0,253.0,0.8019034551809835,passed,0,1,0,0,,,travel_booking,travel_booking,medium,booking_service,0,0.6945717917548357,0,1,58,18.0,39.94513888888889,1,0.5171895424836601,710,0.08452380952380953,1,CONTEST,3634.39,False
DSP001097,TXN0238891,M000251,,Visa,MERCHANDISE_NOT_AS_DESCRIBED,Merchandise Not As Described,2025-07-16,2550,414,260,2025-08-02,17,contested,won,2025-08-29,5,3,3,0,0.8166666666666668,5,1,1.0,1445,credit_card,0,0.0,0,,0.0419704187428578,passed,1,3,0,0,delivered,1.0,d2c_brand,d2c_brand,medium,physical_delivery,0,0.8312147758190127,1,1,39,17.0,-62.45555555555556,1,0.7837698359721295,674,0.2643137254901961,1,CONTEST,1324.61,False
DSP001098,TXN0239044,M000251,,Visa,MERCHANDISE_NOT_RECEIVED,Merchandise Not Received,2025-09-09,950,746,169,2025-09-25,16,contested,won,2025-10-14,6,4,4,0,0.90185,6,0,1.0,4299,debit_card,0,0.0,0,,0.3171916695971534,passed,1,1,0,0,delivered,0.0,d2c_brand,d2c_brand,medium,physical_delivery,0,0.8312147758190127,1,1,39,16.0,-113.475,1,0.9082957910333802,915,0.9631578947368421,0,ACCEPT,-52.12,True
DSP001099,TXN0238239,M000251,,RuPay,MERCHANDISE_NOT_AS_DESCRIBED,Merchandise Not As Described,2025-04-28,180,676,242,2025-05-07,9,contested,won,2025-05-15,4,3,2,1,0.6087666666666667,4,2,0.6666666666666666,1545,netbanking,1,899.0,0,269.0,0.7434017103608571,not_applicable,1,1,0,0,delivered,1.0,d2c_brand,d2c_brand,medium,physical_delivery,0,0.8312147758190127,1,1,39,9.0,-190.525,1,0.5323942208462332,918,1.0,0,ACCEPT,-822.17,False
DSP001101,TXN0240549,M000251,,Visa,MERCHANDISE_NOT_AS_DESCRIBED,Merchandise Not As Described,2025-10-21,1049,569,204,2025-11-04,14,contested,won,2025-11-14,5,3,3,0,0.7516166666666666,5,1,1.0,1099,debit_card,2,3794.0,0,53.0,0.1330125739232447,passed,1,3,0,0,in_transit,0.0,d2c_brand,d2c_brand,medium,physical_delivery,0,0.8312147758190127,1,1,39,14.0,18.68125,1,0.7740856254458137,773,0.7368922783603432,1,CONTEST,39.02,True
DSP001105,TXN0241177,M000252,CUS0086596,Visa,DUPLICATE_TRANSACTION,Duplicate Transaction,2025-10-15,1499,483,292,2025-10-28,13,contested,lost,2025-11-09,4,2,0,2,0.6018333333333333,4,2,0.0,1549,debit_card,1,1299.0,0,155.0,0.0855198667047022,passed,1,1,0,1,delivered,0.0,d2c_brand,d2c_brand,medium,physical_delivery,0,0.8101817536980807,1,1,50,13.0,-18.278472222222224,0,0.2693628009417483,775,0.5170113408939293,0,ACCEPT,-371.23,False
DSP001106,TXN0242099,M000252,CUS0085925,Visa,MERCHANDISE_NOT_AS_DESCRIBED,Merchandise Not As Described,2025-05-28,745,491,169,2025-06-16,19,contested,won,2025-06-21,4,3,2,1,0.62085,4,2,0.6666666666666666,799,credit_card,0,0.0,0,,0.3480546656194244,passed,1,1,0,0,delivered,1.0,d2c_brand,d2c_brand,medium,physical_delivery,0,0.8101817536980807,1,1,50,19.0,77.88541666666667,1,0.4754697864315216,660,0.8859060402684564,0,ACCEPT,-305.78,False
DSP001107,TXN0241897,M000252,CUS0086174,Visa,UNAUTHORIZED_TRANSACTION,Unauthorized Transaction,2025-09-26,490,570,299,2025-10-16,20,contested,lost,2025-10-21,5,4,4,0,0.6981833333333333,5,1,1.0,1949,credit_card,0,0.0,0,,0.3776683640906288,passed,0,3,0,0,delivered,1.0,d2c_brand,d2c_brand,medium,physical_delivery,0,0.8101817536980807,1,1,50,20.0,186.64930555555557,0,0.5550865285385409,869,1.0,0,ACCEPT,-597.01,False
DSP001109,TXN0242290,M000252,,Visa,UNAUTHORIZED_TRANSACTION,Unauthorized Transaction,2025-03-02,2199,617,231,2025-03-22,20,contested,won,2025-03-31,6,4,4,0,0.9001666666666667,6,0,1.0,7199,upi,0,0.0,0,,0.4803026762291862,not_applicable,1,1,0,0,,,d2c_brand,d2c_brand,medium,physical_delivery,0,0.8101817536980807,1,1,50,20.0,-215.51944444444445,1,0.6204748069268193,848,0.3856298317417008,1,CONTEST,516.42,False
DSP001113,TXN0243152,M000252,CUS0086469,Mastercard,DUPLICATE_TRANSACTION,Duplicate Transaction,2025-05-21,359,750,209,2025-05-30,9,contested,won,2025-06-15,4,2,1,1,0.6533333333333333,4,2,0.5,6599,upi,0,0.0,0,,0.1779879213269552,not_applicable,1,3,0,0,,,d2c_brand,d2c_brand,medium,physical_delivery,0,0.8101817536980807,1,1,50,9.0,-28.494444444444444,1,0.6167523989000634,959,1.0,0,ACCEPT,-737.59,False
DSP001114,TXN0242278,M000252,,Visa,CREDIT_NOT_PROCESSED,Credit Not Processed,2025-09-22,1800,440,200,2025-10-13,21,contested,won,2025-11-02,5,3,3,0,0.7984166666666667,5,1,1.0,9299,debit_card,0,0.0,0,,0.1622870558730495,passed,0,1,0,0,,,d2c_brand,d2c_brand,medium,physical_delivery,0,0.8101817536980807,1,1,50,21.0,101.06666666666666,1,0.8363412645435581,640,0.35555555555555557,1,CONTEST,865.41,False
DSP001117,TXN0245022,M000253,,Mastercard,SERVICE_NOT_RENDERED,Service Not Rendered,2025-10-08,4899,556,289,2025-10-18,10,contested,lost,2025-11-09,3,3,1,2,0.3413333333333333,3,3,0.3333333333333333,1499,debit_card,0,0.0,0,,0.0886034409506693,passed,1,2,0,0,,,travel_booking,travel_booking,medium,booking_service,0,0.5253155529994583,0,0,11,10.0,36.80416666666667,0,0.015384615384615385,845,0.17248418044498878,0,ACCEPT,-769.63,False
DSP001118,TXN0245581,M000253,CUS0087098,Mastercard,UNAUTHORIZED_TRANSACTION,Unauthorized Transaction,2025-06-03,3850,489,159,2025-06-14,11,contested,lost,2025-07-06,2,3,1,2,0.2474166666666667,2,4,0.3333333333333333,999,credit_card,0,0.0,0,,0.3877040866902326,passed,1,3,0,0,,,travel_booking,travel_booking,medium,booking_service,0,0.5253155529994583,0,0,11,11.0,10.997916666666669,0,0.0,648,0.1683116883116883,0,ACCEPT,-648.0,False
DSP001119,TXN0245508,M000253,,Mastercard,CREDIT_NOT_PROCESSED,Credit Not Processed,2025-03-17,7295,504,167,2025-04-01,15,contested,lost,2025-04-24,2,4,2,2,0.2370166666666666,2,4,0.5,999,credit_card,1,1499.0,0,20.0,0.1995777022025389,passed,1,1,0,0,,,travel_booking,travel_booking,medium,booking_service,0,0.5253155529994583,0,0,11,15.0,-2.415277777777778,0,0.0,671,0.09198080877313228,0,ACCEPT,-671.0,True
DSP001120,TXN0245395,M000253,CUS0087516,Mastercard,SERVICE_NOT_RENDERED,Service Not Rendered,2025-02-28,18699,654,237,2025-03-20,20,contested,lost,2025-03-21,2,3,0,3,0.2720666666666667,2,4,0.0,999,credit_card,0,0.0,0,,0.1041463151615331,passed,1,1,0,0,,,travel_booking,travel_booking,medium,booking_service,0,0.5253155529994583,0,0,11,20.0,-3.1534722222222222,0,0.0,891,0.04764960693085192,0,ACCEPT,-891.0,False
DSP001121,TXN0245645,M000253,CUS0086920,RuPay,SERVICE_NOT_RENDERED,Service Not Rendered,2025-08-09,4850,506,178,2025-08-25,16,contested,won,2025-08-30,3,3,2,1,0.4193499999999999,3,3,0.6666666666666666,1499,upi,0,0.0,0,,0.103606539369042,not_applicable,1,1,0,0,,,travel_booking,travel_booking,medium,booking_service,0,0.5253155529994583,0,0,11,16.0,194.4423611111111,1,0.265853566723132,684,0.14103092783505156,1,CONTEST,605.39,False
DSP001122,TXN0247108,M000254,CUS0087928,Visa,CREDIT_NOT_PROCESSED,Credit Not Processed,2025-08-05,999,616,257,2025-08-19,14,contested,lost,2025-08-21,3,4,1,3,0.4375333333333333,3,3,0.25,999,debit_card,0,0.0,0,,0.0734863426004818,passed,1,3,0,0,,,subscription_edtech,subscription_edtech,medium,digital_service,1,0.6320369310685984,0,1,46,14.0,11.865277777777775,0,0.0,873,0.8738738738738738,0,ACCEPT,-873.0,False
DSP001123,TXN0247655,M000254,CUS0088146,Mastercard,DUPLICATE_TRANSACTION,Duplicate Transaction,2025-10-17,1499,698,268,2025-11-04,18,contested,won,2025-11-26,4,2,2,0,0.5158666666666667,4,2,1.0,2999,credit_card,0,0.0,0,,0.5287248476817926,passed,1,3,0,0,,,subscription_edtech,subscription_edtech,medium,digital_service,1,0.6320369310685984,0,1,46,18.0,121.58888888888887,1,0.6070132684652808,966,0.6444296197464977,0,ACCEPT,-56.09,False
DSP001124,TXN0246195,M000254,,Visa,CREDIT_NOT_PROCESSED,Credit Not Processed,2025-08-03,999,418,169,2025-08-23,20,contested,won,2025-09-01,5,4,3,1,0.739,5,1,0.75,24999,debit_card,0,0.0,0,,0.2274053842540206,passed,1,1,0,0,,,subscription_edtech,subscription_edtech,medium,digital_service,1,0.6320369310685984,0,1,46,20.0,181.5236111111111,1,0.6604694896634375,587,0.5875875875875876,1,CONTEST,72.81,False
DSP001126,TXN0247606,M000254,CUS0088206,Visa,CREDIT_NOT_PROCESSED,Credit Not Processed,2025-09-15,999,504,185,2025-10-05,20,contested,lost,2025-10-08,4,4,2,2,0.5257333333333333,4,2,0.5,2999,debit_card,0,0.0,0,,0.1434307897326619,passed,1,1,0,0,,,subscription_edtech,subscription_edtech,medium,digital_service,1,0.6320369310685984,0,1,46,20.0,-96.77569444444444,0,0.07007319056654919,689,0.6896896896896897,0,ACCEPT,-619.0,False
DSP001128,TXN0247181,M000254,CUS0088364,Mastercard,CREDIT_NOT_PROCESSED,Credit Not Processed,2025-06-14,999,728,227,2025-07-02,18,contested,won,2025-07-08,6,4,4,0,0.8253666666666667,6,0,1.0,1499,upi,0,0.0,0,,0.3151087493502415,not_applicable,1,1,0,0,,,subscription_edtech,subscription_edtech,medium,digital_service,1,0.6320369310685984,0,1,46,18.0,114.18125,1,0.9347389865036924,955,0.955955955955956,0,ACCEPT,-21.2,False
DSP001134,TXN0246392,M000254,CUS0088303,Mastercard,RECURRING_BILLING_DISPUTE,Recurring Billing Dispute,2025-08-08,999,423,246,2025-08-29,21,contested,won,2025-09-03,5,5,4,1,0.6567833333333333,5,1,0.8,1499,credit_card,2,26498.0,0,19.0,0.0462317203938309,failed,1,2,0,0,,,subscription_edtech,subscription_edtech,medium,digital_service,1,0.6320369310685984,0,1,46,21.0,62.543055555555554,1,0.6101589923066568,669,0.6696696696696697,0,ACCEPT,-59.45,True
DSP001135,TXN0250391,M000255,CUS0089508,Mastercard,RECURRING_BILLING_DISPUTE,Recurring Billing Dispute,2025-08-23,799,743,231,2025-09-10,18,contested,won,2025-09-15,6,5,5,0,0.9433,6,0,1.0,14999,credit_card,0,0.0,0,,0.3294248693628956,passed,1,1,0,0,,,saas_tools,saas_tools,medium,digital_service,1,0.8341393522990214,0,1,83,18.0,163.04791666666668,1,1.0,974,1.0,0,ACCEPT,-175.0,False
DSP001136,TXN0248800,M000255,,Visa,UNAUTHORIZED_TRANSACTION,Unauthorized Transaction,2025-05-17,799,677,275,2025-05-27,10,contested,won,2025-06-21,6,4,4,0,0.8720500000000001,6,0,1.0,799,upi,0,0.0,0,,0.1291010036627894,not_applicable,1,1,0,0,,,saas_tools,saas_tools,medium,digital_service,1,0.8341393522990214,0,1,83,10.0,-40.11527777777778,1,0.6204748069268193,952,1.0,0,ACCEPT,-456.24,False
DSP001137,TXN0250593,M000255,,Mastercard,DUPLICATE_TRANSACTION,Duplicate Transaction,2025-04-23,799,742,250,2025-05-06,13,contested,won,2025-05-28,6,2,2,0,0.94525,6,0,1.0,24999,debit_card,4,23996.0,0,0.0,0.4927422107147157,passed,1,3,0,0,,,saas_tools,saas_tools,medium,digital_service,1,0.8341393522990214,0,1,83,13.0,-229.45,1,0.9564502164502166,992,1.0,0,ACCEPT,-227.8,False
DSP001138,TXN0250075,M000255,CUS0089296,Mastercard,UNAUTHORIZED_TRANSACTION,Unauthorized Transaction,2026-03-04,2999,454,246,2026-03-18,14,contested,lost,2026-04-11,5,4,3,1,0.7760333333333334,5,1,0.75,2999,credit_card,0,0.0,0,,0.330917122778393,passed,1,1,0,0,,,saas_tools,saas_tools,medium,digital_service,1,0.8341393522990214,0,1,83,14.0,176.80555555555554,0,0.3132345191040843,700,0.2334111370456819,1,CONTEST,239.39,False
DSP001139,TXN0248620,M000255,,Visa,CREDIT_NOT_PROCESSED,Credit Not Processed,2025-07-21,2999,432,245,2025-08-03,13,contested,won,2025-08-07,5,4,4,0,0.7459666666666668,5,1,1.0,1499,netbanking,2,1598.0,0,165.0,0.2031686489042831,not_applicable,1,1,0,0,,,saas_tools,saas_tools,medium,digital_service,1,0.8341393522990214,0,1,83,13.0,-101.43472222222222,1,0.9347389865036924,677,0.2257419139713238,1,CONTEST,2126.28,False
DSP001140,TXN0249860,M000255,CUS0089699,Visa,RECURRING_BILLING_DISPUTE,Recurring Billing Dispute,2025-05-05,1499,509,215,2025-05-18,13,contested,won,2025-06-02,6,5,5,0,0.9199666666666668,6,0,1.0,2999,upi,1,799.0,0,56.0,0.3818091420009331,not_applicable,0,1,0,0,,,saas_tools,saas_tools,medium,digital_service,1,0.8341393522990214,0,1,83,13.0,-69.025,1,1.0,724,0.4829886591060707,1,CONTEST,775.0,False
DSP001141,TXN0249417,M000255,CUS0088766,Visa,RECURRING_BILLING_DISPUTE,Recurring Billing Dispute,2026-03-05,1499,704,261,2026-03-18,13,contested,won,2026-03-23,6,5,5,0,0.9398333333333334,6,0,1.0,799,upi,1,799.0,0,192.0,0.4334114111521738,not_applicable,1,3,0,0,,,saas_tools,saas_tools,medium,digital_service,1,0.8341393522990214,0,1,83,13.0,227.9638888888889,1,1.0,965,0.6437625083388926,1,CONTEST,534.0,False
DSP001146,TXN0250931,M000255,,RuPay,CREDIT_NOT_PROCESSED,Credit Not Processed,2026-01-09,1499,547,174,2026-01-22,13,contested,won,2026-02-14,6,4,4,0,0.8966666666666666,6,0,1.0,2999,credit_card,0,0.0,0,,0.4850015380351458,passed,1,1,0,1,,,saas_tools,saas_tools,medium,digital_service,1,0.8341393522990214,0,1,83,13.0,168.65,1,0.9797366960515262,721,0.4809873248832555,1,CONTEST,747.63,False
DSP001147,TXN0250573,M000255,,RuPay,SERVICE_NOT_RENDERED,Service Not Rendered,2025-11-08,799,718,248,2025-11-19,11,contested,won,2025-11-22,5,4,4,0,0.7792,5,1,1.0,14999,credit_card,0,0.0,0,,0.4431601727998541,passed,0,1,0,0,,,saas_tools,saas_tools,medium,digital_service,1,0.8341393522990214,0,1,83,11.0,302.5361111111111,1,0.9564502164502166,966,1.0,0,ACCEPT,-201.8,False
DSP001151,TXN0252180,M000256,,Visa,UNAUTHORIZED_TRANSACTION,Unauthorized Transaction,2025-04-05,14999,674,254,2025-04-24,19,contested,lost,2025-05-04,4,4,3,1,0.6255833333333333,4,2,0.75,14999,upi,0,0.0,0,,0.3684299503124444,not_applicable,1,1,0,0,,,subscription_edtech,subscription_edtech,medium,digital_service,1,0.6224554277681487,0,1,102,19.0,77.00902777777777,0,0.25004329004329007,928,0.06187079138609241,1,CONTEST,2822.4,True
DSP001154,TXN0252681,M000256,CUS0090475,RuPay,CREDIT_NOT_PROCESSED,Credit Not Processed,2026-01-03,24999,714,159,2026-01-17,14,contested,lost,2026-02-05,3,4,1,3,0.3927,3,3,0.25,2999,credit_card,1,24999.0,0,26.0,0.4849443431919757,passed,1,1,0,0,,,subscription_edtech,subscription_edtech,medium,digital_service,1,0.6224554277681487,0,1,102,14.0,218.72847222222225,0,0.032258064516129094,873,0.03492139685587423,0,ACCEPT,-66.58,False
DSP001155,TXN0253490,M000256,CUS0090611,Mastercard,RECURRING_BILLING_DISPUTE,Recurring Billing Dispute,2025-05-03,2999,504,297,2025-05-20,17,contested,lost,2025-06-16,3,5,3,2,0.3349666666666667,3,3,0.6,7199,upi,0,0.0,0,,0.3173274191873337,not_applicable,1,1,0,0,,,subscription_edtech,subscription_edtech,medium,digital_service,1,0.6224554277681487,0,1,102,17.0,83.80347222222223,0,0.015384615384615385,801,0.26708902967655884,0,ACCEPT,-754.86,False
DSP001156,TXN0251294,M000256,CUS0090320,Visa,RECURRING_BILLING_DISPUTE,Recurring Billing Dispute,2025-04-19,2999,420,276,2025-05-08,19,contested,won,2025-05-14,5,5,4,1,0.7309666666666667,5,1,0.8,2999,credit_card,1,14999.0,0,194.0,0.5523275105152291,passed,0,1,0,0,,,subscription_edtech,subscription_edtech,medium,digital_service,1,0.6224554277681487,0,1,102,19.0,-99.81736111111113,1,0.6745231077935034,696,0.23207735911970656,1,CONTEST,1326.89,True
DSP001157,TXN0251871,M000256,,Visa,RECURRING_BILLING_DISPUTE,Recurring Billing Dispute,2025-06-21,2999,594,209,2025-07-09,18,contested,won,2025-07-18,5,5,4,1,0.7145666666666667,5,1,0.8,14999,debit_card,0,0.0,0,,0.4575807160541167,passed,1,1,0,0,,,subscription_edtech,subscription_edtech,medium,digital_service,1,0.6224554277681487,0,1,102,18.0,119.58055555555556,1,0.7546325810701687,803,0.2677559186395465,1,CONTEST,1460.14,False
DSP001158,TXN0252957,M000256,CUS0089994,RuPay,CREDIT_NOT_PROCESSED,Credit Not Processed,2025-10-18,2999,595,273,2025-11-07,20,contested,won,2025-11-16,4,4,3,1,0.5593666666666667,4,2,0.75,14099,upi,0,0.0,0,,0.2804881057068565,not_applicable,1,1,0,0,,,subscription_edtech,subscription_edtech,medium,digital_service,1,0.6224554277681487,0,1,102,20.0,205.1576388888889,1,0.46996732026143795,868,0.2894298099366455,1,CONTEST,541.43,False
DSP001165,TXN0255332,M000257,CUS0091388,Visa,DUPLICATE_TRANSACTION,Duplicate Transaction,2026-02-05,24000,697,232,2026-02-20,15,contested,won,2026-03-04,4,2,2,0,0.56515,4,2,1.0,13399,upi,0,0.0,0,,0.5911070537496649,not_applicable,1,1,0,0,,,travel_booking,travel_booking,medium,booking_service,0,0.6152183513357321,0,1,113,15.0,311.64930555555554,1,0.5785667520101989,929,0.03870833333333333,1,CONTEST,12956.6,False
DSP001167,TXN0255210,M000257,,Mastercard,MERCHANDISE_NOT_AS_DESCRIBED,Merchandise Not As Described,2025-12-25,16099,527,225,2026-01-04,10,contested,won,2026-01-25,5,3,2,1,0.6178,5,1,0.6666666666666666,1999,upi,0,0.0,0,,0.3154450450011846,not_applicable,1,1,0,0,,,travel_booking,travel_booking,medium,booking_service,0,0.6152183513357321,0,1,113,10.0,356.48541666666665,1,0.2528237746485934,752,0.04671097583700851,1,CONTEST,3318.21,True
DSP001169,TXN0254996,M000257,,Visa,MERCHANDISE_NOT_AS_DESCRIBED,Merchandise Not As Described,2025-06-04,5295,511,173,2025-06-22,18,contested,lost,2025-06-19,4,3,2,1,0.5308833333333333,4,2,0.6666666666666666,14095,credit_card,0,0.0,0,,0.1862694732419912,passed,1,2,0,0,,,travel_booking,travel_booking,medium,booking_service,0,0.6152183513357321,0,1,113,18.0,32.12083333333333,0,0.20313262530676743,684,0.12917847025495752,1,CONTEST,391.59,False
DSP001170,TXN0255898,M000257,CUS0091271,Visa,MERCHANDISE_NOT_AS_DESCRIBED,Merchandise Not As Described,2025-05-21,25500,503,251,2025-06-07,17,contested,lost,2025-06-26,5,3,2,1,0.7399666666666667,5,1,0.6666666666666666,999,credit_card,0,0.0,0,,0.5091149758719574,passed,0,1,0,0,,,travel_booking,travel_booking,medium,booking_service,0,0.6152183513357321,0,1,113,17.0,-30.491666666666667,0,0.3230590805075931,754,0.029568627450980392,1,CONTEST,7484.01,False
DSP001172,TXN0256833,M000258,,Mastercard,RECURRING_BILLING_DISPUTE,Recurring Billing Dispute,2025-02-20,999,658,246,2025-03-13,21,contested,lost,2025-03-27,5,5,5,0,0.74805,5,1,1.0,999,debit_card,0,0.0,0,,0.3422422109149641,passed,1,1,0,0,,,subscription_edtech,subscription_edtech,medium,digital_service,1,0.6971542650309446,0,1,108,21.0,-50.66458333333333,0,0.8884520576166033,904,0.9049049049049049,0,ACCEPT,-16.44,False
DSP001175,TXN0259237,M000258,CUS0091671,Mastercard,RECURRING_BILLING_DISPUTE,Recurring Billing Dispute,2025-10-10,1499,612,176,2025-10-29,19,contested,won,2025-11-19,6,5,5,0,0.8891166666666667,6,0,1.0,359,upi,1,1649.0,0,246.0,0.1407585247505139,not_applicable,1,2,0,0,delivered,1.0,subscription_edtech,subscription_edtech,medium,digital_service,1,0.6971542650309446,0,1,108,19.0,-26.08125,1,0.963474515673072,788,0.5256837891927952,1,CONTEST,656.25,False
DSP001176,TXN0256607,M000258,,Visa,RECURRING_BILLING_DISPUTE,Recurring Billing Dispute,2025-07-03,24999,484,210,2025-07-19,16,contested,lost,2025-07-19,6,5,5,0,0.8992666666666667,6,0,1.0,1499,debit_card,0,0.0,0,,0.2512752605993686,passed,0,1,0,0,,,subscription_edtech,subscription_edtech,medium,digital_service,1,0.6971542650309446,0,1,108,16.0,166.25277777777777,0,0.9347389865036924,694,0.027761110444417775,1,CONTEST,22673.54,False
DSP001178,TXN0257337,M000258,,Visa,SERVICE_NOT_RENDERED,Service Not Rendered,2025-12-12,999,482,218,2025-12-26,14,contested,won,2025-12-30,5,4,4,0,0.7829,5,1,1.0,999,credit_card,0,0.0,0,,0.2022050816943029,passed,1,1,0,0,,,subscription_edtech,subscription_edtech,medium,digital_service,1,0.6971542650309446,0,1,108,14.0,337.22777777777776,1,0.9382683982683983,700,0.7007007007007007,1,CONTEST,237.33,False
DSP001180,TXN0257169,M000258,CUS0092244,RuPay,SERVICE_NOT_RENDERED,Service Not Rendered,2025-04-25,1499,511,215,2025-05-05,10,contested,won,2025-05-09,6,4,4,0,0.8796166666666667,6,0,1.0,999,credit_card,0,0.0,0,,0.1177426516707415,passed,0,3,0,0,,,subscription_edtech,subscription_edtech,medium,digital_service,1,0.6971542650309446,0,1,108,10.0,49.826388888888886,1,0.9434790587997686,726,0.48432288192128087,1,CONTEST,688.28,False
DSP001181,TXN0258079,M000258,CUS0092562,Mastercard,SERVICE_NOT_RENDERED,Service Not Rendered,2025-10-12,1499,440,218,2025-10-21,9,contested,won,2025-11-06,6,4,4,0,0.8753166666666666,6,0,1.0,24999,credit_card,0,0.0,0,,0.3868367116661739,passed,1,1,0,0,,,subscription_edtech,subscription_edtech,medium,digital_service,1,0.6971542650309446,0,1,108,9.0,106.13958333333332,1,0.9564502164502166,658,0.4389593062041361,1,CONTEST,775.72,False
DSP001182,TXN0257034,M000258,,Visa,CREDIT_NOT_PROCESSED,Credit Not Processed,2025-05-02,999,684,178,2025-05-16,14,contested,lost,2025-05-23,3,4,1,3,0.4011833333333334,3,3,0.25,1499,credit_card,0,0.0,0,,0.1376460950288642,passed,1,1,0,0,,,subscription_edtech,subscription_edtech,medium,digital_service,1,0.6971542650309446,0,1,108,14.0,0.9784722222222222,0,0.015384615384615385,862,0.8628628628628628,0,ACCEPT,-846.63,False
DSP001184,TXN0257973,M000258,CUS0091861,Visa,UNAUTHORIZED_TRANSACTION,Unauthorized Transaction,2025-05-13,24999,457,189,2025-05-31,18,contested,won,2025-06-02,6,4,4,0,0.9078833333333334,6,0,1.0,999,credit_card,0,0.0,0,,0.531097742075394,failed,1,1,1,0,,,subscription_edtech,subscription_edtech,medium,digital_service,1,0.6971542650309446,0,1,108,18.0,-132.47916666666666,1,0.5550865285385409,646,0.025841033641345653,1,CONTEST,13230.61,True
DSP001185,TXN0258955,M000258,,Mastercard,SERVICE_NOT_RENDERED,Service Not Rendered,2025-12-07,1499,627,185,2025-12-28,21,contested,won,2025-12-23,4,4,3,1,0.6466500000000001,4,2,0.75,8999,credit_card,3,10743.0,0,25.0,0.6067979462381161,passed,1,3,0,0,delivered,0.0,subscription_edtech,subscription_edtech,medium,digital_service,1,0.6971542650309446,0,1,108,21.0,142.48888888888888,1,0.5874666846143491,812,0.5416944629753169,1,CONTEST,68.61,False
DSP001187,TXN0257688,M000258,,Visa,SERVICE_NOT_RENDERED,Service Not Rendered,2025-09-19,999,529,164,2025-09-28,9,contested,won,2025-10-03,5,4,4,0,0.702,5,1,1.0,24999,upi,1,1499.0,0,267.0,0.5460124653986483,not_applicable,1,2,0,0,,,subscription_edtech,subscription_edtech,medium,digital_service,1,0.6971542650309446,0,1,108,9.0,-24.540277777777774,1,0.9347418201489497,693,0.6936936936936937,1,CONTEST,240.81,False
DSP001188,TXN0257638,M000258,CUS0091946,Visa,RECURRING_BILLING_DISPUTE,Recurring Billing Dispute,2025-04-05,999,510,200,2025-04-15,10,contested,won,2025-05-18,5,5,5,0,0.6736666666666666,5,1,1.0,999,credit_card,0,0.0,0,,0.2736777474746789,passed,1,1,0,0,,,subscription_edtech,subscription_edtech,medium,digital_service,1,0.6971542650309446,0,1,108,10.0,-137.94027777777777,1,0.8821675579322639,710,0.7107107107107107,1,CONTEST,171.29,False
DSP001189,TXN0258859,M000258,,Mastercard,RECURRING_BILLING_DISPUTE,Recurring Billing Dispute,2025-07-24,1499,419,278,2025-08-09,16,contested,won,2025-08-16,5,5,5,0,0.7311,5,1,1.0,2649,credit_card,0,0.0,0,,0.3515661328277638,passed,1,1,0,0,delivered,1.0,subscription_edtech,subscription_edtech,medium,digital_service,1,0.6971542650309446,0,1,108,16.0,33.165277777777774,1,0.9347389865036924,697,0.46497665110073383,1,CONTEST,704.17,False
DSP001191,TXN0261894,M000259,CUS0092943,Visa,MERCHANDISE_NOT_AS_DESCRIBED,Merchandise Not As Described,2025-08-30,900,537,204,2025-09-15,16,contested,won,2025-09-21,5,3,3,0,0.7314333333333334,5,1,1.0,1499,credit_card,2,17498.0,0,24.0,0.3499189127658826,passed,0,1,0,0,,,d2c_brand,d2c_brand,medium,physical_delivery,0,0.7845468068544125,1,1,26,16.0,-104.78263888888888,1,0.7307289820891703,741,0.8233333333333334,0,ACCEPT,-83.34,False
DSP001192,TXN0259348,M000259,,RuPay,CREDIT_NOT_PROCESSED,Credit Not Processed,2025-11-16,3599,471,189,2025-11-24,8,contested,won,2025-12-04,5,3,2,1,0.7813333333333333,5,1,0.6666666666666666,2299,debit_card,1,1095.0,0,28.0,0.2349161559258086,passed,1,1,0,0,delivered,1.0,d2c_brand,d2c_brand,medium,physical_delivery,0,0.7845468068544125,1,1,26,8.0,277.01666666666665,1,0.5464752567693745,660,0.18338427340928035,1,CONTEST,1306.76,False
DSP001194,TXN0259504,M000259,CUS0092682,Visa,MERCHANDISE_NOT_RECEIVED,Merchandise Not Received,2026-01-15,1449,490,201,2026-02-01,17,contested,won,2026-02-01,6,4,4,0,0.84625,6,0,1.0,1349,upi,0,0.0,0,,0.3855668345899513,not_applicable,1,2,0,0,delivered,0.0,d2c_brand,d2c_brand,medium,physical_delivery,0,0.7845468068544125,1,1,26,17.0,157.29583333333332,1,0.9764502164502165,691,0.47688060731538995,1,CONTEST,723.88,False
DSP001195,TXN0261177,M000259,,Mastercard,CREDIT_NOT_PROCESSED,Credit Not Processed,2025-04-26,1300,649,235,2025-05-07,11,contested,won,2025-05-17,5,3,2,1,0.7268,5,1,0.6666666666666666,999,upi,0,0.0,0,,0.7266484640704111,not_applicable,1,1,0,1,,,d2c_brand,d2c_brand,medium,physical_delivery,0,0.7845468068544125,1,1,26,11.0,-124.96805555555557,1,0.5616799351319475,884,0.68,0,ACCEPT,-153.82,False
DSP001198,TXN0261666,M000259,CUS0092898,Mastercard,CREDIT_NOT_PROCESSED,Credit Not Processed,2025-06-10,1999,619,225,2025-06-20,10,contested,won,2025-06-30,6,3,3,0,0.93285,6,0,1.0,999,upi,2,3998.0,0,65.0,0.4137295492268774,not_applicable,1,2,0,0,,,d2c_brand,d2c_brand,medium,physical_delivery,0,0.7845468068544125,1,1,26,10.0,-154.01458333333332,1,0.8777782060881446,844,0.4222111055527764,1,CONTEST,910.68,False
DSP001202,TXN0262359,M000260,CUS0094240,RuPay,CREDIT_NOT_PROCESSED,Credit Not Processed,2025-06-21,14999,698,177,2025-07-05,14,contested,lost,2025-07-23,2,4,2,2,0.2573499999999999,2,4,0.5,2499,upi,0,0.0,0,,0.0898665644660983,not_applicable,0,1,0,0,,,fitness_membership,fitness_membership,medium,membership_service,1,0.5140794407194617,0,1,112,14.0,-59.67083333333333,0,0.0,875,0.058337222481498766,0,ACCEPT,-875.0,False
DSP001205,TXN0262639,M000260,,Visa,SERVICE_NOT_RENDERED,Service Not Rendered,2025-07-03,1499,691,273,2025-07-11,8,contested,won,2025-08-07,5,4,4,0,0.65075,5,1,1.0,2499,upi,0,0.0,0,,0.1632905467451067,not_applicable,1,1,0,0,,,fitness_membership,fitness_membership,medium,membership_service,1,0.5140794407194617,0,1,112,8.0,125.83819444444444,1,0.6614545884531924,964,0.6430953969312875,1,CONTEST,27.52,False
DSP001206,TXN0262030,M000260,CUS0094346,Visa,RECURRING_BILLING_DISPUTE,Recurring Billing Dispute,2025-09-12,1499,740,296,2025-09-27,15,contested,lost,2025-10-23,3,5,2,3,0.4501166666666666,3,3,0.4,1499,upi,3,3997.0,0,17.0,0.046224169076688,not_applicable,1,2,0,0,,,fitness_membership,fitness_membership,medium,membership_service,1,0.5140794407194617,0,1,112,15.0,-35.40972222222222,0,0.0,1036,0.6911274182788526,0,ACCEPT,-1036.0,True
DSP001208,TXN0264307,M000260,CUS0093549,Mastercard,RECURRING_BILLING_DISPUTE,Recurring Billing Dispute,2025-04-24,999,471,245,2025-05-06,12,contested,lost,2025-05-22,3,5,2,3,0.4140833333333333,3,3,0.4,8999,debit_card,3,15997.0,0,7.0,0.211765572917146,passed,1,1,0,0,,,fitness_membership,fitness_membership,medium,membership_service,1,0.5140794407194617,0,1,112,12.0,-175.79513888888889,0,0.0,716,0.7167167167167167,0,ACCEPT,-716.0,False
DSP001209,TXN0263488,M000260,,Visa,RECURRING_BILLING_DISPUTE,Recurring Billing Dispute,2025-04-02,2499,559,282,2025-04-13,11,contested,won,2025-05-13,3,5,3,2,0.4160833333333333,3,3,0.6,1499,credit_card,0,0.0,0,,0.3134082539779378,passed,0,1,0,0,,,fitness_membership,fitness_membership,medium,membership_service,1,0.5140794407194617,0,1,112,11.0,-38.076388888888886,1,0.0,841,0.33653461384553823,0,ACCEPT,-841.0,True
DSP001211,TXN0264122,M000260,CUS0094324,RuPay,RECURRING_BILLING_DISPUTE,Recurring Billing Dispute,2025-08-24,999,731,234,2025-09-12,19,contested,won,2025-09-26,5,5,4,1,0.6695333333333333,5,1,0.8,999,debit_card,0,0.0,0,,0.0881093909965765,passed,1,1,0,0,,,fitness_membership,fitness_membership,medium,membership_service,1,0.5140794407194617,0,1,112,19.0,103.1875,1,0.6069958453800444,965,0.965965965965966,0,ACCEPT,-358.61,False
DSP001214,TXN0263099,M000260,CUS0093533,Visa,RECURRING_BILLING_DISPUTE,Recurring Billing Dispute,2026-01-02,999,413,174,2026-01-18,16,contested,lost,2026-01-21,1,5,1,4,0.0996666666666666,1,5,0.2,1499,wallet,2,2998.0,0,25.0,0.3096202454223449,not_applicable,1,1,0,0,,,fitness_membership,fitness_membership,medium,membership_service,1,0.5140794407194617,0,1,112,16.0,17.656944444444445,0,0.0,587,0.5875875875875876,0,ACCEPT,-587.0,False
DSP001216,TXN0265312,M000261,,Visa,SERVICE_NOT_RENDERED,Service Not Rendered,2025-11-16,999,508,183,2025-11-25,9,contested,lost,2025-12-31,2,4,0,4,0.2454833333333333,2,4,0.0,999,netbanking,0,0.0,0,,0.2646722695386245,not_applicable,1,1,0,0,,,fitness_membership,fitness_membership,medium,membership_service,1,0.6276730906125682,0,1,19,9.0,300.24375,0,0.0,691,0.6916916916916916,0,ACCEPT,-691.0,False
DSP001218,TXN0265148,M000261,,Visa,RECURRING_BILLING_DISPUTE,Recurring Billing Dispute,2025-04-02,999,470,224,2025-04-12,10,contested,lost,2025-05-09,2,5,2,3,0.2731833333333333,2,4,0.4,8999,upi,0,0.0,0,,0.1947583395191901,not_applicable,1,1,0,1,,,fitness_membership,fitness_membership,medium,membership_service,1,0.6276730906125682,0,1,19,10.0,39.33819444444445,0,0.0,694,0.6946946946946947,0,ACCEPT,-694.0,False
DSP001219,TXN0265615,M000261,CUS0095119,Visa,SERVICE_NOT_RENDERED,Service Not Rendered,2026-02-18,5999,443,274,2026-03-01,11,contested,lost,2026-03-26,4,4,2,2,0.52105,4,2,0.5,999,credit_card,0,0.0,0,,0.3210645053684012,passed,1,1,0,0,,,fitness_membership,fitness_membership,medium,membership_service,1,0.6276730906125682,0,1,19,11.0,393.1451388888889,0,0.07007319056654919,717,0.11951991998666445,0,ACCEPT,-296.63,False
DSP001221,TXN0264643,M000261,CUS0095011,Visa,CREDIT_NOT_PROCESSED,Credit Not Processed,2025-10-07,5999,646,228,2025-10-16,9,contested,lost,2025-11-06,3,4,2,2,0.4140666666666666,3,3,0.5,5999,upi,0,0.0,0,,0.3116932525533815,not_applicable,1,1,0,0,,,fitness_membership,fitness_membership,medium,membership_service,1,0.6276730906125682,0,1,19,9.0,218.24305555555557,0,0.0,874,0.14569094849141523,0,ACCEPT,-874.0,False
DSP001222,TXN0264934,M000261,CUS0095174,Visa,RECURRING_BILLING_DISPUTE,Recurring Billing Dispute,2025-11-24,999,541,223,2025-12-12,18,contested,won,2025-12-31,5,5,4,1,0.65945,5,1,0.8,8999,credit_card,0,0.0,0,,0.5698206721609158,passed,1,1,0,0,,,fitness_membership,fitness_membership,medium,membership_service,1,0.6276730906125682,0,1,19,18.0,196.67013888888889,1,0.5625228758169935,764,0.7647647647647647,0,ACCEPT,-202.04,True
DSP001223,TXN0266469,M000261,,Mastercard,RECURRING_BILLING_DISPUTE,Recurring Billing Dispute,2025-06-21,999,424,176,2025-07-02,11,contested,won,2025-07-18,4,5,3,2,0.5723833333333334,4,2,0.6,9999,upi,0,0.0,0,,0.4867988661240877,not_applicable,1,1,0,0,,,fitness_membership,fitness_membership,medium,membership_service,1,0.6276730906125682,0,1,19,11.0,72.67361111111111,1,0.07007319056654919,600,0.6006006006006006,0,ACCEPT,-530.0,False
DSP001224,TXN0266447,M000261,,Mastercard,CREDIT_NOT_PROCESSED,Credit Not Processed,2025-07-25,5999,638,176,2025-08-02,8,contested,won,2025-08-11,5,4,4,0,0.63005,5,1,1.0,399,debit_card,1,399.0,0,12.0,0.2149126104729417,failed,0,3,0,0,,,fitness_membership,fitness_membership,medium,membership_service,1,0.6276730906125682,0,1,19,8.0,-75.14166666666667,1,0.5874666846143491,814,0.1356892815469245,1,CONTEST,2710.21,False
DSP001225,TXN0264915,M000261,CUS0094479,RuPay,CREDIT_NOT_PROCESSED,Credit Not Processed,2025-11-22,8999,511,190,2025-12-12,20,contested,lost,2026-01-05,5,4,4,0,0.72965,5,1,1.0,999,debit_card,0,0.0,0,,0.1666172118954797,passed,1,3,0,0,,,fitness_membership,fitness_membership,medium,membership_service,1,0.6276730906125682,0,1,19,20.0,-20.624305555555555,0,0.5874666846143491,701,0.07789754417157461,1,CONTEST,4585.61,False
DSP001226,TXN0267762,M000262,,Mastercard,CREDIT_NOT_PROCESSED,Credit Not Processed,2026-01-10,399,609,166,2026-01-21,11,contested,won,2026-02-01,6,4,4,0,0.98,6,0,1.0,399,upi,0,0.0,0,,0.1081707047147037,not_applicable,1,2,0,0,,,saas_tools,saas_tools,medium,digital_service,1,0.9504764635860532,0,1,22,11.0,308.35625,1,0.9564502164502166,775,1.0,0,ACCEPT,-393.38,False
DSP001227,TXN0269560,M000262,CUS0095877,RuPay,DUPLICATE_TRANSACTION,Duplicate Transaction,2025-10-22,399,570,183,2025-11-03,12,contested,won,2025-12-03,5,2,1,1,0.7941333333333334,5,1,0.5,3049,credit_card,1,32999.0,0,58.0,0.0827091487804917,failed,1,1,0,0,,,saas_tools,saas_tools,medium,digital_service,1,0.9504764635860532,0,1,22,12.0,-22.57638888888889,1,0.8048878483944895,753,1.0,0,ACCEPT,-431.85,False
DSP001228,TXN0268661,M000262,,Visa,UNAUTHORIZED_TRANSACTION,Unauthorized Transaction,2025-03-23,399,492,240,2025-04-02,10,contested,lost,2025-04-25,6,4,4,0,0.9767666666666668,6,0,1.0,9999,upi,0,0.0,0,,0.3137400552766662,not_applicable,1,1,0,0,,,saas_tools,saas_tools,medium,digital_service,1,0.9504764635860532,0,1,22,10.0,48.576388888888886,0,0.6195627277282847,732,1.0,0,ACCEPT,-484.79,True
DSP001229,TXN0268794,M000262,,Mastercard,DUPLICATE_TRANSACTION,Duplicate Transaction,2025-10-20,399,464,164,2025-11-09,20,contested,won,2025-11-10,6,2,2,0,0.9745666666666668,6,0,1.0,399,debit_card,0,0.0,0,,0.1081524413126549,passed,0,1,1,0,,,saas_tools,saas_tools,medium,digital_service,1,0.9504764635860532,0,1,22,20.0,51.15347222222222,1,0.9564502164502166,628,1.0,0,ACCEPT,-246.38,False
DSP001230,TXN0269506,M000262,CUS0095579,Visa,RECURRING_BILLING_DISPUTE,Recurring Billing Dispute,2025-11-07,399,611,214,2025-11-27,20,contested,won,2025-12-16,5,5,4,1,0.81575,5,1,0.8,2549,upi,0,0.0,0,,0.1742899851572998,not_applicable,0,1,0,0,,,saas_tools,saas_tools,medium,digital_service,1,0.9504764635860532,0,1,22,20.0,-35.33055555555556,1,0.9206627401693815,825,1.0,0,ACCEPT,-457.66,False
DSP001232,TXN0267546,M000262,CUS0096201,Visa,CREDIT_NOT_PROCESSED,Credit Not Processed,2025-07-19,399,446,229,2025-07-31,12,contested,won,2025-08-29,6,4,4,0,0.9647166666666666,6,0,1.0,9999,upi,0,0.0,0,,0.2426682071973098,not_applicable,1,1,0,0,,,saas_tools,saas_tools,medium,digital_service,1,0.9504764635860532,0,1,22,12.0,63.11944444444445,1,0.9529208046855107,675,1.0,0,ACCEPT,-294.78,False
DSP001235,TXN0267966,M000262,,Visa,SERVICE_NOT_RENDERED,Service Not Rendered,2026-01-04,399,747,207,2026-01-24,20,contested,won,2026-02-18,6,4,4,0,0.9428,6,0,1.0,9999,debit_card,1,399.0,0,105.0,0.2371820810291468,passed,1,1,0,0,,,saas_tools,saas_tools,medium,digital_service,1,0.9504764635860532,0,1,22,20.0,234.25,1,0.9564502164502166,954,1.0,0,ACCEPT,-572.38,False
DSP001238,TXN0268072,M000262,CUS0096087,RuPay,CREDIT_NOT_PROCESSED,Credit Not Processed,2025-04-19,399,750,218,2025-05-10,21,contested,won,2025-05-18,5,4,3,1,0.7797666666666667,5,1,0.75,9999,upi,2,798.0,0,25.0,0.3158916486974697,not_applicable,1,1,0,0,,,saas_tools,saas_tools,medium,digital_service,1,0.9504764635860532,0,1,22,21.0,15.251388888888888,1,0.7269516541539478,968,1.0,0,ACCEPT,-677.95,False
DSP001240,TXN0267976,M000262,,Visa,SERVICE_NOT_RENDERED,Service Not Rendered,2025-08-02,9999,491,273,2025-08-13,11,contested,won,2025-08-30,6,4,4,0,0.98,6,0,1.0,399,credit_card,0,0.0,0,,0.0652013836002254,passed,0,1,0,0,,,saas_tools,saas_tools,medium,digital_service,1,0.9504764635860532,0,1,22,11.0,207.25833333333333,1,0.9347389865036924,764,0.07640764076407641,1,CONTEST,8582.46,False
DSP001241,TXN0269790,M000262,CUS0095914,Visa,RECURRING_BILLING_DISPUTE,Recurring Billing Dispute,2025-11-04,399,475,239,2025-11-11,7,contested,won,2025-11-18,6,5,5,0,0.9707666666666668,6,0,1.0,3999,credit_card,0,0.0,0,,0.2161367532518244,passed,1,1,1,0,,,saas_tools,saas_tools,medium,digital_service,1,0.9504764635860532,0,1,22,7.0,243.4375,1,0.9890841122268771,714,1.0,0,ACCEPT,-319.36,False
DSP001242,TXN0269815,M000262,CUS0096362,Mastercard,RECURRING_BILLING_DISPUTE,Recurring Billing Dispute,2025-08-07,19999,720,194,2025-08-21,14,contested,won,2025-08-30,6,5,5,0,0.9688833333333332,6,0,1.0,6599,credit_card,1,21499.0,0,31.0,0.226611057403559,passed,1,1,0,0,,,saas_tools,saas_tools,medium,digital_service,1,0.9504764635860532,0,1,22,14.0,85.70208333333333,1,0.9529208046855107,914,0.04570228511425571,1,CONTEST,18143.46,True
DSP001244,TXN0267660,M000262,CUS0095774,Mastercard,UNAUTHORIZED_TRANSACTION,Unauthorized Transaction,2025-02-23,399,563,255,2025-03-12,17,contested,lost,2025-04-02,5,4,3,1,0.7634833333333333,5,1,0.75,399,credit_card,1,399.0,0,117.0,0.3094098137013917,passed,0,1,0,0,,,saas_tools,saas_tools,medium,digital_service,1,0.9504764635860532,0,1,22,17.0,-85.26180555555555,0,0.37305908050759307,818,1.0,0,ACCEPT,-669.15,False
DSP001245,TXN0272478,M000263,,RuPay,DUPLICATE_TRANSACTION,Duplicate Transaction,2026-01-23,1245,656,168,2026-02-04,12,contested,won,2026-02-12,3,2,0,2,0.4467833333333333,3,3,0.0,949,credit_card,1,699.0,0,28.0,0.2772089214252603,passed,1,1,0,0,delivered,1.0,travel_booking,travel_booking,medium,booking_service,0,0.6002529928372227,0,0,43,12.0,309.6069444444444,1,0.2790909090909091,824,0.661847389558233,0,ACCEPT,-476.53,False
DSP001246,TXN0272415,M000263,,RuPay,MERCHANDISE_NOT_AS_DESCRIBED,Merchandise Not As Described,2025-12-28,5099,425,237,2026-01-09,12,contested,lost,2026-02-03,4,3,1,2,0.6242833333333333,4,2,0.3333333333333333,2199,upi,0,0.0,0,,0.2042692717023746,not_applicable,1,1,0,0,delivered,1.0,travel_booking,travel_booking,medium,booking_service,0,0.6002529928372227,0,0,43,12.0,207.1875,0,0.09409567375223683,662,0.12982937830947244,0,ACCEPT,-182.21,False
DSP001247,TXN0272387,M000263,CUS0096394,Visa,UNAUTHORIZED_TRANSACTION,Unauthorized Transaction,2025-03-01,11900,426,159,2025-03-18,17,contested,lost,2025-03-15,4,3,3,0,0.6156166666666666,4,2,1.0,1395,credit_card,1,3949.0,0,152.0,0.4448922859737517,passed,1,1,0,0,delivered,1.0,travel_booking,travel_booking,medium,booking_service,0,0.6002529928372227,0,0,43,17.0,-208.95347222222225,0,0.3180590805075931,585,0.04915966386554622,1,CONTEST,3199.9,False
DSP001248,TXN0271019,M000263,CUS0097273,RuPay,DUPLICATE_TRANSACTION,Duplicate Transaction,2025-07-27,5100,694,183,2025-08-08,12,contested,lost,2025-08-20,4,2,2,0,0.5329333333333334,4,2,1.0,8299,upi,0,0.0,0,,0.5229766550966204,not_applicable,1,1,0,0,,,travel_booking,travel_booking,medium,booking_service,0,0.6002529928372227,0,0,43,12.0,83.56111111111112,0,0.5323942208462332,877,0.1719607843137255,1,CONTEST,1838.21,False
DSP001249,TXN0271600,M000263,CUS0096938,Mastercard,SERVICE_NOT_RENDERED,Service Not Rendered,2025-07-21,38999,551,183,2025-08-11,21,contested,won,2025-08-23,4,3,3,0,0.5733666666666667,4,2,1.0,24999,credit_card,0,0.0,0,,0.4994136577615116,passed,0,2,0,0,,,travel_booking,travel_booking,medium,booking_service,0,0.6002529928372227,0,0,43,21.0,-67.48958333333333,1,0.5777275541795666,734,0.01882099541013872,1,CONTEST,21796.8,False
DSP001250,TXN0271088,M000263,CUS0096542,Mastercard,SERVICE_NOT_RENDERED,Service Not Rendered,2025-12-21,4150,533,233,2026-01-05,15,contested,lost,2026-02-01,0,3,0,3,0.0,0,6,0.0,8395,debit_card,0,0.0,0,,0.3267192870553679,passed,1,1,0,0,,,travel_booking,travel_booking,medium,booking_service,0,0.6002529928372227,0,0,43,15.0,138.38958333333332,0,0.015384615384615385,766,0.18457831325301205,0,ACCEPT,-702.15,False
DSP001251,TXN0270954,M000263,CUS0096943,Visa,MERCHANDISE_NOT_AS_DESCRIBED,Merchandise Not As Described,2025-08-15,9999,572,286,2025-09-05,21,contested,won,2025-09-11,5,3,3,0,0.5947333333333333,5,1,1.0,2299,credit_card,1,3549.0,0,175.0,0.4137019287859731,passed,1,2,0,0,,,travel_booking,travel_booking,medium,booking_service,0,0.6002529928372227,0,0,43,21.0,-65.48819444444445,1,0.5625228758169935,858,0.0858085808580858,1,CONTEST,4766.67,False
DSP001252,TXN0270997,M000263,,RuPay,SERVICE_NOT_RENDERED,Service Not Rendered,2025-05-05,2199,472,204,2025-05-18,13,contested,won,2025-06-04,4,3,2,1,0.5797333333333333,4,2,0.6666666666666666,13399,netbanking,0,0.0,0,,0.2178127881098968,not_applicable,1,3,0,0,,,travel_booking,travel_booking,medium,booking_service,0,0.6002529928372227,0,0,43,13.0,-172.45069444444445,1,0.4255834917251723,676,0.307412460209186,1,CONTEST,259.86,False
DSP001253,TXN0271173,M000263,CUS0097123,Visa,CREDIT_NOT_PROCESSED,Credit Not Processed,2025-02-20,11000,578,260,2025-03-01,9,contested,lost,2025-03-23,5,4,3,1,0.7615666666666666,5,1,0.75,4099,credit_card,0,0.0,0,,0.2568380116740165,passed,1,1,0,0,,,travel_booking,travel_booking,medium,booking_service,0,0.6002529928372227,0,0,43,9.0,-12.088194444444444,0,0.3230590805075931,838,0.07618181818181818,1,CONTEST,2715.65,False
DSP001254,TXN0270000,M000263,CUS0097056,Mastercard,SERVICE_NOT_RENDERED,Service Not Rendered,2025-05-15,15900,698,171,2025-05-24,9,contested,lost,2025-06-03,2,3,1,2,0.27065,2,4,0.3333333333333333,20499,debit_card,2,19348.0,0,48.0,0.2151504096182311,passed,1,1,0,0,,,travel_booking,travel_booking,medium,booking_service,0,0.6002529928372227,0,0,43,9.0,50.95208333333333,0,0.03225806451612903,869,0.054654088050314464,0,ACCEPT,-356.1,False
DSP001257,TXN0271278,M000263,CUS0097167,RuPay,MERCHANDISE_NOT_AS_DESCRIBED,Merchandise Not As Described,2026-01-14,4899,547,155,2026-01-30,16,contested,won,2026-02-21,5,3,3,0,0.7188,5,1,1.0,12999,credit_card,0,0.0,0,,0.2614000326877828,passed,1,3,0,0,,,travel_booking,travel_booking,medium,booking_service,0,0.6002529928372227,0,0,43,16.0,333.1451388888889,1,0.6167523989000634,702,0.14329454990814453,1,CONTEST,2319.47,False
DSP001258,TXN0273297,M000264,CUS0097773,Visa,UNAUTHORIZED_TRANSACTION,Unauthorized Transaction,2025-11-29,745,533,160,2025-12-20,21,contested,lost,2025-12-18,4,4,3,1,0.6488999999999999,4,2,0.75,3549,wallet,5,9845.0,0,25.0,0.4471769213041576,not_applicable,1,2,0,0,delivered,1.0,d2c_brand,d2c_brand,medium,physical_delivery,0,0.8612381930889451,1,0,112,21.0,-5.226388888888889,0,0.3230590805075931,693,0.9302013422818792,0,ACCEPT,-452.32,False
DSP001259,TXN0273215,M000264,CUS0097473,Mastercard,MERCHANDISE_NOT_AS_DESCRIBED,Merchandise Not As Described,2025-11-27,1449,512,151,2025-12-18,21,contested,won,2026-01-08,4,3,2,1,0.6239833333333333,4,2,0.6666666666666666,2049,credit_card,1,415.0,0,48.0,0.1858438649170742,passed,1,1,0,0,delivered,1.0,d2c_brand,d2c_brand,medium,physical_delivery,0,0.8612381930889451,1,0,112,21.0,240.10972222222225,1,0.48014213845332276,663,0.4575569358178054,1,CONTEST,32.73,False
DSP001260,TXN0273778,M000264,CUS0097776,RuPay,DUPLICATE_TRANSACTION,Duplicate Transaction,2025-09-03,1199,739,160,2025-09-21,18,contested,lost,2025-09-24,4,2,1,1,0.6533333333333333,4,2,0.5,285,credit_card,0,0.0,0,,0.3139655810367434,passed,1,1,0,0,delivered,1.0,d2c_brand,d2c_brand,medium,physical_delivery,0,0.8612381930889451,1,0,112,18.0,135.88125,0,0.6070132684652808,899,0.749791492910759,0,ACCEPT,-171.19,False
DSP001261,TXN0273749,M000264,,Visa,MERCHANDISE_NOT_RECEIVED,Merchandise Not Received,2025-10-03,4345,669,295,2025-10-23,20,contested,won,2025-11-06,4,4,3,1,0.6209,4,2,0.75,7299,upi,0,0.0,0,,0.4446105145402069,not_applicable,1,1,0,0,lost,0.0,d2c_brand,d2c_brand,medium,physical_delivery,0,0.8612381930889451,1,0,112,20.0,79.4375,1,0.5305228758169934,964,0.22186421173762946,1,CONTEST,1341.12,False
DSP001262,TXN0274664,M000264,,Mastercard,MERCHANDISE_NOT_RECEIVED,Merchandise Not Received,2025-11-29,3899,491,235,2025-12-18,19,contested,lost,2026-01-02,4,4,2,2,0.6528166666666667,4,2,0.5,1999,upi,0,0.0,0,,0.2876418385919877,not_applicable,1,1,0,0,delivered,1.0,d2c_brand,d2c_brand,medium,physical_delivery,0,0.8612381930889451,1,0,112,19.0,12.15972222222222,0,0.2808259583369416,726,0.18620159015132084,1,CONTEST,368.94,False
DSP001263,TXN0273438,M000264,CUS0097356,Visa,MERCHANDISE_NOT_AS_DESCRIBED,Merchandise Not As Described,2025-08-04,11600,701,294,2025-08-21,17,contested,won,2025-08-25,5,3,2,1,0.7611500000000001,5,1,0.6666666666666666,3345,debit_card,1,499.0,0,195.0,0.1774154531886642,passed,1,1,0,1,in_transit,0.0,d2c_brand,d2c_brand,medium,physical_delivery,0,0.8612381930889451,1,0,112,17.0,-5.234722222222223,1,0.6070132684652808,995,0.08577586206896552,1,CONTEST,6046.35,False
DSP001264,TXN0274904,M000264,CUS0097708,Mastercard,MERCHANDISE_NOT_AS_DESCRIBED,Merchandise Not As Described,2025-09-21,1249,403,202,2025-10-07,16,contested,lost,2025-10-08,4,3,1,2,0.6533333333333333,4,2,0.3333333333333333,1549,debit_card,0,0.0,0,,0.1312653036021792,not_applicable,1,1,0,0,in_transit,0.0,d2c_brand,d2c_brand,medium,physical_delivery,0,0.8612381930889451,1,0,112,16.0,109.60902777777778,0,0.25004329004329007,605,0.4843875100080064,0,ACCEPT,-292.7,False
DSP001265,TXN0275056,M000264,,Mastercard,MERCHANDISE_NOT_RECEIVED,Merchandise Not Received,2025-11-20,5600,506,233,2025-12-05,15,contested,won,2025-12-05,5,4,3,1,0.8010333333333333,5,1,0.75,1949,upi,0,0.0,0,,0.3363543604664901,not_applicable,1,2,0,0,delivered,0.0,d2c_brand,d2c_brand,medium,physical_delivery,0,0.8612381930889451,1,0,112,15.0,306.0423611111111,1,0.6276015037593985,739,0.1319642857142857,1,CONTEST,2775.57,False
DSP001266,TXN0273880,M000264,CUS0097377,Visa,CREDIT_NOT_PROCESSED,Credit Not Processed,2025-12-02,795,723,250,2025-12-10,8,contested,won,2026-01-11,6,3,3,0,0.9439333333333332,6,0,1.0,1249,debit_card,0,0.0,0,,0.1218406325831782,passed,1,1,0,0,delivered,0.0,d2c_brand,d2c_brand,medium,physical_delivery,0,0.8612381930889451,1,0,112,8.0,310.4243055555556,1,0.9345852841292721,973,1.0,0,ACCEPT,-230.0,False
DSP001268,TXN0272879,M000264,,RuPay,MERCHANDISE_NOT_AS_DESCRIBED,Merchandise Not As Described,2025-04-01,410,655,270,2025-04-20,19,contested,won,2025-05-01,5,3,3,0,0.8166666666666668,5,1,1.0,895,debit_card,0,0.0,0,,0.3005942248683993,passed,0,2,0,0,in_transit,0.0,d2c_brand,d2c_brand,medium,physical_delivery,0,0.8612381930889451,1,0,112,19.0,41.99444444444445,1,0.8048878483944897,925,1.0,0,ACCEPT,-595.0,False
DSP001269,TXN0277085,M000265,CUS0099120,RuPay,MERCHANDISE_NOT_AS_DESCRIBED,Merchandise Not As Described,2025-10-02,12499,545,257,2025-10-12,10,contested,won,2025-10-25,4,3,2,1,0.5962500000000001,4,2,0.6666666666666666,9699,debit_card,1,13099.0,0,88.0,0.4032245591615792,passed,1,2,0,0,,,d2c_brand,d2c_brand,medium,physical_delivery,0,0.7997279093752631,1,0,62,10.0,14.105555555555556,1,0.3753318077803204,802,0.06416513321065685,1,CONTEST,3889.27,False
DSP001270,TXN0275414,M000265,CUS0098376,Mastercard,MERCHANDISE_NOT_AS_DESCRIBED,Merchandise Not As Described,2025-10-30,13295,600,206,2025-11-20,21,contested,won,2025-11-17,6,3,3,0,0.8703333333333333,6,0,1.0,3649,credit_card,0,0.0,0,,0.4408137459720967,passed,1,1,0,0,delivered,0.0,d2c_brand,d2c_brand,medium,physical_delivery,0,0.7997279093752631,1,0,62,21.0,253.94027777777777,1,0.7253764062762365,806,0.0606242948476871,1,CONTEST,8837.88,False
DSP001273,TXN0277008,M000265,CUS0098868,RuPay,MERCHANDISE_NOT_RECEIVED,Merchandise Not Received,2025-12-25,650,634,214,2026-01-14,20,contested,won,2026-01-23,6,4,4,0,0.93475,6,0,1.0,6099,debit_card,2,5894.0,0,42.0,0.1700442852788109,passed,1,1,0,0,delivered,1.0,d2c_brand,d2c_brand,medium,physical_delivery,0,0.7997279093752631,1,0,62,20.0,8.588888888888889,1,0.9347389865036924,848,1.0,0,ACCEPT,-240.42,True
DSP001274,TXN0276769,M000265,CUS0099110,Visa,UNAUTHORIZED_TRANSACTION,Unauthorized Transaction,2025-04-28,2000,551,214,2025-05-14,16,contested,lost,2025-06-07,3,4,2,2,0.49,3,3,0.5,845,debit_card,0,0.0,0,,0.4587023172795619,passed,1,1,0,0,delivered,1.0,d2c_brand,d2c_brand,medium,physical_delivery,0,0.7997279093752631,1,0,62,16.0,-218.5076388888889,0,0.07007319056654919,765,0.3825,0,ACCEPT,-624.85,False
DSP001275,TXN0276353,M000265,CUS0098744,Visa,DUPLICATE_TRANSACTION,Duplicate Transaction,2025-07-23,1449,647,189,2025-08-09,17,contested,won,2025-08-25,5,2,1,1,0.7506499999999999,5,1,0.5,1899,credit_card,0,0.0,0,,0.4213345865228947,passed,1,1,0,0,delivered,1.0,d2c_brand,d2c_brand,medium,physical_delivery,0,0.7997279093752631,1,0,62,17.0,-98.01805555555556,1,0.7476150372105196,836,0.5769496204278813,1,CONTEST,247.29,False
DSP001276,TXN0275513,M000265,CUS0098647,Visa,MERCHANDISE_NOT_AS_DESCRIBED,Merchandise Not As Described,2025-01-24,3149,580,288,2025-02-13,20,contested,won,2025-03-04,5,3,3,0,0.7592500000000001,5,1,1.0,999,credit_card,0,0.0,0,,0.1109533413148391,passed,1,2,0,0,in_transit,0.0,d2c_brand,d2c_brand,medium,physical_delivery,0,0.7997279093752631,1,0,62,20.0,-188.69583333333333,1,0.8189640947288005,868,0.27564306128929816,1,CONTEST,1710.92,False
DSP001277,TXN0276699,M000265,,Mastercard,CREDIT_NOT_PROCESSED,Credit Not Processed,2025-12-10,1099,679,299,2025-12-31,21,contested,lost,2026-01-13,3,3,1,2,0.4093833333333332,3,3,0.3333333333333333,2299,debit_card,0,0.0,0,,0.1045911412210133,passed,1,1,0,0,delivered,1.0,d2c_brand,d2c_brand,medium,physical_delivery,0,0.7997279093752631,1,0,62,21.0,296.3520833333333,0,0.07007319056654919,978,0.8898999090081893,0,ACCEPT,-900.99,False
DSP001278,TXN0277383,M000265,CUS0099095,Visa,MERCHANDISE_NOT_AS_DESCRIBED,Merchandise Not As Described,2026-01-06,1445,488,275,2026-01-25,19,contested,won,2026-02-04,6,3,3,0,0.9361333333333332,6,0,1.0,11895,credit_card,5,54145.0,0,33.0,0.1208491406706169,passed,1,1,0,0,,,d2c_brand,d2c_brand,medium,physical_delivery,0,0.7997279093752631,1,0,62,19.0,40.71319444444445,1,0.8499094934161349,763,0.5280276816608996,1,CONTEST,465.12,False
DSP001279,TXN0275986,M000265,CUS0099149,Visa,MERCHANDISE_NOT_AS_DESCRIBED,Merchandise Not As Described,2025-08-31,800,667,240,2025-09-09,9,contested,won,2025-10-11,6,3,3,0,0.9192833333333332,6,0,1.0,5599,credit_card,0,0.0,0,,0.4259752310112207,passed,1,4,0,1,rto,0.0,d2c_brand,d2c_brand,medium,physical_delivery,0,0.7997279093752631,1,0,62,9.0,222.36527777777775,1,0.8048878483944897,907,1.0,0,ACCEPT,-263.09,False
DSP001280,TXN0277288,M000265,,Mastercard,MERCHANDISE_NOT_RECEIVED,Merchandise Not Received,2025-11-14,600,657,150,2025-12-04,20,contested,lost,2025-12-03,3,4,1,3,0.42195,3,3,0.25,5499,upi,0,0.0,0,,0.4615148525007732,not_applicable,1,1,0,0,,,d2c_brand,d2c_brand,medium,physical_delivery,0,0.7997279093752631,1,0,62,20.0,270.05555555555554,0,0.07007319056654919,807,1.0,0,ACCEPT,-764.96,False
DSP001283,TXN0278222,M000266,,Visa,SERVICE_NOT_RENDERED,Service Not Rendered,2025-04-02,5600,537,150,2025-04-17,15,contested,lost,2025-05-13,4,3,3,0,0.5114666666666666,4,2,1.0,3045,debit_card,0,0.0,0,,0.2289321524019138,passed,1,1,0,0,,,travel_booking,travel_booking,medium,booking_service,0,0.5995050049109986,0,1,97,15.0,21.82708333333333,0,0.4664585483316134,687,0.12267857142857143,1,CONTEST,1925.17,False
DSP001284,TXN0278657,M000266,CUS0099959,RuPay,SERVICE_NOT_RENDERED,Service Not Rendered,2025-11-16,16895,744,289,2025-11-30,14,contested,won,2025-12-13,4,3,2,1,0.5792,4,2,0.6666666666666666,4599,wallet,1,6495.0,0,303.0,0.3484026427033379,not_applicable,1,2,0,0,,,travel_booking,travel_booking,medium,booking_service,0,0.5995050049109986,0,1,97,14.0,-20.759027777777774,1,0.4328952378646935,1033,0.061142349807635395,1,CONTEST,6280.77,False
DSP001285,TXN0278193,M000266,CUS0099790,Visa,CREDIT_NOT_PROCESSED,Credit Not Processed,2025-10-12,14399,554,276,2025-10-31,19,contested,lost,2025-11-09,1,4,1,3,0.1603166666666666,1,5,0.25,5795,upi,0,0.0,0,,0.190592509788442,not_applicable,1,1,0,0,,,travel_booking,travel_booking,medium,booking_service,0,0.5995050049109986,0,1,97,19.0,247.92361111111111,0,0.0,830,0.057642891867490796,0,ACCEPT,-830.0,False
DSP001286,TXN0278817,M000266,CUS0099833,Visa,SERVICE_NOT_RENDERED,Service Not Rendered,2026-01-30,1800,665,246,2026-02-07,8,contested,lost,2026-02-27,3,3,2,1,0.3690333333333333,3,3,0.6666666666666666,4799,netbanking,1,26499.0,0,104.0,0.1358069023056022,not_applicable,1,1,0,0,,,travel_booking,travel_booking,medium,booking_service,0,0.5995050049109986,0,1,97,8.0,218.49027777777775,0,0.24337662337662339,911,0.5061111111111111,0,ACCEPT,-472.92,False
DSP001287,TXN0278384,M000266,CUS0099631,RuPay,DUPLICATE_TRANSACTION,Duplicate Transaction,2025-05-23,12799,413,219,2025-06-13,21,contested,lost,2025-06-20,4,2,0,2,0.5526833333333333,4,2,0.0,2399,credit_card,0,0.0,0,,0.2274487887234207,passed,1,1,0,0,,,travel_booking,travel_booking,medium,booking_service,0,0.5995050049109986,0,1,97,21.0,-175.6340277777778,0,0.24337662337662339,632,0.04937885772325963,1,CONTEST,2482.98,False
DSP001289,TXN0280348,M000266,CUS0099308,RuPay,MERCHANDISE_NOT_AS_DESCRIBED,Merchandise Not As Described,2026-02-10,17400,596,177,2026-02-23,13,contested,won,2026-03-20,5,3,2,1,0.6980166666666667,5,1,0.6666666666666666,799,debit_card,0,0.0,0,,0.2362596487938394,passed,1,2,0,0,,,travel_booking,travel_booking,medium,booking_service,0,0.5995050049109986,0,1,97,13.0,150.65694444444443,1,0.37656785243741764,773,0.04442528735632184,1,CONTEST,5779.28,False
DSP001290,TXN0278847,M000266,,Mastercard,SERVICE_NOT_RENDERED,Service Not Rendered,2025-11-04,2300,609,168,2025-11-15,11,contested,won,2025-11-29,5,3,2,1,0.7545333333333333,5,1,0.6666666666666666,5599,debit_card,0,0.0,0,,0.0456251249585605,passed,1,4,0,0,,,travel_booking,travel_booking,medium,booking_service,0,0.5995050049109986,0,1,97,11.0,160.32569444444445,1,0.6004198618718742,777,0.3378260869565217,1,CONTEST,603.97,False
DSP001291,TXN0278062,M000266,CUS0099404,RuPay,CREDIT_NOT_PROCESSED,Credit Not Processed,2025-08-11,10000,632,173,2025-08-29,18,contested,won,2025-09-01,4,4,3,1,0.5546333333333333,4,2,0.75,11599,netbanking,6,97286.0,0,46.0,0.3535810973752881,not_applicable,1,1,0,1,,,travel_booking,travel_booking,medium,booking_service,0,0.5995050049109986,0,1,97,18.0,-136.68680555555557,1,0.45380570409982174,805,0.0805,1,CONTEST,3733.06,False
DSP001292,TXN0279591,M000266,,Visa,CREDIT_NOT_PROCESSED,Credit Not Processed,2025-04-27,2499,705,221,2025-05-18,21,contested,lost,2025-05-11,2,4,1,3,0.2664833333333333,2,4,0.25,17599,upi,0,0.0,0,,0.1067730604945216,not_applicable,1,1,0,0,,,travel_booking,travel_booking,medium,booking_service,0,0.5995050049109986,0,1,97,21.0,80.29027777777777,0,0.0,926,0.3705482192877151,0,ACCEPT,-926.0,True
DSP001293,TXN0278292,M000266,,Visa,MERCHANDISE_NOT_AS_DESCRIBED,Merchandise Not As Described,2025-08-03,14995,733,271,2025-08-22,19,contested,won,2025-09-05,5,3,3,0,0.7835833333333334,5,1,1.0,11895,credit_card,1,11499.0,0,144.0,0.2017961388849105,failed,1,2,0,0,,,travel_booking,travel_booking,medium,booking_service,0,0.5995050049109986,0,1,97,19.0,-110.97152777777778,1,0.6702086200982202,1004,0.06695565188396133,1,CONTEST,9045.78,False
DSP001298,TXN0282176,M000267,,Visa,RECURRING_BILLING_DISPUTE,Recurring Billing Dispute,2025-04-27,399,660,193,2025-05-18,21,contested,won,2025-06-08,4,5,4,1,0.6533333333333333,4,2,0.8,399,debit_card,0,0.0,0,,0.0865141438588642,passed,1,3,0,0,,,saas_tools,saas_tools,medium,digital_service,1,0.844217125282371,0,1,73,21.0,-119.53611111111113,1,0.6776747880323305,853,1.0,0,ACCEPT,-582.61,False
DSP001299,TXN0282952,M000267,CUS0100526,Visa,SERVICE_NOT_RENDERED,Service Not Rendered,2025-12-24,399,672,253,2026-01-13,20,contested,lost,2026-01-19,4,4,3,1,0.6044,4,2,0.75,3999,upi,0,0.0,0,,0.4708021520691207,not_applicable,1,2,0,0,,,saas_tools,saas_tools,medium,digital_service,1,0.844217125282371,0,1,73,20.0,12.636805555555556,0,0.6101589923066568,925,1.0,0,ACCEPT,-681.55,True
DSP001300,TXN0281979,M000267,CUS0100976,Visa,RECURRING_BILLING_DISPUTE,Recurring Billing Dispute,2025-04-24,799,560,273,2025-05-04,10,contested,lost,2025-06-02,4,5,3,2,0.6533333333333333,4,2,0.6,799,credit_card,1,399.0,0,52.0,0.4101161359853639,passed,1,2,0,0,,,saas_tools,saas_tools,medium,digital_service,1,0.844217125282371,0,1,73,10.0,5.438194444444444,0,0.3729271702450355,833,1.0,0,ACCEPT,-535.03,False
DSP001301,TXN0282778,M000267,CUS0100815,Visa,UNAUTHORIZED_TRANSACTION,Unauthorized Transaction,2025-08-29,799,432,231,2025-09-15,17,contested,won,2025-10-11,6,4,4,0,0.95495,6,0,1.0,5999,credit_card,0,0.0,0,,0.0652950543929777,passed,1,3,0,0,,,saas_tools,saas_tools,medium,digital_service,1,0.844217125282371,0,1,73,17.0,236.8875,1,0.5550865285385409,663,0.8297872340425532,0,ACCEPT,-219.49,True
DSP001304,TXN0284015,M000268,CUS0101280,Mastercard,RECURRING_BILLING_DISPUTE,Recurring Billing Dispute,2025-06-17,14999,408,208,2025-06-29,12,contested,lost,2025-07-08,2,5,1,4,0.2269499999999999,2,4,0.2,3999,netbanking,2,18998.0,0,199.0,0.4058964510943582,not_applicable,1,2,0,1,,,fitness_membership,fitness_membership,medium,membership_service,1,0.536303800737471,0,1,90,12.0,-124.91111111111113,0,0.0,616,0.04106940462697513,0,ACCEPT,-616.0,False
DSP001306,TXN0283294,M000268,CUS0101401,Visa,CREDIT_NOT_PROCESSED,Credit Not Processed,2025-03-14,3999,682,164,2025-03-24,10,contested,lost,2025-04-15,1,4,1,3,0.1255666666666666,1,5,0.25,14999,wallet,0,0.0,0,,0.307003916964998,not_applicable,1,1,0,1,,,fitness_membership,fitness_membership,medium,membership_service,1,0.536303800737471,0,1,90,10.0,-228.51944444444445,0,0.0,846,0.2115528882220555,0,ACCEPT,-846.0,True
DSP001313,TXN0284554,M000268,CUS0101662,Visa,RECURRING_BILLING_DISPUTE,Recurring Billing Dispute,2025-10-20,5999,729,270,2025-11-01,12,contested,lost,2025-11-30,3,5,2,3,0.3945333333333333,3,3,0.4,5999,debit_card,0,0.0,0,,0.1642822572827792,passed,0,1,0,0,,,fitness_membership,fitness_membership,medium,membership_service,1,0.536303800737471,0,1,90,12.0,227.80972222222223,0,0.0,999,0.16652775462577096,0,ACCEPT,-999.0,True
DSP001314,TXN0284497,M000268,CUS0101500,RuPay,UNAUTHORIZED_TRANSACTION,Unauthorized Transaction,2025-03-10,3999,713,285,2025-03-20,10,contested,lost,2025-04-18,1,4,1,3,0.1317666666666666,1,5,0.25,3999,debit_card,0,0.0,0,,0.3519811994014823,passed,1,1,0,1,,,fitness_membership,fitness_membership,medium,membership_service,1,0.536303800737471,0,1,90,10.0,-272.625,0,0.0,998,0.24956239059764943,0,ACCEPT,-998.0,True
DSP001315,TXN0285916,M000268,CUS0102075,Visa,UNAUTHORIZED_TRANSACTION,Unauthorized Transaction,2025-04-13,5999,418,261,2025-04-20,7,contested,lost,2025-05-23,2,4,1,3,0.2234,2,4,0.25,24999,credit_card,0,0.0,0,,0.3921937124867836,passed,1,2,0,0,,,fitness_membership,fitness_membership,medium,membership_service,1,0.536303800737471,0,1,90,7.0,-187.575,0,0.0,679,0.11318553092182031,0,ACCEPT,-679.0,True
DSP001316,TXN0283628,M000268,CUS0101510,RuPay,CREDIT_NOT_PROCESSED,Credit Not Processed,2025-06-12,5999,550,275,2025-06-28,16,contested,won,2025-06-26,4,4,3,1,0.5469666666666667,4,2,0.75,3999,credit_card,0,0.0,0,,0.1949900662443636,passed,1,1,0,0,,,fitness_membership,fitness_membership,medium,membership_service,1,0.536303800737471,0,1,90,16.0,-86.71388888888889,1,0.30823451910408434,825,0.1375229204867478,1,CONTEST,1024.1,False
DSP001317,TXN0283286,M000268,CUS0101578,RuPay,CREDIT_NOT_PROCESSED,Credit Not Processed,2026-01-17,5999,458,250,2026-01-30,13,contested,lost,2026-02-12,4,4,3,1,0.58135,4,2,0.75,14999,upi,1,5999.0,0,141.0,0.1894193308290721,not_applicable,1,1,0,0,,,fitness_membership,fitness_membership,medium,membership_service,1,0.536303800737471,0,1,90,13.0,51.738194444444446,0,0.24337662337662339,708,0.11801966994499083,1,CONTEST,752.02,False
DSP001318,TXN0286290,M000269,CUS0102320,Visa,CREDIT_NOT_PROCESSED,Credit Not Processed,2026-01-01,9999,746,249,2026-01-10,9,contested,lost,2026-02-10,4,4,3,1,0.5711166666666666,4,2,0.75,2999,credit_card,1,1499.0,0,56.0,0.3152153089112353,passed,1,1,0,0,,,subscription_edtech,subscription_edtech,medium,digital_service,1,0.670209300037051,0,1,42,9.0,200.32986111111111,0,0.3508851674641148,995,0.09950995099509952,1,CONTEST,2513.5,False
DSP001319,TXN0286969,M000269,,Visa,UNAUTHORIZED_TRANSACTION,Unauthorized Transaction,2025-03-21,1499,619,227,2025-04-04,14,contested,lost,2025-04-17,2,4,2,2,0.3254666666666666,2,4,0.5,24999,upi,0,0.0,0,,0.2609625342069283,not_applicable,1,4,0,0,,,subscription_edtech,subscription_edtech,medium,digital_service,1,0.670209300037051,0,1,42,14.0,-43.68402777777778,0,0.0,846,0.5643762508338893,0,ACCEPT,-846.0,False
DSP001320,TXN0286907,M000269,CUS0102940,Visa,DUPLICATE_TRANSACTION,Duplicate Transaction,2025-08-30,24999,428,273,2025-09-15,16,contested,won,2025-09-20,3,2,1,1,0.4242333333333333,3,3,0.5,9999,debit_card,1,1499.0,0,50.0,0.2674617106788051,passed,0,1,0,0,,,subscription_edtech,subscription_edtech,medium,digital_service,1,0.670209300037051,0,1,42,16.0,-95.94652777777776,1,0.4560784313725491,701,0.028041121644865795,1,CONTEST,10700.5,False
DSP001321,TXN0288189,M000269,CUS0102454,Mastercard,RECURRING_BILLING_DISPUTE,Recurring Billing Dispute,2025-12-09,1499,583,255,2025-12-23,14,contested,won,2026-01-19,5,5,5,0,0.7449,5,1,1.0,2749,upi,0,0.0,0,,0.0214444630899894,not_applicable,1,1,0,0,delivered,1.0,subscription_edtech,subscription_edtech,medium,digital_service,1,0.670209300037051,0,1,42,14.0,268.91319444444446,1,0.9347389865036924,838,0.5590393595730487,1,CONTEST,563.17,False
DSP001322,TXN0286597,M000269,CUS0102892,RuPay,CREDIT_NOT_PROCESSED,Credit Not Processed,2025-12-31,1499,475,267,2026-01-19,19,contested,lost,2026-01-29,2,4,1,3,0.2734333333333333,2,4,0.25,1499,credit_card,2,4498.0,0,224.0,0.2685592124284496,passed,1,1,0,0,,,subscription_edtech,subscription_edtech,medium,digital_service,1,0.670209300037051,0,1,42,19.0,99.7875,0,0.0,742,0.494996664442962,0,ACCEPT,-742.0,False
DSP001323,TXN0288529,M000269,CUS0102632,Mastercard,MERCHANDISE_NOT_AS_DESCRIBED,Merchandise Not As Described,2025-12-06,2999,631,222,2025-12-21,15,contested,won,2025-12-22,5,4,4,0,0.6711833333333334,5,1,1.0,1049,debit_card,0,0.0,0,,0.4228323379036128,passed,1,1,0,0,delivered,1.0,subscription_edtech,subscription_edtech,medium,digital_service,1,0.670209300037051,0,1,42,15.0,338.6777777777778,1,0.7952036378681739,853,0.28442814271423805,1,CONTEST,1531.82,True
DSP001324,TXN0287502,M000269,,RuPay,RECURRING_BILLING_DISPUTE,Recurring Billing Dispute,2025-05-08,2999,563,153,2025-05-21,13,contested,lost,2025-05-28,3,5,2,3,0.4274666666666666,3,3,0.4,2999,debit_card,4,15996.0,0,29.0,0.1788490399946971,passed,1,1,0,0,,,subscription_edtech,subscription_edtech,medium,digital_service,1,0.670209300037051,0,1,42,13.0,-155.04791666666668,0,0.015384615384615385,716,0.2387462487495832,0,ACCEPT,-669.86,True
DSP001325,TXN0286667,M000269,CUS0102729,RuPay,CREDIT_NOT_PROCESSED,Credit Not Processed,2025-10-28,9999,413,201,2025-11-05,8,contested,won,2025-11-14,5,4,4,0,0.71985,5,1,1.0,9999,netbanking,3,21497.0,0,50.0,0.1300262230943444,not_applicable,1,4,0,0,,,subscription_edtech,subscription_edtech,medium,digital_service,1,0.670209300037051,0,1,42,8.0,139.47569444444446,1,0.813754694654525,614,0.061406140614061404,1,CONTEST,7522.73,True
DSP001326,TXN0286662,M000269,,Visa,SERVICE_NOT_RENDERED,Service Not Rendered,2025-10-31,2999,728,279,2025-11-14,14,contested,won,2025-11-22,4,4,3,1,0.5805333333333333,4,2,0.75,9999,debit_card,1,1499.0,0,150.0,0.5531638086249324,passed,1,1,0,0,,,subscription_edtech,subscription_edtech,medium,digital_service,1,0.670209300037051,0,1,42,14.0,134.19583333333333,1,0.5416164430684555,1007,0.3357785928642881,1,CONTEST,617.31,False
DSP001327,TXN0287148,M000269,,Mastercard,SERVICE_NOT_RENDERED,Service Not Rendered,2025-12-22,2999,679,203,2026-01-07,16,contested,won,2026-01-12,4,4,2,2,0.5987166666666667,4,2,0.5,9999,credit_card,0,0.0,0,,0.198046323634501,passed,1,1,0,0,,,subscription_edtech,subscription_edtech,medium,digital_service,1,0.670209300037051,0,1,42,16.0,261.4194444444444,1,0.3180590805075931,882,0.2940980326775592,1,CONTEST,71.86,False
DSP001332,TXN0286706,M000269,CUS0102595,Mastercard,UNAUTHORIZED_TRANSACTION,Unauthorized Transaction,2025-10-09,1499,729,260,2025-10-29,20,contested,lost,2025-10-25,5,4,4,0,0.7537333333333334,5,1,1.0,2999,upi,0,0.0,0,,0.0787450061181652,not_applicable,1,1,0,0,,,subscription_edtech,subscription_edtech,medium,digital_service,1,0.670209300037051,0,1,42,20.0,103.3861111111111,0,0.5283157894736842,989,0.6597731821214142,0,ACCEPT,-197.05,False
DSP001333,TXN0288346,M000269,,Visa,CREDIT_NOT_PROCESSED,Credit Not Processed,2025-05-10,1499,693,260,2025-05-28,18,contested,won,2025-05-30,5,4,3,1,0.6862166666666667,5,1,0.75,5599,debit_card,0,0.0,0,,0.049993807263504,failed,1,4,0,0,delivered,1.0,subscription_edtech,subscription_edtech,medium,digital_service,1,0.670209300037051,0,1,42,18.0,-121.51736111111111,1,0.6070132684652808,953,0.6357571714476318,0,ACCEPT,-43.09,False
DSP001334,TXN0286220,M000269,CUS0102335,Mastercard,SERVICE_NOT_RENDERED,Service Not Rendered,2026-01-02,1499,629,168,2026-01-19,17,contested,won,2026-01-21,6,4,4,0,0.8451,6,0,1.0,1499,debit_card,2,11498.0,0,221.0,0.4768524267311207,passed,1,1,0,1,,,subscription_edtech,subscription_edtech,medium,digital_service,1,0.670209300037051,0,1,42,17.0,60.39652777777778,1,0.9347538906567067,797,0.5316877918612408,1,CONTEST,604.2,False
DSP001335,TXN0287017,M000269,CUS0102649,Visa,RECURRING_BILLING_DISPUTE,Recurring Billing Dispute,2025-11-16,24999,504,225,2025-12-03,17,contested,lost,2025-12-27,4,5,3,2,0.5623,4,2,0.6,1499,upi,0,0.0,0,,0.4081502937810045,not_applicable,1,1,0,0,,,subscription_edtech,subscription_edtech,medium,digital_service,1,0.670209300037051,0,1,42,17.0,259.06597222222223,0,0.20290741516547967,729,0.029161166446657866,1,CONTEST,4343.48,False
DSP001336,TXN0286449,M000269,CUS0102943,RuPay,SERVICE_NOT_RENDERED,Service Not Rendered,2025-06-15,9999,710,205,2025-07-01,16,contested,won,2025-07-20,4,4,4,0,0.5620666666666666,4,2,1.0,1499,debit_card,1,9999.0,0,56.0,0.4528367749837585,passed,1,2,0,0,,,subscription_edtech,subscription_edtech,medium,digital_service,1,0.670209300037051,0,1,42,16.0,71.34791666666666,1,0.6167523989000634,915,0.09150915091509151,1,CONTEST,5251.91,False
DSP001337,TXN0291076,M000270,,Mastercard,MERCHANDISE_NOT_RECEIVED,Merchandise Not Received,2025-07-02,1295,691,154,2025-07-21,19,contested,won,2025-08-15,5,4,4,0,0.6798666666666667,5,1,1.0,2849,credit_card,0,0.0,0,,0.2561488292173511,passed,1,1,0,0,in_transit,0.0,d2c_brand,d2c_brand,medium,physical_delivery,0,0.7189279536498778,1,0,41,19.0,-148.8736111111111,1,0.8022211817278231,845,0.6525096525096525,1,CONTEST,193.88,False
DSP001341,TXN0290993,M000270,CUS0103808,Mastercard,CREDIT_NOT_PROCESSED,Credit Not Processed,2025-08-11,2545,656,169,2025-08-25,14,contested,lost,2025-09-25,4,3,2,1,0.6072666666666667,4,2,0.6666666666666666,1095,debit_card,1,4349.0,0,137.0,0.1330388994994603,passed,1,1,0,1,delivered,0.0,d2c_brand,d2c_brand,medium,physical_delivery,0,0.7189279536498778,1,0,41,14.0,-6.534722222222222,0,0.25320118478013215,825,0.3241650294695481,0,ACCEPT,-180.6,False
DSP001342,TXN0291147,M000270,,Mastercard,MERCHANDISE_NOT_RECEIVED,Merchandise Not Received,2025-07-28,800,601,255,2025-08-18,21,contested,lost,2025-08-22,5,4,3,1,0.773,5,1,0.75,949,debit_card,0,0.0,0,,0.5183750957351946,passed,1,2,0,0,delivered,0.0,d2c_brand,d2c_brand,medium,physical_delivery,0,0.7189279536498778,1,0,41,21.0,177.65972222222223,0,0.5521078786497545,856,1.0,0,ACCEPT,-414.31,False
DSP001343,TXN0290016,M000270,CUS0103268,Visa,MERCHANDISE_NOT_RECEIVED,Merchandise Not Received,2026-01-17,3549,746,178,2026-01-27,10,contested,won,2026-02-28,5,4,3,1,0.7923833333333333,5,1,0.75,1995,credit_card,2,7344.0,0,79.0,0.2050141970889551,passed,1,2,0,0,rto,0.0,d2c_brand,d2c_brand,medium,physical_delivery,0,0.7189279536498778,1,0,41,10.0,148.03819444444446,1,0.6276015037593985,924,0.2603550295857988,1,CONTEST,1303.36,False
DSP001344,TXN0289704,M000270,CUS0103258,RuPay,UNAUTHORIZED_TRANSACTION,Unauthorized Transaction,2025-04-06,2245,716,209,2025-04-17,11,contested,lost,2025-04-28,5,4,4,0,0.7508833333333333,5,1,1.0,1149,credit_card,0,0.0,0,,0.1245199087478726,passed,1,1,0,0,delivered,0.0,d2c_brand,d2c_brand,medium,physical_delivery,0,0.7189279536498778,1,0,41,11.0,-252.26041666666663,0,0.4594049599534725,925,0.41202672605790647,1,CONTEST,106.36,True
DSP001345,TXN0289672,M000270,CUS0103384,Mastercard,MERCHANDISE_NOT_AS_DESCRIBED,Merchandise Not As Described,2025-11-20,3450,516,284,2025-11-28,8,contested,lost,2025-12-24,5,3,3,0,0.7412833333333334,5,1,1.0,1149,credit_card,0,0.0,0,,0.2669216458411829,passed,1,1,0,0,delivered,1.0,d2c_brand,d2c_brand,medium,physical_delivery,0,0.7189279536498778,1,0,41,8.0,233.325,0,0.6004198618718742,800,0.2318840579710145,1,CONTEST,1271.45,False
DSP001346,TXN0289734,M000270,CUS0103720,Visa,MERCHANDISE_NOT_RECEIVED,Merchandise Not Received,2025-05-18,800,460,161,2025-06-07,20,contested,won,2025-06-09,5,4,3,1,0.7259000000000001,5,1,0.75,4045,credit_card,0,0.0,0,,0.4215557927649382,passed,1,1,0,0,delivered,1.0,d2c_brand,d2c_brand,medium,physical_delivery,0,0.7189279536498778,1,0,41,20.0,110.1048611111111,1,0.6810577249575552,621,0.77625,0,ACCEPT,-76.15,False
DSP001348,TXN0292206,M000271,,Visa,MERCHANDISE_NOT_RECEIVED,Merchandise Not Received,2025-08-22,1100,565,178,2025-09-01,10,contested,lost,2025-09-15,5,4,3,1,0.7567499999999999,5,1,0.75,6099,debit_card,0,0.0,0,,0.1163040234040461,passed,1,1,0,1,delivered,1.0,d2c_brand,d2c_brand,medium,physical_delivery,0,0.7778193423044161,1,1,30,10.0,200.4743055555556,0,0.5550865285385409,743,0.6754545454545454,0,ACCEPT,-132.4,False
DSP001349,TXN0293870,M000271,,Mastercard,UNAUTHORIZED_TRANSACTION,Unauthorized Transaction,2025-10-14,1145,417,287,2025-10-28,14,contested,won,2025-11-20,5,4,4,0,0.7535833333333333,5,1,1.0,24999,upi,0,0.0,0,,0.2660899127365598,not_applicable,0,1,0,0,,,d2c_brand,d2c_brand,medium,physical_delivery,0,0.7778193423044161,1,1,30,14.0,30.17152777777778,1,0.5960080971659919,704,0.6148471615720524,0,ACCEPT,-21.57,False
DSP001351,TXN0293245,M000271,CUS0104626,Mastercard,MERCHANDISE_NOT_RECEIVED,Merchandise Not Received,2025-07-17,3600,674,257,2025-07-25,8,contested,won,2025-08-24,5,4,3,1,0.7846833333333333,5,1,0.75,2499,credit_card,3,29997.0,0,58.0,0.1177767179311285,passed,1,1,0,0,,,d2c_brand,d2c_brand,medium,physical_delivery,0,0.7778193423044161,1,1,30,8.0,-76.4486111111111,1,0.6276015037593985,931,0.2586111111111111,1,CONTEST,1328.37,False
DSP001352,TXN0293695,M000271,CUS0104136,Visa,UNAUTHORIZED_TRANSACTION,Unauthorized Transaction,2025-10-14,1350,452,286,2025-10-30,16,contested,won,2025-11-27,5,4,4,0,0.7665833333333333,5,1,1.0,2499,credit_card,0,0.0,0,,0.4720450680671087,failed,1,1,0,0,,,d2c_brand,d2c_brand,medium,physical_delivery,0,0.7778193423044161,1,1,30,16.0,132.57361111111112,1,0.6070132684652808,738,0.5466666666666666,1,CONTEST,81.47,True
DSP001353,TXN0292843,M000271,CUS0104339,Visa,MERCHANDISE_NOT_RECEIVED,Merchandise Not Received,2025-05-05,10600,558,211,2025-05-15,10,contested,lost,2025-06-14,4,4,3,1,0.62265,4,2,0.75,1049,debit_card,0,0.0,0,,0.0834942527035772,passed,0,2,0,0,delivered,1.0,d2c_brand,d2c_brand,medium,physical_delivery,0,0.7778193423044161,1,1,30,10.0,-79.48819444444445,0,0.46145854833161337,769,0.07254716981132076,1,CONTEST,4122.46,True
DSP001354,TXN0291776,M000271,CUS0104057,Mastercard,DUPLICATE_TRANSACTION,Duplicate Transaction,2025-12-14,1550,732,252,2025-12-29,15,contested,won,2026-01-10,6,2,2,0,0.9351,6,0,1.0,3349,upi,2,4548.0,0,107.0,0.2460885126895578,not_applicable,1,1,0,1,delivered,1.0,d2c_brand,d2c_brand,medium,physical_delivery,0,0.7778193423044161,1,1,30,15.0,120.94791666666669,1,0.9347389865036924,984,0.6348387096774194,1,CONTEST,464.85,False
DSP001355,TXN0293780,M000271,CUS0104547,Mastercard,MERCHANDISE_NOT_AS_DESCRIBED,Merchandise Not As Described,2025-12-25,1645,587,204,2026-01-12,18,contested,won,2026-01-30,5,3,2,1,0.7838833333333333,5,1,0.6666666666666666,14999,debit_card,0,0.0,0,,0.6728649280160937,passed,1,3,0,0,,,d2c_brand,d2c_brand,medium,physical_delivery,0,0.7778193423044161,1,1,30,18.0,278.22777777777776,1,0.5020386300055165,791,0.4808510638297872,1,CONTEST,34.85,True
DSP001356,TXN0292226,M000271,,RuPay,DUPLICATE_TRANSACTION,Duplicate Transaction,2025-08-04,749,450,227,2025-08-15,11,contested,won,2025-09-08,4,2,1,1,0.5536666666666666,4,2,0.5,1849,netbanking,2,3994.0,0,166.0,0.1728261116028919,not_applicable,1,1,0,0,in_transit,0.0,d2c_brand,d2c_brand,medium,physical_delivery,0,0.7778193423044161,1,1,30,11.0,-94.17430555555556,1,0.5777275541795666,677,0.9038718291054739,0,ACCEPT,-244.28,False
DSP001357,TXN0293417,M000271,CUS0104923,Visa,MERCHANDISE_NOT_AS_DESCRIBED,Merchandise Not As Described,2025-10-21,699,401,156,2025-11-01,11,contested,won,2025-11-15,5,3,3,0,0.78695,5,1,1.0,2499,upi,1,14999.0,0,91.0,0.2388876082282875,not_applicable,1,1,0,0,,,d2c_brand,d2c_brand,medium,physical_delivery,0,0.7778193423044161,1,1,30,11.0,73.375,1,0.6702086200982202,557,0.7968526466380543,0,ACCEPT,-88.52,True
DSP001358,TXN0296490,M000272,CUS0105482,Visa,RECURRING_BILLING_DISPUTE,Recurring Billing Dispute,2025-06-07,2499,731,253,2025-06-16,9,contested,lost,2025-07-17,3,5,2,3,0.36355,3,3,0.4,1199,credit_card,0,0.0,0,,0.0699637135387466,passed,1,1,0,0,delivered,1.0,fitness_membership,fitness_membership,medium,membership_service,1,0.5014844724690743,0,0,120,9.0,-167.01180555555555,0,0.0,984,0.3937575030012005,0,ACCEPT,-984.0,True
DSP001360,TXN0296342,M000272,CUS0105205,Mastercard,SERVICE_NOT_RENDERED,Service Not Rendered,2025-09-13,24999,488,287,2025-09-27,14,contested,lost,2025-09-28,1,4,1,3,0.1554,1,5,0.25,1599,debit_card,0,0.0,0,,0.1482241987564617,passed,1,1,0,0,delivered,1.0,fitness_membership,fitness_membership,medium,membership_service,1,0.5014844724690743,0,0,120,14.0,135.98472222222222,0,0.015384615384615385,775,0.031001240049601985,0,ACCEPT,-390.4,True
DSP001364,TXN0296482,M000272,CUS0105095,Mastercard,CREDIT_NOT_PROCESSED,Credit Not Processed,2025-10-06,2499,735,156,2025-10-26,20,contested,lost,2025-10-30,1,4,1,3,0.1524,1,5,0.25,2545,credit_card,0,0.0,0,,0.223228619747894,passed,1,1,0,0,delivered,0.0,fitness_membership,fitness_membership,medium,membership_service,1,0.5014844724690743,0,0,120,20.0,264.39444444444445,0,0.0,891,0.3565426170468187,0,ACCEPT,-891.0,False
DSP001365,TXN0294883,M000272,,Mastercard,MERCHANDISE_NOT_AS_DESCRIBED,Merchandise Not As Described,2025-07-17,2499,618,188,2025-07-26,9,contested,lost,2025-08-04,2,4,1,3,0.3043166666666666,2,4,0.25,14999,debit_card,0,0.0,0,,0.5280495186634849,passed,1,1,0,0,,,fitness_membership,fitness_membership,medium,membership_service,1,0.5014844724690743,0,0,120,9.0,-88.64791666666666,0,0.0,806,0.32252901160464187,0,ACCEPT,-806.0,False
DSP001369,TXN0296271,M000272,,Visa,SERVICE_NOT_RENDERED,Service Not Rendered,2025-09-28,2499,676,213,2025-10-17,19,contested,won,2025-10-23,3,4,2,2,0.3942166666666666,3,3,0.5,1399,debit_card,0,0.0,0,,0.2348910039647692,passed,0,1,0,0,delivered,1.0,fitness_membership,fitness_membership,medium,membership_service,1,0.5014844724690743,0,0,120,19.0,159.4361111111111,1,0.07007319056654919,889,0.3557422969187675,0,ACCEPT,-713.89,False
DSP001370,TXN0296024,M000272,,RuPay,CREDIT_NOT_PROCESSED,Credit Not Processed,2025-12-11,2499,554,186,2025-12-28,17,contested,lost,2025-12-29,1,4,1,3,0.1427333333333333,1,5,0.25,439,credit_card,0,0.0,0,,0.0561220020062856,passed,1,3,0,0,delivered,1.0,fitness_membership,fitness_membership,medium,membership_service,1,0.5014844724690743,0,0,120,17.0,16.72361111111111,0,0.0,740,0.2961184473789516,0,ACCEPT,-740.0,False
DSP001371,TXN0294148,M000272,CUS0105274,RuPay,RECURRING_BILLING_DISPUTE,Recurring Billing Dispute,2025-10-15,14999,624,234,2025-10-28,13,contested,lost,2025-11-29,2,5,2,3,0.2506166666666666,2,4,0.4,2499,debit_card,1,5999.0,0,222.0,0.1689351653346887,passed,1,1,0,1,,,fitness_membership,fitness_membership,medium,membership_service,1,0.5014844724690743,0,0,120,13.0,3.0409722222222224,0,0.0,858,0.057203813587572504,0,ACCEPT,-858.0,False
DSP001373,TXN0294901,M000272,CUS0105733,RuPay,RECURRING_BILLING_DISPUTE,Recurring Billing Dispute,2025-08-19,2499,621,189,2025-08-29,10,contested,lost,2025-09-26,4,5,3,2,0.5434666666666667,4,2,0.6,5999,credit_card,0,0.0,0,,0.500746019993114,passed,1,4,0,1,,,fitness_membership,fitness_membership,medium,membership_service,1,0.5014844724690743,0,0,120,10.0,-16.40486111111111,0,0.03225806451612903,810,0.3241296518607443,0,ACCEPT,-729.39,False
DSP001374,TXN0294016,M000272,,Mastercard,SERVICE_NOT_RENDERED,Service Not Rendered,2025-08-28,14999,715,173,2025-09-17,20,contested,lost,2025-09-29,4,4,3,1,0.5005666666666667,4,2,0.75,2499,credit_card,0,0.0,0,,0.5678810143416063,passed,1,1,0,0,,,fitness_membership,fitness_membership,medium,membership_service,1,0.5014844724690743,0,0,120,20.0,175.92777777777778,0,0.24337662337662339,888,0.05920394692979532,1,CONTEST,2762.41,False
DSP001375,TXN0296329,M000272,CUS0105015,RuPay,RECURRING_BILLING_DISPUTE,Recurring Billing Dispute,2025-06-10,2499,527,176,2025-06-25,15,contested,lost,2025-07-17,4,5,3,2,0.4915333333333334,4,2,0.6,549,credit_card,0,0.0,0,,0.2023630722429801,passed,1,3,0,1,delivered,0.0,fitness_membership,fitness_membership,medium,membership_service,1,0.5014844724690743,0,0,120,15.0,-70.75625,0,0.03225806451612903,703,0.281312525010004,0,ACCEPT,-622.39,False
DSP001376,TXN0294217,M000272,CUS0105709,Visa,RECURRING_BILLING_DISPUTE,Recurring Billing Dispute,2025-07-05,2499,439,209,2025-07-22,17,contested,lost,2025-07-19,4,5,3,2,0.52345,4,2,0.6,2499,upi,0,0.0,0,,0.0914296741959116,not_applicable,1,3,0,0,,,fitness_membership,fitness_membership,medium,membership_service,1,0.5014844724690743,0,0,120,17.0,28.08333333333333,0,0.03225806451612903,648,0.25930372148859543,0,ACCEPT,-567.39,True
DSP001377,TXN0297709,M000273,CUS0106216,Visa,MERCHANDISE_NOT_RECEIVED,Merchandise Not Received,2025-12-20,1499,540,296,2026-01-06,17,contested,won,2026-02-01,6,4,4,0,0.8905,6,0,1.0,649,debit_card,0,0.0,0,,0.0169525198003052,passed,1,1,0,0,delivered,0.0,d2c_brand,d2c_brand,medium,physical_delivery,0,0.7784969468529888,1,1,112,17.0,81.96388888888889,1,0.9195104984171045,836,0.5577051367578385,1,CONTEST,542.35,False
DSP001378,TXN0296935,M000273,CUS0106357,RuPay,MERCHANDISE_NOT_AS_DESCRIBED,Merchandise Not As Described,2025-10-11,1249,738,274,2025-10-20,9,contested,won,2025-11-19,5,3,3,0,0.763,5,1,1.0,469,netbanking,0,0.0,0,,0.1322965154383522,not_applicable,1,2,0,0,delivered,0.0,d2c_brand,d2c_brand,medium,physical_delivery,0,0.7784969468529888,1,1,112,9.0,8.470833333333333,1,0.6960462753959417,1012,0.8102481985588471,0,ACCEPT,-142.64,False
DSP001379,TXN0297232,M000273,CUS0106308,Visa,DUPLICATE_TRANSACTION,Duplicate Transaction,2025-06-10,795,621,158,2025-06-25,15,contested,won,2025-06-26,4,2,1,1,0.54135,4,2,0.5,1095,wallet,0,0.0,0,,0.4443381649402467,not_applicable,1,1,0,0,delivered,1.0,d2c_brand,d2c_brand,medium,physical_delivery,0,0.7784969468529888,1,1,112,15.0,53.8125,1,0.5960080971659919,779,0.979874213836478,0,ACCEPT,-305.17,False
DSP001380,TXN0297369,M000273,,Visa,UNAUTHORIZED_TRANSACTION,Unauthorized Transaction,2026-01-13,700,514,194,2026-02-01,19,contested,won,2026-02-10,6,4,4,0,0.9123,6,0,1.0,1749,debit_card,0,0.0,0,,0.4961856287559524,passed,1,1,0,0,delivered,1.0,d2c_brand,d2c_brand,medium,physical_delivery,0,0.7784969468529888,1,1,112,19.0,236.23680555555555,1,0.7269718820079352,708,1.0,0,ACCEPT,-199.12,False
DSP001381,TXN0298306,M000273,CUS0106446,Mastercard,MERCHANDISE_NOT_RECEIVED,Merchandise Not Received,2025-07-24,2049,575,257,2025-08-14,21,contested,lost,2025-08-10,3,4,1,3,0.49,3,3,0.25,1695,debit_card,0,0.0,0,,0.2722773905975016,not_applicable,1,2,0,0,delivered,0.0,d2c_brand,d2c_brand,medium,physical_delivery,0,0.7784969468529888,1,1,112,21.0,133.06180555555557,0,0.07007319056654919,832,0.40605173255246463,0,ACCEPT,-688.42,False
DSP001382,TXN0299030,M000273,,RuPay,CREDIT_NOT_PROCESSED,Credit Not Processed,2025-07-07,1050,744,267,2025-07-28,21,contested,lost,2025-08-03,6,3,3,0,0.9291166666666668,6,0,1.0,13395,upi,0,0.0,0,,0.3576272709895203,not_applicable,1,1,0,0,,,d2c_brand,d2c_brand,medium,physical_delivery,0,0.7784969468529888,1,1,112,21.0,-24.522916666666667,0,0.6702086200982215,1011,0.9628571428571429,0,ACCEPT,-307.28,False
DSP001383,TXN0298173,M000273,CUS0106751,Visa,UNAUTHORIZED_TRANSACTION,Unauthorized Transaction,2025-09-06,1645,464,205,2025-09-20,14,contested,lost,2025-10-07,6,4,4,0,0.9555833333333332,6,0,1.0,2949,debit_card,0,0.0,0,,0.4248214662045717,passed,1,2,0,1,delivered,1.0,d2c_brand,d2c_brand,medium,physical_delivery,0,0.7784969468529888,1,1,112,14.0,128.54305555555555,0,0.5323942208462332,669,0.4066869300911854,1,CONTEST,206.79,False
DSP001384,TXN0297918,M000273,CUS0106859,Mastercard,MERCHANDISE_NOT_AS_DESCRIBED,Merchandise Not As Described,2025-08-14,699,582,278,2025-09-04,21,contested,lost,2025-09-04,3,3,0,3,0.4374166666666667,3,3,0.0,1895,credit_card,0,0.0,0,,0.2068085703772108,not_applicable,0,1,0,0,delivered,1.0,d2c_brand,d2c_brand,medium,physical_delivery,0,0.7784969468529888,1,1,112,21.0,134.7375,0,0.07007319056654919,860,1.0,0,ACCEPT,-811.02,False
DSP001385,TXN0297408,M000273,CUS0106857,Visa,DUPLICATE_TRANSACTION,Duplicate Transaction,2025-08-15,900,427,226,2025-08-23,8,contested,won,2025-09-02,4,2,2,0,0.6443666666666666,4,2,1.0,2599,credit_card,1,5395.0,0,18.0,0.2907647137617226,passed,1,1,0,0,rto,0.0,d2c_brand,d2c_brand,medium,physical_delivery,0,0.7784969468529888,1,1,112,8.0,22.466666666666665,1,0.7476150372105196,653,0.7255555555555555,1,CONTEST,19.85,False
DSP001386,TXN0299613,M000274,,Mastercard,CREDIT_NOT_PROCESSED,Credit Not Processed,2025-04-16,40000,507,289,2025-04-29,13,contested,lost,2025-05-05,4,4,3,1,0.5475333333333333,4,2,0.75,1399,upi,0,0.0,0,,0.0992573576519026,not_applicable,0,1,0,0,,,travel_booking,travel_booking,medium,booking_service,0,0.5277083998646871,0,0,113,13.0,-255.6930555555556,0,0.2841869000564653,796,0.0199,1,CONTEST,10571.48,True
DSP001388,TXN0300848,M000274,CUS0107016,RuPay,MERCHANDISE_NOT_AS_DESCRIBED,Merchandise Not As Described,2025-06-15,16295,585,261,2025-06-22,7,contested,lost,2025-07-17,3,3,2,1,0.3731666666666666,3,3,0.6666666666666666,4949,credit_card,0,0.0,0,,0.0736046137250866,passed,1,1,0,0,,,travel_booking,travel_booking,medium,booking_service,0,0.5277083998646871,0,0,113,7.0,21.275694444444444,0,0.07007319056654919,846,0.05191776618594661,1,CONTEST,295.84,False
DSP001390,TXN0299473,M000274,,Visa,CREDIT_NOT_PROCESSED,Credit Not Processed,2025-11-20,13400,671,174,2025-12-10,20,contested,lost,2025-12-16,2,4,2,2,0.2457666666666667,2,4,0.5,15999,wallet,0,0.0,0,,0.2215900971173722,not_applicable,1,1,0,1,,,travel_booking,travel_booking,medium,booking_service,0,0.5277083998646871,0,0,113,20.0,126.2701388888889,0,0.0,845,0.06305970149253731,0,ACCEPT,-845.0,True
DSP001391,TXN0299457,M000274,CUS0107726,Mastercard,SERVICE_NOT_RENDERED,Service Not Rendered,2026-01-05,14900,596,240,2026-01-13,8,contested,lost,2026-01-23,4,3,2,1,0.5358833333333334,4,2,0.6666666666666666,6299,debit_card,0,0.0,0,,0.3628278964707218,passed,1,1,0,0,,,travel_booking,travel_booking,medium,booking_service,0,0.5277083998646871,0,0,113,8.0,156.3736111111111,0,0.24857779059097435,836,0.05610738255033557,1,CONTEST,2867.81,True
DSP001392,TXN0301110,M000274,,Mastercard,CREDIT_NOT_PROCESSED,Credit Not Processed,2026-01-24,7999,685,252,2026-02-02,9,contested,won,2026-03-04,4,4,3,1,0.4302333333333333,4,2,0.75,8699,upi,1,16799.0,0,47.0,0.1415027946421464,not_applicable,1,5,0,0,,,travel_booking,travel_booking,medium,booking_service,0,0.5277083998646871,0,0,113,9.0,327.8833333333333,1,0.35000000000000003,937,0.11713964245530692,1,CONTEST,1862.65,False
DSP001393,TXN0301821,M000274,CUS0106935,Visa,DUPLICATE_TRANSACTION,Duplicate Transaction,2025-03-22,3350,730,216,2025-04-06,15,contested,won,2025-04-24,3,2,2,0,0.4541,3,3,1.0,5999,credit_card,1,14999.0,0,52.0,0.1675579481985926,not_applicable,1,1,0,0,,,travel_booking,travel_booking,medium,booking_service,0,0.5277083998646871,0,0,113,15.0,-145.4361111111111,1,0.5185428088794167,946,0.28238805970149256,1,CONTEST,791.12,False
DSP001395,TXN0300537,M000274,CUS0107029,Visa,MERCHANDISE_NOT_AS_DESCRIBED,Merchandise Not As Described,2025-11-20,1850,750,246,2025-12-10,20,contested,lost,2025-12-14,3,3,2,1,0.4019666666666666,3,3,0.6666666666666666,3445,credit_card,0,0.0,0,,0.4818262075882011,passed,1,1,0,0,,,travel_booking,travel_booking,medium,booking_service,0,0.5277083998646871,0,0,113,20.0,134.31458333333333,0,0.2277922077922078,996,0.5383783783783784,0,ACCEPT,-574.58,False
DSP001396,TXN0304014,M000275,,Visa,RECURRING_BILLING_DISPUTE,Recurring Billing Dispute,2025-03-10,1499,695,181,2025-03-17,7,contested,lost,2025-04-22,3,5,2,3,0.3441833333333333,3,3,0.4,4999,netbanking,0,0.0,0,,0.2591827615310603,not_applicable,0,1,0,0,,,fitness_membership,fitness_membership,medium,membership_service,1,0.4553064874412149,0,1,59,7.0,-204.04861111111111,0,0.0,876,0.5843895930620414,0,ACCEPT,-876.0,False
DSP001398,TXN0303513,M000275,CUS0108463,RuPay,SERVICE_NOT_RENDERED,Service Not Rendered,2025-07-01,14999,741,242,2025-07-19,18,contested,lost,2025-08-14,1,4,1,3,0.1261666666666666,1,5,0.25,14999,debit_card,0,0.0,0,,0.3366937867949102,passed,1,1,1,0,,,fitness_membership,fitness_membership,medium,membership_service,1,0.4553064874412149,0,1,59,18.0,-93.025,0,0.0,983,0.0655377025135009,0,ACCEPT,-983.0,False
DSP001400,TXN0304035,M000275,CUS0108669,Visa,SERVICE_NOT_RENDERED,Service Not Rendered,2025-12-16,1499,538,193,2026-01-03,18,contested,lost,2026-01-25,5,4,3,1,0.6241333333333333,5,1,0.75,9999,credit_card,0,0.0,0,,0.0094715338702364,passed,1,1,0,0,,,fitness_membership,fitness_membership,medium,membership_service,1,0.4553064874412149,0,1,59,18.0,229.00625,0,0.3230590805075931,731,0.4876584389593062,0,ACCEPT,-246.73,False
DSP001402,TXN0302665,M000275,CUS0108662,Visa,RECURRING_BILLING_DISPUTE,Recurring Billing Dispute,2025-11-17,1499,493,167,2025-11-24,7,contested,lost,2025-12-10,2,5,2,3,0.2596166666666666,2,4,0.4,1499,debit_card,0,0.0,0,,0.1051031466832215,passed,1,1,0,0,,,fitness_membership,fitness_membership,medium,membership_service,1,0.4553064874412149,0,1,59,7.0,-41.65416666666667,0,0.0,660,0.4402935290193462,0,ACCEPT,-660.0,False
DSP001403,TXN0302233,M000275,CUS0107987,Visa,MERCHANDISE_NOT_AS_DESCRIBED,Merchandise Not As Described,2025-11-29,1499,489,167,2025-12-14,15,contested,lost,2025-12-29,1,4,1,3,0.1040166666666666,1,5,0.25,5999,netbanking,0,0.0,0,,0.4344993531838503,not_applicable,1,1,0,0,,,fitness_membership,fitness_membership,medium,membership_service,1,0.4553064874412149,0,1,59,15.0,283.98541666666665,0,0.0,656,0.437625083388926,0,ACCEPT,-656.0,True
DSP001404,TXN0304366,M000275,CUS0108296,Visa,CREDIT_NOT_PROCESSED,Credit Not Processed,2025-02-08,5999,451,236,2025-02-16,8,contested,lost,2025-02-27,5,4,3,1,0.6431833333333333,5,1,0.75,4999,debit_card,0,0.0,0,,0.2370581976712706,passed,1,1,0,0,,,fitness_membership,fitness_membership,medium,membership_service,1,0.4553064874412149,0,1,59,8.0,-309.1777777777778,0,0.26170995670995667,687,0.11451908651441907,1,CONTEST,883.0,False
DSP001405,TXN0302923,M000275,CUS0108264,Mastercard,RECURRING_BILLING_DISPUTE,Recurring Billing Dispute,2025-12-26,1499,747,212,2026-01-10,15,contested,lost,2026-01-11,2,5,1,4,0.3008666666666666,2,4,0.2,5999,credit_card,0,0.0,0,,0.0385944968129101,passed,1,1,0,0,,,fitness_membership,fitness_membership,medium,membership_service,1,0.4553064874412149,0,1,59,15.0,254.1173611111111,0,0.0,959,0.6397598398932621,0,ACCEPT,-959.0,False
DSP001407,TXN0303166,M000275,,Visa,UNAUTHORIZED_TRANSACTION,Unauthorized Transaction,2025-03-16,1499,445,226,2025-03-29,13,contested,lost,2025-04-04,5,4,3,1,0.6501666666666667,5,1,0.75,1499,upi,0,0.0,0,,0.0235848939891095,not_applicable,1,4,0,0,,,fitness_membership,fitness_membership,medium,membership_service,1,0.4553064874412149,0,1,59,13.0,44.41736111111111,0,0.19142857142857142,671,0.447631754503002,0,ACCEPT,-384.05,False
DSP001408,TXN0303786,M000275,,Visa,SERVICE_NOT_RENDERED,Service Not Rendered,2025-06-26,1499,418,218,2025-07-10,14,contested,lost,2025-08-06,3,4,2,2,0.3106666666666666,3,3,0.5,1499,credit_card,0,0.0,0,,0.3554350503802315,passed,1,1,0,0,,,fitness_membership,fitness_membership,medium,membership_service,1,0.4553064874412149,0,1,59,14.0,67.57430555555555,0,0.0,636,0.4242828552368246,0,ACCEPT,-636.0,True
DSP001409,TXN0302496,M000275,,Visa,RECURRING_BILLING_DISPUTE,Recurring Billing Dispute,2025-06-30,1499,500,284,2025-07-08,8,contested,lost,2025-08-03,3,5,3,2,0.3900166666666667,3,3,0.6,14999,debit_card,0,0.0,0,,0.4355853996984619,passed,1,1,0,0,,,fitness_membership,fitness_membership,medium,membership_service,1,0.4553064874412149,0,1,59,8.0,84.06944444444444,0,0.0,784,0.5230153435623749,0,ACCEPT,-784.0,False
DSP001410,TXN0302053,M000275,CUS0108582,Visa,RECURRING_BILLING_DISPUTE,Recurring Billing Dispute,2025-04-26,1499,623,159,2025-05-17,21,contested,lost,2025-05-30,3,5,2,3,0.3308166666666667,3,3,0.4,1499,wallet,0,0.0,0,,0.4865160838229331,not_applicable,1,1,0,0,,,fitness_membership,fitness_membership,medium,membership_service,1,0.4553064874412149,0,1,59,21.0,-196.80902777777777,0,0.0,782,0.5216811207471648,0,ACCEPT,-782.0,True
DSP001411,TXN0304108,M000275,CUS0107843,Mastercard,RECURRING_BILLING_DISPUTE,Recurring Billing Dispute,2025-10-22,1499,710,237,2025-10-29,7,contested,lost,2025-11-12,3,5,3,2,0.32905,3,3,0.6,19999,credit_card,0,0.0,0,,0.3372345437165793,passed,1,1,0,0,,,fitness_membership,fitness_membership,medium,membership_service,1,0.4553064874412149,0,1,59,7.0,62.08819444444445,0,0.0,947,0.6317545030020013,0,ACCEPT,-947.0,False
DSP001412,TXN0306872,M000276,,Visa,RECURRING_BILLING_DISPUTE,Recurring Billing Dispute,2025-07-17,1499,423,164,2025-07-26,9,contested,won,2025-08-27,4,5,3,2,0.5680333333333333,4,2,0.6,2249,credit_card,3,12297.0,0,0.0,0.0377505847837152,passed,1,1,0,0,in_transit,0.0,saas_tools,saas_tools,medium,digital_service,1,0.846143213349221,0,1,83,9.0,62.013888888888886,1,0.3860628019323672,587,0.39159439626417614,0,ACCEPT,-8.29,False
DSP001416,TXN0304757,M000276,CUS0109580,Visa,UNAUTHORIZED_TRANSACTION,Unauthorized Transaction,2025-07-19,9999,672,269,2025-08-01,13,contested,lost,2025-08-22,5,4,3,1,0.7514666666666666,5,1,0.75,4999,debit_card,0,0.0,0,,0.1181057019559826,passed,1,4,0,0,,,saas_tools,saas_tools,medium,digital_service,1,0.846143213349221,0,1,83,13.0,90.84930555555556,0,0.24564935064935062,941,0.09410941094109411,1,CONTEST,1515.25,False
DSP001417,TXN0305389,M000276,,Visa,RECURRING_BILLING_DISPUTE,Recurring Billing Dispute,2025-09-17,9999,417,284,2025-10-02,15,contested,won,2025-10-03,4,5,3,2,0.6094333333333334,4,2,0.6,19999,credit_card,1,9999.0,0,14.0,0.2769868931989541,failed,1,1,0,0,,,saas_tools,saas_tools,medium,digital_service,1,0.846143213349221,0,1,83,15.0,222.85555555555555,1,0.46204678362573104,701,0.0701070107010701,1,CONTEST,3919.01,False
DSP001418,TXN0306486,M000276,CUS0108868,Mastercard,RECURRING_BILLING_DISPUTE,Recurring Billing Dispute,2025-07-29,9999,530,295,2025-08-06,8,contested,won,2025-08-31,6,5,5,0,0.90945,6,0,1.0,9999,credit_card,2,21498.0,0,63.0,0.0453387355578103,passed,1,1,0,0,,,saas_tools,saas_tools,medium,digital_service,1,0.846143213349221,0,1,83,8.0,-123.9888888888889,1,0.9564502164502166,825,0.08250825082508251,1,CONTEST,8738.55,False
DSP001419,TXN0305236,M000276,CUS0109342,RuPay,UNAUTHORIZED_TRANSACTION,Unauthorized Transaction,2025-02-01,4999,411,259,2025-02-21,20,contested,lost,2025-02-15,6,4,4,0,0.9486166666666668,6,0,1.0,1499,debit_card,2,21498.0,0,9.0,0.2421507292635495,failed,1,1,0,0,,,saas_tools,saas_tools,medium,digital_service,1,0.846143213349221,0,1,83,20.0,-222.6555555555556,0,0.41191300436151695,670,0.13402680536107223,1,CONTEST,1389.15,False
DSP001421,TXN0305522,M000276,CUS0109094,Visa,RECURRING_BILLING_DISPUTE,Recurring Billing Dispute,2025-08-09,1499,705,289,2025-08-28,19,contested,won,2025-09-16,6,5,5,0,0.9186,6,0,1.0,4999,upi,0,0.0,0,,0.1877406704311437,not_applicable,1,1,0,0,,,saas_tools,saas_tools,medium,digital_service,1,0.846143213349221,0,1,83,19.0,145.74444444444444,1,1.0,994,0.6631087391594396,1,CONTEST,505.0,False
DSP001422,TXN0306978,M000276,CUS0109024,Visa,DUPLICATE_TRANSACTION,Duplicate Transaction,2026-01-17,19999,577,280,2026-02-05,19,contested,won,2026-03-02,5,2,2,0,0.6684333333333333,5,1,1.0,1399,debit_card,0,0.0,0,,0.4448722054291467,passed,1,1,0,0,delivered,0.0,saas_tools,saas_tools,medium,digital_service,1,0.846143213349221,0,1,83,19.0,108.87013888888887,1,0.8236436143319341,857,0.042852142607130356,1,CONTEST,15615.05,False
DSP001424,TXN0305686,M000276,,Mastercard,RECURRING_BILLING_DISPUTE,Recurring Billing Dispute,2025-07-05,1499,476,256,2025-07-23,18,contested,won,2025-08-07,5,5,4,1,0.70825,5,1,0.8,4999,credit_card,0,0.0,0,,0.2610193597153746,not_applicable,0,1,0,0,,,saas_tools,saas_tools,medium,digital_service,1,0.846143213349221,0,1,83,18.0,8.21111111111111,1,0.8804345851464909,732,0.4883255503669113,1,CONTEST,587.77,False
DSP001425,TXN0306292,M000276,CUS0109415,Visa,CREDIT_NOT_PROCESSED,Credit Not Processed,2025-03-15,1499,569,261,2025-03-31,16,contested,won,2025-04-04,6,4,4,0,0.9420833333333332,6,0,1.0,1499,upi,0,0.0,0,,0.4921408354317133,not_applicable,0,1,0,0,,,saas_tools,saas_tools,medium,digital_service,1,0.846143213349221,0,1,83,16.0,-118.39861111111112,1,0.9822994313788247,830,0.5537024683122082,1,CONTEST,642.47,False
DSP001426,TXN0305816,M000276,,RuPay,RECURRING_BILLING_DISPUTE,Recurring Billing Dispute,2025-09-07,1499,549,277,2025-09-16,9,contested,won,2025-09-29,6,5,5,0,0.9480166666666668,6,0,1.0,1499,debit_card,2,2998.0,0,91.0,0.013012355829076,failed,1,1,0,0,,,saas_tools,saas_tools,medium,digital_service,1,0.846143213349221,0,1,83,9.0,74.76041666666667,1,0.967878787878788,826,0.5510340226817878,1,CONTEST,624.85,False
DSP001429,TXN0305003,M000276,CUS0109015,Mastercard,RECURRING_BILLING_DISPUTE,Recurring Billing Dispute,2025-08-25,1499,599,163,2025-09-11,17,contested,lost,2025-09-11,4,5,3,2,0.5990833333333333,4,2,0.6,1499,upi,0,0.0,0,,0.1936644739794487,not_applicable,1,2,0,0,,,saas_tools,saas_tools,medium,digital_service,1,0.846143213349221,0,1,83,17.0,151.8388888888889,0,0.3717772488936256,762,0.5083388925950634,0,ACCEPT,-204.71,True
DSP001430,TXN0314000,M000277,CUS0112077,Visa,MERCHANDISE_NOT_AS_DESCRIBED,Merchandise Not As Described,2025-04-08,4995,739,281,2025-04-15,7,contested,won,2025-05-03,4,3,2,1,0.60815,4,2,0.6666666666666666,4995,debit_card,0,0.0,0,,0.2068993078890689,passed,1,1,0,0,delivered,1.0,marketplace_retailer,marketplace_retailer,large,physical_delivery,0,0.9193180957692564,1,0,67,7.0,-215.62222222222223,1,0.3800847346409196,1020,0.2042042042042042,1,CONTEST,878.52,True
DSP001431,TXN0310208,M000277,CUS0109946,Visa,MERCHANDISE_NOT_RECEIVED,Merchandise Not Received,2025-03-18,4349,621,215,2025-03-29,11,contested,won,2025-04-19,6,4,4,0,0.91065,6,0,1.0,1695,credit_card,1,1749.0,0,34.0,0.2172639593327492,passed,1,3,0,1,in_transit,0.0,marketplace_retailer,marketplace_retailer,large,physical_delivery,0,0.9193180957692564,1,0,67,11.0,3.063194444444445,1,0.9744605487076632,836,0.19222809841342836,1,CONTEST,3401.93,False
DSP001433,TXN0313284,M000277,,Mastercard,MERCHANDISE_NOT_RECEIVED,Merchandise Not Received,2025-08-07,2399,706,224,2025-08-14,7,contested,won,2025-08-25,6,4,4,0,0.9610166666666666,6,0,1.0,1799,upi,0,0.0,0,,0.2755765587901775,not_applicable,1,2,0,0,delivered,0.0,marketplace_retailer,marketplace_retailer,large,physical_delivery,0,0.9193180957692564,1,0,67,7.0,15.310416666666669,1,0.9347389865036924,930,0.3876615256356815,1,CONTEST,1312.44,False
DSP001434,TXN0307952,M000277,CUS0112548,Visa,MERCHANDISE_NOT_AS_DESCRIBED,Merchandise Not As Described,2026-01-25,349,407,225,2026-02-14,20,contested,lost,2026-02-16,5,3,2,1,0.7967166666666667,5,1,0.6666666666666666,1245,netbanking,0,0.0,0,,0.0620086010043457,not_applicable,0,1,0,0,rto,0.0,marketplace_retailer,marketplace_retailer,large,physical_delivery,0,0.9193180957692564,1,0,67,20.0,84.46805555555555,0,0.5243208405660268,632,1.0,0,ACCEPT,-449.01,False
DSP001435,TXN0311746,M000277,CUS0111511,Visa,MERCHANDISE_NOT_RECEIVED,Merchandise Not Received,2026-01-25,6000,462,185,2026-02-05,11,contested,won,2026-03-03,6,4,4,0,0.9341833333333334,6,0,1.0,2399,debit_card,0,0.0,0,,0.3003031554910322,passed,1,1,0,0,delivered,0.0,marketplace_retailer,marketplace_retailer,large,physical_delivery,0,0.9193180957692564,1,0,67,11.0,224.2236111111111,1,0.9382683982683983,647,0.10783333333333334,1,CONTEST,4982.61,False
DSP001436,TXN0311553,M000277,CUS0111351,Mastercard,UNAUTHORIZED_TRANSACTION,Unauthorized Transaction,2025-05-22,649,740,170,2025-06-09,18,contested,won,2025-06-15,6,4,4,0,0.98,6,0,1.0,29999,credit_card,0,0.0,0,,0.3349179184729582,passed,0,1,0,0,delivered,1.0,marketplace_retailer,marketplace_retailer,large,physical_delivery,0,0.9193180957692564,1,0,67,18.0,-123.22083333333332,1,0.6204748069268193,910,1.0,0,ACCEPT,-507.31,False
DSP001437,TXN0312166,M000277,CUS0111362,Visa,MERCHANDISE_NOT_RECEIVED,Merchandise Not Received,2025-12-01,3895,562,159,2025-12-13,12,contested,won,2026-01-07,6,4,4,0,0.9360666666666666,6,0,1.0,5799,netbanking,1,399.0,0,15.0,0.2322979962903704,not_applicable,1,2,0,0,delivered,0.0,marketplace_retailer,marketplace_retailer,large,physical_delivery,0,0.9193180957692564,1,0,67,12.0,315.29791666666665,1,0.9582683982683984,721,0.18510911424903723,1,CONTEST,3011.46,False
DSP001438,TXN0310235,M000277,CUS0110164,Mastercard,MERCHANDISE_NOT_RECEIVED,Merchandise Not Received,2025-06-13,355,652,233,2025-06-26,13,contested,lost,2025-07-22,6,4,4,0,0.95555,6,0,1.0,849,upi,1,1445.0,0,179.0,0.3541480061277554,not_applicable,1,2,0,0,delivered,0.0,marketplace_retailer,marketplace_retailer,large,physical_delivery,0,0.9193180957692564,1,0,67,13.0,-36.50069444444444,0,0.9564502164502166,885,1.0,0,ACCEPT,-545.46,True
DSP001439,TXN0312796,M000277,,Visa,MERCHANDISE_NOT_AS_DESCRIBED,Merchandise Not As Described,2025-06-03,3950,421,163,2025-06-10,7,contested,lost,2025-07-16,4,3,3,0,0.6533333333333333,4,2,1.0,749,wallet,3,4343.0,0,24.0,0.167886434619396,not_applicable,1,1,0,0,delivered,1.0,marketplace_retailer,marketplace_retailer,large,physical_delivery,0,0.9193180957692564,1,0,67,7.0,-132.03055555555557,0,0.5171895424836601,584,0.1478481012658228,1,CONTEST,1458.9,False
DSP001442,TXN0311849,M000277,,Visa,UNAUTHORIZED_TRANSACTION,Unauthorized Transaction,2025-07-30,1500,719,225,2025-08-10,11,contested,won,2025-08-30,5,4,4,0,0.8166666666666668,5,1,1.0,2145,debit_card,1,4999.0,0,113.0,0.5190101422480572,passed,1,1,0,0,delivered,1.0,marketplace_retailer,marketplace_retailer,large,physical_delivery,0,0.9193180957692564,1,0,67,11.0,-22.77638888888889,1,0.7270268019164019,944,0.6293333333333333,1,CONTEST,146.54,False
DSP001443,TXN0308733,M000277,CUS0109999,RuPay,DUPLICATE_TRANSACTION,Duplicate Transaction,2025-10-27,1195,530,211,2025-11-04,8,contested,won,2025-11-22,6,2,2,0,0.9559,6,0,1.0,5899,credit_card,0,0.0,0,,0.0159869757793679,passed,1,1,0,0,delivered,1.0,marketplace_retailer,marketplace_retailer,large,physical_delivery,0,0.9193180957692564,1,0,67,8.0,185.85416666666663,1,0.9347389865036924,741,0.6200836820083682,1,CONTEST,376.01,False
DSP001444,TXN0310405,M000277,CUS0111567,Visa,MERCHANDISE_NOT_AS_DESCRIBED,Merchandise Not As Described,2025-02-08,1600,534,164,2025-02-20,12,contested,won,2025-03-22,6,3,3,0,0.9548666666666666,6,0,1.0,2199,netbanking,0,0.0,0,,0.2516075503216987,not_applicable,1,1,0,0,delivered,1.0,marketplace_retailer,marketplace_retailer,large,physical_delivery,0,0.9193180957692564,1,0,67,12.0,-60.12638888888889,1,0.8048878483944897,698,0.43625,1,CONTEST,589.82,False
DSP001447,TXN0310903,M000277,CUS0112540,Visa,CREDIT_NOT_PROCESSED,Credit Not Processed,2025-06-10,1649,684,212,2025-06-19,9,contested,won,2025-07-19,5,3,2,1,0.7846333333333333,5,1,0.6666666666666666,2249,credit_card,0,0.0,0,,0.2427731392997675,passed,1,2,0,0,in_transit,0.0,marketplace_retailer,marketplace_retailer,large,physical_delivery,0,0.9193180957692564,1,0,67,9.0,132.60555555555555,1,0.6604694896634375,896,0.5433596118859915,1,CONTEST,193.11,False
DSP001449,TXN0311084,M000277,CUS0111476,Visa,CREDIT_NOT_PROCESSED,Credit Not Processed,2025-08-12,1200,478,172,2025-08-23,11,contested,won,2025-08-28,6,3,3,0,0.9648666666666668,6,0,1.0,3245,debit_card,0,0.0,0,,0.1388344667754941,passed,1,1,0,0,delivered,0.0,marketplace_retailer,marketplace_retailer,large,physical_delivery,0,0.9193180957692564,1,0,67,11.0,191.15347222222223,1,0.9347389865036924,650,0.5416666666666666,1,CONTEST,471.69,False
DSP001450,TXN0309947,M000277,CUS0110216,Mastercard,MERCHANDISE_NOT_RECEIVED,Merchandise Not Received,2025-02-26,1099,480,224,2025-03-13,15,contested,won,2025-04-05,6,4,4,0,0.9317833333333332,6,0,1.0,2149,upi,0,0.0,0,,0.1097300094242855,not_applicable,1,1,0,0,delivered,1.0,marketplace_retailer,marketplace_retailer,large,physical_delivery,0,0.9193180957692564,1,0,67,15.0,-168.79097222222222,1,0.9582683982683984,704,0.640582347588717,1,CONTEST,349.14,True
DSP001451,TXN0310681,M000277,CUS0110017,Mastercard,MERCHANDISE_NOT_RECEIVED,Merchandise Not Received,2025-02-15,449,693,190,2025-03-04,17,contested,won,2025-03-13,6,4,4,0,0.9148333333333332,6,0,1.0,2699,upi,1,4249.0,0,83.0,0.2614412533804078,not_applicable,1,1,0,0,lost,0.0,marketplace_retailer,marketplace_retailer,large,physical_delivery,0,0.9193180957692564,1,0,67,17.0,-222.6798611111111,1,0.9347389865036924,883,1.0,0,ACCEPT,-463.3,True
DSP001452,TXN0310878,M000277,,Mastercard,MERCHANDISE_NOT_AS_DESCRIBED,Merchandise Not As Described,2025-10-14,1000,695,225,2025-10-24,10,contested,won,2025-11-06,6,3,3,0,0.9470166666666668,6,0,1.0,649,debit_card,0,0.0,0,,0.3382759165440497,passed,1,1,0,0,delivered,1.0,marketplace_retailer,marketplace_retailer,large,physical_delivery,0,0.9193180957692564,1,0,67,10.0,164.64375,1,0.7682733229884925,920,0.92,0,ACCEPT,-151.73,True
DSP001454,TXN0314588,M000277,CUS0111604,Visa,MERCHANDISE_NOT_RECEIVED,Merchandise Not Received,2025-04-25,4545,560,275,2025-05-11,16,contested,won,2025-05-14,6,4,4,0,0.9650833333333332,6,0,1.0,1049,credit_card,0,0.0,0,,0.3096420128332085,passed,1,1,0,0,delivered,0.0,marketplace_retailer,marketplace_retailer,large,physical_delivery,0,0.9193180957692564,1,0,67,16.0,75.08958333333334,1,0.9582683982683984,835,0.18371837183718373,1,CONTEST,3520.33,False
DSP001455,TXN0309838,M000277,CUS0110349,Mastercard,UNAUTHORIZED_TRANSACTION,Unauthorized Transaction,2025-05-16,1745,444,184,2025-05-23,7,contested,won,2025-05-30,6,4,4,0,0.9543666666666668,6,0,1.0,1795,debit_card,2,7444.0,0,93.0,0.2656567329410674,passed,1,1,0,0,in_transit,0.0,marketplace_retailer,marketplace_retailer,large,physical_delivery,0,0.9193180957692564,1,0,67,7.0,-209.38125,1,0.4692374051069703,628,0.35988538681948423,1,CONTEST,190.82,True
DSP001456,TXN0311662,M000277,CUS0111165,Visa,CREDIT_NOT_PROCESSED,Credit Not Processed,2025-07-31,1699,424,245,2025-08-12,12,contested,won,2025-08-23,5,3,3,0,0.8135666666666667,5,1,1.0,1349,debit_card,0,0.0,0,,0.2204725858528796,passed,1,4,0,0,delivered,1.0,marketplace_retailer,marketplace_retailer,large,physical_delivery,0,0.9193180957692564,1,0,67,12.0,130.28402777777777,1,0.8108175551612181,669,0.3937610359034726,1,CONTEST,708.58,True
DSP001457,TXN0319347,M000278,CUS0113922,Visa,UNAUTHORIZED_TRANSACTION,Unauthorized Transaction,2026-02-04,650,611,208,2026-02-17,13,contested,won,2026-03-04,5,4,3,1,0.7968333333333333,5,1,0.75,3849,debit_card,0,0.0,0,,0.2716078327022568,passed,1,3,0,0,delivered,1.0,marketplace_retailer,marketplace_retailer,large,physical_delivery,0,0.97,1,1,103,13.0,162.23402777777778,1,0.45256965944272454,819,1.0,0,ACCEPT,-524.83,False
DSP001459,TXN0317281,M000278,CUS0113338,Visa,MERCHANDISE_NOT_AS_DESCRIBED,Merchandise Not As Described,2025-07-09,699,510,190,2025-07-24,15,contested,won,2025-08-09,6,3,3,0,0.98,6,0,1.0,4049,credit_card,2,3744.0,0,248.0,0.3798058340191131,passed,1,1,0,0,delivered,1.0,marketplace_retailer,marketplace_retailer,large,physical_delivery,0,0.97,1,1,103,15.0,-101.12291666666668,1,0.8845015240175845,700,1.0,0,ACCEPT,-81.73,False
DSP001460,TXN0320227,M000278,CUS0114855,Visa,MERCHANDISE_NOT_AS_DESCRIBED,Merchandise Not As Described,2026-01-26,2549,409,187,2026-02-07,12,contested,won,2026-02-28,6,3,3,0,0.939,6,0,1.0,749,credit_card,1,899.0,0,8.0,0.0594775486004866,passed,1,1,0,0,delivered,1.0,marketplace_retailer,marketplace_retailer,large,physical_delivery,0,0.97,1,1,103,12.0,194.67013888888889,1,0.637231481221251,596,0.2338171832091016,1,CONTEST,1028.3,False
DSP001462,TXN0319201,M000278,,Visa,MERCHANDISE_NOT_RECEIVED,Merchandise Not Received,2025-05-25,1949,738,159,2025-06-05,11,contested,won,2025-06-09,6,4,4,0,0.9233166666666668,6,0,1.0,1999,debit_card,2,8298.0,0,265.0,0.0934754995844817,passed,0,1,0,0,delivered,1.0,marketplace_retailer,marketplace_retailer,large,physical_delivery,0,0.97,1,1,103,11.0,-216.0923611111111,1,0.9382683982683983,897,0.46023601847101075,1,CONTEST,931.69,False
DSP001463,TXN0318076,M000278,CUS0114925,Mastercard,UNAUTHORIZED_TRANSACTION,Unauthorized Transaction,2025-05-23,5099,549,244,2025-06-02,10,contested,lost,2025-07-01,4,4,3,1,0.6533333333333333,4,2,0.75,599,debit_card,0,0.0,0,,0.4110608274425884,passed,1,1,0,0,delivered,0.0,marketplace_retailer,marketplace_retailer,large,physical_delivery,0,0.97,1,1,103,10.0,-212.1340277777778,0,0.25004329004329007,793,0.15552069033143753,1,CONTEST,481.97,False
DSP001465,TXN0315450,M000278,,RuPay,UNAUTHORIZED_TRANSACTION,Unauthorized Transaction,2025-08-07,700,516,164,2025-08-17,10,contested,won,2025-09-06,6,4,4,0,0.9605333333333332,6,0,1.0,8295,credit_card,3,7297.0,0,14.0,0.230689313151134,passed,1,2,0,0,delivered,1.0,marketplace_retailer,marketplace_retailer,large,physical_delivery,0,0.97,1,1,103,10.0,14.734722222222222,1,0.5506747638326586,680,0.9714285714285714,0,ACCEPT,-294.53,False
DSP001466,TXN0317858,M000278,CUS0114183,Visa,UNAUTHORIZED_TRANSACTION,Unauthorized Transaction,2025-09-05,5099,490,205,2025-09-17,12,contested,lost,2025-09-26,6,4,4,0,0.9107,6,0,1.0,1149,credit_card,0,0.0,0,,0.0528269600698476,passed,1,2,0,0,delivered,1.0,marketplace_retailer,marketplace_retailer,large,physical_delivery,0,0.97,1,1,103,12.0,-17.039583333333333,0,0.4003318077803204,695,0.13630123553637968,1,CONTEST,1346.29,False
DSP001467,TXN0318072,M000278,,RuPay,UNAUTHORIZED_TRANSACTION,Unauthorized Transaction,2025-08-26,449,651,261,2025-09-03,8,contested,lost,2025-09-26,6,4,4,0,0.9647166666666666,6,0,1.0,1695,upi,2,12094.0,0,25.0,0.4251781553348985,not_applicable,1,2,0,1,delivered,0.0,marketplace_retailer,marketplace_retailer,large,physical_delivery,0,0.97,1,1,103,8.0,72.2,0,0.5499496151231156,912,1.0,0,ACCEPT,-665.07,False
DSP001468,TXN0316193,M000278,CUS0113498,Visa,MERCHANDISE_NOT_AS_DESCRIBED,Merchandise Not As Described,2025-11-08,1699,429,244,2025-11-15,7,contested,lost,2025-11-24,6,3,3,0,0.925,6,0,1.0,5699,netbanking,0,0.0,0,,0.0567189494599354,not_applicable,1,2,0,1,delivered,1.0,marketplace_retailer,marketplace_retailer,large,physical_delivery,0,0.97,1,1,103,7.0,-31.572916666666668,0,0.6101040723981901,673,0.3961153619776339,1,CONTEST,363.57,False
DSP001469,TXN0323307,M000278,,RuPay,MERCHANDISE_NOT_AS_DESCRIBED,Merchandise Not As Described,2025-09-25,2049,709,239,2025-10-13,18,contested,lost,2025-10-13,6,3,3,0,0.95485,6,0,1.0,1849,debit_card,0,0.0,0,,0.1003813883979284,passed,1,1,0,0,delivered,1.0,marketplace_retailer,marketplace_retailer,large,physical_delivery,0,0.97,1,1,103,18.0,266.0388888888889,0,0.6513319497839622,948,0.46266471449487556,1,CONTEST,386.58,False
DSP001470,TXN0317692,M000278,,Visa,CREDIT_NOT_PROCESSED,Credit Not Processed,2025-03-07,8300,560,220,2025-03-21,14,contested,lost,2025-04-07,6,3,3,0,0.9352333333333332,6,0,1.0,239,credit_card,0,0.0,0,,0.4199443900035952,passed,1,1,0,0,delivered,1.0,marketplace_retailer,marketplace_retailer,large,physical_delivery,0,0.97,1,1,103,14.0,-79.41111111111111,0,0.7025916231043486,780,0.09397590361445783,1,CONTEST,5051.51,False
DSP001471,TXN0320682,M000278,CUS0114855,Visa,MERCHANDISE_NOT_RECEIVED,Merchandise Not Received,2026-01-07,1499,647,253,2026-01-28,21,contested,won,2026-02-09,5,4,3,1,0.7785666666666667,5,1,0.75,15299,credit_card,2,4594.0,0,182.0,0.4123361391533054,passed,1,1,0,0,delivered,1.0,marketplace_retailer,marketplace_retailer,large,physical_delivery,0,0.97,1,1,103,21.0,77.90833333333333,1,0.7042583938538762,900,0.600400266844563,1,CONTEST,155.68,False
DSP001472,TXN0322610,M000278,,Visa,MERCHANDISE_NOT_AS_DESCRIBED,Merchandise Not As Described,2025-11-17,110,418,206,2025-11-26,9,contested,won,2025-12-09,6,3,3,0,0.9477666666666668,6,0,1.0,6499,upi,0,0.0,0,,0.7543758799040653,not_applicable,1,1,0,0,delivered,0.0,marketplace_retailer,marketplace_retailer,large,physical_delivery,0,0.97,1,1,103,9.0,0.3541666666666667,1,0.8363412645435581,624,1.0,0,ACCEPT,-532.0,False
DSP001473,TXN0316204,M000278,CUS0115049,Mastercard,MERCHANDISE_NOT_AS_DESCRIBED,Merchandise Not As Described,2025-04-22,1099,741,267,2025-05-04,12,contested,won,2025-05-19,6,3,3,0,0.98,6,0,1.0,8499,wallet,0,0.0,0,,0.3485047606906472,not_applicable,1,1,0,0,delivered,1.0,marketplace_retailer,marketplace_retailer,large,physical_delivery,0,0.97,1,1,103,12.0,73.07430555555555,1,0.7047881709821188,1008,0.9171974522292994,0,ACCEPT,-233.44,True
DSP001474,TXN0319909,M000278,,Visa,UNAUTHORIZED_TRANSACTION,Unauthorized Transaction,2025-08-04,1200,584,184,2025-08-16,12,contested,lost,2025-09-18,6,4,4,0,0.9637166666666668,6,0,1.0,20999,debit_card,0,0.0,0,,0.0387277841422564,passed,0,1,0,0,delivered,1.0,marketplace_retailer,marketplace_retailer,large,physical_delivery,0,0.97,1,1,103,12.0,209.41944444444445,0,0.4205940969985062,768,0.64,0,ACCEPT,-263.29,False
DSP001475,TXN0318107,M000278,CUS0113054,Visa,MERCHANDISE_NOT_AS_DESCRIBED,Merchandise Not As Described,2025-04-07,849,596,163,2025-04-25,18,contested,won,2025-04-30,6,3,3,0,0.95035,6,0,1.0,849,credit_card,1,2349.0,0,222.0,0.1352050812979064,passed,1,1,0,0,delivered,1.0,marketplace_retailer,marketplace_retailer,large,physical_delivery,0,0.97,1,1,103,18.0,-130.60833333333332,1,0.8499094934161349,759,0.8939929328621908,0,ACCEPT,-37.43,True
DSP001476,TXN0318693,M000278,CUS0113025,RuPay,MERCHANDISE_NOT_AS_DESCRIBED,Merchandise Not As Described,2025-03-12,900,551,227,2025-03-25,13,contested,won,2025-03-26,6,3,3,0,0.9502166666666666,6,0,1.0,1749,debit_card,3,4943.0,0,1.0,0.4113640140674393,passed,1,1,0,0,delivered,0.0,marketplace_retailer,marketplace_retailer,large,physical_delivery,0,0.97,1,1,103,13.0,-135.33958333333334,1,0.8478618876022755,778,0.8644444444444445,0,ACCEPT,-14.92,False
DSP001477,TXN0316411,M000278,CUS0114078,Visa,CREDIT_NOT_PROCESSED,Credit Not Processed,2025-09-05,1050,423,155,2025-09-16,11,contested,won,2025-09-24,6,3,3,0,0.9706166666666666,6,0,1.0,849,debit_card,0,0.0,0,,0.1289698213210967,passed,1,1,0,0,delivered,1.0,marketplace_retailer,marketplace_retailer,large,physical_delivery,0,0.97,1,1,103,11.0,-0.4340277777777778,1,0.8574592769659184,578,0.5504761904761905,1,CONTEST,322.33,True
DSP001478,TXN0323967,M000279,,Visa,MERCHANDISE_NOT_RECEIVED,Merchandise Not Received,2025-07-26,359,518,201,2025-08-05,10,contested,won,2025-08-13,6,4,4,0,0.98,6,0,1.0,469,upi,0,0.0,0,,0.1866001079820137,not_applicable,1,1,0,0,delivered,1.0,marketplace_retailer,marketplace_retailer,large,physical_delivery,0,0.97,1,1,49,10.0,-15.668055555555556,1,0.9582683982683984,719,1.0,0,ACCEPT,-374.98,True
DSP001482,TXN0326718,M000279,,RuPay,MERCHANDISE_NOT_AS_DESCRIBED,Merchandise Not As Described,2025-08-04,800,732,163,2025-08-19,15,contested,won,2025-08-26,6,3,3,0,0.95995,6,0,1.0,5299,debit_card,1,999.0,0,85.0,0.2993717115579491,passed,1,1,0,0,delivered,0.0,marketplace_retailer,marketplace_retailer,large,physical_delivery,0,0.97,1,1,49,15.0,36.49722222222222,1,0.8028506698867229,895,1.0,0,ACCEPT,-252.72,False
DSP001483,TXN0326789,M000279,,Visa,MERCHANDISE_NOT_RECEIVED,Merchandise Not Received,2025-03-30,2500,465,233,2025-04-19,20,contested,won,2025-04-26,6,4,4,0,0.97125,6,0,1.0,1649,credit_card,1,4449.0,0,205.0,0.4510162911531028,failed,1,1,0,1,delivered,0.0,marketplace_retailer,marketplace_retailer,large,physical_delivery,0,0.97,1,1,49,20.0,-197.93541666666667,1,0.9382683982683983,698,0.2792,1,CONTEST,1647.67,False
DSP001484,TXN0326064,M000279,CUS0118282,Mastercard,CREDIT_NOT_PROCESSED,Credit Not Processed,2025-03-08,4950,701,248,2025-03-27,19,contested,won,2025-04-09,6,3,3,0,0.9656,6,0,1.0,745,upi,0,0.0,0,,0.0680527789218726,not_applicable,1,1,0,0,delivered,0.0,marketplace_retailer,marketplace_retailer,large,physical_delivery,0,0.97,1,1,49,19.0,-207.81597222222223,1,0.8048878483944897,949,0.19171717171717173,1,CONTEST,3035.19,False
DSP001486,TXN0327958,M000279,CUS0115577,Mastercard,UNAUTHORIZED_TRANSACTION,Unauthorized Transaction,2025-03-03,4049,630,151,2025-03-21,18,contested,lost,2025-04-10,6,4,4,0,0.9517,6,0,1.0,3499,debit_card,0,0.0,0,,0.2264229502255212,failed,1,5,0,0,delivered,1.0,marketplace_retailer,marketplace_retailer,large,physical_delivery,0,0.97,1,1,49,18.0,-136.68194444444444,0,0.3892206966692092,781,0.1928871326253396,1,CONTEST,794.95,False
DSP001487,TXN0331300,M000279,CUS0115610,Visa,CREDIT_NOT_PROCESSED,Credit Not Processed,2025-06-13,749,732,231,2025-06-21,8,contested,won,2025-07-02,6,3,3,0,0.9320666666666666,6,0,1.0,649,netbanking,0,0.0,0,,0.2343260239765052,not_applicable,1,1,0,0,delivered,1.0,marketplace_retailer,marketplace_retailer,large,physical_delivery,0,0.97,1,1,49,8.0,-87.1375,1,0.8715355233002292,963,1.0,0,ACCEPT,-310.22,False
DSP001488,TXN0328850,M000279,CUS0115920,Mastercard,UNAUTHORIZED_TRANSACTION,Unauthorized Transaction,2026-01-15,795,664,166,2026-01-30,15,contested,lost,2026-02-16,6,4,4,0,0.9623333333333334,6,0,1.0,5299,credit_card,1,3099.0,0,222.0,0.2401114554627026,passed,1,2,0,0,delivered,1.0,marketplace_retailer,marketplace_retailer,large,physical_delivery,0,0.97,1,1,49,15.0,35.235416666666666,0,0.5709761320913688,830,1.0,0,ACCEPT,-376.07,True
DSP001489,TXN0329237,M000279,CUS0117939,Visa,MERCHANDISE_NOT_RECEIVED,Merchandise Not Received,2025-04-20,9299,714,265,2025-05-10,20,contested,won,2025-05-11,6,4,4,0,0.95575,6,0,1.0,699,upi,0,0.0,0,,0.3468056074889714,not_applicable,1,1,0,0,delivered,0.0,marketplace_retailer,marketplace_retailer,large,physical_delivery,0,0.97,1,1,49,20.0,-29.3625,1,0.9347786091414744,979,0.1052801376492096,1,CONTEST,7713.51,False
DSP001490,TXN0329607,M000279,CUS0117578,Visa,MERCHANDISE_NOT_RECEIVED,Merchandise Not Received,2025-09-25,3099,494,150,2025-10-06,11,contested,won,2025-11-08,5,4,3,1,0.8166666666666668,5,1,0.75,5095,upi,0,0.0,0,,0.2112741254780257,not_applicable,1,1,0,0,delivered,1.0,marketplace_retailer,marketplace_retailer,large,physical_delivery,0,0.97,1,1,49,11.0,143.76736111111111,1,0.7306740621807035,644,0.20780897063568893,1,CONTEST,1620.36,False
DSP001491,TXN0324038,M000279,CUS0116894,Visa,MERCHANDISE_NOT_RECEIVED,Merchandise Not Received,2025-01-19,2299,471,164,2025-02-04,16,contested,won,2025-03-02,6,4,4,0,0.9198833333333332,6,0,1.0,4495,upi,1,3249.0,0,70.0,0.344672860090768,not_applicable,1,1,0,0,delivered,1.0,marketplace_retailer,marketplace_retailer,large,physical_delivery,0,0.97,1,1,49,16.0,-280.74097222222224,1,0.9582683982683984,635,0.27620704654197475,1,CONTEST,1568.06,True
DSP001492,TXN0330350,M000279,CUS0117421,Visa,MERCHANDISE_NOT_RECEIVED,Merchandise Not Received,2025-05-17,995,710,235,2025-06-03,17,contested,won,2025-06-04,6,4,4,0,0.9789166666666668,6,0,1.0,479,debit_card,0,0.0,0,,0.1972375500088905,failed,1,2,0,0,delivered,1.0,marketplace_retailer,marketplace_retailer,large,physical_delivery,0,0.97,1,1,49,17.0,-61.5,1,0.9427150525586694,945,0.949748743718593,0,ACCEPT,-7.0,True
DSP001494,TXN0328823,M000279,CUS0117148,Mastercard,MERCHANDISE_NOT_RECEIVED,Merchandise Not Received,2025-06-14,795,491,295,2025-07-05,21,contested,won,2025-07-08,6,4,4,0,0.9470333333333332,6,0,1.0,1845,upi,0,0.0,0,,0.3856933387555057,not_applicable,0,1,0,0,delivered,1.0,marketplace_retailer,marketplace_retailer,large,physical_delivery,0,0.97,1,1,49,21.0,-12.497916666666669,1,0.9564502164502166,786,0.9886792452830189,0,ACCEPT,-25.62,False
DSP001495,TXN0327582,M000279,,Mastercard,MERCHANDISE_NOT_RECEIVED,Merchandise Not Received,2025-03-16,700,438,188,2025-03-25,9,contested,won,2025-04-10,6,4,4,0,0.98,6,0,1.0,2099,credit_card,0,0.0,0,,0.759335457884967,passed,0,1,0,0,in_transit,0.0,marketplace_retailer,marketplace_retailer,large,physical_delivery,0,0.97,1,1,49,9.0,-62.202777777777776,1,0.9564502164502166,626,0.8942857142857142,1,CONTEST,43.52,False
DSP001496,TXN0323509,M000279,CUS0116953,Mastercard,CREDIT_NOT_PROCESSED,Credit Not Processed,2025-10-20,2500,707,201,2025-11-06,17,contested,lost,2025-11-13,5,3,3,0,0.7982,5,1,1.0,1249,credit_card,1,4899.0,0,4.0,0.4953778325903111,passed,1,1,0,0,delivered,0.0,marketplace_retailer,marketplace_retailer,large,physical_delivery,0,0.97,1,1,49,17.0,205.39027777777775,0,0.6070132684652808,908,0.3632,1,CONTEST,609.53,False
DSP001497,TXN0326088,M000279,CUS0115483,Mastercard,MERCHANDISE_NOT_RECEIVED,Merchandise Not Received,2025-10-24,1345,526,284,2025-11-04,11,contested,won,2025-11-12,6,4,4,0,0.98,6,0,1.0,8199,upi,0,0.0,0,,0.2108060651766403,not_applicable,1,2,0,1,delivered,1.0,marketplace_retailer,marketplace_retailer,large,physical_delivery,0,0.97,1,1,49,11.0,159.84583333333333,1,0.9382683982683983,810,0.6022304832713755,1,CONTEST,451.97,True
DSP001498,TXN0325394,M000279,CUS0116192,RuPay,MERCHANDISE_NOT_AS_DESCRIBED,Merchandise Not As Described,2026-01-18,4150,463,171,2026-01-31,13,contested,lost,2026-02-20,6,3,3,0,0.9414833333333332,6,0,1.0,1295,upi,1,1249.0,0,21.0,0.6861029436760417,not_applicable,1,1,0,0,lost,0.0,marketplace_retailer,marketplace_retailer,large,physical_delivery,0,0.97,1,1,49,13.0,251.75416666666663,0,0.6264366094263792,634,0.1527710843373494,1,CONTEST,1965.71,False
DSP001499,TXN0330648,M000279,CUS0117626,Mastercard,MERCHANDISE_NOT_AS_DESCRIBED,Merchandise Not As Described,2025-03-20,5100,748,292,2025-03-27,7,contested,won,2025-04-11,6,3,3,0,0.9597,6,0,1.0,4495,debit_card,1,1349.0,0,215.0,0.3418057132157278,passed,1,1,0,0,delivered,1.0,marketplace_retailer,marketplace_retailer,large,physical_delivery,0,0.97,1,1,49,7.0,-263.7993055555556,1,0.7757505934925291,1040,0.20392156862745098,1,CONTEST,2916.33,False
DSP001500,TXN0330023,M000279,CUS0117107,Mastercard,UNAUTHORIZED_TRANSACTION,Unauthorized Transaction,2025-03-12,600,613,277,2025-03-28,16,contested,lost,2025-03-31,5,4,3,1,0.7952166666666667,5,1,0.75,1849,debit_card,0,0.0,0,,0.1569010982069201,failed,1,4,0,0,delivered,1.0,marketplace_retailer,marketplace_retailer,large,physical_delivery,0,0.97,1,1,49,16.0,-97.94236111111113,0,0.3753318077803204,890,1.0,0,ACCEPT,-664.8,False
DSP001501,TXN0328728,M000279,CUS0115564,Mastercard,DUPLICATE_TRANSACTION,Duplicate Transaction,2025-12-31,1549,487,204,2026-01-20,20,contested,won,2026-01-18,6,2,2,0,0.9430833333333334,6,0,1.0,4899,credit_card,0,0.0,0,,0.2609965560417849,passed,1,1,1,0,delivered,1.0,marketplace_retailer,marketplace_retailer,large,physical_delivery,0,0.97,1,1,49,20.0,194.11319444444445,1,0.9347389865036924,691,0.4460942543576501,1,CONTEST,756.91,False
DSP001502,TXN0325309,M000279,,RuPay,MERCHANDISE_NOT_RECEIVED,Merchandise Not Received,2025-09-30,599,502,174,2025-10-11,11,contested,won,2025-10-19,6,4,4,0,0.9071333333333332,6,0,1.0,10699,credit_card,0,0.0,0,,0.0996735198688073,passed,0,3,0,0,delivered,1.0,marketplace_retailer,marketplace_retailer,large,physical_delivery,0,0.97,1,1,49,11.0,-45.63611111111111,1,0.9382683982683983,676,1.0,0,ACCEPT,-113.98,False
DSP001503,TXN0324045,M000279,,Visa,MERCHANDISE_NOT_RECEIVED,Merchandise Not Received,2025-12-21,9499,734,232,2026-01-08,18,contested,won,2026-01-26,6,4,4,0,0.9747666666666668,6,0,1.0,1399,credit_card,2,5544.0,0,65.0,0.3588938735395807,passed,1,1,0,0,delivered,1.0,marketplace_retailer,marketplace_retailer,large,physical_delivery,0,0.97,1,1,49,18.0,155.29930555555555,1,0.9359744640945277,966,0.1016949152542373,1,CONTEST,7924.82,False
DSP001505,TXN0330991,M000279,,Visa,MERCHANDISE_NOT_RECEIVED,Merchandise Not Received,2025-03-12,4595,708,237,2025-04-02,21,contested,won,2025-04-17,6,4,4,0,0.9645333333333334,6,0,1.0,1199,upi,2,2948.0,0,52.0,0.2876905602685417,not_applicable,1,1,0,0,delivered,1.0,marketplace_retailer,marketplace_retailer,large,physical_delivery,0,0.97,1,1,49,21.0,-159.91319444444446,1,0.9379996305261153,945,0.20565832426550598,1,CONTEST,3365.11,True
DSP001506,TXN0323421,M000279,CUS0117706,RuPay,CREDIT_NOT_PROCESSED,Credit Not Processed,2025-06-20,1350,430,233,2025-06-27,7,contested,won,2025-07-30,6,3,3,0,0.98,6,0,1.0,12199,debit_card,2,1038.0,0,26.0,0.3655160250688757,passed,1,1,0,0,delivered,1.0,marketplace_retailer,marketplace_retailer,large,physical_delivery,0,0.97,1,1,49,7.0,-34.202083333333334,1,0.8756410951477365,663,0.4911111111111111,1,CONTEST,519.12,False
DSP001507,TXN0331409,M000280,CUS0119007,Mastercard,MERCHANDISE_NOT_RECEIVED,Merchandise Not Received,2025-01-26,3749,539,276,2025-02-09,14,contested,lost,2025-02-24,5,4,3,1,0.7782,5,1,0.75,749,upi,3,8293.0,0,20.0,0.384424173656415,not_applicable,1,1,0,1,delivered,1.0,d2c_brand,d2c_brand,large,physical_delivery,0,0.7963527102724344,1,0,34,14.0,-171.83680555555554,0,0.5514108257401606,815,0.21739130434782608,1,CONTEST,1252.24,True
DSP001509,TXN0339189,M000280,CUS0121131,Visa,MERCHANDISE_NOT_RECEIVED,Merchandise Not Received,2025-03-25,2849,749,221,2025-04-04,10,contested,won,2025-05-06,4,4,4,0,0.6101,4,2,1.0,2899,upi,0,0.0,0,,0.2308286105682893,not_applicable,1,1,0,0,in_transit,0.0,d2c_brand,d2c_brand,large,physical_delivery,0,0.7963527102724344,1,0,34,10.0,-53.78472222222222,1,0.6876918238302092,970,0.34047034047034047,1,CONTEST,989.23,False
DSP001510,TXN0337089,M000280,CUS0118767,Mastercard,MERCHANDISE_NOT_AS_DESCRIBED,Merchandise Not As Described,2025-08-06,500,404,210,2025-08-15,9,contested,won,2025-08-31,6,3,3,0,0.9492333333333334,6,0,1.0,1995,upi,0,0.0,0,,0.0325353332641258,not_applicable,1,1,0,0,delivered,1.0,d2c_brand,d2c_brand,large,physical_delivery,0,0.7963527102724344,1,0,34,9.0,-136.82222222222222,1,0.8363412645435581,614,1.0,0,ACCEPT,-195.83,False
DSP001512,TXN0333939,M000280,,Visa,MERCHANDISE_NOT_AS_DESCRIBED,Merchandise Not As Described,2025-08-17,2195,701,282,2025-08-27,10,contested,won,2025-09-24,4,3,2,1,0.6533333333333333,4,2,0.6666666666666666,1299,debit_card,0,0.0,0,,0.2448128979066478,passed,1,1,0,0,delivered,1.0,d2c_brand,d2c_brand,large,physical_delivery,0,0.7963527102724344,1,0,34,10.0,205.5895833333333,1,0.45256965944272454,983,0.44783599088838266,1,CONTEST,10.39,False
DSP001515,TXN0333516,M000280,CUS0119209,Visa,MERCHANDISE_NOT_RECEIVED,Merchandise Not Received,2025-06-24,1250,706,280,2025-07-01,7,contested,lost,2025-07-09,6,4,4,0,0.92215,6,0,1.0,2995,upi,0,0.0,0,,0.2442588866737824,not_applicable,1,1,0,0,delivered,1.0,d2c_brand,d2c_brand,large,physical_delivery,0,0.7963527102724344,1,0,34,7.0,-186.99166666666667,0,0.8019516541539478,986,0.7888,1,CONTEST,16.44,False
DSP001516,TXN0333442,M000280,,Visa,MERCHANDISE_NOT_RECEIVED,Merchandise Not Received,2025-11-11,1049,506,285,2025-11-30,19,contested,won,2025-12-25,6,4,4,0,0.9188833333333334,6,0,1.0,745,upi,0,0.0,0,,0.1941793770756512,not_applicable,1,3,0,0,in_transit,0.0,d2c_brand,d2c_brand,large,physical_delivery,0,0.7963527102724344,1,0,34,19.0,266.9326388888889,1,0.9764502164502165,791,0.7540514775977121,1,CONTEST,233.3,False
DSP001519,TXN0336281,M000280,CUS0119001,Visa,MERCHANDISE_NOT_AS_DESCRIBED,Merchandise Not As Described,2025-10-01,2799,495,230,2025-10-20,19,contested,won,2025-11-01,5,3,3,0,0.7804000000000001,5,1,1.0,12795,debit_card,1,1249.0,0,119.0,0.1765185372661341,passed,1,2,0,0,rto,0.0,d2c_brand,d2c_brand,large,physical_delivery,0,0.7963527102724344,1,0,34,19.0,74.12916666666666,1,0.7837698359721295,725,0.2590210789567703,1,CONTEST,1468.77,False
DSP001520,TXN0338647,M000280,CUS0119560,Visa,MERCHANDISE_NOT_RECEIVED,Merchandise Not Received,2025-10-02,4050,682,211,2025-10-23,21,contested,lost,2025-11-06,5,4,3,1,0.7622333333333332,5,1,0.75,1999,credit_card,0,0.0,0,,0.1542030170641311,passed,0,2,0,0,in_transit,0.0,d2c_brand,d2c_brand,large,physical_delivery,0,0.7963527102724344,1,0,34,21.0,257.57430555555555,0,0.5464752567693745,893,0.22049382716049382,1,CONTEST,1320.22,False
DSP001521,TXN0332216,M000280,CUS0120651,Visa,MERCHANDISE_NOT_RECEIVED,Merchandise Not Received,2025-12-04,400,548,259,2025-12-25,21,contested,won,2025-12-21,5,4,4,0,0.80285,5,1,1.0,2249,credit_card,0,0.0,0,,0.1830648828832331,passed,1,1,0,0,delivered,1.0,d2c_brand,d2c_brand,large,physical_delivery,0,0.7963527102724344,1,0,34,21.0,216.83055555555555,1,0.9347389865036924,807,1.0,0,ACCEPT,-433.1,False
DSP001522,TXN0334405,M000280,CUS0118837,Mastercard,MERCHANDISE_NOT_AS_DESCRIBED,Merchandise Not As Described,2025-11-16,999,739,195,2025-12-01,15,contested,lost,2025-12-16,6,3,3,0,0.9577833333333332,6,0,1.0,3149,credit_card,0,0.0,0,,0.3906151381970892,passed,0,1,0,1,delivered,1.0,d2c_brand,d2c_brand,large,physical_delivery,0,0.7963527102724344,1,0,34,15.0,173.83055555555555,0,0.6302139373616019,934,0.934934934934935,0,ACCEPT,-304.42,False
DSP001524,TXN0333279,M000280,,Visa,MERCHANDISE_NOT_RECEIVED,Merchandise Not Received,2025-07-31,549,737,285,2025-08-18,18,contested,lost,2025-08-27,5,4,3,1,0.7412,5,1,0.75,1299,upi,0,0.0,0,,0.6886834840508573,not_applicable,1,4,0,0,delivered,1.0,d2c_brand,d2c_brand,large,physical_delivery,0,0.7963527102724344,1,0,34,18.0,112.46319444444444,0,0.5550865285385409,1022,1.0,0,ACCEPT,-717.26,False
DSP001525,TXN0334988,M000280,,Visa,CREDIT_NOT_PROCESSED,Credit Not Processed,2025-05-04,1099,570,162,2025-05-17,13,contested,won,2025-05-22,4,3,3,0,0.6508166666666667,4,2,1.0,449,credit_card,0,0.0,0,,0.487930978793463,passed,1,1,0,0,delivered,1.0,d2c_brand,d2c_brand,large,physical_delivery,0,0.7963527102724344,1,0,34,13.0,66.96527777777777,1,0.6004198618718742,732,0.6660600545950864,0,ACCEPT,-72.14,False
DSP001526,TXN0346829,M000281,CUS0122050,Mastercard,MERCHANDISE_NOT_RECEIVED,Merchandise Not Received,2025-03-13,600,407,215,2025-03-30,17,contested,won,2025-04-14,6,4,4,0,0.9115666666666667,6,0,1.0,549,credit_card,0,0.0,0,,0.0805191167135377,failed,0,1,0,0,delivered,0.0,d2c_brand,d2c_brand,large,physical_delivery,0,0.8214422860988144,1,1,54,17.0,-64.4125,1,0.9382683982683983,622,1.0,0,ACCEPT,-59.04,False
DSP001527,TXN0345766,M000281,CUS0123163,Visa,MERCHANDISE_NOT_RECEIVED,Merchandise Not Received,2025-07-18,8899,465,184,2025-07-31,13,contested,won,2025-08-28,5,4,3,1,0.7468166666666667,5,1,0.75,2045,debit_card,1,2399.0,0,60.0,0.0368025530713463,passed,1,1,0,0,delivered,1.0,d2c_brand,d2c_brand,large,physical_delivery,0,0.8214422860988144,1,1,54,13.0,-113.38402777777776,1,0.5550865285385409,649,0.07292954264524104,1,CONTEST,4290.72,True
DSP001529,TXN0345641,M000281,CUS0123911,Visa,CREDIT_NOT_PROCESSED,Credit Not Processed,2025-08-07,1300,521,257,2025-08-18,11,contested,lost,2025-09-21,4,3,3,0,0.6063,4,2,1.0,249,credit_card,1,899.0,0,160.0,0.268797671123263,passed,1,1,1,0,delivered,1.0,d2c_brand,d2c_brand,large,physical_delivery,0,0.8214422860988144,1,1,54,11.0,-13.122916666666669,0,0.5171895424836601,778,0.5984615384615385,0,ACCEPT,-105.65,False
DSP001531,TXN0341152,M000281,CUS0122471,Mastercard,UNAUTHORIZED_TRANSACTION,Unauthorized Transaction,2025-07-27,2945,559,183,2025-08-04,8,contested,lost,2025-09-07,5,4,3,1,0.7684833333333333,5,1,0.75,495,debit_card,0,0.0,0,,0.2233224688215761,passed,1,2,0,0,delivered,1.0,d2c_brand,d2c_brand,large,physical_delivery,0,0.8214422860988144,1,1,54,8.0,101.14444444444445,0,0.24360248447204969,742,0.25195246179966047,0,ACCEPT,-24.59,False
DSP001533,TXN0341679,M000281,CUS0122214,Mastercard,MERCHANDISE_NOT_RECEIVED,Merchandise Not Received,2025-11-05,7595,587,169,2025-11-25,20,contested,won,2025-12-11,5,4,4,0,0.7497833333333332,5,1,1.0,2849,wallet,0,0.0,0,,0.1742461641119642,not_applicable,1,2,0,0,delivered,1.0,d2c_brand,d2c_brand,large,physical_delivery,0,0.8214422860988144,1,1,54,20.0,70.20972222222223,1,0.869262105653599,756,0.09953917050691244,1,CONTEST,5846.05,False
DSP001536,TXN0342670,M000281,,Mastercard,CREDIT_NOT_PROCESSED,Credit Not Processed,2025-11-10,5200,442,285,2025-11-22,12,contested,lost,2025-12-24,6,3,3,0,0.9551666666666666,6,0,1.0,1549,upi,0,0.0,0,,0.3820581584711277,not_applicable,1,2,0,0,delivered,0.0,d2c_brand,d2c_brand,large,physical_delivery,0,0.8214422860988144,1,1,54,12.0,65.74375,0,0.7004810659186537,727,0.1398076923076923,1,CONTEST,2915.5,False
DSP001538,TXN0347085,M000281,,Mastercard,MERCHANDISE_NOT_RECEIVED,Merchandise Not Received,2025-02-18,795,656,289,2025-03-11,21,contested,lost,2025-03-09,6,4,4,0,0.9233833333333332,6,0,1.0,1849,debit_card,0,0.0,0,,0.3024795667884117,failed,0,2,0,0,in_transit,0.0,d2c_brand,d2c_brand,large,physical_delivery,0,0.8214422860988144,1,1,54,21.0,-55.84791666666667,0,0.8371459129106189,945,1.0,0,ACCEPT,-279.47,False
DSP001539,TXN0344528,M000281,CUS0123462,Visa,MERCHANDISE_NOT_AS_DESCRIBED,Merchandise Not As Described,2025-06-15,7500,562,209,2025-06-28,13,contested,lost,2025-07-21,5,3,2,1,0.7444000000000001,5,1,0.6666666666666666,2749,debit_card,0,0.0,0,,0.4153384089290155,passed,1,1,0,0,delivered,1.0,d2c_brand,d2c_brand,large,physical_delivery,0,0.8214422860988144,1,1,54,13.0,63.59652777777778,0,0.45029693216999717,771,0.1028,1,CONTEST,2606.23,False
DSP001541,TXN0343638,M000281,CUS0123265,RuPay,MERCHANDISE_NOT_AS_DESCRIBED,Merchandise Not As Described,2025-03-28,1750,448,175,2025-04-08,11,contested,won,2025-04-12,6,3,3,0,0.8603500000000001,6,0,1.0,1449,credit_card,2,4694.0,0,53.0,0.3234391955557454,passed,1,1,0,0,delivered,1.0,d2c_brand,d2c_brand,large,physical_delivery,0,0.8214422860988144,1,1,54,11.0,-65.55625,1,0.7924259515727508,623,0.356,1,CONTEST,763.75,False
DSP001542,TXN0345888,M000281,CUS0122912,Visa,MERCHANDISE_NOT_AS_DESCRIBED,Merchandise Not As Described,2026-01-03,8200,500,191,2026-01-22,19,contested,won,2026-01-21,5,3,3,0,0.7612333333333333,5,1,1.0,495,credit_card,0,0.0,0,,0.0859935111191256,passed,1,4,0,0,in_transit,0.0,d2c_brand,d2c_brand,large,physical_delivery,0,0.8214422860988144,1,1,54,19.0,366.0319444444444,1,0.7367110124427177,691,0.08426829268292683,1,CONTEST,5350.03,False
DSP001544,TXN0340861,M000281,CUS0122570,RuPay,UNAUTHORIZED_TRANSACTION,Unauthorized Transaction,2025-09-08,1900,630,159,2025-09-24,16,contested,lost,2025-10-21,4,4,2,2,0.5821999999999999,4,2,0.5,1195,debit_card,2,2444.0,0,49.0,0.2648644678097543,passed,1,2,0,0,delivered,1.0,d2c_brand,d2c_brand,large,physical_delivery,0,0.8214422860988144,1,1,54,16.0,119.59652777777778,0,0.09987711213517665,789,0.41526315789473683,0,ACCEPT,-599.23,False
DSP001545,TXN0344530,M000281,,Mastercard,MERCHANDISE_NOT_RECEIVED,Merchandise Not Received,2025-04-18,749,434,292,2025-05-06,18,contested,won,2025-05-19,5,4,4,0,0.75895,5,1,1.0,249,debit_card,0,0.0,0,,0.4560294055954632,passed,1,1,1,0,delivered,1.0,d2c_brand,d2c_brand,large,physical_delivery,0,0.8214422860988144,1,1,54,18.0,-139.09305555555557,1,0.8897445658604232,726,0.9692923898531375,0,ACCEPT,-59.58,False
DSP001546,TXN0344290,M000281,,Visa,CREDIT_NOT_PROCESSED,Credit Not Processed,2025-03-21,595,566,232,2025-03-31,10,contested,won,2025-05-04,5,3,3,0,0.7748666666666667,5,1,1.0,209,upi,0,0.0,0,,0.60733304174654,not_applicable,1,2,0,0,delivered,1.0,d2c_brand,d2c_brand,large,physical_delivery,0,0.8214422860988144,1,1,54,10.0,34.94305555555555,1,0.7404131926154862,798,1.0,0,ACCEPT,-357.45,True
DSP001547,TXN0342392,M000281,,RuPay,CREDIT_NOT_PROCESSED,Credit Not Processed,2025-06-01,549,458,290,2025-06-14,13,contested,lost,2025-06-16,5,3,3,0,0.7478333333333333,5,1,1.0,1749,upi,1,1195.0,0,256.0,0.0503728835065952,not_applicable,1,2,0,0,delivered,0.0,d2c_brand,d2c_brand,large,physical_delivery,0,0.8214422860988144,1,1,54,13.0,-118.09027777777776,0,0.6166974789915967,748,1.0,0,ACCEPT,-409.43,False
DSP001549,TXN0348905,M000282,CUS0124865,Mastercard,MERCHANDISE_NOT_AS_DESCRIBED,Merchandise Not As Described,2025-03-14,1945,561,173,2025-03-28,14,contested,won,2025-04-06,5,3,2,1,0.7661833333333333,5,1,0.6666666666666666,799,upi,0,0.0,0,,0.2621644533952494,not_applicable,0,1,0,0,delivered,1.0,marketplace_retailer,marketplace_retailer,large,physical_delivery,0,0.8436798166357338,1,1,107,14.0,-90.05069444444445,1,0.505086528538541,734,0.3773778920308483,1,CONTEST,248.39,False
DSP001550,TXN0355379,M000282,,Visa,UNAUTHORIZED_TRANSACTION,Unauthorized Transaction,2026-01-21,155,661,163,2026-02-11,21,contested,won,2026-03-04,6,4,4,0,0.9706833333333332,6,0,1.0,8799,debit_card,1,7799.0,0,51.0,0.158481769694109,passed,1,1,1,0,,,marketplace_retailer,marketplace_retailer,large,physical_delivery,0,0.8436798166357338,1,1,107,21.0,286.1548611111112,1,0.6204748069268193,824,1.0,0,ACCEPT,-727.83,False
DSP001554,TXN0349429,M000282,,Visa,MERCHANDISE_NOT_AS_DESCRIBED,Merchandise Not As Described,2025-05-07,999,518,167,2025-05-23,16,contested,lost,2025-06-03,2,3,2,1,0.2909,2,4,0.6666666666666666,405,credit_card,0,0.0,0,,0.2196712177556325,passed,1,2,0,0,delivered,1.0,marketplace_retailer,marketplace_retailer,large,physical_delivery,0,0.8436798166357338,1,1,107,16.0,-221.64305555555555,0,0.2461255411255411,685,0.6856856856856857,0,ACCEPT,-439.12,False
DSP001555,TXN0353620,M000282,,Visa,MERCHANDISE_NOT_RECEIVED,Merchandise Not Received,2025-07-23,5295,576,192,2025-08-03,11,contested,lost,2025-08-26,4,4,3,1,0.5955,4,2,0.75,2849,upi,0,0.0,0,,0.3538637347868285,not_applicable,1,1,0,0,delivered,1.0,marketplace_retailer,marketplace_retailer,large,physical_delivery,0,0.8436798166357338,1,1,107,11.0,137.67430555555555,0,0.38482456140350874,768,0.14504249291784702,1,CONTEST,1269.65,False
DSP001556,TXN0354076,M000282,CUS0124840,Visa,MERCHANDISE_NOT_AS_DESCRIBED,Merchandise Not As Described,2025-08-17,1549,402,196,2025-08-28,11,contested,lost,2025-09-23,5,3,3,0,0.7707333333333333,5,1,1.0,5799,upi,0,0.0,0,,0.2486169292576673,not_applicable,1,4,0,0,in_transit,0.0,marketplace_retailer,marketplace_retailer,large,physical_delivery,0,0.8436798166357338,1,1,107,11.0,221.51111111111112,0,0.6167523989000634,598,0.38605551969012264,1,CONTEST,357.35,False
DSP001557,TXN0354119,M000282,CUS0126609,RuPay,UNAUTHORIZED_TRANSACTION,Unauthorized Transaction,2025-07-15,170,497,213,2025-07-29,14,contested,lost,2025-08-25,6,4,4,0,0.9512333333333332,6,0,1.0,3199,upi,1,1945.0,0,110.0,0.2389706482758238,not_applicable,1,1,0,0,delivered,0.0,marketplace_retailer,marketplace_retailer,large,physical_delivery,0,0.8436798166357338,1,1,107,14.0,35.21458333333333,0,0.4551563691838291,710,1.0,0,ACCEPT,-632.62,False
DSP001558,TXN0349458,M000282,CUS0125307,Mastercard,UNAUTHORIZED_TRANSACTION,Unauthorized Transaction,2025-06-10,950,720,238,2025-06-21,11,contested,won,2025-07-11,5,4,4,0,0.7752666666666667,5,1,1.0,5299,credit_card,2,7598.0,0,128.0,0.5971973904971576,passed,1,1,0,0,delivered,0.0,marketplace_retailer,marketplace_retailer,large,physical_delivery,0,0.8436798166357338,1,1,107,11.0,-122.73263888888889,1,0.7192663755639283,958,1.0,0,ACCEPT,-274.7,False
DSP001559,TXN0351546,M000282,CUS0125599,Visa,CREDIT_NOT_PROCESSED,Credit Not Processed,2025-11-29,4345,607,271,2025-12-18,19,contested,won,2025-12-29,5,3,3,0,0.7384833333333334,5,1,1.0,895,credit_card,0,0.0,0,,0.0803429173644804,passed,1,1,0,1,delivered,1.0,marketplace_retailer,marketplace_retailer,large,physical_delivery,0,0.8436798166357338,1,1,107,19.0,295.0423611111111,1,0.7038430265386787,878,0.20207134637514385,1,CONTEST,2180.2,False
DSP001560,TXN0347649,M000282,CUS0125747,RuPay,MERCHANDISE_NOT_AS_DESCRIBED,Merchandise Not As Described,2025-08-09,1900,661,285,2025-08-23,14,contested,lost,2025-09-01,5,3,2,1,0.7871666666666667,5,1,0.6666666666666666,1049,netbanking,3,5197.0,0,54.0,0.3484829670118747,not_applicable,1,1,0,1,delivered,1.0,marketplace_retailer,marketplace_retailer,large,physical_delivery,0,0.8436798166357338,1,1,107,14.0,-59.009027777777774,0,0.505086528538541,946,0.4978947368421053,1,CONTEST,13.66,True
DSP001561,TXN0353715,M000282,CUS0125227,RuPay,MERCHANDISE_NOT_AS_DESCRIBED,Merchandise Not As Described,2025-11-03,1649,617,227,2025-11-14,11,contested,lost,2025-12-06,6,3,3,0,0.8583333333333334,6,0,1.0,429,upi,0,0.0,0,,0.0388129145059441,not_applicable,1,1,0,0,delivered,1.0,marketplace_retailer,marketplace_retailer,large,physical_delivery,0,0.8436798166357338,1,1,107,11.0,40.52361111111111,0,0.6101589923066568,844,0.5118253486961795,1,CONTEST,162.15,False
DSP001562,TXN0347834,M000282,CUS0125059,Mastercard,MERCHANDISE_NOT_AS_DESCRIBED,Merchandise Not As Described,2025-03-14,1645,623,159,2025-04-01,18,contested,lost,2025-04-22,5,3,2,1,0.76755,5,1,0.6666666666666666,1199,netbanking,3,5839.0,0,43.0,0.2646390661498921,not_applicable,1,1,0,0,delivered,1.0,marketplace_retailer,marketplace_retailer,large,physical_delivery,0,0.8436798166357338,1,1,107,18.0,-156.41041666666666,0,0.4671895424836602,782,0.47537993920972643,0,ACCEPT,-13.47,False
DSP001563,TXN0354979,M000282,,Mastercard,MERCHANDISE_NOT_RECEIVED,Merchandise Not Received,2025-04-06,8395,457,206,2025-04-25,19,contested,won,2025-05-19,6,4,4,0,0.9060166666666666,6,0,1.0,25495,upi,0,0.0,0,,0.1195186236546688,not_applicable,1,1,0,0,,,marketplace_retailer,marketplace_retailer,large,physical_delivery,0,0.8436798166357338,1,1,107,19.0,14.555555555555555,1,0.8756410951477365,663,0.07897558070279928,1,CONTEST,6688.01,False
DSP001564,TXN0361112,M000283,,Visa,MERCHANDISE_NOT_AS_DESCRIBED,Merchandise Not As Described,2025-10-04,14295,701,273,2025-10-19,15,contested,lost,2025-11-07,2,3,1,2,0.2618,2,4,0.3333333333333333,3999,debit_card,1,6595.0,0,82.0,0.1746575339197327,passed,1,3,0,0,,,travel_booking,travel_booking,large,booking_service,0,0.5768794269146817,0,0,40,15.0,127.71597222222222,0,0.0,974,0.06813571178733822,0,ACCEPT,-974.0,False
DSP001565,TXN0362851,M000283,CUS0128295,Mastercard,MERCHANDISE_NOT_AS_DESCRIBED,Merchandise Not As Described,2025-02-14,14800,405,171,2025-03-04,18,contested,lost,2025-03-30,5,3,3,0,0.7386499999999999,5,1,1.0,15099,debit_card,0,0.0,0,,0.3878506495679915,passed,1,3,0,0,,,travel_booking,travel_booking,large,booking_service,0,0.5768794269146817,0,0,40,18.0,-64.4798611111111,0,0.5245832574742271,576,0.03891891891891892,1,CONTEST,7187.83,False
DSP001566,TXN0359206,M000283,CUS0128225,Mastercard,CREDIT_NOT_PROCESSED,Credit Not Processed,2026-02-14,2549,464,251,2026-02-27,13,contested,lost,2026-03-24,5,4,3,1,0.64765,5,1,0.75,58499,upi,0,0.0,0,,0.1070770381352932,not_applicable,1,1,1,0,,,travel_booking,travel_booking,large,booking_service,0,0.5768794269146817,0,0,40,13.0,285.7451388888889,0,0.3230590805075931,715,0.28050215770890546,1,CONTEST,108.48,False
DSP001567,TXN0363027,M000283,CUS0127821,Visa,MERCHANDISE_NOT_AS_DESCRIBED,Merchandise Not As Described,2025-12-29,2649,714,197,2026-01-17,19,contested,lost,2026-02-11,5,3,2,1,0.7398166666666667,5,1,0.6666666666666666,7795,upi,0,0.0,0,,0.491177313873282,not_applicable,1,1,0,1,delivered,1.0,travel_booking,travel_booking,large,booking_service,0,0.5768794269146817,0,0,40,19.0,135.36458333333334,0,0.3753318077803204,911,0.3439033597583994,1,CONTEST,83.25,True
DSP001568,TXN0360480,M000283,,Visa,MERCHANDISE_NOT_AS_DESCRIBED,Merchandise Not As Described,2025-07-10,6400,499,167,2025-07-26,16,contested,lost,2025-08-05,3,3,1,2,0.3946166666666666,3,3,0.3333333333333333,1749,upi,0,0.0,0,,0.1123731197181141,not_applicable,1,1,0,0,,,travel_booking,travel_booking,large,booking_service,0,0.5768794269146817,0,0,40,16.0,-5.716666666666667,0,0.0,666,0.1040625,0,ACCEPT,-666.0,False
DSP001570,TXN0357937,M000283,,RuPay,DUPLICATE_TRANSACTION,Duplicate Transaction,2025-07-09,8195,441,251,2025-07-25,16,contested,lost,2025-08-19,3,2,0,2,0.3337333333333332,3,3,0.0,8399,wallet,0,0.0,0,,0.2154988366844981,not_applicable,1,1,0,0,,,travel_booking,travel_booking,large,booking_service,0,0.5768794269146817,0,0,40,16.0,-46.293055555555554,0,0.07007319056654919,692,0.08444173276388041,0,ACCEPT,-117.75,False
DSP001572,TXN0360380,M000283,CUS0127468,Mastercard,MERCHANDISE_NOT_AS_DESCRIBED,Merchandise Not As Described,2025-10-15,18599,685,222,2025-10-23,8,contested,won,2025-11-09,5,3,3,0,0.7149833333333334,5,1,1.0,9499,credit_card,0,0.0,0,,0.1541841894135582,passed,1,2,0,0,,,travel_booking,travel_booking,large,booking_service,0,0.5768794269146817,0,0,40,8.0,136.3048611111111,1,0.5733157894736842,907,0.04876606269154256,1,CONTEST,9756.1,False
DSP001574,TXN0361084,M000283,CUS0129302,RuPay,MERCHANDISE_NOT_AS_DESCRIBED,Merchandise Not As Described,2025-11-22,9395,435,276,2025-12-02,10,contested,lost,2025-12-10,5,3,3,0,0.6750166666666666,5,1,1.0,1599,upi,0,0.0,0,,0.2057844994027849,not_applicable,1,1,0,0,,,travel_booking,travel_booking,large,booking_service,0,0.5768794269146817,0,0,40,10.0,114.23541666666668,0,0.3898245614035088,711,0.0756785524215008,1,CONTEST,2951.4,False
DSP001575,TXN0363098,M000283,CUS0128178,Visa,SERVICE_NOT_RENDERED,Service Not Rendered,2025-11-20,9099,665,299,2025-12-10,20,contested,lost,2026-01-01,2,3,2,1,0.2965,2,4,0.6666666666666666,549,debit_card,0,0.0,0,,0.3948121649256691,passed,1,1,0,0,delivered,1.0,travel_booking,travel_booking,large,booking_service,0,0.5768794269146817,0,0,40,20.0,39.920138888888886,0,0.13673985723321586,964,0.10594570831959556,1,CONTEST,280.2,False
DSP001577,TXN0360208,M000283,CUS0127115,Mastercard,MERCHANDISE_NOT_AS_DESCRIBED,Merchandise Not As Described,2025-06-06,2599,456,198,2025-06-18,12,contested,lost,2025-07-21,3,3,0,3,0.4727666666666666,3,3,0.0,5799,credit_card,0,0.0,0,,0.0997971442680405,passed,1,2,0,0,,,travel_booking,travel_booking,large,booking_service,0,0.5768794269146817,0,0,40,12.0,-163.64513888888888,0,0.0,654,0.25163524432474027,0,ACCEPT,-654.0,False
DSP001578,TXN0360259,M000283,,Mastercard,SERVICE_NOT_RENDERED,Service Not Rendered,2025-07-19,5899,472,179,2025-08-03,15,contested,won,2025-08-02,4,3,2,1,0.5795833333333333,4,2,0.6666666666666666,17799,credit_card,0,0.0,0,,0.1374149290083104,passed,1,1,0,0,,,travel_booking,travel_booking,large,booking_service,0,0.5768794269146817,0,0,40,15.0,28.476388888888888,1,0.25004329004329007,651,0.11035768774368537,1,CONTEST,824.01,True
DSP001579,TXN0360815,M000283,,Visa,DUPLICATE_TRANSACTION,Duplicate Transaction,2025-02-10,6795,667,159,2025-02-23,13,contested,lost,2025-03-19,5,2,1,1,0.7299833333333333,5,1,0.5,18799,upi,2,21398.0,0,190.0,0.2992819615214506,not_applicable,1,2,0,0,,,travel_booking,travel_booking,large,booking_service,0,0.5768794269146817,0,0,40,13.0,-223.73194444444445,0,0.39217391304347826,826,0.12155997056659308,1,CONTEST,1838.82,False
DSP001581,TXN0358988,M000283,,Visa,UNAUTHORIZED_TRANSACTION,Unauthorized Transaction,2025-06-30,14900,484,219,2025-07-08,8,contested,lost,2025-07-20,2,3,1,2,0.2627,2,4,0.3333333333333333,1049,upi,1,7695.0,0,175.0,0.0888339878568386,not_applicable,1,1,0,0,,,travel_booking,travel_booking,large,booking_service,0,0.5768794269146817,0,0,40,8.0,-16.29861111111111,0,0.0,703,0.047181208053691276,0,ACCEPT,-703.0,True
DSP001582,TXN0358581,M000283,CUS0128674,Mastercard,CREDIT_NOT_PROCESSED,Credit Not Processed,2025-11-22,6900,632,233,2025-12-12,20,contested,lost,2025-12-07,3,4,2,2,0.4431666666666666,3,3,0.5,5599,upi,3,38289.0,0,60.0,0.1544821043504532,not_applicable,1,1,0,0,,,travel_booking,travel_booking,large,booking_service,0,0.5768794269146817,0,0,40,20.0,211.55555555555557,0,0.03225806451612903,865,0.12536231884057972,0,ACCEPT,-642.42,False
DSP001583,TXN0356000,M000283,,Visa,SERVICE_NOT_RENDERED,Service Not Rendered,2025-03-23,20495,567,164,2025-04-05,13,contested,lost,2025-04-22,3,3,2,1,0.3640666666666667,3,3,0.6666666666666666,12595,upi,0,0.0,0,,0.39478983902087,not_applicable,0,1,0,0,,,travel_booking,travel_booking,large,booking_service,0,0.5768794269146817,0,0,40,13.0,-61.44583333333333,0,0.1668393419985493,731,0.03566723591119785,1,CONTEST,2688.37,True
DSP001584,TXN0357296,M000283,CUS0129797,Mastercard,SERVICE_NOT_RENDERED,Service Not Rendered,2025-12-27,8100,646,267,2026-01-06,10,contested,won,2026-01-16,4,3,3,0,0.5116166666666667,4,2,1.0,9099,wallet,3,21393.0,0,117.0,0.0869967113412308,not_applicable,1,3,0,1,,,travel_booking,travel_booking,large,booking_service,0,0.5768794269146817,0,0,40,10.0,59.42847222222223,1,0.46996732026143795,913,0.11271604938271605,1,CONTEST,2893.74,False
DSP001585,TXN0357629,M000283,CUS0129150,Mastercard,MERCHANDISE_NOT_AS_DESCRIBED,Merchandise Not As Described,2025-10-24,2499,748,281,2025-11-04,11,contested,lost,2025-11-10,3,3,1,2,0.38655,3,3,0.3333333333333333,21499,netbanking,0,0.0,0,,0.2723240920273855,not_applicable,1,2,0,1,,,travel_booking,travel_booking,large,booking_service,0,0.5768794269146817,0,0,40,11.0,271.21180555555554,0,0.0,1029,0.4117647058823529,0,ACCEPT,-1029.0,False
DSP001587,TXN0355498,M000283,,Mastercard,UNAUTHORIZED_TRANSACTION,Unauthorized Transaction,2025-10-17,8195,431,176,2025-10-24,7,contested,lost,2025-11-13,3,3,0,3,0.4276,3,3,0.0,5395,credit_card,0,0.0,0,,0.3160944681932007,passed,1,1,1,0,,,travel_booking,travel_booking,large,booking_service,0,0.5768794269146817,0,0,40,7.0,-27.95833333333333,0,0.0,607,0.07406955460646736,0,ACCEPT,-607.0,False
DSP001589,TXN0366382,M000284,CUS0130094,RuPay,MERCHANDISE_NOT_AS_DESCRIBED,Merchandise Not As Described,2025-03-20,1800,422,224,2025-04-09,20,contested,lost,2025-04-07,6,3,3,0,0.92435,6,0,1.0,4799,debit_card,0,0.0,0,,0.313989683592179,passed,1,1,0,1,delivered,1.0,marketplace_retailer,marketplace_retailer,large,physical_delivery,0,0.9240914887534456,1,1,64,20.0,62.88958333333333,0,0.6264366094263792,646,0.35888888888888887,1,CONTEST,481.59,False
DSP001592,TXN0367528,M000284,CUS0131840,Visa,MERCHANDISE_NOT_AS_DESCRIBED,Merchandise Not As Described,2025-03-29,1200,709,252,2025-04-13,15,contested,lost,2025-04-21,6,3,3,0,0.94565,6,0,1.0,749,credit_card,0,0.0,0,,0.6199786744144075,not_applicable,1,1,0,0,rto,0.0,marketplace_retailer,marketplace_retailer,large,physical_delivery,0,0.9240914887534456,1,1,64,15.0,86.79583333333333,0,0.6702086200982202,961,0.8008333333333333,0,ACCEPT,-156.75,False
DSP001595,TXN0364147,M000284,CUS0132229,RuPay,MERCHANDISE_NOT_RECEIVED,Merchandise Not Received,2025-05-23,449,723,264,2025-06-05,13,contested,won,2025-06-18,5,4,3,1,0.7938833333333334,5,1,0.75,1399,upi,0,0.0,0,,0.4623965788678987,not_applicable,1,5,0,0,delivered,1.0,marketplace_retailer,marketplace_retailer,large,physical_delivery,0,0.9240914887534456,1,1,64,13.0,28.929166666666667,1,0.7015368072787427,987,1.0,0,ACCEPT,-672.01,False
DSP001596,TXN0370400,M000284,CUS0130422,Mastercard,MERCHANDISE_NOT_RECEIVED,Merchandise Not Received,2025-06-14,1500,468,178,2025-06-29,15,contested,won,2025-07-27,6,4,4,0,0.955,6,0,1.0,4099,debit_card,0,0.0,0,,0.2242883529623224,passed,1,1,0,0,delivered,1.0,marketplace_retailer,marketplace_retailer,large,physical_delivery,0,0.9240914887534456,1,1,64,15.0,107.93194444444444,1,0.9382683982683983,646,0.43066666666666664,1,CONTEST,761.4,False
DSP001598,TXN0368865,M000284,CUS0132487,Visa,UNAUTHORIZED_TRANSACTION,Unauthorized Transaction,2025-06-08,1149,705,260,2025-06-22,14,contested,won,2025-07-22,6,4,4,0,0.9582333333333332,6,0,1.0,9195,upi,1,799.0,0,25.0,0.514184085053346,not_applicable,0,1,0,1,delivered,1.0,marketplace_retailer,marketplace_retailer,large,physical_delivery,0,0.9240914887534456,1,1,64,14.0,-172.94791666666666,1,0.7156635377940024,965,0.8398607484769365,0,ACCEPT,-142.7,False
DSP001599,TXN0368938,M000284,,Visa,MERCHANDISE_NOT_AS_DESCRIBED,Merchandise Not As Described,2025-10-04,4399,457,271,2025-10-20,16,contested,won,2025-11-01,5,3,2,1,0.7491666666666666,5,1,0.6666666666666666,1999,credit_card,0,0.0,0,,0.370071349023281,passed,1,3,0,0,delivered,1.0,marketplace_retailer,marketplace_retailer,large,physical_delivery,0,0.9240914887534456,1,1,64,16.0,204.78194444444443,1,0.5255688240208365,728,0.1654921573084792,1,CONTEST,1583.98,False
DSP001600,TXN0364155,M000284,,Visa,MERCHANDISE_NOT_AS_DESCRIBED,Merchandise Not As Described,2025-12-10,999,428,239,2025-12-28,18,contested,lost,2026-01-02,6,3,3,0,0.9505666666666668,6,0,1.0,2749,credit_card,1,4399.0,0,38.0,0.5254905670662179,passed,1,2,0,0,delivered,1.0,marketplace_retailer,marketplace_retailer,large,physical_delivery,0,0.9240914887534456,1,1,64,18.0,136.41944444444445,0,0.7572992477368354,667,0.6676676676676677,1,CONTEST,89.54,True
DSP001601,TXN0371246,M000284,CUS0131633,Visa,MERCHANDISE_NOT_AS_DESCRIBED,Merchandise Not As Described,2025-12-18,1149,672,224,2026-01-02,15,contested,won,2026-01-15,6,3,3,0,0.9504333333333334,6,0,1.0,1249,upi,0,0.0,0,,0.3765112484944152,not_applicable,1,1,0,0,delivered,1.0,marketplace_retailer,marketplace_retailer,large,physical_delivery,0,0.9240914887534456,1,1,64,15.0,278.04375,1,0.7481448143387622,896,0.7798085291557877,0,ACCEPT,-36.38,False
DSP001602,TXN0369933,M000284,CUS0131837,Mastercard,MERCHANDISE_NOT_AS_DESCRIBED,Merchandise Not As Described,2025-10-19,490,468,290,2025-11-04,16,contested,won,2025-11-07,6,3,3,0,0.9586833333333332,6,0,1.0,11799,upi,0,0.0,0,,0.1949164890990296,not_applicable,0,1,0,0,in_transit,0.0,marketplace_retailer,marketplace_retailer,large,physical_delivery,0,0.9240914887534456,1,1,64,16.0,220.6875,1,0.9024809219875634,758,1.0,0,ACCEPT,-315.78,False
DSP001603,TXN0369973,M000284,CUS0131792,Visa,UNAUTHORIZED_TRANSACTION,Unauthorized Transaction,2025-06-18,1299,609,267,2025-06-26,8,contested,won,2025-07-22,6,4,4,0,0.9721166666666666,6,0,1.0,3949,upi,1,495.0,0,139.0,0.3047046981575979,not_applicable,1,2,0,0,delivered,0.0,marketplace_retailer,marketplace_retailer,large,physical_delivery,0,0.9240914887534456,1,1,64,8.0,-28.365277777777777,1,0.7172876714816193,876,0.674364896073903,1,CONTEST,55.76,False
DSP001604,TXN0366014,M000284,CUS0130339,Mastercard,CREDIT_NOT_PROCESSED,Credit Not Processed,2025-06-18,4549,554,242,2025-06-28,10,contested,lost,2025-07-15,6,3,3,0,0.98,6,0,1.0,9899,credit_card,0,0.0,0,,0.314507912722415,passed,1,1,0,0,delivered,1.0,marketplace_retailer,marketplace_retailer,large,physical_delivery,0,0.9240914887534456,1,1,64,10.0,143.5875,0,0.8048878483944897,796,0.17498351285996921,1,CONTEST,2865.43,True
DSP001605,TXN0377668,M000285,CUS0135102,Visa,UNAUTHORIZED_TRANSACTION,Unauthorized Transaction,2025-01-31,2000,742,205,2025-02-15,15,contested,lost,2025-02-28,4,4,3,1,0.6045166666666667,4,2,0.75,425,credit_card,1,6999.0,0,224.0,0.5298990936554215,passed,1,1,0,0,delivered,1.0,d2c_brand,d2c_brand,large,physical_delivery,0,0.732678340029891,1,1,82,15.0,-196.9645833333333,0,0.3230590805075931,947,0.4735,0,ACCEPT,-300.88,True
DSP001606,TXN0373536,M000285,CUS0133179,Visa,MERCHANDISE_NOT_RECEIVED,Merchandise Not Received,2026-01-07,749,716,242,2026-01-24,17,contested,won,2026-01-21,5,4,3,1,0.6958666666666667,5,1,0.75,549,upi,0,0.0,0,,0.3145771047497989,not_applicable,0,1,0,0,delivered,1.0,d2c_brand,d2c_brand,large,physical_delivery,0,0.732678340029891,1,1,82,17.0,256.0770833333333,1,0.5750132684652808,958,1.0,0,ACCEPT,-527.32,False
DSP001607,TXN0374247,M000285,,RuPay,MERCHANDISE_NOT_RECEIVED,Merchandise Not Received,2025-04-03,1300,538,211,2025-04-13,10,contested,won,2025-04-27,4,4,2,2,0.6127166666666667,4,2,0.5,3799,debit_card,0,0.0,0,,0.17831343703089,failed,1,1,0,0,delivered,1.0,d2c_brand,d2c_brand,large,physical_delivery,0,0.732678340029891,1,1,82,10.0,7.2756944444444445,1,0.35699847444698707,749,0.5761538461538461,0,ACCEPT,-284.9,False
DSP001610,TXN0375433,M000285,CUS0133840,RuPay,MERCHANDISE_NOT_AS_DESCRIBED,Merchandise Not As Described,2026-02-06,1545,734,263,2026-02-13,7,contested,won,2026-03-16,5,3,3,0,0.6985166666666668,5,1,1.0,219,netbanking,3,3173.0,0,14.0,0.3603148335376956,not_applicable,1,3,0,0,in_transit,0.0,d2c_brand,d2c_brand,large,physical_delivery,0,0.732678340029891,1,1,82,7.0,171.42569444444445,1,0.6836701585597585,997,0.6453074433656958,1,CONTEST,59.27,False
DSP001611,TXN0374122,M000285,CUS0134022,Mastercard,MERCHANDISE_NOT_AS_DESCRIBED,Merchandise Not As Described,2025-03-02,5500,639,227,2025-03-10,8,contested,lost,2025-04-10,4,3,1,2,0.5827666666666667,4,2,0.3333333333333333,1699,wallet,2,5348.0,0,5.0,0.157211773074415,not_applicable,1,1,0,0,delivered,0.0,d2c_brand,d2c_brand,large,physical_delivery,0,0.732678340029891,1,1,82,8.0,-177.9625,0,0.1105423987776933,866,0.15745454545454546,0,ACCEPT,-258.02,False
DSP001613,TXN0378289,M000285,,Mastercard,MERCHANDISE_NOT_RECEIVED,Merchandise Not Received,2025-08-17,2645,469,192,2025-08-31,14,contested,won,2025-09-30,6,4,4,0,0.90085,6,0,1.0,699,upi,3,5647.0,0,67.0,0.209130907160625,not_applicable,1,3,0,0,in_transit,0.0,d2c_brand,d2c_brand,large,physical_delivery,0,0.732678340029891,1,1,82,14.0,-68.96875,1,0.9764502164502165,661,0.2499054820415879,1,CONTEST,1921.71,False
DSP001614,TXN0373101,M000285,,Mastercard,CREDIT_NOT_PROCESSED,Credit Not Processed,2025-10-15,799,639,267,2025-10-27,12,contested,lost,2025-11-15,5,3,2,1,0.8030499999999999,5,1,0.6666666666666666,549,credit_card,0,0.0,0,,0.0826637931650209,passed,1,1,0,0,delivered,1.0,d2c_brand,d2c_brand,large,physical_delivery,0,0.732678340029891,1,1,82,12.0,179.48888888888888,0,0.5616799351319475,906,1.0,0,ACCEPT,-457.22,True
DSP001615,TXN0376901,M000285,,Mastercard,MERCHANDISE_NOT_RECEIVED,Merchandise Not Received,2025-09-10,2395,477,236,2025-09-21,11,contested,lost,2025-09-30,3,4,3,1,0.4851166666666667,3,3,0.75,1995,netbanking,0,0.0,0,,0.078367472687098,not_applicable,1,1,0,0,rto,0.0,d2c_brand,d2c_brand,large,physical_delivery,0,0.732678340029891,1,1,82,11.0,-96.03194444444443,0,0.3015678524374177,713,0.2977035490605428,1,CONTEST,9.26,True
DSP001618,TXN0375174,M000285,CUS0133593,Mastercard,CREDIT_NOT_PROCESSED,Credit Not Processed,2025-05-02,450,492,211,2025-05-15,13,contested,lost,2025-06-14,6,3,3,0,0.83065,6,0,1.0,699,debit_card,0,0.0,0,,0.376589418719489,failed,0,1,0,0,delivered,1.0,d2c_brand,d2c_brand,large,physical_delivery,0,0.732678340029891,1,1,82,13.0,-72.33402777777778,0,0.8574592769659184,703,1.0,0,ACCEPT,-317.14,True
DSP001619,TXN0375096,M000285,CUS0132959,Visa,MERCHANDISE_NOT_RECEIVED,Merchandise Not Received,2025-10-18,5795,529,258,2025-11-05,18,contested,won,2025-11-28,6,4,4,0,0.8532166666666666,6,0,1.0,5799,upi,0,0.0,0,,0.4055856953960027,not_applicable,1,2,0,0,delivered,1.0,d2c_brand,d2c_brand,large,physical_delivery,0,0.732678340029891,1,1,82,18.0,27.247916666666665,1,0.9382683982683983,787,0.1358067299396031,1,CONTEST,4650.27,False
DSP001620,TXN0378479,M000285,CUS0132876,Visa,DUPLICATE_TRANSACTION,Duplicate Transaction,2026-01-20,750,517,180,2026-02-07,18,contested,won,2026-02-05,3,2,1,1,0.4290666666666666,3,3,0.5,1645,debit_card,0,0.0,0,,0.1949343642990954,passed,1,1,0,0,delivered,0.0,d2c_brand,d2c_brand,large,physical_delivery,0,0.732678340029891,1,1,82,18.0,271.56458333333336,1,0.4664585483316134,697,0.9293333333333333,0,ACCEPT,-347.16,False
DSP001621,TXN0373459,M000285,,Visa,UNAUTHORIZED_TRANSACTION,Unauthorized Transaction,2026-01-12,795,556,275,2026-01-28,16,contested,won,2026-02-21,5,4,4,0,0.77635,5,1,1.0,2895,upi,1,115.0,0,23.0,0.5615481608451106,not_applicable,1,4,0,0,delivered,1.0,d2c_brand,d2c_brand,large,physical_delivery,0,0.732678340029891,1,1,82,16.0,218.7458333333333,1,0.7367110124427177,831,1.0,0,ACCEPT,-245.31,False
DSP001623,TXN0371770,M000285,CUS0134439,Visa,MERCHANDISE_NOT_AS_DESCRIBED,Merchandise Not As Described,2025-04-15,1199,647,284,2025-04-23,8,contested,lost,2025-05-22,4,3,1,2,0.6367666666666666,4,2,0.3333333333333333,3245,debit_card,4,5996.0,0,1.0,0.4570739754392538,passed,1,1,0,0,delivered,1.0,d2c_brand,d2c_brand,large,physical_delivery,0,0.732678340029891,1,1,82,8.0,-197.8798611111111,0,0.24337662337662339,931,0.7764804003336113,0,ACCEPT,-639.19,False
DSP001624,TXN0376371,M000285,CUS0133934,Mastercard,UNAUTHORIZED_TRANSACTION,Unauthorized Transaction,2025-09-17,1549,484,298,2025-09-29,12,contested,won,2025-10-15,5,4,3,1,0.6698666666666666,5,1,0.75,2649,debit_card,1,2595.0,0,118.0,0.3215212135777291,passed,0,2,0,0,delivered,1.0,d2c_brand,d2c_brand,large,physical_delivery,0,0.732678340029891,1,1,82,12.0,86.65694444444445,1,0.37305908050759307,782,0.5048418334409296,0,ACCEPT,-204.13,False
DSP001628,TXN0373202,M000285,CUS0134747,Visa,UNAUTHORIZED_TRANSACTION,Unauthorized Transaction,2025-05-06,1200,625,286,2025-05-20,14,contested,won,2025-06-06,5,4,3,1,0.7761666666666667,5,1,0.75,4199,debit_card,0,0.0,0,,0.1710314797522377,failed,0,1,0,0,delivered,1.0,d2c_brand,d2c_brand,large,physical_delivery,0,0.732678340029891,1,1,82,14.0,33.298611111111114,1,0.40088516746411484,911,0.7591666666666667,0,ACCEPT,-429.94,False
DSP001629,TXN0384722,M000286,CUS0136552,Mastercard,SERVICE_NOT_RENDERED,Service Not Rendered,2025-12-19,4000,463,168,2025-12-29,10,contested,won,2026-01-18,3,3,2,1,0.3691166666666666,3,3,0.6666666666666666,13599,credit_card,1,8899.0,0,71.0,0.3109689079293478,passed,0,1,0,0,,,travel_booking,travel_booking,large,booking_service,0,0.5280190019745552,0,1,72,10.0,190.6555555555556,1,0.27713549735942034,631,0.15775,1,CONTEST,477.54,False
DSP001630,TXN0382420,M000286,CUS0137734,Visa,SERVICE_NOT_RENDERED,Service Not Rendered,2025-07-25,15700,434,202,2025-08-12,18,contested,lost,2025-08-28,4,3,1,2,0.48235,4,2,0.3333333333333333,13095,credit_card,1,4345.0,0,185.0,0.2294683906247506,passed,1,1,0,0,,,travel_booking,travel_booking,large,booking_service,0,0.5280190019745552,0,1,72,18.0,-2.532638888888889,0,0.04437155684243602,636,0.040509554140127385,1,CONTEST,60.63,False
DSP001631,TXN0380549,M000286,CUS0137527,Mastercard,DUPLICATE_TRANSACTION,Duplicate Transaction,2025-05-29,8100,738,158,2025-06-09,11,contested,lost,2025-06-13,3,2,0,2,0.3855166666666667,3,3,0.0,4749,upi,0,0.0,0,,0.2666472753856923,not_applicable,1,1,0,0,,,travel_booking,travel_booking,large,booking_service,0,0.5280190019745552,0,1,72,11.0,18.75,0,0.07007319056654919,896,0.11061728395061729,0,ACCEPT,-328.41,False
DSP001633,TXN0380229,M000286,CUS0136934,Mastercard,DUPLICATE_TRANSACTION,Duplicate Transaction,2025-10-25,18400,696,284,2025-11-06,12,contested,lost,2025-12-08,2,2,1,1,0.2450333333333333,2,4,0.5,15799,credit_card,0,0.0,0,,0.0834343679530842,passed,1,1,0,0,,,travel_booking,travel_booking,large,booking_service,0,0.5280190019745552,0,1,72,12.0,-34.81388888888889,0,0.23630295188102082,980,0.05326086956521739,1,CONTEST,3367.97,False
DSP001635,TXN0380878,M000286,CUS0137098,Visa,SERVICE_NOT_RENDERED,Service Not Rendered,2025-05-26,8300,524,154,2025-06-14,19,contested,lost,2025-06-29,2,3,1,2,0.2626833333333333,2,4,0.3333333333333333,12999,upi,0,0.0,0,,0.0755600680242063,not_applicable,0,3,0,0,,,travel_booking,travel_booking,large,booking_service,0,0.5280190019745552,0,1,72,19.0,103.46805555555557,0,0.0,678,0.08168674698795181,0,ACCEPT,-678.0,False
DSP001636,TXN0382070,M000286,CUS0135664,Visa,SERVICE_NOT_RENDERED,Service Not Rendered,2025-09-24,5300,689,182,2025-10-02,8,contested,lost,2025-10-22,1,3,1,2,0.1611166666666666,1,5,0.3333333333333333,5999,debit_card,1,9195.0,0,65.0,0.3934964529706836,passed,1,1,0,0,,,travel_booking,travel_booking,large,booking_service,0,0.5280190019745552,0,1,72,8.0,55.18055555555556,0,0.03225806451612903,871,0.16433962264150945,0,ACCEPT,-700.03,False
DSP001637,TXN0387189,M000286,,Mastercard,UNAUTHORIZED_TRANSACTION,Unauthorized Transaction,2025-04-23,9399,692,214,2025-05-06,13,contested,lost,2025-05-09,4,3,2,1,0.4685999999999999,4,2,0.6666666666666666,1095,credit_card,0,0.0,0,,0.1911939392162213,failed,1,1,0,0,delivered,1.0,travel_booking,travel_booking,large,booking_service,0,0.5280190019745552,0,1,72,13.0,3.9229166666666666,0,0.07007319056654919,906,0.09639323332269391,0,ACCEPT,-247.38,True
DSP001638,TXN0383869,M000286,CUS0137040,Visa,SERVICE_NOT_RENDERED,Service Not Rendered,2025-03-24,7400,732,201,2025-04-02,9,contested,won,2025-04-16,4,3,2,1,0.5408333333333334,4,2,0.6666666666666666,8799,upi,0,0.0,0,,0.25816177998035,not_applicable,1,1,0,0,,,travel_booking,travel_booking,large,booking_service,0,0.5280190019745552,0,1,72,9.0,65.14375,1,0.2841869000564653,933,0.12608108108108107,1,CONTEST,1169.98,False
DSP001639,TXN0385242,M000286,CUS0136321,Mastercard,SERVICE_NOT_RENDERED,Service Not Rendered,2025-04-29,3399,559,273,2025-05-20,21,contested,won,2025-05-29,5,3,2,1,0.6938666666666666,5,1,0.6666666666666666,9499,upi,0,0.0,0,,0.3582345594319327,not_applicable,1,4,0,0,,,travel_booking,travel_booking,large,booking_service,0,0.5280190019745552,0,1,72,21.0,-64.57847222222222,1,0.4560784313725491,832,0.24477787584583702,1,CONTEST,718.21,True
DSP001640,TXN0381489,M000286,CUS0135618,Visa,CREDIT_NOT_PROCESSED,Credit Not Processed,2025-09-03,26499,723,258,2025-09-16,13,contested,won,2025-10-09,5,4,4,0,0.66755,5,1,1.0,4599,debit_card,2,14094.0,0,130.0,0.2513500431056758,passed,1,2,0,0,,,travel_booking,travel_booking,large,booking_service,0,0.5280190019745552,0,1,72,13.0,8.090277777777779,1,0.6167523989000634,981,0.03702026491565719,1,CONTEST,15362.32,False
DSP001642,TXN0386421,M000286,CUS0137141,Mastercard,MERCHANDISE_NOT_AS_DESCRIBED,Merchandise Not As Described,2025-06-14,8199,484,236,2025-06-23,9,contested,lost,2025-07-05,3,3,1,2,0.43415,3,3,0.3333333333333333,8099,credit_card,0,0.0,0,,0.0993727509988409,passed,1,1,0,0,,,travel_booking,travel_booking,large,booking_service,0,0.5280190019745552,0,1,72,9.0,-138.45208333333332,0,0.0,720,0.08781558726673985,0,ACCEPT,-720.0,False
DSP001644,TXN0383801,M000286,CUS0137872,Mastercard,SERVICE_NOT_RENDERED,Service Not Rendered,2025-06-12,6999,588,267,2025-06-23,11,contested,lost,2025-07-23,2,3,1,2,0.2822833333333333,2,4,0.3333333333333333,16999,credit_card,0,0.0,0,,0.163922444142458,not_applicable,1,2,0,0,,,travel_booking,travel_booking,large,booking_service,0,0.5280190019745552,0,1,72,11.0,-6.034722222222222,0,0.0,855,0.12216030861551651,0,ACCEPT,-855.0,False
DSP001646,TXN0379701,M000286,CUS0136461,Mastercard,SERVICE_NOT_RENDERED,Service Not Rendered,2025-03-05,15995,559,232,2025-03-22,17,contested,won,2025-04-01,5,3,3,0,0.5894,5,1,1.0,8099,upi,1,4599.0,0,74.0,0.3543892110575593,not_applicable,1,4,0,0,,,travel_booking,travel_booking,large,booking_service,0,0.5280190019745552,0,1,72,17.0,-219.20486111111111,1,0.613851259778959,791,0.04945295404814004,1,CONTEST,9027.55,False
DSP001647,TXN0383074,M000286,CUS0137975,Visa,MERCHANDISE_NOT_AS_DESCRIBED,Merchandise Not As Described,2025-08-07,22995,553,300,2025-08-23,16,contested,lost,2025-09-01,4,3,1,2,0.53005,4,2,0.3333333333333333,6899,credit_card,0,0.0,0,,0.3088895039357375,passed,1,2,0,0,,,travel_booking,travel_booking,large,booking_service,0,0.5280190019745552,0,1,72,16.0,158.6611111111111,0,0.03346551919917782,853,0.03709502065666449,0,ACCEPT,-83.46,True
DSP001648,TXN0384167,M000286,CUS0135832,Visa,MERCHANDISE_NOT_AS_DESCRIBED,Merchandise Not As Described,2026-01-03,3600,575,187,2026-01-17,14,contested,lost,2026-02-13,2,3,1,2,0.2315166666666666,2,4,0.3333333333333333,28499,debit_card,0,0.0,0,,0.1931748035922859,passed,1,1,0,0,,,travel_booking,travel_booking,large,booking_service,0,0.5280190019745552,0,1,72,14.0,259.7763888888889,0,0.0,762,0.21166666666666667,0,ACCEPT,-762.0,True
DSP001650,TXN0382679,M000286,CUS0136255,Visa,SERVICE_NOT_RENDERED,Service Not Rendered,2026-01-02,15899,604,261,2026-01-22,20,contested,lost,2026-01-27,3,3,1,2,0.43485,3,3,0.3333333333333333,7295,debit_card,0,0.0,0,,0.3081197310305307,passed,1,2,0,0,,,travel_booking,travel_booking,large,booking_service,0,0.5280190019745552,0,1,72,20.0,270.4166666666667,0,0.03225806451612903,865,0.054405937480344675,0,ACCEPT,-352.13,False
DSP001651,TXN0386622,M000286,CUS0136660,RuPay,MERCHANDISE_NOT_AS_DESCRIBED,Merchandise Not As Described,2025-12-11,8200,635,289,2025-12-23,12,contested,lost,2026-01-06,4,3,2,1,0.5644833333333333,4,2,0.6666666666666666,9895,netbanking,0,0.0,0,,0.3427862376218081,not_applicable,1,2,0,0,,,travel_booking,travel_booking,large,booking_service,0,0.5280190019745552,0,1,72,12.0,300.96458333333334,0,0.24337662337662339,924,0.1126829268292683,1,CONTEST,1071.69,False
DSP001655,TXN0384055,M000286,CUS0136527,Visa,UNAUTHORIZED_TRANSACTION,Unauthorized Transaction,2025-08-19,24999,690,245,2025-09-03,15,contested,lost,2025-09-12,6,3,3,0,0.7425333333333333,6,0,1.0,7099,credit_card,0,0.0,0,,0.2243970582695153,passed,1,1,0,0,,,travel_booking,travel_booking,large,booking_service,0,0.5280190019745552,0,1,72,15.0,-58.99652777777778,0,0.2873447947933074,935,0.037401496059842394,1,CONTEST,6248.33,False
DSP001662,TXN0394419,M000287,CUS0139378,Mastercard,MERCHANDISE_NOT_AS_DESCRIBED,Merchandise Not As Described,2025-08-21,490,584,211,2025-09-06,16,contested,lost,2025-09-07,5,3,2,1,0.70465,5,1,0.6666666666666666,749,debit_card,1,6499.0,0,148.0,0.2310221556518945,passed,0,1,0,0,delivered,1.0,d2c_brand,d2c_brand,large,physical_delivery,0,0.7428652805709973,1,1,22,16.0,2.1625,0,0.2845687886779238,795,1.0,0,ACCEPT,-655.56,False
DSP001663,TXN0395497,M000287,,Visa,UNAUTHORIZED_TRANSACTION,Unauthorized Transaction,2025-09-17,4645,671,214,2025-09-28,11,contested,lost,2025-10-31,6,4,4,0,0.87785,6,0,1.0,6595,debit_card,0,0.0,0,,0.7162936679546841,passed,1,1,0,0,delivered,1.0,d2c_brand,d2c_brand,large,physical_delivery,0,0.7428652805709973,1,1,22,11.0,169.91805555555555,0,0.5684198618718742,885,0.19052744886975242,1,CONTEST,1755.31,True
DSP001664,TXN0389723,M000287,CUS0140106,Mastercard,UNAUTHORIZED_TRANSACTION,Unauthorized Transaction,2025-09-20,499,568,185,2025-10-01,11,contested,lost,2025-10-17,4,4,2,2,0.61685,4,2,0.5,419,upi,0,0.0,0,,0.1094636069670212,not_applicable,1,3,0,0,in_transit,0.0,d2c_brand,d2c_brand,large,physical_delivery,0,0.7428652805709973,1,1,22,11.0,-0.9666666666666668,0,0.0949579831932773,753,1.0,0,ACCEPT,-705.62,False
DSP001665,TXN0394131,M000287,CUS0140251,Visa,MERCHANDISE_NOT_RECEIVED,Merchandise Not Received,2025-03-15,2049,653,228,2025-03-28,13,contested,won,2025-04-08,6,4,4,0,0.8643333333333333,6,0,1.0,845,upi,0,0.0,0,,0.0708777649010902,not_applicable,1,1,0,0,delivered,1.0,d2c_brand,d2c_brand,large,physical_delivery,0,0.7428652805709973,1,1,22,13.0,-89.65555555555555,1,0.8113371348795437,881,0.4299658369936554,1,CONTEST,781.43,True
DSP001666,TXN0387916,M000287,CUS0141064,RuPay,CREDIT_NOT_PROCESSED,Credit Not Processed,2025-01-30,1199,552,254,2025-02-10,11,contested,lost,2025-02-24,4,3,1,2,0.6505666666666666,4,2,0.3333333333333333,499,debit_card,2,1648.0,0,50.0,0.2070509383787071,passed,1,2,0,1,in_transit,0.0,d2c_brand,d2c_brand,large,physical_delivery,0,0.7428652805709973,1,1,22,11.0,-225.22569444444449,0,0.24337662337662339,806,0.6722268557130943,0,ACCEPT,-514.19,True
DSP001667,TXN0391073,M000287,,RuPay,MERCHANDISE_NOT_RECEIVED,Merchandise Not Received,2025-08-24,1745,570,267,2025-09-01,8,contested,lost,2025-09-19,3,4,3,1,0.4669666666666667,3,3,0.75,469,upi,2,2098.0,0,175.0,0.2006189665945899,not_applicable,1,1,0,0,rto,0.0,d2c_brand,d2c_brand,large,physical_delivery,0,0.7428652805709973,1,1,22,8.0,1.4375,0,0.24360248447204969,837,0.4796561604584527,0,ACCEPT,-411.91,False
DSP001669,TXN0393740,M000287,CUS0139275,Mastercard,MERCHANDISE_NOT_RECEIVED,Merchandise Not Received,2025-04-01,4395,421,211,2025-04-15,14,contested,lost,2025-05-04,3,4,2,2,0.4276166666666667,3,3,0.5,6495,upi,0,0.0,0,,0.2516108558740714,not_applicable,1,1,0,0,delivered,1.0,d2c_brand,d2c_brand,large,physical_delivery,0,0.7428652805709973,1,1,22,14.0,-2.073611111111111,0,0.07007319056654919,632,0.14379977246871445,0,ACCEPT,-324.03,False
DSP001670,TXN0390150,M000287,,Visa,MERCHANDISE_NOT_AS_DESCRIBED,Merchandise Not As Described,2025-03-22,1249,531,200,2025-04-06,15,contested,lost,2025-04-26,4,3,2,1,0.6058666666666667,4,2,0.6666666666666666,309,upi,0,0.0,0,,0.1440627874155939,not_applicable,1,1,0,0,rto,0.0,d2c_brand,d2c_brand,large,physical_delivery,0,0.7428652805709973,1,1,22,15.0,-200.47708333333333,0,0.25004329004329007,731,0.5852682145716573,0,ACCEPT,-418.7,False
DSP001671,TXN0388616,M000287,,Visa,MERCHANDISE_NOT_RECEIVED,Merchandise Not Received,2025-07-29,3045,571,219,2025-08-14,16,contested,lost,2025-08-14,5,4,3,1,0.8130166666666666,5,1,0.75,4049,debit_card,2,1598.0,0,122.0,0.3390836277835348,failed,1,1,0,0,delivered,1.0,d2c_brand,d2c_brand,large,physical_delivery,0,0.7428652805709973,1,1,22,16.0,-147.76944444444445,0,0.5016666666666667,790,0.2594417077175698,1,CONTEST,737.58,False
DSP001673,TXN0390677,M000287,CUS0141185,RuPay,CREDIT_NOT_PROCESSED,Credit Not Processed,2025-08-24,6400,582,159,2025-09-07,14,contested,won,2025-09-09,6,3,3,0,0.8194166666666667,6,0,1.0,1049,debit_card,1,2199.0,0,134.0,0.3039711005516924,failed,1,1,0,0,delivered,1.0,d2c_brand,d2c_brand,large,physical_delivery,0,0.7428652805709973,1,1,22,14.0,81.58541666666666,1,0.724284987487281,741,0.11578125,1,CONTEST,3894.42,False
DSP001674,TXN0389502,M000287,CUS0140050,RuPay,MERCHANDISE_NOT_AS_DESCRIBED,Merchandise Not As Described,2025-10-26,2100,549,162,2025-11-12,17,contested,won,2025-11-29,5,3,3,0,0.6801166666666667,5,1,1.0,699,debit_card,0,0.0,0,,0.3247281633183274,passed,1,1,0,0,delivered,1.0,d2c_brand,d2c_brand,large,physical_delivery,0,0.7428652805709973,1,1,22,17.0,297.7270833333333,1,0.6070132684652808,711,0.3385714285714286,1,CONTEST,563.73,False
DSP001675,TXN0389526,M000287,,Visa,CREDIT_NOT_PROCESSED,Credit Not Processed,2025-07-12,3000,452,214,2025-08-01,20,contested,lost,2025-07-27,5,3,2,1,0.75835,5,1,0.6666666666666666,1445,netbanking,0,0.0,0,,0.2135742225365697,not_applicable,0,2,0,0,delivered,1.0,d2c_brand,d2c_brand,large,physical_delivery,0,0.7428652805709973,1,1,22,20.0,39.27777777777778,0,0.4025696594427245,666,0.222,1,CONTEST,541.71,False
DSP001676,TXN0390660,M000287,CUS0138800,Mastercard,DUPLICATE_TRANSACTION,Duplicate Transaction,2025-07-28,10100,531,298,2025-08-04,7,contested,won,2025-08-24,6,2,2,0,0.9508833333333334,6,0,1.0,3149,debit_card,0,0.0,0,,0.2430404306619919,passed,1,2,0,0,delivered,1.0,d2c_brand,d2c_brand,large,physical_delivery,0,0.7428652805709973,1,1,22,7.0,145.47986111111112,1,0.9347389865036924,829,0.08207920792079208,1,CONTEST,8611.86,False
DSP001677,TXN0394600,M000287,,Mastercard,CREDIT_NOT_PROCESSED,Credit Not Processed,2025-12-29,3249,409,223,2026-01-15,17,contested,won,2026-02-10,5,3,3,0,0.7405166666666667,5,1,1.0,1599,wallet,0,0.0,0,,0.2222508022402244,not_applicable,1,1,0,0,delivered,1.0,d2c_brand,d2c_brand,large,physical_delivery,0,0.7428652805709973,1,1,22,17.0,209.1888888888889,1,0.6004198618718742,632,0.19452139119729148,1,CONTEST,1318.76,True
DSP001680,TXN0393456,M000287,CUS0140239,Visa,MERCHANDISE_NOT_RECEIVED,Merchandise Not Received,2026-01-16,699,595,234,2026-01-28,12,contested,lost,2026-02-01,5,4,3,1,0.6801,5,1,0.75,999,netbanking,0,0.0,0,,0.3155433504822018,not_applicable,1,2,0,0,delivered,0.0,d2c_brand,d2c_brand,large,physical_delivery,0,0.7428652805709973,1,1,22,12.0,194.6298611111111,0,0.45256965944272454,829,1.0,0,ACCEPT,-512.65,False
DSP001681,TXN0391849,M000287,CUS0139789,RuPay,UNAUTHORIZED_TRANSACTION,Unauthorized Transaction,2025-07-14,1199,502,229,2025-07-22,8,contested,lost,2025-08-10,4,4,2,2,0.6172333333333333,4,2,0.5,6399,credit_card,0,0.0,0,,0.3192016282383039,passed,1,2,0,0,delivered,1.0,d2c_brand,d2c_brand,large,physical_delivery,0,0.7428652805709973,1,1,22,8.0,-57.32013888888889,0,0.07007319056654919,731,0.609674728940784,0,ACCEPT,-646.98,False
DSP001682,TXN0390049,M000287,CUS0139702,Visa,MERCHANDISE_NOT_RECEIVED,Merchandise Not Received,2025-10-25,1149,561,286,2025-11-03,9,contested,lost,2025-12-07,3,4,2,2,0.4508666666666667,3,3,0.5,2295,credit_card,0,0.0,0,,0.1215316574053035,passed,1,1,0,0,delivered,1.0,d2c_brand,d2c_brand,large,physical_delivery,0,0.7428652805709973,1,1,22,9.0,205.1472222222222,0,0.07007319056654919,847,0.7371627502175805,0,ACCEPT,-766.49,False
DSP001684,TXN0392843,M000287,CUS0138828,Mastercard,UNAUTHORIZED_TRANSACTION,Unauthorized Transaction,2025-02-23,1099,702,207,2025-03-12,17,contested,lost,2025-04-06,2,4,2,2,0.3020833333333333,2,4,0.5,1299,credit_card,0,0.0,0,,0.6994246330550241,passed,1,4,0,0,delivered,1.0,d2c_brand,d2c_brand,large,physical_delivery,0,0.7428652805709973,1,1,22,17.0,-214.57361111111112,0,0.03225806451612903,909,0.827115559599636,0,ACCEPT,-873.55,False
DSP001685,TXN0391128,M000287,CUS0139397,Visa,CREDIT_NOT_PROCESSED,Credit Not Processed,2025-07-27,3995,702,189,2025-08-11,15,contested,won,2025-09-03,6,3,3,0,0.96935,6,0,1.0,1349,upi,0,0.0,0,,0.1877075323243428,not_applicable,1,2,0,0,in_transit,0.0,d2c_brand,d2c_brand,large,physical_delivery,0,0.7428652805709973,1,1,22,15.0,-57.14305555555556,1,0.8241954735449036,891,0.2230287859824781,1,CONTEST,2401.66,False
DSP001687,TXN0391534,M000287,CUS0139573,Mastercard,UNAUTHORIZED_TRANSACTION,Unauthorized Transaction,2025-05-05,700,421,266,2025-05-25,20,contested,lost,2025-06-02,5,4,3,1,0.7576666666666667,5,1,0.75,1099,credit_card,0,0.0,0,,0.2618646734726414,passed,1,1,0,0,delivered,1.0,d2c_brand,d2c_brand,large,physical_delivery,0,0.7428652805709973,1,1,22,20.0,-94.41111111111113,0,0.2591869000564653,687,0.9814285714285714,0,ACCEPT,-505.57,False
DSP001690,TXN0390053,M000287,,RuPay,UNAUTHORIZED_TRANSACTION,Unauthorized Transaction,2025-06-29,645,745,299,2025-07-12,13,contested,lost,2025-07-14,5,4,3,1,0.75245,5,1,0.75,2049,debit_card,0,0.0,0,,0.0248558876111761,passed,0,2,0,0,delivered,0.0,d2c_brand,d2c_brand,large,physical_delivery,0,0.7428652805709973,1,1,22,13.0,-31.22430555555556,0,0.24337662337662339,1044,1.0,0,ACCEPT,-887.02,False
DSP001691,TXN0392883,M000287,CUS0140454,Mastercard,MERCHANDISE_NOT_RECEIVED,Merchandise Not Received,2026-01-09,1495,540,295,2026-01-19,10,contested,won,2026-02-23,6,4,4,0,0.9239166666666666,6,0,1.0,2795,upi,2,3148.0,0,119.0,0.2865612527303394,not_applicable,1,1,0,0,delivered,1.0,d2c_brand,d2c_brand,large,physical_delivery,0,0.7428652805709973,1,1,22,10.0,12.256944444444445,1,0.9382683982683983,835,0.5585284280936454,1,CONTEST,567.71,False
DSP001692,TXN0389702,M000287,,Visa,MERCHANDISE_NOT_AS_DESCRIBED,Merchandise Not As Described,2025-11-19,695,481,237,2025-12-05,16,contested,lost,2025-12-03,5,3,3,0,0.7547166666666666,5,1,1.0,2099,upi,0,0.0,0,,0.1307727427397812,not_applicable,1,1,0,0,delivered,1.0,d2c_brand,d2c_brand,large,physical_delivery,0,0.7428652805709973,1,1,22,16.0,140.73125,0,0.6070132684652808,718,1.0,0,ACCEPT,-296.13,False
DSP001694,TXN0397572,M000288,CUS0142152,Mastercard,MERCHANDISE_NOT_AS_DESCRIBED,Merchandise Not As Described,2026-01-04,1450,513,204,2026-01-18,14,contested,lost,2026-01-28,5,3,2,1,0.7295833333333333,5,1,0.6666666666666666,2595,debit_card,0,0.0,0,,0.0806618335872198,passed,1,1,0,0,in_transit,0.0,d2c_brand,d2c_brand,large,physical_delivery,0,0.7193620298609943,1,1,64,14.0,350.53541666666666,0,0.47696717512054676,717,0.49448275862068963,0,ACCEPT,-25.4,False
DSP001695,TXN0400358,M000288,CUS0144090,Visa,UNAUTHORIZED_TRANSACTION,Unauthorized Transaction,2025-10-26,900,515,251,2025-11-04,9,contested,lost,2025-12-03,5,4,4,0,0.7335666666666666,5,1,1.0,1549,credit_card,1,1649.0,0,71.0,0.864932511331177,passed,1,2,0,0,delivered,0.0,d2c_brand,d2c_brand,large,physical_delivery,0,0.7193620298609943,1,1,64,9.0,158.51944444444445,0,0.6719723000704754,766,0.8511111111111112,0,ACCEPT,-161.22,True
DSP001696,TXN0398809,M000288,,RuPay,MERCHANDISE_NOT_RECEIVED,Merchandise Not Received,2025-09-01,1745,570,166,2025-09-12,11,contested,won,2025-09-15,4,4,3,1,0.5975833333333332,4,2,0.75,3645,credit_card,0,0.0,0,,0.0871810050081095,passed,1,4,0,0,in_transit,0.0,d2c_brand,d2c_brand,large,physical_delivery,0,0.7193620298609943,1,1,64,11.0,-84.32708333333333,1,0.38772946859903384,736,0.4217765042979943,0,ACCEPT,-59.41,True
DSP001698,TXN0399898,M000288,CUS0143475,Visa,UNAUTHORIZED_TRANSACTION,Unauthorized Transaction,2025-09-14,995,482,217,2025-10-05,21,contested,won,2025-09-29,4,4,3,1,0.6054,4,2,0.75,2199,debit_card,4,11438.0,0,49.0,0.4416409234338995,passed,1,1,0,0,delivered,1.0,d2c_brand,d2c_brand,large,physical_delivery,0,0.7193620298609943,1,1,64,21.0,-35.19236111111111,1,0.37033180778032015,699,0.7025125628140704,0,ACCEPT,-330.52,False
DSP001700,TXN0396786,M000288,,Mastercard,UNAUTHORIZED_TRANSACTION,Unauthorized Transaction,2026-02-11,429,694,226,2026-02-24,13,contested,lost,2026-03-20,4,4,3,1,0.6373333333333333,4,2,0.75,1699,credit_card,1,799.0,0,5.0,0.295990645510436,passed,1,1,0,0,delivered,1.0,d2c_brand,d2c_brand,large,physical_delivery,0,0.7193620298609943,1,1,64,13.0,168.4951388888889,0,0.25004329004329007,920,1.0,0,ACCEPT,-812.73,False
DSP001701,TXN0399319,M000288,CUS0143926,Mastercard,MERCHANDISE_NOT_RECEIVED,Merchandise Not Received,2025-04-26,1250,537,150,2025-05-10,14,contested,lost,2025-06-10,3,4,2,2,0.4377166666666667,3,3,0.5,1399,upi,0,0.0,0,,0.2421496266570999,not_applicable,1,1,0,0,delivered,1.0,d2c_brand,d2c_brand,large,physical_delivery,0,0.7193620298609943,1,1,64,14.0,31.07847222222222,0,0.07007319056654919,687,0.5496,0,ACCEPT,-599.41,True
DSP001704,TXN0399784,M000288,,Mastercard,MERCHANDISE_NOT_AS_DESCRIBED,Merchandise Not As Described,2025-04-06,3049,443,167,2025-04-18,12,contested,lost,2025-04-22,4,3,3,0,0.5424666666666667,4,2,1.0,1849,debit_card,0,0.0,0,,0.4044038762857694,passed,1,1,0,0,delivered,1.0,d2c_brand,d2c_brand,large,physical_delivery,0,0.7193620298609943,1,1,64,12.0,4.645833333333333,0,0.4431578947368421,610,0.20006559527714005,1,CONTEST,741.19,False
DSP001705,TXN0401195,M000288,CUS0142010,Mastercard,DUPLICATE_TRANSACTION,Duplicate Transaction,2026-01-08,1850,690,184,2026-01-20,12,contested,won,2026-02-19,4,2,2,0,0.5804,4,2,1.0,2499,credit_card,0,0.0,0,,0.2403137929163152,not_applicable,1,1,0,0,delivered,1.0,d2c_brand,d2c_brand,large,physical_delivery,0,0.7193620298609943,1,1,64,12.0,349.15069444444447,1,0.6543121896734138,874,0.47243243243243244,1,CONTEST,336.48,False
DSP001706,TXN0398097,M000288,,Mastercard,MERCHANDISE_NOT_RECEIVED,Merchandise Not Received,2025-06-01,2400,494,182,2025-06-17,16,contested,won,2025-07-16,3,4,2,2,0.4721,3,3,0.5,239,credit_card,1,3795.0,0,235.0,0.0858467995768179,passed,1,1,0,1,delivered,1.0,d2c_brand,d2c_brand,large,physical_delivery,0,0.7193620298609943,1,1,64,16.0,-194.01597222222225,1,0.20290741516547967,676,0.2816666666666667,0,ACCEPT,-189.02,False
DSP001709,TXN0402436,M000288,,Mastercard,MERCHANDISE_NOT_RECEIVED,Merchandise Not Received,2026-03-07,2400,556,300,2026-03-15,8,contested,won,2026-04-17,4,4,2,2,0.63715,4,2,0.5,1299,credit_card,0,0.0,0,,0.4421361826294572,passed,1,1,0,0,delivered,1.0,d2c_brand,d2c_brand,large,physical_delivery,0,0.7193620298609943,1,1,64,8.0,229.35902777777775,1,0.3848245614035088,856,0.3566666666666667,1,CONTEST,67.58,False
DSP001711,TXN0399882,M000288,,RuPay,MERCHANDISE_NOT_RECEIVED,Merchandise Not Received,2025-11-12,3300,664,183,2025-11-29,17,contested,lost,2025-12-08,3,4,2,2,0.4209166666666666,3,3,0.5,1695,upi,1,849.0,0,161.0,0.5509726091720603,not_applicable,1,1,0,0,in_transit,0.0,d2c_brand,d2c_brand,large,physical_delivery,0,0.7193620298609943,1,1,64,17.0,101.15486111111112,0,0.07007319056654919,847,0.25666666666666665,0,ACCEPT,-615.76,False
DSP001712,TXN0397219,M000288,CUS0143740,Mastercard,CREDIT_NOT_PROCESSED,Credit Not Processed,2025-09-28,795,573,156,2025-10-16,18,contested,lost,2025-11-04,5,3,2,1,0.8079333333333333,5,1,0.6666666666666666,2399,credit_card,3,2227.0,0,0.0,0.3097301979514503,passed,1,2,0,0,delivered,1.0,d2c_brand,d2c_brand,large,physical_delivery,0,0.7193620298609943,1,1,64,18.0,12.235416666666667,0,0.45256965944272454,729,0.9169811320754717,0,ACCEPT,-369.21,False
DSP001713,TXN0396520,M000288,,Visa,MERCHANDISE_NOT_RECEIVED,Merchandise Not Received,2025-09-14,2645,551,293,2025-10-01,17,contested,won,2025-10-04,4,4,2,2,0.6086166666666667,4,2,0.5,2295,netbanking,0,0.0,0,,0.1974656951211822,not_applicable,1,2,0,0,delivered,1.0,d2c_brand,d2c_brand,large,physical_delivery,0,0.7193620298609943,1,1,64,17.0,-73.81597222222223,1,0.35699847444698707,844,0.31909262759924384,1,CONTEST,100.26,False
DSP001714,TXN0407947,M000289,,RuPay,SERVICE_NOT_RENDERED,Service Not Rendered,2025-02-28,11499,438,260,2025-03-11,11,contested,won,2025-03-20,5,3,3,0,0.7402333333333333,5,1,1.0,11299,debit_card,0,0.0,0,,0.2387182457956359,passed,0,1,0,0,,,travel_booking,travel_booking,large,booking_service,0,0.6817939205013498,0,1,118,11.0,21.494444444444444,1,0.6070132684652808,698,0.06070093051569702,1,CONTEST,6282.05,False
DSP001716,TXN0404108,M000289,CUS0144529,Visa,UNAUTHORIZED_TRANSACTION,Unauthorized Transaction,2025-10-15,10600,445,195,2025-10-23,8,contested,lost,2025-11-12,4,3,2,1,0.4847666666666666,4,2,0.6666666666666666,6399,upi,0,0.0,0,,0.4462129742331092,not_applicable,1,1,0,0,,,travel_booking,travel_booking,large,booking_service,0,0.6817939205013498,0,1,118,8.0,69.62222222222222,0,0.05578747628083491,640,0.06037735849056604,0,ACCEPT,-48.65,False
DSP001717,TXN0408751,M000289,,RuPay,MERCHANDISE_NOT_AS_DESCRIBED,Merchandise Not As Described,2025-08-21,10699,426,283,2025-08-29,8,contested,lost,2025-09-14,5,3,3,0,0.7459833333333333,5,1,1.0,3599,wallet,1,16095.0,0,204.0,0.050156825971008,not_applicable,1,1,0,0,,,travel_booking,travel_booking,large,booking_service,0,0.6817939205013498,0,1,118,8.0,10.247222222222222,0,0.46996732026143795,709,0.0662678755023834,1,CONTEST,4319.18,False
DSP001719,TXN0411534,M000289,,RuPay,MERCHANDISE_NOT_AS_DESCRIBED,Merchandise Not As Described,2025-12-01,20995,710,195,2025-12-15,14,contested,lost,2026-01-13,2,3,2,1,0.2818833333333333,2,4,0.6666666666666666,99,debit_card,0,0.0,0,,0.3727100971199026,passed,1,1,0,0,delivered,1.0,travel_booking,travel_booking,large,booking_service,0,0.6817939205013498,0,1,118,14.0,127.85694444444444,0,0.07007319056654919,905,0.043105501309835675,1,CONTEST,566.19,False
DSP001721,TXN0408507,M000289,CUS0144655,Visa,DUPLICATE_TRANSACTION,Duplicate Transaction,2025-03-29,10695,684,247,2025-04-18,20,contested,won,2025-05-06,5,2,1,1,0.7603833333333333,5,1,0.5,13495,credit_card,0,0.0,0,,0.1167877967077486,passed,1,1,0,0,,,travel_booking,travel_booking,large,booking_service,0,0.6817939205013498,0,1,118,20.0,49.41736111111111,1,0.5741040723981901,931,0.08705002337540907,1,CONTEST,5209.04,False
DSP001724,TXN0407024,M000289,,Mastercard,MERCHANDISE_NOT_AS_DESCRIBED,Merchandise Not As Described,2025-07-05,4549,707,271,2025-07-26,21,contested,won,2025-08-02,5,3,2,1,0.647,5,1,0.6666666666666666,10995,credit_card,0,0.0,0,,0.1817203736528659,passed,1,1,0,0,,,travel_booking,travel_booking,large,booking_service,0,0.6817939205013498,0,1,118,21.0,110.0826388888889,1,0.3566666666666659,978,0.21499230600131897,1,CONTEST,644.48,False
DSP001725,TXN0408319,M000289,CUS0145041,Mastercard,MERCHANDISE_NOT_AS_DESCRIBED,Merchandise Not As Described,2025-06-23,12900,743,177,2025-07-10,17,contested,lost,2025-07-31,3,3,1,2,0.4182666666666666,3,3,0.3333333333333333,7499,debit_card,4,54338.0,0,28.0,0.1665274171508015,passed,1,1,0,0,,,travel_booking,travel_booking,large,booking_service,0,0.6817939205013498,0,1,118,17.0,-139.37430555555557,0,0.03225806451612903,920,0.07131782945736434,0,ACCEPT,-503.87,False
DSP001726,TXN0411329,M000289,,Mastercard,MERCHANDISE_NOT_AS_DESCRIBED,Merchandise Not As Described,2025-10-31,8999,538,273,2025-11-20,20,contested,lost,2025-12-05,2,3,0,3,0.29205,2,4,0.0,2049,credit_card,0,0.0,0,,0.2720308172240669,passed,1,2,0,0,,,travel_booking,travel_booking,large,booking_service,0,0.6817939205013498,0,1,118,20.0,171.24930555555557,0,0.0,811,0.0901211245693966,0,ACCEPT,-811.0,False
DSP001728,TXN0410752,M000289,,Mastercard,SERVICE_NOT_RENDERED,Service Not Rendered,2025-07-19,24500,421,206,2025-08-05,17,contested,lost,2025-08-26,6,3,3,0,0.8529,6,0,1.0,4699,credit_card,1,29499.0,0,17.0,0.5368525326003896,not_applicable,1,1,0,0,,,travel_booking,travel_booking,large,booking_service,0,0.6817939205013498,0,1,118,17.0,100.6625,0,0.6167523989000634,627,0.02559183673469388,1,CONTEST,14483.43,True
DSP001729,TXN0409877,M000289,CUS0146080,RuPay,CREDIT_NOT_PROCESSED,Credit Not Processed,2025-08-04,9299,665,169,2025-08-15,11,contested,lost,2025-09-10,4,4,3,1,0.6377,4,2,0.75,3645,debit_card,1,7895.0,0,58.0,0.312355416976432,passed,1,1,0,0,,,travel_booking,travel_booking,large,booking_service,0,0.6817939205013498,0,1,118,11.0,57.25277777777778,0,0.269011461459974,834,0.08968706312506722,1,CONTEST,1667.54,False
DSP001730,TXN0416579,M000290,CUS0147737,Mastercard,UNAUTHORIZED_TRANSACTION,Unauthorized Transaction,2025-10-11,330,537,166,2025-10-30,19,contested,won,2025-11-15,6,4,4,0,0.96165,6,0,1.0,2749,debit_card,0,0.0,0,,0.1630783294728502,passed,1,1,0,0,delivered,1.0,d2c_brand,d2c_brand,large,physical_delivery,0,0.8742818173482428,1,1,107,19.0,103.25277777777778,1,0.5389043938438811,703,1.0,0,ACCEPT,-525.16,False
DSP001735,TXN0417119,M000290,,Visa,MERCHANDISE_NOT_RECEIVED,Merchandise Not Received,2025-10-11,489,718,152,2025-10-23,12,contested,won,2025-11-23,6,4,4,0,0.9538666666666668,6,0,1.0,4899,upi,1,899.0,0,40.0,0.6322506891343026,not_applicable,1,2,0,0,delivered,1.0,d2c_brand,d2c_brand,large,physical_delivery,0,0.8742818173482428,1,1,107,12.0,167.8048611111111,1,0.9543850172996645,870,1.0,0,ACCEPT,-403.31,False
DSP001737,TXN0415943,M000290,CUS0148029,Mastercard,MERCHANDISE_NOT_AS_DESCRIBED,Merchandise Not As Described,2025-12-19,649,678,184,2025-12-30,11,contested,lost,2026-01-16,6,3,3,0,0.9438333333333334,6,0,1.0,2649,upi,0,0.0,0,,0.4506508540702679,not_applicable,1,1,0,0,delivered,0.0,d2c_brand,d2c_brand,large,physical_delivery,0,0.8742818173482428,1,1,107,11.0,302.5416666666667,0,0.679892830624536,862,1.0,0,ACCEPT,-420.75,False
DSP001738,TXN0417874,M000290,CUS0148584,Mastercard,MERCHANDISE_NOT_AS_DESCRIBED,Merchandise Not As Described,2025-05-15,2150,606,260,2025-06-03,19,contested,won,2025-06-22,6,3,3,0,0.9064333333333332,6,0,1.0,949,debit_card,0,0.0,0,,0.1945042621155978,passed,1,1,0,0,delivered,1.0,d2c_brand,d2c_brand,large,physical_delivery,0,0.8742818173482428,1,1,107,19.0,-108.08888888888887,1,0.723045369694968,866,0.4027906976744186,1,CONTEST,688.55,False
DSP001739,TXN0415409,M000290,CUS0148014,Mastercard,CREDIT_NOT_PROCESSED,Credit Not Processed,2025-12-08,2145,662,168,2025-12-18,10,contested,lost,2026-01-15,5,3,3,0,0.7540999999999999,5,1,1.0,1699,debit_card,0,0.0,0,,0.1312730825145718,passed,1,3,0,0,delivered,0.0,d2c_brand,d2c_brand,large,physical_delivery,0,0.8742818173482428,1,1,107,10.0,205.47847222222225,0,0.6167523989000634,830,0.38694638694638694,1,CONTEST,492.93,False
DSP001740,TXN0415313,M000290,,Visa,DUPLICATE_TRANSACTION,Duplicate Transaction,2025-11-21,420,523,232,2025-11-30,9,contested,won,2025-12-09,6,2,2,0,0.9402166666666668,6,0,1.0,1399,credit_card,0,0.0,0,,0.3582409551405772,passed,1,1,0,0,delivered,1.0,d2c_brand,d2c_brand,large,physical_delivery,0,0.8742818173482428,1,1,107,9.0,249.13472222222225,1,0.9382683982683983,755,1.0,0,ACCEPT,-360.93,False
DSP001742,TXN0418877,M000290,,RuPay,MERCHANDISE_NOT_RECEIVED,Merchandise Not Received,2025-11-10,1549,750,186,2025-11-28,18,contested,won,2025-11-25,5,4,4,0,0.7510666666666667,5,1,1.0,749,credit_card,0,0.0,0,,0.338382042864078,passed,1,2,0,0,delivered,1.0,d2c_brand,d2c_brand,large,physical_delivery,0,0.8742818173482428,1,1,107,18.0,14.270833333333334,1,0.9324715612635197,936,0.6042608134280181,1,CONTEST,508.4,False
DSP001744,TXN0417450,M000290,CUS0149245,Visa,UNAUTHORIZED_TRANSACTION,Unauthorized Transaction,2025-04-20,800,589,277,2025-05-06,16,contested,lost,2025-05-13,5,4,3,1,0.8166666666666668,5,1,0.75,1745,credit_card,0,0.0,0,,0.0396503120916002,passed,0,3,0,0,delivered,0.0,d2c_brand,d2c_brand,large,physical_delivery,0,0.8742818173482428,1,1,107,16.0,101.92708333333331,0,0.3181839790664741,866,1.0,0,ACCEPT,-611.45,False
DSP001745,TXN0424579,M000291,,Visa,MERCHANDISE_NOT_AS_DESCRIBED,Merchandise Not As Described,2026-01-09,4799,731,264,2026-01-29,20,contested,lost,2026-02-16,5,3,2,1,0.7034666666666666,5,1,0.6666666666666666,2049,credit_card,0,0.0,0,,0.2463389658137838,passed,1,2,0,1,delivered,1.0,d2c_brand,d2c_brand,large,physical_delivery,0,0.7862152715275877,1,1,10,20.0,12.718055555555557,0,0.3648296606729642,995,0.20733486142946447,1,CONTEST,755.82,True
DSP001746,TXN0420451,M000291,CUS0150462,Mastercard,UNAUTHORIZED_TRANSACTION,Unauthorized Transaction,2025-11-28,4650,443,212,2025-12-11,13,contested,lost,2025-12-26,5,4,3,1,0.7865833333333333,5,1,0.75,2945,netbanking,0,0.0,0,,0.2079726957062277,not_applicable,1,1,0,0,in_transit,0.0,d2c_brand,d2c_brand,large,physical_delivery,0,0.7862152715275877,1,1,10,13.0,202.8118055555556,0,0.24337662337662339,655,0.14086021505376345,1,CONTEST,476.7,False
DSP001747,TXN0425039,M000291,CUS0150539,RuPay,MERCHANDISE_NOT_RECEIVED,Merchandise Not Received,2025-06-12,1800,686,169,2025-06-23,11,contested,lost,2025-07-08,5,4,3,1,0.77825,5,1,0.75,409,credit_card,0,0.0,0,,0.5581506067207987,passed,1,1,0,1,delivered,1.0,d2c_brand,d2c_brand,large,physical_delivery,0,0.7862152715275877,1,1,10,11.0,62.77222222222223,0,0.4664585483316134,855,0.475,0,ACCEPT,-15.37,False
DSP001751,TXN0420539,M000291,CUS0152184,Visa,CREDIT_NOT_PROCESSED,Credit Not Processed,2025-09-01,4295,590,237,2025-09-12,11,contested,won,2025-09-15,6,3,3,0,0.94845,6,0,1.0,695,wallet,0,0.0,0,,0.1734268669431436,not_applicable,0,1,0,0,delivered,1.0,d2c_brand,d2c_brand,large,physical_delivery,0,0.7862152715275877,1,1,10,11.0,1.0243055555555556,1,0.7555030459337264,827,0.19254947613504075,1,CONTEST,2417.89,False
DSP001752,TXN0421805,M000291,CUS0151189,Visa,DUPLICATE_TRANSACTION,Duplicate Transaction,2025-06-15,550,546,151,2025-06-22,7,contested,won,2025-07-11,6,2,2,0,0.98,6,0,1.0,1149,debit_card,2,2994.0,0,21.0,0.1036717522250131,failed,1,1,0,0,delivered,1.0,d2c_brand,d2c_brand,large,physical_delivery,0,0.7862152715275877,1,1,10,7.0,-117.45069444444444,1,0.9347389865036924,697,1.0,0,ACCEPT,-182.89,True
DSP001753,TXN0423805,M000291,,Visa,UNAUTHORIZED_TRANSACTION,Unauthorized Transaction,2025-09-27,1649,556,195,2025-10-04,7,contested,lost,2025-11-04,4,4,2,2,0.5677,4,2,0.5,945,upi,2,4098.0,0,5.0,0.3606062243302258,not_applicable,1,2,0,1,delivered,1.0,d2c_brand,d2c_brand,large,physical_delivery,0,0.7862152715275877,1,1,10,7.0,233.21319444444444,0,0.07007319056654919,751,0.45542753183747725,0,ACCEPT,-635.45,False
DSP001754,TXN0422991,M000291,CUS0151951,Mastercard,MERCHANDISE_NOT_AS_DESCRIBED,Merchandise Not As Described,2025-11-07,1400,725,190,2025-11-27,20,contested,won,2025-12-13,6,3,3,0,0.8774166666666666,6,0,1.0,949,netbanking,0,0.0,0,,0.0484478695193431,not_applicable,0,1,0,0,in_transit,0.0,d2c_brand,d2c_brand,large,physical_delivery,0,0.7862152715275877,1,1,10,20.0,184.89583333333331,1,0.6913266325205805,915,0.6535714285714286,1,CONTEST,52.86,False
DSP001755,TXN0419883,M000291,,Visa,MERCHANDISE_NOT_RECEIVED,Merchandise Not Received,2026-01-22,750,542,297,2026-02-03,12,contested,won,2026-02-19,6,4,4,0,0.8642,6,0,1.0,389,debit_card,0,0.0,0,,0.129612267668904,passed,1,1,0,0,in_transit,0.0,d2c_brand,d2c_brand,large,physical_delivery,0,0.7862152715275877,1,1,10,12.0,374.06597222222223,1,0.9170849199901241,839,1.0,0,ACCEPT,-151.19,False
DSP001757,TXN0420057,M000291,CUS0151085,Mastercard,MERCHANDISE_NOT_RECEIVED,Merchandise Not Received,2026-01-11,1650,576,186,2026-02-01,21,contested,won,2026-01-28,5,4,3,1,0.7109333333333333,5,1,0.75,699,upi,2,2548.0,0,166.0,0.0802089820874941,not_applicable,1,1,0,0,delivered,0.0,d2c_brand,d2c_brand,large,physical_delivery,0,0.7862152715275877,1,1,10,21.0,37.958333333333336,1,0.5287707390648567,762,0.4618181818181818,1,CONTEST,110.47,False
DSP001759,TXN0423952,M000291,,Mastercard,MERCHANDISE_NOT_RECEIVED,Merchandise Not Received,2025-04-12,1049,663,295,2025-04-25,13,contested,lost,2025-05-06,6,4,4,0,0.8821666666666667,6,0,1.0,2899,netbanking,0,0.0,0,,0.2514687663278873,not_applicable,1,1,0,0,delivered,1.0,d2c_brand,d2c_brand,large,physical_delivery,0,0.7862152715275877,1,1,10,13.0,-154.86666666666667,0,0.7307289820891703,958,0.9132507149666349,0,ACCEPT,-191.47,False
DSP001761,TXN0424415,M000291,CUS0151808,Mastercard,MERCHANDISE_NOT_RECEIVED,Merchandise Not Received,2025-09-28,1699,546,276,2025-10-12,14,contested,lost,2025-11-02,5,4,4,0,0.7234333333333334,5,1,1.0,1699,debit_card,0,0.0,0,,0.0585418167407479,passed,0,2,0,0,lost,0.0,d2c_brand,d2c_brand,large,physical_delivery,0,0.7862152715275877,1,1,10,14.0,162.35833333333332,0,0.6810577249575552,822,0.48381400824014126,1,CONTEST,335.12,False
DSP001762,TXN0427070,M000291,,Mastercard,MERCHANDISE_NOT_AS_DESCRIBED,Merchandise Not As Described,2025-07-14,1300,619,233,2025-08-03,20,contested,lost,2025-08-05,6,3,3,0,0.9314833333333332,6,0,1.0,1299,debit_card,0,0.0,0,,0.1325511895865978,passed,1,1,0,0,delivered,0.0,d2c_brand,d2c_brand,large,physical_delivery,0,0.7862152715275877,1,1,10,20.0,153.81319444444443,0,0.6491383989521535,852,0.6553846153846153,0,ACCEPT,-8.12,False
DSP001763,TXN0423687,M000291,CUS0150992,Visa,CREDIT_NOT_PROCESSED,Credit Not Processed,2025-11-19,1150,456,233,2025-12-08,19,contested,won,2025-12-12,6,3,3,0,0.9187333333333332,6,0,1.0,2095,debit_card,0,0.0,0,,0.3198608857678882,failed,1,1,0,0,delivered,1.0,d2c_brand,d2c_brand,large,physical_delivery,0,0.7862152715275877,1,1,10,19.0,217.08194444444445,1,0.8048878483944897,689,0.5991304347826087,1,CONTEST,236.62,False
DSP001764,TXN0420478,M000291,CUS0152437,Visa,MERCHANDISE_NOT_RECEIVED,Merchandise Not Received,2025-11-17,2399,745,280,2025-11-30,13,contested,lost,2025-12-31,3,4,2,2,0.4594833333333333,3,3,0.5,429,debit_card,0,0.0,0,,0.0697543241347424,passed,1,3,0,1,delivered,1.0,d2c_brand,d2c_brand,large,physical_delivery,0,0.7862152715275877,1,1,10,13.0,114.64583333333331,0,0.07007319056654919,1025,0.4272613588995415,0,ACCEPT,-856.89,False
DSP001766,TXN0425921,M000291,CUS0150827,Visa,MERCHANDISE_NOT_AS_DESCRIBED,Merchandise Not As Described,2025-10-30,2349,473,275,2025-11-09,10,contested,lost,2025-12-13,6,3,3,0,0.9091666666666668,6,0,1.0,2095,debit_card,1,3445.0,0,52.0,0.0767778147572336,passed,1,1,0,0,delivered,1.0,d2c_brand,d2c_brand,large,physical_delivery,0,0.7862152715275877,1,1,10,10.0,38.50972222222222,0,0.6167523989000634,748,0.31843337590464027,1,CONTEST,700.75,False
DSP001768,TXN0427565,M000291,,RuPay,MERCHANDISE_NOT_RECEIVED,Merchandise Not Received,2025-03-15,1045,448,264,2025-03-22,7,contested,won,2025-04-23,6,4,4,0,0.9740333333333332,6,0,1.0,1549,debit_card,0,0.0,0,,0.4209330456970913,passed,0,3,0,0,delivered,1.0,d2c_brand,d2c_brand,large,physical_delivery,0,0.7862152715275877,1,1,10,7.0,-64.14583333333333,1,0.8582879471137357,712,0.6813397129186602,1,CONTEST,184.91,False
DSP001770,TXN0430529,M000292,,Mastercard,MERCHANDISE_NOT_AS_DESCRIBED,Merchandise Not As Described,2025-12-28,1445,649,168,2026-01-15,18,contested,won,2026-01-29,6,3,3,0,0.95275,6,0,1.0,1395,credit_card,0,0.0,0,,0.1032107961513702,passed,1,4,0,1,in_transit,0.0,d2c_brand,d2c_brand,large,physical_delivery,0,0.8917415051943869,1,1,81,18.0,165.98055555555555,1,0.8234389051808406,817,0.5653979238754325,1,CONTEST,372.87,False
DSP001771,TXN0434356,M000292,CUS0155080,Visa,MERCHANDISE_NOT_AS_DESCRIBED,Merchandise Not As Described,2025-07-01,1445,479,220,2025-07-19,18,contested,won,2025-08-11,6,3,3,0,0.9378,6,0,1.0,3249,upi,0,0.0,0,,0.4206528655828902,not_applicable,0,1,0,0,delivered,1.0,d2c_brand,d2c_brand,large,physical_delivery,0,0.8917415051943869,1,1,81,18.0,124.58333333333331,1,0.7784172601591957,699,0.48373702422145326,1,CONTEST,425.81,False
DSP001772,TXN0429057,M000292,CUS0153559,Visa,MERCHANDISE_NOT_RECEIVED,Merchandise Not Received,2025-05-05,1699,620,155,2025-05-15,10,contested,won,2025-05-24,6,4,4,0,0.9465666666666668,6,0,1.0,465,debit_card,0,0.0,0,,0.170965293783916,passed,1,1,0,0,delivered,1.0,d2c_brand,d2c_brand,large,physical_delivery,0,0.8917415051943869,1,1,81,10.0,16.22222222222222,1,0.9582683982683984,775,0.45615067686874633,1,CONTEST,853.1,False
DSP001773,TXN0431563,M000292,CUS0152891,Mastercard,UNAUTHORIZED_TRANSACTION,Unauthorized Transaction,2025-10-26,1949,571,211,2025-11-08,13,contested,lost,2025-11-11,6,4,4,0,0.9727333333333332,6,0,1.0,3649,debit_card,0,0.0,0,,0.2601389940393661,passed,0,1,0,0,rto,0.0,d2c_brand,d2c_brand,large,physical_delivery,0,0.8917415051943869,1,1,81,13.0,-43.37847222222222,0,0.4253318077803204,782,0.4012314007183171,1,CONTEST,46.97,False
DSP001774,TXN0434730,M000292,CUS0154214,Visa,MERCHANDISE_NOT_RECEIVED,Merchandise Not Received,2025-10-04,2899,413,189,2025-10-16,12,contested,won,2025-11-10,5,4,3,1,0.7602166666666667,5,1,0.75,455,credit_card,0,0.0,0,,0.1735029194406121,passed,1,1,0,0,delivered,1.0,d2c_brand,d2c_brand,large,physical_delivery,0,0.8917415051943869,1,1,81,12.0,91.32013888888888,1,0.6755283131928493,602,0.20765781303897896,1,CONTEST,1356.36,False
DSP001775,TXN0431346,M000292,,Visa,MERCHANDISE_NOT_RECEIVED,Merchandise Not Received,2025-04-14,2595,666,251,2025-04-27,13,contested,won,2025-04-29,6,4,4,0,0.98,6,0,1.0,4445,credit_card,2,5148.0,0,149.0,0.110130365808515,passed,1,2,0,0,delivered,1.0,d2c_brand,d2c_brand,large,physical_delivery,0,0.8917415051943869,1,1,81,13.0,-197.4638888888889,1,0.9382683982683983,917,0.3533718689788054,1,CONTEST,1517.81,True
DSP001778,TXN0430624,M000292,CUS0153150,Mastercard,MERCHANDISE_NOT_AS_DESCRIBED,Merchandise Not As Described,2026-02-28,1249,746,274,2026-03-21,21,contested,lost,2026-03-29,5,3,2,1,0.7980833333333334,5,1,0.6666666666666666,1049,debit_card,0,0.0,0,,0.5749794276054989,passed,1,1,0,0,delivered,1.0,d2c_brand,d2c_brand,large,physical_delivery,0,0.8917415051943869,1,1,81,21.0,221.4,0,0.5037707390648567,1020,0.8166533226581265,0,ACCEPT,-390.79,False
DSP001779,TXN0429733,M000292,CUS0154303,Visa,MERCHANDISE_NOT_AS_DESCRIBED,Merchandise Not As Described,2025-10-06,2749,696,204,2025-10-20,14,contested,lost,2025-11-15,6,3,3,0,0.9258833333333332,6,0,1.0,2345,credit_card,1,1249.0,0,112.0,0.4745625005631201,passed,1,1,0,0,delivered,1.0,d2c_brand,d2c_brand,large,physical_delivery,0,0.8917415051943869,1,1,81,14.0,148.77777777777777,0,0.6167523989000634,900,0.327391778828665,1,CONTEST,795.45,False
DSP001786,TXN0438441,M000293,,Visa,MERCHANDISE_NOT_AS_DESCRIBED,Merchandise Not As Described,2025-10-06,8800,634,166,2025-10-25,19,contested,won,2025-10-20,5,3,3,0,0.7598333333333334,5,1,1.0,3645,debit_card,0,0.0,0,,0.0660590521183849,passed,0,1,0,0,delivered,0.0,marketplace_retailer,marketplace_retailer,large,physical_delivery,0,0.8803529733393862,1,1,109,19.0,199.62708333333333,1,0.6302139373616019,800,0.09090909090909091,1,CONTEST,4745.88,False
DSP001788,TXN0443729,M000293,CUS0156952,Visa,MERCHANDISE_NOT_AS_DESCRIBED,Merchandise Not As Described,2025-07-11,1395,706,249,2025-07-22,11,contested,lost,2025-07-27,5,3,3,0,0.7612666666666666,5,1,1.0,745,debit_card,1,13495.0,0,92.0,0.2331669231821281,passed,1,1,0,0,delivered,0.0,marketplace_retailer,marketplace_retailer,large,physical_delivery,0,0.8803529733393862,1,1,109,11.0,55.14722222222223,0,0.6167523989000634,955,0.6845878136200717,0,ACCEPT,-94.63,False
DSP001790,TXN0437237,M000293,CUS0156376,Mastercard,MERCHANDISE_NOT_RECEIVED,Merchandise Not Received,2025-03-22,899,741,211,2025-04-10,19,contested,won,2025-05-01,5,4,4,0,0.73995,5,1,1.0,339,debit_card,3,3697.0,0,38.0,0.4484902813857879,passed,1,1,0,0,in_transit,0.0,marketplace_retailer,marketplace_retailer,large,physical_delivery,0,0.8803529733393862,1,1,109,19.0,-100.60694444444444,1,0.9347389865036924,952,1.0,0,ACCEPT,-111.67,False
DSP001791,TXN0443019,M000293,CUS0155844,Mastercard,UNAUTHORIZED_TRANSACTION,Unauthorized Transaction,2025-05-05,3549,705,264,2025-05-23,18,contested,lost,2025-06-11,4,4,4,0,0.5675333333333333,4,2,1.0,329,debit_card,0,0.0,0,,0.0363270711618858,passed,1,1,0,0,delivered,1.0,marketplace_retailer,marketplace_retailer,large,physical_delivery,0,0.8803529733393862,1,1,109,18.0,-200.57430555555555,0,0.30724880382775116,969,0.27303465765004226,1,CONTEST,121.43,False
DSP001793,TXN0443513,M000293,CUS0156279,RuPay,MERCHANDISE_NOT_AS_DESCRIBED,Merchandise Not As Described,2025-03-02,23499,722,164,2025-03-14,12,contested,lost,2025-03-18,4,3,1,2,0.5932,4,2,0.3333333333333333,7799,credit_card,0,0.0,0,,0.2835132102956105,passed,1,1,0,0,delivered,0.0,marketplace_retailer,marketplace_retailer,large,physical_delivery,0,0.8803529733393862,1,1,109,12.0,25.051388888888887,0,0.12476190476190477,886,0.03770373207370526,1,CONTEST,2045.78,False
DSP001795,TXN0436729,M000293,,Mastercard,UNAUTHORIZED_TRANSACTION,Unauthorized Transaction,2025-10-22,750,490,237,2025-11-06,15,contested,lost,2025-11-08,5,4,3,1,0.7888333333333333,5,1,0.75,1949,credit_card,3,8943.0,0,65.0,0.227155959959104,passed,1,1,0,0,delivered,1.0,marketplace_retailer,marketplace_retailer,large,physical_delivery,0,0.8803529733393862,1,1,109,15.0,-28.29652777777778,0,0.37305908050759307,727,0.9693333333333334,0,ACCEPT,-447.21,False
DSP001796,TXN0440415,M000293,CUS0157861,Visa,MERCHANDISE_NOT_RECEIVED,Merchandise Not Received,2025-03-10,949,453,292,2025-03-25,15,contested,won,2025-04-09,5,4,3,1,0.7221000000000001,5,1,0.75,2049,debit_card,1,649.0,0,4.0,0.440209639910498,passed,1,2,0,0,delivered,1.0,marketplace_retailer,marketplace_retailer,large,physical_delivery,0,0.8803529733393862,1,1,109,15.0,-14.984722222222222,1,0.717267443627632,745,0.7850368809272918,0,ACCEPT,-64.31,False
DSP001800,TXN0436856,M000293,CUS0156064,Visa,UNAUTHORIZED_TRANSACTION,Unauthorized Transaction,2025-02-08,1349,663,180,2025-02-25,17,contested,lost,2025-03-10,6,4,4,0,0.9093333333333332,6,0,1.0,899,credit_card,0,0.0,0,,0.2635281477227904,passed,0,1,0,0,in_transit,0.0,marketplace_retailer,marketplace_retailer,large,physical_delivery,0,0.8803529733393862,1,1,109,17.0,-94.15069444444444,0,0.5136807705538355,843,0.6249073387694588,0,ACCEPT,-150.04,False
DSP001801,TXN0445913,M000294,,RuPay,UNAUTHORIZED_TRANSACTION,Unauthorized Transaction,2025-08-16,6800,452,232,2025-09-03,18,contested,lost,2025-09-26,6,4,4,0,0.98,6,0,1.0,3349,upi,1,7399.0,0,9.0,0.2284876990241439,not_applicable,1,1,0,0,delivered,1.0,marketplace_retailer,marketplace_retailer,large,physical_delivery,0,0.97,1,1,110,18.0,201.09027777777777,0,0.37341041998936736,684,0.10058823529411764,1,CONTEST,1855.19,False
DSP001802,TXN0445911,M000294,CUS0160132,Visa,MERCHANDISE_NOT_RECEIVED,Merchandise Not Received,2025-11-18,550,494,240,2025-12-09,21,contested,won,2025-12-17,4,4,3,1,0.6533333333333333,4,2,0.75,3349,credit_card,0,0.0,0,,0.1102861086248985,passed,1,1,0,0,delivered,0.0,marketplace_retailer,marketplace_retailer,large,physical_delivery,0,0.97,1,1,110,21.0,54.71527777777778,1,0.6070132684652808,734,1.0,0,ACCEPT,-400.14,False
DSP001804,TXN0449391,M000294,CUS0159903,Visa,UNAUTHORIZED_TRANSACTION,Unauthorized Transaction,2026-01-19,1100,631,292,2026-02-05,17,contested,lost,2026-02-14,6,4,4,0,0.9566166666666668,6,0,1.0,745,debit_card,0,0.0,0,,0.1733997420827269,passed,1,1,0,0,delivered,0.0,marketplace_retailer,marketplace_retailer,large,physical_delivery,0,0.97,1,1,110,17.0,19.67152777777778,0,0.5171895424836601,923,0.8390909090909091,0,ACCEPT,-354.09,True
DSP001805,TXN0447324,M000294,,Visa,MERCHANDISE_NOT_AS_DESCRIBED,Merchandise Not As Described,2025-11-15,6599,509,179,2025-12-03,18,contested,won,2025-12-10,6,3,3,0,0.9773,6,0,1.0,4049,credit_card,0,0.0,0,,0.3041828064172853,passed,1,2,0,0,delivered,1.0,marketplace_retailer,marketplace_retailer,large,physical_delivery,0,0.97,1,1,110,18.0,211.1861111111111,1,0.73999156656861,688,0.10425822094256705,1,CONTEST,4195.2,True
DSP001806,TXN0447097,M000294,,Mastercard,UNAUTHORIZED_TRANSACTION,Unauthorized Transaction,2025-04-27,3599,589,231,2025-05-10,13,contested,lost,2025-06-07,6,4,4,0,0.9483666666666668,6,0,1.0,599,upi,0,0.0,0,,0.2731677766620172,not_applicable,1,1,0,0,delivered,0.0,marketplace_retailer,marketplace_retailer,large,physical_delivery,0,0.97,1,1,110,13.0,-52.01805555555556,0,0.3845215311004785,820,0.2278410669630453,1,CONTEST,563.89,False
DSP001808,TXN0450036,M000294,CUS0161316,Visa,DUPLICATE_TRANSACTION,Duplicate Transaction,2025-04-11,950,475,298,2025-04-24,13,contested,won,2025-04-25,5,2,2,0,0.7716666666666666,5,1,1.0,5995,debit_card,1,649.0,0,59.0,0.4171562116659719,passed,1,1,0,0,delivered,0.0,marketplace_retailer,marketplace_retailer,large,physical_delivery,0,0.97,1,1,110,13.0,39.422916666666666,1,0.9347389865036924,773,0.8136842105263158,1,CONTEST,115.0,False
DSP001809,TXN0451736,M000294,,Mastercard,MERCHANDISE_NOT_AS_DESCRIBED,Merchandise Not As Described,2026-01-15,3599,734,169,2026-01-28,13,contested,won,2026-02-19,6,3,3,0,0.9547666666666668,6,0,1.0,8399,credit_card,0,0.0,0,,0.0869486343870093,passed,1,1,0,0,in_transit,0.0,marketplace_retailer,marketplace_retailer,large,physical_delivery,0,0.97,1,1,110,13.0,222.86875,1,0.8028506698867229,903,0.25090302861906083,1,CONTEST,1986.46,False
DSP001810,TXN0445898,M000294,CUS0158745,RuPay,MERCHANDISE_NOT_RECEIVED,Merchandise Not Received,2025-06-13,549,441,184,2025-06-21,8,contested,won,2025-07-13,4,4,4,0,0.6530166666666667,4,2,1.0,899,debit_card,0,0.0,0,,0.163429090012712,passed,1,1,0,0,delivered,1.0,marketplace_retailer,marketplace_retailer,large,physical_delivery,0,0.97,1,1,110,8.0,-82.85625,1,0.7276469481073061,625,1.0,0,ACCEPT,-225.52,True
DSP001812,TXN0444514,M000294,,Mastercard,MERCHANDISE_NOT_AS_DESCRIBED,Merchandise Not As Described,2025-04-24,7099,554,244,2025-05-03,9,contested,lost,2025-05-28,6,3,3,0,0.91395,6,0,1.0,5595,credit_card,0,0.0,0,,0.3900512541402519,passed,1,1,0,0,delivered,1.0,marketplace_retailer,marketplace_retailer,large,physical_delivery,0,0.97,1,1,110,9.0,19.888194444444444,0,0.6167523989000634,798,0.11241019861952388,1,CONTEST,3580.33,False
DSP001813,TXN0451544,M000294,CUS0160884,Mastercard,MERCHANDISE_NOT_RECEIVED,Merchandise Not Received,2025-03-28,3350,708,229,2025-04-14,17,contested,won,2025-04-19,6,4,4,0,0.9396833333333332,6,0,1.0,749,debit_card,2,1958.0,0,158.0,0.3632233532846433,passed,1,2,0,0,delivered,1.0,marketplace_retailer,marketplace_retailer,large,physical_delivery,0,0.97,1,1,110,17.0,-189.9701388888889,1,0.9375288856920054,937,0.2797014925373134,1,CONTEST,2203.72,False
DSP001814,TXN0450639,M000294,,Visa,CREDIT_NOT_PROCESSED,Credit Not Processed,2026-02-14,4300,415,262,2026-02-22,8,contested,won,2026-03-30,5,3,3,0,0.81265,5,1,1.0,1149,debit_card,0,0.0,0,,0.7286910268679893,passed,1,2,0,0,in_transit,0.0,marketplace_retailer,marketplace_retailer,large,physical_delivery,0,0.97,1,1,110,8.0,318.5076388888889,1,0.7572992477368354,677,0.15744186046511627,1,CONTEST,2579.39,True
DSP001815,TXN0446637,M000294,CUS0160256,Mastercard,MERCHANDISE_NOT_AS_DESCRIBED,Merchandise Not As Described,2025-04-04,1049,471,276,2025-04-21,17,contested,won,2025-05-01,6,3,3,0,0.9104333333333332,6,0,1.0,1399,credit_card,1,949.0,0,62.0,0.0999369492168092,passed,1,1,0,0,delivered,0.0,marketplace_retailer,marketplace_retailer,large,physical_delivery,0,0.97,1,1,110,17.0,-161.32361111111112,1,0.9024809219875634,747,0.7121067683508103,1,CONTEST,199.7,False
DSP001818,TXN0447419,M000294,,Visa,CREDIT_NOT_PROCESSED,Credit Not Processed,2025-12-15,849,546,285,2025-12-28,13,contested,won,2026-01-25,6,3,3,0,0.9395666666666666,6,0,1.0,4399,credit_card,0,0.0,0,,0.2988590663981859,passed,1,1,0,0,in_transit,0.0,marketplace_retailer,marketplace_retailer,large,physical_delivery,0,0.97,1,1,110,13.0,290.0520833333333,1,0.9306386546377144,831,0.9787985865724381,0,ACCEPT,-40.89,False
DSP001820,TXN0450059,M000294,,Visa,MERCHANDISE_NOT_AS_DESCRIBED,Merchandise Not As Described,2025-07-23,2895,681,207,2025-08-10,18,contested,won,2025-09-03,5,3,3,0,0.7831166666666666,5,1,1.0,5899,debit_card,0,0.0,0,,0.1159106877053123,passed,1,1,0,0,delivered,1.0,marketplace_retailer,marketplace_retailer,large,physical_delivery,0,0.97,1,1,110,18.0,-39.75208333333333,1,0.7139426043801921,888,0.3067357512953368,1,CONTEST,1178.86,False
DSP001821,TXN0449102,M000294,,Visa,MERCHANDISE_NOT_AS_DESCRIBED,Merchandise Not As Described,2025-11-16,750,438,216,2025-11-28,12,contested,lost,2025-12-07,6,3,3,0,0.9555833333333332,6,0,1.0,595,credit_card,1,7095.0,0,70.0,0.2695979571063505,passed,1,1,0,0,delivered,1.0,marketplace_retailer,marketplace_retailer,large,physical_delivery,0,0.97,1,1,110,12.0,95.23125,0,0.7042583938538781,654,0.872,0,ACCEPT,-125.81,False
DSP001822,TXN0450081,M000294,CUS0160588,Mastercard,DUPLICATE_TRANSACTION,Duplicate Transaction,2025-02-26,845,532,241,2025-03-13,15,contested,won,2025-03-27,4,2,1,1,0.6533333333333333,4,2,0.5,6199,debit_card,1,549.0,0,206.0,0.117028381537354,passed,1,3,0,0,delivered,1.0,marketplace_retailer,marketplace_retailer,large,physical_delivery,0,0.97,1,1,110,15.0,-294.4236111111111,1,0.6836701585597585,773,0.914792899408284,0,ACCEPT,-195.3,False
DSP001823,TXN0457846,M000295,,Mastercard,MERCHANDISE_NOT_RECEIVED,Merchandise Not Received,2025-03-06,11295,459,261,2025-03-23,17,contested,won,2025-04-20,6,4,4,0,0.9763833333333332,6,0,1.0,8799,debit_card,0,0.0,0,,0.4557101210132205,passed,1,1,0,0,delivered,1.0,marketplace_retailer,marketplace_retailer,large,physical_delivery,0,0.97,1,1,23,17.0,-259.5097222222222,1,0.8756410951477365,720,0.06374501992031872,1,CONTEST,9170.37,True
DSP001824,TXN0454470,M000295,,Visa,MERCHANDISE_NOT_AS_DESCRIBED,Merchandise Not As Described,2025-03-30,4950,487,229,2025-04-10,11,contested,won,2025-05-07,6,3,3,0,0.9335333333333334,6,0,1.0,699,credit_card,0,0.0,0,,0.1595662266902028,passed,1,1,0,0,delivered,1.0,marketplace_retailer,marketplace_retailer,large,physical_delivery,0,0.97,1,1,23,11.0,-61.70555555555556,1,0.8048878483944897,716,0.14464646464646463,1,CONTEST,3268.19,False
DSP001825,TXN0457499,M000295,CUS0163692,Visa,UNAUTHORIZED_TRANSACTION,Unauthorized Transaction,2025-06-02,24999,468,220,2025-06-20,18,contested,lost,2025-07-08,6,4,4,0,0.9715166666666668,6,0,1.0,2099,upi,1,3695.0,0,140.0,0.223902547663446,not_applicable,1,1,0,0,delivered,1.0,marketplace_retailer,marketplace_retailer,large,physical_delivery,0,0.97,1,1,23,18.0,-136.4013888888889,0,0.4364429188914315,688,0.027521100844033763,1,CONTEST,10222.64,False
DSP001826,TXN0459345,M000295,,Visa,UNAUTHORIZED_TRANSACTION,Unauthorized Transaction,2025-07-29,2500,505,170,2025-08-11,13,contested,won,2025-08-17,6,4,4,0,0.9173333333333332,6,0,1.0,699,debit_card,0,0.0,0,,0.1723312714374354,not_applicable,1,1,0,0,delivered,1.0,marketplace_retailer,marketplace_retailer,large,physical_delivery,0,0.97,1,1,23,13.0,188.84027777777777,1,0.5323942208462332,675,0.27,1,CONTEST,655.99,False
DSP001828,TXN0454302,M000295,CUS0162966,Visa,MERCHANDISE_NOT_RECEIVED,Merchandise Not Received,2025-02-03,700,421,248,2025-02-13,10,contested,won,2025-02-26,6,4,4,0,0.98,6,0,1.0,13595,upi,0,0.0,0,,0.4778236159403972,not_applicable,1,1,0,0,delivered,0.0,marketplace_retailer,marketplace_retailer,large,physical_delivery,0,0.97,1,1,23,10.0,-169.0875,1,0.9382683982683983,669,0.9557142857142857,0,ACCEPT,-12.21,False
DSP001830,TXN0452875,M000295,CUS0162358,Visa,DUPLICATE_TRANSACTION,Duplicate Transaction,2025-12-28,150,482,260,2026-01-08,11,contested,won,2026-01-24,6,2,2,0,0.95305,6,0,1.0,1095,debit_card,3,3843.0,0,78.0,0.2732822127908005,passed,0,1,0,0,delivered,0.0,marketplace_retailer,marketplace_retailer,large,physical_delivery,0,0.97,1,1,23,11.0,57.725,1,0.9382683982683983,742,1.0,0,ACCEPT,-601.26,False
DSP001832,TXN0453815,M000295,CUS0162098,Visa,UNAUTHORIZED_TRANSACTION,Unauthorized Transaction,2026-01-24,700,525,157,2026-02-09,16,contested,won,2026-03-01,6,4,4,0,0.9171666666666668,6,0,1.0,949,credit_card,1,1099.0,0,96.0,0.3677948716623523,passed,1,2,0,0,delivered,1.0,marketplace_retailer,marketplace_retailer,large,physical_delivery,0,0.97,1,1,23,16.0,172.15555555555557,1,0.7208088260084096,682,0.9742857142857143,0,ACCEPT,-177.43,False
DSP001833,TXN0458885,M000295,,Visa,MERCHANDISE_NOT_RECEIVED,Merchandise Not Received,2025-07-26,3545,444,288,2025-08-11,16,contested,lost,2025-09-07,5,4,3,1,0.8166666666666668,5,1,0.75,4845,upi,0,0.0,0,,0.6934347251250461,not_applicable,1,1,0,0,delivered,1.0,marketplace_retailer,marketplace_retailer,large,physical_delivery,0,0.97,1,1,23,16.0,80.74027777777778,0,0.5550865285385409,732,0.2064880112834979,1,CONTEST,1235.78,False
DSP001834,TXN0456740,M000295,,Mastercard,MERCHANDISE_NOT_RECEIVED,Merchandise Not Received,2025-10-14,1349,447,220,2025-10-29,15,contested,won,2025-10-31,5,4,4,0,0.8021333333333334,5,1,1.0,2549,upi,0,0.0,0,,0.3419036664308069,not_applicable,1,1,1,0,delivered,1.0,marketplace_retailer,marketplace_retailer,large,physical_delivery,0,0.97,1,1,23,15.0,91.39930555555556,1,0.9347389865036924,667,0.49444032616753153,1,CONTEST,593.96,False
DSP001835,TXN0452060,M000295,CUS0161373,RuPay,MERCHANDISE_NOT_AS_DESCRIBED,Merchandise Not As Described,2025-10-19,895,487,208,2025-10-29,10,contested,won,2025-11-14,6,3,3,0,0.97095,6,0,1.0,2199,credit_card,2,5298.0,0,116.0,0.152576141675059,passed,1,1,0,0,rto,0.0,marketplace_retailer,marketplace_retailer,large,physical_delivery,0,0.97,1,1,23,10.0,45.076388888888886,1,0.8234389051808406,695,0.776536312849162,1,CONTEST,41.98,True
DSP001836,TXN0452374,M000295,CUS0162146,Visa,UNAUTHORIZED_TRANSACTION,Unauthorized Transaction,2025-10-29,649,532,235,2025-11-08,10,contested,won,2025-11-25,5,4,4,0,0.7874,5,1,1.0,1949,debit_card,0,0.0,0,,0.5261767438875122,failed,1,3,0,0,delivered,1.0,marketplace_retailer,marketplace_retailer,large,physical_delivery,0,0.97,1,1,23,10.0,-9.6375,1,0.6735705807182453,767,1.0,0,ACCEPT,-329.85,False
DSP001837,TXN0458709,M000295,CUS0162344,Visa,MERCHANDISE_NOT_AS_DESCRIBED,Merchandise Not As Described,2025-02-20,3750,678,172,2025-03-08,16,contested,won,2025-03-12,6,3,3,0,0.98,6,0,1.0,5195,upi,0,0.0,0,,0.1612506411050547,not_applicable,1,2,0,0,delivered,0.0,marketplace_retailer,marketplace_retailer,large,physical_delivery,0,0.97,1,1,23,16.0,-103.2875,1,0.7784172601591957,850,0.22666666666666666,1,CONTEST,2069.06,True
DSP001838,TXN0457714,M000295,,RuPay,MERCHANDISE_NOT_AS_DESCRIBED,Merchandise Not As Described,2025-04-30,3800,693,184,2025-05-08,8,contested,won,2025-06-03,6,3,3,0,0.9541,6,0,1.0,3745,credit_card,0,0.0,0,,0.2621758116591963,passed,1,1,0,0,delivered,1.0,marketplace_retailer,marketplace_retailer,large,physical_delivery,0,0.97,1,1,23,8.0,-142.10625,1,0.7289218091970049,877,0.23078947368421052,1,CONTEST,1892.9,False
DSP001839,TXN0460911,M000296,,Visa,MERCHANDISE_NOT_AS_DESCRIBED,Merchandise Not As Described,2025-09-27,1000,495,231,2025-10-08,11,contested,won,2025-10-18,5,3,2,1,0.8166666666666668,5,1,0.6666666666666666,849,debit_card,0,0.0,0,,0.2847227820949629,passed,1,3,0,0,delivered,1.0,marketplace_retailer,marketplace_retailer,large,physical_delivery,0,0.9334896227098648,1,1,87,11.0,264.5,1,0.6907968553923378,726,0.726,0,ACCEPT,-35.2,False
DSP001840,TXN0463080,M000296,,Visa,MERCHANDISE_NOT_AS_DESCRIBED,Merchandise Not As Described,2026-02-13,999,582,163,2026-03-01,16,contested,lost,2026-03-26,6,3,3,0,0.9662666666666668,6,0,1.0,1149,upi,1,5595.0,0,196.0,0.4205955765482247,not_applicable,1,1,0,0,delivered,1.0,marketplace_retailer,marketplace_retailer,large,physical_delivery,0,0.9334896227098648,1,1,87,16.0,157.55902777777777,0,0.7047881709821188,745,0.7457457457457457,0,ACCEPT,-40.92,True
DSP001841,TXN0466404,M000296,CUS0164375,Mastercard,MERCHANDISE_NOT_RECEIVED,Merchandise Not Received,2025-09-12,1700,611,282,2025-09-28,16,contested,lost,2025-10-05,4,4,2,2,0.6418499999999999,4,2,0.5,3049,credit_card,0,0.0,0,,0.426131255251124,passed,1,1,0,0,delivered,0.0,marketplace_retailer,marketplace_retailer,large,physical_delivery,0,0.9334896227098648,1,1,87,16.0,179.59930555555556,0,0.36805908050759306,893,0.5252941176470588,0,ACCEPT,-267.3,True
DSP001842,TXN0461847,M000296,CUS0166437,Visa,MERCHANDISE_NOT_RECEIVED,Merchandise Not Received,2025-06-07,5099,555,212,2025-06-20,13,contested,won,2025-07-13,5,4,4,0,0.7749166666666666,5,1,1.0,405,debit_card,0,0.0,0,,0.0428433040653041,passed,1,4,0,0,delivered,1.0,marketplace_retailer,marketplace_retailer,large,physical_delivery,0,0.9334896227098648,1,1,87,13.0,83.00138888888888,1,0.8756410951477365,767,0.15042165130417728,1,CONTEST,3697.89,False
DSP001843,TXN0465718,M000296,,Visa,MERCHANDISE_NOT_AS_DESCRIBED,Merchandise Not As Described,2025-05-02,4049,411,234,2025-05-17,15,contested,won,2025-05-29,6,3,3,0,0.9271,6,0,1.0,4399,credit_card,1,2299.0,0,169.0,0.2086936769175093,passed,1,1,0,0,delivered,1.0,marketplace_retailer,marketplace_retailer,large,physical_delivery,0,0.9334896227098648,1,1,87,15.0,-59.20625,1,0.7139426043801921,645,0.15929859224499876,1,CONTEST,2245.75,True
DSP001845,TXN0466613,M000296,,Visa,MERCHANDISE_NOT_RECEIVED,Merchandise Not Received,2025-07-04,650,688,215,2025-07-23,19,contested,won,2025-07-26,6,4,4,0,0.9714,6,0,1.0,375,credit_card,1,399.0,0,276.0,0.5623705864683453,passed,1,2,0,0,delivered,1.0,marketplace_retailer,marketplace_retailer,large,physical_delivery,0,0.9334896227098648,1,1,87,19.0,-93.08680555555556,1,0.9564502164502166,903,1.0,0,ACCEPT,-281.31,True
DSP001846,TXN0464872,M000296,CUS0165515,Mastercard,UNAUTHORIZED_TRANSACTION,Unauthorized Transaction,2025-01-30,4245,559,151,2025-02-19,20,contested,lost,2025-02-23,6,4,4,0,0.9555666666666666,6,0,1.0,1749,debit_card,0,0.0,0,,0.2346650118164832,passed,1,1,0,0,delivered,1.0,marketplace_retailer,marketplace_retailer,large,physical_delivery,0,0.9334896227098648,1,1,87,20.0,-171.55555555555554,0,0.3892206966692092,710,0.16725559481743227,1,CONTEST,942.24,False
DSP001847,TXN0466917,M000296,CUS0165066,RuPay,MERCHANDISE_NOT_AS_DESCRIBED,Merchandise Not As Described,2025-06-21,849,490,235,2025-07-05,14,contested,lost,2025-07-23,5,3,2,1,0.7525166666666667,5,1,0.6666666666666666,1149,debit_card,2,3548.0,0,8.0,0.1836024804351985,failed,1,2,0,0,delivered,1.0,marketplace_retailer,marketplace_retailer,large,physical_delivery,0,0.9334896227098648,1,1,87,14.0,-142.21805555555557,0,0.5323087507607631,725,0.8539458186101295,0,ACCEPT,-273.07,False
DSP001848,TXN0465768,M000296,CUS0166437,RuPay,MERCHANDISE_NOT_AS_DESCRIBED,Merchandise Not As Described,2025-04-11,1450,663,232,2025-04-26,15,contested,lost,2025-04-26,6,3,3,0,0.98,6,0,1.0,15399,debit_card,0,0.0,0,,0.1883641584365817,failed,1,1,0,0,delivered,1.0,marketplace_retailer,marketplace_retailer,large,physical_delivery,0,0.9334896227098648,1,1,87,15.0,-89.81111111111112,0,0.7047881709821188,895,0.6172413793103448,1,CONTEST,126.94,False
DSP001849,TXN0460015,M000296,,RuPay,MERCHANDISE_NOT_RECEIVED,Merchandise Not Received,2025-06-21,795,622,297,2025-07-10,19,contested,won,2025-07-31,6,4,4,0,0.94835,6,0,1.0,5099,debit_card,0,0.0,0,,0.416679687762944,passed,1,1,0,0,delivered,1.0,marketplace_retailer,marketplace_retailer,large,physical_delivery,0,0.9334896227098648,1,1,87,19.0,-47.93888888888889,1,0.954148347272746,919,1.0,0,ACCEPT,-160.45,False
DSP001850,TXN0463500,M000296,CUS0165627,RuPay,MERCHANDISE_NOT_RECEIVED,Merchandise Not Received,2025-10-30,2150,584,195,2025-11-18,19,contested,won,2025-11-23,5,4,3,1,0.7502,5,1,0.75,6299,upi,1,945.0,0,29.0,0.3494545233620553,not_applicable,1,1,0,0,delivered,1.0,marketplace_retailer,marketplace_retailer,large,physical_delivery,0,0.9334896227098648,1,1,87,19.0,117.98402777777778,1,0.6276015037593985,779,0.3623255813953488,1,CONTEST,570.34,True
DSP001852,TXN0460098,M000296,,Visa,MERCHANDISE_NOT_AS_DESCRIBED,Merchandise Not As Described,2025-07-12,1045,565,183,2025-07-23,11,contested,won,2025-08-02,5,3,2,1,0.8115333333333333,5,1,0.6666666666666666,2049,credit_card,3,3247.0,0,45.0,0.1036759753887864,passed,0,1,0,0,delivered,1.0,marketplace_retailer,marketplace_retailer,large,physical_delivery,0,0.9334896227098648,1,1,87,11.0,-153.12777777777777,1,0.6922792148481232,748,0.7157894736842105,0,ACCEPT,-24.57,False
DSP001855,TXN0460500,M000296,,Visa,DUPLICATE_TRANSACTION,Duplicate Transaction,2025-10-20,7895,472,165,2025-11-01,12,contested,won,2025-11-05,6,2,2,0,0.94325,6,0,1.0,339,upi,0,0.0,0,,0.2152035287683402,not_applicable,1,1,0,0,delivered,1.0,marketplace_retailer,marketplace_retailer,large,physical_delivery,0,0.9334896227098648,1,1,87,12.0,37.40347222222222,1,0.9347389865036924,637,0.08068397720075997,1,CONTEST,6742.76,False
DSP001856,TXN0460989,M000296,CUS0166956,Visa,MERCHANDISE_NOT_RECEIVED,Merchandise Not Received,2025-12-20,7399,596,269,2025-12-28,8,contested,won,2026-01-15,6,4,4,0,0.9533,6,0,1.0,1149,credit_card,0,0.0,0,,0.4279681860999407,passed,0,1,0,0,delivered,1.0,marketplace_retailer,marketplace_retailer,large,physical_delivery,0,0.9334896227098648,1,1,87,8.0,347.96944444444443,1,0.9382683982683983,865,0.11690769022840924,1,CONTEST,6077.25,False
DSP001858,TXN0466148,M000296,CUS0166951,Visa,MERCHANDISE_NOT_RECEIVED,Merchandise Not Received,2025-08-13,2650,741,278,2025-08-24,11,contested,won,2025-09-21,6,4,4,0,0.9252666666666666,6,0,1.0,4749,wallet,1,389.0,0,241.0,0.6373886789874745,not_applicable,1,2,0,0,delivered,0.0,marketplace_retailer,marketplace_retailer,large,physical_delivery,0,0.9334896227098648,1,1,87,11.0,-50.55347222222223,1,0.9564502164502166,1019,0.38452830188679243,1,CONTEST,1515.59,False
DSP001859,TXN0460848,M000296,,Mastercard,UNAUTHORIZED_TRANSACTION,Unauthorized Transaction,2025-03-25,3445,743,201,2025-04-10,16,contested,won,2025-04-20,6,4,4,0,0.9564833333333334,6,0,1.0,1549,debit_card,0,0.0,0,,0.1725429100569784,passed,1,1,0,0,in_transit,0.0,marketplace_retailer,marketplace_retailer,large,physical_delivery,0,0.9334896227098648,1,1,87,16.0,-109.58819444444444,1,0.43995169082125607,944,0.27402031930333814,1,CONTEST,571.63,True
DSP001861,TXN0463142,M000296,CUS0164937,Mastercard,UNAUTHORIZED_TRANSACTION,Unauthorized Transaction,2025-08-14,2645,750,296,2025-08-27,13,contested,lost,2025-09-17,5,4,3,1,0.8089166666666667,5,1,0.75,695,wallet,2,3748.0,0,64.0,0.1757208574283851,not_applicable,1,1,0,0,delivered,1.0,marketplace_retailer,marketplace_retailer,large,physical_delivery,0,0.9334896227098648,1,1,87,13.0,-9.123611111111112,0,0.37884057971014495,1046,0.3954631379962193,0,ACCEPT,-43.97,True
DSP001862,TXN0464344,M000296,,Visa,MERCHANDISE_NOT_AS_DESCRIBED,Merchandise Not As Described,2025-09-06,950,464,280,2025-09-23,17,contested,lost,2025-10-20,6,3,3,0,0.9444666666666668,6,0,1.0,595,upi,0,0.0,0,,0.0644959593099268,not_applicable,1,1,0,0,delivered,0.0,marketplace_retailer,marketplace_retailer,large,physical_delivery,0,0.9334896227098648,1,1,87,17.0,220.11805555555557,0,0.6996197777982084,744,0.783157894736842,0,ACCEPT,-79.36,False
DSP001863,TXN0459919,M000296,CUS0166231,Mastercard,UNAUTHORIZED_TRANSACTION,Unauthorized Transaction,2026-01-28,1349,465,234,2026-02-17,20,contested,won,2026-02-14,6,4,4,0,0.9277666666666669,6,0,1.0,2349,upi,0,0.0,0,,0.0348209635109815,not_applicable,0,1,0,0,delivered,0.0,marketplace_retailer,marketplace_retailer,large,physical_delivery,0,0.9334896227098648,1,1,87,20.0,329.97777777777776,1,0.5323942208462332,699,0.5181616011860638,1,CONTEST,19.2,False
DSP001864,TXN0460813,M000296,,Visa,MERCHANDISE_NOT_AS_DESCRIBED,Merchandise Not As Described,2025-03-03,950,441,193,2025-03-15,12,contested,won,2025-03-21,5,3,3,0,0.8064666666666667,5,1,1.0,1245,credit_card,0,0.0,0,,0.426014136447466,passed,1,3,0,0,delivered,1.0,marketplace_retailer,marketplace_retailer,large,physical_delivery,0,0.9334896227098648,1,1,87,12.0,-109.00972222222222,1,0.8048878483944897,634,0.6673684210526316,1,CONTEST,130.64,False
DSP001865,TXN0466727,M000296,,Mastercard,MERCHANDISE_NOT_AS_DESCRIBED,Merchandise Not As Described,2025-02-08,3300,465,164,2025-02-19,11,contested,won,2025-03-01,6,3,3,0,0.9467166666666668,6,0,1.0,4749,credit_card,0,0.0,0,,0.445646139981728,passed,1,2,0,0,delivered,0.0,marketplace_retailer,marketplace_retailer,large,physical_delivery,0,0.9334896227098648,1,1,87,11.0,-284.1736111111111,1,0.8574592769659184,629,0.1906060606060606,1,CONTEST,2200.62,False
DSP001866,TXN0463107,M000296,CUS0166656,Visa,MERCHANDISE_NOT_RECEIVED,Merchandise Not Received,2025-12-17,1100,619,150,2026-01-01,15,contested,won,2026-01-24,6,4,4,0,0.9781666666666666,6,0,1.0,695,credit_card,1,2699.0,0,105.0,0.5613267623988343,passed,0,2,0,0,delivered,1.0,marketplace_retailer,marketplace_retailer,large,physical_delivery,0,0.9334896227098648,1,1,87,15.0,58.99166666666667,1,0.9564502164502166,769,0.6990909090909091,1,CONTEST,283.1,False
DSP001867,TXN0460759,M000296,CUS0165389,Visa,UNAUTHORIZED_TRANSACTION,Unauthorized Transaction,2025-11-20,260,412,191,2025-12-09,19,contested,lost,2025-12-14,6,4,4,0,0.98,6,0,1.0,2649,upi,0,0.0,0,,0.1248477390075715,not_applicable,0,1,1,0,rto,0.0,marketplace_retailer,marketplace_retailer,large,physical_delivery,0,0.9334896227098648,1,1,87,19.0,262.1076388888889,0,0.5323942208462332,603,1.0,0,ACCEPT,-464.58,False
DSP001868,TXN0463158,M000296,CUS0165202,RuPay,MERCHANDISE_NOT_RECEIVED,Merchandise Not Received,2025-07-22,1845,653,231,2025-08-06,15,contested,won,2025-08-22,6,4,4,0,0.97835,6,0,1.0,5395,upi,0,0.0,0,,0.3677282110379871,not_applicable,1,1,0,0,delivered,1.0,marketplace_retailer,marketplace_retailer,large,physical_delivery,0,0.9334896227098648,1,1,87,15.0,-63.636805555555554,1,0.9347389865036924,884,0.47913279132791325,1,CONTEST,840.59,True
DSP001869,TXN0469628,M000297,,Visa,MERCHANDISE_NOT_AS_DESCRIBED,Merchandise Not As Described,2025-01-21,1300,479,176,2025-02-01,11,contested,lost,2025-03-06,4,3,2,1,0.6424500000000001,4,2,0.6666666666666666,1599,debit_card,0,0.0,0,,0.1069204358669175,passed,1,1,0,0,delivered,0.0,d2c_brand,d2c_brand,large,physical_delivery,0,0.7126234341407742,1,1,117,11.0,-313.26944444444445,0,0.28961752206603464,655,0.5038461538461538,0,ACCEPT,-278.5,False
DSP001870,TXN0468623,M000297,CUS0167248,Visa,MERCHANDISE_NOT_RECEIVED,Merchandise Not Received,2025-03-21,439,425,289,2025-04-10,20,contested,won,2025-04-20,4,4,3,1,0.6002833333333334,4,2,0.75,3399,credit_card,1,2645.0,0,42.0,0.1361655645617272,passed,1,1,0,0,delivered,1.0,d2c_brand,d2c_brand,large,physical_delivery,0,0.7126234341407742,1,1,117,20.0,-196.6868055555556,1,0.5457275541795665,714,1.0,0,ACCEPT,-474.43,False
DSP001871,TXN0470289,M000297,,RuPay,MERCHANDISE_NOT_RECEIVED,Merchandise Not Received,2025-03-29,1995,405,215,2025-04-15,17,contested,won,2025-05-02,4,4,3,1,0.5317666666666666,4,2,0.75,1349,netbanking,0,0.0,0,,0.6078804017411379,not_applicable,1,1,0,0,delivered,1.0,d2c_brand,d2c_brand,large,physical_delivery,0,0.7126234341407742,1,1,117,17.0,-156.9923611111111,1,0.4775696594427245,620,0.3107769423558897,1,CONTEST,332.75,False
DSP001872,TXN0470384,M000297,CUS0169437,Mastercard,DUPLICATE_TRANSACTION,Duplicate Transaction,2025-08-02,4395,515,213,2025-08-19,17,contested,won,2025-09-16,5,2,2,0,0.7697166666666666,5,1,1.0,1749,debit_card,0,0.0,0,,0.4022869588209338,not_applicable,1,2,0,0,delivered,0.0,d2c_brand,d2c_brand,large,physical_delivery,0,0.7126234341407742,1,1,117,17.0,166.23333333333332,1,0.8756410951477365,728,0.16564277588168372,1,CONTEST,3120.44,False
DSP001873,TXN0468657,M000297,CUS0168376,Visa,MERCHANDISE_NOT_RECEIVED,Merchandise Not Received,2025-05-26,2249,637,247,2025-06-03,8,contested,lost,2025-06-20,3,4,3,1,0.41175,3,3,0.75,745,credit_card,0,0.0,0,,0.3340033326943985,passed,0,2,0,0,delivered,1.0,d2c_brand,d2c_brand,large,physical_delivery,0,0.7126234341407742,1,1,117,8.0,-13.411805555555556,0,0.24360248447204969,884,0.3930635838150289,0,ACCEPT,-336.14,False
DSP001874,TXN0468292,M000297,,Visa,MERCHANDISE_NOT_AS_DESCRIBED,Merchandise Not As Described,2025-12-10,800,681,293,2025-12-28,18,contested,lost,2026-01-15,5,3,3,0,0.6399,5,1,1.0,5199,upi,0,0.0,0,,0.2693941326073406,not_applicable,1,1,0,0,delivered,1.0,d2c_brand,d2c_brand,large,physical_delivery,0,0.7126234341407742,1,1,117,18.0,205.56527777777777,0,0.5777275541795666,974,1.0,0,ACCEPT,-511.82,False
DSP001875,TXN0470642,M000297,CUS0169013,Visa,MERCHANDISE_NOT_AS_DESCRIBED,Merchandise Not As Described,2025-08-25,2900,697,257,2025-09-09,15,contested,lost,2025-09-21,5,3,2,1,0.7730666666666667,5,1,0.6666666666666666,1449,credit_card,0,0.0,0,,0.3868918002322166,passed,1,1,1,0,delivered,1.0,d2c_brand,d2c_brand,large,physical_delivery,0,0.7126234341407742,1,1,117,15.0,121.29375,0,0.45926900584795327,954,0.3289655172413793,1,CONTEST,377.88,False
DSP001876,TXN0473378,M000297,CUS0169485,RuPay,MERCHANDISE_NOT_AS_DESCRIBED,Merchandise Not As Described,2025-04-07,1199,555,244,2025-04-26,19,contested,lost,2025-05-04,3,3,1,2,0.4665666666666666,3,3,0.3333333333333333,645,credit_card,5,11991.0,0,49.0,0.2920156504341984,passed,1,1,0,0,delivered,0.0,d2c_brand,d2c_brand,large,physical_delivery,0,0.7126234341407742,1,1,117,19.0,-247.9875,0,0.049483725343492685,799,0.6663886572143453,0,ACCEPT,-739.67,False
DSP001879,TXN0468581,M000297,CUS0169525,Visa,MERCHANDISE_NOT_RECEIVED,Merchandise Not Received,2025-05-24,995,485,202,2025-06-02,9,contested,lost,2025-06-22,4,4,2,2,0.5442166666666667,4,2,0.5,1799,upi,1,3249.0,0,84.0,0.3053985847862092,not_applicable,1,1,0,0,delivered,1.0,d2c_brand,d2c_brand,large,physical_delivery,0,0.7126234341407742,1,1,117,9.0,51.45208333333333,0,0.17670995670995668,687,0.6904522613065327,0,ACCEPT,-511.17,False
DSP001880,TXN0475485,M000297,CUS0168079,RuPay,DUPLICATE_TRANSACTION,Duplicate Transaction,2026-01-20,1699,602,276,2026-02-09,20,contested,won,2026-02-19,6,2,2,0,0.8113166666666666,6,0,1.0,1249,upi,1,649.0,0,67.0,0.1602105625994862,not_applicable,1,1,0,0,delivered,1.0,d2c_brand,d2c_brand,large,physical_delivery,0,0.7126234341407742,1,1,117,20.0,94.12847222222224,1,0.9206627401693815,878,0.516774573278399,1,CONTEST,686.21,False
DSP001881,TXN0472127,M000297,,Mastercard,MERCHANDISE_NOT_RECEIVED,Merchandise Not Received,2025-08-16,2049,591,288,2025-09-05,20,contested,won,2025-08-31,6,4,4,0,0.8865833333333333,6,0,1.0,549,debit_card,0,0.0,0,,0.2552971751359417,passed,0,1,0,1,delivered,1.0,d2c_brand,d2c_brand,large,physical_delivery,0,0.7126234341407742,1,1,117,20.0,73.38472222222222,1,0.8756410951477365,879,0.4289897510980966,1,CONTEST,915.19,False
DSP001882,TXN0475405,M000297,CUS0168290,Visa,UNAUTHORIZED_TRANSACTION,Unauthorized Transaction,2025-11-30,499,645,223,2025-12-14,14,contested,won,2025-12-15,6,4,4,0,0.9409833333333334,6,0,1.0,699,debit_card,0,0.0,0,,0.3813246715918678,passed,1,1,0,0,delivered,0.0,d2c_brand,d2c_brand,large,physical_delivery,0,0.7126234341407742,1,1,117,14.0,200.975,1,0.6272474663683304,868,1.0,0,ACCEPT,-555.0,False
DSP001888,TXN0475237,M000297,CUS0169756,RuPay,MERCHANDISE_NOT_AS_DESCRIBED,Merchandise Not As Described,2025-10-23,2000,508,183,2025-11-10,18,contested,lost,2025-11-13,4,3,2,1,0.5702333333333334,4,2,0.6666666666666666,365,upi,0,0.0,0,,0.2725946565632408,not_applicable,0,1,1,0,delivered,1.0,d2c_brand,d2c_brand,large,physical_delivery,0,0.7126234341407742,1,1,117,18.0,239.45833333333331,0,0.3015678524374177,691,0.3455,0,ACCEPT,-87.86,False
DSP001889,TXN0471381,M000297,,Mastercard,MERCHANDISE_NOT_RECEIVED,Merchandise Not Received,2025-06-08,3750,729,230,2025-06-25,17,contested,lost,2025-07-07,4,4,3,1,0.6207833333333334,4,2,0.75,1599,debit_card,0,0.0,0,,0.3726328935620955,passed,1,1,0,1,delivered,1.0,d2c_brand,d2c_brand,large,physical_delivery,0,0.7126234341407742,1,1,117,17.0,-77.5625,0,0.4481578947368421,959,0.2557333333333333,1,CONTEST,721.59,False
DSP001890,TXN0470718,M000297,CUS0169843,Visa,MERCHANDISE_NOT_RECEIVED,Merchandise Not Received,2026-03-02,3350,702,243,2026-03-22,20,contested,won,2026-04-06,5,4,3,1,0.6750333333333334,5,1,0.75,2549,debit_card,0,0.0,0,,0.362815129954483,passed,0,1,0,0,delivered,0.0,d2c_brand,d2c_brand,large,physical_delivery,0,0.7126234341407742,1,1,117,20.0,79.46875,1,0.6070132684652808,945,0.282089552238806,1,CONTEST,1088.49,False
DSP001891,TXN0473147,M000297,,Mastercard,DUPLICATE_TRANSACTION,Duplicate Transaction,2025-11-21,700,686,158,2025-11-30,9,contested,won,2025-12-07,3,2,0,2,0.4299833333333334,3,3,0.0,369,debit_card,0,0.0,0,,0.0701993194095217,passed,1,1,0,0,delivered,1.0,d2c_brand,d2c_brand,large,physical_delivery,0,0.7126234341407742,1,1,117,9.0,112.02986111111112,1,0.28760118693665665,844,1.0,0,ACCEPT,-642.68,False
DSP001892,TXN0468048,M000297,CUS0169611,Visa,MERCHANDISE_NOT_RECEIVED,Merchandise Not Received,2025-11-20,1250,537,166,2025-12-03,13,contested,won,2025-12-20,6,4,4,0,0.9306333333333332,6,0,1.0,2895,upi,3,7993.0,0,68.0,0.1913395615660219,not_applicable,1,2,0,0,in_transit,0.0,d2c_brand,d2c_brand,large,physical_delivery,0,0.7126234341407742,1,1,117,13.0,142.3625,1,0.9382683982683983,703,0.5624,1,CONTEST,469.84,False
DSP001893,TXN0483065,M000298,CUS0172510,Visa,CREDIT_NOT_PROCESSED,Credit Not Processed,2025-07-17,4899,743,178,2025-07-28,11,contested,lost,2025-08-23,4,4,3,1,0.5941500000000001,4,2,0.75,13199,credit_card,0,0.0,0,,0.3807869656406084,passed,1,3,0,0,,,travel_booking,travel_booking,large,booking_service,0,0.5772094603680791,0,1,28,11.0,23.566666666666663,0,0.265853566723132,921,0.1879975505205144,1,CONTEST,381.42,False
DSP001894,TXN0476442,M000298,CUS0171931,Mastercard,SERVICE_NOT_RENDERED,Service Not Rendered,2025-03-27,3045,508,180,2025-04-14,18,contested,lost,2025-04-30,4,3,2,1,0.52515,4,2,0.6666666666666666,5099,credit_card,0,0.0,0,,0.0658741208170504,passed,1,1,0,1,,,travel_booking,travel_booking,large,booking_service,0,0.5772094603680791,0,1,28,18.0,-95.11597222222224,0,0.2593824731592226,688,0.225944170771757,1,CONTEST,101.82,False
DSP001895,TXN0479983,M000298,CUS0171192,Visa,MERCHANDISE_NOT_AS_DESCRIBED,Merchandise Not As Described,2025-04-24,4099,465,175,2025-05-10,16,contested,lost,2025-05-25,4,3,1,2,0.6324333333333333,4,2,0.3333333333333333,5499,credit_card,0,0.0,0,,0.2171077523848352,passed,1,1,1,1,,,travel_booking,travel_booking,large,booking_service,0,0.5772094603680791,0,1,28,16.0,70.15555555555555,0,0.05578747628083491,640,0.156135642839717,0,ACCEPT,-411.33,False
DSP001896,TXN0480291,M000298,,RuPay,CREDIT_NOT_PROCESSED,Credit Not Processed,2025-03-03,5595,455,246,2025-03-16,13,contested,lost,2025-04-16,3,4,2,2,0.4545833333333333,3,3,0.5,8495,wallet,3,33897.0,0,32.0,0.1089635667254556,not_applicable,1,1,0,0,,,travel_booking,travel_booking,large,booking_service,0,0.5772094603680791,0,1,28,13.0,-298.0131944444444,0,0.03225806451612903,701,0.12529043789097408,0,ACCEPT,-520.52,False
DSP001897,TXN0476475,M000298,CUS0170361,RuPay,MERCHANDISE_NOT_AS_DESCRIBED,Merchandise Not As Described,2025-10-16,9299,692,245,2025-10-30,14,contested,lost,2025-11-29,5,3,2,1,0.6739833333333333,5,1,0.6666666666666666,3295,debit_card,1,7799.0,0,66.0,0.371222091296122,failed,1,1,0,0,,,travel_booking,travel_booking,large,booking_service,0,0.5772094603680791,0,1,28,14.0,134.82638888888889,0,0.2477922077922078,937,0.10076352295945801,1,CONTEST,1367.22,False
DSP001898,TXN0481314,M000298,,RuPay,CREDIT_NOT_PROCESSED,Credit Not Processed,2026-01-06,7099,536,261,2026-01-24,18,contested,lost,2026-01-20,3,4,1,3,0.3777833333333333,3,3,0.25,13499,upi,0,0.0,0,,0.3274564191169922,not_applicable,1,1,0,0,,,travel_booking,travel_booking,large,booking_service,0,0.5772094603680791,0,1,28,18.0,173.5986111111111,0,0.0,797,0.1122693337089731,0,ACCEPT,-797.0,False
DSP001899,TXN0477362,M000298,CUS0171478,RuPay,DUPLICATE_TRANSACTION,Duplicate Transaction,2026-02-20,7099,430,206,2026-03-06,14,contested,lost,2026-03-12,4,2,1,1,0.5591666666666667,4,2,0.5,30999,credit_card,0,0.0,0,,0.1900748319673988,passed,1,1,0,1,,,travel_booking,travel_booking,large,booking_service,0,0.5772094603680791,0,1,28,14.0,288.22777777777776,0,0.2826032208906918,636,0.08959008311029723,1,CONTEST,1370.2,False
DSP001901,TXN0480347,M000298,CUS0172237,Visa,SERVICE_NOT_RENDERED,Service Not Rendered,2025-03-26,10695,675,186,2025-04-13,18,contested,lost,2025-04-28,5,3,3,0,0.6644666666666666,5,1,1.0,3599,credit_card,1,5799.0,0,49.0,0.3450223397927622,passed,0,1,0,0,,,travel_booking,travel_booking,large,booking_service,0,0.5772094603680791,0,1,28,18.0,29.977777777777774,0,0.5153006535947713,861,0.08050490883590462,1,CONTEST,4650.14,True
DSP001902,TXN0483523,M000298,CUS0171614,Visa,UNAUTHORIZED_TRANSACTION,Unauthorized Transaction,2025-12-28,12000,714,171,2026-01-15,18,contested,lost,2026-01-27,4,3,2,1,0.5268833333333333,4,2,0.6666666666666666,13099,upi,2,16494.0,0,3.0,0.0317732345081714,not_applicable,1,1,0,0,,,travel_booking,travel_booking,large,booking_service,0,0.5772094603680791,0,1,28,18.0,83.59513888888888,0,0.07007319056654919,885,0.07375,0,ACCEPT,-44.12,False
DSP001904,TXN0481546,M000298,,Mastercard,UNAUTHORIZED_TRANSACTION,Unauthorized Transaction,2025-11-06,2699,547,288,2025-11-13,7,contested,lost,2025-11-22,6,3,3,0,0.8243999999999999,6,0,1.0,5595,credit_card,0,0.0,0,,0.5915535761003933,passed,1,1,0,0,,,travel_booking,travel_booking,large,booking_service,0,0.5772094603680791,0,1,28,7.0,232.03472222222223,0,0.43927387389703815,835,0.30937384216376435,1,CONTEST,350.6,True
DSP001905,TXN0478833,M000298,,Visa,UNAUTHORIZED_TRANSACTION,Unauthorized Transaction,2025-05-14,3495,507,281,2025-06-02,19,contested,lost,2025-06-07,4,3,1,2,0.5983666666666667,4,2,0.3333333333333333,10499,credit_card,2,15898.0,0,8.0,0.448597063418941,failed,1,1,0,0,,,travel_booking,travel_booking,large,booking_service,0,0.5772094603680791,0,1,28,19.0,30.2625,0,0.05578747628083491,788,0.22546494992846924,0,ACCEPT,-593.02,False
DSP001906,TXN0481890,M000298,CUS0170431,Mastercard,SERVICE_NOT_RENDERED,Service Not Rendered,2026-01-27,4849,530,159,2026-02-15,19,contested,lost,2026-02-18,4,3,2,1,0.5668000000000001,4,2,0.6666666666666666,16699,credit_card,0,0.0,0,,0.3732988967778674,failed,1,3,0,0,,,travel_booking,travel_booking,large,booking_service,0,0.5772094603680791,0,1,28,19.0,301.9548611111111,0,0.3047257471742598,689,0.14209115281501342,1,CONTEST,788.62,True
DSP001908,TXN0476059,M000298,CUS0172666,Mastercard,MERCHANDISE_NOT_AS_DESCRIBED,Merchandise Not As Described,2025-08-30,6099,639,222,2025-09-20,21,contested,lost,2025-10-14,2,3,1,2,0.3167166666666667,2,4,0.3333333333333333,15699,debit_card,0,0.0,0,,0.3719864176271628,failed,1,1,0,0,,,travel_booking,travel_booking,large,booking_service,0,0.5772094603680791,0,1,28,21.0,69.29305555555555,0,0.0,861,0.1411706837186424,0,ACCEPT,-861.0,False
DSP001909,TXN0478625,M000298,CUS0170588,Mastercard,CREDIT_NOT_PROCESSED,Credit Not Processed,2025-07-14,7395,540,150,2025-07-25,11,contested,lost,2025-07-31,4,4,2,2,0.5538666666666666,4,2,0.5,15799,debit_card,2,7244.0,0,161.0,0.3318071949730258,passed,1,1,0,0,,,travel_booking,travel_booking,large,booking_service,0,0.5772094603680791,0,1,28,11.0,-121.66319444444444,0,0.05578747628083515,690,0.09330628803245436,0,ACCEPT,-277.45,False
DSP001911,TXN0491656,M000299,,Visa,CREDIT_NOT_PROCESSED,Credit Not Processed,2025-11-07,16200,529,159,2025-11-18,11,contested,lost,2025-12-11,4,4,3,1,0.5742333333333334,4,2,0.75,8299,credit_card,0,0.0,0,,0.2268864901999064,passed,1,1,0,0,,,travel_booking,travel_booking,large,booking_service,0,0.6934606081002362,0,0,87,11.0,142.7,0,0.3033113465265642,688,0.04246913580246914,1,CONTEST,4225.64,True
DSP001912,TXN0488252,M000299,CUS0175033,Visa,SERVICE_NOT_RENDERED,Service Not Rendered,2025-09-03,2400,442,197,2025-09-10,7,contested,won,2025-10-09,3,3,2,1,0.49,3,3,0.6666666666666666,5599,debit_card,0,0.0,0,,0.0452797797416881,passed,1,1,0,0,,,travel_booking,travel_booking,large,booking_service,0,0.6934606081002362,0,0,87,7.0,35.40555555555556,1,0.2277922077922078,639,0.26625,0,ACCEPT,-92.3,True
DSP001915,TXN0488675,M000299,CUS0172915,Mastercard,CREDIT_NOT_PROCESSED,Credit Not Processed,2025-02-20,4700,631,298,2025-03-06,14,contested,won,2025-03-21,5,4,3,1,0.8166666666666668,5,1,0.75,3999,debit_card,0,0.0,0,,0.1946152120176333,passed,1,2,0,0,,,travel_booking,travel_booking,large,booking_service,0,0.6934606081002362,0,0,87,14.0,-261.4583333333333,1,0.6004198618718742,929,0.1976595744680851,1,CONTEST,1892.97,False
DSP001916,TXN0487274,M000299,,Visa,UNAUTHORIZED_TRANSACTION,Unauthorized Transaction,2025-10-27,11800,477,236,2025-11-05,9,contested,lost,2025-11-15,3,3,1,2,0.3955999999999999,3,3,0.3333333333333333,3199,netbanking,0,0.0,0,,0.3325824953376116,not_applicable,1,1,0,0,,,travel_booking,travel_booking,large,booking_service,0,0.6934606081002362,0,0,87,9.0,170.54375,0,0.015384615384615385,713,0.06042372881355932,0,ACCEPT,-531.46,False
DSP001917,TXN0490570,M000299,CUS0174532,Mastercard,MERCHANDISE_NOT_AS_DESCRIBED,Merchandise Not As Described,2025-09-01,6700,596,271,2025-09-18,17,contested,lost,2025-09-23,3,3,2,1,0.4883,3,3,0.6666666666666666,3245,credit_card,1,3249.0,0,32.0,0.1112650248694956,failed,0,1,0,0,,,travel_booking,travel_booking,large,booking_service,0,0.6934606081002362,0,0,87,17.0,168.1923611111111,0,0.1928470570116533,867,0.12940298507462686,1,CONTEST,425.08,False
DSP001918,TXN0489816,M000299,,RuPay,CREDIT_NOT_PROCESSED,Credit Not Processed,2025-06-12,44499,699,244,2025-07-01,19,contested,won,2025-07-09,5,4,4,0,0.7036000000000001,5,1,1.0,18099,debit_card,2,11948.0,0,56.0,0.3311048014576724,failed,1,2,0,0,,,travel_booking,travel_booking,large,booking_service,0,0.6934606081002362,0,0,87,19.0,-110.90277777777776,1,0.7952036378681739,943,0.021191487449156162,1,CONTEST,34442.77,False
DSP001919,TXN0486255,M000299,,Visa,MERCHANDISE_NOT_AS_DESCRIBED,Merchandise Not As Described,2025-05-09,7399,673,224,2025-05-27,18,contested,lost,2025-06-21,5,3,2,1,0.7692,5,1,0.6666666666666666,26499,debit_card,1,4649.0,0,285.0,0.4242615367515137,passed,1,1,0,0,,,travel_booking,travel_booking,large,booking_service,0,0.6934606081002362,0,0,87,18.0,-163.33402777777778,0,0.3753318077803204,897,0.12123259899986484,1,CONTEST,1880.08,False
DSP001923,TXN0487105,M000299,CUS0173981,Mastercard,MERCHANDISE_NOT_AS_DESCRIBED,Merchandise Not As Described,2025-08-10,8599,722,262,2025-08-25,15,contested,lost,2025-09-04,5,3,2,1,0.6902666666666667,5,1,0.6666666666666666,5699,debit_card,1,2599.0,0,157.0,0.6202469000492462,not_applicable,1,1,0,0,,,travel_booking,travel_booking,large,booking_service,0,0.6934606081002362,0,0,87,15.0,60.62430555555556,0,0.2873447947933074,984,0.11443191068728922,1,CONTEST,1486.88,False
DSP001924,TXN0490203,M000299,CUS0173490,Mastercard,SERVICE_NOT_RENDERED,Service Not Rendered,2025-12-26,9200,690,266,2026-01-07,12,contested,won,2026-01-21,5,3,2,1,0.6775333333333333,5,1,0.6666666666666666,20499,upi,0,0.0,0,,0.4323968603646562,not_applicable,1,1,0,0,,,travel_booking,travel_booking,large,booking_service,0,0.6934606081002362,0,0,87,12.0,184.13611111111112,1,0.3927294685990338,956,0.10391304347826087,1,CONTEST,2657.11,False
DSP001925,TXN0485628,M000299,,Visa,UNAUTHORIZED_TRANSACTION,Unauthorized Transaction,2026-02-08,7300,452,237,2026-02-24,16,contested,lost,2026-03-02,4,3,1,2,0.6040166666666666,4,2,0.3333333333333333,7895,upi,1,5499.0,0,95.0,0.3536928002589977,not_applicable,1,1,0,0,,,travel_booking,travel_booking,large,booking_service,0,0.6934606081002362,0,0,87,16.0,246.3347222222222,0,0.05578747628083491,689,0.09438356164383561,0,ACCEPT,-281.75,False
DSP001926,TXN0485026,M000299,CUS0174490,RuPay,SERVICE_NOT_RENDERED,Service Not Rendered,2025-05-29,9200,723,295,2025-06-14,16,contested,won,2025-07-02,5,3,3,0,0.7126166666666666,5,1,1.0,7095,credit_card,0,0.0,0,,0.5182685950279761,passed,1,1,0,0,,,travel_booking,travel_booking,large,booking_service,0,0.6934606081002362,0,0,87,16.0,-15.944444444444445,1,0.6070132684652808,1018,0.11065217391304348,1,CONTEST,4566.52,True
DSP001927,TXN0490797,M000299,CUS0174547,Mastercard,SERVICE_NOT_RENDERED,Service Not Rendered,2025-10-18,4149,435,262,2025-11-08,21,contested,lost,2025-11-18,5,3,2,1,0.76465,5,1,0.6666666666666666,20499,debit_card,0,0.0,0,,0.3591110834538358,not_applicable,1,1,0,0,,,travel_booking,travel_booking,large,booking_service,0,0.6934606081002362,0,0,87,21.0,255.13194444444449,0,0.4761334332487627,697,0.16799228729814414,1,CONTEST,1278.48,True
DSP001928,TXN0485715,M000299,CUS0174679,Mastercard,MERCHANDISE_NOT_AS_DESCRIBED,Merchandise Not As Described,2025-07-22,8395,651,290,2025-08-12,21,contested,lost,2025-09-04,5,3,2,1,0.7134666666666667,5,1,0.6666666666666666,2795,debit_card,1,3899.0,0,20.0,0.2808621711834883,failed,1,4,0,0,,,travel_booking,travel_booking,large,booking_service,0,0.6934606081002362,0,0,87,21.0,111.24097222222224,0,0.2715345181134655,941,0.11209053007742704,1,CONTEST,1338.53,False
DSP001929,TXN0490655,M000299,CUS0175118,Visa,SERVICE_NOT_RENDERED,Service Not Rendered,2026-01-28,5100,629,215,2026-02-16,19,contested,won,2026-03-13,4,3,2,1,0.6179,4,2,0.6666666666666666,13899,debit_card,0,0.0,0,,0.2449559805524424,passed,1,1,0,0,,,travel_booking,travel_booking,large,booking_service,0,0.6934606081002362,0,0,87,19.0,342.28541666666666,1,0.46996732026143784,844,0.16549019607843138,1,CONTEST,1552.83,False
DSP001931,TXN0486025,M000299,CUS0173328,Mastercard,MERCHANDISE_NOT_AS_DESCRIBED,Merchandise Not As Described,2025-09-13,5399,672,256,2025-09-20,7,contested,lost,2025-10-25,3,3,1,2,0.4613833333333333,3,3,0.3333333333333333,5095,upi,2,13044.0,0,51.0,0.1988210623087896,not_applicable,1,2,0,0,,,travel_booking,travel_booking,large,booking_service,0,0.6934606081002362,0,0,87,7.0,78.67222222222222,0,0.03225806451612903,928,0.17188368216336358,0,ACCEPT,-753.84,False
DSP001932,TXN0496762,M000300,CUS0178050,Visa,UNAUTHORIZED_TRANSACTION,Unauthorized Transaction,2025-05-09,2299,566,282,2025-05-20,11,contested,lost,2025-05-28,5,4,3,1,0.8041499999999999,5,1,0.75,3295,debit_card,0,0.0,0,,0.1778568188651557,passed,1,1,0,0,delivered,1.0,marketplace_retailer,marketplace_retailer,large,physical_delivery,0,0.97,1,1,47,11.0,39.57569444444445,0,0.3180590805075931,848,0.3688560243584167,0,ACCEPT,-116.78,False
DSP001933,TXN0492364,M000300,,Mastercard,UNAUTHORIZED_TRANSACTION,Unauthorized Transaction,2025-03-20,1299,599,245,2025-04-09,20,contested,lost,2025-04-23,6,4,4,0,0.9754166666666668,6,0,1.0,15599,upi,3,8739.0,0,29.0,0.5075658774911008,not_applicable,1,1,0,0,delivered,1.0,marketplace_retailer,marketplace_retailer,large,physical_delivery,0,0.97,1,1,47,20.0,-193.35,0,0.428840579710145,844,0.6497305619707467,0,ACCEPT,-286.94,False
DSP001935,TXN0494539,M000300,CUS0175833,Visa,MERCHANDISE_NOT_RECEIVED,Merchandise Not Received,2025-08-01,2699,459,159,2025-08-17,16,contested,won,2025-09-06,6,4,4,0,0.98,6,0,1.0,1949,upi,0,0.0,0,,0.3540525743098411,not_applicable,1,1,0,0,delivered,0.0,marketplace_retailer,marketplace_retailer,large,physical_delivery,0,0.97,1,1,47,16.0,-26.01875,1,0.9582683982683984,618,0.2289736939607262,1,CONTEST,1968.37,True
DSP001936,TXN0494515,M000300,CUS0175800,RuPay,MERCHANDISE_NOT_RECEIVED,Merchandise Not Received,2025-11-25,545,739,173,2025-12-03,8,contested,won,2026-01-05,5,4,4,0,0.8166666666666668,5,1,1.0,4999,debit_card,0,0.0,0,,0.4663603796818006,passed,0,3,0,0,delivered,1.0,marketplace_retailer,marketplace_retailer,large,physical_delivery,0,0.97,1,1,47,8.0,78.31805555555556,1,0.9347389865036924,912,1.0,0,ACCEPT,-402.57,False
DSP001937,TXN0493354,M000300,,Visa,DUPLICATE_TRANSACTION,Duplicate Transaction,2025-08-29,1200,412,177,2025-09-12,14,contested,won,2025-09-24,5,2,1,1,0.8163499999999999,5,1,0.5,1549,debit_card,2,4898.0,0,103.0,0.1752869782400435,passed,1,1,0,0,delivered,1.0,marketplace_retailer,marketplace_retailer,large,physical_delivery,0,0.97,1,1,47,14.0,-124.63819444444444,1,0.8048878483944897,589,0.49083333333333334,1,CONTEST,376.87,False
DSP001938,TXN0497224,M000300,CUS0178297,Mastercard,MERCHANDISE_NOT_RECEIVED,Merchandise Not Received,2025-06-22,4750,661,151,2025-07-03,11,contested,lost,2025-07-12,5,4,3,1,0.7595666666666667,5,1,0.75,3345,debit_card,2,5394.0,0,68.0,0.421476122533538,passed,1,1,0,0,delivered,1.0,marketplace_retailer,marketplace_retailer,large,physical_delivery,0,0.97,1,1,47,11.0,-60.00833333333333,0,0.6070132684652808,812,0.17094736842105263,1,CONTEST,2071.31,True
DSP001939,TXN0499100,M000300,CUS0176819,RuPay,UNAUTHORIZED_TRANSACTION,Unauthorized Transaction,2025-06-10,1150,457,247,2025-06-17,7,contested,lost,2025-06-30,6,4,4,0,0.9278166666666668,6,0,1.0,749,debit_card,0,0.0,0,,0.2451340250594346,passed,1,1,0,0,delivered,1.0,marketplace_retailer,marketplace_retailer,large,physical_delivery,0,0.97,1,1,47,7.0,69.72013888888888,0,0.4364429188914315,704,0.6121739130434782,0,ACCEPT,-202.09,False
DSP001940,TXN0494183,M000300,CUS0176686,Visa,UNAUTHORIZED_TRANSACTION,Unauthorized Transaction,2025-10-07,17295,600,223,2025-10-25,18,contested,lost,2025-11-09,5,4,4,0,0.8166666666666668,5,1,1.0,1099,netbanking,1,2749.0,0,21.0,0.1477855019369983,not_applicable,1,3,0,1,rto,0.0,marketplace_retailer,marketplace_retailer,large,physical_delivery,0,0.97,1,1,47,18.0,132.42291666666668,0,0.43995169082125607,823,0.0475860075166233,1,CONTEST,6785.96,False
DSP001941,TXN0499320,M000300,CUS0177561,Visa,MERCHANDISE_NOT_RECEIVED,Merchandise Not Received,2025-06-13,3149,710,221,2025-06-30,17,contested,won,2025-07-14,6,4,4,0,0.98,6,0,1.0,4945,debit_card,0,0.0,0,,0.3651754956647308,failed,1,2,0,0,delivered,1.0,marketplace_retailer,marketplace_retailer,large,physical_delivery,0,0.97,1,1,47,17.0,37.05694444444445,1,0.9382683982683983,931,0.2956494125119085,1,CONTEST,2023.61,False
DSP001944,TXN0493501,M000300,CUS0177513,Mastercard,UNAUTHORIZED_TRANSACTION,Unauthorized Transaction,2025-05-05,309,705,230,2025-05-15,10,contested,lost,2025-06-06,6,4,4,0,0.9494833333333332,6,0,1.0,1249,credit_card,0,0.0,0,,0.1048768107763416,passed,1,1,0,1,delivered,1.0,marketplace_retailer,marketplace_retailer,large,physical_delivery,0,0.97,1,1,47,10.0,70.20486111111111,0,0.5733157894736842,935,1.0,0,ACCEPT,-757.85,True
DSP001945,TXN0493854,M000300,,RuPay,MERCHANDISE_NOT_AS_DESCRIBED,Merchandise Not As Described,2025-04-24,5500,444,300,2025-05-03,9,contested,won,2025-05-23,6,3,3,0,0.98,6,0,1.0,949,credit_card,3,14263.0,0,186.0,0.4181713286415447,failed,1,2,1,0,delivered,1.0,marketplace_retailer,marketplace_retailer,large,physical_delivery,0,0.97,1,1,47,9.0,-238.11319444444445,1,0.7270268019164019,744,0.13527272727272727,1,CONTEST,3254.65,True
DSP001947,TXN0491995,M000300,,RuPay,MERCHANDISE_NOT_AS_DESCRIBED,Merchandise Not As Described,2025-09-19,750,587,258,2025-09-30,11,contested,lost,2025-10-09,6,3,3,0,0.9569666666666666,6,0,1.0,1895,credit_card,0,0.0,0,,0.5639445815636015,passed,0,1,0,0,delivered,1.0,marketplace_retailer,marketplace_retailer,large,physical_delivery,0,0.97,1,1,47,11.0,223.28125,0,0.6702086200982202,845,1.0,0,ACCEPT,-342.34,False
DSP001948,TXN0492447,M000300,CUS0176059,RuPay,MERCHANDISE_NOT_RECEIVED,Merchandise Not Received,2025-11-23,1699,434,199,2025-12-07,14,contested,won,2025-12-09,6,4,4,0,0.9642666666666666,6,0,1.0,6699,netbanking,1,279.0,0,98.0,0.420255251843166,not_applicable,1,1,0,0,delivered,1.0,marketplace_retailer,marketplace_retailer,large,physical_delivery,0,0.97,1,1,47,14.0,204.4111111111111,1,0.9382683982683983,633,0.3725721012360212,1,CONTEST,961.12,False
DSP001949,TXN0497276,M000300,,Mastercard,UNAUTHORIZED_TRANSACTION,Unauthorized Transaction,2025-10-28,1045,637,166,2025-11-12,15,contested,lost,2025-11-30,6,4,4,0,0.9356166666666668,6,0,1.0,649,wallet,1,2399.0,0,186.0,0.3652217972913718,not_applicable,1,1,0,0,delivered,1.0,marketplace_retailer,marketplace_retailer,large,physical_delivery,0,0.97,1,1,47,15.0,97.84583333333332,0,0.5960080971659919,803,0.7684210526315789,0,ACCEPT,-180.17,False
DSP001950,TXN0499914,M000300,CUS0177607,Visa,MERCHANDISE_NOT_RECEIVED,Merchandise Not Received,2026-01-06,2550,670,268,2026-01-20,14,contested,won,2026-01-20,6,4,4,0,0.98,6,0,1.0,1849,upi,0,0.0,0,,0.2795920461962905,not_applicable,0,1,0,0,delivered,1.0,marketplace_retailer,marketplace_retailer,large,physical_delivery,0,0.97,1,1,47,14.0,11.452777777777778,1,0.9582683982683984,938,0.367843137254902,1,CONTEST,1505.58,False
DSP001951,TXN0495801,M000300,CUS0176874,Visa,MERCHANDISE_NOT_AS_DESCRIBED,Merchandise Not As Described,2025-01-26,7495,508,219,2025-02-12,17,contested,won,2025-02-26,6,3,3,0,0.96285,6,0,1.0,11599,debit_card,0,0.0,0,,0.201649248869072,passed,0,1,0,0,delivered,1.0,marketplace_retailer,marketplace_retailer,large,physical_delivery,0,0.97,1,1,47,17.0,-42.62916666666667,1,0.8048878483944897,727,0.09699799866577719,1,CONTEST,5305.63,False
DSP001952,TXN0492739,M000300,CUS0176138,Visa,DUPLICATE_TRANSACTION,Duplicate Transaction,2026-01-11,2545,461,293,2026-01-22,11,contested,won,2026-02-11,6,2,2,0,0.9386166666666668,6,0,1.0,3895,upi,0,0.0,0,,0.367921075935071,not_applicable,1,1,0,1,delivered,1.0,marketplace_retailer,marketplace_retailer,large,physical_delivery,0,0.97,1,1,47,11.0,28.18888888888889,1,0.9347389865036924,754,0.2962671905697446,1,CONTEST,1624.91,False
