dispute_id,transaction_id,merchant_id,customer_id,network,reason_code,reason_description,dispute_created_at,dispute_amount,contest_fee,operational_review_cost,respond_by,days_to_deadline,merchant_action,dispute_outcome,resolution_date
DSP000001,TXN0000139,M000001,,Mastercard,UNAUTHORIZED_TRANSACTION,Unauthorized Transaction,2025-11-01,849,613,255,2025-11-09,8,contested,lost,2025-11-25
DSP000002,TXN0000390,M000001,,Mastercard,MERCHANDISE_NOT_AS_DESCRIBED,Merchandise Not As Described,2026-01-21,1299,509,202,2026-01-30,9,contested,lost,2026-02-05
DSP000003,TXN0000101,M000001,CUS0000127,Mastercard,MERCHANDISE_NOT_RECEIVED,Merchandise Not Received,2025-11-03,945,501,167,2025-11-23,20,contested,lost,2025-12-12
DSP000004,TXN0003363,M000002,CUS0001594,Mastercard,MERCHANDISE_NOT_RECEIVED,Merchandise Not Received,2025-06-26,1795,447,240,2025-07-16,20,contested,won,2025-08-04
DSP000005,TXN0001099,M000002,,Visa,UNAUTHORIZED_TRANSACTION,Unauthorized Transaction,2025-08-02,999,0,0,2025-08-20,18,accepted,accepted_refunded,
DSP000006,TXN0002848,M000002,CUS0001456,Mastercard,MERCHANDISE_NOT_RECEIVED,Merchandise Not Received,2025-12-14,1595,458,206,2025-12-21,7,contested,lost,2026-01-24
DSP000007,TXN0003893,M000002,CUS0000480,Visa,CREDIT_NOT_PROCESSED,Credit Not Processed,2025-11-13,5699,465,213,2025-11-24,11,contested,lost,2025-12-20
DSP000008,TXN0002334,M000002,CUS0001355,Mastercard,DUPLICATE_TRANSACTION,Duplicate Transaction,2025-06-13,1049,0,0,2025-06-22,9,accepted,accepted_refunded,
DSP000009,TXN0004366,M000002,CUS0000724,RuPay,UNAUTHORIZED_TRANSACTION,Unauthorized Transaction,2026-01-30,1299,660,276,2026-02-13,14,contested,won,2026-03-01
DSP000010,TXN0004038,M000002,,RuPay,DUPLICATE_TRANSACTION,Duplicate Transaction,2025-11-20,429,499,186,2025-11-29,9,contested,won,2025-12-15
DSP000011,TXN0004164,M000002,,Visa,MERCHANDISE_NOT_AS_DESCRIBED,Merchandise Not As Described,2025-12-17,1549,671,189,2025-12-27,10,contested,lost,2026-01-17
DSP000012,TXN0002257,M000002,CUS0000309,Visa,MERCHANDISE_NOT_RECEIVED,Merchandise Not Received,2025-12-25,1549,534,251,2026-01-10,16,contested,won,2026-02-04
DSP000013,TXN0004074,M000002,CUS0000783,Mastercard,MERCHANDISE_NOT_AS_DESCRIBED,Merchandise Not As Described,2025-05-16,3349,0,0,2025-06-04,19,accepted,accepted_refunded,
DSP000014,TXN0001007,M000002,CUS0001512,Visa,MERCHANDISE_NOT_RECEIVED,Merchandise Not Received,2025-11-10,945,484,282,2025-11-28,18,contested,won,2025-12-19
DSP000015,TXN0001731,M000002,CUS0001538,Visa,MERCHANDISE_NOT_AS_DESCRIBED,Merchandise Not As Described,2026-01-19,1399,613,206,2026-01-26,7,contested,won,2026-02-25
DSP000016,TXN0003834,M000002,,Visa,MERCHANDISE_NOT_RECEIVED,Merchandise Not Received,2025-08-11,695,0,0,2025-08-27,16,accepted,accepted_refunded,
DSP000017,TXN0001454,M000002,,Mastercard,MERCHANDISE_NOT_RECEIVED,Merchandise Not Received,2025-08-10,849,0,0,2025-08-17,7,accepted,accepted_refunded,
DSP000018,TXN0000748,M000002,CUS0000744,Mastercard,MERCHANDISE_NOT_AS_DESCRIBED,Merchandise Not As Described,2025-09-20,899,0,0,2025-09-30,10,accepted,accepted_refunded,
DSP000019,TXN0003015,M000002,CUS0001464,Visa,CREDIT_NOT_PROCESSED,Credit Not Processed,2025-07-14,1045,717,280,2025-08-02,19,contested,lost,2025-08-27
DSP000020,TXN0002354,M000002,,Visa,MERCHANDISE_NOT_RECEIVED,Merchandise Not Received,2025-05-03,1995,638,250,2025-05-14,11,contested,won,2025-05-28
DSP000021,TXN0000834,M000002,,Visa,MERCHANDISE_NOT_AS_DESCRIBED,Merchandise Not As Described,2025-07-22,499,0,0,2025-08-10,19,accepted,accepted_refunded,
DSP000022,TXN0002560,M000002,CUS0000963,RuPay,CREDIT_NOT_PROCESSED,Credit Not Processed,2025-11-08,1649,435,262,2025-11-15,7,contested,lost,2025-12-13
DSP000023,TXN0001181,M000002,CUS0001329,RuPay,MERCHANDISE_NOT_AS_DESCRIBED,Merchandise Not As Described,2025-06-07,399,650,278,2025-06-20,13,contested,won,2025-07-15
DSP000024,TXN0003217,M000002,,Visa,MERCHANDISE_NOT_RECEIVED,Merchandise Not Received,2025-10-01,2545,588,251,2025-10-21,20,contested,lost,2025-11-10
DSP000025,TXN0006474,M000003,,Visa,RECURRING_BILLING_DISPUTE,Recurring Billing Dispute,2025-08-19,499,0,0,2025-09-08,20,accepted,accepted_refunded,
DSP000026,TXN0007363,M000003,CUS0001822,Visa,CREDIT_NOT_PROCESSED,Credit Not Processed,2025-10-28,9999,613,242,2025-11-04,7,contested,lost,2025-12-04
DSP000027,TXN0008218,M000003,,Mastercard,CREDIT_NOT_PROCESSED,Credit Not Processed,2025-05-03,499,0,0,2025-05-15,12,accepted,accepted_refunded,
DSP000028,TXN0006927,M000003,,Mastercard,RECURRING_BILLING_DISPUTE,Recurring Billing Dispute,2025-04-23,499,715,202,2025-05-06,13,contested,won,2025-05-24
DSP000029,TXN0008300,M000003,CUS0002756,Mastercard,CREDIT_NOT_PROCESSED,Credit Not Processed,2025-02-15,499,0,0,2025-03-05,18,accepted,accepted_refunded,
DSP000030,TXN0007785,M000003,,Visa,DUPLICATE_TRANSACTION,Duplicate Transaction,2025-07-18,2999,674,267,2025-08-06,19,contested,won,2025-08-04
DSP000031,TXN0008189,M000003,,Mastercard,CREDIT_NOT_PROCESSED,Credit Not Processed,2025-11-09,499,739,283,2025-11-20,11,contested,won,2025-11-27
DSP000032,TXN0007256,M000003,CUS0002812,Mastercard,RECURRING_BILLING_DISPUTE,Recurring Billing Dispute,2025-03-25,499,495,247,2025-04-14,20,contested,lost,2025-04-23
DSP000033,TXN0007630,M000003,,Visa,RECURRING_BILLING_DISPUTE,Recurring Billing Dispute,2025-11-11,2999,0,0,2025-11-18,7,accepted,accepted_refunded,
DSP000034,TXN0006555,M000003,,Mastercard,UNAUTHORIZED_TRANSACTION,Unauthorized Transaction,2025-03-20,14999,0,0,2025-03-30,10,accepted,accepted_refunded,
DSP000035,TXN0006472,M000003,CUS0002516,Visa,UNAUTHORIZED_TRANSACTION,Unauthorized Transaction,2025-12-20,9999,636,204,2026-01-10,21,contested,lost,2026-02-02
DSP000036,TXN0007406,M000003,CUS0002253,Visa,SERVICE_NOT_RENDERED,Service Not Rendered,2025-02-26,2999,423,207,2025-03-06,8,contested,won,2025-04-02
DSP000037,TXN0007739,M000003,CUS0002311,Mastercard,RECURRING_BILLING_DISPUTE,Recurring Billing Dispute,2026-01-18,499,700,294,2026-02-07,20,contested,lost,2026-02-13
DSP000038,TXN0005692,M000003,CUS0002531,Visa,RECURRING_BILLING_DISPUTE,Recurring Billing Dispute,2025-03-21,2999,529,282,2025-04-11,21,contested,lost,2025-04-15
DSP000039,TXN0007490,M000003,CUS0001914,Mastercard,SERVICE_NOT_RENDERED,Service Not Rendered,2025-12-21,499,499,242,2026-01-10,20,contested,lost,2026-01-14
DSP000040,TXN0005132,M000003,CUS0001818,RuPay,RECURRING_BILLING_DISPUTE,Recurring Billing Dispute,2025-11-20,499,0,0,2025-11-27,7,accepted,accepted_refunded,
DSP000041,TXN0008265,M000003,CUS0002951,Mastercard,RECURRING_BILLING_DISPUTE,Recurring Billing Dispute,2025-09-29,499,469,157,2025-10-19,20,contested,lost,2025-11-12
DSP000042,TXN0007652,M000003,CUS0002820,Mastercard,CREDIT_NOT_PROCESSED,Credit Not Processed,2025-08-07,2999,517,218,2025-08-15,8,contested,lost,2025-08-26
DSP000043,TXN0007115,M000003,CUS0002494,Visa,SERVICE_NOT_RENDERED,Service Not Rendered,2025-04-26,2999,696,252,2025-05-04,8,contested,won,2025-05-31
DSP000044,TXN0007457,M000003,CUS0002432,Mastercard,RECURRING_BILLING_DISPUTE,Recurring Billing Dispute,2025-08-15,14999,0,0,2025-08-29,14,accepted,accepted_refunded,
DSP000045,TXN0008948,M000004,CUS0003262,Visa,SERVICE_NOT_RENDERED,Service Not Rendered,2025-04-25,9999,658,274,2025-05-09,14,contested,won,2025-05-21
DSP000046,TXN0008492,M000004,,RuPay,RECURRING_BILLING_DISPUTE,Recurring Billing Dispute,2025-10-01,1499,616,162,2025-10-13,12,contested,won,2025-10-24
DSP000047,TXN0008917,M000004,CUS0003228,Mastercard,UNAUTHORIZED_TRANSACTION,Unauthorized Transaction,2025-10-17,1499,0,0,2025-11-01,15,accepted,accepted_refunded,
DSP000048,TXN0008814,M000004,CUS0003171,Mastercard,CREDIT_NOT_PROCESSED,Credit Not Processed,2025-07-21,399,570,222,2025-08-04,14,contested,won,2025-09-02
DSP000049,TXN0008593,M000004,,Visa,SERVICE_NOT_RENDERED,Service Not Rendered,2025-11-05,399,664,206,2025-11-14,9,contested,won,2025-11-26
DSP000050,TXN0009798,M000005,CUS0003400,Mastercard,UNAUTHORIZED_TRANSACTION,Unauthorized Transaction,2025-07-17,1499,0,0,2025-08-02,16,accepted,accepted_refunded,
DSP000051,TXN0009238,M000005,,Visa,RECURRING_BILLING_DISPUTE,Recurring Billing Dispute,2025-01-18,1499,441,241,2025-01-31,13,contested,lost,2025-02-01
DSP000052,TXN0009570,M000005,,Mastercard,RECURRING_BILLING_DISPUTE,Recurring Billing Dispute,2025-12-14,999,0,0,2025-12-24,10,accepted,accepted_refunded,
DSP000053,TXN0009738,M000005,CUS0003401,Mastercard,RECURRING_BILLING_DISPUTE,Recurring Billing Dispute,2025-12-09,999,433,274,2025-12-30,21,contested,lost,2026-01-23
DSP000054,TXN0010414,M000006,CUS0004498,Visa,SERVICE_NOT_RENDERED,Service Not Rendered,2025-11-27,10895,402,151,2025-12-14,17,contested,lost,2026-01-05
DSP000055,TXN0013558,M000006,CUS0004609,RuPay,SERVICE_NOT_RENDERED,Service Not Rendered,2026-02-07,4645,515,246,2026-02-14,7,contested,lost,2026-03-07
DSP000056,TXN0012896,M000006,,Visa,MERCHANDISE_NOT_AS_DESCRIBED,Merchandise Not As Described,2025-07-04,7199,0,0,2025-07-14,10,accepted,accepted_refunded,
DSP000057,TXN0010647,M000006,,Mastercard,UNAUTHORIZED_TRANSACTION,Unauthorized Transaction,2025-06-04,5599,547,178,2025-06-11,7,contested,lost,2025-07-18
DSP000058,TXN0011167,M000006,,Mastercard,SERVICE_NOT_RENDERED,Service Not Rendered,2025-04-28,13299,0,0,2025-05-15,17,accepted,accepted_refunded,
DSP000059,TXN0011998,M000006,CUS0004339,RuPay,CREDIT_NOT_PROCESSED,Credit Not Processed,2025-10-14,17099,413,218,2025-10-23,9,contested,lost,2025-11-08
DSP000060,TXN0011620,M000006,CUS0003700,Mastercard,MERCHANDISE_NOT_AS_DESCRIBED,Merchandise Not As Described,2025-06-10,6599,632,274,2025-06-17,7,contested,won,2025-07-18
DSP000061,TXN0012656,M000006,CUS0004277,Visa,SERVICE_NOT_RENDERED,Service Not Rendered,2025-03-14,1749,677,222,2025-03-24,10,contested,lost,2025-03-31
DSP000062,TXN0013228,M000006,CUS0004768,Visa,UNAUTHORIZED_TRANSACTION,Unauthorized Transaction,2025-07-21,4699,613,180,2025-08-06,16,contested,lost,2025-09-02
DSP000063,TXN0013061,M000006,CUS0004862,Mastercard,CREDIT_NOT_PROCESSED,Credit Not Processed,2025-09-01,2899,541,292,2025-09-17,16,contested,lost,2025-10-12
DSP000064,TXN0011938,M000006,CUS0004247,RuPay,SERVICE_NOT_RENDERED,Service Not Rendered,2025-07-21,40499,504,263,2025-08-11,21,contested,won,2025-08-08
DSP000065,TXN0012680,M000006,CUS0004534,Visa,SERVICE_NOT_RENDERED,Service Not Rendered,2025-07-12,9999,0,0,2025-07-19,7,accepted,accepted_refunded,
DSP000066,TXN0021311,M000007,CUS0006448,Visa,MERCHANDISE_NOT_RECEIVED,Merchandise Not Received,2026-01-20,1149,724,271,2026-02-03,14,contested,won,2026-02-17
DSP000067,TXN0016592,M000007,CUS0005947,Visa,MERCHANDISE_NOT_AS_DESCRIBED,Merchandise Not As Described,2025-11-11,7099,508,196,2025-12-02,21,contested,won,2025-12-25
DSP000068,TXN0015059,M000007,CUS0007143,Mastercard,MERCHANDISE_NOT_AS_DESCRIBED,Merchandise Not As Described,2025-04-24,1499,610,208,2025-05-04,10,contested,won,2025-05-22
DSP000069,TXN0014118,M000007,CUS0007921,RuPay,UNAUTHORIZED_TRANSACTION,Unauthorized Transaction,2025-09-30,3249,476,178,2025-10-18,18,contested,won,2025-10-17
DSP000070,TXN0021641,M000007,CUS0006493,Mastercard,UNAUTHORIZED_TRANSACTION,Unauthorized Transaction,2025-06-05,5999,0,0,2025-06-13,8,accepted,accepted_refunded,
DSP000071,TXN0017749,M000007,CUS0005028,Mastercard,UNAUTHORIZED_TRANSACTION,Unauthorized Transaction,2025-07-25,649,566,269,2025-08-03,9,contested,lost,2025-09-07
DSP000072,TXN0016807,M000007,,Mastercard,MERCHANDISE_NOT_RECEIVED,Merchandise Not Received,2026-02-06,2795,0,0,2026-02-16,10,accepted,accepted_refunded,
DSP000073,TXN0014559,M000007,CUS0006494,Visa,UNAUTHORIZED_TRANSACTION,Unauthorized Transaction,2025-08-18,1399,644,237,2025-08-25,7,contested,lost,2025-09-23
DSP000074,TXN0021265,M000007,CUS0006887,Visa,UNAUTHORIZED_TRANSACTION,Unauthorized Transaction,2025-12-21,2499,664,284,2026-01-10,20,contested,won,2026-02-04
DSP000075,TXN0017607,M000007,CUS0005834,Visa,UNAUTHORIZED_TRANSACTION,Unauthorized Transaction,2025-10-24,7495,558,251,2025-11-01,8,contested,lost,2025-12-08
DSP000076,TXN0014960,M000007,CUS0005266,Visa,MERCHANDISE_NOT_RECEIVED,Merchandise Not Received,2025-11-04,2645,545,255,2025-11-14,10,contested,won,2025-11-21
DSP000077,TXN0014605,M000007,,Visa,MERCHANDISE_NOT_RECEIVED,Merchandise Not Received,2025-05-22,1249,511,177,2025-06-05,14,contested,won,2025-06-09
DSP000078,TXN0017527,M000007,CUS0006285,Visa,UNAUTHORIZED_TRANSACTION,Unauthorized Transaction,2025-11-25,9395,652,181,2025-12-11,16,contested,lost,2025-12-19
DSP000079,TXN0014560,M000007,CUS0006870,RuPay,CREDIT_NOT_PROCESSED,Credit Not Processed,2025-04-18,5099,526,297,2025-05-05,17,contested,won,2025-05-13
DSP000080,TXN0016611,M000007,CUS0006902,Mastercard,MERCHANDISE_NOT_AS_DESCRIBED,Merchandise Not As Described,2025-08-13,1099,435,169,2025-09-03,21,contested,won,2025-09-17
DSP000081,TXN0016832,M000007,,Mastercard,MERCHANDISE_NOT_RECEIVED,Merchandise Not Received,2026-01-10,1049,0,0,2026-01-28,18,accepted,accepted_refunded,
DSP000082,TXN0016842,M000007,,Mastercard,CREDIT_NOT_PROCESSED,Credit Not Processed,2025-08-17,7399,533,151,2025-08-31,14,contested,won,2025-09-12
DSP000083,TXN0014856,M000007,CUS0006508,Visa,UNAUTHORIZED_TRANSACTION,Unauthorized Transaction,2026-01-12,2245,0,0,2026-01-30,18,accepted,accepted_refunded,
DSP000084,TXN0019283,M000007,CUS0005247,Visa,MERCHANDISE_NOT_AS_DESCRIBED,Merchandise Not As Described,2025-01-30,2145,536,298,2025-02-19,20,contested,won,2025-02-21
DSP000085,TXN0018187,M000007,,Visa,UNAUTHORIZED_TRANSACTION,Unauthorized Transaction,2025-09-26,4095,706,216,2025-10-11,15,contested,lost,2025-10-24
DSP000086,TXN0019057,M000007,CUS0007872,Visa,MERCHANDISE_NOT_RECEIVED,Merchandise Not Received,2025-07-28,4549,0,0,2025-08-10,13,accepted,accepted_refunded,
DSP000087,TXN0016960,M000007,CUS0007420,Mastercard,MERCHANDISE_NOT_RECEIVED,Merchandise Not Received,2025-10-07,5499,629,249,2025-10-23,16,contested,won,2025-11-17
DSP000088,TXN0020300,M000007,,Visa,UNAUTHORIZED_TRANSACTION,Unauthorized Transaction,2025-08-02,1445,425,160,2025-08-19,17,contested,lost,2025-09-04
DSP000089,TXN0014107,M000007,,Mastercard,UNAUTHORIZED_TRANSACTION,Unauthorized Transaction,2025-06-27,1249,0,0,2025-07-06,9,accepted,accepted_refunded,
DSP000090,TXN0018962,M000007,,Visa,CREDIT_NOT_PROCESSED,Credit Not Processed,2025-11-16,429,0,0,2025-11-23,7,accepted,accepted_refunded,
DSP000091,TXN0022089,M000007,CUS0005794,Visa,UNAUTHORIZED_TRANSACTION,Unauthorized Transaction,2025-11-07,209,447,285,2025-11-22,15,contested,won,2025-11-21
DSP000092,TXN0016581,M000007,CUS0005516,RuPay,DUPLICATE_TRANSACTION,Duplicate Transaction,2025-06-23,2045,583,201,2025-07-04,11,contested,won,2025-07-30
DSP000093,TXN0018138,M000007,CUS0007158,Visa,CREDIT_NOT_PROCESSED,Credit Not Processed,2025-07-14,10799,641,205,2025-08-02,19,contested,won,2025-08-19
DSP000094,TXN0013857,M000007,CUS0007688,RuPay,MERCHANDISE_NOT_AS_DESCRIBED,Merchandise Not As Described,2026-03-04,6999,575,177,2026-03-12,8,contested,lost,2026-04-06
DSP000095,TXN0029559,M000088,CUS0010638,Visa,SERVICE_NOT_RENDERED,Service Not Rendered,2025-08-21,24999,639,198,2025-08-31,10,contested,won,2025-09-10
DSP000096,TXN0029712,M000088,CUS0010559,Visa,RECURRING_BILLING_DISPUTE,Recurring Billing Dispute,2025-05-29,4999,592,237,2025-06-13,15,contested,lost,2025-06-12
DSP000097,TXN0030350,M000089,,Visa,CREDIT_NOT_PROCESSED,Credit Not Processed,2025-03-11,1499,0,0,2025-03-29,18,accepted,accepted_refunded,
DSP000098,TXN0030153,M000089,CUS0010850,Visa,SERVICE_NOT_RENDERED,Service Not Rendered,2025-11-30,14999,678,293,2025-12-09,9,contested,lost,2026-01-04
DSP000099,TXN0030096,M000089,,Visa,MERCHANDISE_NOT_AS_DESCRIBED,Merchandise Not As Described,2025-10-16,1499,669,237,2025-11-03,18,contested,lost,2025-11-19
DSP000100,TXN0030589,M000090,,RuPay,MERCHANDISE_NOT_AS_DESCRIBED,Merchandise Not As Described,2025-09-05,24999,409,226,2025-09-13,8,contested,lost,2025-10-10
DSP000101,TXN0031004,M000090,CUS0011112,Visa,UNAUTHORIZED_TRANSACTION,Unauthorized Transaction,2025-05-23,999,0,0,2025-06-09,17,accepted,accepted_refunded,
DSP000102,TXN0031193,M000091,,Visa,RECURRING_BILLING_DISPUTE,Recurring Billing Dispute,2025-10-15,5999,693,275,2025-11-03,19,contested,lost,2025-11-12
DSP000103,TXN0031146,M000091,CUS0011182,Mastercard,RECURRING_BILLING_DISPUTE,Recurring Billing Dispute,2025-10-07,5999,0,0,2025-10-27,20,accepted,accepted_refunded,
DSP000104,TXN0031323,M000091,CUS0011201,Visa,RECURRING_BILLING_DISPUTE,Recurring Billing Dispute,2025-01-23,24999,406,166,2025-02-10,18,contested,won,2025-02-15
DSP000105,TXN0031959,M000092,CUS0011314,Mastercard,SERVICE_NOT_RENDERED,Service Not Rendered,2026-01-04,8999,0,0,2026-01-23,19,accepted,accepted_refunded,
DSP000106,TXN0031810,M000092,,RuPay,RECURRING_BILLING_DISPUTE,Recurring Billing Dispute,2025-05-06,14999,680,275,2025-05-19,13,contested,won,2025-06-11
DSP000107,TXN0031671,M000092,,Mastercard,RECURRING_BILLING_DISPUTE,Recurring Billing Dispute,2025-04-07,5999,696,177,2025-04-16,9,contested,lost,2025-04-26
DSP000108,TXN0032460,M000093,,Visa,MERCHANDISE_NOT_AS_DESCRIBED,Merchandise Not As Described,2025-12-24,1299,566,295,2026-01-11,18,contested,lost,2026-02-04
DSP000109,TXN0033000,M000094,,Mastercard,CREDIT_NOT_PROCESSED,Credit Not Processed,2025-06-21,3849,451,193,2025-06-28,7,contested,won,2025-08-01
DSP000110,TXN0033124,M000094,CUS0011832,RuPay,MERCHANDISE_NOT_RECEIVED,Merchandise Not Received,2025-06-20,2549,692,289,2025-07-01,11,contested,lost,2025-07-21
DSP000111,TXN0033442,M000095,CUS0011927,Visa,MERCHANDISE_NOT_AS_DESCRIBED,Merchandise Not As Described,2025-06-21,699,565,298,2025-07-01,10,contested,won,2025-07-07
DSP000112,TXN0033723,M000095,,Visa,UNAUTHORIZED_TRANSACTION,Unauthorized Transaction,2025-07-31,1049,476,178,2025-08-17,17,contested,lost,2025-08-18
DSP000113,TXN0034225,M000096,,Mastercard,SERVICE_NOT_RENDERED,Service Not Rendered,2026-01-23,799,0,0,2026-02-07,15,accepted,accepted_refunded,
DSP000114,TXN0034073,M000096,,Mastercard,DUPLICATE_TRANSACTION,Duplicate Transaction,2025-10-23,19999,643,249,2025-10-31,8,contested,lost,2025-11-14
DSP000115,TXN0034191,M000096,CUS0012107,Mastercard,UNAUTHORIZED_TRANSACTION,Unauthorized Transaction,2025-07-04,19999,0,0,2025-07-19,15,accepted,accepted_refunded,
DSP000116,TXN0033823,M000096,CUS0012204,Mastercard,RECURRING_BILLING_DISPUTE,Recurring Billing Dispute,2025-05-16,799,0,0,2025-05-30,14,accepted,accepted_refunded,
DSP000117,TXN0034612,M000097,,Mastercard,CREDIT_NOT_PROCESSED,Credit Not Processed,2025-03-15,8999,658,190,2025-03-29,14,contested,lost,2025-03-30
DSP000118,TXN0034574,M000097,CUS0012343,Visa,CREDIT_NOT_PROCESSED,Credit Not Processed,2025-07-19,1499,685,217,2025-08-04,16,contested,lost,2025-08-31
DSP000119,TXN0034581,M000097,,RuPay,RECURRING_BILLING_DISPUTE,Recurring Billing Dispute,2025-09-05,8999,739,204,2025-09-25,20,contested,won,2025-09-26
DSP000120,TXN0034452,M000097,,Visa,CREDIT_NOT_PROCESSED,Credit Not Processed,2025-04-30,1499,0,0,2025-05-08,8,accepted,accepted_refunded,
DSP000121,TXN0034861,M000098,CUS0012581,Visa,CREDIT_NOT_PROCESSED,Credit Not Processed,2025-10-29,3999,0,0,2025-11-13,15,accepted,accepted_refunded,
DSP000122,TXN0035173,M000098,,Visa,RECURRING_BILLING_DISPUTE,Recurring Billing Dispute,2026-01-15,3999,655,193,2026-01-28,13,contested,lost,2026-02-27
DSP000123,TXN0035449,M000099,CUS0012728,Visa,UNAUTHORIZED_TRANSACTION,Unauthorized Transaction,2025-05-02,2499,746,183,2025-05-09,7,contested,lost,2025-05-21
DSP000124,TXN0035808,M000099,CUS0012677,Mastercard,RECURRING_BILLING_DISPUTE,Recurring Billing Dispute,2025-08-31,2499,0,0,2025-09-21,21,accepted,accepted_refunded,
DSP000125,TXN0035867,M000099,CUS0012655,Visa,RECURRING_BILLING_DISPUTE,Recurring Billing Dispute,2025-11-24,2499,743,213,2025-12-05,11,contested,lost,2025-12-23
DSP000126,TXN0035783,M000099,CUS0012809,Visa,MERCHANDISE_NOT_AS_DESCRIBED,Merchandise Not As Described,2025-04-07,2499,0,0,2025-04-15,8,accepted,accepted_refunded,
DSP000127,TXN0036144,M000100,,Mastercard,MERCHANDISE_NOT_AS_DESCRIBED,Merchandise Not As Described,2025-10-18,1395,493,178,2025-11-07,20,contested,lost,2025-11-20
DSP000128,TXN0036732,M000101,CUS0013186,Visa,MERCHANDISE_NOT_AS_DESCRIBED,Merchandise Not As Described,2025-06-13,1345,0,0,2025-07-04,21,accepted,accepted_refunded,
DSP000129,TXN0036750,M000101,CUS0013083,Visa,MERCHANDISE_NOT_AS_DESCRIBED,Merchandise Not As Described,2025-06-05,649,624,243,2025-06-18,13,contested,lost,2025-07-11
DSP000130,TXN0036701,M000101,CUS0013069,Mastercard,MERCHANDISE_NOT_AS_DESCRIBED,Merchandise Not As Described,2025-09-14,1049,0,0,2025-10-05,21,accepted,accepted_refunded,
DSP000131,TXN0037275,M000102,CUS0013284,RuPay,UNAUTHORIZED_TRANSACTION,Unauthorized Transaction,2026-01-29,4999,584,262,2026-02-10,12,contested,lost,2026-03-14
DSP000132,TXN0037198,M000102,CUS0013265,Mastercard,UNAUTHORIZED_TRANSACTION,Unauthorized Transaction,2025-03-15,4999,0,0,2025-04-01,17,accepted,accepted_refunded,
DSP000133,TXN0037382,M000102,CUS0013328,Mastercard,CREDIT_NOT_PROCESSED,Credit Not Processed,2025-04-24,4999,632,278,2025-05-15,21,contested,won,2025-06-06
DSP000134,TXN0037347,M000102,CUS0013391,Visa,MERCHANDISE_NOT_AS_DESCRIBED,Merchandise Not As Described,2025-11-07,4999,669,289,2025-11-27,20,contested,lost,2025-12-16
DSP000135,TXN0037644,M000103,,Visa,CREDIT_NOT_PROCESSED,Credit Not Processed,2025-07-07,4999,667,290,2025-07-22,15,contested,lost,2025-08-20
DSP000136,TXN0037591,M000103,CUS0013505,RuPay,CREDIT_NOT_PROCESSED,Credit Not Processed,2025-09-23,499,588,268,2025-10-01,8,contested,lost,2025-10-22
DSP000137,TXN0037822,M000103,,Mastercard,SERVICE_NOT_RENDERED,Service Not Rendered,2025-03-20,499,0,0,2025-04-04,15,accepted,accepted_refunded,
DSP000138,TXN0037555,M000103,CUS0013531,Mastercard,RECURRING_BILLING_DISPUTE,Recurring Billing Dispute,2025-05-09,14999,0,0,2025-05-19,10,accepted,accepted_refunded,
DSP000139,TXN0038190,M000104,CUS0013759,Visa,RECURRING_BILLING_DISPUTE,Recurring Billing Dispute,2025-02-27,4999,647,209,2025-03-16,17,contested,won,2025-03-30
DSP000140,TXN0038082,M000104,,Mastercard,UNAUTHORIZED_TRANSACTION,Unauthorized Transaction,2025-05-30,4999,0,0,2025-06-10,11,accepted,accepted_refunded,
DSP000141,TXN0038374,M000104,CUS0013746,Visa,RECURRING_BILLING_DISPUTE,Recurring Billing Dispute,2025-08-22,49999,0,0,2025-09-02,11,accepted,accepted_refunded,
DSP000142,TXN0039001,M000105,CUS0013967,Mastercard,MERCHANDISE_NOT_RECEIVED,Merchandise Not Received,2025-03-03,3545,544,277,2025-03-17,14,contested,lost,2025-04-07
DSP000143,TXN0038640,M000105,,RuPay,UNAUTHORIZED_TRANSACTION,Unauthorized Transaction,2025-05-16,1099,519,276,2025-06-05,20,contested,lost,2025-06-04
DSP000144,TXN0039278,M000106,CUS0014047,Visa,SERVICE_NOT_RENDERED,Service Not Rendered,2025-03-01,799,0,0,2025-03-08,7,accepted,accepted_refunded,
DSP000145,TXN0039422,M000106,,Mastercard,RECURRING_BILLING_DISPUTE,Recurring Billing Dispute,2025-07-16,2999,658,295,2025-08-06,21,contested,won,2025-08-14
DSP000146,TXN0039593,M000106,,Visa,RECURRING_BILLING_DISPUTE,Recurring Billing Dispute,2025-10-03,49999,0,0,2025-10-19,16,accepted,accepted_refunded,
DSP000147,TXN0039609,M000106,,Visa,RECURRING_BILLING_DISPUTE,Recurring Billing Dispute,2025-12-12,799,497,281,2025-12-29,17,contested,won,2026-01-13
DSP000148,TXN0039752,M000107,CUS0014230,Mastercard,SERVICE_NOT_RENDERED,Service Not Rendered,2025-04-02,4999,563,183,2025-04-13,11,contested,won,2025-05-13
DSP000149,TXN0040146,M000107,CUS0014250,Visa,CREDIT_NOT_PROCESSED,Credit Not Processed,2025-06-19,4999,658,277,2025-07-06,17,contested,won,2025-08-01
DSP000150,TXN0040181,M000107,,Mastercard,CREDIT_NOT_PROCESSED,Credit Not Processed,2025-12-04,4999,588,166,2025-12-25,21,contested,won,2026-01-10
DSP000151,TXN0040578,M000108,CUS0014548,Mastercard,CREDIT_NOT_PROCESSED,Credit Not Processed,2025-10-05,1499,410,238,2025-10-19,14,contested,lost,2025-11-07
DSP000152,TXN0040647,M000108,,Mastercard,MERCHANDISE_NOT_RECEIVED,Merchandise Not Received,2025-06-29,549,590,207,2025-07-09,10,contested,lost,2025-08-03
DSP000153,TXN0041267,M000109,,Mastercard,CREDIT_NOT_PROCESSED,Credit Not Processed,2025-11-01,49999,729,158,2025-11-13,12,contested,lost,2025-11-19
DSP000154,TXN0041263,M000109,,Visa,UNAUTHORIZED_TRANSACTION,Unauthorized Transaction,2025-07-10,49999,603,239,2025-07-29,19,contested,lost,2025-08-02
DSP000155,TXN0041030,M000109,CUS0014580,Mastercard,UNAUTHORIZED_TRANSACTION,Unauthorized Transaction,2025-05-13,1499,461,238,2025-05-28,15,contested,lost,2025-06-12
DSP000156,TXN0041464,M000110,CUS0014901,RuPay,RECURRING_BILLING_DISPUTE,Recurring Billing Dispute,2025-03-18,399,609,220,2025-04-08,21,contested,won,2025-04-03
DSP000157,TXN0041445,M000110,CUS0014795,Mastercard,CREDIT_NOT_PROCESSED,Credit Not Processed,2025-09-24,799,0,0,2025-10-03,9,accepted,accepted_refunded,
DSP000158,TXN0042093,M000111,CUS0015075,Visa,MERCHANDISE_NOT_AS_DESCRIBED,Merchandise Not As Described,2025-10-29,649,0,0,2025-11-15,17,accepted,accepted_refunded,
DSP000159,TXN0041919,M000111,,Visa,MERCHANDISE_NOT_AS_DESCRIBED,Merchandise Not As Described,2025-08-11,549,570,281,2025-08-24,13,contested,lost,2025-09-24
DSP000160,TXN0042453,M000112,CUS0015179,Mastercard,SERVICE_NOT_RENDERED,Service Not Rendered,2025-04-14,799,523,168,2025-04-25,11,contested,lost,2025-05-23
DSP000161,TXN0042452,M000112,CUS0015191,Visa,UNAUTHORIZED_TRANSACTION,Unauthorized Transaction,2026-02-01,49999,439,244,2026-02-22,21,contested,lost,2026-03-15
DSP000162,TXN0042543,M000112,CUS0015294,Visa,RECURRING_BILLING_DISPUTE,Recurring Billing Dispute,2025-05-20,799,575,257,2025-06-06,17,contested,won,2025-06-08
DSP000163,TXN0042896,M000113,,Visa,CREDIT_NOT_PROCESSED,Credit Not Processed,2025-04-10,1499,0,0,2025-04-28,18,accepted,accepted_refunded,
DSP000164,TXN0043400,M000113,CUS0015397,Visa,SERVICE_NOT_RENDERED,Service Not Rendered,2025-07-08,24999,630,270,2025-07-25,17,contested,lost,2025-08-04
DSP000165,TXN0043333,M000113,,RuPay,MERCHANDISE_NOT_AS_DESCRIBED,Merchandise Not As Described,2025-07-30,999,696,265,2025-08-14,15,contested,lost,2025-08-15
DSP000166,TXN0043235,M000113,CUS0015318,Visa,RECURRING_BILLING_DISPUTE,Recurring Billing Dispute,2025-02-24,24999,0,0,2025-03-17,21,accepted,accepted_refunded,
DSP000167,TXN0043692,M000114,CUS0015537,RuPay,CREDIT_NOT_PROCESSED,Credit Not Processed,2025-12-30,645,679,153,2026-01-16,17,contested,won,2026-01-25
DSP000168,TXN0043978,M000115,,Visa,UNAUTHORIZED_TRANSACTION,Unauthorized Transaction,2025-07-07,8999,701,181,2025-07-17,10,contested,lost,2025-08-04
DSP000169,TXN0044200,M000115,,Visa,SERVICE_NOT_RENDERED,Service Not Rendered,2025-03-03,24999,747,208,2025-03-14,11,contested,won,2025-03-28
DSP000170,TXN0044180,M000115,CUS0015828,Mastercard,RECURRING_BILLING_DISPUTE,Recurring Billing Dispute,2025-12-12,3999,477,223,2025-12-28,16,contested,lost,2025-12-26
DSP000171,TXN0044051,M000115,CUS0015819,Visa,CREDIT_NOT_PROCESSED,Credit Not Processed,2025-04-02,3999,0,0,2025-04-11,9,accepted,accepted_refunded,
DSP000172,TXN0044754,M000116,CUS0016035,Visa,CREDIT_NOT_PROCESSED,Credit Not Processed,2025-10-01,2999,0,0,2025-10-15,14,accepted,accepted_refunded,
DSP000173,TXN0045013,M000116,,Mastercard,UNAUTHORIZED_TRANSACTION,Unauthorized Transaction,2025-03-22,499,468,282,2025-03-29,7,contested,lost,2025-04-28
DSP000174,TXN0045016,M000116,CUS0015993,Visa,SERVICE_NOT_RENDERED,Service Not Rendered,2025-11-04,9999,560,255,2025-11-12,8,contested,won,2025-12-04
DSP000175,TXN0044961,M000116,CUS0015959,Visa,RECURRING_BILLING_DISPUTE,Recurring Billing Dispute,2025-05-13,499,513,164,2025-05-28,15,contested,lost,2025-06-07
DSP000176,TXN0045191,M000117,CUS0016087,RuPay,UNAUTHORIZED_TRANSACTION,Unauthorized Transaction,2025-11-24,3049,0,0,2025-12-11,17,accepted,accepted_refunded,
DSP000177,TXN0045452,M000117,CUS0016183,Visa,CREDIT_NOT_PROCESSED,Credit Not Processed,2025-08-23,1849,0,0,2025-09-05,13,accepted,accepted_refunded,
DSP000178,TXN0045470,M000117,,Visa,MERCHANDISE_NOT_RECEIVED,Merchandise Not Received,2025-06-07,1999,0,0,2025-06-26,19,accepted,accepted_refunded,
DSP000179,TXN0046070,M000118,CUS0016329,Visa,CREDIT_NOT_PROCESSED,Credit Not Processed,2025-05-04,5399,402,297,2025-05-16,12,contested,lost,2025-06-08
DSP000180,TXN0045699,M000118,CUS0016376,Mastercard,CREDIT_NOT_PROCESSED,Credit Not Processed,2025-04-22,849,0,0,2025-05-06,14,accepted,accepted_refunded,
DSP000181,TXN0046506,M000119,CUS0016635,Visa,RECURRING_BILLING_DISPUTE,Recurring Billing Dispute,2025-08-08,999,742,171,2025-08-21,13,contested,lost,2025-09-09
DSP000182,TXN0046637,M000119,,Mastercard,RECURRING_BILLING_DISPUTE,Recurring Billing Dispute,2025-11-18,999,0,0,2025-12-04,16,accepted,accepted_refunded,
DSP000183,TXN0046204,M000119,CUS0016534,Visa,SERVICE_NOT_RENDERED,Service Not Rendered,2025-08-26,999,738,296,2025-09-09,14,contested,lost,2025-10-05
DSP000184,TXN0046680,M000120,CUS0016829,Visa,UNAUTHORIZED_TRANSACTION,Unauthorized Transaction,2025-12-30,1049,539,180,2026-01-11,12,contested,won,2026-01-13
DSP000185,TXN0046930,M000120,CUS0016826,Visa,MERCHANDISE_NOT_AS_DESCRIBED,Merchandise Not As Described,2025-11-08,1095,465,218,2025-11-18,10,contested,won,2025-12-15
DSP000186,TXN0047470,M000121,,Visa,CREDIT_NOT_PROCESSED,Credit Not Processed,2025-02-01,1299,0,0,2025-02-15,14,accepted,accepted_refunded,
DSP000187,TXN0047703,M000121,,RuPay,MERCHANDISE_NOT_AS_DESCRIBED,Merchandise Not As Described,2025-08-14,999,576,254,2025-08-27,13,contested,lost,2025-09-25
DSP000188,TXN0047777,M000122,,Mastercard,DUPLICATE_TRANSACTION,Duplicate Transaction,2025-05-14,4899,585,191,2025-06-02,19,contested,won,2025-06-06
DSP000189,TXN0047760,M000122,CUS0017098,Visa,MERCHANDISE_NOT_AS_DESCRIBED,Merchandise Not As Described,2025-05-17,695,622,170,2025-05-26,9,contested,lost,2025-06-18
DSP000190,TXN0048164,M000122,CUS0017056,Mastercard,UNAUTHORIZED_TRANSACTION,Unauthorized Transaction,2025-07-03,1449,523,274,2025-07-17,14,contested,lost,2025-08-13
DSP000191,TXN0048483,M000123,,Visa,MERCHANDISE_NOT_RECEIVED,Merchandise Not Received,2025-04-13,429,488,240,2025-04-21,8,contested,lost,2025-05-18
DSP000192,TXN0048298,M000123,CUS0017279,Visa,MERCHANDISE_NOT_AS_DESCRIBED,Merchandise Not As Described,2025-04-25,499,475,222,2025-05-02,7,contested,lost,2025-05-23
DSP000193,TXN0048423,M000123,CUS0017301,Visa,UNAUTHORIZED_TRANSACTION,Unauthorized Transaction,2025-07-31,1495,538,230,2025-08-17,17,contested,lost,2025-08-18
DSP000194,TXN0048831,M000124,,Mastercard,RECURRING_BILLING_DISPUTE,Recurring Billing Dispute,2025-04-19,5999,505,294,2025-05-10,21,contested,lost,2025-05-28
DSP000195,TXN0049143,M000124,CUS0017489,Visa,RECURRING_BILLING_DISPUTE,Recurring Billing Dispute,2025-05-27,2499,449,292,2025-06-05,9,contested,lost,2025-06-24
DSP000196,TXN0049008,M000124,,Mastercard,SERVICE_NOT_RENDERED,Service Not Rendered,2025-02-16,999,549,230,2025-03-08,20,contested,lost,2025-03-30
DSP000197,TXN0048908,M000124,,RuPay,RECURRING_BILLING_DISPUTE,Recurring Billing Dispute,2025-10-22,2499,663,219,2025-10-31,9,contested,lost,2025-11-22
DSP000198,TXN0049815,M000125,CUS0017754,Mastercard,RECURRING_BILLING_DISPUTE,Recurring Billing Dispute,2025-02-09,799,708,152,2025-02-18,9,contested,won,2025-03-13
DSP000199,TXN0049709,M000125,,Visa,RECURRING_BILLING_DISPUTE,Recurring Billing Dispute,2025-04-29,9999,0,0,2025-05-17,18,accepted,accepted_refunded,
DSP000200,TXN0049470,M000125,CUS0017766,Mastercard,RECURRING_BILLING_DISPUTE,Recurring Billing Dispute,2025-07-25,9999,441,249,2025-08-13,19,contested,won,2025-09-06
DSP000201,TXN0050326,M000126,CUS0017855,Visa,MERCHANDISE_NOT_AS_DESCRIBED,Merchandise Not As Described,2025-09-29,189,0,0,2025-10-16,17,accepted,accepted_refunded,
DSP000202,TXN0050506,M000127,CUS0018021,RuPay,RECURRING_BILLING_DISPUTE,Recurring Billing Dispute,2025-12-23,999,597,215,2026-01-04,12,contested,won,2026-01-15
DSP000203,TXN0050614,M000127,CUS0018137,Mastercard,RECURRING_BILLING_DISPUTE,Recurring Billing Dispute,2025-06-03,1499,712,200,2025-06-12,9,contested,lost,2025-07-05
DSP000204,TXN0051042,M000128,CUS0018203,Visa,MERCHANDISE_NOT_AS_DESCRIBED,Merchandise Not As Described,2025-04-03,24999,585,229,2025-04-18,15,contested,lost,2025-04-22
DSP000205,TXN0051098,M000128,CUS0018292,Mastercard,SERVICE_NOT_RENDERED,Service Not Rendered,2026-01-19,4999,744,181,2026-02-02,14,contested,lost,2026-03-03
DSP000206,TXN0051287,M000128,CUS0018312,Mastercard,RECURRING_BILLING_DISPUTE,Recurring Billing Dispute,2025-07-11,9999,650,156,2025-07-30,19,contested,lost,2025-08-03
DSP000207,TXN0051573,M000129,CUS0018515,Visa,RECURRING_BILLING_DISPUTE,Recurring Billing Dispute,2025-10-28,14999,556,191,2025-11-12,15,contested,lost,2025-11-21
DSP000208,TXN0051859,M000129,CUS0018516,Mastercard,RECURRING_BILLING_DISPUTE,Recurring Billing Dispute,2025-07-26,2999,723,257,2025-08-10,15,contested,lost,2025-08-22
DSP000209,TXN0051464,M000129,CUS0018403,Visa,RECURRING_BILLING_DISPUTE,Recurring Billing Dispute,2025-12-11,999,637,255,2025-12-26,15,contested,won,2026-01-19
DSP000210,TXN0052401,M000130,CUS0018631,Visa,RECURRING_BILLING_DISPUTE,Recurring Billing Dispute,2025-07-17,999,0,0,2025-07-26,9,accepted,accepted_refunded,
DSP000211,TXN0052039,M000130,CUS0018719,Visa,MERCHANDISE_NOT_AS_DESCRIBED,Merchandise Not As Described,2025-07-29,2499,414,251,2025-08-18,20,contested,lost,2025-08-31
DSP000212,TXN0052825,M000131,CUS0018874,RuPay,RECURRING_BILLING_DISPUTE,Recurring Billing Dispute,2025-05-15,1499,508,159,2025-05-29,14,contested,lost,2025-06-05
DSP000213,TXN0052550,M000131,CUS0018763,Mastercard,CREDIT_NOT_PROCESSED,Credit Not Processed,2025-04-04,1499,569,170,2025-04-18,14,contested,lost,2025-04-23
DSP000214,TXN0052794,M000131,,Visa,SERVICE_NOT_RENDERED,Service Not Rendered,2025-03-28,1499,641,277,2025-04-13,16,contested,won,2025-05-11
DSP000215,TXN0053000,M000131,,Visa,CREDIT_NOT_PROCESSED,Credit Not Processed,2025-11-13,9999,0,0,2025-11-20,7,accepted,accepted_refunded,
DSP000216,TXN0053473,M000132,CUS0019007,Visa,CREDIT_NOT_PROCESSED,Credit Not Processed,2025-07-17,4999,422,225,2025-07-27,10,contested,won,2025-08-21
DSP000217,TXN0053425,M000132,CUS0019012,Visa,RECURRING_BILLING_DISPUTE,Recurring Billing Dispute,2025-02-15,4999,0,0,2025-03-08,21,accepted,accepted_refunded,
DSP000218,TXN0053317,M000132,CUS0019105,Visa,CREDIT_NOT_PROCESSED,Credit Not Processed,2025-12-04,14999,486,245,2025-12-18,14,contested,won,2025-12-25
DSP000219,TXN0054114,M000133,CUS0019177,Visa,MERCHANDISE_NOT_RECEIVED,Merchandise Not Received,2026-01-08,649,687,204,2026-01-29,21,contested,lost,2026-02-03
DSP000220,TXN0053777,M000133,CUS0019280,Visa,MERCHANDISE_NOT_RECEIVED,Merchandise Not Received,2026-01-20,3295,748,248,2026-02-10,21,contested,lost,2026-02-22
DSP000221,TXN0054141,M000134,,Mastercard,SERVICE_NOT_RENDERED,Service Not Rendered,2025-09-20,1499,619,219,2025-10-10,20,contested,lost,2025-10-14
DSP000222,TXN0054496,M000134,CUS0019492,Visa,DUPLICATE_TRANSACTION,Duplicate Transaction,2025-08-18,1499,691,290,2025-09-06,19,contested,lost,2025-09-13
DSP000223,TXN0054255,M000134,,Visa,UNAUTHORIZED_TRANSACTION,Unauthorized Transaction,2025-10-21,9999,0,0,2025-11-03,13,accepted,accepted_refunded,
DSP000224,TXN0054316,M000134,CUS0019515,Visa,SERVICE_NOT_RENDERED,Service Not Rendered,2025-05-29,1499,0,0,2025-06-10,12,accepted,accepted_refunded,
DSP000225,TXN0054798,M000135,CUS0019695,Mastercard,RECURRING_BILLING_DISPUTE,Recurring Billing Dispute,2025-09-05,8999,610,263,2025-09-18,13,contested,lost,2025-09-25
DSP000226,TXN0054780,M000135,,Visa,SERVICE_NOT_RENDERED,Service Not Rendered,2025-10-17,8999,536,229,2025-11-05,19,contested,lost,2025-11-27
DSP000227,TXN0055420,M000136,CUS0019783,Mastercard,SERVICE_NOT_RENDERED,Service Not Rendered,2025-05-02,1499,490,206,2025-05-10,8,contested,won,2025-05-27
DSP000228,TXN0055654,M000136,CUS0019791,Mastercard,MERCHANDISE_NOT_AS_DESCRIBED,Merchandise Not As Described,2025-07-15,1499,738,157,2025-07-28,13,contested,won,2025-08-16
DSP000229,TXN0055443,M000136,CUS0019779,Visa,CREDIT_NOT_PROCESSED,Credit Not Processed,2025-11-07,1499,508,156,2025-11-23,16,contested,lost,2025-11-29
DSP000230,TXN0055304,M000136,,Visa,RECURRING_BILLING_DISPUTE,Recurring Billing Dispute,2025-10-21,24999,409,274,2025-10-31,10,contested,lost,2025-11-17
DSP000231,TXN0056046,M000137,CUS0020062,RuPay,UNAUTHORIZED_TRANSACTION,Unauthorized Transaction,2025-10-10,1599,685,157,2025-10-26,16,contested,lost,2025-11-04
DSP000232,TXN0056133,M000137,,Mastercard,UNAUTHORIZED_TRANSACTION,Unauthorized Transaction,2025-03-14,4899,651,176,2025-03-25,11,contested,lost,2025-04-02
DSP000233,TXN0056343,M000138,CUS0020159,RuPay,UNAUTHORIZED_TRANSACTION,Unauthorized Transaction,2025-06-07,1145,565,197,2025-06-27,20,contested,lost,2025-07-22
DSP000234,TXN0056547,M000138,,Mastercard,UNAUTHORIZED_TRANSACTION,Unauthorized Transaction,2025-07-26,329,534,242,2025-08-04,9,contested,won,2025-08-31
DSP000235,TXN0056922,M000139,,Visa,CREDIT_NOT_PROCESSED,Credit Not Processed,2025-04-15,2999,610,300,2025-04-22,7,contested,lost,2025-05-05
DSP000236,TXN0057278,M000139,CUS0020445,RuPay,CREDIT_NOT_PROCESSED,Credit Not Processed,2025-08-29,399,0,0,2025-09-06,8,accepted,accepted_refunded,
DSP000237,TXN0057072,M000139,,Visa,RECURRING_BILLING_DISPUTE,Recurring Billing Dispute,2025-05-23,399,695,238,2025-06-09,17,contested,lost,2025-07-07
DSP000238,TXN0057420,M000140,,Visa,UNAUTHORIZED_TRANSACTION,Unauthorized Transaction,2025-09-04,1249,0,0,2025-09-19,15,accepted,accepted_refunded,
DSP000239,TXN0057645,M000140,,Visa,MERCHANDISE_NOT_RECEIVED,Merchandise Not Received,2026-01-20,1549,532,286,2026-02-05,16,contested,won,2026-02-25
DSP000240,TXN0057982,M000141,CUS0020803,Mastercard,UNAUTHORIZED_TRANSACTION,Unauthorized Transaction,2025-05-04,999,572,167,2025-05-21,17,contested,lost,2025-06-12
DSP000241,TXN0058037,M000141,,RuPay,CREDIT_NOT_PROCESSED,Credit Not Processed,2025-05-29,999,452,174,2025-06-16,18,contested,lost,2025-06-13
DSP000242,TXN0058155,M000141,CUS0020728,Visa,UNAUTHORIZED_TRANSACTION,Unauthorized Transaction,2025-11-03,3999,0,0,2025-11-24,21,accepted,accepted_refunded,
DSP000243,TXN0057908,M000141,,Visa,MERCHANDISE_NOT_AS_DESCRIBED,Merchandise Not As Described,2025-12-29,999,0,0,2026-01-05,7,accepted,accepted_refunded,
DSP000244,TXN0058744,M000142,,Visa,RECURRING_BILLING_DISPUTE,Recurring Billing Dispute,2026-02-25,14999,538,264,2026-03-18,21,contested,lost,2026-03-18
DSP000245,TXN0058570,M000142,,Visa,RECURRING_BILLING_DISPUTE,Recurring Billing Dispute,2025-02-25,14999,533,289,2025-03-15,18,contested,won,2025-04-08
DSP000246,TXN0058959,M000142,,Mastercard,SERVICE_NOT_RENDERED,Service Not Rendered,2025-05-28,9999,631,260,2025-06-07,10,contested,lost,2025-06-27
DSP000247,TXN0059028,M000143,,Mastercard,MERCHANDISE_NOT_RECEIVED,Merchandise Not Received,2025-09-07,2995,517,172,2025-09-21,14,contested,lost,2025-10-07
DSP000248,TXN0059429,M000143,CUS0021096,Mastercard,CREDIT_NOT_PROCESSED,Credit Not Processed,2025-03-14,1695,0,0,2025-03-22,8,accepted,accepted_refunded,
DSP000249,TXN0059528,M000144,,Visa,CREDIT_NOT_PROCESSED,Credit Not Processed,2026-02-12,499,605,241,2026-03-05,21,contested,won,2026-03-11
DSP000250,TXN0059887,M000144,CUS0021249,Visa,RECURRING_BILLING_DISPUTE,Recurring Billing Dispute,2025-09-04,24999,621,171,2025-09-23,19,contested,lost,2025-09-23
DSP000251,TXN0059830,M000144,CUS0021342,Mastercard,RECURRING_BILLING_DISPUTE,Recurring Billing Dispute,2025-04-27,2999,0,0,2025-05-15,18,accepted,accepted_refunded,
DSP000252,TXN0060566,M000145,,RuPay,UNAUTHORIZED_TRANSACTION,Unauthorized Transaction,2025-05-06,9999,0,0,2025-05-27,21,accepted,accepted_refunded,
DSP000253,TXN0060159,M000145,CUS0021466,Visa,CREDIT_NOT_PROCESSED,Credit Not Processed,2025-11-19,1499,534,235,2025-12-08,19,contested,won,2025-12-16
DSP000254,TXN0060714,M000146,,Visa,CREDIT_NOT_PROCESSED,Credit Not Processed,2026-02-09,1499,661,188,2026-02-18,9,contested,won,2026-03-25
DSP000255,TXN0060623,M000146,,Visa,SERVICE_NOT_RENDERED,Service Not Rendered,2025-12-23,1499,663,288,2026-01-11,19,contested,won,2026-01-07
DSP000256,TXN0061224,M000147,,Mastercard,DUPLICATE_TRANSACTION,Duplicate Transaction,2025-06-22,3999,680,184,2025-06-29,7,contested,won,2025-08-03
DSP000257,TXN0061318,M000147,CUS0021882,Mastercard,RECURRING_BILLING_DISPUTE,Recurring Billing Dispute,2026-01-07,3999,517,229,2026-01-24,17,contested,lost,2026-02-02
DSP000258,TXN0061624,M000147,,Mastercard,MERCHANDISE_NOT_AS_DESCRIBED,Merchandise Not As Described,2026-01-04,3999,0,0,2026-01-16,12,accepted,accepted_refunded,
DSP000259,TXN0061163,M000147,CUS0022004,Mastercard,RECURRING_BILLING_DISPUTE,Recurring Billing Dispute,2025-01-22,14999,0,0,2025-01-30,8,accepted,accepted_refunded,
DSP000260,TXN0061839,M000148,CUS0022078,Visa,SERVICE_NOT_RENDERED,Service Not Rendered,2025-12-29,2499,0,0,2026-01-09,11,accepted,accepted_refunded,
DSP000261,TXN0061784,M000148,,Mastercard,RECURRING_BILLING_DISPUTE,Recurring Billing Dispute,2026-01-20,2499,0,0,2026-02-03,14,accepted,accepted_refunded,
DSP000262,TXN0061647,M000148,,Mastercard,RECURRING_BILLING_DISPUTE,Recurring Billing Dispute,2025-03-04,8999,0,0,2025-03-17,13,accepted,accepted_refunded,
DSP000263,TXN0062621,M000149,,Mastercard,UNAUTHORIZED_TRANSACTION,Unauthorized Transaction,2025-09-20,799,590,217,2025-10-03,13,contested,lost,2025-10-19
DSP000264,TXN0062411,M000149,CUS0022222,Mastercard,UNAUTHORIZED_TRANSACTION,Unauthorized Transaction,2025-04-14,799,419,275,2025-04-23,9,contested,lost,2025-05-28
DSP000265,TXN0062551,M000149,,Visa,RECURRING_BILLING_DISPUTE,Recurring Billing Dispute,2025-05-07,2999,498,210,2025-05-19,12,contested,won,2025-05-23
DSP000266,TXN0062285,M000149,CUS0022347,RuPay,UNAUTHORIZED_TRANSACTION,Unauthorized Transaction,2025-06-24,799,450,231,2025-07-11,17,contested,won,2025-07-11
DSP000267,TXN0062829,M000150,CUS0022482,Visa,MERCHANDISE_NOT_RECEIVED,Merchandise Not Received,2026-01-16,1399,594,217,2026-01-23,7,contested,won,2026-02-15
DSP000268,TXN0063015,M000150,CUS0022517,Mastercard,MERCHANDISE_NOT_RECEIVED,Merchandise Not Received,2025-05-20,10795,451,234,2025-06-08,19,contested,won,2025-06-08
DSP000269,TXN0063127,M000150,CUS0022412,Mastercard,MERCHANDISE_NOT_RECEIVED,Merchandise Not Received,2025-06-21,1199,733,176,2025-07-02,11,contested,won,2025-07-19
DSP000270,TXN0063277,M000151,CUS0022736,RuPay,RECURRING_BILLING_DISPUTE,Recurring Billing Dispute,2025-01-24,49999,0,0,2025-02-12,19,accepted,accepted_refunded,
DSP000271,TXN0063584,M000151,,Visa,RECURRING_BILLING_DISPUTE,Recurring Billing Dispute,2025-04-21,2999,648,207,2025-05-08,17,contested,lost,2025-05-30
DSP000272,TXN0063475,M000151,,Visa,RECURRING_BILLING_DISPUTE,Recurring Billing Dispute,2025-07-04,49999,0,0,2025-07-23,19,accepted,accepted_refunded,
DSP000273,TXN0063825,M000152,,Visa,CREDIT_NOT_PROCESSED,Credit Not Processed,2025-04-11,4999,553,178,2025-04-26,15,contested,lost,2025-05-21
DSP000274,TXN0064167,M000152,CUS0022917,Visa,UNAUTHORIZED_TRANSACTION,Unauthorized Transaction,2025-10-09,999,567,177,2025-10-24,15,contested,won,2025-11-14
DSP000275,TXN0064051,M000152,,Visa,CREDIT_NOT_PROCESSED,Credit Not Processed,2025-01-23,4999,452,193,2025-02-08,16,contested,won,2025-03-03
DSP000276,TXN0064319,M000153,,Visa,UNAUTHORIZED_TRANSACTION,Unauthorized Transaction,2025-02-19,2499,706,169,2025-03-05,14,contested,lost,2025-03-06
DSP000277,TXN0064646,M000153,,Visa,RECURRING_BILLING_DISPUTE,Recurring Billing Dispute,2025-11-29,2499,603,265,2025-12-06,7,contested,lost,2025-12-27
DSP000278,TXN0064601,M000153,,Visa,UNAUTHORIZED_TRANSACTION,Unauthorized Transaction,2025-10-28,3999,0,0,2025-11-15,18,accepted,accepted_refunded,
DSP000279,TXN0064598,M000153,CUS0023003,Visa,SERVICE_NOT_RENDERED,Service Not Rendered,2025-09-03,2499,0,0,2025-09-15,12,accepted,accepted_refunded,
DSP000280,TXN0064924,M000154,CUS0023240,Mastercard,UNAUTHORIZED_TRANSACTION,Unauthorized Transaction,2026-01-15,2999,471,274,2026-01-25,10,contested,won,2026-01-29
DSP000281,TXN0065332,M000154,,RuPay,CREDIT_NOT_PROCESSED,Credit Not Processed,2026-01-31,14999,515,228,2026-02-07,7,contested,lost,2026-03-02
DSP000282,TXN0065609,M000155,CUS0023518,Visa,MERCHANDISE_NOT_RECEIVED,Merchandise Not Received,2025-02-15,799,727,189,2025-03-04,17,contested,lost,2025-03-07
DSP000283,TXN0065401,M000155,,Visa,MERCHANDISE_NOT_RECEIVED,Merchandise Not Received,2025-08-14,899,0,0,2025-09-04,21,accepted,accepted_refunded,
DSP000284,TXN0065763,M000155,,Visa,DUPLICATE_TRANSACTION,Duplicate Transaction,2025-07-28,949,425,180,2025-08-07,10,contested,won,2025-08-26
DSP000285,TXN0066330,M000156,CUS0023625,RuPay,UNAUTHORIZED_TRANSACTION,Unauthorized Transaction,2025-01-29,4999,406,232,2025-02-16,18,contested,lost,2025-02-27
DSP000286,TXN0066086,M000156,CUS0023668,Mastercard,SERVICE_NOT_RENDERED,Service Not Rendered,2025-08-16,399,499,261,2025-08-23,7,contested,won,2025-09-13
DSP000287,TXN0066429,M000156,,Mastercard,RECURRING_BILLING_DISPUTE,Recurring Billing Dispute,2026-01-02,399,0,0,2026-01-19,17,accepted,accepted_refunded,
DSP000288,TXN0066900,M000157,CUS0023869,Mastercard,RECURRING_BILLING_DISPUTE,Recurring Billing Dispute,2026-02-14,1499,507,212,2026-02-26,12,contested,lost,2026-03-03
DSP000289,TXN0066985,M000157,CUS0023776,RuPay,RECURRING_BILLING_DISPUTE,Recurring Billing Dispute,2025-12-29,999,507,151,2026-01-06,8,contested,won,2026-01-27
DSP000290,TXN0066911,M000157,,Mastercard,CREDIT_NOT_PROCESSED,Credit Not Processed,2025-12-30,999,0,0,2026-01-20,21,accepted,accepted_refunded,
DSP000291,TXN0066874,M000157,CUS0023875,Mastercard,SERVICE_NOT_RENDERED,Service Not Rendered,2026-02-26,999,720,284,2026-03-18,20,contested,won,2026-03-24
DSP000292,TXN0067214,M000158,CUS0024017,Visa,SERVICE_NOT_RENDERED,Service Not Rendered,2025-06-12,24999,548,196,2025-06-22,10,contested,lost,2025-07-26
DSP000293,TXN0067317,M000158,CUS0024000,Visa,RECURRING_BILLING_DISPUTE,Recurring Billing Dispute,2025-05-08,9999,645,297,2025-05-26,18,contested,lost,2025-06-18
DSP000294,TXN0067334,M000158,CUS0023937,Visa,MERCHANDISE_NOT_AS_DESCRIBED,Merchandise Not As Described,2025-08-22,24999,606,152,2025-09-09,18,contested,lost,2025-09-07
DSP000295,TXN0067060,M000158,,RuPay,CREDIT_NOT_PROCESSED,Credit Not Processed,2026-02-20,24999,0,0,2026-03-07,15,accepted,accepted_refunded,
DSP000296,TXN0067886,M000159,CUS0024111,Visa,SERVICE_NOT_RENDERED,Service Not Rendered,2025-10-24,2499,442,249,2025-11-14,21,contested,won,2025-11-21
DSP000297,TXN0068040,M000159,CUS0024146,Visa,SERVICE_NOT_RENDERED,Service Not Rendered,2025-08-18,2499,403,269,2025-08-28,10,contested,lost,2025-09-13
DSP000298,TXN0067631,M000159,CUS0024238,Visa,RECURRING_BILLING_DISPUTE,Recurring Billing Dispute,2025-04-04,14999,0,0,2025-04-25,21,accepted,accepted_refunded,
DSP000299,TXN0068536,M000160,,Mastercard,RECURRING_BILLING_DISPUTE,Recurring Billing Dispute,2025-11-04,999,477,294,2025-11-21,17,contested,lost,2025-12-18
DSP000300,TXN0068165,M000160,CUS0024388,Visa,SERVICE_NOT_RENDERED,Service Not Rendered,2026-01-13,999,513,275,2026-01-27,14,contested,lost,2026-02-24
DSP000301,TXN0068627,M000161,CUS0024615,RuPay,CREDIT_NOT_PROCESSED,Credit Not Processed,2025-08-27,479,517,249,2025-09-08,12,contested,lost,2025-09-17
DSP000302,TXN0069094,M000161,CUS0024678,Visa,MERCHANDISE_NOT_AS_DESCRIBED,Merchandise Not As Described,2025-04-22,799,629,177,2025-05-06,14,contested,lost,2025-05-14
DSP000303,TXN0069615,M000162,CUS0024839,Mastercard,MERCHANDISE_NOT_AS_DESCRIBED,Merchandise Not As Described,2025-09-21,4999,0,0,2025-10-06,15,accepted,accepted_refunded,
DSP000304,TXN0069473,M000162,,Visa,RECURRING_BILLING_DISPUTE,Recurring Billing Dispute,2026-01-19,1499,597,157,2026-01-27,8,contested,lost,2026-02-17
DSP000305,TXN0069405,M000162,CUS0024785,Mastercard,RECURRING_BILLING_DISPUTE,Recurring Billing Dispute,2025-08-14,1499,0,0,2025-08-22,8,accepted,accepted_refunded,
DSP000306,TXN0069527,M000162,CUS0024721,RuPay,UNAUTHORIZED_TRANSACTION,Unauthorized Transaction,2025-11-29,24999,0,0,2025-12-08,9,accepted,accepted_refunded,
DSP000307,TXN0069276,M000162,CUS0024725,Visa,RECURRING_BILLING_DISPUTE,Recurring Billing Dispute,2025-02-28,1499,0,0,2025-03-10,10,accepted,accepted_refunded,
DSP000308,TXN0070088,M000163,CUS0025025,Visa,UNAUTHORIZED_TRANSACTION,Unauthorized Transaction,2025-11-28,999,0,0,2025-12-05,7,accepted,accepted_refunded,
DSP000309,TXN0070147,M000163,CUS0025022,Mastercard,RECURRING_BILLING_DISPUTE,Recurring Billing Dispute,2025-04-15,999,631,277,2025-04-23,8,contested,won,2025-05-12
DSP000310,TXN0069849,M000163,CUS0025060,RuPay,RECURRING_BILLING_DISPUTE,Recurring Billing Dispute,2026-01-19,2499,0,0,2026-02-03,15,accepted,accepted_refunded,
DSP000311,TXN0069913,M000163,CUS0024968,Visa,SERVICE_NOT_RENDERED,Service Not Rendered,2026-02-27,3999,583,190,2026-03-20,21,contested,lost,2026-03-16
DSP000312,TXN0070253,M000164,,Mastercard,CREDIT_NOT_PROCESSED,Credit Not Processed,2026-02-16,14999,599,239,2026-03-09,21,contested,lost,2026-03-04
DSP000313,TXN0070431,M000164,,Visa,RECURRING_BILLING_DISPUTE,Recurring Billing Dispute,2025-03-25,8999,0,0,2025-04-04,10,accepted,accepted_refunded,
DSP000314,TXN0070321,M000164,,RuPay,CREDIT_NOT_PROCESSED,Credit Not Processed,2025-06-14,24999,407,201,2025-06-22,8,contested,lost,2025-07-07
DSP000315,TXN0070426,M000164,,Mastercard,RECURRING_BILLING_DISPUTE,Recurring Billing Dispute,2025-03-25,8999,571,237,2025-04-02,8,contested,lost,2025-04-16
DSP000316,TXN0071000,M000165,,Visa,MERCHANDISE_NOT_RECEIVED,Merchandise Not Received,2025-07-01,3595,530,251,2025-07-17,16,contested,won,2025-07-27
DSP000317,TXN0070778,M000165,,Visa,UNAUTHORIZED_TRANSACTION,Unauthorized Transaction,2025-05-11,3299,0,0,2025-05-25,14,accepted,accepted_refunded,
DSP000318,TXN0071353,M000166,,RuPay,DUPLICATE_TRANSACTION,Duplicate Transaction,2026-01-04,1549,666,158,2026-01-18,14,contested,lost,2026-01-22
DSP000319,TXN0071865,M000167,,Mastercard,MERCHANDISE_NOT_RECEIVED,Merchandise Not Received,2025-05-12,16199,0,0,2025-06-02,21,accepted,accepted_refunded,
DSP000320,TXN0072709,M000168,CUS0025926,Mastercard,MERCHANDISE_NOT_AS_DESCRIBED,Merchandise Not As Described,2025-04-11,1499,693,227,2025-04-22,11,contested,lost,2025-05-15
DSP000321,TXN0072381,M000168,CUS0025940,Mastercard,CREDIT_NOT_PROCESSED,Credit Not Processed,2025-07-05,1499,421,257,2025-07-22,17,contested,lost,2025-08-07
DSP000322,TXN0072616,M000168,CUS0025944,RuPay,RECURRING_BILLING_DISPUTE,Recurring Billing Dispute,2025-09-02,499,670,223,2025-09-12,10,contested,lost,2025-10-01
DSP000323,TXN0072696,M000168,,Mastercard,UNAUTHORIZED_TRANSACTION,Unauthorized Transaction,2025-05-23,14999,0,0,2025-06-13,21,accepted,accepted_refunded,
DSP000324,TXN0073274,M000169,CUS0026099,Mastercard,MERCHANDISE_NOT_AS_DESCRIBED,Merchandise Not As Described,2025-07-14,2649,687,232,2025-07-23,9,contested,lost,2025-08-12
DSP000325,TXN0073408,M000169,,Visa,DUPLICATE_TRANSACTION,Duplicate Transaction,2025-02-12,1795,610,244,2025-02-25,13,contested,won,2025-03-12
DSP000326,TXN0073926,M000170,CUS0026335,Visa,SERVICE_NOT_RENDERED,Service Not Rendered,2025-12-31,24999,0,0,2026-01-13,13,accepted,accepted_refunded,
DSP000327,TXN0073797,M000170,CUS0026346,Visa,SERVICE_NOT_RENDERED,Service Not Rendered,2025-10-07,14999,539,258,2025-10-18,11,contested,lost,2025-11-03
DSP000328,TXN0073905,M000170,CUS0026277,Visa,RECURRING_BILLING_DISPUTE,Recurring Billing Dispute,2025-09-11,999,653,239,2025-09-21,10,contested,won,2025-09-30
DSP000329,TXN0074338,M000171,,Visa,CREDIT_NOT_PROCESSED,Credit Not Processed,2025-12-22,2999,471,245,2026-01-09,18,contested,lost,2026-02-03
DSP000330,TXN0074302,M000171,,Mastercard,RECURRING_BILLING_DISPUTE,Recurring Billing Dispute,2025-03-24,399,556,150,2025-04-14,21,contested,won,2025-04-18
DSP000331,TXN0074369,M000171,CUS0026414,Visa,RECURRING_BILLING_DISPUTE,Recurring Billing Dispute,2025-09-05,9999,0,0,2025-09-24,19,accepted,accepted_refunded,
DSP000332,TXN0074805,M000172,,Visa,RECURRING_BILLING_DISPUTE,Recurring Billing Dispute,2025-12-10,399,454,189,2025-12-21,11,contested,won,2026-01-06
DSP000333,TXN0074960,M000172,CUS0026638,Visa,RECURRING_BILLING_DISPUTE,Recurring Billing Dispute,2025-09-20,399,462,218,2025-09-30,10,contested,won,2025-10-07
DSP000334,TXN0074691,M000172,,Mastercard,SERVICE_NOT_RENDERED,Service Not Rendered,2025-08-14,399,522,171,2025-08-24,10,contested,won,2025-09-11
DSP000335,TXN0074693,M000172,CUS0026615,Mastercard,SERVICE_NOT_RENDERED,Service Not Rendered,2025-12-26,399,581,270,2026-01-09,14,contested,won,2026-01-26
DSP000336,TXN0075513,M000173,,Mastercard,MERCHANDISE_NOT_RECEIVED,Merchandise Not Received,2025-07-09,1899,0,0,2025-07-20,11,accepted,accepted_refunded,
DSP000337,TXN0075652,M000174,CUS0027026,RuPay,MERCHANDISE_NOT_RECEIVED,Merchandise Not Received,2025-07-29,1245,558,174,2025-08-14,16,contested,won,2025-08-30
DSP000338,TXN0075797,M000174,CUS0027126,Mastercard,MERCHANDISE_NOT_AS_DESCRIBED,Merchandise Not As Described,2025-06-23,3899,0,0,2025-07-04,11,accepted,accepted_refunded,
DSP000339,TXN0076438,M000175,CUS0027218,RuPay,MERCHANDISE_NOT_AS_DESCRIBED,Merchandise Not As Described,2026-01-06,2149,620,220,2026-01-14,8,contested,lost,2026-02-17
DSP000340,TXN0076710,M000176,CUS0027538,Mastercard,MERCHANDISE_NOT_AS_DESCRIBED,Merchandise Not As Described,2025-05-28,8999,556,270,2025-06-13,16,contested,won,2025-06-29
DSP000341,TXN0076815,M000176,CUS0027464,Visa,SERVICE_NOT_RENDERED,Service Not Rendered,2025-05-24,8999,0,0,2025-06-03,10,accepted,accepted_refunded,
DSP000342,TXN0076849,M000176,CUS0027426,Visa,SERVICE_NOT_RENDERED,Service Not Rendered,2025-05-06,1499,646,150,2025-05-19,13,contested,lost,2025-06-06
DSP000343,TXN0077665,M000177,CUS0027602,Visa,MERCHANDISE_NOT_AS_DESCRIBED,Merchandise Not As Described,2025-11-11,799,0,0,2025-11-30,19,accepted,accepted_refunded,
DSP000344,TXN0077697,M000177,CUS0027560,Visa,UNAUTHORIZED_TRANSACTION,Unauthorized Transaction,2026-02-11,899,662,291,2026-02-22,11,contested,lost,2026-03-26
DSP000345,TXN0077956,M000178,CUS0027814,Visa,MERCHANDISE_NOT_RECEIVED,Merchandise Not Received,2025-11-21,479,0,0,2025-11-28,7,accepted,accepted_refunded,
DSP000346,TXN0077896,M000178,CUS0027922,Mastercard,CREDIT_NOT_PROCESSED,Credit Not Processed,2025-05-08,3649,0,0,2025-05-16,8,accepted,accepted_refunded,
DSP000347,TXN0078602,M000179,,Mastercard,MERCHANDISE_NOT_RECEIVED,Merchandise Not Received,2025-08-31,245,431,194,2025-09-16,16,contested,lost,2025-09-28
DSP000348,TXN0079055,M000180,,Mastercard,UNAUTHORIZED_TRANSACTION,Unauthorized Transaction,2025-10-12,1499,0,0,2025-10-28,16,accepted,accepted_refunded,
DSP000349,TXN0078784,M000180,,Visa,DUPLICATE_TRANSACTION,Duplicate Transaction,2025-04-25,1499,518,292,2025-05-02,7,contested,lost,2025-06-05
DSP000350,TXN0078823,M000180,CUS0028212,RuPay,UNAUTHORIZED_TRANSACTION,Unauthorized Transaction,2025-10-16,9999,443,265,2025-10-26,10,contested,won,2025-11-13
DSP000351,TXN0079156,M000180,CUS0028205,Visa,RECURRING_BILLING_DISPUTE,Recurring Billing Dispute,2025-04-08,1499,0,0,2025-04-23,15,accepted,accepted_refunded,
DSP000352,TXN0079701,M000181,CUS0028352,Visa,RECURRING_BILLING_DISPUTE,Recurring Billing Dispute,2025-12-06,5999,503,172,2025-12-20,14,contested,lost,2026-01-18
DSP000353,TXN0079599,M000181,CUS0028368,RuPay,SERVICE_NOT_RENDERED,Service Not Rendered,2025-02-03,24999,0,0,2025-02-18,15,accepted,accepted_refunded,
DSP000354,TXN0079393,M000181,CUS0028371,Mastercard,RECURRING_BILLING_DISPUTE,Recurring Billing Dispute,2025-07-12,999,416,288,2025-07-29,17,contested,lost,2025-08-16
DSP000355,TXN0079441,M000181,CUS0028461,Mastercard,MERCHANDISE_NOT_AS_DESCRIBED,Merchandise Not As Described,2025-07-03,14999,0,0,2025-07-10,7,accepted,accepted_refunded,
DSP000356,TXN0079911,M000182,CUS0028597,Mastercard,RECURRING_BILLING_DISPUTE,Recurring Billing Dispute,2025-07-07,5999,668,150,2025-07-20,13,contested,won,2025-08-07
DSP000357,TXN0080101,M000182,,Mastercard,RECURRING_BILLING_DISPUTE,Recurring Billing Dispute,2026-01-24,3999,0,0,2026-02-14,21,accepted,accepted_refunded,
DSP000358,TXN0079879,M000182,CUS0028531,Mastercard,SERVICE_NOT_RENDERED,Service Not Rendered,2025-03-17,5999,466,236,2025-03-24,7,contested,won,2025-04-08
DSP000359,TXN0080025,M000182,CUS0028553,Visa,SERVICE_NOT_RENDERED,Service Not Rendered,2025-09-18,3999,512,263,2025-10-07,19,contested,won,2025-10-23
DSP000360,TXN0080390,M000183,CUS0028705,Visa,MERCHANDISE_NOT_AS_DESCRIBED,Merchandise Not As Described,2026-02-14,1499,0,0,2026-02-22,8,accepted,accepted_refunded,
DSP000361,TXN0080810,M000183,CUS0028816,Visa,RECURRING_BILLING_DISPUTE,Recurring Billing Dispute,2025-05-15,999,0,0,2025-05-22,7,accepted,accepted_refunded,
DSP000362,TXN0080821,M000183,,Visa,RECURRING_BILLING_DISPUTE,Recurring Billing Dispute,2025-06-30,999,0,0,2025-07-16,16,accepted,accepted_refunded,
DSP000363,TXN0080653,M000183,CUS0028706,Visa,MERCHANDISE_NOT_AS_DESCRIBED,Merchandise Not As Described,2025-09-20,999,601,257,2025-09-29,9,contested,won,2025-10-15
DSP000364,TXN0081128,M000184,,RuPay,SERVICE_NOT_RENDERED,Service Not Rendered,2025-06-18,24999,0,0,2025-07-09,21,accepted,accepted_refunded,
DSP000365,TXN0081165,M000184,,Visa,SERVICE_NOT_RENDERED,Service Not Rendered,2026-02-11,1499,0,0,2026-02-24,13,accepted,accepted_refunded,
DSP000366,TXN0081217,M000184,CUS0029024,RuPay,CREDIT_NOT_PROCESSED,Credit Not Processed,2025-06-05,999,0,0,2025-06-17,12,accepted,accepted_refunded,
DSP000367,TXN0081082,M000184,CUS0029005,Mastercard,UNAUTHORIZED_TRANSACTION,Unauthorized Transaction,2025-04-27,999,0,0,2025-05-06,9,accepted,accepted_refunded,
DSP000368,TXN0081466,M000185,,RuPay,RECURRING_BILLING_DISPUTE,Recurring Billing Dispute,2026-01-17,49999,465,163,2026-02-01,15,contested,won,2026-02-17
DSP000369,TXN0081692,M000185,,Mastercard,RECURRING_BILLING_DISPUTE,Recurring Billing Dispute,2025-11-03,2999,0,0,2025-11-11,8,accepted,accepted_refunded,
DSP000370,TXN0081626,M000185,CUS0029252,Visa,RECURRING_BILLING_DISPUTE,Recurring Billing Dispute,2026-01-12,2999,0,0,2026-01-27,15,accepted,accepted_refunded,
DSP000371,TXN0081461,M000185,,Mastercard,UNAUTHORIZED_TRANSACTION,Unauthorized Transaction,2025-08-08,2999,0,0,2025-08-28,20,accepted,accepted_refunded,
DSP000372,TXN0082045,M000186,CUS0029339,Mastercard,RECURRING_BILLING_DISPUTE,Recurring Billing Dispute,2025-08-02,999,0,0,2025-08-12,10,accepted,accepted_refunded,
DSP000373,TXN0082215,M000186,CUS0029293,Mastercard,MERCHANDISE_NOT_AS_DESCRIBED,Merchandise Not As Described,2025-06-28,999,735,250,2025-07-07,9,contested,lost,2025-07-22
DSP000374,TXN0082885,M000187,,Visa,CREDIT_NOT_PROCESSED,Credit Not Processed,2025-04-29,999,0,0,2025-05-12,13,accepted,accepted_refunded,
DSP000375,TXN0082602,M000187,,Visa,MERCHANDISE_NOT_AS_DESCRIBED,Merchandise Not As Described,2025-09-20,999,618,258,2025-09-27,7,contested,lost,2025-11-02
DSP000376,TXN0082577,M000187,CUS0029628,Mastercard,RECURRING_BILLING_DISPUTE,Recurring Billing Dispute,2026-02-01,999,704,231,2026-02-15,14,contested,won,2026-02-21
DSP000377,TXN0083512,M000188,,Mastercard,CREDIT_NOT_PROCESSED,Credit Not Processed,2025-12-29,8999,0,0,2026-01-13,15,accepted,accepted_refunded,
DSP000378,TXN0083485,M000188,CUS0029780,Visa,SERVICE_NOT_RENDERED,Service Not Rendered,2025-10-20,2499,401,269,2025-11-08,19,contested,lost,2025-11-26
DSP000379,TXN0083398,M000188,CUS0029709,Visa,CREDIT_NOT_PROCESSED,Credit Not Processed,2025-03-02,1499,0,0,2025-03-23,21,accepted,accepted_refunded,
DSP000380,TXN0083350,M000188,CUS0029723,RuPay,UNAUTHORIZED_TRANSACTION,Unauthorized Transaction,2025-09-25,8999,0,0,2025-10-04,9,accepted,accepted_refunded,
DSP000381,TXN0084089,M000189,CUS0029871,Mastercard,CREDIT_NOT_PROCESSED,Credit Not Processed,2025-08-05,2999,698,222,2025-08-17,12,contested,lost,2025-08-25
DSP000382,TXN0083902,M000189,CUS0029974,Visa,SERVICE_NOT_RENDERED,Service Not Rendered,2025-11-13,2999,413,300,2025-11-20,7,contested,won,2025-12-19
DSP000383,TXN0083788,M000189,CUS0029986,Visa,RECURRING_BILLING_DISPUTE,Recurring Billing Dispute,2025-09-30,14999,0,0,2025-10-20,20,accepted,accepted_refunded,
DSP000384,TXN0084573,M000190,,Mastercard,UNAUTHORIZED_TRANSACTION,Unauthorized Transaction,2025-08-31,1499,0,0,2025-09-21,21,accepted,accepted_refunded,
DSP000385,TXN0084316,M000190,CUS0030040,Visa,UNAUTHORIZED_TRANSACTION,Unauthorized Transaction,2025-06-13,1499,490,227,2025-06-30,17,contested,lost,2025-07-06
DSP000386,TXN0084138,M000190,CUS0030156,Visa,MERCHANDISE_NOT_AS_DESCRIBED,Merchandise Not As Described,2025-07-11,9999,0,0,2025-07-18,7,accepted,accepted_refunded,
DSP000387,TXN0084581,M000190,CUS0030218,Visa,SERVICE_NOT_RENDERED,Service Not Rendered,2025-05-17,2999,0,0,2025-06-02,16,accepted,accepted_refunded,
DSP000388,TXN0084750,M000191,CUS0030411,Visa,CREDIT_NOT_PROCESSED,Credit Not Processed,2026-01-14,749,446,292,2026-01-29,15,contested,won,2026-02-15
DSP000389,TXN0084853,M000191,CUS0030257,RuPay,MERCHANDISE_NOT_RECEIVED,Merchandise Not Received,2025-11-18,749,0,0,2025-12-09,21,accepted,accepted_refunded,
DSP000390,TXN0084742,M000191,CUS0030303,RuPay,MERCHANDISE_NOT_AS_DESCRIBED,Merchandise Not As Described,2026-02-03,2745,613,182,2026-02-24,21,contested,lost,2026-03-03
DSP000391,TXN0085249,M000192,CUS0030545,RuPay,MERCHANDISE_NOT_RECEIVED,Merchandise Not Received,2025-03-11,5699,718,171,2025-03-19,8,contested,lost,2025-04-20
DSP000392,TXN0085239,M000192,CUS0030551,Visa,UNAUTHORIZED_TRANSACTION,Unauthorized Transaction,2025-09-09,2695,600,220,2025-09-20,11,contested,won,2025-10-15
DSP000393,TXN0085335,M000192,CUS0030418,Visa,UNAUTHORIZED_TRANSACTION,Unauthorized Transaction,2025-05-17,2099,0,0,2025-05-25,8,accepted,accepted_refunded,
DSP000394,TXN0085958,M000193,CUS0030767,Mastercard,SERVICE_NOT_RENDERED,Service Not Rendered,2025-11-16,1499,410,161,2025-12-06,20,contested,won,2025-12-17
DSP000395,TXN0086257,M000193,,Visa,RECURRING_BILLING_DISPUTE,Recurring Billing Dispute,2025-09-10,999,663,172,2025-09-28,18,contested,won,2025-10-07
DSP000396,TXN0085955,M000193,CUS0030686,RuPay,RECURRING_BILLING_DISPUTE,Recurring Billing Dispute,2025-12-08,24999,715,205,2025-12-21,13,contested,lost,2026-01-03
DSP000397,TXN0085998,M000193,,Visa,SERVICE_NOT_RENDERED,Service Not Rendered,2025-05-23,499,0,0,2025-06-12,20,accepted,accepted_refunded,
DSP000398,TXN0086254,M000193,CUS0030774,Mastercard,CREDIT_NOT_PROCESSED,Credit Not Processed,2025-03-12,24999,413,259,2025-03-30,18,contested,won,2025-04-11
DSP000399,TXN0086655,M000194,,Visa,MERCHANDISE_NOT_RECEIVED,Merchandise Not Received,2025-07-21,2149,0,0,2025-08-03,13,accepted,accepted_refunded,
DSP000400,TXN0086589,M000194,CUS0030810,Visa,DUPLICATE_TRANSACTION,Duplicate Transaction,2025-12-27,949,615,275,2026-01-04,8,contested,lost,2026-01-11
DSP000401,TXN0089191,M000195,,Visa,UNAUTHORIZED_TRANSACTION,Unauthorized Transaction,2025-02-23,21999,586,174,2025-03-12,17,contested,lost,2025-03-10
DSP000402,TXN0088331,M000195,CUS0031407,RuPay,SERVICE_NOT_RENDERED,Service Not Rendered,2025-03-22,2195,709,156,2025-03-31,9,contested,won,2025-04-10
DSP000403,TXN0088021,M000195,,RuPay,CREDIT_NOT_PROCESSED,Credit Not Processed,2025-10-06,8299,0,0,2025-10-20,14,accepted,accepted_refunded,
DSP000404,TXN0087478,M000195,CUS0031427,Mastercard,CREDIT_NOT_PROCESSED,Credit Not Processed,2026-01-21,17799,0,0,2026-01-31,10,accepted,accepted_refunded,
DSP000405,TXN0086907,M000195,CUS0031623,Visa,MERCHANDISE_NOT_AS_DESCRIBED,Merchandise Not As Described,2025-09-24,11599,0,0,2025-10-15,21,accepted,accepted_refunded,
DSP000406,TXN0087863,M000195,,Visa,SERVICE_NOT_RENDERED,Service Not Rendered,2025-10-10,10695,0,0,2025-10-17,7,accepted,accepted_refunded,
DSP000407,TXN0087598,M000195,CUS0031805,Visa,MERCHANDISE_NOT_AS_DESCRIBED,Merchandise Not As Described,2025-09-14,5999,638,168,2025-09-30,16,contested,lost,2025-10-28
DSP000408,TXN0087235,M000195,CUS0031922,Mastercard,UNAUTHORIZED_TRANSACTION,Unauthorized Transaction,2025-11-23,4799,0,0,2025-12-12,19,accepted,accepted_refunded,
DSP000409,TXN0088496,M000195,,Visa,CREDIT_NOT_PROCESSED,Credit Not Processed,2025-01-31,20495,621,176,2025-02-09,9,contested,lost,2025-03-01
DSP000410,TXN0087283,M000195,CUS0031832,Visa,CREDIT_NOT_PROCESSED,Credit Not Processed,2025-09-29,33995,450,262,2025-10-16,17,contested,lost,2025-10-21
DSP000411,TXN0087936,M000195,CUS0031271,Mastercard,SERVICE_NOT_RENDERED,Service Not Rendered,2025-04-16,9395,467,262,2025-04-23,7,contested,lost,2025-05-14
DSP000412,TXN0087600,M000195,CUS0031442,Visa,SERVICE_NOT_RENDERED,Service Not Rendered,2025-09-25,16199,0,0,2025-10-02,7,accepted,accepted_refunded,
DSP000413,TXN0086891,M000195,,Visa,SERVICE_NOT_RENDERED,Service Not Rendered,2025-08-03,4445,605,243,2025-08-12,9,contested,lost,2025-08-31
DSP000414,TXN0091236,M000196,,Visa,MERCHANDISE_NOT_AS_DESCRIBED,Merchandise Not As Described,2025-02-18,999,411,256,2025-03-02,12,contested,lost,2025-03-28
DSP000415,TXN0089918,M000196,CUS0032841,Mastercard,RECURRING_BILLING_DISPUTE,Recurring Billing Dispute,2025-03-28,2999,721,299,2025-04-11,14,contested,won,2025-04-27
DSP000416,TXN0089754,M000196,CUS0031957,Visa,RECURRING_BILLING_DISPUTE,Recurring Billing Dispute,2025-09-01,999,599,193,2025-09-12,11,contested,lost,2025-10-10
DSP000417,TXN0089604,M000196,CUS0032035,Visa,UNAUTHORIZED_TRANSACTION,Unauthorized Transaction,2025-03-15,999,450,150,2025-03-29,14,contested,won,2025-04-11
DSP000418,TXN0091622,M000196,,RuPay,UNAUTHORIZED_TRANSACTION,Unauthorized Transaction,2025-09-21,999,0,0,2025-10-09,18,accepted,accepted_refunded,
DSP000419,TXN0091195,M000196,CUS0032748,RuPay,CREDIT_NOT_PROCESSED,Credit Not Processed,2025-04-07,999,0,0,2025-04-17,10,accepted,accepted_refunded,
DSP000420,TXN0089870,M000196,CUS0032100,Mastercard,SERVICE_NOT_RENDERED,Service Not Rendered,2025-11-25,9999,476,213,2025-12-13,18,contested,won,2026-01-04
DSP000421,TXN0090045,M000196,,RuPay,SERVICE_NOT_RENDERED,Service Not Rendered,2025-11-24,999,666,254,2025-12-14,20,contested,won,2025-12-21
DSP000422,TXN0091921,M000196,CUS0032113,Visa,UNAUTHORIZED_TRANSACTION,Unauthorized Transaction,2025-06-07,999,627,244,2025-06-15,8,contested,lost,2025-07-03
DSP000423,TXN0090162,M000196,CUS0032859,Mastercard,CREDIT_NOT_PROCESSED,Credit Not Processed,2025-08-09,2999,711,180,2025-08-29,20,contested,lost,2025-09-10
DSP000424,TXN0092161,M000196,CUS0032677,Visa,SERVICE_NOT_RENDERED,Service Not Rendered,2025-04-18,999,527,257,2025-04-27,9,contested,lost,2025-05-25
DSP000425,TXN0091384,M000196,CUS0032866,RuPay,MERCHANDISE_NOT_AS_DESCRIBED,Merchandise Not As Described,2025-05-10,2999,513,256,2025-05-27,17,contested,lost,2025-05-28
DSP000426,TXN0091551,M000196,CUS0032707,Mastercard,SERVICE_NOT_RENDERED,Service Not Rendered,2026-02-08,999,448,173,2026-02-16,8,contested,lost,2026-03-12
DSP000427,TXN0093273,M000197,CUS0033311,RuPay,CREDIT_NOT_PROCESSED,Credit Not Processed,2025-01-22,9999,728,297,2025-01-31,9,contested,won,2025-03-03
DSP000428,TXN0093568,M000197,,Visa,RECURRING_BILLING_DISPUTE,Recurring Billing Dispute,2025-09-05,9999,535,248,2025-09-17,12,contested,won,2025-10-09
DSP000429,TXN0092398,M000197,,Mastercard,RECURRING_BILLING_DISPUTE,Recurring Billing Dispute,2025-09-10,999,642,242,2025-09-18,8,contested,lost,2025-09-24
DSP000430,TXN0093086,M000197,CUS0033845,RuPay,CREDIT_NOT_PROCESSED,Credit Not Processed,2026-01-18,24999,646,270,2026-02-06,19,contested,lost,2026-03-04
DSP000431,TXN0093378,M000197,CUS0033343,Mastercard,UNAUTHORIZED_TRANSACTION,Unauthorized Transaction,2025-11-25,999,659,259,2025-12-04,9,contested,lost,2025-12-12
DSP000432,TXN0094015,M000197,CUS0033038,Visa,CREDIT_NOT_PROCESSED,Credit Not Processed,2025-08-10,999,433,207,2025-08-17,7,contested,lost,2025-09-18
DSP000433,TXN0092455,M000197,CUS0033585,Mastercard,UNAUTHORIZED_TRANSACTION,Unauthorized Transaction,2025-12-23,999,637,257,2026-01-07,15,contested,lost,2026-01-30
DSP000434,TXN0093942,M000197,CUS0032981,RuPay,MERCHANDISE_NOT_AS_DESCRIBED,Merchandise Not As Described,2025-12-24,24999,427,280,2026-01-14,21,contested,lost,2026-02-04
DSP000435,TXN0092823,M000197,CUS0033327,RuPay,SERVICE_NOT_RENDERED,Service Not Rendered,2026-02-11,999,0,0,2026-02-26,15,accepted,accepted_refunded,
DSP000436,TXN0092412,M000197,,Mastercard,RECURRING_BILLING_DISPUTE,Recurring Billing Dispute,2025-06-18,24999,649,239,2025-06-29,11,contested,lost,2025-07-10
DSP000437,TXN0092414,M000197,,Visa,CREDIT_NOT_PROCESSED,Credit Not Processed,2025-06-08,999,533,290,2025-06-21,13,contested,lost,2025-07-06
DSP000438,TXN0092294,M000197,CUS0033507,Visa,MERCHANDISE_NOT_AS_DESCRIBED,Merchandise Not As Described,2025-12-30,24999,0,0,2026-01-19,20,accepted,accepted_refunded,
DSP000439,TXN0092659,M000197,CUS0033090,Mastercard,SERVICE_NOT_RENDERED,Service Not Rendered,2025-05-04,999,0,0,2025-05-21,17,accepted,accepted_refunded,
DSP000440,TXN0095220,M000198,,Mastercard,MERCHANDISE_NOT_AS_DESCRIBED,Merchandise Not As Described,2025-02-24,1549,0,0,2025-03-05,9,accepted,accepted_refunded,
DSP000441,TXN0095204,M000198,CUS0034083,Visa,MERCHANDISE_NOT_RECEIVED,Merchandise Not Received,2025-07-22,1799,475,278,2025-08-12,21,contested,won,2025-09-04
DSP000442,TXN0096447,M000198,CUS0034200,Visa,MERCHANDISE_NOT_AS_DESCRIBED,Merchandise Not As Described,2025-12-06,4699,591,209,2025-12-13,7,contested,won,2025-12-26
DSP000443,TXN0096675,M000198,CUS0034389,RuPay,MERCHANDISE_NOT_AS_DESCRIBED,Merchandise Not As Described,2025-04-01,1849,0,0,2025-04-22,21,accepted,accepted_refunded,
DSP000444,TXN0096715,M000198,,Mastercard,MERCHANDISE_NOT_AS_DESCRIBED,Merchandise Not As Described,2025-04-06,1999,410,202,2025-04-17,11,contested,won,2025-04-29
DSP000445,TXN0095002,M000198,,Visa,CREDIT_NOT_PROCESSED,Credit Not Processed,2025-03-05,349,0,0,2025-03-24,19,accepted,accepted_refunded,
DSP000446,TXN0095404,M000198,CUS0034408,Visa,CREDIT_NOT_PROCESSED,Credit Not Processed,2025-06-14,285,483,189,2025-06-28,14,contested,lost,2025-06-28
DSP000447,TXN0096073,M000198,CUS0034280,RuPay,MERCHANDISE_NOT_RECEIVED,Merchandise Not Received,2025-02-23,1349,546,167,2025-03-10,15,contested,won,2025-03-11
DSP000448,TXN0095460,M000198,CUS0034230,Visa,MERCHANDISE_NOT_RECEIVED,Merchandise Not Received,2025-07-09,1649,597,275,2025-07-26,17,contested,won,2025-08-04
DSP000449,TXN0094964,M000198,CUS0034502,Mastercard,CREDIT_NOT_PROCESSED,Credit Not Processed,2025-12-21,1899,626,295,2026-01-10,20,contested,won,2026-01-31
DSP000450,TXN0098106,M000199,CUS0035653,Visa,SERVICE_NOT_RENDERED,Service Not Rendered,2025-05-25,10699,559,177,2025-06-05,11,contested,won,2025-06-28
DSP000451,TXN0098384,M000199,CUS0035259,Visa,MERCHANDISE_NOT_AS_DESCRIBED,Merchandise Not As Described,2026-02-04,7199,0,0,2026-02-19,15,accepted,accepted_refunded,
DSP000452,TXN0098470,M000199,CUS0035639,Visa,MERCHANDISE_NOT_AS_DESCRIBED,Merchandise Not As Described,2025-09-16,5095,513,152,2025-09-29,13,contested,won,2025-10-05
DSP000453,TXN0098465,M000199,CUS0035617,Mastercard,SERVICE_NOT_RENDERED,Service Not Rendered,2025-04-16,6099,406,174,2025-04-29,13,contested,won,2025-05-21
DSP000454,TXN0098505,M000199,,Visa,SERVICE_NOT_RENDERED,Service Not Rendered,2025-05-09,15499,416,225,2025-05-29,20,contested,won,2025-06-15
DSP000455,TXN0097965,M000199,CUS0035419,Mastercard,CREDIT_NOT_PROCESSED,Credit Not Processed,2025-03-26,7299,679,250,2025-04-02,7,contested,won,2025-04-28
DSP000456,TXN0098880,M000199,,Visa,CREDIT_NOT_PROCESSED,Credit Not Processed,2025-06-29,23495,0,0,2025-07-07,8,accepted,accepted_refunded,
DSP000457,TXN0098812,M000199,CUS0035102,Visa,SERVICE_NOT_RENDERED,Service Not Rendered,2025-11-29,1949,0,0,2025-12-09,10,accepted,accepted_refunded,
DSP000458,TXN0100834,M000200,CUS0036097,RuPay,RECURRING_BILLING_DISPUTE,Recurring Billing Dispute,2025-09-22,799,527,292,2025-10-01,9,contested,lost,2025-10-09
DSP000459,TXN0102459,M000200,CUS0036574,Visa,RECURRING_BILLING_DISPUTE,Recurring Billing Dispute,2025-04-29,799,0,0,2025-05-11,12,accepted,accepted_refunded,
DSP000460,TXN0102826,M000200,CUS0036252,Mastercard,RECURRING_BILLING_DISPUTE,Recurring Billing Dispute,2025-05-25,1499,0,0,2025-06-15,21,accepted,accepted_refunded,
DSP000461,TXN0100721,M000200,CUS0036603,Mastercard,RECURRING_BILLING_DISPUTE,Recurring Billing Dispute,2025-09-15,9999,0,0,2025-09-28,13,accepted,accepted_refunded,
DSP000462,TXN0101728,M000200,CUS0036731,Visa,RECURRING_BILLING_DISPUTE,Recurring Billing Dispute,2025-11-07,1499,686,285,2025-11-25,18,contested,won,2025-12-06
DSP000463,TXN0102238,M000200,,Visa,UNAUTHORIZED_TRANSACTION,Unauthorized Transaction,2025-09-27,799,0,0,2025-10-15,18,accepted,accepted_refunded,
DSP000464,TXN0101355,M000200,,Visa,RECURRING_BILLING_DISPUTE,Recurring Billing Dispute,2025-05-19,799,0,0,2025-05-28,9,accepted,accepted_refunded,
DSP000465,TXN0100879,M000200,CUS0035882,RuPay,RECURRING_BILLING_DISPUTE,Recurring Billing Dispute,2025-11-21,799,0,0,2025-12-05,14,accepted,accepted_refunded,
DSP000466,TXN0101925,M000200,,RuPay,CREDIT_NOT_PROCESSED,Credit Not Processed,2025-04-04,1499,0,0,2025-04-21,17,accepted,accepted_refunded,
DSP000467,TXN0100789,M000200,,Visa,RECURRING_BILLING_DISPUTE,Recurring Billing Dispute,2025-12-25,9999,592,285,2026-01-02,8,contested,lost,2026-01-31
DSP000468,TXN0102759,M000200,CUS0036304,Mastercard,UNAUTHORIZED_TRANSACTION,Unauthorized Transaction,2025-10-09,799,0,0,2025-10-25,16,accepted,accepted_refunded,
DSP000469,TXN0101440,M000200,,Visa,RECURRING_BILLING_DISPUTE,Recurring Billing Dispute,2025-11-15,799,0,0,2025-11-27,12,accepted,accepted_refunded,
DSP000470,TXN0102684,M000200,CUS0036510,Visa,RECURRING_BILLING_DISPUTE,Recurring Billing Dispute,2025-07-26,799,0,0,2025-08-08,13,accepted,accepted_refunded,
DSP000471,TXN0100238,M000200,CUS0036019,RuPay,RECURRING_BILLING_DISPUTE,Recurring Billing Dispute,2025-11-21,799,516,292,2025-12-04,13,contested,won,2025-12-19
DSP000472,TXN0104362,M000201,,Visa,UNAUTHORIZED_TRANSACTION,Unauthorized Transaction,2025-11-16,15999,0,0,2025-11-30,14,accepted,accepted_refunded,
DSP000473,TXN0104567,M000201,CUS0037179,Visa,SERVICE_NOT_RENDERED,Service Not Rendered,2026-01-29,5699,0,0,2026-02-19,21,accepted,accepted_refunded,
DSP000474,TXN0103475,M000201,CUS0037137,RuPay,SERVICE_NOT_RENDERED,Service Not Rendered,2025-12-12,22495,637,240,2025-12-24,12,contested,lost,2026-01-18
DSP000475,TXN0104525,M000201,CUS0037460,Visa,DUPLICATE_TRANSACTION,Duplicate Transaction,2025-06-21,26999,0,0,2025-07-09,18,accepted,accepted_refunded,
DSP000476,TXN0103314,M000201,,Visa,MERCHANDISE_NOT_AS_DESCRIBED,Merchandise Not As Described,2025-07-03,5999,0,0,2025-07-13,10,accepted,accepted_refunded,
DSP000477,TXN0103657,M000201,CUS0037140,RuPay,MERCHANDISE_NOT_AS_DESCRIBED,Merchandise Not As Described,2025-05-25,5099,644,278,2025-06-14,20,contested,lost,2025-06-20
DSP000478,TXN0104175,M000201,CUS0037239,Visa,CREDIT_NOT_PROCESSED,Credit Not Processed,2025-10-17,1445,0,0,2025-10-31,14,accepted,accepted_refunded,
DSP000479,TXN0104256,M000201,,Mastercard,SERVICE_NOT_RENDERED,Service Not Rendered,2025-06-28,5999,703,184,2025-07-08,10,contested,won,2025-08-11
DSP000480,TXN0103330,M000201,CUS0037178,Visa,SERVICE_NOT_RENDERED,Service Not Rendered,2025-10-22,16999,698,160,2025-11-08,17,contested,won,2025-12-02
DSP000481,TXN0105500,M000201,CUS0036736,Visa,SERVICE_NOT_RENDERED,Service Not Rendered,2026-01-16,7699,669,170,2026-02-05,20,contested,won,2026-02-28
DSP000482,TXN0103602,M000201,CUS0036894,Visa,CREDIT_NOT_PROCESSED,Credit Not Processed,2025-07-22,26995,499,278,2025-08-05,14,contested,won,2025-08-21
DSP000483,TXN0103853,M000201,,Visa,MERCHANDISE_NOT_AS_DESCRIBED,Merchandise Not As Described,2025-08-07,5999,600,295,2025-08-19,12,contested,lost,2025-09-17
DSP000484,TXN0106809,M000202,CUS0037860,Mastercard,RECURRING_BILLING_DISPUTE,Recurring Billing Dispute,2025-09-26,1499,476,293,2025-10-08,12,contested,won,2025-10-28
DSP000485,TXN0107263,M000202,CUS0037700,Mastercard,RECURRING_BILLING_DISPUTE,Recurring Billing Dispute,2025-05-13,1499,646,211,2025-05-29,16,contested,won,2025-06-06
DSP000486,TXN0106346,M000202,CUS0037992,Mastercard,CREDIT_NOT_PROCESSED,Credit Not Processed,2025-05-10,4999,488,247,2025-05-31,21,contested,won,2025-06-02
DSP000487,TXN0105647,M000202,CUS0038083,Mastercard,UNAUTHORIZED_TRANSACTION,Unauthorized Transaction,2025-10-17,1499,473,238,2025-11-02,16,contested,lost,2025-11-30
DSP000488,TXN0107432,M000202,CUS0038330,Mastercard,RECURRING_BILLING_DISPUTE,Recurring Billing Dispute,2025-10-16,4999,457,260,2025-10-28,12,contested,won,2025-11-22
DSP000489,TXN0107658,M000202,CUS0038452,Visa,RECURRING_BILLING_DISPUTE,Recurring Billing Dispute,2025-06-10,4999,732,164,2025-06-17,7,contested,won,2025-07-09
DSP000490,TXN0106805,M000202,CUS0038049,Visa,RECURRING_BILLING_DISPUTE,Recurring Billing Dispute,2025-03-16,49999,683,241,2025-03-24,8,contested,lost,2025-03-31
DSP000491,TXN0107920,M000202,,Visa,RECURRING_BILLING_DISPUTE,Recurring Billing Dispute,2025-08-02,1499,0,0,2025-08-09,7,accepted,accepted_refunded,
DSP000492,TXN0108233,M000202,CUS0038163,Visa,RECURRING_BILLING_DISPUTE,Recurring Billing Dispute,2025-03-30,4999,637,232,2025-04-09,10,contested,won,2025-04-25
DSP000493,TXN0107641,M000202,,Mastercard,CREDIT_NOT_PROCESSED,Credit Not Processed,2025-11-05,1499,508,237,2025-11-18,13,contested,won,2025-12-19
DSP000494,TXN0107526,M000202,,Visa,RECURRING_BILLING_DISPUTE,Recurring Billing Dispute,2025-11-19,1499,0,0,2025-11-30,11,accepted,accepted_refunded,
DSP000495,TXN0107838,M000202,,Visa,RECURRING_BILLING_DISPUTE,Recurring Billing Dispute,2025-07-28,49999,749,243,2025-08-17,20,contested,won,2025-09-04
DSP000496,TXN0106355,M000202,CUS0038199,Mastercard,RECURRING_BILLING_DISPUTE,Recurring Billing Dispute,2025-10-26,1499,0,0,2025-11-16,21,accepted,accepted_refunded,
DSP000497,TXN0107611,M000202,,RuPay,UNAUTHORIZED_TRANSACTION,Unauthorized Transaction,2025-08-15,4999,623,250,2025-09-02,18,contested,lost,2025-09-27
DSP000498,TXN0105574,M000202,CUS0038262,Visa,RECURRING_BILLING_DISPUTE,Recurring Billing Dispute,2025-04-25,4999,455,196,2025-05-07,12,contested,won,2025-05-22
DSP000499,TXN0106691,M000202,CUS0038472,Visa,RECURRING_BILLING_DISPUTE,Recurring Billing Dispute,2025-07-26,49999,0,0,2025-08-02,7,accepted,accepted_refunded,
DSP000500,TXN0110356,M000203,CUS0038815,RuPay,UNAUTHORIZED_TRANSACTION,Unauthorized Transaction,2025-03-11,499,731,234,2025-03-22,11,contested,lost,2025-03-27
DSP000501,TXN0109585,M000203,,Visa,MERCHANDISE_NOT_AS_DESCRIBED,Merchandise Not As Described,2025-11-04,499,506,285,2025-11-15,11,contested,won,2025-11-21
DSP000502,TXN0110338,M000203,CUS0039415,RuPay,RECURRING_BILLING_DISPUTE,Recurring Billing Dispute,2025-07-16,999,619,156,2025-08-02,17,contested,won,2025-08-30
DSP000503,TXN0108876,M000203,,Visa,SERVICE_NOT_RENDERED,Service Not Rendered,2026-01-24,4999,686,206,2026-02-03,10,contested,won,2026-02-12
DSP000504,TXN0108521,M000203,CUS0039097,Visa,RECURRING_BILLING_DISPUTE,Recurring Billing Dispute,2025-10-09,499,0,0,2025-10-23,14,accepted,accepted_refunded,
DSP000505,TXN0109687,M000203,,Visa,RECURRING_BILLING_DISPUTE,Recurring Billing Dispute,2025-09-30,499,475,177,2025-10-20,20,contested,lost,2025-10-14
DSP000506,TXN0110639,M000203,CUS0039301,Visa,RECURRING_BILLING_DISPUTE,Recurring Billing Dispute,2026-02-06,999,0,0,2026-02-21,15,accepted,accepted_refunded,
DSP000507,TXN0110189,M000203,CUS0038745,Visa,CREDIT_NOT_PROCESSED,Credit Not Processed,2025-10-21,499,531,153,2025-11-09,19,contested,won,2025-11-28
DSP000508,TXN0110857,M000203,CUS0039069,Mastercard,SERVICE_NOT_RENDERED,Service Not Rendered,2025-04-15,4999,718,201,2025-05-04,19,contested,won,2025-05-28
DSP000509,TXN0109231,M000203,CUS0038709,Visa,RECURRING_BILLING_DISPUTE,Recurring Billing Dispute,2025-02-19,499,621,253,2025-02-26,7,contested,won,2025-03-06
DSP000510,TXN0109159,M000203,CUS0039337,Mastercard,DUPLICATE_TRANSACTION,Duplicate Transaction,2025-04-07,499,0,0,2025-04-19,12,accepted,accepted_refunded,
DSP000511,TXN0110170,M000203,CUS0038772,Visa,CREDIT_NOT_PROCESSED,Credit Not Processed,2025-10-31,999,474,256,2025-11-07,7,contested,lost,2025-11-21
DSP000512,TXN0110584,M000203,CUS0039439,Visa,RECURRING_BILLING_DISPUTE,Recurring Billing Dispute,2025-03-24,4999,655,224,2025-04-14,21,contested,lost,2025-04-24
DSP000513,TXN0110421,M000203,CUS0038823,Mastercard,RECURRING_BILLING_DISPUTE,Recurring Billing Dispute,2025-11-29,499,675,218,2025-12-12,13,contested,lost,2026-01-04
DSP000514,TXN0109824,M000203,CUS0039427,RuPay,SERVICE_NOT_RENDERED,Service Not Rendered,2025-04-01,499,0,0,2025-04-16,15,accepted,accepted_refunded,
DSP000515,TXN0112166,M000204,CUS0040219,Mastercard,RECURRING_BILLING_DISPUTE,Recurring Billing Dispute,2025-05-26,5999,0,0,2025-06-02,7,accepted,accepted_refunded,
DSP000516,TXN0113184,M000204,CUS0040165,Mastercard,DUPLICATE_TRANSACTION,Duplicate Transaction,2025-12-22,1499,439,171,2025-12-30,8,contested,won,2026-01-11
DSP000517,TXN0113567,M000204,CUS0039688,Visa,SERVICE_NOT_RENDERED,Service Not Rendered,2025-05-19,1499,0,0,2025-06-06,18,accepted,accepted_refunded,
DSP000518,TXN0112469,M000204,CUS0039941,RuPay,MERCHANDISE_NOT_AS_DESCRIBED,Merchandise Not As Described,2025-10-10,1499,644,287,2025-10-25,15,contested,lost,2025-10-27
DSP000519,TXN0113246,M000204,CUS0039942,Visa,RECURRING_BILLING_DISPUTE,Recurring Billing Dispute,2025-02-04,5999,722,165,2025-02-13,9,contested,won,2025-03-14
DSP000520,TXN0111294,M000204,,Mastercard,CREDIT_NOT_PROCESSED,Credit Not Processed,2025-07-13,5999,0,0,2025-07-31,18,accepted,accepted_refunded,
DSP000521,TXN0113390,M000204,CUS0040531,Mastercard,RECURRING_BILLING_DISPUTE,Recurring Billing Dispute,2025-06-27,1499,711,161,2025-07-12,15,contested,lost,2025-07-15
DSP000522,TXN0111569,M000204,CUS0039963,Visa,RECURRING_BILLING_DISPUTE,Recurring Billing Dispute,2025-10-08,5999,667,282,2025-10-16,8,contested,lost,2025-10-23
DSP000523,TXN0112088,M000204,CUS0039838,Visa,SERVICE_NOT_RENDERED,Service Not Rendered,2025-09-16,8999,0,0,2025-10-05,19,accepted,accepted_refunded,
DSP000524,TXN0113206,M000204,,RuPay,CREDIT_NOT_PROCESSED,Credit Not Processed,2026-01-09,1499,437,154,2026-01-20,11,contested,lost,2026-02-08
DSP000525,TXN0111422,M000204,CUS0039766,Visa,RECURRING_BILLING_DISPUTE,Recurring Billing Dispute,2026-01-05,5999,0,0,2026-01-12,7,accepted,accepted_refunded,
DSP000526,TXN0111199,M000204,,Mastercard,SERVICE_NOT_RENDERED,Service Not Rendered,2025-04-27,1499,402,168,2025-05-08,11,contested,won,2025-05-22
DSP000527,TXN0113177,M000204,CUS0040459,RuPay,CREDIT_NOT_PROCESSED,Credit Not Processed,2025-08-29,1499,0,0,2025-09-15,17,accepted,accepted_refunded,
DSP000528,TXN0115802,M000205,CUS0041134,Mastercard,RECURRING_BILLING_DISPUTE,Recurring Billing Dispute,2026-01-29,19999,0,0,2026-02-05,7,accepted,accepted_refunded,
DSP000529,TXN0115118,M000205,CUS0040939,Mastercard,RECURRING_BILLING_DISPUTE,Recurring Billing Dispute,2026-02-05,4999,501,164,2026-02-26,21,contested,won,2026-03-01
DSP000530,TXN0115064,M000205,,RuPay,SERVICE_NOT_RENDERED,Service Not Rendered,2025-03-25,9999,0,0,2025-04-05,11,accepted,accepted_refunded,
DSP000531,TXN0114880,M000205,CUS0040595,Visa,UNAUTHORIZED_TRANSACTION,Unauthorized Transaction,2025-05-08,4999,410,181,2025-05-19,11,contested,lost,2025-05-24
DSP000532,TXN0115292,M000205,CUS0041204,Visa,RECURRING_BILLING_DISPUTE,Recurring Billing Dispute,2025-10-20,9999,591,171,2025-11-07,18,contested,won,2025-11-11
DSP000533,TXN0115575,M000205,,RuPay,RECURRING_BILLING_DISPUTE,Recurring Billing Dispute,2025-07-30,9999,694,218,2025-08-16,17,contested,won,2025-09-06
DSP000534,TXN0114024,M000205,CUS0041020,Visa,RECURRING_BILLING_DISPUTE,Recurring Billing Dispute,2025-04-12,4999,603,173,2025-04-25,13,contested,won,2025-04-26
DSP000535,TXN0114698,M000205,CUS0041457,Visa,RECURRING_BILLING_DISPUTE,Recurring Billing Dispute,2025-03-31,4999,650,258,2025-04-13,13,contested,lost,2025-04-25
DSP000536,TXN0116113,M000205,CUS0040729,Visa,UNAUTHORIZED_TRANSACTION,Unauthorized Transaction,2025-07-15,9999,517,153,2025-08-04,20,contested,won,2025-07-30
DSP000537,TXN0115728,M000205,CUS0040618,RuPay,CREDIT_NOT_PROCESSED,Credit Not Processed,2025-10-06,9999,0,0,2025-10-22,16,accepted,accepted_refunded,
DSP000538,TXN0115920,M000205,CUS0041092,Visa,RECURRING_BILLING_DISPUTE,Recurring Billing Dispute,2025-09-03,4999,457,188,2025-09-19,16,contested,won,2025-10-10
DSP000539,TXN0114028,M000205,CUS0040946,Visa,SERVICE_NOT_RENDERED,Service Not Rendered,2025-11-09,4999,685,248,2025-11-19,10,contested,lost,2025-12-14
DSP000540,TXN0114740,M000205,CUS0041431,Visa,RECURRING_BILLING_DISPUTE,Recurring Billing Dispute,2025-03-14,4999,749,221,2025-04-01,18,contested,won,2025-03-28
DSP000541,TXN0118034,M000206,CUS0042014,RuPay,SERVICE_NOT_RENDERED,Service Not Rendered,2025-04-23,499,462,216,2025-05-10,17,contested,lost,2025-05-26
DSP000542,TXN0117753,M000206,,Mastercard,UNAUTHORIZED_TRANSACTION,Unauthorized Transaction,2025-09-08,14999,671,254,2025-09-28,20,contested,lost,2025-10-12
DSP000543,TXN0117205,M000206,CUS0042158,Visa,RECURRING_BILLING_DISPUTE,Recurring Billing Dispute,2025-08-04,499,604,288,2025-08-20,16,contested,lost,2025-09-10
DSP000544,TXN0116760,M000206,CUS0042349,Visa,CREDIT_NOT_PROCESSED,Credit Not Processed,2025-11-04,24999,487,164,2025-11-22,18,contested,lost,2025-12-03
DSP000545,TXN0117488,M000206,CUS0041694,Mastercard,SERVICE_NOT_RENDERED,Service Not Rendered,2025-04-20,499,470,200,2025-05-01,11,contested,lost,2025-05-04
DSP000546,TXN0117697,M000206,CUS0042216,RuPay,RECURRING_BILLING_DISPUTE,Recurring Billing Dispute,2025-11-16,499,427,161,2025-11-25,9,contested,won,2025-12-24
DSP000547,TXN0116682,M000206,CUS0041710,Visa,RECURRING_BILLING_DISPUTE,Recurring Billing Dispute,2025-05-05,499,0,0,2025-05-18,13,accepted,accepted_refunded,
DSP000548,TXN0116364,M000206,CUS0042471,Visa,UNAUTHORIZED_TRANSACTION,Unauthorized Transaction,2025-11-06,499,0,0,2025-11-15,9,accepted,accepted_refunded,
DSP000549,TXN0116457,M000206,,Visa,RECURRING_BILLING_DISPUTE,Recurring Billing Dispute,2025-10-15,499,0,0,2025-10-24,9,accepted,accepted_refunded,
DSP000550,TXN0118488,M000206,CUS0042383,Mastercard,RECURRING_BILLING_DISPUTE,Recurring Billing Dispute,2025-02-06,499,510,163,2025-02-15,9,contested,lost,2025-03-21
DSP000551,TXN0119524,M000207,CUS0043320,Mastercard,RECURRING_BILLING_DISPUTE,Recurring Billing Dispute,2025-04-14,2999,429,226,2025-05-03,19,contested,won,2025-05-10
DSP000552,TXN0121474,M000207,CUS0042511,RuPay,RECURRING_BILLING_DISPUTE,Recurring Billing Dispute,2025-06-15,2999,569,271,2025-06-24,9,contested,won,2025-07-03
DSP000553,TXN0120055,M000207,,Visa,RECURRING_BILLING_DISPUTE,Recurring Billing Dispute,2025-02-02,2999,596,186,2025-02-10,8,contested,won,2025-03-02
DSP000554,TXN0120650,M000207,,Mastercard,CREDIT_NOT_PROCESSED,Credit Not Processed,2025-08-05,9999,565,162,2025-08-21,16,contested,won,2025-08-31
DSP000555,TXN0119514,M000207,CUS0042953,Visa,CREDIT_NOT_PROCESSED,Credit Not Processed,2025-03-02,2999,581,209,2025-03-19,17,contested,won,2025-04-16
DSP000556,TXN0121293,M000207,,Visa,RECURRING_BILLING_DISPUTE,Recurring Billing Dispute,2026-01-06,49999,0,0,2026-01-23,17,accepted,accepted_refunded,
DSP000557,TXN0120668,M000207,CUS0042862,Visa,CREDIT_NOT_PROCESSED,Credit Not Processed,2025-10-02,9999,627,201,2025-10-11,9,contested,lost,2025-10-26
DSP000558,TXN0121282,M000207,CUS0042834,RuPay,SERVICE_NOT_RENDERED,Service Not Rendered,2025-10-18,49999,508,239,2025-11-02,15,contested,lost,2025-11-24
DSP000559,TXN0119201,M000207,CUS0043212,Visa,SERVICE_NOT_RENDERED,Service Not Rendered,2025-08-17,2999,0,0,2025-08-31,14,accepted,accepted_refunded,
DSP000560,TXN0121024,M000207,CUS0043180,Visa,UNAUTHORIZED_TRANSACTION,Unauthorized Transaction,2025-09-25,9999,541,254,2025-10-09,14,contested,lost,2025-10-25
DSP000561,TXN0123826,M000208,CUS0044308,Visa,MERCHANDISE_NOT_AS_DESCRIBED,Merchandise Not As Described,2025-03-12,2349,0,0,2025-03-21,9,accepted,accepted_refunded,
DSP000562,TXN0122916,M000208,CUS0043538,Visa,DUPLICATE_TRANSACTION,Duplicate Transaction,2025-11-02,945,463,288,2025-11-21,19,contested,won,2025-12-13
DSP000563,TXN0123817,M000208,CUS0044244,RuPay,MERCHANDISE_NOT_RECEIVED,Merchandise Not Received,2025-06-29,1695,455,214,2025-07-12,13,contested,won,2025-07-16
DSP000564,TXN0122814,M000208,,Visa,DUPLICATE_TRANSACTION,Duplicate Transaction,2025-10-11,3299,564,164,2025-10-30,19,contested,won,2025-11-06
DSP000565,TXN0122514,M000208,CUS0043653,Mastercard,UNAUTHORIZED_TRANSACTION,Unauthorized Transaction,2025-08-18,2195,607,269,2025-09-01,14,contested,won,2025-09-26
DSP000566,TXN0123576,M000208,,Visa,MERCHANDISE_NOT_RECEIVED,Merchandise Not Received,2025-05-29,2345,0,0,2025-06-11,13,accepted,accepted_refunded,
DSP000567,TXN0122992,M000208,,Mastercard,DUPLICATE_TRANSACTION,Duplicate Transaction,2025-08-31,439,581,221,2025-09-20,20,contested,won,2025-09-25
DSP000568,TXN0123989,M000208,,Visa,UNAUTHORIZED_TRANSACTION,Unauthorized Transaction,2025-08-31,469,462,214,2025-09-18,18,contested,lost,2025-10-15
DSP000569,TXN0122608,M000208,,Visa,UNAUTHORIZED_TRANSACTION,Unauthorized Transaction,2025-11-13,549,743,253,2025-11-28,15,contested,won,2025-12-20
DSP000570,TXN0123488,M000208,,Mastercard,CREDIT_NOT_PROCESSED,Credit Not Processed,2025-02-25,649,0,0,2025-03-15,18,accepted,accepted_refunded,
DSP000571,TXN0121815,M000208,,RuPay,MERCHANDISE_NOT_RECEIVED,Merchandise Not Received,2025-05-26,4149,491,283,2025-06-03,8,contested,lost,2025-06-27
DSP000572,TXN0123260,M000208,,Visa,DUPLICATE_TRANSACTION,Duplicate Transaction,2025-07-10,10299,689,157,2025-07-17,7,contested,won,2025-07-26
DSP000573,TXN0122445,M000208,,Visa,MERCHANDISE_NOT_AS_DESCRIBED,Merchandise Not As Described,2025-03-13,5299,583,267,2025-03-29,16,contested,won,2025-04-12
DSP000574,TXN0125658,M000209,CUS0044698,Visa,MERCHANDISE_NOT_RECEIVED,Merchandise Not Received,2025-09-10,3195,553,277,2025-09-22,12,contested,lost,2025-09-24
DSP000575,TXN0126963,M000209,CUS0044689,Visa,UNAUTHORIZED_TRANSACTION,Unauthorized Transaction,2025-11-01,945,589,219,2025-11-16,15,contested,lost,2025-12-12
DSP000576,TXN0126307,M000209,CUS0044476,Visa,MERCHANDISE_NOT_AS_DESCRIBED,Merchandise Not As Described,2025-02-17,3899,0,0,2025-02-25,8,accepted,accepted_refunded,
DSP000577,TXN0124474,M000209,,Visa,DUPLICATE_TRANSACTION,Duplicate Transaction,2025-06-26,849,705,218,2025-07-08,12,contested,won,2025-08-07
DSP000578,TXN0124846,M000209,CUS0045008,RuPay,MERCHANDISE_NOT_AS_DESCRIBED,Merchandise Not As Described,2025-12-13,2249,469,193,2026-01-01,19,contested,won,2025-12-31
DSP000579,TXN0125601,M000209,CUS0044516,Mastercard,MERCHANDISE_NOT_RECEIVED,Merchandise Not Received,2025-06-26,2649,426,190,2025-07-14,18,contested,won,2025-07-30
DSP000580,TXN0128151,M000210,CUS0045955,Visa,RECURRING_BILLING_DISPUTE,Recurring Billing Dispute,2025-05-22,1499,485,242,2025-06-03,12,contested,won,2025-06-15
DSP000581,TXN0128070,M000210,CUS0045934,Visa,RECURRING_BILLING_DISPUTE,Recurring Billing Dispute,2025-10-24,1499,0,0,2025-11-06,13,accepted,accepted_refunded,
DSP000582,TXN0129151,M000210,CUS0045423,Mastercard,CREDIT_NOT_PROCESSED,Credit Not Processed,2025-08-22,499,0,0,2025-09-05,14,accepted,accepted_refunded,
DSP000583,TXN0129428,M000210,CUS0045993,Mastercard,RECURRING_BILLING_DISPUTE,Recurring Billing Dispute,2025-03-28,499,0,0,2025-04-16,19,accepted,accepted_refunded,
DSP000584,TXN0128137,M000210,,Visa,RECURRING_BILLING_DISPUTE,Recurring Billing Dispute,2025-09-25,499,709,188,2025-10-13,18,contested,lost,2025-10-11
DSP000585,TXN0128561,M000210,CUS0045448,RuPay,RECURRING_BILLING_DISPUTE,Recurring Billing Dispute,2025-07-14,1499,576,231,2025-07-27,13,contested,won,2025-08-21
DSP000586,TXN0127573,M000210,,Mastercard,RECURRING_BILLING_DISPUTE,Recurring Billing Dispute,2026-01-24,24999,0,0,2026-02-11,18,accepted,accepted_refunded,
DSP000587,TXN0129313,M000210,,RuPay,RECURRING_BILLING_DISPUTE,Recurring Billing Dispute,2025-04-27,499,589,249,2025-05-13,16,contested,lost,2025-06-01
DSP000588,TXN0129150,M000210,CUS0045442,Mastercard,CREDIT_NOT_PROCESSED,Credit Not Processed,2025-04-07,499,666,203,2025-04-22,15,contested,lost,2025-05-14
DSP000589,TXN0129147,M000210,CUS0046083,Visa,SERVICE_NOT_RENDERED,Service Not Rendered,2025-08-16,24999,718,257,2025-09-04,19,contested,won,2025-09-03
DSP000590,TXN0128454,M000210,CUS0045462,Visa,MERCHANDISE_NOT_AS_DESCRIBED,Merchandise Not As Described,2025-09-10,499,428,166,2025-09-17,7,contested,won,2025-10-09
DSP000591,TXN0127311,M000210,,Visa,DUPLICATE_TRANSACTION,Duplicate Transaction,2025-11-26,24999,421,206,2025-12-06,10,contested,won,2025-12-28
DSP000592,TXN0129129,M000210,CUS0045828,Visa,RECURRING_BILLING_DISPUTE,Recurring Billing Dispute,2025-02-24,499,544,299,2025-03-07,11,contested,won,2025-04-05
DSP000593,TXN0128530,M000210,CUS0045424,Visa,CREDIT_NOT_PROCESSED,Credit Not Processed,2025-05-17,499,589,241,2025-06-07,21,contested,won,2025-06-10
DSP000594,TXN0128401,M000210,CUS0045577,Visa,SERVICE_NOT_RENDERED,Service Not Rendered,2026-02-10,499,0,0,2026-02-24,14,accepted,accepted_refunded,
DSP000595,TXN0130552,M000211,CUS0046375,Mastercard,RECURRING_BILLING_DISPUTE,Recurring Billing Dispute,2025-08-29,19999,468,256,2025-09-13,15,contested,lost,2025-10-11
DSP000596,TXN0132279,M000211,CUS0046840,Mastercard,DUPLICATE_TRANSACTION,Duplicate Transaction,2026-02-03,399,521,300,2026-02-19,16,contested,won,2026-02-20
DSP000597,TXN0132284,M000211,,RuPay,UNAUTHORIZED_TRANSACTION,Unauthorized Transaction,2025-03-11,4999,0,0,2025-03-30,19,accepted,accepted_refunded,
DSP000598,TXN0130779,M000211,CUS0047261,Visa,RECURRING_BILLING_DISPUTE,Recurring Billing Dispute,2025-07-20,399,411,296,2025-08-07,18,contested,won,2025-08-22
DSP000599,TXN0130994,M000211,CUS0046871,Mastercard,RECURRING_BILLING_DISPUTE,Recurring Billing Dispute,2026-02-03,399,0,0,2026-02-10,7,accepted,accepted_refunded,
DSP000600,TXN0130664,M000211,,RuPay,RECURRING_BILLING_DISPUTE,Recurring Billing Dispute,2025-09-15,9999,526,160,2025-10-06,21,contested,lost,2025-10-27
DSP000601,TXN0131312,M000211,CUS0047208,Visa,UNAUTHORIZED_TRANSACTION,Unauthorized Transaction,2026-01-20,399,412,154,2026-02-06,17,contested,won,2026-02-23
DSP000602,TXN0131643,M000211,CUS0047114,Visa,UNAUTHORIZED_TRANSACTION,Unauthorized Transaction,2025-10-22,4999,400,281,2025-10-30,8,contested,lost,2025-11-06
DSP000603,TXN0129794,M000211,,Mastercard,RECURRING_BILLING_DISPUTE,Recurring Billing Dispute,2026-02-05,4999,433,212,2026-02-23,18,contested,won,2026-03-18
DSP000604,TXN0133897,M000212,,Visa,RECURRING_BILLING_DISPUTE,Recurring Billing Dispute,2025-11-26,2499,0,0,2025-12-09,13,accepted,accepted_refunded,
DSP000605,TXN0132560,M000212,,Mastercard,SERVICE_NOT_RENDERED,Service Not Rendered,2025-04-07,2499,0,0,2025-04-14,7,accepted,accepted_refunded,
DSP000606,TXN0132583,M000212,CUS0048216,Visa,SERVICE_NOT_RENDERED,Service Not Rendered,2025-09-09,999,671,281,2025-09-25,16,contested,lost,2025-10-12
DSP000607,TXN0133558,M000212,CUS0047595,RuPay,UNAUTHORIZED_TRANSACTION,Unauthorized Transaction,2025-08-22,999,550,244,2025-09-10,19,contested,lost,2025-09-19
DSP000608,TXN0133186,M000212,CUS0047453,Mastercard,RECURRING_BILLING_DISPUTE,Recurring Billing Dispute,2025-11-19,999,565,227,2025-12-06,17,contested,lost,2025-12-03
DSP000609,TXN0133281,M000212,CUS0048036,Mastercard,SERVICE_NOT_RENDERED,Service Not Rendered,2025-09-02,999,442,190,2025-09-12,10,contested,lost,2025-10-03
DSP000610,TXN0133659,M000212,CUS0047994,Visa,RECURRING_BILLING_DISPUTE,Recurring Billing Dispute,2025-08-06,8999,422,192,2025-08-22,16,contested,won,2025-08-25
DSP000611,TXN0134055,M000212,CUS0047857,Visa,MERCHANDISE_NOT_AS_DESCRIBED,Merchandise Not As Described,2025-02-24,999,0,0,2025-03-05,9,accepted,accepted_refunded,
DSP000612,TXN0133019,M000212,CUS0047571,Mastercard,RECURRING_BILLING_DISPUTE,Recurring Billing Dispute,2025-10-23,2499,717,222,2025-11-12,20,contested,lost,2025-11-11
DSP000613,TXN0133769,M000212,,RuPay,UNAUTHORIZED_TRANSACTION,Unauthorized Transaction,2025-02-16,2499,0,0,2025-02-23,7,accepted,accepted_refunded,
DSP000614,TXN0134429,M000212,CUS0047841,Mastercard,RECURRING_BILLING_DISPUTE,Recurring Billing Dispute,2025-12-01,2499,549,201,2025-12-08,7,contested,lost,2025-12-23
DSP000615,TXN0136002,M000213,CUS0048340,RuPay,SERVICE_NOT_RENDERED,Service Not Rendered,2025-04-03,8999,563,263,2025-04-21,18,contested,lost,2025-05-18
DSP000616,TXN0136910,M000213,CUS0048937,Visa,RECURRING_BILLING_DISPUTE,Recurring Billing Dispute,2025-03-21,24999,464,173,2025-04-10,20,contested,lost,2025-04-26
DSP000617,TXN0135627,M000213,,RuPay,UNAUTHORIZED_TRANSACTION,Unauthorized Transaction,2026-01-30,8999,416,266,2026-02-13,14,contested,lost,2026-03-11
DSP000618,TXN0137665,M000213,,Visa,SERVICE_NOT_RENDERED,Service Not Rendered,2025-10-28,3999,738,157,2025-11-07,10,contested,won,2025-12-05
DSP000619,TXN0137038,M000213,CUS0048683,Visa,UNAUTHORIZED_TRANSACTION,Unauthorized Transaction,2025-12-03,3999,0,0,2025-12-11,8,accepted,accepted_refunded,
DSP000620,TXN0136524,M000213,,Visa,UNAUTHORIZED_TRANSACTION,Unauthorized Transaction,2025-04-09,3999,0,0,2025-04-25,16,accepted,accepted_refunded,
DSP000621,TXN0136503,M000213,CUS0048979,Visa,RECURRING_BILLING_DISPUTE,Recurring Billing Dispute,2025-03-31,24999,0,0,2025-04-14,14,accepted,accepted_refunded,
DSP000622,TXN0136410,M000213,,Mastercard,RECURRING_BILLING_DISPUTE,Recurring Billing Dispute,2026-01-27,3999,576,213,2026-02-04,8,contested,lost,2026-03-03
DSP000623,TXN0135559,M000213,,Visa,CREDIT_NOT_PROCESSED,Credit Not Processed,2025-04-09,3999,702,249,2025-04-21,12,contested,lost,2025-05-23
DSP000624,TXN0135313,M000213,CUS0049162,Visa,MERCHANDISE_NOT_AS_DESCRIBED,Merchandise Not As Described,2025-03-14,8999,0,0,2025-04-03,20,accepted,accepted_refunded,
DSP000625,TXN0136306,M000213,,Visa,SERVICE_NOT_RENDERED,Service Not Rendered,2025-11-08,3999,0,0,2025-11-19,11,accepted,accepted_refunded,
DSP000626,TXN0135617,M000213,,Mastercard,SERVICE_NOT_RENDERED,Service Not Rendered,2025-07-02,3999,491,252,2025-07-22,20,contested,lost,2025-07-22
DSP000627,TXN0137041,M000213,,Visa,SERVICE_NOT_RENDERED,Service Not Rendered,2025-11-08,24999,548,211,2025-11-18,10,contested,lost,2025-12-04
DSP000628,TXN0137258,M000213,,Visa,SERVICE_NOT_RENDERED,Service Not Rendered,2025-07-14,8999,0,0,2025-07-28,14,accepted,accepted_refunded,
DSP000629,TXN0137617,M000213,CUS0048738,Mastercard,RECURRING_BILLING_DISPUTE,Recurring Billing Dispute,2025-04-20,3999,0,0,2025-04-28,8,accepted,accepted_refunded,
DSP000630,TXN0139065,M000214,CUS0049674,Mastercard,CREDIT_NOT_PROCESSED,Credit Not Processed,2025-07-02,2999,573,167,2025-07-19,17,contested,lost,2025-07-21
DSP000631,TXN0139866,M000214,CUS0049827,Mastercard,SERVICE_NOT_RENDERED,Service Not Rendered,2025-12-08,1499,0,0,2025-12-29,21,accepted,accepted_refunded,
DSP000632,TXN0137974,M000214,CUS0049928,Visa,CREDIT_NOT_PROCESSED,Credit Not Processed,2025-06-04,1499,577,207,2025-06-13,9,contested,won,2025-06-18
DSP000633,TXN0138181,M000214,CUS0049263,Visa,RECURRING_BILLING_DISPUTE,Recurring Billing Dispute,2026-03-08,2999,521,223,2026-03-17,9,contested,lost,2026-04-10
DSP000634,TXN0139773,M000214,CUS0049995,Mastercard,UNAUTHORIZED_TRANSACTION,Unauthorized Transaction,2025-12-23,2999,589,166,2026-01-07,15,contested,lost,2026-01-12
DSP000635,TXN0138849,M000214,,Mastercard,UNAUTHORIZED_TRANSACTION,Unauthorized Transaction,2025-07-01,1499,495,188,2025-07-13,12,contested,lost,2025-07-21
DSP000636,TXN0138008,M000214,CUS0049821,Visa,SERVICE_NOT_RENDERED,Service Not Rendered,2025-12-14,1499,487,175,2025-12-28,14,contested,won,2026-01-08
DSP000637,TXN0137995,M000214,CUS0049258,Visa,CREDIT_NOT_PROCESSED,Credit Not Processed,2025-07-06,2999,693,280,2025-07-23,17,contested,lost,2025-08-03
DSP000638,TXN0138317,M000214,,Visa,SERVICE_NOT_RENDERED,Service Not Rendered,2026-01-01,2999,448,178,2026-01-17,16,contested,won,2026-02-01
DSP000639,TXN0140519,M000215,CUS0050640,Visa,UNAUTHORIZED_TRANSACTION,Unauthorized Transaction,2025-03-13,1499,455,249,2025-03-23,10,contested,lost,2025-04-06
DSP000640,TXN0141908,M000215,CUS0050193,RuPay,SERVICE_NOT_RENDERED,Service Not Rendered,2025-04-07,1499,718,236,2025-04-23,16,contested,lost,2025-05-03
DSP000641,TXN0142499,M000215,,RuPay,RECURRING_BILLING_DISPUTE,Recurring Billing Dispute,2025-07-28,24999,505,204,2025-08-12,15,contested,lost,2025-08-13
DSP000642,TXN0142451,M000215,CUS0050823,RuPay,RECURRING_BILLING_DISPUTE,Recurring Billing Dispute,2026-01-03,8999,717,154,2026-01-18,15,contested,lost,2026-01-27
DSP000643,TXN0142661,M000215,CUS0050402,RuPay,UNAUTHORIZED_TRANSACTION,Unauthorized Transaction,2025-06-08,1499,463,253,2025-06-18,10,contested,won,2025-07-22
DSP000644,TXN0141635,M000215,CUS0050255,Mastercard,RECURRING_BILLING_DISPUTE,Recurring Billing Dispute,2025-06-13,8999,484,203,2025-06-29,16,contested,lost,2025-07-28
DSP000645,TXN0141602,M000215,,Visa,SERVICE_NOT_RENDERED,Service Not Rendered,2025-12-17,1499,0,0,2026-01-04,18,accepted,accepted_refunded,
DSP000646,TXN0141053,M000215,CUS0050203,Visa,RECURRING_BILLING_DISPUTE,Recurring Billing Dispute,2025-03-31,1499,694,275,2025-04-08,8,contested,lost,2025-05-13
DSP000647,TXN0140854,M000215,CUS0050910,Visa,RECURRING_BILLING_DISPUTE,Recurring Billing Dispute,2025-05-25,2499,527,155,2025-06-02,8,contested,lost,2025-06-11
DSP000648,TXN0142027,M000215,CUS0050511,Visa,SERVICE_NOT_RENDERED,Service Not Rendered,2026-01-12,1499,0,0,2026-01-22,10,accepted,accepted_refunded,
DSP000649,TXN0143469,M000216,CUS0051675,Mastercard,SERVICE_NOT_RENDERED,Service Not Rendered,2025-06-08,999,487,222,2025-06-15,7,contested,won,2025-06-25
DSP000650,TXN0143950,M000216,,Visa,RECURRING_BILLING_DISPUTE,Recurring Billing Dispute,2025-11-22,1499,536,245,2025-12-11,19,contested,lost,2025-12-18
DSP000651,TXN0145196,M000216,CUS0051156,Visa,SERVICE_NOT_RENDERED,Service Not Rendered,2025-09-10,1499,0,0,2025-09-21,11,accepted,accepted_refunded,
DSP000652,TXN0144409,M000216,CUS0051188,Mastercard,MERCHANDISE_NOT_AS_DESCRIBED,Merchandise Not As Described,2025-05-12,2499,493,275,2025-05-23,11,contested,lost,2025-06-08
DSP000653,TXN0143494,M000216,,Visa,SERVICE_NOT_RENDERED,Service Not Rendered,2025-04-12,999,686,202,2025-04-26,14,contested,won,2025-05-01
DSP000654,TXN0145398,M000216,CUS0051615,RuPay,RECURRING_BILLING_DISPUTE,Recurring Billing Dispute,2025-06-12,1499,628,184,2025-07-02,20,contested,lost,2025-07-23
DSP000655,TXN0143552,M000216,,Visa,MERCHANDISE_NOT_AS_DESCRIBED,Merchandise Not As Described,2026-01-04,1499,539,220,2026-01-13,9,contested,lost,2026-01-30
DSP000656,TXN0145424,M000216,,Mastercard,RECURRING_BILLING_DISPUTE,Recurring Billing Dispute,2025-12-14,1499,0,0,2026-01-03,20,accepted,accepted_refunded,
DSP000657,TXN0143333,M000216,CUS0051700,Visa,RECURRING_BILLING_DISPUTE,Recurring Billing Dispute,2025-04-22,999,580,278,2025-04-29,7,contested,lost,2025-05-12
DSP000658,TXN0144247,M000216,CUS0051404,Visa,SERVICE_NOT_RENDERED,Service Not Rendered,2025-06-18,999,411,203,2025-07-02,14,contested,won,2025-07-18
DSP000659,TXN0143390,M000216,CUS0051535,Mastercard,CREDIT_NOT_PROCESSED,Credit Not Processed,2026-01-29,2499,647,258,2026-02-10,12,contested,lost,2026-02-12
DSP000660,TXN0146050,M000217,CUS0052183,RuPay,CREDIT_NOT_PROCESSED,Credit Not Processed,2025-01-31,4999,0,0,2025-02-19,19,accepted,accepted_refunded,
DSP000661,TXN0147335,M000217,CUS0052195,RuPay,RECURRING_BILLING_DISPUTE,Recurring Billing Dispute,2025-11-18,9999,488,240,2025-12-05,17,contested,lost,2025-12-06
DSP000662,TXN0147703,M000217,CUS0052083,Mastercard,RECURRING_BILLING_DISPUTE,Recurring Billing Dispute,2026-01-18,2999,713,160,2026-01-29,11,contested,won,2026-03-02
DSP000663,TXN0147571,M000217,,Mastercard,RECURRING_BILLING_DISPUTE,Recurring Billing Dispute,2025-09-07,2999,463,196,2025-09-21,14,contested,won,2025-10-15
DSP000664,TXN0147217,M000217,CUS0052419,RuPay,UNAUTHORIZED_TRANSACTION,Unauthorized Transaction,2026-02-18,4999,0,0,2026-03-07,17,accepted,accepted_refunded,
DSP000665,TXN0146110,M000217,CUS0052821,RuPay,RECURRING_BILLING_DISPUTE,Recurring Billing Dispute,2025-05-23,4999,541,233,2025-05-30,7,contested,won,2025-06-21
DSP000666,TXN0145908,M000217,CUS0052982,RuPay,RECURRING_BILLING_DISPUTE,Recurring Billing Dispute,2025-07-02,2999,449,206,2025-07-13,11,contested,lost,2025-08-16
DSP000667,TXN0147794,M000217,CUS0052177,Visa,RECURRING_BILLING_DISPUTE,Recurring Billing Dispute,2025-10-03,2999,710,206,2025-10-19,16,contested,lost,2025-10-18
DSP000668,TXN0148405,M000217,CUS0052409,Visa,RECURRING_BILLING_DISPUTE,Recurring Billing Dispute,2025-05-12,2999,462,219,2025-05-31,19,contested,lost,2025-06-04
DSP000669,TXN0146313,M000217,CUS0052970,Mastercard,RECURRING_BILLING_DISPUTE,Recurring Billing Dispute,2025-07-11,9999,710,211,2025-07-24,13,contested,won,2025-08-02
DSP000670,TXN0147881,M000217,,Mastercard,CREDIT_NOT_PROCESSED,Credit Not Processed,2025-08-20,4999,495,276,2025-09-10,21,contested,lost,2025-09-29
DSP000671,TXN0148043,M000217,CUS0052604,Visa,UNAUTHORIZED_TRANSACTION,Unauthorized Transaction,2025-07-27,4999,630,238,2025-08-17,21,contested,won,2025-08-19
DSP000672,TXN0150726,M000218,CUS0053530,Visa,RECURRING_BILLING_DISPUTE,Recurring Billing Dispute,2025-12-04,14999,530,288,2025-12-18,14,contested,lost,2025-12-22
DSP000673,TXN0150470,M000218,CUS0053144,Visa,MERCHANDISE_NOT_AS_DESCRIBED,Merchandise Not As Described,2025-06-30,14999,513,221,2025-07-11,11,contested,lost,2025-07-16
DSP000674,TXN0150834,M000218,CUS0053892,RuPay,RECURRING_BILLING_DISPUTE,Recurring Billing Dispute,2025-03-05,2499,727,254,2025-03-19,14,contested,lost,2025-04-01
DSP000675,TXN0149206,M000218,,RuPay,RECURRING_BILLING_DISPUTE,Recurring Billing Dispute,2025-07-23,2499,658,295,2025-08-11,19,contested,lost,2025-08-08
DSP000676,TXN0150066,M000218,CUS0053445,RuPay,RECURRING_BILLING_DISPUTE,Recurring Billing Dispute,2025-02-08,14999,0,0,2025-03-01,21,accepted,accepted_refunded,
DSP000677,TXN0148952,M000218,CUS0053702,Visa,MERCHANDISE_NOT_AS_DESCRIBED,Merchandise Not As Described,2025-11-21,2499,531,263,2025-12-07,16,contested,won,2025-12-29
DSP000678,TXN0150899,M000218,CUS0053094,Visa,DUPLICATE_TRANSACTION,Duplicate Transaction,2025-04-26,2499,704,231,2025-05-06,10,contested,lost,2025-05-19
DSP000679,TXN0148595,M000218,CUS0053594,Mastercard,RECURRING_BILLING_DISPUTE,Recurring Billing Dispute,2025-09-27,2499,592,169,2025-10-14,17,contested,lost,2025-11-08
DSP000680,TXN0150989,M000218,,Visa,SERVICE_NOT_RENDERED,Service Not Rendered,2025-05-25,14999,626,168,2025-06-05,11,contested,lost,2025-07-05
DSP000681,TXN0149472,M000218,,Visa,RECURRING_BILLING_DISPUTE,Recurring Billing Dispute,2025-12-13,2499,500,216,2026-01-02,20,contested,won,2026-01-04
DSP000682,TXN0150151,M000218,,Visa,SERVICE_NOT_RENDERED,Service Not Rendered,2025-02-25,14999,517,174,2025-03-13,16,contested,lost,2025-04-01
DSP000683,TXN0150017,M000218,CUS0053448,Visa,RECURRING_BILLING_DISPUTE,Recurring Billing Dispute,2026-02-20,2499,707,171,2026-03-06,14,contested,lost,2026-03-12
DSP000684,TXN0148567,M000218,CUS0053179,Mastercard,MERCHANDISE_NOT_AS_DESCRIBED,Merchandise Not As Described,2025-05-20,2499,584,165,2025-05-28,8,contested,lost,2025-06-07
DSP000685,TXN0152458,M000219,CUS0054046,Visa,RECURRING_BILLING_DISPUTE,Recurring Billing Dispute,2025-07-04,1499,668,214,2025-07-25,21,contested,won,2025-07-18
DSP000686,TXN0152480,M000219,CUS0054368,Visa,RECURRING_BILLING_DISPUTE,Recurring Billing Dispute,2025-06-03,1499,595,206,2025-06-13,10,contested,won,2025-07-05
DSP000687,TXN0153524,M000219,,Visa,RECURRING_BILLING_DISPUTE,Recurring Billing Dispute,2025-05-17,1499,720,221,2025-05-27,10,contested,won,2025-06-15
DSP000688,TXN0152945,M000219,CUS0054725,Mastercard,CREDIT_NOT_PROCESSED,Credit Not Processed,2026-01-12,1499,556,214,2026-02-02,21,contested,lost,2026-02-14
DSP000689,TXN0151445,M000219,CUS0054221,Visa,SERVICE_NOT_RENDERED,Service Not Rendered,2025-03-08,1499,739,208,2025-03-26,18,contested,won,2025-04-17
DSP000690,TXN0153044,M000219,CUS0054553,RuPay,UNAUTHORIZED_TRANSACTION,Unauthorized Transaction,2026-02-24,49999,505,234,2026-03-04,8,contested,lost,2026-03-28
DSP000691,TXN0151227,M000219,CUS0054632,Visa,RECURRING_BILLING_DISPUTE,Recurring Billing Dispute,2025-03-30,1499,718,169,2025-04-19,20,contested,won,2025-04-18
DSP000692,TXN0153508,M000219,CUS0054718,Visa,RECURRING_BILLING_DISPUTE,Recurring Billing Dispute,2025-06-24,1499,0,0,2025-07-08,14,accepted,accepted_refunded,
DSP000693,TXN0151356,M000219,,RuPay,SERVICE_NOT_RENDERED,Service Not Rendered,2025-06-19,1499,486,261,2025-07-09,20,contested,won,2025-07-29
DSP000694,TXN0151982,M000219,,Visa,RECURRING_BILLING_DISPUTE,Recurring Billing Dispute,2025-05-29,2999,535,298,2025-06-05,7,contested,lost,2025-06-29
DSP000695,TXN0152012,M000219,CUS0054740,Mastercard,RECURRING_BILLING_DISPUTE,Recurring Billing Dispute,2025-01-26,2999,0,0,2025-02-05,10,accepted,accepted_refunded,
DSP000696,TXN0152252,M000219,,Mastercard,CREDIT_NOT_PROCESSED,Credit Not Processed,2026-01-01,2999,678,299,2026-01-12,11,contested,won,2026-02-14
DSP000697,TXN0151719,M000219,CUS0054912,Visa,RECURRING_BILLING_DISPUTE,Recurring Billing Dispute,2025-11-04,2999,582,273,2025-11-12,8,contested,lost,2025-12-13
DSP000698,TXN0152264,M000219,CUS0054134,RuPay,RECURRING_BILLING_DISPUTE,Recurring Billing Dispute,2025-07-14,1499,410,184,2025-07-27,13,contested,lost,2025-08-13
DSP000699,TXN0151694,M000219,CUS0054547,Visa,CREDIT_NOT_PROCESSED,Credit Not Processed,2025-09-19,2999,670,297,2025-10-02,13,contested,won,2025-10-24
DSP000700,TXN0153069,M000219,CUS0054719,RuPay,RECURRING_BILLING_DISPUTE,Recurring Billing Dispute,2025-11-18,2999,636,208,2025-12-02,14,contested,won,2025-12-05
DSP000701,TXN0153835,M000220,CUS0055769,Visa,SERVICE_NOT_RENDERED,Service Not Rendered,2025-04-29,17595,548,287,2025-05-16,17,contested,lost,2025-05-18
DSP000702,TXN0154357,M000220,,Mastercard,SERVICE_NOT_RENDERED,Service Not Rendered,2025-11-04,25999,663,156,2025-11-15,11,contested,won,2025-12-04
DSP000703,TXN0156351,M000220,CUS0055848,RuPay,MERCHANDISE_NOT_AS_DESCRIBED,Merchandise Not As Described,2025-12-18,5895,704,295,2026-01-05,18,contested,lost,2026-01-23
DSP000704,TXN0154847,M000220,CUS0055059,Visa,DUPLICATE_TRANSACTION,Duplicate Transaction,2025-11-11,10495,0,0,2025-11-23,12,accepted,accepted_refunded,
DSP000705,TXN0154877,M000220,CUS0055708,Visa,MERCHANDISE_NOT_AS_DESCRIBED,Merchandise Not As Described,2025-10-08,11099,704,214,2025-10-26,18,contested,lost,2025-11-12
DSP000706,TXN0155755,M000220,CUS0054982,Visa,UNAUTHORIZED_TRANSACTION,Unauthorized Transaction,2025-05-10,5499,703,164,2025-05-25,15,contested,lost,2025-05-24
DSP000707,TXN0154311,M000220,,Visa,UNAUTHORIZED_TRANSACTION,Unauthorized Transaction,2025-05-26,5299,631,255,2025-06-12,17,contested,lost,2025-06-25
DSP000708,TXN0154315,M000220,,Mastercard,SERVICE_NOT_RENDERED,Service Not Rendered,2026-01-24,15299,0,0,2026-02-07,14,accepted,accepted_refunded,
DSP000709,TXN0154756,M000220,CUS0055233,Mastercard,SERVICE_NOT_RENDERED,Service Not Rendered,2025-06-30,2599,0,0,2025-07-20,20,accepted,accepted_refunded,
DSP000710,TXN0153858,M000220,,Mastercard,CREDIT_NOT_PROCESSED,Credit Not Processed,2025-03-28,25999,592,253,2025-04-06,9,contested,lost,2025-04-17
DSP000711,TXN0155016,M000220,,Visa,UNAUTHORIZED_TRANSACTION,Unauthorized Transaction,2025-11-05,12999,0,0,2025-11-14,9,accepted,accepted_refunded,
DSP000712,TXN0154243,M000220,,Mastercard,SERVICE_NOT_RENDERED,Service Not Rendered,2025-05-07,14799,728,221,2025-05-28,21,contested,won,2025-06-13
DSP000713,TXN0154516,M000220,,Visa,SERVICE_NOT_RENDERED,Service Not Rendered,2026-01-23,8099,608,265,2026-02-06,14,contested,lost,2026-03-05
DSP000714,TXN0158255,M000221,CUS0056686,Visa,RECURRING_BILLING_DISPUTE,Recurring Billing Dispute,2025-02-28,24999,598,272,2025-03-16,16,contested,lost,2025-03-30
DSP000715,TXN0156869,M000221,CUS0056259,RuPay,SERVICE_NOT_RENDERED,Service Not Rendered,2025-06-03,5999,567,294,2025-06-21,18,contested,lost,2025-06-17
DSP000716,TXN0159057,M000221,,Mastercard,RECURRING_BILLING_DISPUTE,Recurring Billing Dispute,2025-10-30,5999,0,0,2025-11-10,11,accepted,accepted_refunded,
DSP000717,TXN0156783,M000221,,Visa,RECURRING_BILLING_DISPUTE,Recurring Billing Dispute,2025-10-24,5999,604,190,2025-11-02,9,contested,lost,2025-11-09
DSP000718,TXN0157347,M000221,CUS0055997,Visa,RECURRING_BILLING_DISPUTE,Recurring Billing Dispute,2025-04-20,1499,665,279,2025-05-04,14,contested,lost,2025-05-04
DSP000719,TXN0157881,M000221,CUS0056351,Visa,DUPLICATE_TRANSACTION,Duplicate Transaction,2025-09-01,14999,736,169,2025-09-08,7,contested,won,2025-10-08
DSP000720,TXN0158829,M000221,,RuPay,RECURRING_BILLING_DISPUTE,Recurring Billing Dispute,2025-09-09,1499,588,152,2025-09-29,20,contested,lost,2025-09-24
DSP000721,TXN0157970,M000221,CUS0056582,Visa,RECURRING_BILLING_DISPUTE,Recurring Billing Dispute,2025-04-07,24999,591,249,2025-04-22,15,contested,lost,2025-05-19
DSP000722,TXN0157166,M000221,CUS0056495,Mastercard,RECURRING_BILLING_DISPUTE,Recurring Billing Dispute,2025-11-13,1499,582,298,2025-11-21,8,contested,lost,2025-12-12
DSP000723,TXN0157844,M000221,CUS0055949,Visa,SERVICE_NOT_RENDERED,Service Not Rendered,2025-09-12,14999,605,180,2025-09-24,12,contested,lost,2025-09-30
DSP000724,TXN0158227,M000221,CUS0056081,Mastercard,RECURRING_BILLING_DISPUTE,Recurring Billing Dispute,2025-04-30,5999,561,263,2025-05-18,18,contested,lost,2025-06-06
DSP000725,TXN0157878,M000221,CUS0056047,Visa,MERCHANDISE_NOT_AS_DESCRIBED,Merchandise Not As Described,2025-02-09,14999,0,0,2025-03-01,20,accepted,accepted_refunded,
DSP000726,TXN0157479,M000221,CUS0055879,Visa,UNAUTHORIZED_TRANSACTION,Unauthorized Transaction,2025-11-30,1499,686,286,2025-12-17,17,contested,won,2026-01-07
DSP000727,TXN0160450,M000222,CUS0057479,Mastercard,UNAUTHORIZED_TRANSACTION,Unauthorized Transaction,2025-09-05,1795,0,0,2025-09-13,8,accepted,accepted_refunded,
DSP000728,TXN0160370,M000222,CUS0057544,RuPay,UNAUTHORIZED_TRANSACTION,Unauthorized Transaction,2025-02-22,1099,0,0,2025-03-10,16,accepted,accepted_refunded,
DSP000729,TXN0159748,M000222,,Mastercard,UNAUTHORIZED_TRANSACTION,Unauthorized Transaction,2025-05-14,695,646,291,2025-05-25,11,contested,lost,2025-06-09
DSP000730,TXN0161581,M000222,CUS0057477,RuPay,MERCHANDISE_NOT_RECEIVED,Merchandise Not Received,2025-05-23,3445,0,0,2025-06-06,14,accepted,accepted_refunded,
DSP000731,TXN0159625,M000222,CUS0057553,Visa,UNAUTHORIZED_TRANSACTION,Unauthorized Transaction,2025-05-18,8499,597,175,2025-06-07,20,contested,lost,2025-06-26
DSP000732,TXN0161430,M000222,CUS0057513,Visa,UNAUTHORIZED_TRANSACTION,Unauthorized Transaction,2025-07-17,1295,418,233,2025-08-01,15,contested,won,2025-08-24
DSP000733,TXN0161732,M000222,CUS0057681,RuPay,CREDIT_NOT_PROCESSED,Credit Not Processed,2025-08-20,7295,670,284,2025-09-10,21,contested,won,2025-09-25
DSP000734,TXN0161538,M000222,,RuPay,MERCHANDISE_NOT_AS_DESCRIBED,Merchandise Not As Described,2026-01-17,1649,414,220,2026-01-24,7,contested,lost,2026-02-15
DSP000735,TXN0161909,M000223,CUS0058002,Visa,MERCHANDISE_NOT_AS_DESCRIBED,Merchandise Not As Described,2026-01-17,5295,720,296,2026-01-28,11,contested,lost,2026-02-23
DSP000736,TXN0164400,M000223,,Mastercard,CREDIT_NOT_PROCESSED,Credit Not Processed,2025-10-23,695,458,253,2025-11-02,10,contested,won,2025-11-16
DSP000737,TXN0163051,M000223,CUS0058030,RuPay,MERCHANDISE_NOT_AS_DESCRIBED,Merchandise Not As Described,2025-11-30,1399,446,242,2025-12-12,12,contested,won,2025-12-16
DSP000738,TXN0163976,M000223,CUS0058054,Visa,MERCHANDISE_NOT_AS_DESCRIBED,Merchandise Not As Described,2025-08-12,899,411,243,2025-08-23,11,contested,won,2025-09-25
DSP000739,TXN0164511,M000223,,Visa,MERCHANDISE_NOT_RECEIVED,Merchandise Not Received,2025-08-04,389,519,204,2025-08-19,15,contested,lost,2025-08-28
DSP000740,TXN0161866,M000223,CUS0058233,Visa,UNAUTHORIZED_TRANSACTION,Unauthorized Transaction,2025-05-28,3099,541,187,2025-06-14,17,contested,lost,2025-06-17
DSP000741,TXN0162522,M000223,CUS0058649,Visa,MERCHANDISE_NOT_AS_DESCRIBED,Merchandise Not As Described,2026-01-02,2249,0,0,2026-01-14,12,accepted,accepted_refunded,
DSP000742,TXN0161999,M000223,CUS0058110,Mastercard,MERCHANDISE_NOT_RECEIVED,Merchandise Not Received,2025-01-23,795,740,158,2025-02-09,17,contested,won,2025-02-06
DSP000743,TXN0163417,M000223,CUS0057924,Mastercard,MERCHANDISE_NOT_RECEIVED,Merchandise Not Received,2025-12-03,1749,624,279,2025-12-21,18,contested,lost,2025-12-18
DSP000744,TXN0163036,M000223,,Visa,MERCHANDISE_NOT_RECEIVED,Merchandise Not Received,2025-11-06,4045,0,0,2025-11-23,17,accepted,accepted_refunded,
DSP000745,TXN0164515,M000223,CUS0057817,Visa,MERCHANDISE_NOT_RECEIVED,Merchandise Not Received,2025-01-28,649,428,200,2025-02-16,19,contested,lost,2025-02-27
DSP000746,TXN0165054,M000224,CUS0059296,Mastercard,SERVICE_NOT_RENDERED,Service Not Rendered,2025-07-25,2799,0,0,2025-08-15,21,accepted,accepted_refunded,
DSP000747,TXN0165019,M000224,,Mastercard,SERVICE_NOT_RENDERED,Service Not Rendered,2025-01-09,3499,0,0,2025-01-23,14,accepted,accepted_refunded,
DSP000748,TXN0165652,M000224,CUS0059286,Visa,UNAUTHORIZED_TRANSACTION,Unauthorized Transaction,2026-01-17,2949,501,246,2026-01-30,13,contested,lost,2026-02-11
DSP000749,TXN0166896,M000224,CUS0059256,Mastercard,MERCHANDISE_NOT_AS_DESCRIBED,Merchandise Not As Described,2025-10-21,16399,749,192,2025-11-01,11,contested,lost,2025-11-20
DSP000750,TXN0165798,M000224,CUS0059570,Visa,DUPLICATE_TRANSACTION,Duplicate Transaction,2025-05-17,10799,416,240,2025-06-04,18,contested,won,2025-06-02
DSP000751,TXN0165400,M000224,,Visa,UNAUTHORIZED_TRANSACTION,Unauthorized Transaction,2025-09-06,14695,0,0,2025-09-25,19,accepted,accepted_refunded,
DSP000752,TXN0166358,M000224,CUS0059563,Visa,SERVICE_NOT_RENDERED,Service Not Rendered,2025-12-15,2699,631,294,2026-01-03,19,contested,lost,2026-01-14
DSP000753,TXN0167093,M000224,,Visa,CREDIT_NOT_PROCESSED,Credit Not Processed,2025-05-11,22499,674,233,2025-05-21,10,contested,lost,2025-05-26
DSP000754,TXN0165518,M000224,CUS0059485,Mastercard,CREDIT_NOT_PROCESSED,Credit Not Processed,2025-09-19,1749,0,0,2025-10-03,14,accepted,accepted_refunded,
DSP000755,TXN0165262,M000224,CUS0059138,Visa,SERVICE_NOT_RENDERED,Service Not Rendered,2026-02-05,5995,0,0,2026-02-17,12,accepted,accepted_refunded,
DSP000756,TXN0165637,M000224,CUS0059161,Mastercard,UNAUTHORIZED_TRANSACTION,Unauthorized Transaction,2025-10-03,7999,542,232,2025-10-24,21,contested,won,2025-10-29
DSP000757,TXN0164764,M000224,CUS0059055,RuPay,MERCHANDISE_NOT_AS_DESCRIBED,Merchandise Not As Described,2025-10-12,12795,730,294,2025-10-21,9,contested,lost,2025-11-13
DSP000758,TXN0164602,M000224,CUS0059049,Visa,CREDIT_NOT_PROCESSED,Credit Not Processed,2025-04-22,3849,495,291,2025-04-30,8,contested,won,2025-05-22
DSP000759,TXN0168578,M000225,CUS0059797,Mastercard,MERCHANDISE_NOT_AS_DESCRIBED,Merchandise Not As Described,2025-07-14,15099,550,155,2025-07-31,17,contested,lost,2025-08-20
DSP000760,TXN0167738,M000225,,Visa,UNAUTHORIZED_TRANSACTION,Unauthorized Transaction,2025-05-03,3849,0,0,2025-05-20,17,accepted,accepted_refunded,
DSP000761,TXN0168131,M000225,,Visa,SERVICE_NOT_RENDERED,Service Not Rendered,2025-06-23,6799,0,0,2025-07-06,13,accepted,accepted_refunded,
DSP000762,TXN0167531,M000225,CUS0060460,Mastercard,UNAUTHORIZED_TRANSACTION,Unauthorized Transaction,2025-06-08,12999,579,236,2025-06-17,9,contested,lost,2025-07-02
DSP000763,TXN0168992,M000225,CUS0060538,Visa,UNAUTHORIZED_TRANSACTION,Unauthorized Transaction,2025-09-06,10699,600,272,2025-09-25,19,contested,lost,2025-10-16
DSP000764,TXN0167481,M000225,,Mastercard,CREDIT_NOT_PROCESSED,Credit Not Processed,2025-09-11,6899,0,0,2025-09-20,9,accepted,accepted_refunded,
DSP000765,TXN0167673,M000225,CUS0060525,RuPay,UNAUTHORIZED_TRANSACTION,Unauthorized Transaction,2025-12-22,6899,0,0,2026-01-04,13,accepted,accepted_refunded,
DSP000766,TXN0168780,M000225,CUS0059761,Visa,SERVICE_NOT_RENDERED,Service Not Rendered,2025-08-09,9295,691,223,2025-08-21,12,contested,lost,2025-09-01
DSP000767,TXN0167763,M000225,,Mastercard,UNAUTHORIZED_TRANSACTION,Unauthorized Transaction,2025-07-29,5299,0,0,2025-08-08,10,accepted,accepted_refunded,
DSP000768,TXN0169823,M000225,CUS0060372,Mastercard,SERVICE_NOT_RENDERED,Service Not Rendered,2026-01-03,2195,713,162,2026-01-14,11,contested,lost,2026-01-29
DSP000769,TXN0170828,M000226,,Mastercard,CREDIT_NOT_PROCESSED,Credit Not Processed,2025-11-08,999,0,0,2025-11-15,7,accepted,accepted_refunded,
DSP000770,TXN0171286,M000226,CUS0061415,Mastercard,RECURRING_BILLING_DISPUTE,Recurring Billing Dispute,2025-09-22,3999,0,0,2025-10-08,16,accepted,accepted_refunded,
DSP000771,TXN0171973,M000226,CUS0060802,Mastercard,SERVICE_NOT_RENDERED,Service Not Rendered,2025-05-08,999,573,190,2025-05-22,14,contested,won,2025-06-17
DSP000772,TXN0171097,M000226,,Visa,RECURRING_BILLING_DISPUTE,Recurring Billing Dispute,2025-11-03,2499,0,0,2025-11-12,9,accepted,accepted_refunded,
DSP000773,TXN0170762,M000226,CUS0061586,Visa,RECURRING_BILLING_DISPUTE,Recurring Billing Dispute,2025-06-17,3999,0,0,2025-07-01,14,accepted,accepted_refunded,
DSP000774,TXN0172349,M000226,CUS0061273,Mastercard,CREDIT_NOT_PROCESSED,Credit Not Processed,2026-02-09,999,438,251,2026-02-28,19,contested,won,2026-02-24
DSP000775,TXN0169945,M000226,CUS0061396,Visa,SERVICE_NOT_RENDERED,Service Not Rendered,2025-09-30,999,567,280,2025-10-14,14,contested,won,2025-10-22
DSP000776,TXN0170194,M000226,,Visa,RECURRING_BILLING_DISPUTE,Recurring Billing Dispute,2025-11-06,5999,0,0,2025-11-21,15,accepted,accepted_refunded,
DSP000777,TXN0170571,M000226,,Mastercard,SERVICE_NOT_RENDERED,Service Not Rendered,2025-05-27,5999,680,214,2025-06-15,19,contested,lost,2025-07-07
DSP000778,TXN0171313,M000226,,Visa,SERVICE_NOT_RENDERED,Service Not Rendered,2026-01-12,3999,623,181,2026-01-23,11,contested,lost,2026-02-23
DSP000779,TXN0172355,M000226,,Visa,RECURRING_BILLING_DISPUTE,Recurring Billing Dispute,2025-09-13,999,467,276,2025-10-04,21,contested,lost,2025-10-20
DSP000780,TXN0171942,M000226,,RuPay,SERVICE_NOT_RENDERED,Service Not Rendered,2025-06-19,5999,0,0,2025-06-29,10,accepted,accepted_refunded,
DSP000781,TXN0170596,M000226,CUS0060930,Visa,CREDIT_NOT_PROCESSED,Credit Not Processed,2025-03-19,5999,479,169,2025-03-31,12,contested,won,2025-04-10
DSP000782,TXN0172381,M000226,CUS0061490,Mastercard,MERCHANDISE_NOT_AS_DESCRIBED,Merchandise Not As Described,2025-07-08,3999,612,172,2025-07-24,16,contested,lost,2025-08-20
DSP000783,TXN0173838,M000227,CUS0062450,Visa,CREDIT_NOT_PROCESSED,Credit Not Processed,2025-08-31,1499,0,0,2025-09-11,11,accepted,accepted_refunded,
DSP000784,TXN0174455,M000227,CUS0062543,Visa,RECURRING_BILLING_DISPUTE,Recurring Billing Dispute,2025-12-22,5999,671,279,2026-01-06,15,contested,won,2026-01-05
DSP000785,TXN0174112,M000227,CUS0061747,Visa,RECURRING_BILLING_DISPUTE,Recurring Billing Dispute,2026-01-05,5999,425,158,2026-01-16,11,contested,lost,2026-02-04
DSP000786,TXN0172737,M000227,,RuPay,RECURRING_BILLING_DISPUTE,Recurring Billing Dispute,2025-09-20,1499,0,0,2025-09-27,7,accepted,accepted_refunded,
DSP000787,TXN0173339,M000227,CUS0061704,Visa,RECURRING_BILLING_DISPUTE,Recurring Billing Dispute,2026-01-25,1499,0,0,2026-02-02,8,accepted,accepted_refunded,
DSP000788,TXN0173345,M000227,CUS0062522,Mastercard,SERVICE_NOT_RENDERED,Service Not Rendered,2025-04-24,1499,518,202,2025-05-09,15,contested,won,2025-05-24
DSP000789,TXN0174221,M000227,CUS0061703,RuPay,SERVICE_NOT_RENDERED,Service Not Rendered,2025-06-12,1499,620,273,2025-06-21,9,contested,won,2025-07-22
DSP000790,TXN0174650,M000227,CUS0062482,Mastercard,RECURRING_BILLING_DISPUTE,Recurring Billing Dispute,2025-05-04,14999,0,0,2025-05-25,21,accepted,accepted_refunded,
DSP000791,TXN0174732,M000227,CUS0062418,RuPay,UNAUTHORIZED_TRANSACTION,Unauthorized Transaction,2025-03-11,1499,0,0,2025-03-24,13,accepted,accepted_refunded,
DSP000792,TXN0173956,M000227,,Visa,CREDIT_NOT_PROCESSED,Credit Not Processed,2025-10-10,2499,419,234,2025-10-25,15,contested,lost,2025-11-18
DSP000793,TXN0172857,M000227,,Mastercard,SERVICE_NOT_RENDERED,Service Not Rendered,2025-09-04,2499,413,255,2025-09-24,20,contested,lost,2025-10-09
DSP000794,TXN0174053,M000227,,Visa,MERCHANDISE_NOT_AS_DESCRIBED,Merchandise Not As Described,2025-04-03,5999,746,289,2025-04-19,16,contested,lost,2025-05-16
DSP000795,TXN0172579,M000227,CUS0062217,Visa,UNAUTHORIZED_TRANSACTION,Unauthorized Transaction,2025-02-19,2499,498,220,2025-02-26,7,contested,lost,2025-03-16
DSP000796,TXN0175199,M000227,CUS0061954,Mastercard,RECURRING_BILLING_DISPUTE,Recurring Billing Dispute,2025-12-23,1499,619,250,2025-12-31,8,contested,lost,2026-01-28
DSP000797,TXN0173628,M000227,,Visa,RECURRING_BILLING_DISPUTE,Recurring Billing Dispute,2025-05-26,1499,0,0,2025-06-10,15,accepted,accepted_refunded,
DSP000798,TXN0173535,M000227,CUS0062327,Mastercard,RECURRING_BILLING_DISPUTE,Recurring Billing Dispute,2026-02-07,5999,746,247,2026-02-21,14,contested,won,2026-03-22
DSP000799,TXN0173367,M000227,,RuPay,MERCHANDISE_NOT_AS_DESCRIBED,Merchandise Not As Described,2025-03-10,1499,494,152,2025-03-31,21,contested,won,2025-04-10
DSP000800,TXN0173546,M000227,CUS0062231,Mastercard,CREDIT_NOT_PROCESSED,Credit Not Processed,2025-07-15,14999,737,182,2025-07-22,7,contested,won,2025-08-06
DSP000801,TXN0176951,M000228,,Visa,SERVICE_NOT_RENDERED,Service Not Rendered,2025-03-12,8399,0,0,2025-03-22,10,accepted,accepted_refunded,
DSP000802,TXN0176918,M000228,CUS0063256,Visa,CREDIT_NOT_PROCESSED,Credit Not Processed,2025-07-22,4399,0,0,2025-07-31,9,accepted,accepted_refunded,
DSP000803,TXN0177466,M000228,,Mastercard,UNAUTHORIZED_TRANSACTION,Unauthorized Transaction,2026-01-11,2999,695,172,2026-01-23,12,contested,lost,2026-01-30
DSP000804,TXN0175660,M000228,,Mastercard,SERVICE_NOT_RENDERED,Service Not Rendered,2025-04-22,12299,0,0,2025-05-11,19,accepted,accepted_refunded,
DSP000805,TXN0177599,M000228,CUS0062842,Mastercard,MERCHANDISE_NOT_AS_DESCRIBED,Merchandise Not As Described,2025-04-26,12895,573,244,2025-05-07,11,contested,won,2025-05-22
DSP000806,TXN0177109,M000228,CUS0062594,Mastercard,UNAUTHORIZED_TRANSACTION,Unauthorized Transaction,2025-07-13,7499,517,174,2025-07-22,9,contested,won,2025-08-24
DSP000807,TXN0175851,M000228,,Visa,SERVICE_NOT_RENDERED,Service Not Rendered,2025-11-18,10695,642,232,2025-12-02,14,contested,lost,2025-12-12
DSP000808,TXN0176995,M000228,,Visa,SERVICE_NOT_RENDERED,Service Not Rendered,2025-10-19,2649,0,0,2025-11-04,16,accepted,accepted_refunded,
DSP000809,TXN0176771,M000228,CUS0062917,Mastercard,SERVICE_NOT_RENDERED,Service Not Rendered,2026-01-21,4945,537,162,2026-02-07,17,contested,lost,2026-02-25
DSP000810,TXN0176142,M000228,CUS0063312,Visa,UNAUTHORIZED_TRANSACTION,Unauthorized Transaction,2025-05-11,18199,551,276,2025-05-29,18,contested,lost,2025-06-16
DSP000811,TXN0175426,M000228,,Visa,SERVICE_NOT_RENDERED,Service Not Rendered,2026-03-08,11499,554,261,2026-03-16,8,contested,won,2026-04-08
DSP000812,TXN0176578,M000228,CUS0063350,Visa,UNAUTHORIZED_TRANSACTION,Unauthorized Transaction,2025-12-12,6399,570,188,2025-12-20,8,contested,lost,2026-01-13
DSP000813,TXN0175458,M000228,,Mastercard,SERVICE_NOT_RENDERED,Service Not Rendered,2025-10-24,16099,643,257,2025-11-13,20,contested,won,2025-12-03
DSP000814,TXN0179664,M000229,CUS0064262,Visa,CREDIT_NOT_PROCESSED,Credit Not Processed,2025-12-22,10899,0,0,2026-01-03,12,accepted,accepted_refunded,
DSP000815,TXN0179462,M000229,CUS0063985,RuPay,MERCHANDISE_NOT_AS_DESCRIBED,Merchandise Not As Described,2025-06-09,18099,0,0,2025-06-23,14,accepted,accepted_refunded,
DSP000816,TXN0178099,M000229,,Visa,UNAUTHORIZED_TRANSACTION,Unauthorized Transaction,2025-04-18,117499,478,193,2025-05-06,18,contested,lost,2025-06-02
DSP000817,TXN0178481,M000229,CUS0063614,Mastercard,MERCHANDISE_NOT_AS_DESCRIBED,Merchandise Not As Described,2025-11-05,6795,698,220,2025-11-20,15,contested,won,2025-12-12
DSP000818,TXN0178422,M000229,,Mastercard,SERVICE_NOT_RENDERED,Service Not Rendered,2025-09-19,6599,544,251,2025-09-30,11,contested,won,2025-10-09
DSP000819,TXN0178600,M000229,CUS0063552,Mastercard,CREDIT_NOT_PROCESSED,Credit Not Processed,2025-09-01,4199,708,213,2025-09-20,19,contested,won,2025-10-07
DSP000820,TXN0178724,M000229,CUS0063600,Mastercard,SERVICE_NOT_RENDERED,Service Not Rendered,2026-02-08,8699,690,193,2026-02-26,18,contested,won,2026-03-01
DSP000821,TXN0180581,M000229,,Mastercard,UNAUTHORIZED_TRANSACTION,Unauthorized Transaction,2026-01-14,4099,551,239,2026-01-29,15,contested,lost,2026-02-11
DSP000822,TXN0180217,M000229,,Visa,UNAUTHORIZED_TRANSACTION,Unauthorized Transaction,2025-08-19,5895,0,0,2025-08-28,9,accepted,accepted_refunded,
DSP000823,TXN0178222,M000229,CUS0063606,Mastercard,SERVICE_NOT_RENDERED,Service Not Rendered,2026-02-09,9299,727,156,2026-02-23,14,contested,lost,2026-03-18
DSP000824,TXN0178697,M000229,,Visa,SERVICE_NOT_RENDERED,Service Not Rendered,2025-04-27,3299,454,182,2025-05-11,14,contested,lost,2025-05-14
DSP000825,TXN0178343,M000229,CUS0064226,Mastercard,MERCHANDISE_NOT_AS_DESCRIBED,Merchandise Not As Described,2025-08-03,5499,0,0,2025-08-24,21,accepted,accepted_refunded,
DSP000826,TXN0179943,M000229,CUS0063897,Mastercard,CREDIT_NOT_PROCESSED,Credit Not Processed,2025-04-05,5999,474,259,2025-04-20,15,contested,lost,2025-05-17
DSP000827,TXN0183270,M000230,,Mastercard,RECURRING_BILLING_DISPUTE,Recurring Billing Dispute,2025-05-08,1499,588,273,2025-05-25,17,contested,lost,2025-05-30
DSP000828,TXN0182137,M000230,CUS0064713,RuPay,RECURRING_BILLING_DISPUTE,Recurring Billing Dispute,2025-10-02,1499,536,239,2025-10-15,13,contested,lost,2025-10-18
DSP000829,TXN0181336,M000230,,Mastercard,CREDIT_NOT_PROCESSED,Credit Not Processed,2025-08-02,4999,692,162,2025-08-21,19,contested,won,2025-08-31
DSP000830,TXN0181453,M000230,CUS0065315,Visa,UNAUTHORIZED_TRANSACTION,Unauthorized Transaction,2026-01-05,999,563,182,2026-01-25,20,contested,lost,2026-02-13
DSP000831,TXN0181750,M000230,,RuPay,RECURRING_BILLING_DISPUTE,Recurring Billing Dispute,2025-11-30,1499,626,238,2025-12-17,17,contested,lost,2026-01-12
DSP000832,TXN0182034,M000230,CUS0065420,Mastercard,SERVICE_NOT_RENDERED,Service Not Rendered,2025-11-02,999,500,196,2025-11-16,14,contested,won,2025-12-04
DSP000833,TXN0183111,M000230,CUS0065240,Mastercard,CREDIT_NOT_PROCESSED,Credit Not Processed,2025-11-09,999,485,180,2025-11-17,8,contested,lost,2025-12-21
DSP000834,TXN0182887,M000230,CUS0065046,Visa,RECURRING_BILLING_DISPUTE,Recurring Billing Dispute,2025-03-23,1499,0,0,2025-04-04,12,accepted,accepted_refunded,
DSP000835,TXN0182621,M000230,,RuPay,MERCHANDISE_NOT_AS_DESCRIBED,Merchandise Not As Described,2025-06-27,999,714,207,2025-07-12,15,contested,won,2025-07-29
DSP000836,TXN0181363,M000230,CUS0064748,RuPay,CREDIT_NOT_PROCESSED,Credit Not Processed,2025-03-23,999,0,0,2025-04-01,9,accepted,accepted_refunded,
DSP000837,TXN0180657,M000230,CUS0064892,RuPay,SERVICE_NOT_RENDERED,Service Not Rendered,2025-05-21,1499,695,235,2025-05-30,9,contested,lost,2025-07-04
DSP000838,TXN0180928,M000230,,Mastercard,RECURRING_BILLING_DISPUTE,Recurring Billing Dispute,2026-01-20,4999,0,0,2026-02-02,13,accepted,accepted_refunded,
DSP000839,TXN0180748,M000230,,Visa,RECURRING_BILLING_DISPUTE,Recurring Billing Dispute,2025-04-25,1499,551,291,2025-05-08,13,contested,won,2025-05-13
DSP000840,TXN0182603,M000230,CUS0065387,Visa,RECURRING_BILLING_DISPUTE,Recurring Billing Dispute,2025-09-19,2999,0,0,2025-10-08,19,accepted,accepted_refunded,
DSP000841,TXN0182305,M000230,,Mastercard,SERVICE_NOT_RENDERED,Service Not Rendered,2025-09-22,999,0,0,2025-10-06,14,accepted,accepted_refunded,
DSP000842,TXN0182466,M000230,CUS0065442,RuPay,CREDIT_NOT_PROCESSED,Credit Not Processed,2025-04-17,2999,712,266,2025-05-07,20,contested,won,2025-05-26
DSP000843,TXN0181316,M000230,CUS0065257,Mastercard,CREDIT_NOT_PROCESSED,Credit Not Processed,2025-11-19,4999,706,266,2025-12-01,12,contested,lost,2025-12-15
DSP000844,TXN0183055,M000230,,Mastercard,SERVICE_NOT_RENDERED,Service Not Rendered,2025-09-09,999,0,0,2025-09-23,14,accepted,accepted_refunded,
DSP000845,TXN0182491,M000230,CUS0065191,Mastercard,SERVICE_NOT_RENDERED,Service Not Rendered,2025-04-18,999,0,0,2025-05-05,17,accepted,accepted_refunded,
DSP000846,TXN0184285,M000231,,Mastercard,UNAUTHORIZED_TRANSACTION,Unauthorized Transaction,2025-04-11,999,519,296,2025-04-22,11,contested,lost,2025-05-01
DSP000847,TXN0183902,M000231,CUS0065462,Mastercard,RECURRING_BILLING_DISPUTE,Recurring Billing Dispute,2025-02-05,999,0,0,2025-02-24,19,accepted,accepted_refunded,
DSP000848,TXN0184044,M000231,CUS0065784,Mastercard,SERVICE_NOT_RENDERED,Service Not Rendered,2026-01-05,999,562,240,2026-01-19,14,contested,won,2026-01-28
DSP000849,TXN0184883,M000231,CUS0065936,Visa,RECURRING_BILLING_DISPUTE,Recurring Billing Dispute,2025-11-13,999,0,0,2025-11-20,7,accepted,accepted_refunded,
DSP000850,TXN0184118,M000231,,Mastercard,CREDIT_NOT_PROCESSED,Credit Not Processed,2025-06-04,999,0,0,2025-06-20,16,accepted,accepted_refunded,
DSP000851,TXN0184667,M000231,CUS0066280,Mastercard,CREDIT_NOT_PROCESSED,Credit Not Processed,2025-06-06,999,467,259,2025-06-14,8,contested,won,2025-07-21
DSP000852,TXN0184453,M000231,,Mastercard,CREDIT_NOT_PROCESSED,Credit Not Processed,2025-05-25,4999,0,0,2025-06-10,16,accepted,accepted_refunded,
DSP000853,TXN0185211,M000231,CUS0065597,Visa,RECURRING_BILLING_DISPUTE,Recurring Billing Dispute,2025-03-29,14999,0,0,2025-04-19,21,accepted,accepted_refunded,
DSP000854,TXN0184779,M000231,CUS0065495,Visa,RECURRING_BILLING_DISPUTE,Recurring Billing Dispute,2025-09-24,4999,0,0,2025-10-14,20,accepted,accepted_refunded,
DSP000855,TXN0185478,M000231,CUS0066127,RuPay,UNAUTHORIZED_TRANSACTION,Unauthorized Transaction,2025-02-04,999,678,232,2025-02-12,8,contested,lost,2025-03-11
DSP000856,TXN0185990,M000232,,Visa,MERCHANDISE_NOT_AS_DESCRIBED,Merchandise Not As Described,2025-08-21,1549,702,192,2025-08-28,7,contested,won,2025-09-04
DSP000857,TXN0186093,M000232,CUS0066901,Visa,UNAUTHORIZED_TRANSACTION,Unauthorized Transaction,2025-09-24,1299,484,294,2025-10-09,15,contested,lost,2025-10-29
DSP000858,TXN0186091,M000232,CUS0067086,Visa,DUPLICATE_TRANSACTION,Duplicate Transaction,2026-02-10,4445,0,0,2026-02-21,11,accepted,accepted_refunded,
DSP000859,TXN0188501,M000232,CUS0066671,RuPay,UNAUTHORIZED_TRANSACTION,Unauthorized Transaction,2025-07-14,379,653,271,2025-08-01,18,contested,lost,2025-08-01
DSP000860,TXN0187499,M000232,CUS0066637,Mastercard,MERCHANDISE_NOT_RECEIVED,Merchandise Not Received,2025-11-18,2799,671,290,2025-12-06,18,contested,won,2025-12-21
DSP000861,TXN0187656,M000232,,Visa,MERCHANDISE_NOT_AS_DESCRIBED,Merchandise Not As Described,2025-05-21,1449,0,0,2025-05-29,8,accepted,accepted_refunded,
DSP000862,TXN0188132,M000232,CUS0067196,Visa,UNAUTHORIZED_TRANSACTION,Unauthorized Transaction,2025-04-27,1249,0,0,2025-05-18,21,accepted,accepted_refunded,
DSP000863,TXN0187574,M000232,,Mastercard,MERCHANDISE_NOT_RECEIVED,Merchandise Not Received,2025-08-27,5199,0,0,2025-09-13,17,accepted,accepted_refunded,
DSP000864,TXN0186927,M000232,,Mastercard,MERCHANDISE_NOT_RECEIVED,Merchandise Not Received,2025-02-03,6895,649,192,2025-02-13,10,contested,lost,2025-03-12
DSP000865,TXN0186750,M000232,,Visa,MERCHANDISE_NOT_AS_DESCRIBED,Merchandise Not As Described,2025-11-12,2499,0,0,2025-12-02,20,accepted,accepted_refunded,
DSP000866,TXN0186649,M000232,CUS0067113,Mastercard,UNAUTHORIZED_TRANSACTION,Unauthorized Transaction,2025-11-01,459,450,234,2025-11-14,13,contested,lost,2025-11-21
DSP000867,TXN0190998,M000233,CUS0068189,Visa,CREDIT_NOT_PROCESSED,Credit Not Processed,2025-05-13,6799,501,192,2025-06-01,19,contested,lost,2025-06-02
DSP000868,TXN0188703,M000233,,Visa,UNAUTHORIZED_TRANSACTION,Unauthorized Transaction,2026-01-01,38499,0,0,2026-01-18,17,accepted,accepted_refunded,
DSP000869,TXN0189938,M000233,CUS0067769,Mastercard,DUPLICATE_TRANSACTION,Duplicate Transaction,2025-12-11,13499,0,0,2025-12-26,15,accepted,accepted_refunded,
DSP000870,TXN0190440,M000233,CUS0067440,RuPay,CREDIT_NOT_PROCESSED,Credit Not Processed,2025-08-30,7495,698,268,2025-09-10,11,contested,won,2025-09-25
DSP000871,TXN0189789,M000233,,Visa,SERVICE_NOT_RENDERED,Service Not Rendered,2025-06-04,10795,0,0,2025-06-21,17,accepted,accepted_refunded,
DSP000872,TXN0189269,M000233,CUS0068238,RuPay,UNAUTHORIZED_TRANSACTION,Unauthorized Transaction,2025-05-31,6999,629,275,2025-06-12,12,contested,lost,2025-06-18
DSP000873,TXN0190722,M000233,CUS0067716,Visa,MERCHANDISE_NOT_AS_DESCRIBED,Merchandise Not As Described,2026-02-04,7499,671,194,2026-02-18,14,contested,lost,2026-03-16
DSP000874,TXN0193663,M000234,CUS0069017,Visa,DUPLICATE_TRANSACTION,Duplicate Transaction,2025-12-19,2999,744,281,2026-01-08,20,contested,won,2026-01-14
DSP000875,TXN0191619,M000234,CUS0068439,Visa,CREDIT_NOT_PROCESSED,Credit Not Processed,2025-04-05,2999,705,297,2025-04-21,16,contested,lost,2025-05-12
DSP000876,TXN0193789,M000234,CUS0068808,Visa,CREDIT_NOT_PROCESSED,Credit Not Processed,2025-05-06,2999,488,195,2025-05-27,21,contested,lost,2025-05-29
DSP000877,TXN0192295,M000234,CUS0069179,Visa,RECURRING_BILLING_DISPUTE,Recurring Billing Dispute,2025-03-08,4999,524,197,2025-03-26,18,contested,won,2025-03-30
DSP000878,TXN0192731,M000234,CUS0068675,Visa,SERVICE_NOT_RENDERED,Service Not Rendered,2025-07-28,19999,673,167,2025-08-17,20,contested,lost,2025-08-30
DSP000879,TXN0191773,M000234,,RuPay,RECURRING_BILLING_DISPUTE,Recurring Billing Dispute,2025-11-27,2999,0,0,2025-12-12,15,accepted,accepted_refunded,
DSP000880,TXN0193168,M000234,CUS0068917,Mastercard,RECURRING_BILLING_DISPUTE,Recurring Billing Dispute,2025-04-18,2999,469,239,2025-05-07,19,contested,lost,2025-05-06
DSP000881,TXN0191755,M000234,CUS0068738,Visa,RECURRING_BILLING_DISPUTE,Recurring Billing Dispute,2025-08-17,399,466,185,2025-08-28,11,contested,won,2025-09-16
DSP000882,TXN0193658,M000234,CUS0068579,Visa,SERVICE_NOT_RENDERED,Service Not Rendered,2025-05-16,4999,646,161,2025-05-28,12,contested,won,2025-06-27
DSP000883,TXN0192369,M000234,CUS0068881,Visa,SERVICE_NOT_RENDERED,Service Not Rendered,2025-02-15,19999,0,0,2025-03-04,17,accepted,accepted_refunded,
DSP000884,TXN0192264,M000234,,Mastercard,CREDIT_NOT_PROCESSED,Credit Not Processed,2025-04-24,2999,405,192,2025-05-09,15,contested,lost,2025-05-23
DSP000885,TXN0191994,M000234,,Mastercard,RECURRING_BILLING_DISPUTE,Recurring Billing Dispute,2025-08-13,399,0,0,2025-08-27,14,accepted,accepted_refunded,
DSP000886,TXN0192198,M000234,CUS0068769,RuPay,UNAUTHORIZED_TRANSACTION,Unauthorized Transaction,2025-12-12,19999,500,197,2025-12-29,17,contested,lost,2026-01-08
DSP000887,TXN0191964,M000234,,Visa,RECURRING_BILLING_DISPUTE,Recurring Billing Dispute,2026-01-07,4999,0,0,2026-01-15,8,accepted,accepted_refunded,
DSP000888,TXN0196163,M000235,,Visa,UNAUTHORIZED_TRANSACTION,Unauthorized Transaction,2026-02-06,6899,536,203,2026-02-24,18,contested,lost,2026-03-14
DSP000889,TXN0196333,M000235,CUS0069892,Visa,CREDIT_NOT_PROCESSED,Credit Not Processed,2025-04-25,42999,698,238,2025-05-11,16,contested,lost,2025-05-22
DSP000890,TXN0194603,M000235,CUS0069889,Mastercard,SERVICE_NOT_RENDERED,Service Not Rendered,2025-08-01,5299,444,255,2025-08-18,17,contested,lost,2025-09-01
DSP000891,TXN0194662,M000235,CUS0070007,Visa,DUPLICATE_TRANSACTION,Duplicate Transaction,2025-01-28,9795,702,242,2025-02-17,20,contested,lost,2025-03-01
DSP000892,TXN0196623,M000235,CUS0069878,Visa,MERCHANDISE_NOT_AS_DESCRIBED,Merchandise Not As Described,2025-05-02,26499,0,0,2025-05-22,20,accepted,accepted_refunded,
DSP000893,TXN0194809,M000235,CUS0069980,Mastercard,MERCHANDISE_NOT_AS_DESCRIBED,Merchandise Not As Described,2025-03-18,4349,0,0,2025-03-28,10,accepted,accepted_refunded,
DSP000894,TXN0196444,M000235,CUS0069817,Visa,CREDIT_NOT_PROCESSED,Credit Not Processed,2025-08-11,19799,0,0,2025-08-20,9,accepted,accepted_refunded,
DSP000895,TXN0197666,M000236,CUS0071056,Visa,RECURRING_BILLING_DISPUTE,Recurring Billing Dispute,2025-05-13,399,0,0,2025-06-02,20,accepted,accepted_refunded,
DSP000896,TXN0198990,M000236,,Visa,RECURRING_BILLING_DISPUTE,Recurring Billing Dispute,2025-11-11,4999,728,209,2025-11-25,14,contested,won,2025-12-14
DSP000897,TXN0198441,M000236,,Visa,RECURRING_BILLING_DISPUTE,Recurring Billing Dispute,2025-02-03,1499,715,189,2025-02-17,14,contested,lost,2025-03-08
DSP000898,TXN0199277,M000236,CUS0070751,Visa,UNAUTHORIZED_TRANSACTION,Unauthorized Transaction,2025-10-09,4999,439,179,2025-10-22,13,contested,lost,2025-11-13
DSP000899,TXN0196923,M000236,CUS0070742,Mastercard,RECURRING_BILLING_DISPUTE,Recurring Billing Dispute,2025-05-27,399,402,165,2025-06-11,15,contested,won,2025-06-23
DSP000900,TXN0198772,M000236,,RuPay,RECURRING_BILLING_DISPUTE,Recurring Billing Dispute,2025-09-29,399,473,259,2025-10-18,19,contested,won,2025-11-03
DSP000901,TXN0199221,M000236,,Mastercard,RECURRING_BILLING_DISPUTE,Recurring Billing Dispute,2025-07-15,19999,650,196,2025-07-25,10,contested,won,2025-08-03
DSP000902,TXN0197528,M000236,,RuPay,RECURRING_BILLING_DISPUTE,Recurring Billing Dispute,2025-09-20,399,690,159,2025-10-01,11,contested,won,2025-10-16
DSP000903,TXN0197349,M000236,,Visa,RECURRING_BILLING_DISPUTE,Recurring Billing Dispute,2025-08-23,399,0,0,2025-09-08,16,accepted,accepted_refunded,
DSP000904,TXN0197115,M000236,CUS0070976,Visa,DUPLICATE_TRANSACTION,Duplicate Transaction,2025-11-06,399,0,0,2025-11-15,9,accepted,accepted_refunded,
DSP000905,TXN0197175,M000236,CUS0070265,Visa,RECURRING_BILLING_DISPUTE,Recurring Billing Dispute,2025-01-27,19999,427,251,2025-02-13,17,contested,won,2025-02-15
DSP000906,TXN0196687,M000236,,Visa,RECURRING_BILLING_DISPUTE,Recurring Billing Dispute,2025-02-13,1499,408,267,2025-03-02,17,contested,won,2025-03-19
DSP000907,TXN0197187,M000236,CUS0070583,RuPay,CREDIT_NOT_PROCESSED,Credit Not Processed,2025-09-16,19999,0,0,2025-10-01,15,accepted,accepted_refunded,
DSP000908,TXN0201584,M000237,CUS0072018,Mastercard,DUPLICATE_TRANSACTION,Duplicate Transaction,2025-08-24,19999,496,237,2025-09-09,16,contested,won,2025-09-18
DSP000909,TXN0201046,M000237,,Visa,CREDIT_NOT_PROCESSED,Credit Not Processed,2026-02-01,399,422,299,2026-02-20,19,contested,won,2026-03-09
DSP000910,TXN0200770,M000237,CUS0071251,Visa,UNAUTHORIZED_TRANSACTION,Unauthorized Transaction,2026-02-18,399,0,0,2026-02-26,8,accepted,accepted_refunded,
DSP000911,TXN0200856,M000237,,Visa,RECURRING_BILLING_DISPUTE,Recurring Billing Dispute,2025-03-31,399,595,270,2025-04-11,11,contested,won,2025-04-22
DSP000912,TXN0201429,M000237,CUS0071418,Visa,RECURRING_BILLING_DISPUTE,Recurring Billing Dispute,2025-06-02,19999,511,288,2025-06-20,18,contested,won,2025-06-17
DSP000913,TXN0200015,M000237,,Visa,CREDIT_NOT_PROCESSED,Credit Not Processed,2025-05-29,19999,507,169,2025-06-13,15,contested,lost,2025-06-30
DSP000914,TXN0200750,M000237,CUS0071305,Visa,RECURRING_BILLING_DISPUTE,Recurring Billing Dispute,2025-04-01,399,589,252,2025-04-08,7,contested,won,2025-04-16
DSP000915,TXN0199602,M000237,CUS0071452,Visa,RECURRING_BILLING_DISPUTE,Recurring Billing Dispute,2025-07-03,19999,437,175,2025-07-13,10,contested,won,2025-08-01
DSP000916,TXN0200940,M000237,,Mastercard,SERVICE_NOT_RENDERED,Service Not Rendered,2025-05-24,399,0,0,2025-06-10,17,accepted,accepted_refunded,
DSP000917,TXN0201898,M000237,CUS0071921,Visa,UNAUTHORIZED_TRANSACTION,Unauthorized Transaction,2025-08-26,399,527,292,2025-09-07,12,contested,won,2025-09-26
DSP000918,TXN0203511,M000238,,Visa,CREDIT_NOT_PROCESSED,Credit Not Processed,2026-01-01,1349,0,0,2026-01-08,7,accepted,accepted_refunded,
DSP000919,TXN0204658,M000238,CUS0072920,Visa,MERCHANDISE_NOT_RECEIVED,Merchandise Not Received,2025-06-27,1149,0,0,2025-07-06,9,accepted,accepted_refunded,
DSP000920,TXN0203525,M000238,CUS0072688,Visa,MERCHANDISE_NOT_AS_DESCRIBED,Merchandise Not As Described,2026-01-25,649,620,278,2026-02-13,19,contested,lost,2026-02-24
DSP000921,TXN0203343,M000238,,Visa,MERCHANDISE_NOT_RECEIVED,Merchandise Not Received,2025-03-06,945,527,184,2025-03-20,14,contested,won,2025-03-24
DSP000922,TXN0204076,M000238,CUS0073088,Mastercard,UNAUTHORIZED_TRANSACTION,Unauthorized Transaction,2025-09-05,649,0,0,2025-09-20,15,accepted,accepted_refunded,
DSP000923,TXN0202396,M000238,,Mastercard,UNAUTHORIZED_TRANSACTION,Unauthorized Transaction,2025-03-30,999,618,187,2025-04-15,16,contested,lost,2025-04-17
DSP000924,TXN0202414,M000238,CUS0072315,Mastercard,UNAUTHORIZED_TRANSACTION,Unauthorized Transaction,2025-08-28,329,0,0,2025-09-11,14,accepted,accepted_refunded,
DSP000925,TXN0202581,M000238,CUS0072991,Visa,MERCHANDISE_NOT_AS_DESCRIBED,Merchandise Not As Described,2025-10-08,2749,0,0,2025-10-27,19,accepted,accepted_refunded,
DSP000926,TXN0202903,M000238,,Visa,MERCHANDISE_NOT_AS_DESCRIBED,Merchandise Not As Described,2025-06-22,2149,477,225,2025-07-09,17,contested,won,2025-07-28
DSP000927,TXN0202653,M000238,CUS0072591,Visa,MERCHANDISE_NOT_RECEIVED,Merchandise Not Received,2025-06-28,1095,0,0,2025-07-12,14,accepted,accepted_refunded,
DSP000928,TXN0202150,M000238,,Visa,MERCHANDISE_NOT_RECEIVED,Merchandise Not Received,2025-08-10,2345,0,0,2025-08-21,11,accepted,accepted_refunded,
DSP000929,TXN0204464,M000238,CUS0072692,Visa,MERCHANDISE_NOT_AS_DESCRIBED,Merchandise Not As Described,2025-08-15,2699,414,251,2025-08-31,16,contested,lost,2025-09-08
DSP000930,TXN0205651,M000239,CUS0073834,Mastercard,RECURRING_BILLING_DISPUTE,Recurring Billing Dispute,2025-06-14,4999,0,0,2025-07-02,18,accepted,accepted_refunded,
DSP000931,TXN0207299,M000239,CUS0073682,Visa,RECURRING_BILLING_DISPUTE,Recurring Billing Dispute,2025-03-11,1499,724,195,2025-03-27,16,contested,won,2025-03-25
DSP000932,TXN0206665,M000239,CUS0073657,Visa,RECURRING_BILLING_DISPUTE,Recurring Billing Dispute,2025-03-18,1499,438,190,2025-04-01,14,contested,won,2025-04-10
DSP000933,TXN0207275,M000239,,Visa,RECURRING_BILLING_DISPUTE,Recurring Billing Dispute,2025-06-07,1499,685,229,2025-06-17,10,contested,won,2025-07-05
DSP000934,TXN0205168,M000239,,Visa,CREDIT_NOT_PROCESSED,Credit Not Processed,2025-12-23,1499,475,193,2026-01-08,16,contested,won,2026-01-22
DSP000935,TXN0205407,M000239,CUS0073669,Mastercard,RECURRING_BILLING_DISPUTE,Recurring Billing Dispute,2025-02-04,9999,0,0,2025-02-13,9,accepted,accepted_refunded,
DSP000936,TXN0205175,M000239,,Visa,SERVICE_NOT_RENDERED,Service Not Rendered,2025-07-22,4999,738,169,2025-08-12,21,contested,won,2025-08-21
DSP000937,TXN0204817,M000239,CUS0073720,RuPay,RECURRING_BILLING_DISPUTE,Recurring Billing Dispute,2026-01-14,9999,0,0,2026-02-04,21,accepted,accepted_refunded,
DSP000938,TXN0207178,M000239,CUS0073545,Visa,RECURRING_BILLING_DISPUTE,Recurring Billing Dispute,2025-11-03,4999,0,0,2025-11-17,14,accepted,accepted_refunded,
DSP000939,TXN0205839,M000239,CUS0073896,Mastercard,UNAUTHORIZED_TRANSACTION,Unauthorized Transaction,2025-04-11,4999,688,294,2025-04-29,18,contested,won,2025-05-19
DSP000940,TXN0209937,M000240,CUS0074768,Mastercard,DUPLICATE_TRANSACTION,Duplicate Transaction,2025-07-03,12799,486,177,2025-07-18,15,contested,won,2025-07-31
DSP000941,TXN0208718,M000240,,Mastercard,MERCHANDISE_NOT_AS_DESCRIBED,Merchandise Not As Described,2025-02-22,16499,633,257,2025-03-10,16,contested,lost,2025-03-17
DSP000942,TXN0208475,M000240,,Visa,SERVICE_NOT_RENDERED,Service Not Rendered,2025-08-31,6799,471,187,2025-09-08,8,contested,won,2025-10-07
DSP000943,TXN0208431,M000240,CUS0074284,Visa,CREDIT_NOT_PROCESSED,Credit Not Processed,2025-06-11,3349,498,206,2025-06-18,7,contested,lost,2025-07-24
DSP000944,TXN0207660,M000240,CUS0074537,Mastercard,MERCHANDISE_NOT_AS_DESCRIBED,Merchandise Not As Described,2025-12-30,7999,440,271,2026-01-20,21,contested,won,2026-01-15
DSP000945,TXN0207968,M000240,CUS0074812,Mastercard,UNAUTHORIZED_TRANSACTION,Unauthorized Transaction,2025-12-13,6299,713,292,2025-12-26,13,contested,lost,2025-12-28
DSP000946,TXN0209325,M000240,CUS0074579,Visa,CREDIT_NOT_PROCESSED,Credit Not Processed,2025-05-12,19999,703,191,2025-05-31,19,contested,lost,2025-06-19
DSP000947,TXN0209332,M000240,,Visa,SERVICE_NOT_RENDERED,Service Not Rendered,2026-01-13,2799,473,153,2026-01-21,8,contested,lost,2026-02-17
DSP000948,TXN0208783,M000240,CUS0074479,Mastercard,MERCHANDISE_NOT_AS_DESCRIBED,Merchandise Not As Described,2025-09-20,8899,708,187,2025-10-11,21,contested,lost,2025-10-24
DSP000949,TXN0207706,M000240,CUS0074253,Visa,CREDIT_NOT_PROCESSED,Credit Not Processed,2025-10-17,25499,0,0,2025-10-31,14,accepted,accepted_refunded,
DSP000950,TXN0211410,M000241,CUS0075758,Mastercard,SERVICE_NOT_RENDERED,Service Not Rendered,2025-06-26,8999,535,185,2025-07-13,17,contested,lost,2025-07-15
DSP000951,TXN0212401,M000241,CUS0075884,Mastercard,RECURRING_BILLING_DISPUTE,Recurring Billing Dispute,2025-05-29,1499,617,192,2025-06-18,20,contested,lost,2025-06-28
DSP000952,TXN0210243,M000241,,Mastercard,MERCHANDISE_NOT_AS_DESCRIBED,Merchandise Not As Described,2025-07-12,1499,730,244,2025-07-22,10,contested,lost,2025-08-26
DSP000953,TXN0211894,M000241,,Mastercard,SERVICE_NOT_RENDERED,Service Not Rendered,2025-07-31,1499,0,0,2025-08-20,20,accepted,accepted_refunded,
DSP000954,TXN0210880,M000241,CUS0075100,Mastercard,CREDIT_NOT_PROCESSED,Credit Not Processed,2025-09-22,1499,0,0,2025-10-06,14,accepted,accepted_refunded,
DSP000955,TXN0210783,M000241,CUS0075390,Visa,UNAUTHORIZED_TRANSACTION,Unauthorized Transaction,2025-10-05,1499,0,0,2025-10-15,10,accepted,accepted_refunded,
DSP000956,TXN0210494,M000241,CUS0075506,Visa,RECURRING_BILLING_DISPUTE,Recurring Billing Dispute,2025-05-11,1499,0,0,2025-05-19,8,accepted,accepted_refunded,
DSP000957,TXN0210320,M000241,,Visa,MERCHANDISE_NOT_AS_DESCRIBED,Merchandise Not As Described,2025-09-25,1499,0,0,2025-10-09,14,accepted,accepted_refunded,
DSP000958,TXN0212091,M000241,CUS0075942,Mastercard,RECURRING_BILLING_DISPUTE,Recurring Billing Dispute,2025-10-20,1499,0,0,2025-10-28,8,accepted,accepted_refunded,
DSP000959,TXN0212119,M000241,CUS0075751,Visa,RECURRING_BILLING_DISPUTE,Recurring Billing Dispute,2025-09-16,1499,0,0,2025-10-05,19,accepted,accepted_refunded,
DSP000960,TXN0211044,M000241,CUS0075816,Mastercard,RECURRING_BILLING_DISPUTE,Recurring Billing Dispute,2025-10-02,1499,723,190,2025-10-13,11,contested,lost,2025-11-08
DSP000961,TXN0213573,M000242,CUS0076557,Visa,CREDIT_NOT_PROCESSED,Credit Not Processed,2025-10-11,499,0,0,2025-10-23,12,accepted,accepted_refunded,
DSP000962,TXN0213819,M000242,CUS0076284,Visa,RECURRING_BILLING_DISPUTE,Recurring Billing Dispute,2025-06-22,24999,0,0,2025-07-04,12,accepted,accepted_refunded,
DSP000963,TXN0213237,M000242,,Mastercard,CREDIT_NOT_PROCESSED,Credit Not Processed,2025-12-11,499,516,239,2025-12-24,13,contested,lost,2025-12-29
DSP000964,TXN0214970,M000242,CUS0076204,Visa,UNAUTHORIZED_TRANSACTION,Unauthorized Transaction,2025-05-15,499,621,260,2025-05-27,12,contested,lost,2025-06-10
DSP000965,TXN0213816,M000242,CUS0076197,Visa,CREDIT_NOT_PROCESSED,Credit Not Processed,2026-01-31,999,647,271,2026-02-09,9,contested,won,2026-03-17
DSP000966,TXN0213284,M000242,CUS0076517,RuPay,SERVICE_NOT_RENDERED,Service Not Rendered,2025-03-07,499,0,0,2025-03-16,9,accepted,accepted_refunded,
DSP000967,TXN0215370,M000242,CUS0076462,Visa,UNAUTHORIZED_TRANSACTION,Unauthorized Transaction,2025-03-07,499,0,0,2025-03-20,13,accepted,accepted_refunded,
DSP000968,TXN0214484,M000242,CUS0076340,RuPay,CREDIT_NOT_PROCESSED,Credit Not Processed,2025-11-01,999,461,214,2025-11-11,10,contested,lost,2025-11-18
DSP000969,TXN0213678,M000242,,Visa,SERVICE_NOT_RENDERED,Service Not Rendered,2026-03-04,499,501,270,2026-03-15,11,contested,won,2026-03-21
DSP000970,TXN0214475,M000242,CUS0076137,Visa,UNAUTHORIZED_TRANSACTION,Unauthorized Transaction,2025-03-11,499,0,0,2025-03-24,13,accepted,accepted_refunded,
DSP000971,TXN0215326,M000242,CUS0076494,Mastercard,SERVICE_NOT_RENDERED,Service Not Rendered,2025-05-11,499,715,235,2025-05-27,16,contested,lost,2025-06-07
DSP000972,TXN0214456,M000242,CUS0076087,Visa,SERVICE_NOT_RENDERED,Service Not Rendered,2025-02-16,499,534,279,2025-02-27,11,contested,won,2025-03-08
DSP000973,TXN0215436,M000242,,Visa,SERVICE_NOT_RENDERED,Service Not Rendered,2025-12-05,1499,0,0,2025-12-17,12,accepted,accepted_refunded,
DSP000974,TXN0214076,M000242,CUS0076311,Visa,UNAUTHORIZED_TRANSACTION,Unauthorized Transaction,2025-04-28,499,0,0,2025-05-10,12,accepted,accepted_refunded,
DSP000975,TXN0214821,M000242,CUS0076063,Visa,RECURRING_BILLING_DISPUTE,Recurring Billing Dispute,2025-05-30,499,497,271,2025-06-16,17,contested,lost,2025-07-07
DSP000976,TXN0214691,M000242,CUS0076846,Visa,CREDIT_NOT_PROCESSED,Credit Not Processed,2025-06-01,499,0,0,2025-06-15,14,accepted,accepted_refunded,
DSP000977,TXN0218091,M000243,CUS0077076,RuPay,MERCHANDISE_NOT_RECEIVED,Merchandise Not Received,2025-10-03,1049,0,0,2025-10-15,12,accepted,accepted_refunded,
DSP000978,TXN0217883,M000243,CUS0077799,Visa,MERCHANDISE_NOT_AS_DESCRIBED,Merchandise Not As Described,2025-03-16,1445,0,0,2025-04-05,20,accepted,accepted_refunded,
DSP000979,TXN0216427,M000243,CUS0077228,Visa,MERCHANDISE_NOT_RECEIVED,Merchandise Not Received,2025-11-29,3099,430,199,2025-12-10,11,contested,lost,2025-12-31
DSP000980,TXN0217317,M000243,,Mastercard,MERCHANDISE_NOT_AS_DESCRIBED,Merchandise Not As Described,2025-07-11,3799,523,299,2025-07-31,20,contested,won,2025-08-17
DSP000981,TXN0215841,M000243,CUS0077336,Visa,MERCHANDISE_NOT_AS_DESCRIBED,Merchandise Not As Described,2025-05-26,1399,617,257,2025-06-15,20,contested,won,2025-07-02
DSP000982,TXN0215646,M000243,CUS0077707,Mastercard,MERCHANDISE_NOT_RECEIVED,Merchandise Not Received,2025-02-11,3245,0,0,2025-02-28,17,accepted,accepted_refunded,
DSP000983,TXN0216961,M000243,CUS0077320,Visa,DUPLICATE_TRANSACTION,Duplicate Transaction,2025-11-14,2849,652,257,2025-11-22,8,contested,won,2025-12-17
DSP000984,TXN0216029,M000243,CUS0077384,Visa,MERCHANDISE_NOT_AS_DESCRIBED,Merchandise Not As Described,2025-03-01,2145,687,155,2025-03-20,19,contested,won,2025-03-26
DSP000985,TXN0216954,M000243,CUS0077115,Mastercard,DUPLICATE_TRANSACTION,Duplicate Transaction,2025-12-08,1099,719,168,2025-12-21,13,contested,won,2026-01-05
DSP000986,TXN0217585,M000243,,Mastercard,MERCHANDISE_NOT_AS_DESCRIBED,Merchandise Not As Described,2025-10-21,2345,673,273,2025-10-28,7,contested,won,2025-11-13
DSP000987,TXN0215980,M000243,CUS0077706,RuPay,CREDIT_NOT_PROCESSED,Credit Not Processed,2025-08-10,3499,0,0,2025-08-20,10,accepted,accepted_refunded,
DSP000988,TXN0216455,M000243,CUS0077370,Mastercard,MERCHANDISE_NOT_AS_DESCRIBED,Merchandise Not As Described,2025-10-19,2049,0,0,2025-11-05,17,accepted,accepted_refunded,
DSP000989,TXN0220402,M000244,CUS0078667,Mastercard,MERCHANDISE_NOT_AS_DESCRIBED,Merchandise Not As Described,2025-03-30,1449,705,176,2025-04-20,21,contested,won,2025-04-13
DSP000990,TXN0219212,M000244,CUS0078229,RuPay,MERCHANDISE_NOT_RECEIVED,Merchandise Not Received,2026-01-19,4245,642,253,2026-01-26,7,contested,won,2026-02-07
DSP000991,TXN0219148,M000244,,Visa,MERCHANDISE_NOT_AS_DESCRIBED,Merchandise Not As Described,2026-01-17,1145,435,173,2026-01-24,7,contested,won,2026-02-27
DSP000992,TXN0218210,M000244,CUS0078765,RuPay,MERCHANDISE_NOT_AS_DESCRIBED,Merchandise Not As Described,2026-01-10,599,472,270,2026-01-27,17,contested,won,2026-02-06
DSP000993,TXN0220559,M000244,,Mastercard,UNAUTHORIZED_TRANSACTION,Unauthorized Transaction,2025-10-21,1149,469,299,2025-11-05,15,contested,won,2025-11-24
DSP000994,TXN0218448,M000244,CUS0078408,Mastercard,UNAUTHORIZED_TRANSACTION,Unauthorized Transaction,2025-06-04,4699,648,163,2025-06-14,10,contested,won,2025-07-03
DSP000995,TXN0221356,M000245,,Visa,SERVICE_NOT_RENDERED,Service Not Rendered,2025-04-12,1499,576,259,2025-04-29,17,contested,won,2025-05-04
DSP000996,TXN0221040,M000245,CUS0079555,Visa,RECURRING_BILLING_DISPUTE,Recurring Billing Dispute,2025-04-26,1499,570,259,2025-05-14,18,contested,won,2025-06-10
DSP000997,TXN0220821,M000245,,Mastercard,DUPLICATE_TRANSACTION,Duplicate Transaction,2025-08-21,1499,0,0,2025-09-10,20,accepted,accepted_refunded,
DSP000998,TXN0221885,M000245,,Mastercard,UNAUTHORIZED_TRANSACTION,Unauthorized Transaction,2025-11-26,2999,510,237,2025-12-17,21,contested,lost,2026-01-07
DSP000999,TXN0223066,M000245,CUS0079400,Mastercard,UNAUTHORIZED_TRANSACTION,Unauthorized Transaction,2025-10-16,1499,0,0,2025-10-26,10,accepted,accepted_refunded,
DSP001000,TXN0222375,M000245,,Mastercard,RECURRING_BILLING_DISPUTE,Recurring Billing Dispute,2025-05-04,1499,410,253,2025-05-18,14,contested,won,2025-05-23
DSP001001,TXN0222358,M000245,CUS0079670,Visa,RECURRING_BILLING_DISPUTE,Recurring Billing Dispute,2026-02-18,9999,505,266,2026-03-04,14,contested,lost,2026-03-08
DSP001002,TXN0222407,M000245,,Visa,CREDIT_NOT_PROCESSED,Credit Not Processed,2025-09-28,2999,0,0,2025-10-06,8,accepted,accepted_refunded,
DSP001003,TXN0221786,M000245,CUS0078968,RuPay,RECURRING_BILLING_DISPUTE,Recurring Billing Dispute,2025-10-11,1499,468,165,2025-10-29,18,contested,won,2025-11-07
DSP001004,TXN0221739,M000245,CUS0079649,Visa,RECURRING_BILLING_DISPUTE,Recurring Billing Dispute,2025-02-20,2999,448,298,2025-02-27,7,contested,won,2025-03-30
DSP001005,TXN0223447,M000245,CUS0079547,Mastercard,RECURRING_BILLING_DISPUTE,Recurring Billing Dispute,2026-01-14,2999,709,210,2026-01-25,11,contested,lost,2026-02-03
DSP001006,TXN0222971,M000245,CUS0079498,Visa,RECURRING_BILLING_DISPUTE,Recurring Billing Dispute,2025-10-10,9999,437,209,2025-10-27,17,contested,won,2025-11-04
DSP001007,TXN0223743,M000246,CUS0080166,Visa,RECURRING_BILLING_DISPUTE,Recurring Billing Dispute,2025-05-17,1499,406,192,2025-06-06,20,contested,won,2025-07-01
DSP001008,TXN0223829,M000246,CUS0080721,Visa,SERVICE_NOT_RENDERED,Service Not Rendered,2025-06-11,799,410,295,2025-06-23,12,contested,won,2025-07-22
DSP001009,TXN0224131,M000246,CUS0080565,Visa,SERVICE_NOT_RENDERED,Service Not Rendered,2025-05-22,799,0,0,2025-06-11,20,accepted,accepted_refunded,
DSP001010,TXN0225886,M000246,CUS0080445,Mastercard,RECURRING_BILLING_DISPUTE,Recurring Billing Dispute,2025-05-02,49999,651,295,2025-05-12,10,contested,won,2025-05-31
DSP001011,TXN0225661,M000246,CUS0080272,Mastercard,RECURRING_BILLING_DISPUTE,Recurring Billing Dispute,2026-02-10,1499,690,283,2026-02-28,18,contested,won,2026-02-24
DSP001012,TXN0223924,M000246,CUS0080728,Visa,UNAUTHORIZED_TRANSACTION,Unauthorized Transaction,2025-09-01,1499,0,0,2025-09-09,8,accepted,accepted_refunded,
DSP001013,TXN0224900,M000246,CUS0080161,Mastercard,UNAUTHORIZED_TRANSACTION,Unauthorized Transaction,2025-10-10,799,0,0,2025-10-31,21,accepted,accepted_refunded,
DSP001014,TXN0224751,M000246,,RuPay,RECURRING_BILLING_DISPUTE,Recurring Billing Dispute,2025-09-26,1499,0,0,2025-10-05,9,accepted,accepted_refunded,
DSP001015,TXN0224286,M000246,,Visa,RECURRING_BILLING_DISPUTE,Recurring Billing Dispute,2025-11-25,49999,405,237,2025-12-02,7,contested,lost,2025-12-26
DSP001016,TXN0223482,M000246,CUS0080536,Visa,CREDIT_NOT_PROCESSED,Credit Not Processed,2025-10-15,799,0,0,2025-10-24,9,accepted,accepted_refunded,
DSP001017,TXN0224168,M000246,CUS0080516,Visa,CREDIT_NOT_PROCESSED,Credit Not Processed,2025-10-14,799,698,205,2025-11-04,21,contested,won,2025-11-12
DSP001018,TXN0224312,M000246,CUS0080547,Mastercard,RECURRING_BILLING_DISPUTE,Recurring Billing Dispute,2025-11-20,1499,617,210,2025-12-05,15,contested,lost,2025-12-14
DSP001019,TXN0228827,M000247,CUS0081471,Visa,UNAUTHORIZED_TRANSACTION,Unauthorized Transaction,2025-03-17,2149,0,0,2025-04-07,21,accepted,accepted_refunded,
DSP001020,TXN0226380,M000247,,Visa,MERCHANDISE_NOT_RECEIVED,Merchandise Not Received,2025-08-07,1095,0,0,2025-08-24,17,accepted,accepted_refunded,
DSP001021,TXN0227270,M000247,CUS0081452,Mastercard,MERCHANDISE_NOT_RECEIVED,Merchandise Not Received,2025-03-23,1545,425,151,2025-04-06,14,contested,won,2025-05-01
DSP001022,TXN0226246,M000247,CUS0081121,Mastercard,DUPLICATE_TRANSACTION,Duplicate Transaction,2025-03-19,749,648,286,2025-03-30,11,contested,won,2025-04-23
DSP001023,TXN0226917,M000247,CUS0081207,Visa,DUPLICATE_TRANSACTION,Duplicate Transaction,2025-02-18,1145,481,252,2025-03-06,16,contested,won,2025-03-22
DSP001024,TXN0228757,M000247,CUS0080940,RuPay,MERCHANDISE_NOT_AS_DESCRIBED,Merchandise Not As Described,2025-02-15,1149,0,0,2025-02-22,7,accepted,accepted_refunded,
DSP001025,TXN0226203,M000247,,RuPay,DUPLICATE_TRANSACTION,Duplicate Transaction,2026-01-19,1049,416,277,2026-01-28,9,contested,lost,2026-02-11
DSP001026,TXN0226350,M000247,CUS0081521,Visa,UNAUTHORIZED_TRANSACTION,Unauthorized Transaction,2026-01-17,499,666,177,2026-02-03,17,contested,lost,2026-01-31
DSP001027,TXN0226926,M000247,,RuPay,MERCHANDISE_NOT_AS_DESCRIBED,Merchandise Not As Described,2025-10-04,1149,429,277,2025-10-22,18,contested,lost,2025-10-29
DSP001028,TXN0227364,M000247,CUS0081592,Visa,MERCHANDISE_NOT_AS_DESCRIBED,Merchandise Not As Described,2025-12-18,899,496,184,2026-01-01,14,contested,won,2026-01-29
DSP001029,TXN0227170,M000247,,Visa,MERCHANDISE_NOT_RECEIVED,Merchandise Not Received,2025-07-10,895,610,206,2025-07-19,9,contested,lost,2025-08-24
DSP001030,TXN0229052,M000248,CUS0081875,Visa,DUPLICATE_TRANSACTION,Duplicate Transaction,2025-10-11,2549,604,225,2025-10-20,9,contested,won,2025-11-04
DSP001031,TXN0229299,M000248,CUS0082088,RuPay,DUPLICATE_TRANSACTION,Duplicate Transaction,2025-08-19,3845,564,197,2025-09-03,15,contested,won,2025-09-08
DSP001032,TXN0230995,M000248,CUS0082201,RuPay,MERCHANDISE_NOT_RECEIVED,Merchandise Not Received,2025-09-28,1999,0,0,2025-10-08,10,accepted,accepted_refunded,
DSP001033,TXN0230032,M000248,CUS0082184,Mastercard,CREDIT_NOT_PROCESSED,Credit Not Processed,2025-07-18,2799,469,253,2025-07-28,10,contested,lost,2025-08-19
DSP001034,TXN0231121,M000248,CUS0082281,Visa,DUPLICATE_TRANSACTION,Duplicate Transaction,2026-02-14,3099,0,0,2026-02-22,8,accepted,accepted_refunded,
DSP001035,TXN0230082,M000248,,Visa,MERCHANDISE_NOT_AS_DESCRIBED,Merchandise Not As Described,2026-02-14,799,0,0,2026-02-22,8,accepted,accepted_refunded,
DSP001036,TXN0231004,M000248,CUS0082495,Visa,MERCHANDISE_NOT_RECEIVED,Merchandise Not Received,2025-11-04,2599,0,0,2025-11-16,12,accepted,accepted_refunded,
DSP001037,TXN0232602,M000249,,Mastercard,MERCHANDISE_NOT_AS_DESCRIBED,Merchandise Not As Described,2025-04-23,1249,699,163,2025-05-13,20,contested,won,2025-05-20
DSP001038,TXN0233631,M000249,CUS0083473,Visa,CREDIT_NOT_PROCESSED,Credit Not Processed,2025-10-26,1699,669,265,2025-11-05,10,contested,lost,2025-11-11
DSP001039,TXN0233215,M000249,CUS0083629,Visa,DUPLICATE_TRANSACTION,Duplicate Transaction,2025-12-08,2649,510,183,2025-12-17,9,contested,won,2025-12-23
DSP001040,TXN0234055,M000249,CUS0082978,Visa,MERCHANDISE_NOT_AS_DESCRIBED,Merchandise Not As Described,2025-06-27,1299,0,0,2025-07-16,19,accepted,accepted_refunded,
DSP001041,TXN0232828,M000249,CUS0082689,Mastercard,UNAUTHORIZED_TRANSACTION,Unauthorized Transaction,2025-07-02,895,0,0,2025-07-10,8,accepted,accepted_refunded,
DSP001042,TXN0232037,M000249,,Mastercard,CREDIT_NOT_PROCESSED,Credit Not Processed,2026-01-24,455,546,190,2026-02-06,13,contested,won,2026-02-08
DSP001043,TXN0233924,M000249,,Mastercard,CREDIT_NOT_PROCESSED,Credit Not Processed,2025-10-03,12699,457,237,2025-10-14,11,contested,won,2025-11-11
DSP001044,TXN0232168,M000249,,Mastercard,MERCHANDISE_NOT_RECEIVED,Merchandise Not Received,2025-12-01,385,626,220,2025-12-08,7,contested,won,2026-01-10
DSP001045,TXN0234127,M000249,CUS0083324,Visa,MERCHANDISE_NOT_RECEIVED,Merchandise Not Received,2025-09-24,89,742,262,2025-10-14,20,contested,lost,2025-10-19
DSP001046,TXN0232180,M000249,CUS0083311,Visa,UNAUTHORIZED_TRANSACTION,Unauthorized Transaction,2025-11-24,2149,498,279,2025-12-13,19,contested,lost,2026-01-02
DSP001047,TXN0234193,M000249,,RuPay,UNAUTHORIZED_TRANSACTION,Unauthorized Transaction,2025-07-12,2299,584,216,2025-07-30,18,contested,lost,2025-08-20
DSP001048,TXN0233462,M000249,CUS0083564,Visa,UNAUTHORIZED_TRANSACTION,Unauthorized Transaction,2025-12-29,1995,555,215,2026-01-08,10,contested,lost,2026-02-11
DSP001049,TXN0232922,M000249,CUS0083487,Visa,UNAUTHORIZED_TRANSACTION,Unauthorized Transaction,2025-06-23,1399,665,291,2025-07-13,20,contested,lost,2025-08-02
DSP001050,TXN0231769,M000249,,RuPay,DUPLICATE_TRANSACTION,Duplicate Transaction,2025-03-21,4649,438,173,2025-04-09,19,contested,won,2025-04-19
DSP001051,TXN0233011,M000249,CUS0083221,Visa,MERCHANDISE_NOT_RECEIVED,Merchandise Not Received,2025-03-02,1499,661,298,2025-03-14,12,contested,lost,2025-04-15
DSP001052,TXN0235946,M000250,CUS0083887,Mastercard,UNAUTHORIZED_TRANSACTION,Unauthorized Transaction,2025-10-14,6699,533,150,2025-10-31,17,contested,lost,2025-11-05
DSP001053,TXN0235031,M000250,,Mastercard,SERVICE_NOT_RENDERED,Service Not Rendered,2025-12-21,16599,418,264,2025-12-31,10,contested,won,2026-02-03
DSP001054,TXN0236210,M000250,CUS0084184,Visa,MERCHANDISE_NOT_AS_DESCRIBED,Merchandise Not As Described,2025-05-10,11399,677,178,2025-05-24,14,contested,won,2025-06-19
DSP001055,TXN0236790,M000250,CUS0083910,Visa,DUPLICATE_TRANSACTION,Duplicate Transaction,2025-06-28,8695,696,165,2025-07-07,9,contested,lost,2025-07-22
DSP001056,TXN0236844,M000250,CUS0084556,Mastercard,CREDIT_NOT_PROCESSED,Credit Not Processed,2025-07-04,12895,531,227,2025-07-24,20,contested,lost,2025-08-08
DSP001057,TXN0234550,M000250,,RuPay,CREDIT_NOT_PROCESSED,Credit Not Processed,2025-05-31,4495,0,0,2025-06-10,10,accepted,accepted_refunded,
DSP001058,TXN0234704,M000250,,Visa,CREDIT_NOT_PROCESSED,Credit Not Processed,2025-12-10,5595,748,239,2025-12-22,12,contested,won,2026-01-15
DSP001059,TXN0234884,M000250,CUS0083677,RuPay,DUPLICATE_TRANSACTION,Duplicate Transaction,2025-04-01,15895,589,192,2025-04-08,7,contested,won,2025-05-10
DSP001060,TXN0236076,M000250,,Visa,SERVICE_NOT_RENDERED,Service Not Rendered,2025-12-09,32499,493,284,2025-12-24,15,contested,won,2026-01-22
DSP001061,TXN0236249,M000250,CUS0084577,RuPay,UNAUTHORIZED_TRANSACTION,Unauthorized Transaction,2025-12-29,6599,0,0,2026-01-06,8,accepted,accepted_refunded,
DSP001062,TXN0236526,M000250,,Mastercard,CREDIT_NOT_PROCESSED,Credit Not Processed,2025-07-12,1799,402,270,2025-07-20,8,contested,won,2025-08-15
DSP001063,TXN0237511,M000251,CUS0084619,Visa,MERCHANDISE_NOT_RECEIVED,Merchandise Not Received,2025-07-02,1499,593,207,2025-07-19,17,contested,won,2025-07-26
DSP001064,TXN0238576,M000251,CUS0085136,Mastercard,MERCHANDISE_NOT_RECEIVED,Merchandise Not Received,2025-12-10,2895,734,207,2025-12-18,8,contested,won,2026-01-11
DSP001065,TXN0238340,M000251,,Visa,MERCHANDISE_NOT_AS_DESCRIBED,Merchandise Not As Described,2025-02-03,3349,740,195,2025-02-24,21,contested,lost,2025-03-12
DSP001066,TXN0237244,M000251,CUS0085266,Mastercard,CREDIT_NOT_PROCESSED,Credit Not Processed,2026-01-18,3495,0,0,2026-02-04,17,accepted,accepted_refunded,
DSP001067,TXN0238645,M000251,,Mastercard,UNAUTHORIZED_TRANSACTION,Unauthorized Transaction,2025-09-07,3245,714,233,2025-09-23,16,contested,lost,2025-09-26
DSP001068,TXN0238401,M000251,CUS0085284,RuPay,MERCHANDISE_NOT_AS_DESCRIBED,Merchandise Not As Described,2025-08-11,6499,0,0,2025-08-23,12,accepted,accepted_refunded,
DSP001069,TXN0238319,M000251,CUS0085507,Visa,MERCHANDISE_NOT_AS_DESCRIBED,Merchandise Not As Described,2025-12-05,1745,519,295,2025-12-23,18,contested,won,2025-12-31
DSP001070,TXN0242121,M000252,CUS0086344,Mastercard,MERCHANDISE_NOT_RECEIVED,Merchandise Not Received,2025-11-28,945,749,191,2025-12-05,7,contested,lost,2025-12-12
DSP001071,TXN0241457,M000252,CUS0085798,Visa,CREDIT_NOT_PROCESSED,Credit Not Processed,2025-11-20,1745,0,0,2025-12-01,11,accepted,accepted_refunded,
DSP001072,TXN0242187,M000252,,Mastercard,MERCHANDISE_NOT_RECEIVED,Merchandise Not Received,2025-08-09,499,590,167,2025-08-20,11,contested,won,2025-08-25
DSP001073,TXN0240075,M000252,CUS0085881,Visa,CREDIT_NOT_PROCESSED,Credit Not Processed,2025-02-21,2399,0,0,2025-03-01,8,accepted,accepted_refunded,
DSP001074,TXN0242225,M000252,CUS0085927,Visa,CREDIT_NOT_PROCESSED,Credit Not Processed,2025-07-13,2449,434,287,2025-08-02,20,contested,lost,2025-08-01
DSP001075,TXN0240420,M000252,,Visa,MERCHANDISE_NOT_RECEIVED,Merchandise Not Received,2026-01-20,2949,480,188,2026-01-29,9,contested,won,2026-02-28
DSP001076,TXN0239775,M000252,CUS0086072,Mastercard,MERCHANDISE_NOT_AS_DESCRIBED,Merchandise Not As Described,2025-12-09,1249,0,0,2025-12-25,16,accepted,accepted_refunded,
DSP001077,TXN0241860,M000252,CUS0085737,Mastercard,UNAUTHORIZED_TRANSACTION,Unauthorized Transaction,2025-04-24,1649,0,0,2025-05-11,17,accepted,accepted_refunded,
DSP001078,TXN0241111,M000252,CUS0086351,Visa,UNAUTHORIZED_TRANSACTION,Unauthorized Transaction,2025-04-26,9199,0,0,2025-05-16,20,accepted,accepted_refunded,
DSP001079,TXN0239895,M000252,,Mastercard,MERCHANDISE_NOT_RECEIVED,Merchandise Not Received,2025-02-12,4099,577,216,2025-02-20,8,contested,won,2025-02-27
DSP001080,TXN0241497,M000252,CUS0085816,Visa,MERCHANDISE_NOT_RECEIVED,Merchandise Not Received,2026-02-21,1299,488,245,2026-03-13,20,contested,won,2026-04-04
DSP001081,TXN0240445,M000252,,Mastercard,MERCHANDISE_NOT_AS_DESCRIBED,Merchandise Not As Described,2025-08-26,2495,0,0,2025-09-09,14,accepted,accepted_refunded,
DSP001082,TXN0243327,M000253,CUS0087326,Visa,MERCHANDISE_NOT_AS_DESCRIBED,Merchandise Not As Described,2025-06-18,11099,567,282,2025-07-08,20,contested,lost,2025-07-27
DSP001083,TXN0244332,M000253,,Visa,CREDIT_NOT_PROCESSED,Credit Not Processed,2025-02-19,6395,0,0,2025-03-12,21,accepted,accepted_refunded,
DSP001084,TXN0242268,M000253,CUS0086965,Visa,MERCHANDISE_NOT_AS_DESCRIBED,Merchandise Not As Described,2025-03-06,3249,0,0,2025-03-25,19,accepted,accepted_refunded,
DSP001085,TXN0242435,M000253,CUS0087408,Visa,MERCHANDISE_NOT_AS_DESCRIBED,Merchandise Not As Described,2025-08-03,5099,604,264,2025-08-15,12,contested,lost,2025-09-01
DSP001086,TXN0244297,M000253,CUS0086739,Mastercard,SERVICE_NOT_RENDERED,Service Not Rendered,2025-09-01,9399,636,201,2025-09-16,15,contested,lost,2025-10-10
DSP001087,TXN0243275,M000253,CUS0087133,Visa,MERCHANDISE_NOT_AS_DESCRIBED,Merchandise Not As Described,2025-06-16,4899,0,0,2025-07-03,17,accepted,accepted_refunded,
DSP001088,TXN0242575,M000253,CUS0086543,RuPay,SERVICE_NOT_RENDERED,Service Not Rendered,2025-07-30,27995,0,0,2025-08-19,20,accepted,accepted_refunded,
DSP001089,TXN0243722,M000253,,Mastercard,MERCHANDISE_NOT_AS_DESCRIBED,Merchandise Not As Described,2025-09-28,3799,521,286,2025-10-06,8,contested,lost,2025-11-05
DSP001090,TXN0243013,M000253,,RuPay,SERVICE_NOT_RENDERED,Service Not Rendered,2025-06-04,7695,703,198,2025-06-23,19,contested,won,2025-07-05
DSP001091,TXN0246926,M000254,CUS0087542,Visa,SERVICE_NOT_RENDERED,Service Not Rendered,2026-02-12,1499,697,243,2026-02-26,14,contested,lost,2026-03-15
DSP001092,TXN0247264,M000254,,Visa,RECURRING_BILLING_DISPUTE,Recurring Billing Dispute,2025-06-30,999,610,291,2025-07-07,7,contested,lost,2025-08-12
DSP001093,TXN0245359,M000254,CUS0088205,Mastercard,RECURRING_BILLING_DISPUTE,Recurring Billing Dispute,2025-09-23,999,0,0,2025-10-01,8,accepted,accepted_refunded,
DSP001094,TXN0245880,M000254,CUS0087713,RuPay,RECURRING_BILLING_DISPUTE,Recurring Billing Dispute,2025-04-10,999,518,266,2025-04-18,8,contested,lost,2025-05-25
DSP001095,TXN0246332,M000254,CUS0087506,Visa,CREDIT_NOT_PROCESSED,Credit Not Processed,2025-11-28,1499,436,294,2025-12-15,17,contested,lost,2025-12-23
DSP001096,TXN0245949,M000254,CUS0087985,Visa,UNAUTHORIZED_TRANSACTION,Unauthorized Transaction,2026-01-16,999,646,276,2026-02-02,17,contested,won,2026-02-03
DSP001097,TXN0247147,M000254,CUS0088030,RuPay,DUPLICATE_TRANSACTION,Duplicate Transaction,2025-09-15,999,0,0,2025-09-23,8,accepted,accepted_refunded,
DSP001098,TXN0247507,M000254,CUS0087757,Mastercard,CREDIT_NOT_PROCESSED,Credit Not Processed,2025-07-02,999,438,193,2025-07-12,10,contested,lost,2025-07-16
DSP001099,TXN0245916,M000254,CUS0088150,Mastercard,CREDIT_NOT_PROCESSED,Credit Not Processed,2025-01-30,999,748,228,2025-02-17,18,contested,lost,2025-02-28
DSP001100,TXN0247590,M000254,CUS0087617,RuPay,MERCHANDISE_NOT_AS_DESCRIBED,Merchandise Not As Described,2026-01-26,999,421,212,2026-02-11,16,contested,lost,2026-03-08
DSP001101,TXN0246659,M000254,CUS0087893,Mastercard,SERVICE_NOT_RENDERED,Service Not Rendered,2025-11-17,999,736,215,2025-11-25,8,contested,won,2025-12-03
DSP001102,TXN0246170,M000254,CUS0087729,Mastercard,SERVICE_NOT_RENDERED,Service Not Rendered,2025-07-23,999,0,0,2025-08-03,11,accepted,accepted_refunded,
DSP001103,TXN0247017,M000254,CUS0088406,Mastercard,RECURRING_BILLING_DISPUTE,Recurring Billing Dispute,2025-02-16,999,422,212,2025-03-02,14,contested,won,2025-03-11
DSP001104,TXN0245264,M000254,CUS0087934,Visa,RECURRING_BILLING_DISPUTE,Recurring Billing Dispute,2025-06-22,24999,640,278,2025-07-13,21,contested,won,2025-08-04
DSP001105,TXN0247439,M000254,CUS0087907,Visa,SERVICE_NOT_RENDERED,Service Not Rendered,2025-09-08,24999,415,192,2025-09-26,18,contested,lost,2025-10-12
DSP001106,TXN0247050,M000254,CUS0087799,RuPay,RECURRING_BILLING_DISPUTE,Recurring Billing Dispute,2025-05-11,999,0,0,2025-05-23,12,accepted,accepted_refunded,
DSP001107,TXN0245987,M000254,,Mastercard,MERCHANDISE_NOT_AS_DESCRIBED,Merchandise Not As Described,2025-05-12,999,465,255,2025-05-22,10,contested,lost,2025-06-23
DSP001108,TXN0245325,M000254,,RuPay,UNAUTHORIZED_TRANSACTION,Unauthorized Transaction,2025-06-18,999,669,191,2025-06-29,11,contested,lost,2025-07-25
DSP001109,TXN0249089,M000255,CUS0088683,Mastercard,RECURRING_BILLING_DISPUTE,Recurring Billing Dispute,2026-01-31,1499,635,182,2026-02-11,11,contested,won,2026-02-18
DSP001110,TXN0249580,M000255,CUS0088756,Visa,SERVICE_NOT_RENDERED,Service Not Rendered,2025-08-15,799,409,266,2025-09-01,17,contested,won,2025-09-08
DSP001111,TXN0248371,M000255,CUS0088909,Visa,CREDIT_NOT_PROCESSED,Credit Not Processed,2025-11-29,799,536,290,2025-12-17,18,contested,won,2026-01-08
DSP001112,TXN0248320,M000255,CUS0088614,Visa,RECURRING_BILLING_DISPUTE,Recurring Billing Dispute,2026-02-15,1499,0,0,2026-02-28,13,accepted,accepted_refunded,
DSP001113,TXN0248872,M000255,CUS0089178,Visa,RECURRING_BILLING_DISPUTE,Recurring Billing Dispute,2025-06-19,2999,485,277,2025-06-30,11,contested,won,2025-07-10
DSP001114,TXN0247880,M000255,,Visa,SERVICE_NOT_RENDERED,Service Not Rendered,2025-07-29,799,0,0,2025-08-18,20,accepted,accepted_refunded,
DSP001115,TXN0247825,M000255,CUS0089102,RuPay,RECURRING_BILLING_DISPUTE,Recurring Billing Dispute,2025-06-11,1499,479,187,2025-06-25,14,contested,won,2025-06-28
DSP001116,TXN0248756,M000255,,Visa,UNAUTHORIZED_TRANSACTION,Unauthorized Transaction,2025-04-14,799,727,248,2025-05-05,21,contested,won,2025-05-14
DSP001117,TXN0249908,M000255,CUS0088969,Visa,CREDIT_NOT_PROCESSED,Credit Not Processed,2025-04-07,799,648,233,2025-04-21,14,contested,won,2025-04-25
DSP001118,TXN0247608,M000255,,RuPay,CREDIT_NOT_PROCESSED,Credit Not Processed,2025-05-19,799,616,220,2025-06-08,20,contested,won,2025-06-27
DSP001119,TXN0248633,M000255,,Visa,UNAUTHORIZED_TRANSACTION,Unauthorized Transaction,2025-06-15,799,641,230,2025-07-02,17,contested,lost,2025-07-13
DSP001120,TXN0250673,M000256,CUS0089789,Visa,CREDIT_NOT_PROCESSED,Credit Not Processed,2025-04-20,14999,519,296,2025-04-29,9,contested,lost,2025-05-05
DSP001121,TXN0252427,M000256,CUS0090039,Mastercard,CREDIT_NOT_PROCESSED,Credit Not Processed,2025-12-10,2999,574,172,2025-12-26,16,contested,won,2026-01-02
DSP001122,TXN0250369,M000256,CUS0090018,Mastercard,RECURRING_BILLING_DISPUTE,Recurring Billing Dispute,2025-10-08,14999,696,156,2025-10-17,9,contested,won,2025-10-31
DSP001123,TXN0250600,M000256,CUS0090000,Visa,UNAUTHORIZED_TRANSACTION,Unauthorized Transaction,2025-03-10,2999,617,193,2025-03-31,21,contested,lost,2025-04-15
DSP001124,TXN0251673,M000256,CUS0089608,RuPay,RECURRING_BILLING_DISPUTE,Recurring Billing Dispute,2025-12-23,2999,414,154,2026-01-03,11,contested,lost,2026-01-22
DSP001125,TXN0250870,M000256,CUS0089880,Visa,SERVICE_NOT_RENDERED,Service Not Rendered,2025-02-09,2999,0,0,2025-02-18,9,accepted,accepted_refunded,
DSP001126,TXN0251665,M000256,CUS0089983,Mastercard,SERVICE_NOT_RENDERED,Service Not Rendered,2025-08-02,24999,510,267,2025-08-12,10,contested,won,2025-09-15
DSP001127,TXN0250618,M000256,,RuPay,SERVICE_NOT_RENDERED,Service Not Rendered,2025-10-20,2999,692,290,2025-11-02,13,contested,won,2025-11-22
DSP001128,TXN0250845,M000256,CUS0089971,Mastercard,SERVICE_NOT_RENDERED,Service Not Rendered,2025-12-18,14999,704,238,2025-12-27,9,contested,won,2026-01-02
DSP001129,TXN0250374,M000256,,Mastercard,MERCHANDISE_NOT_AS_DESCRIBED,Merchandise Not As Described,2025-10-12,2999,594,189,2025-10-19,7,contested,lost,2025-11-16
DSP001130,TXN0252402,M000256,CUS0089669,Mastercard,CREDIT_NOT_PROCESSED,Credit Not Processed,2025-01-15,14999,0,0,2025-01-22,7,accepted,accepted_refunded,
DSP001131,TXN0251128,M000256,,RuPay,CREDIT_NOT_PROCESSED,Credit Not Processed,2025-09-04,2999,0,0,2025-09-16,12,accepted,accepted_refunded,
DSP001132,TXN0254874,M000257,CUS0090404,Mastercard,UNAUTHORIZED_TRANSACTION,Unauthorized Transaction,2025-03-23,4499,0,0,2025-04-01,9,accepted,accepted_refunded,
DSP001133,TXN0253191,M000257,CUS0090515,RuPay,SERVICE_NOT_RENDERED,Service Not Rendered,2025-09-22,29999,0,0,2025-10-05,13,accepted,accepted_refunded,
DSP001134,TXN0255023,M000257,CUS0090808,Mastercard,SERVICE_NOT_RENDERED,Service Not Rendered,2025-03-06,18699,726,203,2025-03-25,19,contested,lost,2025-03-30
DSP001135,TXN0254235,M000257,CUS0090797,Visa,MERCHANDISE_NOT_AS_DESCRIBED,Merchandise Not As Described,2025-03-11,4445,561,228,2025-03-18,7,contested,lost,2025-03-31
DSP001136,TXN0254727,M000257,CUS0090403,Visa,UNAUTHORIZED_TRANSACTION,Unauthorized Transaction,2025-12-17,25499,711,274,2025-12-30,13,contested,lost,2026-01-06
DSP001137,TXN0254218,M000257,,Visa,CREDIT_NOT_PROCESSED,Credit Not Processed,2025-09-07,12895,677,204,2025-09-17,10,contested,won,2025-10-21
DSP001138,TXN0253624,M000257,,Visa,MERCHANDISE_NOT_AS_DESCRIBED,Merchandise Not As Described,2025-12-01,9099,0,0,2025-12-18,17,accepted,accepted_refunded,
DSP001139,TXN0255055,M000257,CUS0090761,Visa,SERVICE_NOT_RENDERED,Service Not Rendered,2025-03-07,12599,0,0,2025-03-25,18,accepted,accepted_refunded,
DSP001140,TXN0255614,M000257,CUS0090368,Mastercard,SERVICE_NOT_RENDERED,Service Not Rendered,2025-05-18,1749,579,241,2025-06-05,18,contested,lost,2025-06-29
DSP001141,TXN0257798,M000258,CUS0091508,Visa,RECURRING_BILLING_DISPUTE,Recurring Billing Dispute,2025-05-06,999,689,150,2025-05-18,12,contested,won,2025-05-31
DSP001142,TXN0255768,M000258,CUS0091777,Visa,SERVICE_NOT_RENDERED,Service Not Rendered,2025-02-25,1499,492,192,2025-03-10,13,contested,lost,2025-03-31
DSP001143,TXN0257731,M000258,CUS0092158,Mastercard,SERVICE_NOT_RENDERED,Service Not Rendered,2025-05-02,999,0,0,2025-05-10,8,accepted,accepted_refunded,
DSP001144,TXN0255926,M000258,,Mastercard,UNAUTHORIZED_TRANSACTION,Unauthorized Transaction,2025-03-07,999,576,171,2025-03-16,9,contested,lost,2025-04-10
DSP001145,TXN0257358,M000258,CUS0091511,Visa,UNAUTHORIZED_TRANSACTION,Unauthorized Transaction,2025-04-26,1499,604,191,2025-05-10,14,contested,lost,2025-05-15
DSP001146,TXN0257007,M000258,,Mastercard,SERVICE_NOT_RENDERED,Service Not Rendered,2026-01-09,999,713,295,2026-01-22,13,contested,won,2026-02-09
DSP001147,TXN0257695,M000258,CUS0092050,RuPay,RECURRING_BILLING_DISPUTE,Recurring Billing Dispute,2025-07-30,24999,516,277,2025-08-09,10,contested,lost,2025-08-21
DSP001148,TXN0255890,M000258,,Mastercard,SERVICE_NOT_RENDERED,Service Not Rendered,2025-06-02,24999,639,229,2025-06-10,8,contested,won,2025-07-05
DSP001149,TXN0256110,M000258,CUS0091520,Visa,MERCHANDISE_NOT_AS_DESCRIBED,Merchandise Not As Described,2025-06-21,999,0,0,2025-07-11,20,accepted,accepted_refunded,
DSP001150,TXN0257603,M000258,CUS0091723,Mastercard,RECURRING_BILLING_DISPUTE,Recurring Billing Dispute,2025-12-28,999,461,203,2026-01-12,15,contested,lost,2026-02-03
DSP001151,TXN0258021,M000258,CUS0091954,Visa,CREDIT_NOT_PROCESSED,Credit Not Processed,2025-07-09,1499,401,196,2025-07-30,21,contested,lost,2025-08-15
DSP001152,TXN0257499,M000258,CUS0091804,RuPay,SERVICE_NOT_RENDERED,Service Not Rendered,2025-12-30,999,0,0,2026-01-15,16,accepted,accepted_refunded,
DSP001153,TXN0256440,M000258,,Visa,RECURRING_BILLING_DISPUTE,Recurring Billing Dispute,2025-09-11,999,578,190,2025-09-22,11,contested,won,2025-10-11
DSP001154,TXN0257432,M000258,CUS0091542,Mastercard,SERVICE_NOT_RENDERED,Service Not Rendered,2025-10-14,999,749,261,2025-10-25,11,contested,lost,2025-10-30
DSP001155,TXN0255747,M000258,,Visa,SERVICE_NOT_RENDERED,Service Not Rendered,2025-10-03,24999,726,197,2025-10-15,12,contested,won,2025-10-25
DSP001156,TXN0255706,M000258,CUS0091402,Visa,CREDIT_NOT_PROCESSED,Credit Not Processed,2025-04-21,999,0,0,2025-05-02,11,accepted,accepted_refunded,
DSP001157,TXN0258118,M000258,CUS0092165,Visa,UNAUTHORIZED_TRANSACTION,Unauthorized Transaction,2025-09-19,999,0,0,2025-10-07,18,accepted,accepted_refunded,
DSP001158,TXN0255874,M000258,CUS0091337,Visa,MERCHANDISE_NOT_AS_DESCRIBED,Merchandise Not As Described,2025-03-25,24999,0,0,2025-04-04,10,accepted,accepted_refunded,
DSP001159,TXN0256297,M000258,CUS0091372,RuPay,SERVICE_NOT_RENDERED,Service Not Rendered,2025-05-10,24999,658,180,2025-05-31,21,contested,lost,2025-06-03
DSP001160,TXN0260566,M000259,,Mastercard,MERCHANDISE_NOT_RECEIVED,Merchandise Not Received,2025-11-06,999,0,0,2025-11-27,21,accepted,accepted_refunded,
DSP001161,TXN0260574,M000259,CUS0092494,Mastercard,MERCHANDISE_NOT_AS_DESCRIBED,Merchandise Not As Described,2025-04-02,2549,568,215,2025-04-23,21,contested,lost,2025-04-28
DSP001162,TXN0259672,M000259,CUS0092449,Visa,DUPLICATE_TRANSACTION,Duplicate Transaction,2025-04-09,1895,0,0,2025-04-29,20,accepted,accepted_refunded,
DSP001163,TXN0260696,M000259,CUS0093036,Visa,MERCHANDISE_NOT_AS_DESCRIBED,Merchandise Not As Described,2025-04-21,6199,542,231,2025-04-29,8,contested,won,2025-05-05
DSP001164,TXN0259674,M000259,CUS0092316,Visa,MERCHANDISE_NOT_AS_DESCRIBED,Merchandise Not As Described,2025-06-20,2799,621,250,2025-06-27,7,contested,lost,2025-07-28
DSP001165,TXN0258621,M000259,,Mastercard,MERCHANDISE_NOT_RECEIVED,Merchandise Not Received,2025-05-14,3645,670,181,2025-05-24,10,contested,won,2025-06-07
DSP001166,TXN0259550,M000259,CUS0092781,Mastercard,UNAUTHORIZED_TRANSACTION,Unauthorized Transaction,2025-11-25,1995,640,295,2025-12-11,16,contested,lost,2026-01-08
DSP001167,TXN0260173,M000259,CUS0092302,Visa,MERCHANDISE_NOT_RECEIVED,Merchandise Not Received,2025-12-01,2045,421,164,2025-12-10,9,contested,won,2025-12-16
DSP001168,TXN0259203,M000259,,Visa,DUPLICATE_TRANSACTION,Duplicate Transaction,2025-11-22,2699,0,0,2025-12-13,21,accepted,accepted_refunded,
DSP001169,TXN0260295,M000259,,Visa,MERCHANDISE_NOT_RECEIVED,Merchandise Not Received,2025-10-07,1649,446,248,2025-10-25,18,contested,lost,2025-10-27
DSP001170,TXN0258574,M000259,CUS0092656,Visa,UNAUTHORIZED_TRANSACTION,Unauthorized Transaction,2025-02-19,699,697,271,2025-03-07,16,contested,lost,2025-03-17
DSP001171,TXN0260689,M000259,CUS0092757,Visa,MERCHANDISE_NOT_AS_DESCRIBED,Merchandise Not As Described,2025-07-21,415,682,217,2025-08-09,19,contested,lost,2025-08-17
DSP001172,TXN0260933,M000259,CUS0092750,Visa,MERCHANDISE_NOT_RECEIVED,Merchandise Not Received,2025-03-11,2295,657,275,2025-03-29,18,contested,lost,2025-04-02
DSP001173,TXN0259405,M000259,,RuPay,UNAUTHORIZED_TRANSACTION,Unauthorized Transaction,2025-04-23,4995,0,0,2025-05-06,13,accepted,accepted_refunded,
DSP001174,TXN0262168,M000260,CUS0093419,RuPay,SERVICE_NOT_RENDERED,Service Not Rendered,2025-12-07,999,0,0,2025-12-24,17,accepted,accepted_refunded,
DSP001175,TXN0261447,M000260,CUS0093249,RuPay,RECURRING_BILLING_DISPUTE,Recurring Billing Dispute,2025-04-03,999,0,0,2025-04-23,20,accepted,accepted_refunded,
DSP001176,TXN0262862,M000260,,Visa,MERCHANDISE_NOT_AS_DESCRIBED,Merchandise Not As Described,2025-11-19,999,624,197,2025-11-29,10,contested,lost,2025-12-22
DSP001177,TXN0263474,M000260,,RuPay,RECURRING_BILLING_DISPUTE,Recurring Billing Dispute,2026-01-26,1499,458,243,2026-02-05,10,contested,lost,2026-03-12
DSP001178,TXN0261451,M000260,,RuPay,RECURRING_BILLING_DISPUTE,Recurring Billing Dispute,2025-10-26,999,430,171,2025-11-16,21,contested,lost,2025-12-10
DSP001179,TXN0262347,M000260,,RuPay,RECURRING_BILLING_DISPUTE,Recurring Billing Dispute,2025-03-26,14999,596,268,2025-04-07,12,contested,won,2025-05-09
DSP001180,TXN0262934,M000260,CUS0093822,RuPay,MERCHANDISE_NOT_AS_DESCRIBED,Merchandise Not As Described,2025-04-29,999,0,0,2025-05-07,8,accepted,accepted_refunded,
DSP001181,TXN0262180,M000260,CUS0093555,Mastercard,DUPLICATE_TRANSACTION,Duplicate Transaction,2026-02-24,1499,0,0,2026-03-04,8,accepted,accepted_refunded,
DSP001182,TXN0261523,M000260,,Visa,UNAUTHORIZED_TRANSACTION,Unauthorized Transaction,2025-10-15,1499,481,297,2025-11-01,17,contested,won,2025-11-17
DSP001183,TXN0265755,M000261,,Visa,MERCHANDISE_NOT_AS_DESCRIBED,Merchandise Not As Described,2026-01-17,5999,531,203,2026-02-02,16,contested,lost,2026-02-08
DSP001184,TXN0266179,M000261,,Visa,SERVICE_NOT_RENDERED,Service Not Rendered,2025-03-10,999,548,168,2025-03-21,11,contested,lost,2025-03-31
DSP001185,TXN0264976,M000261,CUS0094316,Mastercard,RECURRING_BILLING_DISPUTE,Recurring Billing Dispute,2025-11-01,5999,0,0,2025-11-18,17,accepted,accepted_refunded,
DSP001186,TXN0264964,M000261,CUS0094228,Visa,MERCHANDISE_NOT_AS_DESCRIBED,Merchandise Not As Described,2025-10-09,999,0,0,2025-10-24,15,accepted,accepted_refunded,
DSP001187,TXN0266060,M000261,,Mastercard,MERCHANDISE_NOT_AS_DESCRIBED,Merchandise Not As Described,2025-06-24,8999,426,168,2025-07-09,15,contested,lost,2025-07-25
DSP001188,TXN0264602,M000261,,RuPay,SERVICE_NOT_RENDERED,Service Not Rendered,2025-03-04,999,539,217,2025-03-17,13,contested,lost,2025-04-05
DSP001189,TXN0263766,M000261,CUS0095102,Mastercard,RECURRING_BILLING_DISPUTE,Recurring Billing Dispute,2025-05-01,999,0,0,2025-05-19,18,accepted,accepted_refunded,
DSP001190,TXN0265417,M000261,,Visa,RECURRING_BILLING_DISPUTE,Recurring Billing Dispute,2025-04-01,999,555,194,2025-04-15,14,contested,lost,2025-04-29
DSP001191,TXN0263915,M000261,,Visa,MERCHANDISE_NOT_AS_DESCRIBED,Merchandise Not As Described,2025-09-12,5999,0,0,2025-10-02,20,accepted,accepted_refunded,
DSP001192,TXN0265362,M000261,,Mastercard,SERVICE_NOT_RENDERED,Service Not Rendered,2025-05-28,999,495,227,2025-06-07,10,contested,won,2025-06-23
DSP001193,TXN0268307,M000262,CUS0095894,Mastercard,RECURRING_BILLING_DISPUTE,Recurring Billing Dispute,2025-06-11,399,564,158,2025-06-28,17,contested,won,2025-07-07
DSP001194,TXN0267694,M000262,CUS0095375,Mastercard,UNAUTHORIZED_TRANSACTION,Unauthorized Transaction,2025-02-23,399,544,203,2025-03-03,8,contested,won,2025-03-18
DSP001195,TXN0266481,M000262,,Visa,RECURRING_BILLING_DISPUTE,Recurring Billing Dispute,2025-09-02,399,441,178,2025-09-13,11,contested,won,2025-09-28
DSP001196,TXN0266362,M000262,CUS0095143,Mastercard,CREDIT_NOT_PROCESSED,Credit Not Processed,2025-07-03,9999,614,252,2025-07-13,10,contested,won,2025-08-17
DSP001197,TXN0266356,M000262,,Visa,RECURRING_BILLING_DISPUTE,Recurring Billing Dispute,2025-01-29,399,712,262,2025-02-06,8,contested,won,2025-03-13
DSP001198,TXN0267874,M000262,CUS0095930,Visa,UNAUTHORIZED_TRANSACTION,Unauthorized Transaction,2025-03-18,399,623,279,2025-03-26,8,contested,lost,2025-04-04
DSP001199,TXN0268532,M000262,CUS0095977,Mastercard,UNAUTHORIZED_TRANSACTION,Unauthorized Transaction,2025-12-03,19999,561,164,2025-12-13,10,contested,won,2025-12-17
DSP001200,TXN0266708,M000262,CUS0095642,Visa,UNAUTHORIZED_TRANSACTION,Unauthorized Transaction,2025-05-13,9999,0,0,2025-05-27,14,accepted,accepted_refunded,
DSP001201,TXN0268028,M000262,CUS0095830,Mastercard,DUPLICATE_TRANSACTION,Duplicate Transaction,2025-07-25,9999,0,0,2025-08-05,11,accepted,accepted_refunded,
DSP001202,TXN0268562,M000262,CUS0095155,RuPay,RECURRING_BILLING_DISPUTE,Recurring Billing Dispute,2025-06-05,399,451,268,2025-06-19,14,contested,lost,2025-07-12
DSP001203,TXN0271432,M000263,CUS0096310,Mastercard,MERCHANDISE_NOT_AS_DESCRIBED,Merchandise Not As Described,2025-09-03,5499,0,0,2025-09-22,19,accepted,accepted_refunded,
DSP001204,TXN0270502,M000263,,Visa,CREDIT_NOT_PROCESSED,Credit Not Processed,2025-02-17,1549,505,281,2025-03-02,13,contested,won,2025-03-05
DSP001205,TXN0269635,M000263,,Visa,UNAUTHORIZED_TRANSACTION,Unauthorized Transaction,2025-09-21,7199,550,271,2025-09-28,7,contested,lost,2025-10-10
DSP001206,TXN0271163,M000263,,Mastercard,SERVICE_NOT_RENDERED,Service Not Rendered,2025-07-11,6095,0,0,2025-07-28,17,accepted,accepted_refunded,
DSP001207,TXN0270055,M000263,CUS0096157,Visa,CREDIT_NOT_PROCESSED,Credit Not Processed,2025-02-03,15199,608,290,2025-02-14,11,contested,won,2025-03-09
DSP001208,TXN0270467,M000263,,Visa,UNAUTHORIZED_TRANSACTION,Unauthorized Transaction,2026-02-23,17899,566,190,2026-03-07,12,contested,lost,2026-03-31
DSP001209,TXN0270490,M000263,CUS0096209,Mastercard,MERCHANDISE_NOT_AS_DESCRIBED,Merchandise Not As Described,2025-12-25,9599,0,0,2026-01-07,13,accepted,accepted_refunded,
DSP001210,TXN0273010,M000264,CUS0097850,Visa,MERCHANDISE_NOT_RECEIVED,Merchandise Not Received,2026-01-22,5495,471,264,2026-02-04,13,contested,won,2026-02-12
DSP001211,TXN0273370,M000264,CUS0097767,Mastercard,CREDIT_NOT_PROCESSED,Credit Not Processed,2025-03-13,1049,562,167,2025-04-02,20,contested,won,2025-04-14
DSP001212,TXN0272899,M000264,CUS0097514,Visa,UNAUTHORIZED_TRANSACTION,Unauthorized Transaction,2025-05-31,2949,659,208,2025-06-18,18,contested,lost,2025-06-16
DSP001213,TXN0272926,M000264,,Mastercard,DUPLICATE_TRANSACTION,Duplicate Transaction,2025-07-18,1745,661,247,2025-08-02,15,contested,lost,2025-08-11
DSP001214,TXN0273035,M000264,CUS0097651,RuPay,CREDIT_NOT_PROCESSED,Credit Not Processed,2025-09-19,1899,608,173,2025-10-09,20,contested,lost,2025-10-25
DSP001215,TXN0272228,M000264,CUS0097411,Visa,MERCHANDISE_NOT_AS_DESCRIBED,Merchandise Not As Described,2025-06-21,159,0,0,2025-07-11,20,accepted,accepted_refunded,
DSP001216,TXN0273524,M000264,CUS0097953,Visa,MERCHANDISE_NOT_AS_DESCRIBED,Merchandise Not As Described,2025-10-16,3699,459,293,2025-10-31,15,contested,lost,2025-11-15
DSP001217,TXN0272938,M000264,CUS0097632,Mastercard,UNAUTHORIZED_TRANSACTION,Unauthorized Transaction,2026-01-13,549,518,219,2026-01-29,16,contested,lost,2026-02-07
DSP001218,TXN0272859,M000264,,RuPay,UNAUTHORIZED_TRANSACTION,Unauthorized Transaction,2025-09-16,699,590,261,2025-10-03,17,contested,lost,2025-10-02
DSP001219,TXN0272623,M000264,CUS0097186,Visa,MERCHANDISE_NOT_AS_DESCRIBED,Merchandise Not As Described,2025-12-21,945,436,190,2025-12-29,8,contested,lost,2026-01-27
DSP001220,TXN0272939,M000264,CUS0097692,Mastercard,DUPLICATE_TRANSACTION,Duplicate Transaction,2025-03-14,1449,682,271,2025-03-28,14,contested,won,2025-04-26
DSP001221,TXN0272634,M000264,,Visa,CREDIT_NOT_PROCESSED,Credit Not Processed,2025-12-19,1099,0,0,2025-12-29,10,accepted,accepted_refunded,
DSP001222,TXN0272075,M000264,CUS0097644,Visa,MERCHANDISE_NOT_RECEIVED,Merchandise Not Received,2026-01-10,2599,459,195,2026-01-20,10,contested,won,2026-02-17
DSP001223,TXN0273850,M000264,CUS0097382,Mastercard,UNAUTHORIZED_TRANSACTION,Unauthorized Transaction,2025-11-10,2049,570,291,2025-11-23,13,contested,lost,2025-12-05
DSP001224,TXN0276652,M000265,CUS0098535,Visa,CREDIT_NOT_PROCESSED,Credit Not Processed,2025-10-27,749,0,0,2025-11-04,8,accepted,accepted_refunded,
DSP001225,TXN0276585,M000265,CUS0098673,Mastercard,MERCHANDISE_NOT_RECEIVED,Merchandise Not Received,2025-08-25,5299,672,188,2025-09-02,8,contested,won,2025-09-24
DSP001226,TXN0276761,M000265,,Mastercard,MERCHANDISE_NOT_RECEIVED,Merchandise Not Received,2025-06-10,1199,0,0,2025-06-27,17,accepted,accepted_refunded,
DSP001227,TXN0276630,M000265,CUS0098191,Visa,UNAUTHORIZED_TRANSACTION,Unauthorized Transaction,2025-04-24,949,666,248,2025-05-11,17,contested,lost,2025-06-06
DSP001228,TXN0276551,M000265,CUS0098185,Visa,UNAUTHORIZED_TRANSACTION,Unauthorized Transaction,2025-05-13,1099,0,0,2025-05-25,12,accepted,accepted_refunded,
DSP001229,TXN0274423,M000265,,Visa,CREDIT_NOT_PROCESSED,Credit Not Processed,2025-07-27,1449,532,168,2025-08-07,11,contested,lost,2025-09-08
DSP001230,TXN0276993,M000265,,Visa,CREDIT_NOT_PROCESSED,Credit Not Processed,2025-08-08,699,616,161,2025-08-22,14,contested,won,2025-08-28
DSP001231,TXN0278313,M000266,CUS0099469,Visa,SERVICE_NOT_RENDERED,Service Not Rendered,2026-01-11,9399,0,0,2026-01-31,20,accepted,accepted_refunded,
DSP001232,TXN0278281,M000266,CUS0099673,Visa,MERCHANDISE_NOT_AS_DESCRIBED,Merchandise Not As Described,2025-12-04,4399,0,0,2025-12-17,13,accepted,accepted_refunded,
DSP001233,TXN0279715,M000266,CUS0099106,Visa,CREDIT_NOT_PROCESSED,Credit Not Processed,2025-11-06,11695,746,161,2025-11-25,19,contested,lost,2025-12-07
DSP001234,TXN0277103,M000266,,Visa,MERCHANDISE_NOT_AS_DESCRIBED,Merchandise Not As Described,2025-12-18,4195,672,176,2025-12-27,9,contested,lost,2026-01-07
DSP001235,TXN0277944,M000266,,Visa,MERCHANDISE_NOT_AS_DESCRIBED,Merchandise Not As Described,2025-04-19,9695,478,214,2025-05-04,15,contested,won,2025-05-11
DSP001236,TXN0277701,M000266,CUS0099333,Mastercard,CREDIT_NOT_PROCESSED,Credit Not Processed,2025-03-10,2799,0,0,2025-03-24,14,accepted,accepted_refunded,
DSP001237,TXN0278028,M000266,CUS0099217,Mastercard,MERCHANDISE_NOT_AS_DESCRIBED,Merchandise Not As Described,2025-10-12,4799,458,265,2025-10-19,7,contested,lost,2025-11-24
DSP001238,TXN0277763,M000266,,Visa,UNAUTHORIZED_TRANSACTION,Unauthorized Transaction,2025-08-17,2249,412,289,2025-08-29,12,contested,lost,2025-09-05
DSP001239,TXN0280973,M000267,CUS0100634,Visa,CREDIT_NOT_PROCESSED,Credit Not Processed,2026-02-01,799,731,283,2026-02-13,12,contested,lost,2026-02-17
DSP001240,TXN0280594,M000267,CUS0100129,Visa,UNAUTHORIZED_TRANSACTION,Unauthorized Transaction,2025-06-27,399,0,0,2025-07-04,7,accepted,accepted_refunded,
DSP001241,TXN0281278,M000267,,RuPay,UNAUTHORIZED_TRANSACTION,Unauthorized Transaction,2025-08-22,399,0,0,2025-09-05,14,accepted,accepted_refunded,
DSP001242,TXN0281633,M000267,,RuPay,SERVICE_NOT_RENDERED,Service Not Rendered,2025-11-30,399,637,288,2025-12-20,20,contested,won,2026-01-09
DSP001243,TXN0282127,M000267,CUS0100275,RuPay,RECURRING_BILLING_DISPUTE,Recurring Billing Dispute,2025-09-09,399,705,264,2025-09-25,16,contested,won,2025-09-28
DSP001244,TXN0280301,M000267,,RuPay,SERVICE_NOT_RENDERED,Service Not Rendered,2025-03-25,399,0,0,2025-04-14,20,accepted,accepted_refunded,
DSP001245,TXN0281878,M000267,CUS0100076,Visa,RECURRING_BILLING_DISPUTE,Recurring Billing Dispute,2025-03-04,799,0,0,2025-03-13,9,accepted,accepted_refunded,
DSP001246,TXN0282322,M000267,CUS0100529,Visa,RECURRING_BILLING_DISPUTE,Recurring Billing Dispute,2025-06-13,799,484,209,2025-06-22,9,contested,won,2025-07-13
DSP001247,TXN0282038,M000267,CUS0100082,Mastercard,UNAUTHORIZED_TRANSACTION,Unauthorized Transaction,2025-03-10,399,672,262,2025-03-30,20,contested,lost,2025-03-30
DSP001248,TXN0281601,M000267,,Visa,RECURRING_BILLING_DISPUTE,Recurring Billing Dispute,2025-03-19,399,737,276,2025-04-05,17,contested,lost,2025-04-03
DSP001249,TXN0281338,M000267,CUS0100723,Visa,UNAUTHORIZED_TRANSACTION,Unauthorized Transaction,2025-06-25,19999,510,268,2025-07-07,12,contested,lost,2025-07-19
DSP001250,TXN0280841,M000267,CUS0100852,Visa,UNAUTHORIZED_TRANSACTION,Unauthorized Transaction,2025-12-20,799,414,257,2025-12-31,11,contested,lost,2026-01-04
DSP001251,TXN0280264,M000267,,Mastercard,UNAUTHORIZED_TRANSACTION,Unauthorized Transaction,2025-06-10,799,0,0,2025-06-27,17,accepted,accepted_refunded,
DSP001252,TXN0282110,M000267,CUS0100617,RuPay,RECURRING_BILLING_DISPUTE,Recurring Billing Dispute,2025-10-06,799,0,0,2025-10-18,12,accepted,accepted_refunded,
DSP001253,TXN0281764,M000267,,Mastercard,RECURRING_BILLING_DISPUTE,Recurring Billing Dispute,2025-12-02,399,0,0,2025-12-21,19,accepted,accepted_refunded,
DSP001254,TXN0281714,M000267,CUS0100679,Visa,UNAUTHORIZED_TRANSACTION,Unauthorized Transaction,2025-08-26,19999,0,0,2025-09-11,16,accepted,accepted_refunded,
DSP001255,TXN0280598,M000267,CUS0100414,Visa,RECURRING_BILLING_DISPUTE,Recurring Billing Dispute,2025-04-09,399,454,244,2025-04-28,19,contested,won,2025-04-28
DSP001256,TXN0280007,M000267,CUS0100217,Mastercard,RECURRING_BILLING_DISPUTE,Recurring Billing Dispute,2025-08-23,399,0,0,2025-09-01,9,accepted,accepted_refunded,
DSP001257,TXN0280810,M000267,CUS0100014,Visa,RECURRING_BILLING_DISPUTE,Recurring Billing Dispute,2025-09-01,399,0,0,2025-09-11,10,accepted,accepted_refunded,
DSP001258,TXN0281734,M000267,CUS0100284,Visa,UNAUTHORIZED_TRANSACTION,Unauthorized Transaction,2025-04-21,399,643,257,2025-05-03,12,contested,lost,2025-06-05
DSP001259,TXN0283032,M000268,,Mastercard,SERVICE_NOT_RENDERED,Service Not Rendered,2025-07-23,5999,0,0,2025-08-02,10,accepted,accepted_refunded,
DSP001260,TXN0282487,M000268,,Visa,RECURRING_BILLING_DISPUTE,Recurring Billing Dispute,2025-05-05,5999,0,0,2025-05-18,13,accepted,accepted_refunded,
DSP001261,TXN0283304,M000268,CUS0100916,Visa,CREDIT_NOT_PROCESSED,Credit Not Processed,2025-02-28,3999,0,0,2025-03-10,10,accepted,accepted_refunded,
DSP001262,TXN0282725,M000268,CUS0101533,Mastercard,RECURRING_BILLING_DISPUTE,Recurring Billing Dispute,2025-08-22,5999,543,167,2025-09-05,14,contested,lost,2025-09-22
DSP001263,TXN0283826,M000268,,Mastercard,MERCHANDISE_NOT_AS_DESCRIBED,Merchandise Not As Described,2025-12-06,5999,549,235,2025-12-27,21,contested,lost,2025-12-22
DSP001264,TXN0282603,M000268,CUS0101170,Visa,RECURRING_BILLING_DISPUTE,Recurring Billing Dispute,2025-07-10,3999,410,226,2025-07-19,9,contested,lost,2025-08-15
DSP001265,TXN0284632,M000268,CUS0101272,Visa,CREDIT_NOT_PROCESSED,Credit Not Processed,2025-10-07,14999,512,171,2025-10-15,8,contested,lost,2025-11-10
DSP001266,TXN0284696,M000268,CUS0101392,Visa,RECURRING_BILLING_DISPUTE,Recurring Billing Dispute,2025-10-06,3999,492,243,2025-10-16,10,contested,lost,2025-11-10
DSP001267,TXN0282591,M000268,CUS0101568,Visa,RECURRING_BILLING_DISPUTE,Recurring Billing Dispute,2025-06-21,3999,0,0,2025-07-08,17,accepted,accepted_refunded,
DSP001268,TXN0283711,M000268,,Visa,CREDIT_NOT_PROCESSED,Credit Not Processed,2025-03-18,3999,0,0,2025-04-05,18,accepted,accepted_refunded,
DSP001269,TXN0284709,M000268,CUS0101282,RuPay,RECURRING_BILLING_DISPUTE,Recurring Billing Dispute,2025-09-14,3999,727,255,2025-09-25,11,contested,won,2025-10-15
DSP001270,TXN0282875,M000268,CUS0101396,Visa,RECURRING_BILLING_DISPUTE,Recurring Billing Dispute,2025-12-03,3999,676,183,2025-12-12,9,contested,lost,2025-12-21
DSP001271,TXN0284588,M000268,,Mastercard,RECURRING_BILLING_DISPUTE,Recurring Billing Dispute,2025-09-22,5999,621,255,2025-10-12,20,contested,lost,2025-10-08
DSP001272,TXN0283903,M000268,CUS0101737,Visa,RECURRING_BILLING_DISPUTE,Recurring Billing Dispute,2025-06-13,3999,655,226,2025-06-27,14,contested,won,2025-07-07
DSP001273,TXN0286721,M000269,CUS0101947,Visa,UNAUTHORIZED_TRANSACTION,Unauthorized Transaction,2025-04-27,1499,0,0,2025-05-09,12,accepted,accepted_refunded,
DSP001274,TXN0287031,M000269,CUS0102527,Visa,UNAUTHORIZED_TRANSACTION,Unauthorized Transaction,2025-11-28,2999,0,0,2025-12-08,10,accepted,accepted_refunded,
DSP001275,TXN0285426,M000269,CUS0102590,RuPay,RECURRING_BILLING_DISPUTE,Recurring Billing Dispute,2025-01-26,1499,405,262,2025-02-11,16,contested,lost,2025-02-12
DSP001276,TXN0285551,M000269,CUS0102046,Visa,CREDIT_NOT_PROCESSED,Credit Not Processed,2025-05-16,1499,577,163,2025-06-01,16,contested,won,2025-06-14
DSP001277,TXN0285940,M000269,,Visa,RECURRING_BILLING_DISPUTE,Recurring Billing Dispute,2025-08-29,24999,563,174,2025-09-12,14,contested,lost,2025-09-13
DSP001278,TXN0286377,M000269,CUS0102503,RuPay,SERVICE_NOT_RENDERED,Service Not Rendered,2025-10-18,1499,526,190,2025-10-30,12,contested,won,2025-11-17
DSP001279,TXN0285463,M000269,CUS0102489,Mastercard,RECURRING_BILLING_DISPUTE,Recurring Billing Dispute,2025-07-08,1499,679,208,2025-07-19,11,contested,lost,2025-08-01
DSP001280,TXN0285773,M000269,CUS0102419,RuPay,SERVICE_NOT_RENDERED,Service Not Rendered,2025-09-10,1499,0,0,2025-09-20,10,accepted,accepted_refunded,
DSP001281,TXN0286335,M000269,,Visa,RECURRING_BILLING_DISPUTE,Recurring Billing Dispute,2025-06-28,1499,0,0,2025-07-18,20,accepted,accepted_refunded,
DSP001282,TXN0287329,M000269,CUS0102377,Visa,RECURRING_BILLING_DISPUTE,Recurring Billing Dispute,2025-05-06,1499,437,249,2025-05-24,18,contested,lost,2025-06-07
DSP001283,TXN0285982,M000269,CUS0102347,Mastercard,MERCHANDISE_NOT_AS_DESCRIBED,Merchandise Not As Described,2025-09-12,1499,483,227,2025-09-27,15,contested,lost,2025-10-06
DSP001284,TXN0285916,M000269,,Mastercard,UNAUTHORIZED_TRANSACTION,Unauthorized Transaction,2025-12-03,24999,648,247,2025-12-12,9,contested,lost,2025-12-25
DSP001285,TXN0286881,M000269,,RuPay,RECURRING_BILLING_DISPUTE,Recurring Billing Dispute,2025-05-01,1499,0,0,2025-05-08,7,accepted,accepted_refunded,
DSP001286,TXN0287159,M000269,,Mastercard,RECURRING_BILLING_DISPUTE,Recurring Billing Dispute,2026-01-05,2999,585,271,2026-01-24,19,contested,won,2026-02-08
DSP001287,TXN0285176,M000269,CUS0101976,Mastercard,UNAUTHORIZED_TRANSACTION,Unauthorized Transaction,2025-03-21,24999,652,230,2025-03-30,9,contested,lost,2025-04-10
DSP001288,TXN0286067,M000269,,Mastercard,RECURRING_BILLING_DISPUTE,Recurring Billing Dispute,2025-10-17,9999,657,248,2025-10-29,12,contested,lost,2025-11-14
DSP001289,TXN0289000,M000270,,Visa,MERCHANDISE_NOT_AS_DESCRIBED,Merchandise Not As Described,2025-06-07,1449,0,0,2025-06-27,20,accepted,accepted_refunded,
DSP001290,TXN0289979,M000270,CUS0103431,Visa,MERCHANDISE_NOT_AS_DESCRIBED,Merchandise Not As Described,2025-08-11,1949,0,0,2025-08-24,13,accepted,accepted_refunded,
DSP001291,TXN0288483,M000270,CUS0103019,Visa,MERCHANDISE_NOT_RECEIVED,Merchandise Not Received,2025-11-03,469,699,215,2025-11-24,21,contested,won,2025-12-15
DSP001292,TXN0290411,M000270,CUS0103593,Visa,MERCHANDISE_NOT_RECEIVED,Merchandise Not Received,2025-09-07,945,0,0,2025-09-21,14,accepted,accepted_refunded,
DSP001293,TXN0288200,M000270,CUS0103282,Visa,MERCHANDISE_NOT_RECEIVED,Merchandise Not Received,2025-05-24,899,474,206,2025-06-12,19,contested,won,2025-06-12
DSP001294,TXN0290300,M000270,CUS0103311,RuPay,CREDIT_NOT_PROCESSED,Credit Not Processed,2025-05-20,849,409,265,2025-05-29,9,contested,lost,2025-07-02
DSP001295,TXN0289854,M000270,CUS0103276,Mastercard,MERCHANDISE_NOT_AS_DESCRIBED,Merchandise Not As Described,2026-01-20,305,628,216,2026-02-02,13,contested,won,2026-02-19
DSP001296,TXN0288595,M000270,CUS0103730,Mastercard,UNAUTHORIZED_TRANSACTION,Unauthorized Transaction,2025-03-27,1245,524,225,2025-04-06,10,contested,lost,2025-04-17
DSP001297,TXN0288916,M000270,,Visa,MERCHANDISE_NOT_AS_DESCRIBED,Merchandise Not As Described,2025-09-28,595,555,257,2025-10-09,11,contested,lost,2025-10-28
DSP001298,TXN0288412,M000270,CUS0103179,Visa,CREDIT_NOT_PROCESSED,Credit Not Processed,2025-04-18,269,676,276,2025-05-04,16,contested,won,2025-05-22
DSP001299,TXN0289362,M000270,CUS0103593,RuPay,MERCHANDISE_NOT_RECEIVED,Merchandise Not Received,2026-02-10,849,467,164,2026-02-25,15,contested,lost,2026-03-19
DSP001300,TXN0288926,M000270,,Visa,CREDIT_NOT_PROCESSED,Credit Not Processed,2025-05-21,1299,0,0,2025-06-06,16,accepted,accepted_refunded,
DSP001301,TXN0288772,M000270,CUS0102999,RuPay,MERCHANDISE_NOT_RECEIVED,Merchandise Not Received,2025-05-16,599,0,0,2025-05-24,8,accepted,accepted_refunded,
DSP001302,TXN0291880,M000271,,Visa,UNAUTHORIZED_TRANSACTION,Unauthorized Transaction,2025-04-11,799,0,0,2025-04-20,9,accepted,accepted_refunded,
DSP001303,TXN0292391,M000271,CUS0104297,Visa,CREDIT_NOT_PROCESSED,Credit Not Processed,2025-09-25,3199,428,169,2025-10-07,12,contested,won,2025-10-22
DSP001304,TXN0292855,M000271,CUS0104019,Visa,MERCHANDISE_NOT_AS_DESCRIBED,Merchandise Not As Described,2025-10-17,549,414,287,2025-10-27,10,contested,won,2025-11-17
DSP001305,TXN0292237,M000271,,RuPay,MERCHANDISE_NOT_RECEIVED,Merchandise Not Received,2025-10-26,795,715,200,2025-11-09,14,contested,won,2025-11-09
DSP001306,TXN0291003,M000271,CUS0104159,Visa,MERCHANDISE_NOT_RECEIVED,Merchandise Not Received,2025-04-17,7399,0,0,2025-04-26,9,accepted,accepted_refunded,
DSP001307,TXN0292566,M000271,CUS0104690,Visa,UNAUTHORIZED_TRANSACTION,Unauthorized Transaction,2026-01-11,949,450,275,2026-01-29,18,contested,lost,2026-01-25
DSP001308,TXN0292710,M000271,CUS0104502,RuPay,CREDIT_NOT_PROCESSED,Credit Not Processed,2025-10-31,10795,0,0,2025-11-20,20,accepted,accepted_refunded,
DSP001309,TXN0291106,M000271,CUS0104489,Visa,MERCHANDISE_NOT_RECEIVED,Merchandise Not Received,2026-01-12,3899,0,0,2026-01-29,17,accepted,accepted_refunded,
DSP001310,TXN0292774,M000271,CUS0104141,Mastercard,MERCHANDISE_NOT_AS_DESCRIBED,Merchandise Not As Described,2025-08-04,4999,616,267,2025-08-19,15,contested,won,2025-08-30
DSP001311,TXN0295128,M000272,CUS0105622,Visa,RECURRING_BILLING_DISPUTE,Recurring Billing Dispute,2025-09-11,2499,0,0,2025-09-22,11,accepted,accepted_refunded,
DSP001312,TXN0294546,M000272,CUS0104867,RuPay,RECURRING_BILLING_DISPUTE,Recurring Billing Dispute,2025-03-16,2499,655,194,2025-04-04,19,contested,lost,2025-04-23
DSP001313,TXN0294967,M000272,CUS0105500,Visa,RECURRING_BILLING_DISPUTE,Recurring Billing Dispute,2025-06-24,5999,460,218,2025-07-02,8,contested,lost,2025-08-07
DSP001314,TXN0295635,M000272,,Visa,CREDIT_NOT_PROCESSED,Credit Not Processed,2025-10-02,24999,0,0,2025-10-21,19,accepted,accepted_refunded,
DSP001315,TXN0294632,M000272,CUS0105389,RuPay,RECURRING_BILLING_DISPUTE,Recurring Billing Dispute,2025-04-06,5999,430,171,2025-04-21,15,contested,lost,2025-04-30
DSP001316,TXN0293245,M000272,CUS0104907,Visa,RECURRING_BILLING_DISPUTE,Recurring Billing Dispute,2025-11-09,2499,0,0,2025-11-20,11,accepted,accepted_refunded,
DSP001317,TXN0295449,M000272,CUS0105118,Mastercard,MERCHANDISE_NOT_AS_DESCRIBED,Merchandise Not As Described,2026-01-15,2499,0,0,2026-01-24,9,accepted,accepted_refunded,
DSP001318,TXN0294900,M000272,CUS0104881,Mastercard,RECURRING_BILLING_DISPUTE,Recurring Billing Dispute,2026-01-24,2499,571,157,2026-02-07,14,contested,lost,2026-02-28
DSP001319,TXN0293312,M000272,CUS0105493,Visa,SERVICE_NOT_RENDERED,Service Not Rendered,2025-12-05,24999,0,0,2025-12-17,12,accepted,accepted_refunded,
DSP001320,TXN0297981,M000273,CUS0105714,Visa,MERCHANDISE_NOT_AS_DESCRIBED,Merchandise Not As Described,2025-03-20,549,603,242,2025-04-04,15,contested,won,2025-04-12
DSP001321,TXN0297249,M000273,,Visa,MERCHANDISE_NOT_RECEIVED,Merchandise Not Received,2025-11-22,4449,613,205,2025-12-08,16,contested,won,2025-12-27
DSP001322,TXN0296207,M000273,CUS0106332,Visa,CREDIT_NOT_PROCESSED,Credit Not Processed,2025-06-24,1045,488,190,2025-07-10,16,contested,won,2025-07-09
DSP001323,TXN0296766,M000273,,Visa,DUPLICATE_TRANSACTION,Duplicate Transaction,2025-05-29,745,652,223,2025-06-12,14,contested,lost,2025-06-30
DSP001324,TXN0298061,M000273,,Visa,UNAUTHORIZED_TRANSACTION,Unauthorized Transaction,2025-09-03,4995,0,0,2025-09-19,16,accepted,accepted_refunded,
DSP001325,TXN0298093,M000273,CUS0105705,Visa,MERCHANDISE_NOT_RECEIVED,Merchandise Not Received,2025-10-21,2349,589,249,2025-11-04,14,contested,won,2025-12-05
DSP001326,TXN0297737,M000273,CUS0105922,Visa,MERCHANDISE_NOT_AS_DESCRIBED,Merchandise Not As Described,2025-11-07,2049,647,188,2025-11-26,19,contested,won,2025-11-30
DSP001327,TXN0296877,M000273,CUS0106415,Mastercard,MERCHANDISE_NOT_RECEIVED,Merchandise Not Received,2025-09-25,1599,404,191,2025-10-06,11,contested,lost,2025-10-24
DSP001328,TXN0300314,M000274,CUS0107154,RuPay,UNAUTHORIZED_TRANSACTION,Unauthorized Transaction,2025-10-03,8895,472,186,2025-10-17,14,contested,lost,2025-11-13
DSP001329,TXN0299840,M000274,,Mastercard,MERCHANDISE_NOT_AS_DESCRIBED,Merchandise Not As Described,2025-02-23,3045,0,0,2025-03-09,14,accepted,accepted_refunded,
DSP001330,TXN0300487,M000274,CUS0106644,Mastercard,SERVICE_NOT_RENDERED,Service Not Rendered,2026-02-15,7599,448,233,2026-02-23,8,contested,lost,2026-03-18
DSP001331,TXN0300054,M000274,,RuPay,UNAUTHORIZED_TRANSACTION,Unauthorized Transaction,2026-01-04,19299,0,0,2026-01-20,16,accepted,accepted_refunded,
DSP001332,TXN0299076,M000274,CUS0106779,Visa,CREDIT_NOT_PROCESSED,Credit Not Processed,2025-08-22,2349,0,0,2025-08-29,7,accepted,accepted_refunded,
DSP001333,TXN0300650,M000274,,RuPay,MERCHANDISE_NOT_AS_DESCRIBED,Merchandise Not As Described,2025-04-28,8299,673,299,2025-05-18,20,contested,won,2025-05-23
DSP001334,TXN0299098,M000274,,Visa,CREDIT_NOT_PROCESSED,Credit Not Processed,2025-10-12,24495,577,193,2025-10-21,9,contested,lost,2025-11-18
DSP001335,TXN0300123,M000274,,Visa,MERCHANDISE_NOT_AS_DESCRIBED,Merchandise Not As Described,2025-12-18,7195,590,187,2026-01-07,20,contested,lost,2026-01-08
DSP001336,TXN0300714,M000274,,Visa,DUPLICATE_TRANSACTION,Duplicate Transaction,2025-08-13,4599,570,272,2025-08-26,13,contested,won,2025-09-24
DSP001337,TXN0299149,M000274,,Mastercard,UNAUTHORIZED_TRANSACTION,Unauthorized Transaction,2026-02-13,4145,0,0,2026-02-28,15,accepted,accepted_refunded,
DSP001338,TXN0298861,M000274,,Visa,SERVICE_NOT_RENDERED,Service Not Rendered,2025-11-24,12395,0,0,2025-12-08,14,accepted,accepted_refunded,
DSP001339,TXN0301033,M000274,CUS0106862,Visa,UNAUTHORIZED_TRANSACTION,Unauthorized Transaction,2025-04-12,15199,713,189,2025-04-26,14,contested,won,2025-04-26
DSP001340,TXN0299312,M000274,CUS0107213,Visa,SERVICE_NOT_RENDERED,Service Not Rendered,2025-04-13,4449,704,170,2025-04-29,16,contested,won,2025-05-06
DSP001341,TXN0301432,M000275,CUS0107712,Mastercard,RECURRING_BILLING_DISPUTE,Recurring Billing Dispute,2025-03-17,5999,567,244,2025-04-07,21,contested,lost,2025-04-06
DSP001342,TXN0303298,M000275,,RuPay,RECURRING_BILLING_DISPUTE,Recurring Billing Dispute,2026-01-06,14999,550,169,2026-01-18,12,contested,lost,2026-01-29
DSP001343,TXN0302171,M000275,,Visa,RECURRING_BILLING_DISPUTE,Recurring Billing Dispute,2025-04-17,1499,0,0,2025-04-25,8,accepted,accepted_refunded,
DSP001344,TXN0303642,M000275,,Mastercard,RECURRING_BILLING_DISPUTE,Recurring Billing Dispute,2026-01-03,1499,0,0,2026-01-10,7,accepted,accepted_refunded,
DSP001345,TXN0303303,M000275,,Visa,MERCHANDISE_NOT_AS_DESCRIBED,Merchandise Not As Described,2025-09-22,1499,603,151,2025-10-11,19,contested,lost,2025-10-24
DSP001346,TXN0301632,M000275,CUS0107660,Visa,UNAUTHORIZED_TRANSACTION,Unauthorized Transaction,2026-02-11,1499,614,174,2026-03-03,20,contested,lost,2026-03-09
DSP001347,TXN0302650,M000275,CUS0107740,RuPay,RECURRING_BILLING_DISPUTE,Recurring Billing Dispute,2025-04-07,1499,462,188,2025-04-21,14,contested,lost,2025-04-28
DSP001348,TXN0303171,M000275,CUS0108477,RuPay,RECURRING_BILLING_DISPUTE,Recurring Billing Dispute,2025-10-22,1499,0,0,2025-11-10,19,accepted,accepted_refunded,
DSP001349,TXN0302983,M000275,,Visa,DUPLICATE_TRANSACTION,Duplicate Transaction,2025-07-28,14999,0,0,2025-08-10,13,accepted,accepted_refunded,
DSP001350,TXN0303451,M000275,,Visa,MERCHANDISE_NOT_AS_DESCRIBED,Merchandise Not As Described,2025-11-18,1499,692,300,2025-11-28,10,contested,lost,2025-12-05
DSP001351,TXN0303505,M000275,,RuPay,UNAUTHORIZED_TRANSACTION,Unauthorized Transaction,2025-07-20,1499,593,222,2025-08-10,21,contested,lost,2025-08-17
DSP001352,TXN0302069,M000275,,Mastercard,SERVICE_NOT_RENDERED,Service Not Rendered,2025-02-20,1499,708,232,2025-03-08,16,contested,lost,2025-03-08
DSP001353,TXN0301260,M000275,,RuPay,UNAUTHORIZED_TRANSACTION,Unauthorized Transaction,2025-10-15,5999,616,169,2025-10-22,7,contested,lost,2025-11-24
DSP001354,TXN0302912,M000275,,Visa,RECURRING_BILLING_DISPUTE,Recurring Billing Dispute,2025-03-18,5999,697,254,2025-03-29,11,contested,won,2025-05-02
DSP001355,TXN0302419,M000275,,Visa,SERVICE_NOT_RENDERED,Service Not Rendered,2025-04-17,5999,0,0,2025-04-27,10,accepted,accepted_refunded,
DSP001356,TXN0301267,M000275,CUS0108129,Mastercard,UNAUTHORIZED_TRANSACTION,Unauthorized Transaction,2025-05-09,1499,0,0,2025-05-24,15,accepted,accepted_refunded,
DSP001357,TXN0302581,M000275,CUS0107635,Visa,RECURRING_BILLING_DISPUTE,Recurring Billing Dispute,2026-02-15,5999,721,241,2026-03-05,18,contested,lost,2026-03-18
DSP001358,TXN0306515,M000276,CUS0108826,Visa,RECURRING_BILLING_DISPUTE,Recurring Billing Dispute,2025-10-11,4999,697,244,2025-10-28,17,contested,lost,2025-11-21
DSP001359,TXN0304005,M000276,CUS0109103,Mastercard,RECURRING_BILLING_DISPUTE,Recurring Billing Dispute,2025-08-06,9999,505,223,2025-08-21,15,contested,won,2025-09-06
DSP001360,TXN0306299,M000276,,RuPay,RECURRING_BILLING_DISPUTE,Recurring Billing Dispute,2025-11-19,9999,0,0,2025-12-02,13,accepted,accepted_refunded,
DSP001361,TXN0306488,M000276,CUS0108883,Mastercard,CREDIT_NOT_PROCESSED,Credit Not Processed,2025-04-18,19999,465,174,2025-05-03,15,contested,lost,2025-05-02
DSP001362,TXN0304166,M000276,CUS0108863,Visa,RECURRING_BILLING_DISPUTE,Recurring Billing Dispute,2025-12-05,4999,0,0,2025-12-17,12,accepted,accepted_refunded,
DSP001363,TXN0304958,M000276,CUS0108886,Visa,RECURRING_BILLING_DISPUTE,Recurring Billing Dispute,2025-04-12,1499,636,183,2025-04-20,8,contested,lost,2025-04-28
DSP001364,TXN0304832,M000276,,Mastercard,CREDIT_NOT_PROCESSED,Credit Not Processed,2025-09-29,4999,604,226,2025-10-17,18,contested,won,2025-11-07
DSP001365,TXN0304206,M000276,CUS0109453,RuPay,RECURRING_BILLING_DISPUTE,Recurring Billing Dispute,2025-11-24,1499,720,247,2025-12-12,18,contested,won,2025-12-13
DSP001366,TXN0304425,M000276,CUS0108885,Mastercard,RECURRING_BILLING_DISPUTE,Recurring Billing Dispute,2025-08-22,1499,667,190,2025-09-09,18,contested,lost,2025-09-17
DSP001367,TXN0304806,M000276,CUS0108868,RuPay,RECURRING_BILLING_DISPUTE,Recurring Billing Dispute,2025-03-01,9999,0,0,2025-03-12,11,accepted,accepted_refunded,
DSP001368,TXN0304799,M000276,CUS0109287,Visa,SERVICE_NOT_RENDERED,Service Not Rendered,2025-01-30,9999,634,285,2025-02-06,7,contested,won,2025-02-13
DSP001369,TXN0304645,M000276,CUS0109460,Visa,UNAUTHORIZED_TRANSACTION,Unauthorized Transaction,2025-12-29,19999,647,226,2026-01-10,12,contested,won,2026-01-12
DSP001370,TXN0306539,M000276,CUS0108918,Mastercard,UNAUTHORIZED_TRANSACTION,Unauthorized Transaction,2025-03-22,1499,469,263,2025-04-03,12,contested,lost,2025-04-08
DSP001371,TXN0303876,M000276,,Mastercard,RECURRING_BILLING_DISPUTE,Recurring Billing Dispute,2025-10-07,1499,675,200,2025-10-20,13,contested,lost,2025-10-31
DSP001372,TXN0304546,M000276,,Mastercard,UNAUTHORIZED_TRANSACTION,Unauthorized Transaction,2026-01-05,1499,447,167,2026-01-21,16,contested,won,2026-02-05
DSP001373,TXN0303877,M000276,,RuPay,CREDIT_NOT_PROCESSED,Credit Not Processed,2025-12-29,4999,632,179,2026-01-13,15,contested,won,2026-01-31
DSP001374,TXN0305536,M000276,CUS0108633,Visa,UNAUTHORIZED_TRANSACTION,Unauthorized Transaction,2025-07-28,9999,0,0,2025-08-16,19,accepted,accepted_refunded,
DSP001375,TXN0304678,M000276,CUS0109156,Visa,RECURRING_BILLING_DISPUTE,Recurring Billing Dispute,2025-05-29,1499,492,277,2025-06-14,16,contested,won,2025-06-20
DSP001376,TXN0306347,M000276,CUS0108591,Mastercard,RECURRING_BILLING_DISPUTE,Recurring Billing Dispute,2025-11-10,9999,418,215,2025-11-24,14,contested,won,2025-12-12
DSP001377,TXN0305449,M000276,CUS0108835,Mastercard,RECURRING_BILLING_DISPUTE,Recurring Billing Dispute,2025-09-02,19999,676,286,2025-09-22,20,contested,won,2025-09-24
DSP001378,TXN0308986,M000277,CUS0110839,Mastercard,CREDIT_NOT_PROCESSED,Credit Not Processed,2025-07-31,1249,555,213,2025-08-08,8,contested,won,2025-08-25
DSP001379,TXN0309181,M000277,CUS0111257,RuPay,UNAUTHORIZED_TRANSACTION,Unauthorized Transaction,2025-04-27,3099,0,0,2025-05-15,18,accepted,accepted_refunded,
DSP001380,TXN0306842,M000277,CUS0112112,Visa,MERCHANDISE_NOT_RECEIVED,Merchandise Not Received,2025-06-15,2149,548,196,2025-06-22,7,contested,won,2025-07-04
DSP001381,TXN0311981,M000277,,Visa,MERCHANDISE_NOT_AS_DESCRIBED,Merchandise Not As Described,2026-01-06,845,578,163,2026-01-17,11,contested,won,2026-02-17
DSP001382,TXN0314232,M000277,,RuPay,MERCHANDISE_NOT_RECEIVED,Merchandise Not Received,2025-11-11,1349,468,155,2025-12-02,21,contested,lost,2025-12-11
DSP001383,TXN0312967,M000277,CUS0111070,Visa,MERCHANDISE_NOT_RECEIVED,Merchandise Not Received,2025-11-02,1199,743,213,2025-11-22,20,contested,won,2025-12-06
DSP001384,TXN0314313,M000277,CUS0111496,Visa,CREDIT_NOT_PROCESSED,Credit Not Processed,2025-12-22,649,0,0,2026-01-10,19,accepted,accepted_refunded,
DSP001385,TXN0308901,M000277,CUS0110107,Visa,MERCHANDISE_NOT_RECEIVED,Merchandise Not Received,2025-03-13,745,560,268,2025-03-21,8,contested,lost,2025-04-09
DSP001386,TXN0309189,M000277,,Visa,DUPLICATE_TRANSACTION,Duplicate Transaction,2025-05-03,4249,486,244,2025-05-20,17,contested,won,2025-05-31
DSP001387,TXN0313976,M000277,CUS0111862,Visa,UNAUTHORIZED_TRANSACTION,Unauthorized Transaction,2025-12-02,699,0,0,2025-12-17,15,accepted,accepted_refunded,
DSP001388,TXN0307756,M000277,CUS0112243,Visa,MERCHANDISE_NOT_AS_DESCRIBED,Merchandise Not As Described,2025-05-20,8999,581,168,2025-06-03,14,contested,lost,2025-06-10
DSP001389,TXN0310284,M000277,CUS0110315,Mastercard,MERCHANDISE_NOT_RECEIVED,Merchandise Not Received,2025-10-26,409,429,277,2025-11-08,13,contested,won,2025-12-03
DSP001390,TXN0308167,M000277,CUS0109624,RuPay,DUPLICATE_TRANSACTION,Duplicate Transaction,2026-03-02,1695,681,285,2026-03-10,8,contested,won,2026-04-11
DSP001391,TXN0311280,M000277,,Mastercard,MERCHANDISE_NOT_RECEIVED,Merchandise Not Received,2025-09-09,949,647,274,2025-09-25,16,contested,won,2025-10-16
DSP001392,TXN0310383,M000277,CUS0112046,Visa,DUPLICATE_TRANSACTION,Duplicate Transaction,2025-10-02,2545,688,161,2025-10-11,9,contested,won,2025-10-30
DSP001393,TXN0308589,M000277,,Mastercard,MERCHANDISE_NOT_AS_DESCRIBED,Merchandise Not As Described,2025-06-07,3699,691,207,2025-06-16,9,contested,lost,2025-07-02
DSP001394,TXN0307414,M000277,CUS0110456,Visa,MERCHANDISE_NOT_RECEIVED,Merchandise Not Received,2025-12-21,1249,417,234,2026-01-11,21,contested,won,2026-01-27
DSP001395,TXN0313801,M000277,,RuPay,MERCHANDISE_NOT_RECEIVED,Merchandise Not Received,2026-01-11,1649,0,0,2026-01-24,13,accepted,accepted_refunded,
DSP001396,TXN0308767,M000277,CUS0111614,Visa,MERCHANDISE_NOT_AS_DESCRIBED,Merchandise Not As Described,2025-05-21,2595,615,158,2025-06-08,18,contested,won,2025-07-02
DSP001397,TXN0310409,M000277,CUS0112305,Visa,MERCHANDISE_NOT_RECEIVED,Merchandise Not Received,2025-07-11,995,402,184,2025-07-18,7,contested,won,2025-08-12
DSP001398,TXN0312948,M000277,CUS0110793,RuPay,MERCHANDISE_NOT_AS_DESCRIBED,Merchandise Not As Described,2025-09-03,2949,0,0,2025-09-13,10,accepted,accepted_refunded,
DSP001399,TXN0311192,M000277,CUS0111831,Mastercard,MERCHANDISE_NOT_RECEIVED,Merchandise Not Received,2025-11-16,2149,498,234,2025-12-01,15,contested,won,2025-12-06
DSP001400,TXN0313439,M000277,,Visa,MERCHANDISE_NOT_RECEIVED,Merchandise Not Received,2025-04-07,9299,419,298,2025-04-24,17,contested,lost,2025-04-23
DSP001401,TXN0313392,M000277,CUS0111558,RuPay,CREDIT_NOT_PROCESSED,Credit Not Processed,2026-01-06,3949,0,0,2026-01-21,15,accepted,accepted_refunded,
DSP001402,TXN0322097,M000278,,Mastercard,DUPLICATE_TRANSACTION,Duplicate Transaction,2025-02-11,6999,728,184,2025-02-19,8,contested,lost,2025-02-27
DSP001403,TXN0317491,M000278,CUS0114001,Visa,MERCHANDISE_NOT_RECEIVED,Merchandise Not Received,2025-10-05,8499,581,177,2025-10-23,18,contested,won,2025-11-07
DSP001404,TXN0314669,M000278,CUS0114236,Mastercard,MERCHANDISE_NOT_RECEIVED,Merchandise Not Received,2025-10-31,1849,0,0,2025-11-21,21,accepted,accepted_refunded,
DSP001405,TXN0317480,M000278,CUS0113335,Mastercard,MERCHANDISE_NOT_RECEIVED,Merchandise Not Received,2026-01-31,1699,0,0,2026-02-12,12,accepted,accepted_refunded,
DSP001406,TXN0317606,M000278,,Visa,MERCHANDISE_NOT_RECEIVED,Merchandise Not Received,2025-11-12,33495,0,0,2025-11-20,8,accepted,accepted_refunded,
DSP001407,TXN0316126,M000278,,Visa,MERCHANDISE_NOT_RECEIVED,Merchandise Not Received,2025-02-09,4549,0,0,2025-02-27,18,accepted,accepted_refunded,
DSP001408,TXN0321616,M000278,CUS0113960,Mastercard,MERCHANDISE_NOT_AS_DESCRIBED,Merchandise Not As Described,2025-09-12,1695,628,210,2025-09-23,11,contested,won,2025-10-26
DSP001409,TXN0321853,M000278,CUS0112536,Visa,MERCHANDISE_NOT_RECEIVED,Merchandise Not Received,2025-02-03,1395,675,214,2025-02-15,12,contested,won,2025-02-25
DSP001410,TXN0321698,M000278,CUS0114271,Mastercard,DUPLICATE_TRANSACTION,Duplicate Transaction,2026-01-04,1295,0,0,2026-01-15,11,accepted,accepted_refunded,
DSP001411,TXN0321009,M000278,,Visa,MERCHANDISE_NOT_RECEIVED,Merchandise Not Received,2026-01-14,3095,0,0,2026-02-01,18,accepted,accepted_refunded,
DSP001412,TXN0315923,M000278,,Visa,UNAUTHORIZED_TRANSACTION,Unauthorized Transaction,2025-11-15,1199,0,0,2025-11-26,11,accepted,accepted_refunded,
DSP001413,TXN0316323,M000278,CUS0114741,Visa,MERCHANDISE_NOT_AS_DESCRIBED,Merchandise Not As Described,2025-06-24,649,0,0,2025-07-09,15,accepted,accepted_refunded,
DSP001414,TXN0318956,M000278,CUS0114506,Visa,MERCHANDISE_NOT_RECEIVED,Merchandise Not Received,2025-05-12,1999,680,298,2025-05-26,14,contested,won,2025-06-26
DSP001415,TXN0322188,M000278,,Visa,UNAUTHORIZED_TRANSACTION,Unauthorized Transaction,2025-02-04,1499,542,226,2025-02-21,17,contested,won,2025-03-19
DSP001416,TXN0320327,M000278,CUS0114159,Visa,MERCHANDISE_NOT_RECEIVED,Merchandise Not Received,2025-10-05,2349,679,207,2025-10-16,11,contested,won,2025-10-24
DSP001417,TXN0315338,M000278,,Visa,MERCHANDISE_NOT_AS_DESCRIBED,Merchandise Not As Described,2025-05-08,2099,589,237,2025-05-19,11,contested,won,2025-06-07
DSP001418,TXN0315503,M000278,,Visa,UNAUTHORIZED_TRANSACTION,Unauthorized Transaction,2025-10-29,3799,622,198,2025-11-19,21,contested,won,2025-11-25
DSP001419,TXN0319935,M000278,,Visa,DUPLICATE_TRANSACTION,Duplicate Transaction,2026-01-13,2299,513,237,2026-01-25,12,contested,won,2026-02-22
DSP001420,TXN0318669,M000278,CUS0113892,Visa,UNAUTHORIZED_TRANSACTION,Unauthorized Transaction,2026-01-12,699,0,0,2026-01-24,12,accepted,accepted_refunded,
DSP001421,TXN0319952,M000278,CUS0113052,Mastercard,UNAUTHORIZED_TRANSACTION,Unauthorized Transaction,2025-06-05,3899,0,0,2025-06-12,7,accepted,accepted_refunded,
DSP001422,TXN0322387,M000278,CUS0113949,Visa,MERCHANDISE_NOT_AS_DESCRIBED,Merchandise Not As Described,2025-12-24,4749,544,198,2026-01-04,11,contested,won,2026-01-12
DSP001423,TXN0318891,M000278,CUS0112368,Mastercard,CREDIT_NOT_PROCESSED,Credit Not Processed,2025-10-21,6699,0,0,2025-10-28,7,accepted,accepted_refunded,
DSP001424,TXN0315570,M000278,CUS0113141,Visa,DUPLICATE_TRANSACTION,Duplicate Transaction,2025-07-01,799,557,296,2025-07-17,16,contested,won,2025-08-03
DSP001425,TXN0322618,M000278,,Mastercard,MERCHANDISE_NOT_RECEIVED,Merchandise Not Received,2025-08-26,3999,469,166,2025-09-10,15,contested,won,2025-10-08
DSP001426,TXN0321039,M000278,CUS0112530,Visa,MERCHANDISE_NOT_AS_DESCRIBED,Merchandise Not As Described,2025-05-28,4749,478,295,2025-06-18,21,contested,lost,2025-07-02
DSP001427,TXN0322511,M000278,CUS0113885,Visa,MERCHANDISE_NOT_RECEIVED,Merchandise Not Received,2025-03-22,1049,466,169,2025-04-05,14,contested,won,2025-04-12
DSP001428,TXN0316047,M000278,CUS0113361,Visa,MERCHANDISE_NOT_RECEIVED,Merchandise Not Received,2026-02-25,2349,0,0,2026-03-05,8,accepted,accepted_refunded,
DSP001429,TXN0320037,M000278,CUS0113451,Mastercard,UNAUTHORIZED_TRANSACTION,Unauthorized Transaction,2025-03-28,1599,514,233,2025-04-05,8,contested,won,2025-04-11
DSP001430,TXN0327750,M000279,CUS0118057,RuPay,DUPLICATE_TRANSACTION,Duplicate Transaction,2025-11-29,3799,0,0,2025-12-14,15,accepted,accepted_refunded,
DSP001431,TXN0327210,M000279,CUS0117413,RuPay,MERCHANDISE_NOT_AS_DESCRIBED,Merchandise Not As Described,2025-10-16,15199,522,294,2025-11-03,18,contested,won,2025-11-17
DSP001432,TXN0328411,M000279,CUS0117100,Visa,UNAUTHORIZED_TRANSACTION,Unauthorized Transaction,2025-06-24,439,491,216,2025-07-09,15,contested,lost,2025-08-07
DSP001433,TXN0326224,M000279,CUS0117313,Visa,MERCHANDISE_NOT_AS_DESCRIBED,Merchandise Not As Described,2025-05-14,1749,0,0,2025-05-30,16,accepted,accepted_refunded,
DSP001434,TXN0328022,M000279,CUS0117495,Mastercard,MERCHANDISE_NOT_RECEIVED,Merchandise Not Received,2025-07-08,5299,547,156,2025-07-20,12,contested,lost,2025-08-14
DSP001435,TXN0330477,M000279,,Mastercard,UNAUTHORIZED_TRANSACTION,Unauthorized Transaction,2025-08-06,3749,0,0,2025-08-19,13,accepted,accepted_refunded,
DSP001436,TXN0329860,M000279,CUS0116244,RuPay,UNAUTHORIZED_TRANSACTION,Unauthorized Transaction,2025-05-09,5095,442,183,2025-05-27,18,contested,lost,2025-06-08
DSP001437,TXN0329107,M000279,CUS0116107,RuPay,CREDIT_NOT_PROCESSED,Credit Not Processed,2026-01-04,475,423,276,2026-01-23,19,contested,won,2026-01-25
DSP001438,TXN0329512,M000279,,RuPay,MERCHANDISE_NOT_RECEIVED,Merchandise Not Received,2025-02-23,2049,0,0,2025-03-04,9,accepted,accepted_refunded,
DSP001439,TXN0329505,M000279,CUS0115253,Visa,DUPLICATE_TRANSACTION,Duplicate Transaction,2025-12-22,749,419,202,2026-01-04,13,contested,won,2026-01-10
DSP001440,TXN0327217,M000279,CUS0117595,Mastercard,MERCHANDISE_NOT_RECEIVED,Merchandise Not Received,2025-05-12,5499,408,199,2025-05-23,11,contested,won,2025-06-05
DSP001441,TXN0322753,M000279,CUS0115342,Mastercard,MERCHANDISE_NOT_RECEIVED,Merchandise Not Received,2025-08-11,1499,0,0,2025-08-28,17,accepted,accepted_refunded,
DSP001442,TXN0326755,M000279,,Mastercard,CREDIT_NOT_PROCESSED,Credit Not Processed,2026-01-01,3349,0,0,2026-01-20,19,accepted,accepted_refunded,
DSP001443,TXN0327212,M000279,CUS0116389,Visa,MERCHANDISE_NOT_RECEIVED,Merchandise Not Received,2025-08-01,1899,591,276,2025-08-18,17,contested,won,2025-09-11
DSP001444,TXN0325820,M000279,CUS0115579,Mastercard,DUPLICATE_TRANSACTION,Duplicate Transaction,2025-07-13,2649,695,184,2025-08-02,20,contested,won,2025-08-20
DSP001445,TXN0323806,M000279,,Visa,UNAUTHORIZED_TRANSACTION,Unauthorized Transaction,2025-02-15,2349,0,0,2025-02-26,11,accepted,accepted_refunded,
DSP001446,TXN0328791,M000279,CUS0117019,Visa,UNAUTHORIZED_TRANSACTION,Unauthorized Transaction,2025-12-30,2645,554,207,2026-01-11,12,contested,lost,2026-02-02
DSP001447,TXN0323002,M000279,CUS0117243,Visa,MERCHANDISE_NOT_RECEIVED,Merchandise Not Received,2026-02-15,799,582,251,2026-03-03,16,contested,won,2026-03-30
DSP001448,TXN0328150,M000279,,Mastercard,CREDIT_NOT_PROCESSED,Credit Not Processed,2025-07-11,1049,603,190,2025-07-30,19,contested,won,2025-08-21
DSP001449,TXN0328701,M000279,CUS0116546,RuPay,MERCHANDISE_NOT_RECEIVED,Merchandise Not Received,2025-06-13,649,560,202,2025-06-20,7,contested,won,2025-07-15
DSP001450,TXN0328523,M000279,,Mastercard,MERCHANDISE_NOT_RECEIVED,Merchandise Not Received,2025-10-18,3849,475,231,2025-11-07,20,contested,won,2025-11-11
DSP001451,TXN0325859,M000279,CUS0116062,Visa,MERCHANDISE_NOT_AS_DESCRIBED,Merchandise Not As Described,2025-08-12,21995,0,0,2025-08-31,19,accepted,accepted_refunded,
DSP001452,TXN0323448,M000279,,Visa,MERCHANDISE_NOT_AS_DESCRIBED,Merchandise Not As Described,2025-12-10,2049,705,286,2025-12-24,14,contested,won,2026-01-13
DSP001453,TXN0330109,M000279,,Visa,MERCHANDISE_NOT_AS_DESCRIBED,Merchandise Not As Described,2025-05-28,4849,0,0,2025-06-17,20,accepted,accepted_refunded,
DSP001454,TXN0326641,M000279,CUS0116052,Visa,CREDIT_NOT_PROCESSED,Credit Not Processed,2025-11-11,2499,739,275,2025-11-25,14,contested,won,2025-12-23
DSP001455,TXN0333041,M000280,,Mastercard,UNAUTHORIZED_TRANSACTION,Unauthorized Transaction,2025-06-30,1049,424,191,2025-07-17,17,contested,lost,2025-07-31
DSP001456,TXN0331770,M000280,,Mastercard,UNAUTHORIZED_TRANSACTION,Unauthorized Transaction,2025-06-21,1849,709,175,2025-07-07,16,contested,won,2025-07-10
DSP001457,TXN0331477,M000280,,Visa,DUPLICATE_TRANSACTION,Duplicate Transaction,2025-08-23,8195,588,273,2025-09-08,16,contested,won,2025-09-12
DSP001458,TXN0332519,M000280,CUS0118906,RuPay,CREDIT_NOT_PROCESSED,Credit Not Processed,2025-08-30,3345,716,244,2025-09-14,15,contested,lost,2025-09-20
DSP001459,TXN0335399,M000280,CUS0119414,Mastercard,DUPLICATE_TRANSACTION,Duplicate Transaction,2025-09-08,2699,0,0,2025-09-24,16,accepted,accepted_refunded,
DSP001460,TXN0334541,M000280,CUS0120198,Visa,UNAUTHORIZED_TRANSACTION,Unauthorized Transaction,2025-06-17,259,0,0,2025-07-06,19,accepted,accepted_refunded,
DSP001461,TXN0334535,M000280,,Mastercard,MERCHANDISE_NOT_RECEIVED,Merchandise Not Received,2025-12-31,479,608,203,2026-01-14,14,contested,won,2026-02-02
DSP001462,TXN0331176,M000280,CUS0119304,Visa,CREDIT_NOT_PROCESSED,Credit Not Processed,2025-09-13,5099,530,256,2025-10-02,19,contested,lost,2025-10-04
DSP001463,TXN0334141,M000280,,Mastercard,CREDIT_NOT_PROCESSED,Credit Not Processed,2025-11-24,1095,402,155,2025-12-06,12,contested,lost,2025-12-16
DSP001464,TXN0336934,M000280,CUS0118201,Visa,MERCHANDISE_NOT_RECEIVED,Merchandise Not Received,2025-07-29,415,730,277,2025-08-08,10,contested,won,2025-08-24
DSP001465,TXN0331839,M000280,CUS0118392,Mastercard,MERCHANDISE_NOT_RECEIVED,Merchandise Not Received,2025-12-30,1799,0,0,2026-01-19,20,accepted,accepted_refunded,
DSP001466,TXN0335285,M000280,CUS0119974,Visa,MERCHANDISE_NOT_RECEIVED,Merchandise Not Received,2025-03-17,4599,726,187,2025-04-05,19,contested,lost,2025-04-19
DSP001467,TXN0334340,M000280,CUS0118757,RuPay,MERCHANDISE_NOT_RECEIVED,Merchandise Not Received,2025-10-11,2699,585,240,2025-10-23,12,contested,won,2025-11-16
DSP001468,TXN0331239,M000280,,Visa,UNAUTHORIZED_TRANSACTION,Unauthorized Transaction,2025-08-15,849,0,0,2025-08-23,8,accepted,accepted_refunded,
DSP001469,TXN0332237,M000280,,Visa,CREDIT_NOT_PROCESSED,Credit Not Processed,2025-02-06,2649,525,247,2025-02-16,10,contested,lost,2025-02-21
DSP001470,TXN0332403,M000280,CUS0120114,Mastercard,MERCHANDISE_NOT_AS_DESCRIBED,Merchandise Not As Described,2025-05-01,549,0,0,2025-05-09,8,accepted,accepted_refunded,
DSP001471,TXN0332259,M000280,,Visa,UNAUTHORIZED_TRANSACTION,Unauthorized Transaction,2025-05-17,2499,671,252,2025-06-07,21,contested,won,2025-06-02
DSP001472,TXN0338185,M000280,CUS0119924,Visa,UNAUTHORIZED_TRANSACTION,Unauthorized Transaction,2025-08-04,1049,690,284,2025-08-22,18,contested,lost,2025-08-25
DSP001473,TXN0333566,M000280,,Visa,DUPLICATE_TRANSACTION,Duplicate Transaction,2025-06-01,999,415,298,2025-06-17,16,contested,won,2025-07-11
DSP001474,TXN0331852,M000280,CUS0120380,RuPay,MERCHANDISE_NOT_RECEIVED,Merchandise Not Received,2025-11-15,1949,731,172,2025-11-30,15,contested,lost,2025-12-09
DSP001475,TXN0330820,M000280,CUS0119600,Visa,UNAUTHORIZED_TRANSACTION,Unauthorized Transaction,2025-12-03,2199,0,0,2025-12-17,14,accepted,accepted_refunded,
DSP001476,TXN0333692,M000280,,Visa,CREDIT_NOT_PROCESSED,Credit Not Processed,2025-05-25,209,543,210,2025-06-01,7,contested,won,2025-06-28
DSP001477,TXN0339085,M000281,CUS0123472,Visa,MERCHANDISE_NOT_AS_DESCRIBED,Merchandise Not As Described,2025-04-25,2249,513,165,2025-05-02,7,contested,won,2025-05-29
DSP001478,TXN0346698,M000281,,Mastercard,MERCHANDISE_NOT_RECEIVED,Merchandise Not Received,2026-02-08,3099,671,259,2026-02-20,12,contested,lost,2026-03-07
DSP001479,TXN0346790,M000281,,Visa,MERCHANDISE_NOT_AS_DESCRIBED,Merchandise Not As Described,2025-06-08,1099,0,0,2025-06-18,10,accepted,accepted_refunded,
DSP001480,TXN0341309,M000281,CUS0123843,Visa,MERCHANDISE_NOT_AS_DESCRIBED,Merchandise Not As Described,2025-05-09,1395,0,0,2025-05-26,17,accepted,accepted_refunded,
DSP001481,TXN0341293,M000281,,Visa,MERCHANDISE_NOT_AS_DESCRIBED,Merchandise Not As Described,2025-02-25,1595,709,289,2025-03-15,18,contested,won,2025-03-15
DSP001482,TXN0339979,M000281,CUS0122634,Visa,MERCHANDISE_NOT_RECEIVED,Merchandise Not Received,2025-07-01,1849,0,0,2025-07-09,8,accepted,accepted_refunded,
DSP001483,TXN0340976,M000281,CUS0122210,Visa,UNAUTHORIZED_TRANSACTION,Unauthorized Transaction,2026-01-18,2649,626,270,2026-02-01,14,contested,won,2026-02-22
DSP001484,TXN0339713,M000281,CUS0122728,RuPay,MERCHANDISE_NOT_RECEIVED,Merchandise Not Received,2026-02-03,1199,418,218,2026-02-16,13,contested,lost,2026-03-14
DSP001485,TXN0343897,M000281,CUS0122856,Visa,MERCHANDISE_NOT_AS_DESCRIBED,Merchandise Not As Described,2025-08-24,1345,528,255,2025-09-09,16,contested,won,2025-10-04
DSP001486,TXN0343448,M000281,,Mastercard,MERCHANDISE_NOT_AS_DESCRIBED,Merchandise Not As Described,2025-08-12,435,0,0,2025-08-30,18,accepted,accepted_refunded,
DSP001487,TXN0341770,M000281,CUS0122806,Visa,MERCHANDISE_NOT_AS_DESCRIBED,Merchandise Not As Described,2025-11-25,1845,653,203,2025-12-11,16,contested,won,2026-01-01
DSP001488,TXN0341534,M000281,,Mastercard,MERCHANDISE_NOT_AS_DESCRIBED,Merchandise Not As Described,2026-02-03,1549,0,0,2026-02-11,8,accepted,accepted_refunded,
DSP001489,TXN0345139,M000281,CUS0122137,Visa,MERCHANDISE_NOT_AS_DESCRIBED,Merchandise Not As Described,2025-09-19,599,736,168,2025-10-09,20,contested,won,2025-10-28
DSP001490,TXN0342201,M000281,CUS0122715,Mastercard,DUPLICATE_TRANSACTION,Duplicate Transaction,2025-10-26,9799,415,242,2025-11-05,10,contested,won,2025-11-10
DSP001491,TXN0346322,M000281,CUS0122740,Mastercard,CREDIT_NOT_PROCESSED,Credit Not Processed,2025-04-28,479,706,194,2025-05-16,18,contested,won,2025-05-27
DSP001492,TXN0339512,M000281,CUS0123805,Visa,MERCHANDISE_NOT_AS_DESCRIBED,Merchandise Not As Described,2025-11-02,1249,0,0,2025-11-21,19,accepted,accepted_refunded,
DSP001493,TXN0340411,M000281,CUS0121788,Visa,UNAUTHORIZED_TRANSACTION,Unauthorized Transaction,2025-11-25,699,656,218,2025-12-05,10,contested,lost,2026-01-03
DSP001494,TXN0343417,M000281,CUS0121128,Mastercard,DUPLICATE_TRANSACTION,Duplicate Transaction,2025-06-11,2599,0,0,2025-07-02,21,accepted,accepted_refunded,
DSP001495,TXN0353243,M000282,CUS0124035,RuPay,MERCHANDISE_NOT_RECEIVED,Merchandise Not Received,2025-04-09,599,509,233,2025-04-21,12,contested,won,2025-05-23
DSP001496,TXN0347068,M000282,CUS0124937,Visa,MERCHANDISE_NOT_AS_DESCRIBED,Merchandise Not As Described,2025-02-28,12799,730,167,2025-03-12,12,contested,lost,2025-03-27
DSP001497,TXN0352150,M000282,CUS0125820,Visa,MERCHANDISE_NOT_RECEIVED,Merchandise Not Received,2025-06-09,949,738,172,2025-06-17,8,contested,won,2025-07-17
DSP001498,TXN0351699,M000282,CUS0125566,Visa,MERCHANDISE_NOT_RECEIVED,Merchandise Not Received,2025-05-17,1845,0,0,2025-05-26,9,accepted,accepted_refunded,
DSP001499,TXN0354544,M000282,,Visa,MERCHANDISE_NOT_AS_DESCRIBED,Merchandise Not As Described,2026-01-26,4249,420,193,2026-02-03,8,contested,won,2026-03-04
DSP001500,TXN0352258,M000282,CUS0125265,Mastercard,DUPLICATE_TRANSACTION,Duplicate Transaction,2025-04-30,1545,653,252,2025-05-19,19,contested,won,2025-06-10
DSP001501,TXN0350913,M000282,,Visa,UNAUTHORIZED_TRANSACTION,Unauthorized Transaction,2025-08-28,649,0,0,2025-09-10,13,accepted,accepted_refunded,
DSP001502,TXN0348869,M000282,CUS0126150,Visa,MERCHANDISE_NOT_AS_DESCRIBED,Merchandise Not As Described,2026-01-09,3999,456,224,2026-01-21,12,contested,lost,2026-01-27
DSP001503,TXN0351832,M000282,CUS0123892,Visa,MERCHANDISE_NOT_AS_DESCRIBED,Merchandise Not As Described,2025-12-18,649,0,0,2026-01-06,19,accepted,accepted_refunded,
DSP001504,TXN0350945,M000282,CUS0126288,Visa,MERCHANDISE_NOT_AS_DESCRIBED,Merchandise Not As Described,2026-02-16,949,585,281,2026-03-09,21,contested,won,2026-03-22
DSP001505,TXN0352914,M000282,CUS0126484,Visa,MERCHANDISE_NOT_RECEIVED,Merchandise Not Received,2025-07-12,1345,677,192,2025-07-30,18,contested,lost,2025-08-18
DSP001506,TXN0354404,M000282,,Mastercard,UNAUTHORIZED_TRANSACTION,Unauthorized Transaction,2025-12-20,1399,468,291,2025-12-27,7,contested,won,2026-01-26
DSP001507,TXN0353257,M000282,,Mastercard,CREDIT_NOT_PROCESSED,Credit Not Processed,2026-01-30,749,0,0,2026-02-17,18,accepted,accepted_refunded,
DSP001508,TXN0354302,M000282,CUS0124876,RuPay,MERCHANDISE_NOT_RECEIVED,Merchandise Not Received,2025-04-03,899,558,296,2025-04-10,7,contested,won,2025-05-05
DSP001509,TXN0349761,M000282,,Visa,MERCHANDISE_NOT_RECEIVED,Merchandise Not Received,2025-06-20,5895,486,291,2025-07-01,11,contested,won,2025-07-09
DSP001510,TXN0348671,M000282,CUS0124172,Mastercard,MERCHANDISE_NOT_RECEIVED,Merchandise Not Received,2025-08-07,895,648,230,2025-08-18,11,contested,won,2025-09-09
DSP001511,TXN0348265,M000282,,Mastercard,MERCHANDISE_NOT_AS_DESCRIBED,Merchandise Not As Described,2025-05-20,1749,538,186,2025-06-07,18,contested,lost,2025-06-03
DSP001512,TXN0354591,M000282,CUS0124535,Visa,MERCHANDISE_NOT_AS_DESCRIBED,Merchandise Not As Described,2025-02-20,799,422,221,2025-03-10,18,contested,won,2025-03-19
DSP001513,TXN0348264,M000282,,Mastercard,MERCHANDISE_NOT_AS_DESCRIBED,Merchandise Not As Described,2025-08-16,1049,741,151,2025-08-30,14,contested,won,2025-09-29
DSP001514,TXN0350671,M000282,CUS0126219,Visa,MERCHANDISE_NOT_RECEIVED,Merchandise Not Received,2025-09-06,1345,0,0,2025-09-22,16,accepted,accepted_refunded,
DSP001515,TXN0356739,M000283,,RuPay,SERVICE_NOT_RENDERED,Service Not Rendered,2026-01-17,1795,700,255,2026-02-01,15,contested,lost,2026-02-20
DSP001516,TXN0361951,M000283,CUS0129452,Visa,MERCHANDISE_NOT_AS_DESCRIBED,Merchandise Not As Described,2026-01-17,4049,0,0,2026-02-02,16,accepted,accepted_refunded,
DSP001517,TXN0357492,M000283,CUS0128182,RuPay,CREDIT_NOT_PROCESSED,Credit Not Processed,2025-08-04,5999,0,0,2025-08-25,21,accepted,accepted_refunded,
DSP001518,TXN0356499,M000283,CUS0128215,RuPay,SERVICE_NOT_RENDERED,Service Not Rendered,2025-02-03,8999,0,0,2025-02-20,17,accepted,accepted_refunded,
DSP001519,TXN0362543,M000283,CUS0129441,Mastercard,MERCHANDISE_NOT_AS_DESCRIBED,Merchandise Not As Described,2025-08-06,3195,689,283,2025-08-17,11,contested,lost,2025-08-26
DSP001520,TXN0356984,M000283,CUS0127231,Visa,DUPLICATE_TRANSACTION,Duplicate Transaction,2025-05-10,1349,418,185,2025-05-23,13,contested,lost,2025-06-01
DSP001521,TXN0359757,M000283,CUS0128371,Mastercard,MERCHANDISE_NOT_AS_DESCRIBED,Merchandise Not As Described,2025-11-27,3849,736,282,2025-12-04,7,contested,lost,2026-01-06
DSP001522,TXN0357708,M000283,CUS0129123,Mastercard,CREDIT_NOT_PROCESSED,Credit Not Processed,2025-12-30,26995,0,0,2026-01-13,14,accepted,accepted_refunded,
DSP001523,TXN0361950,M000283,CUS0126809,Visa,CREDIT_NOT_PROCESSED,Credit Not Processed,2025-12-12,12295,501,238,2025-12-19,7,contested,lost,2026-01-17
DSP001524,TXN0358554,M000283,,Visa,MERCHANDISE_NOT_AS_DESCRIBED,Merchandise Not As Described,2025-12-06,2649,0,0,2025-12-25,19,accepted,accepted_refunded,
DSP001525,TXN0360103,M000283,CUS0127121,Visa,DUPLICATE_TRANSACTION,Duplicate Transaction,2025-11-24,2845,680,168,2025-12-02,8,contested,lost,2025-12-12
DSP001526,TXN0361054,M000283,CUS0127885,Visa,CREDIT_NOT_PROCESSED,Credit Not Processed,2025-05-10,8099,577,225,2025-05-21,11,contested,won,2025-05-31
DSP001527,TXN0355925,M000283,CUS0126902,Visa,SERVICE_NOT_RENDERED,Service Not Rendered,2025-05-14,3645,742,241,2025-06-02,19,contested,won,2025-06-02
DSP001528,TXN0356062,M000283,,Visa,SERVICE_NOT_RENDERED,Service Not Rendered,2025-06-30,11099,579,274,2025-07-07,7,contested,lost,2025-08-08
DSP001529,TXN0361147,M000283,CUS0127797,Visa,CREDIT_NOT_PROCESSED,Credit Not Processed,2025-02-17,11995,480,189,2025-02-24,7,contested,lost,2025-03-25
DSP001530,TXN0355119,M000283,CUS0126958,Visa,SERVICE_NOT_RENDERED,Service Not Rendered,2025-03-21,35999,674,264,2025-03-28,7,contested,won,2025-04-04
DSP001531,TXN0357986,M000283,,Mastercard,CREDIT_NOT_PROCESSED,Credit Not Processed,2025-04-29,4849,419,160,2025-05-14,15,contested,lost,2025-06-11
DSP001532,TXN0361598,M000283,CUS0129273,Visa,SERVICE_NOT_RENDERED,Service Not Rendered,2025-08-28,5895,434,233,2025-09-13,16,contested,won,2025-09-13
DSP001533,TXN0360977,M000283,CUS0127311,Mastercard,SERVICE_NOT_RENDERED,Service Not Rendered,2025-07-18,4549,698,249,2025-08-08,21,contested,won,2025-08-30
DSP001534,TXN0361149,M000283,CUS0128286,Mastercard,SERVICE_NOT_RENDERED,Service Not Rendered,2025-06-11,6695,543,299,2025-07-02,21,contested,lost,2025-07-12
DSP001535,TXN0362456,M000283,,Visa,DUPLICATE_TRANSACTION,Duplicate Transaction,2025-11-23,7799,0,0,2025-12-14,21,accepted,accepted_refunded,
DSP001536,TXN0362746,M000283,CUS0127922,Mastercard,CREDIT_NOT_PROCESSED,Credit Not Processed,2025-10-09,9595,404,244,2025-10-27,18,contested,lost,2025-11-09
DSP001537,TXN0359577,M000283,,Mastercard,UNAUTHORIZED_TRANSACTION,Unauthorized Transaction,2025-04-19,10399,693,195,2025-05-02,13,contested,lost,2025-06-03
DSP001538,TXN0355507,M000283,CUS0128302,RuPay,SERVICE_NOT_RENDERED,Service Not Rendered,2026-01-31,10399,419,239,2026-02-11,11,contested,lost,2026-02-14
DSP001539,TXN0356021,M000283,,Visa,CREDIT_NOT_PROCESSED,Credit Not Processed,2025-04-14,4699,0,0,2025-04-27,13,accepted,accepted_refunded,
DSP001540,TXN0360957,M000283,,Visa,MERCHANDISE_NOT_AS_DESCRIBED,Merchandise Not As Described,2025-08-06,16199,449,174,2025-08-18,12,contested,won,2025-08-23
DSP001541,TXN0362039,M000283,,Visa,UNAUTHORIZED_TRANSACTION,Unauthorized Transaction,2025-04-03,16099,728,172,2025-04-19,16,contested,lost,2025-05-10
DSP001542,TXN0359097,M000283,CUS0129604,Mastercard,MERCHANDISE_NOT_AS_DESCRIBED,Merchandise Not As Described,2025-12-29,3349,0,0,2026-01-13,15,accepted,accepted_refunded,
DSP001543,TXN0357534,M000283,CUS0128366,Visa,CREDIT_NOT_PROCESSED,Credit Not Processed,2025-03-14,3799,451,280,2025-03-26,12,contested,lost,2025-04-06
DSP001544,TXN0359436,M000283,,Visa,UNAUTHORIZED_TRANSACTION,Unauthorized Transaction,2026-01-08,2949,645,245,2026-01-22,14,contested,lost,2026-02-22
DSP001545,TXN0359231,M000283,CUS0128345,Visa,MERCHANDISE_NOT_AS_DESCRIBED,Merchandise Not As Described,2025-08-08,4095,451,173,2025-08-23,15,contested,lost,2025-08-26
DSP001546,TXN0357634,M000283,,Visa,SERVICE_NOT_RENDERED,Service Not Rendered,2025-09-30,10895,0,0,2025-10-07,7,accepted,accepted_refunded,
DSP001547,TXN0356110,M000283,,Visa,UNAUTHORIZED_TRANSACTION,Unauthorized Transaction,2025-07-16,4049,668,175,2025-07-25,9,contested,lost,2025-08-24
DSP001548,TXN0361460,M000283,,Visa,MERCHANDISE_NOT_AS_DESCRIBED,Merchandise Not As Described,2026-03-03,11199,554,255,2026-03-22,19,contested,lost,2026-04-09
DSP001549,TXN0367244,M000284,CUS0130393,Mastercard,MERCHANDISE_NOT_RECEIVED,Merchandise Not Received,2025-10-07,6899,501,172,2025-10-26,19,contested,won,2025-10-28
DSP001550,TXN0367631,M000284,CUS0132178,Mastercard,MERCHANDISE_NOT_AS_DESCRIBED,Merchandise Not As Described,2025-09-22,1545,425,298,2025-10-12,20,contested,won,2025-10-27
DSP001551,TXN0365982,M000284,,Visa,MERCHANDISE_NOT_RECEIVED,Merchandise Not Received,2025-10-24,4049,562,253,2025-10-31,7,contested,lost,2025-12-05
DSP001552,TXN0367855,M000284,CUS0130126,Visa,MERCHANDISE_NOT_AS_DESCRIBED,Merchandise Not As Described,2025-11-26,3199,468,256,2025-12-15,19,contested,lost,2026-01-02
DSP001553,TXN0366324,M000284,,Visa,CREDIT_NOT_PROCESSED,Credit Not Processed,2025-09-24,2799,531,226,2025-10-14,20,contested,won,2025-10-18
DSP001554,TXN0365424,M000284,CUS0129829,Mastercard,MERCHANDISE_NOT_RECEIVED,Merchandise Not Received,2025-09-05,239,0,0,2025-09-21,16,accepted,accepted_refunded,
DSP001555,TXN0368349,M000284,CUS0129995,Mastercard,CREDIT_NOT_PROCESSED,Credit Not Processed,2025-10-27,1345,666,169,2025-11-03,7,contested,lost,2025-12-01
DSP001556,TXN0368816,M000284,,Visa,DUPLICATE_TRANSACTION,Duplicate Transaction,2025-07-18,699,0,0,2025-07-31,13,accepted,accepted_refunded,
DSP001557,TXN0367642,M000284,CUS0130734,Mastercard,DUPLICATE_TRANSACTION,Duplicate Transaction,2025-12-07,3299,0,0,2025-12-22,15,accepted,accepted_refunded,
DSP001558,TXN0369161,M000284,,Visa,CREDIT_NOT_PROCESSED,Credit Not Processed,2025-09-12,3695,0,0,2025-10-02,20,accepted,accepted_refunded,
DSP001559,TXN0364675,M000284,CUS0131164,Visa,MERCHANDISE_NOT_AS_DESCRIBED,Merchandise Not As Described,2025-08-29,1499,524,254,2025-09-15,17,contested,won,2025-09-22
DSP001560,TXN0364228,M000284,,Mastercard,MERCHANDISE_NOT_RECEIVED,Merchandise Not Received,2025-05-20,1899,404,164,2025-05-28,8,contested,won,2025-06-07
DSP001561,TXN0370660,M000284,CUS0130994,RuPay,MERCHANDISE_NOT_AS_DESCRIBED,Merchandise Not As Described,2025-04-09,6899,0,0,2025-04-24,15,accepted,accepted_refunded,
DSP001562,TXN0363024,M000284,CUS0130963,Visa,UNAUTHORIZED_TRANSACTION,Unauthorized Transaction,2025-09-07,3849,453,272,2025-09-14,7,contested,won,2025-10-19
DSP001563,TXN0368753,M000284,CUS0131615,Mastercard,UNAUTHORIZED_TRANSACTION,Unauthorized Transaction,2025-04-01,1299,0,0,2025-04-11,10,accepted,accepted_refunded,
DSP001564,TXN0369250,M000284,CUS0129732,Visa,DUPLICATE_TRANSACTION,Duplicate Transaction,2025-04-25,4695,0,0,2025-05-12,17,accepted,accepted_refunded,
DSP001565,TXN0368820,M000284,,Visa,MERCHANDISE_NOT_AS_DESCRIBED,Merchandise Not As Described,2025-04-02,899,736,239,2025-04-14,12,contested,lost,2025-04-29
DSP001566,TXN0364099,M000284,CUS0129782,Visa,UNAUTHORIZED_TRANSACTION,Unauthorized Transaction,2025-11-16,23499,0,0,2025-12-03,17,accepted,accepted_refunded,
DSP001567,TXN0367120,M000284,CUS0129841,Mastercard,UNAUTHORIZED_TRANSACTION,Unauthorized Transaction,2025-02-22,1099,412,212,2025-03-06,12,contested,lost,2025-04-03
DSP001568,TXN0366932,M000284,CUS0129808,Mastercard,MERCHANDISE_NOT_AS_DESCRIBED,Merchandise Not As Described,2025-12-11,2499,723,187,2025-12-25,14,contested,lost,2025-12-28
DSP001569,TXN0366197,M000284,CUS0129779,Visa,DUPLICATE_TRANSACTION,Duplicate Transaction,2025-04-04,2399,436,266,2025-04-14,10,contested,won,2025-05-02
DSP001570,TXN0375158,M000285,CUS0135181,Visa,DUPLICATE_TRANSACTION,Duplicate Transaction,2025-07-24,5599,0,0,2025-08-08,15,accepted,accepted_refunded,
DSP001571,TXN0377565,M000285,CUS0134836,Mastercard,MERCHANDISE_NOT_RECEIVED,Merchandise Not Received,2025-05-06,499,0,0,2025-05-24,18,accepted,accepted_refunded,
DSP001572,TXN0377080,M000285,CUS0133236,Visa,MERCHANDISE_NOT_AS_DESCRIBED,Merchandise Not As Described,2025-08-23,2149,0,0,2025-09-12,20,accepted,accepted_refunded,
DSP001573,TXN0376944,M000285,CUS0133661,RuPay,MERCHANDISE_NOT_RECEIVED,Merchandise Not Received,2025-04-01,849,0,0,2025-04-09,8,accepted,accepted_refunded,
DSP001574,TXN0372975,M000285,CUS0133328,RuPay,MERCHANDISE_NOT_RECEIVED,Merchandise Not Received,2025-04-08,1045,563,213,2025-04-18,10,contested,lost,2025-05-03
DSP001575,TXN0372994,M000285,,RuPay,UNAUTHORIZED_TRANSACTION,Unauthorized Transaction,2026-02-22,2645,0,0,2026-03-09,15,accepted,accepted_refunded,
DSP001576,TXN0378024,M000285,CUS0135338,Mastercard,MERCHANDISE_NOT_AS_DESCRIBED,Merchandise Not As Described,2025-03-29,1045,0,0,2025-04-06,8,accepted,accepted_refunded,
DSP001577,TXN0376977,M000285,CUS0135101,Mastercard,UNAUTHORIZED_TRANSACTION,Unauthorized Transaction,2025-12-10,1499,0,0,2025-12-21,11,accepted,accepted_refunded,
DSP001578,TXN0375724,M000285,,Mastercard,MERCHANDISE_NOT_RECEIVED,Merchandise Not Received,2025-10-31,545,501,300,2025-11-18,18,contested,lost,2025-11-26
DSP001579,TXN0372101,M000285,,Visa,MERCHANDISE_NOT_RECEIVED,Merchandise Not Received,2025-08-19,649,0,0,2025-09-07,19,accepted,accepted_refunded,
DSP001580,TXN0376633,M000285,,Mastercard,MERCHANDISE_NOT_AS_DESCRIBED,Merchandise Not As Described,2025-05-15,849,581,230,2025-06-04,20,contested,won,2025-06-19
DSP001581,TXN0371308,M000285,CUS0135224,RuPay,UNAUTHORIZED_TRANSACTION,Unauthorized Transaction,2025-04-21,10899,578,163,2025-04-28,7,contested,lost,2025-05-05
DSP001582,TXN0377780,M000285,CUS0134133,Mastercard,DUPLICATE_TRANSACTION,Duplicate Transaction,2025-12-25,1449,567,236,2026-01-06,12,contested,won,2026-01-17
DSP001583,TXN0375447,M000285,,Visa,MERCHANDISE_NOT_RECEIVED,Merchandise Not Received,2025-11-01,1099,0,0,2025-11-16,15,accepted,accepted_refunded,
DSP001584,TXN0379076,M000285,CUS0132557,Mastercard,MERCHANDISE_NOT_AS_DESCRIBED,Merchandise Not As Described,2025-10-30,235,0,0,2025-11-19,20,accepted,accepted_refunded,
DSP001585,TXN0377520,M000285,,Mastercard,MERCHANDISE_NOT_RECEIVED,Merchandise Not Received,2025-11-22,3045,575,245,2025-12-06,14,contested,won,2025-12-07
DSP001586,TXN0375414,M000285,,Mastercard,MERCHANDISE_NOT_RECEIVED,Merchandise Not Received,2025-09-05,2099,513,202,2025-09-22,17,contested,lost,2025-10-09
DSP001587,TXN0371220,M000285,,Visa,MERCHANDISE_NOT_AS_DESCRIBED,Merchandise Not As Described,2025-09-30,795,686,240,2025-10-20,20,contested,lost,2025-10-25
DSP001588,TXN0373889,M000285,CUS0135283,Mastercard,MERCHANDISE_NOT_RECEIVED,Merchandise Not Received,2025-09-02,799,484,158,2025-09-16,14,contested,won,2025-09-29
DSP001589,TXN0378073,M000285,CUS0133087,Visa,MERCHANDISE_NOT_AS_DESCRIBED,Merchandise Not As Described,2025-12-09,179,610,276,2025-12-20,11,contested,lost,2025-12-25
DSP001590,TXN0371304,M000285,,Visa,CREDIT_NOT_PROCESSED,Credit Not Processed,2025-09-01,1849,694,287,2025-09-22,21,contested,won,2025-09-20
DSP001591,TXN0371747,M000285,CUS0134197,RuPay,MERCHANDISE_NOT_AS_DESCRIBED,Merchandise Not As Described,2025-03-24,799,0,0,2025-03-31,7,accepted,accepted_refunded,
DSP001592,TXN0377575,M000285,CUS0133528,Visa,UNAUTHORIZED_TRANSACTION,Unauthorized Transaction,2025-06-03,599,0,0,2025-06-19,16,accepted,accepted_refunded,
DSP001593,TXN0375098,M000285,CUS0134335,Visa,UNAUTHORIZED_TRANSACTION,Unauthorized Transaction,2025-10-30,149,425,264,2025-11-09,10,contested,won,2025-12-07
DSP001594,TXN0375949,M000285,,Visa,MERCHANDISE_NOT_AS_DESCRIBED,Merchandise Not As Described,2026-03-05,645,676,272,2026-03-22,17,contested,lost,2026-03-23
DSP001595,TXN0376065,M000285,CUS0132561,Visa,CREDIT_NOT_PROCESSED,Credit Not Processed,2025-11-09,2999,481,242,2025-11-28,19,contested,won,2025-12-17
DSP001596,TXN0377957,M000285,CUS0134899,Visa,MERCHANDISE_NOT_RECEIVED,Merchandise Not Received,2025-07-18,9299,537,206,2025-08-08,21,contested,won,2025-08-01
DSP001597,TXN0375701,M000285,CUS0134826,Mastercard,MERCHANDISE_NOT_AS_DESCRIBED,Merchandise Not As Described,2025-12-07,4049,568,178,2025-12-21,14,contested,lost,2026-01-19
DSP001598,TXN0383401,M000286,CUS0135471,Visa,SERVICE_NOT_RENDERED,Service Not Rendered,2025-08-25,4849,674,252,2025-09-06,12,contested,won,2025-09-20
DSP001599,TXN0380400,M000286,,Visa,MERCHANDISE_NOT_AS_DESCRIBED,Merchandise Not As Described,2025-08-25,7599,540,165,2025-09-13,19,contested,won,2025-10-09
DSP001600,TXN0381011,M000286,,Visa,UNAUTHORIZED_TRANSACTION,Unauthorized Transaction,2025-12-15,17299,0,0,2025-12-26,11,accepted,accepted_refunded,
DSP001601,TXN0386052,M000286,CUS0135429,Visa,SERVICE_NOT_RENDERED,Service Not Rendered,2025-01-24,10199,403,162,2025-02-12,19,contested,won,2025-02-19
DSP001602,TXN0386989,M000286,CUS0136991,Visa,CREDIT_NOT_PROCESSED,Credit Not Processed,2025-04-28,10699,0,0,2025-05-19,21,accepted,accepted_refunded,
DSP001603,TXN0385231,M000286,CUS0137218,Visa,DUPLICATE_TRANSACTION,Duplicate Transaction,2026-02-09,9099,0,0,2026-02-16,7,accepted,accepted_refunded,
DSP001604,TXN0385683,M000286,CUS0136655,Mastercard,UNAUTHORIZED_TRANSACTION,Unauthorized Transaction,2025-12-22,11895,653,224,2026-01-12,21,contested,lost,2026-01-18
DSP001605,TXN0379949,M000286,CUS0136351,RuPay,SERVICE_NOT_RENDERED,Service Not Rendered,2025-07-25,5699,0,0,2025-08-02,8,accepted,accepted_refunded,
DSP001606,TXN0384497,M000286,,Visa,CREDIT_NOT_PROCESSED,Credit Not Processed,2026-01-05,14599,402,154,2026-01-26,21,contested,won,2026-02-19
DSP001607,TXN0383596,M000286,CUS0135915,Visa,UNAUTHORIZED_TRANSACTION,Unauthorized Transaction,2026-01-07,4199,654,221,2026-01-22,15,contested,lost,2026-02-09
DSP001608,TXN0386057,M000286,,Mastercard,SERVICE_NOT_RENDERED,Service Not Rendered,2025-06-05,5699,496,182,2025-06-13,8,contested,won,2025-07-01
DSP001609,TXN0379829,M000286,,RuPay,SERVICE_NOT_RENDERED,Service Not Rendered,2025-06-06,5199,0,0,2025-06-20,14,accepted,accepted_refunded,
DSP001610,TXN0385059,M000286,CUS0136849,Visa,UNAUTHORIZED_TRANSACTION,Unauthorized Transaction,2025-07-02,20499,0,0,2025-07-14,12,accepted,accepted_refunded,
DSP001611,TXN0379569,M000286,CUS0137969,RuPay,MERCHANDISE_NOT_AS_DESCRIBED,Merchandise Not As Described,2025-04-17,27499,681,173,2025-05-06,19,contested,won,2025-05-10
DSP001612,TXN0385765,M000286,,Visa,SERVICE_NOT_RENDERED,Service Not Rendered,2025-01-31,18395,0,0,2025-02-13,13,accepted,accepted_refunded,
DSP001613,TXN0380302,M000286,,Visa,SERVICE_NOT_RENDERED,Service Not Rendered,2025-08-20,8799,0,0,2025-09-03,14,accepted,accepted_refunded,
DSP001614,TXN0383521,M000286,,Visa,MERCHANDISE_NOT_AS_DESCRIBED,Merchandise Not As Described,2025-06-21,12495,558,283,2025-07-03,12,contested,lost,2025-07-28
DSP001615,TXN0384281,M000286,CUS0136346,RuPay,MERCHANDISE_NOT_AS_DESCRIBED,Merchandise Not As Described,2025-11-20,13499,507,247,2025-12-02,12,contested,lost,2025-12-29
DSP001616,TXN0385750,M000286,CUS0138044,Mastercard,DUPLICATE_TRANSACTION,Duplicate Transaction,2026-01-27,5099,736,154,2026-02-13,17,contested,lost,2026-02-11
DSP001617,TXN0379982,M000286,CUS0137096,Visa,SERVICE_NOT_RENDERED,Service Not Rendered,2025-02-05,5995,592,232,2025-02-12,7,contested,won,2025-03-17
DSP001618,TXN0380058,M000286,CUS0136784,Mastercard,SERVICE_NOT_RENDERED,Service Not Rendered,2025-07-21,7799,721,178,2025-08-10,20,contested,lost,2025-08-30
DSP001619,TXN0385023,M000286,CUS0138025,RuPay,UNAUTHORIZED_TRANSACTION,Unauthorized Transaction,2025-08-07,12499,0,0,2025-08-27,20,accepted,accepted_refunded,
DSP001620,TXN0381058,M000286,,Visa,SERVICE_NOT_RENDERED,Service Not Rendered,2025-09-21,43499,0,0,2025-09-30,9,accepted,accepted_refunded,
DSP001621,TXN0381795,M000286,CUS0137039,Mastercard,UNAUTHORIZED_TRANSACTION,Unauthorized Transaction,2025-05-16,1599,0,0,2025-06-05,20,accepted,accepted_refunded,
DSP001622,TXN0393987,M000287,CUS0138384,RuPay,MERCHANDISE_NOT_AS_DESCRIBED,Merchandise Not As Described,2025-10-22,2649,703,173,2025-11-03,12,contested,lost,2025-11-30
DSP001623,TXN0387256,M000287,CUS0139450,Visa,MERCHANDISE_NOT_RECEIVED,Merchandise Not Received,2025-03-03,2049,660,262,2025-03-21,18,contested,won,2025-04-04
DSP001624,TXN0391315,M000287,,RuPay,MERCHANDISE_NOT_RECEIVED,Merchandise Not Received,2025-06-30,2549,404,169,2025-07-18,18,contested,won,2025-08-03
DSP001625,TXN0387724,M000287,,Visa,MERCHANDISE_NOT_AS_DESCRIBED,Merchandise Not As Described,2026-02-17,1149,574,233,2026-03-02,13,contested,lost,2026-03-06
DSP001626,TXN0390372,M000287,,Visa,MERCHANDISE_NOT_RECEIVED,Merchandise Not Received,2025-11-25,699,0,0,2025-12-11,16,accepted,accepted_refunded,
DSP001627,TXN0393771,M000287,,Visa,CREDIT_NOT_PROCESSED,Credit Not Processed,2025-12-31,3145,703,282,2026-01-20,20,contested,lost,2026-02-08
DSP001628,TXN0389470,M000287,,Visa,MERCHANDISE_NOT_RECEIVED,Merchandise Not Received,2025-11-26,945,0,0,2025-12-12,16,accepted,accepted_refunded,
DSP001629,TXN0390091,M000287,,Visa,UNAUTHORIZED_TRANSACTION,Unauthorized Transaction,2025-04-29,949,570,183,2025-05-13,14,contested,lost,2025-05-13
DSP001630,TXN0393730,M000287,CUS0139497,RuPay,MERCHANDISE_NOT_RECEIVED,Merchandise Not Received,2025-11-16,1499,699,154,2025-12-03,17,contested,won,2025-12-21
DSP001631,TXN0394576,M000287,CUS0141122,Mastercard,MERCHANDISE_NOT_AS_DESCRIBED,Merchandise Not As Described,2025-04-18,599,650,190,2025-04-30,12,contested,lost,2025-05-25
DSP001632,TXN0388118,M000287,CUS0138276,Visa,MERCHANDISE_NOT_RECEIVED,Merchandise Not Received,2025-04-14,419,592,172,2025-05-05,21,contested,won,2025-05-06
DSP001633,TXN0387355,M000287,CUS0139699,Visa,UNAUTHORIZED_TRANSACTION,Unauthorized Transaction,2025-08-10,2695,0,0,2025-08-24,14,accepted,accepted_refunded,
DSP001634,TXN0391930,M000287,,RuPay,MERCHANDISE_NOT_RECEIVED,Merchandise Not Received,2025-04-14,1699,675,296,2025-04-25,11,contested,lost,2025-05-13
DSP001635,TXN0394599,M000287,CUS0140799,Visa,MERCHANDISE_NOT_RECEIVED,Merchandise Not Received,2025-07-08,1345,0,0,2025-07-28,20,accepted,accepted_refunded,
DSP001636,TXN0387919,M000287,CUS0139703,RuPay,DUPLICATE_TRANSACTION,Duplicate Transaction,2025-03-31,1049,453,239,2025-04-09,9,contested,lost,2025-05-12
DSP001637,TXN0389442,M000287,,Mastercard,UNAUTHORIZED_TRANSACTION,Unauthorized Transaction,2025-09-24,649,496,197,2025-10-03,9,contested,lost,2025-11-03
DSP001638,TXN0392209,M000287,CUS0139522,RuPay,UNAUTHORIZED_TRANSACTION,Unauthorized Transaction,2026-01-23,1099,0,0,2026-02-04,12,accepted,accepted_refunded,
DSP001639,TXN0390832,M000287,CUS0138564,Mastercard,MERCHANDISE_NOT_AS_DESCRIBED,Merchandise Not As Described,2026-01-18,2599,0,0,2026-02-05,18,accepted,accepted_refunded,
DSP001640,TXN0390661,M000287,,Visa,CREDIT_NOT_PROCESSED,Credit Not Processed,2025-09-23,7099,0,0,2025-10-10,17,accepted,accepted_refunded,
DSP001641,TXN0393099,M000287,CUS0138769,Visa,MERCHANDISE_NOT_AS_DESCRIBED,Merchandise Not As Described,2025-09-19,1199,0,0,2025-09-28,9,accepted,accepted_refunded,
DSP001642,TXN0392312,M000287,CUS0139240,Mastercard,MERCHANDISE_NOT_RECEIVED,Merchandise Not Received,2025-05-23,1245,725,164,2025-06-06,14,contested,lost,2025-06-30
DSP001643,TXN0393607,M000287,,RuPay,DUPLICATE_TRANSACTION,Duplicate Transaction,2025-09-25,1299,605,189,2025-10-11,16,contested,lost,2025-10-18
DSP001644,TXN0387296,M000287,CUS0140678,RuPay,DUPLICATE_TRANSACTION,Duplicate Transaction,2026-01-29,5799,514,254,2026-02-12,14,contested,won,2026-02-16
DSP001645,TXN0394626,M000287,,RuPay,MERCHANDISE_NOT_RECEIVED,Merchandise Not Received,2026-01-27,1649,631,175,2026-02-07,11,contested,lost,2026-02-18
DSP001646,TXN0390972,M000287,,Mastercard,DUPLICATE_TRANSACTION,Duplicate Transaction,2025-04-10,949,655,192,2025-04-23,13,contested,won,2025-05-24
DSP001647,TXN0387237,M000287,CUS0140231,Visa,MERCHANDISE_NOT_RECEIVED,Merchandise Not Received,2025-04-26,1495,710,151,2025-05-04,8,contested,lost,2025-05-16
DSP001648,TXN0395117,M000287,CUS0138850,Mastercard,MERCHANDISE_NOT_RECEIVED,Merchandise Not Received,2025-07-15,2799,546,203,2025-08-01,17,contested,won,2025-08-07
DSP001649,TXN0394754,M000287,,RuPay,MERCHANDISE_NOT_AS_DESCRIBED,Merchandise Not As Described,2025-12-15,1599,628,150,2026-01-01,17,contested,won,2026-01-20
DSP001650,TXN0387992,M000287,CUS0140156,Visa,DUPLICATE_TRANSACTION,Duplicate Transaction,2025-08-25,449,0,0,2025-09-13,19,accepted,accepted_refunded,
DSP001651,TXN0389300,M000287,CUS0139507,RuPay,DUPLICATE_TRANSACTION,Duplicate Transaction,2025-12-26,299,0,0,2026-01-11,16,accepted,accepted_refunded,
DSP001652,TXN0387710,M000287,CUS0138818,Visa,MERCHANDISE_NOT_RECEIVED,Merchandise Not Received,2025-11-07,1799,597,299,2025-11-18,11,contested,won,2025-12-22
DSP001653,TXN0401150,M000288,CUS0142527,Visa,UNAUTHORIZED_TRANSACTION,Unauthorized Transaction,2026-01-11,895,572,162,2026-01-21,10,contested,lost,2026-02-08
DSP001654,TXN0399005,M000288,CUS0141880,Visa,MERCHANDISE_NOT_AS_DESCRIBED,Merchandise Not As Described,2025-01-22,1199,418,193,2025-01-29,7,contested,lost,2025-03-02
DSP001655,TXN0401568,M000288,CUS0142057,Visa,MERCHANDISE_NOT_AS_DESCRIBED,Merchandise Not As Described,2025-10-31,4199,664,175,2025-11-19,19,contested,won,2025-11-21
DSP001656,TXN0398719,M000288,CUS0143583,Visa,MERCHANDISE_NOT_AS_DESCRIBED,Merchandise Not As Described,2025-05-04,1045,704,261,2025-05-23,19,contested,lost,2025-05-19
DSP001657,TXN0395574,M000288,CUS0143753,Visa,DUPLICATE_TRANSACTION,Duplicate Transaction,2026-02-13,2749,579,264,2026-02-27,14,contested,won,2026-03-05
DSP001658,TXN0401783,M000288,,Mastercard,MERCHANDISE_NOT_AS_DESCRIBED,Merchandise Not As Described,2025-07-23,1849,628,247,2025-08-07,15,contested,lost,2025-09-01
DSP001659,TXN0399576,M000288,CUS0142793,Visa,UNAUTHORIZED_TRANSACTION,Unauthorized Transaction,2025-06-09,1045,506,269,2025-06-21,12,contested,lost,2025-07-23
DSP001660,TXN0403101,M000288,,Visa,MERCHANDISE_NOT_RECEIVED,Merchandise Not Received,2025-02-25,1099,731,221,2025-03-06,9,contested,lost,2025-03-28
DSP001661,TXN0401934,M000288,CUS0141700,Mastercard,MERCHANDISE_NOT_RECEIVED,Merchandise Not Received,2025-03-27,4149,600,217,2025-04-09,13,contested,won,2025-04-12
DSP001662,TXN0397250,M000288,,Visa,UNAUTHORIZED_TRANSACTION,Unauthorized Transaction,2026-01-19,419,476,268,2026-02-09,21,contested,lost,2026-02-27
DSP001663,TXN0397552,M000288,CUS0141392,Visa,MERCHANDISE_NOT_RECEIVED,Merchandise Not Received,2025-09-13,459,446,205,2025-10-04,21,contested,won,2025-10-02
DSP001664,TXN0402270,M000288,CUS0142928,Mastercard,UNAUTHORIZED_TRANSACTION,Unauthorized Transaction,2025-04-28,1249,0,0,2025-05-06,8,accepted,accepted_refunded,
DSP001665,TXN0399155,M000288,CUS0143372,Visa,MERCHANDISE_NOT_RECEIVED,Merchandise Not Received,2025-12-29,999,679,205,2026-01-19,21,contested,won,2026-01-16
DSP001666,TXN0396936,M000288,CUS0141977,Visa,MERCHANDISE_NOT_RECEIVED,Merchandise Not Received,2025-12-06,3149,413,197,2025-12-14,8,contested,won,2025-12-28
DSP001667,TXN0395215,M000288,CUS0141944,Visa,MERCHANDISE_NOT_AS_DESCRIBED,Merchandise Not As Described,2025-11-22,419,0,0,2025-12-08,16,accepted,accepted_refunded,
DSP001668,TXN0401936,M000288,CUS0143151,RuPay,MERCHANDISE_NOT_RECEIVED,Merchandise Not Received,2025-09-01,945,633,242,2025-09-18,17,contested,lost,2025-10-13
DSP001669,TXN0396960,M000288,CUS0142835,Visa,MERCHANDISE_NOT_AS_DESCRIBED,Merchandise Not As Described,2025-01-20,4299,691,295,2025-01-28,8,contested,lost,2025-03-01
DSP001670,TXN0402280,M000288,CUS0143085,Mastercard,UNAUTHORIZED_TRANSACTION,Unauthorized Transaction,2025-08-21,3399,529,251,2025-09-06,16,contested,lost,2025-10-01
DSP001671,TXN0401611,M000288,CUS0141257,Mastercard,UNAUTHORIZED_TRANSACTION,Unauthorized Transaction,2025-08-24,3149,410,214,2025-09-12,19,contested,lost,2025-09-24
DSP001672,TXN0395658,M000288,CUS0141581,Visa,MERCHANDISE_NOT_AS_DESCRIBED,Merchandise Not As Described,2025-06-28,849,0,0,2025-07-09,11,accepted,accepted_refunded,
DSP001673,TXN0399233,M000288,CUS0142816,Visa,MERCHANDISE_NOT_AS_DESCRIBED,Merchandise Not As Described,2025-02-24,1995,707,214,2025-03-10,14,contested,lost,2025-04-04
DSP001674,TXN0397311,M000288,,RuPay,MERCHANDISE_NOT_RECEIVED,Merchandise Not Received,2025-06-06,849,647,229,2025-06-14,8,contested,won,2025-07-10
DSP001675,TXN0401514,M000288,CUS0143657,Visa,CREDIT_NOT_PROCESSED,Credit Not Processed,2025-06-12,489,622,249,2025-06-20,8,contested,lost,2025-06-28
DSP001676,TXN0402295,M000288,,Visa,MERCHANDISE_NOT_AS_DESCRIBED,Merchandise Not As Described,2025-06-30,695,739,290,2025-07-15,15,contested,lost,2025-07-17
DSP001677,TXN0402414,M000288,,RuPay,DUPLICATE_TRANSACTION,Duplicate Transaction,2025-05-11,1295,0,0,2025-05-29,18,accepted,accepted_refunded,
DSP001678,TXN0398847,M000288,CUS0141933,RuPay,MERCHANDISE_NOT_RECEIVED,Merchandise Not Received,2025-07-20,1499,553,231,2025-08-05,16,contested,won,2025-09-02
DSP001679,TXN0398760,M000288,,Mastercard,MERCHANDISE_NOT_AS_DESCRIBED,Merchandise Not As Described,2025-06-15,1399,602,253,2025-06-22,7,contested,lost,2025-07-26
DSP001680,TXN0401679,M000288,,Visa,DUPLICATE_TRANSACTION,Duplicate Transaction,2025-06-17,795,0,0,2025-07-03,16,accepted,accepted_refunded,
DSP001681,TXN0402514,M000288,,RuPay,MERCHANDISE_NOT_RECEIVED,Merchandise Not Received,2025-03-29,1849,0,0,2025-04-08,10,accepted,accepted_refunded,
DSP001682,TXN0399624,M000288,CUS0143641,Visa,MERCHANDISE_NOT_RECEIVED,Merchandise Not Received,2025-12-30,3695,0,0,2026-01-08,9,accepted,accepted_refunded,
DSP001683,TXN0402665,M000288,,RuPay,MERCHANDISE_NOT_RECEIVED,Merchandise Not Received,2025-02-13,1449,496,250,2025-02-25,12,contested,lost,2025-03-21
DSP001684,TXN0400323,M000288,CUS0142057,Visa,MERCHANDISE_NOT_AS_DESCRIBED,Merchandise Not As Described,2025-07-21,749,504,226,2025-07-30,9,contested,won,2025-08-20
DSP001685,TXN0402782,M000288,,Visa,MERCHANDISE_NOT_AS_DESCRIBED,Merchandise Not As Described,2025-06-11,1949,0,0,2025-07-01,20,accepted,accepted_refunded,
DSP001686,TXN0403436,M000289,CUS0145355,Visa,CREDIT_NOT_PROCESSED,Credit Not Processed,2025-05-12,7099,664,221,2025-06-01,20,contested,lost,2025-06-07
DSP001687,TXN0404905,M000289,,Visa,DUPLICATE_TRANSACTION,Duplicate Transaction,2025-06-15,4549,702,181,2025-06-27,12,contested,lost,2025-07-30
DSP001688,TXN0409836,M000289,CUS0144462,Visa,MERCHANDISE_NOT_AS_DESCRIBED,Merchandise Not As Described,2025-06-29,12299,0,0,2025-07-12,13,accepted,accepted_refunded,
DSP001689,TXN0403968,M000289,,Visa,SERVICE_NOT_RENDERED,Service Not Rendered,2025-08-08,6599,607,206,2025-08-27,19,contested,won,2025-08-30
DSP001690,TXN0411106,M000289,CUS0146861,Visa,MERCHANDISE_NOT_AS_DESCRIBED,Merchandise Not As Described,2025-04-18,3099,470,193,2025-05-01,13,contested,won,2025-05-19
DSP001691,TXN0408085,M000289,CUS0145810,Mastercard,UNAUTHORIZED_TRANSACTION,Unauthorized Transaction,2025-10-31,6699,618,292,2025-11-20,20,contested,lost,2025-12-14
DSP001692,TXN0410551,M000289,CUS0146370,Mastercard,UNAUTHORIZED_TRANSACTION,Unauthorized Transaction,2025-08-12,6199,0,0,2025-08-31,19,accepted,accepted_refunded,
DSP001693,TXN0406564,M000289,,Mastercard,SERVICE_NOT_RENDERED,Service Not Rendered,2025-11-17,4049,636,229,2025-11-24,7,contested,lost,2025-12-14
DSP001694,TXN0408711,M000289,CUS0146437,Visa,SERVICE_NOT_RENDERED,Service Not Rendered,2025-03-27,11899,733,292,2025-04-05,9,contested,won,2025-05-01
DSP001695,TXN0408028,M000289,CUS0145135,Mastercard,UNAUTHORIZED_TRANSACTION,Unauthorized Transaction,2026-03-04,17399,0,0,2026-03-18,14,accepted,accepted_refunded,
DSP001696,TXN0404294,M000289,CUS0144243,Visa,MERCHANDISE_NOT_AS_DESCRIBED,Merchandise Not As Described,2025-10-02,27999,515,167,2025-10-22,20,contested,won,2025-10-29
DSP001697,TXN0407461,M000289,CUS0146713,Mastercard,MERCHANDISE_NOT_AS_DESCRIBED,Merchandise Not As Described,2025-08-30,5099,626,179,2025-09-08,9,contested,lost,2025-09-15
DSP001698,TXN0408529,M000289,,Visa,CREDIT_NOT_PROCESSED,Credit Not Processed,2025-07-18,7299,425,247,2025-08-04,17,contested,won,2025-08-14
DSP001699,TXN0409032,M000289,CUS0145162,Visa,SERVICE_NOT_RENDERED,Service Not Rendered,2025-03-03,32999,598,198,2025-03-13,10,contested,lost,2025-03-29
DSP001700,TXN0403704,M000289,CUS0145953,Visa,MERCHANDISE_NOT_AS_DESCRIBED,Merchandise Not As Described,2025-09-01,19199,0,0,2025-09-12,11,accepted,accepted_refunded,
DSP001701,TXN0408786,M000289,,Mastercard,SERVICE_NOT_RENDERED,Service Not Rendered,2025-12-13,15999,0,0,2025-12-20,7,accepted,accepted_refunded,
DSP001702,TXN0413623,M000290,CUS0147972,Visa,UNAUTHORIZED_TRANSACTION,Unauthorized Transaction,2025-06-22,2949,750,182,2025-06-29,7,contested,lost,2025-07-20
DSP001703,TXN0413015,M000290,CUS0147086,Visa,MERCHANDISE_NOT_RECEIVED,Merchandise Not Received,2025-08-19,3199,505,273,2025-08-30,11,contested,won,2025-09-04
DSP001704,TXN0418453,M000290,CUS0149085,Mastercard,MERCHANDISE_NOT_RECEIVED,Merchandise Not Received,2025-03-21,899,0,0,2025-04-10,20,accepted,accepted_refunded,
DSP001705,TXN0413428,M000290,CUS0147299,Visa,CREDIT_NOT_PROCESSED,Credit Not Processed,2025-04-26,1449,610,247,2025-05-13,17,contested,won,2025-06-08
DSP001706,TXN0412535,M000290,,Visa,UNAUTHORIZED_TRANSACTION,Unauthorized Transaction,2025-10-24,6699,692,170,2025-11-14,21,contested,won,2025-11-22
DSP001707,TXN0415620,M000290,CUS0147708,Mastercard,MERCHANDISE_NOT_RECEIVED,Merchandise Not Received,2025-07-12,7695,0,0,2025-07-23,11,accepted,accepted_refunded,
DSP001708,TXN0413138,M000290,,RuPay,MERCHANDISE_NOT_AS_DESCRIBED,Merchandise Not As Described,2025-07-16,219,420,164,2025-08-02,17,contested,won,2025-08-24
DSP001709,TXN0412013,M000290,CUS0149526,RuPay,MERCHANDISE_NOT_RECEIVED,Merchandise Not Received,2025-12-26,1899,402,259,2026-01-07,12,contested,won,2026-02-07
DSP001710,TXN0419120,M000290,,Mastercard,UNAUTHORIZED_TRANSACTION,Unauthorized Transaction,2025-05-10,2099,0,0,2025-05-30,20,accepted,accepted_refunded,
DSP001711,TXN0413192,M000290,CUS0148765,Mastercard,MERCHANDISE_NOT_RECEIVED,Merchandise Not Received,2026-01-09,389,0,0,2026-01-22,13,accepted,accepted_refunded,
DSP001712,TXN0415823,M000290,CUS0149751,Visa,CREDIT_NOT_PROCESSED,Credit Not Processed,2025-08-14,10399,528,204,2025-08-30,16,contested,lost,2025-09-24
DSP001713,TXN0412720,M000290,CUS0148256,Visa,MERCHANDISE_NOT_AS_DESCRIBED,Merchandise Not As Described,2025-04-12,4499,647,257,2025-04-20,8,contested,won,2025-04-30
DSP001714,TXN0412124,M000290,CUS0147929,Visa,MERCHANDISE_NOT_AS_DESCRIBED,Merchandise Not As Described,2025-05-20,2899,533,284,2025-06-06,17,contested,lost,2025-07-03
DSP001715,TXN0415884,M000290,CUS0149715,Visa,UNAUTHORIZED_TRANSACTION,Unauthorized Transaction,2025-12-02,2599,453,284,2025-12-22,20,contested,lost,2026-01-05
DSP001716,TXN0416434,M000290,,Visa,MERCHANDISE_NOT_RECEIVED,Merchandise Not Received,2026-01-19,2549,621,211,2026-02-09,21,contested,won,2026-02-10
DSP001717,TXN0414017,M000290,CUS0149671,Visa,MERCHANDISE_NOT_AS_DESCRIBED,Merchandise Not As Described,2025-03-15,4099,441,285,2025-04-01,17,contested,lost,2025-03-29
DSP001718,TXN0415900,M000290,CUS0147237,Visa,MERCHANDISE_NOT_RECEIVED,Merchandise Not Received,2025-11-14,3599,0,0,2025-12-04,20,accepted,accepted_refunded,
DSP001719,TXN0419316,M000290,,Mastercard,MERCHANDISE_NOT_RECEIVED,Merchandise Not Received,2025-07-13,599,0,0,2025-07-29,16,accepted,accepted_refunded,
DSP001720,TXN0418180,M000290,CUS0148670,Visa,MERCHANDISE_NOT_AS_DESCRIBED,Merchandise Not As Described,2025-08-26,699,433,286,2025-09-04,9,contested,lost,2025-09-12
DSP001721,TXN0414556,M000290,,RuPay,DUPLICATE_TRANSACTION,Duplicate Transaction,2026-01-28,1595,0,0,2026-02-09,12,accepted,accepted_refunded,
DSP001722,TXN0413075,M000290,,Mastercard,MERCHANDISE_NOT_AS_DESCRIBED,Merchandise Not As Described,2025-09-03,1495,424,209,2025-09-18,15,contested,lost,2025-09-25
DSP001723,TXN0411354,M000290,CUS0147486,Visa,MERCHANDISE_NOT_AS_DESCRIBED,Merchandise Not As Described,2025-03-13,545,662,298,2025-03-27,14,contested,won,2025-04-26
DSP001724,TXN0417590,M000290,CUS0147376,Mastercard,DUPLICATE_TRANSACTION,Duplicate Transaction,2025-10-12,4999,0,0,2025-10-31,19,accepted,accepted_refunded,
DSP001725,TXN0412651,M000290,CUS0147564,Visa,MERCHANDISE_NOT_RECEIVED,Merchandise Not Received,2025-06-16,999,408,210,2025-07-04,18,contested,won,2025-06-30
DSP001726,TXN0417773,M000290,CUS0148226,Mastercard,MERCHANDISE_NOT_RECEIVED,Merchandise Not Received,2025-04-30,1295,0,0,2025-05-14,14,accepted,accepted_refunded,
DSP001727,TXN0417487,M000290,CUS0149689,Visa,UNAUTHORIZED_TRANSACTION,Unauthorized Transaction,2025-12-16,2045,602,286,2026-01-02,17,contested,lost,2026-01-24
DSP001728,TXN0411594,M000290,CUS0147323,Mastercard,MERCHANDISE_NOT_AS_DESCRIBED,Merchandise Not As Described,2025-04-11,549,475,248,2025-04-18,7,contested,lost,2025-05-14
DSP001729,TXN0424129,M000291,CUS0149996,Visa,CREDIT_NOT_PROCESSED,Credit Not Processed,2026-01-06,2199,611,192,2026-01-24,18,contested,lost,2026-02-15
DSP001730,TXN0425619,M000291,CUS0151965,Mastercard,MERCHANDISE_NOT_RECEIVED,Merchandise Not Received,2025-02-04,4749,648,241,2025-02-23,19,contested,won,2025-03-14
DSP001731,TXN0423710,M000291,,Mastercard,MERCHANDISE_NOT_AS_DESCRIBED,Merchandise Not As Described,2025-11-14,8599,445,197,2025-11-23,9,contested,lost,2025-12-18
DSP001732,TXN0423601,M000291,,Visa,MERCHANDISE_NOT_RECEIVED,Merchandise Not Received,2025-07-04,335,0,0,2025-07-21,17,accepted,accepted_refunded,
DSP001733,TXN0420709,M000291,,Visa,MERCHANDISE_NOT_RECEIVED,Merchandise Not Received,2025-09-22,999,490,257,2025-10-10,18,contested,lost,2025-10-10
DSP001734,TXN0421327,M000291,CUS0150980,RuPay,MERCHANDISE_NOT_AS_DESCRIBED,Merchandise Not As Described,2025-06-10,4999,0,0,2025-06-18,8,accepted,accepted_refunded,
DSP001735,TXN0423172,M000291,CUS0150566,Mastercard,MERCHANDISE_NOT_RECEIVED,Merchandise Not Received,2025-10-17,2845,457,195,2025-10-26,9,contested,won,2025-11-17
DSP001736,TXN0422771,M000291,CUS0152429,Mastercard,MERCHANDISE_NOT_RECEIVED,Merchandise Not Received,2025-10-01,549,0,0,2025-10-20,19,accepted,accepted_refunded,
DSP001737,TXN0419541,M000291,CUS0149792,Visa,DUPLICATE_TRANSACTION,Duplicate Transaction,2025-07-05,1099,477,255,2025-07-23,18,contested,won,2025-08-14
DSP001738,TXN0419802,M000291,CUS0152639,Visa,MERCHANDISE_NOT_RECEIVED,Merchandise Not Received,2025-07-10,949,689,233,2025-07-19,9,contested,won,2025-08-23
DSP001739,TXN0421680,M000291,CUS0152051,Visa,MERCHANDISE_NOT_RECEIVED,Merchandise Not Received,2025-07-06,2245,698,280,2025-07-26,20,contested,won,2025-07-27
DSP001740,TXN0424138,M000291,,Mastercard,DUPLICATE_TRANSACTION,Duplicate Transaction,2025-04-13,1699,410,224,2025-05-04,21,contested,won,2025-05-03
DSP001741,TXN0427237,M000291,,Mastercard,MERCHANDISE_NOT_AS_DESCRIBED,Merchandise Not As Described,2025-02-20,7099,527,196,2025-03-06,14,contested,won,2025-03-08
DSP001742,TXN0426426,M000291,CUS0151648,Mastercard,CREDIT_NOT_PROCESSED,Credit Not Processed,2025-12-06,949,0,0,2025-12-27,21,accepted,accepted_refunded,
DSP001743,TXN0427405,M000291,CUS0152204,Visa,CREDIT_NOT_PROCESSED,Credit Not Processed,2025-11-13,899,636,212,2025-12-03,20,contested,won,2025-12-15
DSP001744,TXN0427445,M000291,CUS0150524,Mastercard,UNAUTHORIZED_TRANSACTION,Unauthorized Transaction,2025-08-06,899,0,0,2025-08-19,13,accepted,accepted_refunded,
DSP001745,TXN0432479,M000292,CUS0155251,Visa,MERCHANDISE_NOT_AS_DESCRIBED,Merchandise Not As Described,2025-05-16,1095,712,279,2025-05-31,15,contested,won,2025-06-21
DSP001746,TXN0434317,M000292,CUS0152953,RuPay,MERCHANDISE_NOT_RECEIVED,Merchandise Not Received,2025-02-25,1199,692,206,2025-03-11,14,contested,won,2025-03-19
DSP001747,TXN0434714,M000292,,RuPay,UNAUTHORIZED_TRANSACTION,Unauthorized Transaction,2025-05-28,305,601,182,2025-06-04,7,contested,lost,2025-06-11
DSP001748,TXN0430824,M000292,,Visa,UNAUTHORIZED_TRANSACTION,Unauthorized Transaction,2025-12-08,2195,537,258,2025-12-17,9,contested,won,2026-01-07
DSP001749,TXN0428775,M000292,,RuPay,UNAUTHORIZED_TRANSACTION,Unauthorized Transaction,2025-06-28,899,467,287,2025-07-19,21,contested,lost,2025-08-10
DSP001750,TXN0428857,M000292,CUS0154886,Visa,MERCHANDISE_NOT_AS_DESCRIBED,Merchandise Not As Described,2026-03-09,595,693,171,2026-03-25,16,contested,won,2026-04-22
DSP001751,TXN0431494,M000292,,Visa,MERCHANDISE_NOT_AS_DESCRIBED,Merchandise Not As Described,2025-04-18,3495,0,0,2025-04-29,11,accepted,accepted_refunded,
DSP001752,TXN0435298,M000292,CUS0154487,Visa,MERCHANDISE_NOT_AS_DESCRIBED,Merchandise Not As Described,2025-09-11,549,480,284,2025-09-22,11,contested,lost,2025-10-12
DSP001753,TXN0431729,M000292,,Visa,UNAUTHORIZED_TRANSACTION,Unauthorized Transaction,2025-03-19,2249,0,0,2025-04-03,15,accepted,accepted_refunded,
DSP001754,TXN0428731,M000292,CUS0153129,Visa,MERCHANDISE_NOT_RECEIVED,Merchandise Not Received,2026-01-28,1095,521,207,2026-02-14,17,contested,won,2026-02-17
DSP001755,TXN0434541,M000292,,Visa,CREDIT_NOT_PROCESSED,Credit Not Processed,2025-04-25,1249,0,0,2025-05-04,9,accepted,accepted_refunded,
DSP001756,TXN0429839,M000292,,Visa,MERCHANDISE_NOT_RECEIVED,Merchandise Not Received,2026-02-12,359,683,196,2026-03-03,19,contested,won,2026-03-21
DSP001757,TXN0435135,M000292,CUS0153261,RuPay,UNAUTHORIZED_TRANSACTION,Unauthorized Transaction,2025-09-17,1645,0,0,2025-09-29,12,accepted,accepted_refunded,
DSP001758,TXN0428405,M000292,CUS0154391,Visa,MERCHANDISE_NOT_AS_DESCRIBED,Merchandise Not As Described,2025-12-29,2695,433,266,2026-01-05,7,contested,won,2026-01-13
DSP001759,TXN0429911,M000292,CUS0154936,Mastercard,UNAUTHORIZED_TRANSACTION,Unauthorized Transaction,2026-01-27,7299,0,0,2026-02-10,14,accepted,accepted_refunded,
DSP001760,TXN0434514,M000292,,Visa,UNAUTHORIZED_TRANSACTION,Unauthorized Transaction,2026-01-26,1449,403,288,2026-02-10,15,contested,won,2026-02-23
DSP001761,TXN0430615,M000292,CUS0153632,Visa,MERCHANDISE_NOT_RECEIVED,Merchandise Not Received,2025-08-15,1195,0,0,2025-08-25,10,accepted,accepted_refunded,
DSP001762,TXN0436562,M000293,CUS0157317,RuPay,MERCHANDISE_NOT_AS_DESCRIBED,Merchandise Not As Described,2025-08-23,2149,554,219,2025-09-11,19,contested,lost,2025-09-14
DSP001763,TXN0441607,M000293,,Visa,MERCHANDISE_NOT_AS_DESCRIBED,Merchandise Not As Described,2025-07-29,5595,0,0,2025-08-15,17,accepted,accepted_refunded,
DSP001764,TXN0437456,M000293,CUS0157774,Visa,MERCHANDISE_NOT_AS_DESCRIBED,Merchandise Not As Described,2025-10-14,2945,0,0,2025-10-27,13,accepted,accepted_refunded,
DSP001765,TXN0438164,M000293,CUS0156237,Mastercard,CREDIT_NOT_PROCESSED,Credit Not Processed,2025-12-14,259,645,214,2025-12-30,16,contested,won,2026-01-22
DSP001766,TXN0436736,M000293,,Mastercard,UNAUTHORIZED_TRANSACTION,Unauthorized Transaction,2025-09-07,2649,0,0,2025-09-14,7,accepted,accepted_refunded,
DSP001767,TXN0442001,M000293,CUS0157461,RuPay,MERCHANDISE_NOT_AS_DESCRIBED,Merchandise Not As Described,2025-04-09,499,0,0,2025-04-25,16,accepted,accepted_refunded,
DSP001768,TXN0440532,M000293,,Mastercard,MERCHANDISE_NOT_AS_DESCRIBED,Merchandise Not As Described,2025-06-17,599,494,170,2025-06-24,7,contested,won,2025-07-09
DSP001769,TXN0437680,M000293,CUS0156566,Mastercard,MERCHANDISE_NOT_RECEIVED,Merchandise Not Received,2025-05-02,1649,0,0,2025-05-19,17,accepted,accepted_refunded,
DSP001770,TXN0442926,M000293,CUS0158164,Visa,MERCHANDISE_NOT_AS_DESCRIBED,Merchandise Not As Described,2025-07-04,2549,431,186,2025-07-17,13,contested,won,2025-08-05
DSP001771,TXN0441897,M000293,,Mastercard,MERCHANDISE_NOT_AS_DESCRIBED,Merchandise Not As Described,2025-03-05,2445,0,0,2025-03-24,19,accepted,accepted_refunded,
DSP001772,TXN0436415,M000293,,Mastercard,DUPLICATE_TRANSACTION,Duplicate Transaction,2025-09-27,1249,0,0,2025-10-04,7,accepted,accepted_refunded,
DSP001773,TXN0440800,M000293,,RuPay,UNAUTHORIZED_TRANSACTION,Unauthorized Transaction,2025-07-06,1649,0,0,2025-07-14,8,accepted,accepted_refunded,
DSP001774,TXN0437776,M000293,CUS0156536,Visa,DUPLICATE_TRANSACTION,Duplicate Transaction,2025-04-27,4549,704,300,2025-05-05,8,contested,won,2025-05-22
DSP001775,TXN0440130,M000293,CUS0155988,Visa,MERCHANDISE_NOT_RECEIVED,Merchandise Not Received,2025-08-03,2699,400,225,2025-08-14,11,contested,won,2025-09-08
DSP001776,TXN0441088,M000293,CUS0156315,Visa,MERCHANDISE_NOT_RECEIVED,Merchandise Not Received,2025-11-02,899,605,183,2025-11-21,19,contested,won,2025-11-24
DSP001777,TXN0436018,M000293,CUS0158385,RuPay,UNAUTHORIZED_TRANSACTION,Unauthorized Transaction,2025-11-27,2599,0,0,2025-12-18,21,accepted,accepted_refunded,
DSP001778,TXN0437925,M000293,,Visa,MERCHANDISE_NOT_AS_DESCRIBED,Merchandise Not As Described,2026-01-27,489,621,253,2026-02-04,8,contested,won,2026-02-23
DSP001779,TXN0439277,M000293,CUS0156674,Mastercard,MERCHANDISE_NOT_AS_DESCRIBED,Merchandise Not As Described,2025-06-25,10199,607,181,2025-07-03,8,contested,lost,2025-08-06
DSP001780,TXN0442416,M000293,,Mastercard,MERCHANDISE_NOT_AS_DESCRIBED,Merchandise Not As Described,2025-12-04,1049,536,270,2025-12-24,20,contested,won,2026-01-12
DSP001781,TXN0442814,M000293,CUS0156620,Visa,UNAUTHORIZED_TRANSACTION,Unauthorized Transaction,2025-11-22,849,0,0,2025-12-01,9,accepted,accepted_refunded,
DSP001782,TXN0439941,M000293,CUS0158360,RuPay,MERCHANDISE_NOT_AS_DESCRIBED,Merchandise Not As Described,2025-05-21,2799,568,167,2025-06-10,20,contested,lost,2025-07-03
DSP001783,TXN0439088,M000293,CUS0157814,Visa,MERCHANDISE_NOT_AS_DESCRIBED,Merchandise Not As Described,2025-11-02,1399,0,0,2025-11-09,7,accepted,accepted_refunded,
DSP001784,TXN0438712,M000293,CUS0156664,Mastercard,CREDIT_NOT_PROCESSED,Credit Not Processed,2025-06-21,239,662,264,2025-07-01,10,contested,won,2025-07-15
DSP001785,TXN0443133,M000293,,RuPay,UNAUTHORIZED_TRANSACTION,Unauthorized Transaction,2025-07-11,999,440,297,2025-07-24,13,contested,won,2025-08-18
DSP001786,TXN0442608,M000293,CUS0157347,RuPay,MERCHANDISE_NOT_AS_DESCRIBED,Merchandise Not As Described,2025-05-10,6195,575,170,2025-05-31,21,contested,won,2025-06-03
DSP001787,TXN0443216,M000293,CUS0155777,Visa,MERCHANDISE_NOT_AS_DESCRIBED,Merchandise Not As Described,2025-12-26,649,0,0,2026-01-04,9,accepted,accepted_refunded,
DSP001788,TXN0437715,M000293,CUS0157818,Mastercard,MERCHANDISE_NOT_RECEIVED,Merchandise Not Received,2025-12-03,5299,666,220,2025-12-23,20,contested,lost,2025-12-20
DSP001789,TXN0451260,M000294,CUS0160859,Visa,MERCHANDISE_NOT_AS_DESCRIBED,Merchandise Not As Described,2026-02-14,5299,557,175,2026-03-01,15,contested,lost,2026-03-29
DSP001790,TXN0446110,M000294,CUS0159550,Visa,CREDIT_NOT_PROCESSED,Credit Not Processed,2026-01-20,1049,459,242,2026-02-03,14,contested,won,2026-03-04
DSP001791,TXN0448563,M000294,CUS0160554,RuPay,MERCHANDISE_NOT_RECEIVED,Merchandise Not Received,2025-11-25,6699,0,0,2025-12-04,9,accepted,accepted_refunded,
DSP001792,TXN0445096,M000294,CUS0161221,Visa,UNAUTHORIZED_TRANSACTION,Unauthorized Transaction,2025-11-04,3049,570,281,2025-11-15,11,contested,won,2025-11-18
DSP001793,TXN0447313,M000294,,Mastercard,DUPLICATE_TRANSACTION,Duplicate Transaction,2025-05-19,2845,0,0,2025-06-08,20,accepted,accepted_refunded,
DSP001794,TXN0447838,M000294,,Visa,UNAUTHORIZED_TRANSACTION,Unauthorized Transaction,2025-06-12,4095,509,245,2025-07-03,21,contested,lost,2025-07-11
DSP001795,TXN0448885,M000294,CUS0159756,Mastercard,MERCHANDISE_NOT_AS_DESCRIBED,Merchandise Not As Described,2025-04-03,53999,528,261,2025-04-20,17,contested,lost,2025-05-16
DSP001796,TXN0449477,M000294,,Mastercard,MERCHANDISE_NOT_RECEIVED,Merchandise Not Received,2025-07-16,1199,730,225,2025-07-31,15,contested,won,2025-08-17
DSP001797,TXN0446190,M000294,,Visa,UNAUTHORIZED_TRANSACTION,Unauthorized Transaction,2025-08-22,749,704,241,2025-09-06,15,contested,lost,2025-09-07
DSP001798,TXN0450778,M000294,CUS0160491,Visa,CREDIT_NOT_PROCESSED,Credit Not Processed,2025-03-29,595,0,0,2025-04-17,19,accepted,accepted_refunded,
DSP001799,TXN0445509,M000294,CUS0161035,Visa,MERCHANDISE_NOT_RECEIVED,Merchandise Not Received,2025-09-05,3299,553,152,2025-09-13,8,contested,lost,2025-10-08
DSP001800,TXN0445422,M000294,,Visa,UNAUTHORIZED_TRANSACTION,Unauthorized Transaction,2025-02-10,2499,488,267,2025-02-19,9,contested,lost,2025-03-13
DSP001801,TXN0445562,M000294,CUS0159692,Visa,MERCHANDISE_NOT_AS_DESCRIBED,Merchandise Not As Described,2025-08-17,2249,691,165,2025-09-03,17,contested,won,2025-09-24
DSP001802,TXN0450863,M000294,,Visa,MERCHANDISE_NOT_RECEIVED,Merchandise Not Received,2025-08-06,3849,570,207,2025-08-13,7,contested,won,2025-08-24
DSP001803,TXN0446674,M000294,CUS0160561,Visa,MERCHANDISE_NOT_RECEIVED,Merchandise Not Received,2025-12-17,479,0,0,2026-01-03,17,accepted,accepted_refunded,
DSP001804,TXN0443590,M000294,,Visa,MERCHANDISE_NOT_AS_DESCRIBED,Merchandise Not As Described,2025-08-30,1649,590,174,2025-09-11,12,contested,won,2025-10-11
DSP001805,TXN0445923,M000294,,Visa,CREDIT_NOT_PROCESSED,Credit Not Processed,2025-06-08,4899,535,173,2025-06-20,12,contested,lost,2025-07-10
DSP001806,TXN0447384,M000294,,RuPay,MERCHANDISE_NOT_RECEIVED,Merchandise Not Received,2025-12-07,2595,604,201,2025-12-25,18,contested,lost,2025-12-27
DSP001807,TXN0445006,M000294,CUS0160106,RuPay,MERCHANDISE_NOT_RECEIVED,Merchandise Not Received,2025-08-06,2099,658,253,2025-08-18,12,contested,won,2025-09-11
DSP001808,TXN0450663,M000294,CUS0158999,Visa,CREDIT_NOT_PROCESSED,Credit Not Processed,2025-06-30,799,713,208,2025-07-10,10,contested,won,2025-08-01
DSP001809,TXN0448654,M000294,CUS0160877,Mastercard,UNAUTHORIZED_TRANSACTION,Unauthorized Transaction,2026-02-14,899,0,0,2026-03-01,15,accepted,accepted_refunded,
DSP001810,TXN0445456,M000294,CUS0158722,Mastercard,MERCHANDISE_NOT_AS_DESCRIBED,Merchandise Not As Described,2025-06-29,7499,435,294,2025-07-20,21,contested,won,2025-08-09
DSP001811,TXN0446416,M000294,CUS0161059,Visa,MERCHANDISE_NOT_RECEIVED,Merchandise Not Received,2026-01-08,4199,423,288,2026-01-23,15,contested,lost,2026-02-13
DSP001812,TXN0446609,M000294,,Mastercard,MERCHANDISE_NOT_RECEIVED,Merchandise Not Received,2026-03-07,1399,0,0,2026-03-26,19,accepted,accepted_refunded,
DSP001813,TXN0450286,M000294,,RuPay,MERCHANDISE_NOT_RECEIVED,Merchandise Not Received,2025-09-28,4799,0,0,2025-10-06,8,accepted,accepted_refunded,
DSP001814,TXN0449273,M000294,CUS0161252,Visa,CREDIT_NOT_PROCESSED,Credit Not Processed,2025-10-23,999,540,166,2025-11-02,10,contested,lost,2025-11-18
DSP001815,TXN0445200,M000294,,Visa,MERCHANDISE_NOT_RECEIVED,Merchandise Not Received,2025-03-18,1549,0,0,2025-03-26,8,accepted,accepted_refunded,
DSP001816,TXN0448676,M000294,,Visa,MERCHANDISE_NOT_RECEIVED,Merchandise Not Received,2025-07-26,2849,579,207,2025-08-16,21,contested,won,2025-08-22
DSP001817,TXN0449865,M000294,CUS0158443,Visa,MERCHANDISE_NOT_RECEIVED,Merchandise Not Received,2025-04-29,6199,546,183,2025-05-19,20,contested,won,2025-06-03
DSP001818,TXN0447302,M000294,CUS0158507,Visa,DUPLICATE_TRANSACTION,Duplicate Transaction,2025-07-02,2299,660,267,2025-07-18,16,contested,won,2025-07-25
DSP001819,TXN0448942,M000294,CUS0159983,Visa,UNAUTHORIZED_TRANSACTION,Unauthorized Transaction,2025-06-22,1499,422,174,2025-07-02,10,contested,won,2025-07-16
DSP001820,TXN0456279,M000295,,Mastercard,MERCHANDISE_NOT_AS_DESCRIBED,Merchandise Not As Described,2026-01-05,1295,715,214,2026-01-12,7,contested,lost,2026-02-08
DSP001821,TXN0455756,M000295,,Visa,MERCHANDISE_NOT_AS_DESCRIBED,Merchandise Not As Described,2025-11-17,1645,0,0,2025-12-04,17,accepted,accepted_refunded,
DSP001822,TXN0455606,M000295,CUS0163396,Visa,MERCHANDISE_NOT_AS_DESCRIBED,Merchandise Not As Described,2026-02-02,2499,0,0,2026-02-21,19,accepted,accepted_refunded,
DSP001823,TXN0457037,M000295,,Visa,UNAUTHORIZED_TRANSACTION,Unauthorized Transaction,2025-09-10,7799,647,203,2025-10-01,21,contested,won,2025-10-20
DSP001824,TXN0454017,M000295,CUS0162484,RuPay,MERCHANDISE_NOT_AS_DESCRIBED,Merchandise Not As Described,2025-04-26,5495,718,197,2025-05-06,10,contested,won,2025-05-22
DSP001825,TXN0456585,M000295,,Mastercard,UNAUTHORIZED_TRANSACTION,Unauthorized Transaction,2025-05-06,2049,0,0,2025-05-20,14,accepted,accepted_refunded,
DSP001826,TXN0456361,M000295,CUS0163619,Visa,MERCHANDISE_NOT_RECEIVED,Merchandise Not Received,2025-04-07,299,701,221,2025-04-27,20,contested,won,2025-05-04
DSP001827,TXN0454964,M000295,CUS0162988,Mastercard,UNAUTHORIZED_TRANSACTION,Unauthorized Transaction,2025-09-16,1799,0,0,2025-09-28,12,accepted,accepted_refunded,
DSP001828,TXN0453856,M000295,CUS0164027,Mastercard,MERCHANDISE_NOT_RECEIVED,Merchandise Not Received,2025-10-27,18795,0,0,2025-11-04,8,accepted,accepted_refunded,
DSP001829,TXN0452309,M000295,,Mastercard,UNAUTHORIZED_TRANSACTION,Unauthorized Transaction,2025-08-11,18695,564,226,2025-08-31,20,contested,lost,2025-09-15
DSP001830,TXN0452933,M000295,CUS0161568,Mastercard,MERCHANDISE_NOT_AS_DESCRIBED,Merchandise Not As Described,2025-04-30,5099,0,0,2025-05-09,9,accepted,accepted_refunded,
DSP001831,TXN0455271,M000295,CUS0162302,Visa,UNAUTHORIZED_TRANSACTION,Unauthorized Transaction,2025-09-19,1199,686,252,2025-09-29,10,contested,lost,2025-10-31
DSP001832,TXN0451839,M000295,CUS0163588,Visa,DUPLICATE_TRANSACTION,Duplicate Transaction,2025-07-13,3399,703,251,2025-07-20,7,contested,won,2025-08-11
DSP001833,TXN0456942,M000295,,Visa,CREDIT_NOT_PROCESSED,Credit Not Processed,2025-07-31,5499,0,0,2025-08-12,12,accepted,accepted_refunded,
DSP001834,TXN0455896,M000295,,Visa,MERCHANDISE_NOT_AS_DESCRIBED,Merchandise Not As Described,2025-02-19,899,0,0,2025-03-10,19,accepted,accepted_refunded,
DSP001835,TXN0457065,M000295,CUS0161851,Visa,MERCHANDISE_NOT_RECEIVED,Merchandise Not Received,2025-05-01,5695,0,0,2025-05-21,20,accepted,accepted_refunded,
DSP001836,TXN0456611,M000295,,Visa,CREDIT_NOT_PROCESSED,Credit Not Processed,2025-07-29,799,512,292,2025-08-08,10,contested,won,2025-08-21
DSP001837,TXN0466686,M000296,CUS0166850,Visa,MERCHANDISE_NOT_AS_DESCRIBED,Merchandise Not As Described,2025-04-23,499,416,266,2025-05-05,12,contested,won,2025-05-29
DSP001838,TXN0464537,M000296,CUS0164521,Mastercard,UNAUTHORIZED_TRANSACTION,Unauthorized Transaction,2025-05-16,1849,691,282,2025-05-30,14,contested,lost,2025-06-26
DSP001839,TXN0461307,M000296,CUS0166483,Visa,CREDIT_NOT_PROCESSED,Credit Not Processed,2025-05-04,12295,548,160,2025-05-23,19,contested,won,2025-06-14
DSP001840,TXN0461190,M000296,,RuPay,MERCHANDISE_NOT_AS_DESCRIBED,Merchandise Not As Described,2025-11-15,545,652,238,2025-11-25,10,contested,lost,2025-12-09
DSP001841,TXN0466350,M000296,,Visa,MERCHANDISE_NOT_RECEIVED,Merchandise Not Received,2025-03-21,3645,710,292,2025-03-30,9,contested,won,2025-04-23
DSP001842,TXN0459762,M000296,CUS0164897,RuPay,MERCHANDISE_NOT_RECEIVED,Merchandise Not Received,2025-10-09,5799,503,227,2025-10-30,21,contested,won,2025-10-31
DSP001843,TXN0463592,M000296,CUS0166119,Mastercard,UNAUTHORIZED_TRANSACTION,Unauthorized Transaction,2025-08-07,309,0,0,2025-08-19,12,accepted,accepted_refunded,
DSP001844,TXN0461575,M000296,CUS0164421,Visa,MERCHANDISE_NOT_RECEIVED,Merchandise Not Received,2025-09-04,14299,593,207,2025-09-14,10,contested,lost,2025-09-18
DSP001845,TXN0465607,M000296,CUS0166023,Visa,MERCHANDISE_NOT_RECEIVED,Merchandise Not Received,2026-02-14,845,655,300,2026-03-04,18,contested,won,2026-03-08
DSP001846,TXN0462640,M000296,,Mastercard,MERCHANDISE_NOT_AS_DESCRIBED,Merchandise Not As Described,2025-05-16,1449,0,0,2025-05-31,15,accepted,accepted_refunded,
DSP001847,TXN0465999,M000296,CUS0164564,Visa,CREDIT_NOT_PROCESSED,Credit Not Processed,2025-07-30,5999,706,255,2025-08-18,19,contested,won,2025-09-09
DSP001848,TXN0464811,M000296,,Visa,MERCHANDISE_NOT_AS_DESCRIBED,Merchandise Not As Described,2025-05-22,5199,0,0,2025-06-01,10,accepted,accepted_refunded,
DSP001849,TXN0465005,M000296,CUS0166051,Mastercard,UNAUTHORIZED_TRANSACTION,Unauthorized Transaction,2026-02-09,435,666,283,2026-02-18,9,contested,lost,2026-03-23
DSP001850,TXN0460599,M000296,CUS0166304,Visa,MERCHANDISE_NOT_RECEIVED,Merchandise Not Received,2026-01-13,3099,442,157,2026-02-01,19,contested,won,2026-02-04
DSP001851,TXN0461675,M000296,,Mastercard,UNAUTHORIZED_TRANSACTION,Unauthorized Transaction,2025-11-06,6099,0,0,2025-11-22,16,accepted,accepted_refunded,
DSP001852,TXN0463932,M000296,CUS0166523,Visa,MERCHANDISE_NOT_RECEIVED,Merchandise Not Received,2025-05-07,949,511,167,2025-05-26,19,contested,lost,2025-06-15
DSP001853,TXN0465920,M000296,CUS0164897,Mastercard,UNAUTHORIZED_TRANSACTION,Unauthorized Transaction,2025-07-13,4145,629,267,2025-07-29,16,contested,lost,2025-07-31
DSP001854,TXN0464151,M000296,CUS0166215,RuPay,MERCHANDISE_NOT_RECEIVED,Merchandise Not Received,2026-01-13,4049,0,0,2026-01-20,7,accepted,accepted_refunded,
DSP001855,TXN0459924,M000296,CUS0165203,Visa,UNAUTHORIZED_TRANSACTION,Unauthorized Transaction,2025-07-20,8899,680,169,2025-08-02,13,contested,won,2025-08-27
DSP001856,TXN0462421,M000296,CUS0164982,RuPay,MERCHANDISE_NOT_RECEIVED,Merchandise Not Received,2025-05-17,1999,683,244,2025-06-02,16,contested,won,2025-06-20
DSP001857,TXN0473220,M000297,CUS0169833,Visa,MERCHANDISE_NOT_AS_DESCRIBED,Merchandise Not As Described,2026-01-12,375,0,0,2026-01-21,9,accepted,accepted_refunded,
DSP001858,TXN0472085,M000297,CUS0168706,Visa,MERCHANDISE_NOT_RECEIVED,Merchandise Not Received,2025-10-26,2749,0,0,2025-11-04,9,accepted,accepted_refunded,
DSP001859,TXN0472407,M000297,CUS0167630,Mastercard,MERCHANDISE_NOT_RECEIVED,Merchandise Not Received,2025-08-24,269,418,191,2025-09-10,17,contested,lost,2025-09-22
DSP001860,TXN0471050,M000297,,RuPay,MERCHANDISE_NOT_AS_DESCRIBED,Merchandise Not As Described,2025-07-02,1899,737,172,2025-07-23,21,contested,lost,2025-08-11
DSP001861,TXN0468232,M000297,CUS0169699,RuPay,UNAUTHORIZED_TRANSACTION,Unauthorized Transaction,2025-12-03,699,638,163,2025-12-11,8,contested,lost,2026-01-08
DSP001862,TXN0470964,M000297,CUS0168027,Visa,CREDIT_NOT_PROCESSED,Credit Not Processed,2025-05-29,2745,0,0,2025-06-09,11,accepted,accepted_refunded,
DSP001863,TXN0471775,M000297,,RuPay,MERCHANDISE_NOT_AS_DESCRIBED,Merchandise Not As Described,2025-03-19,645,664,294,2025-04-02,14,contested,won,2025-04-23
DSP001864,TXN0473160,M000297,CUS0169476,Mastercard,MERCHANDISE_NOT_RECEIVED,Merchandise Not Received,2025-05-02,3645,656,278,2025-05-23,21,contested,won,2025-06-06
DSP001865,TXN0475134,M000297,CUS0169317,Visa,MERCHANDISE_NOT_RECEIVED,Merchandise Not Received,2025-07-18,499,0,0,2025-07-31,13,accepted,accepted_refunded,
DSP001866,TXN0472084,M000297,CUS0169818,Visa,CREDIT_NOT_PROCESSED,Credit Not Processed,2026-01-21,3745,447,202,2026-02-05,15,contested,won,2026-02-23
DSP001867,TXN0470975,M000297,CUS0168036,Visa,MERCHANDISE_NOT_RECEIVED,Merchandise Not Received,2025-10-20,549,727,191,2025-11-07,18,contested,won,2025-11-28
DSP001868,TXN0468422,M000297,CUS0167600,Visa,MERCHANDISE_NOT_AS_DESCRIBED,Merchandise Not As Described,2025-10-12,1399,687,241,2025-10-30,18,contested,lost,2025-10-27
DSP001869,TXN0469572,M000297,,Visa,CREDIT_NOT_PROCESSED,Credit Not Processed,2025-08-03,359,642,158,2025-08-11,8,contested,won,2025-08-25
DSP001870,TXN0469062,M000297,CUS0168693,Mastercard,MERCHANDISE_NOT_RECEIVED,Merchandise Not Received,2025-01-17,1799,0,0,2025-01-24,7,accepted,accepted_refunded,
DSP001871,TXN0469207,M000297,CUS0167989,Mastercard,UNAUTHORIZED_TRANSACTION,Unauthorized Transaction,2025-09-22,5999,406,238,2025-10-11,19,contested,lost,2025-10-17
DSP001872,TXN0468762,M000297,CUS0168666,Mastercard,UNAUTHORIZED_TRANSACTION,Unauthorized Transaction,2026-01-29,3495,0,0,2026-02-09,11,accepted,accepted_refunded,
DSP001873,TXN0471057,M000297,CUS0167450,Visa,MERCHANDISE_NOT_AS_DESCRIBED,Merchandise Not As Described,2025-09-22,1349,0,0,2025-10-03,11,accepted,accepted_refunded,
DSP001874,TXN0467981,M000297,CUS0169294,Visa,MERCHANDISE_NOT_AS_DESCRIBED,Merchandise Not As Described,2025-10-22,599,0,0,2025-10-30,8,accepted,accepted_refunded,
DSP001875,TXN0469117,M000297,CUS0169224,Visa,UNAUTHORIZED_TRANSACTION,Unauthorized Transaction,2025-04-16,599,0,0,2025-04-25,9,accepted,accepted_refunded,
DSP001876,TXN0474239,M000297,CUS0169119,Visa,CREDIT_NOT_PROCESSED,Credit Not Processed,2025-10-09,6399,0,0,2025-10-30,21,accepted,accepted_refunded,
DSP001877,TXN0475705,M000297,CUS0168620,Mastercard,CREDIT_NOT_PROCESSED,Credit Not Processed,2025-10-03,1549,400,197,2025-10-17,14,contested,won,2025-11-09
DSP001878,TXN0470206,M000297,,Visa,MERCHANDISE_NOT_AS_DESCRIBED,Merchandise Not As Described,2025-06-22,489,554,232,2025-07-07,15,contested,won,2025-08-05
DSP001879,TXN0474271,M000297,,Visa,MERCHANDISE_NOT_AS_DESCRIBED,Merchandise Not As Described,2025-06-06,3145,472,290,2025-06-14,8,contested,lost,2025-07-18
DSP001880,TXN0472986,M000297,CUS0168548,Visa,MERCHANDISE_NOT_RECEIVED,Merchandise Not Received,2025-07-05,1145,610,274,2025-07-16,11,contested,lost,2025-08-18
DSP001881,TXN0470534,M000297,,Visa,MERCHANDISE_NOT_RECEIVED,Merchandise Not Received,2025-11-02,495,562,192,2025-11-13,11,contested,won,2025-12-03
DSP001882,TXN0473801,M000297,CUS0167109,Visa,MERCHANDISE_NOT_RECEIVED,Merchandise Not Received,2025-12-05,1099,466,211,2025-12-19,14,contested,won,2026-01-07
DSP001883,TXN0469116,M000297,,RuPay,MERCHANDISE_NOT_AS_DESCRIBED,Merchandise Not As Described,2025-10-01,2749,733,221,2025-10-22,21,contested,lost,2025-10-24
DSP001884,TXN0471629,M000297,CUS0169287,Visa,MERCHANDISE_NOT_AS_DESCRIBED,Merchandise Not As Described,2025-07-04,4049,423,172,2025-07-17,13,contested,lost,2025-08-03
DSP001885,TXN0479456,M000298,CUS0172710,Visa,MERCHANDISE_NOT_AS_DESCRIBED,Merchandise Not As Described,2025-06-10,2349,0,0,2025-06-27,17,accepted,accepted_refunded,
DSP001886,TXN0477976,M000298,CUS0172680,Visa,CREDIT_NOT_PROCESSED,Credit Not Processed,2025-03-07,2145,575,254,2025-03-18,11,contested,lost,2025-04-07
DSP001887,TXN0482389,M000298,CUS0170830,Visa,SERVICE_NOT_RENDERED,Service Not Rendered,2025-09-19,2045,0,0,2025-10-06,17,accepted,accepted_refunded,
DSP001888,TXN0479296,M000298,CUS0171274,Mastercard,MERCHANDISE_NOT_AS_DESCRIBED,Merchandise Not As Described,2025-04-05,9699,697,298,2025-04-25,20,contested,lost,2025-04-25
DSP001889,TXN0479969,M000298,,Visa,SERVICE_NOT_RENDERED,Service Not Rendered,2025-12-17,3349,476,267,2025-12-26,9,contested,lost,2026-01-26
DSP001890,TXN0477162,M000298,CUS0172116,RuPay,CREDIT_NOT_PROCESSED,Credit Not Processed,2025-03-08,8599,445,174,2025-03-19,11,contested,lost,2025-04-01
DSP001891,TXN0482366,M000298,CUS0171521,Visa,UNAUTHORIZED_TRANSACTION,Unauthorized Transaction,2025-10-27,4699,539,241,2025-11-09,13,contested,lost,2025-11-18
DSP001892,TXN0477894,M000298,CUS0170028,Mastercard,CREDIT_NOT_PROCESSED,Credit Not Processed,2025-09-27,6099,0,0,2025-10-13,16,accepted,accepted_refunded,
DSP001893,TXN0483108,M000298,,Mastercard,MERCHANDISE_NOT_AS_DESCRIBED,Merchandise Not As Described,2025-07-19,15999,448,209,2025-08-06,18,contested,lost,2025-08-15
DSP001894,TXN0483693,M000298,CUS0172778,Mastercard,UNAUTHORIZED_TRANSACTION,Unauthorized Transaction,2025-09-16,3749,638,196,2025-10-02,16,contested,lost,2025-10-15
DSP001895,TXN0481441,M000298,,Visa,CREDIT_NOT_PROCESSED,Credit Not Processed,2025-03-24,19999,0,0,2025-04-10,17,accepted,accepted_refunded,
DSP001896,TXN0482491,M000298,CUS0171420,Visa,MERCHANDISE_NOT_AS_DESCRIBED,Merchandise Not As Described,2025-10-20,14799,567,150,2025-10-30,10,contested,lost,2025-11-14
DSP001897,TXN0483646,M000298,,Mastercard,MERCHANDISE_NOT_AS_DESCRIBED,Merchandise Not As Described,2025-08-24,13499,0,0,2025-09-05,12,accepted,accepted_refunded,
DSP001898,TXN0480252,M000298,,Visa,MERCHANDISE_NOT_AS_DESCRIBED,Merchandise Not As Described,2025-08-25,17195,0,0,2025-09-11,17,accepted,accepted_refunded,
DSP001899,TXN0478181,M000298,CUS0172071,Mastercard,UNAUTHORIZED_TRANSACTION,Unauthorized Transaction,2025-05-26,7595,519,184,2025-06-07,12,contested,lost,2025-06-13
DSP001900,TXN0476844,M000298,CUS0171361,Mastercard,UNAUTHORIZED_TRANSACTION,Unauthorized Transaction,2025-08-06,7899,0,0,2025-08-18,12,accepted,accepted_refunded,
DSP001901,TXN0479221,M000298,CUS0170629,Visa,SERVICE_NOT_RENDERED,Service Not Rendered,2025-03-14,46995,498,189,2025-03-28,14,contested,won,2025-04-19
DSP001902,TXN0479749,M000298,,Visa,CREDIT_NOT_PROCESSED,Credit Not Processed,2025-05-12,20499,693,160,2025-05-28,16,contested,won,2025-06-06
DSP001903,TXN0491233,M000299,CUS0174814,Visa,MERCHANDISE_NOT_AS_DESCRIBED,Merchandise Not As Described,2025-06-16,4945,541,156,2025-06-28,12,contested,lost,2025-07-04
DSP001904,TXN0485563,M000299,CUS0175637,RuPay,UNAUTHORIZED_TRANSACTION,Unauthorized Transaction,2025-05-26,11799,690,269,2025-06-11,16,contested,lost,2025-07-06
DSP001905,TXN0489369,M000299,,Visa,MERCHANDISE_NOT_AS_DESCRIBED,Merchandise Not As Described,2025-09-06,8799,0,0,2025-09-21,15,accepted,accepted_refunded,
DSP001906,TXN0488294,M000299,,Visa,CREDIT_NOT_PROCESSED,Credit Not Processed,2025-12-20,5699,630,248,2026-01-06,17,contested,lost,2026-01-23
DSP001907,TXN0488982,M000299,CUS0174611,Visa,UNAUTHORIZED_TRANSACTION,Unauthorized Transaction,2025-02-17,5899,0,0,2025-03-01,12,accepted,accepted_refunded,
DSP001908,TXN0487081,M000299,CUS0175227,Visa,SERVICE_NOT_RENDERED,Service Not Rendered,2025-12-12,8499,636,228,2025-12-27,15,contested,won,2026-01-20
DSP001909,TXN0490057,M000299,,Visa,SERVICE_NOT_RENDERED,Service Not Rendered,2025-12-02,9399,581,273,2025-12-22,20,contested,lost,2025-12-30
DSP001910,TXN0489046,M000299,CUS0173340,RuPay,CREDIT_NOT_PROCESSED,Credit Not Processed,2025-04-25,13699,662,168,2025-05-03,8,contested,won,2025-06-04
DSP001911,TXN0484748,M000299,,RuPay,SERVICE_NOT_RENDERED,Service Not Rendered,2025-10-16,3099,615,189,2025-11-06,21,contested,lost,2025-11-25
DSP001912,TXN0489263,M000299,CUS0174703,Visa,DUPLICATE_TRANSACTION,Duplicate Transaction,2025-07-09,52995,569,242,2025-07-25,16,contested,lost,2025-07-30
DSP001913,TXN0488638,M000299,,Visa,UNAUTHORIZED_TRANSACTION,Unauthorized Transaction,2025-11-29,32999,517,240,2025-12-17,18,contested,lost,2026-01-05
DSP001914,TXN0491115,M000299,,Mastercard,SERVICE_NOT_RENDERED,Service Not Rendered,2025-03-10,26495,734,187,2025-03-23,13,contested,lost,2025-04-21
DSP001915,TXN0486008,M000299,,Visa,CREDIT_NOT_PROCESSED,Credit Not Processed,2025-11-08,14799,440,238,2025-11-29,21,contested,won,2025-12-14
DSP001916,TXN0486089,M000299,CUS0173040,Mastercard,SERVICE_NOT_RENDERED,Service Not Rendered,2025-12-17,2499,0,0,2026-01-05,19,accepted,accepted_refunded,
DSP001917,TXN0485093,M000299,,Mastercard,SERVICE_NOT_RENDERED,Service Not Rendered,2025-06-08,12199,0,0,2025-06-19,11,accepted,accepted_refunded,
DSP001918,TXN0484586,M000299,,Mastercard,DUPLICATE_TRANSACTION,Duplicate Transaction,2025-06-21,10599,723,206,2025-06-29,8,contested,won,2025-07-27
DSP001919,TXN0491601,M000299,,Visa,CREDIT_NOT_PROCESSED,Credit Not Processed,2025-11-23,9499,643,224,2025-12-13,20,contested,lost,2025-12-16
DSP001920,TXN0485475,M000299,CUS0173118,Visa,SERVICE_NOT_RENDERED,Service Not Rendered,2025-02-15,13495,658,247,2025-03-03,16,contested,lost,2025-03-01
DSP001921,TXN0486484,M000299,CUS0175066,Visa,SERVICE_NOT_RENDERED,Service Not Rendered,2025-06-24,5399,466,267,2025-07-03,9,contested,lost,2025-07-14
DSP001922,TXN0486459,M000299,CUS0174599,Visa,MERCHANDISE_NOT_AS_DESCRIBED,Merchandise Not As Described,2025-02-25,8599,480,241,2025-03-04,7,contested,lost,2025-03-27
DSP001923,TXN0494316,M000300,CUS0177173,RuPay,MERCHANDISE_NOT_RECEIVED,Merchandise Not Received,2025-08-28,2399,739,176,2025-09-16,19,contested,lost,2025-09-13
DSP001924,TXN0494520,M000300,CUS0178060,Visa,MERCHANDISE_NOT_AS_DESCRIBED,Merchandise Not As Described,2025-12-07,1449,531,235,2025-12-20,13,contested,won,2026-01-02
DSP001925,TXN0499709,M000300,,Visa,UNAUTHORIZED_TRANSACTION,Unauthorized Transaction,2025-09-05,9399,0,0,2025-09-23,18,accepted,accepted_refunded,
DSP001926,TXN0497118,M000300,CUS0178491,RuPay,UNAUTHORIZED_TRANSACTION,Unauthorized Transaction,2026-01-03,2349,634,295,2026-01-15,12,contested,lost,2026-02-13
DSP001927,TXN0494154,M000300,CUS0176685,RuPay,MERCHANDISE_NOT_AS_DESCRIBED,Merchandise Not As Described,2025-05-30,2449,645,196,2025-06-20,21,contested,lost,2025-07-03
DSP001928,TXN0499905,M000300,CUS0177827,Mastercard,MERCHANDISE_NOT_RECEIVED,Merchandise Not Received,2025-04-03,4699,714,237,2025-04-14,11,contested,lost,2025-05-18
DSP001929,TXN0492567,M000300,CUS0177465,Visa,DUPLICATE_TRANSACTION,Duplicate Transaction,2025-05-28,1349,459,245,2025-06-04,7,contested,won,2025-06-26
DSP001930,TXN0498960,M000300,,Mastercard,MERCHANDISE_NOT_AS_DESCRIBED,Merchandise Not As Described,2025-07-25,1349,0,0,2025-08-13,19,accepted,accepted_refunded,
DSP001931,TXN0494453,M000300,,Mastercard,MERCHANDISE_NOT_RECEIVED,Merchandise Not Received,2025-11-10,1349,0,0,2025-11-20,10,accepted,accepted_refunded,
DSP001932,TXN0492732,M000300,CUS0176250,Visa,MERCHANDISE_NOT_AS_DESCRIBED,Merchandise Not As Described,2025-06-26,23999,479,218,2025-07-11,15,contested,lost,2025-07-17
DSP001933,TXN0494881,M000300,,RuPay,MERCHANDISE_NOT_RECEIVED,Merchandise Not Received,2025-05-26,5099,719,214,2025-06-13,18,contested,won,2025-07-03
DSP001934,TXN0495716,M000300,CUS0177193,Visa,MERCHANDISE_NOT_AS_DESCRIBED,Merchandise Not As Described,2025-07-24,645,686,165,2025-08-11,18,contested,won,2025-09-03
DSP001935,TXN0495676,M000300,,Visa,MERCHANDISE_NOT_RECEIVED,Merchandise Not Received,2025-05-09,219,0,0,2025-05-22,13,accepted,accepted_refunded,
DSP001936,TXN0494809,M000300,CUS0175847,Mastercard,MERCHANDISE_NOT_AS_DESCRIBED,Merchandise Not As Described,2025-08-21,1749,0,0,2025-09-04,14,accepted,accepted_refunded,
DSP001937,TXN0493083,M000300,CUS0176203,Mastercard,UNAUTHORIZED_TRANSACTION,Unauthorized Transaction,2025-12-31,349,0,0,2026-01-19,19,accepted,accepted_refunded,
DSP001938,TXN0494261,M000300,,Mastercard,MERCHANDISE_NOT_AS_DESCRIBED,Merchandise Not As Described,2025-08-13,2349,0,0,2025-08-29,16,accepted,accepted_refunded,
DSP001939,TXN0493361,M000300,CUS0177386,Mastercard,MERCHANDISE_NOT_AS_DESCRIBED,Merchandise Not As Described,2025-09-04,1399,0,0,2025-09-18,14,accepted,accepted_refunded,
DSP001940,TXN0493666,M000300,CUS0175856,Mastercard,CREDIT_NOT_PROCESSED,Credit Not Processed,2025-08-21,3199,0,0,2025-09-01,11,accepted,accepted_refunded,
DSP001941,TXN0494605,M000300,CUS0176631,Visa,MERCHANDISE_NOT_AS_DESCRIBED,Merchandise Not As Described,2025-05-19,749,625,166,2025-05-30,11,contested,lost,2025-06-24
DSP001942,TXN0497327,M000300,CUS0177328,Visa,MERCHANDISE_NOT_RECEIVED,Merchandise Not Received,2025-05-11,17595,557,260,2025-05-19,8,contested,won,2025-06-04
DSP001943,TXN0493017,M000300,CUS0177829,Mastercard,UNAUTHORIZED_TRANSACTION,Unauthorized Transaction,2026-01-13,649,0,0,2026-01-30,17,accepted,accepted_refunded,
DSP001944,TXN0494590,M000300,,Visa,UNAUTHORIZED_TRANSACTION,Unauthorized Transaction,2025-11-25,1195,638,270,2025-12-10,15,contested,lost,2025-12-20
DSP001945,TXN0497867,M000300,,Mastercard,UNAUTHORIZED_TRANSACTION,Unauthorized Transaction,2025-09-13,3649,693,160,2025-09-24,11,contested,lost,2025-10-12
DSP001946,TXN0493011,M000300,,Visa,UNAUTHORIZED_TRANSACTION,Unauthorized Transaction,2026-02-08,1049,443,269,2026-02-18,10,contested,lost,2026-03-18
DSP001947,TXN0492410,M000300,CUS0175853,Mastercard,UNAUTHORIZED_TRANSACTION,Unauthorized Transaction,2025-06-02,13395,487,161,2025-06-09,7,contested,lost,2025-06-29
DSP001948,TXN0496827,M000300,CUS0177310,RuPay,UNAUTHORIZED_TRANSACTION,Unauthorized Transaction,2025-08-27,1849,536,263,2025-09-08,12,contested,lost,2025-10-03
DSP001949,TXN0493262,M000300,,RuPay,MERCHANDISE_NOT_RECEIVED,Merchandise Not Received,2025-08-31,499,0,0,2025-09-16,16,accepted,accepted_refunded,
DSP001950,TXN0494851,M000300,,Visa,MERCHANDISE_NOT_RECEIVED,Merchandise Not Received,2026-03-02,365,0,0,2026-03-14,12,accepted,accepted_refunded,
DSP001951,TXN0493233,M000300,CUS0177826,Mastercard,CREDIT_NOT_PROCESSED,Credit Not Processed,2025-03-14,1395,557,217,2025-03-28,14,contested,won,2025-04-22
DSP001952,TXN0496110,M000300,CUS0178166,RuPay,MERCHANDISE_NOT_AS_DESCRIBED,Merchandise Not As Described,2025-11-03,1949,406,151,2025-11-13,10,contested,won,2025-11-27
DSP001953,TXN0496562,M000300,CUS0176820,RuPay,MERCHANDISE_NOT_AS_DESCRIBED,Merchandise Not As Described,2025-03-07,2949,680,249,2025-03-19,12,contested,lost,2025-03-23
