evidence_id,dispute_id,transaction_id,evidence_type,applicability_status,available,required,relevant,quality_score,evidence_timestamp,source_system
EVID0000001,DSP000001,TXN0000042,order_confirmation,APPLICABLE,1,1,1,0.78,2025-02-06 08:40:42,billing
EVID0000002,DSP000001,TXN0000042,invoice,APPLICABLE,1,1,1,0.89,2025-01-14 17:08:30,billing
EVID0000003,DSP000001,TXN0000042,shipping_label,NOT_APPLICABLE,0,0,0,0.0,2025-01-13 06:01:44,logistics
EVID0000004,DSP000001,TXN0000042,tracking_number,NOT_APPLICABLE,0,0,0,0.0,2025-01-12 04:46:07,logistics
EVID0000005,DSP000001,TXN0000042,delivery_confirmation,NOT_APPLICABLE,0,0,0,0.0,2025-01-08 03:16:58,logistics
EVID0000006,DSP000001,TXN0000042,customer_communication,APPLICABLE,1,1,1,0.6,2025-02-06 02:45:38,crm
EVID0000007,DSP000002,TXN0000125,order_confirmation,UNAVAILABLE,0,1,1,0.0,2025-01-22 02:48:00,billing
EVID0000008,DSP000002,TXN0000125,invoice,APPLICABLE,1,1,1,0.7,2025-01-03 04:15:18,billing
EVID0000009,DSP000002,TXN0000125,shipping_label,APPLICABLE,1,0,0,0.93,2025-01-03 01:56:30,logistics
EVID0000010,DSP000002,TXN0000125,tracking_number,APPLICABLE,1,0,0,0.72,2025-01-06 04:23:18,logistics
EVID0000011,DSP000002,TXN0000125,delivery_confirmation,APPLICABLE,1,0,1,0.7,2025-01-12 05:57:26,logistics
EVID0000012,DSP000002,TXN0000125,customer_communication,APPLICABLE,1,1,1,0.71,2025-01-12 22:17:42,crm
EVID0000013,DSP000003,TXN0000191,order_confirmation,APPLICABLE,1,1,1,0.6,2025-01-11 11:30:44,billing
EVID0000014,DSP000003,TXN0000191,invoice,UNAVAILABLE,0,0,1,0.0,2025-02-05 14:04:22,billing
EVID0000015,DSP000003,TXN0000191,shipping_label,NOT_APPLICABLE,0,0,0,0.0,2025-02-02 09:01:11,logistics
EVID0000016,DSP000003,TXN0000191,tracking_number,NOT_APPLICABLE,0,0,0,0.0,2025-02-04 20:57:09,logistics
EVID0000017,DSP000003,TXN0000191,delivery_confirmation,NOT_APPLICABLE,0,0,0,0.0,2025-01-28 06:45:09,logistics
EVID0000018,DSP000003,TXN0000191,customer_communication,APPLICABLE,1,0,0,0.84,2025-01-22 04:37:32,crm
EVID0000019,DSP000004,TXN0000308,order_confirmation,APPLICABLE,1,1,1,0.65,2025-01-02 17:51:36,billing
EVID0000020,DSP000004,TXN0000308,invoice,APPLICABLE,1,0,1,0.63,2025-01-10 04:18:18,billing
EVID0000021,DSP000004,TXN0000308,shipping_label,APPLICABLE,1,1,1,0.7,2025-01-22 22:40:12,logistics
EVID0000022,DSP000004,TXN0000308,tracking_number,APPLICABLE,1,1,1,0.84,2025-01-18 22:42:33,logistics
EVID0000023,DSP000004,TXN0000308,delivery_confirmation,APPLICABLE,1,1,1,0.82,2025-01-15 22:01:55,logistics
EVID0000024,DSP000004,TXN0000308,customer_communication,APPLICABLE,1,0,0,0.6,2025-01-09 23:26:07,crm
EVID0000025,DSP000005,TXN0000499,order_confirmation,APPLICABLE,1,1,1,0.79,2025-01-12 12:56:33,billing
EVID0000026,DSP000005,TXN0000499,invoice,APPLICABLE,1,1,1,0.6,2025-01-05 15:57:36,billing
EVID0000027,DSP000005,TXN0000499,shipping_label,NOT_APPLICABLE,0,0,0,0.0,2025-01-12 00:44:22,logistics
EVID0000028,DSP000005,TXN0000499,tracking_number,NOT_APPLICABLE,0,0,0,0.0,2025-01-23 21:19:12,logistics
EVID0000029,DSP000005,TXN0000499,delivery_confirmation,NOT_APPLICABLE,0,0,0,0.0,2025-01-11 15:59:15,logistics
EVID0000030,DSP000005,TXN0000499,customer_communication,APPLICABLE,1,1,1,0.86,2025-01-17 23:18:53,crm
EVID0000031,DSP000006,TXN0000526,order_confirmation,APPLICABLE,1,1,1,0.62,2025-01-06 15:25:04,billing
EVID0000032,DSP000006,TXN0000526,invoice,UNAVAILABLE,0,0,1,0.0,2025-01-04 03:30:11,billing
EVID0000033,DSP000006,TXN0000526,shipping_label,APPLICABLE,1,0,0,0.66,2025-01-09 07:02:39,logistics
EVID0000034,DSP000006,TXN0000526,tracking_number,APPLICABLE,1,0,1,0.66,2025-01-08 23:38:35,logistics
EVID0000035,DSP000006,TXN0000526,delivery_confirmation,UNAVAILABLE,0,1,1,0.0,2025-01-05 16:27:08,logistics
EVID0000036,DSP000006,TXN0000526,customer_communication,APPLICABLE,1,1,1,0.69,2025-01-03 20:48:00,crm
EVID0000037,DSP000007,TXN0000532,order_confirmation,APPLICABLE,1,1,1,0.86,2025-01-24 21:31:07,billing
EVID0000038,DSP000007,TXN0000532,invoice,APPLICABLE,1,1,1,0.83,2025-01-24 07:41:11,billing
EVID0000039,DSP000007,TXN0000532,shipping_label,NOT_APPLICABLE,0,0,0,0.0,2025-01-12 04:22:24,logistics
EVID0000040,DSP000007,TXN0000532,tracking_number,NOT_APPLICABLE,0,0,0,0.0,2025-01-17 10:02:16,logistics
EVID0000041,DSP000007,TXN0000532,delivery_confirmation,NOT_APPLICABLE,0,0,0,0.0,2025-01-08 01:43:19,logistics
EVID0000042,DSP000007,TXN0000532,customer_communication,APPLICABLE,1,1,1,0.67,2025-01-20 12:08:55,crm
EVID0000043,DSP000008,TXN0000565,order_confirmation,APPLICABLE,1,1,1,0.75,2025-01-08 04:15:27,billing
EVID0000044,DSP000008,TXN0000565,invoice,UNAVAILABLE,0,0,0,0.0,2025-01-05 05:48:59,billing
EVID0000045,DSP000008,TXN0000565,shipping_label,NOT_APPLICABLE,0,0,0,0.0,2025-01-03 23:17:30,logistics
EVID0000046,DSP000008,TXN0000565,tracking_number,NOT_APPLICABLE,0,0,0,0.0,2025-01-08 16:14:09,logistics
EVID0000047,DSP000008,TXN0000565,delivery_confirmation,NOT_APPLICABLE,0,0,0,0.0,2025-01-04 21:34:26,logistics
EVID0000048,DSP000008,TXN0000565,customer_communication,APPLICABLE,1,1,1,0.66,2025-01-08 17:51:43,crm
EVID0000049,DSP000009,TXN0000622,order_confirmation,APPLICABLE,1,1,1,0.93,2025-01-21 08:46:14,billing
EVID0000050,DSP000009,TXN0000622,invoice,APPLICABLE,1,1,1,0.75,2025-01-11 13:12:57,billing
EVID0000051,DSP000009,TXN0000622,shipping_label,APPLICABLE,1,0,1,0.91,2025-01-21 15:00:08,logistics
EVID0000052,DSP000009,TXN0000622,tracking_number,APPLICABLE,1,0,1,0.6,2025-01-20 21:37:50,logistics
EVID0000053,DSP000009,TXN0000622,delivery_confirmation,APPLICABLE,1,0,1,0.89,2025-01-13 19:48:13,logistics
EVID0000054,DSP000009,TXN0000622,customer_communication,APPLICABLE,1,1,1,0.88,2025-01-16 14:45:43,crm
EVID0000055,DSP000010,TXN0000641,order_confirmation,UNAVAILABLE,0,1,1,0.0,2025-01-29 15:23:00,billing
EVID0000056,DSP000010,TXN0000641,invoice,UNAVAILABLE,0,0,1,0.0,2025-02-08 02:33:34,billing
EVID0000057,DSP000010,TXN0000641,shipping_label,APPLICABLE,1,1,1,0.81,2025-01-15 14:17:26,logistics
EVID0000058,DSP000010,TXN0000641,tracking_number,UNAVAILABLE,0,1,1,0.0,2025-01-11 15:26:34,logistics
EVID0000059,DSP000010,TXN0000641,delivery_confirmation,UNAVAILABLE,0,1,1,0.0,2025-01-26 03:38:14,logistics
EVID0000060,DSP000010,TXN0000641,customer_communication,APPLICABLE,1,0,1,0.68,2025-01-22 03:09:46,crm
EVID0000061,DSP000011,TXN0000666,order_confirmation,APPLICABLE,1,1,1,0.68,2025-01-14 10:10:13,billing
EVID0000062,DSP000011,TXN0000666,invoice,APPLICABLE,1,1,1,0.92,2025-02-05 23:56:01,billing
EVID0000063,DSP000011,TXN0000666,shipping_label,APPLICABLE,1,0,0,0.92,2025-01-19 12:07:01,logistics
EVID0000064,DSP000011,TXN0000666,tracking_number,APPLICABLE,1,0,1,0.71,2025-02-13 16:17:38,logistics
EVID0000065,DSP000011,TXN0000666,delivery_confirmation,APPLICABLE,1,0,1,0.75,2025-02-10 01:27:01,logistics
EVID0000066,DSP000011,TXN0000666,customer_communication,UNAVAILABLE,0,1,1,0.0,2025-02-10 10:24:20,crm
EVID0000067,DSP000012,TXN0000713,order_confirmation,APPLICABLE,1,1,1,0.84,2025-01-13 17:11:22,billing
EVID0000068,DSP000012,TXN0000713,invoice,APPLICABLE,1,1,1,0.62,2025-01-10 11:27:52,billing
EVID0000069,DSP000012,TXN0000713,shipping_label,APPLICABLE,1,0,0,0.6,2025-01-05 14:03:06,logistics
EVID0000070,DSP000012,TXN0000713,tracking_number,UNAVAILABLE,0,0,1,0.0,2025-01-09 02:24:02,logistics
EVID0000071,DSP000012,TXN0000713,delivery_confirmation,UNAVAILABLE,0,0,1,0.0,2025-01-17 17:54:01,logistics
EVID0000072,DSP000012,TXN0000713,customer_communication,APPLICABLE,1,1,1,0.6,2025-01-11 14:48:26,crm
EVID0000073,DSP000013,TXN0000783,order_confirmation,APPLICABLE,1,1,1,0.89,2025-01-14 00:22:35,billing
EVID0000074,DSP000013,TXN0000783,invoice,APPLICABLE,1,1,1,0.72,2025-01-20 00:23:33,billing
EVID0000075,DSP000013,TXN0000783,shipping_label,APPLICABLE,1,0,1,0.77,2025-01-15 13:12:17,logistics
EVID0000076,DSP000013,TXN0000783,tracking_number,APPLICABLE,1,0,1,0.6,2025-01-07 21:07:58,logistics
EVID0000077,DSP000013,TXN0000783,delivery_confirmation,UNAVAILABLE,0,0,1,0.0,2025-01-10 20:12:28,logistics
EVID0000078,DSP000013,TXN0000783,customer_communication,APPLICABLE,1,0,1,0.78,2025-01-07 19:14:41,crm
EVID0000079,DSP000014,TXN0000796,order_confirmation,APPLICABLE,1,1,1,0.76,2025-01-17 12:53:45,billing
EVID0000080,DSP000014,TXN0000796,invoice,APPLICABLE,1,1,1,0.86,2025-01-10 19:58:37,billing
EVID0000081,DSP000014,TXN0000796,shipping_label,APPLICABLE,1,0,0,0.65,2025-01-22 14:05:09,logistics
EVID0000082,DSP000014,TXN0000796,tracking_number,APPLICABLE,1,0,0,0.85,2025-01-18 15:27:53,logistics
EVID0000083,DSP000014,TXN0000796,delivery_confirmation,APPLICABLE,1,0,1,0.61,2025-01-14 20:29:58,logistics
EVID0000084,DSP000014,TXN0000796,customer_communication,APPLICABLE,1,1,1,0.94,2025-01-18 14:51:05,crm
EVID0000085,DSP000015,TXN0000861,order_confirmation,APPLICABLE,1,1,1,0.61,2025-01-29 08:52:33,billing
EVID0000086,DSP000015,TXN0000861,invoice,APPLICABLE,1,0,0,0.95,2025-01-28 14:13:20,billing
EVID0000087,DSP000015,TXN0000861,shipping_label,NOT_APPLICABLE,0,0,0,0.0,2025-01-09 01:09:06,logistics
EVID0000088,DSP000015,TXN0000861,tracking_number,NOT_APPLICABLE,0,0,0,0.0,2025-01-06 22:07:45,logistics
EVID0000089,DSP000015,TXN0000861,delivery_confirmation,NOT_APPLICABLE,0,0,0,0.0,2025-01-09 22:59:06,logistics
EVID0000090,DSP000015,TXN0000861,customer_communication,APPLICABLE,1,1,1,0.85,2025-01-12 01:18:27,crm
EVID0000091,DSP000016,TXN0000954,order_confirmation,APPLICABLE,1,1,1,0.8,2025-01-23 12:10:34,billing
EVID0000092,DSP000016,TXN0000954,invoice,APPLICABLE,1,0,0,0.67,2025-01-23 08:30:30,billing
EVID0000093,DSP000016,TXN0000954,shipping_label,APPLICABLE,1,1,1,0.66,2025-02-02 18:09:00,logistics
EVID0000094,DSP000016,TXN0000954,tracking_number,APPLICABLE,1,1,1,0.67,2025-01-27 13:12:26,logistics
EVID0000095,DSP000016,TXN0000954,delivery_confirmation,APPLICABLE,1,1,1,0.89,2025-01-30 12:21:09,logistics
EVID0000096,DSP000016,TXN0000954,customer_communication,APPLICABLE,1,0,1,0.6,2025-01-17 00:48:30,crm
EVID0000097,DSP000017,TXN0000992,order_confirmation,APPLICABLE,1,1,1,0.64,2025-01-05 16:26:29,billing
EVID0000098,DSP000017,TXN0000992,invoice,APPLICABLE,1,0,1,0.93,2025-01-08 05:57:38,billing
EVID0000099,DSP000017,TXN0000992,shipping_label,NOT_APPLICABLE,0,0,0,0.0,2025-01-06 14:37:04,logistics
EVID0000100,DSP000017,TXN0000992,tracking_number,NOT_APPLICABLE,0,0,0,0.0,2025-01-07 01:18:00,logistics
EVID0000101,DSP000017,TXN0000992,delivery_confirmation,NOT_APPLICABLE,0,0,0,0.0,2025-01-05 16:00:16,logistics
EVID0000102,DSP000017,TXN0000992,customer_communication,APPLICABLE,1,0,1,0.66,2025-01-06 18:30:09,crm
EVID0000103,DSP000018,TXN0001134,order_confirmation,APPLICABLE,1,1,1,0.72,2025-01-12 00:07:00,billing
EVID0000104,DSP000018,TXN0001134,invoice,APPLICABLE,1,0,1,0.77,2025-01-17 18:17:39,billing
EVID0000105,DSP000018,TXN0001134,shipping_label,APPLICABLE,1,1,1,0.6,2025-01-09 22:45:14,logistics
EVID0000106,DSP000018,TXN0001134,tracking_number,APPLICABLE,1,1,1,0.74,2025-01-17 22:25:39,logistics
EVID0000107,DSP000018,TXN0001134,delivery_confirmation,APPLICABLE,1,1,1,0.69,2025-01-08 04:40:13,logistics
EVID0000108,DSP000018,TXN0001134,customer_communication,UNAVAILABLE,0,0,1,0.0,2025-01-12 20:32:18,crm
EVID0000109,DSP000019,TXN0001135,order_confirmation,APPLICABLE,1,1,1,0.61,2025-01-23 18:19:40,billing
EVID0000110,DSP000019,TXN0001135,invoice,APPLICABLE,1,0,1,0.6,2025-02-11 15:04:34,billing
EVID0000111,DSP000019,TXN0001135,shipping_label,APPLICABLE,1,0,0,0.67,2025-01-13 10:54:17,logistics
EVID0000112,DSP000019,TXN0001135,tracking_number,APPLICABLE,1,0,1,0.6,2025-01-31 19:06:31,logistics
EVID0000113,DSP000019,TXN0001135,delivery_confirmation,UNAVAILABLE,0,1,1,0.0,2025-02-12 09:51:08,logistics
EVID0000114,DSP000019,TXN0001135,customer_communication,APPLICABLE,1,1,1,0.77,2025-01-31 08:35:36,crm
EVID0000115,DSP000020,TXN0001292,order_confirmation,APPLICABLE,1,1,1,0.8,2025-01-09 05:33:42,billing
EVID0000116,DSP000020,TXN0001292,invoice,APPLICABLE,1,1,1,0.9,2025-01-06 09:14:23,billing
EVID0000117,DSP000020,TXN0001292,shipping_label,NOT_APPLICABLE,0,0,0,0.0,2025-01-06 22:41:42,logistics
EVID0000118,DSP000020,TXN0001292,tracking_number,NOT_APPLICABLE,0,0,0,0.0,2025-01-08 11:15:58,logistics
EVID0000119,DSP000020,TXN0001292,delivery_confirmation,NOT_APPLICABLE,0,0,0,0.0,2025-01-08 03:11:17,logistics
EVID0000120,DSP000020,TXN0001292,customer_communication,APPLICABLE,1,1,1,0.69,2025-01-07 17:16:33,crm
EVID0000121,DSP000021,TXN0001315,order_confirmation,UNAVAILABLE,0,1,1,0.0,2025-01-08 10:39:22,billing
EVID0000122,DSP000021,TXN0001315,invoice,UNAVAILABLE,0,1,1,0.0,2025-01-24 03:07:35,billing
EVID0000123,DSP000021,TXN0001315,shipping_label,NOT_APPLICABLE,0,0,0,0.0,2025-01-18 03:52:09,logistics
EVID0000124,DSP000021,TXN0001315,tracking_number,NOT_APPLICABLE,0,0,0,0.0,2025-01-08 01:04:43,logistics
EVID0000125,DSP000021,TXN0001315,delivery_confirmation,NOT_APPLICABLE,0,0,0,0.0,2025-01-24 19:50:32,logistics
EVID0000126,DSP000021,TXN0001315,customer_communication,APPLICABLE,1,1,1,0.82,2025-01-19 07:04:59,crm
EVID0000127,DSP000022,TXN0001326,order_confirmation,APPLICABLE,1,1,1,0.6,2025-01-12 04:02:45,billing
EVID0000128,DSP000022,TXN0001326,invoice,APPLICABLE,1,1,1,0.87,2025-01-13 01:45:06,billing
EVID0000129,DSP000022,TXN0001326,shipping_label,NOT_APPLICABLE,0,0,0,0.0,2025-01-08 09:42:24,logistics
EVID0000130,DSP000022,TXN0001326,tracking_number,NOT_APPLICABLE,0,0,0,0.0,2025-01-09 14:48:48,logistics
EVID0000131,DSP000022,TXN0001326,delivery_confirmation,NOT_APPLICABLE,0,0,0,0.0,2025-01-12 19:18:22,logistics
EVID0000132,DSP000022,TXN0001326,customer_communication,APPLICABLE,1,1,1,0.63,2025-01-16 23:43:28,crm
EVID0000133,DSP000023,TXN0001352,order_confirmation,APPLICABLE,1,1,1,0.93,2025-01-16 05:03:14,billing
EVID0000134,DSP000023,TXN0001352,invoice,APPLICABLE,1,0,0,0.61,2025-01-21 13:52:18,billing
EVID0000135,DSP000023,TXN0001352,shipping_label,NOT_APPLICABLE,0,0,0,0.0,2025-01-25 19:33:20,logistics
EVID0000136,DSP000023,TXN0001352,tracking_number,NOT_APPLICABLE,0,0,0,0.0,2025-01-24 13:45:45,logistics
EVID0000137,DSP000023,TXN0001352,delivery_confirmation,NOT_APPLICABLE,0,0,0,0.0,2025-01-27 17:07:10,logistics
EVID0000138,DSP000023,TXN0001352,customer_communication,APPLICABLE,1,0,1,0.91,2025-01-31 13:42:56,crm
EVID0000139,DSP000024,TXN0001358,order_confirmation,APPLICABLE,1,1,1,0.81,2025-01-07 05:35:21,billing
EVID0000140,DSP000024,TXN0001358,invoice,APPLICABLE,1,1,1,0.71,2025-01-10 13:24:53,billing
EVID0000141,DSP000024,TXN0001358,shipping_label,NOT_APPLICABLE,0,0,0,0.0,2025-01-06 17:04:01,logistics
EVID0000142,DSP000024,TXN0001358,tracking_number,NOT_APPLICABLE,0,0,0,0.0,2025-01-13 14:17:51,logistics
EVID0000143,DSP000024,TXN0001358,delivery_confirmation,NOT_APPLICABLE,0,0,0,0.0,2025-01-13 04:16:53,logistics
EVID0000144,DSP000024,TXN0001358,customer_communication,APPLICABLE,1,1,1,0.66,2025-01-09 05:57:57,crm
EVID0000145,DSP000025,TXN0001409,order_confirmation,APPLICABLE,1,1,1,0.92,2025-01-10 02:54:30,billing
EVID0000146,DSP000025,TXN0001409,invoice,APPLICABLE,1,0,0,0.88,2025-02-10 00:53:24,billing
EVID0000147,DSP000025,TXN0001409,shipping_label,NOT_APPLICABLE,0,0,0,0.0,2025-02-06 07:29:01,logistics
EVID0000148,DSP000025,TXN0001409,tracking_number,NOT_APPLICABLE,0,0,0,0.0,2025-01-09 12:47:18,logistics
EVID0000149,DSP000025,TXN0001409,delivery_confirmation,NOT_APPLICABLE,0,0,0,0.0,2025-01-17 18:55:55,logistics
EVID0000150,DSP000025,TXN0001409,customer_communication,APPLICABLE,1,0,1,0.64,2025-01-09 22:43:21,crm
EVID0000151,DSP000026,TXN0001453,order_confirmation,UNAVAILABLE,0,1,1,0.0,2025-01-12 14:07:01,billing
EVID0000152,DSP000026,TXN0001453,invoice,APPLICABLE,1,0,1,0.61,2025-01-13 13:41:39,billing
EVID0000153,DSP000026,TXN0001453,shipping_label,APPLICABLE,1,0,1,0.78,2025-01-23 01:10:38,logistics
EVID0000154,DSP000026,TXN0001453,tracking_number,UNAVAILABLE,0,0,0,0.0,2025-01-18 14:14:37,logistics
EVID0000155,DSP000026,TXN0001453,delivery_confirmation,APPLICABLE,1,1,1,0.68,2025-01-12 00:16:17,logistics
EVID0000156,DSP000026,TXN0001453,customer_communication,UNAVAILABLE,0,1,1,0.0,2025-01-19 21:35:45,crm
EVID0000157,DSP000027,TXN0001509,order_confirmation,APPLICABLE,1,1,1,0.63,2025-01-14 04:48:27,billing
EVID0000158,DSP000027,TXN0001509,invoice,APPLICABLE,1,1,1,0.66,2025-01-12 22:38:57,billing
EVID0000159,DSP000027,TXN0001509,shipping_label,NOT_APPLICABLE,0,0,0,0.0,2025-01-10 03:45:07,logistics
EVID0000160,DSP000027,TXN0001509,tracking_number,NOT_APPLICABLE,0,0,0,0.0,2025-01-16 17:30:39,logistics
EVID0000161,DSP000027,TXN0001509,delivery_confirmation,NOT_APPLICABLE,0,0,0,0.0,2025-01-12 22:44:14,logistics
EVID0000162,DSP000027,TXN0001509,customer_communication,APPLICABLE,1,1,1,0.62,2025-01-17 00:10:27,crm
EVID0000163,DSP000028,TXN0001540,order_confirmation,UNAVAILABLE,0,1,1,0.0,2025-01-17 20:12:56,billing
EVID0000164,DSP000028,TXN0001540,invoice,APPLICABLE,1,1,1,0.82,2025-01-15 23:30:12,billing
EVID0000165,DSP000028,TXN0001540,shipping_label,UNAVAILABLE,0,0,0,0.0,2025-01-17 15:51:45,logistics
EVID0000166,DSP000028,TXN0001540,tracking_number,APPLICABLE,1,0,1,0.77,2025-01-17 08:35:40,logistics
EVID0000167,DSP000028,TXN0001540,delivery_confirmation,APPLICABLE,1,0,0,0.65,2025-01-18 17:10:18,logistics
EVID0000168,DSP000028,TXN0001540,customer_communication,UNAVAILABLE,0,1,1,0.0,2025-01-08 16:40:02,crm
EVID0000169,DSP000029,TXN0001561,order_confirmation,UNAVAILABLE,0,1,1,0.0,2025-01-10 09:23:09,billing
EVID0000170,DSP000029,TXN0001561,invoice,APPLICABLE,1,1,1,0.78,2025-01-26 23:51:18,billing
EVID0000171,DSP000029,TXN0001561,shipping_label,NOT_APPLICABLE,0,0,0,0.0,2025-02-11 19:11:51,logistics
EVID0000172,DSP000029,TXN0001561,tracking_number,NOT_APPLICABLE,0,0,0,0.0,2025-01-23 22:05:00,logistics
EVID0000173,DSP000029,TXN0001561,delivery_confirmation,NOT_APPLICABLE,0,0,0,0.0,2025-02-15 07:31:30,logistics
EVID0000174,DSP000029,TXN0001561,customer_communication,APPLICABLE,1,0,1,0.66,2025-02-18 06:41:18,crm
EVID0000175,DSP000030,TXN0001568,order_confirmation,UNAVAILABLE,0,1,1,0.0,2025-01-20 11:48:30,billing
EVID0000176,DSP000030,TXN0001568,invoice,APPLICABLE,1,1,1,0.76,2025-01-18 08:44:08,billing
EVID0000177,DSP000030,TXN0001568,shipping_label,NOT_APPLICABLE,0,0,0,0.0,2025-01-10 21:03:41,logistics
EVID0000178,DSP000030,TXN0001568,tracking_number,NOT_APPLICABLE,0,0,0,0.0,2025-01-17 17:09:47,logistics
EVID0000179,DSP000030,TXN0001568,delivery_confirmation,NOT_APPLICABLE,0,0,0,0.0,2025-01-11 22:17:20,logistics
EVID0000180,DSP000030,TXN0001568,customer_communication,APPLICABLE,1,1,1,0.92,2025-01-14 05:39:49,crm
EVID0000181,DSP000031,TXN0001569,order_confirmation,APPLICABLE,1,1,1,0.71,2025-01-28 23:42:13,billing
EVID0000182,DSP000031,TXN0001569,invoice,APPLICABLE,1,1,1,0.72,2025-02-03 04:35:39,billing
EVID0000183,DSP000031,TXN0001569,shipping_label,APPLICABLE,1,0,0,0.85,2025-01-12 05:29:26,logistics
EVID0000184,DSP000031,TXN0001569,tracking_number,APPLICABLE,1,0,0,0.64,2025-01-09 22:21:30,logistics
EVID0000185,DSP000031,TXN0001569,delivery_confirmation,APPLICABLE,1,0,0,0.96,2025-02-08 03:13:21,logistics
EVID0000186,DSP000031,TXN0001569,customer_communication,UNAVAILABLE,0,1,1,0.0,2025-02-02 17:14:58,crm
EVID0000187,DSP000032,TXN0001590,order_confirmation,APPLICABLE,1,1,1,0.61,2025-01-12 11:47:58,billing
EVID0000188,DSP000032,TXN0001590,invoice,APPLICABLE,1,1,1,0.76,2025-01-13 10:52:33,billing
EVID0000189,DSP000032,TXN0001590,shipping_label,UNAVAILABLE,0,0,1,0.0,2025-01-13 09:37:42,logistics
EVID0000190,DSP000032,TXN0001590,tracking_number,APPLICABLE,1,0,1,0.74,2025-01-10 03:40:52,logistics
EVID0000191,DSP000032,TXN0001590,delivery_confirmation,UNAVAILABLE,0,0,0,0.0,2025-01-12 10:14:03,logistics
EVID0000192,DSP000032,TXN0001590,customer_communication,APPLICABLE,1,1,1,0.83,2025-01-08 06:30:05,crm
EVID0000193,DSP000033,TXN0001641,order_confirmation,APPLICABLE,1,1,1,0.87,2025-01-20 14:19:18,billing
EVID0000194,DSP000033,TXN0001641,invoice,APPLICABLE,1,0,1,0.68,2025-01-29 19:27:39,billing
EVID0000195,DSP000033,TXN0001641,shipping_label,APPLICABLE,1,1,1,0.73,2025-01-21 13:40:37,logistics
EVID0000196,DSP000033,TXN0001641,tracking_number,APPLICABLE,1,1,1,0.77,2025-01-28 06:10:37,logistics
EVID0000197,DSP000033,TXN0001641,delivery_confirmation,APPLICABLE,1,1,1,0.63,2025-02-03 16:51:17,logistics
EVID0000198,DSP000033,TXN0001641,customer_communication,APPLICABLE,1,0,1,0.69,2025-01-31 08:21:03,crm
EVID0000199,DSP000034,TXN0001659,order_confirmation,UNAVAILABLE,0,1,1,0.0,2025-01-13 01:21:31,billing
EVID0000200,DSP000034,TXN0001659,invoice,UNAVAILABLE,0,1,1,0.0,2025-01-09 04:36:28,billing
EVID0000201,DSP000034,TXN0001659,shipping_label,NOT_APPLICABLE,0,0,0,0.0,2025-01-09 06:02:57,logistics
EVID0000202,DSP000034,TXN0001659,tracking_number,NOT_APPLICABLE,0,0,0,0.0,2025-01-15 09:13:36,logistics
EVID0000203,DSP000034,TXN0001659,delivery_confirmation,NOT_APPLICABLE,0,0,0,0.0,2025-01-09 03:50:24,logistics
EVID0000204,DSP000034,TXN0001659,customer_communication,APPLICABLE,1,1,1,0.75,2025-01-08 23:44:56,crm
EVID0000205,DSP000035,TXN0001696,order_confirmation,UNAVAILABLE,0,1,1,0.0,2025-02-02 16:02:06,billing
EVID0000206,DSP000035,TXN0001696,invoice,UNAVAILABLE,0,0,1,0.0,2025-01-15 12:39:02,billing
EVID0000207,DSP000035,TXN0001696,shipping_label,NOT_APPLICABLE,0,0,0,0.0,2025-01-10 15:29:52,logistics
EVID0000208,DSP000035,TXN0001696,tracking_number,NOT_APPLICABLE,0,0,0,0.0,2025-02-01 12:53:29,logistics
EVID0000209,DSP000035,TXN0001696,delivery_confirmation,NOT_APPLICABLE,0,0,0,0.0,2025-01-11 18:33:53,logistics
EVID0000210,DSP000035,TXN0001696,customer_communication,APPLICABLE,1,0,0,0.63,2025-01-16 21:43:48,crm
EVID0000211,DSP000036,TXN0001828,order_confirmation,APPLICABLE,1,1,1,0.91,2025-01-19 23:47:04,billing
EVID0000212,DSP000036,TXN0001828,invoice,APPLICABLE,1,1,1,0.84,2025-01-28 04:11:05,billing
EVID0000213,DSP000036,TXN0001828,shipping_label,APPLICABLE,1,0,1,0.6,2025-01-14 09:25:48,logistics
EVID0000214,DSP000036,TXN0001828,tracking_number,APPLICABLE,1,0,0,0.8,2025-02-05 05:28:19,logistics
EVID0000215,DSP000036,TXN0001828,delivery_confirmation,APPLICABLE,1,0,1,0.92,2025-01-20 12:36:50,logistics
EVID0000216,DSP000036,TXN0001828,customer_communication,APPLICABLE,1,1,1,0.91,2025-02-05 16:14:30,crm
EVID0000217,DSP000037,TXN0001975,order_confirmation,APPLICABLE,1,1,1,0.6,2025-01-11 15:48:25,billing
EVID0000218,DSP000037,TXN0001975,invoice,APPLICABLE,1,0,0,0.96,2025-01-13 02:29:23,billing
EVID0000219,DSP000037,TXN0001975,shipping_label,APPLICABLE,1,0,0,0.79,2025-01-12 15:45:23,logistics
EVID0000220,DSP000037,TXN0001975,tracking_number,APPLICABLE,1,0,1,0.61,2025-01-12 13:04:12,logistics
EVID0000221,DSP000037,TXN0001975,delivery_confirmation,APPLICABLE,1,1,1,0.72,2025-01-12 06:53:19,logistics
EVID0000222,DSP000037,TXN0001975,customer_communication,APPLICABLE,1,1,1,0.95,2025-01-11 00:49:39,crm
EVID0000223,DSP000038,TXN0002047,order_confirmation,UNAVAILABLE,0,1,1,0.0,2025-01-17 01:40:21,billing
EVID0000224,DSP000038,TXN0002047,invoice,APPLICABLE,1,1,1,0.79,2025-01-15 05:41:30,billing
EVID0000225,DSP000038,TXN0002047,shipping_label,NOT_APPLICABLE,0,0,0,0.0,2025-01-15 21:22:44,logistics
EVID0000226,DSP000038,TXN0002047,tracking_number,NOT_APPLICABLE,0,0,0,0.0,2025-01-19 01:12:33,logistics
EVID0000227,DSP000038,TXN0002047,delivery_confirmation,NOT_APPLICABLE,0,0,0,0.0,2025-01-12 14:53:21,logistics
EVID0000228,DSP000038,TXN0002047,customer_communication,UNAVAILABLE,0,1,1,0.0,2025-01-25 17:56:06,crm
EVID0000229,DSP000039,TXN0002061,order_confirmation,APPLICABLE,1,1,1,0.78,2025-01-24 20:04:15,billing
EVID0000230,DSP000039,TXN0002061,invoice,APPLICABLE,1,1,1,0.82,2025-02-14 23:41:00,billing
EVID0000231,DSP000039,TXN0002061,shipping_label,APPLICABLE,1,0,1,0.69,2025-01-13 00:12:59,logistics
EVID0000232,DSP000039,TXN0002061,tracking_number,APPLICABLE,1,0,0,0.68,2025-01-09 22:33:03,logistics
EVID0000233,DSP000039,TXN0002061,delivery_confirmation,APPLICABLE,1,0,1,0.6,2025-01-31 17:38:20,logistics
EVID0000234,DSP000039,TXN0002061,customer_communication,UNAVAILABLE,0,1,1,0.0,2025-02-08 15:24:02,crm
EVID0000235,DSP000040,TXN0002212,order_confirmation,APPLICABLE,1,1,1,0.73,2025-01-12 20:33:12,billing
EVID0000236,DSP000040,TXN0002212,invoice,UNAVAILABLE,0,1,1,0.0,2025-01-16 09:49:02,billing
EVID0000237,DSP000040,TXN0002212,shipping_label,NOT_APPLICABLE,0,0,0,0.0,2025-01-13 11:42:46,logistics
EVID0000238,DSP000040,TXN0002212,tracking_number,NOT_APPLICABLE,0,0,0,0.0,2025-01-11 21:02:54,logistics
EVID0000239,DSP000040,TXN0002212,delivery_confirmation,NOT_APPLICABLE,0,0,0,0.0,2025-01-14 12:07:26,logistics
EVID0000240,DSP000040,TXN0002212,customer_communication,UNAVAILABLE,0,1,1,0.0,2025-01-11 02:30:16,crm
EVID0000241,DSP000041,TXN0002352,order_confirmation,APPLICABLE,1,1,1,0.74,2025-01-14 12:16:50,billing
EVID0000242,DSP000041,TXN0002352,invoice,APPLICABLE,1,1,1,0.82,2025-01-21 07:38:50,billing
EVID0000243,DSP000041,TXN0002352,shipping_label,NOT_APPLICABLE,0,0,0,0.0,2025-01-23 20:50:01,logistics
EVID0000244,DSP000041,TXN0002352,tracking_number,NOT_APPLICABLE,0,0,0,0.0,2025-01-27 18:13:41,logistics
EVID0000245,DSP000041,TXN0002352,delivery_confirmation,NOT_APPLICABLE,0,0,0,0.0,2025-01-18 00:36:55,logistics
EVID0000246,DSP000041,TXN0002352,customer_communication,APPLICABLE,1,1,1,0.82,2025-01-25 12:42:52,crm
EVID0000247,DSP000042,TXN0002467,order_confirmation,APPLICABLE,1,1,1,0.68,2025-01-13 02:47:22,billing
EVID0000248,DSP000042,TXN0002467,invoice,APPLICABLE,1,0,0,0.84,2025-01-11 22:16:31,billing
EVID0000249,DSP000042,TXN0002467,shipping_label,NOT_APPLICABLE,0,0,0,0.0,2025-01-12 02:44:49,logistics
EVID0000250,DSP000042,TXN0002467,tracking_number,NOT_APPLICABLE,0,0,0,0.0,2025-01-12 21:42:18,logistics
EVID0000251,DSP000042,TXN0002467,delivery_confirmation,NOT_APPLICABLE,0,0,0,0.0,2025-01-11 23:59:59,logistics
EVID0000252,DSP000042,TXN0002467,customer_communication,APPLICABLE,1,0,0,0.84,2025-01-11 22:46:39,crm
EVID0000253,DSP000043,TXN0002500,order_confirmation,APPLICABLE,1,1,1,0.75,2025-01-25 01:51:39,billing
EVID0000254,DSP000043,TXN0002500,invoice,APPLICABLE,1,0,0,0.81,2025-02-09 18:16:08,billing
EVID0000255,DSP000043,TXN0002500,shipping_label,APPLICABLE,1,0,1,0.85,2025-01-21 14:59:32,logistics
EVID0000256,DSP000043,TXN0002500,tracking_number,APPLICABLE,1,0,0,0.91,2025-02-15 05:40:11,logistics
EVID0000257,DSP000043,TXN0002500,delivery_confirmation,APPLICABLE,1,1,1,0.78,2025-01-28 01:04:32,logistics
EVID0000258,DSP000043,TXN0002500,customer_communication,APPLICABLE,1,1,1,0.92,2025-01-21 06:47:57,crm
EVID0000259,DSP000044,TXN0002525,order_confirmation,APPLICABLE,1,1,1,0.9,2025-01-13 21:43:59,billing
EVID0000260,DSP000044,TXN0002525,invoice,APPLICABLE,1,1,1,0.76,2025-01-15 22:05:00,billing
EVID0000261,DSP000044,TXN0002525,shipping_label,NOT_APPLICABLE,0,0,0,0.0,2025-02-11 05:32:34,logistics
EVID0000262,DSP000044,TXN0002525,tracking_number,NOT_APPLICABLE,0,0,0,0.0,2025-02-01 00:02:58,logistics
EVID0000263,DSP000044,TXN0002525,delivery_confirmation,NOT_APPLICABLE,0,0,0,0.0,2025-01-24 20:54:13,logistics
EVID0000264,DSP000044,TXN0002525,customer_communication,UNAVAILABLE,0,1,1,0.0,2025-01-13 13:54:46,crm
EVID0000265,DSP000045,TXN0002733,order_confirmation,APPLICABLE,1,1,1,0.73,2025-02-04 23:59:12,billing
EVID0000266,DSP000045,TXN0002733,invoice,APPLICABLE,1,1,1,0.62,2025-01-18 13:48:47,billing
EVID0000267,DSP000045,TXN0002733,shipping_label,NOT_APPLICABLE,0,0,0,0.0,2025-01-16 03:20:28,logistics
EVID0000268,DSP000045,TXN0002733,tracking_number,NOT_APPLICABLE,0,0,0,0.0,2025-01-30 05:00:40,logistics
EVID0000269,DSP000045,TXN0002733,delivery_confirmation,NOT_APPLICABLE,0,0,0,0.0,2025-01-22 22:36:03,logistics
EVID0000270,DSP000045,TXN0002733,customer_communication,APPLICABLE,1,1,1,0.6,2025-01-25 14:35:24,crm
EVID0000271,DSP000046,TXN0002757,order_confirmation,APPLICABLE,1,1,1,0.74,2025-01-15 23:32:18,billing
EVID0000272,DSP000046,TXN0002757,invoice,APPLICABLE,1,1,1,0.74,2025-02-14 20:58:09,billing
EVID0000273,DSP000046,TXN0002757,shipping_label,NOT_APPLICABLE,0,0,0,0.0,2025-01-19 13:32:01,logistics
EVID0000274,DSP000046,TXN0002757,tracking_number,NOT_APPLICABLE,0,0,0,0.0,2025-02-07 19:31:54,logistics
EVID0000275,DSP000046,TXN0002757,delivery_confirmation,NOT_APPLICABLE,0,0,0,0.0,2025-01-14 01:50:55,logistics
EVID0000276,DSP000046,TXN0002757,customer_communication,APPLICABLE,1,1,1,0.85,2025-01-30 06:02:27,crm
EVID0000277,DSP000047,TXN0002784,order_confirmation,UNAVAILABLE,0,1,1,0.0,2025-01-18 13:39:09,billing
EVID0000278,DSP000047,TXN0002784,invoice,APPLICABLE,1,0,0,0.67,2025-01-14 09:54:06,billing
EVID0000279,DSP000047,TXN0002784,shipping_label,APPLICABLE,1,1,1,0.6,2025-01-27 08:18:53,logistics
EVID0000280,DSP000047,TXN0002784,tracking_number,UNAVAILABLE,0,1,1,0.0,2025-01-30 02:01:03,logistics
EVID0000281,DSP000047,TXN0002784,delivery_confirmation,UNAVAILABLE,0,1,1,0.0,2025-01-14 07:38:55,logistics
EVID0000282,DSP000047,TXN0002784,customer_communication,UNAVAILABLE,0,0,1,0.0,2025-01-29 18:02:44,crm
EVID0000283,DSP000048,TXN0002833,order_confirmation,APPLICABLE,1,1,1,0.79,2025-01-28 16:42:29,billing
EVID0000284,DSP000048,TXN0002833,invoice,APPLICABLE,1,1,1,0.6,2025-01-15 00:04:22,billing
EVID0000285,DSP000048,TXN0002833,shipping_label,APPLICABLE,1,0,1,0.66,2025-01-21 02:13:26,logistics
EVID0000286,DSP000048,TXN0002833,tracking_number,APPLICABLE,1,0,0,0.76,2025-01-26 02:20:49,logistics
EVID0000287,DSP000048,TXN0002833,delivery_confirmation,APPLICABLE,1,0,0,0.81,2025-01-22 08:55:24,logistics
EVID0000288,DSP000048,TXN0002833,customer_communication,APPLICABLE,1,1,1,0.65,2025-01-27 13:45:10,crm
EVID0000289,DSP000049,TXN0002914,order_confirmation,APPLICABLE,1,1,1,0.87,2025-01-22 17:41:19,billing
EVID0000290,DSP000049,TXN0002914,invoice,UNAVAILABLE,0,0,0,0.0,2025-01-13 07:56:55,billing
EVID0000291,DSP000049,TXN0002914,shipping_label,NOT_APPLICABLE,0,0,0,0.0,2025-01-17 01:59:41,logistics
EVID0000292,DSP000049,TXN0002914,tracking_number,NOT_APPLICABLE,0,0,0,0.0,2025-01-30 14:35:22,logistics
EVID0000293,DSP000049,TXN0002914,delivery_confirmation,NOT_APPLICABLE,0,0,0,0.0,2025-01-20 19:01:18,logistics
EVID0000294,DSP000049,TXN0002914,customer_communication,APPLICABLE,1,1,1,0.8,2025-01-22 17:21:00,crm
EVID0000295,DSP000050,TXN0002921,order_confirmation,APPLICABLE,1,1,1,0.76,2025-01-15 08:42:19,billing
EVID0000296,DSP000050,TXN0002921,invoice,APPLICABLE,1,1,1,0.78,2025-01-22 00:34:55,billing
EVID0000297,DSP000050,TXN0002921,shipping_label,NOT_APPLICABLE,0,0,0,0.0,2025-01-13 16:17:38,logistics
EVID0000298,DSP000050,TXN0002921,tracking_number,NOT_APPLICABLE,0,0,0,0.0,2025-01-24 03:55:55,logistics
EVID0000299,DSP000050,TXN0002921,delivery_confirmation,NOT_APPLICABLE,0,0,0,0.0,2025-01-18 03:18:44,logistics
EVID0000300,DSP000050,TXN0002921,customer_communication,APPLICABLE,1,1,1,0.79,2025-01-17 13:59:41,crm
EVID0000301,DSP000051,TXN0002948,order_confirmation,APPLICABLE,1,1,1,0.6,2025-01-23 14:25:51,billing
EVID0000302,DSP000051,TXN0002948,invoice,APPLICABLE,1,1,1,0.69,2025-01-13 22:16:37,billing
EVID0000303,DSP000051,TXN0002948,shipping_label,UNAVAILABLE,0,0,0,0.0,2025-01-22 03:43:07,logistics
EVID0000304,DSP000051,TXN0002948,tracking_number,UNAVAILABLE,0,0,1,0.0,2025-02-01 02:57:09,logistics
EVID0000305,DSP000051,TXN0002948,delivery_confirmation,APPLICABLE,1,0,1,0.79,2025-01-28 17:09:32,logistics
EVID0000306,DSP000051,TXN0002948,customer_communication,APPLICABLE,1,1,1,0.73,2025-01-26 07:18:07,crm
EVID0000307,DSP000052,TXN0002995,order_confirmation,APPLICABLE,1,1,1,0.89,2025-01-25 06:29:07,billing
EVID0000308,DSP000052,TXN0002995,invoice,APPLICABLE,1,0,0,0.84,2025-01-22 14:33:52,billing
EVID0000309,DSP000052,TXN0002995,shipping_label,UNAVAILABLE,0,1,1,0.0,2025-01-29 09:34:58,logistics
EVID0000310,DSP000052,TXN0002995,tracking_number,APPLICABLE,1,1,1,0.69,2025-01-25 22:06:11,logistics
EVID0000311,DSP000052,TXN0002995,delivery_confirmation,UNAVAILABLE,0,1,1,0.0,2025-01-20 22:38:37,logistics
EVID0000312,DSP000052,TXN0002995,customer_communication,APPLICABLE,1,0,1,0.65,2025-01-13 13:48:48,crm
EVID0000313,DSP000053,TXN0003080,order_confirmation,APPLICABLE,1,1,1,0.75,2025-01-19 20:44:36,billing
EVID0000314,DSP000053,TXN0003080,invoice,APPLICABLE,1,1,1,0.84,2025-01-14 08:23:04,billing
EVID0000315,DSP000053,TXN0003080,shipping_label,NOT_APPLICABLE,0,0,0,0.0,2025-01-16 01:14:49,logistics
EVID0000316,DSP000053,TXN0003080,tracking_number,NOT_APPLICABLE,0,0,0,0.0,2025-01-27 21:37:33,logistics
EVID0000317,DSP000053,TXN0003080,delivery_confirmation,NOT_APPLICABLE,0,0,0,0.0,2025-01-23 23:14:59,logistics
EVID0000318,DSP000053,TXN0003080,customer_communication,APPLICABLE,1,1,1,0.67,2025-01-21 19:28:31,crm
EVID0000319,DSP000054,TXN0003175,order_confirmation,APPLICABLE,1,1,1,0.69,2025-01-19 09:22:02,billing
EVID0000320,DSP000054,TXN0003175,invoice,UNAVAILABLE,0,1,1,0.0,2025-02-01 11:24:55,billing
EVID0000321,DSP000054,TXN0003175,shipping_label,NOT_APPLICABLE,0,0,0,0.0,2025-02-10 18:24:14,logistics
EVID0000322,DSP000054,TXN0003175,tracking_number,NOT_APPLICABLE,0,0,0,0.0,2025-01-23 00:05:17,logistics
EVID0000323,DSP000054,TXN0003175,delivery_confirmation,NOT_APPLICABLE,0,0,0,0.0,2025-01-26 03:24:12,logistics
EVID0000324,DSP000054,TXN0003175,customer_communication,UNAVAILABLE,0,1,1,0.0,2025-01-15 22:20:39,crm
EVID0000325,DSP000055,TXN0003259,order_confirmation,UNAVAILABLE,0,1,1,0.0,2025-01-15 11:51:59,billing
EVID0000326,DSP000055,TXN0003259,invoice,APPLICABLE,1,1,1,0.6,2025-01-16 12:12:52,billing
EVID0000327,DSP000055,TXN0003259,shipping_label,NOT_APPLICABLE,0,0,0,0.0,2025-01-16 21:59:00,logistics
EVID0000328,DSP000055,TXN0003259,tracking_number,NOT_APPLICABLE,0,0,0,0.0,2025-01-14 17:21:42,logistics
EVID0000329,DSP000055,TXN0003259,delivery_confirmation,NOT_APPLICABLE,0,0,0,0.0,2025-01-16 07:15:35,logistics
EVID0000330,DSP000055,TXN0003259,customer_communication,APPLICABLE,1,1,1,0.8,2025-01-16 04:53:18,crm
EVID0000331,DSP000056,TXN0003279,order_confirmation,APPLICABLE,1,1,1,0.91,2025-01-30 13:15:21,billing
EVID0000332,DSP000056,TXN0003279,invoice,APPLICABLE,1,0,1,0.63,2025-01-24 06:40:08,billing
EVID0000333,DSP000056,TXN0003279,shipping_label,NOT_APPLICABLE,0,0,0,0.0,2025-01-22 06:46:41,logistics
EVID0000334,DSP000056,TXN0003279,tracking_number,NOT_APPLICABLE,0,0,0,0.0,2025-01-24 03:10:40,logistics
EVID0000335,DSP000056,TXN0003279,delivery_confirmation,NOT_APPLICABLE,0,0,0,0.0,2025-01-31 06:54:58,logistics
EVID0000336,DSP000056,TXN0003279,customer_communication,APPLICABLE,1,1,1,0.65,2025-01-21 12:59:39,crm
EVID0000337,DSP000057,TXN0003486,order_confirmation,APPLICABLE,1,1,1,0.64,2025-01-23 08:37:10,billing
EVID0000338,DSP000057,TXN0003486,invoice,APPLICABLE,1,0,0,0.68,2025-01-19 21:22:43,billing
EVID0000339,DSP000057,TXN0003486,shipping_label,NOT_APPLICABLE,0,0,0,0.0,2025-01-23 12:13:40,logistics
EVID0000340,DSP000057,TXN0003486,tracking_number,NOT_APPLICABLE,0,0,0,0.0,2025-01-24 08:51:16,logistics
EVID0000341,DSP000057,TXN0003486,delivery_confirmation,NOT_APPLICABLE,0,0,0,0.0,2025-01-26 05:54:21,logistics
EVID0000342,DSP000057,TXN0003486,customer_communication,APPLICABLE,1,1,1,0.73,2025-01-17 09:38:01,crm
EVID0000343,DSP000058,TXN0003490,order_confirmation,APPLICABLE,1,1,1,0.65,2025-02-04 13:23:13,billing
EVID0000344,DSP000058,TXN0003490,invoice,UNAVAILABLE,0,1,1,0.0,2025-01-15 07:56:36,billing
EVID0000345,DSP000058,TXN0003490,shipping_label,NOT_APPLICABLE,0,0,0,0.0,2025-01-22 16:43:36,logistics
EVID0000346,DSP000058,TXN0003490,tracking_number,NOT_APPLICABLE,0,0,0,0.0,2025-01-22 06:50:46,logistics
EVID0000347,DSP000058,TXN0003490,delivery_confirmation,NOT_APPLICABLE,0,0,0,0.0,2025-01-20 10:08:50,logistics
EVID0000348,DSP000058,TXN0003490,customer_communication,UNAVAILABLE,0,1,1,0.0,2025-01-25 18:08:05,crm
EVID0000349,DSP000059,TXN0003583,order_confirmation,APPLICABLE,1,1,1,0.6,2025-02-07 05:25:54,billing
EVID0000350,DSP000059,TXN0003583,invoice,APPLICABLE,1,0,1,0.71,2025-02-06 02:23:57,billing
EVID0000351,DSP000059,TXN0003583,shipping_label,APPLICABLE,1,1,1,0.69,2025-02-06 02:50:05,logistics
EVID0000352,DSP000059,TXN0003583,tracking_number,APPLICABLE,1,1,1,0.76,2025-02-17 10:50:39,logistics
EVID0000353,DSP000059,TXN0003583,delivery_confirmation,APPLICABLE,1,1,1,0.86,2025-01-26 00:39:41,logistics
EVID0000354,DSP000059,TXN0003583,customer_communication,APPLICABLE,1,0,1,0.62,2025-02-09 11:14:32,crm
EVID0000355,DSP000060,TXN0003640,order_confirmation,APPLICABLE,1,1,1,0.65,2025-01-22 17:14:31,billing
EVID0000356,DSP000060,TXN0003640,invoice,APPLICABLE,1,1,1,0.75,2025-01-28 08:11:49,billing
EVID0000357,DSP000060,TXN0003640,shipping_label,NOT_APPLICABLE,0,0,0,0.0,2025-01-23 23:11:08,logistics
EVID0000358,DSP000060,TXN0003640,tracking_number,NOT_APPLICABLE,0,0,0,0.0,2025-01-18 02:19:35,logistics
EVID0000359,DSP000060,TXN0003640,delivery_confirmation,NOT_APPLICABLE,0,0,0,0.0,2025-01-21 12:44:43,logistics
EVID0000360,DSP000060,TXN0003640,customer_communication,UNAVAILABLE,0,0,1,0.0,2025-01-23 08:45:24,crm
EVID0000361,DSP000061,TXN0003658,order_confirmation,UNAVAILABLE,0,1,1,0.0,2025-01-16 11:39:55,billing
EVID0000362,DSP000061,TXN0003658,invoice,UNAVAILABLE,0,0,1,0.0,2025-01-17 00:21:29,billing
EVID0000363,DSP000061,TXN0003658,shipping_label,NOT_APPLICABLE,0,0,0,0.0,2025-01-21 20:04:04,logistics
EVID0000364,DSP000061,TXN0003658,tracking_number,NOT_APPLICABLE,0,0,0,0.0,2025-01-27 10:13:25,logistics
EVID0000365,DSP000061,TXN0003658,delivery_confirmation,NOT_APPLICABLE,0,0,0,0.0,2025-01-30 17:31:46,logistics
EVID0000366,DSP000061,TXN0003658,customer_communication,UNAVAILABLE,0,0,1,0.0,2025-01-17 15:51:43,crm
EVID0000367,DSP000062,TXN0004122,order_confirmation,UNAVAILABLE,0,1,1,0.0,2025-01-27 10:19:19,billing
EVID0000368,DSP000062,TXN0004122,invoice,APPLICABLE,1,0,1,0.69,2025-02-05 15:09:21,billing
EVID0000369,DSP000062,TXN0004122,shipping_label,APPLICABLE,1,1,1,0.89,2025-02-10 23:46:47,logistics
EVID0000370,DSP000062,TXN0004122,tracking_number,APPLICABLE,1,1,1,0.69,2025-02-06 09:25:04,logistics
EVID0000371,DSP000062,TXN0004122,delivery_confirmation,APPLICABLE,1,1,1,0.68,2025-01-29 20:03:03,logistics
EVID0000372,DSP000062,TXN0004122,customer_communication,APPLICABLE,1,0,1,0.73,2025-01-25 03:43:18,crm
EVID0000373,DSP000063,TXN0004170,order_confirmation,APPLICABLE,1,1,1,0.66,2025-03-02 16:19:13,billing
EVID0000374,DSP000063,TXN0004170,invoice,APPLICABLE,1,1,1,0.73,2025-02-23 19:14:00,billing
EVID0000375,DSP000063,TXN0004170,shipping_label,NOT_APPLICABLE,0,0,0,0.0,2025-03-01 02:46:56,logistics
EVID0000376,DSP000063,TXN0004170,tracking_number,NOT_APPLICABLE,0,0,0,0.0,2025-02-24 17:27:54,logistics
EVID0000377,DSP000063,TXN0004170,delivery_confirmation,NOT_APPLICABLE,0,0,0,0.0,2025-03-02 07:56:17,logistics
EVID0000378,DSP000063,TXN0004170,customer_communication,APPLICABLE,1,1,1,0.81,2025-01-23 12:28:46,crm
EVID0000379,DSP000064,TXN0004205,order_confirmation,UNAVAILABLE,0,1,1,0.0,2025-01-31 00:05:50,billing
EVID0000380,DSP000064,TXN0004205,invoice,APPLICABLE,1,1,1,0.6,2025-01-29 16:59:05,billing
EVID0000381,DSP000064,TXN0004205,shipping_label,NOT_APPLICABLE,0,0,0,0.0,2025-01-19 15:37:09,logistics
EVID0000382,DSP000064,TXN0004205,tracking_number,NOT_APPLICABLE,0,0,0,0.0,2025-01-31 23:04:38,logistics
EVID0000383,DSP000064,TXN0004205,delivery_confirmation,NOT_APPLICABLE,0,0,0,0.0,2025-01-24 11:32:00,logistics
EVID0000384,DSP000064,TXN0004205,customer_communication,UNAVAILABLE,0,1,1,0.0,2025-01-21 09:03:41,crm
EVID0000385,DSP000065,TXN0004218,order_confirmation,APPLICABLE,1,1,1,0.69,2025-01-24 21:24:09,billing
EVID0000386,DSP000065,TXN0004218,invoice,UNAVAILABLE,0,1,1,0.0,2025-01-25 05:29:52,billing
EVID0000387,DSP000065,TXN0004218,shipping_label,NOT_APPLICABLE,0,0,0,0.0,2025-01-25 16:08:14,logistics
EVID0000388,DSP000065,TXN0004218,tracking_number,NOT_APPLICABLE,0,0,0,0.0,2025-01-22 07:07:08,logistics
EVID0000389,DSP000065,TXN0004218,delivery_confirmation,NOT_APPLICABLE,0,0,0,0.0,2025-01-29 23:25:05,logistics
EVID0000390,DSP000065,TXN0004218,customer_communication,APPLICABLE,1,1,1,0.82,2025-01-27 14:40:54,crm
EVID0000391,DSP000066,TXN0004256,order_confirmation,UNAVAILABLE,0,1,1,0.0,2025-02-08 06:46:15,billing
EVID0000392,DSP000066,TXN0004256,invoice,UNAVAILABLE,0,1,1,0.0,2025-02-27 21:15:54,billing
EVID0000393,DSP000066,TXN0004256,shipping_label,NOT_APPLICABLE,0,0,0,0.0,2025-02-14 03:53:56,logistics
EVID0000394,DSP000066,TXN0004256,tracking_number,NOT_APPLICABLE,0,0,0,0.0,2025-02-09 05:06:32,logistics
EVID0000395,DSP000066,TXN0004256,delivery_confirmation,NOT_APPLICABLE,0,0,0,0.0,2025-01-26 07:00:51,logistics
EVID0000396,DSP000066,TXN0004256,customer_communication,APPLICABLE,1,1,1,0.68,2025-02-23 16:00:11,crm
EVID0000397,DSP000067,TXN0004280,order_confirmation,APPLICABLE,1,1,1,0.9,2025-02-18 13:54:33,billing
EVID0000398,DSP000067,TXN0004280,invoice,UNAVAILABLE,0,1,1,0.0,2025-02-01 02:04:16,billing
EVID0000399,DSP000067,TXN0004280,shipping_label,NOT_APPLICABLE,0,0,0,0.0,2025-02-12 22:20:17,logistics
EVID0000400,DSP000067,TXN0004280,tracking_number,NOT_APPLICABLE,0,0,0,0.0,2025-02-11 03:34:35,logistics
EVID0000401,DSP000067,TXN0004280,delivery_confirmation,NOT_APPLICABLE,0,0,0,0.0,2025-02-18 01:11:41,logistics
EVID0000402,DSP000067,TXN0004280,customer_communication,UNAVAILABLE,0,1,1,0.0,2025-01-30 05:43:17,crm
EVID0000403,DSP000068,TXN0004370,order_confirmation,APPLICABLE,1,1,1,0.73,2025-02-05 03:21:19,billing
EVID0000404,DSP000068,TXN0004370,invoice,APPLICABLE,1,0,1,0.77,2025-01-25 18:08:02,billing
EVID0000405,DSP000068,TXN0004370,shipping_label,APPLICABLE,1,1,1,0.89,2025-01-24 12:17:15,logistics
EVID0000406,DSP000068,TXN0004370,tracking_number,APPLICABLE,1,1,1,0.71,2025-01-25 09:58:14,logistics
EVID0000407,DSP000068,TXN0004370,delivery_confirmation,APPLICABLE,1,1,1,0.83,2025-01-26 23:19:50,logistics
EVID0000408,DSP000068,TXN0004370,customer_communication,APPLICABLE,1,0,1,0.77,2025-01-26 13:55:46,crm
EVID0000409,DSP000069,TXN0004466,order_confirmation,APPLICABLE,1,1,1,0.67,2025-01-22 04:03:22,billing
EVID0000410,DSP000069,TXN0004466,invoice,APPLICABLE,1,1,1,0.93,2025-01-24 00:15:48,billing
EVID0000411,DSP000069,TXN0004466,shipping_label,NOT_APPLICABLE,0,0,0,0.0,2025-01-21 05:12:14,logistics
EVID0000412,DSP000069,TXN0004466,tracking_number,NOT_APPLICABLE,0,0,0,0.0,2025-01-21 23:00:52,logistics
EVID0000413,DSP000069,TXN0004466,delivery_confirmation,NOT_APPLICABLE,0,0,0,0.0,2025-01-20 03:24:15,logistics
EVID0000414,DSP000069,TXN0004466,customer_communication,APPLICABLE,1,0,0,0.7,2025-01-24 09:32:07,crm
EVID0000415,DSP000070,TXN0004495,order_confirmation,UNAVAILABLE,0,1,1,0.0,2025-02-08 14:56:31,billing
EVID0000416,DSP000070,TXN0004495,invoice,APPLICABLE,1,0,1,0.65,2025-01-22 11:04:29,billing
EVID0000417,DSP000070,TXN0004495,shipping_label,NOT_APPLICABLE,0,0,0,0.0,2025-01-29 11:30:34,logistics
EVID0000418,DSP000070,TXN0004495,tracking_number,NOT_APPLICABLE,0,0,0,0.0,2025-02-08 20:01:57,logistics
EVID0000419,DSP000070,TXN0004495,delivery_confirmation,NOT_APPLICABLE,0,0,0,0.0,2025-02-07 08:18:12,logistics
EVID0000420,DSP000070,TXN0004495,customer_communication,APPLICABLE,1,0,1,0.6,2025-01-20 09:17:10,crm
EVID0000421,DSP000071,TXN0004501,order_confirmation,APPLICABLE,1,1,1,0.89,2025-02-05 12:43:01,billing
EVID0000422,DSP000071,TXN0004501,invoice,APPLICABLE,1,0,0,0.79,2025-02-02 22:47:50,billing
EVID0000423,DSP000071,TXN0004501,shipping_label,NOT_APPLICABLE,0,0,0,0.0,2025-02-07 09:15:20,logistics
EVID0000424,DSP000071,TXN0004501,tracking_number,NOT_APPLICABLE,0,0,0,0.0,2025-02-08 19:05:00,logistics
EVID0000425,DSP000071,TXN0004501,delivery_confirmation,NOT_APPLICABLE,0,0,0,0.0,2025-02-14 13:57:38,logistics
EVID0000426,DSP000071,TXN0004501,customer_communication,APPLICABLE,1,0,1,0.83,2025-02-14 23:10:42,crm
EVID0000427,DSP000072,TXN0004503,order_confirmation,APPLICABLE,1,1,1,0.88,2025-01-26 01:56:29,billing
EVID0000428,DSP000072,TXN0004503,invoice,APPLICABLE,1,0,1,0.7,2025-01-30 00:50:17,billing
EVID0000429,DSP000072,TXN0004503,shipping_label,APPLICABLE,1,1,1,0.9,2025-01-31 05:51:08,logistics
EVID0000430,DSP000072,TXN0004503,tracking_number,APPLICABLE,1,1,1,0.72,2025-01-20 03:51:12,logistics
EVID0000431,DSP000072,TXN0004503,delivery_confirmation,APPLICABLE,1,1,1,0.85,2025-01-28 21:28:15,logistics
EVID0000432,DSP000072,TXN0004503,customer_communication,UNAVAILABLE,0,0,1,0.0,2025-01-27 14:45:17,crm
EVID0000433,DSP000073,TXN0004510,order_confirmation,APPLICABLE,1,1,1,0.62,2025-02-01 10:17:47,billing
EVID0000434,DSP000073,TXN0004510,invoice,APPLICABLE,1,1,1,0.84,2025-01-20 02:51:21,billing
EVID0000435,DSP000073,TXN0004510,shipping_label,NOT_APPLICABLE,0,0,0,0.0,2025-01-29 00:40:49,logistics
EVID0000436,DSP000073,TXN0004510,tracking_number,NOT_APPLICABLE,0,0,0,0.0,2025-01-20 02:56:06,logistics
EVID0000437,DSP000073,TXN0004510,delivery_confirmation,NOT_APPLICABLE,0,0,0,0.0,2025-01-21 12:02:59,logistics
EVID0000438,DSP000073,TXN0004510,customer_communication,UNAVAILABLE,0,1,1,0.0,2025-01-29 20:49:55,crm
EVID0000439,DSP000074,TXN0004516,order_confirmation,APPLICABLE,1,1,1,0.74,2025-01-20 02:10:45,billing
EVID0000440,DSP000074,TXN0004516,invoice,APPLICABLE,1,0,1,0.83,2025-01-22 15:18:31,billing
EVID0000441,DSP000074,TXN0004516,shipping_label,APPLICABLE,1,1,1,0.65,2025-01-24 01:57:17,logistics
EVID0000442,DSP000074,TXN0004516,tracking_number,APPLICABLE,1,1,1,0.85,2025-01-23 10:52:52,logistics
EVID0000443,DSP000074,TXN0004516,delivery_confirmation,UNAVAILABLE,0,1,1,0.0,2025-01-22 01:10:59,logistics
EVID0000444,DSP000074,TXN0004516,customer_communication,APPLICABLE,1,0,1,0.61,2025-01-24 23:58:24,crm
EVID0000445,DSP000075,TXN0004523,order_confirmation,APPLICABLE,1,1,1,0.76,2025-02-08 22:56:22,billing
EVID0000446,DSP000075,TXN0004523,invoice,APPLICABLE,1,1,1,0.72,2025-01-31 17:41:54,billing
EVID0000447,DSP000075,TXN0004523,shipping_label,APPLICABLE,1,0,0,0.63,2025-01-23 11:12:30,logistics
EVID0000448,DSP000075,TXN0004523,tracking_number,APPLICABLE,1,0,0,0.87,2025-02-11 07:43:40,logistics
EVID0000449,DSP000075,TXN0004523,delivery_confirmation,APPLICABLE,1,0,1,0.6,2025-01-20 10:21:50,logistics
EVID0000450,DSP000075,TXN0004523,customer_communication,APPLICABLE,1,1,1,0.74,2025-01-22 00:27:53,crm
EVID0000451,DSP000076,TXN0004581,order_confirmation,APPLICABLE,1,1,1,0.94,2025-02-04 10:59:09,billing
EVID0000452,DSP000076,TXN0004581,invoice,APPLICABLE,1,0,1,0.92,2025-01-20 14:45:48,billing
EVID0000453,DSP000076,TXN0004581,shipping_label,NOT_APPLICABLE,0,0,0,0.0,2025-01-20 09:23:15,logistics
EVID0000454,DSP000076,TXN0004581,tracking_number,NOT_APPLICABLE,0,0,0,0.0,2025-01-25 15:21:51,logistics
EVID0000455,DSP000076,TXN0004581,delivery_confirmation,NOT_APPLICABLE,0,0,0,0.0,2025-01-24 11:26:50,logistics
EVID0000456,DSP000076,TXN0004581,customer_communication,APPLICABLE,1,1,1,0.76,2025-01-20 03:11:00,crm
EVID0000457,DSP000077,TXN0004655,order_confirmation,UNAVAILABLE,0,1,1,0.0,2025-02-05 01:08:16,billing
EVID0000458,DSP000077,TXN0004655,invoice,APPLICABLE,1,1,1,0.76,2025-01-22 13:47:12,billing
EVID0000459,DSP000077,TXN0004655,shipping_label,UNAVAILABLE,0,0,1,0.0,2025-02-02 11:41:09,logistics
EVID0000460,DSP000077,TXN0004655,tracking_number,APPLICABLE,1,0,0,0.8,2025-01-25 02:07:24,logistics
EVID0000461,DSP000077,TXN0004655,delivery_confirmation,APPLICABLE,1,0,0,0.75,2025-01-31 02:03:06,logistics
EVID0000462,DSP000077,TXN0004655,customer_communication,APPLICABLE,1,1,1,0.72,2025-02-05 18:37:04,crm
EVID0000463,DSP000078,TXN0004736,order_confirmation,APPLICABLE,1,1,1,0.89,2025-01-25 20:59:22,billing
EVID0000464,DSP000078,TXN0004736,invoice,APPLICABLE,1,0,0,0.77,2025-01-28 06:21:00,billing
EVID0000465,DSP000078,TXN0004736,shipping_label,NOT_APPLICABLE,0,0,0,0.0,2025-02-04 09:56:08,logistics
EVID0000466,DSP000078,TXN0004736,tracking_number,NOT_APPLICABLE,0,0,0,0.0,2025-01-25 13:29:36,logistics
EVID0000467,DSP000078,TXN0004736,delivery_confirmation,NOT_APPLICABLE,0,0,0,0.0,2025-01-21 13:28:00,logistics
EVID0000468,DSP000078,TXN0004736,customer_communication,UNAVAILABLE,0,0,0,0.0,2025-02-04 11:00:20,crm
EVID0000469,DSP000079,TXN0004787,order_confirmation,APPLICABLE,1,1,1,0.91,2025-02-08 17:20:22,billing
EVID0000470,DSP000079,TXN0004787,invoice,UNAVAILABLE,0,1,1,0.0,2025-02-24 04:15:22,billing
EVID0000471,DSP000079,TXN0004787,shipping_label,APPLICABLE,1,0,1,0.62,2025-01-30 02:16:28,logistics
EVID0000472,DSP000079,TXN0004787,tracking_number,APPLICABLE,1,0,1,0.61,2025-01-24 03:44:45,logistics
EVID0000473,DSP000079,TXN0004787,delivery_confirmation,APPLICABLE,1,0,0,0.69,2025-02-18 05:02:51,logistics
EVID0000474,DSP000079,TXN0004787,customer_communication,APPLICABLE,1,1,1,0.7,2025-02-22 23:49:39,crm
EVID0000475,DSP000080,TXN0004828,order_confirmation,UNAVAILABLE,0,1,1,0.0,2025-01-28 21:40:26,billing
EVID0000476,DSP000080,TXN0004828,invoice,UNAVAILABLE,0,0,1,0.0,2025-01-27 21:15:06,billing
EVID0000477,DSP000080,TXN0004828,shipping_label,APPLICABLE,1,0,1,0.6,2025-01-30 08:59:46,logistics
EVID0000478,DSP000080,TXN0004828,tracking_number,APPLICABLE,1,0,1,0.79,2025-01-22 01:37:44,logistics
EVID0000479,DSP000080,TXN0004828,delivery_confirmation,APPLICABLE,1,1,1,0.76,2025-01-30 06:17:13,logistics
EVID0000480,DSP000080,TXN0004828,customer_communication,APPLICABLE,1,1,1,0.78,2025-01-27 11:12:32,crm
EVID0000481,DSP000081,TXN0004965,order_confirmation,APPLICABLE,1,1,1,0.84,2025-01-23 21:52:39,billing
EVID0000482,DSP000081,TXN0004965,invoice,UNAVAILABLE,0,0,1,0.0,2025-01-25 07:49:53,billing
EVID0000483,DSP000081,TXN0004965,shipping_label,APPLICABLE,1,1,1,0.85,2025-01-23 13:27:31,logistics
EVID0000484,DSP000081,TXN0004965,tracking_number,APPLICABLE,1,1,1,0.71,2025-01-21 17:31:59,logistics
EVID0000485,DSP000081,TXN0004965,delivery_confirmation,UNAVAILABLE,0,1,1,0.0,2025-01-24 09:10:35,logistics
EVID0000486,DSP000081,TXN0004965,customer_communication,APPLICABLE,1,0,0,0.6,2025-01-25 05:47:45,crm
EVID0000487,DSP000082,TXN0004970,order_confirmation,APPLICABLE,1,1,1,0.85,2025-01-21 23:10:10,billing
EVID0000488,DSP000082,TXN0004970,invoice,APPLICABLE,1,1,1,0.87,2025-01-23 22:56:09,billing
EVID0000489,DSP000082,TXN0004970,shipping_label,NOT_APPLICABLE,0,0,0,0.0,2025-01-23 12:32:48,logistics
EVID0000490,DSP000082,TXN0004970,tracking_number,NOT_APPLICABLE,0,0,0,0.0,2025-01-24 02:45:13,logistics
EVID0000491,DSP000082,TXN0004970,delivery_confirmation,NOT_APPLICABLE,0,0,0,0.0,2025-01-22 06:04:49,logistics
EVID0000492,DSP000082,TXN0004970,customer_communication,APPLICABLE,1,1,1,0.62,2025-01-23 23:13:18,crm
EVID0000493,DSP000083,TXN0004982,order_confirmation,APPLICABLE,1,1,1,0.81,2025-02-20 06:04:07,billing
EVID0000494,DSP000083,TXN0004982,invoice,APPLICABLE,1,1,1,0.88,2025-02-16 11:29:44,billing
EVID0000495,DSP000083,TXN0004982,shipping_label,NOT_APPLICABLE,0,0,0,0.0,2025-02-13 19:47:39,logistics
EVID0000496,DSP000083,TXN0004982,tracking_number,NOT_APPLICABLE,0,0,0,0.0,2025-02-12 22:05:45,logistics
EVID0000497,DSP000083,TXN0004982,delivery_confirmation,NOT_APPLICABLE,0,0,0,0.0,2025-02-11 11:57:35,logistics
EVID0000498,DSP000083,TXN0004982,customer_communication,UNAVAILABLE,0,1,1,0.0,2025-02-25 20:11:10,crm
EVID0000499,DSP000084,TXN0005012,order_confirmation,UNAVAILABLE,0,1,1,0.0,2025-02-10 14:45:37,billing
EVID0000500,DSP000084,TXN0005012,invoice,APPLICABLE,1,0,1,0.6,2025-01-23 13:18:33,billing
EVID0000501,DSP000084,TXN0005012,shipping_label,NOT_APPLICABLE,0,0,0,0.0,2025-01-28 05:18:42,logistics
EVID0000502,DSP000084,TXN0005012,tracking_number,NOT_APPLICABLE,0,0,0,0.0,2025-02-01 09:26:08,logistics
EVID0000503,DSP000084,TXN0005012,delivery_confirmation,NOT_APPLICABLE,0,0,0,0.0,2025-01-27 08:53:06,logistics
EVID0000504,DSP000084,TXN0005012,customer_communication,APPLICABLE,1,1,1,0.94,2025-02-08 16:00:30,crm
EVID0000505,DSP000085,TXN0005020,order_confirmation,APPLICABLE,1,1,1,0.7,2025-02-08 21:09:01,billing
EVID0000506,DSP000085,TXN0005020,invoice,APPLICABLE,1,0,0,0.62,2025-02-06 19:31:34,billing
EVID0000507,DSP000085,TXN0005020,shipping_label,APPLICABLE,1,1,1,0.76,2025-01-22 21:02:01,logistics
EVID0000508,DSP000085,TXN0005020,tracking_number,APPLICABLE,1,1,1,0.67,2025-02-14 11:30:16,logistics
EVID0000509,DSP000085,TXN0005020,delivery_confirmation,UNAVAILABLE,0,1,1,0.0,2025-02-06 06:15:53,logistics
EVID0000510,DSP000085,TXN0005020,customer_communication,APPLICABLE,1,0,1,0.68,2025-01-30 07:27:16,crm
EVID0000511,DSP000086,TXN0005145,order_confirmation,APPLICABLE,1,1,1,0.86,2025-02-03 09:42:50,billing
EVID0000512,DSP000086,TXN0005145,invoice,UNAVAILABLE,0,1,1,0.0,2025-02-07 09:14:06,billing
EVID0000513,DSP000086,TXN0005145,shipping_label,NOT_APPLICABLE,0,0,0,0.0,2025-02-04 10:32:14,logistics
EVID0000514,DSP000086,TXN0005145,tracking_number,NOT_APPLICABLE,0,0,0,0.0,2025-02-19 19:16:57,logistics
EVID0000515,DSP000086,TXN0005145,delivery_confirmation,NOT_APPLICABLE,0,0,0,0.0,2025-02-24 21:38:59,logistics
EVID0000516,DSP000086,TXN0005145,customer_communication,APPLICABLE,1,1,1,0.71,2025-02-04 06:35:16,crm
EVID0000517,DSP000087,TXN0005155,order_confirmation,APPLICABLE,1,1,1,0.81,2025-01-22 09:51:55,billing
EVID0000518,DSP000087,TXN0005155,invoice,APPLICABLE,1,0,1,0.81,2025-01-23 08:32:50,billing
EVID0000519,DSP000087,TXN0005155,shipping_label,NOT_APPLICABLE,0,0,0,0.0,2025-01-24 08:35:15,logistics
EVID0000520,DSP000087,TXN0005155,tracking_number,NOT_APPLICABLE,0,0,0,0.0,2025-01-24 20:33:05,logistics
EVID0000521,DSP000087,TXN0005155,delivery_confirmation,NOT_APPLICABLE,0,0,0,0.0,2025-01-25 06:15:02,logistics
EVID0000522,DSP000087,TXN0005155,customer_communication,APPLICABLE,1,0,0,0.66,2025-01-23 08:23:48,crm
EVID0000523,DSP000088,TXN0005204,order_confirmation,UNAVAILABLE,0,1,1,0.0,2025-02-13 01:20:25,billing
EVID0000524,DSP000088,TXN0005204,invoice,UNAVAILABLE,0,1,1,0.0,2025-03-01 19:00:46,billing
EVID0000525,DSP000088,TXN0005204,shipping_label,NOT_APPLICABLE,0,0,0,0.0,2025-01-23 03:16:08,logistics
EVID0000526,DSP000088,TXN0005204,tracking_number,NOT_APPLICABLE,0,0,0,0.0,2025-01-26 19:35:39,logistics
EVID0000527,DSP000088,TXN0005204,delivery_confirmation,NOT_APPLICABLE,0,0,0,0.0,2025-02-05 13:59:18,logistics
EVID0000528,DSP000088,TXN0005204,customer_communication,UNAVAILABLE,0,1,1,0.0,2025-02-02 01:21:27,crm
EVID0000529,DSP000089,TXN0005321,order_confirmation,APPLICABLE,1,1,1,0.67,2025-02-05 19:40:19,billing
EVID0000530,DSP000089,TXN0005321,invoice,APPLICABLE,1,0,1,0.64,2025-01-31 15:51:40,billing
EVID0000531,DSP000089,TXN0005321,shipping_label,NOT_APPLICABLE,0,0,0,0.0,2025-02-03 04:35:08,logistics
EVID0000532,DSP000089,TXN0005321,tracking_number,NOT_APPLICABLE,0,0,0,0.0,2025-02-05 03:18:45,logistics
EVID0000533,DSP000089,TXN0005321,delivery_confirmation,NOT_APPLICABLE,0,0,0,0.0,2025-02-04 14:10:32,logistics
EVID0000534,DSP000089,TXN0005321,customer_communication,APPLICABLE,1,0,1,0.74,2025-01-31 01:08:40,crm
EVID0000535,DSP000090,TXN0005410,order_confirmation,APPLICABLE,1,1,1,0.83,2025-02-26 02:49:23,billing
EVID0000536,DSP000090,TXN0005410,invoice,APPLICABLE,1,0,1,0.79,2025-02-14 00:35:21,billing
EVID0000537,DSP000090,TXN0005410,shipping_label,APPLICABLE,1,1,1,0.76,2025-02-05 03:34:41,logistics
EVID0000538,DSP000090,TXN0005410,tracking_number,APPLICABLE,1,1,1,0.7,2025-02-06 21:10:46,logistics
EVID0000539,DSP000090,TXN0005410,delivery_confirmation,APPLICABLE,1,1,1,0.7,2025-02-04 04:50:39,logistics
EVID0000540,DSP000090,TXN0005410,customer_communication,APPLICABLE,1,0,0,0.75,2025-02-03 04:32:02,crm
EVID0000541,DSP000091,TXN0005449,order_confirmation,APPLICABLE,1,1,1,0.89,2025-01-27 04:32:42,billing
EVID0000542,DSP000091,TXN0005449,invoice,APPLICABLE,1,1,1,0.89,2025-01-24 19:27:28,billing
EVID0000543,DSP000091,TXN0005449,shipping_label,APPLICABLE,1,0,1,0.77,2025-02-01 09:00:53,logistics
EVID0000544,DSP000091,TXN0005449,tracking_number,APPLICABLE,1,0,1,0.75,2025-01-29 20:43:00,logistics
EVID0000545,DSP000091,TXN0005449,delivery_confirmation,APPLICABLE,1,0,0,0.63,2025-02-01 14:38:19,logistics
EVID0000546,DSP000091,TXN0005449,customer_communication,APPLICABLE,1,1,1,0.77,2025-01-31 17:39:34,crm
EVID0000547,DSP000092,TXN0005495,order_confirmation,APPLICABLE,1,1,1,0.63,2025-02-04 06:07:41,billing
EVID0000548,DSP000092,TXN0005495,invoice,APPLICABLE,1,0,0,0.7,2025-01-30 05:08:04,billing
EVID0000549,DSP000092,TXN0005495,shipping_label,NOT_APPLICABLE,0,0,0,0.0,2025-02-05 05:41:06,logistics
EVID0000550,DSP000092,TXN0005495,tracking_number,NOT_APPLICABLE,0,0,0,0.0,2025-01-30 08:55:14,logistics
EVID0000551,DSP000092,TXN0005495,delivery_confirmation,NOT_APPLICABLE,0,0,0,0.0,2025-01-25 22:37:21,logistics
EVID0000552,DSP000092,TXN0005495,customer_communication,APPLICABLE,1,1,1,0.67,2025-01-28 05:08:37,crm
EVID0000553,DSP000093,TXN0005525,order_confirmation,APPLICABLE,1,1,1,0.73,2025-01-30 22:07:46,billing
EVID0000554,DSP000093,TXN0005525,invoice,UNAVAILABLE,0,0,1,0.0,2025-01-23 22:17:16,billing
EVID0000555,DSP000093,TXN0005525,shipping_label,UNAVAILABLE,0,1,1,0.0,2025-02-09 18:29:47,logistics
EVID0000556,DSP000093,TXN0005525,tracking_number,APPLICABLE,1,1,1,0.7,2025-02-05 13:12:07,logistics
EVID0000557,DSP000093,TXN0005525,delivery_confirmation,APPLICABLE,1,1,1,0.83,2025-01-26 15:47:08,logistics
EVID0000558,DSP000093,TXN0005525,customer_communication,APPLICABLE,1,0,0,0.9,2025-01-30 05:50:37,crm
EVID0000559,DSP000094,TXN0005661,order_confirmation,APPLICABLE,1,1,1,0.6,2025-01-26 01:36:40,billing
EVID0000560,DSP000094,TXN0005661,invoice,UNAVAILABLE,0,1,1,0.0,2025-01-28 12:38:04,billing
EVID0000561,DSP000094,TXN0005661,shipping_label,NOT_APPLICABLE,0,0,0,0.0,2025-01-25 01:27:23,logistics
EVID0000562,DSP000094,TXN0005661,tracking_number,NOT_APPLICABLE,0,0,0,0.0,2025-01-28 03:57:44,logistics
EVID0000563,DSP000094,TXN0005661,delivery_confirmation,NOT_APPLICABLE,0,0,0,0.0,2025-01-28 20:41:56,logistics
EVID0000564,DSP000094,TXN0005661,customer_communication,UNAVAILABLE,0,1,1,0.0,2025-01-27 06:33:18,crm
EVID0000565,DSP000095,TXN0005727,order_confirmation,APPLICABLE,1,1,1,0.8,2025-01-27 08:09:54,billing
EVID0000566,DSP000095,TXN0005727,invoice,APPLICABLE,1,0,1,0.61,2025-01-27 09:31:19,billing
EVID0000567,DSP000095,TXN0005727,shipping_label,NOT_APPLICABLE,0,0,0,0.0,2025-01-27 03:57:07,logistics
EVID0000568,DSP000095,TXN0005727,tracking_number,NOT_APPLICABLE,0,0,0,0.0,2025-01-26 13:25:23,logistics
EVID0000569,DSP000095,TXN0005727,delivery_confirmation,NOT_APPLICABLE,0,0,0,0.0,2025-01-25 14:39:14,logistics
EVID0000570,DSP000095,TXN0005727,customer_communication,APPLICABLE,1,1,1,0.89,2025-01-24 19:17:11,crm
EVID0000571,DSP000096,TXN0005963,order_confirmation,UNAVAILABLE,0,1,1,0.0,2025-01-27 00:15:06,billing
EVID0000572,DSP000096,TXN0005963,invoice,APPLICABLE,1,1,1,0.72,2025-02-04 03:36:55,billing
EVID0000573,DSP000096,TXN0005963,shipping_label,APPLICABLE,1,0,0,0.91,2025-02-06 08:38:58,logistics
EVID0000574,DSP000096,TXN0005963,tracking_number,APPLICABLE,1,0,0,0.88,2025-01-27 05:20:32,logistics
EVID0000575,DSP000096,TXN0005963,delivery_confirmation,APPLICABLE,1,0,0,0.69,2025-02-08 10:19:32,logistics
EVID0000576,DSP000096,TXN0005963,customer_communication,APPLICABLE,1,1,1,0.7,2025-02-09 16:51:54,crm
EVID0000577,DSP000097,TXN0006017,order_confirmation,UNAVAILABLE,0,1,1,0.0,2025-01-29 04:59:53,billing
EVID0000578,DSP000097,TXN0006017,invoice,UNAVAILABLE,0,0,0,0.0,2025-01-26 13:18:37,billing
EVID0000579,DSP000097,TXN0006017,shipping_label,NOT_APPLICABLE,0,0,0,0.0,2025-01-28 12:47:26,logistics
EVID0000580,DSP000097,TXN0006017,tracking_number,NOT_APPLICABLE,0,0,0,0.0,2025-01-26 23:00:04,logistics
EVID0000581,DSP000097,TXN0006017,delivery_confirmation,NOT_APPLICABLE,0,0,0,0.0,2025-01-30 13:43:09,logistics
EVID0000582,DSP000097,TXN0006017,customer_communication,APPLICABLE,1,1,1,0.8,2025-01-28 06:14:09,crm
EVID0000583,DSP000098,TXN0006020,order_confirmation,APPLICABLE,1,1,1,0.71,2025-02-08 23:04:45,billing
EVID0000584,DSP000098,TXN0006020,invoice,APPLICABLE,1,1,1,0.82,2025-02-15 08:15:38,billing
EVID0000585,DSP000098,TXN0006020,shipping_label,NOT_APPLICABLE,0,0,0,0.0,2025-02-09 08:25:53,logistics
EVID0000586,DSP000098,TXN0006020,tracking_number,NOT_APPLICABLE,0,0,0,0.0,2025-01-28 10:48:40,logistics
EVID0000587,DSP000098,TXN0006020,delivery_confirmation,NOT_APPLICABLE,0,0,0,0.0,2025-01-30 08:15:11,logistics
EVID0000588,DSP000098,TXN0006020,customer_communication,APPLICABLE,1,1,1,0.85,2025-02-04 14:43:41,crm
EVID0000589,DSP000099,TXN0006064,order_confirmation,APPLICABLE,1,1,1,0.85,2025-01-29 10:53:17,billing
EVID0000590,DSP000099,TXN0006064,invoice,UNAVAILABLE,0,0,0,0.0,2025-01-31 11:07:38,billing
EVID0000591,DSP000099,TXN0006064,shipping_label,NOT_APPLICABLE,0,0,0,0.0,2025-01-29 20:38:58,logistics
EVID0000592,DSP000099,TXN0006064,tracking_number,NOT_APPLICABLE,0,0,0,0.0,2025-02-08 00:57:16,logistics
EVID0000593,DSP000099,TXN0006064,delivery_confirmation,NOT_APPLICABLE,0,0,0,0.0,2025-01-27 11:07:27,logistics
EVID0000594,DSP000099,TXN0006064,customer_communication,APPLICABLE,1,1,1,0.72,2025-01-29 10:34:57,crm
EVID0000595,DSP000100,TXN0006099,order_confirmation,APPLICABLE,1,1,1,0.66,2025-02-23 13:49:03,billing
EVID0000596,DSP000100,TXN0006099,invoice,UNAVAILABLE,0,0,0,0.0,2025-02-17 13:27:54,billing
EVID0000597,DSP000100,TXN0006099,shipping_label,NOT_APPLICABLE,0,0,0,0.0,2025-02-08 21:19:09,logistics
EVID0000598,DSP000100,TXN0006099,tracking_number,NOT_APPLICABLE,0,0,0,0.0,2025-01-27 08:00:20,logistics
EVID0000599,DSP000100,TXN0006099,delivery_confirmation,NOT_APPLICABLE,0,0,0,0.0,2025-02-05 23:40:00,logistics
EVID0000600,DSP000100,TXN0006099,customer_communication,APPLICABLE,1,1,1,0.65,2025-02-08 17:38:38,crm
EVID0000601,DSP000101,TXN0006159,order_confirmation,APPLICABLE,1,1,1,0.68,2025-02-06 05:44:26,billing
EVID0000602,DSP000101,TXN0006159,invoice,APPLICABLE,1,1,1,0.69,2025-02-07 18:00:38,billing
EVID0000603,DSP000101,TXN0006159,shipping_label,NOT_APPLICABLE,0,0,0,0.0,2025-02-25 06:01:39,logistics
EVID0000604,DSP000101,TXN0006159,tracking_number,NOT_APPLICABLE,0,0,0,0.0,2025-02-23 12:56:12,logistics
EVID0000605,DSP000101,TXN0006159,delivery_confirmation,NOT_APPLICABLE,0,0,0,0.0,2025-02-04 12:15:29,logistics
EVID0000606,DSP000101,TXN0006159,customer_communication,APPLICABLE,1,1,1,0.8,2025-02-15 13:06:18,crm
EVID0000607,DSP000102,TXN0006274,order_confirmation,APPLICABLE,1,1,1,0.7,2025-02-03 08:04:49,billing
EVID0000608,DSP000102,TXN0006274,invoice,APPLICABLE,1,1,1,0.61,2025-01-28 06:50:21,billing
EVID0000609,DSP000102,TXN0006274,shipping_label,APPLICABLE,1,0,0,0.83,2025-01-29 16:48:50,logistics
EVID0000610,DSP000102,TXN0006274,tracking_number,UNAVAILABLE,0,0,1,0.0,2025-02-05 12:13:00,logistics
EVID0000611,DSP000102,TXN0006274,delivery_confirmation,APPLICABLE,1,0,1,0.74,2025-01-28 04:52:20,logistics
EVID0000612,DSP000102,TXN0006274,customer_communication,APPLICABLE,1,1,1,0.94,2025-01-27 08:14:33,crm
EVID0000613,DSP000103,TXN0006321,order_confirmation,APPLICABLE,1,1,1,0.88,2025-02-02 13:49:37,billing
EVID0000614,DSP000103,TXN0006321,invoice,UNAVAILABLE,0,1,1,0.0,2025-02-06 05:31:28,billing
EVID0000615,DSP000103,TXN0006321,shipping_label,NOT_APPLICABLE,0,0,0,0.0,2025-01-29 14:08:25,logistics
EVID0000616,DSP000103,TXN0006321,tracking_number,NOT_APPLICABLE,0,0,0,0.0,2025-02-06 22:44:07,logistics
EVID0000617,DSP000103,TXN0006321,delivery_confirmation,NOT_APPLICABLE,0,0,0,0.0,2025-02-02 22:50:42,logistics
EVID0000618,DSP000103,TXN0006321,customer_communication,APPLICABLE,1,1,1,0.63,2025-02-05 08:10:38,crm
EVID0000619,DSP000104,TXN0006531,order_confirmation,UNAVAILABLE,0,1,1,0.0,2025-02-17 14:47:16,billing
EVID0000620,DSP000104,TXN0006531,invoice,UNAVAILABLE,0,0,1,0.0,2025-01-31 06:29:00,billing
EVID0000621,DSP000104,TXN0006531,shipping_label,NOT_APPLICABLE,0,0,0,0.0,2025-02-25 09:31:30,logistics
EVID0000622,DSP000104,TXN0006531,tracking_number,NOT_APPLICABLE,0,0,0,0.0,2025-01-29 07:12:11,logistics
EVID0000623,DSP000104,TXN0006531,delivery_confirmation,NOT_APPLICABLE,0,0,0,0.0,2025-02-17 08:06:42,logistics
EVID0000624,DSP000104,TXN0006531,customer_communication,APPLICABLE,1,0,0,0.6,2025-03-04 00:33:21,crm
EVID0000625,DSP000105,TXN0006543,order_confirmation,APPLICABLE,1,1,1,0.79,2025-01-31 19:53:19,billing
EVID0000626,DSP000105,TXN0006543,invoice,APPLICABLE,1,1,1,0.65,2025-02-07 12:12:05,billing
EVID0000627,DSP000105,TXN0006543,shipping_label,NOT_APPLICABLE,0,0,0,0.0,2025-03-01 03:05:59,logistics
EVID0000628,DSP000105,TXN0006543,tracking_number,NOT_APPLICABLE,0,0,0,0.0,2025-03-08 23:26:51,logistics
EVID0000629,DSP000105,TXN0006543,delivery_confirmation,NOT_APPLICABLE,0,0,0,0.0,2025-02-24 07:38:26,logistics
EVID0000630,DSP000105,TXN0006543,customer_communication,APPLICABLE,1,1,1,0.76,2025-02-24 21:31:59,crm
EVID0000631,DSP000106,TXN0006617,order_confirmation,APPLICABLE,1,1,1,0.69,2025-02-15 02:51:21,billing
EVID0000632,DSP000106,TXN0006617,invoice,APPLICABLE,1,1,1,0.66,2025-02-14 22:52:16,billing
EVID0000633,DSP000106,TXN0006617,shipping_label,NOT_APPLICABLE,0,0,0,0.0,2025-01-31 20:22:07,logistics
EVID0000634,DSP000106,TXN0006617,tracking_number,NOT_APPLICABLE,0,0,0,0.0,2025-02-08 00:23:57,logistics
EVID0000635,DSP000106,TXN0006617,delivery_confirmation,NOT_APPLICABLE,0,0,0,0.0,2025-02-09 04:37:52,logistics
EVID0000636,DSP000106,TXN0006617,customer_communication,APPLICABLE,1,1,1,0.77,2025-02-12 09:50:40,crm
EVID0000637,DSP000107,TXN0006639,order_confirmation,APPLICABLE,1,1,1,0.63,2025-02-25 01:54:49,billing
EVID0000638,DSP000107,TXN0006639,invoice,APPLICABLE,1,1,1,0.67,2025-02-17 19:47:53,billing
EVID0000639,DSP000107,TXN0006639,shipping_label,APPLICABLE,1,0,1,0.6,2025-02-27 11:31:59,logistics
EVID0000640,DSP000107,TXN0006639,tracking_number,APPLICABLE,1,0,1,0.74,2025-02-20 12:51:26,logistics
EVID0000641,DSP000107,TXN0006639,delivery_confirmation,APPLICABLE,1,0,1,0.74,2025-02-01 02:15:37,logistics
EVID0000642,DSP000107,TXN0006639,customer_communication,APPLICABLE,1,1,1,0.65,2025-02-19 11:33:25,crm
EVID0000643,DSP000108,TXN0006792,order_confirmation,APPLICABLE,1,1,1,0.66,2025-02-02 12:33:58,billing
EVID0000644,DSP000108,TXN0006792,invoice,APPLICABLE,1,0,0,0.74,2025-02-05 06:04:23,billing
EVID0000645,DSP000108,TXN0006792,shipping_label,APPLICABLE,1,1,1,0.66,2025-02-13 10:56:51,logistics
EVID0000646,DSP000108,TXN0006792,tracking_number,APPLICABLE,1,1,1,0.79,2025-02-17 10:17:59,logistics
EVID0000647,DSP000108,TXN0006792,delivery_confirmation,APPLICABLE,1,1,1,0.74,2025-02-21 11:57:42,logistics
EVID0000648,DSP000108,TXN0006792,customer_communication,UNAVAILABLE,0,0,0,0.0,2025-02-11 10:29:48,crm
EVID0000649,DSP000109,TXN0006887,order_confirmation,APPLICABLE,1,1,1,0.6,2025-01-30 12:15:14,billing
EVID0000650,DSP000109,TXN0006887,invoice,APPLICABLE,1,0,1,0.67,2025-02-19 19:24:34,billing
EVID0000651,DSP000109,TXN0006887,shipping_label,NOT_APPLICABLE,0,0,0,0.0,2025-02-02 00:05:45,logistics
EVID0000652,DSP000109,TXN0006887,tracking_number,NOT_APPLICABLE,0,0,0,0.0,2025-02-12 23:56:16,logistics
EVID0000653,DSP000109,TXN0006887,delivery_confirmation,NOT_APPLICABLE,0,0,0,0.0,2025-02-09 23:33:53,logistics
EVID0000654,DSP000109,TXN0006887,customer_communication,APPLICABLE,1,0,0,0.66,2025-02-13 10:08:24,crm
EVID0000655,DSP000110,TXN0006939,order_confirmation,UNAVAILABLE,0,1,1,0.0,2025-02-24 05:44:29,billing
EVID0000656,DSP000110,TXN0006939,invoice,UNAVAILABLE,0,1,1,0.0,2025-02-20 07:48:56,billing
EVID0000657,DSP000110,TXN0006939,shipping_label,NOT_APPLICABLE,0,0,0,0.0,2025-02-17 23:02:32,logistics
EVID0000658,DSP000110,TXN0006939,tracking_number,NOT_APPLICABLE,0,0,0,0.0,2025-01-31 12:43:35,logistics
EVID0000659,DSP000110,TXN0006939,delivery_confirmation,NOT_APPLICABLE,0,0,0,0.0,2025-02-07 00:07:25,logistics
EVID0000660,DSP000110,TXN0006939,customer_communication,APPLICABLE,1,1,1,0.6,2025-02-23 01:35:59,crm
EVID0000661,DSP000111,TXN0006956,order_confirmation,UNAVAILABLE,0,1,1,0.0,2025-02-19 10:40:33,billing
EVID0000662,DSP000111,TXN0006956,invoice,APPLICABLE,1,0,1,0.75,2025-01-31 11:47:34,billing
EVID0000663,DSP000111,TXN0006956,shipping_label,NOT_APPLICABLE,0,0,0,0.0,2025-02-07 20:49:24,logistics
EVID0000664,DSP000111,TXN0006956,tracking_number,NOT_APPLICABLE,0,0,0,0.0,2025-02-10 22:48:14,logistics
EVID0000665,DSP000111,TXN0006956,delivery_confirmation,NOT_APPLICABLE,0,0,0,0.0,2025-02-24 15:32:53,logistics
EVID0000666,DSP000111,TXN0006956,customer_communication,APPLICABLE,1,1,1,0.6,2025-02-04 08:18:08,crm
EVID0000667,DSP000112,TXN0007045,order_confirmation,APPLICABLE,1,1,1,0.62,2025-02-04 08:28:36,billing
EVID0000668,DSP000112,TXN0007045,invoice,APPLICABLE,1,0,0,0.64,2025-01-30 20:38:26,billing
EVID0000669,DSP000112,TXN0007045,shipping_label,NOT_APPLICABLE,0,0,0,0.0,2025-03-01 01:02:03,logistics
EVID0000670,DSP000112,TXN0007045,tracking_number,NOT_APPLICABLE,0,0,0,0.0,2025-02-28 00:23:31,logistics
EVID0000671,DSP000112,TXN0007045,delivery_confirmation,NOT_APPLICABLE,0,0,0,0.0,2025-02-10 01:48:25,logistics
EVID0000672,DSP000112,TXN0007045,customer_communication,APPLICABLE,1,0,1,0.69,2025-02-06 03:31:45,crm
EVID0000673,DSP000113,TXN0007164,order_confirmation,APPLICABLE,1,1,1,0.6,2025-02-12 05:19:35,billing
EVID0000674,DSP000113,TXN0007164,invoice,APPLICABLE,1,0,1,0.83,2025-02-08 17:17:18,billing
EVID0000675,DSP000113,TXN0007164,shipping_label,APPLICABLE,1,0,0,0.68,2025-02-01 01:54:53,logistics
EVID0000676,DSP000113,TXN0007164,tracking_number,APPLICABLE,1,0,1,0.61,2025-02-04 06:30:51,logistics
EVID0000677,DSP000113,TXN0007164,delivery_confirmation,APPLICABLE,1,1,1,0.95,2025-02-19 05:46:15,logistics
EVID0000678,DSP000113,TXN0007164,customer_communication,APPLICABLE,1,1,1,0.86,2025-02-20 23:26:12,crm
EVID0000679,DSP000114,TXN0007354,order_confirmation,APPLICABLE,1,1,1,0.6,2025-02-07 10:40:02,billing
EVID0000680,DSP000114,TXN0007354,invoice,UNAVAILABLE,0,0,0,0.0,2025-02-09 16:23:15,billing
EVID0000681,DSP000114,TXN0007354,shipping_label,NOT_APPLICABLE,0,0,0,0.0,2025-02-01 10:51:20,logistics
EVID0000682,DSP000114,TXN0007354,tracking_number,NOT_APPLICABLE,0,0,0,0.0,2025-02-05 15:10:14,logistics
EVID0000683,DSP000114,TXN0007354,delivery_confirmation,NOT_APPLICABLE,0,0,0,0.0,2025-02-08 06:44:03,logistics
EVID0000684,DSP000114,TXN0007354,customer_communication,APPLICABLE,1,1,1,0.64,2025-02-03 03:01:09,crm
EVID0000685,DSP000115,TXN0007431,order_confirmation,UNAVAILABLE,0,1,1,0.0,2025-02-19 23:42:36,billing
EVID0000686,DSP000115,TXN0007431,invoice,APPLICABLE,1,1,1,0.8,2025-02-23 05:46:53,billing
EVID0000687,DSP000115,TXN0007431,shipping_label,NOT_APPLICABLE,0,0,0,0.0,2025-02-22 17:48:17,logistics
EVID0000688,DSP000115,TXN0007431,tracking_number,NOT_APPLICABLE,0,0,0,0.0,2025-02-11 15:35:45,logistics
EVID0000689,DSP000115,TXN0007431,delivery_confirmation,NOT_APPLICABLE,0,0,0,0.0,2025-02-21 23:49:25,logistics
EVID0000690,DSP000115,TXN0007431,customer_communication,APPLICABLE,1,1,1,0.81,2025-02-26 13:53:57,crm
EVID0000691,DSP000116,TXN0007519,order_confirmation,UNAVAILABLE,0,1,1,0.0,2025-02-25 00:52:55,billing
EVID0000692,DSP000116,TXN0007519,invoice,APPLICABLE,1,0,0,0.84,2025-02-06 23:46:56,billing
EVID0000693,DSP000116,TXN0007519,shipping_label,NOT_APPLICABLE,0,0,0,0.0,2025-02-03 18:04:23,logistics
EVID0000694,DSP000116,TXN0007519,tracking_number,NOT_APPLICABLE,0,0,0,0.0,2025-02-13 18:35:24,logistics
EVID0000695,DSP000116,TXN0007519,delivery_confirmation,NOT_APPLICABLE,0,0,0,0.0,2025-02-20 12:10:53,logistics
EVID0000696,DSP000116,TXN0007519,customer_communication,APPLICABLE,1,0,0,0.6,2025-02-16 20:43:19,crm
EVID0000697,DSP000117,TXN0007601,order_confirmation,APPLICABLE,1,1,1,0.64,2025-02-18 06:07:24,billing
EVID0000698,DSP000117,TXN0007601,invoice,APPLICABLE,1,0,0,0.95,2025-02-07 21:05:21,billing
EVID0000699,DSP000117,TXN0007601,shipping_label,APPLICABLE,1,1,1,0.65,2025-02-14 21:05:02,logistics
EVID0000700,DSP000117,TXN0007601,tracking_number,APPLICABLE,1,1,1,0.75,2025-02-14 16:59:52,logistics
EVID0000701,DSP000117,TXN0007601,delivery_confirmation,APPLICABLE,1,1,1,0.8,2025-02-16 15:36:41,logistics
EVID0000702,DSP000117,TXN0007601,customer_communication,APPLICABLE,1,0,1,0.6,2025-02-12 12:24:15,crm
EVID0000703,DSP000118,TXN0007605,order_confirmation,APPLICABLE,1,1,1,0.77,2025-02-17 09:26:13,billing
EVID0000704,DSP000118,TXN0007605,invoice,APPLICABLE,1,1,1,0.63,2025-02-16 18:39:33,billing
EVID0000705,DSP000118,TXN0007605,shipping_label,APPLICABLE,1,0,1,0.92,2025-02-27 10:22:08,logistics
EVID0000706,DSP000118,TXN0007605,tracking_number,APPLICABLE,1,0,1,0.85,2025-02-27 00:28:49,logistics
EVID0000707,DSP000118,TXN0007605,delivery_confirmation,APPLICABLE,1,0,0,0.67,2025-02-18 22:49:12,logistics
EVID0000708,DSP000118,TXN0007605,customer_communication,APPLICABLE,1,1,1,0.89,2025-02-22 17:51:12,crm
EVID0000709,DSP000119,TXN0007614,order_confirmation,UNAVAILABLE,0,1,1,0.0,2025-02-14 12:52:01,billing
EVID0000710,DSP000119,TXN0007614,invoice,APPLICABLE,1,0,1,0.7,2025-02-09 22:52:03,billing
EVID0000711,DSP000119,TXN0007614,shipping_label,NOT_APPLICABLE,0,0,0,0.0,2025-02-06 07:49:50,logistics
EVID0000712,DSP000119,TXN0007614,tracking_number,NOT_APPLICABLE,0,0,0,0.0,2025-02-10 15:03:52,logistics
EVID0000713,DSP000119,TXN0007614,delivery_confirmation,NOT_APPLICABLE,0,0,0,0.0,2025-02-01 17:11:50,logistics
EVID0000714,DSP000119,TXN0007614,customer_communication,APPLICABLE,1,1,1,0.76,2025-02-08 09:07:19,crm
EVID0000715,DSP000120,TXN0007620,order_confirmation,APPLICABLE,1,1,1,0.86,2025-02-08 01:12:28,billing
EVID0000716,DSP000120,TXN0007620,invoice,APPLICABLE,1,1,1,0.78,2025-02-24 17:05:31,billing
EVID0000717,DSP000120,TXN0007620,shipping_label,NOT_APPLICABLE,0,0,0,0.0,2025-02-02 11:07:24,logistics
EVID0000718,DSP000120,TXN0007620,tracking_number,NOT_APPLICABLE,0,0,0,0.0,2025-02-06 19:04:48,logistics
EVID0000719,DSP000120,TXN0007620,delivery_confirmation,NOT_APPLICABLE,0,0,0,0.0,2025-02-25 01:12:14,logistics
EVID0000720,DSP000120,TXN0007620,customer_communication,APPLICABLE,1,1,1,0.71,2025-02-16 18:47:39,crm
EVID0000721,DSP000121,TXN0007638,order_confirmation,APPLICABLE,1,1,1,0.66,2025-02-22 21:36:11,billing
EVID0000722,DSP000121,TXN0007638,invoice,UNAVAILABLE,0,0,1,0.0,2025-02-01 11:07:28,billing
EVID0000723,DSP000121,TXN0007638,shipping_label,APPLICABLE,1,1,1,0.9,2025-02-07 17:11:47,logistics
EVID0000724,DSP000121,TXN0007638,tracking_number,APPLICABLE,1,1,1,0.6,2025-02-20 14:54:10,logistics
EVID0000725,DSP000121,TXN0007638,delivery_confirmation,APPLICABLE,1,1,1,0.92,2025-02-08 05:05:13,logistics
EVID0000726,DSP000121,TXN0007638,customer_communication,APPLICABLE,1,0,1,0.84,2025-02-04 08:25:28,crm
EVID0000727,DSP000122,TXN0007674,order_confirmation,APPLICABLE,1,1,1,0.95,2025-02-17 14:54:35,billing
EVID0000728,DSP000122,TXN0007674,invoice,APPLICABLE,1,0,0,0.6,2025-02-10 10:55:51,billing
EVID0000729,DSP000122,TXN0007674,shipping_label,APPLICABLE,1,1,1,0.82,2025-02-16 13:56:15,logistics
EVID0000730,DSP000122,TXN0007674,tracking_number,UNAVAILABLE,0,1,1,0.0,2025-02-02 18:10:02,logistics
EVID0000731,DSP000122,TXN0007674,delivery_confirmation,APPLICABLE,1,1,1,0.64,2025-02-08 18:47:00,logistics
EVID0000732,DSP000122,TXN0007674,customer_communication,APPLICABLE,1,0,1,0.64,2025-02-17 04:13:19,crm
EVID0000733,DSP000123,TXN0007724,order_confirmation,APPLICABLE,1,1,1,0.71,2025-03-03 12:50:49,billing
EVID0000734,DSP000123,TXN0007724,invoice,APPLICABLE,1,0,1,0.66,2025-03-07 23:56:22,billing
EVID0000735,DSP000123,TXN0007724,shipping_label,NOT_APPLICABLE,0,0,0,0.0,2025-03-09 23:20:25,logistics
EVID0000736,DSP000123,TXN0007724,tracking_number,NOT_APPLICABLE,0,0,0,0.0,2025-02-24 19:04:23,logistics
EVID0000737,DSP000123,TXN0007724,delivery_confirmation,NOT_APPLICABLE,0,0,0,0.0,2025-02-27 08:54:08,logistics
EVID0000738,DSP000123,TXN0007724,customer_communication,APPLICABLE,1,1,1,0.94,2025-02-02 20:23:54,crm
EVID0000739,DSP000124,TXN0007822,order_confirmation,APPLICABLE,1,1,1,0.73,2025-02-08 11:07:00,billing
EVID0000740,DSP000124,TXN0007822,invoice,APPLICABLE,1,1,1,0.8,2025-02-07 00:13:36,billing
EVID0000741,DSP000124,TXN0007822,shipping_label,NOT_APPLICABLE,0,0,0,0.0,2025-02-19 14:43:45,logistics
EVID0000742,DSP000124,TXN0007822,tracking_number,NOT_APPLICABLE,0,0,0,0.0,2025-02-03 16:21:22,logistics
EVID0000743,DSP000124,TXN0007822,delivery_confirmation,NOT_APPLICABLE,0,0,0,0.0,2025-02-12 00:30:47,logistics
EVID0000744,DSP000124,TXN0007822,customer_communication,APPLICABLE,1,0,1,0.76,2025-02-03 21:03:13,crm
EVID0000745,DSP000125,TXN0007899,order_confirmation,UNAVAILABLE,0,1,1,0.0,2025-02-16 04:43:54,billing
EVID0000746,DSP000125,TXN0007899,invoice,UNAVAILABLE,0,1,1,0.0,2025-02-03 01:33:16,billing
EVID0000747,DSP000125,TXN0007899,shipping_label,NOT_APPLICABLE,0,0,0,0.0,2025-02-03 21:24:43,logistics
EVID0000748,DSP000125,TXN0007899,tracking_number,NOT_APPLICABLE,0,0,0,0.0,2025-02-17 09:45:08,logistics
EVID0000749,DSP000125,TXN0007899,delivery_confirmation,NOT_APPLICABLE,0,0,0,0.0,2025-02-04 09:12:44,logistics
EVID0000750,DSP000125,TXN0007899,customer_communication,UNAVAILABLE,0,0,1,0.0,2025-02-15 21:37:36,crm
EVID0000751,DSP000126,TXN0007997,order_confirmation,APPLICABLE,1,1,1,0.85,2025-02-09 00:54:46,billing
EVID0000752,DSP000126,TXN0007997,invoice,APPLICABLE,1,1,1,0.76,2025-02-13 19:49:21,billing
EVID0000753,DSP000126,TXN0007997,shipping_label,NOT_APPLICABLE,0,0,0,0.0,2025-02-21 23:23:13,logistics
EVID0000754,DSP000126,TXN0007997,tracking_number,NOT_APPLICABLE,0,0,0,0.0,2025-02-10 17:05:36,logistics
EVID0000755,DSP000126,TXN0007997,delivery_confirmation,NOT_APPLICABLE,0,0,0,0.0,2025-02-10 05:21:26,logistics
EVID0000756,DSP000126,TXN0007997,customer_communication,APPLICABLE,1,1,1,0.77,2025-02-10 11:16:57,crm
EVID0000757,DSP000127,TXN0008076,order_confirmation,APPLICABLE,1,1,1,0.77,2025-02-09 22:18:26,billing
EVID0000758,DSP000127,TXN0008076,invoice,UNAVAILABLE,0,1,1,0.0,2025-02-10 16:46:51,billing
EVID0000759,DSP000127,TXN0008076,shipping_label,UNAVAILABLE,0,0,1,0.0,2025-02-05 07:57:01,logistics
EVID0000760,DSP000127,TXN0008076,tracking_number,APPLICABLE,1,0,0,0.79,2025-02-08 10:45:34,logistics
EVID0000761,DSP000127,TXN0008076,delivery_confirmation,APPLICABLE,1,0,0,0.66,2025-02-09 11:39:37,logistics
EVID0000762,DSP000127,TXN0008076,customer_communication,APPLICABLE,1,1,1,0.89,2025-02-04 03:29:22,crm
EVID0000763,DSP000128,TXN0008140,order_confirmation,UNAVAILABLE,0,1,1,0.0,2025-02-24 20:37:26,billing
EVID0000764,DSP000128,TXN0008140,invoice,APPLICABLE,1,0,0,0.6,2025-02-14 22:39:45,billing
EVID0000765,DSP000128,TXN0008140,shipping_label,NOT_APPLICABLE,0,0,0,0.0,2025-03-06 22:06:40,logistics
EVID0000766,DSP000128,TXN0008140,tracking_number,NOT_APPLICABLE,0,0,0,0.0,2025-02-03 00:08:03,logistics
EVID0000767,DSP000128,TXN0008140,delivery_confirmation,NOT_APPLICABLE,0,0,0,0.0,2025-02-25 03:14:41,logistics
EVID0000768,DSP000128,TXN0008140,customer_communication,APPLICABLE,1,0,1,0.82,2025-02-16 12:18:02,crm
EVID0000769,DSP000129,TXN0008177,order_confirmation,APPLICABLE,1,1,1,0.6,2025-02-11 00:36:25,billing
EVID0000770,DSP000129,TXN0008177,invoice,UNAVAILABLE,0,0,1,0.0,2025-02-09 21:34:13,billing
EVID0000771,DSP000129,TXN0008177,shipping_label,NOT_APPLICABLE,0,0,0,0.0,2025-02-12 22:28:42,logistics
EVID0000772,DSP000129,TXN0008177,tracking_number,NOT_APPLICABLE,0,0,0,0.0,2025-02-08 16:59:35,logistics
EVID0000773,DSP000129,TXN0008177,delivery_confirmation,NOT_APPLICABLE,0,0,0,0.0,2025-02-13 17:25:36,logistics
EVID0000774,DSP000129,TXN0008177,customer_communication,APPLICABLE,1,0,1,0.63,2025-02-09 23:17:57,crm
EVID0000775,DSP000130,TXN0008243,order_confirmation,APPLICABLE,1,1,1,0.89,2025-02-14 06:39:57,billing
EVID0000776,DSP000130,TXN0008243,invoice,APPLICABLE,1,0,1,0.79,2025-02-21 06:37:22,billing
EVID0000777,DSP000130,TXN0008243,shipping_label,UNAVAILABLE,0,0,1,0.0,2025-02-20 04:31:08,logistics
EVID0000778,DSP000130,TXN0008243,tracking_number,UNAVAILABLE,0,0,0,0.0,2025-02-17 03:01:03,logistics
EVID0000779,DSP000130,TXN0008243,delivery_confirmation,UNAVAILABLE,0,1,1,0.0,2025-02-17 02:16:12,logistics
EVID0000780,DSP000130,TXN0008243,customer_communication,APPLICABLE,1,1,1,0.78,2025-02-03 19:51:46,crm
EVID0000781,DSP000131,TXN0008330,order_confirmation,APPLICABLE,1,1,1,0.83,2025-02-03 15:02:55,billing
EVID0000782,DSP000131,TXN0008330,invoice,APPLICABLE,1,0,1,0.63,2025-03-02 16:58:08,billing
EVID0000783,DSP000131,TXN0008330,shipping_label,NOT_APPLICABLE,0,0,0,0.0,2025-03-17 05:29:25,logistics
EVID0000784,DSP000131,TXN0008330,tracking_number,NOT_APPLICABLE,0,0,0,0.0,2025-03-08 12:37:41,logistics
EVID0000785,DSP000131,TXN0008330,delivery_confirmation,NOT_APPLICABLE,0,0,0,0.0,2025-03-13 00:24:45,logistics
EVID0000786,DSP000131,TXN0008330,customer_communication,APPLICABLE,1,1,1,0.87,2025-03-11 09:12:57,crm
EVID0000787,DSP000132,TXN0008361,order_confirmation,APPLICABLE,1,1,1,0.68,2025-02-09 10:25:44,billing
EVID0000788,DSP000132,TXN0008361,invoice,APPLICABLE,1,0,1,0.68,2025-02-06 21:06:24,billing
EVID0000789,DSP000132,TXN0008361,shipping_label,NOT_APPLICABLE,0,0,0,0.0,2025-02-06 04:46:24,logistics
EVID0000790,DSP000132,TXN0008361,tracking_number,NOT_APPLICABLE,0,0,0,0.0,2025-02-07 16:22:03,logistics
EVID0000791,DSP000132,TXN0008361,delivery_confirmation,NOT_APPLICABLE,0,0,0,0.0,2025-02-06 01:32:10,logistics
EVID0000792,DSP000132,TXN0008361,customer_communication,APPLICABLE,1,0,0,0.82,2025-02-05 17:07:35,crm
EVID0000793,DSP000133,TXN0008399,order_confirmation,UNAVAILABLE,0,1,1,0.0,2025-03-05 23:46:54,billing
EVID0000794,DSP000133,TXN0008399,invoice,APPLICABLE,1,0,0,0.72,2025-02-08 05:01:26,billing
EVID0000795,DSP000133,TXN0008399,shipping_label,NOT_APPLICABLE,0,0,0,0.0,2025-03-19 08:21:40,logistics
EVID0000796,DSP000133,TXN0008399,tracking_number,NOT_APPLICABLE,0,0,0,0.0,2025-03-05 22:51:41,logistics
EVID0000797,DSP000133,TXN0008399,delivery_confirmation,NOT_APPLICABLE,0,0,0,0.0,2025-03-06 20:51:40,logistics
EVID0000798,DSP000133,TXN0008399,customer_communication,UNAVAILABLE,0,1,1,0.0,2025-02-05 09:45:01,crm
EVID0000799,DSP000134,TXN0008719,order_confirmation,APPLICABLE,1,1,1,0.65,2025-02-18 19:36:34,billing
EVID0000800,DSP000134,TXN0008719,invoice,APPLICABLE,1,1,1,0.68,2025-02-13 14:31:49,billing
EVID0000801,DSP000134,TXN0008719,shipping_label,APPLICABLE,1,0,1,0.62,2025-02-22 12:36:49,logistics
EVID0000802,DSP000134,TXN0008719,tracking_number,APPLICABLE,1,0,1,0.85,2025-02-07 22:32:10,logistics
EVID0000803,DSP000134,TXN0008719,delivery_confirmation,APPLICABLE,1,0,1,0.62,2025-02-06 22:29:23,logistics
EVID0000804,DSP000134,TXN0008719,customer_communication,UNAVAILABLE,0,1,1,0.0,2025-02-26 19:52:47,crm
EVID0000805,DSP000135,TXN0008722,order_confirmation,APPLICABLE,1,1,1,0.62,2025-02-14 20:09:18,billing
EVID0000806,DSP000135,TXN0008722,invoice,APPLICABLE,1,0,1,0.85,2025-02-09 00:25:28,billing
EVID0000807,DSP000135,TXN0008722,shipping_label,NOT_APPLICABLE,0,0,0,0.0,2025-02-09 15:04:42,logistics
EVID0000808,DSP000135,TXN0008722,tracking_number,NOT_APPLICABLE,0,0,0,0.0,2025-02-07 23:05:44,logistics
EVID0000809,DSP000135,TXN0008722,delivery_confirmation,NOT_APPLICABLE,0,0,0,0.0,2025-02-23 20:17:01,logistics
EVID0000810,DSP000135,TXN0008722,customer_communication,UNAVAILABLE,0,1,1,0.0,2025-02-17 20:20:05,crm
EVID0000811,DSP000136,TXN0008729,order_confirmation,APPLICABLE,1,1,1,0.7,2025-02-12 18:06:24,billing
EVID0000812,DSP000136,TXN0008729,invoice,APPLICABLE,1,0,0,0.84,2025-02-17 05:47:25,billing
EVID0000813,DSP000136,TXN0008729,shipping_label,NOT_APPLICABLE,0,0,0,0.0,2025-02-28 03:47:31,logistics
EVID0000814,DSP000136,TXN0008729,tracking_number,NOT_APPLICABLE,0,0,0,0.0,2025-02-19 02:15:47,logistics
EVID0000815,DSP000136,TXN0008729,delivery_confirmation,NOT_APPLICABLE,0,0,0,0.0,2025-03-13 00:12:11,logistics
EVID0000816,DSP000136,TXN0008729,customer_communication,APPLICABLE,1,1,1,0.9,2025-02-21 05:01:49,crm
EVID0000817,DSP000137,TXN0008786,order_confirmation,APPLICABLE,1,1,1,0.76,2025-02-15 22:00:10,billing
EVID0000818,DSP000137,TXN0008786,invoice,APPLICABLE,1,0,1,0.65,2025-02-24 06:09:38,billing
EVID0000819,DSP000137,TXN0008786,shipping_label,NOT_APPLICABLE,0,0,0,0.0,2025-03-04 00:27:32,logistics
EVID0000820,DSP000137,TXN0008786,tracking_number,NOT_APPLICABLE,0,0,0,0.0,2025-02-22 17:18:05,logistics
EVID0000821,DSP000137,TXN0008786,delivery_confirmation,NOT_APPLICABLE,0,0,0,0.0,2025-02-09 08:21:11,logistics
EVID0000822,DSP000137,TXN0008786,customer_communication,APPLICABLE,1,0,0,0.74,2025-02-24 02:51:19,crm
EVID0000823,DSP000138,TXN0008866,order_confirmation,APPLICABLE,1,1,1,0.86,2025-02-06 06:57:02,billing
EVID0000824,DSP000138,TXN0008866,invoice,UNAVAILABLE,0,1,1,0.0,2025-02-08 07:11:04,billing
EVID0000825,DSP000138,TXN0008866,shipping_label,APPLICABLE,1,0,0,0.93,2025-02-07 18:37:51,logistics
EVID0000826,DSP000138,TXN0008866,tracking_number,APPLICABLE,1,0,1,0.91,2025-02-07 03:07:54,logistics
EVID0000827,DSP000138,TXN0008866,delivery_confirmation,APPLICABLE,1,0,1,0.66,2025-02-07 20:26:33,logistics
EVID0000828,DSP000138,TXN0008866,customer_communication,APPLICABLE,1,1,1,0.83,2025-02-07 19:03:05,crm
EVID0000829,DSP000139,TXN0008969,order_confirmation,APPLICABLE,1,1,1,0.87,2025-02-20 21:28:10,billing
EVID0000830,DSP000139,TXN0008969,invoice,APPLICABLE,1,0,1,0.81,2025-02-19 11:36:03,billing
EVID0000831,DSP000139,TXN0008969,shipping_label,APPLICABLE,1,1,1,0.73,2025-02-13 19:38:06,logistics
EVID0000832,DSP000139,TXN0008969,tracking_number,APPLICABLE,1,1,1,0.69,2025-02-20 15:57:22,logistics
EVID0000833,DSP000139,TXN0008969,delivery_confirmation,APPLICABLE,1,1,1,0.6,2025-02-11 05:30:47,logistics
EVID0000834,DSP000139,TXN0008969,customer_communication,APPLICABLE,1,0,1,0.65,2025-02-21 13:50:32,crm
EVID0000835,DSP000140,TXN0009037,order_confirmation,APPLICABLE,1,1,1,0.78,2025-02-09 23:11:12,billing
EVID0000836,DSP000140,TXN0009037,invoice,APPLICABLE,1,1,1,0.88,2025-02-11 06:05:32,billing
EVID0000837,DSP000140,TXN0009037,shipping_label,NOT_APPLICABLE,0,0,0,0.0,2025-02-07 17:09:06,logistics
EVID0000838,DSP000140,TXN0009037,tracking_number,NOT_APPLICABLE,0,0,0,0.0,2025-02-07 23:52:49,logistics
EVID0000839,DSP000140,TXN0009037,delivery_confirmation,NOT_APPLICABLE,0,0,0,0.0,2025-02-06 20:22:32,logistics
EVID0000840,DSP000140,TXN0009037,customer_communication,APPLICABLE,1,1,1,0.9,2025-02-06 18:00:22,crm
EVID0000841,DSP000141,TXN0009053,order_confirmation,APPLICABLE,1,1,1,0.93,2025-02-17 18:31:24,billing
EVID0000842,DSP000141,TXN0009053,invoice,APPLICABLE,1,1,1,0.7,2025-03-04 11:14:55,billing
EVID0000843,DSP000141,TXN0009053,shipping_label,NOT_APPLICABLE,0,0,0,0.0,2025-02-12 23:01:18,logistics
EVID0000844,DSP000141,TXN0009053,tracking_number,NOT_APPLICABLE,0,0,0,0.0,2025-02-25 05:46:00,logistics
EVID0000845,DSP000141,TXN0009053,delivery_confirmation,NOT_APPLICABLE,0,0,0,0.0,2025-02-28 09:29:41,logistics
EVID0000846,DSP000141,TXN0009053,customer_communication,APPLICABLE,1,1,1,0.84,2025-02-24 09:13:17,crm
EVID0000847,DSP000142,TXN0009120,order_confirmation,APPLICABLE,1,1,1,0.6,2025-02-14 01:40:55,billing
EVID0000848,DSP000142,TXN0009120,invoice,UNAVAILABLE,0,1,1,0.0,2025-02-26 17:01:30,billing
EVID0000849,DSP000142,TXN0009120,shipping_label,NOT_APPLICABLE,0,0,0,0.0,2025-02-11 09:01:05,logistics
EVID0000850,DSP000142,TXN0009120,tracking_number,NOT_APPLICABLE,0,0,0,0.0,2025-03-02 07:46:49,logistics
EVID0000851,DSP000142,TXN0009120,delivery_confirmation,NOT_APPLICABLE,0,0,0,0.0,2025-02-26 09:08:21,logistics
EVID0000852,DSP000142,TXN0009120,customer_communication,APPLICABLE,1,1,1,0.69,2025-02-20 03:34:14,crm
EVID0000853,DSP000143,TXN0009194,order_confirmation,APPLICABLE,1,1,1,0.72,2025-02-28 08:48:24,billing
EVID0000854,DSP000143,TXN0009194,invoice,APPLICABLE,1,0,1,0.6,2025-02-18 05:47:23,billing
EVID0000855,DSP000143,TXN0009194,shipping_label,NOT_APPLICABLE,0,0,0,0.0,2025-02-24 09:15:30,logistics
EVID0000856,DSP000143,TXN0009194,tracking_number,NOT_APPLICABLE,0,0,0,0.0,2025-02-11 14:27:18,logistics
EVID0000857,DSP000143,TXN0009194,delivery_confirmation,NOT_APPLICABLE,0,0,0,0.0,2025-02-24 14:40:29,logistics
EVID0000858,DSP000143,TXN0009194,customer_communication,APPLICABLE,1,0,1,0.95,2025-02-24 04:35:02,crm
EVID0000859,DSP000144,TXN0009201,order_confirmation,APPLICABLE,1,1,1,0.76,2025-02-12 17:33:53,billing
EVID0000860,DSP000144,TXN0009201,invoice,APPLICABLE,1,0,1,0.65,2025-02-28 21:01:21,billing
EVID0000861,DSP000144,TXN0009201,shipping_label,APPLICABLE,1,1,1,0.61,2025-02-11 06:02:45,logistics
EVID0000862,DSP000144,TXN0009201,tracking_number,APPLICABLE,1,1,1,0.91,2025-02-17 02:21:35,logistics
EVID0000863,DSP000144,TXN0009201,delivery_confirmation,APPLICABLE,1,1,1,0.7,2025-02-07 20:07:18,logistics
EVID0000864,DSP000144,TXN0009201,customer_communication,APPLICABLE,1,0,1,0.6,2025-02-09 06:10:00,crm
EVID0000865,DSP000145,TXN0009238,order_confirmation,APPLICABLE,1,1,1,0.78,2025-02-11 20:51:57,billing
EVID0000866,DSP000145,TXN0009238,invoice,APPLICABLE,1,0,1,0.92,2025-02-08 13:17:35,billing
EVID0000867,DSP000145,TXN0009238,shipping_label,NOT_APPLICABLE,0,0,0,0.0,2025-02-20 08:10:27,logistics
EVID0000868,DSP000145,TXN0009238,tracking_number,NOT_APPLICABLE,0,0,0,0.0,2025-02-11 22:00:10,logistics
EVID0000869,DSP000145,TXN0009238,delivery_confirmation,NOT_APPLICABLE,0,0,0,0.0,2025-02-21 02:55:04,logistics
EVID0000870,DSP000145,TXN0009238,customer_communication,APPLICABLE,1,1,1,0.9,2025-02-12 03:07:32,crm
EVID0000871,DSP000146,TXN0009313,order_confirmation,APPLICABLE,1,1,1,0.79,2025-02-21 20:33:42,billing
EVID0000872,DSP000146,TXN0009313,invoice,UNAVAILABLE,0,0,1,0.0,2025-02-07 11:01:44,billing
EVID0000873,DSP000146,TXN0009313,shipping_label,NOT_APPLICABLE,0,0,0,0.0,2025-02-14 02:54:05,logistics
EVID0000874,DSP000146,TXN0009313,tracking_number,NOT_APPLICABLE,0,0,0,0.0,2025-02-10 21:39:50,logistics
EVID0000875,DSP000146,TXN0009313,delivery_confirmation,NOT_APPLICABLE,0,0,0,0.0,2025-02-10 13:06:11,logistics
EVID0000876,DSP000146,TXN0009313,customer_communication,UNAVAILABLE,0,0,0,0.0,2025-02-20 12:04:31,crm
EVID0000877,DSP000147,TXN0009321,order_confirmation,APPLICABLE,1,1,1,0.88,2025-02-23 10:42:46,billing
EVID0000878,DSP000147,TXN0009321,invoice,APPLICABLE,1,0,1,0.72,2025-02-08 00:38:12,billing
EVID0000879,DSP000147,TXN0009321,shipping_label,APPLICABLE,1,0,1,0.62,2025-02-10 14:23:59,logistics
EVID0000880,DSP000147,TXN0009321,tracking_number,APPLICABLE,1,0,1,0.69,2025-02-07 18:16:32,logistics
EVID0000881,DSP000147,TXN0009321,delivery_confirmation,APPLICABLE,1,1,1,0.94,2025-02-16 02:18:36,logistics
EVID0000882,DSP000147,TXN0009321,customer_communication,APPLICABLE,1,1,1,0.95,2025-02-26 13:49:05,crm
EVID0000883,DSP000148,TXN0009367,order_confirmation,UNAVAILABLE,0,1,1,0.0,2025-02-07 23:17:13,billing
EVID0000884,DSP000148,TXN0009367,invoice,APPLICABLE,1,1,1,0.6,2025-02-11 19:35:58,billing
EVID0000885,DSP000148,TXN0009367,shipping_label,APPLICABLE,1,0,0,0.74,2025-02-14 00:40:54,logistics
EVID0000886,DSP000148,TXN0009367,tracking_number,APPLICABLE,1,0,1,0.7,2025-02-08 20:37:06,logistics
EVID0000887,DSP000148,TXN0009367,delivery_confirmation,APPLICABLE,1,0,1,0.73,2025-02-10 15:56:09,logistics
EVID0000888,DSP000148,TXN0009367,customer_communication,UNAVAILABLE,0,1,1,0.0,2025-02-25 14:10:33,crm
EVID0000889,DSP000149,TXN0009427,order_confirmation,APPLICABLE,1,1,1,0.7,2025-02-10 20:43:17,billing
EVID0000890,DSP000149,TXN0009427,invoice,APPLICABLE,1,1,1,0.78,2025-03-02 21:32:16,billing
EVID0000891,DSP000149,TXN0009427,shipping_label,NOT_APPLICABLE,0,0,0,0.0,2025-03-01 12:56:58,logistics
EVID0000892,DSP000149,TXN0009427,tracking_number,NOT_APPLICABLE,0,0,0,0.0,2025-02-25 08:28:37,logistics
EVID0000893,DSP000149,TXN0009427,delivery_confirmation,NOT_APPLICABLE,0,0,0,0.0,2025-03-04 16:38:12,logistics
EVID0000894,DSP000149,TXN0009427,customer_communication,APPLICABLE,1,1,1,0.61,2025-03-08 14:20:31,crm
EVID0000895,DSP000150,TXN0009484,order_confirmation,APPLICABLE,1,1,1,0.7,2025-02-10 20:57:36,billing
EVID0000896,DSP000150,TXN0009484,invoice,APPLICABLE,1,1,1,0.66,2025-02-15 15:35:31,billing
EVID0000897,DSP000150,TXN0009484,shipping_label,NOT_APPLICABLE,0,0,0,0.0,2025-02-08 17:03:36,logistics
EVID0000898,DSP000150,TXN0009484,tracking_number,NOT_APPLICABLE,0,0,0,0.0,2025-02-17 00:15:14,logistics
EVID0000899,DSP000150,TXN0009484,delivery_confirmation,NOT_APPLICABLE,0,0,0,0.0,2025-02-17 16:33:38,logistics
EVID0000900,DSP000150,TXN0009484,customer_communication,APPLICABLE,1,1,1,0.85,2025-02-16 04:20:54,crm
EVID0000901,DSP000151,TXN0009496,order_confirmation,UNAVAILABLE,0,1,1,0.0,2025-02-09 01:11:12,billing
EVID0000902,DSP000151,TXN0009496,invoice,UNAVAILABLE,0,1,1,0.0,2025-02-09 18:28:25,billing
EVID0000903,DSP000151,TXN0009496,shipping_label,NOT_APPLICABLE,0,0,0,0.0,2025-02-19 22:04:02,logistics
EVID0000904,DSP000151,TXN0009496,tracking_number,NOT_APPLICABLE,0,0,0,0.0,2025-02-28 20:37:38,logistics
EVID0000905,DSP000151,TXN0009496,delivery_confirmation,NOT_APPLICABLE,0,0,0,0.0,2025-02-18 00:59:57,logistics
EVID0000906,DSP000151,TXN0009496,customer_communication,APPLICABLE,1,1,1,0.75,2025-02-18 15:21:45,crm
EVID0000907,DSP000152,TXN0009528,order_confirmation,APPLICABLE,1,1,1,0.84,2025-02-11 22:48:10,billing
EVID0000908,DSP000152,TXN0009528,invoice,APPLICABLE,1,1,1,0.95,2025-02-12 07:18:27,billing
EVID0000909,DSP000152,TXN0009528,shipping_label,NOT_APPLICABLE,0,0,0,0.0,2025-02-24 00:28:02,logistics
EVID0000910,DSP000152,TXN0009528,tracking_number,NOT_APPLICABLE,0,0,0,0.0,2025-03-09 21:53:52,logistics
EVID0000911,DSP000152,TXN0009528,delivery_confirmation,NOT_APPLICABLE,0,0,0,0.0,2025-02-15 14:00:05,logistics
EVID0000912,DSP000152,TXN0009528,customer_communication,APPLICABLE,1,1,1,0.6,2025-02-11 13:42:19,crm
EVID0000913,DSP000153,TXN0009560,order_confirmation,UNAVAILABLE,0,1,1,0.0,2025-02-16 03:09:31,billing
EVID0000914,DSP000153,TXN0009560,invoice,UNAVAILABLE,0,1,1,0.0,2025-02-15 13:15:41,billing
EVID0000915,DSP000153,TXN0009560,shipping_label,APPLICABLE,1,0,1,0.9,2025-02-15 02:28:55,logistics
EVID0000916,DSP000153,TXN0009560,tracking_number,APPLICABLE,1,0,0,0.82,2025-02-17 02:11:28,logistics
EVID0000917,DSP000153,TXN0009560,delivery_confirmation,APPLICABLE,1,0,1,0.82,2025-02-12 09:28:43,logistics
EVID0000918,DSP000153,TXN0009560,customer_communication,APPLICABLE,1,1,1,0.61,2025-02-13 01:42:29,crm
EVID0000919,DSP000154,TXN0009662,order_confirmation,APPLICABLE,1,1,1,0.94,2025-03-05 06:14:47,billing
EVID0000920,DSP000154,TXN0009662,invoice,APPLICABLE,1,0,1,0.65,2025-03-10 02:36:37,billing
EVID0000921,DSP000154,TXN0009662,shipping_label,APPLICABLE,1,0,0,0.92,2025-03-01 14:27:19,logistics
EVID0000922,DSP000154,TXN0009662,tracking_number,APPLICABLE,1,0,0,0.96,2025-02-13 12:47:17,logistics
EVID0000923,DSP000154,TXN0009662,delivery_confirmation,APPLICABLE,1,1,1,0.9,2025-03-14 18:52:09,logistics
EVID0000924,DSP000154,TXN0009662,customer_communication,APPLICABLE,1,1,1,0.83,2025-02-14 06:32:20,crm
EVID0000925,DSP000155,TXN0009733,order_confirmation,UNAVAILABLE,0,1,1,0.0,2025-02-14 10:50:21,billing
EVID0000926,DSP000155,TXN0009733,invoice,UNAVAILABLE,0,0,1,0.0,2025-02-18 22:47:45,billing
EVID0000927,DSP000155,TXN0009733,shipping_label,APPLICABLE,1,0,1,0.87,2025-02-17 03:10:27,logistics
EVID0000928,DSP000155,TXN0009733,tracking_number,UNAVAILABLE,0,0,1,0.0,2025-02-19 21:54:52,logistics
EVID0000929,DSP000155,TXN0009733,delivery_confirmation,APPLICABLE,1,1,1,0.77,2025-02-18 14:00:33,logistics
EVID0000930,DSP000155,TXN0009733,customer_communication,APPLICABLE,1,1,1,0.73,2025-02-19 00:03:49,crm
EVID0000931,DSP000156,TXN0009805,order_confirmation,APPLICABLE,1,1,1,0.88,2025-02-25 11:41:50,billing
EVID0000932,DSP000156,TXN0009805,invoice,APPLICABLE,1,1,1,0.88,2025-02-15 12:43:40,billing
EVID0000933,DSP000156,TXN0009805,shipping_label,APPLICABLE,1,0,1,0.64,2025-02-18 10:17:24,logistics
EVID0000934,DSP000156,TXN0009805,tracking_number,APPLICABLE,1,0,1,0.63,2025-03-04 11:45:06,logistics
EVID0000935,DSP000156,TXN0009805,delivery_confirmation,APPLICABLE,1,0,0,0.88,2025-02-13 01:09:45,logistics
EVID0000936,DSP000156,TXN0009805,customer_communication,APPLICABLE,1,1,1,0.66,2025-02-26 00:20:46,crm
EVID0000937,DSP000157,TXN0009808,order_confirmation,APPLICABLE,1,1,1,0.73,2025-02-10 11:27:58,billing
EVID0000938,DSP000157,TXN0009808,invoice,APPLICABLE,1,0,0,0.85,2025-02-14 14:06:15,billing
EVID0000939,DSP000157,TXN0009808,shipping_label,APPLICABLE,1,1,1,0.68,2025-02-10 12:26:15,logistics
EVID0000940,DSP000157,TXN0009808,tracking_number,APPLICABLE,1,1,1,0.66,2025-02-13 20:51:08,logistics
EVID0000941,DSP000157,TXN0009808,delivery_confirmation,APPLICABLE,1,1,1,0.96,2025-02-10 22:12:35,logistics
EVID0000942,DSP000157,TXN0009808,customer_communication,APPLICABLE,1,0,0,0.7,2025-02-16 02:21:57,crm
EVID0000943,DSP000158,TXN0009838,order_confirmation,APPLICABLE,1,1,1,0.76,2025-02-25 09:28:43,billing
EVID0000944,DSP000158,TXN0009838,invoice,APPLICABLE,1,1,1,0.75,2025-03-13 22:02:07,billing
EVID0000945,DSP000158,TXN0009838,shipping_label,NOT_APPLICABLE,0,0,0,0.0,2025-02-15 07:49:23,logistics
EVID0000946,DSP000158,TXN0009838,tracking_number,NOT_APPLICABLE,0,0,0,0.0,2025-03-01 08:02:24,logistics
EVID0000947,DSP000158,TXN0009838,delivery_confirmation,NOT_APPLICABLE,0,0,0,0.0,2025-02-26 13:23:05,logistics
EVID0000948,DSP000158,TXN0009838,customer_communication,UNAVAILABLE,0,1,1,0.0,2025-03-13 16:35:28,crm
EVID0000949,DSP000159,TXN0009841,order_confirmation,APPLICABLE,1,1,1,0.81,2025-02-23 08:37:17,billing
EVID0000950,DSP000159,TXN0009841,invoice,UNAVAILABLE,0,1,1,0.0,2025-03-10 13:02:14,billing
EVID0000951,DSP000159,TXN0009841,shipping_label,NOT_APPLICABLE,0,0,0,0.0,2025-02-24 13:32:17,logistics
EVID0000952,DSP000159,TXN0009841,tracking_number,NOT_APPLICABLE,0,0,0,0.0,2025-02-26 11:12:23,logistics
EVID0000953,DSP000159,TXN0009841,delivery_confirmation,NOT_APPLICABLE,0,0,0,0.0,2025-02-14 10:12:44,logistics
EVID0000954,DSP000159,TXN0009841,customer_communication,APPLICABLE,1,1,1,0.65,2025-03-09 10:49:57,crm
EVID0000955,DSP000160,TXN0009858,order_confirmation,UNAVAILABLE,0,1,1,0.0,2025-03-13 07:42:29,billing
EVID0000956,DSP000160,TXN0009858,invoice,APPLICABLE,1,1,1,0.78,2025-03-04 20:20:46,billing
EVID0000957,DSP000160,TXN0009858,shipping_label,NOT_APPLICABLE,0,0,0,0.0,2025-02-20 07:49:09,logistics
EVID0000958,DSP000160,TXN0009858,tracking_number,NOT_APPLICABLE,0,0,0,0.0,2025-02-14 16:38:18,logistics
EVID0000959,DSP000160,TXN0009858,delivery_confirmation,NOT_APPLICABLE,0,0,0,0.0,2025-02-26 10:28:02,logistics
EVID0000960,DSP000160,TXN0009858,customer_communication,UNAVAILABLE,0,1,1,0.0,2025-03-08 10:39:04,crm
EVID0000961,DSP000161,TXN0009938,order_confirmation,APPLICABLE,1,1,1,0.68,2025-02-12 09:05:50,billing
EVID0000962,DSP000161,TXN0009938,invoice,UNAVAILABLE,0,0,1,0.0,2025-02-19 10:20:38,billing
EVID0000963,DSP000161,TXN0009938,shipping_label,NOT_APPLICABLE,0,0,0,0.0,2025-02-14 20:12:42,logistics
EVID0000964,DSP000161,TXN0009938,tracking_number,NOT_APPLICABLE,0,0,0,0.0,2025-02-19 21:23:35,logistics
EVID0000965,DSP000161,TXN0009938,delivery_confirmation,NOT_APPLICABLE,0,0,0,0.0,2025-02-16 10:37:01,logistics
EVID0000966,DSP000161,TXN0009938,customer_communication,APPLICABLE,1,1,1,0.65,2025-02-18 22:45:17,crm
EVID0000967,DSP000162,TXN0010300,order_confirmation,APPLICABLE,1,1,1,0.84,2025-03-14 03:54:43,billing
EVID0000968,DSP000162,TXN0010300,invoice,APPLICABLE,1,0,1,0.74,2025-03-09 23:45:43,billing
EVID0000969,DSP000162,TXN0010300,shipping_label,NOT_APPLICABLE,0,0,0,0.0,2025-02-12 05:42:04,logistics
EVID0000970,DSP000162,TXN0010300,tracking_number,NOT_APPLICABLE,0,0,0,0.0,2025-03-12 12:38:37,logistics
EVID0000971,DSP000162,TXN0010300,delivery_confirmation,NOT_APPLICABLE,0,0,0,0.0,2025-03-14 21:32:32,logistics
EVID0000972,DSP000162,TXN0010300,customer_communication,UNAVAILABLE,0,1,1,0.0,2025-03-23 05:30:18,crm
EVID0000973,DSP000163,TXN0010356,order_confirmation,UNAVAILABLE,0,1,1,0.0,2025-02-13 06:10:50,billing
EVID0000974,DSP000163,TXN0010356,invoice,APPLICABLE,1,1,1,0.74,2025-02-13 10:40:19,billing
EVID0000975,DSP000163,TXN0010356,shipping_label,NOT_APPLICABLE,0,0,0,0.0,2025-02-13 12:18:11,logistics
EVID0000976,DSP000163,TXN0010356,tracking_number,NOT_APPLICABLE,0,0,0,0.0,2025-02-11 10:04:15,logistics
EVID0000977,DSP000163,TXN0010356,delivery_confirmation,NOT_APPLICABLE,0,0,0,0.0,2025-02-12 11:36:02,logistics
EVID0000978,DSP000163,TXN0010356,customer_communication,APPLICABLE,1,0,1,0.61,2025-02-12 06:02:39,crm
EVID0000979,DSP000164,TXN0010496,order_confirmation,APPLICABLE,1,1,1,0.62,2025-02-15 03:18:02,billing
EVID0000980,DSP000164,TXN0010496,invoice,APPLICABLE,1,0,0,0.87,2025-02-18 15:31:25,billing
EVID0000981,DSP000164,TXN0010496,shipping_label,APPLICABLE,1,1,1,0.79,2025-03-19 17:31:09,logistics
EVID0000982,DSP000164,TXN0010496,tracking_number,APPLICABLE,1,1,1,0.82,2025-03-14 11:55:35,logistics
EVID0000983,DSP000164,TXN0010496,delivery_confirmation,APPLICABLE,1,1,1,0.95,2025-02-13 05:56:45,logistics
EVID0000984,DSP000164,TXN0010496,customer_communication,UNAVAILABLE,0,0,0,0.0,2025-02-16 05:07:59,crm
EVID0000985,DSP000165,TXN0010554,order_confirmation,APPLICABLE,1,1,1,0.62,2025-02-23 01:29:20,billing
EVID0000986,DSP000165,TXN0010554,invoice,APPLICABLE,1,1,1,0.66,2025-02-20 07:48:26,billing
EVID0000987,DSP000165,TXN0010554,shipping_label,UNAVAILABLE,0,0,0,0.0,2025-02-15 20:55:07,logistics
EVID0000988,DSP000165,TXN0010554,tracking_number,APPLICABLE,1,0,1,0.84,2025-02-21 00:47:33,logistics
EVID0000989,DSP000165,TXN0010554,delivery_confirmation,UNAVAILABLE,0,0,0,0.0,2025-02-19 14:45:46,logistics
EVID0000990,DSP000165,TXN0010554,customer_communication,APPLICABLE,1,1,1,0.7,2025-02-19 22:11:16,crm
EVID0000991,DSP000166,TXN0010579,order_confirmation,UNAVAILABLE,0,1,1,0.0,2025-02-19 21:28:34,billing
EVID0000992,DSP000166,TXN0010579,invoice,APPLICABLE,1,0,1,0.66,2025-02-19 23:36:29,billing
EVID0000993,DSP000166,TXN0010579,shipping_label,APPLICABLE,1,0,1,0.65,2025-03-20 23:11:38,logistics
EVID0000994,DSP000166,TXN0010579,tracking_number,APPLICABLE,1,0,1,0.65,2025-03-14 08:02:46,logistics
EVID0000995,DSP000166,TXN0010579,delivery_confirmation,UNAVAILABLE,0,1,1,0.0,2025-02-14 18:11:24,logistics
EVID0000996,DSP000166,TXN0010579,customer_communication,APPLICABLE,1,1,1,0.77,2025-03-17 01:26:34,crm
EVID0000997,DSP000167,TXN0010626,order_confirmation,APPLICABLE,1,1,1,0.83,2025-02-20 11:54:10,billing
EVID0000998,DSP000167,TXN0010626,invoice,APPLICABLE,1,0,1,0.79,2025-02-17 14:36:08,billing
EVID0000999,DSP000167,TXN0010626,shipping_label,APPLICABLE,1,1,1,0.65,2025-02-18 08:33:30,logistics
EVID0001000,DSP000167,TXN0010626,tracking_number,APPLICABLE,1,1,1,0.95,2025-02-19 19:55:22,logistics
EVID0001001,DSP000167,TXN0010626,delivery_confirmation,APPLICABLE,1,1,1,0.61,2025-02-17 19:51:13,logistics
EVID0001002,DSP000167,TXN0010626,customer_communication,UNAVAILABLE,0,0,1,0.0,2025-02-17 11:44:20,crm
EVID0001003,DSP000168,TXN0010702,order_confirmation,APPLICABLE,1,1,1,0.75,2025-02-21 01:39:42,billing
EVID0001004,DSP000168,TXN0010702,invoice,APPLICABLE,1,0,1,0.69,2025-02-23 03:01:37,billing
EVID0001005,DSP000168,TXN0010702,shipping_label,APPLICABLE,1,0,1,0.65,2025-02-15 09:10:55,logistics
EVID0001006,DSP000168,TXN0010702,tracking_number,APPLICABLE,1,0,0,0.77,2025-02-19 13:35:13,logistics
EVID0001007,DSP000168,TXN0010702,delivery_confirmation,APPLICABLE,1,1,1,0.92,2025-03-01 03:40:29,logistics
EVID0001008,DSP000168,TXN0010702,customer_communication,APPLICABLE,1,1,1,0.87,2025-03-01 03:49:51,crm
EVID0001009,DSP000169,TXN0010764,order_confirmation,APPLICABLE,1,1,1,0.77,2025-03-17 06:10:10,billing
EVID0001010,DSP000169,TXN0010764,invoice,APPLICABLE,1,1,1,0.67,2025-02-27 20:14:18,billing
EVID0001011,DSP000169,TXN0010764,shipping_label,UNAVAILABLE,0,0,0,0.0,2025-02-15 01:49:08,logistics
EVID0001012,DSP000169,TXN0010764,tracking_number,APPLICABLE,1,0,0,0.61,2025-02-23 13:49:35,logistics
EVID0001013,DSP000169,TXN0010764,delivery_confirmation,APPLICABLE,1,0,0,0.83,2025-03-04 01:25:08,logistics
EVID0001014,DSP000169,TXN0010764,customer_communication,APPLICABLE,1,1,1,0.82,2025-03-13 23:10:05,crm
EVID0001015,DSP000170,TXN0011008,order_confirmation,UNAVAILABLE,0,1,1,0.0,2025-02-15 07:07:22,billing
EVID0001016,DSP000170,TXN0011008,invoice,UNAVAILABLE,0,0,0,0.0,2025-02-14 20:20:45,billing
EVID0001017,DSP000170,TXN0011008,shipping_label,NOT_APPLICABLE,0,0,0,0.0,2025-02-15 13:34:20,logistics
EVID0001018,DSP000170,TXN0011008,tracking_number,NOT_APPLICABLE,0,0,0,0.0,2025-02-15 18:30:48,logistics
EVID0001019,DSP000170,TXN0011008,delivery_confirmation,NOT_APPLICABLE,0,0,0,0.0,2025-02-16 00:08:45,logistics
EVID0001020,DSP000170,TXN0011008,customer_communication,APPLICABLE,1,0,1,0.64,2025-02-14 17:50:01,crm
EVID0001021,DSP000171,TXN0011021,order_confirmation,APPLICABLE,1,1,1,0.93,2025-02-16 20:47:48,billing
EVID0001022,DSP000171,TXN0011021,invoice,UNAVAILABLE,0,1,1,0.0,2025-02-15 07:39:55,billing
EVID0001023,DSP000171,TXN0011021,shipping_label,APPLICABLE,1,0,1,0.82,2025-02-15 00:53:31,logistics
EVID0001024,DSP000171,TXN0011021,tracking_number,APPLICABLE,1,0,1,0.84,2025-02-16 13:26:59,logistics
EVID0001025,DSP000171,TXN0011021,delivery_confirmation,APPLICABLE,1,0,1,0.85,2025-02-17 11:38:27,logistics
EVID0001026,DSP000171,TXN0011021,customer_communication,APPLICABLE,1,1,1,0.77,2025-02-15 15:35:25,crm
EVID0001027,DSP000172,TXN0011115,order_confirmation,APPLICABLE,1,1,1,0.62,2025-03-03 16:59:07,billing
EVID0001028,DSP000172,TXN0011115,invoice,APPLICABLE,1,0,1,0.7,2025-02-18 00:19:29,billing
EVID0001029,DSP000172,TXN0011115,shipping_label,APPLICABLE,1,1,1,0.73,2025-03-05 18:58:20,logistics
EVID0001030,DSP000172,TXN0011115,tracking_number,APPLICABLE,1,1,1,0.6,2025-02-16 13:38:11,logistics
EVID0001031,DSP000172,TXN0011115,delivery_confirmation,UNAVAILABLE,0,1,1,0.0,2025-03-07 16:35:00,logistics
EVID0001032,DSP000172,TXN0011115,customer_communication,APPLICABLE,1,0,1,0.83,2025-02-15 10:11:10,crm
EVID0001033,DSP000173,TXN0011173,order_confirmation,APPLICABLE,1,1,1,0.88,2025-02-19 21:28:41,billing
EVID0001034,DSP000173,TXN0011173,invoice,APPLICABLE,1,1,1,0.83,2025-02-21 15:27:17,billing
EVID0001035,DSP000173,TXN0011173,shipping_label,APPLICABLE,1,0,0,0.9,2025-02-19 14:14:12,logistics
EVID0001036,DSP000173,TXN0011173,tracking_number,APPLICABLE,1,0,1,0.78,2025-02-19 18:06:07,logistics
EVID0001037,DSP000173,TXN0011173,delivery_confirmation,APPLICABLE,1,0,0,0.69,2025-02-18 04:46:02,logistics
EVID0001038,DSP000173,TXN0011173,customer_communication,APPLICABLE,1,1,1,0.87,2025-02-16 01:59:12,crm
EVID0001039,DSP000174,TXN0011194,order_confirmation,APPLICABLE,1,1,1,0.88,2025-02-18 11:57:52,billing
EVID0001040,DSP000174,TXN0011194,invoice,APPLICABLE,1,0,1,0.69,2025-02-17 12:57:00,billing
EVID0001041,DSP000174,TXN0011194,shipping_label,APPLICABLE,1,1,1,0.85,2025-02-18 22:22:31,logistics
EVID0001042,DSP000174,TXN0011194,tracking_number,APPLICABLE,1,1,1,0.81,2025-02-16 22:38:32,logistics
EVID0001043,DSP000174,TXN0011194,delivery_confirmation,APPLICABLE,1,1,1,0.69,2025-02-15 06:46:42,logistics
EVID0001044,DSP000174,TXN0011194,customer_communication,APPLICABLE,1,0,1,0.67,2025-02-17 09:32:39,crm
EVID0001045,DSP000175,TXN0011344,order_confirmation,APPLICABLE,1,1,1,0.63,2025-02-25 03:49:10,billing
EVID0001046,DSP000175,TXN0011344,invoice,APPLICABLE,1,1,1,0.67,2025-02-28 03:46:15,billing
EVID0001047,DSP000175,TXN0011344,shipping_label,NOT_APPLICABLE,0,0,0,0.0,2025-02-17 08:21:20,logistics
EVID0001048,DSP000175,TXN0011344,tracking_number,NOT_APPLICABLE,0,0,0,0.0,2025-02-25 01:05:28,logistics
EVID0001049,DSP000175,TXN0011344,delivery_confirmation,NOT_APPLICABLE,0,0,0,0.0,2025-02-22 23:17:18,logistics
EVID0001050,DSP000175,TXN0011344,customer_communication,APPLICABLE,1,1,1,0.6,2025-03-05 13:00:12,crm
EVID0001051,DSP000176,TXN0011421,order_confirmation,UNAVAILABLE,0,1,1,0.0,2025-02-17 11:11:59,billing
EVID0001052,DSP000176,TXN0011421,invoice,APPLICABLE,1,0,1,0.82,2025-02-28 00:05:01,billing
EVID0001053,DSP000176,TXN0011421,shipping_label,NOT_APPLICABLE,0,0,0,0.0,2025-03-02 23:35:08,logistics
EVID0001054,DSP000176,TXN0011421,tracking_number,NOT_APPLICABLE,0,0,0,0.0,2025-02-18 09:07:51,logistics
EVID0001055,DSP000176,TXN0011421,delivery_confirmation,NOT_APPLICABLE,0,0,0,0.0,2025-02-28 11:48:18,logistics
EVID0001056,DSP000176,TXN0011421,customer_communication,APPLICABLE,1,1,1,0.74,2025-02-27 23:46:26,crm
EVID0001057,DSP000177,TXN0011436,order_confirmation,APPLICABLE,1,1,1,0.64,2025-02-19 05:31:45,billing
EVID0001058,DSP000177,TXN0011436,invoice,APPLICABLE,1,1,1,0.85,2025-02-21 09:07:48,billing
EVID0001059,DSP000177,TXN0011436,shipping_label,UNAVAILABLE,0,0,1,0.0,2025-02-18 03:22:53,logistics
EVID0001060,DSP000177,TXN0011436,tracking_number,APPLICABLE,1,0,1,0.87,2025-02-19 04:48:12,logistics
EVID0001061,DSP000177,TXN0011436,delivery_confirmation,APPLICABLE,1,0,0,0.9,2025-02-21 20:36:21,logistics
EVID0001062,DSP000177,TXN0011436,customer_communication,APPLICABLE,1,1,1,0.91,2025-02-20 10:24:45,crm
EVID0001063,DSP000178,TXN0011472,order_confirmation,APPLICABLE,1,1,1,0.81,2025-02-19 09:19:56,billing
EVID0001064,DSP000178,TXN0011472,invoice,APPLICABLE,1,1,1,0.95,2025-02-24 07:55:46,billing
EVID0001065,DSP000178,TXN0011472,shipping_label,APPLICABLE,1,0,1,0.93,2025-03-25 05:58:21,logistics
EVID0001066,DSP000178,TXN0011472,tracking_number,APPLICABLE,1,0,1,0.81,2025-03-18 05:09:10,logistics
EVID0001067,DSP000178,TXN0011472,delivery_confirmation,APPLICABLE,1,0,0,0.95,2025-03-11 17:13:39,logistics
EVID0001068,DSP000178,TXN0011472,customer_communication,APPLICABLE,1,1,1,0.8,2025-03-10 06:05:02,crm
EVID0001069,DSP000179,TXN0011524,order_confirmation,APPLICABLE,1,1,1,0.71,2025-03-15 05:51:28,billing
EVID0001070,DSP000179,TXN0011524,invoice,APPLICABLE,1,0,0,0.6,2025-03-19 01:19:01,billing
EVID0001071,DSP000179,TXN0011524,shipping_label,NOT_APPLICABLE,0,0,0,0.0,2025-03-18 16:21:12,logistics
EVID0001072,DSP000179,TXN0011524,tracking_number,NOT_APPLICABLE,0,0,0,0.0,2025-03-18 03:47:52,logistics
EVID0001073,DSP000179,TXN0011524,delivery_confirmation,NOT_APPLICABLE,0,0,0,0.0,2025-03-03 12:44:31,logistics
EVID0001074,DSP000179,TXN0011524,customer_communication,UNAVAILABLE,0,0,1,0.0,2025-03-18 06:56:18,crm
EVID0001075,DSP000180,TXN0011570,order_confirmation,APPLICABLE,1,1,1,0.72,2025-02-17 18:05:56,billing
EVID0001076,DSP000180,TXN0011570,invoice,APPLICABLE,1,1,1,0.92,2025-02-27 11:29:08,billing
EVID0001077,DSP000180,TXN0011570,shipping_label,APPLICABLE,1,0,0,0.73,2025-02-26 19:55:27,logistics
EVID0001078,DSP000180,TXN0011570,tracking_number,APPLICABLE,1,0,1,0.62,2025-03-03 10:07:40,logistics
EVID0001079,DSP000180,TXN0011570,delivery_confirmation,APPLICABLE,1,0,0,0.67,2025-02-23 10:43:30,logistics
EVID0001080,DSP000180,TXN0011570,customer_communication,UNAVAILABLE,0,1,1,0.0,2025-03-07 10:12:54,crm
EVID0001081,DSP000181,TXN0011620,order_confirmation,APPLICABLE,1,1,1,0.78,2025-03-13 00:38:49,billing
EVID0001082,DSP000181,TXN0011620,invoice,APPLICABLE,1,1,1,0.88,2025-02-19 23:59:42,billing
EVID0001083,DSP000181,TXN0011620,shipping_label,APPLICABLE,1,0,0,0.79,2025-03-03 11:12:28,logistics
EVID0001084,DSP000181,TXN0011620,tracking_number,APPLICABLE,1,0,1,0.6,2025-03-10 19:31:32,logistics
EVID0001085,DSP000181,TXN0011620,delivery_confirmation,APPLICABLE,1,0,0,0.77,2025-03-10 08:04:28,logistics
EVID0001086,DSP000181,TXN0011620,customer_communication,APPLICABLE,1,1,1,0.78,2025-02-18 05:22:20,crm
EVID0001087,DSP000182,TXN0011691,order_confirmation,APPLICABLE,1,1,1,0.67,2025-02-20 22:30:41,billing
EVID0001088,DSP000182,TXN0011691,invoice,APPLICABLE,1,1,1,0.78,2025-03-13 04:05:07,billing
EVID0001089,DSP000182,TXN0011691,shipping_label,NOT_APPLICABLE,0,0,0,0.0,2025-03-07 05:15:47,logistics
EVID0001090,DSP000182,TXN0011691,tracking_number,NOT_APPLICABLE,0,0,0,0.0,2025-03-11 00:24:24,logistics
EVID0001091,DSP000182,TXN0011691,delivery_confirmation,NOT_APPLICABLE,0,0,0,0.0,2025-02-18 13:06:12,logistics
EVID0001092,DSP000182,TXN0011691,customer_communication,APPLICABLE,1,1,1,0.94,2025-03-10 09:17:10,crm
EVID0001093,DSP000183,TXN0011699,order_confirmation,UNAVAILABLE,0,1,1,0.0,2025-03-04 04:20:37,billing
EVID0001094,DSP000183,TXN0011699,invoice,APPLICABLE,1,0,1,0.62,2025-03-17 22:37:15,billing
EVID0001095,DSP000183,TXN0011699,shipping_label,NOT_APPLICABLE,0,0,0,0.0,2025-03-11 15:53:09,logistics
EVID0001096,DSP000183,TXN0011699,tracking_number,NOT_APPLICABLE,0,0,0,0.0,2025-03-12 21:52:23,logistics
EVID0001097,DSP000183,TXN0011699,delivery_confirmation,NOT_APPLICABLE,0,0,0,0.0,2025-02-23 21:30:14,logistics
EVID0001098,DSP000183,TXN0011699,customer_communication,APPLICABLE,1,0,0,0.8,2025-02-19 13:49:34,crm
EVID0001099,DSP000184,TXN0011703,order_confirmation,UNAVAILABLE,0,1,1,0.0,2025-02-17 14:24:33,billing
EVID0001100,DSP000184,TXN0011703,invoice,APPLICABLE,1,1,1,0.68,2025-02-22 16:48:25,billing
EVID0001101,DSP000184,TXN0011703,shipping_label,NOT_APPLICABLE,0,0,0,0.0,2025-02-24 10:02:41,logistics
EVID0001102,DSP000184,TXN0011703,tracking_number,NOT_APPLICABLE,0,0,0,0.0,2025-02-18 16:06:29,logistics
EVID0001103,DSP000184,TXN0011703,delivery_confirmation,NOT_APPLICABLE,0,0,0,0.0,2025-02-17 01:14:51,logistics
EVID0001104,DSP000184,TXN0011703,customer_communication,APPLICABLE,1,1,1,0.8,2025-02-19 14:00:26,crm
EVID0001105,DSP000185,TXN0011706,order_confirmation,UNAVAILABLE,0,1,1,0.0,2025-03-18 04:28:06,billing
EVID0001106,DSP000185,TXN0011706,invoice,APPLICABLE,1,0,0,0.67,2025-02-24 06:56:46,billing
EVID0001107,DSP000185,TXN0011706,shipping_label,APPLICABLE,1,0,0,0.67,2025-03-06 05:57:55,logistics
EVID0001108,DSP000185,TXN0011706,tracking_number,APPLICABLE,1,0,1,0.7,2025-03-06 16:23:51,logistics
EVID0001109,DSP000185,TXN0011706,delivery_confirmation,APPLICABLE,1,1,1,0.64,2025-03-02 07:35:18,logistics
EVID0001110,DSP000185,TXN0011706,customer_communication,APPLICABLE,1,1,1,0.75,2025-03-07 09:21:59,crm
EVID0001111,DSP000186,TXN0011725,order_confirmation,APPLICABLE,1,1,1,0.76,2025-02-19 04:09:12,billing
EVID0001112,DSP000186,TXN0011725,invoice,APPLICABLE,1,0,0,0.6,2025-03-04 21:02:17,billing
EVID0001113,DSP000186,TXN0011725,shipping_label,NOT_APPLICABLE,0,0,0,0.0,2025-02-19 19:56:10,logistics
EVID0001114,DSP000186,TXN0011725,tracking_number,NOT_APPLICABLE,0,0,0,0.0,2025-03-04 15:15:39,logistics
EVID0001115,DSP000186,TXN0011725,delivery_confirmation,NOT_APPLICABLE,0,0,0,0.0,2025-02-21 05:15:02,logistics
EVID0001116,DSP000186,TXN0011725,customer_communication,APPLICABLE,1,0,1,0.89,2025-03-07 09:31:23,crm
EVID0001117,DSP000187,TXN0011842,order_confirmation,APPLICABLE,1,1,1,0.62,2025-03-03 13:34:34,billing
EVID0001118,DSP000187,TXN0011842,invoice,APPLICABLE,1,0,1,0.77,2025-02-20 14:04:34,billing
EVID0001119,DSP000187,TXN0011842,shipping_label,APPLICABLE,1,1,1,0.83,2025-02-25 00:40:29,logistics
EVID0001120,DSP000187,TXN0011842,tracking_number,UNAVAILABLE,0,1,1,0.0,2025-02-18 21:57:21,logistics
EVID0001121,DSP000187,TXN0011842,delivery_confirmation,APPLICABLE,1,1,1,0.86,2025-03-03 01:56:52,logistics
EVID0001122,DSP000187,TXN0011842,customer_communication,APPLICABLE,1,0,0,0.68,2025-03-05 01:03:34,crm
EVID0001123,DSP000188,TXN0011849,order_confirmation,APPLICABLE,1,1,1,0.6,2025-02-26 11:25:51,billing
EVID0001124,DSP000188,TXN0011849,invoice,UNAVAILABLE,0,1,1,0.0,2025-02-20 02:13:07,billing
EVID0001125,DSP000188,TXN0011849,shipping_label,NOT_APPLICABLE,0,0,0,0.0,2025-02-19 00:27:04,logistics
EVID0001126,DSP000188,TXN0011849,tracking_number,NOT_APPLICABLE,0,0,0,0.0,2025-02-24 11:26:36,logistics
EVID0001127,DSP000188,TXN0011849,delivery_confirmation,NOT_APPLICABLE,0,0,0,0.0,2025-02-26 02:31:49,logistics
EVID0001128,DSP000188,TXN0011849,customer_communication,APPLICABLE,1,1,1,0.72,2025-02-24 22:27:01,crm
EVID0001129,DSP000189,TXN0011887,order_confirmation,UNAVAILABLE,0,1,1,0.0,2025-02-27 09:21:58,billing
EVID0001130,DSP000189,TXN0011887,invoice,UNAVAILABLE,0,1,1,0.0,2025-02-28 19:46:47,billing
EVID0001131,DSP000189,TXN0011887,shipping_label,NOT_APPLICABLE,0,0,0,0.0,2025-02-26 07:05:53,logistics
EVID0001132,DSP000189,TXN0011887,tracking_number,NOT_APPLICABLE,0,0,0,0.0,2025-02-25 15:33:21,logistics
EVID0001133,DSP000189,TXN0011887,delivery_confirmation,NOT_APPLICABLE,0,0,0,0.0,2025-02-28 09:41:03,logistics
EVID0001134,DSP000189,TXN0011887,customer_communication,APPLICABLE,1,1,1,0.81,2025-02-23 17:14:15,crm
EVID0001135,DSP000190,TXN0011914,order_confirmation,UNAVAILABLE,0,1,1,0.0,2025-03-14 02:50:58,billing
EVID0001136,DSP000190,TXN0011914,invoice,UNAVAILABLE,0,0,0,0.0,2025-03-06 23:58:40,billing
EVID0001137,DSP000190,TXN0011914,shipping_label,APPLICABLE,1,0,1,0.6,2025-02-18 07:39:27,logistics
EVID0001138,DSP000190,TXN0011914,tracking_number,APPLICABLE,1,0,1,0.72,2025-03-07 00:52:27,logistics
EVID0001139,DSP000190,TXN0011914,delivery_confirmation,APPLICABLE,1,1,1,0.78,2025-03-04 10:16:21,logistics
EVID0001140,DSP000190,TXN0011914,customer_communication,APPLICABLE,1,1,1,0.73,2025-02-26 04:26:20,crm
EVID0001141,DSP000191,TXN0011952,order_confirmation,UNAVAILABLE,0,1,1,0.0,2025-02-28 12:47:56,billing
EVID0001142,DSP000191,TXN0011952,invoice,APPLICABLE,1,0,0,0.87,2025-02-24 05:07:56,billing
EVID0001143,DSP000191,TXN0011952,shipping_label,APPLICABLE,1,1,1,0.71,2025-02-25 01:22:53,logistics
EVID0001144,DSP000191,TXN0011952,tracking_number,UNAVAILABLE,0,1,1,0.0,2025-02-21 06:45:39,logistics
EVID0001145,DSP000191,TXN0011952,delivery_confirmation,APPLICABLE,1,1,1,0.69,2025-03-03 21:28:47,logistics
EVID0001146,DSP000191,TXN0011952,customer_communication,APPLICABLE,1,0,1,0.73,2025-02-22 10:41:41,crm
EVID0001147,DSP000192,TXN0011997,order_confirmation,APPLICABLE,1,1,1,0.8,2025-02-19 12:48:42,billing
EVID0001148,DSP000192,TXN0011997,invoice,UNAVAILABLE,0,1,1,0.0,2025-03-21 20:02:10,billing
EVID0001149,DSP000192,TXN0011997,shipping_label,NOT_APPLICABLE,0,0,0,0.0,2025-03-06 01:11:30,logistics
EVID0001150,DSP000192,TXN0011997,tracking_number,NOT_APPLICABLE,0,0,0,0.0,2025-03-26 21:38:45,logistics
EVID0001151,DSP000192,TXN0011997,delivery_confirmation,NOT_APPLICABLE,0,0,0,0.0,2025-03-19 16:53:29,logistics
EVID0001152,DSP000192,TXN0011997,customer_communication,APPLICABLE,1,0,0,0.6,2025-02-24 01:30:57,crm
EVID0001153,DSP000193,TXN0012138,order_confirmation,APPLICABLE,1,1,1,0.64,2025-02-26 06:04:43,billing
EVID0001154,DSP000193,TXN0012138,invoice,APPLICABLE,1,1,1,0.71,2025-02-27 03:44:51,billing
EVID0001155,DSP000193,TXN0012138,shipping_label,NOT_APPLICABLE,0,0,0,0.0,2025-03-30 17:38:02,logistics
EVID0001156,DSP000193,TXN0012138,tracking_number,NOT_APPLICABLE,0,0,0,0.0,2025-03-24 00:16:14,logistics
EVID0001157,DSP000193,TXN0012138,delivery_confirmation,NOT_APPLICABLE,0,0,0,0.0,2025-03-27 19:26:27,logistics
EVID0001158,DSP000193,TXN0012138,customer_communication,APPLICABLE,1,1,1,0.82,2025-03-20 16:55:20,crm
EVID0001159,DSP000194,TXN0012188,order_confirmation,APPLICABLE,1,1,1,0.88,2025-03-08 05:15:09,billing
EVID0001160,DSP000194,TXN0012188,invoice,APPLICABLE,1,0,1,0.88,2025-03-02 01:33:20,billing
EVID0001161,DSP000194,TXN0012188,shipping_label,APPLICABLE,1,1,1,0.84,2025-03-12 02:20:31,logistics
EVID0001162,DSP000194,TXN0012188,tracking_number,APPLICABLE,1,1,1,0.91,2025-03-20 04:12:29,logistics
EVID0001163,DSP000194,TXN0012188,delivery_confirmation,APPLICABLE,1,1,1,0.75,2025-03-04 08:46:41,logistics
EVID0001164,DSP000194,TXN0012188,customer_communication,APPLICABLE,1,0,0,0.67,2025-03-12 07:51:07,crm
EVID0001165,DSP000195,TXN0012190,order_confirmation,APPLICABLE,1,1,1,0.64,2025-02-26 01:13:44,billing
EVID0001166,DSP000195,TXN0012190,invoice,APPLICABLE,1,0,0,0.75,2025-03-01 22:10:20,billing
EVID0001167,DSP000195,TXN0012190,shipping_label,NOT_APPLICABLE,0,0,0,0.0,2025-02-23 05:58:24,logistics
EVID0001168,DSP000195,TXN0012190,tracking_number,NOT_APPLICABLE,0,0,0,0.0,2025-02-27 11:14:01,logistics
EVID0001169,DSP000195,TXN0012190,delivery_confirmation,NOT_APPLICABLE,0,0,0,0.0,2025-03-07 00:05:35,logistics
EVID0001170,DSP000195,TXN0012190,customer_communication,APPLICABLE,1,1,1,0.6,2025-03-04 09:14:39,crm
EVID0001171,DSP000196,TXN0012197,order_confirmation,UNAVAILABLE,0,1,1,0.0,2025-03-14 23:20:07,billing
EVID0001172,DSP000196,TXN0012197,invoice,UNAVAILABLE,0,0,1,0.0,2025-03-16 03:56:30,billing
EVID0001173,DSP000196,TXN0012197,shipping_label,APPLICABLE,1,0,1,0.69,2025-03-10 21:10:54,logistics
EVID0001174,DSP000196,TXN0012197,tracking_number,APPLICABLE,1,0,0,0.72,2025-02-26 10:13:05,logistics
EVID0001175,DSP000196,TXN0012197,delivery_confirmation,APPLICABLE,1,1,1,0.84,2025-02-28 06:04:16,logistics
EVID0001176,DSP000196,TXN0012197,customer_communication,APPLICABLE,1,1,1,0.6,2025-03-19 21:53:26,crm
EVID0001177,DSP000197,TXN0012304,order_confirmation,APPLICABLE,1,1,1,0.85,2025-03-02 13:57:28,billing
EVID0001178,DSP000197,TXN0012304,invoice,APPLICABLE,1,1,1,0.75,2025-02-27 22:14:25,billing
EVID0001179,DSP000197,TXN0012304,shipping_label,NOT_APPLICABLE,0,0,0,0.0,2025-03-04 09:02:13,logistics
EVID0001180,DSP000197,TXN0012304,tracking_number,NOT_APPLICABLE,0,0,0,0.0,2025-02-21 09:45:23,logistics
EVID0001181,DSP000197,TXN0012304,delivery_confirmation,NOT_APPLICABLE,0,0,0,0.0,2025-03-08 04:24:52,logistics
EVID0001182,DSP000197,TXN0012304,customer_communication,APPLICABLE,1,1,1,0.6,2025-03-03 10:31:57,crm
EVID0001183,DSP000198,TXN0012320,order_confirmation,APPLICABLE,1,1,1,0.63,2025-02-28 09:02:13,billing
EVID0001184,DSP000198,TXN0012320,invoice,APPLICABLE,1,1,1,0.89,2025-02-21 01:27:27,billing
EVID0001185,DSP000198,TXN0012320,shipping_label,APPLICABLE,1,0,1,0.69,2025-02-22 10:13:10,logistics
EVID0001186,DSP000198,TXN0012320,tracking_number,UNAVAILABLE,0,0,1,0.0,2025-02-24 13:38:13,logistics
EVID0001187,DSP000198,TXN0012320,delivery_confirmation,APPLICABLE,1,0,1,0.73,2025-02-25 08:17:17,logistics
EVID0001188,DSP000198,TXN0012320,customer_communication,APPLICABLE,1,1,1,0.6,2025-02-20 21:40:54,crm
EVID0001189,DSP000199,TXN0012410,order_confirmation,APPLICABLE,1,1,1,0.67,2025-02-23 17:24:49,billing
EVID0001190,DSP000199,TXN0012410,invoice,APPLICABLE,1,0,0,0.6,2025-02-19 19:21:28,billing
EVID0001191,DSP000199,TXN0012410,shipping_label,APPLICABLE,1,1,1,0.94,2025-02-24 12:26:13,logistics
EVID0001192,DSP000199,TXN0012410,tracking_number,APPLICABLE,1,1,1,0.88,2025-02-20 03:06:06,logistics
EVID0001193,DSP000199,TXN0012410,delivery_confirmation,APPLICABLE,1,1,1,0.92,2025-02-24 07:03:55,logistics
EVID0001194,DSP000199,TXN0012410,customer_communication,APPLICABLE,1,0,0,0.6,2025-02-25 13:48:35,crm
EVID0001195,DSP000200,TXN0012482,order_confirmation,APPLICABLE,1,1,1,0.6,2025-02-28 19:54:04,billing
EVID0001196,DSP000200,TXN0012482,invoice,APPLICABLE,1,0,0,0.81,2025-02-25 04:18:07,billing
EVID0001197,DSP000200,TXN0012482,shipping_label,NOT_APPLICABLE,0,0,0,0.0,2025-02-20 09:55:09,logistics
EVID0001198,DSP000200,TXN0012482,tracking_number,NOT_APPLICABLE,0,0,0,0.0,2025-02-27 11:08:46,logistics
EVID0001199,DSP000200,TXN0012482,delivery_confirmation,NOT_APPLICABLE,0,0,0,0.0,2025-02-22 03:13:08,logistics
EVID0001200,DSP000200,TXN0012482,customer_communication,APPLICABLE,1,0,1,0.65,2025-03-09 01:50:39,crm
EVID0001201,DSP000201,TXN0012494,order_confirmation,APPLICABLE,1,1,1,0.94,2025-02-26 17:25:04,billing
EVID0001202,DSP000201,TXN0012494,invoice,UNAVAILABLE,0,1,1,0.0,2025-03-03 05:31:24,billing
EVID0001203,DSP000201,TXN0012494,shipping_label,APPLICABLE,1,0,1,0.75,2025-02-23 03:09:04,logistics
EVID0001204,DSP000201,TXN0012494,tracking_number,APPLICABLE,1,0,0,0.93,2025-03-03 03:34:30,logistics
EVID0001205,DSP000201,TXN0012494,delivery_confirmation,APPLICABLE,1,0,0,0.61,2025-03-02 15:37:40,logistics
EVID0001206,DSP000201,TXN0012494,customer_communication,APPLICABLE,1,1,1,0.63,2025-02-19 21:21:27,crm
EVID0001207,DSP000202,TXN0012507,order_confirmation,APPLICABLE,1,1,1,0.87,2025-02-20 17:10:08,billing
EVID0001208,DSP000202,TXN0012507,invoice,APPLICABLE,1,1,1,0.61,2025-02-23 03:19:08,billing
EVID0001209,DSP000202,TXN0012507,shipping_label,NOT_APPLICABLE,0,0,0,0.0,2025-02-23 12:04:05,logistics
EVID0001210,DSP000202,TXN0012507,tracking_number,NOT_APPLICABLE,0,0,0,0.0,2025-02-23 00:15:21,logistics
EVID0001211,DSP000202,TXN0012507,delivery_confirmation,NOT_APPLICABLE,0,0,0,0.0,2025-02-22 09:02:04,logistics
EVID0001212,DSP000202,TXN0012507,customer_communication,APPLICABLE,1,1,1,0.6,2025-02-20 11:35:10,crm
EVID0001213,DSP000203,TXN0012526,order_confirmation,APPLICABLE,1,1,1,0.77,2025-02-21 01:25:43,billing
EVID0001214,DSP000203,TXN0012526,invoice,APPLICABLE,1,1,1,0.6,2025-02-25 16:30:49,billing
EVID0001215,DSP000203,TXN0012526,shipping_label,NOT_APPLICABLE,0,0,0,0.0,2025-03-02 02:10:43,logistics
EVID0001216,DSP000203,TXN0012526,tracking_number,NOT_APPLICABLE,0,0,0,0.0,2025-03-07 09:49:44,logistics
EVID0001217,DSP000203,TXN0012526,delivery_confirmation,NOT_APPLICABLE,0,0,0,0.0,2025-03-07 00:25:34,logistics
EVID0001218,DSP000203,TXN0012526,customer_communication,UNAVAILABLE,0,1,1,0.0,2025-03-02 23:54:02,crm
EVID0001219,DSP000204,TXN0012594,order_confirmation,UNAVAILABLE,0,1,1,0.0,2025-02-26 20:53:10,billing
EVID0001220,DSP000204,TXN0012594,invoice,APPLICABLE,1,1,1,0.72,2025-02-20 13:32:10,billing
EVID0001221,DSP000204,TXN0012594,shipping_label,APPLICABLE,1,0,1,0.77,2025-02-26 14:51:47,logistics
EVID0001222,DSP000204,TXN0012594,tracking_number,UNAVAILABLE,0,0,0,0.0,2025-02-27 08:14:37,logistics
EVID0001223,DSP000204,TXN0012594,delivery_confirmation,APPLICABLE,1,0,1,0.66,2025-02-23 07:13:07,logistics
EVID0001224,DSP000204,TXN0012594,customer_communication,APPLICABLE,1,1,1,0.64,2025-02-22 02:34:08,crm
EVID0001225,DSP000205,TXN0012603,order_confirmation,APPLICABLE,1,1,1,0.62,2025-03-07 07:24:26,billing
EVID0001226,DSP000205,TXN0012603,invoice,APPLICABLE,1,0,0,0.76,2025-02-28 22:47:05,billing
EVID0001227,DSP000205,TXN0012603,shipping_label,NOT_APPLICABLE,0,0,0,0.0,2025-02-26 05:23:36,logistics
EVID0001228,DSP000205,TXN0012603,tracking_number,NOT_APPLICABLE,0,0,0,0.0,2025-03-06 05:41:25,logistics
EVID0001229,DSP000205,TXN0012603,delivery_confirmation,NOT_APPLICABLE,0,0,0,0.0,2025-03-02 11:55:22,logistics
EVID0001230,DSP000205,TXN0012603,customer_communication,UNAVAILABLE,0,0,1,0.0,2025-02-24 22:22:22,crm
EVID0001231,DSP000206,TXN0012607,order_confirmation,APPLICABLE,1,1,1,0.81,2025-03-17 19:29:34,billing
EVID0001232,DSP000206,TXN0012607,invoice,UNAVAILABLE,0,0,1,0.0,2025-03-09 21:43:22,billing
EVID0001233,DSP000206,TXN0012607,shipping_label,APPLICABLE,1,0,0,0.83,2025-02-23 16:26:28,logistics
EVID0001234,DSP000206,TXN0012607,tracking_number,APPLICABLE,1,0,1,0.89,2025-03-17 22:29:34,logistics
EVID0001235,DSP000206,TXN0012607,delivery_confirmation,APPLICABLE,1,1,1,0.71,2025-03-18 19:29:26,logistics
EVID0001236,DSP000206,TXN0012607,customer_communication,APPLICABLE,1,1,1,0.66,2025-03-17 00:40:07,crm
EVID0001237,DSP000207,TXN0012701,order_confirmation,UNAVAILABLE,0,1,1,0.0,2025-03-15 13:55:07,billing
EVID0001238,DSP000207,TXN0012701,invoice,APPLICABLE,1,0,1,0.87,2025-02-22 20:53:34,billing
EVID0001239,DSP000207,TXN0012701,shipping_label,APPLICABLE,1,1,1,0.92,2025-03-23 14:46:54,logistics
EVID0001240,DSP000207,TXN0012701,tracking_number,APPLICABLE,1,1,1,0.67,2025-03-11 12:55:15,logistics
EVID0001241,DSP000207,TXN0012701,delivery_confirmation,APPLICABLE,1,1,1,0.68,2025-03-10 21:06:01,logistics
EVID0001242,DSP000207,TXN0012701,customer_communication,APPLICABLE,1,0,0,0.91,2025-03-05 01:41:44,crm
EVID0001243,DSP000208,TXN0012702,order_confirmation,UNAVAILABLE,0,1,1,0.0,2025-03-04 11:08:32,billing
EVID0001244,DSP000208,TXN0012702,invoice,APPLICABLE,1,1,1,0.88,2025-02-25 18:59:14,billing
EVID0001245,DSP000208,TXN0012702,shipping_label,NOT_APPLICABLE,0,0,0,0.0,2025-03-08 21:37:21,logistics
EVID0001246,DSP000208,TXN0012702,tracking_number,NOT_APPLICABLE,0,0,0,0.0,2025-02-27 05:38:37,logistics
EVID0001247,DSP000208,TXN0012702,delivery_confirmation,NOT_APPLICABLE,0,0,0,0.0,2025-02-22 21:51:54,logistics
EVID0001248,DSP000208,TXN0012702,customer_communication,UNAVAILABLE,0,1,1,0.0,2025-03-09 20:40:06,crm
EVID0001249,DSP000209,TXN0012711,order_confirmation,UNAVAILABLE,0,1,1,0.0,2025-03-15 08:03:55,billing
EVID0001250,DSP000209,TXN0012711,invoice,APPLICABLE,1,1,1,0.79,2025-03-16 00:16:11,billing
EVID0001251,DSP000209,TXN0012711,shipping_label,APPLICABLE,1,0,0,0.91,2025-03-01 15:06:35,logistics
EVID0001252,DSP000209,TXN0012711,tracking_number,APPLICABLE,1,0,1,0.71,2025-02-27 07:51:18,logistics
EVID0001253,DSP000209,TXN0012711,delivery_confirmation,APPLICABLE,1,0,1,0.87,2025-02-23 20:15:28,logistics
EVID0001254,DSP000209,TXN0012711,customer_communication,APPLICABLE,1,1,1,0.92,2025-03-14 23:58:33,crm
EVID0001255,DSP000210,TXN0012742,order_confirmation,UNAVAILABLE,0,1,1,0.0,2025-03-12 02:21:34,billing
EVID0001256,DSP000210,TXN0012742,invoice,APPLICABLE,1,1,1,0.6,2025-02-25 17:42:16,billing
EVID0001257,DSP000210,TXN0012742,shipping_label,APPLICABLE,1,0,1,0.89,2025-02-21 21:55:01,logistics
EVID0001258,DSP000210,TXN0012742,tracking_number,APPLICABLE,1,0,1,0.79,2025-02-28 13:21:10,logistics
EVID0001259,DSP000210,TXN0012742,delivery_confirmation,APPLICABLE,1,0,1,0.75,2025-02-28 10:08:14,logistics
EVID0001260,DSP000210,TXN0012742,customer_communication,APPLICABLE,1,1,1,0.93,2025-03-05 09:44:15,crm
EVID0001261,DSP000211,TXN0012758,order_confirmation,UNAVAILABLE,0,1,1,0.0,2025-02-22 18:04:05,billing
EVID0001262,DSP000211,TXN0012758,invoice,APPLICABLE,1,1,1,0.83,2025-03-29 13:02:58,billing
EVID0001263,DSP000211,TXN0012758,shipping_label,NOT_APPLICABLE,0,0,0,0.0,2025-03-24 09:05:44,logistics
EVID0001264,DSP000211,TXN0012758,tracking_number,NOT_APPLICABLE,0,0,0,0.0,2025-03-02 06:03:12,logistics
EVID0001265,DSP000211,TXN0012758,delivery_confirmation,NOT_APPLICABLE,0,0,0,0.0,2025-03-06 20:44:43,logistics
EVID0001266,DSP000211,TXN0012758,customer_communication,APPLICABLE,1,0,1,0.81,2025-03-10 07:18:25,crm
EVID0001267,DSP000212,TXN0012892,order_confirmation,UNAVAILABLE,0,1,1,0.0,2025-02-24 23:09:09,billing
EVID0001268,DSP000212,TXN0012892,invoice,APPLICABLE,1,1,1,0.62,2025-02-23 03:49:42,billing
EVID0001269,DSP000212,TXN0012892,shipping_label,NOT_APPLICABLE,0,0,0,0.0,2025-02-26 02:45:57,logistics
EVID0001270,DSP000212,TXN0012892,tracking_number,NOT_APPLICABLE,0,0,0,0.0,2025-02-26 22:50:37,logistics
EVID0001271,DSP000212,TXN0012892,delivery_confirmation,NOT_APPLICABLE,0,0,0,0.0,2025-02-26 12:05:14,logistics
EVID0001272,DSP000212,TXN0012892,customer_communication,APPLICABLE,1,1,1,0.6,2025-02-26 23:39:18,crm
EVID0001273,DSP000213,TXN0012965,order_confirmation,UNAVAILABLE,0,1,1,0.0,2025-03-10 15:59:00,billing
EVID0001274,DSP000213,TXN0012965,invoice,APPLICABLE,1,0,0,0.6,2025-03-05 22:39:10,billing
EVID0001275,DSP000213,TXN0012965,shipping_label,NOT_APPLICABLE,0,0,0,0.0,2025-03-02 18:49:10,logistics
EVID0001276,DSP000213,TXN0012965,tracking_number,NOT_APPLICABLE,0,0,0,0.0,2025-03-16 07:16:27,logistics
EVID0001277,DSP000213,TXN0012965,delivery_confirmation,NOT_APPLICABLE,0,0,0,0.0,2025-03-13 05:16:48,logistics
EVID0001278,DSP000213,TXN0012965,customer_communication,UNAVAILABLE,0,1,1,0.0,2025-03-06 11:19:28,crm
EVID0001279,DSP000214,TXN0013006,order_confirmation,UNAVAILABLE,0,1,1,0.0,2025-03-04 11:27:00,billing
EVID0001280,DSP000214,TXN0013006,invoice,UNAVAILABLE,0,0,0,0.0,2025-02-24 02:08:21,billing
EVID0001281,DSP000214,TXN0013006,shipping_label,NOT_APPLICABLE,0,0,0,0.0,2025-03-04 15:00:28,logistics
EVID0001282,DSP000214,TXN0013006,tracking_number,NOT_APPLICABLE,0,0,0,0.0,2025-03-08 19:06:56,logistics
EVID0001283,DSP000214,TXN0013006,delivery_confirmation,NOT_APPLICABLE,0,0,0,0.0,2025-03-14 03:12:34,logistics
EVID0001284,DSP000214,TXN0013006,customer_communication,APPLICABLE,1,1,1,0.83,2025-02-26 13:17:04,crm
EVID0001285,DSP000215,TXN0013018,order_confirmation,APPLICABLE,1,1,1,0.87,2025-02-27 06:09:21,billing
EVID0001286,DSP000215,TXN0013018,invoice,APPLICABLE,1,0,0,0.89,2025-02-26 03:54:28,billing
EVID0001287,DSP000215,TXN0013018,shipping_label,APPLICABLE,1,0,0,0.66,2025-03-10 04:40:30,logistics
EVID0001288,DSP000215,TXN0013018,tracking_number,APPLICABLE,1,0,1,0.6,2025-03-26 08:38:51,logistics
EVID0001289,DSP000215,TXN0013018,delivery_confirmation,APPLICABLE,1,1,1,0.8,2025-03-08 15:03:58,logistics
EVID0001290,DSP000215,TXN0013018,customer_communication,APPLICABLE,1,1,1,0.69,2025-03-09 03:42:51,crm
EVID0001291,DSP000216,TXN0013135,order_confirmation,APPLICABLE,1,1,1,0.6,2025-03-15 06:12:31,billing
EVID0001292,DSP000216,TXN0013135,invoice,UNAVAILABLE,0,1,1,0.0,2025-03-02 15:54:09,billing
EVID0001293,DSP000216,TXN0013135,shipping_label,NOT_APPLICABLE,0,0,0,0.0,2025-03-16 02:56:17,logistics
EVID0001294,DSP000216,TXN0013135,tracking_number,NOT_APPLICABLE,0,0,0,0.0,2025-03-11 15:19:45,logistics
EVID0001295,DSP000216,TXN0013135,delivery_confirmation,NOT_APPLICABLE,0,0,0,0.0,2025-03-16 06:41:28,logistics
EVID0001296,DSP000216,TXN0013135,customer_communication,UNAVAILABLE,0,1,1,0.0,2025-02-24 15:05:41,crm
EVID0001297,DSP000217,TXN0013165,order_confirmation,APPLICABLE,1,1,1,0.72,2025-03-07 23:13:13,billing
EVID0001298,DSP000217,TXN0013165,invoice,APPLICABLE,1,0,1,0.78,2025-02-25 10:10:02,billing
EVID0001299,DSP000217,TXN0013165,shipping_label,NOT_APPLICABLE,0,0,0,0.0,2025-02-26 06:46:10,logistics
EVID0001300,DSP000217,TXN0013165,tracking_number,NOT_APPLICABLE,0,0,0,0.0,2025-03-14 08:36:34,logistics
EVID0001301,DSP000217,TXN0013165,delivery_confirmation,NOT_APPLICABLE,0,0,0,0.0,2025-03-12 06:37:42,logistics
EVID0001302,DSP000217,TXN0013165,customer_communication,UNAVAILABLE,0,1,1,0.0,2025-03-19 13:07:43,crm
EVID0001303,DSP000218,TXN0013180,order_confirmation,APPLICABLE,1,1,1,0.86,2025-02-26 18:52:42,billing
EVID0001304,DSP000218,TXN0013180,invoice,UNAVAILABLE,0,0,0,0.0,2025-02-25 07:56:17,billing
EVID0001305,DSP000218,TXN0013180,shipping_label,UNAVAILABLE,0,0,1,0.0,2025-02-22 21:11:33,logistics
EVID0001306,DSP000218,TXN0013180,tracking_number,APPLICABLE,1,0,1,0.81,2025-02-23 10:30:29,logistics
EVID0001307,DSP000218,TXN0013180,delivery_confirmation,APPLICABLE,1,1,1,0.67,2025-02-23 01:54:58,logistics
EVID0001308,DSP000218,TXN0013180,customer_communication,APPLICABLE,1,1,1,0.6,2025-02-24 02:29:38,crm
EVID0001309,DSP000219,TXN0013212,order_confirmation,APPLICABLE,1,1,1,0.64,2025-02-24 07:20:31,billing
EVID0001310,DSP000219,TXN0013212,invoice,APPLICABLE,1,0,0,0.84,2025-03-02 04:22:44,billing
EVID0001311,DSP000219,TXN0013212,shipping_label,APPLICABLE,1,0,1,0.85,2025-03-16 13:48:30,logistics
EVID0001312,DSP000219,TXN0013212,tracking_number,APPLICABLE,1,0,1,0.83,2025-03-12 17:48:55,logistics
EVID0001313,DSP000219,TXN0013212,delivery_confirmation,APPLICABLE,1,1,1,0.66,2025-03-12 19:02:15,logistics
EVID0001314,DSP000219,TXN0013212,customer_communication,APPLICABLE,1,1,1,0.64,2025-03-16 06:50:14,crm
EVID0001315,DSP000220,TXN0013239,order_confirmation,APPLICABLE,1,1,1,0.62,2025-03-12 14:28:38,billing
EVID0001316,DSP000220,TXN0013239,invoice,APPLICABLE,1,1,1,0.65,2025-03-14 02:41:34,billing
EVID0001317,DSP000220,TXN0013239,shipping_label,UNAVAILABLE,0,0,1,0.0,2025-03-10 01:14:07,logistics
EVID0001318,DSP000220,TXN0013239,tracking_number,APPLICABLE,1,0,0,0.79,2025-03-26 07:44:34,logistics
EVID0001319,DSP000220,TXN0013239,delivery_confirmation,APPLICABLE,1,0,0,0.73,2025-03-08 07:38:48,logistics
EVID0001320,DSP000220,TXN0013239,customer_communication,APPLICABLE,1,1,1,0.83,2025-03-06 21:46:06,crm
EVID0001321,DSP000221,TXN0013336,order_confirmation,APPLICABLE,1,1,1,0.74,2025-02-26 07:55:38,billing
EVID0001322,DSP000221,TXN0013336,invoice,UNAVAILABLE,0,0,0,0.0,2025-02-26 10:39:03,billing
EVID0001323,DSP000221,TXN0013336,shipping_label,NOT_APPLICABLE,0,0,0,0.0,2025-02-25 15:36:28,logistics
EVID0001324,DSP000221,TXN0013336,tracking_number,NOT_APPLICABLE,0,0,0,0.0,2025-02-26 17:02:54,logistics
EVID0001325,DSP000221,TXN0013336,delivery_confirmation,NOT_APPLICABLE,0,0,0,0.0,2025-02-24 00:23:56,logistics
EVID0001326,DSP000221,TXN0013336,customer_communication,APPLICABLE,1,0,1,0.79,2025-02-24 21:22:22,crm
EVID0001327,DSP000222,TXN0013482,order_confirmation,APPLICABLE,1,1,1,0.71,2025-03-09 13:14:57,billing
EVID0001328,DSP000222,TXN0013482,invoice,APPLICABLE,1,0,1,0.75,2025-03-19 12:49:03,billing
EVID0001329,DSP000222,TXN0013482,shipping_label,APPLICABLE,1,1,1,0.78,2025-03-05 09:45:09,logistics
EVID0001330,DSP000222,TXN0013482,tracking_number,APPLICABLE,1,1,1,0.84,2025-03-01 15:24:39,logistics
EVID0001331,DSP000222,TXN0013482,delivery_confirmation,APPLICABLE,1,1,1,0.7,2025-03-02 06:39:47,logistics
EVID0001332,DSP000222,TXN0013482,customer_communication,APPLICABLE,1,0,1,0.82,2025-02-27 06:48:17,crm
EVID0001333,DSP000223,TXN0013630,order_confirmation,APPLICABLE,1,1,1,0.77,2025-02-26 13:12:49,billing
EVID0001334,DSP000223,TXN0013630,invoice,APPLICABLE,1,1,1,0.82,2025-03-04 04:14:43,billing
EVID0001335,DSP000223,TXN0013630,shipping_label,APPLICABLE,1,0,0,0.6,2025-03-04 20:27:42,logistics
EVID0001336,DSP000223,TXN0013630,tracking_number,UNAVAILABLE,0,0,1,0.0,2025-02-25 23:54:06,logistics
EVID0001337,DSP000223,TXN0013630,delivery_confirmation,APPLICABLE,1,0,0,0.82,2025-03-09 18:28:06,logistics
EVID0001338,DSP000223,TXN0013630,customer_communication,APPLICABLE,1,1,1,0.6,2025-03-09 13:54:34,crm
EVID0001339,DSP000224,TXN0013680,order_confirmation,UNAVAILABLE,0,1,1,0.0,2025-03-13 18:32:38,billing
EVID0001340,DSP000224,TXN0013680,invoice,APPLICABLE,1,1,1,0.64,2025-03-13 13:06:01,billing
EVID0001341,DSP000224,TXN0013680,shipping_label,APPLICABLE,1,0,0,0.9,2025-03-12 00:40:48,logistics
EVID0001342,DSP000224,TXN0013680,tracking_number,APPLICABLE,1,0,1,0.76,2025-02-28 18:36:30,logistics
EVID0001343,DSP000224,TXN0013680,delivery_confirmation,APPLICABLE,1,0,1,0.94,2025-03-15 19:33:16,logistics
EVID0001344,DSP000224,TXN0013680,customer_communication,UNAVAILABLE,0,1,1,0.0,2025-03-05 07:46:39,crm
EVID0001345,DSP000225,TXN0013761,order_confirmation,APPLICABLE,1,1,1,0.6,2025-03-06 13:57:58,billing
EVID0001346,DSP000225,TXN0013761,invoice,APPLICABLE,1,0,0,0.9,2025-03-03 13:36:37,billing
EVID0001347,DSP000225,TXN0013761,shipping_label,APPLICABLE,1,1,1,0.89,2025-03-08 07:37:29,logistics
EVID0001348,DSP000225,TXN0013761,tracking_number,APPLICABLE,1,1,1,0.69,2025-03-20 19:23:04,logistics
EVID0001349,DSP000225,TXN0013761,delivery_confirmation,APPLICABLE,1,1,1,0.69,2025-02-26 02:25:49,logistics
EVID0001350,DSP000225,TXN0013761,customer_communication,APPLICABLE,1,0,1,0.84,2025-03-14 08:16:55,crm
EVID0001351,DSP000226,TXN0013773,order_confirmation,APPLICABLE,1,1,1,0.6,2025-03-19 13:19:01,billing
EVID0001352,DSP000226,TXN0013773,invoice,UNAVAILABLE,0,1,1,0.0,2025-03-23 15:27:53,billing
EVID0001353,DSP000226,TXN0013773,shipping_label,NOT_APPLICABLE,0,0,0,0.0,2025-03-03 03:56:38,logistics
EVID0001354,DSP000226,TXN0013773,tracking_number,NOT_APPLICABLE,0,0,0,0.0,2025-03-26 13:43:16,logistics
EVID0001355,DSP000226,TXN0013773,delivery_confirmation,NOT_APPLICABLE,0,0,0,0.0,2025-03-01 01:11:52,logistics
EVID0001356,DSP000226,TXN0013773,customer_communication,APPLICABLE,1,1,1,0.8,2025-02-28 01:21:06,crm
EVID0001357,DSP000227,TXN0013812,order_confirmation,UNAVAILABLE,0,1,1,0.0,2025-03-20 09:27:21,billing
EVID0001358,DSP000227,TXN0013812,invoice,UNAVAILABLE,0,1,1,0.0,2025-03-22 16:15:02,billing
EVID0001359,DSP000227,TXN0013812,shipping_label,NOT_APPLICABLE,0,0,0,0.0,2025-03-17 02:22:54,logistics
EVID0001360,DSP000227,TXN0013812,tracking_number,NOT_APPLICABLE,0,0,0,0.0,2025-03-17 00:47:43,logistics
EVID0001361,DSP000227,TXN0013812,delivery_confirmation,NOT_APPLICABLE,0,0,0,0.0,2025-03-25 01:34:42,logistics
EVID0001362,DSP000227,TXN0013812,customer_communication,UNAVAILABLE,0,1,1,0.0,2025-02-28 17:41:47,crm
EVID0001363,DSP000228,TXN0013920,order_confirmation,APPLICABLE,1,1,1,0.76,2025-02-26 10:19:55,billing
EVID0001364,DSP000228,TXN0013920,invoice,UNAVAILABLE,0,1,1,0.0,2025-03-02 23:47:40,billing
EVID0001365,DSP000228,TXN0013920,shipping_label,APPLICABLE,1,0,0,0.76,2025-03-03 04:24:49,logistics
EVID0001366,DSP000228,TXN0013920,tracking_number,APPLICABLE,1,0,0,0.87,2025-03-05 18:49:33,logistics
EVID0001367,DSP000228,TXN0013920,delivery_confirmation,APPLICABLE,1,0,1,0.67,2025-03-03 19:25:19,logistics
EVID0001368,DSP000228,TXN0013920,customer_communication,UNAVAILABLE,0,1,1,0.0,2025-03-01 17:04:37,crm
EVID0001369,DSP000229,TXN0014066,order_confirmation,APPLICABLE,1,1,1,0.7,2025-03-07 00:19:35,billing
EVID0001370,DSP000229,TXN0014066,invoice,APPLICABLE,1,0,1,0.86,2025-04-04 10:51:16,billing
EVID0001371,DSP000229,TXN0014066,shipping_label,NOT_APPLICABLE,0,0,0,0.0,2025-03-04 10:39:30,logistics
EVID0001372,DSP000229,TXN0014066,tracking_number,NOT_APPLICABLE,0,0,0,0.0,2025-03-19 04:21:39,logistics
EVID0001373,DSP000229,TXN0014066,delivery_confirmation,NOT_APPLICABLE,0,0,0,0.0,2025-03-22 14:12:10,logistics
EVID0001374,DSP000229,TXN0014066,customer_communication,APPLICABLE,1,1,1,0.84,2025-02-28 20:53:05,crm
EVID0001375,DSP000230,TXN0014173,order_confirmation,APPLICABLE,1,1,1,0.85,2025-03-02 06:45:35,billing
EVID0001376,DSP000230,TXN0014173,invoice,APPLICABLE,1,0,1,0.74,2025-02-28 14:08:13,billing
EVID0001377,DSP000230,TXN0014173,shipping_label,APPLICABLE,1,0,1,0.89,2025-02-28 13:21:12,logistics
EVID0001378,DSP000230,TXN0014173,tracking_number,APPLICABLE,1,0,1,0.76,2025-03-02 12:09:32,logistics
EVID0001379,DSP000230,TXN0014173,delivery_confirmation,APPLICABLE,1,1,1,0.65,2025-03-07 04:47:06,logistics
EVID0001380,DSP000230,TXN0014173,customer_communication,APPLICABLE,1,1,1,0.89,2025-03-01 07:51:00,crm
EVID0001381,DSP000231,TXN0014181,order_confirmation,APPLICABLE,1,1,1,0.85,2025-03-02 10:27:05,billing
EVID0001382,DSP000231,TXN0014181,invoice,APPLICABLE,1,0,0,0.66,2025-03-10 18:32:57,billing
EVID0001383,DSP000231,TXN0014181,shipping_label,NOT_APPLICABLE,0,0,0,0.0,2025-03-08 03:16:52,logistics
EVID0001384,DSP000231,TXN0014181,tracking_number,NOT_APPLICABLE,0,0,0,0.0,2025-03-11 22:19:54,logistics
EVID0001385,DSP000231,TXN0014181,delivery_confirmation,NOT_APPLICABLE,0,0,0,0.0,2025-03-04 16:24:25,logistics
EVID0001386,DSP000231,TXN0014181,customer_communication,APPLICABLE,1,0,0,0.62,2025-03-13 07:23:21,crm
EVID0001387,DSP000232,TXN0014188,order_confirmation,APPLICABLE,1,1,1,0.68,2025-03-23 00:45:40,billing
EVID0001388,DSP000232,TXN0014188,invoice,APPLICABLE,1,0,0,0.67,2025-03-29 18:01:32,billing
EVID0001389,DSP000232,TXN0014188,shipping_label,APPLICABLE,1,0,1,0.6,2025-03-06 19:41:46,logistics
EVID0001390,DSP000232,TXN0014188,tracking_number,APPLICABLE,1,0,0,0.7,2025-03-27 08:43:40,logistics
EVID0001391,DSP000232,TXN0014188,delivery_confirmation,APPLICABLE,1,1,1,0.72,2025-03-26 19:43:23,logistics
EVID0001392,DSP000232,TXN0014188,customer_communication,APPLICABLE,1,1,1,0.69,2025-03-06 02:52:13,crm
EVID0001393,DSP000233,TXN0014288,order_confirmation,APPLICABLE,1,1,1,0.84,2025-03-07 03:34:38,billing
EVID0001394,DSP000233,TXN0014288,invoice,APPLICABLE,1,1,1,0.73,2025-03-12 15:13:51,billing
EVID0001395,DSP000233,TXN0014288,shipping_label,NOT_APPLICABLE,0,0,0,0.0,2025-02-27 22:53:49,logistics
EVID0001396,DSP000233,TXN0014288,tracking_number,NOT_APPLICABLE,0,0,0,0.0,2025-02-27 15:25:42,logistics
EVID0001397,DSP000233,TXN0014288,delivery_confirmation,NOT_APPLICABLE,0,0,0,0.0,2025-02-28 22:12:55,logistics
EVID0001398,DSP000233,TXN0014288,customer_communication,APPLICABLE,1,1,1,0.92,2025-02-28 01:22:59,crm
EVID0001399,DSP000234,TXN0014331,order_confirmation,APPLICABLE,1,1,1,0.84,2025-03-30 22:26:44,billing
EVID0001400,DSP000234,TXN0014331,invoice,APPLICABLE,1,0,0,0.73,2025-03-09 13:26:01,billing
EVID0001401,DSP000234,TXN0014331,shipping_label,NOT_APPLICABLE,0,0,0,0.0,2025-04-05 13:23:46,logistics
EVID0001402,DSP000234,TXN0014331,tracking_number,NOT_APPLICABLE,0,0,0,0.0,2025-03-27 02:24:44,logistics
EVID0001403,DSP000234,TXN0014331,delivery_confirmation,NOT_APPLICABLE,0,0,0,0.0,2025-03-19 13:10:58,logistics
EVID0001404,DSP000234,TXN0014331,customer_communication,APPLICABLE,1,1,1,0.89,2025-03-29 07:58:21,crm
EVID0001405,DSP000235,TXN0014345,order_confirmation,UNAVAILABLE,0,1,1,0.0,2025-03-13 10:26:19,billing
EVID0001406,DSP000235,TXN0014345,invoice,APPLICABLE,1,0,0,0.72,2025-03-30 12:49:23,billing
EVID0001407,DSP000235,TXN0014345,shipping_label,APPLICABLE,1,1,1,0.85,2025-03-14 00:54:43,logistics
EVID0001408,DSP000235,TXN0014345,tracking_number,APPLICABLE,1,1,1,0.65,2025-03-22 19:37:06,logistics
EVID0001409,DSP000235,TXN0014345,delivery_confirmation,APPLICABLE,1,1,1,0.7,2025-03-11 06:15:01,logistics
EVID0001410,DSP000235,TXN0014345,customer_communication,APPLICABLE,1,0,0,0.9,2025-04-01 15:01:08,crm
EVID0001411,DSP000236,TXN0014379,order_confirmation,APPLICABLE,1,1,1,0.76,2025-03-16 04:23:35,billing
EVID0001412,DSP000236,TXN0014379,invoice,APPLICABLE,1,0,1,0.6,2025-02-28 22:08:54,billing
EVID0001413,DSP000236,TXN0014379,shipping_label,UNAVAILABLE,0,0,0,0.0,2025-03-03 07:20:06,logistics
EVID0001414,DSP000236,TXN0014379,tracking_number,APPLICABLE,1,0,1,0.62,2025-03-10 03:20:07,logistics
EVID0001415,DSP000236,TXN0014379,delivery_confirmation,APPLICABLE,1,1,1,0.71,2025-03-09 13:21:49,logistics
EVID0001416,DSP000236,TXN0014379,customer_communication,APPLICABLE,1,1,1,0.72,2025-03-11 05:20:36,crm
EVID0001417,DSP000237,TXN0014387,order_confirmation,APPLICABLE,1,1,1,0.73,2025-03-28 22:45:35,billing
EVID0001418,DSP000237,TXN0014387,invoice,UNAVAILABLE,0,1,1,0.0,2025-03-06 11:20:08,billing
EVID0001419,DSP000237,TXN0014387,shipping_label,NOT_APPLICABLE,0,0,0,0.0,2025-03-14 16:08:04,logistics
EVID0001420,DSP000237,TXN0014387,tracking_number,NOT_APPLICABLE,0,0,0,0.0,2025-03-14 23:58:48,logistics
EVID0001421,DSP000237,TXN0014387,delivery_confirmation,NOT_APPLICABLE,0,0,0,0.0,2025-03-16 06:20:07,logistics
EVID0001422,DSP000237,TXN0014387,customer_communication,UNAVAILABLE,0,1,1,0.0,2025-03-18 20:29:16,crm
EVID0001423,DSP000238,TXN0014771,order_confirmation,UNAVAILABLE,0,1,1,0.0,2025-03-06 10:27:41,billing
EVID0001424,DSP000238,TXN0014771,invoice,UNAVAILABLE,0,1,1,0.0,2025-03-16 18:32:43,billing
EVID0001425,DSP000238,TXN0014771,shipping_label,NOT_APPLICABLE,0,0,0,0.0,2025-03-13 00:23:36,logistics
EVID0001426,DSP000238,TXN0014771,tracking_number,NOT_APPLICABLE,0,0,0,0.0,2025-03-23 22:13:41,logistics
EVID0001427,DSP000238,TXN0014771,delivery_confirmation,NOT_APPLICABLE,0,0,0,0.0,2025-03-07 05:29:48,logistics
EVID0001428,DSP000238,TXN0014771,customer_communication,APPLICABLE,1,1,1,0.71,2025-03-14 06:22:31,crm
EVID0001429,DSP000239,TXN0014773,order_confirmation,APPLICABLE,1,1,1,0.91,2025-03-02 12:27:18,billing
EVID0001430,DSP000239,TXN0014773,invoice,APPLICABLE,1,1,1,0.88,2025-03-08 08:02:10,billing
EVID0001431,DSP000239,TXN0014773,shipping_label,APPLICABLE,1,0,0,0.62,2025-03-10 14:45:32,logistics
EVID0001432,DSP000239,TXN0014773,tracking_number,APPLICABLE,1,0,0,0.9,2025-03-16 05:27:32,logistics
EVID0001433,DSP000239,TXN0014773,delivery_confirmation,APPLICABLE,1,0,0,0.69,2025-03-11 10:33:24,logistics
EVID0001434,DSP000239,TXN0014773,customer_communication,APPLICABLE,1,1,1,0.83,2025-03-07 07:36:12,crm
EVID0001435,DSP000240,TXN0014908,order_confirmation,APPLICABLE,1,1,1,0.66,2025-03-09 03:58:29,billing
EVID0001436,DSP000240,TXN0014908,invoice,UNAVAILABLE,0,1,1,0.0,2025-03-06 04:23:29,billing
EVID0001437,DSP000240,TXN0014908,shipping_label,NOT_APPLICABLE,0,0,0,0.0,2025-03-20 02:21:20,logistics
EVID0001438,DSP000240,TXN0014908,tracking_number,NOT_APPLICABLE,0,0,0,0.0,2025-03-05 10:37:44,logistics
EVID0001439,DSP000240,TXN0014908,delivery_confirmation,NOT_APPLICABLE,0,0,0,0.0,2025-03-13 16:03:57,logistics
EVID0001440,DSP000240,TXN0014908,customer_communication,UNAVAILABLE,0,1,1,0.0,2025-03-14 01:39:15,crm
EVID0001441,DSP000241,TXN0015010,order_confirmation,APPLICABLE,1,1,1,0.8,2025-03-02 23:14:45,billing
EVID0001442,DSP000241,TXN0015010,invoice,APPLICABLE,1,0,1,0.77,2025-03-06 05:09:30,billing
EVID0001443,DSP000241,TXN0015010,shipping_label,NOT_APPLICABLE,0,0,0,0.0,2025-03-20 22:24:14,logistics
EVID0001444,DSP000241,TXN0015010,tracking_number,NOT_APPLICABLE,0,0,0,0.0,2025-03-26 09:07:44,logistics
EVID0001445,DSP000241,TXN0015010,delivery_confirmation,NOT_APPLICABLE,0,0,0,0.0,2025-03-24 00:57:21,logistics
EVID0001446,DSP000241,TXN0015010,customer_communication,APPLICABLE,1,0,1,0.82,2025-03-13 12:42:46,crm
EVID0001447,DSP000242,TXN0015018,order_confirmation,APPLICABLE,1,1,1,0.81,2025-03-03 01:19:12,billing
EVID0001448,DSP000242,TXN0015018,invoice,UNAVAILABLE,0,1,1,0.0,2025-03-03 02:24:59,billing
EVID0001449,DSP000242,TXN0015018,shipping_label,NOT_APPLICABLE,0,0,0,0.0,2025-03-08 16:52:36,logistics
EVID0001450,DSP000242,TXN0015018,tracking_number,NOT_APPLICABLE,0,0,0,0.0,2025-03-13 21:16:17,logistics
EVID0001451,DSP000242,TXN0015018,delivery_confirmation,NOT_APPLICABLE,0,0,0,0.0,2025-03-16 09:03:16,logistics
EVID0001452,DSP000242,TXN0015018,customer_communication,APPLICABLE,1,1,1,0.67,2025-03-17 18:06:31,crm
EVID0001453,DSP000243,TXN0015120,order_confirmation,APPLICABLE,1,1,1,0.6,2025-03-02 19:43:31,billing
EVID0001454,DSP000243,TXN0015120,invoice,APPLICABLE,1,1,1,0.79,2025-03-07 15:26:28,billing
EVID0001455,DSP000243,TXN0015120,shipping_label,APPLICABLE,1,0,0,0.6,2025-03-23 08:15:55,logistics
EVID0001456,DSP000243,TXN0015120,tracking_number,APPLICABLE,1,0,1,0.6,2025-03-08 22:14:36,logistics
EVID0001457,DSP000243,TXN0015120,delivery_confirmation,APPLICABLE,1,0,1,0.65,2025-03-15 06:19:52,logistics
EVID0001458,DSP000243,TXN0015120,customer_communication,APPLICABLE,1,1,1,0.6,2025-03-20 04:21:35,crm
EVID0001459,DSP000244,TXN0015323,order_confirmation,APPLICABLE,1,1,1,0.65,2025-03-05 08:08:34,billing
EVID0001460,DSP000244,TXN0015323,invoice,APPLICABLE,1,1,1,0.8,2025-03-12 07:19:47,billing
EVID0001461,DSP000244,TXN0015323,shipping_label,APPLICABLE,1,0,0,0.74,2025-03-20 10:54:38,logistics
EVID0001462,DSP000244,TXN0015323,tracking_number,APPLICABLE,1,0,0,0.89,2025-03-16 20:47:07,logistics
EVID0001463,DSP000244,TXN0015323,delivery_confirmation,UNAVAILABLE,0,0,1,0.0,2025-03-06 10:12:38,logistics
EVID0001464,DSP000244,TXN0015323,customer_communication,APPLICABLE,1,1,1,0.71,2025-03-21 14:40:08,crm
EVID0001465,DSP000245,TXN0015502,order_confirmation,APPLICABLE,1,1,1,0.87,2025-04-02 20:41:09,billing
EVID0001466,DSP000245,TXN0015502,invoice,UNAVAILABLE,0,1,1,0.0,2025-04-02 06:28:25,billing
EVID0001467,DSP000245,TXN0015502,shipping_label,APPLICABLE,1,0,1,0.6,2025-03-09 08:58:54,logistics
EVID0001468,DSP000245,TXN0015502,tracking_number,UNAVAILABLE,0,0,1,0.0,2025-03-09 20:27:38,logistics
EVID0001469,DSP000245,TXN0015502,delivery_confirmation,APPLICABLE,1,0,1,0.88,2025-03-08 07:11:56,logistics
EVID0001470,DSP000245,TXN0015502,customer_communication,UNAVAILABLE,0,1,1,0.0,2025-03-22 17:29:16,crm
EVID0001471,DSP000246,TXN0015541,order_confirmation,APPLICABLE,1,1,1,0.78,2025-03-10 17:15:33,billing
EVID0001472,DSP000246,TXN0015541,invoice,APPLICABLE,1,0,1,0.79,2025-03-13 09:05:41,billing
EVID0001473,DSP000246,TXN0015541,shipping_label,NOT_APPLICABLE,0,0,0,0.0,2025-03-23 04:49:31,logistics
EVID0001474,DSP000246,TXN0015541,tracking_number,NOT_APPLICABLE,0,0,0,0.0,2025-03-27 23:48:30,logistics
EVID0001475,DSP000246,TXN0015541,delivery_confirmation,NOT_APPLICABLE,0,0,0,0.0,2025-03-05 16:04:33,logistics
EVID0001476,DSP000246,TXN0015541,customer_communication,UNAVAILABLE,0,1,1,0.0,2025-03-05 21:57:28,crm
EVID0001477,DSP000247,TXN0015546,order_confirmation,UNAVAILABLE,0,1,1,0.0,2025-03-05 17:58:59,billing
EVID0001478,DSP000247,TXN0015546,invoice,APPLICABLE,1,1,1,0.67,2025-03-08 14:33:59,billing
EVID0001479,DSP000247,TXN0015546,shipping_label,UNAVAILABLE,0,0,1,0.0,2025-03-06 14:28:28,logistics
EVID0001480,DSP000247,TXN0015546,tracking_number,UNAVAILABLE,0,0,1,0.0,2025-03-06 21:06:49,logistics
EVID0001481,DSP000247,TXN0015546,delivery_confirmation,UNAVAILABLE,0,0,1,0.0,2025-03-06 12:02:03,logistics
EVID0001482,DSP000247,TXN0015546,customer_communication,APPLICABLE,1,1,1,0.81,2025-03-04 15:10:17,crm
EVID0001483,DSP000248,TXN0015573,order_confirmation,APPLICABLE,1,1,1,0.9,2025-04-02 13:32:43,billing
EVID0001484,DSP000248,TXN0015573,invoice,APPLICABLE,1,0,1,0.73,2025-03-19 06:23:00,billing
EVID0001485,DSP000248,TXN0015573,shipping_label,APPLICABLE,1,1,1,0.93,2025-03-11 16:35:51,logistics
EVID0001486,DSP000248,TXN0015573,tracking_number,APPLICABLE,1,1,1,0.93,2025-03-22 21:05:39,logistics
EVID0001487,DSP000248,TXN0015573,delivery_confirmation,APPLICABLE,1,1,1,0.64,2025-04-02 17:32:39,logistics
EVID0001488,DSP000248,TXN0015573,customer_communication,APPLICABLE,1,0,0,0.65,2025-03-18 07:54:08,crm
EVID0001489,DSP000249,TXN0015680,order_confirmation,APPLICABLE,1,1,1,0.96,2025-03-28 04:13:05,billing
EVID0001490,DSP000249,TXN0015680,invoice,APPLICABLE,1,1,1,0.78,2025-03-18 22:47:12,billing
EVID0001491,DSP000249,TXN0015680,shipping_label,APPLICABLE,1,0,0,0.74,2025-03-27 10:47:43,logistics
EVID0001492,DSP000249,TXN0015680,tracking_number,APPLICABLE,1,0,0,0.76,2025-03-05 04:53:20,logistics
EVID0001493,DSP000249,TXN0015680,delivery_confirmation,APPLICABLE,1,0,1,0.82,2025-03-22 06:40:24,logistics
EVID0001494,DSP000249,TXN0015680,customer_communication,APPLICABLE,1,1,1,0.61,2025-03-20 11:25:39,crm
EVID0001495,DSP000250,TXN0015780,order_confirmation,UNAVAILABLE,0,1,1,0.0,2025-03-05 23:34:07,billing
EVID0001496,DSP000250,TXN0015780,invoice,APPLICABLE,1,1,1,0.75,2025-04-02 15:58:21,billing
EVID0001497,DSP000250,TXN0015780,shipping_label,APPLICABLE,1,0,1,0.63,2025-03-27 17:27:36,logistics
EVID0001498,DSP000250,TXN0015780,tracking_number,APPLICABLE,1,0,0,0.78,2025-03-17 13:53:16,logistics
EVID0001499,DSP000250,TXN0015780,delivery_confirmation,APPLICABLE,1,0,0,0.92,2025-04-01 18:29:38,logistics
EVID0001500,DSP000250,TXN0015780,customer_communication,APPLICABLE,1,1,1,0.76,2025-04-01 17:30:55,crm
EVID0001501,DSP000251,TXN0015816,order_confirmation,APPLICABLE,1,1,1,0.89,2025-03-18 22:59:38,billing
EVID0001502,DSP000251,TXN0015816,invoice,APPLICABLE,1,0,1,0.6,2025-03-16 10:56:55,billing
EVID0001503,DSP000251,TXN0015816,shipping_label,UNAVAILABLE,0,1,1,0.0,2025-03-08 22:23:50,logistics
EVID0001504,DSP000251,TXN0015816,tracking_number,APPLICABLE,1,1,1,0.82,2025-03-17 12:27:15,logistics
EVID0001505,DSP000251,TXN0015816,delivery_confirmation,APPLICABLE,1,1,1,0.89,2025-03-20 01:30:02,logistics
EVID0001506,DSP000251,TXN0015816,customer_communication,APPLICABLE,1,0,1,0.79,2025-03-22 07:11:11,crm
EVID0001507,DSP000252,TXN0015851,order_confirmation,APPLICABLE,1,1,1,0.75,2025-03-05 17:24:09,billing
EVID0001508,DSP000252,TXN0015851,invoice,APPLICABLE,1,0,1,0.61,2025-03-07 15:01:48,billing
EVID0001509,DSP000252,TXN0015851,shipping_label,NOT_APPLICABLE,0,0,0,0.0,2025-03-09 14:09:04,logistics
EVID0001510,DSP000252,TXN0015851,tracking_number,NOT_APPLICABLE,0,0,0,0.0,2025-03-05 10:02:35,logistics
EVID0001511,DSP000252,TXN0015851,delivery_confirmation,NOT_APPLICABLE,0,0,0,0.0,2025-03-15 15:56:05,logistics
EVID0001512,DSP000252,TXN0015851,customer_communication,APPLICABLE,1,1,1,0.89,2025-03-12 13:45:01,crm
EVID0001513,DSP000253,TXN0015912,order_confirmation,APPLICABLE,1,1,1,0.71,2025-03-10 07:56:52,billing
EVID0001514,DSP000253,TXN0015912,invoice,APPLICABLE,1,1,1,0.69,2025-03-15 08:14:04,billing
EVID0001515,DSP000253,TXN0015912,shipping_label,UNAVAILABLE,0,0,1,0.0,2025-03-17 13:30:12,logistics
EVID0001516,DSP000253,TXN0015912,tracking_number,APPLICABLE,1,0,1,0.75,2025-03-16 19:54:09,logistics
EVID0001517,DSP000253,TXN0015912,delivery_confirmation,UNAVAILABLE,0,0,1,0.0,2025-03-06 21:27:14,logistics
EVID0001518,DSP000253,TXN0015912,customer_communication,APPLICABLE,1,1,1,0.89,2025-03-08 17:36:40,crm
EVID0001519,DSP000254,TXN0015983,order_confirmation,UNAVAILABLE,0,1,1,0.0,2025-03-21 17:23:51,billing
EVID0001520,DSP000254,TXN0015983,invoice,UNAVAILABLE,0,0,1,0.0,2025-03-17 06:17:37,billing
EVID0001521,DSP000254,TXN0015983,shipping_label,NOT_APPLICABLE,0,0,0,0.0,2025-03-18 09:44:06,logistics
EVID0001522,DSP000254,TXN0015983,tracking_number,NOT_APPLICABLE,0,0,0,0.0,2025-03-14 19:08:19,logistics
EVID0001523,DSP000254,TXN0015983,delivery_confirmation,NOT_APPLICABLE,0,0,0,0.0,2025-03-13 06:23:47,logistics
EVID0001524,DSP000254,TXN0015983,customer_communication,UNAVAILABLE,0,1,1,0.0,2025-03-09 20:30:30,crm
EVID0001525,DSP000255,TXN0016226,order_confirmation,APPLICABLE,1,1,1,0.6,2025-03-23 21:49:30,billing
EVID0001526,DSP000255,TXN0016226,invoice,APPLICABLE,1,0,1,0.89,2025-04-08 12:29:41,billing
EVID0001527,DSP000255,TXN0016226,shipping_label,NOT_APPLICABLE,0,0,0,0.0,2025-04-10 16:59:19,logistics
EVID0001528,DSP000255,TXN0016226,tracking_number,NOT_APPLICABLE,0,0,0,0.0,2025-04-08 18:10:38,logistics
EVID0001529,DSP000255,TXN0016226,delivery_confirmation,NOT_APPLICABLE,0,0,0,0.0,2025-04-06 22:33:36,logistics
EVID0001530,DSP000255,TXN0016226,customer_communication,APPLICABLE,1,0,1,0.84,2025-04-09 08:49:09,crm
EVID0001531,DSP000256,TXN0016273,order_confirmation,APPLICABLE,1,1,1,0.75,2025-03-11 11:35:14,billing
EVID0001532,DSP000256,TXN0016273,invoice,APPLICABLE,1,1,1,0.82,2025-03-12 19:11:35,billing
EVID0001533,DSP000256,TXN0016273,shipping_label,NOT_APPLICABLE,0,0,0,0.0,2025-03-13 14:07:05,logistics
EVID0001534,DSP000256,TXN0016273,tracking_number,NOT_APPLICABLE,0,0,0,0.0,2025-03-20 08:41:39,logistics
EVID0001535,DSP000256,TXN0016273,delivery_confirmation,NOT_APPLICABLE,0,0,0,0.0,2025-03-14 01:28:25,logistics
EVID0001536,DSP000256,TXN0016273,customer_communication,APPLICABLE,1,1,1,0.74,2025-03-12 06:34:47,crm
EVID0001537,DSP000257,TXN0016418,order_confirmation,APPLICABLE,1,1,1,0.77,2025-03-24 07:39:20,billing
EVID0001538,DSP000257,TXN0016418,invoice,APPLICABLE,1,1,1,0.6,2025-03-24 16:14:49,billing
EVID0001539,DSP000257,TXN0016418,shipping_label,APPLICABLE,1,0,0,0.89,2025-03-19 10:25:35,logistics
EVID0001540,DSP000257,TXN0016418,tracking_number,APPLICABLE,1,0,1,0.6,2025-03-15 06:15:04,logistics
EVID0001541,DSP000257,TXN0016418,delivery_confirmation,UNAVAILABLE,0,0,1,0.0,2025-03-19 05:04:02,logistics
EVID0001542,DSP000257,TXN0016418,customer_communication,UNAVAILABLE,0,1,1,0.0,2025-03-16 00:45:15,crm
EVID0001543,DSP000258,TXN0016460,order_confirmation,UNAVAILABLE,0,1,1,0.0,2025-03-21 14:47:41,billing
EVID0001544,DSP000258,TXN0016460,invoice,UNAVAILABLE,0,1,1,0.0,2025-03-24 02:52:52,billing
EVID0001545,DSP000258,TXN0016460,shipping_label,NOT_APPLICABLE,0,0,0,0.0,2025-03-20 21:09:06,logistics
EVID0001546,DSP000258,TXN0016460,tracking_number,NOT_APPLICABLE,0,0,0,0.0,2025-03-16 21:54:29,logistics
EVID0001547,DSP000258,TXN0016460,delivery_confirmation,NOT_APPLICABLE,0,0,0,0.0,2025-03-17 06:33:07,logistics
EVID0001548,DSP000258,TXN0016460,customer_communication,APPLICABLE,1,1,1,0.83,2025-03-27 13:27:34,crm
EVID0001549,DSP000259,TXN0016522,order_confirmation,APPLICABLE,1,1,1,0.89,2025-03-09 22:39:31,billing
EVID0001550,DSP000259,TXN0016522,invoice,UNAVAILABLE,0,0,0,0.0,2025-03-21 20:45:41,billing
EVID0001551,DSP000259,TXN0016522,shipping_label,UNAVAILABLE,0,1,1,0.0,2025-03-11 17:43:25,logistics
EVID0001552,DSP000259,TXN0016522,tracking_number,APPLICABLE,1,1,1,0.86,2025-03-24 17:11:25,logistics
EVID0001553,DSP000259,TXN0016522,delivery_confirmation,APPLICABLE,1,1,1,0.68,2025-03-29 09:03:11,logistics
EVID0001554,DSP000259,TXN0016522,customer_communication,UNAVAILABLE,0,0,0,0.0,2025-03-20 08:25:35,crm
EVID0001555,DSP000260,TXN0016533,order_confirmation,APPLICABLE,1,1,1,0.6,2025-03-14 13:14:12,billing
EVID0001556,DSP000260,TXN0016533,invoice,APPLICABLE,1,1,1,0.6,2025-03-21 14:41:23,billing
EVID0001557,DSP000260,TXN0016533,shipping_label,NOT_APPLICABLE,0,0,0,0.0,2025-03-14 13:31:17,logistics
EVID0001558,DSP000260,TXN0016533,tracking_number,NOT_APPLICABLE,0,0,0,0.0,2025-03-11 07:15:28,logistics
EVID0001559,DSP000260,TXN0016533,delivery_confirmation,NOT_APPLICABLE,0,0,0,0.0,2025-03-10 14:55:10,logistics
EVID0001560,DSP000260,TXN0016533,customer_communication,APPLICABLE,1,1,1,0.87,2025-03-22 21:56:54,crm
EVID0001561,DSP000261,TXN0016627,order_confirmation,APPLICABLE,1,1,1,0.66,2025-03-24 17:34:25,billing
EVID0001562,DSP000261,TXN0016627,invoice,APPLICABLE,1,0,1,0.85,2025-03-21 08:43:16,billing
EVID0001563,DSP000261,TXN0016627,shipping_label,APPLICABLE,1,1,1,0.79,2025-03-13 22:49:49,logistics
EVID0001564,DSP000261,TXN0016627,tracking_number,APPLICABLE,1,1,1,0.8,2025-03-23 22:59:48,logistics
EVID0001565,DSP000261,TXN0016627,delivery_confirmation,UNAVAILABLE,0,1,1,0.0,2025-03-14 03:00:15,logistics
EVID0001566,DSP000261,TXN0016627,customer_communication,APPLICABLE,1,0,0,0.89,2025-03-09 17:56:43,crm
EVID0001567,DSP000262,TXN0016747,order_confirmation,APPLICABLE,1,1,1,0.7,2025-03-31 17:16:57,billing
EVID0001568,DSP000262,TXN0016747,invoice,APPLICABLE,1,0,0,0.73,2025-03-13 16:02:07,billing
EVID0001569,DSP000262,TXN0016747,shipping_label,NOT_APPLICABLE,0,0,0,0.0,2025-03-15 11:03:10,logistics
EVID0001570,DSP000262,TXN0016747,tracking_number,NOT_APPLICABLE,0,0,0,0.0,2025-03-09 00:55:44,logistics
EVID0001571,DSP000262,TXN0016747,delivery_confirmation,NOT_APPLICABLE,0,0,0,0.0,2025-04-04 12:05:57,logistics
EVID0001572,DSP000262,TXN0016747,customer_communication,APPLICABLE,1,0,1,0.61,2025-03-16 10:54:24,crm
EVID0001573,DSP000263,TXN0016844,order_confirmation,APPLICABLE,1,1,1,0.88,2025-04-09 21:08:09,billing
EVID0001574,DSP000263,TXN0016844,invoice,APPLICABLE,1,1,1,0.85,2025-03-18 23:35:10,billing
EVID0001575,DSP000263,TXN0016844,shipping_label,APPLICABLE,1,0,1,0.71,2025-04-14 23:54:12,logistics
EVID0001576,DSP000263,TXN0016844,tracking_number,APPLICABLE,1,0,1,0.86,2025-03-23 05:52:05,logistics
EVID0001577,DSP000263,TXN0016844,delivery_confirmation,APPLICABLE,1,0,1,0.87,2025-03-24 21:23:26,logistics
EVID0001578,DSP000263,TXN0016844,customer_communication,APPLICABLE,1,1,1,0.6,2025-03-23 03:44:10,crm
EVID0001579,DSP000264,TXN0016942,order_confirmation,APPLICABLE,1,1,1,0.88,2025-03-12 09:53:40,billing
EVID0001580,DSP000264,TXN0016942,invoice,APPLICABLE,1,0,1,0.79,2025-03-16 02:07:47,billing
EVID0001581,DSP000264,TXN0016942,shipping_label,APPLICABLE,1,1,1,0.76,2025-03-18 08:52:43,logistics
EVID0001582,DSP000264,TXN0016942,tracking_number,UNAVAILABLE,0,1,1,0.0,2025-03-10 01:07:10,logistics
EVID0001583,DSP000264,TXN0016942,delivery_confirmation,APPLICABLE,1,1,1,0.63,2025-03-11 17:14:48,logistics
EVID0001584,DSP000264,TXN0016942,customer_communication,APPLICABLE,1,0,0,0.69,2025-03-14 15:58:24,crm
EVID0001585,DSP000265,TXN0016952,order_confirmation,UNAVAILABLE,0,1,1,0.0,2025-03-21 15:20:10,billing
EVID0001586,DSP000265,TXN0016952,invoice,APPLICABLE,1,0,0,0.81,2025-03-14 03:17:18,billing
EVID0001587,DSP000265,TXN0016952,shipping_label,NOT_APPLICABLE,0,0,0,0.0,2025-03-16 15:22:51,logistics
EVID0001588,DSP000265,TXN0016952,tracking_number,NOT_APPLICABLE,0,0,0,0.0,2025-03-10 12:34:47,logistics
EVID0001589,DSP000265,TXN0016952,delivery_confirmation,NOT_APPLICABLE,0,0,0,0.0,2025-03-09 20:09:09,logistics
EVID0001590,DSP000265,TXN0016952,customer_communication,APPLICABLE,1,0,1,0.77,2025-03-16 20:34:48,crm
EVID0001591,DSP000266,TXN0017069,order_confirmation,APPLICABLE,1,1,1,0.6,2025-03-23 18:20:36,billing
EVID0001592,DSP000266,TXN0017069,invoice,UNAVAILABLE,0,0,1,0.0,2025-04-01 00:09:36,billing
EVID0001593,DSP000266,TXN0017069,shipping_label,NOT_APPLICABLE,0,0,0,0.0,2025-04-10 01:59:17,logistics
EVID0001594,DSP000266,TXN0017069,tracking_number,NOT_APPLICABLE,0,0,0,0.0,2025-04-05 07:47:45,logistics
EVID0001595,DSP000266,TXN0017069,delivery_confirmation,NOT_APPLICABLE,0,0,0,0.0,2025-04-04 09:40:49,logistics
EVID0001596,DSP000266,TXN0017069,customer_communication,APPLICABLE,1,0,1,0.6,2025-04-02 22:15:16,crm
EVID0001597,DSP000267,TXN0017085,order_confirmation,APPLICABLE,1,1,1,0.85,2025-03-13 07:56:13,billing
EVID0001598,DSP000267,TXN0017085,invoice,APPLICABLE,1,1,1,0.92,2025-03-12 08:37:40,billing
EVID0001599,DSP000267,TXN0017085,shipping_label,NOT_APPLICABLE,0,0,0,0.0,2025-03-19 20:03:05,logistics
EVID0001600,DSP000267,TXN0017085,tracking_number,NOT_APPLICABLE,0,0,0,0.0,2025-03-11 09:16:41,logistics
EVID0001601,DSP000267,TXN0017085,delivery_confirmation,NOT_APPLICABLE,0,0,0,0.0,2025-03-14 00:47:10,logistics
EVID0001602,DSP000267,TXN0017085,customer_communication,UNAVAILABLE,0,1,1,0.0,2025-03-11 23:47:50,crm
EVID0001603,DSP000268,TXN0017154,order_confirmation,APPLICABLE,1,1,1,0.77,2025-03-19 11:25:52,billing
EVID0001604,DSP000268,TXN0017154,invoice,APPLICABLE,1,1,1,0.89,2025-03-11 02:54:10,billing
EVID0001605,DSP000268,TXN0017154,shipping_label,NOT_APPLICABLE,0,0,0,0.0,2025-04-15 04:42:56,logistics
EVID0001606,DSP000268,TXN0017154,tracking_number,NOT_APPLICABLE,0,0,0,0.0,2025-03-26 19:15:27,logistics
EVID0001607,DSP000268,TXN0017154,delivery_confirmation,NOT_APPLICABLE,0,0,0,0.0,2025-04-17 19:48:16,logistics
EVID0001608,DSP000268,TXN0017154,customer_communication,APPLICABLE,1,1,1,0.66,2025-03-24 18:13:18,crm
EVID0001609,DSP000269,TXN0017157,order_confirmation,APPLICABLE,1,1,1,0.92,2025-03-18 23:00:37,billing
EVID0001610,DSP000269,TXN0017157,invoice,APPLICABLE,1,0,1,0.62,2025-04-09 02:21:26,billing
EVID0001611,DSP000269,TXN0017157,shipping_label,APPLICABLE,1,1,1,0.88,2025-04-10 10:42:48,logistics
EVID0001612,DSP000269,TXN0017157,tracking_number,APPLICABLE,1,1,1,0.73,2025-03-30 02:58:27,logistics
EVID0001613,DSP000269,TXN0017157,delivery_confirmation,UNAVAILABLE,0,1,1,0.0,2025-03-31 04:51:15,logistics
EVID0001614,DSP000269,TXN0017157,customer_communication,UNAVAILABLE,0,0,0,0.0,2025-04-04 10:53:21,crm
EVID0001615,DSP000270,TXN0017167,order_confirmation,APPLICABLE,1,1,1,0.67,2025-03-11 14:49:49,billing
EVID0001616,DSP000270,TXN0017167,invoice,APPLICABLE,1,1,1,0.76,2025-03-12 16:52:08,billing
EVID0001617,DSP000270,TXN0017167,shipping_label,NOT_APPLICABLE,0,0,0,0.0,2025-03-12 04:00:13,logistics
EVID0001618,DSP000270,TXN0017167,tracking_number,NOT_APPLICABLE,0,0,0,0.0,2025-03-16 06:06:57,logistics
EVID0001619,DSP000270,TXN0017167,delivery_confirmation,NOT_APPLICABLE,0,0,0,0.0,2025-03-14 09:18:11,logistics
EVID0001620,DSP000270,TXN0017167,customer_communication,APPLICABLE,1,1,1,0.79,2025-03-13 11:17:47,crm
EVID0001621,DSP000271,TXN0017297,order_confirmation,APPLICABLE,1,1,1,0.89,2025-03-12 07:45:59,billing
EVID0001622,DSP000271,TXN0017297,invoice,APPLICABLE,1,0,1,0.6,2025-03-13 14:31:37,billing
EVID0001623,DSP000271,TXN0017297,shipping_label,UNAVAILABLE,0,0,1,0.0,2025-03-12 12:21:00,logistics
EVID0001624,DSP000271,TXN0017297,tracking_number,APPLICABLE,1,0,1,0.75,2025-03-12 21:28:17,logistics
EVID0001625,DSP000271,TXN0017297,delivery_confirmation,APPLICABLE,1,1,1,0.72,2025-03-12 17:26:25,logistics
EVID0001626,DSP000271,TXN0017297,customer_communication,UNAVAILABLE,0,1,1,0.0,2025-03-10 23:07:54,crm
EVID0001627,DSP000272,TXN0017365,order_confirmation,APPLICABLE,1,1,1,0.9,2025-03-28 04:57:39,billing
EVID0001628,DSP000272,TXN0017365,invoice,APPLICABLE,1,1,1,0.73,2025-03-17 03:03:00,billing
EVID0001629,DSP000272,TXN0017365,shipping_label,APPLICABLE,1,0,1,0.84,2025-03-12 21:35:02,logistics
EVID0001630,DSP000272,TXN0017365,tracking_number,APPLICABLE,1,0,1,0.87,2025-03-27 14:24:26,logistics
EVID0001631,DSP000272,TXN0017365,delivery_confirmation,APPLICABLE,1,0,1,0.83,2025-03-14 06:15:53,logistics
EVID0001632,DSP000272,TXN0017365,customer_communication,APPLICABLE,1,1,1,0.91,2025-03-22 16:30:22,crm
EVID0001633,DSP000273,TXN0017380,order_confirmation,APPLICABLE,1,1,1,0.84,2025-03-23 15:16:33,billing
EVID0001634,DSP000273,TXN0017380,invoice,APPLICABLE,1,1,1,0.76,2025-03-18 23:41:40,billing
EVID0001635,DSP000273,TXN0017380,shipping_label,APPLICABLE,1,0,1,0.93,2025-03-14 06:56:10,logistics
EVID0001636,DSP000273,TXN0017380,tracking_number,APPLICABLE,1,0,1,0.89,2025-03-18 14:24:30,logistics
EVID0001637,DSP000273,TXN0017380,delivery_confirmation,UNAVAILABLE,0,0,1,0.0,2025-03-20 08:38:47,logistics
EVID0001638,DSP000273,TXN0017380,customer_communication,APPLICABLE,1,1,1,0.83,2025-03-16 19:11:26,crm
EVID0001639,DSP000274,TXN0017402,order_confirmation,UNAVAILABLE,0,1,1,0.0,2025-03-15 04:48:55,billing
EVID0001640,DSP000274,TXN0017402,invoice,APPLICABLE,1,1,1,0.64,2025-03-22 12:37:21,billing
EVID0001641,DSP000274,TXN0017402,shipping_label,APPLICABLE,1,0,1,0.7,2025-03-26 04:26:48,logistics
EVID0001642,DSP000274,TXN0017402,tracking_number,APPLICABLE,1,0,1,0.71,2025-03-20 13:13:50,logistics
EVID0001643,DSP000274,TXN0017402,delivery_confirmation,APPLICABLE,1,0,0,0.66,2025-03-21 13:49:33,logistics
EVID0001644,DSP000274,TXN0017402,customer_communication,APPLICABLE,1,1,1,0.71,2025-03-28 12:29:18,crm
EVID0001645,DSP000275,TXN0017556,order_confirmation,UNAVAILABLE,0,1,1,0.0,2025-03-22 19:41:42,billing
EVID0001646,DSP000275,TXN0017556,invoice,UNAVAILABLE,0,0,1,0.0,2025-03-24 05:32:43,billing
EVID0001647,DSP000275,TXN0017556,shipping_label,APPLICABLE,1,1,1,0.84,2025-04-14 05:52:58,logistics
EVID0001648,DSP000275,TXN0017556,tracking_number,APPLICABLE,1,1,1,0.66,2025-04-10 03:24:04,logistics
EVID0001649,DSP000275,TXN0017556,delivery_confirmation,UNAVAILABLE,0,1,1,0.0,2025-03-16 04:36:46,logistics
EVID0001650,DSP000275,TXN0017556,customer_communication,UNAVAILABLE,0,0,1,0.0,2025-04-06 17:29:12,crm
EVID0001651,DSP000276,TXN0017574,order_confirmation,UNAVAILABLE,0,1,1,0.0,2025-03-29 21:41:39,billing
EVID0001652,DSP000276,TXN0017574,invoice,UNAVAILABLE,0,0,0,0.0,2025-03-16 03:10:50,billing
EVID0001653,DSP000276,TXN0017574,shipping_label,NOT_APPLICABLE,0,0,0,0.0,2025-04-08 17:29:19,logistics
EVID0001654,DSP000276,TXN0017574,tracking_number,NOT_APPLICABLE,0,0,0,0.0,2025-03-17 18:55:01,logistics
EVID0001655,DSP000276,TXN0017574,delivery_confirmation,NOT_APPLICABLE,0,0,0,0.0,2025-03-15 08:08:16,logistics
EVID0001656,DSP000276,TXN0017574,customer_communication,APPLICABLE,1,0,0,0.6,2025-04-07 22:14:31,crm
EVID0001657,DSP000277,TXN0017686,order_confirmation,APPLICABLE,1,1,1,0.64,2025-04-07 16:51:18,billing
EVID0001658,DSP000277,TXN0017686,invoice,APPLICABLE,1,1,1,0.71,2025-03-19 22:11:29,billing
EVID0001659,DSP000277,TXN0017686,shipping_label,APPLICABLE,1,0,1,0.94,2025-03-20 15:18:01,logistics
EVID0001660,DSP000277,TXN0017686,tracking_number,APPLICABLE,1,0,0,0.6,2025-03-28 13:53:08,logistics
EVID0001661,DSP000277,TXN0017686,delivery_confirmation,APPLICABLE,1,0,1,0.7,2025-04-06 21:50:33,logistics
EVID0001662,DSP000277,TXN0017686,customer_communication,APPLICABLE,1,1,1,0.75,2025-04-03 02:22:56,crm
EVID0001663,DSP000278,TXN0017697,order_confirmation,APPLICABLE,1,1,1,0.75,2025-03-24 13:02:48,billing
EVID0001664,DSP000278,TXN0017697,invoice,UNAVAILABLE,0,1,1,0.0,2025-03-14 21:15:40,billing
EVID0001665,DSP000278,TXN0017697,shipping_label,UNAVAILABLE,0,0,1,0.0,2025-03-25 01:35:56,logistics
EVID0001666,DSP000278,TXN0017697,tracking_number,UNAVAILABLE,0,0,1,0.0,2025-03-23 11:47:46,logistics
EVID0001667,DSP000278,TXN0017697,delivery_confirmation,APPLICABLE,1,0,1,0.79,2025-03-14 00:41:38,logistics
EVID0001668,DSP000278,TXN0017697,customer_communication,UNAVAILABLE,0,1,1,0.0,2025-03-23 16:25:38,crm
EVID0001669,DSP000279,TXN0017757,order_confirmation,APPLICABLE,1,1,1,0.66,2025-04-09 05:24:19,billing
EVID0001670,DSP000279,TXN0017757,invoice,APPLICABLE,1,1,1,0.75,2025-03-15 15:40:10,billing
EVID0001671,DSP000279,TXN0017757,shipping_label,APPLICABLE,1,0,0,0.7,2025-04-08 23:26:50,logistics
EVID0001672,DSP000279,TXN0017757,tracking_number,APPLICABLE,1,0,1,0.75,2025-04-04 07:06:40,logistics
EVID0001673,DSP000279,TXN0017757,delivery_confirmation,APPLICABLE,1,0,0,0.88,2025-04-14 12:13:57,logistics
EVID0001674,DSP000279,TXN0017757,customer_communication,APPLICABLE,1,0,1,0.9,2025-03-27 19:26:41,crm
EVID0001675,DSP000280,TXN0017991,order_confirmation,APPLICABLE,1,1,1,0.66,2025-03-24 09:47:44,billing
EVID0001676,DSP000280,TXN0017991,invoice,APPLICABLE,1,1,1,0.84,2025-04-10 21:42:13,billing
EVID0001677,DSP000280,TXN0017991,shipping_label,NOT_APPLICABLE,0,0,0,0.0,2025-03-17 09:00:28,logistics
EVID0001678,DSP000280,TXN0017991,tracking_number,NOT_APPLICABLE,0,0,0,0.0,2025-03-16 00:41:19,logistics
EVID0001679,DSP000280,TXN0017991,delivery_confirmation,NOT_APPLICABLE,0,0,0,0.0,2025-04-03 09:33:55,logistics
EVID0001680,DSP000280,TXN0017991,customer_communication,APPLICABLE,1,1,1,0.87,2025-03-30 13:19:38,crm
EVID0001681,DSP000281,TXN0018152,order_confirmation,UNAVAILABLE,0,1,1,0.0,2025-04-06 13:40:10,billing
EVID0001682,DSP000281,TXN0018152,invoice,UNAVAILABLE,0,0,0,0.0,2025-03-16 04:38:25,billing
EVID0001683,DSP000281,TXN0018152,shipping_label,NOT_APPLICABLE,0,0,0,0.0,2025-03-28 14:09:05,logistics
EVID0001684,DSP000281,TXN0018152,tracking_number,NOT_APPLICABLE,0,0,0,0.0,2025-04-03 12:01:52,logistics
EVID0001685,DSP000281,TXN0018152,delivery_confirmation,NOT_APPLICABLE,0,0,0,0.0,2025-03-23 09:21:36,logistics
EVID0001686,DSP000281,TXN0018152,customer_communication,APPLICABLE,1,0,0,0.6,2025-03-21 05:27:09,crm
EVID0001687,DSP000282,TXN0018153,order_confirmation,APPLICABLE,1,1,1,0.96,2025-04-01 23:29:30,billing
EVID0001688,DSP000282,TXN0018153,invoice,APPLICABLE,1,0,0,0.82,2025-04-01 21:20:07,billing
EVID0001689,DSP000282,TXN0018153,shipping_label,APPLICABLE,1,0,0,0.91,2025-03-18 13:10:28,logistics
EVID0001690,DSP000282,TXN0018153,tracking_number,UNAVAILABLE,0,0,0,0.0,2025-04-09 20:00:25,logistics
EVID0001691,DSP000282,TXN0018153,delivery_confirmation,APPLICABLE,1,1,1,0.62,2025-03-21 02:37:15,logistics
EVID0001692,DSP000282,TXN0018153,customer_communication,APPLICABLE,1,1,1,0.61,2025-03-31 12:51:28,crm
EVID0001693,DSP000283,TXN0018260,order_confirmation,UNAVAILABLE,0,1,1,0.0,2025-03-27 22:16:04,billing
EVID0001694,DSP000283,TXN0018260,invoice,APPLICABLE,1,1,1,0.65,2025-03-18 04:22:47,billing
EVID0001695,DSP000283,TXN0018260,shipping_label,APPLICABLE,1,0,1,0.8,2025-03-20 11:55:16,logistics
EVID0001696,DSP000283,TXN0018260,tracking_number,APPLICABLE,1,0,1,0.65,2025-03-15 04:13:05,logistics
EVID0001697,DSP000283,TXN0018260,delivery_confirmation,APPLICABLE,1,0,1,0.8,2025-03-15 15:26:20,logistics
EVID0001698,DSP000283,TXN0018260,customer_communication,APPLICABLE,1,1,1,0.63,2025-03-22 08:00:13,crm
EVID0001699,DSP000284,TXN0018334,order_confirmation,APPLICABLE,1,1,1,0.62,2025-04-02 20:28:10,billing
EVID0001700,DSP000284,TXN0018334,invoice,APPLICABLE,1,1,1,0.95,2025-03-26 14:09:30,billing
EVID0001701,DSP000284,TXN0018334,shipping_label,APPLICABLE,1,0,0,0.87,2025-03-27 10:57:10,logistics
EVID0001702,DSP000284,TXN0018334,tracking_number,APPLICABLE,1,0,0,0.92,2025-04-06 19:14:52,logistics
EVID0001703,DSP000284,TXN0018334,delivery_confirmation,APPLICABLE,1,0,1,0.96,2025-04-01 05:53:09,logistics
EVID0001704,DSP000284,TXN0018334,customer_communication,APPLICABLE,1,1,1,0.72,2025-03-22 23:18:36,crm
EVID0001705,DSP000285,TXN0018345,order_confirmation,UNAVAILABLE,0,1,1,0.0,2025-03-16 06:21:23,billing
EVID0001706,DSP000285,TXN0018345,invoice,UNAVAILABLE,0,1,1,0.0,2025-03-25 15:48:50,billing
EVID0001707,DSP000285,TXN0018345,shipping_label,NOT_APPLICABLE,0,0,0,0.0,2025-03-30 09:48:26,logistics
EVID0001708,DSP000285,TXN0018345,tracking_number,NOT_APPLICABLE,0,0,0,0.0,2025-03-15 20:42:10,logistics
EVID0001709,DSP000285,TXN0018345,delivery_confirmation,NOT_APPLICABLE,0,0,0,0.0,2025-03-21 07:47:12,logistics
EVID0001710,DSP000285,TXN0018345,customer_communication,UNAVAILABLE,0,1,1,0.0,2025-03-20 11:38:23,crm
EVID0001711,DSP000286,TXN0018365,order_confirmation,APPLICABLE,1,1,1,0.67,2025-03-20 22:47:02,billing
EVID0001712,DSP000286,TXN0018365,invoice,APPLICABLE,1,0,1,0.85,2025-03-22 18:51:57,billing
EVID0001713,DSP000286,TXN0018365,shipping_label,NOT_APPLICABLE,0,0,0,0.0,2025-03-23 16:29:22,logistics
EVID0001714,DSP000286,TXN0018365,tracking_number,NOT_APPLICABLE,0,0,0,0.0,2025-03-24 01:35:44,logistics
EVID0001715,DSP000286,TXN0018365,delivery_confirmation,NOT_APPLICABLE,0,0,0,0.0,2025-03-16 02:55:35,logistics
EVID0001716,DSP000286,TXN0018365,customer_communication,APPLICABLE,1,0,1,0.81,2025-03-18 12:01:57,crm
EVID0001717,DSP000287,TXN0018526,order_confirmation,APPLICABLE,1,1,1,0.6,2025-04-11 04:31:56,billing
EVID0001718,DSP000287,TXN0018526,invoice,UNAVAILABLE,0,1,1,0.0,2025-03-26 12:48:13,billing
EVID0001719,DSP000287,TXN0018526,shipping_label,NOT_APPLICABLE,0,0,0,0.0,2025-03-18 17:25:43,logistics
EVID0001720,DSP000287,TXN0018526,tracking_number,NOT_APPLICABLE,0,0,0,0.0,2025-03-22 18:56:11,logistics
EVID0001721,DSP000287,TXN0018526,delivery_confirmation,NOT_APPLICABLE,0,0,0,0.0,2025-04-09 10:44:52,logistics
EVID0001722,DSP000287,TXN0018526,customer_communication,APPLICABLE,1,1,1,0.61,2025-03-30 00:40:58,crm
EVID0001723,DSP000288,TXN0018691,order_confirmation,APPLICABLE,1,1,1,0.72,2025-03-24 07:45:26,billing
EVID0001724,DSP000288,TXN0018691,invoice,APPLICABLE,1,1,1,0.9,2025-03-30 14:23:09,billing
EVID0001725,DSP000288,TXN0018691,shipping_label,APPLICABLE,1,0,1,0.6,2025-03-31 02:17:41,logistics
EVID0001726,DSP000288,TXN0018691,tracking_number,APPLICABLE,1,0,1,0.96,2025-04-01 21:45:38,logistics
EVID0001727,DSP000288,TXN0018691,delivery_confirmation,APPLICABLE,1,0,0,0.94,2025-03-24 08:47:00,logistics
EVID0001728,DSP000288,TXN0018691,customer_communication,UNAVAILABLE,0,1,1,0.0,2025-03-22 07:59:20,crm
EVID0001729,DSP000289,TXN0018819,order_confirmation,UNAVAILABLE,0,1,1,0.0,2025-03-22 07:21:50,billing
EVID0001730,DSP000289,TXN0018819,invoice,UNAVAILABLE,0,1,1,0.0,2025-03-26 23:30:48,billing
EVID0001731,DSP000289,TXN0018819,shipping_label,UNAVAILABLE,0,0,1,0.0,2025-03-24 05:39:06,logistics
EVID0001732,DSP000289,TXN0018819,tracking_number,UNAVAILABLE,0,0,1,0.0,2025-03-23 14:53:09,logistics
EVID0001733,DSP000289,TXN0018819,delivery_confirmation,UNAVAILABLE,0,0,1,0.0,2025-03-18 10:06:27,logistics
EVID0001734,DSP000289,TXN0018819,customer_communication,APPLICABLE,1,1,1,0.77,2025-03-21 04:37:10,crm
EVID0001735,DSP000290,TXN0018902,order_confirmation,APPLICABLE,1,1,1,0.6,2025-04-03 03:47:53,billing
EVID0001736,DSP000290,TXN0018902,invoice,APPLICABLE,1,0,1,0.8,2025-04-17 16:02:36,billing
EVID0001737,DSP000290,TXN0018902,shipping_label,NOT_APPLICABLE,0,0,0,0.0,2025-04-19 00:41:47,logistics
EVID0001738,DSP000290,TXN0018902,tracking_number,NOT_APPLICABLE,0,0,0,0.0,2025-04-04 22:36:11,logistics
EVID0001739,DSP000290,TXN0018902,delivery_confirmation,NOT_APPLICABLE,0,0,0,0.0,2025-04-24 14:03:16,logistics
EVID0001740,DSP000290,TXN0018902,customer_communication,UNAVAILABLE,0,0,1,0.0,2025-04-11 21:34:10,crm
EVID0001741,DSP000291,TXN0018929,order_confirmation,APPLICABLE,1,1,1,0.85,2025-04-01 01:03:12,billing
EVID0001742,DSP000291,TXN0018929,invoice,UNAVAILABLE,0,0,0,0.0,2025-04-04 18:15:57,billing
EVID0001743,DSP000291,TXN0018929,shipping_label,NOT_APPLICABLE,0,0,0,0.0,2025-03-26 09:53:33,logistics
EVID0001744,DSP000291,TXN0018929,tracking_number,NOT_APPLICABLE,0,0,0,0.0,2025-04-12 14:23:23,logistics
EVID0001745,DSP000291,TXN0018929,delivery_confirmation,NOT_APPLICABLE,0,0,0,0.0,2025-04-09 11:20:50,logistics
EVID0001746,DSP000291,TXN0018929,customer_communication,APPLICABLE,1,0,0,0.9,2025-03-29 04:24:22,crm
EVID0001747,DSP000292,TXN0018966,order_confirmation,APPLICABLE,1,1,1,0.82,2025-03-21 02:55:01,billing
EVID0001748,DSP000292,TXN0018966,invoice,UNAVAILABLE,0,1,1,0.0,2025-03-28 20:33:28,billing
EVID0001749,DSP000292,TXN0018966,shipping_label,APPLICABLE,1,0,1,0.81,2025-03-19 00:23:40,logistics
EVID0001750,DSP000292,TXN0018966,tracking_number,APPLICABLE,1,0,0,0.6,2025-03-31 06:26:22,logistics
EVID0001751,DSP000292,TXN0018966,delivery_confirmation,APPLICABLE,1,0,1,0.92,2025-03-27 15:13:41,logistics
EVID0001752,DSP000292,TXN0018966,customer_communication,APPLICABLE,1,1,1,0.84,2025-03-27 17:27:34,crm
EVID0001753,DSP000293,TXN0019007,order_confirmation,APPLICABLE,1,1,1,0.6,2025-03-29 13:06:17,billing
EVID0001754,DSP000293,TXN0019007,invoice,UNAVAILABLE,0,0,1,0.0,2025-03-30 03:14:44,billing
EVID0001755,DSP000293,TXN0019007,shipping_label,APPLICABLE,1,1,1,0.84,2025-03-27 15:03:31,logistics
EVID0001756,DSP000293,TXN0019007,tracking_number,APPLICABLE,1,1,1,0.8,2025-04-02 18:56:18,logistics
EVID0001757,DSP000293,TXN0019007,delivery_confirmation,UNAVAILABLE,0,1,1,0.0,2025-04-18 03:37:15,logistics
EVID0001758,DSP000293,TXN0019007,customer_communication,UNAVAILABLE,0,0,0,0.0,2025-03-21 14:16:40,crm
EVID0001759,DSP000294,TXN0019065,order_confirmation,UNAVAILABLE,0,1,1,0.0,2025-03-27 04:57:37,billing
EVID0001760,DSP000294,TXN0019065,invoice,APPLICABLE,1,0,1,0.92,2025-03-20 11:04:40,billing
EVID0001761,DSP000294,TXN0019065,shipping_label,NOT_APPLICABLE,0,0,0,0.0,2025-03-30 23:48:49,logistics
EVID0001762,DSP000294,TXN0019065,tracking_number,NOT_APPLICABLE,0,0,0,0.0,2025-04-05 06:27:57,logistics
EVID0001763,DSP000294,TXN0019065,delivery_confirmation,NOT_APPLICABLE,0,0,0,0.0,2025-03-19 21:06:34,logistics
EVID0001764,DSP000294,TXN0019065,customer_communication,APPLICABLE,1,0,0,0.86,2025-03-21 11:49:59,crm
EVID0001765,DSP000295,TXN0019105,order_confirmation,APPLICABLE,1,1,1,0.6,2025-04-14 10:43:45,billing
EVID0001766,DSP000295,TXN0019105,invoice,APPLICABLE,1,1,1,0.67,2025-03-28 20:27:50,billing
EVID0001767,DSP000295,TXN0019105,shipping_label,NOT_APPLICABLE,0,0,0,0.0,2025-04-10 14:09:22,logistics
EVID0001768,DSP000295,TXN0019105,tracking_number,NOT_APPLICABLE,0,0,0,0.0,2025-03-28 10:59:41,logistics
EVID0001769,DSP000295,TXN0019105,delivery_confirmation,NOT_APPLICABLE,0,0,0,0.0,2025-04-03 11:33:10,logistics
EVID0001770,DSP000295,TXN0019105,customer_communication,APPLICABLE,1,1,1,0.63,2025-04-02 00:51:39,crm
EVID0001771,DSP000296,TXN0019106,order_confirmation,APPLICABLE,1,1,1,0.84,2025-03-21 04:06:33,billing
EVID0001772,DSP000296,TXN0019106,invoice,APPLICABLE,1,0,1,0.82,2025-03-29 22:45:33,billing
EVID0001773,DSP000296,TXN0019106,shipping_label,APPLICABLE,1,0,0,0.73,2025-03-24 05:05:18,logistics
EVID0001774,DSP000296,TXN0019106,tracking_number,APPLICABLE,1,0,1,0.64,2025-04-01 23:51:25,logistics
EVID0001775,DSP000296,TXN0019106,delivery_confirmation,APPLICABLE,1,1,1,0.69,2025-03-23 06:54:19,logistics
EVID0001776,DSP000296,TXN0019106,customer_communication,UNAVAILABLE,0,1,1,0.0,2025-03-27 22:49:21,crm
EVID0001777,DSP000297,TXN0019107,order_confirmation,APPLICABLE,1,1,1,0.87,2025-04-05 19:17:46,billing
EVID0001778,DSP000297,TXN0019107,invoice,APPLICABLE,1,1,1,0.62,2025-04-09 23:00:51,billing
EVID0001779,DSP000297,TXN0019107,shipping_label,UNAVAILABLE,0,0,0,0.0,2025-04-13 05:32:25,logistics
EVID0001780,DSP000297,TXN0019107,tracking_number,APPLICABLE,1,0,1,0.64,2025-04-18 19:36:29,logistics
EVID0001781,DSP000297,TXN0019107,delivery_confirmation,APPLICABLE,1,0,0,0.71,2025-04-04 18:21:38,logistics
EVID0001782,DSP000297,TXN0019107,customer_communication,APPLICABLE,1,1,1,0.67,2025-04-02 07:07:51,crm
EVID0001783,DSP000298,TXN0019134,order_confirmation,APPLICABLE,1,1,1,0.62,2025-04-10 00:15:12,billing
EVID0001784,DSP000298,TXN0019134,invoice,APPLICABLE,1,0,1,0.66,2025-03-23 04:12:22,billing
EVID0001785,DSP000298,TXN0019134,shipping_label,UNAVAILABLE,0,1,1,0.0,2025-04-10 04:18:55,logistics
EVID0001786,DSP000298,TXN0019134,tracking_number,APPLICABLE,1,1,1,0.65,2025-04-02 22:25:05,logistics
EVID0001787,DSP000298,TXN0019134,delivery_confirmation,APPLICABLE,1,1,1,0.69,2025-03-28 05:58:48,logistics
EVID0001788,DSP000298,TXN0019134,customer_communication,APPLICABLE,1,0,0,0.71,2025-04-05 09:13:19,crm
EVID0001789,DSP000299,TXN0019197,order_confirmation,UNAVAILABLE,0,1,1,0.0,2025-03-29 06:40:07,billing
EVID0001790,DSP000299,TXN0019197,invoice,APPLICABLE,1,1,1,0.83,2025-03-25 14:52:41,billing
EVID0001791,DSP000299,TXN0019197,shipping_label,NOT_APPLICABLE,0,0,0,0.0,2025-03-19 07:45:48,logistics
EVID0001792,DSP000299,TXN0019197,tracking_number,NOT_APPLICABLE,0,0,0,0.0,2025-03-31 04:41:22,logistics
EVID0001793,DSP000299,TXN0019197,delivery_confirmation,NOT_APPLICABLE,0,0,0,0.0,2025-04-14 09:31:13,logistics
EVID0001794,DSP000299,TXN0019197,customer_communication,UNAVAILABLE,0,1,1,0.0,2025-04-15 21:18:44,crm
EVID0001795,DSP000300,TXN0019204,order_confirmation,APPLICABLE,1,1,1,0.79,2025-03-28 02:04:46,billing
EVID0001796,DSP000300,TXN0019204,invoice,UNAVAILABLE,0,0,1,0.0,2025-04-03 13:49:14,billing
EVID0001797,DSP000300,TXN0019204,shipping_label,NOT_APPLICABLE,0,0,0,0.0,2025-03-29 17:29:27,logistics
EVID0001798,DSP000300,TXN0019204,tracking_number,NOT_APPLICABLE,0,0,0,0.0,2025-04-06 00:02:42,logistics
EVID0001799,DSP000300,TXN0019204,delivery_confirmation,NOT_APPLICABLE,0,0,0,0.0,2025-04-15 05:21:09,logistics
EVID0001800,DSP000300,TXN0019204,customer_communication,APPLICABLE,1,0,1,0.7,2025-03-30 11:47:45,crm
EVID0001801,DSP000301,TXN0019223,order_confirmation,UNAVAILABLE,0,1,1,0.0,2025-04-20 21:06:47,billing
EVID0001802,DSP000301,TXN0019223,invoice,UNAVAILABLE,0,1,1,0.0,2025-04-04 00:30:00,billing
EVID0001803,DSP000301,TXN0019223,shipping_label,APPLICABLE,1,0,1,0.6,2025-03-31 03:00:59,logistics
EVID0001804,DSP000301,TXN0019223,tracking_number,APPLICABLE,1,0,1,0.68,2025-04-11 08:29:38,logistics
EVID0001805,DSP000301,TXN0019223,delivery_confirmation,APPLICABLE,1,0,1,0.75,2025-04-18 18:50:14,logistics
EVID0001806,DSP000301,TXN0019223,customer_communication,UNAVAILABLE,0,1,1,0.0,2025-04-11 10:47:40,crm
EVID0001807,DSP000302,TXN0019315,order_confirmation,APPLICABLE,1,1,1,0.77,2025-04-05 04:06:20,billing
EVID0001808,DSP000302,TXN0019315,invoice,UNAVAILABLE,0,0,1,0.0,2025-03-27 06:59:58,billing
EVID0001809,DSP000302,TXN0019315,shipping_label,NOT_APPLICABLE,0,0,0,0.0,2025-03-25 20:51:15,logistics
EVID0001810,DSP000302,TXN0019315,tracking_number,NOT_APPLICABLE,0,0,0,0.0,2025-04-14 14:33:48,logistics
EVID0001811,DSP000302,TXN0019315,delivery_confirmation,NOT_APPLICABLE,0,0,0,0.0,2025-04-11 18:43:14,logistics
EVID0001812,DSP000302,TXN0019315,customer_communication,UNAVAILABLE,0,0,1,0.0,2025-03-28 00:13:19,crm
EVID0001813,DSP000303,TXN0019437,order_confirmation,APPLICABLE,1,1,1,0.68,2025-04-14 01:31:25,billing
EVID0001814,DSP000303,TXN0019437,invoice,APPLICABLE,1,0,1,0.67,2025-03-21 06:29:30,billing
EVID0001815,DSP000303,TXN0019437,shipping_label,NOT_APPLICABLE,0,0,0,0.0,2025-03-23 05:41:07,logistics
EVID0001816,DSP000303,TXN0019437,tracking_number,NOT_APPLICABLE,0,0,0,0.0,2025-04-21 01:36:42,logistics
EVID0001817,DSP000303,TXN0019437,delivery_confirmation,NOT_APPLICABLE,0,0,0,0.0,2025-03-21 23:36:27,logistics
EVID0001818,DSP000303,TXN0019437,customer_communication,UNAVAILABLE,0,1,1,0.0,2025-04-25 17:36:12,crm
EVID0001819,DSP000304,TXN0019494,order_confirmation,APPLICABLE,1,1,1,0.89,2025-03-21 04:09:24,billing
EVID0001820,DSP000304,TXN0019494,invoice,UNAVAILABLE,0,0,1,0.0,2025-03-20 04:21:01,billing
EVID0001821,DSP000304,TXN0019494,shipping_label,APPLICABLE,1,0,1,0.7,2025-03-20 16:26:50,logistics
EVID0001822,DSP000304,TXN0019494,tracking_number,APPLICABLE,1,0,1,0.73,2025-03-19 19:46:59,logistics
EVID0001823,DSP000304,TXN0019494,delivery_confirmation,APPLICABLE,1,1,1,0.88,2025-03-21 02:18:19,logistics
EVID0001824,DSP000304,TXN0019494,customer_communication,APPLICABLE,1,1,1,0.7,2025-03-22 20:06:16,crm
EVID0001825,DSP000305,TXN0019798,order_confirmation,APPLICABLE,1,1,1,0.6,2025-04-20 02:12:54,billing
EVID0001826,DSP000305,TXN0019798,invoice,APPLICABLE,1,0,1,0.87,2025-04-21 01:23:33,billing
EVID0001827,DSP000305,TXN0019798,shipping_label,UNAVAILABLE,0,0,1,0.0,2025-04-22 11:12:38,logistics
EVID0001828,DSP000305,TXN0019798,tracking_number,UNAVAILABLE,0,0,1,0.0,2025-04-20 00:40:55,logistics
EVID0001829,DSP000305,TXN0019798,delivery_confirmation,APPLICABLE,1,1,1,0.87,2025-04-13 13:21:31,logistics
EVID0001830,DSP000305,TXN0019798,customer_communication,UNAVAILABLE,0,1,1,0.0,2025-04-22 02:30:24,crm
EVID0001831,DSP000306,TXN0019838,order_confirmation,APPLICABLE,1,1,1,0.6,2025-04-16 05:00:29,billing
EVID0001832,DSP000306,TXN0019838,invoice,APPLICABLE,1,1,1,0.77,2025-04-17 03:38:49,billing
EVID0001833,DSP000306,TXN0019838,shipping_label,APPLICABLE,1,0,1,0.64,2025-04-10 08:10:47,logistics
EVID0001834,DSP000306,TXN0019838,tracking_number,APPLICABLE,1,0,1,0.64,2025-03-21 22:44:35,logistics
EVID0001835,DSP000306,TXN0019838,delivery_confirmation,UNAVAILABLE,0,0,1,0.0,2025-03-22 04:25:23,logistics
EVID0001836,DSP000306,TXN0019838,customer_communication,UNAVAILABLE,0,0,0,0.0,2025-04-16 01:45:07,crm
EVID0001837,DSP000307,TXN0019918,order_confirmation,APPLICABLE,1,1,1,0.6,2025-04-15 00:35:02,billing
EVID0001838,DSP000307,TXN0019918,invoice,APPLICABLE,1,0,0,0.66,2025-04-24 12:31:29,billing
EVID0001839,DSP000307,TXN0019918,shipping_label,APPLICABLE,1,1,1,0.69,2025-04-23 08:45:55,logistics
EVID0001840,DSP000307,TXN0019918,tracking_number,APPLICABLE,1,1,1,0.88,2025-04-11 13:06:50,logistics
EVID0001841,DSP000307,TXN0019918,delivery_confirmation,APPLICABLE,1,1,1,0.72,2025-03-30 08:19:15,logistics
EVID0001842,DSP000307,TXN0019918,customer_communication,APPLICABLE,1,0,1,0.83,2025-03-26 20:08:35,crm
EVID0001843,DSP000308,TXN0019946,order_confirmation,UNAVAILABLE,0,1,1,0.0,2025-03-31 01:15:04,billing
EVID0001844,DSP000308,TXN0019946,invoice,APPLICABLE,1,1,1,0.74,2025-04-20 19:43:52,billing
EVID0001845,DSP000308,TXN0019946,shipping_label,UNAVAILABLE,0,0,1,0.0,2025-04-16 06:59:59,logistics
EVID0001846,DSP000308,TXN0019946,tracking_number,UNAVAILABLE,0,0,0,0.0,2025-04-02 23:43:21,logistics
EVID0001847,DSP000308,TXN0019946,delivery_confirmation,APPLICABLE,1,0,0,0.6,2025-04-07 22:35:16,logistics
EVID0001848,DSP000308,TXN0019946,customer_communication,APPLICABLE,1,1,1,0.83,2025-04-03 17:05:24,crm
EVID0001849,DSP000309,TXN0019977,order_confirmation,UNAVAILABLE,0,1,1,0.0,2025-04-10 12:34:01,billing
EVID0001850,DSP000309,TXN0019977,invoice,APPLICABLE,1,1,1,0.81,2025-04-13 02:16:55,billing
EVID0001851,DSP000309,TXN0019977,shipping_label,APPLICABLE,1,0,0,0.83,2025-04-18 05:47:09,logistics
EVID0001852,DSP000309,TXN0019977,tracking_number,APPLICABLE,1,0,1,0.88,2025-04-02 14:52:06,logistics
EVID0001853,DSP000309,TXN0019977,delivery_confirmation,UNAVAILABLE,0,0,1,0.0,2025-04-01 18:39:12,logistics
EVID0001854,DSP000309,TXN0019977,customer_communication,APPLICABLE,1,1,1,0.76,2025-04-05 09:00:23,crm
EVID0001855,DSP000310,TXN0020049,order_confirmation,APPLICABLE,1,1,1,0.6,2025-03-26 20:43:28,billing
EVID0001856,DSP000310,TXN0020049,invoice,APPLICABLE,1,0,0,0.76,2025-04-10 23:58:19,billing
EVID0001857,DSP000310,TXN0020049,shipping_label,UNAVAILABLE,0,1,1,0.0,2025-04-09 17:39:47,logistics
EVID0001858,DSP000310,TXN0020049,tracking_number,APPLICABLE,1,1,1,0.86,2025-04-09 15:13:22,logistics
EVID0001859,DSP000310,TXN0020049,delivery_confirmation,APPLICABLE,1,1,1,0.87,2025-04-18 03:43:56,logistics
EVID0001860,DSP000310,TXN0020049,customer_communication,APPLICABLE,1,0,0,0.66,2025-04-14 10:22:29,crm
EVID0001861,DSP000311,TXN0020051,order_confirmation,APPLICABLE,1,1,1,0.84,2025-03-30 15:34:42,billing
EVID0001862,DSP000311,TXN0020051,invoice,APPLICABLE,1,1,1,0.64,2025-03-26 08:14:18,billing
EVID0001863,DSP000311,TXN0020051,shipping_label,NOT_APPLICABLE,0,0,0,0.0,2025-04-15 14:16:46,logistics
EVID0001864,DSP000311,TXN0020051,tracking_number,NOT_APPLICABLE,0,0,0,0.0,2025-05-02 08:46:58,logistics
EVID0001865,DSP000311,TXN0020051,delivery_confirmation,NOT_APPLICABLE,0,0,0,0.0,2025-04-12 09:26:36,logistics
EVID0001866,DSP000311,TXN0020051,customer_communication,APPLICABLE,1,1,1,0.6,2025-04-22 15:16:25,crm
EVID0001867,DSP000312,TXN0020101,order_confirmation,UNAVAILABLE,0,1,1,0.0,2025-03-24 12:26:54,billing
EVID0001868,DSP000312,TXN0020101,invoice,APPLICABLE,1,1,1,0.6,2025-04-02 14:34:09,billing
EVID0001869,DSP000312,TXN0020101,shipping_label,NOT_APPLICABLE,0,0,0,0.0,2025-04-01 17:11:26,logistics
EVID0001870,DSP000312,TXN0020101,tracking_number,NOT_APPLICABLE,0,0,0,0.0,2025-04-14 12:52:11,logistics
EVID0001871,DSP000312,TXN0020101,delivery_confirmation,NOT_APPLICABLE,0,0,0,0.0,2025-04-04 14:43:14,logistics
EVID0001872,DSP000312,TXN0020101,customer_communication,APPLICABLE,1,1,1,0.83,2025-03-24 17:07:14,crm
EVID0001873,DSP000313,TXN0020105,order_confirmation,APPLICABLE,1,1,1,0.64,2025-04-07 10:26:10,billing
EVID0001874,DSP000313,TXN0020105,invoice,APPLICABLE,1,1,1,0.75,2025-03-23 06:13:35,billing
EVID0001875,DSP000313,TXN0020105,shipping_label,APPLICABLE,1,0,1,0.65,2025-03-26 19:32:28,logistics
EVID0001876,DSP000313,TXN0020105,tracking_number,APPLICABLE,1,0,1,0.94,2025-04-12 02:28:10,logistics
EVID0001877,DSP000313,TXN0020105,delivery_confirmation,APPLICABLE,1,0,1,0.71,2025-03-30 02:15:37,logistics
EVID0001878,DSP000313,TXN0020105,customer_communication,APPLICABLE,1,1,1,0.6,2025-03-22 20:10:52,crm
EVID0001879,DSP000314,TXN0020338,order_confirmation,APPLICABLE,1,1,1,0.67,2025-04-02 00:43:39,billing
EVID0001880,DSP000314,TXN0020338,invoice,APPLICABLE,1,0,1,0.82,2025-03-25 05:31:21,billing
EVID0001881,DSP000314,TXN0020338,shipping_label,NOT_APPLICABLE,0,0,0,0.0,2025-03-30 15:02:41,logistics
EVID0001882,DSP000314,TXN0020338,tracking_number,NOT_APPLICABLE,0,0,0,0.0,2025-03-27 07:20:14,logistics
EVID0001883,DSP000314,TXN0020338,delivery_confirmation,NOT_APPLICABLE,0,0,0,0.0,2025-04-06 01:13:58,logistics
EVID0001884,DSP000314,TXN0020338,customer_communication,APPLICABLE,1,1,1,0.63,2025-03-29 04:47:18,crm
EVID0001885,DSP000315,TXN0020351,order_confirmation,APPLICABLE,1,1,1,0.77,2025-04-08 11:53:35,billing
EVID0001886,DSP000315,TXN0020351,invoice,APPLICABLE,1,1,1,0.6,2025-04-11 00:36:47,billing
EVID0001887,DSP000315,TXN0020351,shipping_label,APPLICABLE,1,0,0,0.72,2025-03-30 04:27:15,logistics
EVID0001888,DSP000315,TXN0020351,tracking_number,APPLICABLE,1,0,1,0.66,2025-03-27 04:46:29,logistics
EVID0001889,DSP000315,TXN0020351,delivery_confirmation,APPLICABLE,1,0,0,0.6,2025-04-16 16:51:57,logistics
EVID0001890,DSP000315,TXN0020351,customer_communication,APPLICABLE,1,1,1,0.69,2025-04-09 04:21:19,crm
EVID0001891,DSP000316,TXN0020359,order_confirmation,APPLICABLE,1,1,1,0.67,2025-03-24 07:43:20,billing
EVID0001892,DSP000316,TXN0020359,invoice,APPLICABLE,1,1,1,0.84,2025-03-27 12:47:07,billing
EVID0001893,DSP000316,TXN0020359,shipping_label,NOT_APPLICABLE,0,0,0,0.0,2025-03-30 17:50:55,logistics
EVID0001894,DSP000316,TXN0020359,tracking_number,NOT_APPLICABLE,0,0,0,0.0,2025-04-01 17:34:10,logistics
EVID0001895,DSP000316,TXN0020359,delivery_confirmation,NOT_APPLICABLE,0,0,0,0.0,2025-03-30 20:22:54,logistics
EVID0001896,DSP000316,TXN0020359,customer_communication,UNAVAILABLE,0,1,1,0.0,2025-03-30 15:03:50,crm
EVID0001897,DSP000317,TXN0020396,order_confirmation,APPLICABLE,1,1,1,0.62,2025-03-30 02:16:10,billing
EVID0001898,DSP000317,TXN0020396,invoice,UNAVAILABLE,0,0,1,0.0,2025-04-11 11:29:41,billing
EVID0001899,DSP000317,TXN0020396,shipping_label,APPLICABLE,1,1,1,0.6,2025-04-03 09:30:34,logistics
EVID0001900,DSP000317,TXN0020396,tracking_number,APPLICABLE,1,1,1,0.73,2025-04-04 08:50:32,logistics
EVID0001901,DSP000317,TXN0020396,delivery_confirmation,APPLICABLE,1,1,1,0.88,2025-03-28 23:56:42,logistics
EVID0001902,DSP000317,TXN0020396,customer_communication,UNAVAILABLE,0,0,1,0.0,2025-04-01 02:19:12,crm
EVID0001903,DSP000318,TXN0020413,order_confirmation,UNAVAILABLE,0,1,1,0.0,2025-04-10 22:32:30,billing
EVID0001904,DSP000318,TXN0020413,invoice,UNAVAILABLE,0,0,0,0.0,2025-03-27 15:33:57,billing
EVID0001905,DSP000318,TXN0020413,shipping_label,NOT_APPLICABLE,0,0,0,0.0,2025-04-06 19:52:01,logistics
EVID0001906,DSP000318,TXN0020413,tracking_number,NOT_APPLICABLE,0,0,0,0.0,2025-04-04 10:51:35,logistics
EVID0001907,DSP000318,TXN0020413,delivery_confirmation,NOT_APPLICABLE,0,0,0,0.0,2025-03-27 01:21:59,logistics
EVID0001908,DSP000318,TXN0020413,customer_communication,APPLICABLE,1,0,0,0.67,2025-03-27 11:18:22,crm
EVID0001909,DSP000319,TXN0020422,order_confirmation,APPLICABLE,1,1,1,0.93,2025-04-09 18:48:32,billing
EVID0001910,DSP000319,TXN0020422,invoice,APPLICABLE,1,1,1,0.64,2025-04-11 12:52:34,billing
EVID0001911,DSP000319,TXN0020422,shipping_label,UNAVAILABLE,0,0,0,0.0,2025-04-07 21:30:03,logistics
EVID0001912,DSP000319,TXN0020422,tracking_number,APPLICABLE,1,0,1,0.93,2025-03-27 06:05:59,logistics
EVID0001913,DSP000319,TXN0020422,delivery_confirmation,UNAVAILABLE,0,0,0,0.0,2025-04-10 11:06:26,logistics
EVID0001914,DSP000319,TXN0020422,customer_communication,APPLICABLE,1,1,1,0.72,2025-04-01 23:11:53,crm
EVID0001915,DSP000320,TXN0020440,order_confirmation,APPLICABLE,1,1,1,0.61,2025-03-23 19:30:14,billing
EVID0001916,DSP000320,TXN0020440,invoice,UNAVAILABLE,0,1,1,0.0,2025-04-07 12:36:31,billing
EVID0001917,DSP000320,TXN0020440,shipping_label,APPLICABLE,1,0,1,0.73,2025-04-14 03:36:21,logistics
EVID0001918,DSP000320,TXN0020440,tracking_number,UNAVAILABLE,0,0,1,0.0,2025-04-10 00:47:07,logistics
EVID0001919,DSP000320,TXN0020440,delivery_confirmation,APPLICABLE,1,0,1,0.61,2025-04-05 15:45:06,logistics
EVID0001920,DSP000320,TXN0020440,customer_communication,APPLICABLE,1,1,1,0.6,2025-03-28 12:33:33,crm
EVID0001921,DSP000321,TXN0020442,order_confirmation,APPLICABLE,1,1,1,0.6,2025-03-29 00:14:40,billing
EVID0001922,DSP000321,TXN0020442,invoice,UNAVAILABLE,0,1,1,0.0,2025-03-30 07:44:35,billing
EVID0001923,DSP000321,TXN0020442,shipping_label,NOT_APPLICABLE,0,0,0,0.0,2025-03-30 07:05:21,logistics
EVID0001924,DSP000321,TXN0020442,tracking_number,NOT_APPLICABLE,0,0,0,0.0,2025-03-29 18:46:07,logistics
EVID0001925,DSP000321,TXN0020442,delivery_confirmation,NOT_APPLICABLE,0,0,0,0.0,2025-03-28 12:21:39,logistics
EVID0001926,DSP000321,TXN0020442,customer_communication,APPLICABLE,1,1,1,0.8,2025-03-24 19:35:44,crm
EVID0001927,DSP000322,TXN0020542,order_confirmation,APPLICABLE,1,1,1,0.85,2025-03-24 21:24:45,billing
EVID0001928,DSP000322,TXN0020542,invoice,UNAVAILABLE,0,1,1,0.0,2025-03-31 00:10:21,billing
EVID0001929,DSP000322,TXN0020542,shipping_label,NOT_APPLICABLE,0,0,0,0.0,2025-03-31 00:29:55,logistics
EVID0001930,DSP000322,TXN0020542,tracking_number,NOT_APPLICABLE,0,0,0,0.0,2025-03-27 16:48:10,logistics
EVID0001931,DSP000322,TXN0020542,delivery_confirmation,NOT_APPLICABLE,0,0,0,0.0,2025-03-28 10:30:52,logistics
EVID0001932,DSP000322,TXN0020542,customer_communication,APPLICABLE,1,0,0,0.8,2025-03-23 21:54:01,crm
EVID0001933,DSP000323,TXN0020623,order_confirmation,APPLICABLE,1,1,1,0.63,2025-04-11 21:41:01,billing
EVID0001934,DSP000323,TXN0020623,invoice,APPLICABLE,1,1,1,0.86,2025-03-26 01:07:32,billing
EVID0001935,DSP000323,TXN0020623,shipping_label,APPLICABLE,1,0,1,0.64,2025-04-10 14:02:12,logistics
EVID0001936,DSP000323,TXN0020623,tracking_number,APPLICABLE,1,0,0,0.84,2025-04-06 13:44:18,logistics
EVID0001937,DSP000323,TXN0020623,delivery_confirmation,APPLICABLE,1,0,1,0.95,2025-03-29 21:11:32,logistics
EVID0001938,DSP000323,TXN0020623,customer_communication,APPLICABLE,1,1,1,0.7,2025-04-06 20:58:32,crm
EVID0001939,DSP000324,TXN0020636,order_confirmation,UNAVAILABLE,0,1,1,0.0,2025-04-11 14:42:44,billing
EVID0001940,DSP000324,TXN0020636,invoice,UNAVAILABLE,0,1,1,0.0,2025-04-01 08:36:40,billing
EVID0001941,DSP000324,TXN0020636,shipping_label,NOT_APPLICABLE,0,0,0,0.0,2025-03-30 20:53:16,logistics
EVID0001942,DSP000324,TXN0020636,tracking_number,NOT_APPLICABLE,0,0,0,0.0,2025-04-06 04:26:26,logistics
EVID0001943,DSP000324,TXN0020636,delivery_confirmation,NOT_APPLICABLE,0,0,0,0.0,2025-04-07 17:58:15,logistics
EVID0001944,DSP000324,TXN0020636,customer_communication,APPLICABLE,1,1,1,0.65,2025-04-06 03:50:38,crm
EVID0001945,DSP000325,TXN0020728,order_confirmation,APPLICABLE,1,1,1,0.88,2025-03-29 20:05:31,billing
EVID0001946,DSP000325,TXN0020728,invoice,APPLICABLE,1,1,1,0.82,2025-03-27 21:51:46,billing
EVID0001947,DSP000325,TXN0020728,shipping_label,NOT_APPLICABLE,0,0,0,0.0,2025-03-29 16:08:17,logistics
EVID0001948,DSP000325,TXN0020728,tracking_number,NOT_APPLICABLE,0,0,0,0.0,2025-03-28 04:47:33,logistics
EVID0001949,DSP000325,TXN0020728,delivery_confirmation,NOT_APPLICABLE,0,0,0,0.0,2025-03-30 10:31:33,logistics
EVID0001950,DSP000325,TXN0020728,customer_communication,APPLICABLE,1,1,1,0.94,2025-04-03 01:27:05,crm
EVID0001951,DSP000326,TXN0020730,order_confirmation,APPLICABLE,1,1,1,0.78,2025-04-17 15:12:50,billing
EVID0001952,DSP000326,TXN0020730,invoice,APPLICABLE,1,1,1,0.68,2025-04-03 01:23:32,billing
EVID0001953,DSP000326,TXN0020730,shipping_label,NOT_APPLICABLE,0,0,0,0.0,2025-04-15 19:00:34,logistics
EVID0001954,DSP000326,TXN0020730,tracking_number,NOT_APPLICABLE,0,0,0,0.0,2025-03-29 18:11:38,logistics
EVID0001955,DSP000326,TXN0020730,delivery_confirmation,NOT_APPLICABLE,0,0,0,0.0,2025-03-31 03:25:08,logistics
EVID0001956,DSP000326,TXN0020730,customer_communication,APPLICABLE,1,1,1,0.61,2025-04-08 08:30:52,crm
EVID0001957,DSP000327,TXN0020799,order_confirmation,UNAVAILABLE,0,1,1,0.0,2025-04-12 04:40:03,billing
EVID0001958,DSP000327,TXN0020799,invoice,UNAVAILABLE,0,0,1,0.0,2025-04-09 18:00:28,billing
EVID0001959,DSP000327,TXN0020799,shipping_label,NOT_APPLICABLE,0,0,0,0.0,2025-04-15 02:57:38,logistics
EVID0001960,DSP000327,TXN0020799,tracking_number,NOT_APPLICABLE,0,0,0,0.0,2025-04-10 00:03:35,logistics
EVID0001961,DSP000327,TXN0020799,delivery_confirmation,NOT_APPLICABLE,0,0,0,0.0,2025-04-14 15:46:05,logistics
EVID0001962,DSP000327,TXN0020799,customer_communication,UNAVAILABLE,0,0,1,0.0,2025-03-31 08:39:37,crm
EVID0001963,DSP000328,TXN0020862,order_confirmation,APPLICABLE,1,1,1,0.84,2025-04-10 20:37:50,billing
EVID0001964,DSP000328,TXN0020862,invoice,APPLICABLE,1,1,1,0.81,2025-03-29 20:35:53,billing
EVID0001965,DSP000328,TXN0020862,shipping_label,UNAVAILABLE,0,0,1,0.0,2025-04-05 14:38:13,logistics
EVID0001966,DSP000328,TXN0020862,tracking_number,APPLICABLE,1,0,0,0.79,2025-04-01 14:37:07,logistics
EVID0001967,DSP000328,TXN0020862,delivery_confirmation,APPLICABLE,1,0,1,0.68,2025-03-29 07:04:29,logistics
EVID0001968,DSP000328,TXN0020862,customer_communication,APPLICABLE,1,1,1,0.9,2025-04-03 15:35:05,crm
EVID0001969,DSP000329,TXN0021003,order_confirmation,UNAVAILABLE,0,1,1,0.0,2025-04-09 23:54:58,billing
EVID0001970,DSP000329,TXN0021003,invoice,APPLICABLE,1,0,0,0.78,2025-04-06 13:15:22,billing
EVID0001971,DSP000329,TXN0021003,shipping_label,APPLICABLE,1,0,0,0.81,2025-04-08 14:41:52,logistics
EVID0001972,DSP000329,TXN0021003,tracking_number,APPLICABLE,1,0,0,0.65,2025-04-13 14:45:25,logistics
EVID0001973,DSP000329,TXN0021003,delivery_confirmation,APPLICABLE,1,1,1,0.82,2025-03-31 12:26:46,logistics
EVID0001974,DSP000329,TXN0021003,customer_communication,APPLICABLE,1,1,1,0.73,2025-04-02 13:03:58,crm
EVID0001975,DSP000330,TXN0021084,order_confirmation,APPLICABLE,1,1,1,0.6,2025-03-28 14:35:14,billing
EVID0001976,DSP000330,TXN0021084,invoice,APPLICABLE,1,1,1,0.69,2025-04-08 12:42:34,billing
EVID0001977,DSP000330,TXN0021084,shipping_label,NOT_APPLICABLE,0,0,0,0.0,2025-03-30 16:38:05,logistics
EVID0001978,DSP000330,TXN0021084,tracking_number,NOT_APPLICABLE,0,0,0,0.0,2025-04-09 05:14:24,logistics
EVID0001979,DSP000330,TXN0021084,delivery_confirmation,NOT_APPLICABLE,0,0,0,0.0,2025-04-08 02:05:41,logistics
EVID0001980,DSP000330,TXN0021084,customer_communication,APPLICABLE,1,1,1,0.79,2025-03-30 05:03:28,crm
EVID0001981,DSP000331,TXN0021094,order_confirmation,APPLICABLE,1,1,1,0.79,2025-03-30 04:36:03,billing
EVID0001982,DSP000331,TXN0021094,invoice,APPLICABLE,1,1,1,0.73,2025-03-27 03:58:11,billing
EVID0001983,DSP000331,TXN0021094,shipping_label,NOT_APPLICABLE,0,0,0,0.0,2025-03-28 13:17:31,logistics
EVID0001984,DSP000331,TXN0021094,tracking_number,NOT_APPLICABLE,0,0,0,0.0,2025-03-30 17:36:31,logistics
EVID0001985,DSP000331,TXN0021094,delivery_confirmation,NOT_APPLICABLE,0,0,0,0.0,2025-03-27 15:51:56,logistics
EVID0001986,DSP000331,TXN0021094,customer_communication,UNAVAILABLE,0,0,1,0.0,2025-03-30 02:20:20,crm
EVID0001987,DSP000332,TXN0021147,order_confirmation,UNAVAILABLE,0,1,1,0.0,2025-04-02 01:57:11,billing
EVID0001988,DSP000332,TXN0021147,invoice,APPLICABLE,1,1,1,0.7,2025-04-10 00:37:24,billing
EVID0001989,DSP000332,TXN0021147,shipping_label,UNAVAILABLE,0,0,1,0.0,2025-04-07 01:46:22,logistics
EVID0001990,DSP000332,TXN0021147,tracking_number,APPLICABLE,1,0,0,0.86,2025-04-07 14:11:35,logistics
EVID0001991,DSP000332,TXN0021147,delivery_confirmation,APPLICABLE,1,0,1,0.69,2025-04-02 19:23:15,logistics
EVID0001992,DSP000332,TXN0021147,customer_communication,UNAVAILABLE,0,1,1,0.0,2025-04-15 20:46:39,crm
EVID0001993,DSP000333,TXN0021201,order_confirmation,APPLICABLE,1,1,1,0.88,2025-04-01 07:25:09,billing
EVID0001994,DSP000333,TXN0021201,invoice,APPLICABLE,1,1,1,0.77,2025-04-02 13:25:22,billing
EVID0001995,DSP000333,TXN0021201,shipping_label,UNAVAILABLE,0,0,1,0.0,2025-03-31 08:34:29,logistics
EVID0001996,DSP000333,TXN0021201,tracking_number,APPLICABLE,1,0,0,0.87,2025-04-01 23:28:39,logistics
EVID0001997,DSP000333,TXN0021201,delivery_confirmation,APPLICABLE,1,0,0,0.84,2025-04-01 15:23:36,logistics
EVID0001998,DSP000333,TXN0021201,customer_communication,APPLICABLE,1,1,1,0.89,2025-03-31 13:40:15,crm
EVID0001999,DSP000334,TXN0021240,order_confirmation,UNAVAILABLE,0,1,1,0.0,2025-04-01 02:16:59,billing
EVID0002000,DSP000334,TXN0021240,invoice,APPLICABLE,1,0,0,0.82,2025-03-31 14:09:56,billing
EVID0002001,DSP000334,TXN0021240,shipping_label,NOT_APPLICABLE,0,0,0,0.0,2025-03-29 22:03:32,logistics
EVID0002002,DSP000334,TXN0021240,tracking_number,NOT_APPLICABLE,0,0,0,0.0,2025-03-30 06:20:51,logistics
EVID0002003,DSP000334,TXN0021240,delivery_confirmation,NOT_APPLICABLE,0,0,0,0.0,2025-03-30 12:48:29,logistics
EVID0002004,DSP000334,TXN0021240,customer_communication,APPLICABLE,1,1,1,0.6,2025-03-27 04:14:34,crm
EVID0002005,DSP000335,TXN0021320,order_confirmation,APPLICABLE,1,1,1,0.73,2025-04-04 12:44:37,billing
EVID0002006,DSP000335,TXN0021320,invoice,APPLICABLE,1,1,1,0.67,2025-03-30 22:50:07,billing
EVID0002007,DSP000335,TXN0021320,shipping_label,NOT_APPLICABLE,0,0,0,0.0,2025-04-11 14:50:27,logistics
EVID0002008,DSP000335,TXN0021320,tracking_number,NOT_APPLICABLE,0,0,0,0.0,2025-04-10 18:50:48,logistics
EVID0002009,DSP000335,TXN0021320,delivery_confirmation,NOT_APPLICABLE,0,0,0,0.0,2025-03-27 23:44:26,logistics
EVID0002010,DSP000335,TXN0021320,customer_communication,APPLICABLE,1,1,1,0.87,2025-04-09 14:02:08,crm
EVID0002011,DSP000336,TXN0021351,order_confirmation,APPLICABLE,1,1,1,0.81,2025-04-15 16:10:50,billing
EVID0002012,DSP000336,TXN0021351,invoice,APPLICABLE,1,0,1,0.72,2025-05-02 19:31:52,billing
EVID0002013,DSP000336,TXN0021351,shipping_label,APPLICABLE,1,1,1,0.9,2025-04-12 08:55:49,logistics
EVID0002014,DSP000336,TXN0021351,tracking_number,UNAVAILABLE,0,1,1,0.0,2025-05-04 22:16:07,logistics
EVID0002015,DSP000336,TXN0021351,delivery_confirmation,UNAVAILABLE,0,1,1,0.0,2025-04-17 04:06:33,logistics
EVID0002016,DSP000336,TXN0021351,customer_communication,APPLICABLE,1,0,0,0.83,2025-04-01 10:01:35,crm
EVID0002017,DSP000337,TXN0021382,order_confirmation,APPLICABLE,1,1,1,0.79,2025-04-02 13:40:58,billing
EVID0002018,DSP000337,TXN0021382,invoice,UNAVAILABLE,0,0,1,0.0,2025-04-05 10:28:28,billing
EVID0002019,DSP000337,TXN0021382,shipping_label,APPLICABLE,1,1,1,0.73,2025-04-02 16:02:54,logistics
EVID0002020,DSP000337,TXN0021382,tracking_number,APPLICABLE,1,1,1,0.6,2025-04-03 03:27:54,logistics
EVID0002021,DSP000337,TXN0021382,delivery_confirmation,UNAVAILABLE,0,1,1,0.0,2025-04-03 10:01:33,logistics
EVID0002022,DSP000337,TXN0021382,customer_communication,APPLICABLE,1,0,1,0.6,2025-04-04 17:14:04,crm
EVID0002023,DSP000338,TXN0021406,order_confirmation,UNAVAILABLE,0,1,1,0.0,2025-04-14 14:16:31,billing
EVID0002024,DSP000338,TXN0021406,invoice,APPLICABLE,1,1,1,0.66,2025-04-15 10:05:55,billing
EVID0002025,DSP000338,TXN0021406,shipping_label,NOT_APPLICABLE,0,0,0,0.0,2025-04-18 21:54:07,logistics
EVID0002026,DSP000338,TXN0021406,tracking_number,NOT_APPLICABLE,0,0,0,0.0,2025-05-03 22:14:18,logistics
EVID0002027,DSP000338,TXN0021406,delivery_confirmation,NOT_APPLICABLE,0,0,0,0.0,2025-04-29 10:08:02,logistics
EVID0002028,DSP000338,TXN0021406,customer_communication,APPLICABLE,1,1,1,0.62,2025-04-25 00:09:05,crm
EVID0002029,DSP000339,TXN0021470,order_confirmation,APPLICABLE,1,1,1,0.66,2025-04-08 07:56:55,billing
EVID0002030,DSP000339,TXN0021470,invoice,APPLICABLE,1,0,1,0.78,2025-03-30 03:37:06,billing
EVID0002031,DSP000339,TXN0021470,shipping_label,APPLICABLE,1,1,1,0.63,2025-04-03 18:48:57,logistics
EVID0002032,DSP000339,TXN0021470,tracking_number,APPLICABLE,1,1,1,0.74,2025-04-06 17:02:14,logistics
EVID0002033,DSP000339,TXN0021470,delivery_confirmation,APPLICABLE,1,1,1,0.87,2025-03-29 16:43:41,logistics
EVID0002034,DSP000339,TXN0021470,customer_communication,APPLICABLE,1,0,0,0.78,2025-03-30 10:19:46,crm
EVID0002035,DSP000340,TXN0021528,order_confirmation,APPLICABLE,1,1,1,0.71,2025-04-18 21:14:27,billing
EVID0002036,DSP000340,TXN0021528,invoice,UNAVAILABLE,0,1,1,0.0,2025-04-06 19:45:28,billing
EVID0002037,DSP000340,TXN0021528,shipping_label,NOT_APPLICABLE,0,0,0,0.0,2025-04-22 01:52:58,logistics
EVID0002038,DSP000340,TXN0021528,tracking_number,NOT_APPLICABLE,0,0,0,0.0,2025-04-20 05:23:22,logistics
EVID0002039,DSP000340,TXN0021528,delivery_confirmation,NOT_APPLICABLE,0,0,0,0.0,2025-04-13 16:32:21,logistics
EVID0002040,DSP000340,TXN0021528,customer_communication,APPLICABLE,1,1,1,0.66,2025-04-19 21:30:34,crm
EVID0002041,DSP000341,TXN0021541,order_confirmation,APPLICABLE,1,1,1,0.63,2025-04-18 18:47:37,billing
EVID0002042,DSP000341,TXN0021541,invoice,UNAVAILABLE,0,1,1,0.0,2025-04-12 07:12:39,billing
EVID0002043,DSP000341,TXN0021541,shipping_label,NOT_APPLICABLE,0,0,0,0.0,2025-03-31 01:55:05,logistics
EVID0002044,DSP000341,TXN0021541,tracking_number,NOT_APPLICABLE,0,0,0,0.0,2025-04-11 09:29:14,logistics
EVID0002045,DSP000341,TXN0021541,delivery_confirmation,NOT_APPLICABLE,0,0,0,0.0,2025-03-29 23:42:50,logistics
EVID0002046,DSP000341,TXN0021541,customer_communication,APPLICABLE,1,1,1,0.61,2025-04-02 09:44:18,crm
EVID0002047,DSP000342,TXN0021559,order_confirmation,APPLICABLE,1,1,1,0.8,2025-04-04 20:18:39,billing
EVID0002048,DSP000342,TXN0021559,invoice,UNAVAILABLE,0,1,1,0.0,2025-04-08 17:00:13,billing
EVID0002049,DSP000342,TXN0021559,shipping_label,NOT_APPLICABLE,0,0,0,0.0,2025-04-05 08:04:37,logistics
EVID0002050,DSP000342,TXN0021559,tracking_number,NOT_APPLICABLE,0,0,0,0.0,2025-04-04 15:23:45,logistics
EVID0002051,DSP000342,TXN0021559,delivery_confirmation,NOT_APPLICABLE,0,0,0,0.0,2025-04-12 22:27:19,logistics
EVID0002052,DSP000342,TXN0021559,customer_communication,APPLICABLE,1,1,1,0.64,2025-04-17 13:34:50,crm
EVID0002053,DSP000343,TXN0021610,order_confirmation,APPLICABLE,1,1,1,0.75,2025-04-01 18:53:45,billing
EVID0002054,DSP000343,TXN0021610,invoice,APPLICABLE,1,1,1,0.88,2025-04-01 20:01:23,billing
EVID0002055,DSP000343,TXN0021610,shipping_label,NOT_APPLICABLE,0,0,0,0.0,2025-04-12 20:33:03,logistics
EVID0002056,DSP000343,TXN0021610,tracking_number,NOT_APPLICABLE,0,0,0,0.0,2025-04-13 06:21:16,logistics
EVID0002057,DSP000343,TXN0021610,delivery_confirmation,NOT_APPLICABLE,0,0,0,0.0,2025-04-07 19:10:53,logistics
EVID0002058,DSP000343,TXN0021610,customer_communication,APPLICABLE,1,1,1,0.78,2025-04-06 21:53:18,crm
EVID0002059,DSP000344,TXN0021626,order_confirmation,APPLICABLE,1,1,1,0.62,2025-04-26 03:13:04,billing
EVID0002060,DSP000344,TXN0021626,invoice,APPLICABLE,1,0,1,0.66,2025-04-18 05:42:59,billing
EVID0002061,DSP000344,TXN0021626,shipping_label,NOT_APPLICABLE,0,0,0,0.0,2025-04-16 06:16:39,logistics
EVID0002062,DSP000344,TXN0021626,tracking_number,NOT_APPLICABLE,0,0,0,0.0,2025-03-28 14:26:08,logistics
EVID0002063,DSP000344,TXN0021626,delivery_confirmation,NOT_APPLICABLE,0,0,0,0.0,2025-05-01 14:19:39,logistics
EVID0002064,DSP000344,TXN0021626,customer_communication,APPLICABLE,1,0,1,0.64,2025-04-07 19:30:24,crm
EVID0002065,DSP000345,TXN0021629,order_confirmation,UNAVAILABLE,0,1,1,0.0,2025-04-11 09:42:50,billing
EVID0002066,DSP000345,TXN0021629,invoice,APPLICABLE,1,0,1,0.6,2025-03-30 20:39:33,billing
EVID0002067,DSP000345,TXN0021629,shipping_label,NOT_APPLICABLE,0,0,0,0.0,2025-04-16 19:07:41,logistics
EVID0002068,DSP000345,TXN0021629,tracking_number,NOT_APPLICABLE,0,0,0,0.0,2025-04-10 10:08:41,logistics
EVID0002069,DSP000345,TXN0021629,delivery_confirmation,NOT_APPLICABLE,0,0,0,0.0,2025-04-01 22:17:47,logistics
EVID0002070,DSP000345,TXN0021629,customer_communication,APPLICABLE,1,0,1,0.61,2025-04-06 06:28:27,crm
EVID0002071,DSP000346,TXN0021699,order_confirmation,APPLICABLE,1,1,1,0.72,2025-04-03 23:25:32,billing
EVID0002072,DSP000346,TXN0021699,invoice,UNAVAILABLE,0,1,1,0.0,2025-04-09 11:44:20,billing
EVID0002073,DSP000346,TXN0021699,shipping_label,APPLICABLE,1,0,1,0.87,2025-04-10 10:00:36,logistics
EVID0002074,DSP000346,TXN0021699,tracking_number,APPLICABLE,1,0,1,0.65,2025-04-13 02:54:05,logistics
EVID0002075,DSP000346,TXN0021699,delivery_confirmation,APPLICABLE,1,0,0,0.79,2025-04-05 05:09:54,logistics
EVID0002076,DSP000346,TXN0021699,customer_communication,UNAVAILABLE,0,1,1,0.0,2025-04-12 02:21:16,crm
EVID0002077,DSP000347,TXN0021727,order_confirmation,APPLICABLE,1,1,1,0.6,2025-04-03 06:07:56,billing
EVID0002078,DSP000347,TXN0021727,invoice,UNAVAILABLE,0,1,1,0.0,2025-04-14 14:24:13,billing
EVID0002079,DSP000347,TXN0021727,shipping_label,APPLICABLE,1,0,0,0.64,2025-04-14 19:08:03,logistics
EVID0002080,DSP000347,TXN0021727,tracking_number,UNAVAILABLE,0,0,0,0.0,2025-05-08 18:08:30,logistics
EVID0002081,DSP000347,TXN0021727,delivery_confirmation,UNAVAILABLE,0,0,1,0.0,2025-04-19 22:29:18,logistics
EVID0002082,DSP000347,TXN0021727,customer_communication,UNAVAILABLE,0,1,1,0.0,2025-04-27 16:19:18,crm
EVID0002083,DSP000348,TXN0021794,order_confirmation,APPLICABLE,1,1,1,0.8,2025-04-05 08:44:42,billing
EVID0002084,DSP000348,TXN0021794,invoice,APPLICABLE,1,1,1,0.93,2025-04-12 11:16:07,billing
EVID0002085,DSP000348,TXN0021794,shipping_label,NOT_APPLICABLE,0,0,0,0.0,2025-03-31 04:50:32,logistics
EVID0002086,DSP000348,TXN0021794,tracking_number,NOT_APPLICABLE,0,0,0,0.0,2025-04-01 09:30:03,logistics
EVID0002087,DSP000348,TXN0021794,delivery_confirmation,NOT_APPLICABLE,0,0,0,0.0,2025-04-05 17:54:53,logistics
EVID0002088,DSP000348,TXN0021794,customer_communication,APPLICABLE,1,1,1,0.79,2025-04-01 00:07:48,crm
EVID0002089,DSP000349,TXN0021824,order_confirmation,UNAVAILABLE,0,1,1,0.0,2025-04-07 09:54:16,billing
EVID0002090,DSP000349,TXN0021824,invoice,APPLICABLE,1,1,1,0.68,2025-04-15 04:23:38,billing
EVID0002091,DSP000349,TXN0021824,shipping_label,APPLICABLE,1,0,1,0.83,2025-04-01 18:47:07,logistics
EVID0002092,DSP000349,TXN0021824,tracking_number,UNAVAILABLE,0,0,1,0.0,2025-04-10 18:00:54,logistics
EVID0002093,DSP000349,TXN0021824,delivery_confirmation,APPLICABLE,1,0,1,0.68,2025-04-07 18:44:03,logistics
EVID0002094,DSP000349,TXN0021824,customer_communication,APPLICABLE,1,1,1,0.75,2025-04-08 12:04:47,crm
EVID0002095,DSP000350,TXN0021907,order_confirmation,UNAVAILABLE,0,1,1,0.0,2025-04-03 16:31:06,billing
EVID0002096,DSP000350,TXN0021907,invoice,APPLICABLE,1,0,1,0.76,2025-03-31 19:24:14,billing
EVID0002097,DSP000350,TXN0021907,shipping_label,NOT_APPLICABLE,0,0,0,0.0,2025-04-04 11:03:08,logistics
EVID0002098,DSP000350,TXN0021907,tracking_number,NOT_APPLICABLE,0,0,0,0.0,2025-04-06 06:24:09,logistics
EVID0002099,DSP000350,TXN0021907,delivery_confirmation,NOT_APPLICABLE,0,0,0,0.0,2025-04-05 01:49:21,logistics
EVID0002100,DSP000350,TXN0021907,customer_communication,APPLICABLE,1,1,1,0.89,2025-04-06 23:16:35,crm
EVID0002101,DSP000351,TXN0021929,order_confirmation,UNAVAILABLE,0,1,1,0.0,2025-04-06 16:50:08,billing
EVID0002102,DSP000351,TXN0021929,invoice,UNAVAILABLE,0,0,1,0.0,2025-04-22 08:53:51,billing
EVID0002103,DSP000351,TXN0021929,shipping_label,NOT_APPLICABLE,0,0,0,0.0,2025-04-12 14:56:24,logistics
EVID0002104,DSP000351,TXN0021929,tracking_number,NOT_APPLICABLE,0,0,0,0.0,2025-04-05 09:52:50,logistics
EVID0002105,DSP000351,TXN0021929,delivery_confirmation,NOT_APPLICABLE,0,0,0,0.0,2025-04-07 16:24:32,logistics
EVID0002106,DSP000351,TXN0021929,customer_communication,APPLICABLE,1,0,1,0.88,2025-04-13 20:56:08,crm
EVID0002107,DSP000352,TXN0021967,order_confirmation,APPLICABLE,1,1,1,0.81,2025-04-16 03:32:34,billing
EVID0002108,DSP000352,TXN0021967,invoice,APPLICABLE,1,0,0,0.85,2025-03-30 04:23:50,billing
EVID0002109,DSP000352,TXN0021967,shipping_label,APPLICABLE,1,0,0,0.73,2025-04-22 05:50:32,logistics
EVID0002110,DSP000352,TXN0021967,tracking_number,APPLICABLE,1,0,1,0.92,2025-04-05 08:18:23,logistics
EVID0002111,DSP000352,TXN0021967,delivery_confirmation,APPLICABLE,1,1,1,0.74,2025-04-08 04:34:23,logistics
EVID0002112,DSP000352,TXN0021967,customer_communication,APPLICABLE,1,1,1,0.8,2025-04-17 08:33:33,crm
EVID0002113,DSP000353,TXN0022005,order_confirmation,APPLICABLE,1,1,1,0.65,2025-04-18 15:50:10,billing
EVID0002114,DSP000353,TXN0022005,invoice,APPLICABLE,1,1,1,0.78,2025-05-02 00:53:22,billing
EVID0002115,DSP000353,TXN0022005,shipping_label,NOT_APPLICABLE,0,0,0,0.0,2025-04-22 16:03:44,logistics
EVID0002116,DSP000353,TXN0022005,tracking_number,NOT_APPLICABLE,0,0,0,0.0,2025-04-18 23:24:17,logistics
EVID0002117,DSP000353,TXN0022005,delivery_confirmation,NOT_APPLICABLE,0,0,0,0.0,2025-05-03 06:32:09,logistics
EVID0002118,DSP000353,TXN0022005,customer_communication,APPLICABLE,1,1,1,0.6,2025-04-20 08:17:06,crm
EVID0002119,DSP000354,TXN0022047,order_confirmation,APPLICABLE,1,1,1,0.77,2025-03-30 16:36:48,billing
EVID0002120,DSP000354,TXN0022047,invoice,UNAVAILABLE,0,1,1,0.0,2025-04-04 07:06:12,billing
EVID0002121,DSP000354,TXN0022047,shipping_label,UNAVAILABLE,0,0,1,0.0,2025-04-06 00:47:25,logistics
EVID0002122,DSP000354,TXN0022047,tracking_number,APPLICABLE,1,0,1,0.78,2025-03-30 17:40:55,logistics
EVID0002123,DSP000354,TXN0022047,delivery_confirmation,APPLICABLE,1,0,0,0.6,2025-04-05 14:44:57,logistics
EVID0002124,DSP000354,TXN0022047,customer_communication,APPLICABLE,1,1,1,0.89,2025-04-04 09:36:59,crm
EVID0002125,DSP000355,TXN0022048,order_confirmation,APPLICABLE,1,1,1,0.79,2025-04-12 16:29:03,billing
EVID0002126,DSP000355,TXN0022048,invoice,APPLICABLE,1,1,1,0.61,2025-04-16 23:31:02,billing
EVID0002127,DSP000355,TXN0022048,shipping_label,APPLICABLE,1,0,0,0.86,2025-04-17 17:00:38,logistics
EVID0002128,DSP000355,TXN0022048,tracking_number,APPLICABLE,1,0,1,0.77,2025-04-17 13:08:58,logistics
EVID0002129,DSP000355,TXN0022048,delivery_confirmation,APPLICABLE,1,0,1,0.89,2025-04-10 23:30:36,logistics
EVID0002130,DSP000355,TXN0022048,customer_communication,APPLICABLE,1,1,1,0.69,2025-04-12 07:12:28,crm
EVID0002131,DSP000356,TXN0022184,order_confirmation,APPLICABLE,1,1,1,0.79,2025-04-02 18:48:54,billing
EVID0002132,DSP000356,TXN0022184,invoice,APPLICABLE,1,1,1,0.6,2025-04-08 22:33:17,billing
EVID0002133,DSP000356,TXN0022184,shipping_label,NOT_APPLICABLE,0,0,0,0.0,2025-04-06 02:58:41,logistics
EVID0002134,DSP000356,TXN0022184,tracking_number,NOT_APPLICABLE,0,0,0,0.0,2025-04-09 12:35:07,logistics
EVID0002135,DSP000356,TXN0022184,delivery_confirmation,NOT_APPLICABLE,0,0,0,0.0,2025-04-03 23:38:35,logistics
EVID0002136,DSP000356,TXN0022184,customer_communication,APPLICABLE,1,1,1,0.86,2025-04-06 02:40:06,crm
EVID0002137,DSP000357,TXN0022194,order_confirmation,APPLICABLE,1,1,1,0.94,2025-04-20 05:12:37,billing
EVID0002138,DSP000357,TXN0022194,invoice,APPLICABLE,1,1,1,0.94,2025-04-04 13:11:34,billing
EVID0002139,DSP000357,TXN0022194,shipping_label,NOT_APPLICABLE,0,0,0,0.0,2025-04-11 14:15:51,logistics
EVID0002140,DSP000357,TXN0022194,tracking_number,NOT_APPLICABLE,0,0,0,0.0,2025-04-14 00:43:30,logistics
EVID0002141,DSP000357,TXN0022194,delivery_confirmation,NOT_APPLICABLE,0,0,0,0.0,2025-04-01 03:25:13,logistics
EVID0002142,DSP000357,TXN0022194,customer_communication,APPLICABLE,1,1,1,0.78,2025-04-21 09:50:43,crm
EVID0002143,DSP000358,TXN0022317,order_confirmation,UNAVAILABLE,0,1,1,0.0,2025-04-05 14:01:00,billing
EVID0002144,DSP000358,TXN0022317,invoice,APPLICABLE,1,0,1,0.83,2025-04-11 09:18:51,billing
EVID0002145,DSP000358,TXN0022317,shipping_label,NOT_APPLICABLE,0,0,0,0.0,2025-04-10 01:46:40,logistics
EVID0002146,DSP000358,TXN0022317,tracking_number,NOT_APPLICABLE,0,0,0,0.0,2025-04-16 21:46:00,logistics
EVID0002147,DSP000358,TXN0022317,delivery_confirmation,NOT_APPLICABLE,0,0,0,0.0,2025-04-20 16:06:10,logistics
EVID0002148,DSP000358,TXN0022317,customer_communication,APPLICABLE,1,0,1,0.75,2025-04-07 22:38:05,crm
EVID0002149,DSP000359,TXN0022373,order_confirmation,APPLICABLE,1,1,1,0.61,2025-04-14 04:01:48,billing
EVID0002150,DSP000359,TXN0022373,invoice,UNAVAILABLE,0,1,1,0.0,2025-04-08 20:18:09,billing
EVID0002151,DSP000359,TXN0022373,shipping_label,NOT_APPLICABLE,0,0,0,0.0,2025-04-13 06:00:49,logistics
EVID0002152,DSP000359,TXN0022373,tracking_number,NOT_APPLICABLE,0,0,0,0.0,2025-04-07 03:40:54,logistics
EVID0002153,DSP000359,TXN0022373,delivery_confirmation,NOT_APPLICABLE,0,0,0,0.0,2025-04-14 19:37:57,logistics
EVID0002154,DSP000359,TXN0022373,customer_communication,APPLICABLE,1,0,0,0.71,2025-04-13 09:47:35,crm
EVID0002155,DSP000360,TXN0022404,order_confirmation,APPLICABLE,1,1,1,0.95,2025-04-07 10:19:48,billing
EVID0002156,DSP000360,TXN0022404,invoice,APPLICABLE,1,1,1,0.83,2025-04-14 07:25:26,billing
EVID0002157,DSP000360,TXN0022404,shipping_label,APPLICABLE,1,0,1,0.75,2025-04-06 21:31:12,logistics
EVID0002158,DSP000360,TXN0022404,tracking_number,APPLICABLE,1,0,1,0.85,2025-04-23 12:35:34,logistics
EVID0002159,DSP000360,TXN0022404,delivery_confirmation,APPLICABLE,1,0,1,0.7,2025-04-21 05:36:44,logistics
EVID0002160,DSP000360,TXN0022404,customer_communication,APPLICABLE,1,1,1,0.63,2025-04-12 21:26:59,crm
EVID0002161,DSP000361,TXN0022494,order_confirmation,APPLICABLE,1,1,1,0.61,2025-04-01 09:59:14,billing
EVID0002162,DSP000361,TXN0022494,invoice,APPLICABLE,1,1,1,0.83,2025-04-04 01:29:43,billing
EVID0002163,DSP000361,TXN0022494,shipping_label,NOT_APPLICABLE,0,0,0,0.0,2025-04-08 15:45:46,logistics
EVID0002164,DSP000361,TXN0022494,tracking_number,NOT_APPLICABLE,0,0,0,0.0,2025-04-02 05:40:40,logistics
EVID0002165,DSP000361,TXN0022494,delivery_confirmation,NOT_APPLICABLE,0,0,0,0.0,2025-04-09 05:01:28,logistics
EVID0002166,DSP000361,TXN0022494,customer_communication,APPLICABLE,1,1,1,0.64,2025-04-02 07:22:05,crm
EVID0002167,DSP000362,TXN0022511,order_confirmation,APPLICABLE,1,1,1,0.76,2025-04-06 17:51:28,billing
EVID0002168,DSP000362,TXN0022511,invoice,APPLICABLE,1,1,1,0.6,2025-04-10 06:24:42,billing
EVID0002169,DSP000362,TXN0022511,shipping_label,NOT_APPLICABLE,0,0,0,0.0,2025-04-12 14:46:38,logistics
EVID0002170,DSP000362,TXN0022511,tracking_number,NOT_APPLICABLE,0,0,0,0.0,2025-04-04 04:28:04,logistics
EVID0002171,DSP000362,TXN0022511,delivery_confirmation,NOT_APPLICABLE,0,0,0,0.0,2025-04-07 06:11:09,logistics
EVID0002172,DSP000362,TXN0022511,customer_communication,APPLICABLE,1,1,1,0.77,2025-04-10 18:57:01,crm
EVID0002173,DSP000363,TXN0022586,order_confirmation,APPLICABLE,1,1,1,0.89,2025-04-05 16:12:54,billing
EVID0002174,DSP000363,TXN0022586,invoice,APPLICABLE,1,1,1,0.6,2025-04-20 17:06:25,billing
EVID0002175,DSP000363,TXN0022586,shipping_label,APPLICABLE,1,0,1,0.6,2025-04-26 04:29:06,logistics
EVID0002176,DSP000363,TXN0022586,tracking_number,APPLICABLE,1,0,0,0.66,2025-04-14 15:54:30,logistics
EVID0002177,DSP000363,TXN0022586,delivery_confirmation,APPLICABLE,1,0,0,0.64,2025-04-19 01:45:03,logistics
EVID0002178,DSP000363,TXN0022586,customer_communication,APPLICABLE,1,1,1,0.65,2025-04-23 05:30:38,crm
EVID0002179,DSP000364,TXN0022612,order_confirmation,APPLICABLE,1,1,1,0.69,2025-04-01 11:03:21,billing
EVID0002180,DSP000364,TXN0022612,invoice,APPLICABLE,1,1,1,0.75,2025-04-05 20:41:33,billing
EVID0002181,DSP000364,TXN0022612,shipping_label,NOT_APPLICABLE,0,0,0,0.0,2025-04-23 14:18:24,logistics
EVID0002182,DSP000364,TXN0022612,tracking_number,NOT_APPLICABLE,0,0,0,0.0,2025-05-02 03:49:03,logistics
EVID0002183,DSP000364,TXN0022612,delivery_confirmation,NOT_APPLICABLE,0,0,0,0.0,2025-05-03 13:57:30,logistics
EVID0002184,DSP000364,TXN0022612,customer_communication,UNAVAILABLE,0,1,1,0.0,2025-05-05 04:34:30,crm
EVID0002185,DSP000365,TXN0022633,order_confirmation,APPLICABLE,1,1,1,0.63,2025-04-04 01:18:22,billing
EVID0002186,DSP000365,TXN0022633,invoice,APPLICABLE,1,0,1,0.77,2025-04-06 15:00:04,billing
EVID0002187,DSP000365,TXN0022633,shipping_label,APPLICABLE,1,1,1,0.77,2025-04-03 23:33:53,logistics
EVID0002188,DSP000365,TXN0022633,tracking_number,APPLICABLE,1,1,1,0.6,2025-04-07 09:57:17,logistics
EVID0002189,DSP000365,TXN0022633,delivery_confirmation,APPLICABLE,1,1,1,0.66,2025-04-04 16:04:32,logistics
EVID0002190,DSP000365,TXN0022633,customer_communication,APPLICABLE,1,0,0,0.6,2025-04-05 07:53:59,crm
EVID0002191,DSP000366,TXN0022680,order_confirmation,APPLICABLE,1,1,1,0.84,2025-04-15 13:37:14,billing
EVID0002192,DSP000366,TXN0022680,invoice,APPLICABLE,1,0,1,0.93,2025-04-04 17:01:35,billing
EVID0002193,DSP000366,TXN0022680,shipping_label,NOT_APPLICABLE,0,0,0,0.0,2025-04-15 06:45:06,logistics
EVID0002194,DSP000366,TXN0022680,tracking_number,NOT_APPLICABLE,0,0,0,0.0,2025-04-22 05:31:19,logistics
EVID0002195,DSP000366,TXN0022680,delivery_confirmation,NOT_APPLICABLE,0,0,0,0.0,2025-04-13 07:40:47,logistics
EVID0002196,DSP000366,TXN0022680,customer_communication,APPLICABLE,1,0,1,0.68,2025-04-20 16:10:12,crm
EVID0002197,DSP000367,TXN0022876,order_confirmation,APPLICABLE,1,1,1,0.6,2025-04-06 06:55:10,billing
EVID0002198,DSP000367,TXN0022876,invoice,APPLICABLE,1,1,1,0.88,2025-04-07 05:53:15,billing
EVID0002199,DSP000367,TXN0022876,shipping_label,APPLICABLE,1,0,1,0.89,2025-04-07 13:34:44,logistics
EVID0002200,DSP000367,TXN0022876,tracking_number,APPLICABLE,1,0,1,0.83,2025-04-05 06:39:25,logistics
EVID0002201,DSP000367,TXN0022876,delivery_confirmation,APPLICABLE,1,0,1,0.63,2025-04-02 14:05:48,logistics
EVID0002202,DSP000367,TXN0022876,customer_communication,APPLICABLE,1,1,1,0.63,2025-04-03 05:49:08,crm
EVID0002203,DSP000368,TXN0022920,order_confirmation,APPLICABLE,1,1,1,0.6,2025-04-23 08:22:40,billing
EVID0002204,DSP000368,TXN0022920,invoice,APPLICABLE,1,0,1,0.78,2025-04-12 09:40:24,billing
EVID0002205,DSP000368,TXN0022920,shipping_label,UNAVAILABLE,0,1,1,0.0,2025-04-08 23:38:43,logistics
EVID0002206,DSP000368,TXN0022920,tracking_number,APPLICABLE,1,1,1,0.6,2025-05-04 03:15:25,logistics
EVID0002207,DSP000368,TXN0022920,delivery_confirmation,UNAVAILABLE,0,1,1,0.0,2025-04-17 05:39:15,logistics
EVID0002208,DSP000368,TXN0022920,customer_communication,APPLICABLE,1,0,0,0.83,2025-04-10 07:10:39,crm
EVID0002209,DSP000369,TXN0022957,order_confirmation,APPLICABLE,1,1,1,0.61,2025-04-05 17:45:35,billing
EVID0002210,DSP000369,TXN0022957,invoice,UNAVAILABLE,0,0,1,0.0,2025-04-03 16:50:07,billing
EVID0002211,DSP000369,TXN0022957,shipping_label,APPLICABLE,1,0,1,0.68,2025-04-07 05:08:09,logistics
EVID0002212,DSP000369,TXN0022957,tracking_number,UNAVAILABLE,0,0,0,0.0,2025-04-10 18:22:50,logistics
EVID0002213,DSP000369,TXN0022957,delivery_confirmation,UNAVAILABLE,0,1,1,0.0,2025-04-10 13:50:15,logistics
EVID0002214,DSP000369,TXN0022957,customer_communication,APPLICABLE,1,1,1,0.6,2025-04-04 17:02:28,crm
EVID0002215,DSP000370,TXN0023076,order_confirmation,UNAVAILABLE,0,1,1,0.0,2025-04-07 02:10:28,billing
EVID0002216,DSP000370,TXN0023076,invoice,APPLICABLE,1,1,1,0.8,2025-04-06 05:23:16,billing
EVID0002217,DSP000370,TXN0023076,shipping_label,APPLICABLE,1,0,0,0.67,2025-04-08 14:12:40,logistics
EVID0002218,DSP000370,TXN0023076,tracking_number,UNAVAILABLE,0,0,0,0.0,2025-04-04 11:45:08,logistics
EVID0002219,DSP000370,TXN0023076,delivery_confirmation,APPLICABLE,1,0,0,0.7,2025-04-04 12:54:46,logistics
EVID0002220,DSP000370,TXN0023076,customer_communication,UNAVAILABLE,0,1,1,0.0,2025-04-03 09:30:18,crm
EVID0002221,DSP000371,TXN0023107,order_confirmation,APPLICABLE,1,1,1,0.66,2025-05-02 06:43:21,billing
EVID0002222,DSP000371,TXN0023107,invoice,APPLICABLE,1,1,1,0.62,2025-04-14 10:34:02,billing
EVID0002223,DSP000371,TXN0023107,shipping_label,APPLICABLE,1,0,1,0.74,2025-04-28 16:13:56,logistics
EVID0002224,DSP000371,TXN0023107,tracking_number,UNAVAILABLE,0,0,0,0.0,2025-05-06 11:16:23,logistics
EVID0002225,DSP000371,TXN0023107,delivery_confirmation,APPLICABLE,1,0,1,0.78,2025-04-25 01:34:34,logistics
EVID0002226,DSP000371,TXN0023107,customer_communication,UNAVAILABLE,0,1,1,0.0,2025-04-03 21:51:21,crm
EVID0002227,DSP000372,TXN0023151,order_confirmation,UNAVAILABLE,0,1,1,0.0,2025-04-20 11:40:48,billing
EVID0002228,DSP000372,TXN0023151,invoice,APPLICABLE,1,0,1,0.85,2025-04-06 20:22:31,billing
EVID0002229,DSP000372,TXN0023151,shipping_label,NOT_APPLICABLE,0,0,0,0.0,2025-04-15 05:39:30,logistics
EVID0002230,DSP000372,TXN0023151,tracking_number,NOT_APPLICABLE,0,0,0,0.0,2025-04-05 08:38:17,logistics
EVID0002231,DSP000372,TXN0023151,delivery_confirmation,NOT_APPLICABLE,0,0,0,0.0,2025-04-09 04:44:56,logistics
EVID0002232,DSP000372,TXN0023151,customer_communication,APPLICABLE,1,0,1,0.6,2025-04-12 22:31:55,crm
EVID0002233,DSP000373,TXN0023157,order_confirmation,APPLICABLE,1,1,1,0.78,2025-04-04 21:50:41,billing
EVID0002234,DSP000373,TXN0023157,invoice,APPLICABLE,1,1,1,0.83,2025-04-07 11:03:19,billing
EVID0002235,DSP000373,TXN0023157,shipping_label,APPLICABLE,1,0,1,0.64,2025-04-08 02:50:43,logistics
EVID0002236,DSP000373,TXN0023157,tracking_number,APPLICABLE,1,0,1,0.76,2025-04-07 06:56:58,logistics
EVID0002237,DSP000373,TXN0023157,delivery_confirmation,APPLICABLE,1,0,1,0.61,2025-04-05 07:43:37,logistics
EVID0002238,DSP000373,TXN0023157,customer_communication,UNAVAILABLE,0,1,1,0.0,2025-04-08 07:15:39,crm
EVID0002239,DSP000374,TXN0023182,order_confirmation,APPLICABLE,1,1,1,0.69,2025-04-07 01:27:08,billing
EVID0002240,DSP000374,TXN0023182,invoice,APPLICABLE,1,1,1,0.83,2025-04-29 11:50:01,billing
EVID0002241,DSP000374,TXN0023182,shipping_label,APPLICABLE,1,0,1,0.66,2025-05-01 02:01:43,logistics
EVID0002242,DSP000374,TXN0023182,tracking_number,APPLICABLE,1,0,0,0.63,2025-04-04 03:37:14,logistics
EVID0002243,DSP000374,TXN0023182,delivery_confirmation,APPLICABLE,1,0,1,0.66,2025-05-03 08:49:13,logistics
EVID0002244,DSP000374,TXN0023182,customer_communication,APPLICABLE,1,0,1,0.92,2025-05-05 07:04:31,crm
EVID0002245,DSP000375,TXN0023207,order_confirmation,APPLICABLE,1,1,1,0.71,2025-04-14 03:17:18,billing
EVID0002246,DSP000375,TXN0023207,invoice,APPLICABLE,1,1,1,0.73,2025-05-04 06:49:37,billing
EVID0002247,DSP000375,TXN0023207,shipping_label,NOT_APPLICABLE,0,0,0,0.0,2025-04-11 03:25:28,logistics
EVID0002248,DSP000375,TXN0023207,tracking_number,NOT_APPLICABLE,0,0,0,0.0,2025-04-23 18:44:15,logistics
EVID0002249,DSP000375,TXN0023207,delivery_confirmation,NOT_APPLICABLE,0,0,0,0.0,2025-05-03 16:50:29,logistics
EVID0002250,DSP000375,TXN0023207,customer_communication,APPLICABLE,1,1,1,0.82,2025-04-25 06:28:31,crm
EVID0002251,DSP000376,TXN0023208,order_confirmation,UNAVAILABLE,0,1,1,0.0,2025-04-05 07:02:55,billing
EVID0002252,DSP000376,TXN0023208,invoice,APPLICABLE,1,0,1,0.67,2025-04-10 22:54:09,billing
EVID0002253,DSP000376,TXN0023208,shipping_label,NOT_APPLICABLE,0,0,0,0.0,2025-04-08 11:02:02,logistics
EVID0002254,DSP000376,TXN0023208,tracking_number,NOT_APPLICABLE,0,0,0,0.0,2025-04-08 01:34:07,logistics
EVID0002255,DSP000376,TXN0023208,delivery_confirmation,NOT_APPLICABLE,0,0,0,0.0,2025-04-09 00:14:42,logistics
EVID0002256,DSP000376,TXN0023208,customer_communication,APPLICABLE,1,1,1,0.76,2025-04-07 14:46:56,crm
EVID0002257,DSP000377,TXN0023260,order_confirmation,APPLICABLE,1,1,1,0.81,2025-04-06 06:57:14,billing
EVID0002258,DSP000377,TXN0023260,invoice,APPLICABLE,1,1,1,0.78,2025-04-10 06:26:35,billing
EVID0002259,DSP000377,TXN0023260,shipping_label,NOT_APPLICABLE,0,0,0,0.0,2025-04-17 16:15:08,logistics
EVID0002260,DSP000377,TXN0023260,tracking_number,NOT_APPLICABLE,0,0,0,0.0,2025-04-18 19:58:58,logistics
EVID0002261,DSP000377,TXN0023260,delivery_confirmation,NOT_APPLICABLE,0,0,0,0.0,2025-04-18 19:24:19,logistics
EVID0002262,DSP000377,TXN0023260,customer_communication,APPLICABLE,1,1,1,0.83,2025-04-21 17:59:35,crm
EVID0002263,DSP000378,TXN0023262,order_confirmation,APPLICABLE,1,1,1,0.71,2025-04-05 13:44:57,billing
EVID0002264,DSP000378,TXN0023262,invoice,APPLICABLE,1,0,0,0.92,2025-05-15 10:21:45,billing
EVID0002265,DSP000378,TXN0023262,shipping_label,NOT_APPLICABLE,0,0,0,0.0,2025-05-15 09:24:17,logistics
EVID0002266,DSP000378,TXN0023262,tracking_number,NOT_APPLICABLE,0,0,0,0.0,2025-05-06 05:35:40,logistics
EVID0002267,DSP000378,TXN0023262,delivery_confirmation,NOT_APPLICABLE,0,0,0,0.0,2025-04-18 21:56:37,logistics
EVID0002268,DSP000378,TXN0023262,customer_communication,APPLICABLE,1,0,0,0.7,2025-04-14 05:51:29,crm
EVID0002269,DSP000379,TXN0023396,order_confirmation,APPLICABLE,1,1,1,0.82,2025-05-10 22:44:27,billing
EVID0002270,DSP000379,TXN0023396,invoice,APPLICABLE,1,0,0,0.85,2025-04-23 15:51:46,billing
EVID0002271,DSP000379,TXN0023396,shipping_label,APPLICABLE,1,0,0,0.71,2025-04-18 23:46:17,logistics
EVID0002272,DSP000379,TXN0023396,tracking_number,APPLICABLE,1,0,0,0.86,2025-05-06 00:16:56,logistics
EVID0002273,DSP000379,TXN0023396,delivery_confirmation,APPLICABLE,1,1,1,0.76,2025-04-07 07:01:03,logistics
EVID0002274,DSP000379,TXN0023396,customer_communication,APPLICABLE,1,1,1,0.68,2025-05-12 16:38:06,crm
EVID0002275,DSP000380,TXN0023495,order_confirmation,APPLICABLE,1,1,1,0.91,2025-04-16 16:21:38,billing
EVID0002276,DSP000380,TXN0023495,invoice,APPLICABLE,1,0,1,0.6,2025-04-29 05:32:09,billing
EVID0002277,DSP000380,TXN0023495,shipping_label,NOT_APPLICABLE,0,0,0,0.0,2025-05-05 22:53:59,logistics
EVID0002278,DSP000380,TXN0023495,tracking_number,NOT_APPLICABLE,0,0,0,0.0,2025-05-03 19:27:30,logistics
EVID0002279,DSP000380,TXN0023495,delivery_confirmation,NOT_APPLICABLE,0,0,0,0.0,2025-04-08 10:12:53,logistics
EVID0002280,DSP000380,TXN0023495,customer_communication,APPLICABLE,1,1,1,0.82,2025-04-30 14:58:42,crm
EVID0002281,DSP000381,TXN0023693,order_confirmation,APPLICABLE,1,1,1,0.6,2025-04-24 12:45:43,billing
EVID0002282,DSP000381,TXN0023693,invoice,APPLICABLE,1,1,1,0.8,2025-04-26 04:24:15,billing
EVID0002283,DSP000381,TXN0023693,shipping_label,NOT_APPLICABLE,0,0,0,0.0,2025-04-23 11:47:56,logistics
EVID0002284,DSP000381,TXN0023693,tracking_number,NOT_APPLICABLE,0,0,0,0.0,2025-04-14 03:21:17,logistics
EVID0002285,DSP000381,TXN0023693,delivery_confirmation,NOT_APPLICABLE,0,0,0,0.0,2025-04-28 14:50:04,logistics
EVID0002286,DSP000381,TXN0023693,customer_communication,UNAVAILABLE,0,1,1,0.0,2025-04-09 07:06:15,crm
EVID0002287,DSP000382,TXN0023698,order_confirmation,APPLICABLE,1,1,1,0.66,2025-04-18 11:42:28,billing
EVID0002288,DSP000382,TXN0023698,invoice,APPLICABLE,1,0,1,0.65,2025-04-16 05:35:55,billing
EVID0002289,DSP000382,TXN0023698,shipping_label,NOT_APPLICABLE,0,0,0,0.0,2025-04-07 16:38:29,logistics
EVID0002290,DSP000382,TXN0023698,tracking_number,NOT_APPLICABLE,0,0,0,0.0,2025-04-08 16:41:28,logistics
EVID0002291,DSP000382,TXN0023698,delivery_confirmation,NOT_APPLICABLE,0,0,0,0.0,2025-05-14 01:49:46,logistics
EVID0002292,DSP000382,TXN0023698,customer_communication,APPLICABLE,1,0,1,0.65,2025-04-25 01:54:52,crm
EVID0002293,DSP000383,TXN0023888,order_confirmation,UNAVAILABLE,0,1,1,0.0,2025-05-11 02:13:06,billing
EVID0002294,DSP000383,TXN0023888,invoice,APPLICABLE,1,0,0,0.68,2025-04-30 19:42:35,billing
EVID0002295,DSP000383,TXN0023888,shipping_label,NOT_APPLICABLE,0,0,0,0.0,2025-04-26 15:57:32,logistics
EVID0002296,DSP000383,TXN0023888,tracking_number,NOT_APPLICABLE,0,0,0,0.0,2025-04-27 01:26:47,logistics
EVID0002297,DSP000383,TXN0023888,delivery_confirmation,NOT_APPLICABLE,0,0,0,0.0,2025-05-10 13:36:51,logistics
EVID0002298,DSP000383,TXN0023888,customer_communication,APPLICABLE,1,1,1,0.73,2025-04-26 00:37:57,crm
EVID0002299,DSP000384,TXN0023972,order_confirmation,UNAVAILABLE,0,1,1,0.0,2025-05-06 15:12:16,billing
EVID0002300,DSP000384,TXN0023972,invoice,UNAVAILABLE,0,1,1,0.0,2025-04-14 03:20:36,billing
EVID0002301,DSP000384,TXN0023972,shipping_label,NOT_APPLICABLE,0,0,0,0.0,2025-04-20 04:43:52,logistics
EVID0002302,DSP000384,TXN0023972,tracking_number,NOT_APPLICABLE,0,0,0,0.0,2025-04-10 18:51:19,logistics
EVID0002303,DSP000384,TXN0023972,delivery_confirmation,NOT_APPLICABLE,0,0,0,0.0,2025-04-21 18:31:31,logistics
EVID0002304,DSP000384,TXN0023972,customer_communication,APPLICABLE,1,1,1,0.72,2025-04-10 13:31:28,crm
EVID0002305,DSP000385,TXN0023981,order_confirmation,APPLICABLE,1,1,1,0.92,2025-05-02 18:38:41,billing
EVID0002306,DSP000385,TXN0023981,invoice,APPLICABLE,1,0,1,0.87,2025-04-22 14:23:48,billing
EVID0002307,DSP000385,TXN0023981,shipping_label,NOT_APPLICABLE,0,0,0,0.0,2025-04-25 16:56:24,logistics
EVID0002308,DSP000385,TXN0023981,tracking_number,NOT_APPLICABLE,0,0,0,0.0,2025-05-05 04:57:13,logistics
EVID0002309,DSP000385,TXN0023981,delivery_confirmation,NOT_APPLICABLE,0,0,0,0.0,2025-05-07 12:42:40,logistics
EVID0002310,DSP000385,TXN0023981,customer_communication,APPLICABLE,1,0,1,0.95,2025-05-08 06:49:22,crm
EVID0002311,DSP000386,TXN0024349,order_confirmation,APPLICABLE,1,1,1,0.77,2025-04-25 23:04:33,billing
EVID0002312,DSP000386,TXN0024349,invoice,APPLICABLE,1,1,1,0.6,2025-04-28 18:56:52,billing
EVID0002313,DSP000386,TXN0024349,shipping_label,NOT_APPLICABLE,0,0,0,0.0,2025-04-14 00:51:38,logistics
EVID0002314,DSP000386,TXN0024349,tracking_number,NOT_APPLICABLE,0,0,0,0.0,2025-04-09 15:34:37,logistics
EVID0002315,DSP000386,TXN0024349,delivery_confirmation,NOT_APPLICABLE,0,0,0,0.0,2025-04-14 04:15:51,logistics
EVID0002316,DSP000386,TXN0024349,customer_communication,UNAVAILABLE,0,1,1,0.0,2025-04-10 08:04:01,crm
EVID0002317,DSP000387,TXN0024554,order_confirmation,UNAVAILABLE,0,1,1,0.0,2025-05-08 15:23:34,billing
EVID0002318,DSP000387,TXN0024554,invoice,APPLICABLE,1,0,0,0.71,2025-05-08 11:21:24,billing
EVID0002319,DSP000387,TXN0024554,shipping_label,NOT_APPLICABLE,0,0,0,0.0,2025-04-11 14:07:42,logistics
EVID0002320,DSP000387,TXN0024554,tracking_number,NOT_APPLICABLE,0,0,0,0.0,2025-04-23 22:21:52,logistics
EVID0002321,DSP000387,TXN0024554,delivery_confirmation,NOT_APPLICABLE,0,0,0,0.0,2025-04-17 10:39:28,logistics
EVID0002322,DSP000387,TXN0024554,customer_communication,APPLICABLE,1,1,1,0.74,2025-04-14 17:10:36,crm
EVID0002323,DSP000388,TXN0024594,order_confirmation,APPLICABLE,1,1,1,0.81,2025-04-09 09:24:27,billing
EVID0002324,DSP000388,TXN0024594,invoice,APPLICABLE,1,0,1,0.68,2025-04-10 07:36:52,billing
EVID0002325,DSP000388,TXN0024594,shipping_label,NOT_APPLICABLE,0,0,0,0.0,2025-04-12 08:03:00,logistics
EVID0002326,DSP000388,TXN0024594,tracking_number,NOT_APPLICABLE,0,0,0,0.0,2025-04-11 10:14:50,logistics
EVID0002327,DSP000388,TXN0024594,delivery_confirmation,NOT_APPLICABLE,0,0,0,0.0,2025-04-12 11:55:22,logistics
EVID0002328,DSP000388,TXN0024594,customer_communication,APPLICABLE,1,0,0,0.84,2025-04-12 11:04:50,crm
EVID0002329,DSP000389,TXN0024599,order_confirmation,APPLICABLE,1,1,1,0.86,2025-04-15 20:42:56,billing
EVID0002330,DSP000389,TXN0024599,invoice,APPLICABLE,1,1,1,0.89,2025-04-12 04:55:19,billing
EVID0002331,DSP000389,TXN0024599,shipping_label,UNAVAILABLE,0,0,1,0.0,2025-04-10 01:15:01,logistics
EVID0002332,DSP000389,TXN0024599,tracking_number,APPLICABLE,1,0,1,0.72,2025-04-17 11:18:26,logistics
EVID0002333,DSP000389,TXN0024599,delivery_confirmation,APPLICABLE,1,0,1,0.79,2025-04-19 18:14:55,logistics
EVID0002334,DSP000389,TXN0024599,customer_communication,APPLICABLE,1,1,1,0.66,2025-04-15 22:35:21,crm
EVID0002335,DSP000390,TXN0024621,order_confirmation,APPLICABLE,1,1,1,0.74,2025-04-16 09:50:55,billing
EVID0002336,DSP000390,TXN0024621,invoice,APPLICABLE,1,0,1,0.93,2025-04-10 08:20:05,billing
EVID0002337,DSP000390,TXN0024621,shipping_label,UNAVAILABLE,0,0,1,0.0,2025-04-15 10:24:00,logistics
EVID0002338,DSP000390,TXN0024621,tracking_number,APPLICABLE,1,0,0,0.8,2025-04-14 22:28:21,logistics
EVID0002339,DSP000390,TXN0024621,delivery_confirmation,APPLICABLE,1,1,1,0.6,2025-04-15 14:39:45,logistics
EVID0002340,DSP000390,TXN0024621,customer_communication,APPLICABLE,1,1,1,0.86,2025-04-13 18:46:49,crm
EVID0002341,DSP000391,TXN0024681,order_confirmation,APPLICABLE,1,1,1,0.86,2025-04-11 14:54:23,billing
EVID0002342,DSP000391,TXN0024681,invoice,APPLICABLE,1,0,1,0.6,2025-04-14 01:23:44,billing
EVID0002343,DSP000391,TXN0024681,shipping_label,NOT_APPLICABLE,0,0,0,0.0,2025-04-11 12:07:07,logistics
EVID0002344,DSP000391,TXN0024681,tracking_number,NOT_APPLICABLE,0,0,0,0.0,2025-04-12 16:36:24,logistics
EVID0002345,DSP000391,TXN0024681,delivery_confirmation,NOT_APPLICABLE,0,0,0,0.0,2025-04-10 20:16:19,logistics
EVID0002346,DSP000391,TXN0024681,customer_communication,APPLICABLE,1,0,1,0.63,2025-04-10 23:53:32,crm
EVID0002347,DSP000392,TXN0024719,order_confirmation,APPLICABLE,1,1,1,0.78,2025-04-10 07:29:36,billing
EVID0002348,DSP000392,TXN0024719,invoice,UNAVAILABLE,0,0,0,0.0,2025-04-21 14:06:00,billing
EVID0002349,DSP000392,TXN0024719,shipping_label,NOT_APPLICABLE,0,0,0,0.0,2025-04-11 22:44:57,logistics
EVID0002350,DSP000392,TXN0024719,tracking_number,NOT_APPLICABLE,0,0,0,0.0,2025-05-02 14:49:21,logistics
EVID0002351,DSP000392,TXN0024719,delivery_confirmation,NOT_APPLICABLE,0,0,0,0.0,2025-04-27 09:14:25,logistics
EVID0002352,DSP000392,TXN0024719,customer_communication,UNAVAILABLE,0,1,1,0.0,2025-04-28 07:22:49,crm
EVID0002353,DSP000393,TXN0024758,order_confirmation,UNAVAILABLE,0,1,1,0.0,2025-04-19 23:28:11,billing
EVID0002354,DSP000393,TXN0024758,invoice,APPLICABLE,1,0,0,0.6,2025-04-15 05:57:32,billing
EVID0002355,DSP000393,TXN0024758,shipping_label,NOT_APPLICABLE,0,0,0,0.0,2025-04-17 14:37:57,logistics
EVID0002356,DSP000393,TXN0024758,tracking_number,NOT_APPLICABLE,0,0,0,0.0,2025-04-15 19:47:35,logistics
EVID0002357,DSP000393,TXN0024758,delivery_confirmation,NOT_APPLICABLE,0,0,0,0.0,2025-04-19 21:39:23,logistics
EVID0002358,DSP000393,TXN0024758,customer_communication,APPLICABLE,1,0,0,0.6,2025-04-17 13:32:42,crm
EVID0002359,DSP000394,TXN0024915,order_confirmation,APPLICABLE,1,1,1,0.71,2025-04-12 00:27:32,billing
EVID0002360,DSP000394,TXN0024915,invoice,APPLICABLE,1,0,0,0.69,2025-04-16 15:54:40,billing
EVID0002361,DSP000394,TXN0024915,shipping_label,NOT_APPLICABLE,0,0,0,0.0,2025-04-11 05:01:22,logistics
EVID0002362,DSP000394,TXN0024915,tracking_number,NOT_APPLICABLE,0,0,0,0.0,2025-04-12 17:55:08,logistics
EVID0002363,DSP000394,TXN0024915,delivery_confirmation,NOT_APPLICABLE,0,0,0,0.0,2025-04-13 06:41:18,logistics
EVID0002364,DSP000394,TXN0024915,customer_communication,APPLICABLE,1,0,0,0.87,2025-04-16 19:54:40,crm
EVID0002365,DSP000395,TXN0024918,order_confirmation,UNAVAILABLE,0,1,1,0.0,2025-04-15 21:48:58,billing
EVID0002366,DSP000395,TXN0024918,invoice,APPLICABLE,1,1,1,0.63,2025-04-13 09:49:46,billing
EVID0002367,DSP000395,TXN0024918,shipping_label,NOT_APPLICABLE,0,0,0,0.0,2025-04-15 20:13:13,logistics
EVID0002368,DSP000395,TXN0024918,tracking_number,NOT_APPLICABLE,0,0,0,0.0,2025-04-12 07:12:33,logistics
EVID0002369,DSP000395,TXN0024918,delivery_confirmation,NOT_APPLICABLE,0,0,0,0.0,2025-04-15 06:44:54,logistics
EVID0002370,DSP000395,TXN0024918,customer_communication,UNAVAILABLE,0,0,0,0.0,2025-04-15 17:08:05,crm
EVID0002371,DSP000396,TXN0024920,order_confirmation,UNAVAILABLE,0,1,1,0.0,2025-04-24 00:24:31,billing
EVID0002372,DSP000396,TXN0024920,invoice,UNAVAILABLE,0,1,1,0.0,2025-04-21 16:17:01,billing
EVID0002373,DSP000396,TXN0024920,shipping_label,NOT_APPLICABLE,0,0,0,0.0,2025-04-10 18:51:07,logistics
EVID0002374,DSP000396,TXN0024920,tracking_number,NOT_APPLICABLE,0,0,0,0.0,2025-04-19 13:07:14,logistics
EVID0002375,DSP000396,TXN0024920,delivery_confirmation,NOT_APPLICABLE,0,0,0,0.0,2025-04-15 11:06:32,logistics
EVID0002376,DSP000396,TXN0024920,customer_communication,UNAVAILABLE,0,1,1,0.0,2025-04-17 16:04:34,crm
EVID0002377,DSP000397,TXN0024945,order_confirmation,APPLICABLE,1,1,1,0.8,2025-04-16 13:05:14,billing
EVID0002378,DSP000397,TXN0024945,invoice,APPLICABLE,1,0,0,0.94,2025-04-21 22:01:43,billing
EVID0002379,DSP000397,TXN0024945,shipping_label,APPLICABLE,1,1,1,0.67,2025-04-19 14:18:24,logistics
EVID0002380,DSP000397,TXN0024945,tracking_number,APPLICABLE,1,1,1,0.84,2025-04-25 00:27:24,logistics
EVID0002381,DSP000397,TXN0024945,delivery_confirmation,APPLICABLE,1,1,1,0.62,2025-04-22 15:10:31,logistics
EVID0002382,DSP000397,TXN0024945,customer_communication,UNAVAILABLE,0,0,1,0.0,2025-04-29 09:51:06,crm
EVID0002383,DSP000398,TXN0025077,order_confirmation,APPLICABLE,1,1,1,0.86,2025-04-11 16:14:07,billing
EVID0002384,DSP000398,TXN0025077,invoice,APPLICABLE,1,1,1,0.93,2025-05-01 06:31:53,billing
EVID0002385,DSP000398,TXN0025077,shipping_label,UNAVAILABLE,0,0,0,0.0,2025-04-12 12:39:43,logistics
EVID0002386,DSP000398,TXN0025077,tracking_number,UNAVAILABLE,0,0,1,0.0,2025-04-22 16:16:00,logistics
EVID0002387,DSP000398,TXN0025077,delivery_confirmation,APPLICABLE,1,0,1,0.87,2025-05-07 15:45:02,logistics
EVID0002388,DSP000398,TXN0025077,customer_communication,APPLICABLE,1,1,1,0.81,2025-04-28 04:25:03,crm
EVID0002389,DSP000399,TXN0025246,order_confirmation,APPLICABLE,1,1,1,0.94,2025-04-21 00:11:07,billing
EVID0002390,DSP000399,TXN0025246,invoice,APPLICABLE,1,1,1,0.86,2025-05-02 11:34:16,billing
EVID0002391,DSP000399,TXN0025246,shipping_label,NOT_APPLICABLE,0,0,0,0.0,2025-04-29 18:57:13,logistics
EVID0002392,DSP000399,TXN0025246,tracking_number,NOT_APPLICABLE,0,0,0,0.0,2025-04-29 12:37:22,logistics
EVID0002393,DSP000399,TXN0025246,delivery_confirmation,NOT_APPLICABLE,0,0,0,0.0,2025-04-19 08:07:38,logistics
EVID0002394,DSP000399,TXN0025246,customer_communication,UNAVAILABLE,0,1,1,0.0,2025-04-14 09:32:38,crm
EVID0002395,DSP000400,TXN0025256,order_confirmation,APPLICABLE,1,1,1,0.76,2025-05-05 19:04:37,billing
EVID0002396,DSP000400,TXN0025256,invoice,UNAVAILABLE,0,1,1,0.0,2025-04-14 19:36:17,billing
EVID0002397,DSP000400,TXN0025256,shipping_label,NOT_APPLICABLE,0,0,0,0.0,2025-04-18 19:41:56,logistics
EVID0002398,DSP000400,TXN0025256,tracking_number,NOT_APPLICABLE,0,0,0,0.0,2025-05-16 10:57:25,logistics
EVID0002399,DSP000400,TXN0025256,delivery_confirmation,NOT_APPLICABLE,0,0,0,0.0,2025-04-25 11:50:31,logistics
EVID0002400,DSP000400,TXN0025256,customer_communication,APPLICABLE,1,1,1,0.92,2025-04-16 10:12:21,crm
EVID0002401,DSP000401,TXN0025259,order_confirmation,UNAVAILABLE,0,1,1,0.0,2025-04-28 23:17:10,billing
EVID0002402,DSP000401,TXN0025259,invoice,APPLICABLE,1,1,1,0.89,2025-04-21 00:00:20,billing
EVID0002403,DSP000401,TXN0025259,shipping_label,NOT_APPLICABLE,0,0,0,0.0,2025-04-23 02:05:04,logistics
EVID0002404,DSP000401,TXN0025259,tracking_number,NOT_APPLICABLE,0,0,0,0.0,2025-04-14 00:28:21,logistics
EVID0002405,DSP000401,TXN0025259,delivery_confirmation,NOT_APPLICABLE,0,0,0,0.0,2025-04-26 01:20:12,logistics
EVID0002406,DSP000401,TXN0025259,customer_communication,APPLICABLE,1,1,1,0.65,2025-04-14 06:41:27,crm
EVID0002407,DSP000402,TXN0025264,order_confirmation,APPLICABLE,1,1,1,0.74,2025-05-01 03:08:29,billing
EVID0002408,DSP000402,TXN0025264,invoice,UNAVAILABLE,0,0,0,0.0,2025-04-15 14:52:21,billing
EVID0002409,DSP000402,TXN0025264,shipping_label,APPLICABLE,1,0,0,0.7,2025-05-10 17:17:50,logistics
EVID0002410,DSP000402,TXN0025264,tracking_number,APPLICABLE,1,0,1,0.6,2025-05-09 13:14:52,logistics
EVID0002411,DSP000402,TXN0025264,delivery_confirmation,UNAVAILABLE,0,1,1,0.0,2025-04-15 00:15:13,logistics
EVID0002412,DSP000402,TXN0025264,customer_communication,UNAVAILABLE,0,1,1,0.0,2025-05-03 02:28:50,crm
EVID0002413,DSP000403,TXN0025312,order_confirmation,APPLICABLE,1,1,1,0.86,2025-04-19 23:57:21,billing
EVID0002414,DSP000403,TXN0025312,invoice,APPLICABLE,1,0,0,0.96,2025-04-21 21:21:41,billing
EVID0002415,DSP000403,TXN0025312,shipping_label,APPLICABLE,1,0,1,0.71,2025-04-29 08:39:08,logistics
EVID0002416,DSP000403,TXN0025312,tracking_number,APPLICABLE,1,0,1,0.82,2025-04-30 04:49:26,logistics
EVID0002417,DSP000403,TXN0025312,delivery_confirmation,APPLICABLE,1,1,1,0.68,2025-04-20 06:30:19,logistics
EVID0002418,DSP000403,TXN0025312,customer_communication,UNAVAILABLE,0,1,1,0.0,2025-04-20 01:43:55,crm
EVID0002419,DSP000404,TXN0025337,order_confirmation,APPLICABLE,1,1,1,0.6,2025-04-17 08:03:34,billing
EVID0002420,DSP000404,TXN0025337,invoice,APPLICABLE,1,0,0,0.6,2025-04-15 17:15:42,billing
EVID0002421,DSP000404,TXN0025337,shipping_label,NOT_APPLICABLE,0,0,0,0.0,2025-05-01 08:19:01,logistics
EVID0002422,DSP000404,TXN0025337,tracking_number,NOT_APPLICABLE,0,0,0,0.0,2025-05-01 02:36:49,logistics
EVID0002423,DSP000404,TXN0025337,delivery_confirmation,NOT_APPLICABLE,0,0,0,0.0,2025-04-26 14:35:16,logistics
EVID0002424,DSP000404,TXN0025337,customer_communication,APPLICABLE,1,0,0,0.67,2025-04-15 01:27:07,crm
EVID0002425,DSP000405,TXN0025342,order_confirmation,APPLICABLE,1,1,1,0.68,2025-04-17 21:22:10,billing
EVID0002426,DSP000405,TXN0025342,invoice,APPLICABLE,1,0,1,0.78,2025-04-18 02:10:20,billing
EVID0002427,DSP000405,TXN0025342,shipping_label,NOT_APPLICABLE,0,0,0,0.0,2025-04-16 05:53:33,logistics
EVID0002428,DSP000405,TXN0025342,tracking_number,NOT_APPLICABLE,0,0,0,0.0,2025-04-17 08:49:45,logistics
EVID0002429,DSP000405,TXN0025342,delivery_confirmation,NOT_APPLICABLE,0,0,0,0.0,2025-04-13 21:35:27,logistics
EVID0002430,DSP000405,TXN0025342,customer_communication,APPLICABLE,1,1,1,0.76,2025-04-18 22:31:23,crm
EVID0002431,DSP000406,TXN0025359,order_confirmation,APPLICABLE,1,1,1,0.84,2025-04-27 10:28:59,billing
EVID0002432,DSP000406,TXN0025359,invoice,APPLICABLE,1,0,0,0.79,2025-05-04 23:06:59,billing
EVID0002433,DSP000406,TXN0025359,shipping_label,NOT_APPLICABLE,0,0,0,0.0,2025-04-25 08:02:06,logistics
EVID0002434,DSP000406,TXN0025359,tracking_number,NOT_APPLICABLE,0,0,0,0.0,2025-04-18 06:59:16,logistics
EVID0002435,DSP000406,TXN0025359,delivery_confirmation,NOT_APPLICABLE,0,0,0,0.0,2025-04-16 20:37:35,logistics
EVID0002436,DSP000406,TXN0025359,customer_communication,APPLICABLE,1,0,1,0.82,2025-04-20 02:54:49,crm
EVID0002437,DSP000407,TXN0025370,order_confirmation,APPLICABLE,1,1,1,0.77,2025-05-23 02:01:08,billing
EVID0002438,DSP000407,TXN0025370,invoice,APPLICABLE,1,1,1,0.85,2025-04-28 10:00:12,billing
EVID0002439,DSP000407,TXN0025370,shipping_label,NOT_APPLICABLE,0,0,0,0.0,2025-04-19 16:54:21,logistics
EVID0002440,DSP000407,TXN0025370,tracking_number,NOT_APPLICABLE,0,0,0,0.0,2025-04-16 22:22:00,logistics
EVID0002441,DSP000407,TXN0025370,delivery_confirmation,NOT_APPLICABLE,0,0,0,0.0,2025-05-17 00:39:16,logistics
EVID0002442,DSP000407,TXN0025370,customer_communication,APPLICABLE,1,1,1,0.84,2025-04-24 13:17:31,crm
EVID0002443,DSP000408,TXN0025467,order_confirmation,APPLICABLE,1,1,1,0.6,2025-04-27 06:14:18,billing
EVID0002444,DSP000408,TXN0025467,invoice,APPLICABLE,1,0,1,0.85,2025-04-25 09:10:48,billing
EVID0002445,DSP000408,TXN0025467,shipping_label,NOT_APPLICABLE,0,0,0,0.0,2025-04-21 04:38:04,logistics
EVID0002446,DSP000408,TXN0025467,tracking_number,NOT_APPLICABLE,0,0,0,0.0,2025-04-14 06:16:37,logistics
EVID0002447,DSP000408,TXN0025467,delivery_confirmation,NOT_APPLICABLE,0,0,0,0.0,2025-05-02 09:12:53,logistics
EVID0002448,DSP000408,TXN0025467,customer_communication,APPLICABLE,1,1,1,0.6,2025-05-04 16:54:59,crm
EVID0002449,DSP000409,TXN0025506,order_confirmation,UNAVAILABLE,0,1,1,0.0,2025-05-05 06:53:44,billing
EVID0002450,DSP000409,TXN0025506,invoice,UNAVAILABLE,0,1,1,0.0,2025-04-17 19:18:25,billing
EVID0002451,DSP000409,TXN0025506,shipping_label,APPLICABLE,1,0,0,0.61,2025-04-19 15:26:49,logistics
EVID0002452,DSP000409,TXN0025506,tracking_number,APPLICABLE,1,0,1,0.72,2025-04-18 18:04:46,logistics
EVID0002453,DSP000409,TXN0025506,delivery_confirmation,APPLICABLE,1,0,1,0.68,2025-04-13 10:30:25,logistics
EVID0002454,DSP000409,TXN0025506,customer_communication,APPLICABLE,1,1,1,0.6,2025-04-15 20:25:34,crm
EVID0002455,DSP000410,TXN0025644,order_confirmation,APPLICABLE,1,1,1,0.78,2025-04-18 00:14:58,billing
EVID0002456,DSP000410,TXN0025644,invoice,APPLICABLE,1,1,1,0.7,2025-04-21 19:43:19,billing
EVID0002457,DSP000410,TXN0025644,shipping_label,NOT_APPLICABLE,0,0,0,0.0,2025-04-21 03:24:51,logistics
EVID0002458,DSP000410,TXN0025644,tracking_number,NOT_APPLICABLE,0,0,0,0.0,2025-04-21 07:36:18,logistics
EVID0002459,DSP000410,TXN0025644,delivery_confirmation,NOT_APPLICABLE,0,0,0,0.0,2025-04-14 12:18:18,logistics
EVID0002460,DSP000410,TXN0025644,customer_communication,UNAVAILABLE,0,1,1,0.0,2025-04-20 13:26:27,crm
EVID0002461,DSP000411,TXN0025733,order_confirmation,UNAVAILABLE,0,1,1,0.0,2025-04-15 06:40:38,billing
EVID0002462,DSP000411,TXN0025733,invoice,APPLICABLE,1,0,0,0.66,2025-04-18 12:19:03,billing
EVID0002463,DSP000411,TXN0025733,shipping_label,NOT_APPLICABLE,0,0,0,0.0,2025-04-29 09:26:03,logistics
EVID0002464,DSP000411,TXN0025733,tracking_number,NOT_APPLICABLE,0,0,0,0.0,2025-04-24 11:26:13,logistics
EVID0002465,DSP000411,TXN0025733,delivery_confirmation,NOT_APPLICABLE,0,0,0,0.0,2025-04-16 20:08:46,logistics
EVID0002466,DSP000411,TXN0025733,customer_communication,APPLICABLE,1,0,1,0.69,2025-04-15 22:42:04,crm
EVID0002467,DSP000412,TXN0025761,order_confirmation,APPLICABLE,1,1,1,0.6,2025-05-06 15:36:31,billing
EVID0002468,DSP000412,TXN0025761,invoice,APPLICABLE,1,0,1,0.6,2025-04-24 23:14:22,billing
EVID0002469,DSP000412,TXN0025761,shipping_label,APPLICABLE,1,1,1,0.84,2025-04-15 00:11:20,logistics
EVID0002470,DSP000412,TXN0025761,tracking_number,APPLICABLE,1,1,1,0.76,2025-04-17 20:33:04,logistics
EVID0002471,DSP000412,TXN0025761,delivery_confirmation,APPLICABLE,1,1,1,0.96,2025-05-06 05:02:10,logistics
EVID0002472,DSP000412,TXN0025761,customer_communication,APPLICABLE,1,0,0,0.85,2025-04-27 17:00:08,crm
EVID0002473,DSP000413,TXN0025800,order_confirmation,APPLICABLE,1,1,1,0.82,2025-05-02 10:24:32,billing
EVID0002474,DSP000413,TXN0025800,invoice,APPLICABLE,1,1,1,0.75,2025-05-04 13:35:47,billing
EVID0002475,DSP000413,TXN0025800,shipping_label,NOT_APPLICABLE,0,0,0,0.0,2025-04-22 05:49:54,logistics
EVID0002476,DSP000413,TXN0025800,tracking_number,NOT_APPLICABLE,0,0,0,0.0,2025-05-01 00:52:14,logistics
EVID0002477,DSP000413,TXN0025800,delivery_confirmation,NOT_APPLICABLE,0,0,0,0.0,2025-04-24 06:39:33,logistics
EVID0002478,DSP000413,TXN0025800,customer_communication,APPLICABLE,1,1,1,0.89,2025-04-22 22:32:37,crm
EVID0002479,DSP000414,TXN0025917,order_confirmation,APPLICABLE,1,1,1,0.69,2025-04-15 08:02:08,billing
EVID0002480,DSP000414,TXN0025917,invoice,APPLICABLE,1,1,1,0.67,2025-04-29 09:35:37,billing
EVID0002481,DSP000414,TXN0025917,shipping_label,APPLICABLE,1,0,0,0.82,2025-04-29 12:32:50,logistics
EVID0002482,DSP000414,TXN0025917,tracking_number,APPLICABLE,1,0,1,0.81,2025-04-29 11:15:57,logistics
EVID0002483,DSP000414,TXN0025917,delivery_confirmation,APPLICABLE,1,0,1,0.73,2025-04-20 11:01:51,logistics
EVID0002484,DSP000414,TXN0025917,customer_communication,APPLICABLE,1,0,1,0.75,2025-04-30 04:55:04,crm
EVID0002485,DSP000415,TXN0026137,order_confirmation,APPLICABLE,1,1,1,0.62,2025-05-08 15:57:43,billing
EVID0002486,DSP000415,TXN0026137,invoice,APPLICABLE,1,1,1,0.64,2025-04-18 08:53:46,billing
EVID0002487,DSP000415,TXN0026137,shipping_label,APPLICABLE,1,0,0,0.6,2025-04-19 16:03:12,logistics
EVID0002488,DSP000415,TXN0026137,tracking_number,APPLICABLE,1,0,0,0.81,2025-04-28 23:48:47,logistics
EVID0002489,DSP000415,TXN0026137,delivery_confirmation,APPLICABLE,1,0,0,0.84,2025-05-04 00:05:44,logistics
EVID0002490,DSP000415,TXN0026137,customer_communication,UNAVAILABLE,0,1,1,0.0,2025-04-22 01:44:31,crm
EVID0002491,DSP000416,TXN0026217,order_confirmation,APPLICABLE,1,1,1,0.74,2025-04-21 16:50:18,billing
EVID0002492,DSP000416,TXN0026217,invoice,APPLICABLE,1,1,1,0.89,2025-04-30 23:08:25,billing
EVID0002493,DSP000416,TXN0026217,shipping_label,NOT_APPLICABLE,0,0,0,0.0,2025-04-28 20:24:08,logistics
EVID0002494,DSP000416,TXN0026217,tracking_number,NOT_APPLICABLE,0,0,0,0.0,2025-04-16 03:04:35,logistics
EVID0002495,DSP000416,TXN0026217,delivery_confirmation,NOT_APPLICABLE,0,0,0,0.0,2025-04-24 22:31:14,logistics
EVID0002496,DSP000416,TXN0026217,customer_communication,APPLICABLE,1,1,1,0.9,2025-04-24 08:53:50,crm
EVID0002497,DSP000417,TXN0026223,order_confirmation,APPLICABLE,1,1,1,0.87,2025-05-13 03:11:06,billing
EVID0002498,DSP000417,TXN0026223,invoice,APPLICABLE,1,1,1,0.77,2025-05-10 01:29:04,billing
EVID0002499,DSP000417,TXN0026223,shipping_label,APPLICABLE,1,0,1,0.6,2025-05-01 06:51:00,logistics
EVID0002500,DSP000417,TXN0026223,tracking_number,APPLICABLE,1,0,0,0.8,2025-05-04 12:39:03,logistics
EVID0002501,DSP000417,TXN0026223,delivery_confirmation,APPLICABLE,1,0,0,0.86,2025-04-28 19:14:03,logistics
EVID0002502,DSP000417,TXN0026223,customer_communication,APPLICABLE,1,1,1,0.95,2025-04-24 09:39:16,crm
EVID0002503,DSP000418,TXN0026388,order_confirmation,UNAVAILABLE,0,1,1,0.0,2025-04-17 19:20:38,billing
EVID0002504,DSP000418,TXN0026388,invoice,APPLICABLE,1,1,1,0.73,2025-04-16 15:42:52,billing
EVID0002505,DSP000418,TXN0026388,shipping_label,NOT_APPLICABLE,0,0,0,0.0,2025-04-18 04:21:38,logistics
EVID0002506,DSP000418,TXN0026388,tracking_number,NOT_APPLICABLE,0,0,0,0.0,2025-04-16 19:58:47,logistics
EVID0002507,DSP000418,TXN0026388,delivery_confirmation,NOT_APPLICABLE,0,0,0,0.0,2025-04-19 08:08:27,logistics
EVID0002508,DSP000418,TXN0026388,customer_communication,UNAVAILABLE,0,1,1,0.0,2025-04-19 16:33:03,crm
EVID0002509,DSP000419,TXN0026442,order_confirmation,APPLICABLE,1,1,1,0.78,2025-04-24 09:36:36,billing
EVID0002510,DSP000419,TXN0026442,invoice,APPLICABLE,1,0,1,0.85,2025-04-21 12:17:55,billing
EVID0002511,DSP000419,TXN0026442,shipping_label,APPLICABLE,1,0,0,0.72,2025-04-28 16:24:29,logistics
EVID0002512,DSP000419,TXN0026442,tracking_number,APPLICABLE,1,0,1,0.6,2025-04-28 08:35:50,logistics
EVID0002513,DSP000419,TXN0026442,delivery_confirmation,APPLICABLE,1,1,1,0.6,2025-04-29 14:09:37,logistics
EVID0002514,DSP000419,TXN0026442,customer_communication,APPLICABLE,1,1,1,0.73,2025-04-19 08:46:19,crm
EVID0002515,DSP000420,TXN0026527,order_confirmation,UNAVAILABLE,0,1,1,0.0,2025-04-25 15:09:03,billing
EVID0002516,DSP000420,TXN0026527,invoice,APPLICABLE,1,0,1,0.6,2025-04-21 05:39:24,billing
EVID0002517,DSP000420,TXN0026527,shipping_label,NOT_APPLICABLE,0,0,0,0.0,2025-04-21 07:02:53,logistics
EVID0002518,DSP000420,TXN0026527,tracking_number,NOT_APPLICABLE,0,0,0,0.0,2025-04-22 18:15:47,logistics
EVID0002519,DSP000420,TXN0026527,delivery_confirmation,NOT_APPLICABLE,0,0,0,0.0,2025-05-01 09:37:47,logistics
EVID0002520,DSP000420,TXN0026527,customer_communication,APPLICABLE,1,0,0,0.83,2025-04-24 17:42:47,crm
EVID0002521,DSP000421,TXN0026749,order_confirmation,APPLICABLE,1,1,1,0.74,2025-05-21 23:22:50,billing
EVID0002522,DSP000421,TXN0026749,invoice,APPLICABLE,1,1,1,0.76,2025-05-05 00:54:27,billing
EVID0002523,DSP000421,TXN0026749,shipping_label,NOT_APPLICABLE,0,0,0,0.0,2025-05-15 12:31:48,logistics
EVID0002524,DSP000421,TXN0026749,tracking_number,NOT_APPLICABLE,0,0,0,0.0,2025-05-15 07:49:02,logistics
EVID0002525,DSP000421,TXN0026749,delivery_confirmation,NOT_APPLICABLE,0,0,0,0.0,2025-04-24 20:43:46,logistics
EVID0002526,DSP000421,TXN0026749,customer_communication,APPLICABLE,1,0,1,0.6,2025-05-15 07:14:15,crm
EVID0002527,DSP000422,TXN0026884,order_confirmation,APPLICABLE,1,1,1,0.69,2025-04-26 03:56:20,billing
EVID0002528,DSP000422,TXN0026884,invoice,APPLICABLE,1,1,1,0.86,2025-04-22 22:10:18,billing
EVID0002529,DSP000422,TXN0026884,shipping_label,NOT_APPLICABLE,0,0,0,0.0,2025-04-30 13:36:08,logistics
EVID0002530,DSP000422,TXN0026884,tracking_number,NOT_APPLICABLE,0,0,0,0.0,2025-04-19 14:01:04,logistics
EVID0002531,DSP000422,TXN0026884,delivery_confirmation,NOT_APPLICABLE,0,0,0,0.0,2025-04-20 20:28:52,logistics
EVID0002532,DSP000422,TXN0026884,customer_communication,UNAVAILABLE,0,1,1,0.0,2025-04-20 00:37:21,crm
EVID0002533,DSP000423,TXN0026905,order_confirmation,UNAVAILABLE,0,1,1,0.0,2025-04-19 04:17:46,billing
EVID0002534,DSP000423,TXN0026905,invoice,APPLICABLE,1,0,1,0.76,2025-05-01 11:21:56,billing
EVID0002535,DSP000423,TXN0026905,shipping_label,APPLICABLE,1,1,1,0.65,2025-04-30 07:08:09,logistics
EVID0002536,DSP000423,TXN0026905,tracking_number,APPLICABLE,1,1,1,0.86,2025-04-18 17:05:07,logistics
EVID0002537,DSP000423,TXN0026905,delivery_confirmation,APPLICABLE,1,1,1,0.7,2025-04-26 17:56:10,logistics
EVID0002538,DSP000423,TXN0026905,customer_communication,APPLICABLE,1,0,0,0.86,2025-05-03 14:26:47,crm
EVID0002539,DSP000424,TXN0026994,order_confirmation,UNAVAILABLE,0,1,1,0.0,2025-04-23 06:55:42,billing
EVID0002540,DSP000424,TXN0026994,invoice,APPLICABLE,1,1,1,0.67,2025-04-26 20:03:16,billing
EVID0002541,DSP000424,TXN0026994,shipping_label,NOT_APPLICABLE,0,0,0,0.0,2025-04-20 10:14:39,logistics
EVID0002542,DSP000424,TXN0026994,tracking_number,NOT_APPLICABLE,0,0,0,0.0,2025-04-19 12:18:56,logistics
EVID0002543,DSP000424,TXN0026994,delivery_confirmation,NOT_APPLICABLE,0,0,0,0.0,2025-04-22 13:35:56,logistics
EVID0002544,DSP000424,TXN0026994,customer_communication,APPLICABLE,1,1,1,0.68,2025-05-03 05:16:30,crm
EVID0002545,DSP000425,TXN0027146,order_confirmation,APPLICABLE,1,1,1,0.65,2025-04-20 12:08:10,billing
EVID0002546,DSP000425,TXN0027146,invoice,APPLICABLE,1,1,1,0.8,2025-04-24 03:49:34,billing
EVID0002547,DSP000425,TXN0027146,shipping_label,NOT_APPLICABLE,0,0,0,0.0,2025-04-28 04:13:17,logistics
EVID0002548,DSP000425,TXN0027146,tracking_number,NOT_APPLICABLE,0,0,0,0.0,2025-04-27 15:52:19,logistics
EVID0002549,DSP000425,TXN0027146,delivery_confirmation,NOT_APPLICABLE,0,0,0,0.0,2025-04-24 10:14:08,logistics
EVID0002550,DSP000425,TXN0027146,customer_communication,APPLICABLE,1,1,1,0.6,2025-04-26 17:41:59,crm
EVID0002551,DSP000426,TXN0027154,order_confirmation,APPLICABLE,1,1,1,0.75,2025-04-23 13:30:09,billing
EVID0002552,DSP000426,TXN0027154,invoice,APPLICABLE,1,0,1,0.89,2025-04-21 07:16:55,billing
EVID0002553,DSP000426,TXN0027154,shipping_label,APPLICABLE,1,1,1,0.7,2025-04-21 13:24:50,logistics
EVID0002554,DSP000426,TXN0027154,tracking_number,APPLICABLE,1,1,1,0.68,2025-04-28 12:51:02,logistics
EVID0002555,DSP000426,TXN0027154,delivery_confirmation,APPLICABLE,1,1,1,0.88,2025-04-24 22:47:05,logistics
EVID0002556,DSP000426,TXN0027154,customer_communication,UNAVAILABLE,0,0,1,0.0,2025-04-27 09:44:14,crm
EVID0002557,DSP000427,TXN0027161,order_confirmation,APPLICABLE,1,1,1,0.74,2025-05-24 00:15:36,billing
EVID0002558,DSP000427,TXN0027161,invoice,APPLICABLE,1,0,0,0.89,2025-05-16 23:04:59,billing
EVID0002559,DSP000427,TXN0027161,shipping_label,APPLICABLE,1,1,1,0.6,2025-05-23 08:23:19,logistics
EVID0002560,DSP000427,TXN0027161,tracking_number,APPLICABLE,1,1,1,0.91,2025-06-01 20:47:29,logistics
EVID0002561,DSP000427,TXN0027161,delivery_confirmation,APPLICABLE,1,1,1,0.94,2025-05-19 11:21:18,logistics
EVID0002562,DSP000427,TXN0027161,customer_communication,APPLICABLE,1,0,1,0.66,2025-05-27 21:14:38,crm
EVID0002563,DSP000428,TXN0027306,order_confirmation,APPLICABLE,1,1,1,0.64,2025-04-24 15:15:04,billing
EVID0002564,DSP000428,TXN0027306,invoice,UNAVAILABLE,0,0,1,0.0,2025-04-29 13:31:33,billing
EVID0002565,DSP000428,TXN0027306,shipping_label,NOT_APPLICABLE,0,0,0,0.0,2025-04-27 19:50:19,logistics
EVID0002566,DSP000428,TXN0027306,tracking_number,NOT_APPLICABLE,0,0,0,0.0,2025-05-08 04:41:04,logistics
EVID0002567,DSP000428,TXN0027306,delivery_confirmation,NOT_APPLICABLE,0,0,0,0.0,2025-05-07 02:10:50,logistics
EVID0002568,DSP000428,TXN0027306,customer_communication,APPLICABLE,1,0,1,0.67,2025-04-27 12:40:12,crm
EVID0002569,DSP000429,TXN0027312,order_confirmation,UNAVAILABLE,0,1,1,0.0,2025-04-20 09:52:27,billing
EVID0002570,DSP000429,TXN0027312,invoice,UNAVAILABLE,0,1,1,0.0,2025-04-28 21:49:31,billing
EVID0002571,DSP000429,TXN0027312,shipping_label,UNAVAILABLE,0,0,0,0.0,2025-04-27 08:12:02,logistics
EVID0002572,DSP000429,TXN0027312,tracking_number,APPLICABLE,1,0,0,0.73,2025-04-25 03:24:45,logistics
EVID0002573,DSP000429,TXN0027312,delivery_confirmation,APPLICABLE,1,0,1,0.89,2025-04-30 17:09:05,logistics
EVID0002574,DSP000429,TXN0027312,customer_communication,UNAVAILABLE,0,1,1,0.0,2025-04-29 17:52:16,crm
EVID0002575,DSP000430,TXN0027449,order_confirmation,APPLICABLE,1,1,1,0.6,2025-04-22 15:32:14,billing
EVID0002576,DSP000430,TXN0027449,invoice,APPLICABLE,1,0,0,0.91,2025-04-25 14:59:04,billing
EVID0002577,DSP000430,TXN0027449,shipping_label,APPLICABLE,1,1,1,0.69,2025-04-24 10:13:56,logistics
EVID0002578,DSP000430,TXN0027449,tracking_number,APPLICABLE,1,1,1,0.64,2025-04-22 01:21:49,logistics
EVID0002579,DSP000430,TXN0027449,delivery_confirmation,APPLICABLE,1,1,1,0.65,2025-04-24 14:20:56,logistics
EVID0002580,DSP000430,TXN0027449,customer_communication,APPLICABLE,1,0,1,0.6,2025-04-24 03:33:28,crm
EVID0002581,DSP000431,TXN0027567,order_confirmation,APPLICABLE,1,1,1,0.62,2025-04-24 22:34:10,billing
EVID0002582,DSP000431,TXN0027567,invoice,APPLICABLE,1,0,1,0.81,2025-05-02 17:12:13,billing
EVID0002583,DSP000431,TXN0027567,shipping_label,NOT_APPLICABLE,0,0,0,0.0,2025-05-07 23:58:53,logistics
EVID0002584,DSP000431,TXN0027567,tracking_number,NOT_APPLICABLE,0,0,0,0.0,2025-05-06 16:11:04,logistics
EVID0002585,DSP000431,TXN0027567,delivery_confirmation,NOT_APPLICABLE,0,0,0,0.0,2025-04-29 07:31:16,logistics
EVID0002586,DSP000431,TXN0027567,customer_communication,APPLICABLE,1,1,1,0.83,2025-05-22 01:07:46,crm
EVID0002587,DSP000432,TXN0027586,order_confirmation,APPLICABLE,1,1,1,0.76,2025-04-29 01:51:53,billing
EVID0002588,DSP000432,TXN0027586,invoice,UNAVAILABLE,0,1,1,0.0,2025-04-30 04:07:57,billing
EVID0002589,DSP000432,TXN0027586,shipping_label,APPLICABLE,1,0,0,0.67,2025-04-25 09:30:24,logistics
EVID0002590,DSP000432,TXN0027586,tracking_number,APPLICABLE,1,0,1,0.8,2025-04-26 17:48:11,logistics
EVID0002591,DSP000432,TXN0027586,delivery_confirmation,UNAVAILABLE,0,0,1,0.0,2025-04-21 11:01:55,logistics
EVID0002592,DSP000432,TXN0027586,customer_communication,APPLICABLE,1,1,1,0.77,2025-04-24 12:57:41,crm
EVID0002593,DSP000433,TXN0027776,order_confirmation,APPLICABLE,1,1,1,0.84,2025-04-23 12:41:07,billing
EVID0002594,DSP000433,TXN0027776,invoice,APPLICABLE,1,1,1,0.77,2025-04-30 09:21:44,billing
EVID0002595,DSP000433,TXN0027776,shipping_label,APPLICABLE,1,0,0,0.8,2025-04-28 02:42:22,logistics
EVID0002596,DSP000433,TXN0027776,tracking_number,APPLICABLE,1,0,0,0.61,2025-04-24 12:07:36,logistics
EVID0002597,DSP000433,TXN0027776,delivery_confirmation,APPLICABLE,1,0,1,0.86,2025-04-21 21:56:18,logistics
EVID0002598,DSP000433,TXN0027776,customer_communication,APPLICABLE,1,1,1,0.91,2025-04-23 01:14:24,crm
EVID0002599,DSP000434,TXN0027779,order_confirmation,APPLICABLE,1,1,1,0.83,2025-05-12 06:36:54,billing
EVID0002600,DSP000434,TXN0027779,invoice,APPLICABLE,1,0,0,0.69,2025-04-29 23:28:54,billing
EVID0002601,DSP000434,TXN0027779,shipping_label,UNAVAILABLE,0,0,1,0.0,2025-05-12 00:03:03,logistics
EVID0002602,DSP000434,TXN0027779,tracking_number,UNAVAILABLE,0,0,1,0.0,2025-05-15 20:09:56,logistics
EVID0002603,DSP000434,TXN0027779,delivery_confirmation,APPLICABLE,1,1,1,0.94,2025-05-10 06:54:56,logistics
EVID0002604,DSP000434,TXN0027779,customer_communication,APPLICABLE,1,1,1,0.62,2025-05-08 22:53:51,crm
EVID0002605,DSP000435,TXN0027817,order_confirmation,UNAVAILABLE,0,1,1,0.0,2025-05-03 04:53:39,billing
EVID0002606,DSP000435,TXN0027817,invoice,APPLICABLE,1,1,1,0.69,2025-04-30 03:34:47,billing
EVID0002607,DSP000435,TXN0027817,shipping_label,NOT_APPLICABLE,0,0,0,0.0,2025-05-14 03:51:33,logistics
EVID0002608,DSP000435,TXN0027817,tracking_number,NOT_APPLICABLE,0,0,0,0.0,2025-04-25 19:56:56,logistics
EVID0002609,DSP000435,TXN0027817,delivery_confirmation,NOT_APPLICABLE,0,0,0,0.0,2025-04-23 21:00:00,logistics
EVID0002610,DSP000435,TXN0027817,customer_communication,APPLICABLE,1,1,1,0.7,2025-05-06 13:39:53,crm
EVID0002611,DSP000436,TXN0027820,order_confirmation,APPLICABLE,1,1,1,0.61,2025-04-24 01:37:41,billing
EVID0002612,DSP000436,TXN0027820,invoice,APPLICABLE,1,1,1,0.7,2025-04-30 13:31:15,billing
EVID0002613,DSP000436,TXN0027820,shipping_label,APPLICABLE,1,0,1,0.81,2025-04-26 09:29:48,logistics
EVID0002614,DSP000436,TXN0027820,tracking_number,APPLICABLE,1,0,1,0.72,2025-05-13 19:39:38,logistics
EVID0002615,DSP000436,TXN0027820,delivery_confirmation,APPLICABLE,1,0,1,0.63,2025-05-01 09:07:24,logistics
EVID0002616,DSP000436,TXN0027820,customer_communication,APPLICABLE,1,0,0,0.72,2025-04-26 04:08:13,crm
EVID0002617,DSP000437,TXN0027858,order_confirmation,APPLICABLE,1,1,1,0.65,2025-04-26 12:02:29,billing
EVID0002618,DSP000437,TXN0027858,invoice,UNAVAILABLE,0,1,1,0.0,2025-04-29 14:37:49,billing
EVID0002619,DSP000437,TXN0027858,shipping_label,UNAVAILABLE,0,0,1,0.0,2025-04-29 20:20:36,logistics
EVID0002620,DSP000437,TXN0027858,tracking_number,APPLICABLE,1,0,1,0.72,2025-04-28 06:12:49,logistics
EVID0002621,DSP000437,TXN0027858,delivery_confirmation,APPLICABLE,1,0,1,0.7,2025-04-22 18:38:01,logistics
EVID0002622,DSP000437,TXN0027858,customer_communication,APPLICABLE,1,1,1,0.65,2025-04-27 15:14:18,crm
EVID0002623,DSP000438,TXN0027859,order_confirmation,APPLICABLE,1,1,1,0.9,2025-04-25 00:17:48,billing
EVID0002624,DSP000438,TXN0027859,invoice,APPLICABLE,1,0,1,0.75,2025-04-27 07:52:25,billing
EVID0002625,DSP000438,TXN0027859,shipping_label,APPLICABLE,1,0,1,0.66,2025-05-08 11:39:10,logistics
EVID0002626,DSP000438,TXN0027859,tracking_number,APPLICABLE,1,0,0,0.78,2025-05-02 09:23:00,logistics
EVID0002627,DSP000438,TXN0027859,delivery_confirmation,APPLICABLE,1,1,1,0.81,2025-05-01 15:14:50,logistics
EVID0002628,DSP000438,TXN0027859,customer_communication,APPLICABLE,1,1,1,0.6,2025-05-12 06:44:43,crm
EVID0002629,DSP000439,TXN0027884,order_confirmation,APPLICABLE,1,1,1,0.85,2025-05-06 03:22:00,billing
EVID0002630,DSP000439,TXN0027884,invoice,APPLICABLE,1,1,1,0.64,2025-05-06 21:51:55,billing
EVID0002631,DSP000439,TXN0027884,shipping_label,APPLICABLE,1,0,0,0.85,2025-05-04 00:07:56,logistics
EVID0002632,DSP000439,TXN0027884,tracking_number,APPLICABLE,1,0,1,0.75,2025-04-27 03:07:07,logistics
EVID0002633,DSP000439,TXN0027884,delivery_confirmation,APPLICABLE,1,0,0,0.84,2025-04-24 21:11:53,logistics
EVID0002634,DSP000439,TXN0027884,customer_communication,UNAVAILABLE,0,1,1,0.0,2025-05-11 13:07:58,crm
EVID0002635,DSP000440,TXN0027907,order_confirmation,APPLICABLE,1,1,1,0.8,2025-04-25 05:10:17,billing
EVID0002636,DSP000440,TXN0027907,invoice,APPLICABLE,1,1,1,0.73,2025-05-10 02:03:54,billing
EVID0002637,DSP000440,TXN0027907,shipping_label,APPLICABLE,1,0,1,0.61,2025-04-22 18:06:51,logistics
EVID0002638,DSP000440,TXN0027907,tracking_number,APPLICABLE,1,0,1,0.81,2025-05-13 07:51:57,logistics
EVID0002639,DSP000440,TXN0027907,delivery_confirmation,APPLICABLE,1,0,1,0.84,2025-04-26 19:45:47,logistics
EVID0002640,DSP000440,TXN0027907,customer_communication,APPLICABLE,1,1,1,0.84,2025-05-06 20:50:37,crm
EVID0002641,DSP000441,TXN0027959,order_confirmation,APPLICABLE,1,1,1,0.64,2025-04-24 00:15:55,billing
EVID0002642,DSP000441,TXN0027959,invoice,APPLICABLE,1,1,1,0.65,2025-05-02 19:23:55,billing
EVID0002643,DSP000441,TXN0027959,shipping_label,APPLICABLE,1,0,0,0.71,2025-05-01 01:18:54,logistics
EVID0002644,DSP000441,TXN0027959,tracking_number,APPLICABLE,1,0,0,0.67,2025-05-23 17:49:37,logistics
EVID0002645,DSP000441,TXN0027959,delivery_confirmation,UNAVAILABLE,0,0,1,0.0,2025-05-06 22:15:57,logistics
EVID0002646,DSP000441,TXN0027959,customer_communication,APPLICABLE,1,1,1,0.76,2025-04-26 17:44:36,crm
EVID0002647,DSP000442,TXN0027988,order_confirmation,APPLICABLE,1,1,1,0.85,2025-04-28 12:36:25,billing
EVID0002648,DSP000442,TXN0027988,invoice,APPLICABLE,1,1,1,0.83,2025-04-28 17:53:39,billing
EVID0002649,DSP000442,TXN0027988,shipping_label,APPLICABLE,1,0,1,0.74,2025-04-30 19:58:34,logistics
EVID0002650,DSP000442,TXN0027988,tracking_number,APPLICABLE,1,0,1,0.85,2025-04-26 00:37:21,logistics
EVID0002651,DSP000442,TXN0027988,delivery_confirmation,APPLICABLE,1,0,1,0.86,2025-04-23 21:58:47,logistics
EVID0002652,DSP000442,TXN0027988,customer_communication,APPLICABLE,1,1,1,0.85,2025-04-30 14:23:29,crm
EVID0002653,DSP000443,TXN0028002,order_confirmation,APPLICABLE,1,1,1,0.93,2025-05-11 08:40:59,billing
EVID0002654,DSP000443,TXN0028002,invoice,APPLICABLE,1,1,1,0.73,2025-05-10 18:39:04,billing
EVID0002655,DSP000443,TXN0028002,shipping_label,APPLICABLE,1,0,1,0.7,2025-05-01 21:39:07,logistics
EVID0002656,DSP000443,TXN0028002,tracking_number,APPLICABLE,1,0,0,0.63,2025-05-14 11:37:59,logistics
EVID0002657,DSP000443,TXN0028002,delivery_confirmation,APPLICABLE,1,0,1,0.91,2025-04-25 00:14:58,logistics
EVID0002658,DSP000443,TXN0028002,customer_communication,APPLICABLE,1,0,1,0.86,2025-05-05 15:01:45,crm
EVID0002659,DSP000444,TXN0028096,order_confirmation,APPLICABLE,1,1,1,0.7,2025-05-06 11:35:06,billing
EVID0002660,DSP000444,TXN0028096,invoice,APPLICABLE,1,1,1,0.63,2025-05-20 20:04:57,billing
EVID0002661,DSP000444,TXN0028096,shipping_label,NOT_APPLICABLE,0,0,0,0.0,2025-04-26 10:30:10,logistics
EVID0002662,DSP000444,TXN0028096,tracking_number,NOT_APPLICABLE,0,0,0,0.0,2025-04-30 18:46:03,logistics
EVID0002663,DSP000444,TXN0028096,delivery_confirmation,NOT_APPLICABLE,0,0,0,0.0,2025-04-28 03:21:16,logistics
EVID0002664,DSP000444,TXN0028096,customer_communication,UNAVAILABLE,0,1,1,0.0,2025-04-27 14:32:38,crm
EVID0002665,DSP000445,TXN0028111,order_confirmation,UNAVAILABLE,0,1,1,0.0,2025-05-04 12:49:02,billing
EVID0002666,DSP000445,TXN0028111,invoice,APPLICABLE,1,0,1,0.96,2025-05-20 08:44:19,billing
EVID0002667,DSP000445,TXN0028111,shipping_label,APPLICABLE,1,1,1,0.9,2025-04-26 10:47:49,logistics
EVID0002668,DSP000445,TXN0028111,tracking_number,APPLICABLE,1,1,1,0.86,2025-05-12 06:45:25,logistics
EVID0002669,DSP000445,TXN0028111,delivery_confirmation,APPLICABLE,1,1,1,0.95,2025-05-18 20:35:53,logistics
EVID0002670,DSP000445,TXN0028111,customer_communication,APPLICABLE,1,0,1,0.81,2025-05-13 19:29:15,crm
EVID0002671,DSP000446,TXN0028203,order_confirmation,APPLICABLE,1,1,1,0.81,2025-05-16 22:11:39,billing
EVID0002672,DSP000446,TXN0028203,invoice,APPLICABLE,1,0,1,0.61,2025-05-08 07:29:47,billing
EVID0002673,DSP000446,TXN0028203,shipping_label,APPLICABLE,1,0,0,0.89,2025-04-27 15:17:52,logistics
EVID0002674,DSP000446,TXN0028203,tracking_number,APPLICABLE,1,0,1,0.68,2025-05-12 23:17:20,logistics
EVID0002675,DSP000446,TXN0028203,delivery_confirmation,APPLICABLE,1,1,1,0.7,2025-04-25 11:46:12,logistics
EVID0002676,DSP000446,TXN0028203,customer_communication,APPLICABLE,1,1,1,0.69,2025-05-18 04:17:57,crm
EVID0002677,DSP000447,TXN0028226,order_confirmation,APPLICABLE,1,1,1,0.93,2025-05-23 23:21:48,billing
EVID0002678,DSP000447,TXN0028226,invoice,UNAVAILABLE,0,1,1,0.0,2025-05-01 00:28:54,billing
EVID0002679,DSP000447,TXN0028226,shipping_label,NOT_APPLICABLE,0,0,0,0.0,2025-04-29 16:49:52,logistics
EVID0002680,DSP000447,TXN0028226,tracking_number,NOT_APPLICABLE,0,0,0,0.0,2025-05-15 15:51:43,logistics
EVID0002681,DSP000447,TXN0028226,delivery_confirmation,NOT_APPLICABLE,0,0,0,0.0,2025-05-02 06:06:40,logistics
EVID0002682,DSP000447,TXN0028226,customer_communication,APPLICABLE,1,1,1,0.68,2025-05-01 23:27:13,crm
EVID0002683,DSP000448,TXN0028229,order_confirmation,APPLICABLE,1,1,1,0.88,2025-05-04 03:27:44,billing
EVID0002684,DSP000448,TXN0028229,invoice,APPLICABLE,1,1,1,0.92,2025-04-25 18:28:53,billing
EVID0002685,DSP000448,TXN0028229,shipping_label,APPLICABLE,1,0,1,0.89,2025-05-04 10:27:48,logistics
EVID0002686,DSP000448,TXN0028229,tracking_number,APPLICABLE,1,0,1,0.77,2025-04-28 18:27:18,logistics
EVID0002687,DSP000448,TXN0028229,delivery_confirmation,APPLICABLE,1,0,1,0.71,2025-04-27 10:58:26,logistics
EVID0002688,DSP000448,TXN0028229,customer_communication,APPLICABLE,1,1,1,0.84,2025-05-08 07:28:08,crm
EVID0002689,DSP000449,TXN0028287,order_confirmation,UNAVAILABLE,0,1,1,0.0,2025-04-25 22:35:12,billing
EVID0002690,DSP000449,TXN0028287,invoice,APPLICABLE,1,0,1,0.64,2025-04-26 10:14:47,billing
EVID0002691,DSP000449,TXN0028287,shipping_label,NOT_APPLICABLE,0,0,0,0.0,2025-05-03 17:38:00,logistics
EVID0002692,DSP000449,TXN0028287,tracking_number,NOT_APPLICABLE,0,0,0,0.0,2025-05-07 19:39:18,logistics
EVID0002693,DSP000449,TXN0028287,delivery_confirmation,NOT_APPLICABLE,0,0,0,0.0,2025-05-03 23:01:31,logistics
EVID0002694,DSP000449,TXN0028287,customer_communication,UNAVAILABLE,0,1,1,0.0,2025-05-07 17:08:39,crm
EVID0002695,DSP000450,TXN0028336,order_confirmation,APPLICABLE,1,1,1,0.6,2025-05-05 13:40:03,billing
EVID0002696,DSP000450,TXN0028336,invoice,APPLICABLE,1,0,0,0.69,2025-05-16 17:03:25,billing
EVID0002697,DSP000450,TXN0028336,shipping_label,UNAVAILABLE,0,0,1,0.0,2025-05-15 15:36:09,logistics
EVID0002698,DSP000450,TXN0028336,tracking_number,APPLICABLE,1,0,1,0.6,2025-04-24 17:58:26,logistics
EVID0002699,DSP000450,TXN0028336,delivery_confirmation,APPLICABLE,1,1,1,0.65,2025-05-13 12:58:14,logistics
EVID0002700,DSP000450,TXN0028336,customer_communication,APPLICABLE,1,1,1,0.82,2025-05-11 10:47:28,crm
EVID0002701,DSP000451,TXN0028392,order_confirmation,UNAVAILABLE,0,1,1,0.0,2025-06-01 13:46:52,billing
EVID0002702,DSP000451,TXN0028392,invoice,APPLICABLE,1,0,0,0.86,2025-05-14 23:54:49,billing
EVID0002703,DSP000451,TXN0028392,shipping_label,APPLICABLE,1,1,1,0.84,2025-04-30 02:08:43,logistics
EVID0002704,DSP000451,TXN0028392,tracking_number,APPLICABLE,1,1,1,0.74,2025-05-14 17:54:42,logistics
EVID0002705,DSP000451,TXN0028392,delivery_confirmation,APPLICABLE,1,1,1,0.89,2025-05-01 21:23:50,logistics
EVID0002706,DSP000451,TXN0028392,customer_communication,APPLICABLE,1,0,0,0.72,2025-05-01 19:42:59,crm
EVID0002707,DSP000452,TXN0028547,order_confirmation,UNAVAILABLE,0,1,1,0.0,2025-04-30 13:02:38,billing
EVID0002708,DSP000452,TXN0028547,invoice,APPLICABLE,1,1,1,0.87,2025-05-22 17:32:40,billing
EVID0002709,DSP000452,TXN0028547,shipping_label,NOT_APPLICABLE,0,0,0,0.0,2025-06-02 06:12:21,logistics
EVID0002710,DSP000452,TXN0028547,tracking_number,NOT_APPLICABLE,0,0,0,0.0,2025-04-30 07:37:58,logistics
EVID0002711,DSP000452,TXN0028547,delivery_confirmation,NOT_APPLICABLE,0,0,0,0.0,2025-06-02 13:25:50,logistics
EVID0002712,DSP000452,TXN0028547,customer_communication,APPLICABLE,1,1,1,0.79,2025-05-09 07:17:34,crm
EVID0002713,DSP000453,TXN0028572,order_confirmation,APPLICABLE,1,1,1,0.64,2025-05-14 01:28:36,billing
EVID0002714,DSP000453,TXN0028572,invoice,APPLICABLE,1,0,0,0.95,2025-05-19 00:56:46,billing
EVID0002715,DSP000453,TXN0028572,shipping_label,APPLICABLE,1,1,1,0.77,2025-05-18 10:20:17,logistics
EVID0002716,DSP000453,TXN0028572,tracking_number,APPLICABLE,1,1,1,0.63,2025-04-27 06:50:58,logistics
EVID0002717,DSP000453,TXN0028572,delivery_confirmation,APPLICABLE,1,1,1,0.69,2025-05-03 19:49:34,logistics
EVID0002718,DSP000453,TXN0028572,customer_communication,APPLICABLE,1,0,1,0.78,2025-05-08 20:04:46,crm
EVID0002719,DSP000454,TXN0028730,order_confirmation,APPLICABLE,1,1,1,0.84,2025-05-05 23:00:16,billing
EVID0002720,DSP000454,TXN0028730,invoice,APPLICABLE,1,0,1,0.78,2025-04-27 03:34:41,billing
EVID0002721,DSP000454,TXN0028730,shipping_label,NOT_APPLICABLE,0,0,0,0.0,2025-05-05 19:33:06,logistics
EVID0002722,DSP000454,TXN0028730,tracking_number,NOT_APPLICABLE,0,0,0,0.0,2025-05-04 06:05:42,logistics
EVID0002723,DSP000454,TXN0028730,delivery_confirmation,NOT_APPLICABLE,0,0,0,0.0,2025-05-01 23:23:08,logistics
EVID0002724,DSP000454,TXN0028730,customer_communication,APPLICABLE,1,0,0,0.8,2025-04-27 09:41:59,crm
EVID0002725,DSP000455,TXN0028774,order_confirmation,APPLICABLE,1,1,1,0.71,2025-05-04 13:22:06,billing
EVID0002726,DSP000455,TXN0028774,invoice,APPLICABLE,1,1,1,0.7,2025-05-16 04:42:32,billing
EVID0002727,DSP000455,TXN0028774,shipping_label,NOT_APPLICABLE,0,0,0,0.0,2025-05-15 14:52:59,logistics
EVID0002728,DSP000455,TXN0028774,tracking_number,NOT_APPLICABLE,0,0,0,0.0,2025-05-03 17:05:22,logistics
EVID0002729,DSP000455,TXN0028774,delivery_confirmation,NOT_APPLICABLE,0,0,0,0.0,2025-05-03 21:41:17,logistics
EVID0002730,DSP000455,TXN0028774,customer_communication,APPLICABLE,1,1,1,0.77,2025-05-03 03:51:39,crm
EVID0002731,DSP000456,TXN0028785,order_confirmation,APPLICABLE,1,1,1,0.62,2025-05-01 03:51:06,billing
EVID0002732,DSP000456,TXN0028785,invoice,APPLICABLE,1,1,1,0.85,2025-05-07 11:00:35,billing
EVID0002733,DSP000456,TXN0028785,shipping_label,APPLICABLE,1,0,1,0.66,2025-05-02 21:59:26,logistics
EVID0002734,DSP000456,TXN0028785,tracking_number,APPLICABLE,1,0,1,0.89,2025-05-10 23:30:19,logistics
EVID0002735,DSP000456,TXN0028785,delivery_confirmation,APPLICABLE,1,0,0,0.75,2025-05-17 21:40:53,logistics
EVID0002736,DSP000456,TXN0028785,customer_communication,UNAVAILABLE,0,1,1,0.0,2025-05-11 23:15:32,crm
EVID0002737,DSP000457,TXN0028801,order_confirmation,UNAVAILABLE,0,1,1,0.0,2025-04-30 18:13:38,billing
EVID0002738,DSP000457,TXN0028801,invoice,APPLICABLE,1,0,1,0.7,2025-05-05 13:09:41,billing
EVID0002739,DSP000457,TXN0028801,shipping_label,NOT_APPLICABLE,0,0,0,0.0,2025-05-17 20:50:15,logistics
EVID0002740,DSP000457,TXN0028801,tracking_number,NOT_APPLICABLE,0,0,0,0.0,2025-05-06 16:29:18,logistics
EVID0002741,DSP000457,TXN0028801,delivery_confirmation,NOT_APPLICABLE,0,0,0,0.0,2025-05-16 04:35:18,logistics
EVID0002742,DSP000457,TXN0028801,customer_communication,APPLICABLE,1,0,0,0.64,2025-05-19 22:38:15,crm
EVID0002743,DSP000458,TXN0028824,order_confirmation,APPLICABLE,1,1,1,0.72,2025-05-21 11:53:23,billing
EVID0002744,DSP000458,TXN0028824,invoice,APPLICABLE,1,0,0,0.6,2025-05-04 04:46:24,billing
EVID0002745,DSP000458,TXN0028824,shipping_label,APPLICABLE,1,0,1,0.6,2025-04-29 16:00:23,logistics
EVID0002746,DSP000458,TXN0028824,tracking_number,UNAVAILABLE,0,0,0,0.0,2025-05-11 14:02:30,logistics
EVID0002747,DSP000458,TXN0028824,delivery_confirmation,APPLICABLE,1,1,1,0.65,2025-05-30 22:15:55,logistics
EVID0002748,DSP000458,TXN0028824,customer_communication,APPLICABLE,1,1,1,0.66,2025-05-21 02:00:59,crm
EVID0002749,DSP000459,TXN0028996,order_confirmation,APPLICABLE,1,1,1,0.6,2025-04-27 07:42:31,billing
EVID0002750,DSP000459,TXN0028996,invoice,APPLICABLE,1,1,1,0.63,2025-04-29 01:52:53,billing
EVID0002751,DSP000459,TXN0028996,shipping_label,NOT_APPLICABLE,0,0,0,0.0,2025-04-29 07:25:24,logistics
EVID0002752,DSP000459,TXN0028996,tracking_number,NOT_APPLICABLE,0,0,0,0.0,2025-05-07 14:11:30,logistics
EVID0002753,DSP000459,TXN0028996,delivery_confirmation,NOT_APPLICABLE,0,0,0,0.0,2025-05-07 01:53:07,logistics
EVID0002754,DSP000459,TXN0028996,customer_communication,UNAVAILABLE,0,1,1,0.0,2025-04-29 09:44:34,crm
EVID0002755,DSP000460,TXN0029117,order_confirmation,APPLICABLE,1,1,1,0.81,2025-05-03 02:22:42,billing
EVID0002756,DSP000460,TXN0029117,invoice,UNAVAILABLE,0,1,1,0.0,2025-04-28 04:09:16,billing
EVID0002757,DSP000460,TXN0029117,shipping_label,NOT_APPLICABLE,0,0,0,0.0,2025-05-01 22:23:41,logistics
EVID0002758,DSP000460,TXN0029117,tracking_number,NOT_APPLICABLE,0,0,0,0.0,2025-04-29 23:25:22,logistics
EVID0002759,DSP000460,TXN0029117,delivery_confirmation,NOT_APPLICABLE,0,0,0,0.0,2025-04-30 21:13:47,logistics
EVID0002760,DSP000460,TXN0029117,customer_communication,APPLICABLE,1,1,1,0.6,2025-05-02 00:43:05,crm
EVID0002761,DSP000461,TXN0029146,order_confirmation,UNAVAILABLE,0,1,1,0.0,2025-05-28 11:20:44,billing
EVID0002762,DSP000461,TXN0029146,invoice,APPLICABLE,1,0,1,0.84,2025-05-03 15:21:43,billing
EVID0002763,DSP000461,TXN0029146,shipping_label,NOT_APPLICABLE,0,0,0,0.0,2025-04-29 02:38:54,logistics
EVID0002764,DSP000461,TXN0029146,tracking_number,NOT_APPLICABLE,0,0,0,0.0,2025-05-09 08:55:04,logistics
EVID0002765,DSP000461,TXN0029146,delivery_confirmation,NOT_APPLICABLE,0,0,0,0.0,2025-05-15 16:59:41,logistics
EVID0002766,DSP000461,TXN0029146,customer_communication,APPLICABLE,1,1,1,0.69,2025-05-21 08:31:03,crm
EVID0002767,DSP000462,TXN0029248,order_confirmation,UNAVAILABLE,0,1,1,0.0,2025-05-26 07:59:07,billing
EVID0002768,DSP000462,TXN0029248,invoice,APPLICABLE,1,1,1,0.85,2025-05-24 14:34:14,billing
EVID0002769,DSP000462,TXN0029248,shipping_label,APPLICABLE,1,0,1,0.74,2025-05-14 19:43:12,logistics
EVID0002770,DSP000462,TXN0029248,tracking_number,UNAVAILABLE,0,0,1,0.0,2025-05-14 13:17:57,logistics
EVID0002771,DSP000462,TXN0029248,delivery_confirmation,UNAVAILABLE,0,0,1,0.0,2025-05-05 18:43:38,logistics
EVID0002772,DSP000462,TXN0029248,customer_communication,UNAVAILABLE,0,1,1,0.0,2025-05-10 09:34:51,crm
EVID0002773,DSP000463,TXN0029306,order_confirmation,APPLICABLE,1,1,1,0.88,2025-04-29 09:34:15,billing
EVID0002774,DSP000463,TXN0029306,invoice,APPLICABLE,1,1,1,0.76,2025-05-02 03:32:51,billing
EVID0002775,DSP000463,TXN0029306,shipping_label,NOT_APPLICABLE,0,0,0,0.0,2025-05-18 22:02:03,logistics
EVID0002776,DSP000463,TXN0029306,tracking_number,NOT_APPLICABLE,0,0,0,0.0,2025-05-12 02:00:42,logistics
EVID0002777,DSP000463,TXN0029306,delivery_confirmation,NOT_APPLICABLE,0,0,0,0.0,2025-05-17 02:55:52,logistics
EVID0002778,DSP000463,TXN0029306,customer_communication,APPLICABLE,1,1,1,0.84,2025-05-03 09:29:48,crm
EVID0002779,DSP000464,TXN0029373,order_confirmation,APPLICABLE,1,1,1,0.85,2025-05-08 12:09:53,billing
EVID0002780,DSP000464,TXN0029373,invoice,APPLICABLE,1,1,1,0.91,2025-05-11 12:48:39,billing
EVID0002781,DSP000464,TXN0029373,shipping_label,NOT_APPLICABLE,0,0,0,0.0,2025-05-30 02:27:36,logistics
EVID0002782,DSP000464,TXN0029373,tracking_number,NOT_APPLICABLE,0,0,0,0.0,2025-05-18 08:24:58,logistics
EVID0002783,DSP000464,TXN0029373,delivery_confirmation,NOT_APPLICABLE,0,0,0,0.0,2025-05-23 09:19:18,logistics
EVID0002784,DSP000464,TXN0029373,customer_communication,APPLICABLE,1,1,1,0.92,2025-04-29 10:40:06,crm
EVID0002785,DSP000465,TXN0029389,order_confirmation,APPLICABLE,1,1,1,0.89,2025-05-06 22:24:47,billing
EVID0002786,DSP000465,TXN0029389,invoice,APPLICABLE,1,0,1,0.85,2025-05-27 17:00:03,billing
EVID0002787,DSP000465,TXN0029389,shipping_label,NOT_APPLICABLE,0,0,0,0.0,2025-04-28 22:28:50,logistics
EVID0002788,DSP000465,TXN0029389,tracking_number,NOT_APPLICABLE,0,0,0,0.0,2025-05-09 09:19:50,logistics
EVID0002789,DSP000465,TXN0029389,delivery_confirmation,NOT_APPLICABLE,0,0,0,0.0,2025-05-10 18:40:33,logistics
EVID0002790,DSP000465,TXN0029389,customer_communication,APPLICABLE,1,1,1,0.71,2025-05-28 01:23:30,crm
EVID0002791,DSP000466,TXN0029426,order_confirmation,APPLICABLE,1,1,1,0.91,2025-05-14 05:25:13,billing
EVID0002792,DSP000466,TXN0029426,invoice,APPLICABLE,1,1,1,0.83,2025-05-05 07:24:59,billing
EVID0002793,DSP000466,TXN0029426,shipping_label,APPLICABLE,1,0,1,0.6,2025-05-08 21:52:56,logistics
EVID0002794,DSP000466,TXN0029426,tracking_number,APPLICABLE,1,0,0,0.62,2025-05-20 08:39:12,logistics
EVID0002795,DSP000466,TXN0029426,delivery_confirmation,APPLICABLE,1,0,0,0.65,2025-05-07 18:18:35,logistics
EVID0002796,DSP000466,TXN0029426,customer_communication,APPLICABLE,1,1,1,0.74,2025-05-19 07:04:54,crm
EVID0002797,DSP000467,TXN0029497,order_confirmation,APPLICABLE,1,1,1,0.6,2025-05-21 10:39:22,billing
EVID0002798,DSP000467,TXN0029497,invoice,UNAVAILABLE,0,1,1,0.0,2025-05-13 10:56:17,billing
EVID0002799,DSP000467,TXN0029497,shipping_label,NOT_APPLICABLE,0,0,0,0.0,2025-05-24 01:30:02,logistics
EVID0002800,DSP000467,TXN0029497,tracking_number,NOT_APPLICABLE,0,0,0,0.0,2025-05-29 01:28:02,logistics
EVID0002801,DSP000467,TXN0029497,delivery_confirmation,NOT_APPLICABLE,0,0,0,0.0,2025-05-18 01:37:47,logistics
EVID0002802,DSP000467,TXN0029497,customer_communication,UNAVAILABLE,0,1,1,0.0,2025-05-27 03:53:25,crm
EVID0002803,DSP000468,TXN0029503,order_confirmation,APPLICABLE,1,1,1,0.7,2025-05-06 20:07:16,billing
EVID0002804,DSP000468,TXN0029503,invoice,APPLICABLE,1,0,1,0.65,2025-05-03 08:11:54,billing
EVID0002805,DSP000468,TXN0029503,shipping_label,APPLICABLE,1,1,1,0.86,2025-05-05 14:43:56,logistics
EVID0002806,DSP000468,TXN0029503,tracking_number,APPLICABLE,1,1,1,0.91,2025-05-06 15:44:53,logistics
EVID0002807,DSP000468,TXN0029503,delivery_confirmation,APPLICABLE,1,1,1,0.81,2025-05-06 00:08:41,logistics
EVID0002808,DSP000468,TXN0029503,customer_communication,APPLICABLE,1,0,1,0.68,2025-05-06 04:35:41,crm
EVID0002809,DSP000469,TXN0029520,order_confirmation,APPLICABLE,1,1,1,0.6,2025-05-01 11:25:28,billing
EVID0002810,DSP000469,TXN0029520,invoice,APPLICABLE,1,0,0,0.62,2025-05-10 13:04:55,billing
EVID0002811,DSP000469,TXN0029520,shipping_label,NOT_APPLICABLE,0,0,0,0.0,2025-04-30 09:38:13,logistics
EVID0002812,DSP000469,TXN0029520,tracking_number,NOT_APPLICABLE,0,0,0,0.0,2025-05-07 00:20:54,logistics
EVID0002813,DSP000469,TXN0029520,delivery_confirmation,NOT_APPLICABLE,0,0,0,0.0,2025-05-05 13:30:44,logistics
EVID0002814,DSP000469,TXN0029520,customer_communication,APPLICABLE,1,0,1,0.79,2025-05-14 09:37:21,crm
EVID0002815,DSP000470,TXN0029552,order_confirmation,APPLICABLE,1,1,1,0.66,2025-05-16 08:25:53,billing
EVID0002816,DSP000470,TXN0029552,invoice,APPLICABLE,1,0,1,0.75,2025-05-14 21:41:46,billing
EVID0002817,DSP000470,TXN0029552,shipping_label,APPLICABLE,1,1,1,0.73,2025-05-06 08:14:52,logistics
EVID0002818,DSP000470,TXN0029552,tracking_number,APPLICABLE,1,1,1,0.76,2025-05-03 15:55:01,logistics
EVID0002819,DSP000470,TXN0029552,delivery_confirmation,APPLICABLE,1,1,1,0.62,2025-05-02 17:31:46,logistics
EVID0002820,DSP000470,TXN0029552,customer_communication,APPLICABLE,1,0,0,0.86,2025-05-11 15:32:05,crm
EVID0002821,DSP000471,TXN0029563,order_confirmation,UNAVAILABLE,0,1,1,0.0,2025-05-03 03:43:39,billing
EVID0002822,DSP000471,TXN0029563,invoice,APPLICABLE,1,0,1,0.6,2025-04-30 23:23:56,billing
EVID0002823,DSP000471,TXN0029563,shipping_label,NOT_APPLICABLE,0,0,0,0.0,2025-04-29 14:03:21,logistics
EVID0002824,DSP000471,TXN0029563,tracking_number,NOT_APPLICABLE,0,0,0,0.0,2025-05-05 07:30:43,logistics
EVID0002825,DSP000471,TXN0029563,delivery_confirmation,NOT_APPLICABLE,0,0,0,0.0,2025-05-02 20:44:33,logistics
EVID0002826,DSP000471,TXN0029563,customer_communication,APPLICABLE,1,0,0,0.6,2025-05-02 10:12:18,crm
EVID0002827,DSP000472,TXN0029567,order_confirmation,APPLICABLE,1,1,1,0.6,2025-05-01 00:11:42,billing
EVID0002828,DSP000472,TXN0029567,invoice,APPLICABLE,1,0,0,0.75,2025-05-27 14:19:02,billing
EVID0002829,DSP000472,TXN0029567,shipping_label,NOT_APPLICABLE,0,0,0,0.0,2025-05-27 01:31:23,logistics
EVID0002830,DSP000472,TXN0029567,tracking_number,NOT_APPLICABLE,0,0,0,0.0,2025-05-08 12:18:45,logistics
EVID0002831,DSP000472,TXN0029567,delivery_confirmation,NOT_APPLICABLE,0,0,0,0.0,2025-05-15 22:51:50,logistics
EVID0002832,DSP000472,TXN0029567,customer_communication,UNAVAILABLE,0,0,0,0.0,2025-05-10 02:07:02,crm
EVID0002833,DSP000473,TXN0029589,order_confirmation,APPLICABLE,1,1,1,0.94,2025-05-16 18:41:13,billing
EVID0002834,DSP000473,TXN0029589,invoice,APPLICABLE,1,0,1,0.6,2025-05-24 00:04:20,billing
EVID0002835,DSP000473,TXN0029589,shipping_label,UNAVAILABLE,0,1,1,0.0,2025-05-13 22:45:36,logistics
EVID0002836,DSP000473,TXN0029589,tracking_number,APPLICABLE,1,1,1,0.83,2025-06-09 09:59:33,logistics
EVID0002837,DSP000473,TXN0029589,delivery_confirmation,UNAVAILABLE,0,1,1,0.0,2025-05-07 15:03:23,logistics
EVID0002838,DSP000473,TXN0029589,customer_communication,APPLICABLE,1,0,1,0.91,2025-06-09 04:25:22,crm
EVID0002839,DSP000474,TXN0029638,order_confirmation,APPLICABLE,1,1,1,0.75,2025-05-13 18:50:44,billing
EVID0002840,DSP000474,TXN0029638,invoice,APPLICABLE,1,1,1,0.83,2025-05-04 06:16:41,billing
EVID0002841,DSP000474,TXN0029638,shipping_label,APPLICABLE,1,0,1,0.63,2025-05-22 09:03:43,logistics
EVID0002842,DSP000474,TXN0029638,tracking_number,APPLICABLE,1,0,1,0.62,2025-05-05 17:37:41,logistics
EVID0002843,DSP000474,TXN0029638,delivery_confirmation,APPLICABLE,1,0,0,0.65,2025-06-04 11:47:44,logistics
EVID0002844,DSP000474,TXN0029638,customer_communication,APPLICABLE,1,1,1,0.88,2025-05-12 01:54:49,crm
EVID0002845,DSP000475,TXN0029675,order_confirmation,APPLICABLE,1,1,1,0.82,2025-05-15 22:37:18,billing
EVID0002846,DSP000475,TXN0029675,invoice,APPLICABLE,1,1,1,0.87,2025-05-31 10:03:11,billing
EVID0002847,DSP000475,TXN0029675,shipping_label,NOT_APPLICABLE,0,0,0,0.0,2025-05-03 23:37:24,logistics
EVID0002848,DSP000475,TXN0029675,tracking_number,NOT_APPLICABLE,0,0,0,0.0,2025-05-10 10:31:32,logistics
EVID0002849,DSP000475,TXN0029675,delivery_confirmation,NOT_APPLICABLE,0,0,0,0.0,2025-05-16 21:31:00,logistics
EVID0002850,DSP000475,TXN0029675,customer_communication,APPLICABLE,1,1,1,0.94,2025-05-10 11:46:39,crm
EVID0002851,DSP000476,TXN0029742,order_confirmation,APPLICABLE,1,1,1,0.8,2025-05-12 11:13:41,billing
EVID0002852,DSP000476,TXN0029742,invoice,APPLICABLE,1,0,1,0.82,2025-05-28 05:53:38,billing
EVID0002853,DSP000476,TXN0029742,shipping_label,APPLICABLE,1,0,1,0.67,2025-05-14 02:14:56,logistics
EVID0002854,DSP000476,TXN0029742,tracking_number,APPLICABLE,1,0,1,0.81,2025-05-22 07:58:30,logistics
EVID0002855,DSP000476,TXN0029742,delivery_confirmation,APPLICABLE,1,1,1,0.69,2025-05-05 12:52:48,logistics
EVID0002856,DSP000476,TXN0029742,customer_communication,APPLICABLE,1,1,1,0.65,2025-05-22 15:52:10,crm
EVID0002857,DSP000477,TXN0029798,order_confirmation,APPLICABLE,1,1,1,0.88,2025-05-30 09:20:54,billing
EVID0002858,DSP000477,TXN0029798,invoice,UNAVAILABLE,0,0,0,0.0,2025-05-03 17:12:20,billing
EVID0002859,DSP000477,TXN0029798,shipping_label,NOT_APPLICABLE,0,0,0,0.0,2025-05-23 04:24:32,logistics
EVID0002860,DSP000477,TXN0029798,tracking_number,NOT_APPLICABLE,0,0,0,0.0,2025-06-12 10:29:23,logistics
EVID0002861,DSP000477,TXN0029798,delivery_confirmation,NOT_APPLICABLE,0,0,0,0.0,2025-05-09 16:53:35,logistics
EVID0002862,DSP000477,TXN0029798,customer_communication,UNAVAILABLE,0,1,1,0.0,2025-05-24 13:19:54,crm
EVID0002863,DSP000478,TXN0029876,order_confirmation,APPLICABLE,1,1,1,0.87,2025-05-20 13:59:28,billing
EVID0002864,DSP000478,TXN0029876,invoice,APPLICABLE,1,1,1,0.77,2025-05-03 03:40:23,billing
EVID0002865,DSP000478,TXN0029876,shipping_label,NOT_APPLICABLE,0,0,0,0.0,2025-05-07 20:21:21,logistics
EVID0002866,DSP000478,TXN0029876,tracking_number,NOT_APPLICABLE,0,0,0,0.0,2025-05-07 04:43:42,logistics
EVID0002867,DSP000478,TXN0029876,delivery_confirmation,NOT_APPLICABLE,0,0,0,0.0,2025-05-10 06:02:55,logistics
EVID0002868,DSP000478,TXN0029876,customer_communication,APPLICABLE,1,1,1,0.88,2025-05-17 03:55:32,crm
EVID0002869,DSP000479,TXN0029883,order_confirmation,APPLICABLE,1,1,1,0.6,2025-05-15 21:40:17,billing
EVID0002870,DSP000479,TXN0029883,invoice,APPLICABLE,1,1,1,0.79,2025-06-04 06:52:20,billing
EVID0002871,DSP000479,TXN0029883,shipping_label,APPLICABLE,1,0,1,0.6,2025-05-09 07:11:20,logistics
EVID0002872,DSP000479,TXN0029883,tracking_number,UNAVAILABLE,0,0,1,0.0,2025-06-07 08:35:25,logistics
EVID0002873,DSP000479,TXN0029883,delivery_confirmation,APPLICABLE,1,0,1,0.6,2025-05-04 11:12:36,logistics
EVID0002874,DSP000479,TXN0029883,customer_communication,APPLICABLE,1,1,1,0.75,2025-05-24 05:07:51,crm
EVID0002875,DSP000480,TXN0030095,order_confirmation,APPLICABLE,1,1,1,0.72,2025-05-16 17:17:54,billing
EVID0002876,DSP000480,TXN0030095,invoice,APPLICABLE,1,0,1,0.73,2025-05-04 07:44:07,billing
EVID0002877,DSP000480,TXN0030095,shipping_label,NOT_APPLICABLE,0,0,0,0.0,2025-05-01 17:38:10,logistics
EVID0002878,DSP000480,TXN0030095,tracking_number,NOT_APPLICABLE,0,0,0,0.0,2025-05-23 10:49:29,logistics
EVID0002879,DSP000480,TXN0030095,delivery_confirmation,NOT_APPLICABLE,0,0,0,0.0,2025-05-14 18:49:40,logistics
EVID0002880,DSP000480,TXN0030095,customer_communication,UNAVAILABLE,0,0,0,0.0,2025-05-11 16:05:34,crm
EVID0002881,DSP000481,TXN0030244,order_confirmation,APPLICABLE,1,1,1,0.6,2025-05-13 20:29:25,billing
EVID0002882,DSP000481,TXN0030244,invoice,APPLICABLE,1,1,1,0.8,2025-05-04 02:34:44,billing
EVID0002883,DSP000481,TXN0030244,shipping_label,NOT_APPLICABLE,0,0,0,0.0,2025-05-05 02:40:31,logistics
EVID0002884,DSP000481,TXN0030244,tracking_number,NOT_APPLICABLE,0,0,0,0.0,2025-05-12 11:56:46,logistics
EVID0002885,DSP000481,TXN0030244,delivery_confirmation,NOT_APPLICABLE,0,0,0,0.0,2025-05-12 09:26:25,logistics
EVID0002886,DSP000481,TXN0030244,customer_communication,APPLICABLE,1,1,1,0.83,2025-05-11 18:17:05,crm
EVID0002887,DSP000482,TXN0030358,order_confirmation,APPLICABLE,1,1,1,0.89,2025-05-04 09:30:33,billing
EVID0002888,DSP000482,TXN0030358,invoice,APPLICABLE,1,0,0,0.6,2025-05-28 11:27:28,billing
EVID0002889,DSP000482,TXN0030358,shipping_label,NOT_APPLICABLE,0,0,0,0.0,2025-05-12 05:53:25,logistics
EVID0002890,DSP000482,TXN0030358,tracking_number,NOT_APPLICABLE,0,0,0,0.0,2025-05-20 16:15:02,logistics
EVID0002891,DSP000482,TXN0030358,delivery_confirmation,NOT_APPLICABLE,0,0,0,0.0,2025-05-03 05:57:25,logistics
EVID0002892,DSP000482,TXN0030358,customer_communication,APPLICABLE,1,0,0,0.68,2025-05-18 04:57:41,crm
EVID0002893,DSP000483,TXN0030405,order_confirmation,APPLICABLE,1,1,1,0.63,2025-05-02 19:12:12,billing
EVID0002894,DSP000483,TXN0030405,invoice,APPLICABLE,1,1,1,0.78,2025-05-08 17:45:03,billing
EVID0002895,DSP000483,TXN0030405,shipping_label,NOT_APPLICABLE,0,0,0,0.0,2025-05-08 04:36:37,logistics
EVID0002896,DSP000483,TXN0030405,tracking_number,NOT_APPLICABLE,0,0,0,0.0,2025-05-11 01:23:57,logistics
EVID0002897,DSP000483,TXN0030405,delivery_confirmation,NOT_APPLICABLE,0,0,0,0.0,2025-05-10 06:36:28,logistics
EVID0002898,DSP000483,TXN0030405,customer_communication,UNAVAILABLE,0,1,1,0.0,2025-05-05 19:54:31,crm
EVID0002899,DSP000484,TXN0030449,order_confirmation,APPLICABLE,1,1,1,0.75,2025-05-17 15:21:09,billing
EVID0002900,DSP000484,TXN0030449,invoice,APPLICABLE,1,1,1,0.68,2025-05-10 21:17:43,billing
EVID0002901,DSP000484,TXN0030449,shipping_label,NOT_APPLICABLE,0,0,0,0.0,2025-05-05 22:46:03,logistics
EVID0002902,DSP000484,TXN0030449,tracking_number,NOT_APPLICABLE,0,0,0,0.0,2025-05-04 23:58:06,logistics
EVID0002903,DSP000484,TXN0030449,delivery_confirmation,NOT_APPLICABLE,0,0,0,0.0,2025-05-17 06:08:00,logistics
EVID0002904,DSP000484,TXN0030449,customer_communication,APPLICABLE,1,1,1,0.61,2025-05-16 21:32:30,crm
EVID0002905,DSP000485,TXN0030460,order_confirmation,APPLICABLE,1,1,1,0.81,2025-05-19 04:37:27,billing
EVID0002906,DSP000485,TXN0030460,invoice,UNAVAILABLE,0,0,1,0.0,2025-05-23 20:16:27,billing
EVID0002907,DSP000485,TXN0030460,shipping_label,APPLICABLE,1,0,1,0.9,2025-06-05 03:10:28,logistics
EVID0002908,DSP000485,TXN0030460,tracking_number,APPLICABLE,1,0,1,0.89,2025-05-09 06:53:37,logistics
EVID0002909,DSP000485,TXN0030460,delivery_confirmation,APPLICABLE,1,1,1,0.74,2025-05-19 10:19:49,logistics
EVID0002910,DSP000485,TXN0030460,customer_communication,APPLICABLE,1,1,1,0.63,2025-05-26 14:07:02,crm
EVID0002911,DSP000486,TXN0030607,order_confirmation,UNAVAILABLE,0,1,1,0.0,2025-05-03 21:37:03,billing
EVID0002912,DSP000486,TXN0030607,invoice,UNAVAILABLE,0,1,1,0.0,2025-05-08 23:32:23,billing
EVID0002913,DSP000486,TXN0030607,shipping_label,NOT_APPLICABLE,0,0,0,0.0,2025-05-08 21:09:11,logistics
EVID0002914,DSP000486,TXN0030607,tracking_number,NOT_APPLICABLE,0,0,0,0.0,2025-05-06 14:54:34,logistics
EVID0002915,DSP000486,TXN0030607,delivery_confirmation,NOT_APPLICABLE,0,0,0,0.0,2025-05-08 13:30:14,logistics
EVID0002916,DSP000486,TXN0030607,customer_communication,APPLICABLE,1,1,1,0.88,2025-05-03 23:14:31,crm
EVID0002917,DSP000487,TXN0030664,order_confirmation,APPLICABLE,1,1,1,0.6,2025-05-21 09:04:02,billing
EVID0002918,DSP000487,TXN0030664,invoice,APPLICABLE,1,1,1,0.83,2025-06-07 02:27:38,billing
EVID0002919,DSP000487,TXN0030664,shipping_label,NOT_APPLICABLE,0,0,0,0.0,2025-06-04 03:53:31,logistics
EVID0002920,DSP000487,TXN0030664,tracking_number,NOT_APPLICABLE,0,0,0,0.0,2025-05-05 09:29:20,logistics
EVID0002921,DSP000487,TXN0030664,delivery_confirmation,NOT_APPLICABLE,0,0,0,0.0,2025-05-21 19:05:18,logistics
EVID0002922,DSP000487,TXN0030664,customer_communication,UNAVAILABLE,0,1,1,0.0,2025-06-03 15:59:08,crm
EVID0002923,DSP000488,TXN0030689,order_confirmation,APPLICABLE,1,1,1,0.61,2025-05-04 19:33:31,billing
EVID0002924,DSP000488,TXN0030689,invoice,UNAVAILABLE,0,1,1,0.0,2025-05-18 01:14:26,billing
EVID0002925,DSP000488,TXN0030689,shipping_label,NOT_APPLICABLE,0,0,0,0.0,2025-05-04 19:11:37,logistics
EVID0002926,DSP000488,TXN0030689,tracking_number,NOT_APPLICABLE,0,0,0,0.0,2025-05-19 16:52:48,logistics
EVID0002927,DSP000488,TXN0030689,delivery_confirmation,NOT_APPLICABLE,0,0,0,0.0,2025-05-06 06:14:07,logistics
EVID0002928,DSP000488,TXN0030689,customer_communication,APPLICABLE,1,1,1,0.85,2025-05-19 11:59:07,crm
EVID0002929,DSP000489,TXN0030753,order_confirmation,APPLICABLE,1,1,1,0.64,2025-05-08 20:21:26,billing
EVID0002930,DSP000489,TXN0030753,invoice,APPLICABLE,1,1,1,0.86,2025-05-09 04:22:43,billing
EVID0002931,DSP000489,TXN0030753,shipping_label,APPLICABLE,1,0,0,0.77,2025-05-08 09:43:10,logistics
EVID0002932,DSP000489,TXN0030753,tracking_number,APPLICABLE,1,0,0,0.77,2025-05-05 06:57:44,logistics
EVID0002933,DSP000489,TXN0030753,delivery_confirmation,APPLICABLE,1,0,1,0.9,2025-05-10 10:22:13,logistics
EVID0002934,DSP000489,TXN0030753,customer_communication,APPLICABLE,1,1,1,0.85,2025-05-06 20:34:41,crm
EVID0002935,DSP000490,TXN0030754,order_confirmation,APPLICABLE,1,1,1,0.6,2025-05-04 00:30:27,billing
EVID0002936,DSP000490,TXN0030754,invoice,APPLICABLE,1,1,1,0.6,2025-05-11 02:30:00,billing
EVID0002937,DSP000490,TXN0030754,shipping_label,APPLICABLE,1,0,1,0.94,2025-05-14 00:15:45,logistics
EVID0002938,DSP000490,TXN0030754,tracking_number,APPLICABLE,1,0,1,0.68,2025-05-06 05:54:44,logistics
EVID0002939,DSP000490,TXN0030754,delivery_confirmation,APPLICABLE,1,0,1,0.8,2025-05-10 08:21:37,logistics
EVID0002940,DSP000490,TXN0030754,customer_communication,APPLICABLE,1,1,1,0.75,2025-05-07 02:59:26,crm
EVID0002941,DSP000491,TXN0030787,order_confirmation,APPLICABLE,1,1,1,0.9,2025-05-09 14:08:12,billing
EVID0002942,DSP000491,TXN0030787,invoice,APPLICABLE,1,1,1,0.7,2025-05-17 14:20:36,billing
EVID0002943,DSP000491,TXN0030787,shipping_label,APPLICABLE,1,0,1,0.85,2025-05-09 09:48:01,logistics
EVID0002944,DSP000491,TXN0030787,tracking_number,APPLICABLE,1,0,1,0.8,2025-05-09 00:46:20,logistics
EVID0002945,DSP000491,TXN0030787,delivery_confirmation,UNAVAILABLE,0,0,1,0.0,2025-05-28 00:52:26,logistics
EVID0002946,DSP000491,TXN0030787,customer_communication,APPLICABLE,1,1,1,0.81,2025-05-13 12:24:22,crm
EVID0002947,DSP000492,TXN0030875,order_confirmation,APPLICABLE,1,1,1,0.68,2025-05-09 06:31:19,billing
EVID0002948,DSP000492,TXN0030875,invoice,APPLICABLE,1,1,1,0.9,2025-05-13 01:32:36,billing
EVID0002949,DSP000492,TXN0030875,shipping_label,APPLICABLE,1,0,0,0.89,2025-05-14 07:44:21,logistics
EVID0002950,DSP000492,TXN0030875,tracking_number,APPLICABLE,1,0,1,0.81,2025-05-11 13:05:36,logistics
EVID0002951,DSP000492,TXN0030875,delivery_confirmation,UNAVAILABLE,0,0,1,0.0,2025-05-08 06:27:47,logistics
EVID0002952,DSP000492,TXN0030875,customer_communication,APPLICABLE,1,0,0,0.87,2025-05-05 07:59:39,crm
EVID0002953,DSP000493,TXN0030887,order_confirmation,APPLICABLE,1,1,1,0.68,2025-05-27 17:38:02,billing
EVID0002954,DSP000493,TXN0030887,invoice,APPLICABLE,1,0,1,0.61,2025-05-20 10:48:04,billing
EVID0002955,DSP000493,TXN0030887,shipping_label,NOT_APPLICABLE,0,0,0,0.0,2025-05-15 18:50:18,logistics
EVID0002956,DSP000493,TXN0030887,tracking_number,NOT_APPLICABLE,0,0,0,0.0,2025-05-04 12:48:36,logistics
EVID0002957,DSP000493,TXN0030887,delivery_confirmation,NOT_APPLICABLE,0,0,0,0.0,2025-05-05 00:28:26,logistics
EVID0002958,DSP000493,TXN0030887,customer_communication,APPLICABLE,1,1,1,0.8,2025-06-06 00:07:45,crm
EVID0002959,DSP000494,TXN0030989,order_confirmation,APPLICABLE,1,1,1,0.94,2025-05-10 15:38:06,billing
EVID0002960,DSP000494,TXN0030989,invoice,UNAVAILABLE,0,0,0,0.0,2025-05-06 11:09:30,billing
EVID0002961,DSP000494,TXN0030989,shipping_label,APPLICABLE,1,1,1,0.71,2025-05-05 17:57:19,logistics
EVID0002962,DSP000494,TXN0030989,tracking_number,UNAVAILABLE,0,1,1,0.0,2025-05-14 02:46:13,logistics
EVID0002963,DSP000494,TXN0030989,delivery_confirmation,APPLICABLE,1,1,1,0.63,2025-05-10 20:45:42,logistics
EVID0002964,DSP000494,TXN0030989,customer_communication,UNAVAILABLE,0,0,1,0.0,2025-05-05 13:34:34,crm
EVID0002965,DSP000495,TXN0030998,order_confirmation,APPLICABLE,1,1,1,0.69,2025-05-15 18:24:28,billing
EVID0002966,DSP000495,TXN0030998,invoice,APPLICABLE,1,0,1,0.82,2025-05-11 20:46:35,billing
EVID0002967,DSP000495,TXN0030998,shipping_label,NOT_APPLICABLE,0,0,0,0.0,2025-05-11 02:11:42,logistics
EVID0002968,DSP000495,TXN0030998,tracking_number,NOT_APPLICABLE,0,0,0,0.0,2025-05-15 22:47:32,logistics
EVID0002969,DSP000495,TXN0030998,delivery_confirmation,NOT_APPLICABLE,0,0,0,0.0,2025-05-05 21:30:17,logistics
EVID0002970,DSP000495,TXN0030998,customer_communication,APPLICABLE,1,0,1,0.76,2025-05-07 02:28:26,crm
EVID0002971,DSP000496,TXN0031099,order_confirmation,APPLICABLE,1,1,1,0.93,2025-05-09 18:53:43,billing
EVID0002972,DSP000496,TXN0031099,invoice,APPLICABLE,1,1,1,0.68,2025-05-09 00:42:56,billing
EVID0002973,DSP000496,TXN0031099,shipping_label,APPLICABLE,1,0,0,0.74,2025-05-06 19:41:44,logistics
EVID0002974,DSP000496,TXN0031099,tracking_number,APPLICABLE,1,0,0,0.89,2025-05-07 12:11:40,logistics
EVID0002975,DSP000496,TXN0031099,delivery_confirmation,APPLICABLE,1,0,1,0.74,2025-05-09 09:42:43,logistics
EVID0002976,DSP000496,TXN0031099,customer_communication,UNAVAILABLE,0,1,1,0.0,2025-05-05 15:02:01,crm
EVID0002977,DSP000497,TXN0031172,order_confirmation,UNAVAILABLE,0,1,1,0.0,2025-05-09 10:48:10,billing
EVID0002978,DSP000497,TXN0031172,invoice,APPLICABLE,1,0,0,0.8,2025-05-09 08:26:59,billing
EVID0002979,DSP000497,TXN0031172,shipping_label,NOT_APPLICABLE,0,0,0,0.0,2025-05-06 11:01:38,logistics
EVID0002980,DSP000497,TXN0031172,tracking_number,NOT_APPLICABLE,0,0,0,0.0,2025-05-07 10:03:33,logistics
EVID0002981,DSP000497,TXN0031172,delivery_confirmation,NOT_APPLICABLE,0,0,0,0.0,2025-05-07 14:15:48,logistics
EVID0002982,DSP000497,TXN0031172,customer_communication,APPLICABLE,1,0,0,0.84,2025-05-08 01:56:29,crm
EVID0002983,DSP000498,TXN0031182,order_confirmation,APPLICABLE,1,1,1,0.6,2025-05-07 16:02:27,billing
EVID0002984,DSP000498,TXN0031182,invoice,APPLICABLE,1,1,1,0.79,2025-05-06 19:55:56,billing
EVID0002985,DSP000498,TXN0031182,shipping_label,NOT_APPLICABLE,0,0,0,0.0,2025-05-10 07:30:40,logistics
EVID0002986,DSP000498,TXN0031182,tracking_number,NOT_APPLICABLE,0,0,0,0.0,2025-05-10 07:21:27,logistics
EVID0002987,DSP000498,TXN0031182,delivery_confirmation,NOT_APPLICABLE,0,0,0,0.0,2025-05-10 23:45:10,logistics
EVID0002988,DSP000498,TXN0031182,customer_communication,UNAVAILABLE,0,1,1,0.0,2025-05-08 17:57:12,crm
EVID0002989,DSP000499,TXN0031192,order_confirmation,APPLICABLE,1,1,1,0.77,2025-05-13 13:49:48,billing
EVID0002990,DSP000499,TXN0031192,invoice,APPLICABLE,1,0,0,0.93,2025-05-10 23:14:21,billing
EVID0002991,DSP000499,TXN0031192,shipping_label,NOT_APPLICABLE,0,0,0,0.0,2025-05-11 21:54:21,logistics
EVID0002992,DSP000499,TXN0031192,tracking_number,NOT_APPLICABLE,0,0,0,0.0,2025-05-08 07:50:48,logistics
EVID0002993,DSP000499,TXN0031192,delivery_confirmation,NOT_APPLICABLE,0,0,0,0.0,2025-05-13 05:13:40,logistics
EVID0002994,DSP000499,TXN0031192,customer_communication,APPLICABLE,1,0,1,0.65,2025-05-10 12:21:12,crm
EVID0002995,DSP000500,TXN0031199,order_confirmation,UNAVAILABLE,0,1,1,0.0,2025-06-02 03:19:12,billing
EVID0002996,DSP000500,TXN0031199,invoice,APPLICABLE,1,0,1,0.76,2025-05-26 18:56:59,billing
EVID0002997,DSP000500,TXN0031199,shipping_label,NOT_APPLICABLE,0,0,0,0.0,2025-05-14 07:38:12,logistics
EVID0002998,DSP000500,TXN0031199,tracking_number,NOT_APPLICABLE,0,0,0,0.0,2025-06-04 04:41:46,logistics
EVID0002999,DSP000500,TXN0031199,delivery_confirmation,NOT_APPLICABLE,0,0,0,0.0,2025-05-23 22:53:41,logistics
EVID0003000,DSP000500,TXN0031199,customer_communication,APPLICABLE,1,0,0,0.71,2025-05-22 22:15:03,crm
EVID0003001,DSP000501,TXN0031223,order_confirmation,APPLICABLE,1,1,1,0.6,2025-06-15 07:34:01,billing
EVID0003002,DSP000501,TXN0031223,invoice,UNAVAILABLE,0,0,1,0.0,2025-06-09 21:56:32,billing
EVID0003003,DSP000501,TXN0031223,shipping_label,NOT_APPLICABLE,0,0,0,0.0,2025-05-11 22:49:33,logistics
EVID0003004,DSP000501,TXN0031223,tracking_number,NOT_APPLICABLE,0,0,0,0.0,2025-05-29 01:25:47,logistics
EVID0003005,DSP000501,TXN0031223,delivery_confirmation,NOT_APPLICABLE,0,0,0,0.0,2025-05-29 07:18:20,logistics
EVID0003006,DSP000501,TXN0031223,customer_communication,APPLICABLE,1,0,1,0.67,2025-05-11 02:10:59,crm
EVID0003007,DSP000502,TXN0031290,order_confirmation,APPLICABLE,1,1,1,0.61,2025-05-18 11:40:06,billing
EVID0003008,DSP000502,TXN0031290,invoice,APPLICABLE,1,0,1,0.8,2025-05-21 00:58:52,billing
EVID0003009,DSP000502,TXN0031290,shipping_label,NOT_APPLICABLE,0,0,0,0.0,2025-05-06 09:16:05,logistics
EVID0003010,DSP000502,TXN0031290,tracking_number,NOT_APPLICABLE,0,0,0,0.0,2025-05-31 06:19:28,logistics
EVID0003011,DSP000502,TXN0031290,delivery_confirmation,NOT_APPLICABLE,0,0,0,0.0,2025-06-02 18:42:44,logistics
EVID0003012,DSP000502,TXN0031290,customer_communication,APPLICABLE,1,1,1,0.62,2025-06-02 05:09:16,crm
EVID0003013,DSP000503,TXN0031310,order_confirmation,APPLICABLE,1,1,1,0.66,2025-05-31 06:33:34,billing
EVID0003014,DSP000503,TXN0031310,invoice,APPLICABLE,1,1,1,0.76,2025-06-08 06:57:35,billing
EVID0003015,DSP000503,TXN0031310,shipping_label,APPLICABLE,1,0,1,0.7,2025-06-08 21:20:07,logistics
EVID0003016,DSP000503,TXN0031310,tracking_number,APPLICABLE,1,0,1,0.6,2025-06-04 21:24:03,logistics
EVID0003017,DSP000503,TXN0031310,delivery_confirmation,APPLICABLE,1,0,1,0.8,2025-05-10 12:03:55,logistics
EVID0003018,DSP000503,TXN0031310,customer_communication,APPLICABLE,1,1,1,0.9,2025-05-26 21:24:16,crm
EVID0003019,DSP000504,TXN0031323,order_confirmation,APPLICABLE,1,1,1,0.91,2025-05-29 08:31:58,billing
EVID0003020,DSP000504,TXN0031323,invoice,APPLICABLE,1,1,1,0.93,2025-05-22 17:52:17,billing
EVID0003021,DSP000504,TXN0031323,shipping_label,NOT_APPLICABLE,0,0,0,0.0,2025-06-07 04:19:23,logistics
EVID0003022,DSP000504,TXN0031323,tracking_number,NOT_APPLICABLE,0,0,0,0.0,2025-06-07 18:59:08,logistics
EVID0003023,DSP000504,TXN0031323,delivery_confirmation,NOT_APPLICABLE,0,0,0,0.0,2025-06-06 02:20:04,logistics
EVID0003024,DSP000504,TXN0031323,customer_communication,APPLICABLE,1,1,1,0.69,2025-05-24 15:27:28,crm
EVID0003025,DSP000505,TXN0031377,order_confirmation,APPLICABLE,1,1,1,0.68,2025-05-06 22:48:55,billing
EVID0003026,DSP000505,TXN0031377,invoice,APPLICABLE,1,0,1,0.78,2025-06-06 14:51:42,billing
EVID0003027,DSP000505,TXN0031377,shipping_label,NOT_APPLICABLE,0,0,0,0.0,2025-05-14 00:04:54,logistics
EVID0003028,DSP000505,TXN0031377,tracking_number,NOT_APPLICABLE,0,0,0,0.0,2025-05-30 22:16:37,logistics
EVID0003029,DSP000505,TXN0031377,delivery_confirmation,NOT_APPLICABLE,0,0,0,0.0,2025-05-29 04:00:33,logistics
EVID0003030,DSP000505,TXN0031377,customer_communication,APPLICABLE,1,1,1,0.95,2025-05-30 10:56:15,crm
EVID0003031,DSP000506,TXN0031489,order_confirmation,APPLICABLE,1,1,1,0.92,2025-05-09 14:22:38,billing
EVID0003032,DSP000506,TXN0031489,invoice,APPLICABLE,1,1,1,0.7,2025-05-10 16:35:33,billing
EVID0003033,DSP000506,TXN0031489,shipping_label,NOT_APPLICABLE,0,0,0,0.0,2025-05-10 01:13:53,logistics
EVID0003034,DSP000506,TXN0031489,tracking_number,NOT_APPLICABLE,0,0,0,0.0,2025-05-07 06:52:41,logistics
EVID0003035,DSP000506,TXN0031489,delivery_confirmation,NOT_APPLICABLE,0,0,0,0.0,2025-05-12 19:51:58,logistics
EVID0003036,DSP000506,TXN0031489,customer_communication,APPLICABLE,1,1,1,0.84,2025-05-09 09:04:49,crm
EVID0003037,DSP000507,TXN0031668,order_confirmation,APPLICABLE,1,1,1,0.9,2025-06-16 03:37:04,billing
EVID0003038,DSP000507,TXN0031668,invoice,APPLICABLE,1,0,0,0.72,2025-05-18 21:25:06,billing
EVID0003039,DSP000507,TXN0031668,shipping_label,UNAVAILABLE,0,0,1,0.0,2025-05-11 07:28:04,logistics
EVID0003040,DSP000507,TXN0031668,tracking_number,APPLICABLE,1,0,1,0.85,2025-05-29 18:30:27,logistics
EVID0003041,DSP000507,TXN0031668,delivery_confirmation,APPLICABLE,1,1,1,0.89,2025-05-29 01:08:28,logistics
EVID0003042,DSP000507,TXN0031668,customer_communication,APPLICABLE,1,1,1,0.88,2025-06-15 09:09:38,crm
EVID0003043,DSP000508,TXN0031671,order_confirmation,APPLICABLE,1,1,1,0.6,2025-05-29 04:33:22,billing
EVID0003044,DSP000508,TXN0031671,invoice,APPLICABLE,1,0,1,0.6,2025-05-22 19:55:21,billing
EVID0003045,DSP000508,TXN0031671,shipping_label,NOT_APPLICABLE,0,0,0,0.0,2025-05-13 05:59:15,logistics
EVID0003046,DSP000508,TXN0031671,tracking_number,NOT_APPLICABLE,0,0,0,0.0,2025-05-31 15:09:58,logistics
EVID0003047,DSP000508,TXN0031671,delivery_confirmation,NOT_APPLICABLE,0,0,0,0.0,2025-05-08 08:23:12,logistics
EVID0003048,DSP000508,TXN0031671,customer_communication,APPLICABLE,1,0,0,0.86,2025-05-12 11:16:20,crm
EVID0003049,DSP000509,TXN0031774,order_confirmation,UNAVAILABLE,0,1,1,0.0,2025-06-03 11:08:52,billing
EVID0003050,DSP000509,TXN0031774,invoice,APPLICABLE,1,1,1,0.72,2025-05-07 19:35:56,billing
EVID0003051,DSP000509,TXN0031774,shipping_label,APPLICABLE,1,0,1,0.69,2025-05-12 05:18:08,logistics
EVID0003052,DSP000509,TXN0031774,tracking_number,APPLICABLE,1,0,1,0.77,2025-05-22 14:17:01,logistics
EVID0003053,DSP000509,TXN0031774,delivery_confirmation,APPLICABLE,1,0,0,0.74,2025-06-01 11:39:28,logistics
EVID0003054,DSP000509,TXN0031774,customer_communication,APPLICABLE,1,1,1,0.65,2025-06-04 02:33:58,crm
EVID0003055,DSP000510,TXN0031788,order_confirmation,APPLICABLE,1,1,1,0.6,2025-05-24 09:45:47,billing
EVID0003056,DSP000510,TXN0031788,invoice,APPLICABLE,1,0,1,0.94,2025-05-25 11:57:49,billing
EVID0003057,DSP000510,TXN0031788,shipping_label,APPLICABLE,1,0,1,0.91,2025-06-16 22:11:46,logistics
EVID0003058,DSP000510,TXN0031788,tracking_number,UNAVAILABLE,0,0,0,0.0,2025-05-10 11:52:27,logistics
EVID0003059,DSP000510,TXN0031788,delivery_confirmation,APPLICABLE,1,1,1,0.74,2025-06-16 12:02:02,logistics
EVID0003060,DSP000510,TXN0031788,customer_communication,APPLICABLE,1,1,1,0.63,2025-05-18 16:21:27,crm
EVID0003061,DSP000511,TXN0031822,order_confirmation,APPLICABLE,1,1,1,0.82,2025-06-07 04:22:18,billing
EVID0003062,DSP000511,TXN0031822,invoice,UNAVAILABLE,0,0,1,0.0,2025-06-06 05:17:42,billing
EVID0003063,DSP000511,TXN0031822,shipping_label,NOT_APPLICABLE,0,0,0,0.0,2025-05-31 01:32:31,logistics
EVID0003064,DSP000511,TXN0031822,tracking_number,NOT_APPLICABLE,0,0,0,0.0,2025-06-08 23:57:24,logistics
EVID0003065,DSP000511,TXN0031822,delivery_confirmation,NOT_APPLICABLE,0,0,0,0.0,2025-05-25 17:34:12,logistics
EVID0003066,DSP000511,TXN0031822,customer_communication,APPLICABLE,1,1,1,0.82,2025-05-30 01:32:23,crm
EVID0003067,DSP000512,TXN0031826,order_confirmation,APPLICABLE,1,1,1,0.91,2025-05-08 05:04:00,billing
EVID0003068,DSP000512,TXN0031826,invoice,APPLICABLE,1,0,1,0.63,2025-05-12 07:51:15,billing
EVID0003069,DSP000512,TXN0031826,shipping_label,NOT_APPLICABLE,0,0,0,0.0,2025-05-12 11:52:07,logistics
EVID0003070,DSP000512,TXN0031826,tracking_number,NOT_APPLICABLE,0,0,0,0.0,2025-05-15 20:59:38,logistics
EVID0003071,DSP000512,TXN0031826,delivery_confirmation,NOT_APPLICABLE,0,0,0,0.0,2025-05-17 21:25:06,logistics
EVID0003072,DSP000512,TXN0031826,customer_communication,UNAVAILABLE,0,0,1,0.0,2025-05-11 17:28:23,crm
EVID0003073,DSP000513,TXN0031843,order_confirmation,APPLICABLE,1,1,1,0.61,2025-05-13 11:47:31,billing
EVID0003074,DSP000513,TXN0031843,invoice,APPLICABLE,1,0,1,0.6,2025-05-10 13:15:11,billing
EVID0003075,DSP000513,TXN0031843,shipping_label,APPLICABLE,1,0,1,0.73,2025-05-16 07:10:21,logistics
EVID0003076,DSP000513,TXN0031843,tracking_number,APPLICABLE,1,0,1,0.64,2025-06-01 05:37:52,logistics
EVID0003077,DSP000513,TXN0031843,delivery_confirmation,APPLICABLE,1,1,1,0.87,2025-05-15 03:33:10,logistics
EVID0003078,DSP000513,TXN0031843,customer_communication,APPLICABLE,1,1,1,0.87,2025-06-12 03:06:56,crm
EVID0003079,DSP000514,TXN0031846,order_confirmation,APPLICABLE,1,1,1,0.78,2025-05-10 17:28:49,billing
EVID0003080,DSP000514,TXN0031846,invoice,UNAVAILABLE,0,1,1,0.0,2025-05-10 15:02:24,billing
EVID0003081,DSP000514,TXN0031846,shipping_label,NOT_APPLICABLE,0,0,0,0.0,2025-05-09 19:35:02,logistics
EVID0003082,DSP000514,TXN0031846,tracking_number,NOT_APPLICABLE,0,0,0,0.0,2025-05-13 02:51:12,logistics
EVID0003083,DSP000514,TXN0031846,delivery_confirmation,NOT_APPLICABLE,0,0,0,0.0,2025-05-10 23:12:32,logistics
EVID0003084,DSP000514,TXN0031846,customer_communication,APPLICABLE,1,1,1,0.6,2025-05-13 21:32:18,crm
EVID0003085,DSP000515,TXN0031883,order_confirmation,APPLICABLE,1,1,1,0.69,2025-05-11 02:04:47,billing
EVID0003086,DSP000515,TXN0031883,invoice,APPLICABLE,1,0,0,0.93,2025-05-18 12:44:53,billing
EVID0003087,DSP000515,TXN0031883,shipping_label,APPLICABLE,1,0,1,0.81,2025-05-09 14:23:24,logistics
EVID0003088,DSP000515,TXN0031883,tracking_number,UNAVAILABLE,0,0,1,0.0,2025-05-23 20:11:27,logistics
EVID0003089,DSP000515,TXN0031883,delivery_confirmation,APPLICABLE,1,1,1,0.65,2025-05-22 18:18:32,logistics
EVID0003090,DSP000515,TXN0031883,customer_communication,UNAVAILABLE,0,1,1,0.0,2025-05-11 11:04:55,crm
EVID0003091,DSP000516,TXN0031988,order_confirmation,UNAVAILABLE,0,1,1,0.0,2025-06-02 06:07:38,billing
EVID0003092,DSP000516,TXN0031988,invoice,APPLICABLE,1,1,1,0.6,2025-05-15 07:33:25,billing
EVID0003093,DSP000516,TXN0031988,shipping_label,UNAVAILABLE,0,0,0,0.0,2025-06-01 23:52:19,logistics
EVID0003094,DSP000516,TXN0031988,tracking_number,APPLICABLE,1,0,0,0.79,2025-05-08 23:44:54,logistics
EVID0003095,DSP000516,TXN0031988,delivery_confirmation,UNAVAILABLE,0,0,0,0.0,2025-06-03 12:36:50,logistics
EVID0003096,DSP000516,TXN0031988,customer_communication,UNAVAILABLE,0,1,1,0.0,2025-05-11 03:17:05,crm
EVID0003097,DSP000517,TXN0032031,order_confirmation,UNAVAILABLE,0,1,1,0.0,2025-06-02 14:53:26,billing
EVID0003098,DSP000517,TXN0032031,invoice,APPLICABLE,1,1,1,0.6,2025-05-17 13:05:44,billing
EVID0003099,DSP000517,TXN0032031,shipping_label,APPLICABLE,1,0,1,0.66,2025-06-06 00:42:16,logistics
EVID0003100,DSP000517,TXN0032031,tracking_number,UNAVAILABLE,0,0,1,0.0,2025-05-17 08:57:26,logistics
EVID0003101,DSP000517,TXN0032031,delivery_confirmation,APPLICABLE,1,0,0,0.62,2025-05-15 04:12:56,logistics
EVID0003102,DSP000517,TXN0032031,customer_communication,APPLICABLE,1,1,1,0.86,2025-05-13 23:17:20,crm
EVID0003103,DSP000518,TXN0032304,order_confirmation,APPLICABLE,1,1,1,0.87,2025-06-22 05:32:58,billing
EVID0003104,DSP000518,TXN0032304,invoice,APPLICABLE,1,1,1,0.84,2025-05-26 00:06:34,billing
EVID0003105,DSP000518,TXN0032304,shipping_label,NOT_APPLICABLE,0,0,0,0.0,2025-06-03 20:27:55,logistics
EVID0003106,DSP000518,TXN0032304,tracking_number,NOT_APPLICABLE,0,0,0,0.0,2025-06-22 04:01:43,logistics
EVID0003107,DSP000518,TXN0032304,delivery_confirmation,NOT_APPLICABLE,0,0,0,0.0,2025-05-29 01:17:56,logistics
EVID0003108,DSP000518,TXN0032304,customer_communication,UNAVAILABLE,0,1,1,0.0,2025-05-30 16:54:51,crm
EVID0003109,DSP000519,TXN0032345,order_confirmation,UNAVAILABLE,0,1,1,0.0,2025-05-18 18:59:20,billing
EVID0003110,DSP000519,TXN0032345,invoice,APPLICABLE,1,0,1,0.61,2025-05-17 14:37:39,billing
EVID0003111,DSP000519,TXN0032345,shipping_label,NOT_APPLICABLE,0,0,0,0.0,2025-05-21 11:03:39,logistics
EVID0003112,DSP000519,TXN0032345,tracking_number,NOT_APPLICABLE,0,0,0,0.0,2025-05-13 16:57:14,logistics
EVID0003113,DSP000519,TXN0032345,delivery_confirmation,NOT_APPLICABLE,0,0,0,0.0,2025-05-13 19:45:17,logistics
EVID0003114,DSP000519,TXN0032345,customer_communication,APPLICABLE,1,0,0,0.9,2025-05-20 11:42:02,crm
EVID0003115,DSP000520,TXN0032415,order_confirmation,UNAVAILABLE,0,1,1,0.0,2025-06-04 11:33:45,billing
EVID0003116,DSP000520,TXN0032415,invoice,APPLICABLE,1,0,1,0.77,2025-05-25 02:57:18,billing
EVID0003117,DSP000520,TXN0032415,shipping_label,NOT_APPLICABLE,0,0,0,0.0,2025-06-20 12:56:56,logistics
EVID0003118,DSP000520,TXN0032415,tracking_number,NOT_APPLICABLE,0,0,0,0.0,2025-06-13 15:59:46,logistics
EVID0003119,DSP000520,TXN0032415,delivery_confirmation,NOT_APPLICABLE,0,0,0,0.0,2025-06-06 04:56:10,logistics
EVID0003120,DSP000520,TXN0032415,customer_communication,APPLICABLE,1,0,1,0.66,2025-06-21 09:29:35,crm
EVID0003121,DSP000521,TXN0032463,order_confirmation,UNAVAILABLE,0,1,1,0.0,2025-05-20 11:07:55,billing
EVID0003122,DSP000521,TXN0032463,invoice,APPLICABLE,1,1,1,0.88,2025-05-20 21:24:44,billing
EVID0003123,DSP000521,TXN0032463,shipping_label,UNAVAILABLE,0,0,1,0.0,2025-06-10 00:17:14,logistics
EVID0003124,DSP000521,TXN0032463,tracking_number,APPLICABLE,1,0,0,0.91,2025-06-14 09:23:51,logistics
EVID0003125,DSP000521,TXN0032463,delivery_confirmation,APPLICABLE,1,0,0,0.68,2025-05-24 19:37:44,logistics
EVID0003126,DSP000521,TXN0032463,customer_communication,APPLICABLE,1,1,1,0.81,2025-06-13 01:02:22,crm
EVID0003127,DSP000522,TXN0032550,order_confirmation,APPLICABLE,1,1,1,0.89,2025-05-22 19:49:08,billing
EVID0003128,DSP000522,TXN0032550,invoice,UNAVAILABLE,0,0,0,0.0,2025-05-22 14:54:37,billing
EVID0003129,DSP000522,TXN0032550,shipping_label,NOT_APPLICABLE,0,0,0,0.0,2025-05-13 03:34:09,logistics
EVID0003130,DSP000522,TXN0032550,tracking_number,NOT_APPLICABLE,0,0,0,0.0,2025-05-17 02:32:49,logistics
EVID0003131,DSP000522,TXN0032550,delivery_confirmation,NOT_APPLICABLE,0,0,0,0.0,2025-05-17 13:47:22,logistics
EVID0003132,DSP000522,TXN0032550,customer_communication,APPLICABLE,1,0,1,0.88,2025-05-19 10:00:37,crm
EVID0003133,DSP000523,TXN0032603,order_confirmation,UNAVAILABLE,0,1,1,0.0,2025-05-17 05:16:21,billing
EVID0003134,DSP000523,TXN0032603,invoice,APPLICABLE,1,0,0,0.71,2025-05-18 11:06:33,billing
EVID0003135,DSP000523,TXN0032603,shipping_label,NOT_APPLICABLE,0,0,0,0.0,2025-05-18 07:33:54,logistics
EVID0003136,DSP000523,TXN0032603,tracking_number,NOT_APPLICABLE,0,0,0,0.0,2025-05-19 11:40:42,logistics
EVID0003137,DSP000523,TXN0032603,delivery_confirmation,NOT_APPLICABLE,0,0,0,0.0,2025-05-20 00:11:35,logistics
EVID0003138,DSP000523,TXN0032603,customer_communication,UNAVAILABLE,0,1,1,0.0,2025-05-16 10:57:14,crm
EVID0003139,DSP000524,TXN0032667,order_confirmation,APPLICABLE,1,1,1,0.75,2025-05-24 05:47:49,billing
EVID0003140,DSP000524,TXN0032667,invoice,APPLICABLE,1,1,1,0.6,2025-05-14 03:18:29,billing
EVID0003141,DSP000524,TXN0032667,shipping_label,NOT_APPLICABLE,0,0,0,0.0,2025-05-12 04:00:24,logistics
EVID0003142,DSP000524,TXN0032667,tracking_number,NOT_APPLICABLE,0,0,0,0.0,2025-05-20 19:09:27,logistics
EVID0003143,DSP000524,TXN0032667,delivery_confirmation,NOT_APPLICABLE,0,0,0,0.0,2025-05-15 01:56:37,logistics
EVID0003144,DSP000524,TXN0032667,customer_communication,APPLICABLE,1,1,1,0.63,2025-05-12 20:11:50,crm
EVID0003145,DSP000525,TXN0032743,order_confirmation,APPLICABLE,1,1,1,0.85,2025-05-18 16:16:56,billing
EVID0003146,DSP000525,TXN0032743,invoice,UNAVAILABLE,0,1,1,0.0,2025-05-17 19:16:44,billing
EVID0003147,DSP000525,TXN0032743,shipping_label,APPLICABLE,1,0,0,0.78,2025-05-15 06:37:02,logistics
EVID0003148,DSP000525,TXN0032743,tracking_number,APPLICABLE,1,0,1,0.71,2025-05-13 05:27:12,logistics
EVID0003149,DSP000525,TXN0032743,delivery_confirmation,UNAVAILABLE,0,0,1,0.0,2025-05-18 21:14:54,logistics
EVID0003150,DSP000525,TXN0032743,customer_communication,APPLICABLE,1,1,1,0.72,2025-05-16 16:09:20,crm
EVID0003151,DSP000526,TXN0032799,order_confirmation,APPLICABLE,1,1,1,0.74,2025-05-12 11:02:16,billing
EVID0003152,DSP000526,TXN0032799,invoice,APPLICABLE,1,0,1,0.89,2025-05-15 13:50:25,billing
EVID0003153,DSP000526,TXN0032799,shipping_label,NOT_APPLICABLE,0,0,0,0.0,2025-05-17 02:31:47,logistics
EVID0003154,DSP000526,TXN0032799,tracking_number,NOT_APPLICABLE,0,0,0,0.0,2025-05-15 22:29:37,logistics
EVID0003155,DSP000526,TXN0032799,delivery_confirmation,NOT_APPLICABLE,0,0,0,0.0,2025-05-16 07:48:34,logistics
EVID0003156,DSP000526,TXN0032799,customer_communication,UNAVAILABLE,0,1,1,0.0,2025-05-15 05:56:36,crm
EVID0003157,DSP000527,TXN0033108,order_confirmation,UNAVAILABLE,0,1,1,0.0,2025-05-26 14:34:17,billing
EVID0003158,DSP000527,TXN0033108,invoice,APPLICABLE,1,1,1,0.87,2025-05-22 10:09:02,billing
EVID0003159,DSP000527,TXN0033108,shipping_label,NOT_APPLICABLE,0,0,0,0.0,2025-05-18 18:01:01,logistics
EVID0003160,DSP000527,TXN0033108,tracking_number,NOT_APPLICABLE,0,0,0,0.0,2025-05-25 09:14:29,logistics
EVID0003161,DSP000527,TXN0033108,delivery_confirmation,NOT_APPLICABLE,0,0,0,0.0,2025-05-29 21:07:55,logistics
EVID0003162,DSP000527,TXN0033108,customer_communication,APPLICABLE,1,1,1,0.6,2025-05-19 23:10:09,crm
EVID0003163,DSP000528,TXN0033253,order_confirmation,APPLICABLE,1,1,1,0.74,2025-05-28 20:29:36,billing
EVID0003164,DSP000528,TXN0033253,invoice,APPLICABLE,1,1,1,0.89,2025-06-09 11:29:49,billing
EVID0003165,DSP000528,TXN0033253,shipping_label,NOT_APPLICABLE,0,0,0,0.0,2025-05-16 06:54:33,logistics
EVID0003166,DSP000528,TXN0033253,tracking_number,NOT_APPLICABLE,0,0,0,0.0,2025-05-14 07:19:51,logistics
EVID0003167,DSP000528,TXN0033253,delivery_confirmation,NOT_APPLICABLE,0,0,0,0.0,2025-05-25 21:03:32,logistics
EVID0003168,DSP000528,TXN0033253,customer_communication,APPLICABLE,1,1,1,0.77,2025-05-23 12:50:20,crm
EVID0003169,DSP000529,TXN0033263,order_confirmation,APPLICABLE,1,1,1,0.78,2025-05-30 22:20:24,billing
EVID0003170,DSP000529,TXN0033263,invoice,APPLICABLE,1,1,1,0.92,2025-05-29 10:16:23,billing
EVID0003171,DSP000529,TXN0033263,shipping_label,APPLICABLE,1,0,0,0.66,2025-05-22 15:13:29,logistics
EVID0003172,DSP000529,TXN0033263,tracking_number,APPLICABLE,1,0,1,0.73,2025-05-27 23:45:33,logistics
EVID0003173,DSP000529,TXN0033263,delivery_confirmation,APPLICABLE,1,0,1,0.71,2025-05-26 23:25:35,logistics
EVID0003174,DSP000529,TXN0033263,customer_communication,APPLICABLE,1,1,1,0.65,2025-05-28 08:29:54,crm
EVID0003175,DSP000530,TXN0033272,order_confirmation,APPLICABLE,1,1,1,0.76,2025-05-18 00:45:13,billing
EVID0003176,DSP000530,TXN0033272,invoice,UNAVAILABLE,0,1,1,0.0,2025-05-15 12:46:36,billing
EVID0003177,DSP000530,TXN0033272,shipping_label,NOT_APPLICABLE,0,0,0,0.0,2025-05-18 06:19:02,logistics
EVID0003178,DSP000530,TXN0033272,tracking_number,NOT_APPLICABLE,0,0,0,0.0,2025-05-17 22:38:18,logistics
EVID0003179,DSP000530,TXN0033272,delivery_confirmation,NOT_APPLICABLE,0,0,0,0.0,2025-05-26 04:43:58,logistics
EVID0003180,DSP000530,TXN0033272,customer_communication,UNAVAILABLE,0,1,1,0.0,2025-05-16 14:55:27,crm
EVID0003181,DSP000531,TXN0033311,order_confirmation,UNAVAILABLE,0,1,1,0.0,2025-05-17 04:55:18,billing
EVID0003182,DSP000531,TXN0033311,invoice,APPLICABLE,1,0,0,0.81,2025-05-15 10:20:38,billing
EVID0003183,DSP000531,TXN0033311,shipping_label,APPLICABLE,1,1,1,0.66,2025-05-14 14:48:13,logistics
EVID0003184,DSP000531,TXN0033311,tracking_number,APPLICABLE,1,1,1,0.76,2025-05-14 19:17:54,logistics
EVID0003185,DSP000531,TXN0033311,delivery_confirmation,UNAVAILABLE,0,1,1,0.0,2025-05-17 08:54:37,logistics
EVID0003186,DSP000531,TXN0033311,customer_communication,APPLICABLE,1,0,0,0.6,2025-05-18 23:04:16,crm
EVID0003187,DSP000532,TXN0033355,order_confirmation,APPLICABLE,1,1,1,0.8,2025-05-15 06:02:20,billing
EVID0003188,DSP000532,TXN0033355,invoice,UNAVAILABLE,0,1,1,0.0,2025-05-14 13:18:38,billing
EVID0003189,DSP000532,TXN0033355,shipping_label,NOT_APPLICABLE,0,0,0,0.0,2025-05-15 05:52:42,logistics
EVID0003190,DSP000532,TXN0033355,tracking_number,NOT_APPLICABLE,0,0,0,0.0,2025-05-16 06:28:49,logistics
EVID0003191,DSP000532,TXN0033355,delivery_confirmation,NOT_APPLICABLE,0,0,0,0.0,2025-05-14 14:54:00,logistics
EVID0003192,DSP000532,TXN0033355,customer_communication,APPLICABLE,1,0,0,0.6,2025-05-16 03:21:09,crm
EVID0003193,DSP000533,TXN0033404,order_confirmation,UNAVAILABLE,0,1,1,0.0,2025-05-18 00:18:09,billing
EVID0003194,DSP000533,TXN0033404,invoice,APPLICABLE,1,1,1,0.85,2025-06-21 12:51:11,billing
EVID0003195,DSP000533,TXN0033404,shipping_label,APPLICABLE,1,0,1,0.63,2025-06-17 19:53:56,logistics
EVID0003196,DSP000533,TXN0033404,tracking_number,APPLICABLE,1,0,0,0.87,2025-05-29 21:43:22,logistics
EVID0003197,DSP000533,TXN0033404,delivery_confirmation,UNAVAILABLE,0,0,1,0.0,2025-06-08 23:31:11,logistics
EVID0003198,DSP000533,TXN0033404,customer_communication,APPLICABLE,1,0,0,0.91,2025-05-25 03:39:52,crm
EVID0003199,DSP000534,TXN0033414,order_confirmation,APPLICABLE,1,1,1,0.88,2025-05-22 05:26:49,billing
EVID0003200,DSP000534,TXN0033414,invoice,APPLICABLE,1,1,1,0.77,2025-06-03 16:21:43,billing
EVID0003201,DSP000534,TXN0033414,shipping_label,APPLICABLE,1,0,0,0.72,2025-06-09 20:30:04,logistics
EVID0003202,DSP000534,TXN0033414,tracking_number,APPLICABLE,1,0,0,0.94,2025-06-09 13:27:33,logistics
EVID0003203,DSP000534,TXN0033414,delivery_confirmation,UNAVAILABLE,0,0,1,0.0,2025-06-03 01:46:54,logistics
EVID0003204,DSP000534,TXN0033414,customer_communication,APPLICABLE,1,1,1,0.6,2025-05-18 22:53:28,crm
EVID0003205,DSP000535,TXN0033621,order_confirmation,APPLICABLE,1,1,1,0.71,2025-05-23 11:23:44,billing
EVID0003206,DSP000535,TXN0033621,invoice,UNAVAILABLE,0,1,1,0.0,2025-05-23 10:55:10,billing
EVID0003207,DSP000535,TXN0033621,shipping_label,NOT_APPLICABLE,0,0,0,0.0,2025-05-24 04:14:21,logistics
EVID0003208,DSP000535,TXN0033621,tracking_number,NOT_APPLICABLE,0,0,0,0.0,2025-05-22 13:04:44,logistics
EVID0003209,DSP000535,TXN0033621,delivery_confirmation,NOT_APPLICABLE,0,0,0,0.0,2025-05-20 17:18:46,logistics
EVID0003210,DSP000535,TXN0033621,customer_communication,APPLICABLE,1,1,1,0.76,2025-05-30 10:14:02,crm
EVID0003211,DSP000536,TXN0033628,order_confirmation,UNAVAILABLE,0,1,1,0.0,2025-05-15 20:44:36,billing
EVID0003212,DSP000536,TXN0033628,invoice,APPLICABLE,1,0,1,0.69,2025-05-21 00:08:49,billing
EVID0003213,DSP000536,TXN0033628,shipping_label,NOT_APPLICABLE,0,0,0,0.0,2025-06-16 21:51:22,logistics
EVID0003214,DSP000536,TXN0033628,tracking_number,NOT_APPLICABLE,0,0,0,0.0,2025-06-01 05:36:50,logistics
EVID0003215,DSP000536,TXN0033628,delivery_confirmation,NOT_APPLICABLE,0,0,0,0.0,2025-06-06 01:43:34,logistics
EVID0003216,DSP000536,TXN0033628,customer_communication,APPLICABLE,1,1,1,0.6,2025-05-27 02:30:43,crm
EVID0003217,DSP000537,TXN0033660,order_confirmation,APPLICABLE,1,1,1,0.6,2025-05-27 08:33:39,billing
EVID0003218,DSP000537,TXN0033660,invoice,APPLICABLE,1,0,0,0.79,2025-05-17 10:56:31,billing
EVID0003219,DSP000537,TXN0033660,shipping_label,UNAVAILABLE,0,0,0,0.0,2025-06-17 15:42:41,logistics
EVID0003220,DSP000537,TXN0033660,tracking_number,APPLICABLE,1,0,1,0.67,2025-06-27 12:21:01,logistics
EVID0003221,DSP000537,TXN0033660,delivery_confirmation,APPLICABLE,1,1,1,0.92,2025-05-31 02:24:01,logistics
EVID0003222,DSP000537,TXN0033660,customer_communication,APPLICABLE,1,1,1,0.82,2025-06-03 00:48:46,crm
EVID0003223,DSP000538,TXN0033755,order_confirmation,APPLICABLE,1,1,1,0.62,2025-05-29 14:39:00,billing
EVID0003224,DSP000538,TXN0033755,invoice,APPLICABLE,1,0,0,0.6,2025-05-17 01:54:53,billing
EVID0003225,DSP000538,TXN0033755,shipping_label,NOT_APPLICABLE,0,0,0,0.0,2025-06-09 23:19:30,logistics
EVID0003226,DSP000538,TXN0033755,tracking_number,NOT_APPLICABLE,0,0,0,0.0,2025-06-03 01:59:18,logistics
EVID0003227,DSP000538,TXN0033755,delivery_confirmation,NOT_APPLICABLE,0,0,0,0.0,2025-06-09 20:20:38,logistics
EVID0003228,DSP000538,TXN0033755,customer_communication,APPLICABLE,1,1,1,0.64,2025-06-09 13:51:01,crm
EVID0003229,DSP000539,TXN0033770,order_confirmation,APPLICABLE,1,1,1,0.68,2025-06-16 14:33:02,billing
EVID0003230,DSP000539,TXN0033770,invoice,APPLICABLE,1,0,0,0.68,2025-05-25 07:45:30,billing
EVID0003231,DSP000539,TXN0033770,shipping_label,NOT_APPLICABLE,0,0,0,0.0,2025-05-31 12:39:24,logistics
EVID0003232,DSP000539,TXN0033770,tracking_number,NOT_APPLICABLE,0,0,0,0.0,2025-06-09 22:11:45,logistics
EVID0003233,DSP000539,TXN0033770,delivery_confirmation,NOT_APPLICABLE,0,0,0,0.0,2025-05-19 23:24:16,logistics
EVID0003234,DSP000539,TXN0033770,customer_communication,APPLICABLE,1,0,1,0.6,2025-05-20 15:15:45,crm
EVID0003235,DSP000540,TXN0033790,order_confirmation,APPLICABLE,1,1,1,0.83,2025-05-16 10:57:23,billing
EVID0003236,DSP000540,TXN0033790,invoice,UNAVAILABLE,0,0,0,0.0,2025-05-17 20:49:34,billing
EVID0003237,DSP000540,TXN0033790,shipping_label,UNAVAILABLE,0,1,1,0.0,2025-05-21 09:28:30,logistics
EVID0003238,DSP000540,TXN0033790,tracking_number,UNAVAILABLE,0,1,1,0.0,2025-05-21 10:52:10,logistics
EVID0003239,DSP000540,TXN0033790,delivery_confirmation,UNAVAILABLE,0,1,1,0.0,2025-05-26 13:48:21,logistics
EVID0003240,DSP000540,TXN0033790,customer_communication,APPLICABLE,1,0,1,0.76,2025-05-18 19:13:40,crm
EVID0003241,DSP000541,TXN0033805,order_confirmation,APPLICABLE,1,1,1,0.71,2025-06-23 00:04:10,billing
EVID0003242,DSP000541,TXN0033805,invoice,APPLICABLE,1,1,1,0.67,2025-06-06 11:58:37,billing
EVID0003243,DSP000541,TXN0033805,shipping_label,NOT_APPLICABLE,0,0,0,0.0,2025-06-16 18:11:12,logistics
EVID0003244,DSP000541,TXN0033805,tracking_number,NOT_APPLICABLE,0,0,0,0.0,2025-05-19 20:54:53,logistics
EVID0003245,DSP000541,TXN0033805,delivery_confirmation,NOT_APPLICABLE,0,0,0,0.0,2025-06-21 15:04:45,logistics
EVID0003246,DSP000541,TXN0033805,customer_communication,APPLICABLE,1,1,1,0.8,2025-06-18 16:11:13,crm
EVID0003247,DSP000542,TXN0033810,order_confirmation,UNAVAILABLE,0,1,1,0.0,2025-05-18 09:39:09,billing
EVID0003248,DSP000542,TXN0033810,invoice,APPLICABLE,1,0,1,0.87,2025-05-16 14:51:38,billing
EVID0003249,DSP000542,TXN0033810,shipping_label,APPLICABLE,1,1,1,0.61,2025-05-16 22:05:21,logistics
EVID0003250,DSP000542,TXN0033810,tracking_number,APPLICABLE,1,1,1,0.74,2025-05-16 20:00:38,logistics
EVID0003251,DSP000542,TXN0033810,delivery_confirmation,APPLICABLE,1,1,1,0.65,2025-05-16 17:14:47,logistics
EVID0003252,DSP000542,TXN0033810,customer_communication,APPLICABLE,1,0,1,0.93,2025-05-17 11:15:54,crm
EVID0003253,DSP000543,TXN0033823,order_confirmation,UNAVAILABLE,0,1,1,0.0,2025-05-30 09:25:51,billing
EVID0003254,DSP000543,TXN0033823,invoice,APPLICABLE,1,1,1,0.88,2025-05-21 23:06:15,billing
EVID0003255,DSP000543,TXN0033823,shipping_label,APPLICABLE,1,0,1,0.77,2025-05-22 17:09:52,logistics
EVID0003256,DSP000543,TXN0033823,tracking_number,APPLICABLE,1,0,0,0.8,2025-05-26 07:57:15,logistics
EVID0003257,DSP000543,TXN0033823,delivery_confirmation,UNAVAILABLE,0,0,1,0.0,2025-05-25 20:32:11,logistics
EVID0003258,DSP000543,TXN0033823,customer_communication,APPLICABLE,1,1,1,0.88,2025-05-27 09:17:27,crm
EVID0003259,DSP000544,TXN0033838,order_confirmation,APPLICABLE,1,1,1,0.6,2025-06-04 10:04:52,billing
EVID0003260,DSP000544,TXN0033838,invoice,UNAVAILABLE,0,0,1,0.0,2025-05-22 06:06:53,billing
EVID0003261,DSP000544,TXN0033838,shipping_label,UNAVAILABLE,0,1,1,0.0,2025-06-11 11:24:20,logistics
EVID0003262,DSP000544,TXN0033838,tracking_number,APPLICABLE,1,1,1,0.67,2025-05-16 19:09:04,logistics
EVID0003263,DSP000544,TXN0033838,delivery_confirmation,APPLICABLE,1,1,1,0.7,2025-06-15 12:42:28,logistics
EVID0003264,DSP000544,TXN0033838,customer_communication,APPLICABLE,1,0,0,0.81,2025-05-19 13:57:20,crm
EVID0003265,DSP000545,TXN0034032,order_confirmation,APPLICABLE,1,1,1,0.88,2025-05-19 13:34:51,billing
EVID0003266,DSP000545,TXN0034032,invoice,APPLICABLE,1,1,1,0.65,2025-05-23 00:38:38,billing
EVID0003267,DSP000545,TXN0034032,shipping_label,NOT_APPLICABLE,0,0,0,0.0,2025-05-20 10:43:05,logistics
EVID0003268,DSP000545,TXN0034032,tracking_number,NOT_APPLICABLE,0,0,0,0.0,2025-05-18 00:56:39,logistics
EVID0003269,DSP000545,TXN0034032,delivery_confirmation,NOT_APPLICABLE,0,0,0,0.0,2025-05-19 03:41:51,logistics
EVID0003270,DSP000545,TXN0034032,customer_communication,APPLICABLE,1,1,1,0.9,2025-05-22 04:05:11,crm
EVID0003271,DSP000546,TXN0034108,order_confirmation,UNAVAILABLE,0,1,1,0.0,2025-06-23 17:31:20,billing
EVID0003272,DSP000546,TXN0034108,invoice,APPLICABLE,1,1,1,0.64,2025-06-07 19:50:34,billing
EVID0003273,DSP000546,TXN0034108,shipping_label,NOT_APPLICABLE,0,0,0,0.0,2025-06-05 02:17:32,logistics
EVID0003274,DSP000546,TXN0034108,tracking_number,NOT_APPLICABLE,0,0,0,0.0,2025-06-05 18:15:13,logistics
EVID0003275,DSP000546,TXN0034108,delivery_confirmation,NOT_APPLICABLE,0,0,0,0.0,2025-06-26 11:45:19,logistics
EVID0003276,DSP000546,TXN0034108,customer_communication,APPLICABLE,1,1,1,0.93,2025-06-18 15:42:41,crm
EVID0003277,DSP000547,TXN0034176,order_confirmation,APPLICABLE,1,1,1,0.6,2025-05-28 10:21:00,billing
EVID0003278,DSP000547,TXN0034176,invoice,UNAVAILABLE,0,0,1,0.0,2025-05-24 09:05:02,billing
EVID0003279,DSP000547,TXN0034176,shipping_label,NOT_APPLICABLE,0,0,0,0.0,2025-06-05 17:43:38,logistics
EVID0003280,DSP000547,TXN0034176,tracking_number,NOT_APPLICABLE,0,0,0,0.0,2025-06-13 06:00:11,logistics
EVID0003281,DSP000547,TXN0034176,delivery_confirmation,NOT_APPLICABLE,0,0,0,0.0,2025-06-01 01:51:46,logistics
EVID0003282,DSP000547,TXN0034176,customer_communication,UNAVAILABLE,0,1,1,0.0,2025-06-17 12:54:17,crm
EVID0003283,DSP000548,TXN0034199,order_confirmation,APPLICABLE,1,1,1,0.72,2025-05-26 20:56:16,billing
EVID0003284,DSP000548,TXN0034199,invoice,APPLICABLE,1,0,1,0.68,2025-05-18 02:04:08,billing
EVID0003285,DSP000548,TXN0034199,shipping_label,APPLICABLE,1,1,1,0.72,2025-05-21 05:55:47,logistics
EVID0003286,DSP000548,TXN0034199,tracking_number,APPLICABLE,1,1,1,0.65,2025-05-20 19:21:47,logistics
EVID0003287,DSP000548,TXN0034199,delivery_confirmation,APPLICABLE,1,1,1,0.61,2025-05-18 19:54:29,logistics
EVID0003288,DSP000548,TXN0034199,customer_communication,APPLICABLE,1,0,1,0.81,2025-05-17 22:30:13,crm
EVID0003289,DSP000549,TXN0034515,order_confirmation,APPLICABLE,1,1,1,0.84,2025-06-14 09:38:08,billing
EVID0003290,DSP000549,TXN0034515,invoice,APPLICABLE,1,1,1,0.91,2025-05-22 22:54:07,billing
EVID0003291,DSP000549,TXN0034515,shipping_label,NOT_APPLICABLE,0,0,0,0.0,2025-06-02 14:42:47,logistics
EVID0003292,DSP000549,TXN0034515,tracking_number,NOT_APPLICABLE,0,0,0,0.0,2025-05-29 00:27:05,logistics
EVID0003293,DSP000549,TXN0034515,delivery_confirmation,NOT_APPLICABLE,0,0,0,0.0,2025-06-24 03:33:03,logistics
EVID0003294,DSP000549,TXN0034515,customer_communication,APPLICABLE,1,1,1,0.62,2025-06-23 19:33:04,crm
EVID0003295,DSP000550,TXN0034532,order_confirmation,APPLICABLE,1,1,1,0.62,2025-06-12 18:04:55,billing
EVID0003296,DSP000550,TXN0034532,invoice,APPLICABLE,1,0,1,0.79,2025-05-25 18:53:14,billing
EVID0003297,DSP000550,TXN0034532,shipping_label,APPLICABLE,1,0,1,0.88,2025-05-26 16:26:25,logistics
EVID0003298,DSP000550,TXN0034532,tracking_number,UNAVAILABLE,0,0,1,0.0,2025-05-27 19:16:55,logistics
EVID0003299,DSP000550,TXN0034532,delivery_confirmation,APPLICABLE,1,1,1,0.64,2025-05-29 14:09:05,logistics
EVID0003300,DSP000550,TXN0034532,customer_communication,APPLICABLE,1,1,1,0.81,2025-05-31 03:22:49,crm
EVID0003301,DSP000551,TXN0034536,order_confirmation,APPLICABLE,1,1,1,0.78,2025-06-01 15:49:57,billing
EVID0003302,DSP000551,TXN0034536,invoice,UNAVAILABLE,0,0,1,0.0,2025-05-20 05:02:39,billing
EVID0003303,DSP000551,TXN0034536,shipping_label,UNAVAILABLE,0,1,1,0.0,2025-06-01 05:05:23,logistics
EVID0003304,DSP000551,TXN0034536,tracking_number,APPLICABLE,1,1,1,0.6,2025-05-30 02:04:02,logistics
EVID0003305,DSP000551,TXN0034536,delivery_confirmation,UNAVAILABLE,0,1,1,0.0,2025-06-01 05:33:49,logistics
EVID0003306,DSP000551,TXN0034536,customer_communication,APPLICABLE,1,0,0,0.92,2025-05-20 15:58:14,crm
EVID0003307,DSP000552,TXN0034577,order_confirmation,UNAVAILABLE,0,1,1,0.0,2025-05-24 01:24:37,billing
EVID0003308,DSP000552,TXN0034577,invoice,APPLICABLE,1,0,1,0.86,2025-05-28 21:00:16,billing
EVID0003309,DSP000552,TXN0034577,shipping_label,APPLICABLE,1,0,1,0.86,2025-06-23 12:22:08,logistics
EVID0003310,DSP000552,TXN0034577,tracking_number,UNAVAILABLE,0,0,1,0.0,2025-06-16 11:26:21,logistics
EVID0003311,DSP000552,TXN0034577,delivery_confirmation,UNAVAILABLE,0,1,1,0.0,2025-06-11 22:36:51,logistics
EVID0003312,DSP000552,TXN0034577,customer_communication,APPLICABLE,1,1,1,0.7,2025-06-04 08:27:56,crm
EVID0003313,DSP000553,TXN0034715,order_confirmation,APPLICABLE,1,1,1,0.94,2025-05-22 14:06:17,billing
EVID0003314,DSP000553,TXN0034715,invoice,UNAVAILABLE,0,1,1,0.0,2025-05-20 22:55:56,billing
EVID0003315,DSP000553,TXN0034715,shipping_label,APPLICABLE,1,0,1,0.82,2025-05-23 04:50:39,logistics
EVID0003316,DSP000553,TXN0034715,tracking_number,APPLICABLE,1,0,1,0.9,2025-05-27 06:14:21,logistics
EVID0003317,DSP000553,TXN0034715,delivery_confirmation,APPLICABLE,1,0,0,0.75,2025-05-20 14:07:31,logistics
EVID0003318,DSP000553,TXN0034715,customer_communication,APPLICABLE,1,1,1,0.72,2025-05-30 15:58:14,crm
EVID0003319,DSP000554,TXN0034746,order_confirmation,APPLICABLE,1,1,1,0.68,2025-05-27 19:01:05,billing
EVID0003320,DSP000554,TXN0034746,invoice,APPLICABLE,1,1,1,0.84,2025-06-03 18:47:17,billing
EVID0003321,DSP000554,TXN0034746,shipping_label,NOT_APPLICABLE,0,0,0,0.0,2025-06-04 19:53:02,logistics
EVID0003322,DSP000554,TXN0034746,tracking_number,NOT_APPLICABLE,0,0,0,0.0,2025-05-27 05:48:41,logistics
EVID0003323,DSP000554,TXN0034746,delivery_confirmation,NOT_APPLICABLE,0,0,0,0.0,2025-06-05 15:42:41,logistics
EVID0003324,DSP000554,TXN0034746,customer_communication,APPLICABLE,1,0,0,0.62,2025-06-03 00:02:47,crm
EVID0003325,DSP000555,TXN0034754,order_confirmation,APPLICABLE,1,1,1,0.84,2025-06-28 01:29:50,billing
EVID0003326,DSP000555,TXN0034754,invoice,APPLICABLE,1,1,1,0.94,2025-06-04 05:00:49,billing
EVID0003327,DSP000555,TXN0034754,shipping_label,APPLICABLE,1,0,1,0.93,2025-06-09 15:28:23,logistics
EVID0003328,DSP000555,TXN0034754,tracking_number,APPLICABLE,1,0,0,0.83,2025-05-28 00:56:17,logistics
EVID0003329,DSP000555,TXN0034754,delivery_confirmation,APPLICABLE,1,0,1,0.6,2025-05-20 02:05:18,logistics
EVID0003330,DSP000555,TXN0034754,customer_communication,UNAVAILABLE,0,1,1,0.0,2025-06-04 01:22:50,crm
EVID0003331,DSP000556,TXN0034757,order_confirmation,UNAVAILABLE,0,1,1,0.0,2025-06-04 10:08:52,billing
EVID0003332,DSP000556,TXN0034757,invoice,APPLICABLE,1,1,1,0.77,2025-05-30 10:53:35,billing
EVID0003333,DSP000556,TXN0034757,shipping_label,NOT_APPLICABLE,0,0,0,0.0,2025-05-26 14:00:36,logistics
EVID0003334,DSP000556,TXN0034757,tracking_number,NOT_APPLICABLE,0,0,0,0.0,2025-05-28 14:14:53,logistics
EVID0003335,DSP000556,TXN0034757,delivery_confirmation,NOT_APPLICABLE,0,0,0,0.0,2025-05-23 03:04:16,logistics
EVID0003336,DSP000556,TXN0034757,customer_communication,APPLICABLE,1,0,1,0.62,2025-06-05 08:42:59,crm
EVID0003337,DSP000557,TXN0034763,order_confirmation,APPLICABLE,1,1,1,0.86,2025-06-06 07:24:44,billing
EVID0003338,DSP000557,TXN0034763,invoice,UNAVAILABLE,0,0,0,0.0,2025-06-03 17:20:54,billing
EVID0003339,DSP000557,TXN0034763,shipping_label,NOT_APPLICABLE,0,0,0,0.0,2025-06-12 12:48:39,logistics
EVID0003340,DSP000557,TXN0034763,tracking_number,NOT_APPLICABLE,0,0,0,0.0,2025-06-15 16:11:32,logistics
EVID0003341,DSP000557,TXN0034763,delivery_confirmation,NOT_APPLICABLE,0,0,0,0.0,2025-05-25 04:14:50,logistics
EVID0003342,DSP000557,TXN0034763,customer_communication,UNAVAILABLE,0,1,1,0.0,2025-05-28 10:14:06,crm
EVID0003343,DSP000558,TXN0034809,order_confirmation,UNAVAILABLE,0,1,1,0.0,2025-06-30 04:13:10,billing
EVID0003344,DSP000558,TXN0034809,invoice,APPLICABLE,1,0,0,0.77,2025-06-02 22:24:03,billing
EVID0003345,DSP000558,TXN0034809,shipping_label,NOT_APPLICABLE,0,0,0,0.0,2025-06-30 23:56:01,logistics
EVID0003346,DSP000558,TXN0034809,tracking_number,NOT_APPLICABLE,0,0,0,0.0,2025-06-29 10:20:11,logistics
EVID0003347,DSP000558,TXN0034809,delivery_confirmation,NOT_APPLICABLE,0,0,0,0.0,2025-05-27 02:34:24,logistics
EVID0003348,DSP000558,TXN0034809,customer_communication,APPLICABLE,1,1,1,0.81,2025-07-02 13:53:45,crm
EVID0003349,DSP000559,TXN0034906,order_confirmation,APPLICABLE,1,1,1,0.89,2025-06-25 07:06:16,billing
EVID0003350,DSP000559,TXN0034906,invoice,APPLICABLE,1,1,1,0.84,2025-06-20 02:31:37,billing
EVID0003351,DSP000559,TXN0034906,shipping_label,UNAVAILABLE,0,0,1,0.0,2025-05-24 09:32:53,logistics
EVID0003352,DSP000559,TXN0034906,tracking_number,APPLICABLE,1,0,1,0.64,2025-06-24 23:58:30,logistics
EVID0003353,DSP000559,TXN0034906,delivery_confirmation,APPLICABLE,1,0,1,0.86,2025-05-24 08:18:37,logistics
EVID0003354,DSP000559,TXN0034906,customer_communication,APPLICABLE,1,1,1,0.69,2025-05-21 14:10:08,crm
EVID0003355,DSP000560,TXN0034940,order_confirmation,APPLICABLE,1,1,1,0.83,2025-06-17 20:37:22,billing
EVID0003356,DSP000560,TXN0034940,invoice,APPLICABLE,1,0,1,0.78,2025-06-09 10:10:14,billing
EVID0003357,DSP000560,TXN0034940,shipping_label,NOT_APPLICABLE,0,0,0,0.0,2025-06-27 02:20:16,logistics
EVID0003358,DSP000560,TXN0034940,tracking_number,NOT_APPLICABLE,0,0,0,0.0,2025-06-18 09:35:48,logistics
EVID0003359,DSP000560,TXN0034940,delivery_confirmation,NOT_APPLICABLE,0,0,0,0.0,2025-05-31 02:02:19,logistics
EVID0003360,DSP000560,TXN0034940,customer_communication,APPLICABLE,1,0,1,0.72,2025-05-22 12:51:44,crm
EVID0003361,DSP000561,TXN0035037,order_confirmation,APPLICABLE,1,1,1,0.85,2025-06-01 18:58:41,billing
EVID0003362,DSP000561,TXN0035037,invoice,UNAVAILABLE,0,1,1,0.0,2025-06-06 04:53:12,billing
EVID0003363,DSP000561,TXN0035037,shipping_label,NOT_APPLICABLE,0,0,0,0.0,2025-06-09 03:32:34,logistics
EVID0003364,DSP000561,TXN0035037,tracking_number,NOT_APPLICABLE,0,0,0,0.0,2025-05-24 22:32:33,logistics
EVID0003365,DSP000561,TXN0035037,delivery_confirmation,NOT_APPLICABLE,0,0,0,0.0,2025-05-30 05:03:45,logistics
EVID0003366,DSP000561,TXN0035037,customer_communication,APPLICABLE,1,1,1,0.69,2025-05-30 20:36:16,crm
EVID0003367,DSP000562,TXN0035060,order_confirmation,APPLICABLE,1,1,1,0.73,2025-05-27 21:10:46,billing
EVID0003368,DSP000562,TXN0035060,invoice,APPLICABLE,1,0,1,0.71,2025-06-12 22:36:45,billing
EVID0003369,DSP000562,TXN0035060,shipping_label,NOT_APPLICABLE,0,0,0,0.0,2025-06-14 17:02:50,logistics
EVID0003370,DSP000562,TXN0035060,tracking_number,NOT_APPLICABLE,0,0,0,0.0,2025-06-15 03:52:11,logistics
EVID0003371,DSP000562,TXN0035060,delivery_confirmation,NOT_APPLICABLE,0,0,0,0.0,2025-05-25 18:41:59,logistics
EVID0003372,DSP000562,TXN0035060,customer_communication,APPLICABLE,1,1,1,0.94,2025-06-09 15:29:05,crm
EVID0003373,DSP000563,TXN0035081,order_confirmation,APPLICABLE,1,1,1,0.6,2025-06-02 01:02:05,billing
EVID0003374,DSP000563,TXN0035081,invoice,UNAVAILABLE,0,0,1,0.0,2025-06-20 06:07:20,billing
EVID0003375,DSP000563,TXN0035081,shipping_label,NOT_APPLICABLE,0,0,0,0.0,2025-06-23 15:49:28,logistics
EVID0003376,DSP000563,TXN0035081,tracking_number,NOT_APPLICABLE,0,0,0,0.0,2025-05-29 11:56:25,logistics
EVID0003377,DSP000563,TXN0035081,delivery_confirmation,NOT_APPLICABLE,0,0,0,0.0,2025-06-15 09:43:52,logistics
EVID0003378,DSP000563,TXN0035081,customer_communication,APPLICABLE,1,0,1,0.71,2025-05-28 06:15:44,crm
EVID0003379,DSP000564,TXN0035219,order_confirmation,APPLICABLE,1,1,1,0.86,2025-05-25 09:05:21,billing
EVID0003380,DSP000564,TXN0035219,invoice,UNAVAILABLE,0,1,1,0.0,2025-06-02 13:35:00,billing
EVID0003381,DSP000564,TXN0035219,shipping_label,UNAVAILABLE,0,0,0,0.0,2025-05-30 12:56:08,logistics
EVID0003382,DSP000564,TXN0035219,tracking_number,UNAVAILABLE,0,0,0,0.0,2025-05-22 19:28:06,logistics
EVID0003383,DSP000564,TXN0035219,delivery_confirmation,APPLICABLE,1,0,1,0.68,2025-05-27 03:23:36,logistics
EVID0003384,DSP000564,TXN0035219,customer_communication,APPLICABLE,1,1,1,0.82,2025-06-02 15:59:39,crm
EVID0003385,DSP000565,TXN0035294,order_confirmation,APPLICABLE,1,1,1,0.79,2025-05-25 05:32:37,billing
EVID0003386,DSP000565,TXN0035294,invoice,APPLICABLE,1,1,1,0.75,2025-05-22 21:50:58,billing
EVID0003387,DSP000565,TXN0035294,shipping_label,NOT_APPLICABLE,0,0,0,0.0,2025-05-24 21:36:29,logistics
EVID0003388,DSP000565,TXN0035294,tracking_number,NOT_APPLICABLE,0,0,0,0.0,2025-05-28 16:13:33,logistics
EVID0003389,DSP000565,TXN0035294,delivery_confirmation,NOT_APPLICABLE,0,0,0,0.0,2025-05-26 18:36:10,logistics
EVID0003390,DSP000565,TXN0035294,customer_communication,APPLICABLE,1,1,1,0.76,2025-05-27 02:25:16,crm
EVID0003391,DSP000566,TXN0035400,order_confirmation,APPLICABLE,1,1,1,0.6,2025-05-24 14:35:04,billing
EVID0003392,DSP000566,TXN0035400,invoice,APPLICABLE,1,1,1,0.77,2025-06-23 03:40:41,billing
EVID0003393,DSP000566,TXN0035400,shipping_label,APPLICABLE,1,0,0,0.7,2025-06-07 09:39:44,logistics
EVID0003394,DSP000566,TXN0035400,tracking_number,APPLICABLE,1,0,1,0.62,2025-05-27 16:21:29,logistics
EVID0003395,DSP000566,TXN0035400,delivery_confirmation,UNAVAILABLE,0,0,0,0.0,2025-06-16 23:32:08,logistics
EVID0003396,DSP000566,TXN0035400,customer_communication,APPLICABLE,1,1,1,0.82,2025-06-22 10:15:04,crm
EVID0003397,DSP000567,TXN0035524,order_confirmation,UNAVAILABLE,0,1,1,0.0,2025-06-06 04:11:36,billing
EVID0003398,DSP000567,TXN0035524,invoice,APPLICABLE,1,0,0,0.67,2025-05-27 13:19:33,billing
EVID0003399,DSP000567,TXN0035524,shipping_label,NOT_APPLICABLE,0,0,0,0.0,2025-06-01 11:28:16,logistics
EVID0003400,DSP000567,TXN0035524,tracking_number,NOT_APPLICABLE,0,0,0,0.0,2025-06-08 04:50:40,logistics
EVID0003401,DSP000567,TXN0035524,delivery_confirmation,NOT_APPLICABLE,0,0,0,0.0,2025-06-01 12:33:14,logistics
EVID0003402,DSP000567,TXN0035524,customer_communication,APPLICABLE,1,0,1,0.65,2025-06-01 04:51:06,crm
EVID0003403,DSP000568,TXN0035540,order_confirmation,UNAVAILABLE,0,1,1,0.0,2025-06-17 11:20:26,billing
EVID0003404,DSP000568,TXN0035540,invoice,APPLICABLE,1,0,0,0.91,2025-06-04 14:30:14,billing
EVID0003405,DSP000568,TXN0035540,shipping_label,NOT_APPLICABLE,0,0,0,0.0,2025-06-10 15:50:22,logistics
EVID0003406,DSP000568,TXN0035540,tracking_number,NOT_APPLICABLE,0,0,0,0.0,2025-06-03 05:04:52,logistics
EVID0003407,DSP000568,TXN0035540,delivery_confirmation,NOT_APPLICABLE,0,0,0,0.0,2025-06-17 11:00:05,logistics
EVID0003408,DSP000568,TXN0035540,customer_communication,UNAVAILABLE,0,0,0,0.0,2025-06-12 02:13:30,crm
EVID0003409,DSP000569,TXN0035549,order_confirmation,UNAVAILABLE,0,1,1,0.0,2025-05-23 17:27:00,billing
EVID0003410,DSP000569,TXN0035549,invoice,APPLICABLE,1,0,0,0.64,2025-06-16 18:26:44,billing
EVID0003411,DSP000569,TXN0035549,shipping_label,NOT_APPLICABLE,0,0,0,0.0,2025-05-30 03:40:23,logistics
EVID0003412,DSP000569,TXN0035549,tracking_number,NOT_APPLICABLE,0,0,0,0.0,2025-06-13 18:16:56,logistics
EVID0003413,DSP000569,TXN0035549,delivery_confirmation,NOT_APPLICABLE,0,0,0,0.0,2025-05-31 10:42:29,logistics
EVID0003414,DSP000569,TXN0035549,customer_communication,UNAVAILABLE,0,0,1,0.0,2025-06-03 13:43:19,crm
EVID0003415,DSP000570,TXN0035620,order_confirmation,APPLICABLE,1,1,1,0.9,2025-06-02 20:14:42,billing
EVID0003416,DSP000570,TXN0035620,invoice,APPLICABLE,1,0,0,0.81,2025-05-30 20:51:08,billing
EVID0003417,DSP000570,TXN0035620,shipping_label,NOT_APPLICABLE,0,0,0,0.0,2025-06-01 15:34:14,logistics
EVID0003418,DSP000570,TXN0035620,tracking_number,NOT_APPLICABLE,0,0,0,0.0,2025-05-31 05:08:39,logistics
EVID0003419,DSP000570,TXN0035620,delivery_confirmation,NOT_APPLICABLE,0,0,0,0.0,2025-06-10 03:49:48,logistics
EVID0003420,DSP000570,TXN0035620,customer_communication,APPLICABLE,1,0,1,0.87,2025-06-21 19:12:51,crm
EVID0003421,DSP000571,TXN0035632,order_confirmation,APPLICABLE,1,1,1,0.69,2025-07-01 23:38:58,billing
EVID0003422,DSP000571,TXN0035632,invoice,UNAVAILABLE,0,0,1,0.0,2025-06-08 15:18:17,billing
EVID0003423,DSP000571,TXN0035632,shipping_label,NOT_APPLICABLE,0,0,0,0.0,2025-06-27 13:43:25,logistics
EVID0003424,DSP000571,TXN0035632,tracking_number,NOT_APPLICABLE,0,0,0,0.0,2025-05-29 02:36:50,logistics
EVID0003425,DSP000571,TXN0035632,delivery_confirmation,NOT_APPLICABLE,0,0,0,0.0,2025-06-15 23:34:21,logistics
EVID0003426,DSP000571,TXN0035632,customer_communication,UNAVAILABLE,0,0,1,0.0,2025-06-25 09:15:51,crm
EVID0003427,DSP000572,TXN0035712,order_confirmation,APPLICABLE,1,1,1,0.74,2025-06-21 12:28:44,billing
EVID0003428,DSP000572,TXN0035712,invoice,APPLICABLE,1,0,0,0.83,2025-05-31 16:01:23,billing
EVID0003429,DSP000572,TXN0035712,shipping_label,NOT_APPLICABLE,0,0,0,0.0,2025-06-24 06:16:09,logistics
EVID0003430,DSP000572,TXN0035712,tracking_number,NOT_APPLICABLE,0,0,0,0.0,2025-06-12 18:53:24,logistics
EVID0003431,DSP000572,TXN0035712,delivery_confirmation,NOT_APPLICABLE,0,0,0,0.0,2025-05-24 22:18:33,logistics
EVID0003432,DSP000572,TXN0035712,customer_communication,UNAVAILABLE,0,1,1,0.0,2025-06-04 16:03:15,crm
EVID0003433,DSP000573,TXN0035865,order_confirmation,APPLICABLE,1,1,1,0.64,2025-05-26 11:32:49,billing
EVID0003434,DSP000573,TXN0035865,invoice,APPLICABLE,1,0,1,0.8,2025-05-26 03:51:21,billing
EVID0003435,DSP000573,TXN0035865,shipping_label,APPLICABLE,1,0,1,0.62,2025-06-01 03:58:53,logistics
EVID0003436,DSP000573,TXN0035865,tracking_number,APPLICABLE,1,0,1,0.92,2025-05-30 17:55:57,logistics
EVID0003437,DSP000573,TXN0035865,delivery_confirmation,APPLICABLE,1,1,1,0.82,2025-05-25 00:01:47,logistics
EVID0003438,DSP000573,TXN0035865,customer_communication,APPLICABLE,1,1,1,0.78,2025-06-04 08:04:42,crm
EVID0003439,DSP000574,TXN0036178,order_confirmation,APPLICABLE,1,1,1,0.76,2025-05-28 17:22:26,billing
EVID0003440,DSP000574,TXN0036178,invoice,APPLICABLE,1,0,1,0.86,2025-06-05 18:49:57,billing
EVID0003441,DSP000574,TXN0036178,shipping_label,NOT_APPLICABLE,0,0,0,0.0,2025-05-27 18:35:25,logistics
EVID0003442,DSP000574,TXN0036178,tracking_number,NOT_APPLICABLE,0,0,0,0.0,2025-05-31 20:37:59,logistics
EVID0003443,DSP000574,TXN0036178,delivery_confirmation,NOT_APPLICABLE,0,0,0,0.0,2025-06-06 05:15:27,logistics
EVID0003444,DSP000574,TXN0036178,customer_communication,APPLICABLE,1,0,0,0.75,2025-05-30 12:14:53,crm
EVID0003445,DSP000575,TXN0036192,order_confirmation,UNAVAILABLE,0,1,1,0.0,2025-06-29 13:15:13,billing
EVID0003446,DSP000575,TXN0036192,invoice,APPLICABLE,1,0,1,0.6,2025-06-29 23:04:18,billing
EVID0003447,DSP000575,TXN0036192,shipping_label,NOT_APPLICABLE,0,0,0,0.0,2025-06-26 17:54:32,logistics
EVID0003448,DSP000575,TXN0036192,tracking_number,NOT_APPLICABLE,0,0,0,0.0,2025-06-08 09:10:07,logistics
EVID0003449,DSP000575,TXN0036192,delivery_confirmation,NOT_APPLICABLE,0,0,0,0.0,2025-05-29 18:49:28,logistics
EVID0003450,DSP000575,TXN0036192,customer_communication,APPLICABLE,1,0,0,0.9,2025-06-05 03:16:11,crm
EVID0003451,DSP000576,TXN0036238,order_confirmation,APPLICABLE,1,1,1,0.79,2025-06-03 00:06:33,billing
EVID0003452,DSP000576,TXN0036238,invoice,APPLICABLE,1,1,1,0.81,2025-06-05 08:57:43,billing
EVID0003453,DSP000576,TXN0036238,shipping_label,NOT_APPLICABLE,0,0,0,0.0,2025-07-05 00:49:42,logistics
EVID0003454,DSP000576,TXN0036238,tracking_number,NOT_APPLICABLE,0,0,0,0.0,2025-06-14 15:57:46,logistics
EVID0003455,DSP000576,TXN0036238,delivery_confirmation,NOT_APPLICABLE,0,0,0,0.0,2025-06-23 21:24:45,logistics
EVID0003456,DSP000576,TXN0036238,customer_communication,APPLICABLE,1,1,1,0.6,2025-06-01 15:39:23,crm
EVID0003457,DSP000577,TXN0036272,order_confirmation,APPLICABLE,1,1,1,0.71,2025-06-26 19:28:47,billing
EVID0003458,DSP000577,TXN0036272,invoice,APPLICABLE,1,1,1,0.69,2025-06-19 14:03:51,billing
EVID0003459,DSP000577,TXN0036272,shipping_label,NOT_APPLICABLE,0,0,0,0.0,2025-06-07 15:07:20,logistics
EVID0003460,DSP000577,TXN0036272,tracking_number,NOT_APPLICABLE,0,0,0,0.0,2025-06-02 22:20:35,logistics
EVID0003461,DSP000577,TXN0036272,delivery_confirmation,NOT_APPLICABLE,0,0,0,0.0,2025-06-29 22:40:19,logistics
EVID0003462,DSP000577,TXN0036272,customer_communication,APPLICABLE,1,1,1,0.65,2025-06-28 01:42:17,crm
EVID0003463,DSP000578,TXN0036304,order_confirmation,APPLICABLE,1,1,1,0.64,2025-05-29 05:26:25,billing
EVID0003464,DSP000578,TXN0036304,invoice,APPLICABLE,1,1,1,0.67,2025-06-06 00:59:05,billing
EVID0003465,DSP000578,TXN0036304,shipping_label,APPLICABLE,1,0,0,0.68,2025-06-13 05:52:50,logistics
EVID0003466,DSP000578,TXN0036304,tracking_number,APPLICABLE,1,0,0,0.61,2025-06-13 14:19:41,logistics
EVID0003467,DSP000578,TXN0036304,delivery_confirmation,APPLICABLE,1,0,1,0.93,2025-06-01 07:16:19,logistics
EVID0003468,DSP000578,TXN0036304,customer_communication,APPLICABLE,1,1,1,0.9,2025-05-31 03:43:33,crm
EVID0003469,DSP000579,TXN0036410,order_confirmation,APPLICABLE,1,1,1,0.9,2025-05-29 12:44:28,billing
EVID0003470,DSP000579,TXN0036410,invoice,APPLICABLE,1,1,1,0.77,2025-05-30 14:57:24,billing
EVID0003471,DSP000579,TXN0036410,shipping_label,APPLICABLE,1,0,0,0.89,2025-05-29 00:25:32,logistics
EVID0003472,DSP000579,TXN0036410,tracking_number,APPLICABLE,1,0,1,0.66,2025-05-27 09:04:12,logistics
EVID0003473,DSP000579,TXN0036410,delivery_confirmation,APPLICABLE,1,0,0,0.72,2025-05-30 03:28:21,logistics
EVID0003474,DSP000579,TXN0036410,customer_communication,UNAVAILABLE,0,1,1,0.0,2025-05-27 01:18:47,crm
EVID0003475,DSP000580,TXN0036441,order_confirmation,APPLICABLE,1,1,1,0.62,2025-05-28 10:38:21,billing
EVID0003476,DSP000580,TXN0036441,invoice,APPLICABLE,1,1,1,0.7,2025-06-21 08:19:08,billing
EVID0003477,DSP000580,TXN0036441,shipping_label,APPLICABLE,1,0,0,0.68,2025-06-19 23:34:45,logistics
EVID0003478,DSP000580,TXN0036441,tracking_number,APPLICABLE,1,0,0,0.81,2025-06-01 06:04:29,logistics
EVID0003479,DSP000580,TXN0036441,delivery_confirmation,UNAVAILABLE,0,0,1,0.0,2025-05-31 01:43:57,logistics
EVID0003480,DSP000580,TXN0036441,customer_communication,APPLICABLE,1,1,1,0.89,2025-06-18 23:00:35,crm
EVID0003481,DSP000581,TXN0036467,order_confirmation,APPLICABLE,1,1,1,0.69,2025-06-21 19:43:21,billing
EVID0003482,DSP000581,TXN0036467,invoice,UNAVAILABLE,0,0,1,0.0,2025-07-05 19:32:29,billing
EVID0003483,DSP000581,TXN0036467,shipping_label,NOT_APPLICABLE,0,0,0,0.0,2025-05-26 16:48:26,logistics
EVID0003484,DSP000581,TXN0036467,tracking_number,NOT_APPLICABLE,0,0,0,0.0,2025-07-09 04:27:12,logistics
EVID0003485,DSP000581,TXN0036467,delivery_confirmation,NOT_APPLICABLE,0,0,0,0.0,2025-07-03 06:11:54,logistics
EVID0003486,DSP000581,TXN0036467,customer_communication,APPLICABLE,1,1,1,0.81,2025-06-28 13:59:16,crm
EVID0003487,DSP000582,TXN0036498,order_confirmation,APPLICABLE,1,1,1,0.75,2025-05-28 19:59:31,billing
EVID0003488,DSP000582,TXN0036498,invoice,APPLICABLE,1,1,1,0.92,2025-06-29 14:11:44,billing
EVID0003489,DSP000582,TXN0036498,shipping_label,NOT_APPLICABLE,0,0,0,0.0,2025-06-21 10:39:49,logistics
EVID0003490,DSP000582,TXN0036498,tracking_number,NOT_APPLICABLE,0,0,0,0.0,2025-06-16 13:09:10,logistics
EVID0003491,DSP000582,TXN0036498,delivery_confirmation,NOT_APPLICABLE,0,0,0,0.0,2025-06-06 20:45:13,logistics
EVID0003492,DSP000582,TXN0036498,customer_communication,APPLICABLE,1,1,1,0.61,2025-06-19 03:05:50,crm
EVID0003493,DSP000583,TXN0036590,order_confirmation,APPLICABLE,1,1,1,0.6,2025-06-01 00:10:38,billing
EVID0003494,DSP000583,TXN0036590,invoice,APPLICABLE,1,1,1,0.84,2025-06-16 22:03:35,billing
EVID0003495,DSP000583,TXN0036590,shipping_label,NOT_APPLICABLE,0,0,0,0.0,2025-06-02 18:18:50,logistics
EVID0003496,DSP000583,TXN0036590,tracking_number,NOT_APPLICABLE,0,0,0,0.0,2025-06-08 14:51:49,logistics
EVID0003497,DSP000583,TXN0036590,delivery_confirmation,NOT_APPLICABLE,0,0,0,0.0,2025-06-19 10:14:19,logistics
EVID0003498,DSP000583,TXN0036590,customer_communication,APPLICABLE,1,1,1,0.66,2025-06-07 13:13:33,crm
EVID0003499,DSP000584,TXN0036618,order_confirmation,UNAVAILABLE,0,1,1,0.0,2025-06-06 07:09:07,billing
EVID0003500,DSP000584,TXN0036618,invoice,UNAVAILABLE,0,0,1,0.0,2025-06-02 15:16:49,billing
EVID0003501,DSP000584,TXN0036618,shipping_label,NOT_APPLICABLE,0,0,0,0.0,2025-05-31 23:12:38,logistics
EVID0003502,DSP000584,TXN0036618,tracking_number,NOT_APPLICABLE,0,0,0,0.0,2025-05-27 12:17:03,logistics
EVID0003503,DSP000584,TXN0036618,delivery_confirmation,NOT_APPLICABLE,0,0,0,0.0,2025-06-13 14:12:25,logistics
EVID0003504,DSP000584,TXN0036618,customer_communication,UNAVAILABLE,0,1,1,0.0,2025-06-14 10:18:11,crm
EVID0003505,DSP000585,TXN0036901,order_confirmation,UNAVAILABLE,0,1,1,0.0,2025-05-29 04:52:04,billing
EVID0003506,DSP000585,TXN0036901,invoice,APPLICABLE,1,1,1,0.69,2025-05-31 15:24:12,billing
EVID0003507,DSP000585,TXN0036901,shipping_label,NOT_APPLICABLE,0,0,0,0.0,2025-05-28 12:45:19,logistics
EVID0003508,DSP000585,TXN0036901,tracking_number,NOT_APPLICABLE,0,0,0,0.0,2025-05-30 18:19:31,logistics
EVID0003509,DSP000585,TXN0036901,delivery_confirmation,NOT_APPLICABLE,0,0,0,0.0,2025-05-29 17:37:26,logistics
EVID0003510,DSP000585,TXN0036901,customer_communication,APPLICABLE,1,1,1,0.6,2025-05-30 09:42:51,crm
EVID0003511,DSP000586,TXN0036989,order_confirmation,APPLICABLE,1,1,1,0.87,2025-06-18 09:10:50,billing
EVID0003512,DSP000586,TXN0036989,invoice,APPLICABLE,1,1,1,0.87,2025-06-10 00:16:29,billing
EVID0003513,DSP000586,TXN0036989,shipping_label,NOT_APPLICABLE,0,0,0,0.0,2025-06-10 09:12:40,logistics
EVID0003514,DSP000586,TXN0036989,tracking_number,NOT_APPLICABLE,0,0,0,0.0,2025-06-23 17:22:43,logistics
EVID0003515,DSP000586,TXN0036989,delivery_confirmation,NOT_APPLICABLE,0,0,0,0.0,2025-06-18 06:15:22,logistics
EVID0003516,DSP000586,TXN0036989,customer_communication,APPLICABLE,1,1,1,0.82,2025-06-15 10:46:39,crm
EVID0003517,DSP000587,TXN0037155,order_confirmation,APPLICABLE,1,1,1,0.74,2025-06-17 18:33:22,billing
EVID0003518,DSP000587,TXN0037155,invoice,APPLICABLE,1,0,1,0.89,2025-07-05 03:05:40,billing
EVID0003519,DSP000587,TXN0037155,shipping_label,APPLICABLE,1,0,1,0.61,2025-06-08 08:48:32,logistics
EVID0003520,DSP000587,TXN0037155,tracking_number,APPLICABLE,1,0,0,0.76,2025-06-18 12:56:03,logistics
EVID0003521,DSP000587,TXN0037155,delivery_confirmation,UNAVAILABLE,0,1,1,0.0,2025-06-25 06:44:14,logistics
EVID0003522,DSP000587,TXN0037155,customer_communication,APPLICABLE,1,1,1,0.62,2025-07-06 12:40:05,crm
EVID0003523,DSP000588,TXN0037190,order_confirmation,APPLICABLE,1,1,1,0.6,2025-06-25 17:34:17,billing
EVID0003524,DSP000588,TXN0037190,invoice,APPLICABLE,1,1,1,0.84,2025-06-25 12:41:54,billing
EVID0003525,DSP000588,TXN0037190,shipping_label,APPLICABLE,1,0,0,0.84,2025-06-22 01:48:05,logistics
EVID0003526,DSP000588,TXN0037190,tracking_number,UNAVAILABLE,0,0,1,0.0,2025-06-10 21:51:08,logistics
EVID0003527,DSP000588,TXN0037190,delivery_confirmation,APPLICABLE,1,0,1,0.77,2025-06-13 11:27:24,logistics
EVID0003528,DSP000588,TXN0037190,customer_communication,APPLICABLE,1,1,1,0.87,2025-06-26 15:11:32,crm
EVID0003529,DSP000589,TXN0037263,order_confirmation,APPLICABLE,1,1,1,0.77,2025-06-04 13:22:02,billing
EVID0003530,DSP000589,TXN0037263,invoice,APPLICABLE,1,0,0,0.72,2025-06-09 22:19:31,billing
EVID0003531,DSP000589,TXN0037263,shipping_label,UNAVAILABLE,0,1,1,0.0,2025-06-20 10:56:35,logistics
EVID0003532,DSP000589,TXN0037263,tracking_number,APPLICABLE,1,1,1,0.68,2025-06-06 15:07:38,logistics
EVID0003533,DSP000589,TXN0037263,delivery_confirmation,UNAVAILABLE,0,1,1,0.0,2025-06-03 15:27:20,logistics
EVID0003534,DSP000589,TXN0037263,customer_communication,APPLICABLE,1,0,0,0.66,2025-06-09 04:29:03,crm
EVID0003535,DSP000590,TXN0037271,order_confirmation,UNAVAILABLE,0,1,1,0.0,2025-06-01 07:53:20,billing
EVID0003536,DSP000590,TXN0037271,invoice,APPLICABLE,1,1,1,0.63,2025-06-06 14:30:59,billing
EVID0003537,DSP000590,TXN0037271,shipping_label,UNAVAILABLE,0,0,0,0.0,2025-06-17 16:34:54,logistics
EVID0003538,DSP000590,TXN0037271,tracking_number,APPLICABLE,1,0,1,0.79,2025-05-30 01:24:25,logistics
EVID0003539,DSP000590,TXN0037271,delivery_confirmation,APPLICABLE,1,0,0,0.84,2025-06-03 05:22:08,logistics
EVID0003540,DSP000590,TXN0037271,customer_communication,UNAVAILABLE,0,0,1,0.0,2025-06-05 20:33:46,crm
EVID0003541,DSP000591,TXN0037374,order_confirmation,APPLICABLE,1,1,1,0.78,2025-06-02 12:39:12,billing
EVID0003542,DSP000591,TXN0037374,invoice,UNAVAILABLE,0,0,1,0.0,2025-06-12 04:31:07,billing
EVID0003543,DSP000591,TXN0037374,shipping_label,NOT_APPLICABLE,0,0,0,0.0,2025-06-10 04:22:31,logistics
EVID0003544,DSP000591,TXN0037374,tracking_number,NOT_APPLICABLE,0,0,0,0.0,2025-06-17 10:02:55,logistics
EVID0003545,DSP000591,TXN0037374,delivery_confirmation,NOT_APPLICABLE,0,0,0,0.0,2025-06-03 07:14:50,logistics
EVID0003546,DSP000591,TXN0037374,customer_communication,UNAVAILABLE,0,1,1,0.0,2025-06-28 23:33:52,crm
EVID0003547,DSP000592,TXN0037375,order_confirmation,UNAVAILABLE,0,1,1,0.0,2025-06-24 17:01:11,billing
EVID0003548,DSP000592,TXN0037375,invoice,APPLICABLE,1,1,1,0.6,2025-06-13 07:45:55,billing
EVID0003549,DSP000592,TXN0037375,shipping_label,NOT_APPLICABLE,0,0,0,0.0,2025-06-02 04:57:13,logistics
EVID0003550,DSP000592,TXN0037375,tracking_number,NOT_APPLICABLE,0,0,0,0.0,2025-06-07 22:12:36,logistics
EVID0003551,DSP000592,TXN0037375,delivery_confirmation,NOT_APPLICABLE,0,0,0,0.0,2025-06-23 09:59:07,logistics
EVID0003552,DSP000592,TXN0037375,customer_communication,APPLICABLE,1,1,1,0.67,2025-06-20 17:26:38,crm
EVID0003553,DSP000593,TXN0037377,order_confirmation,UNAVAILABLE,0,1,1,0.0,2025-06-06 08:48:39,billing
EVID0003554,DSP000593,TXN0037377,invoice,UNAVAILABLE,0,0,0,0.0,2025-06-04 03:38:53,billing
EVID0003555,DSP000593,TXN0037377,shipping_label,UNAVAILABLE,0,1,1,0.0,2025-05-31 05:46:43,logistics
EVID0003556,DSP000593,TXN0037377,tracking_number,APPLICABLE,1,1,1,0.81,2025-06-13 23:26:33,logistics
EVID0003557,DSP000593,TXN0037377,delivery_confirmation,APPLICABLE,1,1,1,0.77,2025-06-11 19:36:56,logistics
EVID0003558,DSP000593,TXN0037377,customer_communication,UNAVAILABLE,0,0,1,0.0,2025-06-11 22:40:59,crm
EVID0003559,DSP000594,TXN0037399,order_confirmation,UNAVAILABLE,0,1,1,0.0,2025-06-15 20:47:08,billing
EVID0003560,DSP000594,TXN0037399,invoice,APPLICABLE,1,0,1,0.92,2025-05-31 09:08:42,billing
EVID0003561,DSP000594,TXN0037399,shipping_label,APPLICABLE,1,1,1,0.7,2025-06-08 05:42:06,logistics
EVID0003562,DSP000594,TXN0037399,tracking_number,APPLICABLE,1,1,1,0.77,2025-06-05 07:30:54,logistics
EVID0003563,DSP000594,TXN0037399,delivery_confirmation,APPLICABLE,1,1,1,0.88,2025-06-15 09:42:51,logistics
EVID0003564,DSP000594,TXN0037399,customer_communication,APPLICABLE,1,0,0,0.69,2025-05-30 12:18:19,crm
EVID0003565,DSP000595,TXN0037402,order_confirmation,APPLICABLE,1,1,1,0.7,2025-06-03 19:09:49,billing
EVID0003566,DSP000595,TXN0037402,invoice,APPLICABLE,1,1,1,0.85,2025-06-07 15:21:39,billing
EVID0003567,DSP000595,TXN0037402,shipping_label,NOT_APPLICABLE,0,0,0,0.0,2025-06-04 07:24:05,logistics
EVID0003568,DSP000595,TXN0037402,tracking_number,NOT_APPLICABLE,0,0,0,0.0,2025-06-04 10:24:14,logistics
EVID0003569,DSP000595,TXN0037402,delivery_confirmation,NOT_APPLICABLE,0,0,0,0.0,2025-06-06 15:00:57,logistics
EVID0003570,DSP000595,TXN0037402,customer_communication,APPLICABLE,1,1,1,0.66,2025-06-01 22:39:08,crm
EVID0003571,DSP000596,TXN0037501,order_confirmation,APPLICABLE,1,1,1,0.86,2025-05-31 05:23:51,billing
EVID0003572,DSP000596,TXN0037501,invoice,UNAVAILABLE,0,1,1,0.0,2025-05-31 08:32:08,billing
EVID0003573,DSP000596,TXN0037501,shipping_label,NOT_APPLICABLE,0,0,0,0.0,2025-06-03 03:26:40,logistics
EVID0003574,DSP000596,TXN0037501,tracking_number,NOT_APPLICABLE,0,0,0,0.0,2025-06-01 12:50:12,logistics
EVID0003575,DSP000596,TXN0037501,delivery_confirmation,NOT_APPLICABLE,0,0,0,0.0,2025-06-03 04:49:52,logistics
EVID0003576,DSP000596,TXN0037501,customer_communication,APPLICABLE,1,1,1,0.78,2025-06-03 08:18:00,crm
EVID0003577,DSP000597,TXN0037597,order_confirmation,APPLICABLE,1,1,1,0.78,2025-06-09 20:14:15,billing
EVID0003578,DSP000597,TXN0037597,invoice,APPLICABLE,1,0,0,0.82,2025-06-22 11:25:55,billing
EVID0003579,DSP000597,TXN0037597,shipping_label,NOT_APPLICABLE,0,0,0,0.0,2025-06-20 00:14:34,logistics
EVID0003580,DSP000597,TXN0037597,tracking_number,NOT_APPLICABLE,0,0,0,0.0,2025-05-31 15:01:07,logistics
EVID0003581,DSP000597,TXN0037597,delivery_confirmation,NOT_APPLICABLE,0,0,0,0.0,2025-06-13 01:48:42,logistics
EVID0003582,DSP000597,TXN0037597,customer_communication,UNAVAILABLE,0,0,0,0.0,2025-06-08 21:31:47,crm
EVID0003583,DSP000598,TXN0037638,order_confirmation,APPLICABLE,1,1,1,0.78,2025-06-03 23:42:46,billing
EVID0003584,DSP000598,TXN0037638,invoice,APPLICABLE,1,0,0,0.78,2025-06-24 21:36:42,billing
EVID0003585,DSP000598,TXN0037638,shipping_label,APPLICABLE,1,0,1,0.71,2025-06-14 18:12:19,logistics
EVID0003586,DSP000598,TXN0037638,tracking_number,APPLICABLE,1,0,0,0.77,2025-06-16 23:27:58,logistics
EVID0003587,DSP000598,TXN0037638,delivery_confirmation,UNAVAILABLE,0,1,1,0.0,2025-06-06 03:42:09,logistics
EVID0003588,DSP000598,TXN0037638,customer_communication,APPLICABLE,1,1,1,0.87,2025-06-25 09:23:58,crm
EVID0003589,DSP000599,TXN0037720,order_confirmation,APPLICABLE,1,1,1,0.6,2025-07-04 09:29:41,billing
EVID0003590,DSP000599,TXN0037720,invoice,APPLICABLE,1,1,1,0.66,2025-06-22 04:33:56,billing
EVID0003591,DSP000599,TXN0037720,shipping_label,NOT_APPLICABLE,0,0,0,0.0,2025-06-19 00:01:59,logistics
EVID0003592,DSP000599,TXN0037720,tracking_number,NOT_APPLICABLE,0,0,0,0.0,2025-06-28 00:50:30,logistics
EVID0003593,DSP000599,TXN0037720,delivery_confirmation,NOT_APPLICABLE,0,0,0,0.0,2025-06-24 04:10:20,logistics
EVID0003594,DSP000599,TXN0037720,customer_communication,APPLICABLE,1,1,1,0.6,2025-07-08 01:46:46,crm
EVID0003595,DSP000600,TXN0037766,order_confirmation,UNAVAILABLE,0,1,1,0.0,2025-06-23 03:25:22,billing
EVID0003596,DSP000600,TXN0037766,invoice,APPLICABLE,1,1,1,0.65,2025-06-02 02:30:38,billing
EVID0003597,DSP000600,TXN0037766,shipping_label,NOT_APPLICABLE,0,0,0,0.0,2025-06-24 04:10:50,logistics
EVID0003598,DSP000600,TXN0037766,tracking_number,NOT_APPLICABLE,0,0,0,0.0,2025-06-06 10:06:25,logistics
EVID0003599,DSP000600,TXN0037766,delivery_confirmation,NOT_APPLICABLE,0,0,0,0.0,2025-06-13 07:01:35,logistics
EVID0003600,DSP000600,TXN0037766,customer_communication,APPLICABLE,1,1,1,0.64,2025-06-04 01:21:04,crm
EVID0003601,DSP000601,TXN0037881,order_confirmation,APPLICABLE,1,1,1,0.78,2025-07-05 09:27:12,billing
EVID0003602,DSP000601,TXN0037881,invoice,UNAVAILABLE,0,1,1,0.0,2025-06-12 12:24:43,billing
EVID0003603,DSP000601,TXN0037881,shipping_label,NOT_APPLICABLE,0,0,0,0.0,2025-07-10 04:46:47,logistics
EVID0003604,DSP000601,TXN0037881,tracking_number,NOT_APPLICABLE,0,0,0,0.0,2025-06-16 16:22:37,logistics
EVID0003605,DSP000601,TXN0037881,delivery_confirmation,NOT_APPLICABLE,0,0,0,0.0,2025-06-21 09:02:06,logistics
EVID0003606,DSP000601,TXN0037881,customer_communication,APPLICABLE,1,1,1,0.77,2025-06-18 11:54:40,crm
EVID0003607,DSP000602,TXN0037984,order_confirmation,APPLICABLE,1,1,1,0.84,2025-06-14 07:25:34,billing
EVID0003608,DSP000602,TXN0037984,invoice,APPLICABLE,1,0,1,0.86,2025-06-13 13:50:33,billing
EVID0003609,DSP000602,TXN0037984,shipping_label,NOT_APPLICABLE,0,0,0,0.0,2025-06-15 11:19:05,logistics
EVID0003610,DSP000602,TXN0037984,tracking_number,NOT_APPLICABLE,0,0,0,0.0,2025-06-06 00:57:55,logistics
EVID0003611,DSP000602,TXN0037984,delivery_confirmation,NOT_APPLICABLE,0,0,0,0.0,2025-06-20 21:23:22,logistics
EVID0003612,DSP000602,TXN0037984,customer_communication,APPLICABLE,1,0,1,0.82,2025-07-04 05:30:59,crm
EVID0003613,DSP000603,TXN0037996,order_confirmation,UNAVAILABLE,0,1,1,0.0,2025-06-07 08:27:06,billing
EVID0003614,DSP000603,TXN0037996,invoice,APPLICABLE,1,1,1,0.79,2025-06-05 09:04:01,billing
EVID0003615,DSP000603,TXN0037996,shipping_label,APPLICABLE,1,0,0,0.88,2025-06-05 20:37:13,logistics
EVID0003616,DSP000603,TXN0037996,tracking_number,APPLICABLE,1,0,1,0.9,2025-06-04 05:18:25,logistics
EVID0003617,DSP000603,TXN0037996,delivery_confirmation,APPLICABLE,1,0,0,0.95,2025-06-08 12:45:03,logistics
EVID0003618,DSP000603,TXN0037996,customer_communication,APPLICABLE,1,1,1,0.66,2025-06-04 20:01:08,crm
EVID0003619,DSP000604,TXN0038036,order_confirmation,UNAVAILABLE,0,1,1,0.0,2025-06-06 12:43:54,billing
EVID0003620,DSP000604,TXN0038036,invoice,APPLICABLE,1,0,1,0.74,2025-06-07 09:14:02,billing
EVID0003621,DSP000604,TXN0038036,shipping_label,UNAVAILABLE,0,1,1,0.0,2025-06-07 13:25:32,logistics
EVID0003622,DSP000604,TXN0038036,tracking_number,UNAVAILABLE,0,1,1,0.0,2025-06-08 03:01:38,logistics
EVID0003623,DSP000604,TXN0038036,delivery_confirmation,APPLICABLE,1,1,1,0.76,2025-06-06 16:52:29,logistics
EVID0003624,DSP000604,TXN0038036,customer_communication,APPLICABLE,1,0,1,0.63,2025-06-07 05:56:26,crm
EVID0003625,DSP000605,TXN0038147,order_confirmation,APPLICABLE,1,1,1,0.81,2025-06-05 23:03:08,billing
EVID0003626,DSP000605,TXN0038147,invoice,APPLICABLE,1,0,1,0.74,2025-06-04 18:19:45,billing
EVID0003627,DSP000605,TXN0038147,shipping_label,UNAVAILABLE,0,1,1,0.0,2025-06-05 02:00:45,logistics
EVID0003628,DSP000605,TXN0038147,tracking_number,APPLICABLE,1,1,1,0.63,2025-06-04 01:54:02,logistics
EVID0003629,DSP000605,TXN0038147,delivery_confirmation,UNAVAILABLE,0,1,1,0.0,2025-06-18 13:52:02,logistics
EVID0003630,DSP000605,TXN0038147,customer_communication,UNAVAILABLE,0,0,1,0.0,2025-06-18 06:39:03,crm
EVID0003631,DSP000606,TXN0038224,order_confirmation,APPLICABLE,1,1,1,0.71,2025-06-04 12:14:50,billing
EVID0003632,DSP000606,TXN0038224,invoice,APPLICABLE,1,0,1,0.85,2025-07-13 15:00:40,billing
EVID0003633,DSP000606,TXN0038224,shipping_label,APPLICABLE,1,0,1,0.8,2025-06-25 20:55:05,logistics
EVID0003634,DSP000606,TXN0038224,tracking_number,APPLICABLE,1,0,1,0.64,2025-06-20 11:28:57,logistics
EVID0003635,DSP000606,TXN0038224,delivery_confirmation,APPLICABLE,1,1,1,0.95,2025-07-02 14:08:14,logistics
EVID0003636,DSP000606,TXN0038224,customer_communication,APPLICABLE,1,1,1,0.88,2025-06-17 18:29:40,crm
EVID0003637,DSP000607,TXN0038300,order_confirmation,APPLICABLE,1,1,1,0.86,2025-06-26 12:18:30,billing
EVID0003638,DSP000607,TXN0038300,invoice,UNAVAILABLE,0,1,1,0.0,2025-06-11 13:32:24,billing
EVID0003639,DSP000607,TXN0038300,shipping_label,NOT_APPLICABLE,0,0,0,0.0,2025-06-27 11:59:33,logistics
EVID0003640,DSP000607,TXN0038300,tracking_number,NOT_APPLICABLE,0,0,0,0.0,2025-06-16 07:00:47,logistics
EVID0003641,DSP000607,TXN0038300,delivery_confirmation,NOT_APPLICABLE,0,0,0,0.0,2025-06-22 00:02:31,logistics
EVID0003642,DSP000607,TXN0038300,customer_communication,APPLICABLE,1,1,1,0.65,2025-06-13 11:14:08,crm
EVID0003643,DSP000608,TXN0038405,order_confirmation,APPLICABLE,1,1,1,0.8,2025-06-12 20:40:19,billing
EVID0003644,DSP000608,TXN0038405,invoice,APPLICABLE,1,1,1,0.6,2025-06-08 07:07:36,billing
EVID0003645,DSP000608,TXN0038405,shipping_label,NOT_APPLICABLE,0,0,0,0.0,2025-06-08 23:11:18,logistics
EVID0003646,DSP000608,TXN0038405,tracking_number,NOT_APPLICABLE,0,0,0,0.0,2025-06-09 17:22:40,logistics
EVID0003647,DSP000608,TXN0038405,delivery_confirmation,NOT_APPLICABLE,0,0,0,0.0,2025-06-03 13:21:08,logistics
EVID0003648,DSP000608,TXN0038405,customer_communication,UNAVAILABLE,0,1,1,0.0,2025-06-09 06:13:27,crm
EVID0003649,DSP000609,TXN0038478,order_confirmation,APPLICABLE,1,1,1,0.88,2025-06-11 22:57:01,billing
EVID0003650,DSP000609,TXN0038478,invoice,APPLICABLE,1,0,1,0.66,2025-06-25 15:57:55,billing
EVID0003651,DSP000609,TXN0038478,shipping_label,NOT_APPLICABLE,0,0,0,0.0,2025-06-09 07:31:56,logistics
EVID0003652,DSP000609,TXN0038478,tracking_number,NOT_APPLICABLE,0,0,0,0.0,2025-06-28 15:02:45,logistics
EVID0003653,DSP000609,TXN0038478,delivery_confirmation,NOT_APPLICABLE,0,0,0,0.0,2025-06-25 19:18:51,logistics
EVID0003654,DSP000609,TXN0038478,customer_communication,UNAVAILABLE,0,1,1,0.0,2025-06-18 19:03:13,crm
EVID0003655,DSP000610,TXN0038554,order_confirmation,APPLICABLE,1,1,1,0.71,2025-06-06 01:02:10,billing
EVID0003656,DSP000610,TXN0038554,invoice,UNAVAILABLE,0,0,1,0.0,2025-06-07 06:23:36,billing
EVID0003657,DSP000610,TXN0038554,shipping_label,NOT_APPLICABLE,0,0,0,0.0,2025-06-04 08:27:01,logistics
EVID0003658,DSP000610,TXN0038554,tracking_number,NOT_APPLICABLE,0,0,0,0.0,2025-06-05 17:10:23,logistics
EVID0003659,DSP000610,TXN0038554,delivery_confirmation,NOT_APPLICABLE,0,0,0,0.0,2025-06-05 22:26:24,logistics
EVID0003660,DSP000610,TXN0038554,customer_communication,APPLICABLE,1,0,1,0.92,2025-06-07 11:01:13,crm
EVID0003661,DSP000611,TXN0038613,order_confirmation,APPLICABLE,1,1,1,0.82,2025-06-10 06:48:48,billing
EVID0003662,DSP000611,TXN0038613,invoice,APPLICABLE,1,1,1,0.63,2025-06-09 15:50:10,billing
EVID0003663,DSP000611,TXN0038613,shipping_label,NOT_APPLICABLE,0,0,0,0.0,2025-06-10 10:38:04,logistics
EVID0003664,DSP000611,TXN0038613,tracking_number,NOT_APPLICABLE,0,0,0,0.0,2025-06-15 08:16:16,logistics
EVID0003665,DSP000611,TXN0038613,delivery_confirmation,NOT_APPLICABLE,0,0,0,0.0,2025-06-18 18:50:24,logistics
EVID0003666,DSP000611,TXN0038613,customer_communication,APPLICABLE,1,1,1,0.8,2025-06-12 05:33:39,crm
EVID0003667,DSP000612,TXN0038634,order_confirmation,APPLICABLE,1,1,1,0.93,2025-06-09 04:07:35,billing
EVID0003668,DSP000612,TXN0038634,invoice,APPLICABLE,1,0,0,0.8,2025-06-14 05:37:18,billing
EVID0003669,DSP000612,TXN0038634,shipping_label,APPLICABLE,1,1,1,0.68,2025-06-13 02:22:06,logistics
EVID0003670,DSP000612,TXN0038634,tracking_number,APPLICABLE,1,1,1,0.84,2025-06-12 22:09:21,logistics
EVID0003671,DSP000612,TXN0038634,delivery_confirmation,APPLICABLE,1,1,1,0.89,2025-06-13 18:50:40,logistics
EVID0003672,DSP000612,TXN0038634,customer_communication,APPLICABLE,1,0,1,0.76,2025-06-10 20:22:42,crm
EVID0003673,DSP000613,TXN0038688,order_confirmation,APPLICABLE,1,1,1,0.64,2025-06-10 18:32:15,billing
EVID0003674,DSP000613,TXN0038688,invoice,APPLICABLE,1,0,1,0.92,2025-07-02 08:42:47,billing
EVID0003675,DSP000613,TXN0038688,shipping_label,APPLICABLE,1,1,1,0.69,2025-06-15 12:02:56,logistics
EVID0003676,DSP000613,TXN0038688,tracking_number,APPLICABLE,1,1,1,0.61,2025-06-09 06:06:22,logistics
EVID0003677,DSP000613,TXN0038688,delivery_confirmation,APPLICABLE,1,1,1,0.76,2025-06-17 12:15:46,logistics
EVID0003678,DSP000613,TXN0038688,customer_communication,APPLICABLE,1,0,1,0.82,2025-06-15 20:28:56,crm
EVID0003679,DSP000614,TXN0038702,order_confirmation,UNAVAILABLE,0,1,1,0.0,2025-06-11 12:40:27,billing
EVID0003680,DSP000614,TXN0038702,invoice,UNAVAILABLE,0,0,1,0.0,2025-06-11 16:59:25,billing
EVID0003681,DSP000614,TXN0038702,shipping_label,NOT_APPLICABLE,0,0,0,0.0,2025-06-27 09:49:26,logistics
EVID0003682,DSP000614,TXN0038702,tracking_number,NOT_APPLICABLE,0,0,0,0.0,2025-06-04 22:06:17,logistics
EVID0003683,DSP000614,TXN0038702,delivery_confirmation,NOT_APPLICABLE,0,0,0,0.0,2025-06-13 00:30:59,logistics
EVID0003684,DSP000614,TXN0038702,customer_communication,APPLICABLE,1,0,1,0.75,2025-06-24 21:51:40,crm
EVID0003685,DSP000615,TXN0038736,order_confirmation,APPLICABLE,1,1,1,0.9,2025-06-11 00:37:56,billing
EVID0003686,DSP000615,TXN0038736,invoice,APPLICABLE,1,1,1,0.68,2025-06-13 06:58:37,billing
EVID0003687,DSP000615,TXN0038736,shipping_label,NOT_APPLICABLE,0,0,0,0.0,2025-06-08 09:03:39,logistics
EVID0003688,DSP000615,TXN0038736,tracking_number,NOT_APPLICABLE,0,0,0,0.0,2025-06-14 01:50:36,logistics
EVID0003689,DSP000615,TXN0038736,delivery_confirmation,NOT_APPLICABLE,0,0,0,0.0,2025-06-10 10:50:13,logistics
EVID0003690,DSP000615,TXN0038736,customer_communication,APPLICABLE,1,1,1,0.86,2025-06-08 04:29:23,crm
EVID0003691,DSP000616,TXN0038800,order_confirmation,UNAVAILABLE,0,1,1,0.0,2025-06-24 02:39:50,billing
EVID0003692,DSP000616,TXN0038800,invoice,APPLICABLE,1,0,1,0.69,2025-06-09 13:48:22,billing
EVID0003693,DSP000616,TXN0038800,shipping_label,APPLICABLE,1,1,1,0.85,2025-07-08 07:02:00,logistics
EVID0003694,DSP000616,TXN0038800,tracking_number,APPLICABLE,1,1,1,0.67,2025-06-12 16:47:57,logistics
EVID0003695,DSP000616,TXN0038800,delivery_confirmation,UNAVAILABLE,0,1,1,0.0,2025-06-07 16:26:22,logistics
EVID0003696,DSP000616,TXN0038800,customer_communication,UNAVAILABLE,0,0,1,0.0,2025-06-15 05:31:47,crm
EVID0003697,DSP000617,TXN0039061,order_confirmation,APPLICABLE,1,1,1,0.79,2025-06-27 16:52:54,billing
EVID0003698,DSP000617,TXN0039061,invoice,APPLICABLE,1,0,0,0.63,2025-06-22 02:39:58,billing
EVID0003699,DSP000617,TXN0039061,shipping_label,UNAVAILABLE,0,1,1,0.0,2025-06-18 11:24:57,logistics
EVID0003700,DSP000617,TXN0039061,tracking_number,APPLICABLE,1,1,1,0.6,2025-06-23 09:18:51,logistics
EVID0003701,DSP000617,TXN0039061,delivery_confirmation,APPLICABLE,1,1,1,0.63,2025-06-23 08:33:02,logistics
EVID0003702,DSP000617,TXN0039061,customer_communication,UNAVAILABLE,0,0,1,0.0,2025-07-03 01:37:05,crm
EVID0003703,DSP000618,TXN0039080,order_confirmation,APPLICABLE,1,1,1,0.72,2025-06-15 22:58:58,billing
EVID0003704,DSP000618,TXN0039080,invoice,APPLICABLE,1,1,1,0.79,2025-06-08 21:44:26,billing
EVID0003705,DSP000618,TXN0039080,shipping_label,APPLICABLE,1,0,1,0.89,2025-06-14 11:38:23,logistics
EVID0003706,DSP000618,TXN0039080,tracking_number,APPLICABLE,1,0,0,0.85,2025-06-22 11:00:07,logistics
EVID0003707,DSP000618,TXN0039080,delivery_confirmation,APPLICABLE,1,0,1,0.82,2025-06-20 15:53:17,logistics
EVID0003708,DSP000618,TXN0039080,customer_communication,APPLICABLE,1,1,1,0.72,2025-06-10 19:00:58,crm
EVID0003709,DSP000619,TXN0039127,order_confirmation,APPLICABLE,1,1,1,0.77,2025-07-02 11:52:33,billing
EVID0003710,DSP000619,TXN0039127,invoice,APPLICABLE,1,1,1,0.64,2025-06-14 19:54:08,billing
EVID0003711,DSP000619,TXN0039127,shipping_label,NOT_APPLICABLE,0,0,0,0.0,2025-07-14 05:40:33,logistics
EVID0003712,DSP000619,TXN0039127,tracking_number,NOT_APPLICABLE,0,0,0,0.0,2025-06-20 04:08:35,logistics
EVID0003713,DSP000619,TXN0039127,delivery_confirmation,NOT_APPLICABLE,0,0,0,0.0,2025-06-23 14:16:55,logistics
EVID0003714,DSP000619,TXN0039127,customer_communication,APPLICABLE,1,1,1,0.66,2025-06-22 03:18:27,crm
EVID0003715,DSP000620,TXN0039134,order_confirmation,UNAVAILABLE,0,1,1,0.0,2025-06-10 04:07:52,billing
EVID0003716,DSP000620,TXN0039134,invoice,UNAVAILABLE,0,0,1,0.0,2025-06-24 20:45:35,billing
EVID0003717,DSP000620,TXN0039134,shipping_label,APPLICABLE,1,1,1,0.6,2025-07-06 03:45:00,logistics
EVID0003718,DSP000620,TXN0039134,tracking_number,APPLICABLE,1,1,1,0.63,2025-06-20 06:36:14,logistics
EVID0003719,DSP000620,TXN0039134,delivery_confirmation,APPLICABLE,1,1,1,0.66,2025-06-28 21:05:25,logistics
EVID0003720,DSP000620,TXN0039134,customer_communication,APPLICABLE,1,0,1,0.62,2025-07-07 00:46:40,crm
EVID0003721,DSP000621,TXN0039143,order_confirmation,UNAVAILABLE,0,1,1,0.0,2025-06-14 13:42:15,billing
EVID0003722,DSP000621,TXN0039143,invoice,APPLICABLE,1,0,1,0.85,2025-06-16 14:53:14,billing
EVID0003723,DSP000621,TXN0039143,shipping_label,APPLICABLE,1,0,0,0.6,2025-06-16 04:57:30,logistics
EVID0003724,DSP000621,TXN0039143,tracking_number,APPLICABLE,1,0,0,0.67,2025-06-08 02:43:20,logistics
EVID0003725,DSP000621,TXN0039143,delivery_confirmation,APPLICABLE,1,1,1,0.71,2025-06-08 07:14:50,logistics
EVID0003726,DSP000621,TXN0039143,customer_communication,UNAVAILABLE,0,1,1,0.0,2025-06-10 07:31:58,crm
EVID0003727,DSP000622,TXN0039224,order_confirmation,UNAVAILABLE,0,1,1,0.0,2025-06-22 10:56:06,billing
EVID0003728,DSP000622,TXN0039224,invoice,APPLICABLE,1,0,0,0.73,2025-06-13 16:15:17,billing
EVID0003729,DSP000622,TXN0039224,shipping_label,NOT_APPLICABLE,0,0,0,0.0,2025-06-23 20:23:06,logistics
EVID0003730,DSP000622,TXN0039224,tracking_number,NOT_APPLICABLE,0,0,0,0.0,2025-06-13 02:20:29,logistics
EVID0003731,DSP000622,TXN0039224,delivery_confirmation,NOT_APPLICABLE,0,0,0,0.0,2025-06-21 07:11:23,logistics
EVID0003732,DSP000622,TXN0039224,customer_communication,UNAVAILABLE,0,1,1,0.0,2025-06-22 06:03:36,crm
EVID0003733,DSP000623,TXN0039247,order_confirmation,APPLICABLE,1,1,1,0.86,2025-06-24 20:13:08,billing
EVID0003734,DSP000623,TXN0039247,invoice,APPLICABLE,1,1,1,0.64,2025-06-20 22:26:37,billing
EVID0003735,DSP000623,TXN0039247,shipping_label,NOT_APPLICABLE,0,0,0,0.0,2025-06-19 08:00:19,logistics
EVID0003736,DSP000623,TXN0039247,tracking_number,NOT_APPLICABLE,0,0,0,0.0,2025-06-17 14:51:01,logistics
EVID0003737,DSP000623,TXN0039247,delivery_confirmation,NOT_APPLICABLE,0,0,0,0.0,2025-06-16 17:42:15,logistics
EVID0003738,DSP000623,TXN0039247,customer_communication,APPLICABLE,1,1,1,0.61,2025-06-10 18:00:29,crm
EVID0003739,DSP000624,TXN0039347,order_confirmation,APPLICABLE,1,1,1,0.75,2025-06-08 17:39:16,billing
EVID0003740,DSP000624,TXN0039347,invoice,APPLICABLE,1,0,1,0.86,2025-06-11 07:53:54,billing
EVID0003741,DSP000624,TXN0039347,shipping_label,APPLICABLE,1,0,0,0.83,2025-06-08 20:07:59,logistics
EVID0003742,DSP000624,TXN0039347,tracking_number,APPLICABLE,1,0,0,0.71,2025-06-07 19:08:40,logistics
EVID0003743,DSP000624,TXN0039347,delivery_confirmation,APPLICABLE,1,1,1,0.68,2025-06-08 14:09:04,logistics
EVID0003744,DSP000624,TXN0039347,customer_communication,APPLICABLE,1,1,1,0.89,2025-06-08 07:47:33,crm
EVID0003745,DSP000625,TXN0039590,order_confirmation,UNAVAILABLE,0,1,1,0.0,2025-06-13 16:50:16,billing
EVID0003746,DSP000625,TXN0039590,invoice,APPLICABLE,1,0,0,0.92,2025-06-14 14:45:19,billing
EVID0003747,DSP000625,TXN0039590,shipping_label,APPLICABLE,1,0,1,0.73,2025-06-08 14:41:25,logistics
EVID0003748,DSP000625,TXN0039590,tracking_number,APPLICABLE,1,0,1,0.95,2025-06-08 06:41:30,logistics
EVID0003749,DSP000625,TXN0039590,delivery_confirmation,APPLICABLE,1,1,1,0.79,2025-06-12 18:39:02,logistics
EVID0003750,DSP000625,TXN0039590,customer_communication,APPLICABLE,1,1,1,0.66,2025-06-14 07:38:00,crm
EVID0003751,DSP000626,TXN0039639,order_confirmation,APPLICABLE,1,1,1,0.63,2025-06-10 05:26:39,billing
EVID0003752,DSP000626,TXN0039639,invoice,UNAVAILABLE,0,1,1,0.0,2025-06-09 08:46:29,billing
EVID0003753,DSP000626,TXN0039639,shipping_label,NOT_APPLICABLE,0,0,0,0.0,2025-06-16 06:57:04,logistics
EVID0003754,DSP000626,TXN0039639,tracking_number,NOT_APPLICABLE,0,0,0,0.0,2025-06-13 01:46:06,logistics
EVID0003755,DSP000626,TXN0039639,delivery_confirmation,NOT_APPLICABLE,0,0,0,0.0,2025-06-12 02:19:41,logistics
EVID0003756,DSP000626,TXN0039639,customer_communication,APPLICABLE,1,1,1,0.63,2025-06-11 03:01:20,crm
EVID0003757,DSP000627,TXN0039647,order_confirmation,UNAVAILABLE,0,1,1,0.0,2025-06-11 10:20:35,billing
EVID0003758,DSP000627,TXN0039647,invoice,APPLICABLE,1,0,0,0.74,2025-06-11 13:10:39,billing
EVID0003759,DSP000627,TXN0039647,shipping_label,APPLICABLE,1,1,1,0.71,2025-06-21 03:33:09,logistics
EVID0003760,DSP000627,TXN0039647,tracking_number,UNAVAILABLE,0,1,1,0.0,2025-06-28 17:10:30,logistics
EVID0003761,DSP000627,TXN0039647,delivery_confirmation,APPLICABLE,1,1,1,0.81,2025-06-12 12:05:21,logistics
EVID0003762,DSP000627,TXN0039647,customer_communication,UNAVAILABLE,0,0,1,0.0,2025-06-09 01:20:49,crm
EVID0003763,DSP000628,TXN0039665,order_confirmation,APPLICABLE,1,1,1,0.72,2025-07-20 08:43:06,billing
EVID0003764,DSP000628,TXN0039665,invoice,APPLICABLE,1,0,0,0.85,2025-07-01 12:33:53,billing
EVID0003765,DSP000628,TXN0039665,shipping_label,NOT_APPLICABLE,0,0,0,0.0,2025-07-01 02:07:27,logistics
EVID0003766,DSP000628,TXN0039665,tracking_number,NOT_APPLICABLE,0,0,0,0.0,2025-07-20 16:28:28,logistics
EVID0003767,DSP000628,TXN0039665,delivery_confirmation,NOT_APPLICABLE,0,0,0,0.0,2025-07-04 15:37:50,logistics
EVID0003768,DSP000628,TXN0039665,customer_communication,APPLICABLE,1,0,0,0.72,2025-07-23 18:59:32,crm
EVID0003769,DSP000629,TXN0039818,order_confirmation,APPLICABLE,1,1,1,0.72,2025-07-12 15:10:59,billing
EVID0003770,DSP000629,TXN0039818,invoice,APPLICABLE,1,0,0,0.69,2025-07-04 22:42:33,billing
EVID0003771,DSP000629,TXN0039818,shipping_label,APPLICABLE,1,0,0,0.75,2025-06-17 08:39:22,logistics
EVID0003772,DSP000629,TXN0039818,tracking_number,APPLICABLE,1,0,1,0.87,2025-07-07 10:45:41,logistics
EVID0003773,DSP000629,TXN0039818,delivery_confirmation,UNAVAILABLE,0,1,1,0.0,2025-07-07 18:37:46,logistics
EVID0003774,DSP000629,TXN0039818,customer_communication,APPLICABLE,1,1,1,0.93,2025-06-30 22:18:18,crm
EVID0003775,DSP000630,TXN0039860,order_confirmation,APPLICABLE,1,1,1,0.76,2025-07-04 18:43:17,billing
EVID0003776,DSP000630,TXN0039860,invoice,APPLICABLE,1,1,1,0.69,2025-06-23 21:35:58,billing
EVID0003777,DSP000630,TXN0039860,shipping_label,APPLICABLE,1,0,0,0.84,2025-06-25 17:17:54,logistics
EVID0003778,DSP000630,TXN0039860,tracking_number,APPLICABLE,1,0,1,0.63,2025-07-02 05:58:58,logistics
EVID0003779,DSP000630,TXN0039860,delivery_confirmation,APPLICABLE,1,0,1,0.79,2025-07-05 01:34:37,logistics
EVID0003780,DSP000630,TXN0039860,customer_communication,APPLICABLE,1,1,1,0.91,2025-06-19 21:26:30,crm
EVID0003781,DSP000631,TXN0039894,order_confirmation,APPLICABLE,1,1,1,0.87,2025-06-29 03:06:27,billing
EVID0003782,DSP000631,TXN0039894,invoice,APPLICABLE,1,0,1,0.66,2025-06-21 17:33:08,billing
EVID0003783,DSP000631,TXN0039894,shipping_label,APPLICABLE,1,1,1,0.6,2025-06-16 16:16:45,logistics
EVID0003784,DSP000631,TXN0039894,tracking_number,APPLICABLE,1,1,1,0.82,2025-06-23 20:32:36,logistics
EVID0003785,DSP000631,TXN0039894,delivery_confirmation,APPLICABLE,1,1,1,0.76,2025-06-09 15:09:13,logistics
EVID0003786,DSP000631,TXN0039894,customer_communication,APPLICABLE,1,0,0,0.6,2025-06-09 02:57:46,crm
EVID0003787,DSP000632,TXN0040172,order_confirmation,APPLICABLE,1,1,1,0.79,2025-06-16 00:32:28,billing
EVID0003788,DSP000632,TXN0040172,invoice,APPLICABLE,1,1,1,0.6,2025-06-16 19:44:10,billing
EVID0003789,DSP000632,TXN0040172,shipping_label,NOT_APPLICABLE,0,0,0,0.0,2025-06-10 10:18:00,logistics
EVID0003790,DSP000632,TXN0040172,tracking_number,NOT_APPLICABLE,0,0,0,0.0,2025-06-18 16:12:18,logistics
EVID0003791,DSP000632,TXN0040172,delivery_confirmation,NOT_APPLICABLE,0,0,0,0.0,2025-06-21 12:27:18,logistics
EVID0003792,DSP000632,TXN0040172,customer_communication,APPLICABLE,1,1,1,0.69,2025-06-16 07:09:46,crm
EVID0003793,DSP000633,TXN0040207,order_confirmation,APPLICABLE,1,1,1,0.67,2025-06-29 19:07:46,billing
EVID0003794,DSP000633,TXN0040207,invoice,UNAVAILABLE,0,1,1,0.0,2025-06-17 12:55:16,billing
EVID0003795,DSP000633,TXN0040207,shipping_label,NOT_APPLICABLE,0,0,0,0.0,2025-06-24 22:03:40,logistics
EVID0003796,DSP000633,TXN0040207,tracking_number,NOT_APPLICABLE,0,0,0,0.0,2025-06-16 00:58:26,logistics
EVID0003797,DSP000633,TXN0040207,delivery_confirmation,NOT_APPLICABLE,0,0,0,0.0,2025-06-29 18:25:55,logistics
EVID0003798,DSP000633,TXN0040207,customer_communication,APPLICABLE,1,1,1,0.64,2025-06-10 14:29:10,crm
EVID0003799,DSP000634,TXN0040313,order_confirmation,APPLICABLE,1,1,1,0.89,2025-07-02 00:21:34,billing
EVID0003800,DSP000634,TXN0040313,invoice,APPLICABLE,1,0,0,0.6,2025-06-29 23:00:48,billing
EVID0003801,DSP000634,TXN0040313,shipping_label,APPLICABLE,1,0,1,0.63,2025-06-22 22:14:38,logistics
EVID0003802,DSP000634,TXN0040313,tracking_number,UNAVAILABLE,0,0,1,0.0,2025-06-18 17:18:59,logistics
EVID0003803,DSP000634,TXN0040313,delivery_confirmation,APPLICABLE,1,1,1,0.78,2025-06-29 17:09:15,logistics
EVID0003804,DSP000634,TXN0040313,customer_communication,UNAVAILABLE,0,1,1,0.0,2025-06-29 03:54:46,crm
EVID0003805,DSP000635,TXN0040362,order_confirmation,UNAVAILABLE,0,1,1,0.0,2025-06-21 08:51:35,billing
EVID0003806,DSP000635,TXN0040362,invoice,UNAVAILABLE,0,1,1,0.0,2025-06-26 07:09:52,billing
EVID0003807,DSP000635,TXN0040362,shipping_label,APPLICABLE,1,0,0,0.73,2025-06-16 22:26:32,logistics
EVID0003808,DSP000635,TXN0040362,tracking_number,APPLICABLE,1,0,1,0.74,2025-06-23 15:50:04,logistics
EVID0003809,DSP000635,TXN0040362,delivery_confirmation,UNAVAILABLE,0,0,0,0.0,2025-06-26 00:06:42,logistics
EVID0003810,DSP000635,TXN0040362,customer_communication,APPLICABLE,1,1,1,0.66,2025-06-27 23:07:40,crm
EVID0003811,DSP000636,TXN0040363,order_confirmation,APPLICABLE,1,1,1,0.63,2025-06-24 02:25:34,billing
EVID0003812,DSP000636,TXN0040363,invoice,UNAVAILABLE,0,1,1,0.0,2025-06-30 19:42:41,billing
EVID0003813,DSP000636,TXN0040363,shipping_label,NOT_APPLICABLE,0,0,0,0.0,2025-06-17 17:08:47,logistics
EVID0003814,DSP000636,TXN0040363,tracking_number,NOT_APPLICABLE,0,0,0,0.0,2025-06-21 05:04:49,logistics
EVID0003815,DSP000636,TXN0040363,delivery_confirmation,NOT_APPLICABLE,0,0,0,0.0,2025-06-15 18:03:52,logistics
EVID0003816,DSP000636,TXN0040363,customer_communication,UNAVAILABLE,0,1,1,0.0,2025-07-01 21:44:08,crm
EVID0003817,DSP000637,TXN0040466,order_confirmation,UNAVAILABLE,0,1,1,0.0,2025-06-14 06:01:51,billing
EVID0003818,DSP000637,TXN0040466,invoice,APPLICABLE,1,1,1,0.64,2025-06-22 15:00:00,billing
EVID0003819,DSP000637,TXN0040466,shipping_label,UNAVAILABLE,0,0,0,0.0,2025-06-22 13:29:58,logistics
EVID0003820,DSP000637,TXN0040466,tracking_number,APPLICABLE,1,0,1,0.73,2025-06-18 04:16:23,logistics
EVID0003821,DSP000637,TXN0040466,delivery_confirmation,APPLICABLE,1,0,1,0.6,2025-06-23 12:21:07,logistics
EVID0003822,DSP000637,TXN0040466,customer_communication,APPLICABLE,1,1,1,0.61,2025-06-16 03:08:20,crm
EVID0003823,DSP000638,TXN0040556,order_confirmation,UNAVAILABLE,0,1,1,0.0,2025-06-15 01:33:00,billing
EVID0003824,DSP000638,TXN0040556,invoice,APPLICABLE,1,0,0,0.63,2025-06-11 22:51:44,billing
EVID0003825,DSP000638,TXN0040556,shipping_label,NOT_APPLICABLE,0,0,0,0.0,2025-06-12 22:43:06,logistics
EVID0003826,DSP000638,TXN0040556,tracking_number,NOT_APPLICABLE,0,0,0,0.0,2025-06-12 10:32:02,logistics
EVID0003827,DSP000638,TXN0040556,delivery_confirmation,NOT_APPLICABLE,0,0,0,0.0,2025-06-13 12:43:31,logistics
EVID0003828,DSP000638,TXN0040556,customer_communication,APPLICABLE,1,1,1,0.86,2025-06-13 10:50:37,crm
EVID0003829,DSP000639,TXN0040571,order_confirmation,APPLICABLE,1,1,1,0.76,2025-06-23 03:59:00,billing
EVID0003830,DSP000639,TXN0040571,invoice,APPLICABLE,1,1,1,0.93,2025-06-16 05:49:35,billing
EVID0003831,DSP000639,TXN0040571,shipping_label,APPLICABLE,1,0,1,0.93,2025-06-19 04:17:55,logistics
EVID0003832,DSP000639,TXN0040571,tracking_number,APPLICABLE,1,0,1,0.81,2025-06-12 13:53:42,logistics
EVID0003833,DSP000639,TXN0040571,delivery_confirmation,APPLICABLE,1,0,1,0.82,2025-07-05 19:48:04,logistics
EVID0003834,DSP000639,TXN0040571,customer_communication,APPLICABLE,1,1,1,0.62,2025-06-22 09:46:54,crm
EVID0003835,DSP000640,TXN0040671,order_confirmation,APPLICABLE,1,1,1,0.86,2025-06-30 10:03:26,billing
EVID0003836,DSP000640,TXN0040671,invoice,APPLICABLE,1,0,0,0.73,2025-07-04 21:34:47,billing
EVID0003837,DSP000640,TXN0040671,shipping_label,UNAVAILABLE,0,1,1,0.0,2025-06-13 22:19:29,logistics
EVID0003838,DSP000640,TXN0040671,tracking_number,APPLICABLE,1,1,1,0.6,2025-06-28 10:06:57,logistics
EVID0003839,DSP000640,TXN0040671,delivery_confirmation,UNAVAILABLE,0,1,1,0.0,2025-06-16 06:48:54,logistics
EVID0003840,DSP000640,TXN0040671,customer_communication,UNAVAILABLE,0,0,0,0.0,2025-06-19 11:33:10,crm
EVID0003841,DSP000641,TXN0040700,order_confirmation,APPLICABLE,1,1,1,0.68,2025-06-13 07:49:04,billing
EVID0003842,DSP000641,TXN0040700,invoice,APPLICABLE,1,1,1,0.78,2025-06-18 03:57:56,billing
EVID0003843,DSP000641,TXN0040700,shipping_label,APPLICABLE,1,0,1,0.88,2025-06-14 15:55:17,logistics
EVID0003844,DSP000641,TXN0040700,tracking_number,UNAVAILABLE,0,0,1,0.0,2025-06-14 19:00:20,logistics
EVID0003845,DSP000641,TXN0040700,delivery_confirmation,APPLICABLE,1,0,0,0.64,2025-06-15 11:51:59,logistics
EVID0003846,DSP000641,TXN0040700,customer_communication,APPLICABLE,1,1,1,0.87,2025-06-17 02:10:04,crm
EVID0003847,DSP000642,TXN0040756,order_confirmation,UNAVAILABLE,0,1,1,0.0,2025-06-17 07:32:08,billing
EVID0003848,DSP000642,TXN0040756,invoice,APPLICABLE,1,1,1,0.67,2025-06-22 00:05:27,billing
EVID0003849,DSP000642,TXN0040756,shipping_label,NOT_APPLICABLE,0,0,0,0.0,2025-06-18 00:28:37,logistics
EVID0003850,DSP000642,TXN0040756,tracking_number,NOT_APPLICABLE,0,0,0,0.0,2025-06-15 15:26:47,logistics
EVID0003851,DSP000642,TXN0040756,delivery_confirmation,NOT_APPLICABLE,0,0,0,0.0,2025-06-21 14:18:08,logistics
EVID0003852,DSP000642,TXN0040756,customer_communication,APPLICABLE,1,0,1,0.89,2025-06-13 01:12:57,crm
EVID0003853,DSP000643,TXN0040869,order_confirmation,APPLICABLE,1,1,1,0.81,2025-06-15 12:24:45,billing
EVID0003854,DSP000643,TXN0040869,invoice,APPLICABLE,1,0,1,0.74,2025-06-25 21:15:43,billing
EVID0003855,DSP000643,TXN0040869,shipping_label,APPLICABLE,1,0,1,0.93,2025-06-18 07:06:21,logistics
EVID0003856,DSP000643,TXN0040869,tracking_number,APPLICABLE,1,0,0,0.8,2025-06-24 17:07:03,logistics
EVID0003857,DSP000643,TXN0040869,delivery_confirmation,APPLICABLE,1,1,1,0.68,2025-06-22 16:21:25,logistics
EVID0003858,DSP000643,TXN0040869,customer_communication,APPLICABLE,1,1,1,0.83,2025-06-20 19:29:36,crm
EVID0003859,DSP000644,TXN0040876,order_confirmation,APPLICABLE,1,1,1,0.63,2025-06-30 23:06:27,billing
EVID0003860,DSP000644,TXN0040876,invoice,APPLICABLE,1,1,1,0.68,2025-06-14 07:27:14,billing
EVID0003861,DSP000644,TXN0040876,shipping_label,NOT_APPLICABLE,0,0,0,0.0,2025-07-01 08:42:44,logistics
EVID0003862,DSP000644,TXN0040876,tracking_number,NOT_APPLICABLE,0,0,0,0.0,2025-07-06 00:57:58,logistics
EVID0003863,DSP000644,TXN0040876,delivery_confirmation,NOT_APPLICABLE,0,0,0,0.0,2025-06-26 15:01:56,logistics
EVID0003864,DSP000644,TXN0040876,customer_communication,UNAVAILABLE,0,1,1,0.0,2025-06-25 22:20:25,crm
EVID0003865,DSP000645,TXN0040915,order_confirmation,APPLICABLE,1,1,1,0.79,2025-06-20 16:08:44,billing
EVID0003866,DSP000645,TXN0040915,invoice,APPLICABLE,1,1,1,0.72,2025-06-18 05:50:21,billing
EVID0003867,DSP000645,TXN0040915,shipping_label,NOT_APPLICABLE,0,0,0,0.0,2025-06-22 04:02:17,logistics
EVID0003868,DSP000645,TXN0040915,tracking_number,NOT_APPLICABLE,0,0,0,0.0,2025-06-14 16:25:03,logistics
EVID0003869,DSP000645,TXN0040915,delivery_confirmation,NOT_APPLICABLE,0,0,0,0.0,2025-06-29 14:27:08,logistics
EVID0003870,DSP000645,TXN0040915,customer_communication,APPLICABLE,1,1,1,0.89,2025-06-18 16:56:43,crm
EVID0003871,DSP000646,TXN0040976,order_confirmation,APPLICABLE,1,1,1,0.85,2025-06-21 12:24:49,billing
EVID0003872,DSP000646,TXN0040976,invoice,APPLICABLE,1,1,1,0.94,2025-06-14 00:08:54,billing
EVID0003873,DSP000646,TXN0040976,shipping_label,NOT_APPLICABLE,0,0,0,0.0,2025-06-17 16:51:55,logistics
EVID0003874,DSP000646,TXN0040976,tracking_number,NOT_APPLICABLE,0,0,0,0.0,2025-06-20 08:12:38,logistics
EVID0003875,DSP000646,TXN0040976,delivery_confirmation,NOT_APPLICABLE,0,0,0,0.0,2025-06-27 19:58:53,logistics
EVID0003876,DSP000646,TXN0040976,customer_communication,UNAVAILABLE,0,1,1,0.0,2025-06-16 13:04:18,crm
EVID0003877,DSP000647,TXN0041068,order_confirmation,APPLICABLE,1,1,1,0.9,2025-06-28 01:38:31,billing
EVID0003878,DSP000647,TXN0041068,invoice,APPLICABLE,1,1,1,0.83,2025-06-30 17:31:55,billing
EVID0003879,DSP000647,TXN0041068,shipping_label,APPLICABLE,1,0,1,0.69,2025-06-25 12:00:19,logistics
EVID0003880,DSP000647,TXN0041068,tracking_number,APPLICABLE,1,0,1,0.6,2025-06-30 16:09:58,logistics
EVID0003881,DSP000647,TXN0041068,delivery_confirmation,APPLICABLE,1,0,1,0.89,2025-06-28 10:27:32,logistics
EVID0003882,DSP000647,TXN0041068,customer_communication,APPLICABLE,1,1,1,0.71,2025-06-17 17:25:46,crm
EVID0003883,DSP000648,TXN0041123,order_confirmation,UNAVAILABLE,0,1,1,0.0,2025-06-20 10:06:12,billing
EVID0003884,DSP000648,TXN0041123,invoice,UNAVAILABLE,0,0,1,0.0,2025-06-15 11:06:50,billing
EVID0003885,DSP000648,TXN0041123,shipping_label,NOT_APPLICABLE,0,0,0,0.0,2025-06-21 20:41:05,logistics
EVID0003886,DSP000648,TXN0041123,tracking_number,NOT_APPLICABLE,0,0,0,0.0,2025-06-18 11:03:50,logistics
EVID0003887,DSP000648,TXN0041123,delivery_confirmation,NOT_APPLICABLE,0,0,0,0.0,2025-06-21 22:34:27,logistics
EVID0003888,DSP000648,TXN0041123,customer_communication,APPLICABLE,1,1,1,0.76,2025-06-15 01:58:58,crm
EVID0003889,DSP000649,TXN0041149,order_confirmation,APPLICABLE,1,1,1,0.92,2025-06-19 15:09:26,billing
EVID0003890,DSP000649,TXN0041149,invoice,UNAVAILABLE,0,0,1,0.0,2025-06-20 12:38:11,billing
EVID0003891,DSP000649,TXN0041149,shipping_label,APPLICABLE,1,1,1,0.7,2025-07-08 02:24:54,logistics
EVID0003892,DSP000649,TXN0041149,tracking_number,APPLICABLE,1,1,1,0.7,2025-06-25 17:07:21,logistics
EVID0003893,DSP000649,TXN0041149,delivery_confirmation,APPLICABLE,1,1,1,0.91,2025-06-29 19:03:54,logistics
EVID0003894,DSP000649,TXN0041149,customer_communication,APPLICABLE,1,0,0,0.63,2025-07-01 06:41:29,crm
EVID0003895,DSP000650,TXN0041182,order_confirmation,APPLICABLE,1,1,1,0.6,2025-06-15 12:09:48,billing
EVID0003896,DSP000650,TXN0041182,invoice,UNAVAILABLE,0,1,1,0.0,2025-07-02 19:25:05,billing
EVID0003897,DSP000650,TXN0041182,shipping_label,APPLICABLE,1,0,0,0.84,2025-07-01 20:34:51,logistics
EVID0003898,DSP000650,TXN0041182,tracking_number,APPLICABLE,1,0,1,0.6,2025-06-21 00:15:35,logistics
EVID0003899,DSP000650,TXN0041182,delivery_confirmation,APPLICABLE,1,0,1,0.6,2025-06-26 15:22:04,logistics
EVID0003900,DSP000650,TXN0041182,customer_communication,APPLICABLE,1,1,1,0.6,2025-06-16 09:17:34,crm
EVID0003901,DSP000651,TXN0041201,order_confirmation,APPLICABLE,1,1,1,0.91,2025-07-10 21:03:21,billing
EVID0003902,DSP000651,TXN0041201,invoice,APPLICABLE,1,1,1,0.71,2025-07-08 07:43:24,billing
EVID0003903,DSP000651,TXN0041201,shipping_label,APPLICABLE,1,0,1,0.87,2025-06-23 17:49:47,logistics
EVID0003904,DSP000651,TXN0041201,tracking_number,APPLICABLE,1,0,1,0.94,2025-07-12 00:58:49,logistics
EVID0003905,DSP000651,TXN0041201,delivery_confirmation,APPLICABLE,1,0,1,0.77,2025-06-23 14:09:39,logistics
EVID0003906,DSP000651,TXN0041201,customer_communication,APPLICABLE,1,1,1,0.88,2025-07-10 22:05:19,crm
EVID0003907,DSP000652,TXN0041228,order_confirmation,APPLICABLE,1,1,1,0.6,2025-06-21 07:03:29,billing
EVID0003908,DSP000652,TXN0041228,invoice,APPLICABLE,1,1,1,0.73,2025-07-05 16:07:10,billing
EVID0003909,DSP000652,TXN0041228,shipping_label,UNAVAILABLE,0,0,1,0.0,2025-07-04 18:57:58,logistics
EVID0003910,DSP000652,TXN0041228,tracking_number,APPLICABLE,1,0,1,0.68,2025-06-29 03:25:34,logistics
EVID0003911,DSP000652,TXN0041228,delivery_confirmation,APPLICABLE,1,0,1,0.84,2025-07-06 19:23:22,logistics
EVID0003912,DSP000652,TXN0041228,customer_communication,APPLICABLE,1,1,1,0.93,2025-07-05 11:58:58,crm
EVID0003913,DSP000653,TXN0041230,order_confirmation,UNAVAILABLE,0,1,1,0.0,2025-06-18 09:04:02,billing
EVID0003914,DSP000653,TXN0041230,invoice,UNAVAILABLE,0,1,1,0.0,2025-06-25 12:32:37,billing
EVID0003915,DSP000653,TXN0041230,shipping_label,APPLICABLE,1,0,0,0.84,2025-06-21 19:00:01,logistics
EVID0003916,DSP000653,TXN0041230,tracking_number,UNAVAILABLE,0,0,0,0.0,2025-06-21 00:10:14,logistics
EVID0003917,DSP000653,TXN0041230,delivery_confirmation,APPLICABLE,1,0,1,0.62,2025-06-23 12:37:02,logistics
EVID0003918,DSP000653,TXN0041230,customer_communication,APPLICABLE,1,1,1,0.81,2025-06-25 15:16:43,crm
EVID0003919,DSP000654,TXN0041259,order_confirmation,APPLICABLE,1,1,1,0.6,2025-06-16 23:37:40,billing
EVID0003920,DSP000654,TXN0041259,invoice,APPLICABLE,1,1,1,0.72,2025-06-15 19:26:46,billing
EVID0003921,DSP000654,TXN0041259,shipping_label,NOT_APPLICABLE,0,0,0,0.0,2025-06-14 19:09:07,logistics
EVID0003922,DSP000654,TXN0041259,tracking_number,NOT_APPLICABLE,0,0,0,0.0,2025-06-18 10:40:52,logistics
EVID0003923,DSP000654,TXN0041259,delivery_confirmation,NOT_APPLICABLE,0,0,0,0.0,2025-06-16 21:26:53,logistics
EVID0003924,DSP000654,TXN0041259,customer_communication,APPLICABLE,1,0,0,0.74,2025-06-18 10:44:55,crm
EVID0003925,DSP000655,TXN0041279,order_confirmation,APPLICABLE,1,1,1,0.73,2025-06-16 06:06:53,billing
EVID0003926,DSP000655,TXN0041279,invoice,APPLICABLE,1,0,0,0.88,2025-06-30 16:41:48,billing
EVID0003927,DSP000655,TXN0041279,shipping_label,NOT_APPLICABLE,0,0,0,0.0,2025-06-27 19:10:49,logistics
EVID0003928,DSP000655,TXN0041279,tracking_number,NOT_APPLICABLE,0,0,0,0.0,2025-06-24 02:56:43,logistics
EVID0003929,DSP000655,TXN0041279,delivery_confirmation,NOT_APPLICABLE,0,0,0,0.0,2025-06-19 07:49:21,logistics
EVID0003930,DSP000655,TXN0041279,customer_communication,APPLICABLE,1,1,1,0.65,2025-06-27 10:30:29,crm
EVID0003931,DSP000656,TXN0041478,order_confirmation,UNAVAILABLE,0,1,1,0.0,2025-07-15 06:11:57,billing
EVID0003932,DSP000656,TXN0041478,invoice,APPLICABLE,1,1,1,0.61,2025-06-29 05:49:34,billing
EVID0003933,DSP000656,TXN0041478,shipping_label,APPLICABLE,1,0,1,0.66,2025-07-01 03:48:47,logistics
EVID0003934,DSP000656,TXN0041478,tracking_number,APPLICABLE,1,0,0,0.89,2025-07-05 09:24:49,logistics
EVID0003935,DSP000656,TXN0041478,delivery_confirmation,APPLICABLE,1,0,1,0.84,2025-07-16 14:39:50,logistics
EVID0003936,DSP000656,TXN0041478,customer_communication,APPLICABLE,1,0,1,0.63,2025-07-01 03:08:31,crm
EVID0003937,DSP000657,TXN0041514,order_confirmation,UNAVAILABLE,0,1,1,0.0,2025-06-16 09:13:05,billing
EVID0003938,DSP000657,TXN0041514,invoice,APPLICABLE,1,0,1,0.8,2025-06-16 02:32:50,billing
EVID0003939,DSP000657,TXN0041514,shipping_label,NOT_APPLICABLE,0,0,0,0.0,2025-06-17 03:35:45,logistics
EVID0003940,DSP000657,TXN0041514,tracking_number,NOT_APPLICABLE,0,0,0,0.0,2025-06-17 17:49:43,logistics
EVID0003941,DSP000657,TXN0041514,delivery_confirmation,NOT_APPLICABLE,0,0,0,0.0,2025-06-15 22:54:19,logistics
EVID0003942,DSP000657,TXN0041514,customer_communication,APPLICABLE,1,0,0,0.6,2025-06-18 00:39:22,crm
EVID0003943,DSP000658,TXN0041539,order_confirmation,APPLICABLE,1,1,1,0.69,2025-06-16 20:06:25,billing
EVID0003944,DSP000658,TXN0041539,invoice,APPLICABLE,1,1,1,0.61,2025-06-16 00:36:37,billing
EVID0003945,DSP000658,TXN0041539,shipping_label,APPLICABLE,1,0,1,0.73,2025-06-22 13:39:44,logistics
EVID0003946,DSP000658,TXN0041539,tracking_number,UNAVAILABLE,0,0,1,0.0,2025-06-23 10:16:00,logistics
EVID0003947,DSP000658,TXN0041539,delivery_confirmation,UNAVAILABLE,0,0,0,0.0,2025-06-20 08:31:50,logistics
EVID0003948,DSP000658,TXN0041539,customer_communication,UNAVAILABLE,0,1,1,0.0,2025-06-23 14:58:35,crm
EVID0003949,DSP000659,TXN0041544,order_confirmation,UNAVAILABLE,0,1,1,0.0,2025-07-19 16:41:43,billing
EVID0003950,DSP000659,TXN0041544,invoice,APPLICABLE,1,0,1,0.8,2025-07-14 07:21:20,billing
EVID0003951,DSP000659,TXN0041544,shipping_label,NOT_APPLICABLE,0,0,0,0.0,2025-06-28 01:47:43,logistics
EVID0003952,DSP000659,TXN0041544,tracking_number,NOT_APPLICABLE,0,0,0,0.0,2025-06-18 00:47:39,logistics
EVID0003953,DSP000659,TXN0041544,delivery_confirmation,NOT_APPLICABLE,0,0,0,0.0,2025-07-03 10:26:19,logistics
EVID0003954,DSP000659,TXN0041544,customer_communication,APPLICABLE,1,0,1,0.78,2025-06-26 08:45:57,crm
EVID0003955,DSP000660,TXN0041565,order_confirmation,APPLICABLE,1,1,1,0.79,2025-06-21 15:59:16,billing
EVID0003956,DSP000660,TXN0041565,invoice,APPLICABLE,1,0,0,0.61,2025-06-16 16:08:40,billing
EVID0003957,DSP000660,TXN0041565,shipping_label,NOT_APPLICABLE,0,0,0,0.0,2025-06-21 09:11:15,logistics
EVID0003958,DSP000660,TXN0041565,tracking_number,NOT_APPLICABLE,0,0,0,0.0,2025-06-16 10:32:08,logistics
EVID0003959,DSP000660,TXN0041565,delivery_confirmation,NOT_APPLICABLE,0,0,0,0.0,2025-06-20 01:58:58,logistics
EVID0003960,DSP000660,TXN0041565,customer_communication,APPLICABLE,1,0,1,0.6,2025-06-22 11:23:26,crm
EVID0003961,DSP000661,TXN0041571,order_confirmation,APPLICABLE,1,1,1,0.6,2025-06-28 14:56:17,billing
EVID0003962,DSP000661,TXN0041571,invoice,APPLICABLE,1,0,1,0.73,2025-07-11 09:35:40,billing
EVID0003963,DSP000661,TXN0041571,shipping_label,APPLICABLE,1,1,1,0.62,2025-06-17 16:36:17,logistics
EVID0003964,DSP000661,TXN0041571,tracking_number,APPLICABLE,1,1,1,0.85,2025-06-19 03:14:55,logistics
EVID0003965,DSP000661,TXN0041571,delivery_confirmation,APPLICABLE,1,1,1,0.75,2025-06-30 11:18:54,logistics
EVID0003966,DSP000661,TXN0041571,customer_communication,APPLICABLE,1,0,1,0.84,2025-06-19 12:02:30,crm
EVID0003967,DSP000662,TXN0041586,order_confirmation,UNAVAILABLE,0,1,1,0.0,2025-07-20 23:06:13,billing
EVID0003968,DSP000662,TXN0041586,invoice,APPLICABLE,1,1,1,0.68,2025-06-26 23:22:21,billing
EVID0003969,DSP000662,TXN0041586,shipping_label,NOT_APPLICABLE,0,0,0,0.0,2025-07-11 13:38:50,logistics
EVID0003970,DSP000662,TXN0041586,tracking_number,NOT_APPLICABLE,0,0,0,0.0,2025-07-04 11:09:37,logistics
EVID0003971,DSP000662,TXN0041586,delivery_confirmation,NOT_APPLICABLE,0,0,0,0.0,2025-06-24 22:57:16,logistics
EVID0003972,DSP000662,TXN0041586,customer_communication,UNAVAILABLE,0,1,1,0.0,2025-06-25 03:13:03,crm
EVID0003973,DSP000663,TXN0041611,order_confirmation,UNAVAILABLE,0,1,1,0.0,2025-07-16 04:21:32,billing
EVID0003974,DSP000663,TXN0041611,invoice,APPLICABLE,1,1,1,0.83,2025-06-24 12:14:01,billing
EVID0003975,DSP000663,TXN0041611,shipping_label,NOT_APPLICABLE,0,0,0,0.0,2025-07-12 22:24:46,logistics
EVID0003976,DSP000663,TXN0041611,tracking_number,NOT_APPLICABLE,0,0,0,0.0,2025-07-22 04:40:37,logistics
EVID0003977,DSP000663,TXN0041611,delivery_confirmation,NOT_APPLICABLE,0,0,0,0.0,2025-07-12 22:05:04,logistics
EVID0003978,DSP000663,TXN0041611,customer_communication,UNAVAILABLE,0,1,1,0.0,2025-07-05 23:31:39,crm
EVID0003979,DSP000664,TXN0041644,order_confirmation,APPLICABLE,1,1,1,0.79,2025-06-20 06:49:41,billing
EVID0003980,DSP000664,TXN0041644,invoice,APPLICABLE,1,1,1,0.85,2025-06-24 03:01:26,billing
EVID0003981,DSP000664,TXN0041644,shipping_label,APPLICABLE,1,0,1,0.65,2025-06-21 12:10:33,logistics
EVID0003982,DSP000664,TXN0041644,tracking_number,UNAVAILABLE,0,0,0,0.0,2025-06-24 11:11:47,logistics
EVID0003983,DSP000664,TXN0041644,delivery_confirmation,UNAVAILABLE,0,0,1,0.0,2025-06-24 00:19:47,logistics
EVID0003984,DSP000664,TXN0041644,customer_communication,APPLICABLE,1,1,1,0.78,2025-06-21 02:57:30,crm
EVID0003985,DSP000665,TXN0041678,order_confirmation,APPLICABLE,1,1,1,0.6,2025-06-26 02:12:58,billing
EVID0003986,DSP000665,TXN0041678,invoice,UNAVAILABLE,0,1,1,0.0,2025-06-28 14:17:49,billing
EVID0003987,DSP000665,TXN0041678,shipping_label,APPLICABLE,1,0,0,0.69,2025-06-24 12:54:27,logistics
EVID0003988,DSP000665,TXN0041678,tracking_number,APPLICABLE,1,0,1,0.83,2025-06-20 04:26:12,logistics
EVID0003989,DSP000665,TXN0041678,delivery_confirmation,APPLICABLE,1,0,0,0.72,2025-06-29 07:18:42,logistics
EVID0003990,DSP000665,TXN0041678,customer_communication,APPLICABLE,1,1,1,0.79,2025-06-27 02:21:55,crm
EVID0003991,DSP000666,TXN0041698,order_confirmation,APPLICABLE,1,1,1,0.85,2025-07-06 21:34:05,billing
EVID0003992,DSP000666,TXN0041698,invoice,APPLICABLE,1,1,1,0.82,2025-06-25 09:56:50,billing
EVID0003993,DSP000666,TXN0041698,shipping_label,APPLICABLE,1,0,1,0.6,2025-06-26 09:36:44,logistics
EVID0003994,DSP000666,TXN0041698,tracking_number,APPLICABLE,1,0,0,0.73,2025-07-04 22:34:28,logistics
EVID0003995,DSP000666,TXN0041698,delivery_confirmation,APPLICABLE,1,0,1,0.78,2025-07-01 18:17:40,logistics
EVID0003996,DSP000666,TXN0041698,customer_communication,APPLICABLE,1,1,1,0.83,2025-06-26 20:14:26,crm
EVID0003997,DSP000667,TXN0041704,order_confirmation,APPLICABLE,1,1,1,0.66,2025-06-30 01:54:30,billing
EVID0003998,DSP000667,TXN0041704,invoice,APPLICABLE,1,1,1,0.61,2025-06-29 15:42:11,billing
EVID0003999,DSP000667,TXN0041704,shipping_label,NOT_APPLICABLE,0,0,0,0.0,2025-06-21 14:28:29,logistics
EVID0004000,DSP000667,TXN0041704,tracking_number,NOT_APPLICABLE,0,0,0,0.0,2025-06-25 12:20:34,logistics
EVID0004001,DSP000667,TXN0041704,delivery_confirmation,NOT_APPLICABLE,0,0,0,0.0,2025-07-04 23:54:36,logistics
EVID0004002,DSP000667,TXN0041704,customer_communication,APPLICABLE,1,1,1,0.6,2025-06-29 18:23:24,crm
EVID0004003,DSP000668,TXN0041825,order_confirmation,APPLICABLE,1,1,1,0.6,2025-07-06 01:19:28,billing
EVID0004004,DSP000668,TXN0041825,invoice,APPLICABLE,1,1,1,0.89,2025-06-16 18:54:30,billing
EVID0004005,DSP000668,TXN0041825,shipping_label,NOT_APPLICABLE,0,0,0,0.0,2025-06-18 11:03:56,logistics
EVID0004006,DSP000668,TXN0041825,tracking_number,NOT_APPLICABLE,0,0,0,0.0,2025-06-30 14:07:34,logistics
EVID0004007,DSP000668,TXN0041825,delivery_confirmation,NOT_APPLICABLE,0,0,0,0.0,2025-06-17 13:40:27,logistics
EVID0004008,DSP000668,TXN0041825,customer_communication,APPLICABLE,1,1,1,0.84,2025-07-11 21:44:21,crm
EVID0004009,DSP000669,TXN0041937,order_confirmation,APPLICABLE,1,1,1,0.79,2025-06-22 19:07:01,billing
EVID0004010,DSP000669,TXN0041937,invoice,APPLICABLE,1,1,1,0.92,2025-06-22 15:00:07,billing
EVID0004011,DSP000669,TXN0041937,shipping_label,NOT_APPLICABLE,0,0,0,0.0,2025-07-08 04:21:06,logistics
EVID0004012,DSP000669,TXN0041937,tracking_number,NOT_APPLICABLE,0,0,0,0.0,2025-06-25 01:18:13,logistics
EVID0004013,DSP000669,TXN0041937,delivery_confirmation,NOT_APPLICABLE,0,0,0,0.0,2025-06-17 22:30:02,logistics
EVID0004014,DSP000669,TXN0041937,customer_communication,APPLICABLE,1,1,1,0.83,2025-07-06 03:18:12,crm
EVID0004015,DSP000670,TXN0042016,order_confirmation,APPLICABLE,1,1,1,0.8,2025-07-15 08:04:55,billing
EVID0004016,DSP000670,TXN0042016,invoice,APPLICABLE,1,0,1,0.61,2025-07-15 09:10:53,billing
EVID0004017,DSP000670,TXN0042016,shipping_label,NOT_APPLICABLE,0,0,0,0.0,2025-06-25 03:27:40,logistics
EVID0004018,DSP000670,TXN0042016,tracking_number,NOT_APPLICABLE,0,0,0,0.0,2025-06-22 05:03:28,logistics
EVID0004019,DSP000670,TXN0042016,delivery_confirmation,NOT_APPLICABLE,0,0,0,0.0,2025-06-19 11:10:17,logistics
EVID0004020,DSP000670,TXN0042016,customer_communication,APPLICABLE,1,1,1,0.7,2025-07-09 23:34:30,crm
EVID0004021,DSP000671,TXN0042057,order_confirmation,APPLICABLE,1,1,1,0.74,2025-06-26 15:41:30,billing
EVID0004022,DSP000671,TXN0042057,invoice,APPLICABLE,1,0,1,0.88,2025-06-23 19:24:09,billing
EVID0004023,DSP000671,TXN0042057,shipping_label,UNAVAILABLE,0,0,1,0.0,2025-06-23 09:34:46,logistics
EVID0004024,DSP000671,TXN0042057,tracking_number,APPLICABLE,1,0,1,0.83,2025-06-23 23:07:24,logistics
EVID0004025,DSP000671,TXN0042057,delivery_confirmation,APPLICABLE,1,1,1,0.68,2025-06-25 00:47:21,logistics
EVID0004026,DSP000671,TXN0042057,customer_communication,APPLICABLE,1,1,1,0.79,2025-06-19 23:23:21,crm
EVID0004027,DSP000672,TXN0042076,order_confirmation,APPLICABLE,1,1,1,0.74,2025-06-21 13:02:48,billing
EVID0004028,DSP000672,TXN0042076,invoice,UNAVAILABLE,0,1,1,0.0,2025-07-03 13:23:39,billing
EVID0004029,DSP000672,TXN0042076,shipping_label,NOT_APPLICABLE,0,0,0,0.0,2025-07-11 05:17:32,logistics
EVID0004030,DSP000672,TXN0042076,tracking_number,NOT_APPLICABLE,0,0,0,0.0,2025-06-26 04:32:47,logistics
EVID0004031,DSP000672,TXN0042076,delivery_confirmation,NOT_APPLICABLE,0,0,0,0.0,2025-07-11 11:59:01,logistics
EVID0004032,DSP000672,TXN0042076,customer_communication,APPLICABLE,1,1,1,0.61,2025-07-15 18:27:36,crm
EVID0004033,DSP000673,TXN0042147,order_confirmation,UNAVAILABLE,0,1,1,0.0,2025-06-20 02:39:20,billing
EVID0004034,DSP000673,TXN0042147,invoice,UNAVAILABLE,0,0,1,0.0,2025-07-23 18:32:45,billing
EVID0004035,DSP000673,TXN0042147,shipping_label,NOT_APPLICABLE,0,0,0,0.0,2025-07-27 12:54:01,logistics
EVID0004036,DSP000673,TXN0042147,tracking_number,NOT_APPLICABLE,0,0,0,0.0,2025-07-16 06:32:02,logistics
EVID0004037,DSP000673,TXN0042147,delivery_confirmation,NOT_APPLICABLE,0,0,0,0.0,2025-07-06 19:38:53,logistics
EVID0004038,DSP000673,TXN0042147,customer_communication,APPLICABLE,1,0,1,0.64,2025-06-22 02:32:51,crm
EVID0004039,DSP000674,TXN0042418,order_confirmation,APPLICABLE,1,1,1,0.77,2025-07-09 14:59:28,billing
EVID0004040,DSP000674,TXN0042418,invoice,APPLICABLE,1,1,1,0.6,2025-06-25 06:08:53,billing
EVID0004041,DSP000674,TXN0042418,shipping_label,APPLICABLE,1,0,1,0.8,2025-06-30 09:51:12,logistics
EVID0004042,DSP000674,TXN0042418,tracking_number,APPLICABLE,1,0,1,0.6,2025-06-19 23:01:49,logistics
EVID0004043,DSP000674,TXN0042418,delivery_confirmation,APPLICABLE,1,0,1,0.76,2025-07-07 23:20:16,logistics
EVID0004044,DSP000674,TXN0042418,customer_communication,UNAVAILABLE,0,1,1,0.0,2025-06-22 00:46:19,crm
EVID0004045,DSP000675,TXN0042428,order_confirmation,APPLICABLE,1,1,1,0.7,2025-06-27 04:24:42,billing
EVID0004046,DSP000675,TXN0042428,invoice,APPLICABLE,1,0,0,0.68,2025-07-02 12:55:41,billing
EVID0004047,DSP000675,TXN0042428,shipping_label,NOT_APPLICABLE,0,0,0,0.0,2025-07-03 03:28:55,logistics
EVID0004048,DSP000675,TXN0042428,tracking_number,NOT_APPLICABLE,0,0,0,0.0,2025-06-23 01:31:59,logistics
EVID0004049,DSP000675,TXN0042428,delivery_confirmation,NOT_APPLICABLE,0,0,0,0.0,2025-06-27 08:47:22,logistics
EVID0004050,DSP000675,TXN0042428,customer_communication,APPLICABLE,1,0,0,0.69,2025-07-01 15:03:59,crm
EVID0004051,DSP000676,TXN0042489,order_confirmation,APPLICABLE,1,1,1,0.76,2025-06-28 12:38:56,billing
EVID0004052,DSP000676,TXN0042489,invoice,APPLICABLE,1,0,1,0.6,2025-06-24 09:59:48,billing
EVID0004053,DSP000676,TXN0042489,shipping_label,NOT_APPLICABLE,0,0,0,0.0,2025-07-01 10:23:50,logistics
EVID0004054,DSP000676,TXN0042489,tracking_number,NOT_APPLICABLE,0,0,0,0.0,2025-06-25 01:21:23,logistics
EVID0004055,DSP000676,TXN0042489,delivery_confirmation,NOT_APPLICABLE,0,0,0,0.0,2025-06-28 18:50:31,logistics
EVID0004056,DSP000676,TXN0042489,customer_communication,APPLICABLE,1,0,1,0.66,2025-06-26 20:54:22,crm
EVID0004057,DSP000677,TXN0042546,order_confirmation,APPLICABLE,1,1,1,0.71,2025-06-30 15:14:31,billing
EVID0004058,DSP000677,TXN0042546,invoice,APPLICABLE,1,0,1,0.81,2025-07-10 19:44:06,billing
EVID0004059,DSP000677,TXN0042546,shipping_label,NOT_APPLICABLE,0,0,0,0.0,2025-07-03 22:06:55,logistics
EVID0004060,DSP000677,TXN0042546,tracking_number,NOT_APPLICABLE,0,0,0,0.0,2025-07-28 00:40:44,logistics
EVID0004061,DSP000677,TXN0042546,delivery_confirmation,NOT_APPLICABLE,0,0,0,0.0,2025-07-08 23:54:45,logistics
EVID0004062,DSP000677,TXN0042546,customer_communication,APPLICABLE,1,1,1,0.65,2025-06-27 00:56:26,crm
EVID0004063,DSP000678,TXN0042659,order_confirmation,APPLICABLE,1,1,1,0.65,2025-06-26 07:23:05,billing
EVID0004064,DSP000678,TXN0042659,invoice,UNAVAILABLE,0,0,1,0.0,2025-06-27 11:13:34,billing
EVID0004065,DSP000678,TXN0042659,shipping_label,NOT_APPLICABLE,0,0,0,0.0,2025-06-29 13:52:15,logistics
EVID0004066,DSP000678,TXN0042659,tracking_number,NOT_APPLICABLE,0,0,0,0.0,2025-06-21 03:08:42,logistics
EVID0004067,DSP000678,TXN0042659,delivery_confirmation,NOT_APPLICABLE,0,0,0,0.0,2025-06-27 04:26:35,logistics
EVID0004068,DSP000678,TXN0042659,customer_communication,APPLICABLE,1,0,0,0.64,2025-06-25 09:03:18,crm
EVID0004069,DSP000679,TXN0042677,order_confirmation,APPLICABLE,1,1,1,0.61,2025-06-25 20:13:52,billing
EVID0004070,DSP000679,TXN0042677,invoice,APPLICABLE,1,1,1,0.79,2025-06-29 00:56:46,billing
EVID0004071,DSP000679,TXN0042677,shipping_label,UNAVAILABLE,0,0,1,0.0,2025-06-22 03:39:04,logistics
EVID0004072,DSP000679,TXN0042677,tracking_number,UNAVAILABLE,0,0,0,0.0,2025-06-22 04:57:38,logistics
EVID0004073,DSP000679,TXN0042677,delivery_confirmation,UNAVAILABLE,0,0,0,0.0,2025-06-26 09:45:19,logistics
EVID0004074,DSP000679,TXN0042677,customer_communication,UNAVAILABLE,0,1,1,0.0,2025-06-27 08:35:00,crm
EVID0004075,DSP000680,TXN0042678,order_confirmation,APPLICABLE,1,1,1,0.67,2025-07-18 07:22:30,billing
EVID0004076,DSP000680,TXN0042678,invoice,APPLICABLE,1,1,1,0.6,2025-06-30 02:11:56,billing
EVID0004077,DSP000680,TXN0042678,shipping_label,NOT_APPLICABLE,0,0,0,0.0,2025-07-17 19:32:03,logistics
EVID0004078,DSP000680,TXN0042678,tracking_number,NOT_APPLICABLE,0,0,0,0.0,2025-07-20 11:24:53,logistics
EVID0004079,DSP000680,TXN0042678,delivery_confirmation,NOT_APPLICABLE,0,0,0,0.0,2025-07-16 00:31:10,logistics
EVID0004080,DSP000680,TXN0042678,customer_communication,UNAVAILABLE,0,1,1,0.0,2025-07-02 12:37:25,crm
EVID0004081,DSP000681,TXN0042815,order_confirmation,APPLICABLE,1,1,1,0.76,2025-06-25 05:47:18,billing
EVID0004082,DSP000681,TXN0042815,invoice,APPLICABLE,1,1,1,0.88,2025-06-28 07:21:55,billing
EVID0004083,DSP000681,TXN0042815,shipping_label,UNAVAILABLE,0,0,1,0.0,2025-06-22 09:41:03,logistics
EVID0004084,DSP000681,TXN0042815,tracking_number,APPLICABLE,1,0,0,0.63,2025-06-22 16:21:53,logistics
EVID0004085,DSP000681,TXN0042815,delivery_confirmation,APPLICABLE,1,0,1,0.85,2025-06-26 08:03:09,logistics
EVID0004086,DSP000681,TXN0042815,customer_communication,APPLICABLE,1,1,1,0.83,2025-06-26 10:57:11,crm
EVID0004087,DSP000682,TXN0042944,order_confirmation,APPLICABLE,1,1,1,0.9,2025-07-08 09:11:08,billing
EVID0004088,DSP000682,TXN0042944,invoice,APPLICABLE,1,0,1,0.65,2025-06-22 19:59:16,billing
EVID0004089,DSP000682,TXN0042944,shipping_label,NOT_APPLICABLE,0,0,0,0.0,2025-07-06 10:55:28,logistics
EVID0004090,DSP000682,TXN0042944,tracking_number,NOT_APPLICABLE,0,0,0,0.0,2025-06-29 20:58:54,logistics
EVID0004091,DSP000682,TXN0042944,delivery_confirmation,NOT_APPLICABLE,0,0,0,0.0,2025-07-08 15:14:02,logistics
EVID0004092,DSP000682,TXN0042944,customer_communication,APPLICABLE,1,0,1,0.81,2025-07-13 02:59:49,crm
EVID0004093,DSP000683,TXN0042960,order_confirmation,APPLICABLE,1,1,1,0.74,2025-07-01 09:04:10,billing
EVID0004094,DSP000683,TXN0042960,invoice,UNAVAILABLE,0,0,0,0.0,2025-07-09 19:57:08,billing
EVID0004095,DSP000683,TXN0042960,shipping_label,APPLICABLE,1,0,0,0.81,2025-06-29 06:09:44,logistics
EVID0004096,DSP000683,TXN0042960,tracking_number,APPLICABLE,1,0,0,0.85,2025-06-25 20:24:01,logistics
EVID0004097,DSP000683,TXN0042960,delivery_confirmation,APPLICABLE,1,1,1,0.8,2025-06-27 03:20:31,logistics
EVID0004098,DSP000683,TXN0042960,customer_communication,APPLICABLE,1,1,1,0.71,2025-06-24 07:57:39,crm
EVID0004099,DSP000684,TXN0042963,order_confirmation,UNAVAILABLE,0,1,1,0.0,2025-06-28 16:07:38,billing
EVID0004100,DSP000684,TXN0042963,invoice,APPLICABLE,1,0,0,0.65,2025-06-22 00:32:19,billing
EVID0004101,DSP000684,TXN0042963,shipping_label,NOT_APPLICABLE,0,0,0,0.0,2025-06-30 00:30:31,logistics
EVID0004102,DSP000684,TXN0042963,tracking_number,NOT_APPLICABLE,0,0,0,0.0,2025-07-08 12:42:13,logistics
EVID0004103,DSP000684,TXN0042963,delivery_confirmation,NOT_APPLICABLE,0,0,0,0.0,2025-06-24 09:21:45,logistics
EVID0004104,DSP000684,TXN0042963,customer_communication,UNAVAILABLE,0,0,0,0.0,2025-06-29 02:16:57,crm
EVID0004105,DSP000685,TXN0043021,order_confirmation,APPLICABLE,1,1,1,0.69,2025-07-01 23:07:21,billing
EVID0004106,DSP000685,TXN0043021,invoice,APPLICABLE,1,1,1,0.81,2025-07-17 22:25:50,billing
EVID0004107,DSP000685,TXN0043021,shipping_label,APPLICABLE,1,0,1,0.83,2025-07-02 02:27:41,logistics
EVID0004108,DSP000685,TXN0043021,tracking_number,APPLICABLE,1,0,1,0.78,2025-07-01 17:03:16,logistics
EVID0004109,DSP000685,TXN0043021,delivery_confirmation,UNAVAILABLE,0,0,1,0.0,2025-07-18 08:14:21,logistics
EVID0004110,DSP000685,TXN0043021,customer_communication,APPLICABLE,1,1,1,0.6,2025-07-17 05:15:28,crm
EVID0004111,DSP000686,TXN0043022,order_confirmation,APPLICABLE,1,1,1,0.61,2025-07-06 22:36:40,billing
EVID0004112,DSP000686,TXN0043022,invoice,UNAVAILABLE,0,1,1,0.0,2025-07-09 12:52:27,billing
EVID0004113,DSP000686,TXN0043022,shipping_label,NOT_APPLICABLE,0,0,0,0.0,2025-06-25 06:00:14,logistics
EVID0004114,DSP000686,TXN0043022,tracking_number,NOT_APPLICABLE,0,0,0,0.0,2025-07-08 16:34:16,logistics
EVID0004115,DSP000686,TXN0043022,delivery_confirmation,NOT_APPLICABLE,0,0,0,0.0,2025-07-08 18:43:02,logistics
EVID0004116,DSP000686,TXN0043022,customer_communication,APPLICABLE,1,1,1,0.72,2025-07-08 00:57:11,crm
EVID0004117,DSP000687,TXN0043023,order_confirmation,APPLICABLE,1,1,1,0.83,2025-06-25 20:20:32,billing
EVID0004118,DSP000687,TXN0043023,invoice,APPLICABLE,1,1,1,0.76,2025-06-25 00:25:47,billing
EVID0004119,DSP000687,TXN0043023,shipping_label,APPLICABLE,1,0,1,0.67,2025-06-22 02:02:30,logistics
EVID0004120,DSP000687,TXN0043023,tracking_number,UNAVAILABLE,0,0,1,0.0,2025-06-23 08:54:45,logistics
EVID0004121,DSP000687,TXN0043023,delivery_confirmation,APPLICABLE,1,0,1,0.79,2025-06-22 20:30:49,logistics
EVID0004122,DSP000687,TXN0043023,customer_communication,APPLICABLE,1,1,1,0.78,2025-06-22 04:27:47,crm
EVID0004123,DSP000688,TXN0043076,order_confirmation,APPLICABLE,1,1,1,0.66,2025-07-07 01:18:39,billing
EVID0004124,DSP000688,TXN0043076,invoice,APPLICABLE,1,0,1,0.6,2025-06-28 15:21:11,billing
EVID0004125,DSP000688,TXN0043076,shipping_label,NOT_APPLICABLE,0,0,0,0.0,2025-06-23 08:14:40,logistics
EVID0004126,DSP000688,TXN0043076,tracking_number,NOT_APPLICABLE,0,0,0,0.0,2025-07-03 08:10:46,logistics
EVID0004127,DSP000688,TXN0043076,delivery_confirmation,NOT_APPLICABLE,0,0,0,0.0,2025-07-07 22:44:39,logistics
EVID0004128,DSP000688,TXN0043076,customer_communication,APPLICABLE,1,0,1,0.83,2025-06-22 06:10:31,crm
EVID0004129,DSP000689,TXN0043105,order_confirmation,UNAVAILABLE,0,1,1,0.0,2025-07-09 19:21:07,billing
EVID0004130,DSP000689,TXN0043105,invoice,UNAVAILABLE,0,0,0,0.0,2025-06-27 13:22:08,billing
EVID0004131,DSP000689,TXN0043105,shipping_label,APPLICABLE,1,1,1,0.83,2025-06-23 05:53:39,logistics
EVID0004132,DSP000689,TXN0043105,tracking_number,APPLICABLE,1,1,1,0.73,2025-07-06 12:26:54,logistics
EVID0004133,DSP000689,TXN0043105,delivery_confirmation,UNAVAILABLE,0,1,1,0.0,2025-07-11 01:59:54,logistics
EVID0004134,DSP000689,TXN0043105,customer_communication,UNAVAILABLE,0,0,1,0.0,2025-07-03 12:59:50,crm
EVID0004135,DSP000690,TXN0043121,order_confirmation,UNAVAILABLE,0,1,1,0.0,2025-06-27 04:48:27,billing
EVID0004136,DSP000690,TXN0043121,invoice,UNAVAILABLE,0,1,1,0.0,2025-07-07 16:17:37,billing
EVID0004137,DSP000690,TXN0043121,shipping_label,NOT_APPLICABLE,0,0,0,0.0,2025-07-15 21:25:59,logistics
EVID0004138,DSP000690,TXN0043121,tracking_number,NOT_APPLICABLE,0,0,0,0.0,2025-07-18 04:04:25,logistics
EVID0004139,DSP000690,TXN0043121,delivery_confirmation,NOT_APPLICABLE,0,0,0,0.0,2025-06-26 15:18:44,logistics
EVID0004140,DSP000690,TXN0043121,customer_communication,APPLICABLE,1,1,1,0.84,2025-07-01 09:57:10,crm
EVID0004141,DSP000691,TXN0043161,order_confirmation,APPLICABLE,1,1,1,0.82,2025-07-27 01:11:12,billing
EVID0004142,DSP000691,TXN0043161,invoice,APPLICABLE,1,1,1,0.74,2025-06-23 12:08:09,billing
EVID0004143,DSP000691,TXN0043161,shipping_label,NOT_APPLICABLE,0,0,0,0.0,2025-06-24 09:24:53,logistics
EVID0004144,DSP000691,TXN0043161,tracking_number,NOT_APPLICABLE,0,0,0,0.0,2025-07-04 11:19:57,logistics
EVID0004145,DSP000691,TXN0043161,delivery_confirmation,NOT_APPLICABLE,0,0,0,0.0,2025-07-18 03:54:48,logistics
EVID0004146,DSP000691,TXN0043161,customer_communication,UNAVAILABLE,0,1,1,0.0,2025-07-07 06:21:58,crm
EVID0004147,DSP000692,TXN0043169,order_confirmation,APPLICABLE,1,1,1,0.84,2025-06-30 02:14:46,billing
EVID0004148,DSP000692,TXN0043169,invoice,UNAVAILABLE,0,1,1,0.0,2025-06-23 08:43:37,billing
EVID0004149,DSP000692,TXN0043169,shipping_label,NOT_APPLICABLE,0,0,0,0.0,2025-07-09 07:20:59,logistics
EVID0004150,DSP000692,TXN0043169,tracking_number,NOT_APPLICABLE,0,0,0,0.0,2025-07-25 16:36:08,logistics
EVID0004151,DSP000692,TXN0043169,delivery_confirmation,NOT_APPLICABLE,0,0,0,0.0,2025-07-09 13:19:49,logistics
EVID0004152,DSP000692,TXN0043169,customer_communication,UNAVAILABLE,0,1,1,0.0,2025-07-09 17:22:02,crm
EVID0004153,DSP000693,TXN0043172,order_confirmation,APPLICABLE,1,1,1,0.85,2025-07-16 19:24:21,billing
EVID0004154,DSP000693,TXN0043172,invoice,APPLICABLE,1,0,0,0.62,2025-07-05 20:49:37,billing
EVID0004155,DSP000693,TXN0043172,shipping_label,NOT_APPLICABLE,0,0,0,0.0,2025-07-31 21:19:45,logistics
EVID0004156,DSP000693,TXN0043172,tracking_number,NOT_APPLICABLE,0,0,0,0.0,2025-06-25 11:39:07,logistics
EVID0004157,DSP000693,TXN0043172,delivery_confirmation,NOT_APPLICABLE,0,0,0,0.0,2025-07-22 20:30:23,logistics
EVID0004158,DSP000693,TXN0043172,customer_communication,APPLICABLE,1,1,1,0.89,2025-07-04 23:37:25,crm
EVID0004159,DSP000694,TXN0043203,order_confirmation,APPLICABLE,1,1,1,0.8,2025-06-23 22:03:20,billing
EVID0004160,DSP000694,TXN0043203,invoice,UNAVAILABLE,0,0,1,0.0,2025-06-23 11:17:48,billing
EVID0004161,DSP000694,TXN0043203,shipping_label,NOT_APPLICABLE,0,0,0,0.0,2025-06-24 14:58:44,logistics
EVID0004162,DSP000694,TXN0043203,tracking_number,NOT_APPLICABLE,0,0,0,0.0,2025-06-24 22:24:54,logistics
EVID0004163,DSP000694,TXN0043203,delivery_confirmation,NOT_APPLICABLE,0,0,0,0.0,2025-06-26 12:52:31,logistics
EVID0004164,DSP000694,TXN0043203,customer_communication,APPLICABLE,1,1,1,0.67,2025-06-23 09:11:34,crm
EVID0004165,DSP000695,TXN0043314,order_confirmation,UNAVAILABLE,0,1,1,0.0,2025-07-03 21:11:40,billing
EVID0004166,DSP000695,TXN0043314,invoice,APPLICABLE,1,1,1,0.6,2025-07-13 02:27:00,billing
EVID0004167,DSP000695,TXN0043314,shipping_label,NOT_APPLICABLE,0,0,0,0.0,2025-07-04 12:15:44,logistics
EVID0004168,DSP000695,TXN0043314,tracking_number,NOT_APPLICABLE,0,0,0,0.0,2025-06-30 06:11:14,logistics
EVID0004169,DSP000695,TXN0043314,delivery_confirmation,NOT_APPLICABLE,0,0,0,0.0,2025-07-13 13:05:21,logistics
EVID0004170,DSP000695,TXN0043314,customer_communication,APPLICABLE,1,0,0,0.68,2025-07-08 00:10:26,crm
EVID0004171,DSP000696,TXN0043383,order_confirmation,APPLICABLE,1,1,1,0.93,2025-06-29 17:44:31,billing
EVID0004172,DSP000696,TXN0043383,invoice,APPLICABLE,1,0,0,0.86,2025-07-03 09:06:21,billing
EVID0004173,DSP000696,TXN0043383,shipping_label,APPLICABLE,1,0,0,0.8,2025-06-30 01:40:11,logistics
EVID0004174,DSP000696,TXN0043383,tracking_number,APPLICABLE,1,0,1,0.63,2025-07-03 03:55:29,logistics
EVID0004175,DSP000696,TXN0043383,delivery_confirmation,APPLICABLE,1,1,1,0.81,2025-06-30 01:07:32,logistics
EVID0004176,DSP000696,TXN0043383,customer_communication,UNAVAILABLE,0,1,1,0.0,2025-07-08 08:13:32,crm
EVID0004177,DSP000697,TXN0043445,order_confirmation,APPLICABLE,1,1,1,0.6,2025-07-01 12:44:18,billing
EVID0004178,DSP000697,TXN0043445,invoice,APPLICABLE,1,1,1,0.74,2025-07-04 21:21:42,billing
EVID0004179,DSP000697,TXN0043445,shipping_label,NOT_APPLICABLE,0,0,0,0.0,2025-06-30 10:07:12,logistics
EVID0004180,DSP000697,TXN0043445,tracking_number,NOT_APPLICABLE,0,0,0,0.0,2025-07-04 16:43:31,logistics
EVID0004181,DSP000697,TXN0043445,delivery_confirmation,NOT_APPLICABLE,0,0,0,0.0,2025-06-25 11:37:55,logistics
EVID0004182,DSP000697,TXN0043445,customer_communication,APPLICABLE,1,1,1,0.75,2025-06-27 10:04:28,crm
EVID0004183,DSP000698,TXN0043499,order_confirmation,APPLICABLE,1,1,1,0.84,2025-06-29 11:49:29,billing
EVID0004184,DSP000698,TXN0043499,invoice,APPLICABLE,1,0,0,0.6,2025-07-02 16:25:36,billing
EVID0004185,DSP000698,TXN0043499,shipping_label,NOT_APPLICABLE,0,0,0,0.0,2025-07-09 03:55:17,logistics
EVID0004186,DSP000698,TXN0043499,tracking_number,NOT_APPLICABLE,0,0,0,0.0,2025-06-30 19:26:23,logistics
EVID0004187,DSP000698,TXN0043499,delivery_confirmation,NOT_APPLICABLE,0,0,0,0.0,2025-07-29 01:00:09,logistics
EVID0004188,DSP000698,TXN0043499,customer_communication,APPLICABLE,1,1,1,0.72,2025-06-25 04:14:39,crm
EVID0004189,DSP000699,TXN0043595,order_confirmation,APPLICABLE,1,1,1,0.66,2025-07-15 20:55:19,billing
EVID0004190,DSP000699,TXN0043595,invoice,UNAVAILABLE,0,0,1,0.0,2025-07-07 15:46:48,billing
EVID0004191,DSP000699,TXN0043595,shipping_label,NOT_APPLICABLE,0,0,0,0.0,2025-07-01 17:49:38,logistics
EVID0004192,DSP000699,TXN0043595,tracking_number,NOT_APPLICABLE,0,0,0,0.0,2025-07-03 11:44:34,logistics
EVID0004193,DSP000699,TXN0043595,delivery_confirmation,NOT_APPLICABLE,0,0,0,0.0,2025-06-29 13:10:55,logistics
EVID0004194,DSP000699,TXN0043595,customer_communication,APPLICABLE,1,0,1,0.66,2025-06-30 18:02:47,crm
EVID0004195,DSP000700,TXN0043601,order_confirmation,APPLICABLE,1,1,1,0.88,2025-06-25 23:52:40,billing
EVID0004196,DSP000700,TXN0043601,invoice,APPLICABLE,1,0,1,0.94,2025-06-28 01:12:39,billing
EVID0004197,DSP000700,TXN0043601,shipping_label,NOT_APPLICABLE,0,0,0,0.0,2025-06-27 19:35:41,logistics
EVID0004198,DSP000700,TXN0043601,tracking_number,NOT_APPLICABLE,0,0,0,0.0,2025-06-28 02:11:42,logistics
EVID0004199,DSP000700,TXN0043601,delivery_confirmation,NOT_APPLICABLE,0,0,0,0.0,2025-06-25 18:38:32,logistics
EVID0004200,DSP000700,TXN0043601,customer_communication,UNAVAILABLE,0,0,0,0.0,2025-06-27 23:51:52,crm
EVID0004201,DSP000701,TXN0043625,order_confirmation,APPLICABLE,1,1,1,0.86,2025-06-25 01:45:23,billing
EVID0004202,DSP000701,TXN0043625,invoice,APPLICABLE,1,1,1,0.7,2025-07-03 03:50:45,billing
EVID0004203,DSP000701,TXN0043625,shipping_label,APPLICABLE,1,0,0,0.6,2025-06-26 08:51:32,logistics
EVID0004204,DSP000701,TXN0043625,tracking_number,APPLICABLE,1,0,0,0.6,2025-07-11 03:25:56,logistics
EVID0004205,DSP000701,TXN0043625,delivery_confirmation,UNAVAILABLE,0,0,0,0.0,2025-07-06 00:12:07,logistics
EVID0004206,DSP000701,TXN0043625,customer_communication,UNAVAILABLE,0,1,1,0.0,2025-06-27 16:40:20,crm
EVID0004207,DSP000702,TXN0043707,order_confirmation,APPLICABLE,1,1,1,0.78,2025-07-26 05:09:09,billing
EVID0004208,DSP000702,TXN0043707,invoice,APPLICABLE,1,1,1,0.61,2025-07-12 20:02:41,billing
EVID0004209,DSP000702,TXN0043707,shipping_label,APPLICABLE,1,0,0,0.74,2025-07-03 14:41:55,logistics
EVID0004210,DSP000702,TXN0043707,tracking_number,APPLICABLE,1,0,0,0.73,2025-08-05 01:09:11,logistics
EVID0004211,DSP000702,TXN0043707,delivery_confirmation,APPLICABLE,1,0,1,0.95,2025-07-13 11:46:28,logistics
EVID0004212,DSP000702,TXN0043707,customer_communication,UNAVAILABLE,0,1,1,0.0,2025-07-18 12:55:34,crm
EVID0004213,DSP000703,TXN0043806,order_confirmation,APPLICABLE,1,1,1,0.67,2025-06-28 00:47:31,billing
EVID0004214,DSP000703,TXN0043806,invoice,APPLICABLE,1,1,1,0.7,2025-06-25 16:16:22,billing
EVID0004215,DSP000703,TXN0043806,shipping_label,UNAVAILABLE,0,0,0,0.0,2025-06-30 05:53:43,logistics
EVID0004216,DSP000703,TXN0043806,tracking_number,APPLICABLE,1,0,0,0.86,2025-07-04 13:34:24,logistics
EVID0004217,DSP000703,TXN0043806,delivery_confirmation,APPLICABLE,1,0,1,0.6,2025-06-25 11:15:30,logistics
EVID0004218,DSP000703,TXN0043806,customer_communication,APPLICABLE,1,1,1,0.84,2025-06-28 13:29:14,crm
EVID0004219,DSP000704,TXN0043876,order_confirmation,APPLICABLE,1,1,1,0.6,2025-06-30 10:40:04,billing
EVID0004220,DSP000704,TXN0043876,invoice,UNAVAILABLE,0,1,1,0.0,2025-06-30 11:40:29,billing
EVID0004221,DSP000704,TXN0043876,shipping_label,APPLICABLE,1,0,0,0.77,2025-06-27 03:02:09,logistics
EVID0004222,DSP000704,TXN0043876,tracking_number,APPLICABLE,1,0,1,0.68,2025-06-29 19:39:51,logistics
EVID0004223,DSP000704,TXN0043876,delivery_confirmation,APPLICABLE,1,0,1,0.72,2025-07-06 04:24:39,logistics
EVID0004224,DSP000704,TXN0043876,customer_communication,APPLICABLE,1,1,1,0.76,2025-07-10 11:58:19,crm
EVID0004225,DSP000705,TXN0043896,order_confirmation,APPLICABLE,1,1,1,0.81,2025-07-17 18:35:06,billing
EVID0004226,DSP000705,TXN0043896,invoice,APPLICABLE,1,1,1,0.66,2025-07-07 13:01:50,billing
EVID0004227,DSP000705,TXN0043896,shipping_label,APPLICABLE,1,0,0,0.91,2025-07-16 07:38:42,logistics
EVID0004228,DSP000705,TXN0043896,tracking_number,APPLICABLE,1,0,0,0.75,2025-07-15 05:12:38,logistics
EVID0004229,DSP000705,TXN0043896,delivery_confirmation,APPLICABLE,1,0,0,0.77,2025-06-27 14:14:16,logistics
EVID0004230,DSP000705,TXN0043896,customer_communication,APPLICABLE,1,1,1,0.85,2025-07-25 01:47:47,crm
EVID0004231,DSP000706,TXN0043902,order_confirmation,APPLICABLE,1,1,1,0.95,2025-07-18 09:15:51,billing
EVID0004232,DSP000706,TXN0043902,invoice,APPLICABLE,1,0,1,0.79,2025-07-13 14:41:41,billing
EVID0004233,DSP000706,TXN0043902,shipping_label,APPLICABLE,1,0,1,0.75,2025-07-09 11:21:07,logistics
EVID0004234,DSP000706,TXN0043902,tracking_number,APPLICABLE,1,0,0,0.81,2025-07-10 00:05:35,logistics
EVID0004235,DSP000706,TXN0043902,delivery_confirmation,APPLICABLE,1,1,1,0.65,2025-07-08 14:30:41,logistics
EVID0004236,DSP000706,TXN0043902,customer_communication,APPLICABLE,1,1,1,0.83,2025-07-08 08:08:42,crm
EVID0004237,DSP000707,TXN0043963,order_confirmation,UNAVAILABLE,0,1,1,0.0,2025-07-21 01:00:48,billing
EVID0004238,DSP000707,TXN0043963,invoice,APPLICABLE,1,0,0,0.75,2025-07-01 01:46:33,billing
EVID0004239,DSP000707,TXN0043963,shipping_label,NOT_APPLICABLE,0,0,0,0.0,2025-07-17 16:34:35,logistics
EVID0004240,DSP000707,TXN0043963,tracking_number,NOT_APPLICABLE,0,0,0,0.0,2025-07-17 22:44:27,logistics
EVID0004241,DSP000707,TXN0043963,delivery_confirmation,NOT_APPLICABLE,0,0,0,0.0,2025-08-04 21:56:59,logistics
EVID0004242,DSP000707,TXN0043963,customer_communication,APPLICABLE,1,0,1,0.65,2025-08-07 09:05:09,crm
EVID0004243,DSP000708,TXN0044062,order_confirmation,UNAVAILABLE,0,1,1,0.0,2025-07-05 23:13:37,billing
EVID0004244,DSP000708,TXN0044062,invoice,APPLICABLE,1,1,1,0.65,2025-07-14 05:02:04,billing
EVID0004245,DSP000708,TXN0044062,shipping_label,NOT_APPLICABLE,0,0,0,0.0,2025-06-27 07:37:57,logistics
EVID0004246,DSP000708,TXN0044062,tracking_number,NOT_APPLICABLE,0,0,0,0.0,2025-07-09 21:39:04,logistics
EVID0004247,DSP000708,TXN0044062,delivery_confirmation,NOT_APPLICABLE,0,0,0,0.0,2025-07-05 18:26:33,logistics
EVID0004248,DSP000708,TXN0044062,customer_communication,UNAVAILABLE,0,1,1,0.0,2025-07-08 21:25:57,crm
EVID0004249,DSP000709,TXN0044112,order_confirmation,APPLICABLE,1,1,1,0.84,2025-07-10 16:25:17,billing
EVID0004250,DSP000709,TXN0044112,invoice,APPLICABLE,1,1,1,0.67,2025-07-17 21:17:25,billing
EVID0004251,DSP000709,TXN0044112,shipping_label,APPLICABLE,1,0,1,0.66,2025-07-15 20:55:23,logistics
EVID0004252,DSP000709,TXN0044112,tracking_number,APPLICABLE,1,0,1,0.91,2025-08-08 11:34:15,logistics
EVID0004253,DSP000709,TXN0044112,delivery_confirmation,APPLICABLE,1,0,1,0.75,2025-07-11 08:00:15,logistics
EVID0004254,DSP000709,TXN0044112,customer_communication,APPLICABLE,1,1,1,0.65,2025-08-03 02:34:19,crm
EVID0004255,DSP000710,TXN0044242,order_confirmation,UNAVAILABLE,0,1,1,0.0,2025-07-11 07:19:55,billing
EVID0004256,DSP000710,TXN0044242,invoice,APPLICABLE,1,0,1,0.6,2025-07-26 18:39:41,billing
EVID0004257,DSP000710,TXN0044242,shipping_label,APPLICABLE,1,0,0,0.83,2025-06-29 15:51:35,logistics
EVID0004258,DSP000710,TXN0044242,tracking_number,APPLICABLE,1,0,1,0.76,2025-07-22 02:37:17,logistics
EVID0004259,DSP000710,TXN0044242,delivery_confirmation,APPLICABLE,1,1,1,0.68,2025-07-03 22:01:46,logistics
EVID0004260,DSP000710,TXN0044242,customer_communication,APPLICABLE,1,1,1,0.6,2025-07-19 12:25:01,crm
EVID0004261,DSP000711,TXN0044291,order_confirmation,APPLICABLE,1,1,1,0.9,2025-06-28 19:11:32,billing
EVID0004262,DSP000711,TXN0044291,invoice,APPLICABLE,1,0,1,0.86,2025-06-29 14:35:26,billing
EVID0004263,DSP000711,TXN0044291,shipping_label,APPLICABLE,1,0,1,0.72,2025-07-04 12:45:09,logistics
EVID0004264,DSP000711,TXN0044291,tracking_number,UNAVAILABLE,0,0,0,0.0,2025-07-05 20:59:11,logistics
EVID0004265,DSP000711,TXN0044291,delivery_confirmation,APPLICABLE,1,1,1,0.76,2025-07-04 01:22:52,logistics
EVID0004266,DSP000711,TXN0044291,customer_communication,APPLICABLE,1,1,1,0.74,2025-06-29 01:38:22,crm
EVID0004267,DSP000712,TXN0044300,order_confirmation,APPLICABLE,1,1,1,0.6,2025-06-28 16:22:57,billing
EVID0004268,DSP000712,TXN0044300,invoice,APPLICABLE,1,1,1,0.77,2025-07-06 03:46:00,billing
EVID0004269,DSP000712,TXN0044300,shipping_label,APPLICABLE,1,0,1,0.69,2025-07-19 11:56:03,logistics
EVID0004270,DSP000712,TXN0044300,tracking_number,APPLICABLE,1,0,0,0.76,2025-07-26 03:07:31,logistics
EVID0004271,DSP000712,TXN0044300,delivery_confirmation,APPLICABLE,1,0,1,0.65,2025-07-07 06:37:33,logistics
EVID0004272,DSP000712,TXN0044300,customer_communication,UNAVAILABLE,0,0,0,0.0,2025-07-19 13:06:08,crm
EVID0004273,DSP000713,TXN0044363,order_confirmation,APPLICABLE,1,1,1,0.79,2025-07-13 10:13:49,billing
EVID0004274,DSP000713,TXN0044363,invoice,APPLICABLE,1,0,0,0.74,2025-07-14 22:52:06,billing
EVID0004275,DSP000713,TXN0044363,shipping_label,APPLICABLE,1,0,1,0.7,2025-07-17 00:23:38,logistics
EVID0004276,DSP000713,TXN0044363,tracking_number,UNAVAILABLE,0,0,1,0.0,2025-07-01 15:56:26,logistics
EVID0004277,DSP000713,TXN0044363,delivery_confirmation,APPLICABLE,1,1,1,0.61,2025-07-15 02:53:26,logistics
EVID0004278,DSP000713,TXN0044363,customer_communication,APPLICABLE,1,1,1,0.88,2025-07-15 11:33:48,crm
EVID0004279,DSP000714,TXN0044388,order_confirmation,APPLICABLE,1,1,1,0.81,2025-07-06 08:19:28,billing
EVID0004280,DSP000714,TXN0044388,invoice,APPLICABLE,1,1,1,0.68,2025-07-03 05:31:04,billing
EVID0004281,DSP000714,TXN0044388,shipping_label,NOT_APPLICABLE,0,0,0,0.0,2025-07-05 11:18:29,logistics
EVID0004282,DSP000714,TXN0044388,tracking_number,NOT_APPLICABLE,0,0,0,0.0,2025-07-02 04:20:09,logistics
EVID0004283,DSP000714,TXN0044388,delivery_confirmation,NOT_APPLICABLE,0,0,0,0.0,2025-06-28 19:28:06,logistics
EVID0004284,DSP000714,TXN0044388,customer_communication,UNAVAILABLE,0,0,1,0.0,2025-07-04 03:11:38,crm
EVID0004285,DSP000715,TXN0044445,order_confirmation,APPLICABLE,1,1,1,0.72,2025-07-16 14:21:23,billing
EVID0004286,DSP000715,TXN0044445,invoice,APPLICABLE,1,0,1,0.87,2025-07-24 22:21:47,billing
EVID0004287,DSP000715,TXN0044445,shipping_label,NOT_APPLICABLE,0,0,0,0.0,2025-07-16 16:36:11,logistics
EVID0004288,DSP000715,TXN0044445,tracking_number,NOT_APPLICABLE,0,0,0,0.0,2025-06-30 08:19:05,logistics
EVID0004289,DSP000715,TXN0044445,delivery_confirmation,NOT_APPLICABLE,0,0,0,0.0,2025-07-06 12:15:33,logistics
EVID0004290,DSP000715,TXN0044445,customer_communication,UNAVAILABLE,0,1,1,0.0,2025-07-14 11:41:31,crm
EVID0004291,DSP000716,TXN0044449,order_confirmation,UNAVAILABLE,0,1,1,0.0,2025-08-09 09:58:13,billing
EVID0004292,DSP000716,TXN0044449,invoice,APPLICABLE,1,0,0,0.89,2025-07-05 06:12:11,billing
EVID0004293,DSP000716,TXN0044449,shipping_label,NOT_APPLICABLE,0,0,0,0.0,2025-07-06 22:07:05,logistics
EVID0004294,DSP000716,TXN0044449,tracking_number,NOT_APPLICABLE,0,0,0,0.0,2025-08-04 13:51:21,logistics
EVID0004295,DSP000716,TXN0044449,delivery_confirmation,NOT_APPLICABLE,0,0,0,0.0,2025-08-01 19:19:07,logistics
EVID0004296,DSP000716,TXN0044449,customer_communication,APPLICABLE,1,1,1,0.68,2025-06-30 17:30:15,crm
EVID0004297,DSP000717,TXN0044470,order_confirmation,APPLICABLE,1,1,1,0.79,2025-07-16 23:55:16,billing
EVID0004298,DSP000717,TXN0044470,invoice,UNAVAILABLE,0,0,1,0.0,2025-07-09 04:07:33,billing
EVID0004299,DSP000717,TXN0044470,shipping_label,APPLICABLE,1,1,1,0.64,2025-07-05 08:23:18,logistics
EVID0004300,DSP000717,TXN0044470,tracking_number,APPLICABLE,1,1,1,0.88,2025-07-13 13:05:48,logistics
EVID0004301,DSP000717,TXN0044470,delivery_confirmation,APPLICABLE,1,1,1,0.65,2025-07-02 17:25:29,logistics
EVID0004302,DSP000717,TXN0044470,customer_communication,APPLICABLE,1,0,1,0.71,2025-07-01 04:38:30,crm
EVID0004303,DSP000718,TXN0044494,order_confirmation,UNAVAILABLE,0,1,1,0.0,2025-07-04 12:45:04,billing
EVID0004304,DSP000718,TXN0044494,invoice,APPLICABLE,1,1,1,0.8,2025-06-28 16:24:53,billing
EVID0004305,DSP000718,TXN0044494,shipping_label,APPLICABLE,1,0,1,0.9,2025-07-09 12:28:55,logistics
EVID0004306,DSP000718,TXN0044494,tracking_number,APPLICABLE,1,0,1,0.63,2025-07-10 11:11:32,logistics
EVID0004307,DSP000718,TXN0044494,delivery_confirmation,APPLICABLE,1,0,0,0.76,2025-07-10 11:47:00,logistics
EVID0004308,DSP000718,TXN0044494,customer_communication,APPLICABLE,1,1,1,0.83,2025-07-11 13:54:56,crm
EVID0004309,DSP000719,TXN0044508,order_confirmation,APPLICABLE,1,1,1,0.78,2025-06-29 20:53:12,billing
EVID0004310,DSP000719,TXN0044508,invoice,APPLICABLE,1,1,1,0.75,2025-06-29 17:49:40,billing
EVID0004311,DSP000719,TXN0044508,shipping_label,NOT_APPLICABLE,0,0,0,0.0,2025-07-02 00:00:09,logistics
EVID0004312,DSP000719,TXN0044508,tracking_number,NOT_APPLICABLE,0,0,0,0.0,2025-07-01 07:31:26,logistics
EVID0004313,DSP000719,TXN0044508,delivery_confirmation,NOT_APPLICABLE,0,0,0,0.0,2025-07-01 04:19:25,logistics
EVID0004314,DSP000719,TXN0044508,customer_communication,APPLICABLE,1,1,1,0.77,2025-06-30 21:58:33,crm
EVID0004315,DSP000720,TXN0044621,order_confirmation,APPLICABLE,1,1,1,0.83,2025-06-28 18:54:31,billing
EVID0004316,DSP000720,TXN0044621,invoice,UNAVAILABLE,0,0,0,0.0,2025-07-01 16:16:19,billing
EVID0004317,DSP000720,TXN0044621,shipping_label,UNAVAILABLE,0,1,1,0.0,2025-07-05 08:25:08,logistics
EVID0004318,DSP000720,TXN0044621,tracking_number,UNAVAILABLE,0,1,1,0.0,2025-07-02 02:00:01,logistics
EVID0004319,DSP000720,TXN0044621,delivery_confirmation,APPLICABLE,1,1,1,0.73,2025-07-06 05:30:50,logistics
EVID0004320,DSP000720,TXN0044621,customer_communication,APPLICABLE,1,0,1,0.94,2025-07-06 08:05:51,crm
EVID0004321,DSP000721,TXN0044625,order_confirmation,APPLICABLE,1,1,1,0.66,2025-07-07 16:33:46,billing
EVID0004322,DSP000721,TXN0044625,invoice,UNAVAILABLE,0,1,1,0.0,2025-07-05 21:56:22,billing
EVID0004323,DSP000721,TXN0044625,shipping_label,NOT_APPLICABLE,0,0,0,0.0,2025-07-01 09:21:45,logistics
EVID0004324,DSP000721,TXN0044625,tracking_number,NOT_APPLICABLE,0,0,0,0.0,2025-07-30 10:19:52,logistics
EVID0004325,DSP000721,TXN0044625,delivery_confirmation,NOT_APPLICABLE,0,0,0,0.0,2025-07-15 15:50:46,logistics
EVID0004326,DSP000721,TXN0044625,customer_communication,APPLICABLE,1,1,1,0.6,2025-06-30 11:59:30,crm
EVID0004327,DSP000722,TXN0044681,order_confirmation,APPLICABLE,1,1,1,0.92,2025-07-05 20:37:14,billing
EVID0004328,DSP000722,TXN0044681,invoice,APPLICABLE,1,0,1,0.81,2025-07-09 00:19:41,billing
EVID0004329,DSP000722,TXN0044681,shipping_label,APPLICABLE,1,0,0,0.67,2025-07-06 03:57:30,logistics
EVID0004330,DSP000722,TXN0044681,tracking_number,APPLICABLE,1,0,1,0.63,2025-07-02 11:09:58,logistics
EVID0004331,DSP000722,TXN0044681,delivery_confirmation,APPLICABLE,1,1,1,0.84,2025-07-02 20:40:55,logistics
EVID0004332,DSP000722,TXN0044681,customer_communication,APPLICABLE,1,1,1,0.63,2025-07-10 00:19:13,crm
EVID0004333,DSP000723,TXN0044705,order_confirmation,APPLICABLE,1,1,1,0.86,2025-07-03 23:35:42,billing
EVID0004334,DSP000723,TXN0044705,invoice,APPLICABLE,1,1,1,0.76,2025-07-01 02:03:57,billing
EVID0004335,DSP000723,TXN0044705,shipping_label,NOT_APPLICABLE,0,0,0,0.0,2025-06-30 21:08:23,logistics
EVID0004336,DSP000723,TXN0044705,tracking_number,NOT_APPLICABLE,0,0,0,0.0,2025-07-02 08:58:45,logistics
EVID0004337,DSP000723,TXN0044705,delivery_confirmation,NOT_APPLICABLE,0,0,0,0.0,2025-07-06 08:08:25,logistics
EVID0004338,DSP000723,TXN0044705,customer_communication,APPLICABLE,1,1,1,0.88,2025-07-06 22:39:20,crm
EVID0004339,DSP000724,TXN0044709,order_confirmation,APPLICABLE,1,1,1,0.87,2025-07-21 01:09:28,billing
EVID0004340,DSP000724,TXN0044709,invoice,APPLICABLE,1,0,1,0.64,2025-08-04 07:41:20,billing
EVID0004341,DSP000724,TXN0044709,shipping_label,NOT_APPLICABLE,0,0,0,0.0,2025-07-27 01:11:43,logistics
EVID0004342,DSP000724,TXN0044709,tracking_number,NOT_APPLICABLE,0,0,0,0.0,2025-07-16 10:18:03,logistics
EVID0004343,DSP000724,TXN0044709,delivery_confirmation,NOT_APPLICABLE,0,0,0,0.0,2025-06-30 16:24:27,logistics
EVID0004344,DSP000724,TXN0044709,customer_communication,APPLICABLE,1,1,1,0.79,2025-07-03 11:09:02,crm
EVID0004345,DSP000725,TXN0044950,order_confirmation,UNAVAILABLE,0,1,1,0.0,2025-07-21 14:04:05,billing
EVID0004346,DSP000725,TXN0044950,invoice,APPLICABLE,1,0,0,0.68,2025-07-08 23:58:02,billing
EVID0004347,DSP000725,TXN0044950,shipping_label,NOT_APPLICABLE,0,0,0,0.0,2025-07-19 17:03:28,logistics
EVID0004348,DSP000725,TXN0044950,tracking_number,NOT_APPLICABLE,0,0,0,0.0,2025-07-01 10:38:16,logistics
EVID0004349,DSP000725,TXN0044950,delivery_confirmation,NOT_APPLICABLE,0,0,0,0.0,2025-07-18 05:02:37,logistics
EVID0004350,DSP000725,TXN0044950,customer_communication,APPLICABLE,1,1,1,0.84,2025-07-10 04:09:12,crm
EVID0004351,DSP000726,TXN0044951,order_confirmation,APPLICABLE,1,1,1,0.76,2025-07-01 10:29:12,billing
EVID0004352,DSP000726,TXN0044951,invoice,APPLICABLE,1,0,0,0.82,2025-07-01 06:50:21,billing
EVID0004353,DSP000726,TXN0044951,shipping_label,NOT_APPLICABLE,0,0,0,0.0,2025-07-03 03:13:39,logistics
EVID0004354,DSP000726,TXN0044951,tracking_number,NOT_APPLICABLE,0,0,0,0.0,2025-07-03 19:11:11,logistics
EVID0004355,DSP000726,TXN0044951,delivery_confirmation,NOT_APPLICABLE,0,0,0,0.0,2025-07-06 04:48:45,logistics
EVID0004356,DSP000726,TXN0044951,customer_communication,UNAVAILABLE,0,0,1,0.0,2025-07-04 19:48:47,crm
EVID0004357,DSP000727,TXN0044983,order_confirmation,APPLICABLE,1,1,1,0.69,2025-07-10 00:24:36,billing
EVID0004358,DSP000727,TXN0044983,invoice,APPLICABLE,1,1,1,0.61,2025-07-29 13:56:32,billing
EVID0004359,DSP000727,TXN0044983,shipping_label,NOT_APPLICABLE,0,0,0,0.0,2025-07-02 16:38:16,logistics
EVID0004360,DSP000727,TXN0044983,tracking_number,NOT_APPLICABLE,0,0,0,0.0,2025-07-05 04:11:39,logistics
EVID0004361,DSP000727,TXN0044983,delivery_confirmation,NOT_APPLICABLE,0,0,0,0.0,2025-07-27 14:32:20,logistics
EVID0004362,DSP000727,TXN0044983,customer_communication,APPLICABLE,1,1,1,0.63,2025-08-04 07:02:36,crm
EVID0004363,DSP000728,TXN0045080,order_confirmation,APPLICABLE,1,1,1,0.73,2025-07-23 21:56:22,billing
EVID0004364,DSP000728,TXN0045080,invoice,APPLICABLE,1,1,1,0.6,2025-08-04 14:02:20,billing
EVID0004365,DSP000728,TXN0045080,shipping_label,APPLICABLE,1,0,0,0.84,2025-08-02 20:46:18,logistics
EVID0004366,DSP000728,TXN0045080,tracking_number,APPLICABLE,1,0,1,0.81,2025-07-29 19:02:55,logistics
EVID0004367,DSP000728,TXN0045080,delivery_confirmation,APPLICABLE,1,0,1,0.65,2025-08-07 16:43:59,logistics
EVID0004368,DSP000728,TXN0045080,customer_communication,APPLICABLE,1,1,1,0.88,2025-08-03 17:55:10,crm
EVID0004369,DSP000729,TXN0045117,order_confirmation,APPLICABLE,1,1,1,0.75,2025-07-13 03:59:33,billing
EVID0004370,DSP000729,TXN0045117,invoice,APPLICABLE,1,0,0,0.7,2025-07-26 01:35:30,billing
EVID0004371,DSP000729,TXN0045117,shipping_label,APPLICABLE,1,1,1,0.79,2025-07-28 11:33:23,logistics
EVID0004372,DSP000729,TXN0045117,tracking_number,UNAVAILABLE,0,1,1,0.0,2025-07-30 19:35:55,logistics
EVID0004373,DSP000729,TXN0045117,delivery_confirmation,APPLICABLE,1,1,1,0.6,2025-07-17 17:44:08,logistics
EVID0004374,DSP000729,TXN0045117,customer_communication,APPLICABLE,1,0,1,0.82,2025-07-06 20:35:36,crm
EVID0004375,DSP000730,TXN0045137,order_confirmation,APPLICABLE,1,1,1,0.88,2025-07-31 07:00:51,billing
EVID0004376,DSP000730,TXN0045137,invoice,UNAVAILABLE,0,0,1,0.0,2025-07-24 18:45:26,billing
EVID0004377,DSP000730,TXN0045137,shipping_label,NOT_APPLICABLE,0,0,0,0.0,2025-07-24 12:39:22,logistics
EVID0004378,DSP000730,TXN0045137,tracking_number,NOT_APPLICABLE,0,0,0,0.0,2025-07-09 08:27:14,logistics
EVID0004379,DSP000730,TXN0045137,delivery_confirmation,NOT_APPLICABLE,0,0,0,0.0,2025-07-30 04:51:22,logistics
EVID0004380,DSP000730,TXN0045137,customer_communication,UNAVAILABLE,0,0,1,0.0,2025-07-11 21:59:14,crm
EVID0004381,DSP000731,TXN0045149,order_confirmation,APPLICABLE,1,1,1,0.63,2025-07-01 05:59:42,billing
EVID0004382,DSP000731,TXN0045149,invoice,APPLICABLE,1,0,1,0.63,2025-07-11 22:50:14,billing
EVID0004383,DSP000731,TXN0045149,shipping_label,NOT_APPLICABLE,0,0,0,0.0,2025-07-03 12:43:07,logistics
EVID0004384,DSP000731,TXN0045149,tracking_number,NOT_APPLICABLE,0,0,0,0.0,2025-07-05 16:48:03,logistics
EVID0004385,DSP000731,TXN0045149,delivery_confirmation,NOT_APPLICABLE,0,0,0,0.0,2025-07-15 14:27:53,logistics
EVID0004386,DSP000731,TXN0045149,customer_communication,APPLICABLE,1,1,1,0.63,2025-07-10 17:33:45,crm
EVID0004387,DSP000732,TXN0045153,order_confirmation,APPLICABLE,1,1,1,0.93,2025-07-04 02:21:19,billing
EVID0004388,DSP000732,TXN0045153,invoice,APPLICABLE,1,0,0,0.72,2025-07-05 14:07:38,billing
EVID0004389,DSP000732,TXN0045153,shipping_label,APPLICABLE,1,0,1,0.94,2025-07-04 13:34:55,logistics
EVID0004390,DSP000732,TXN0045153,tracking_number,APPLICABLE,1,0,0,0.92,2025-07-01 23:39:46,logistics
EVID0004391,DSP000732,TXN0045153,delivery_confirmation,UNAVAILABLE,0,1,1,0.0,2025-06-30 18:23:03,logistics
EVID0004392,DSP000732,TXN0045153,customer_communication,APPLICABLE,1,1,1,0.82,2025-07-04 14:02:08,crm
EVID0004393,DSP000733,TXN0045267,order_confirmation,APPLICABLE,1,1,1,0.6,2025-07-08 18:42:09,billing
EVID0004394,DSP000733,TXN0045267,invoice,UNAVAILABLE,0,0,0,0.0,2025-07-08 14:20:25,billing
EVID0004395,DSP000733,TXN0045267,shipping_label,NOT_APPLICABLE,0,0,0,0.0,2025-07-13 14:34:49,logistics
EVID0004396,DSP000733,TXN0045267,tracking_number,NOT_APPLICABLE,0,0,0,0.0,2025-07-14 15:48:24,logistics
EVID0004397,DSP000733,TXN0045267,delivery_confirmation,NOT_APPLICABLE,0,0,0,0.0,2025-07-09 04:06:41,logistics
EVID0004398,DSP000733,TXN0045267,customer_communication,UNAVAILABLE,0,0,1,0.0,2025-07-19 22:14:27,crm
EVID0004399,DSP000734,TXN0045350,order_confirmation,UNAVAILABLE,0,1,1,0.0,2025-07-05 16:36:44,billing
EVID0004400,DSP000734,TXN0045350,invoice,APPLICABLE,1,1,1,0.89,2025-07-06 08:32:28,billing
EVID0004401,DSP000734,TXN0045350,shipping_label,NOT_APPLICABLE,0,0,0,0.0,2025-07-10 08:10:45,logistics
EVID0004402,DSP000734,TXN0045350,tracking_number,NOT_APPLICABLE,0,0,0,0.0,2025-07-08 10:53:38,logistics
EVID0004403,DSP000734,TXN0045350,delivery_confirmation,NOT_APPLICABLE,0,0,0,0.0,2025-07-09 00:36:16,logistics
EVID0004404,DSP000734,TXN0045350,customer_communication,APPLICABLE,1,1,1,0.9,2025-07-01 21:39:52,crm
EVID0004405,DSP000735,TXN0045359,order_confirmation,APPLICABLE,1,1,1,0.64,2025-07-13 04:51:01,billing
EVID0004406,DSP000735,TXN0045359,invoice,APPLICABLE,1,1,1,0.75,2025-07-13 02:09:58,billing
EVID0004407,DSP000735,TXN0045359,shipping_label,APPLICABLE,1,0,1,0.79,2025-07-02 10:27:50,logistics
EVID0004408,DSP000735,TXN0045359,tracking_number,APPLICABLE,1,0,0,0.7,2025-07-04 20:49:55,logistics
EVID0004409,DSP000735,TXN0045359,delivery_confirmation,APPLICABLE,1,0,0,0.8,2025-07-13 06:14:28,logistics
EVID0004410,DSP000735,TXN0045359,customer_communication,APPLICABLE,1,1,1,0.79,2025-07-05 08:16:07,crm
EVID0004411,DSP000736,TXN0045420,order_confirmation,APPLICABLE,1,1,1,0.6,2025-08-14 06:16:11,billing
EVID0004412,DSP000736,TXN0045420,invoice,APPLICABLE,1,1,1,0.73,2025-07-18 00:52:06,billing
EVID0004413,DSP000736,TXN0045420,shipping_label,NOT_APPLICABLE,0,0,0,0.0,2025-07-24 05:15:15,logistics
EVID0004414,DSP000736,TXN0045420,tracking_number,NOT_APPLICABLE,0,0,0,0.0,2025-08-08 19:51:03,logistics
EVID0004415,DSP000736,TXN0045420,delivery_confirmation,NOT_APPLICABLE,0,0,0,0.0,2025-08-10 07:00:37,logistics
EVID0004416,DSP000736,TXN0045420,customer_communication,APPLICABLE,1,1,1,0.9,2025-07-21 20:43:39,crm
EVID0004417,DSP000737,TXN0045508,order_confirmation,APPLICABLE,1,1,1,0.67,2025-07-06 03:05:13,billing
EVID0004418,DSP000737,TXN0045508,invoice,APPLICABLE,1,1,1,0.93,2025-07-08 19:16:41,billing
EVID0004419,DSP000737,TXN0045508,shipping_label,APPLICABLE,1,0,0,0.94,2025-07-02 12:38:32,logistics
EVID0004420,DSP000737,TXN0045508,tracking_number,APPLICABLE,1,0,1,0.6,2025-07-04 19:51:04,logistics
EVID0004421,DSP000737,TXN0045508,delivery_confirmation,APPLICABLE,1,0,0,0.81,2025-07-06 07:48:37,logistics
EVID0004422,DSP000737,TXN0045508,customer_communication,UNAVAILABLE,0,1,1,0.0,2025-07-06 14:10:56,crm
EVID0004423,DSP000738,TXN0045559,order_confirmation,APPLICABLE,1,1,1,0.74,2025-07-10 16:24:59,billing
EVID0004424,DSP000738,TXN0045559,invoice,APPLICABLE,1,0,1,0.78,2025-07-11 13:26:21,billing
EVID0004425,DSP000738,TXN0045559,shipping_label,NOT_APPLICABLE,0,0,0,0.0,2025-07-06 11:31:48,logistics
EVID0004426,DSP000738,TXN0045559,tracking_number,NOT_APPLICABLE,0,0,0,0.0,2025-07-11 21:47:04,logistics
EVID0004427,DSP000738,TXN0045559,delivery_confirmation,NOT_APPLICABLE,0,0,0,0.0,2025-07-07 00:00:07,logistics
EVID0004428,DSP000738,TXN0045559,customer_communication,UNAVAILABLE,0,0,1,0.0,2025-07-05 06:54:45,crm
EVID0004429,DSP000739,TXN0045638,order_confirmation,APPLICABLE,1,1,1,0.91,2025-07-19 22:03:42,billing
EVID0004430,DSP000739,TXN0045638,invoice,APPLICABLE,1,0,1,0.6,2025-07-03 10:58:29,billing
EVID0004431,DSP000739,TXN0045638,shipping_label,NOT_APPLICABLE,0,0,0,0.0,2025-07-09 06:42:31,logistics
EVID0004432,DSP000739,TXN0045638,tracking_number,NOT_APPLICABLE,0,0,0,0.0,2025-07-12 17:38:47,logistics
EVID0004433,DSP000739,TXN0045638,delivery_confirmation,NOT_APPLICABLE,0,0,0,0.0,2025-07-04 19:06:48,logistics
EVID0004434,DSP000739,TXN0045638,customer_communication,UNAVAILABLE,0,0,0,0.0,2025-07-14 18:06:18,crm
EVID0004435,DSP000740,TXN0045880,order_confirmation,APPLICABLE,1,1,1,0.6,2025-07-11 01:38:05,billing
EVID0004436,DSP000740,TXN0045880,invoice,APPLICABLE,1,0,1,0.81,2025-07-08 23:15:05,billing
EVID0004437,DSP000740,TXN0045880,shipping_label,NOT_APPLICABLE,0,0,0,0.0,2025-07-16 11:14:02,logistics
EVID0004438,DSP000740,TXN0045880,tracking_number,NOT_APPLICABLE,0,0,0,0.0,2025-07-11 01:27:14,logistics
EVID0004439,DSP000740,TXN0045880,delivery_confirmation,NOT_APPLICABLE,0,0,0,0.0,2025-07-07 23:17:35,logistics
EVID0004440,DSP000740,TXN0045880,customer_communication,APPLICABLE,1,0,1,0.74,2025-07-06 10:43:13,crm
EVID0004441,DSP000741,TXN0045902,order_confirmation,APPLICABLE,1,1,1,0.88,2025-07-06 11:24:02,billing
EVID0004442,DSP000741,TXN0045902,invoice,APPLICABLE,1,1,1,0.84,2025-07-06 20:27:43,billing
EVID0004443,DSP000741,TXN0045902,shipping_label,NOT_APPLICABLE,0,0,0,0.0,2025-07-03 22:24:10,logistics
EVID0004444,DSP000741,TXN0045902,tracking_number,NOT_APPLICABLE,0,0,0,0.0,2025-07-08 15:08:16,logistics
EVID0004445,DSP000741,TXN0045902,delivery_confirmation,NOT_APPLICABLE,0,0,0,0.0,2025-07-06 17:03:51,logistics
EVID0004446,DSP000741,TXN0045902,customer_communication,APPLICABLE,1,1,1,0.72,2025-07-06 19:35:49,crm
EVID0004447,DSP000742,TXN0045971,order_confirmation,APPLICABLE,1,1,1,0.69,2025-07-16 21:17:21,billing
EVID0004448,DSP000742,TXN0045971,invoice,UNAVAILABLE,0,0,1,0.0,2025-07-11 17:03:03,billing
EVID0004449,DSP000742,TXN0045971,shipping_label,APPLICABLE,1,0,1,0.8,2025-07-12 02:56:31,logistics
EVID0004450,DSP000742,TXN0045971,tracking_number,APPLICABLE,1,0,0,0.93,2025-07-07 15:43:45,logistics
EVID0004451,DSP000742,TXN0045971,delivery_confirmation,APPLICABLE,1,1,1,0.79,2025-07-06 13:29:22,logistics
EVID0004452,DSP000742,TXN0045971,customer_communication,APPLICABLE,1,1,1,0.75,2025-07-16 16:55:51,crm
EVID0004453,DSP000743,TXN0045975,order_confirmation,UNAVAILABLE,0,1,1,0.0,2025-07-15 10:24:14,billing
EVID0004454,DSP000743,TXN0045975,invoice,UNAVAILABLE,0,1,1,0.0,2025-07-13 16:35:20,billing
EVID0004455,DSP000743,TXN0045975,shipping_label,NOT_APPLICABLE,0,0,0,0.0,2025-07-16 23:05:25,logistics
EVID0004456,DSP000743,TXN0045975,tracking_number,NOT_APPLICABLE,0,0,0,0.0,2025-07-07 02:16:54,logistics
EVID0004457,DSP000743,TXN0045975,delivery_confirmation,NOT_APPLICABLE,0,0,0,0.0,2025-07-04 09:11:48,logistics
EVID0004458,DSP000743,TXN0045975,customer_communication,UNAVAILABLE,0,1,1,0.0,2025-07-11 19:57:44,crm
EVID0004459,DSP000744,TXN0045996,order_confirmation,UNAVAILABLE,0,1,1,0.0,2025-07-27 00:19:09,billing
EVID0004460,DSP000744,TXN0045996,invoice,APPLICABLE,1,1,1,0.74,2025-07-06 14:07:34,billing
EVID0004461,DSP000744,TXN0045996,shipping_label,NOT_APPLICABLE,0,0,0,0.0,2025-07-09 08:29:34,logistics
EVID0004462,DSP000744,TXN0045996,tracking_number,NOT_APPLICABLE,0,0,0,0.0,2025-07-29 14:53:11,logistics
EVID0004463,DSP000744,TXN0045996,delivery_confirmation,NOT_APPLICABLE,0,0,0,0.0,2025-08-10 13:02:02,logistics
EVID0004464,DSP000744,TXN0045996,customer_communication,APPLICABLE,1,1,1,0.72,2025-08-05 08:08:30,crm
EVID0004465,DSP000745,TXN0046048,order_confirmation,APPLICABLE,1,1,1,0.85,2025-07-08 08:50:44,billing
EVID0004466,DSP000745,TXN0046048,invoice,APPLICABLE,1,0,1,0.61,2025-07-05 18:22:02,billing
EVID0004467,DSP000745,TXN0046048,shipping_label,NOT_APPLICABLE,0,0,0,0.0,2025-07-06 10:32:16,logistics
EVID0004468,DSP000745,TXN0046048,tracking_number,NOT_APPLICABLE,0,0,0,0.0,2025-07-05 17:00:51,logistics
EVID0004469,DSP000745,TXN0046048,delivery_confirmation,NOT_APPLICABLE,0,0,0,0.0,2025-07-05 15:50:52,logistics
EVID0004470,DSP000745,TXN0046048,customer_communication,APPLICABLE,1,1,1,0.6,2025-07-06 05:32:26,crm
EVID0004471,DSP000746,TXN0046080,order_confirmation,UNAVAILABLE,0,1,1,0.0,2025-08-06 03:15:14,billing
EVID0004472,DSP000746,TXN0046080,invoice,UNAVAILABLE,0,0,1,0.0,2025-07-10 06:24:39,billing
EVID0004473,DSP000746,TXN0046080,shipping_label,NOT_APPLICABLE,0,0,0,0.0,2025-07-17 19:00:10,logistics
EVID0004474,DSP000746,TXN0046080,tracking_number,NOT_APPLICABLE,0,0,0,0.0,2025-07-11 19:18:32,logistics
EVID0004475,DSP000746,TXN0046080,delivery_confirmation,NOT_APPLICABLE,0,0,0,0.0,2025-07-12 04:50:02,logistics
EVID0004476,DSP000746,TXN0046080,customer_communication,APPLICABLE,1,0,0,0.82,2025-07-17 20:08:52,crm
EVID0004477,DSP000747,TXN0046151,order_confirmation,APPLICABLE,1,1,1,0.69,2025-07-11 13:03:58,billing
EVID0004478,DSP000747,TXN0046151,invoice,APPLICABLE,1,1,1,0.88,2025-07-10 23:47:39,billing
EVID0004479,DSP000747,TXN0046151,shipping_label,APPLICABLE,1,0,0,0.6,2025-07-05 23:52:56,logistics
EVID0004480,DSP000747,TXN0046151,tracking_number,APPLICABLE,1,0,0,0.79,2025-07-07 06:14:00,logistics
EVID0004481,DSP000747,TXN0046151,delivery_confirmation,APPLICABLE,1,0,1,0.6,2025-07-11 08:05:10,logistics
EVID0004482,DSP000747,TXN0046151,customer_communication,APPLICABLE,1,0,1,0.76,2025-07-09 00:06:03,crm
EVID0004483,DSP000748,TXN0046205,order_confirmation,APPLICABLE,1,1,1,0.7,2025-07-11 19:44:21,billing
EVID0004484,DSP000748,TXN0046205,invoice,APPLICABLE,1,0,1,0.89,2025-08-08 03:26:42,billing
EVID0004485,DSP000748,TXN0046205,shipping_label,NOT_APPLICABLE,0,0,0,0.0,2025-07-18 16:50:39,logistics
EVID0004486,DSP000748,TXN0046205,tracking_number,NOT_APPLICABLE,0,0,0,0.0,2025-08-01 19:40:07,logistics
EVID0004487,DSP000748,TXN0046205,delivery_confirmation,NOT_APPLICABLE,0,0,0,0.0,2025-07-16 20:03:19,logistics
EVID0004488,DSP000748,TXN0046205,customer_communication,APPLICABLE,1,1,1,0.66,2025-07-13 06:21:48,crm
EVID0004489,DSP000749,TXN0046235,order_confirmation,UNAVAILABLE,0,1,1,0.0,2025-07-09 08:05:17,billing
EVID0004490,DSP000749,TXN0046235,invoice,APPLICABLE,1,1,1,0.85,2025-07-11 18:52:40,billing
EVID0004491,DSP000749,TXN0046235,shipping_label,NOT_APPLICABLE,0,0,0,0.0,2025-07-10 14:38:42,logistics
EVID0004492,DSP000749,TXN0046235,tracking_number,NOT_APPLICABLE,0,0,0,0.0,2025-07-05 20:11:54,logistics
EVID0004493,DSP000749,TXN0046235,delivery_confirmation,NOT_APPLICABLE,0,0,0,0.0,2025-07-06 19:18:36,logistics
EVID0004494,DSP000749,TXN0046235,customer_communication,APPLICABLE,1,1,1,0.67,2025-07-05 13:52:05,crm
EVID0004495,DSP000750,TXN0046264,order_confirmation,APPLICABLE,1,1,1,0.78,2025-07-05 23:46:58,billing
EVID0004496,DSP000750,TXN0046264,invoice,APPLICABLE,1,1,1,0.64,2025-07-06 09:11:47,billing
EVID0004497,DSP000750,TXN0046264,shipping_label,APPLICABLE,1,0,1,0.68,2025-07-10 12:19:46,logistics
EVID0004498,DSP000750,TXN0046264,tracking_number,APPLICABLE,1,0,1,0.63,2025-07-10 02:15:59,logistics
EVID0004499,DSP000750,TXN0046264,delivery_confirmation,APPLICABLE,1,0,0,0.6,2025-07-07 12:14:42,logistics
EVID0004500,DSP000750,TXN0046264,customer_communication,APPLICABLE,1,1,1,0.78,2025-07-10 17:58:18,crm
EVID0004501,DSP000751,TXN0046320,order_confirmation,APPLICABLE,1,1,1,0.71,2025-07-22 18:50:16,billing
EVID0004502,DSP000751,TXN0046320,invoice,APPLICABLE,1,1,1,0.61,2025-07-23 21:20:45,billing
EVID0004503,DSP000751,TXN0046320,shipping_label,APPLICABLE,1,0,1,0.73,2025-07-21 18:21:16,logistics
EVID0004504,DSP000751,TXN0046320,tracking_number,APPLICABLE,1,0,1,0.8,2025-07-25 02:59:44,logistics
EVID0004505,DSP000751,TXN0046320,delivery_confirmation,APPLICABLE,1,0,0,0.78,2025-07-18 10:19:18,logistics
EVID0004506,DSP000751,TXN0046320,customer_communication,APPLICABLE,1,1,1,0.92,2025-07-07 09:18:02,crm
EVID0004507,DSP000752,TXN0046394,order_confirmation,APPLICABLE,1,1,1,0.7,2025-07-10 03:19:58,billing
EVID0004508,DSP000752,TXN0046394,invoice,APPLICABLE,1,0,1,0.9,2025-07-28 08:39:31,billing
EVID0004509,DSP000752,TXN0046394,shipping_label,APPLICABLE,1,1,1,0.74,2025-07-10 08:23:50,logistics
EVID0004510,DSP000752,TXN0046394,tracking_number,UNAVAILABLE,0,1,1,0.0,2025-07-27 17:52:18,logistics
EVID0004511,DSP000752,TXN0046394,delivery_confirmation,APPLICABLE,1,1,1,0.95,2025-07-20 16:42:37,logistics
EVID0004512,DSP000752,TXN0046394,customer_communication,UNAVAILABLE,0,0,1,0.0,2025-08-05 21:52:47,crm
EVID0004513,DSP000753,TXN0046410,order_confirmation,UNAVAILABLE,0,1,1,0.0,2025-07-12 15:41:30,billing
EVID0004514,DSP000753,TXN0046410,invoice,UNAVAILABLE,0,0,0,0.0,2025-08-04 15:02:00,billing
EVID0004515,DSP000753,TXN0046410,shipping_label,NOT_APPLICABLE,0,0,0,0.0,2025-07-18 04:53:49,logistics
EVID0004516,DSP000753,TXN0046410,tracking_number,NOT_APPLICABLE,0,0,0,0.0,2025-07-23 07:41:35,logistics
EVID0004517,DSP000753,TXN0046410,delivery_confirmation,NOT_APPLICABLE,0,0,0,0.0,2025-07-24 17:02:47,logistics
EVID0004518,DSP000753,TXN0046410,customer_communication,UNAVAILABLE,0,1,1,0.0,2025-07-14 13:51:56,crm
EVID0004519,DSP000754,TXN0046419,order_confirmation,UNAVAILABLE,0,1,1,0.0,2025-07-06 10:22:07,billing
EVID0004520,DSP000754,TXN0046419,invoice,APPLICABLE,1,1,1,0.71,2025-07-07 06:48:59,billing
EVID0004521,DSP000754,TXN0046419,shipping_label,NOT_APPLICABLE,0,0,0,0.0,2025-07-17 05:38:27,logistics
EVID0004522,DSP000754,TXN0046419,tracking_number,NOT_APPLICABLE,0,0,0,0.0,2025-07-08 10:30:00,logistics
EVID0004523,DSP000754,TXN0046419,delivery_confirmation,NOT_APPLICABLE,0,0,0,0.0,2025-07-14 05:28:03,logistics
EVID0004524,DSP000754,TXN0046419,customer_communication,APPLICABLE,1,1,1,0.84,2025-07-17 07:34:25,crm
EVID0004525,DSP000755,TXN0046466,order_confirmation,UNAVAILABLE,0,1,1,0.0,2025-07-22 18:03:48,billing
EVID0004526,DSP000755,TXN0046466,invoice,APPLICABLE,1,1,1,0.72,2025-08-04 04:07:15,billing
EVID0004527,DSP000755,TXN0046466,shipping_label,NOT_APPLICABLE,0,0,0,0.0,2025-08-02 17:26:44,logistics
EVID0004528,DSP000755,TXN0046466,tracking_number,NOT_APPLICABLE,0,0,0,0.0,2025-07-12 00:19:18,logistics
EVID0004529,DSP000755,TXN0046466,delivery_confirmation,NOT_APPLICABLE,0,0,0,0.0,2025-07-30 11:42:04,logistics
EVID0004530,DSP000755,TXN0046466,customer_communication,UNAVAILABLE,0,0,0,0.0,2025-07-10 19:49:17,crm
EVID0004531,DSP000756,TXN0046484,order_confirmation,UNAVAILABLE,0,1,1,0.0,2025-07-13 18:27:19,billing
EVID0004532,DSP000756,TXN0046484,invoice,UNAVAILABLE,0,1,1,0.0,2025-07-06 17:56:49,billing
EVID0004533,DSP000756,TXN0046484,shipping_label,NOT_APPLICABLE,0,0,0,0.0,2025-07-09 13:17:13,logistics
EVID0004534,DSP000756,TXN0046484,tracking_number,NOT_APPLICABLE,0,0,0,0.0,2025-07-12 08:27:44,logistics
EVID0004535,DSP000756,TXN0046484,delivery_confirmation,NOT_APPLICABLE,0,0,0,0.0,2025-07-11 11:33:27,logistics
EVID0004536,DSP000756,TXN0046484,customer_communication,APPLICABLE,1,1,1,0.6,2025-07-10 18:02:06,crm
EVID0004537,DSP000757,TXN0046493,order_confirmation,APPLICABLE,1,1,1,0.69,2025-08-05 01:29:36,billing
EVID0004538,DSP000757,TXN0046493,invoice,UNAVAILABLE,0,1,1,0.0,2025-07-17 18:02:33,billing
EVID0004539,DSP000757,TXN0046493,shipping_label,NOT_APPLICABLE,0,0,0,0.0,2025-08-01 12:31:43,logistics
EVID0004540,DSP000757,TXN0046493,tracking_number,NOT_APPLICABLE,0,0,0,0.0,2025-07-13 15:23:38,logistics
EVID0004541,DSP000757,TXN0046493,delivery_confirmation,NOT_APPLICABLE,0,0,0,0.0,2025-07-29 08:07:44,logistics
EVID0004542,DSP000757,TXN0046493,customer_communication,UNAVAILABLE,0,1,1,0.0,2025-07-24 13:18:01,crm
EVID0004543,DSP000758,TXN0046549,order_confirmation,APPLICABLE,1,1,1,0.61,2025-07-13 12:42:31,billing
EVID0004544,DSP000758,TXN0046549,invoice,APPLICABLE,1,0,1,0.68,2025-07-11 14:09:25,billing
EVID0004545,DSP000758,TXN0046549,shipping_label,NOT_APPLICABLE,0,0,0,0.0,2025-07-11 15:22:55,logistics
EVID0004546,DSP000758,TXN0046549,tracking_number,NOT_APPLICABLE,0,0,0,0.0,2025-07-13 05:47:18,logistics
EVID0004547,DSP000758,TXN0046549,delivery_confirmation,NOT_APPLICABLE,0,0,0,0.0,2025-07-10 12:14:57,logistics
EVID0004548,DSP000758,TXN0046549,customer_communication,APPLICABLE,1,0,1,0.6,2025-07-12 23:10:51,crm
EVID0004549,DSP000759,TXN0046572,order_confirmation,APPLICABLE,1,1,1,0.79,2025-07-08 07:08:55,billing
EVID0004550,DSP000759,TXN0046572,invoice,UNAVAILABLE,0,0,1,0.0,2025-07-20 08:15:39,billing
EVID0004551,DSP000759,TXN0046572,shipping_label,NOT_APPLICABLE,0,0,0,0.0,2025-07-18 05:15:16,logistics
EVID0004552,DSP000759,TXN0046572,tracking_number,NOT_APPLICABLE,0,0,0,0.0,2025-07-09 04:22:11,logistics
EVID0004553,DSP000759,TXN0046572,delivery_confirmation,NOT_APPLICABLE,0,0,0,0.0,2025-07-20 18:43:55,logistics
EVID0004554,DSP000759,TXN0046572,customer_communication,APPLICABLE,1,0,0,0.8,2025-07-20 21:00:39,crm
EVID0004555,DSP000760,TXN0046595,order_confirmation,APPLICABLE,1,1,1,0.82,2025-07-11 05:12:23,billing
EVID0004556,DSP000760,TXN0046595,invoice,UNAVAILABLE,0,1,1,0.0,2025-07-28 02:08:45,billing
EVID0004557,DSP000760,TXN0046595,shipping_label,APPLICABLE,1,0,0,0.79,2025-07-15 00:41:20,logistics
EVID0004558,DSP000760,TXN0046595,tracking_number,APPLICABLE,1,0,1,0.71,2025-07-21 10:19:08,logistics
EVID0004559,DSP000760,TXN0046595,delivery_confirmation,APPLICABLE,1,0,1,0.66,2025-07-26 04:12:55,logistics
EVID0004560,DSP000760,TXN0046595,customer_communication,APPLICABLE,1,1,1,0.69,2025-07-09 20:31:48,crm
EVID0004561,DSP000761,TXN0046658,order_confirmation,APPLICABLE,1,1,1,0.67,2025-07-16 00:05:42,billing
EVID0004562,DSP000761,TXN0046658,invoice,UNAVAILABLE,0,0,0,0.0,2025-07-11 05:47:26,billing
EVID0004563,DSP000761,TXN0046658,shipping_label,APPLICABLE,1,1,1,0.79,2025-07-10 14:47:22,logistics
EVID0004564,DSP000761,TXN0046658,tracking_number,APPLICABLE,1,1,1,0.69,2025-07-12 15:23:56,logistics
EVID0004565,DSP000761,TXN0046658,delivery_confirmation,APPLICABLE,1,1,1,0.82,2025-07-14 11:17:30,logistics
EVID0004566,DSP000761,TXN0046658,customer_communication,UNAVAILABLE,0,0,1,0.0,2025-07-14 15:42:42,crm
EVID0004567,DSP000762,TXN0046673,order_confirmation,APPLICABLE,1,1,1,0.71,2025-07-13 17:10:24,billing
EVID0004568,DSP000762,TXN0046673,invoice,APPLICABLE,1,0,1,0.64,2025-07-14 09:17:58,billing
EVID0004569,DSP000762,TXN0046673,shipping_label,APPLICABLE,1,1,1,0.95,2025-07-06 16:03:58,logistics
EVID0004570,DSP000762,TXN0046673,tracking_number,APPLICABLE,1,1,1,0.65,2025-07-08 10:44:57,logistics
EVID0004571,DSP000762,TXN0046673,delivery_confirmation,UNAVAILABLE,0,1,1,0.0,2025-07-14 16:30:29,logistics
EVID0004572,DSP000762,TXN0046673,customer_communication,APPLICABLE,1,0,0,0.61,2025-07-08 11:28:29,crm
EVID0004573,DSP000763,TXN0046920,order_confirmation,APPLICABLE,1,1,1,0.71,2025-08-06 11:37:41,billing
EVID0004574,DSP000763,TXN0046920,invoice,APPLICABLE,1,1,1,0.75,2025-08-04 15:46:25,billing
EVID0004575,DSP000763,TXN0046920,shipping_label,UNAVAILABLE,0,0,1,0.0,2025-07-29 07:24:49,logistics
EVID0004576,DSP000763,TXN0046920,tracking_number,APPLICABLE,1,0,0,0.77,2025-07-17 02:24:10,logistics
EVID0004577,DSP000763,TXN0046920,delivery_confirmation,UNAVAILABLE,0,0,1,0.0,2025-07-17 14:02:52,logistics
EVID0004578,DSP000763,TXN0046920,customer_communication,APPLICABLE,1,0,1,0.79,2025-08-09 16:27:33,crm
EVID0004579,DSP000764,TXN0047011,order_confirmation,UNAVAILABLE,0,1,1,0.0,2025-07-15 08:35:35,billing
EVID0004580,DSP000764,TXN0047011,invoice,APPLICABLE,1,1,1,0.79,2025-07-30 06:14:45,billing
EVID0004581,DSP000764,TXN0047011,shipping_label,NOT_APPLICABLE,0,0,0,0.0,2025-07-30 16:50:00,logistics
EVID0004582,DSP000764,TXN0047011,tracking_number,NOT_APPLICABLE,0,0,0,0.0,2025-07-18 12:25:36,logistics
EVID0004583,DSP000764,TXN0047011,delivery_confirmation,NOT_APPLICABLE,0,0,0,0.0,2025-07-25 09:19:25,logistics
EVID0004584,DSP000764,TXN0047011,customer_communication,UNAVAILABLE,0,1,1,0.0,2025-07-30 04:16:29,crm
EVID0004585,DSP000765,TXN0047035,order_confirmation,APPLICABLE,1,1,1,0.82,2025-07-15 15:46:30,billing
EVID0004586,DSP000765,TXN0047035,invoice,APPLICABLE,1,1,1,0.7,2025-07-14 10:20:14,billing
EVID0004587,DSP000765,TXN0047035,shipping_label,APPLICABLE,1,0,1,0.69,2025-07-13 03:23:47,logistics
EVID0004588,DSP000765,TXN0047035,tracking_number,APPLICABLE,1,0,1,0.87,2025-07-09 18:49:07,logistics
EVID0004589,DSP000765,TXN0047035,delivery_confirmation,APPLICABLE,1,0,1,0.63,2025-07-11 19:21:10,logistics
EVID0004590,DSP000765,TXN0047035,customer_communication,APPLICABLE,1,1,1,0.88,2025-07-08 23:50:38,crm
EVID0004591,DSP000766,TXN0047178,order_confirmation,APPLICABLE,1,1,1,0.73,2025-08-11 20:34:29,billing
EVID0004592,DSP000766,TXN0047178,invoice,APPLICABLE,1,0,1,0.6,2025-08-04 21:35:25,billing
EVID0004593,DSP000766,TXN0047178,shipping_label,APPLICABLE,1,1,1,0.6,2025-07-26 03:39:29,logistics
EVID0004594,DSP000766,TXN0047178,tracking_number,APPLICABLE,1,1,1,0.67,2025-07-14 00:54:56,logistics
EVID0004595,DSP000766,TXN0047178,delivery_confirmation,APPLICABLE,1,1,1,0.69,2025-07-22 09:54:19,logistics
EVID0004596,DSP000766,TXN0047178,customer_communication,APPLICABLE,1,0,1,0.82,2025-07-10 05:26:26,crm
EVID0004597,DSP000767,TXN0047181,order_confirmation,APPLICABLE,1,1,1,0.62,2025-07-23 01:03:28,billing
EVID0004598,DSP000767,TXN0047181,invoice,UNAVAILABLE,0,0,0,0.0,2025-07-18 06:56:25,billing
EVID0004599,DSP000767,TXN0047181,shipping_label,APPLICABLE,1,0,1,0.92,2025-07-23 21:28:34,logistics
EVID0004600,DSP000767,TXN0047181,tracking_number,APPLICABLE,1,0,1,0.73,2025-07-16 10:35:06,logistics
EVID0004601,DSP000767,TXN0047181,delivery_confirmation,APPLICABLE,1,1,1,0.79,2025-07-25 23:54:02,logistics
EVID0004602,DSP000767,TXN0047181,customer_communication,UNAVAILABLE,0,1,1,0.0,2025-07-18 00:15:13,crm
EVID0004603,DSP000768,TXN0047186,order_confirmation,APPLICABLE,1,1,1,0.67,2025-07-18 23:37:36,billing
EVID0004604,DSP000768,TXN0047186,invoice,UNAVAILABLE,0,0,0,0.0,2025-07-17 03:34:46,billing
EVID0004605,DSP000768,TXN0047186,shipping_label,APPLICABLE,1,0,1,0.9,2025-07-31 18:48:27,logistics
EVID0004606,DSP000768,TXN0047186,tracking_number,APPLICABLE,1,0,1,0.61,2025-07-15 11:34:09,logistics
EVID0004607,DSP000768,TXN0047186,delivery_confirmation,UNAVAILABLE,0,1,1,0.0,2025-07-17 20:50:32,logistics
EVID0004608,DSP000768,TXN0047186,customer_communication,APPLICABLE,1,1,1,0.62,2025-08-04 16:39:18,crm
EVID0004609,DSP000769,TXN0047190,order_confirmation,UNAVAILABLE,0,1,1,0.0,2025-07-16 05:28:16,billing
EVID0004610,DSP000769,TXN0047190,invoice,UNAVAILABLE,0,0,1,0.0,2025-07-22 17:49:47,billing
EVID0004611,DSP000769,TXN0047190,shipping_label,NOT_APPLICABLE,0,0,0,0.0,2025-07-14 20:00:44,logistics
EVID0004612,DSP000769,TXN0047190,tracking_number,NOT_APPLICABLE,0,0,0,0.0,2025-07-15 06:10:53,logistics
EVID0004613,DSP000769,TXN0047190,delivery_confirmation,NOT_APPLICABLE,0,0,0,0.0,2025-07-09 07:15:18,logistics
EVID0004614,DSP000769,TXN0047190,customer_communication,UNAVAILABLE,0,0,0,0.0,2025-07-12 05:19:37,crm
EVID0004615,DSP000770,TXN0047275,order_confirmation,UNAVAILABLE,0,1,1,0.0,2025-08-13 08:00:58,billing
EVID0004616,DSP000770,TXN0047275,invoice,UNAVAILABLE,0,1,1,0.0,2025-08-21 06:33:54,billing
EVID0004617,DSP000770,TXN0047275,shipping_label,APPLICABLE,1,0,1,0.75,2025-08-01 22:38:35,logistics
EVID0004618,DSP000770,TXN0047275,tracking_number,APPLICABLE,1,0,1,0.82,2025-08-10 06:08:06,logistics
EVID0004619,DSP000770,TXN0047275,delivery_confirmation,APPLICABLE,1,0,1,0.75,2025-07-30 12:25:41,logistics
EVID0004620,DSP000770,TXN0047275,customer_communication,APPLICABLE,1,0,1,0.66,2025-07-15 21:47:06,crm
EVID0004621,DSP000771,TXN0047292,order_confirmation,APPLICABLE,1,1,1,0.71,2025-07-14 09:54:19,billing
EVID0004622,DSP000771,TXN0047292,invoice,UNAVAILABLE,0,1,1,0.0,2025-07-14 21:36:23,billing
EVID0004623,DSP000771,TXN0047292,shipping_label,UNAVAILABLE,0,0,1,0.0,2025-07-16 16:49:53,logistics
EVID0004624,DSP000771,TXN0047292,tracking_number,UNAVAILABLE,0,0,1,0.0,2025-07-14 12:46:26,logistics
EVID0004625,DSP000771,TXN0047292,delivery_confirmation,APPLICABLE,1,0,0,0.6,2025-07-16 22:18:46,logistics
EVID0004626,DSP000771,TXN0047292,customer_communication,APPLICABLE,1,1,1,0.74,2025-07-11 13:08:54,crm
EVID0004627,DSP000772,TXN0047509,order_confirmation,UNAVAILABLE,0,1,1,0.0,2025-08-01 06:29:53,billing
EVID0004628,DSP000772,TXN0047509,invoice,APPLICABLE,1,1,1,0.77,2025-07-29 02:22:55,billing
EVID0004629,DSP000772,TXN0047509,shipping_label,NOT_APPLICABLE,0,0,0,0.0,2025-07-27 16:07:11,logistics
EVID0004630,DSP000772,TXN0047509,tracking_number,NOT_APPLICABLE,0,0,0,0.0,2025-07-21 09:09:51,logistics
EVID0004631,DSP000772,TXN0047509,delivery_confirmation,NOT_APPLICABLE,0,0,0,0.0,2025-07-19 10:37:09,logistics
EVID0004632,DSP000772,TXN0047509,customer_communication,APPLICABLE,1,1,1,0.74,2025-07-31 01:03:07,crm
EVID0004633,DSP000773,TXN0047585,order_confirmation,APPLICABLE,1,1,1,0.68,2025-07-12 02:37:39,billing
EVID0004634,DSP000773,TXN0047585,invoice,APPLICABLE,1,0,0,0.94,2025-07-13 17:13:04,billing
EVID0004635,DSP000773,TXN0047585,shipping_label,NOT_APPLICABLE,0,0,0,0.0,2025-07-12 07:21:38,logistics
EVID0004636,DSP000773,TXN0047585,tracking_number,NOT_APPLICABLE,0,0,0,0.0,2025-07-13 03:58:51,logistics
EVID0004637,DSP000773,TXN0047585,delivery_confirmation,NOT_APPLICABLE,0,0,0,0.0,2025-07-13 23:41:22,logistics
EVID0004638,DSP000773,TXN0047585,customer_communication,APPLICABLE,1,0,0,0.6,2025-07-14 04:05:08,crm
EVID0004639,DSP000774,TXN0047626,order_confirmation,UNAVAILABLE,0,1,1,0.0,2025-07-13 17:18:11,billing
EVID0004640,DSP000774,TXN0047626,invoice,APPLICABLE,1,1,1,0.93,2025-07-15 01:34:41,billing
EVID0004641,DSP000774,TXN0047626,shipping_label,APPLICABLE,1,0,0,0.66,2025-07-13 00:36:01,logistics
EVID0004642,DSP000774,TXN0047626,tracking_number,APPLICABLE,1,0,1,0.79,2025-07-11 11:24:10,logistics
EVID0004643,DSP000774,TXN0047626,delivery_confirmation,UNAVAILABLE,0,0,0,0.0,2025-07-14 07:25:47,logistics
EVID0004644,DSP000774,TXN0047626,customer_communication,APPLICABLE,1,1,1,0.85,2025-07-13 17:03:01,crm
EVID0004645,DSP000775,TXN0047666,order_confirmation,APPLICABLE,1,1,1,0.65,2025-07-23 16:43:53,billing
EVID0004646,DSP000775,TXN0047666,invoice,APPLICABLE,1,0,1,0.94,2025-07-17 16:51:02,billing
EVID0004647,DSP000775,TXN0047666,shipping_label,APPLICABLE,1,1,1,0.88,2025-07-22 04:55:18,logistics
EVID0004648,DSP000775,TXN0047666,tracking_number,APPLICABLE,1,1,1,0.7,2025-07-23 11:13:17,logistics
EVID0004649,DSP000775,TXN0047666,delivery_confirmation,APPLICABLE,1,1,1,0.88,2025-07-12 19:39:05,logistics
EVID0004650,DSP000775,TXN0047666,customer_communication,APPLICABLE,1,0,1,0.77,2025-07-23 14:57:14,crm
EVID0004651,DSP000776,TXN0047747,order_confirmation,UNAVAILABLE,0,1,1,0.0,2025-07-29 11:13:17,billing
EVID0004652,DSP000776,TXN0047747,invoice,UNAVAILABLE,0,1,1,0.0,2025-07-27 13:48:46,billing
EVID0004653,DSP000776,TXN0047747,shipping_label,APPLICABLE,1,0,0,0.83,2025-07-27 16:42:50,logistics
EVID0004654,DSP000776,TXN0047747,tracking_number,UNAVAILABLE,0,0,1,0.0,2025-07-13 08:38:38,logistics
EVID0004655,DSP000776,TXN0047747,delivery_confirmation,APPLICABLE,1,0,0,0.69,2025-07-28 01:39:36,logistics
EVID0004656,DSP000776,TXN0047747,customer_communication,APPLICABLE,1,1,1,0.7,2025-07-26 20:18:28,crm
EVID0004657,DSP000777,TXN0047940,order_confirmation,APPLICABLE,1,1,1,0.76,2025-07-14 21:02:42,billing
EVID0004658,DSP000777,TXN0047940,invoice,APPLICABLE,1,0,1,0.81,2025-07-28 23:49:08,billing
EVID0004659,DSP000777,TXN0047940,shipping_label,NOT_APPLICABLE,0,0,0,0.0,2025-08-07 06:55:03,logistics
EVID0004660,DSP000777,TXN0047940,tracking_number,NOT_APPLICABLE,0,0,0,0.0,2025-08-19 02:36:30,logistics
EVID0004661,DSP000777,TXN0047940,delivery_confirmation,NOT_APPLICABLE,0,0,0,0.0,2025-07-12 20:07:19,logistics
EVID0004662,DSP000777,TXN0047940,customer_communication,APPLICABLE,1,1,1,0.73,2025-08-04 01:49:49,crm
EVID0004663,DSP000778,TXN0048016,order_confirmation,APPLICABLE,1,1,1,0.75,2025-08-09 09:04:06,billing
EVID0004664,DSP000778,TXN0048016,invoice,APPLICABLE,1,1,1,0.71,2025-07-28 14:35:32,billing
EVID0004665,DSP000778,TXN0048016,shipping_label,NOT_APPLICABLE,0,0,0,0.0,2025-08-01 22:52:11,logistics
EVID0004666,DSP000778,TXN0048016,tracking_number,NOT_APPLICABLE,0,0,0,0.0,2025-07-29 15:31:32,logistics
EVID0004667,DSP000778,TXN0048016,delivery_confirmation,NOT_APPLICABLE,0,0,0,0.0,2025-07-26 19:36:19,logistics
EVID0004668,DSP000778,TXN0048016,customer_communication,UNAVAILABLE,0,1,1,0.0,2025-07-26 13:18:10,crm
EVID0004669,DSP000779,TXN0048095,order_confirmation,APPLICABLE,1,1,1,0.82,2025-07-17 06:10:45,billing
EVID0004670,DSP000779,TXN0048095,invoice,APPLICABLE,1,1,1,0.95,2025-07-14 13:19:11,billing
EVID0004671,DSP000779,TXN0048095,shipping_label,NOT_APPLICABLE,0,0,0,0.0,2025-07-17 02:54:33,logistics
EVID0004672,DSP000779,TXN0048095,tracking_number,NOT_APPLICABLE,0,0,0,0.0,2025-07-17 11:21:48,logistics
EVID0004673,DSP000779,TXN0048095,delivery_confirmation,NOT_APPLICABLE,0,0,0,0.0,2025-07-16 03:07:55,logistics
EVID0004674,DSP000779,TXN0048095,customer_communication,APPLICABLE,1,1,1,0.82,2025-07-14 06:57:58,crm
EVID0004675,DSP000780,TXN0048180,order_confirmation,APPLICABLE,1,1,1,0.82,2025-07-21 04:00:00,billing
EVID0004676,DSP000780,TXN0048180,invoice,UNAVAILABLE,0,0,1,0.0,2025-08-09 18:26:19,billing
EVID0004677,DSP000780,TXN0048180,shipping_label,NOT_APPLICABLE,0,0,0,0.0,2025-07-15 11:09:00,logistics
EVID0004678,DSP000780,TXN0048180,tracking_number,NOT_APPLICABLE,0,0,0,0.0,2025-08-13 19:40:36,logistics
EVID0004679,DSP000780,TXN0048180,delivery_confirmation,NOT_APPLICABLE,0,0,0,0.0,2025-07-27 02:55:32,logistics
EVID0004680,DSP000780,TXN0048180,customer_communication,UNAVAILABLE,0,0,1,0.0,2025-08-21 05:26:25,crm
EVID0004681,DSP000781,TXN0048188,order_confirmation,UNAVAILABLE,0,1,1,0.0,2025-08-05 12:09:12,billing
EVID0004682,DSP000781,TXN0048188,invoice,APPLICABLE,1,0,1,0.6,2025-07-16 23:29:53,billing
EVID0004683,DSP000781,TXN0048188,shipping_label,NOT_APPLICABLE,0,0,0,0.0,2025-07-19 03:07:28,logistics
EVID0004684,DSP000781,TXN0048188,tracking_number,NOT_APPLICABLE,0,0,0,0.0,2025-08-06 12:25:44,logistics
EVID0004685,DSP000781,TXN0048188,delivery_confirmation,NOT_APPLICABLE,0,0,0,0.0,2025-07-16 16:55:04,logistics
EVID0004686,DSP000781,TXN0048188,customer_communication,APPLICABLE,1,0,0,0.72,2025-08-23 07:22:21,crm
EVID0004687,DSP000782,TXN0048242,order_confirmation,APPLICABLE,1,1,1,0.73,2025-07-20 03:06:55,billing
EVID0004688,DSP000782,TXN0048242,invoice,APPLICABLE,1,0,1,0.8,2025-07-19 23:45:47,billing
EVID0004689,DSP000782,TXN0048242,shipping_label,NOT_APPLICABLE,0,0,0,0.0,2025-07-19 13:07:30,logistics
EVID0004690,DSP000782,TXN0048242,tracking_number,NOT_APPLICABLE,0,0,0,0.0,2025-07-13 15:42:40,logistics
EVID0004691,DSP000782,TXN0048242,delivery_confirmation,NOT_APPLICABLE,0,0,0,0.0,2025-07-31 07:21:04,logistics
EVID0004692,DSP000782,TXN0048242,customer_communication,APPLICABLE,1,0,0,0.73,2025-07-16 00:25:11,crm
EVID0004693,DSP000783,TXN0048272,order_confirmation,APPLICABLE,1,1,1,0.75,2025-07-17 00:42:43,billing
EVID0004694,DSP000783,TXN0048272,invoice,APPLICABLE,1,1,1,0.79,2025-07-24 04:51:48,billing
EVID0004695,DSP000783,TXN0048272,shipping_label,APPLICABLE,1,0,0,0.9,2025-07-22 08:04:26,logistics
EVID0004696,DSP000783,TXN0048272,tracking_number,APPLICABLE,1,0,1,0.8,2025-07-17 14:50:48,logistics
EVID0004697,DSP000783,TXN0048272,delivery_confirmation,UNAVAILABLE,0,0,1,0.0,2025-07-19 16:51:35,logistics
EVID0004698,DSP000783,TXN0048272,customer_communication,APPLICABLE,1,1,1,0.72,2025-07-19 02:15:47,crm
EVID0004699,DSP000784,TXN0048313,order_confirmation,APPLICABLE,1,1,1,0.69,2025-07-15 00:52:52,billing
EVID0004700,DSP000784,TXN0048313,invoice,APPLICABLE,1,0,0,0.66,2025-07-30 01:46:29,billing
EVID0004701,DSP000784,TXN0048313,shipping_label,APPLICABLE,1,0,1,0.95,2025-07-17 12:39:46,logistics
EVID0004702,DSP000784,TXN0048313,tracking_number,APPLICABLE,1,0,1,0.65,2025-07-20 11:20:49,logistics
EVID0004703,DSP000784,TXN0048313,delivery_confirmation,APPLICABLE,1,1,1,0.82,2025-08-11 08:11:13,logistics
EVID0004704,DSP000784,TXN0048313,customer_communication,APPLICABLE,1,1,1,0.88,2025-07-20 21:55:34,crm
EVID0004705,DSP000785,TXN0048338,order_confirmation,APPLICABLE,1,1,1,0.79,2025-08-03 20:10:03,billing
EVID0004706,DSP000785,TXN0048338,invoice,APPLICABLE,1,0,1,0.84,2025-07-21 14:12:50,billing
EVID0004707,DSP000785,TXN0048338,shipping_label,UNAVAILABLE,0,0,1,0.0,2025-07-23 16:58:51,logistics
EVID0004708,DSP000785,TXN0048338,tracking_number,UNAVAILABLE,0,0,1,0.0,2025-08-10 12:27:04,logistics
EVID0004709,DSP000785,TXN0048338,delivery_confirmation,APPLICABLE,1,1,1,0.94,2025-07-30 05:21:26,logistics
EVID0004710,DSP000785,TXN0048338,customer_communication,APPLICABLE,1,1,1,0.75,2025-07-16 02:36:32,crm
EVID0004711,DSP000786,TXN0048357,order_confirmation,APPLICABLE,1,1,1,0.81,2025-07-19 03:35:21,billing
EVID0004712,DSP000786,TXN0048357,invoice,UNAVAILABLE,0,0,1,0.0,2025-07-18 08:34:41,billing
EVID0004713,DSP000786,TXN0048357,shipping_label,NOT_APPLICABLE,0,0,0,0.0,2025-07-19 07:08:52,logistics
EVID0004714,DSP000786,TXN0048357,tracking_number,NOT_APPLICABLE,0,0,0,0.0,2025-07-17 04:12:53,logistics
EVID0004715,DSP000786,TXN0048357,delivery_confirmation,NOT_APPLICABLE,0,0,0,0.0,2025-07-19 07:09:28,logistics
EVID0004716,DSP000786,TXN0048357,customer_communication,APPLICABLE,1,1,1,0.86,2025-07-22 13:46:02,crm
EVID0004717,DSP000787,TXN0048500,order_confirmation,APPLICABLE,1,1,1,0.66,2025-08-16 01:12:26,billing
EVID0004718,DSP000787,TXN0048500,invoice,APPLICABLE,1,0,1,0.76,2025-08-17 02:57:11,billing
EVID0004719,DSP000787,TXN0048500,shipping_label,APPLICABLE,1,1,1,0.8,2025-08-01 19:19:32,logistics
EVID0004720,DSP000787,TXN0048500,tracking_number,APPLICABLE,1,1,1,0.87,2025-08-05 21:47:50,logistics
EVID0004721,DSP000787,TXN0048500,delivery_confirmation,UNAVAILABLE,0,1,1,0.0,2025-07-26 14:50:27,logistics
EVID0004722,DSP000787,TXN0048500,customer_communication,APPLICABLE,1,0,1,0.79,2025-07-20 21:58:20,crm
EVID0004723,DSP000788,TXN0048515,order_confirmation,APPLICABLE,1,1,1,0.63,2025-08-04 17:05:51,billing
EVID0004724,DSP000788,TXN0048515,invoice,APPLICABLE,1,0,1,0.77,2025-08-01 11:15:02,billing
EVID0004725,DSP000788,TXN0048515,shipping_label,NOT_APPLICABLE,0,0,0,0.0,2025-07-29 05:59:15,logistics
EVID0004726,DSP000788,TXN0048515,tracking_number,NOT_APPLICABLE,0,0,0,0.0,2025-08-08 15:58:25,logistics
EVID0004727,DSP000788,TXN0048515,delivery_confirmation,NOT_APPLICABLE,0,0,0,0.0,2025-07-15 21:58:21,logistics
EVID0004728,DSP000788,TXN0048515,customer_communication,APPLICABLE,1,1,1,0.89,2025-07-18 15:37:16,crm
EVID0004729,DSP000789,TXN0048520,order_confirmation,APPLICABLE,1,1,1,0.79,2025-08-12 13:46:54,billing
EVID0004730,DSP000789,TXN0048520,invoice,UNAVAILABLE,0,1,1,0.0,2025-08-14 14:13:34,billing
EVID0004731,DSP000789,TXN0048520,shipping_label,NOT_APPLICABLE,0,0,0,0.0,2025-08-24 14:34:16,logistics
EVID0004732,DSP000789,TXN0048520,tracking_number,NOT_APPLICABLE,0,0,0,0.0,2025-07-27 04:06:19,logistics
EVID0004733,DSP000789,TXN0048520,delivery_confirmation,NOT_APPLICABLE,0,0,0,0.0,2025-07-30 04:46:47,logistics
EVID0004734,DSP000789,TXN0048520,customer_communication,APPLICABLE,1,1,1,0.78,2025-07-27 01:28:01,crm
EVID0004735,DSP000790,TXN0048662,order_confirmation,APPLICABLE,1,1,1,0.84,2025-07-30 10:15:45,billing
EVID0004736,DSP000790,TXN0048662,invoice,UNAVAILABLE,0,1,1,0.0,2025-07-28 17:23:15,billing
EVID0004737,DSP000790,TXN0048662,shipping_label,APPLICABLE,1,0,1,0.66,2025-07-24 00:56:36,logistics
EVID0004738,DSP000790,TXN0048662,tracking_number,UNAVAILABLE,0,0,1,0.0,2025-07-25 17:41:42,logistics
EVID0004739,DSP000790,TXN0048662,delivery_confirmation,APPLICABLE,1,0,1,0.81,2025-08-02 07:28:23,logistics
EVID0004740,DSP000790,TXN0048662,customer_communication,APPLICABLE,1,1,1,0.72,2025-07-30 22:27:56,crm
EVID0004741,DSP000791,TXN0048980,order_confirmation,UNAVAILABLE,0,1,1,0.0,2025-08-01 01:51:23,billing
EVID0004742,DSP000791,TXN0048980,invoice,APPLICABLE,1,0,1,0.92,2025-08-17 14:20:53,billing
EVID0004743,DSP000791,TXN0048980,shipping_label,APPLICABLE,1,1,1,0.66,2025-08-18 04:58:55,logistics
EVID0004744,DSP000791,TXN0048980,tracking_number,APPLICABLE,1,1,1,0.9,2025-07-24 10:22:03,logistics
EVID0004745,DSP000791,TXN0048980,delivery_confirmation,APPLICABLE,1,1,1,0.67,2025-07-30 21:44:06,logistics
EVID0004746,DSP000791,TXN0048980,customer_communication,APPLICABLE,1,0,0,0.88,2025-08-11 06:45:51,crm
EVID0004747,DSP000792,TXN0049019,order_confirmation,APPLICABLE,1,1,1,0.84,2025-07-18 07:36:55,billing
EVID0004748,DSP000792,TXN0049019,invoice,APPLICABLE,1,1,1,0.82,2025-07-16 09:57:05,billing
EVID0004749,DSP000792,TXN0049019,shipping_label,APPLICABLE,1,0,0,0.84,2025-07-16 10:51:20,logistics
EVID0004750,DSP000792,TXN0049019,tracking_number,UNAVAILABLE,0,0,1,0.0,2025-07-18 12:40:05,logistics
EVID0004751,DSP000792,TXN0049019,delivery_confirmation,APPLICABLE,1,0,1,0.71,2025-07-17 22:54:58,logistics
EVID0004752,DSP000792,TXN0049019,customer_communication,APPLICABLE,1,1,1,0.89,2025-07-17 03:40:40,crm
EVID0004753,DSP000793,TXN0049038,order_confirmation,APPLICABLE,1,1,1,0.65,2025-07-16 11:35:33,billing
EVID0004754,DSP000793,TXN0049038,invoice,APPLICABLE,1,1,1,0.77,2025-07-30 22:36:40,billing
EVID0004755,DSP000793,TXN0049038,shipping_label,APPLICABLE,1,0,1,0.92,2025-07-18 03:20:44,logistics
EVID0004756,DSP000793,TXN0049038,tracking_number,APPLICABLE,1,0,0,0.77,2025-07-17 06:55:20,logistics
EVID0004757,DSP000793,TXN0049038,delivery_confirmation,APPLICABLE,1,0,0,0.67,2025-07-30 07:53:48,logistics
EVID0004758,DSP000793,TXN0049038,customer_communication,APPLICABLE,1,1,1,0.81,2025-07-31 20:17:11,crm
EVID0004759,DSP000794,TXN0049163,order_confirmation,APPLICABLE,1,1,1,0.69,2025-08-19 22:46:15,billing
EVID0004760,DSP000794,TXN0049163,invoice,APPLICABLE,1,1,1,0.69,2025-07-22 09:35:13,billing
EVID0004761,DSP000794,TXN0049163,shipping_label,NOT_APPLICABLE,0,0,0,0.0,2025-07-20 18:27:03,logistics
EVID0004762,DSP000794,TXN0049163,tracking_number,NOT_APPLICABLE,0,0,0,0.0,2025-08-27 03:37:46,logistics
EVID0004763,DSP000794,TXN0049163,delivery_confirmation,NOT_APPLICABLE,0,0,0,0.0,2025-08-14 22:18:49,logistics
EVID0004764,DSP000794,TXN0049163,customer_communication,APPLICABLE,1,1,1,0.6,2025-07-22 21:09:23,crm
EVID0004765,DSP000795,TXN0049293,order_confirmation,APPLICABLE,1,1,1,0.71,2025-08-24 23:46:45,billing
EVID0004766,DSP000795,TXN0049293,invoice,UNAVAILABLE,0,1,1,0.0,2025-07-25 23:15:15,billing
EVID0004767,DSP000795,TXN0049293,shipping_label,NOT_APPLICABLE,0,0,0,0.0,2025-08-29 11:54:03,logistics
EVID0004768,DSP000795,TXN0049293,tracking_number,NOT_APPLICABLE,0,0,0,0.0,2025-07-22 09:07:37,logistics
EVID0004769,DSP000795,TXN0049293,delivery_confirmation,NOT_APPLICABLE,0,0,0,0.0,2025-08-19 18:28:42,logistics
EVID0004770,DSP000795,TXN0049293,customer_communication,APPLICABLE,1,0,1,0.9,2025-07-25 22:39:55,crm
EVID0004771,DSP000796,TXN0049309,order_confirmation,UNAVAILABLE,0,1,1,0.0,2025-08-02 06:55:47,billing
EVID0004772,DSP000796,TXN0049309,invoice,APPLICABLE,1,0,1,0.88,2025-07-19 02:16:49,billing
EVID0004773,DSP000796,TXN0049309,shipping_label,NOT_APPLICABLE,0,0,0,0.0,2025-08-01 18:17:24,logistics
EVID0004774,DSP000796,TXN0049309,tracking_number,NOT_APPLICABLE,0,0,0,0.0,2025-07-28 06:19:25,logistics
EVID0004775,DSP000796,TXN0049309,delivery_confirmation,NOT_APPLICABLE,0,0,0,0.0,2025-07-23 23:10:43,logistics
EVID0004776,DSP000796,TXN0049309,customer_communication,APPLICABLE,1,1,1,0.73,2025-08-04 22:21:28,crm
EVID0004777,DSP000797,TXN0049347,order_confirmation,APPLICABLE,1,1,1,0.63,2025-07-25 06:50:24,billing
EVID0004778,DSP000797,TXN0049347,invoice,APPLICABLE,1,1,1,0.65,2025-08-24 07:45:14,billing
EVID0004779,DSP000797,TXN0049347,shipping_label,NOT_APPLICABLE,0,0,0,0.0,2025-07-21 00:20:56,logistics
EVID0004780,DSP000797,TXN0049347,tracking_number,NOT_APPLICABLE,0,0,0,0.0,2025-07-30 21:11:57,logistics
EVID0004781,DSP000797,TXN0049347,delivery_confirmation,NOT_APPLICABLE,0,0,0,0.0,2025-08-24 03:31:48,logistics
EVID0004782,DSP000797,TXN0049347,customer_communication,APPLICABLE,1,1,1,0.6,2025-07-20 10:49:21,crm
EVID0004783,DSP000798,TXN0049433,order_confirmation,UNAVAILABLE,0,1,1,0.0,2025-07-30 05:43:15,billing
EVID0004784,DSP000798,TXN0049433,invoice,APPLICABLE,1,0,1,0.7,2025-07-30 13:12:28,billing
EVID0004785,DSP000798,TXN0049433,shipping_label,NOT_APPLICABLE,0,0,0,0.0,2025-07-26 08:09:14,logistics
EVID0004786,DSP000798,TXN0049433,tracking_number,NOT_APPLICABLE,0,0,0,0.0,2025-08-08 02:09:28,logistics
EVID0004787,DSP000798,TXN0049433,delivery_confirmation,NOT_APPLICABLE,0,0,0,0.0,2025-07-21 01:42:22,logistics
EVID0004788,DSP000798,TXN0049433,customer_communication,APPLICABLE,1,1,1,0.6,2025-08-10 13:44:54,crm
EVID0004789,DSP000799,TXN0049490,order_confirmation,APPLICABLE,1,1,1,0.68,2025-08-18 05:03:14,billing
EVID0004790,DSP000799,TXN0049490,invoice,APPLICABLE,1,0,0,0.6,2025-08-10 18:17:59,billing
EVID0004791,DSP000799,TXN0049490,shipping_label,APPLICABLE,1,0,1,0.71,2025-07-23 03:20:32,logistics
EVID0004792,DSP000799,TXN0049490,tracking_number,APPLICABLE,1,0,1,0.63,2025-07-24 20:38:07,logistics
EVID0004793,DSP000799,TXN0049490,delivery_confirmation,APPLICABLE,1,1,1,0.82,2025-08-13 02:53:37,logistics
EVID0004794,DSP000799,TXN0049490,customer_communication,APPLICABLE,1,1,1,0.69,2025-08-24 04:37:14,crm
EVID0004795,DSP000800,TXN0049538,order_confirmation,APPLICABLE,1,1,1,0.9,2025-07-20 21:24:27,billing
EVID0004796,DSP000800,TXN0049538,invoice,APPLICABLE,1,0,1,0.73,2025-07-29 00:45:09,billing
EVID0004797,DSP000800,TXN0049538,shipping_label,NOT_APPLICABLE,0,0,0,0.0,2025-07-24 14:23:20,logistics
EVID0004798,DSP000800,TXN0049538,tracking_number,NOT_APPLICABLE,0,0,0,0.0,2025-07-20 19:40:54,logistics
EVID0004799,DSP000800,TXN0049538,delivery_confirmation,NOT_APPLICABLE,0,0,0,0.0,2025-07-19 03:49:14,logistics
EVID0004800,DSP000800,TXN0049538,customer_communication,APPLICABLE,1,1,1,0.6,2025-07-20 01:59:29,crm
EVID0004801,DSP000801,TXN0049635,order_confirmation,APPLICABLE,1,1,1,0.66,2025-08-25 09:14:56,billing
EVID0004802,DSP000801,TXN0049635,invoice,APPLICABLE,1,1,1,0.6,2025-08-09 07:11:32,billing
EVID0004803,DSP000801,TXN0049635,shipping_label,NOT_APPLICABLE,0,0,0,0.0,2025-07-19 13:33:53,logistics
EVID0004804,DSP000801,TXN0049635,tracking_number,NOT_APPLICABLE,0,0,0,0.0,2025-08-11 19:33:58,logistics
EVID0004805,DSP000801,TXN0049635,delivery_confirmation,NOT_APPLICABLE,0,0,0,0.0,2025-07-25 21:07:48,logistics
EVID0004806,DSP000801,TXN0049635,customer_communication,UNAVAILABLE,0,1,1,0.0,2025-08-19 08:20:43,crm
EVID0004807,DSP000802,TXN0049726,order_confirmation,APPLICABLE,1,1,1,0.89,2025-07-20 13:04:14,billing
EVID0004808,DSP000802,TXN0049726,invoice,APPLICABLE,1,1,1,0.63,2025-07-19 20:20:50,billing
EVID0004809,DSP000802,TXN0049726,shipping_label,NOT_APPLICABLE,0,0,0,0.0,2025-07-23 04:13:15,logistics
EVID0004810,DSP000802,TXN0049726,tracking_number,NOT_APPLICABLE,0,0,0,0.0,2025-07-20 22:18:11,logistics
EVID0004811,DSP000802,TXN0049726,delivery_confirmation,NOT_APPLICABLE,0,0,0,0.0,2025-07-24 10:00:45,logistics
EVID0004812,DSP000802,TXN0049726,customer_communication,APPLICABLE,1,1,1,0.9,2025-07-21 07:15:34,crm
EVID0004813,DSP000803,TXN0049763,order_confirmation,APPLICABLE,1,1,1,0.66,2025-07-22 05:03:51,billing
EVID0004814,DSP000803,TXN0049763,invoice,APPLICABLE,1,1,1,0.63,2025-07-22 03:14:16,billing
EVID0004815,DSP000803,TXN0049763,shipping_label,APPLICABLE,1,0,1,0.6,2025-07-21 21:06:33,logistics
EVID0004816,DSP000803,TXN0049763,tracking_number,UNAVAILABLE,0,0,1,0.0,2025-07-21 16:25:40,logistics
EVID0004817,DSP000803,TXN0049763,delivery_confirmation,APPLICABLE,1,0,1,0.6,2025-07-19 15:48:46,logistics
EVID0004818,DSP000803,TXN0049763,customer_communication,APPLICABLE,1,1,1,0.85,2025-07-22 12:15:57,crm
EVID0004819,DSP000804,TXN0049875,order_confirmation,APPLICABLE,1,1,1,0.63,2025-07-22 11:57:29,billing
EVID0004820,DSP000804,TXN0049875,invoice,UNAVAILABLE,0,0,1,0.0,2025-07-20 07:24:13,billing
EVID0004821,DSP000804,TXN0049875,shipping_label,APPLICABLE,1,1,1,0.7,2025-07-23 00:21:47,logistics
EVID0004822,DSP000804,TXN0049875,tracking_number,APPLICABLE,1,1,1,0.7,2025-07-22 19:42:41,logistics
EVID0004823,DSP000804,TXN0049875,delivery_confirmation,UNAVAILABLE,0,1,1,0.0,2025-07-21 18:01:24,logistics
EVID0004824,DSP000804,TXN0049875,customer_communication,APPLICABLE,1,0,0,0.74,2025-07-21 14:18:46,crm
EVID0004825,DSP000805,TXN0049877,order_confirmation,UNAVAILABLE,0,1,1,0.0,2025-08-03 22:17:03,billing
EVID0004826,DSP000805,TXN0049877,invoice,APPLICABLE,1,0,1,0.78,2025-08-04 06:54:25,billing
EVID0004827,DSP000805,TXN0049877,shipping_label,NOT_APPLICABLE,0,0,0,0.0,2025-07-21 18:46:34,logistics
EVID0004828,DSP000805,TXN0049877,tracking_number,NOT_APPLICABLE,0,0,0,0.0,2025-07-28 10:47:37,logistics
EVID0004829,DSP000805,TXN0049877,delivery_confirmation,NOT_APPLICABLE,0,0,0,0.0,2025-08-01 13:24:04,logistics
EVID0004830,DSP000805,TXN0049877,customer_communication,APPLICABLE,1,1,1,0.66,2025-08-09 07:04:00,crm
EVID0004831,DSP000806,TXN0049970,order_confirmation,APPLICABLE,1,1,1,0.79,2025-07-27 15:56:11,billing
EVID0004832,DSP000806,TXN0049970,invoice,APPLICABLE,1,0,0,0.79,2025-07-22 06:24:59,billing
EVID0004833,DSP000806,TXN0049970,shipping_label,NOT_APPLICABLE,0,0,0,0.0,2025-07-21 22:41:49,logistics
EVID0004834,DSP000806,TXN0049970,tracking_number,NOT_APPLICABLE,0,0,0,0.0,2025-07-26 12:45:21,logistics
EVID0004835,DSP000806,TXN0049970,delivery_confirmation,NOT_APPLICABLE,0,0,0,0.0,2025-07-20 06:42:33,logistics
EVID0004836,DSP000806,TXN0049970,customer_communication,APPLICABLE,1,1,1,0.65,2025-07-24 11:08:56,crm
EVID0004837,DSP000807,TXN0050015,order_confirmation,APPLICABLE,1,1,1,0.67,2025-08-10 16:47:47,billing
EVID0004838,DSP000807,TXN0050015,invoice,APPLICABLE,1,1,1,0.93,2025-07-22 12:46:01,billing
EVID0004839,DSP000807,TXN0050015,shipping_label,NOT_APPLICABLE,0,0,0,0.0,2025-08-04 05:55:52,logistics
EVID0004840,DSP000807,TXN0050015,tracking_number,NOT_APPLICABLE,0,0,0,0.0,2025-08-05 15:51:00,logistics
EVID0004841,DSP000807,TXN0050015,delivery_confirmation,NOT_APPLICABLE,0,0,0,0.0,2025-07-28 15:51:18,logistics
EVID0004842,DSP000807,TXN0050015,customer_communication,APPLICABLE,1,1,1,0.74,2025-07-31 17:58:44,crm
EVID0004843,DSP000808,TXN0050078,order_confirmation,APPLICABLE,1,1,1,0.8,2025-07-29 12:53:40,billing
EVID0004844,DSP000808,TXN0050078,invoice,APPLICABLE,1,1,1,0.86,2025-07-27 03:11:52,billing
EVID0004845,DSP000808,TXN0050078,shipping_label,APPLICABLE,1,0,1,0.85,2025-07-22 01:44:38,logistics
EVID0004846,DSP000808,TXN0050078,tracking_number,APPLICABLE,1,0,1,0.96,2025-07-29 17:07:18,logistics
EVID0004847,DSP000808,TXN0050078,delivery_confirmation,APPLICABLE,1,0,0,0.92,2025-07-21 13:42:15,logistics
EVID0004848,DSP000808,TXN0050078,customer_communication,APPLICABLE,1,0,1,0.6,2025-08-24 06:42:33,crm
EVID0004849,DSP000809,TXN0050116,order_confirmation,APPLICABLE,1,1,1,0.89,2025-07-21 22:29:56,billing
EVID0004850,DSP000809,TXN0050116,invoice,UNAVAILABLE,0,1,1,0.0,2025-08-02 12:41:50,billing
EVID0004851,DSP000809,TXN0050116,shipping_label,APPLICABLE,1,0,1,0.81,2025-08-05 00:36:54,logistics
EVID0004852,DSP000809,TXN0050116,tracking_number,APPLICABLE,1,0,0,0.81,2025-07-27 21:04:09,logistics
EVID0004853,DSP000809,TXN0050116,delivery_confirmation,APPLICABLE,1,0,1,0.61,2025-08-01 12:53:24,logistics
EVID0004854,DSP000809,TXN0050116,customer_communication,UNAVAILABLE,0,0,0,0.0,2025-08-02 08:50:44,crm
EVID0004855,DSP000810,TXN0050140,order_confirmation,APPLICABLE,1,1,1,0.86,2025-08-05 22:34:43,billing
EVID0004856,DSP000810,TXN0050140,invoice,APPLICABLE,1,0,1,0.6,2025-07-23 04:35:28,billing
EVID0004857,DSP000810,TXN0050140,shipping_label,NOT_APPLICABLE,0,0,0,0.0,2025-08-05 20:45:13,logistics
EVID0004858,DSP000810,TXN0050140,tracking_number,NOT_APPLICABLE,0,0,0,0.0,2025-07-22 13:09:56,logistics
EVID0004859,DSP000810,TXN0050140,delivery_confirmation,NOT_APPLICABLE,0,0,0,0.0,2025-08-09 03:44:02,logistics
EVID0004860,DSP000810,TXN0050140,customer_communication,UNAVAILABLE,0,0,0,0.0,2025-07-26 04:58:51,crm
EVID0004861,DSP000811,TXN0050181,order_confirmation,APPLICABLE,1,1,1,0.88,2025-08-02 05:50:28,billing
EVID0004862,DSP000811,TXN0050181,invoice,UNAVAILABLE,0,0,0,0.0,2025-07-31 16:07:19,billing
EVID0004863,DSP000811,TXN0050181,shipping_label,NOT_APPLICABLE,0,0,0,0.0,2025-08-06 00:06:39,logistics
EVID0004864,DSP000811,TXN0050181,tracking_number,NOT_APPLICABLE,0,0,0,0.0,2025-08-02 13:40:17,logistics
EVID0004865,DSP000811,TXN0050181,delivery_confirmation,NOT_APPLICABLE,0,0,0,0.0,2025-07-24 03:52:25,logistics
EVID0004866,DSP000811,TXN0050181,customer_communication,APPLICABLE,1,0,1,0.79,2025-08-03 14:35:43,crm
EVID0004867,DSP000812,TXN0050222,order_confirmation,APPLICABLE,1,1,1,0.65,2025-07-22 09:17:08,billing
EVID0004868,DSP000812,TXN0050222,invoice,APPLICABLE,1,0,0,0.9,2025-07-26 14:26:43,billing
EVID0004869,DSP000812,TXN0050222,shipping_label,NOT_APPLICABLE,0,0,0,0.0,2025-07-20 21:35:49,logistics
EVID0004870,DSP000812,TXN0050222,tracking_number,NOT_APPLICABLE,0,0,0,0.0,2025-07-26 09:17:49,logistics
EVID0004871,DSP000812,TXN0050222,delivery_confirmation,NOT_APPLICABLE,0,0,0,0.0,2025-07-21 05:23:06,logistics
EVID0004872,DSP000812,TXN0050222,customer_communication,APPLICABLE,1,1,1,0.85,2025-07-23 14:43:51,crm
EVID0004873,DSP000813,TXN0050227,order_confirmation,APPLICABLE,1,1,1,0.72,2025-07-20 23:32:52,billing
EVID0004874,DSP000813,TXN0050227,invoice,UNAVAILABLE,0,0,1,0.0,2025-07-22 13:01:53,billing
EVID0004875,DSP000813,TXN0050227,shipping_label,NOT_APPLICABLE,0,0,0,0.0,2025-07-21 06:26:29,logistics
EVID0004876,DSP000813,TXN0050227,tracking_number,NOT_APPLICABLE,0,0,0,0.0,2025-07-23 10:42:32,logistics
EVID0004877,DSP000813,TXN0050227,delivery_confirmation,NOT_APPLICABLE,0,0,0,0.0,2025-07-21 17:07:50,logistics
EVID0004878,DSP000813,TXN0050227,customer_communication,APPLICABLE,1,1,1,0.66,2025-07-21 01:35:12,crm
EVID0004879,DSP000814,TXN0050474,order_confirmation,APPLICABLE,1,1,1,0.8,2025-07-28 21:18:42,billing
EVID0004880,DSP000814,TXN0050474,invoice,APPLICABLE,1,1,1,0.74,2025-07-29 03:19:36,billing
EVID0004881,DSP000814,TXN0050474,shipping_label,NOT_APPLICABLE,0,0,0,0.0,2025-07-24 08:15:30,logistics
EVID0004882,DSP000814,TXN0050474,tracking_number,NOT_APPLICABLE,0,0,0,0.0,2025-07-22 10:23:38,logistics
EVID0004883,DSP000814,TXN0050474,delivery_confirmation,NOT_APPLICABLE,0,0,0,0.0,2025-07-24 03:02:07,logistics
EVID0004884,DSP000814,TXN0050474,customer_communication,APPLICABLE,1,0,0,0.6,2025-07-26 20:09:18,crm
EVID0004885,DSP000815,TXN0050542,order_confirmation,APPLICABLE,1,1,1,0.6,2025-08-18 21:23:46,billing
EVID0004886,DSP000815,TXN0050542,invoice,UNAVAILABLE,0,0,1,0.0,2025-08-17 10:20:52,billing
EVID0004887,DSP000815,TXN0050542,shipping_label,NOT_APPLICABLE,0,0,0,0.0,2025-07-28 14:20:47,logistics
EVID0004888,DSP000815,TXN0050542,tracking_number,NOT_APPLICABLE,0,0,0,0.0,2025-08-06 13:01:31,logistics
EVID0004889,DSP000815,TXN0050542,delivery_confirmation,NOT_APPLICABLE,0,0,0,0.0,2025-08-01 06:46:45,logistics
EVID0004890,DSP000815,TXN0050542,customer_communication,APPLICABLE,1,0,1,0.7,2025-07-24 03:27:29,crm
EVID0004891,DSP000816,TXN0050642,order_confirmation,UNAVAILABLE,0,1,1,0.0,2025-07-25 12:53:24,billing
EVID0004892,DSP000816,TXN0050642,invoice,APPLICABLE,1,1,1,0.69,2025-07-28 07:54:36,billing
EVID0004893,DSP000816,TXN0050642,shipping_label,NOT_APPLICABLE,0,0,0,0.0,2025-08-04 18:20:25,logistics
EVID0004894,DSP000816,TXN0050642,tracking_number,NOT_APPLICABLE,0,0,0,0.0,2025-07-29 07:47:03,logistics
EVID0004895,DSP000816,TXN0050642,delivery_confirmation,NOT_APPLICABLE,0,0,0,0.0,2025-08-28 05:50:28,logistics
EVID0004896,DSP000816,TXN0050642,customer_communication,UNAVAILABLE,0,1,1,0.0,2025-08-11 14:55:16,crm
EVID0004897,DSP000817,TXN0050704,order_confirmation,APPLICABLE,1,1,1,0.61,2025-08-05 02:08:50,billing
EVID0004898,DSP000817,TXN0050704,invoice,APPLICABLE,1,1,1,0.6,2025-07-26 15:53:12,billing
EVID0004899,DSP000817,TXN0050704,shipping_label,NOT_APPLICABLE,0,0,0,0.0,2025-08-02 07:18:09,logistics
EVID0004900,DSP000817,TXN0050704,tracking_number,NOT_APPLICABLE,0,0,0,0.0,2025-07-28 13:41:49,logistics
EVID0004901,DSP000817,TXN0050704,delivery_confirmation,NOT_APPLICABLE,0,0,0,0.0,2025-07-23 15:28:21,logistics
EVID0004902,DSP000817,TXN0050704,customer_communication,APPLICABLE,1,1,1,0.82,2025-07-25 21:27:29,crm
EVID0004903,DSP000818,TXN0050740,order_confirmation,APPLICABLE,1,1,1,0.89,2025-07-27 07:28:38,billing
EVID0004904,DSP000818,TXN0050740,invoice,APPLICABLE,1,0,0,0.74,2025-08-01 04:25:54,billing
EVID0004905,DSP000818,TXN0050740,shipping_label,APPLICABLE,1,0,0,0.7,2025-07-24 15:52:13,logistics
EVID0004906,DSP000818,TXN0050740,tracking_number,APPLICABLE,1,0,1,0.89,2025-07-22 22:28:26,logistics
EVID0004907,DSP000818,TXN0050740,delivery_confirmation,APPLICABLE,1,1,1,0.85,2025-07-28 15:45:39,logistics
EVID0004908,DSP000818,TXN0050740,customer_communication,APPLICABLE,1,1,1,0.95,2025-07-23 17:26:00,crm
EVID0004909,DSP000819,TXN0050782,order_confirmation,UNAVAILABLE,0,1,1,0.0,2025-07-24 14:36:22,billing
EVID0004910,DSP000819,TXN0050782,invoice,APPLICABLE,1,1,1,0.68,2025-07-25 09:54:05,billing
EVID0004911,DSP000819,TXN0050782,shipping_label,APPLICABLE,1,0,1,0.89,2025-07-25 18:36:32,logistics
EVID0004912,DSP000819,TXN0050782,tracking_number,APPLICABLE,1,0,1,0.69,2025-07-23 15:45:53,logistics
EVID0004913,DSP000819,TXN0050782,delivery_confirmation,APPLICABLE,1,0,0,0.92,2025-07-24 03:18:32,logistics
EVID0004914,DSP000819,TXN0050782,customer_communication,APPLICABLE,1,1,1,0.78,2025-07-23 18:07:24,crm
EVID0004915,DSP000820,TXN0051091,order_confirmation,APPLICABLE,1,1,1,0.82,2025-08-04 22:59:06,billing
EVID0004916,DSP000820,TXN0051091,invoice,APPLICABLE,1,1,1,0.67,2025-08-01 19:35:55,billing
EVID0004917,DSP000820,TXN0051091,shipping_label,APPLICABLE,1,0,1,0.79,2025-08-22 23:33:45,logistics
EVID0004918,DSP000820,TXN0051091,tracking_number,UNAVAILABLE,0,0,1,0.0,2025-08-26 22:05:33,logistics
EVID0004919,DSP000820,TXN0051091,delivery_confirmation,APPLICABLE,1,0,1,0.81,2025-07-26 04:03:58,logistics
EVID0004920,DSP000820,TXN0051091,customer_communication,APPLICABLE,1,1,1,0.78,2025-08-22 06:56:29,crm
EVID0004921,DSP000821,TXN0051137,order_confirmation,APPLICABLE,1,1,1,0.71,2025-08-23 22:43:14,billing
EVID0004922,DSP000821,TXN0051137,invoice,UNAVAILABLE,0,1,1,0.0,2025-08-08 02:54:45,billing
EVID0004923,DSP000821,TXN0051137,shipping_label,APPLICABLE,1,0,1,0.93,2025-08-10 09:16:05,logistics
EVID0004924,DSP000821,TXN0051137,tracking_number,UNAVAILABLE,0,0,0,0.0,2025-08-13 19:54:37,logistics
EVID0004925,DSP000821,TXN0051137,delivery_confirmation,APPLICABLE,1,0,0,0.89,2025-07-24 17:18:50,logistics
EVID0004926,DSP000821,TXN0051137,customer_communication,APPLICABLE,1,1,1,0.64,2025-08-20 13:46:08,crm
EVID0004927,DSP000822,TXN0051252,order_confirmation,UNAVAILABLE,0,1,1,0.0,2025-07-27 03:34:19,billing
EVID0004928,DSP000822,TXN0051252,invoice,UNAVAILABLE,0,1,1,0.0,2025-08-08 20:22:47,billing
EVID0004929,DSP000822,TXN0051252,shipping_label,NOT_APPLICABLE,0,0,0,0.0,2025-08-02 14:39:18,logistics
EVID0004930,DSP000822,TXN0051252,tracking_number,NOT_APPLICABLE,0,0,0,0.0,2025-08-06 22:14:36,logistics
EVID0004931,DSP000822,TXN0051252,delivery_confirmation,NOT_APPLICABLE,0,0,0,0.0,2025-08-06 03:29:46,logistics
EVID0004932,DSP000822,TXN0051252,customer_communication,APPLICABLE,1,0,1,0.85,2025-07-30 03:34:11,crm
EVID0004933,DSP000823,TXN0051317,order_confirmation,APPLICABLE,1,1,1,0.79,2025-08-07 17:55:40,billing
EVID0004934,DSP000823,TXN0051317,invoice,APPLICABLE,1,0,1,0.66,2025-07-27 21:41:50,billing
EVID0004935,DSP000823,TXN0051317,shipping_label,NOT_APPLICABLE,0,0,0,0.0,2025-08-03 17:33:59,logistics
EVID0004936,DSP000823,TXN0051317,tracking_number,NOT_APPLICABLE,0,0,0,0.0,2025-07-30 19:08:53,logistics
EVID0004937,DSP000823,TXN0051317,delivery_confirmation,NOT_APPLICABLE,0,0,0,0.0,2025-09-01 23:59:19,logistics
EVID0004938,DSP000823,TXN0051317,customer_communication,UNAVAILABLE,0,1,1,0.0,2025-08-01 13:43:06,crm
EVID0004939,DSP000824,TXN0051318,order_confirmation,APPLICABLE,1,1,1,0.61,2025-08-26 20:46:32,billing
EVID0004940,DSP000824,TXN0051318,invoice,APPLICABLE,1,0,0,0.71,2025-07-27 10:14:10,billing
EVID0004941,DSP000824,TXN0051318,shipping_label,NOT_APPLICABLE,0,0,0,0.0,2025-07-27 22:56:59,logistics
EVID0004942,DSP000824,TXN0051318,tracking_number,NOT_APPLICABLE,0,0,0,0.0,2025-08-25 15:19:13,logistics
EVID0004943,DSP000824,TXN0051318,delivery_confirmation,NOT_APPLICABLE,0,0,0,0.0,2025-08-12 00:19:07,logistics
EVID0004944,DSP000824,TXN0051318,customer_communication,APPLICABLE,1,1,1,0.93,2025-08-08 04:07:38,crm
EVID0004945,DSP000825,TXN0051359,order_confirmation,APPLICABLE,1,1,1,0.81,2025-08-24 09:46:56,billing
EVID0004946,DSP000825,TXN0051359,invoice,UNAVAILABLE,0,1,1,0.0,2025-08-16 11:05:27,billing
EVID0004947,DSP000825,TXN0051359,shipping_label,APPLICABLE,1,0,0,0.8,2025-07-27 13:36:15,logistics
EVID0004948,DSP000825,TXN0051359,tracking_number,APPLICABLE,1,0,0,0.95,2025-07-30 12:47:42,logistics
EVID0004949,DSP000825,TXN0051359,delivery_confirmation,APPLICABLE,1,0,0,0.63,2025-07-28 00:15:07,logistics
EVID0004950,DSP000825,TXN0051359,customer_communication,APPLICABLE,1,1,1,0.86,2025-08-20 13:12:22,crm
EVID0004951,DSP000826,TXN0051360,order_confirmation,APPLICABLE,1,1,1,0.66,2025-08-06 23:06:13,billing
EVID0004952,DSP000826,TXN0051360,invoice,UNAVAILABLE,0,1,1,0.0,2025-07-28 06:45:48,billing
EVID0004953,DSP000826,TXN0051360,shipping_label,NOT_APPLICABLE,0,0,0,0.0,2025-07-27 04:25:45,logistics
EVID0004954,DSP000826,TXN0051360,tracking_number,NOT_APPLICABLE,0,0,0,0.0,2025-07-31 04:13:21,logistics
EVID0004955,DSP000826,TXN0051360,delivery_confirmation,NOT_APPLICABLE,0,0,0,0.0,2025-08-05 06:16:39,logistics
EVID0004956,DSP000826,TXN0051360,customer_communication,APPLICABLE,1,1,1,0.6,2025-08-02 09:02:35,crm
EVID0004957,DSP000827,TXN0051374,order_confirmation,APPLICABLE,1,1,1,0.74,2025-08-10 07:26:06,billing
EVID0004958,DSP000827,TXN0051374,invoice,APPLICABLE,1,1,1,0.89,2025-08-05 16:01:40,billing
EVID0004959,DSP000827,TXN0051374,shipping_label,NOT_APPLICABLE,0,0,0,0.0,2025-07-30 20:17:55,logistics
EVID0004960,DSP000827,TXN0051374,tracking_number,NOT_APPLICABLE,0,0,0,0.0,2025-08-10 07:57:22,logistics
EVID0004961,DSP000827,TXN0051374,delivery_confirmation,NOT_APPLICABLE,0,0,0,0.0,2025-08-05 13:22:12,logistics
EVID0004962,DSP000827,TXN0051374,customer_communication,UNAVAILABLE,0,1,1,0.0,2025-07-30 06:14:15,crm
EVID0004963,DSP000828,TXN0051376,order_confirmation,APPLICABLE,1,1,1,0.6,2025-08-05 05:12:45,billing
EVID0004964,DSP000828,TXN0051376,invoice,APPLICABLE,1,0,0,0.65,2025-07-29 01:47:24,billing
EVID0004965,DSP000828,TXN0051376,shipping_label,NOT_APPLICABLE,0,0,0,0.0,2025-08-17 08:51:55,logistics
EVID0004966,DSP000828,TXN0051376,tracking_number,NOT_APPLICABLE,0,0,0,0.0,2025-08-22 21:48:13,logistics
EVID0004967,DSP000828,TXN0051376,delivery_confirmation,NOT_APPLICABLE,0,0,0,0.0,2025-08-18 00:29:52,logistics
EVID0004968,DSP000828,TXN0051376,customer_communication,APPLICABLE,1,1,1,0.94,2025-07-28 03:25:54,crm
EVID0004969,DSP000829,TXN0051399,order_confirmation,APPLICABLE,1,1,1,0.92,2025-08-05 15:02:31,billing
EVID0004970,DSP000829,TXN0051399,invoice,APPLICABLE,1,1,1,0.8,2025-07-29 21:43:06,billing
EVID0004971,DSP000829,TXN0051399,shipping_label,UNAVAILABLE,0,0,1,0.0,2025-08-03 23:37:36,logistics
EVID0004972,DSP000829,TXN0051399,tracking_number,APPLICABLE,1,0,0,0.64,2025-08-03 15:33:40,logistics
EVID0004973,DSP000829,TXN0051399,delivery_confirmation,APPLICABLE,1,0,1,0.73,2025-07-28 21:27:07,logistics
EVID0004974,DSP000829,TXN0051399,customer_communication,APPLICABLE,1,1,1,0.94,2025-08-05 16:38:36,crm
EVID0004975,DSP000830,TXN0051415,order_confirmation,APPLICABLE,1,1,1,0.77,2025-08-04 11:12:08,billing
EVID0004976,DSP000830,TXN0051415,invoice,UNAVAILABLE,0,1,1,0.0,2025-08-10 22:57:05,billing
EVID0004977,DSP000830,TXN0051415,shipping_label,NOT_APPLICABLE,0,0,0,0.0,2025-07-31 19:49:19,logistics
EVID0004978,DSP000830,TXN0051415,tracking_number,NOT_APPLICABLE,0,0,0,0.0,2025-07-27 05:00:09,logistics
EVID0004979,DSP000830,TXN0051415,delivery_confirmation,NOT_APPLICABLE,0,0,0,0.0,2025-08-28 06:05:36,logistics
EVID0004980,DSP000830,TXN0051415,customer_communication,APPLICABLE,1,1,1,0.7,2025-08-22 06:09:12,crm
EVID0004981,DSP000831,TXN0051440,order_confirmation,APPLICABLE,1,1,1,0.72,2025-08-06 00:51:09,billing
EVID0004982,DSP000831,TXN0051440,invoice,APPLICABLE,1,1,1,0.94,2025-08-05 20:48:02,billing
EVID0004983,DSP000831,TXN0051440,shipping_label,APPLICABLE,1,0,1,0.73,2025-08-04 21:17:31,logistics
EVID0004984,DSP000831,TXN0051440,tracking_number,APPLICABLE,1,0,1,0.71,2025-07-29 21:23:28,logistics
EVID0004985,DSP000831,TXN0051440,delivery_confirmation,UNAVAILABLE,0,0,1,0.0,2025-08-13 04:35:20,logistics
EVID0004986,DSP000831,TXN0051440,customer_communication,APPLICABLE,1,1,1,0.73,2025-08-03 01:48:24,crm
EVID0004987,DSP000832,TXN0051467,order_confirmation,APPLICABLE,1,1,1,0.73,2025-07-29 14:27:25,billing
EVID0004988,DSP000832,TXN0051467,invoice,APPLICABLE,1,1,1,0.74,2025-08-10 06:46:58,billing
EVID0004989,DSP000832,TXN0051467,shipping_label,NOT_APPLICABLE,0,0,0,0.0,2025-08-09 15:21:44,logistics
EVID0004990,DSP000832,TXN0051467,tracking_number,NOT_APPLICABLE,0,0,0,0.0,2025-07-29 22:06:57,logistics
EVID0004991,DSP000832,TXN0051467,delivery_confirmation,NOT_APPLICABLE,0,0,0,0.0,2025-08-08 19:54:05,logistics
EVID0004992,DSP000832,TXN0051467,customer_communication,APPLICABLE,1,1,1,0.77,2025-08-08 05:07:29,crm
EVID0004993,DSP000833,TXN0051499,order_confirmation,APPLICABLE,1,1,1,0.8,2025-08-07 13:15:01,billing
EVID0004994,DSP000833,TXN0051499,invoice,APPLICABLE,1,1,1,0.9,2025-08-06 18:17:07,billing
EVID0004995,DSP000833,TXN0051499,shipping_label,NOT_APPLICABLE,0,0,0,0.0,2025-07-31 03:23:06,logistics
EVID0004996,DSP000833,TXN0051499,tracking_number,NOT_APPLICABLE,0,0,0,0.0,2025-08-09 05:55:08,logistics
EVID0004997,DSP000833,TXN0051499,delivery_confirmation,NOT_APPLICABLE,0,0,0,0.0,2025-08-06 09:07:31,logistics
EVID0004998,DSP000833,TXN0051499,customer_communication,APPLICABLE,1,1,1,0.64,2025-08-06 02:52:37,crm
EVID0004999,DSP000834,TXN0051545,order_confirmation,APPLICABLE,1,1,1,0.69,2025-07-27 18:20:43,billing
EVID0005000,DSP000834,TXN0051545,invoice,APPLICABLE,1,1,1,0.6,2025-07-27 18:31:01,billing
EVID0005001,DSP000834,TXN0051545,shipping_label,NOT_APPLICABLE,0,0,0,0.0,2025-07-28 06:05:23,logistics
EVID0005002,DSP000834,TXN0051545,tracking_number,NOT_APPLICABLE,0,0,0,0.0,2025-07-28 21:39:57,logistics
EVID0005003,DSP000834,TXN0051545,delivery_confirmation,NOT_APPLICABLE,0,0,0,0.0,2025-07-29 18:48:53,logistics
EVID0005004,DSP000834,TXN0051545,customer_communication,APPLICABLE,1,0,1,0.86,2025-07-27 14:48:51,crm
EVID0005005,DSP000835,TXN0051643,order_confirmation,APPLICABLE,1,1,1,0.64,2025-07-26 17:55:51,billing
EVID0005006,DSP000835,TXN0051643,invoice,APPLICABLE,1,0,1,0.68,2025-08-15 18:45:17,billing
EVID0005007,DSP000835,TXN0051643,shipping_label,NOT_APPLICABLE,0,0,0,0.0,2025-07-28 15:32:24,logistics
EVID0005008,DSP000835,TXN0051643,tracking_number,NOT_APPLICABLE,0,0,0,0.0,2025-07-28 10:41:13,logistics
EVID0005009,DSP000835,TXN0051643,delivery_confirmation,NOT_APPLICABLE,0,0,0,0.0,2025-08-18 08:21:55,logistics
EVID0005010,DSP000835,TXN0051643,customer_communication,APPLICABLE,1,1,1,0.78,2025-08-31 02:34:37,crm
EVID0005011,DSP000836,TXN0051721,order_confirmation,APPLICABLE,1,1,1,0.6,2025-07-29 01:50:07,billing
EVID0005012,DSP000836,TXN0051721,invoice,UNAVAILABLE,0,0,1,0.0,2025-07-29 14:12:25,billing
EVID0005013,DSP000836,TXN0051721,shipping_label,NOT_APPLICABLE,0,0,0,0.0,2025-07-31 14:19:54,logistics
EVID0005014,DSP000836,TXN0051721,tracking_number,NOT_APPLICABLE,0,0,0,0.0,2025-07-31 12:37:41,logistics
EVID0005015,DSP000836,TXN0051721,delivery_confirmation,NOT_APPLICABLE,0,0,0,0.0,2025-07-30 21:51:57,logistics
EVID0005016,DSP000836,TXN0051721,customer_communication,APPLICABLE,1,1,1,0.82,2025-07-31 16:01:03,crm
EVID0005017,DSP000837,TXN0051751,order_confirmation,UNAVAILABLE,0,1,1,0.0,2025-07-30 18:59:22,billing
EVID0005018,DSP000837,TXN0051751,invoice,UNAVAILABLE,0,0,0,0.0,2025-08-22 20:51:55,billing
EVID0005019,DSP000837,TXN0051751,shipping_label,NOT_APPLICABLE,0,0,0,0.0,2025-07-27 08:39:16,logistics
EVID0005020,DSP000837,TXN0051751,tracking_number,NOT_APPLICABLE,0,0,0,0.0,2025-08-15 11:55:30,logistics
EVID0005021,DSP000837,TXN0051751,delivery_confirmation,NOT_APPLICABLE,0,0,0,0.0,2025-08-06 08:10:36,logistics
EVID0005022,DSP000837,TXN0051751,customer_communication,APPLICABLE,1,0,1,0.6,2025-08-02 04:48:05,crm
EVID0005023,DSP000838,TXN0051824,order_confirmation,APPLICABLE,1,1,1,0.66,2025-07-31 09:32:25,billing
EVID0005024,DSP000838,TXN0051824,invoice,APPLICABLE,1,0,1,0.78,2025-07-27 18:23:33,billing
EVID0005025,DSP000838,TXN0051824,shipping_label,NOT_APPLICABLE,0,0,0,0.0,2025-08-19 06:49:13,logistics
EVID0005026,DSP000838,TXN0051824,tracking_number,NOT_APPLICABLE,0,0,0,0.0,2025-08-10 18:59:35,logistics
EVID0005027,DSP000838,TXN0051824,delivery_confirmation,NOT_APPLICABLE,0,0,0,0.0,2025-08-03 20:20:48,logistics
EVID0005028,DSP000838,TXN0051824,customer_communication,APPLICABLE,1,1,1,0.72,2025-08-18 06:56:09,crm
EVID0005029,DSP000839,TXN0051887,order_confirmation,APPLICABLE,1,1,1,0.87,2025-08-18 22:37:11,billing
EVID0005030,DSP000839,TXN0051887,invoice,APPLICABLE,1,1,1,0.72,2025-09-02 21:33:08,billing
EVID0005031,DSP000839,TXN0051887,shipping_label,NOT_APPLICABLE,0,0,0,0.0,2025-08-03 03:48:28,logistics
EVID0005032,DSP000839,TXN0051887,tracking_number,NOT_APPLICABLE,0,0,0,0.0,2025-08-30 13:30:39,logistics
EVID0005033,DSP000839,TXN0051887,delivery_confirmation,NOT_APPLICABLE,0,0,0,0.0,2025-08-16 02:34:42,logistics
EVID0005034,DSP000839,TXN0051887,customer_communication,APPLICABLE,1,1,1,0.89,2025-08-05 09:46:36,crm
EVID0005035,DSP000840,TXN0052030,order_confirmation,APPLICABLE,1,1,1,0.73,2025-08-27 13:55:25,billing
EVID0005036,DSP000840,TXN0052030,invoice,APPLICABLE,1,0,1,0.65,2025-07-27 21:32:43,billing
EVID0005037,DSP000840,TXN0052030,shipping_label,APPLICABLE,1,0,1,0.8,2025-09-07 14:22:30,logistics
EVID0005038,DSP000840,TXN0052030,tracking_number,APPLICABLE,1,0,0,0.93,2025-08-27 06:49:11,logistics
EVID0005039,DSP000840,TXN0052030,delivery_confirmation,APPLICABLE,1,1,1,0.85,2025-07-31 06:19:35,logistics
EVID0005040,DSP000840,TXN0052030,customer_communication,APPLICABLE,1,1,1,0.6,2025-08-15 12:22:24,crm
EVID0005041,DSP000841,TXN0052064,order_confirmation,APPLICABLE,1,1,1,0.61,2025-08-11 08:36:15,billing
EVID0005042,DSP000841,TXN0052064,invoice,UNAVAILABLE,0,0,0,0.0,2025-08-17 15:15:50,billing
EVID0005043,DSP000841,TXN0052064,shipping_label,NOT_APPLICABLE,0,0,0,0.0,2025-08-10 01:22:45,logistics
EVID0005044,DSP000841,TXN0052064,tracking_number,NOT_APPLICABLE,0,0,0,0.0,2025-08-07 00:23:42,logistics
EVID0005045,DSP000841,TXN0052064,delivery_confirmation,NOT_APPLICABLE,0,0,0,0.0,2025-07-31 21:22:33,logistics
EVID0005046,DSP000841,TXN0052064,customer_communication,APPLICABLE,1,0,1,0.94,2025-08-13 06:09:52,crm
EVID0005047,DSP000842,TXN0052165,order_confirmation,APPLICABLE,1,1,1,0.6,2025-07-31 00:54:38,billing
EVID0005048,DSP000842,TXN0052165,invoice,APPLICABLE,1,0,0,0.87,2025-08-02 22:07:16,billing
EVID0005049,DSP000842,TXN0052165,shipping_label,APPLICABLE,1,0,1,0.74,2025-08-16 03:00:38,logistics
EVID0005050,DSP000842,TXN0052165,tracking_number,APPLICABLE,1,0,1,0.71,2025-08-15 06:46:48,logistics
EVID0005051,DSP000842,TXN0052165,delivery_confirmation,APPLICABLE,1,1,1,0.76,2025-08-20 03:00:40,logistics
EVID0005052,DSP000842,TXN0052165,customer_communication,APPLICABLE,1,1,1,0.75,2025-08-27 14:10:42,crm
EVID0005053,DSP000843,TXN0052216,order_confirmation,APPLICABLE,1,1,1,0.7,2025-07-31 23:27:08,billing
EVID0005054,DSP000843,TXN0052216,invoice,APPLICABLE,1,0,0,0.75,2025-08-07 15:53:31,billing
EVID0005055,DSP000843,TXN0052216,shipping_label,NOT_APPLICABLE,0,0,0,0.0,2025-08-04 10:38:21,logistics
EVID0005056,DSP000843,TXN0052216,tracking_number,NOT_APPLICABLE,0,0,0,0.0,2025-08-13 23:36:21,logistics
EVID0005057,DSP000843,TXN0052216,delivery_confirmation,NOT_APPLICABLE,0,0,0,0.0,2025-08-09 07:24:43,logistics
EVID0005058,DSP000843,TXN0052216,customer_communication,UNAVAILABLE,0,0,0,0.0,2025-08-23 22:06:13,crm
EVID0005059,DSP000844,TXN0052256,order_confirmation,APPLICABLE,1,1,1,0.69,2025-09-03 07:42:29,billing
EVID0005060,DSP000844,TXN0052256,invoice,APPLICABLE,1,0,1,0.64,2025-08-25 23:07:47,billing
EVID0005061,DSP000844,TXN0052256,shipping_label,NOT_APPLICABLE,0,0,0,0.0,2025-09-09 02:10:59,logistics
EVID0005062,DSP000844,TXN0052256,tracking_number,NOT_APPLICABLE,0,0,0,0.0,2025-08-31 22:06:49,logistics
EVID0005063,DSP000844,TXN0052256,delivery_confirmation,NOT_APPLICABLE,0,0,0,0.0,2025-08-07 23:40:09,logistics
EVID0005064,DSP000844,TXN0052256,customer_communication,APPLICABLE,1,1,1,0.9,2025-09-03 08:45:08,crm
EVID0005065,DSP000845,TXN0052310,order_confirmation,APPLICABLE,1,1,1,0.7,2025-08-04 14:25:15,billing
EVID0005066,DSP000845,TXN0052310,invoice,APPLICABLE,1,0,1,0.63,2025-08-10 08:01:19,billing
EVID0005067,DSP000845,TXN0052310,shipping_label,APPLICABLE,1,1,1,0.92,2025-08-14 14:56:03,logistics
EVID0005068,DSP000845,TXN0052310,tracking_number,APPLICABLE,1,1,1,0.61,2025-08-08 09:02:51,logistics
EVID0005069,DSP000845,TXN0052310,delivery_confirmation,APPLICABLE,1,1,1,0.6,2025-08-04 20:07:20,logistics
EVID0005070,DSP000845,TXN0052310,customer_communication,APPLICABLE,1,0,1,0.9,2025-07-30 10:23:55,crm
EVID0005071,DSP000846,TXN0052334,order_confirmation,APPLICABLE,1,1,1,0.92,2025-08-03 19:33:16,billing
EVID0005072,DSP000846,TXN0052334,invoice,APPLICABLE,1,1,1,0.72,2025-08-04 05:24:15,billing
EVID0005073,DSP000846,TXN0052334,shipping_label,NOT_APPLICABLE,0,0,0,0.0,2025-08-04 09:50:18,logistics
EVID0005074,DSP000846,TXN0052334,tracking_number,NOT_APPLICABLE,0,0,0,0.0,2025-08-04 17:11:16,logistics
EVID0005075,DSP000846,TXN0052334,delivery_confirmation,NOT_APPLICABLE,0,0,0,0.0,2025-07-30 19:31:20,logistics
EVID0005076,DSP000846,TXN0052334,customer_communication,UNAVAILABLE,0,1,1,0.0,2025-08-04 00:43:32,crm
EVID0005077,DSP000847,TXN0052340,order_confirmation,APPLICABLE,1,1,1,0.86,2025-08-28 11:49:29,billing
EVID0005078,DSP000847,TXN0052340,invoice,APPLICABLE,1,1,1,0.78,2025-08-16 05:17:06,billing
EVID0005079,DSP000847,TXN0052340,shipping_label,APPLICABLE,1,0,1,0.6,2025-08-31 00:49:23,logistics
EVID0005080,DSP000847,TXN0052340,tracking_number,APPLICABLE,1,0,1,0.62,2025-09-01 00:01:39,logistics
EVID0005081,DSP000847,TXN0052340,delivery_confirmation,APPLICABLE,1,0,1,0.91,2025-08-01 12:49:33,logistics
EVID0005082,DSP000847,TXN0052340,customer_communication,APPLICABLE,1,0,0,0.94,2025-08-07 11:48:43,crm
EVID0005083,DSP000848,TXN0052370,order_confirmation,APPLICABLE,1,1,1,0.62,2025-07-31 14:25:48,billing
EVID0005084,DSP000848,TXN0052370,invoice,APPLICABLE,1,1,1,0.69,2025-08-01 22:20:31,billing
EVID0005085,DSP000848,TXN0052370,shipping_label,APPLICABLE,1,0,1,0.62,2025-07-30 08:45:36,logistics
EVID0005086,DSP000848,TXN0052370,tracking_number,APPLICABLE,1,0,1,0.86,2025-07-30 18:12:08,logistics
EVID0005087,DSP000848,TXN0052370,delivery_confirmation,APPLICABLE,1,0,1,0.75,2025-07-31 10:20:20,logistics
EVID0005088,DSP000848,TXN0052370,customer_communication,APPLICABLE,1,0,1,0.62,2025-08-01 18:43:17,crm
EVID0005089,DSP000849,TXN0052380,order_confirmation,APPLICABLE,1,1,1,0.61,2025-08-03 09:45:16,billing
EVID0005090,DSP000849,TXN0052380,invoice,APPLICABLE,1,1,1,0.77,2025-07-29 23:59:04,billing
EVID0005091,DSP000849,TXN0052380,shipping_label,NOT_APPLICABLE,0,0,0,0.0,2025-08-05 13:33:00,logistics
EVID0005092,DSP000849,TXN0052380,tracking_number,NOT_APPLICABLE,0,0,0,0.0,2025-08-08 13:25:00,logistics
EVID0005093,DSP000849,TXN0052380,delivery_confirmation,NOT_APPLICABLE,0,0,0,0.0,2025-08-01 15:40:41,logistics
EVID0005094,DSP000849,TXN0052380,customer_communication,APPLICABLE,1,1,1,0.79,2025-08-09 22:50:10,crm
EVID0005095,DSP000850,TXN0052406,order_confirmation,APPLICABLE,1,1,1,0.86,2025-07-30 13:46:37,billing
EVID0005096,DSP000850,TXN0052406,invoice,APPLICABLE,1,0,1,0.89,2025-08-12 16:23:24,billing
EVID0005097,DSP000850,TXN0052406,shipping_label,APPLICABLE,1,1,1,0.91,2025-08-07 17:01:11,logistics
EVID0005098,DSP000850,TXN0052406,tracking_number,APPLICABLE,1,1,1,0.75,2025-08-01 14:05:23,logistics
EVID0005099,DSP000850,TXN0052406,delivery_confirmation,APPLICABLE,1,1,1,0.79,2025-07-30 14:25:22,logistics
EVID0005100,DSP000850,TXN0052406,customer_communication,APPLICABLE,1,0,0,0.64,2025-08-09 19:25:48,crm
EVID0005101,DSP000851,TXN0052411,order_confirmation,APPLICABLE,1,1,1,0.81,2025-08-26 15:14:34,billing
EVID0005102,DSP000851,TXN0052411,invoice,APPLICABLE,1,1,1,0.84,2025-08-15 04:23:06,billing
EVID0005103,DSP000851,TXN0052411,shipping_label,NOT_APPLICABLE,0,0,0,0.0,2025-08-30 09:01:09,logistics
EVID0005104,DSP000851,TXN0052411,tracking_number,NOT_APPLICABLE,0,0,0,0.0,2025-08-29 21:42:26,logistics
EVID0005105,DSP000851,TXN0052411,delivery_confirmation,NOT_APPLICABLE,0,0,0,0.0,2025-09-05 17:43:11,logistics
EVID0005106,DSP000851,TXN0052411,customer_communication,APPLICABLE,1,1,1,0.77,2025-08-14 09:10:39,crm
EVID0005107,DSP000852,TXN0052412,order_confirmation,APPLICABLE,1,1,1,0.84,2025-08-24 06:51:31,billing
EVID0005108,DSP000852,TXN0052412,invoice,APPLICABLE,1,0,0,0.88,2025-09-08 10:03:50,billing
EVID0005109,DSP000852,TXN0052412,shipping_label,APPLICABLE,1,0,1,0.77,2025-08-25 04:10:57,logistics
EVID0005110,DSP000852,TXN0052412,tracking_number,APPLICABLE,1,0,0,0.65,2025-08-20 03:55:53,logistics
EVID0005111,DSP000852,TXN0052412,delivery_confirmation,APPLICABLE,1,1,1,0.79,2025-08-20 18:47:13,logistics
EVID0005112,DSP000852,TXN0052412,customer_communication,UNAVAILABLE,0,1,1,0.0,2025-08-13 07:27:06,crm
EVID0005113,DSP000853,TXN0052510,order_confirmation,APPLICABLE,1,1,1,0.73,2025-08-08 10:11:38,billing
EVID0005114,DSP000853,TXN0052510,invoice,APPLICABLE,1,1,1,0.8,2025-08-02 00:02:08,billing
EVID0005115,DSP000853,TXN0052510,shipping_label,APPLICABLE,1,0,1,0.72,2025-08-01 14:21:29,logistics
EVID0005116,DSP000853,TXN0052510,tracking_number,APPLICABLE,1,0,1,0.61,2025-08-04 17:20:56,logistics
EVID0005117,DSP000853,TXN0052510,delivery_confirmation,APPLICABLE,1,0,0,0.7,2025-08-03 08:37:38,logistics
EVID0005118,DSP000853,TXN0052510,customer_communication,APPLICABLE,1,1,1,0.77,2025-08-02 08:13:54,crm
EVID0005119,DSP000854,TXN0052581,order_confirmation,APPLICABLE,1,1,1,0.86,2025-08-10 10:18:28,billing
EVID0005120,DSP000854,TXN0052581,invoice,APPLICABLE,1,1,1,0.83,2025-08-03 09:37:29,billing
EVID0005121,DSP000854,TXN0052581,shipping_label,UNAVAILABLE,0,0,1,0.0,2025-08-03 06:22:41,logistics
EVID0005122,DSP000854,TXN0052581,tracking_number,APPLICABLE,1,0,1,0.74,2025-08-06 06:52:46,logistics
EVID0005123,DSP000854,TXN0052581,delivery_confirmation,APPLICABLE,1,0,0,0.72,2025-08-03 18:53:50,logistics
EVID0005124,DSP000854,TXN0052581,customer_communication,APPLICABLE,1,1,1,0.82,2025-08-03 14:51:56,crm
EVID0005125,DSP000855,TXN0052637,order_confirmation,APPLICABLE,1,1,1,0.72,2025-07-31 13:29:08,billing
EVID0005126,DSP000855,TXN0052637,invoice,APPLICABLE,1,1,1,0.92,2025-08-07 05:57:40,billing
EVID0005127,DSP000855,TXN0052637,shipping_label,APPLICABLE,1,0,1,0.67,2025-08-02 15:11:22,logistics
EVID0005128,DSP000855,TXN0052637,tracking_number,APPLICABLE,1,0,1,0.66,2025-08-10 06:20:58,logistics
EVID0005129,DSP000855,TXN0052637,delivery_confirmation,APPLICABLE,1,0,0,0.95,2025-08-05 21:12:41,logistics
EVID0005130,DSP000855,TXN0052637,customer_communication,APPLICABLE,1,1,1,0.62,2025-08-08 12:51:46,crm
EVID0005131,DSP000856,TXN0052818,order_confirmation,UNAVAILABLE,0,1,1,0.0,2025-08-01 05:27:45,billing
EVID0005132,DSP000856,TXN0052818,invoice,APPLICABLE,1,1,1,0.81,2025-08-16 12:58:03,billing
EVID0005133,DSP000856,TXN0052818,shipping_label,NOT_APPLICABLE,0,0,0,0.0,2025-08-08 01:53:16,logistics
EVID0005134,DSP000856,TXN0052818,tracking_number,NOT_APPLICABLE,0,0,0,0.0,2025-08-08 17:33:36,logistics
EVID0005135,DSP000856,TXN0052818,delivery_confirmation,NOT_APPLICABLE,0,0,0,0.0,2025-08-03 23:26:18,logistics
EVID0005136,DSP000856,TXN0052818,customer_communication,APPLICABLE,1,1,1,0.82,2025-08-09 10:29:36,crm
EVID0005137,DSP000857,TXN0052936,order_confirmation,APPLICABLE,1,1,1,0.84,2025-08-15 08:40:22,billing
EVID0005138,DSP000857,TXN0052936,invoice,APPLICABLE,1,0,1,0.66,2025-08-06 14:52:35,billing
EVID0005139,DSP000857,TXN0052936,shipping_label,APPLICABLE,1,1,1,0.62,2025-08-01 22:22:12,logistics
EVID0005140,DSP000857,TXN0052936,tracking_number,UNAVAILABLE,0,1,1,0.0,2025-08-20 08:40:46,logistics
EVID0005141,DSP000857,TXN0052936,delivery_confirmation,UNAVAILABLE,0,1,1,0.0,2025-08-24 23:11:35,logistics
EVID0005142,DSP000857,TXN0052936,customer_communication,APPLICABLE,1,0,1,0.74,2025-08-07 18:42:53,crm
EVID0005143,DSP000858,TXN0053053,order_confirmation,APPLICABLE,1,1,1,0.62,2025-08-19 07:09:47,billing
EVID0005144,DSP000858,TXN0053053,invoice,APPLICABLE,1,1,1,0.86,2025-08-14 15:06:41,billing
EVID0005145,DSP000858,TXN0053053,shipping_label,NOT_APPLICABLE,0,0,0,0.0,2025-08-13 16:32:44,logistics
EVID0005146,DSP000858,TXN0053053,tracking_number,NOT_APPLICABLE,0,0,0,0.0,2025-08-09 09:56:36,logistics
EVID0005147,DSP000858,TXN0053053,delivery_confirmation,NOT_APPLICABLE,0,0,0,0.0,2025-08-17 02:00:19,logistics
EVID0005148,DSP000858,TXN0053053,customer_communication,APPLICABLE,1,1,1,0.8,2025-08-18 11:54:49,crm
EVID0005149,DSP000859,TXN0053078,order_confirmation,APPLICABLE,1,1,1,0.6,2025-09-02 19:44:45,billing
EVID0005150,DSP000859,TXN0053078,invoice,APPLICABLE,1,0,1,0.76,2025-08-08 14:07:48,billing
EVID0005151,DSP000859,TXN0053078,shipping_label,NOT_APPLICABLE,0,0,0,0.0,2025-08-28 21:18:28,logistics
EVID0005152,DSP000859,TXN0053078,tracking_number,NOT_APPLICABLE,0,0,0,0.0,2025-08-22 21:51:21,logistics
EVID0005153,DSP000859,TXN0053078,delivery_confirmation,NOT_APPLICABLE,0,0,0,0.0,2025-08-17 21:21:41,logistics
EVID0005154,DSP000859,TXN0053078,customer_communication,APPLICABLE,1,0,1,0.73,2025-08-06 21:37:21,crm
EVID0005155,DSP000860,TXN0053222,order_confirmation,APPLICABLE,1,1,1,0.89,2025-08-05 05:22:12,billing
EVID0005156,DSP000860,TXN0053222,invoice,APPLICABLE,1,1,1,0.77,2025-08-02 14:09:07,billing
EVID0005157,DSP000860,TXN0053222,shipping_label,APPLICABLE,1,0,0,0.78,2025-08-03 17:59:54,logistics
EVID0005158,DSP000860,TXN0053222,tracking_number,APPLICABLE,1,0,1,0.73,2025-08-02 00:44:31,logistics
EVID0005159,DSP000860,TXN0053222,delivery_confirmation,APPLICABLE,1,0,1,0.83,2025-08-04 07:37:20,logistics
EVID0005160,DSP000860,TXN0053222,customer_communication,UNAVAILABLE,0,1,1,0.0,2025-08-05 15:03:50,crm
EVID0005161,DSP000861,TXN0053230,order_confirmation,APPLICABLE,1,1,1,0.92,2025-08-04 04:02:26,billing
EVID0005162,DSP000861,TXN0053230,invoice,UNAVAILABLE,0,0,1,0.0,2025-08-09 20:17:20,billing
EVID0005163,DSP000861,TXN0053230,shipping_label,APPLICABLE,1,1,1,0.91,2025-08-03 06:13:33,logistics
EVID0005164,DSP000861,TXN0053230,tracking_number,APPLICABLE,1,1,1,0.81,2025-08-16 16:26:25,logistics
EVID0005165,DSP000861,TXN0053230,delivery_confirmation,APPLICABLE,1,1,1,0.66,2025-08-17 11:45:30,logistics
EVID0005166,DSP000861,TXN0053230,customer_communication,APPLICABLE,1,0,1,0.6,2025-08-06 15:50:58,crm
EVID0005167,DSP000862,TXN0053253,order_confirmation,APPLICABLE,1,1,1,0.91,2025-08-11 16:24:12,billing
EVID0005168,DSP000862,TXN0053253,invoice,APPLICABLE,1,1,1,0.93,2025-08-03 06:38:56,billing
EVID0005169,DSP000862,TXN0053253,shipping_label,NOT_APPLICABLE,0,0,0,0.0,2025-08-06 05:46:00,logistics
EVID0005170,DSP000862,TXN0053253,tracking_number,NOT_APPLICABLE,0,0,0,0.0,2025-08-28 07:40:25,logistics
EVID0005171,DSP000862,TXN0053253,delivery_confirmation,NOT_APPLICABLE,0,0,0,0.0,2025-08-23 19:22:27,logistics
EVID0005172,DSP000862,TXN0053253,customer_communication,APPLICABLE,1,1,1,0.75,2025-09-04 01:12:50,crm
EVID0005173,DSP000863,TXN0053265,order_confirmation,APPLICABLE,1,1,1,0.72,2025-08-26 01:22:45,billing
EVID0005174,DSP000863,TXN0053265,invoice,UNAVAILABLE,0,1,1,0.0,2025-08-17 16:09:37,billing
EVID0005175,DSP000863,TXN0053265,shipping_label,NOT_APPLICABLE,0,0,0,0.0,2025-08-31 12:41:31,logistics
EVID0005176,DSP000863,TXN0053265,tracking_number,NOT_APPLICABLE,0,0,0,0.0,2025-08-31 14:54:45,logistics
EVID0005177,DSP000863,TXN0053265,delivery_confirmation,NOT_APPLICABLE,0,0,0,0.0,2025-08-27 01:57:05,logistics
EVID0005178,DSP000863,TXN0053265,customer_communication,UNAVAILABLE,0,1,1,0.0,2025-08-04 23:14:45,crm
EVID0005179,DSP000864,TXN0053394,order_confirmation,APPLICABLE,1,1,1,0.75,2025-08-23 08:29:26,billing
EVID0005180,DSP000864,TXN0053394,invoice,APPLICABLE,1,1,1,0.64,2025-08-20 12:54:12,billing
EVID0005181,DSP000864,TXN0053394,shipping_label,NOT_APPLICABLE,0,0,0,0.0,2025-08-21 08:06:25,logistics
EVID0005182,DSP000864,TXN0053394,tracking_number,NOT_APPLICABLE,0,0,0,0.0,2025-08-20 16:37:59,logistics
EVID0005183,DSP000864,TXN0053394,delivery_confirmation,NOT_APPLICABLE,0,0,0,0.0,2025-08-03 04:27:23,logistics
EVID0005184,DSP000864,TXN0053394,customer_communication,APPLICABLE,1,1,1,0.83,2025-08-16 09:53:42,crm
EVID0005185,DSP000865,TXN0053430,order_confirmation,APPLICABLE,1,1,1,0.7,2025-08-24 07:33:51,billing
EVID0005186,DSP000865,TXN0053430,invoice,UNAVAILABLE,0,0,0,0.0,2025-08-06 22:29:25,billing
EVID0005187,DSP000865,TXN0053430,shipping_label,NOT_APPLICABLE,0,0,0,0.0,2025-08-13 03:44:01,logistics
EVID0005188,DSP000865,TXN0053430,tracking_number,NOT_APPLICABLE,0,0,0,0.0,2025-08-24 05:59:05,logistics
EVID0005189,DSP000865,TXN0053430,delivery_confirmation,NOT_APPLICABLE,0,0,0,0.0,2025-08-22 20:39:03,logistics
EVID0005190,DSP000865,TXN0053430,customer_communication,UNAVAILABLE,0,1,1,0.0,2025-08-24 03:59:07,crm
EVID0005191,DSP000866,TXN0053495,order_confirmation,APPLICABLE,1,1,1,0.83,2025-08-13 03:37:57,billing
EVID0005192,DSP000866,TXN0053495,invoice,APPLICABLE,1,1,1,0.95,2025-08-20 13:10:33,billing
EVID0005193,DSP000866,TXN0053495,shipping_label,APPLICABLE,1,0,1,0.91,2025-08-12 22:01:04,logistics
EVID0005194,DSP000866,TXN0053495,tracking_number,APPLICABLE,1,0,0,0.82,2025-08-06 06:02:11,logistics
EVID0005195,DSP000866,TXN0053495,delivery_confirmation,APPLICABLE,1,0,1,0.82,2025-08-23 03:27:11,logistics
EVID0005196,DSP000866,TXN0053495,customer_communication,APPLICABLE,1,1,1,0.65,2025-08-17 02:47:22,crm
EVID0005197,DSP000867,TXN0053508,order_confirmation,APPLICABLE,1,1,1,0.83,2025-08-06 14:16:58,billing
EVID0005198,DSP000867,TXN0053508,invoice,APPLICABLE,1,1,1,0.6,2025-08-08 16:12:05,billing
EVID0005199,DSP000867,TXN0053508,shipping_label,NOT_APPLICABLE,0,0,0,0.0,2025-08-09 06:57:56,logistics
EVID0005200,DSP000867,TXN0053508,tracking_number,NOT_APPLICABLE,0,0,0,0.0,2025-08-06 23:39:27,logistics
EVID0005201,DSP000867,TXN0053508,delivery_confirmation,NOT_APPLICABLE,0,0,0,0.0,2025-08-03 17:13:05,logistics
EVID0005202,DSP000867,TXN0053508,customer_communication,APPLICABLE,1,0,0,0.73,2025-08-10 02:00:29,crm
EVID0005203,DSP000868,TXN0053580,order_confirmation,APPLICABLE,1,1,1,0.81,2025-08-11 03:01:57,billing
EVID0005204,DSP000868,TXN0053580,invoice,APPLICABLE,1,1,1,0.91,2025-08-06 16:34:47,billing
EVID0005205,DSP000868,TXN0053580,shipping_label,UNAVAILABLE,0,0,1,0.0,2025-08-08 09:42:10,logistics
EVID0005206,DSP000868,TXN0053580,tracking_number,APPLICABLE,1,0,1,0.94,2025-08-05 11:54:29,logistics
EVID0005207,DSP000868,TXN0053580,delivery_confirmation,APPLICABLE,1,0,1,0.71,2025-08-10 02:51:34,logistics
EVID0005208,DSP000868,TXN0053580,customer_communication,APPLICABLE,1,1,1,0.68,2025-08-08 23:34:08,crm
EVID0005209,DSP000869,TXN0053591,order_confirmation,APPLICABLE,1,1,1,0.7,2025-08-12 10:09:30,billing
EVID0005210,DSP000869,TXN0053591,invoice,APPLICABLE,1,1,1,0.6,2025-08-21 22:14:20,billing
EVID0005211,DSP000869,TXN0053591,shipping_label,NOT_APPLICABLE,0,0,0,0.0,2025-08-17 10:41:39,logistics
EVID0005212,DSP000869,TXN0053591,tracking_number,NOT_APPLICABLE,0,0,0,0.0,2025-08-30 06:44:49,logistics
EVID0005213,DSP000869,TXN0053591,delivery_confirmation,NOT_APPLICABLE,0,0,0,0.0,2025-08-27 05:01:08,logistics
EVID0005214,DSP000869,TXN0053591,customer_communication,UNAVAILABLE,0,1,1,0.0,2025-08-05 10:39:00,crm
EVID0005215,DSP000870,TXN0053612,order_confirmation,UNAVAILABLE,0,1,1,0.0,2025-08-30 14:03:17,billing
EVID0005216,DSP000870,TXN0053612,invoice,UNAVAILABLE,0,1,1,0.0,2025-09-08 08:26:24,billing
EVID0005217,DSP000870,TXN0053612,shipping_label,UNAVAILABLE,0,0,0,0.0,2025-08-25 22:24:20,logistics
EVID0005218,DSP000870,TXN0053612,tracking_number,UNAVAILABLE,0,0,0,0.0,2025-08-14 08:01:49,logistics
EVID0005219,DSP000870,TXN0053612,delivery_confirmation,APPLICABLE,1,0,1,0.81,2025-08-04 17:42:58,logistics
EVID0005220,DSP000870,TXN0053612,customer_communication,APPLICABLE,1,1,1,0.74,2025-09-10 20:16:58,crm
EVID0005221,DSP000871,TXN0053822,order_confirmation,APPLICABLE,1,1,1,0.68,2025-08-05 21:38:02,billing
EVID0005222,DSP000871,TXN0053822,invoice,APPLICABLE,1,1,1,0.63,2025-08-06 22:44:14,billing
EVID0005223,DSP000871,TXN0053822,shipping_label,APPLICABLE,1,0,0,0.74,2025-08-04 20:00:11,logistics
EVID0005224,DSP000871,TXN0053822,tracking_number,UNAVAILABLE,0,0,1,0.0,2025-08-05 19:48:58,logistics
EVID0005225,DSP000871,TXN0053822,delivery_confirmation,APPLICABLE,1,0,1,0.7,2025-08-06 14:40:17,logistics
EVID0005226,DSP000871,TXN0053822,customer_communication,APPLICABLE,1,1,1,0.6,2025-08-05 04:02:29,crm
EVID0005227,DSP000872,TXN0053835,order_confirmation,UNAVAILABLE,0,1,1,0.0,2025-08-16 04:29:32,billing
EVID0005228,DSP000872,TXN0053835,invoice,APPLICABLE,1,1,1,0.6,2025-08-05 16:28:31,billing
EVID0005229,DSP000872,TXN0053835,shipping_label,UNAVAILABLE,0,0,1,0.0,2025-08-10 02:23:44,logistics
EVID0005230,DSP000872,TXN0053835,tracking_number,APPLICABLE,1,0,0,0.6,2025-08-17 18:19:07,logistics
EVID0005231,DSP000872,TXN0053835,delivery_confirmation,UNAVAILABLE,0,0,1,0.0,2025-08-28 05:46:57,logistics
EVID0005232,DSP000872,TXN0053835,customer_communication,APPLICABLE,1,1,1,0.82,2025-08-07 13:04:39,crm
EVID0005233,DSP000873,TXN0053851,order_confirmation,APPLICABLE,1,1,1,0.94,2025-08-25 12:41:21,billing
EVID0005234,DSP000873,TXN0053851,invoice,APPLICABLE,1,1,1,0.66,2025-08-16 21:07:17,billing
EVID0005235,DSP000873,TXN0053851,shipping_label,NOT_APPLICABLE,0,0,0,0.0,2025-08-27 11:15:37,logistics
EVID0005236,DSP000873,TXN0053851,tracking_number,NOT_APPLICABLE,0,0,0,0.0,2025-08-10 03:57:28,logistics
EVID0005237,DSP000873,TXN0053851,delivery_confirmation,NOT_APPLICABLE,0,0,0,0.0,2025-08-22 11:26:41,logistics
EVID0005238,DSP000873,TXN0053851,customer_communication,APPLICABLE,1,1,1,0.78,2025-08-29 05:46:07,crm
EVID0005239,DSP000874,TXN0054139,order_confirmation,APPLICABLE,1,1,1,0.77,2025-08-13 09:03:39,billing
EVID0005240,DSP000874,TXN0054139,invoice,APPLICABLE,1,0,0,0.88,2025-09-02 17:00:24,billing
EVID0005241,DSP000874,TXN0054139,shipping_label,NOT_APPLICABLE,0,0,0,0.0,2025-08-08 07:29:59,logistics
EVID0005242,DSP000874,TXN0054139,tracking_number,NOT_APPLICABLE,0,0,0,0.0,2025-08-12 13:35:32,logistics
EVID0005243,DSP000874,TXN0054139,delivery_confirmation,NOT_APPLICABLE,0,0,0,0.0,2025-08-20 23:47:08,logistics
EVID0005244,DSP000874,TXN0054139,customer_communication,APPLICABLE,1,1,1,0.61,2025-08-27 20:29:07,crm
EVID0005245,DSP000875,TXN0054164,order_confirmation,UNAVAILABLE,0,1,1,0.0,2025-08-18 18:44:43,billing
EVID0005246,DSP000875,TXN0054164,invoice,UNAVAILABLE,0,0,1,0.0,2025-08-23 01:50:50,billing
EVID0005247,DSP000875,TXN0054164,shipping_label,NOT_APPLICABLE,0,0,0,0.0,2025-08-25 21:49:50,logistics
EVID0005248,DSP000875,TXN0054164,tracking_number,NOT_APPLICABLE,0,0,0,0.0,2025-08-22 19:48:47,logistics
EVID0005249,DSP000875,TXN0054164,delivery_confirmation,NOT_APPLICABLE,0,0,0,0.0,2025-08-07 21:49:06,logistics
EVID0005250,DSP000875,TXN0054164,customer_communication,UNAVAILABLE,0,1,1,0.0,2025-08-19 14:46:06,crm
EVID0005251,DSP000876,TXN0054200,order_confirmation,APPLICABLE,1,1,1,0.81,2025-08-07 12:23:06,billing
EVID0005252,DSP000876,TXN0054200,invoice,APPLICABLE,1,1,1,0.79,2025-08-18 02:58:45,billing
EVID0005253,DSP000876,TXN0054200,shipping_label,APPLICABLE,1,0,0,0.89,2025-08-10 08:32:08,logistics
EVID0005254,DSP000876,TXN0054200,tracking_number,APPLICABLE,1,0,0,0.67,2025-08-24 06:06:55,logistics
EVID0005255,DSP000876,TXN0054200,delivery_confirmation,APPLICABLE,1,0,1,0.91,2025-08-20 21:29:03,logistics
EVID0005256,DSP000876,TXN0054200,customer_communication,APPLICABLE,1,1,1,0.72,2025-08-10 02:22:46,crm
EVID0005257,DSP000877,TXN0054227,order_confirmation,APPLICABLE,1,1,1,0.6,2025-08-21 09:38:13,billing
EVID0005258,DSP000877,TXN0054227,invoice,APPLICABLE,1,1,1,0.65,2025-08-21 02:11:04,billing
EVID0005259,DSP000877,TXN0054227,shipping_label,APPLICABLE,1,0,0,0.87,2025-09-14 21:05:24,logistics
EVID0005260,DSP000877,TXN0054227,tracking_number,APPLICABLE,1,0,1,0.7,2025-09-15 18:15:47,logistics
EVID0005261,DSP000877,TXN0054227,delivery_confirmation,APPLICABLE,1,0,1,0.9,2025-09-07 23:49:02,logistics
EVID0005262,DSP000877,TXN0054227,customer_communication,APPLICABLE,1,1,1,0.6,2025-09-13 13:41:50,crm
EVID0005263,DSP000878,TXN0054258,order_confirmation,APPLICABLE,1,1,1,0.75,2025-08-22 18:27:00,billing
EVID0005264,DSP000878,TXN0054258,invoice,APPLICABLE,1,0,0,0.64,2025-08-22 12:50:44,billing
EVID0005265,DSP000878,TXN0054258,shipping_label,NOT_APPLICABLE,0,0,0,0.0,2025-08-14 15:02:22,logistics
EVID0005266,DSP000878,TXN0054258,tracking_number,NOT_APPLICABLE,0,0,0,0.0,2025-08-08 03:40:54,logistics
EVID0005267,DSP000878,TXN0054258,delivery_confirmation,NOT_APPLICABLE,0,0,0,0.0,2025-08-18 19:10:37,logistics
EVID0005268,DSP000878,TXN0054258,customer_communication,APPLICABLE,1,1,1,0.6,2025-08-19 21:45:22,crm
EVID0005269,DSP000879,TXN0054304,order_confirmation,APPLICABLE,1,1,1,0.92,2025-08-12 13:26:48,billing
EVID0005270,DSP000879,TXN0054304,invoice,APPLICABLE,1,1,1,0.84,2025-08-09 16:29:14,billing
EVID0005271,DSP000879,TXN0054304,shipping_label,NOT_APPLICABLE,0,0,0,0.0,2025-08-10 19:10:00,logistics
EVID0005272,DSP000879,TXN0054304,tracking_number,NOT_APPLICABLE,0,0,0,0.0,2025-08-15 17:21:46,logistics
EVID0005273,DSP000879,TXN0054304,delivery_confirmation,NOT_APPLICABLE,0,0,0,0.0,2025-08-12 03:45:20,logistics
EVID0005274,DSP000879,TXN0054304,customer_communication,APPLICABLE,1,1,1,0.82,2025-08-11 06:31:14,crm
EVID0005275,DSP000880,TXN0054360,order_confirmation,APPLICABLE,1,1,1,0.65,2025-08-10 04:52:57,billing
EVID0005276,DSP000880,TXN0054360,invoice,UNAVAILABLE,0,0,1,0.0,2025-08-18 16:05:22,billing
EVID0005277,DSP000880,TXN0054360,shipping_label,NOT_APPLICABLE,0,0,0,0.0,2025-08-11 19:39:20,logistics
EVID0005278,DSP000880,TXN0054360,tracking_number,NOT_APPLICABLE,0,0,0,0.0,2025-08-11 00:36:30,logistics
EVID0005279,DSP000880,TXN0054360,delivery_confirmation,NOT_APPLICABLE,0,0,0,0.0,2025-08-19 05:03:45,logistics
EVID0005280,DSP000880,TXN0054360,customer_communication,APPLICABLE,1,1,1,0.78,2025-08-19 08:48:57,crm
EVID0005281,DSP000881,TXN0054438,order_confirmation,APPLICABLE,1,1,1,0.72,2025-08-07 14:36:51,billing
EVID0005282,DSP000881,TXN0054438,invoice,APPLICABLE,1,1,1,0.6,2025-08-08 02:18:47,billing
EVID0005283,DSP000881,TXN0054438,shipping_label,NOT_APPLICABLE,0,0,0,0.0,2025-08-16 14:52:00,logistics
EVID0005284,DSP000881,TXN0054438,tracking_number,NOT_APPLICABLE,0,0,0,0.0,2025-08-08 06:35:06,logistics
EVID0005285,DSP000881,TXN0054438,delivery_confirmation,NOT_APPLICABLE,0,0,0,0.0,2025-08-06 21:25:23,logistics
EVID0005286,DSP000881,TXN0054438,customer_communication,APPLICABLE,1,1,1,0.68,2025-08-12 12:01:51,crm
EVID0005287,DSP000882,TXN0054502,order_confirmation,APPLICABLE,1,1,1,0.64,2025-08-10 06:00:12,billing
EVID0005288,DSP000882,TXN0054502,invoice,APPLICABLE,1,0,1,0.63,2025-08-26 16:58:53,billing
EVID0005289,DSP000882,TXN0054502,shipping_label,APPLICABLE,1,0,0,0.96,2025-08-17 14:28:09,logistics
EVID0005290,DSP000882,TXN0054502,tracking_number,APPLICABLE,1,0,1,0.85,2025-08-28 11:19:30,logistics
EVID0005291,DSP000882,TXN0054502,delivery_confirmation,APPLICABLE,1,1,1,0.71,2025-08-21 09:10:39,logistics
EVID0005292,DSP000882,TXN0054502,customer_communication,APPLICABLE,1,1,1,0.9,2025-08-19 13:45:43,crm
EVID0005293,DSP000883,TXN0054613,order_confirmation,APPLICABLE,1,1,1,0.6,2025-08-08 04:42:49,billing
EVID0005294,DSP000883,TXN0054613,invoice,APPLICABLE,1,1,1,0.92,2025-08-10 09:02:51,billing
EVID0005295,DSP000883,TXN0054613,shipping_label,APPLICABLE,1,0,1,0.93,2025-08-12 21:29:34,logistics
EVID0005296,DSP000883,TXN0054613,tracking_number,APPLICABLE,1,0,1,0.7,2025-08-10 14:56:29,logistics
EVID0005297,DSP000883,TXN0054613,delivery_confirmation,APPLICABLE,1,0,1,0.94,2025-08-10 22:53:25,logistics
EVID0005298,DSP000883,TXN0054613,customer_communication,APPLICABLE,1,1,1,0.7,2025-08-12 23:56:57,crm
EVID0005299,DSP000884,TXN0054614,order_confirmation,UNAVAILABLE,0,1,1,0.0,2025-08-08 10:52:00,billing
EVID0005300,DSP000884,TXN0054614,invoice,APPLICABLE,1,1,1,0.6,2025-08-12 15:42:17,billing
EVID0005301,DSP000884,TXN0054614,shipping_label,NOT_APPLICABLE,0,0,0,0.0,2025-08-15 21:11:12,logistics
EVID0005302,DSP000884,TXN0054614,tracking_number,NOT_APPLICABLE,0,0,0,0.0,2025-08-16 18:13:05,logistics
EVID0005303,DSP000884,TXN0054614,delivery_confirmation,NOT_APPLICABLE,0,0,0,0.0,2025-08-17 00:20:11,logistics
EVID0005304,DSP000884,TXN0054614,customer_communication,APPLICABLE,1,1,1,0.6,2025-08-08 20:30:46,crm
EVID0005305,DSP000885,TXN0054735,order_confirmation,APPLICABLE,1,1,1,0.73,2025-08-08 04:09:28,billing
EVID0005306,DSP000885,TXN0054735,invoice,UNAVAILABLE,0,1,1,0.0,2025-08-09 02:33:41,billing
EVID0005307,DSP000885,TXN0054735,shipping_label,NOT_APPLICABLE,0,0,0,0.0,2025-08-08 13:40:04,logistics
EVID0005308,DSP000885,TXN0054735,tracking_number,NOT_APPLICABLE,0,0,0,0.0,2025-08-08 02:44:29,logistics
EVID0005309,DSP000885,TXN0054735,delivery_confirmation,NOT_APPLICABLE,0,0,0,0.0,2025-08-11 22:03:16,logistics
EVID0005310,DSP000885,TXN0054735,customer_communication,APPLICABLE,1,1,1,0.72,2025-08-11 00:44:47,crm
EVID0005311,DSP000886,TXN0054736,order_confirmation,APPLICABLE,1,1,1,0.66,2025-08-10 23:45:25,billing
EVID0005312,DSP000886,TXN0054736,invoice,APPLICABLE,1,1,1,0.67,2025-08-08 10:40:06,billing
EVID0005313,DSP000886,TXN0054736,shipping_label,UNAVAILABLE,0,0,1,0.0,2025-08-08 17:21:28,logistics
EVID0005314,DSP000886,TXN0054736,tracking_number,APPLICABLE,1,0,1,0.69,2025-08-11 13:55:21,logistics
EVID0005315,DSP000886,TXN0054736,delivery_confirmation,APPLICABLE,1,0,1,0.61,2025-08-08 01:03:14,logistics
EVID0005316,DSP000886,TXN0054736,customer_communication,APPLICABLE,1,1,1,0.7,2025-08-09 02:10:14,crm
EVID0005317,DSP000887,TXN0054752,order_confirmation,UNAVAILABLE,0,1,1,0.0,2025-08-17 16:34:36,billing
EVID0005318,DSP000887,TXN0054752,invoice,APPLICABLE,1,0,1,0.79,2025-08-16 22:49:04,billing
EVID0005319,DSP000887,TXN0054752,shipping_label,NOT_APPLICABLE,0,0,0,0.0,2025-09-09 12:50:15,logistics
EVID0005320,DSP000887,TXN0054752,tracking_number,NOT_APPLICABLE,0,0,0,0.0,2025-08-25 01:05:52,logistics
EVID0005321,DSP000887,TXN0054752,delivery_confirmation,NOT_APPLICABLE,0,0,0,0.0,2025-08-09 09:37:14,logistics
EVID0005322,DSP000887,TXN0054752,customer_communication,UNAVAILABLE,0,0,0,0.0,2025-08-12 09:17:49,crm
EVID0005323,DSP000888,TXN0054790,order_confirmation,APPLICABLE,1,1,1,0.63,2025-08-16 18:50:13,billing
EVID0005324,DSP000888,TXN0054790,invoice,APPLICABLE,1,0,1,0.6,2025-08-16 21:22:50,billing
EVID0005325,DSP000888,TXN0054790,shipping_label,APPLICABLE,1,1,1,0.67,2025-08-12 05:44:20,logistics
EVID0005326,DSP000888,TXN0054790,tracking_number,APPLICABLE,1,1,1,0.91,2025-08-20 11:50:53,logistics
EVID0005327,DSP000888,TXN0054790,delivery_confirmation,APPLICABLE,1,1,1,0.67,2025-08-14 05:04:45,logistics
EVID0005328,DSP000888,TXN0054790,customer_communication,APPLICABLE,1,0,1,0.66,2025-08-20 14:20:18,crm
EVID0005329,DSP000889,TXN0054811,order_confirmation,UNAVAILABLE,0,1,1,0.0,2025-09-05 11:38:11,billing
EVID0005330,DSP000889,TXN0054811,invoice,APPLICABLE,1,1,1,0.92,2025-09-14 11:18:20,billing
EVID0005331,DSP000889,TXN0054811,shipping_label,APPLICABLE,1,0,1,0.9,2025-08-09 02:21:17,logistics
EVID0005332,DSP000889,TXN0054811,tracking_number,APPLICABLE,1,0,0,0.6,2025-09-03 02:12:13,logistics
EVID0005333,DSP000889,TXN0054811,delivery_confirmation,APPLICABLE,1,0,1,0.85,2025-08-18 22:52:58,logistics
EVID0005334,DSP000889,TXN0054811,customer_communication,APPLICABLE,1,1,1,0.78,2025-09-12 04:02:34,crm
EVID0005335,DSP000890,TXN0054815,order_confirmation,APPLICABLE,1,1,1,0.84,2025-08-08 12:41:23,billing
EVID0005336,DSP000890,TXN0054815,invoice,APPLICABLE,1,1,1,0.91,2025-08-26 00:42:52,billing
EVID0005337,DSP000890,TXN0054815,shipping_label,APPLICABLE,1,0,1,0.62,2025-08-10 19:39:23,logistics
EVID0005338,DSP000890,TXN0054815,tracking_number,APPLICABLE,1,0,1,0.86,2025-08-13 14:50:27,logistics
EVID0005339,DSP000890,TXN0054815,delivery_confirmation,APPLICABLE,1,0,1,0.82,2025-08-20 15:52:59,logistics
EVID0005340,DSP000890,TXN0054815,customer_communication,APPLICABLE,1,1,1,0.76,2025-08-29 02:05:03,crm
EVID0005341,DSP000891,TXN0054830,order_confirmation,APPLICABLE,1,1,1,0.91,2025-08-17 10:39:44,billing
EVID0005342,DSP000891,TXN0054830,invoice,APPLICABLE,1,0,1,0.86,2025-08-29 19:13:23,billing
EVID0005343,DSP000891,TXN0054830,shipping_label,NOT_APPLICABLE,0,0,0,0.0,2025-08-13 16:01:02,logistics
EVID0005344,DSP000891,TXN0054830,tracking_number,NOT_APPLICABLE,0,0,0,0.0,2025-08-17 05:40:44,logistics
EVID0005345,DSP000891,TXN0054830,delivery_confirmation,NOT_APPLICABLE,0,0,0,0.0,2025-08-25 16:22:23,logistics
EVID0005346,DSP000891,TXN0054830,customer_communication,APPLICABLE,1,1,1,0.69,2025-08-26 21:15:31,crm
EVID0005347,DSP000892,TXN0054847,order_confirmation,UNAVAILABLE,0,1,1,0.0,2025-08-18 09:08:23,billing
EVID0005348,DSP000892,TXN0054847,invoice,APPLICABLE,1,0,0,0.6,2025-08-11 05:26:45,billing
EVID0005349,DSP000892,TXN0054847,shipping_label,NOT_APPLICABLE,0,0,0,0.0,2025-08-16 02:47:24,logistics
EVID0005350,DSP000892,TXN0054847,tracking_number,NOT_APPLICABLE,0,0,0,0.0,2025-08-11 11:43:11,logistics
EVID0005351,DSP000892,TXN0054847,delivery_confirmation,NOT_APPLICABLE,0,0,0,0.0,2025-08-19 19:06:57,logistics
EVID0005352,DSP000892,TXN0054847,customer_communication,APPLICABLE,1,0,1,0.72,2025-08-11 03:58:20,crm
EVID0005353,DSP000893,TXN0054874,order_confirmation,APPLICABLE,1,1,1,0.81,2025-08-26 02:55:23,billing
EVID0005354,DSP000893,TXN0054874,invoice,APPLICABLE,1,0,1,0.65,2025-09-11 19:06:24,billing
EVID0005355,DSP000893,TXN0054874,shipping_label,APPLICABLE,1,1,1,0.68,2025-08-22 13:53:46,logistics
EVID0005356,DSP000893,TXN0054874,tracking_number,APPLICABLE,1,1,1,0.88,2025-09-04 15:08:30,logistics
EVID0005357,DSP000893,TXN0054874,delivery_confirmation,APPLICABLE,1,1,1,0.72,2025-09-12 15:23:09,logistics
EVID0005358,DSP000893,TXN0054874,customer_communication,APPLICABLE,1,0,1,0.85,2025-08-10 13:20:53,crm
EVID0005359,DSP000894,TXN0055010,order_confirmation,APPLICABLE,1,1,1,0.85,2025-08-18 11:03:13,billing
EVID0005360,DSP000894,TXN0055010,invoice,UNAVAILABLE,0,1,1,0.0,2025-08-16 00:07:05,billing
EVID0005361,DSP000894,TXN0055010,shipping_label,APPLICABLE,1,0,0,0.8,2025-08-20 05:05:33,logistics
EVID0005362,DSP000894,TXN0055010,tracking_number,APPLICABLE,1,0,1,0.64,2025-08-23 16:39:17,logistics
EVID0005363,DSP000894,TXN0055010,delivery_confirmation,APPLICABLE,1,0,0,0.6,2025-08-26 23:45:18,logistics
EVID0005364,DSP000894,TXN0055010,customer_communication,APPLICABLE,1,1,1,0.63,2025-08-16 16:39:34,crm
EVID0005365,DSP000895,TXN0055013,order_confirmation,APPLICABLE,1,1,1,0.72,2025-08-28 22:21:49,billing
EVID0005366,DSP000895,TXN0055013,invoice,APPLICABLE,1,1,1,0.72,2025-08-23 06:24:23,billing
EVID0005367,DSP000895,TXN0055013,shipping_label,NOT_APPLICABLE,0,0,0,0.0,2025-08-29 22:27:25,logistics
EVID0005368,DSP000895,TXN0055013,tracking_number,NOT_APPLICABLE,0,0,0,0.0,2025-08-18 07:47:45,logistics
EVID0005369,DSP000895,TXN0055013,delivery_confirmation,NOT_APPLICABLE,0,0,0,0.0,2025-08-12 12:56:45,logistics
EVID0005370,DSP000895,TXN0055013,customer_communication,APPLICABLE,1,1,1,0.67,2025-09-01 06:02:57,crm
EVID0005371,DSP000896,TXN0055038,order_confirmation,APPLICABLE,1,1,1,0.63,2025-09-02 05:02:40,billing
EVID0005372,DSP000896,TXN0055038,invoice,APPLICABLE,1,1,1,0.8,2025-08-14 10:46:00,billing
EVID0005373,DSP000896,TXN0055038,shipping_label,UNAVAILABLE,0,0,0,0.0,2025-08-28 14:02:13,logistics
EVID0005374,DSP000896,TXN0055038,tracking_number,APPLICABLE,1,0,1,0.76,2025-08-30 14:36:27,logistics
EVID0005375,DSP000896,TXN0055038,delivery_confirmation,APPLICABLE,1,0,1,0.75,2025-09-03 17:10:42,logistics
EVID0005376,DSP000896,TXN0055038,customer_communication,APPLICABLE,1,1,1,0.77,2025-08-13 11:16:18,crm
EVID0005377,DSP000897,TXN0055175,order_confirmation,UNAVAILABLE,0,1,1,0.0,2025-08-12 03:00:28,billing
EVID0005378,DSP000897,TXN0055175,invoice,APPLICABLE,1,0,0,0.81,2025-08-13 18:02:20,billing
EVID0005379,DSP000897,TXN0055175,shipping_label,UNAVAILABLE,0,0,1,0.0,2025-08-11 05:26:49,logistics
EVID0005380,DSP000897,TXN0055175,tracking_number,APPLICABLE,1,0,1,0.6,2025-08-18 11:37:37,logistics
EVID0005381,DSP000897,TXN0055175,delivery_confirmation,APPLICABLE,1,1,1,0.6,2025-08-14 11:43:36,logistics
EVID0005382,DSP000897,TXN0055175,customer_communication,APPLICABLE,1,1,1,0.6,2025-08-17 21:01:04,crm
EVID0005383,DSP000898,TXN0055257,order_confirmation,APPLICABLE,1,1,1,0.71,2025-08-21 04:14:09,billing
EVID0005384,DSP000898,TXN0055257,invoice,APPLICABLE,1,1,1,0.62,2025-09-19 13:23:27,billing
EVID0005385,DSP000898,TXN0055257,shipping_label,APPLICABLE,1,0,1,0.68,2025-08-30 11:44:21,logistics
EVID0005386,DSP000898,TXN0055257,tracking_number,APPLICABLE,1,0,1,0.64,2025-09-14 01:50:34,logistics
EVID0005387,DSP000898,TXN0055257,delivery_confirmation,APPLICABLE,1,0,0,0.88,2025-09-03 02:25:42,logistics
EVID0005388,DSP000898,TXN0055257,customer_communication,APPLICABLE,1,1,1,0.85,2025-08-23 09:25:13,crm
EVID0005389,DSP000899,TXN0055268,order_confirmation,APPLICABLE,1,1,1,0.76,2025-09-15 15:01:47,billing
EVID0005390,DSP000899,TXN0055268,invoice,APPLICABLE,1,0,1,0.62,2025-09-17 05:41:55,billing
EVID0005391,DSP000899,TXN0055268,shipping_label,NOT_APPLICABLE,0,0,0,0.0,2025-09-17 19:05:14,logistics
EVID0005392,DSP000899,TXN0055268,tracking_number,NOT_APPLICABLE,0,0,0,0.0,2025-09-10 03:59:26,logistics
EVID0005393,DSP000899,TXN0055268,delivery_confirmation,NOT_APPLICABLE,0,0,0,0.0,2025-08-29 08:10:52,logistics
EVID0005394,DSP000899,TXN0055268,customer_communication,APPLICABLE,1,0,1,0.94,2025-08-27 04:45:23,crm
EVID0005395,DSP000900,TXN0055349,order_confirmation,APPLICABLE,1,1,1,0.91,2025-09-02 21:41:58,billing
EVID0005396,DSP000900,TXN0055349,invoice,APPLICABLE,1,1,1,0.81,2025-09-04 05:01:07,billing
EVID0005397,DSP000900,TXN0055349,shipping_label,APPLICABLE,1,0,1,0.72,2025-08-23 22:06:32,logistics
EVID0005398,DSP000900,TXN0055349,tracking_number,APPLICABLE,1,0,1,0.72,2025-08-17 12:52:51,logistics
EVID0005399,DSP000900,TXN0055349,delivery_confirmation,UNAVAILABLE,0,0,1,0.0,2025-09-16 15:57:43,logistics
EVID0005400,DSP000900,TXN0055349,customer_communication,APPLICABLE,1,1,1,0.82,2025-09-01 10:51:56,crm
EVID0005401,DSP000901,TXN0055382,order_confirmation,APPLICABLE,1,1,1,0.78,2025-08-16 11:37:55,billing
EVID0005402,DSP000901,TXN0055382,invoice,APPLICABLE,1,0,1,0.82,2025-08-13 06:01:20,billing
EVID0005403,DSP000901,TXN0055382,shipping_label,APPLICABLE,1,0,0,0.8,2025-08-18 01:49:00,logistics
EVID0005404,DSP000901,TXN0055382,tracking_number,UNAVAILABLE,0,0,0,0.0,2025-08-12 01:59:53,logistics
EVID0005405,DSP000901,TXN0055382,delivery_confirmation,UNAVAILABLE,0,1,1,0.0,2025-08-10 19:26:53,logistics
EVID0005406,DSP000901,TXN0055382,customer_communication,APPLICABLE,1,1,1,0.75,2025-08-11 15:48:07,crm
EVID0005407,DSP000902,TXN0055409,order_confirmation,APPLICABLE,1,1,1,0.83,2025-08-10 20:10:29,billing
EVID0005408,DSP000902,TXN0055409,invoice,APPLICABLE,1,1,1,0.73,2025-08-12 16:32:56,billing
EVID0005409,DSP000902,TXN0055409,shipping_label,NOT_APPLICABLE,0,0,0,0.0,2025-08-15 03:50:00,logistics
EVID0005410,DSP000902,TXN0055409,tracking_number,NOT_APPLICABLE,0,0,0,0.0,2025-08-14 11:36:59,logistics
EVID0005411,DSP000902,TXN0055409,delivery_confirmation,NOT_APPLICABLE,0,0,0,0.0,2025-08-12 08:52:16,logistics
EVID0005412,DSP000902,TXN0055409,customer_communication,APPLICABLE,1,1,1,0.6,2025-08-14 04:34:00,crm
EVID0005413,DSP000903,TXN0055501,order_confirmation,APPLICABLE,1,1,1,0.95,2025-08-16 17:15:08,billing
EVID0005414,DSP000903,TXN0055501,invoice,APPLICABLE,1,0,1,0.77,2025-08-16 09:37:51,billing
EVID0005415,DSP000903,TXN0055501,shipping_label,APPLICABLE,1,1,1,0.63,2025-08-13 04:42:32,logistics
EVID0005416,DSP000903,TXN0055501,tracking_number,APPLICABLE,1,1,1,0.85,2025-08-14 07:23:55,logistics
EVID0005417,DSP000903,TXN0055501,delivery_confirmation,APPLICABLE,1,1,1,0.94,2025-08-16 18:54:56,logistics
EVID0005418,DSP000903,TXN0055501,customer_communication,UNAVAILABLE,0,0,1,0.0,2025-08-16 16:41:16,crm
EVID0005419,DSP000904,TXN0055502,order_confirmation,APPLICABLE,1,1,1,0.79,2025-08-30 09:31:13,billing
EVID0005420,DSP000904,TXN0055502,invoice,APPLICABLE,1,1,1,0.85,2025-08-23 20:50:39,billing
EVID0005421,DSP000904,TXN0055502,shipping_label,NOT_APPLICABLE,0,0,0,0.0,2025-08-24 00:23:33,logistics
EVID0005422,DSP000904,TXN0055502,tracking_number,NOT_APPLICABLE,0,0,0,0.0,2025-08-11 04:15:25,logistics
EVID0005423,DSP000904,TXN0055502,delivery_confirmation,NOT_APPLICABLE,0,0,0,0.0,2025-08-29 07:00:18,logistics
EVID0005424,DSP000904,TXN0055502,customer_communication,APPLICABLE,1,1,1,0.9,2025-08-11 12:22:14,crm
EVID0005425,DSP000905,TXN0055526,order_confirmation,UNAVAILABLE,0,1,1,0.0,2025-08-14 14:51:23,billing
EVID0005426,DSP000905,TXN0055526,invoice,APPLICABLE,1,0,1,0.6,2025-08-21 03:39:07,billing
EVID0005427,DSP000905,TXN0055526,shipping_label,NOT_APPLICABLE,0,0,0,0.0,2025-08-15 08:51:01,logistics
EVID0005428,DSP000905,TXN0055526,tracking_number,NOT_APPLICABLE,0,0,0,0.0,2025-08-16 04:08:17,logistics
EVID0005429,DSP000905,TXN0055526,delivery_confirmation,NOT_APPLICABLE,0,0,0,0.0,2025-08-16 09:07:08,logistics
EVID0005430,DSP000905,TXN0055526,customer_communication,APPLICABLE,1,0,1,0.6,2025-08-11 05:42:52,crm
EVID0005431,DSP000906,TXN0055533,order_confirmation,UNAVAILABLE,0,1,1,0.0,2025-08-18 03:58:26,billing
EVID0005432,DSP000906,TXN0055533,invoice,UNAVAILABLE,0,0,0,0.0,2025-08-14 19:03:31,billing
EVID0005433,DSP000906,TXN0055533,shipping_label,NOT_APPLICABLE,0,0,0,0.0,2025-08-22 17:44:43,logistics
EVID0005434,DSP000906,TXN0055533,tracking_number,NOT_APPLICABLE,0,0,0,0.0,2025-08-21 06:19:39,logistics
EVID0005435,DSP000906,TXN0055533,delivery_confirmation,NOT_APPLICABLE,0,0,0,0.0,2025-08-14 01:46:58,logistics
EVID0005436,DSP000906,TXN0055533,customer_communication,APPLICABLE,1,1,1,0.75,2025-08-18 09:27:31,crm
EVID0005437,DSP000907,TXN0055615,order_confirmation,APPLICABLE,1,1,1,0.87,2025-09-08 00:12:56,billing
EVID0005438,DSP000907,TXN0055615,invoice,APPLICABLE,1,0,0,0.65,2025-09-04 04:59:16,billing
EVID0005439,DSP000907,TXN0055615,shipping_label,NOT_APPLICABLE,0,0,0,0.0,2025-09-07 06:39:23,logistics
EVID0005440,DSP000907,TXN0055615,tracking_number,NOT_APPLICABLE,0,0,0,0.0,2025-09-06 13:53:20,logistics
EVID0005441,DSP000907,TXN0055615,delivery_confirmation,NOT_APPLICABLE,0,0,0,0.0,2025-09-03 04:49:46,logistics
EVID0005442,DSP000907,TXN0055615,customer_communication,APPLICABLE,1,1,1,0.69,2025-09-03 11:55:40,crm
EVID0005443,DSP000908,TXN0055698,order_confirmation,APPLICABLE,1,1,1,0.66,2025-08-21 03:19:49,billing
EVID0005444,DSP000908,TXN0055698,invoice,UNAVAILABLE,0,1,1,0.0,2025-08-18 00:46:06,billing
EVID0005445,DSP000908,TXN0055698,shipping_label,APPLICABLE,1,0,0,0.8,2025-08-23 15:30:38,logistics
EVID0005446,DSP000908,TXN0055698,tracking_number,UNAVAILABLE,0,0,0,0.0,2025-08-20 19:24:55,logistics
EVID0005447,DSP000908,TXN0055698,delivery_confirmation,UNAVAILABLE,0,0,0,0.0,2025-08-20 04:49:55,logistics
EVID0005448,DSP000908,TXN0055698,customer_communication,APPLICABLE,1,1,1,0.77,2025-08-18 13:01:44,crm
EVID0005449,DSP000909,TXN0055714,order_confirmation,APPLICABLE,1,1,1,0.63,2025-08-11 23:48:10,billing
EVID0005450,DSP000909,TXN0055714,invoice,APPLICABLE,1,1,1,0.61,2025-08-12 11:54:07,billing
EVID0005451,DSP000909,TXN0055714,shipping_label,NOT_APPLICABLE,0,0,0,0.0,2025-08-16 19:07:09,logistics
EVID0005452,DSP000909,TXN0055714,tracking_number,NOT_APPLICABLE,0,0,0,0.0,2025-08-13 22:35:39,logistics
EVID0005453,DSP000909,TXN0055714,delivery_confirmation,NOT_APPLICABLE,0,0,0,0.0,2025-08-13 20:02:26,logistics
EVID0005454,DSP000909,TXN0055714,customer_communication,APPLICABLE,1,1,1,0.81,2025-08-16 15:07:54,crm
EVID0005455,DSP000910,TXN0055800,order_confirmation,APPLICABLE,1,1,1,0.72,2025-08-14 08:15:25,billing
EVID0005456,DSP000910,TXN0055800,invoice,APPLICABLE,1,1,1,0.6,2025-08-12 15:00:34,billing
EVID0005457,DSP000910,TXN0055800,shipping_label,APPLICABLE,1,0,0,0.88,2025-08-14 15:11:07,logistics
EVID0005458,DSP000910,TXN0055800,tracking_number,APPLICABLE,1,0,1,0.83,2025-08-14 03:05:49,logistics
EVID0005459,DSP000910,TXN0055800,delivery_confirmation,UNAVAILABLE,0,0,0,0.0,2025-08-14 04:52:37,logistics
EVID0005460,DSP000910,TXN0055800,customer_communication,APPLICABLE,1,1,1,0.63,2025-08-14 12:49:24,crm
EVID0005461,DSP000911,TXN0055828,order_confirmation,APPLICABLE,1,1,1,0.75,2025-08-15 08:27:54,billing
EVID0005462,DSP000911,TXN0055828,invoice,APPLICABLE,1,1,1,0.86,2025-08-15 04:40:51,billing
EVID0005463,DSP000911,TXN0055828,shipping_label,APPLICABLE,1,0,0,0.68,2025-08-16 03:14:52,logistics
EVID0005464,DSP000911,TXN0055828,tracking_number,APPLICABLE,1,0,0,0.86,2025-08-13 09:04:59,logistics
EVID0005465,DSP000911,TXN0055828,delivery_confirmation,APPLICABLE,1,0,0,0.65,2025-08-13 03:25:13,logistics
EVID0005466,DSP000911,TXN0055828,customer_communication,UNAVAILABLE,0,1,1,0.0,2025-08-16 01:09:15,crm
EVID0005467,DSP000912,TXN0055867,order_confirmation,APPLICABLE,1,1,1,0.81,2025-08-25 12:21:29,billing
EVID0005468,DSP000912,TXN0055867,invoice,APPLICABLE,1,1,1,0.6,2025-08-20 08:41:04,billing
EVID0005469,DSP000912,TXN0055867,shipping_label,APPLICABLE,1,0,1,0.89,2025-08-13 08:28:54,logistics
EVID0005470,DSP000912,TXN0055867,tracking_number,APPLICABLE,1,0,0,0.85,2025-08-23 15:12:25,logistics
EVID0005471,DSP000912,TXN0055867,delivery_confirmation,APPLICABLE,1,0,1,0.68,2025-08-28 09:53:07,logistics
EVID0005472,DSP000912,TXN0055867,customer_communication,APPLICABLE,1,1,1,0.76,2025-09-02 09:39:23,crm
EVID0005473,DSP000913,TXN0055954,order_confirmation,APPLICABLE,1,1,1,0.76,2025-09-02 04:33:01,billing
EVID0005474,DSP000913,TXN0055954,invoice,APPLICABLE,1,1,1,0.8,2025-08-25 16:28:55,billing
EVID0005475,DSP000913,TXN0055954,shipping_label,NOT_APPLICABLE,0,0,0,0.0,2025-08-13 17:37:08,logistics
EVID0005476,DSP000913,TXN0055954,tracking_number,NOT_APPLICABLE,0,0,0,0.0,2025-09-04 13:05:19,logistics
EVID0005477,DSP000913,TXN0055954,delivery_confirmation,NOT_APPLICABLE,0,0,0,0.0,2025-09-10 06:54:20,logistics
EVID0005478,DSP000913,TXN0055954,customer_communication,APPLICABLE,1,0,0,0.66,2025-08-13 19:45:21,crm
EVID0005479,DSP000914,TXN0055976,order_confirmation,APPLICABLE,1,1,1,0.93,2025-08-28 10:49:30,billing
EVID0005480,DSP000914,TXN0055976,invoice,APPLICABLE,1,1,1,0.75,2025-08-17 13:02:08,billing
EVID0005481,DSP000914,TXN0055976,shipping_label,NOT_APPLICABLE,0,0,0,0.0,2025-09-05 12:09:21,logistics
EVID0005482,DSP000914,TXN0055976,tracking_number,NOT_APPLICABLE,0,0,0,0.0,2025-08-17 15:45:05,logistics
EVID0005483,DSP000914,TXN0055976,delivery_confirmation,NOT_APPLICABLE,0,0,0,0.0,2025-08-22 19:04:39,logistics
EVID0005484,DSP000914,TXN0055976,customer_communication,APPLICABLE,1,1,1,0.75,2025-08-29 02:36:26,crm
EVID0005485,DSP000915,TXN0056014,order_confirmation,APPLICABLE,1,1,1,0.61,2025-08-20 23:54:06,billing
EVID0005486,DSP000915,TXN0056014,invoice,APPLICABLE,1,0,0,0.8,2025-09-11 18:05:36,billing
EVID0005487,DSP000915,TXN0056014,shipping_label,APPLICABLE,1,1,1,0.69,2025-08-27 10:44:02,logistics
EVID0005488,DSP000915,TXN0056014,tracking_number,APPLICABLE,1,1,1,0.64,2025-08-30 13:04:55,logistics
EVID0005489,DSP000915,TXN0056014,delivery_confirmation,APPLICABLE,1,1,1,0.91,2025-09-03 01:44:00,logistics
EVID0005490,DSP000915,TXN0056014,customer_communication,APPLICABLE,1,0,1,0.89,2025-08-22 16:49:58,crm
EVID0005491,DSP000916,TXN0056032,order_confirmation,APPLICABLE,1,1,1,0.73,2025-08-23 10:30:27,billing
EVID0005492,DSP000916,TXN0056032,invoice,APPLICABLE,1,0,1,0.92,2025-08-26 23:52:46,billing
EVID0005493,DSP000916,TXN0056032,shipping_label,NOT_APPLICABLE,0,0,0,0.0,2025-08-25 22:00:51,logistics
EVID0005494,DSP000916,TXN0056032,tracking_number,NOT_APPLICABLE,0,0,0,0.0,2025-08-15 08:27:50,logistics
EVID0005495,DSP000916,TXN0056032,delivery_confirmation,NOT_APPLICABLE,0,0,0,0.0,2025-08-27 11:29:21,logistics
EVID0005496,DSP000916,TXN0056032,customer_communication,APPLICABLE,1,0,1,0.65,2025-09-09 21:17:10,crm
EVID0005497,DSP000917,TXN0056089,order_confirmation,APPLICABLE,1,1,1,0.82,2025-08-17 20:45:21,billing
EVID0005498,DSP000917,TXN0056089,invoice,APPLICABLE,1,1,1,0.74,2025-09-10 11:15:40,billing
EVID0005499,DSP000917,TXN0056089,shipping_label,NOT_APPLICABLE,0,0,0,0.0,2025-08-17 23:59:23,logistics
EVID0005500,DSP000917,TXN0056089,tracking_number,NOT_APPLICABLE,0,0,0,0.0,2025-08-29 18:03:43,logistics
EVID0005501,DSP000917,TXN0056089,delivery_confirmation,NOT_APPLICABLE,0,0,0,0.0,2025-08-26 16:06:37,logistics
EVID0005502,DSP000917,TXN0056089,customer_communication,UNAVAILABLE,0,1,1,0.0,2025-08-16 15:59:31,crm
EVID0005503,DSP000918,TXN0056139,order_confirmation,UNAVAILABLE,0,1,1,0.0,2025-09-03 07:03:48,billing
EVID0005504,DSP000918,TXN0056139,invoice,APPLICABLE,1,0,1,0.88,2025-08-23 17:48:46,billing
EVID0005505,DSP000918,TXN0056139,shipping_label,NOT_APPLICABLE,0,0,0,0.0,2025-08-30 10:06:07,logistics
EVID0005506,DSP000918,TXN0056139,tracking_number,NOT_APPLICABLE,0,0,0,0.0,2025-09-21 04:27:02,logistics
EVID0005507,DSP000918,TXN0056139,delivery_confirmation,NOT_APPLICABLE,0,0,0,0.0,2025-08-17 06:45:59,logistics
EVID0005508,DSP000918,TXN0056139,customer_communication,APPLICABLE,1,1,1,0.64,2025-09-14 04:32:40,crm
EVID0005509,DSP000919,TXN0056207,order_confirmation,APPLICABLE,1,1,1,0.77,2025-09-14 23:28:39,billing
EVID0005510,DSP000919,TXN0056207,invoice,APPLICABLE,1,1,1,0.63,2025-09-08 23:34:44,billing
EVID0005511,DSP000919,TXN0056207,shipping_label,NOT_APPLICABLE,0,0,0,0.0,2025-08-28 23:34:37,logistics
EVID0005512,DSP000919,TXN0056207,tracking_number,NOT_APPLICABLE,0,0,0,0.0,2025-08-23 11:36:03,logistics
EVID0005513,DSP000919,TXN0056207,delivery_confirmation,NOT_APPLICABLE,0,0,0,0.0,2025-09-02 21:12:19,logistics
EVID0005514,DSP000919,TXN0056207,customer_communication,APPLICABLE,1,1,1,0.6,2025-09-02 07:12:32,crm
EVID0005515,DSP000920,TXN0056208,order_confirmation,UNAVAILABLE,0,1,1,0.0,2025-08-24 18:39:19,billing
EVID0005516,DSP000920,TXN0056208,invoice,APPLICABLE,1,1,1,0.72,2025-08-30 01:50:33,billing
EVID0005517,DSP000920,TXN0056208,shipping_label,NOT_APPLICABLE,0,0,0,0.0,2025-09-01 07:22:04,logistics
EVID0005518,DSP000920,TXN0056208,tracking_number,NOT_APPLICABLE,0,0,0,0.0,2025-08-27 01:36:31,logistics
EVID0005519,DSP000920,TXN0056208,delivery_confirmation,NOT_APPLICABLE,0,0,0,0.0,2025-08-18 03:50:17,logistics
EVID0005520,DSP000920,TXN0056208,customer_communication,APPLICABLE,1,1,1,0.74,2025-08-14 05:28:03,crm
EVID0005521,DSP000921,TXN0056271,order_confirmation,APPLICABLE,1,1,1,0.63,2025-08-19 07:56:05,billing
EVID0005522,DSP000921,TXN0056271,invoice,APPLICABLE,1,0,0,0.85,2025-08-25 12:06:00,billing
EVID0005523,DSP000921,TXN0056271,shipping_label,NOT_APPLICABLE,0,0,0,0.0,2025-08-20 15:57:53,logistics
EVID0005524,DSP000921,TXN0056271,tracking_number,NOT_APPLICABLE,0,0,0,0.0,2025-08-27 02:12:44,logistics
EVID0005525,DSP000921,TXN0056271,delivery_confirmation,NOT_APPLICABLE,0,0,0,0.0,2025-08-24 16:32:37,logistics
EVID0005526,DSP000921,TXN0056271,customer_communication,APPLICABLE,1,0,1,0.66,2025-08-27 21:40:03,crm
EVID0005527,DSP000922,TXN0056330,order_confirmation,APPLICABLE,1,1,1,0.75,2025-09-05 20:53:36,billing
EVID0005528,DSP000922,TXN0056330,invoice,APPLICABLE,1,1,1,0.71,2025-08-21 14:11:28,billing
EVID0005529,DSP000922,TXN0056330,shipping_label,NOT_APPLICABLE,0,0,0,0.0,2025-08-26 02:06:48,logistics
EVID0005530,DSP000922,TXN0056330,tracking_number,NOT_APPLICABLE,0,0,0,0.0,2025-08-21 17:22:15,logistics
EVID0005531,DSP000922,TXN0056330,delivery_confirmation,NOT_APPLICABLE,0,0,0,0.0,2025-09-19 15:42:56,logistics
EVID0005532,DSP000922,TXN0056330,customer_communication,APPLICABLE,1,1,1,0.9,2025-09-16 16:29:51,crm
EVID0005533,DSP000923,TXN0056411,order_confirmation,APPLICABLE,1,1,1,0.71,2025-08-17 19:50:52,billing
EVID0005534,DSP000923,TXN0056411,invoice,APPLICABLE,1,0,1,0.79,2025-08-24 13:56:48,billing
EVID0005535,DSP000923,TXN0056411,shipping_label,APPLICABLE,1,1,1,0.82,2025-09-03 17:18:35,logistics
EVID0005536,DSP000923,TXN0056411,tracking_number,APPLICABLE,1,1,1,0.84,2025-08-27 15:47:09,logistics
EVID0005537,DSP000923,TXN0056411,delivery_confirmation,APPLICABLE,1,1,1,0.6,2025-08-28 15:12:56,logistics
EVID0005538,DSP000923,TXN0056411,customer_communication,UNAVAILABLE,0,0,0,0.0,2025-08-22 11:52:43,crm
EVID0005539,DSP000924,TXN0056440,order_confirmation,UNAVAILABLE,0,1,1,0.0,2025-08-20 12:02:28,billing
EVID0005540,DSP000924,TXN0056440,invoice,UNAVAILABLE,0,1,1,0.0,2025-08-24 14:55:10,billing
EVID0005541,DSP000924,TXN0056440,shipping_label,NOT_APPLICABLE,0,0,0,0.0,2025-08-20 13:24:43,logistics
EVID0005542,DSP000924,TXN0056440,tracking_number,NOT_APPLICABLE,0,0,0,0.0,2025-08-17 12:38:17,logistics
EVID0005543,DSP000924,TXN0056440,delivery_confirmation,NOT_APPLICABLE,0,0,0,0.0,2025-08-18 09:50:41,logistics
EVID0005544,DSP000924,TXN0056440,customer_communication,APPLICABLE,1,1,1,0.66,2025-08-19 10:17:05,crm
EVID0005545,DSP000925,TXN0056621,order_confirmation,APPLICABLE,1,1,1,0.85,2025-08-27 11:18:46,billing
EVID0005546,DSP000925,TXN0056621,invoice,UNAVAILABLE,0,0,0,0.0,2025-08-29 06:40:44,billing
EVID0005547,DSP000925,TXN0056621,shipping_label,NOT_APPLICABLE,0,0,0,0.0,2025-08-26 06:37:23,logistics
EVID0005548,DSP000925,TXN0056621,tracking_number,NOT_APPLICABLE,0,0,0,0.0,2025-08-25 22:24:04,logistics
EVID0005549,DSP000925,TXN0056621,delivery_confirmation,NOT_APPLICABLE,0,0,0,0.0,2025-08-31 09:24:59,logistics
EVID0005550,DSP000925,TXN0056621,customer_communication,APPLICABLE,1,0,1,0.76,2025-08-16 14:06:48,crm
EVID0005551,DSP000926,TXN0056645,order_confirmation,APPLICABLE,1,1,1,0.68,2025-08-16 11:02:13,billing
EVID0005552,DSP000926,TXN0056645,invoice,APPLICABLE,1,0,1,0.78,2025-08-22 00:35:16,billing
EVID0005553,DSP000926,TXN0056645,shipping_label,APPLICABLE,1,1,1,0.72,2025-08-22 11:52:29,logistics
EVID0005554,DSP000926,TXN0056645,tracking_number,UNAVAILABLE,0,1,1,0.0,2025-08-20 00:34:46,logistics
EVID0005555,DSP000926,TXN0056645,delivery_confirmation,APPLICABLE,1,1,1,0.89,2025-08-16 18:39:46,logistics
EVID0005556,DSP000926,TXN0056645,customer_communication,APPLICABLE,1,0,0,0.65,2025-08-27 13:05:03,crm
EVID0005557,DSP000927,TXN0056681,order_confirmation,APPLICABLE,1,1,1,0.65,2025-08-19 11:43:13,billing
EVID0005558,DSP000927,TXN0056681,invoice,APPLICABLE,1,0,1,0.92,2025-08-16 15:26:50,billing
EVID0005559,DSP000927,TXN0056681,shipping_label,APPLICABLE,1,0,1,0.65,2025-08-20 19:28:37,logistics
EVID0005560,DSP000927,TXN0056681,tracking_number,APPLICABLE,1,0,0,0.77,2025-08-20 06:47:08,logistics
EVID0005561,DSP000927,TXN0056681,delivery_confirmation,APPLICABLE,1,1,1,0.8,2025-08-16 23:13:53,logistics
EVID0005562,DSP000927,TXN0056681,customer_communication,APPLICABLE,1,1,1,0.64,2025-08-20 16:31:54,crm
EVID0005563,DSP000928,TXN0056696,order_confirmation,APPLICABLE,1,1,1,0.75,2025-09-02 19:00:48,billing
EVID0005564,DSP000928,TXN0056696,invoice,APPLICABLE,1,1,1,0.89,2025-08-28 02:33:48,billing
EVID0005565,DSP000928,TXN0056696,shipping_label,NOT_APPLICABLE,0,0,0,0.0,2025-08-18 21:25:36,logistics
EVID0005566,DSP000928,TXN0056696,tracking_number,NOT_APPLICABLE,0,0,0,0.0,2025-08-28 15:12:35,logistics
EVID0005567,DSP000928,TXN0056696,delivery_confirmation,NOT_APPLICABLE,0,0,0,0.0,2025-09-01 02:04:55,logistics
EVID0005568,DSP000928,TXN0056696,customer_communication,APPLICABLE,1,1,1,0.78,2025-08-30 01:15:59,crm
EVID0005569,DSP000929,TXN0056922,order_confirmation,APPLICABLE,1,1,1,0.86,2025-08-22 14:38:40,billing
EVID0005570,DSP000929,TXN0056922,invoice,APPLICABLE,1,0,0,0.68,2025-08-31 09:22:33,billing
EVID0005571,DSP000929,TXN0056922,shipping_label,APPLICABLE,1,0,0,0.6,2025-08-19 19:11:10,logistics
EVID0005572,DSP000929,TXN0056922,tracking_number,APPLICABLE,1,0,0,0.62,2025-09-04 14:22:15,logistics
EVID0005573,DSP000929,TXN0056922,delivery_confirmation,APPLICABLE,1,1,1,0.63,2025-09-05 09:53:02,logistics
EVID0005574,DSP000929,TXN0056922,customer_communication,APPLICABLE,1,1,1,0.74,2025-08-24 10:31:46,crm
EVID0005575,DSP000930,TXN0057031,order_confirmation,UNAVAILABLE,0,1,1,0.0,2025-09-05 08:38:32,billing
EVID0005576,DSP000930,TXN0057031,invoice,APPLICABLE,1,0,1,0.77,2025-08-28 21:12:17,billing
EVID0005577,DSP000930,TXN0057031,shipping_label,NOT_APPLICABLE,0,0,0,0.0,2025-09-06 22:59:42,logistics
EVID0005578,DSP000930,TXN0057031,tracking_number,NOT_APPLICABLE,0,0,0,0.0,2025-08-28 00:18:54,logistics
EVID0005579,DSP000930,TXN0057031,delivery_confirmation,NOT_APPLICABLE,0,0,0,0.0,2025-08-24 10:24:46,logistics
EVID0005580,DSP000930,TXN0057031,customer_communication,UNAVAILABLE,0,0,0,0.0,2025-08-22 14:45:51,crm
EVID0005581,DSP000931,TXN0057199,order_confirmation,UNAVAILABLE,0,1,1,0.0,2025-08-28 13:57:36,billing
EVID0005582,DSP000931,TXN0057199,invoice,UNAVAILABLE,0,0,1,0.0,2025-08-27 19:50:35,billing
EVID0005583,DSP000931,TXN0057199,shipping_label,NOT_APPLICABLE,0,0,0,0.0,2025-08-24 02:05:28,logistics
EVID0005584,DSP000931,TXN0057199,tracking_number,NOT_APPLICABLE,0,0,0,0.0,2025-08-19 06:31:34,logistics
EVID0005585,DSP000931,TXN0057199,delivery_confirmation,NOT_APPLICABLE,0,0,0,0.0,2025-08-29 19:36:06,logistics
EVID0005586,DSP000931,TXN0057199,customer_communication,APPLICABLE,1,1,1,0.68,2025-08-30 20:42:57,crm
EVID0005587,DSP000932,TXN0057218,order_confirmation,APPLICABLE,1,1,1,0.83,2025-08-23 04:05:27,billing
EVID0005588,DSP000932,TXN0057218,invoice,APPLICABLE,1,1,1,0.84,2025-08-23 18:58:01,billing
EVID0005589,DSP000932,TXN0057218,shipping_label,APPLICABLE,1,0,1,0.63,2025-08-26 07:31:04,logistics
EVID0005590,DSP000932,TXN0057218,tracking_number,APPLICABLE,1,0,1,0.66,2025-08-21 00:24:34,logistics
EVID0005591,DSP000932,TXN0057218,delivery_confirmation,APPLICABLE,1,0,1,0.65,2025-08-21 09:33:05,logistics
EVID0005592,DSP000932,TXN0057218,customer_communication,APPLICABLE,1,1,1,0.87,2025-08-27 13:05:31,crm
EVID0005593,DSP000933,TXN0057275,order_confirmation,APPLICABLE,1,1,1,0.92,2025-08-27 08:08:28,billing
EVID0005594,DSP000933,TXN0057275,invoice,APPLICABLE,1,1,1,0.7,2025-08-25 21:26:25,billing
EVID0005595,DSP000933,TXN0057275,shipping_label,APPLICABLE,1,0,1,0.67,2025-08-18 22:11:38,logistics
EVID0005596,DSP000933,TXN0057275,tracking_number,UNAVAILABLE,0,0,1,0.0,2025-08-19 06:11:43,logistics
EVID0005597,DSP000933,TXN0057275,delivery_confirmation,UNAVAILABLE,0,0,1,0.0,2025-08-19 17:45:59,logistics
EVID0005598,DSP000933,TXN0057275,customer_communication,APPLICABLE,1,1,1,0.81,2025-08-24 05:32:19,crm
EVID0005599,DSP000934,TXN0057346,order_confirmation,APPLICABLE,1,1,1,0.7,2025-09-18 14:51:27,billing
EVID0005600,DSP000934,TXN0057346,invoice,UNAVAILABLE,0,0,1,0.0,2025-09-21 14:42:20,billing
EVID0005601,DSP000934,TXN0057346,shipping_label,NOT_APPLICABLE,0,0,0,0.0,2025-09-05 05:11:05,logistics
EVID0005602,DSP000934,TXN0057346,tracking_number,NOT_APPLICABLE,0,0,0,0.0,2025-09-20 20:48:00,logistics
EVID0005603,DSP000934,TXN0057346,delivery_confirmation,NOT_APPLICABLE,0,0,0,0.0,2025-08-24 12:37:51,logistics
EVID0005604,DSP000934,TXN0057346,customer_communication,UNAVAILABLE,0,1,1,0.0,2025-09-13 13:38:39,crm
EVID0005605,DSP000935,TXN0057401,order_confirmation,APPLICABLE,1,1,1,0.91,2025-09-06 20:02:16,billing
EVID0005606,DSP000935,TXN0057401,invoice,APPLICABLE,1,1,1,0.6,2025-08-31 03:54:23,billing
EVID0005607,DSP000935,TXN0057401,shipping_label,NOT_APPLICABLE,0,0,0,0.0,2025-09-02 08:44:54,logistics
EVID0005608,DSP000935,TXN0057401,tracking_number,NOT_APPLICABLE,0,0,0,0.0,2025-08-23 03:20:15,logistics
EVID0005609,DSP000935,TXN0057401,delivery_confirmation,NOT_APPLICABLE,0,0,0,0.0,2025-08-30 04:31:10,logistics
EVID0005610,DSP000935,TXN0057401,customer_communication,UNAVAILABLE,0,1,1,0.0,2025-09-02 04:42:40,crm
EVID0005611,DSP000936,TXN0057465,order_confirmation,APPLICABLE,1,1,1,0.76,2025-08-26 16:35:54,billing
EVID0005612,DSP000936,TXN0057465,invoice,APPLICABLE,1,0,1,0.72,2025-08-28 20:30:20,billing
EVID0005613,DSP000936,TXN0057465,shipping_label,NOT_APPLICABLE,0,0,0,0.0,2025-08-19 19:33:46,logistics
EVID0005614,DSP000936,TXN0057465,tracking_number,NOT_APPLICABLE,0,0,0,0.0,2025-08-25 15:27:47,logistics
EVID0005615,DSP000936,TXN0057465,delivery_confirmation,NOT_APPLICABLE,0,0,0,0.0,2025-08-20 22:29:01,logistics
EVID0005616,DSP000936,TXN0057465,customer_communication,APPLICABLE,1,0,1,0.6,2025-08-30 22:15:23,crm
EVID0005617,DSP000937,TXN0057522,order_confirmation,APPLICABLE,1,1,1,0.6,2025-09-08 22:01:20,billing
EVID0005618,DSP000937,TXN0057522,invoice,UNAVAILABLE,0,1,1,0.0,2025-08-24 06:53:58,billing
EVID0005619,DSP000937,TXN0057522,shipping_label,UNAVAILABLE,0,0,0,0.0,2025-08-27 04:44:37,logistics
EVID0005620,DSP000937,TXN0057522,tracking_number,UNAVAILABLE,0,0,0,0.0,2025-09-01 01:58:56,logistics
EVID0005621,DSP000937,TXN0057522,delivery_confirmation,UNAVAILABLE,0,0,1,0.0,2025-09-12 23:51:09,logistics
EVID0005622,DSP000937,TXN0057522,customer_communication,APPLICABLE,1,1,1,0.83,2025-08-22 15:15:13,crm
EVID0005623,DSP000938,TXN0057617,order_confirmation,UNAVAILABLE,0,1,1,0.0,2025-09-04 12:43:10,billing
EVID0005624,DSP000938,TXN0057617,invoice,APPLICABLE,1,0,1,0.6,2025-09-10 16:05:42,billing
EVID0005625,DSP000938,TXN0057617,shipping_label,NOT_APPLICABLE,0,0,0,0.0,2025-08-20 23:52:22,logistics
EVID0005626,DSP000938,TXN0057617,tracking_number,NOT_APPLICABLE,0,0,0,0.0,2025-08-22 04:42:23,logistics
EVID0005627,DSP000938,TXN0057617,delivery_confirmation,NOT_APPLICABLE,0,0,0,0.0,2025-08-28 14:04:44,logistics
EVID0005628,DSP000938,TXN0057617,customer_communication,APPLICABLE,1,1,1,0.67,2025-09-10 04:36:40,crm
EVID0005629,DSP000939,TXN0057718,order_confirmation,UNAVAILABLE,0,1,1,0.0,2025-08-22 03:05:08,billing
EVID0005630,DSP000939,TXN0057718,invoice,APPLICABLE,1,0,1,0.6,2025-08-22 04:16:34,billing
EVID0005631,DSP000939,TXN0057718,shipping_label,NOT_APPLICABLE,0,0,0,0.0,2025-08-23 18:26:43,logistics
EVID0005632,DSP000939,TXN0057718,tracking_number,NOT_APPLICABLE,0,0,0,0.0,2025-08-20 18:33:47,logistics
EVID0005633,DSP000939,TXN0057718,delivery_confirmation,NOT_APPLICABLE,0,0,0,0.0,2025-08-20 22:43:39,logistics
EVID0005634,DSP000939,TXN0057718,customer_communication,APPLICABLE,1,1,1,0.8,2025-08-21 05:34:18,crm
EVID0005635,DSP000940,TXN0057731,order_confirmation,APPLICABLE,1,1,1,0.83,2025-08-26 15:31:53,billing
EVID0005636,DSP000940,TXN0057731,invoice,APPLICABLE,1,1,1,0.77,2025-09-18 04:02:28,billing
EVID0005637,DSP000940,TXN0057731,shipping_label,APPLICABLE,1,0,1,0.6,2025-09-22 14:55:22,logistics
EVID0005638,DSP000940,TXN0057731,tracking_number,APPLICABLE,1,0,1,0.73,2025-09-09 06:00:54,logistics
EVID0005639,DSP000940,TXN0057731,delivery_confirmation,APPLICABLE,1,0,1,0.85,2025-09-04 20:05:21,logistics
EVID0005640,DSP000940,TXN0057731,customer_communication,APPLICABLE,1,1,1,0.85,2025-09-11 05:59:09,crm
EVID0005641,DSP000941,TXN0057904,order_confirmation,UNAVAILABLE,0,1,1,0.0,2025-08-29 04:37:20,billing
EVID0005642,DSP000941,TXN0057904,invoice,APPLICABLE,1,0,1,0.71,2025-08-28 01:06:45,billing
EVID0005643,DSP000941,TXN0057904,shipping_label,UNAVAILABLE,0,1,1,0.0,2025-08-30 21:11:48,logistics
EVID0005644,DSP000941,TXN0057904,tracking_number,APPLICABLE,1,1,1,0.85,2025-08-24 19:47:51,logistics
EVID0005645,DSP000941,TXN0057904,delivery_confirmation,APPLICABLE,1,1,1,0.6,2025-08-30 13:15:45,logistics
EVID0005646,DSP000941,TXN0057904,customer_communication,APPLICABLE,1,0,1,0.74,2025-08-24 06:27:44,crm
EVID0005647,DSP000942,TXN0057943,order_confirmation,APPLICABLE,1,1,1,0.95,2025-08-29 22:49:01,billing
EVID0005648,DSP000942,TXN0057943,invoice,UNAVAILABLE,0,0,1,0.0,2025-08-25 10:37:58,billing
EVID0005649,DSP000942,TXN0057943,shipping_label,APPLICABLE,1,0,1,0.68,2025-08-30 13:54:06,logistics
EVID0005650,DSP000942,TXN0057943,tracking_number,UNAVAILABLE,0,0,1,0.0,2025-08-30 04:28:46,logistics
EVID0005651,DSP000942,TXN0057943,delivery_confirmation,APPLICABLE,1,1,1,0.93,2025-09-03 20:57:04,logistics
EVID0005652,DSP000942,TXN0057943,customer_communication,APPLICABLE,1,1,1,0.8,2025-08-26 11:26:52,crm
EVID0005653,DSP000943,TXN0058033,order_confirmation,APPLICABLE,1,1,1,0.89,2025-08-25 06:15:57,billing
EVID0005654,DSP000943,TXN0058033,invoice,APPLICABLE,1,0,1,0.65,2025-08-25 08:23:45,billing
EVID0005655,DSP000943,TXN0058033,shipping_label,NOT_APPLICABLE,0,0,0,0.0,2025-08-22 22:26:40,logistics
EVID0005656,DSP000943,TXN0058033,tracking_number,NOT_APPLICABLE,0,0,0,0.0,2025-08-22 02:05:41,logistics
EVID0005657,DSP000943,TXN0058033,delivery_confirmation,NOT_APPLICABLE,0,0,0,0.0,2025-08-24 08:28:55,logistics
EVID0005658,DSP000943,TXN0058033,customer_communication,APPLICABLE,1,0,0,0.93,2025-08-22 18:00:40,crm
EVID0005659,DSP000944,TXN0058156,order_confirmation,APPLICABLE,1,1,1,0.91,2025-09-01 09:18:33,billing
EVID0005660,DSP000944,TXN0058156,invoice,APPLICABLE,1,1,1,0.75,2025-08-28 07:00:28,billing
EVID0005661,DSP000944,TXN0058156,shipping_label,UNAVAILABLE,0,0,1,0.0,2025-08-25 14:24:00,logistics
EVID0005662,DSP000944,TXN0058156,tracking_number,APPLICABLE,1,0,0,0.65,2025-08-24 03:20:13,logistics
EVID0005663,DSP000944,TXN0058156,delivery_confirmation,APPLICABLE,1,0,1,0.63,2025-08-30 21:47:02,logistics
EVID0005664,DSP000944,TXN0058156,customer_communication,APPLICABLE,1,1,1,0.65,2025-08-26 02:33:31,crm
EVID0005665,DSP000945,TXN0058177,order_confirmation,APPLICABLE,1,1,1,0.74,2025-08-28 16:42:00,billing
EVID0005666,DSP000945,TXN0058177,invoice,UNAVAILABLE,0,0,0,0.0,2025-08-27 14:17:17,billing
EVID0005667,DSP000945,TXN0058177,shipping_label,APPLICABLE,1,1,1,0.68,2025-08-31 16:47:46,logistics
EVID0005668,DSP000945,TXN0058177,tracking_number,UNAVAILABLE,0,1,1,0.0,2025-08-27 19:41:27,logistics
EVID0005669,DSP000945,TXN0058177,delivery_confirmation,UNAVAILABLE,0,1,1,0.0,2025-08-30 11:44:31,logistics
EVID0005670,DSP000945,TXN0058177,customer_communication,APPLICABLE,1,0,1,0.69,2025-08-28 07:28:12,crm
EVID0005671,DSP000946,TXN0058198,order_confirmation,UNAVAILABLE,0,1,1,0.0,2025-08-24 19:51:43,billing
EVID0005672,DSP000946,TXN0058198,invoice,APPLICABLE,1,0,1,0.72,2025-08-24 16:11:30,billing
EVID0005673,DSP000946,TXN0058198,shipping_label,NOT_APPLICABLE,0,0,0,0.0,2025-09-01 05:36:54,logistics
EVID0005674,DSP000946,TXN0058198,tracking_number,NOT_APPLICABLE,0,0,0,0.0,2025-08-31 20:30:04,logistics
EVID0005675,DSP000946,TXN0058198,delivery_confirmation,NOT_APPLICABLE,0,0,0,0.0,2025-08-25 14:13:43,logistics
EVID0005676,DSP000946,TXN0058198,customer_communication,APPLICABLE,1,1,1,0.94,2025-08-25 20:34:00,crm
EVID0005677,DSP000947,TXN0058268,order_confirmation,APPLICABLE,1,1,1,0.76,2025-09-01 14:42:54,billing
EVID0005678,DSP000947,TXN0058268,invoice,APPLICABLE,1,1,1,0.69,2025-09-02 01:09:17,billing
EVID0005679,DSP000947,TXN0058268,shipping_label,NOT_APPLICABLE,0,0,0,0.0,2025-09-05 07:40:56,logistics
EVID0005680,DSP000947,TXN0058268,tracking_number,NOT_APPLICABLE,0,0,0,0.0,2025-08-31 18:37:32,logistics
EVID0005681,DSP000947,TXN0058268,delivery_confirmation,NOT_APPLICABLE,0,0,0,0.0,2025-09-11 21:23:33,logistics
EVID0005682,DSP000947,TXN0058268,customer_communication,APPLICABLE,1,1,1,0.65,2025-08-31 08:08:52,crm
EVID0005683,DSP000948,TXN0058271,order_confirmation,APPLICABLE,1,1,1,0.69,2025-09-05 16:11:48,billing
EVID0005684,DSP000948,TXN0058271,invoice,APPLICABLE,1,1,1,0.85,2025-09-04 07:06:57,billing
EVID0005685,DSP000948,TXN0058271,shipping_label,APPLICABLE,1,0,1,0.89,2025-09-03 00:27:29,logistics
EVID0005686,DSP000948,TXN0058271,tracking_number,UNAVAILABLE,0,0,1,0.0,2025-09-13 11:31:24,logistics
EVID0005687,DSP000948,TXN0058271,delivery_confirmation,APPLICABLE,1,0,0,0.87,2025-09-03 15:24:32,logistics
EVID0005688,DSP000948,TXN0058271,customer_communication,APPLICABLE,1,1,1,0.89,2025-09-09 12:45:24,crm
EVID0005689,DSP000949,TXN0058407,order_confirmation,APPLICABLE,1,1,1,0.95,2025-09-14 10:58:07,billing
EVID0005690,DSP000949,TXN0058407,invoice,APPLICABLE,1,1,1,0.78,2025-08-27 09:03:42,billing
EVID0005691,DSP000949,TXN0058407,shipping_label,NOT_APPLICABLE,0,0,0,0.0,2025-08-23 17:11:34,logistics
EVID0005692,DSP000949,TXN0058407,tracking_number,NOT_APPLICABLE,0,0,0,0.0,2025-09-14 23:27:20,logistics
EVID0005693,DSP000949,TXN0058407,delivery_confirmation,NOT_APPLICABLE,0,0,0,0.0,2025-08-29 16:21:49,logistics
EVID0005694,DSP000949,TXN0058407,customer_communication,APPLICABLE,1,1,1,0.81,2025-09-07 21:46:39,crm
EVID0005695,DSP000950,TXN0058411,order_confirmation,APPLICABLE,1,1,1,0.6,2025-09-02 12:05:32,billing
EVID0005696,DSP000950,TXN0058411,invoice,UNAVAILABLE,0,1,1,0.0,2025-09-06 17:23:57,billing
EVID0005697,DSP000950,TXN0058411,shipping_label,APPLICABLE,1,0,0,0.7,2025-08-29 10:46:11,logistics
EVID0005698,DSP000950,TXN0058411,tracking_number,UNAVAILABLE,0,0,1,0.0,2025-08-25 00:03:55,logistics
EVID0005699,DSP000950,TXN0058411,delivery_confirmation,APPLICABLE,1,0,1,0.77,2025-08-25 13:00:42,logistics
EVID0005700,DSP000950,TXN0058411,customer_communication,APPLICABLE,1,1,1,0.69,2025-09-05 17:59:00,crm
EVID0005701,DSP000951,TXN0058445,order_confirmation,APPLICABLE,1,1,1,0.66,2025-08-29 02:01:25,billing
EVID0005702,DSP000951,TXN0058445,invoice,UNAVAILABLE,0,1,1,0.0,2025-08-27 16:03:09,billing
EVID0005703,DSP000951,TXN0058445,shipping_label,APPLICABLE,1,0,1,0.92,2025-08-23 22:06:39,logistics
EVID0005704,DSP000951,TXN0058445,tracking_number,APPLICABLE,1,0,0,0.87,2025-08-23 10:24:58,logistics
EVID0005705,DSP000951,TXN0058445,delivery_confirmation,APPLICABLE,1,0,0,0.84,2025-08-26 10:44:15,logistics
EVID0005706,DSP000951,TXN0058445,customer_communication,APPLICABLE,1,1,1,0.95,2025-08-29 11:48:47,crm
EVID0005707,DSP000952,TXN0058507,order_confirmation,APPLICABLE,1,1,1,0.75,2025-09-11 16:08:58,billing
EVID0005708,DSP000952,TXN0058507,invoice,APPLICABLE,1,1,1,0.8,2025-09-25 02:22:16,billing
EVID0005709,DSP000952,TXN0058507,shipping_label,APPLICABLE,1,0,1,0.88,2025-09-10 12:25:32,logistics
EVID0005710,DSP000952,TXN0058507,tracking_number,APPLICABLE,1,0,0,0.88,2025-08-29 22:21:47,logistics
EVID0005711,DSP000952,TXN0058507,delivery_confirmation,APPLICABLE,1,0,0,0.74,2025-09-19 16:13:46,logistics
EVID0005712,DSP000952,TXN0058507,customer_communication,APPLICABLE,1,0,0,0.78,2025-08-25 12:12:30,crm
EVID0005713,DSP000953,TXN0058526,order_confirmation,UNAVAILABLE,0,1,1,0.0,2025-09-04 18:57:06,billing
EVID0005714,DSP000953,TXN0058526,invoice,APPLICABLE,1,1,1,0.81,2025-09-04 12:35:53,billing
EVID0005715,DSP000953,TXN0058526,shipping_label,APPLICABLE,1,0,1,0.94,2025-08-31 19:04:58,logistics
EVID0005716,DSP000953,TXN0058526,tracking_number,APPLICABLE,1,0,1,0.75,2025-09-03 22:10:38,logistics
EVID0005717,DSP000953,TXN0058526,delivery_confirmation,APPLICABLE,1,0,0,0.65,2025-08-26 18:20:48,logistics
EVID0005718,DSP000953,TXN0058526,customer_communication,APPLICABLE,1,1,1,0.71,2025-08-25 17:43:18,crm
EVID0005719,DSP000954,TXN0058543,order_confirmation,APPLICABLE,1,1,1,0.66,2025-09-05 05:31:26,billing
EVID0005720,DSP000954,TXN0058543,invoice,APPLICABLE,1,0,1,0.66,2025-08-29 06:15:36,billing
EVID0005721,DSP000954,TXN0058543,shipping_label,APPLICABLE,1,1,1,0.71,2025-09-07 19:06:52,logistics
EVID0005722,DSP000954,TXN0058543,tracking_number,APPLICABLE,1,1,1,0.79,2025-08-25 17:34:54,logistics
EVID0005723,DSP000954,TXN0058543,delivery_confirmation,APPLICABLE,1,1,1,0.61,2025-08-29 19:06:36,logistics
EVID0005724,DSP000954,TXN0058543,customer_communication,APPLICABLE,1,0,1,0.83,2025-09-16 19:45:06,crm
EVID0005725,DSP000955,TXN0058569,order_confirmation,APPLICABLE,1,1,1,0.84,2025-09-05 10:20:04,billing
EVID0005726,DSP000955,TXN0058569,invoice,APPLICABLE,1,0,1,0.6,2025-09-05 10:57:55,billing
EVID0005727,DSP000955,TXN0058569,shipping_label,UNAVAILABLE,0,1,1,0.0,2025-09-17 17:58:55,logistics
EVID0005728,DSP000955,TXN0058569,tracking_number,APPLICABLE,1,1,1,0.95,2025-09-07 20:20:55,logistics
EVID0005729,DSP000955,TXN0058569,delivery_confirmation,APPLICABLE,1,1,1,0.65,2025-09-13 19:22:49,logistics
EVID0005730,DSP000955,TXN0058569,customer_communication,UNAVAILABLE,0,0,0,0.0,2025-08-31 15:53:07,crm
EVID0005731,DSP000956,TXN0058897,order_confirmation,APPLICABLE,1,1,1,0.71,2025-09-12 07:04:00,billing
EVID0005732,DSP000956,TXN0058897,invoice,UNAVAILABLE,0,1,1,0.0,2025-09-16 19:38:17,billing
EVID0005733,DSP000956,TXN0058897,shipping_label,NOT_APPLICABLE,0,0,0,0.0,2025-08-28 10:18:42,logistics
EVID0005734,DSP000956,TXN0058897,tracking_number,NOT_APPLICABLE,0,0,0,0.0,2025-09-07 05:53:51,logistics
EVID0005735,DSP000956,TXN0058897,delivery_confirmation,NOT_APPLICABLE,0,0,0,0.0,2025-09-14 11:07:18,logistics
EVID0005736,DSP000956,TXN0058897,customer_communication,APPLICABLE,1,1,1,0.85,2025-09-16 03:47:39,crm
EVID0005737,DSP000957,TXN0058943,order_confirmation,APPLICABLE,1,1,1,0.79,2025-08-25 13:15:55,billing
EVID0005738,DSP000957,TXN0058943,invoice,UNAVAILABLE,0,1,1,0.0,2025-08-27 16:19:24,billing
EVID0005739,DSP000957,TXN0058943,shipping_label,APPLICABLE,1,0,1,0.75,2025-08-27 02:42:55,logistics
EVID0005740,DSP000957,TXN0058943,tracking_number,APPLICABLE,1,0,1,0.63,2025-08-25 07:49:02,logistics
EVID0005741,DSP000957,TXN0058943,delivery_confirmation,UNAVAILABLE,0,0,0,0.0,2025-08-30 14:20:28,logistics
EVID0005742,DSP000957,TXN0058943,customer_communication,APPLICABLE,1,1,1,0.64,2025-08-28 01:10:02,crm
EVID0005743,DSP000958,TXN0059042,order_confirmation,APPLICABLE,1,1,1,0.94,2025-09-18 10:41:08,billing
EVID0005744,DSP000958,TXN0059042,invoice,APPLICABLE,1,1,1,0.77,2025-08-27 09:35:54,billing
EVID0005745,DSP000958,TXN0059042,shipping_label,APPLICABLE,1,0,1,0.62,2025-09-15 20:28:49,logistics
EVID0005746,DSP000958,TXN0059042,tracking_number,APPLICABLE,1,0,1,0.8,2025-09-11 17:26:55,logistics
EVID0005747,DSP000958,TXN0059042,delivery_confirmation,APPLICABLE,1,0,1,0.79,2025-09-21 15:30:56,logistics
EVID0005748,DSP000958,TXN0059042,customer_communication,APPLICABLE,1,1,1,0.71,2025-09-17 23:22:16,crm
EVID0005749,DSP000959,TXN0059073,order_confirmation,APPLICABLE,1,1,1,0.77,2025-09-01 16:27:07,billing
EVID0005750,DSP000959,TXN0059073,invoice,APPLICABLE,1,1,1,0.84,2025-08-31 12:01:28,billing
EVID0005751,DSP000959,TXN0059073,shipping_label,NOT_APPLICABLE,0,0,0,0.0,2025-09-11 11:16:31,logistics
EVID0005752,DSP000959,TXN0059073,tracking_number,NOT_APPLICABLE,0,0,0,0.0,2025-08-30 00:58:59,logistics
EVID0005753,DSP000959,TXN0059073,delivery_confirmation,NOT_APPLICABLE,0,0,0,0.0,2025-09-04 09:19:26,logistics
EVID0005754,DSP000959,TXN0059073,customer_communication,APPLICABLE,1,1,1,0.68,2025-09-08 06:58:35,crm
EVID0005755,DSP000960,TXN0059092,order_confirmation,APPLICABLE,1,1,1,0.85,2025-09-06 22:32:43,billing
EVID0005756,DSP000960,TXN0059092,invoice,APPLICABLE,1,0,1,0.7,2025-09-01 05:05:48,billing
EVID0005757,DSP000960,TXN0059092,shipping_label,NOT_APPLICABLE,0,0,0,0.0,2025-09-08 06:17:58,logistics
EVID0005758,DSP000960,TXN0059092,tracking_number,NOT_APPLICABLE,0,0,0,0.0,2025-08-30 17:54:50,logistics
EVID0005759,DSP000960,TXN0059092,delivery_confirmation,NOT_APPLICABLE,0,0,0,0.0,2025-09-08 18:07:30,logistics
EVID0005760,DSP000960,TXN0059092,customer_communication,APPLICABLE,1,0,1,0.86,2025-08-25 16:35:15,crm
EVID0005761,DSP000961,TXN0059240,order_confirmation,APPLICABLE,1,1,1,0.66,2025-08-30 01:50:59,billing
EVID0005762,DSP000961,TXN0059240,invoice,APPLICABLE,1,0,0,0.67,2025-09-07 07:07:27,billing
EVID0005763,DSP000961,TXN0059240,shipping_label,APPLICABLE,1,1,1,0.7,2025-10-02 15:24:36,logistics
EVID0005764,DSP000961,TXN0059240,tracking_number,APPLICABLE,1,1,1,0.73,2025-09-19 12:40:16,logistics
EVID0005765,DSP000961,TXN0059240,delivery_confirmation,APPLICABLE,1,1,1,0.87,2025-09-28 04:59:08,logistics
EVID0005766,DSP000961,TXN0059240,customer_communication,UNAVAILABLE,0,0,1,0.0,2025-08-30 22:12:12,crm
EVID0005767,DSP000962,TXN0059257,order_confirmation,UNAVAILABLE,0,1,1,0.0,2025-08-30 12:51:24,billing
EVID0005768,DSP000962,TXN0059257,invoice,UNAVAILABLE,0,1,1,0.0,2025-08-27 03:29:51,billing
EVID0005769,DSP000962,TXN0059257,shipping_label,NOT_APPLICABLE,0,0,0,0.0,2025-08-28 19:08:11,logistics
EVID0005770,DSP000962,TXN0059257,tracking_number,NOT_APPLICABLE,0,0,0,0.0,2025-08-28 16:08:05,logistics
EVID0005771,DSP000962,TXN0059257,delivery_confirmation,NOT_APPLICABLE,0,0,0,0.0,2025-08-29 23:42:20,logistics
EVID0005772,DSP000962,TXN0059257,customer_communication,UNAVAILABLE,0,0,1,0.0,2025-08-27 01:10:44,crm
EVID0005773,DSP000963,TXN0059287,order_confirmation,APPLICABLE,1,1,1,0.79,2025-09-01 01:45:49,billing
EVID0005774,DSP000963,TXN0059287,invoice,UNAVAILABLE,0,0,0,0.0,2025-09-05 13:40:11,billing
EVID0005775,DSP000963,TXN0059287,shipping_label,NOT_APPLICABLE,0,0,0,0.0,2025-09-04 01:50:44,logistics
EVID0005776,DSP000963,TXN0059287,tracking_number,NOT_APPLICABLE,0,0,0,0.0,2025-09-03 11:48:57,logistics
EVID0005777,DSP000963,TXN0059287,delivery_confirmation,NOT_APPLICABLE,0,0,0,0.0,2025-09-01 07:28:44,logistics
EVID0005778,DSP000963,TXN0059287,customer_communication,APPLICABLE,1,0,1,0.72,2025-08-31 23:57:51,crm
EVID0005779,DSP000964,TXN0059440,order_confirmation,APPLICABLE,1,1,1,0.87,2025-09-11 21:31:47,billing
EVID0005780,DSP000964,TXN0059440,invoice,APPLICABLE,1,0,0,0.61,2025-08-29 00:48:18,billing
EVID0005781,DSP000964,TXN0059440,shipping_label,APPLICABLE,1,0,1,0.64,2025-09-27 18:12:59,logistics
EVID0005782,DSP000964,TXN0059440,tracking_number,APPLICABLE,1,0,1,0.93,2025-09-26 02:49:38,logistics
EVID0005783,DSP000964,TXN0059440,delivery_confirmation,APPLICABLE,1,1,1,0.86,2025-09-17 21:37:18,logistics
EVID0005784,DSP000964,TXN0059440,customer_communication,APPLICABLE,1,1,1,0.6,2025-09-11 16:16:25,crm
EVID0005785,DSP000965,TXN0059469,order_confirmation,APPLICABLE,1,1,1,0.73,2025-09-06 00:43:18,billing
EVID0005786,DSP000965,TXN0059469,invoice,UNAVAILABLE,0,0,1,0.0,2025-09-04 02:43:33,billing
EVID0005787,DSP000965,TXN0059469,shipping_label,NOT_APPLICABLE,0,0,0,0.0,2025-08-30 17:40:02,logistics
EVID0005788,DSP000965,TXN0059469,tracking_number,NOT_APPLICABLE,0,0,0,0.0,2025-08-31 05:22:53,logistics
EVID0005789,DSP000965,TXN0059469,delivery_confirmation,NOT_APPLICABLE,0,0,0,0.0,2025-09-05 23:43:41,logistics
EVID0005790,DSP000965,TXN0059469,customer_communication,APPLICABLE,1,1,1,0.8,2025-08-27 23:25:36,crm
EVID0005791,DSP000966,TXN0059473,order_confirmation,APPLICABLE,1,1,1,0.69,2025-08-31 19:32:37,billing
EVID0005792,DSP000966,TXN0059473,invoice,APPLICABLE,1,1,1,0.62,2025-09-15 16:25:03,billing
EVID0005793,DSP000966,TXN0059473,shipping_label,NOT_APPLICABLE,0,0,0,0.0,2025-09-08 17:00:04,logistics
EVID0005794,DSP000966,TXN0059473,tracking_number,NOT_APPLICABLE,0,0,0,0.0,2025-09-04 23:06:41,logistics
EVID0005795,DSP000966,TXN0059473,delivery_confirmation,NOT_APPLICABLE,0,0,0,0.0,2025-09-07 23:25:39,logistics
EVID0005796,DSP000966,TXN0059473,customer_communication,APPLICABLE,1,1,1,0.86,2025-10-03 17:51:04,crm
EVID0005797,DSP000967,TXN0059483,order_confirmation,APPLICABLE,1,1,1,0.6,2025-08-29 07:46:50,billing
EVID0005798,DSP000967,TXN0059483,invoice,APPLICABLE,1,0,0,0.83,2025-09-01 01:28:49,billing
EVID0005799,DSP000967,TXN0059483,shipping_label,NOT_APPLICABLE,0,0,0,0.0,2025-09-01 05:31:38,logistics
EVID0005800,DSP000967,TXN0059483,tracking_number,NOT_APPLICABLE,0,0,0,0.0,2025-08-30 19:18:51,logistics
EVID0005801,DSP000967,TXN0059483,delivery_confirmation,NOT_APPLICABLE,0,0,0,0.0,2025-09-04 04:49:19,logistics
EVID0005802,DSP000967,TXN0059483,customer_communication,APPLICABLE,1,0,1,0.62,2025-09-04 06:49:51,crm
EVID0005803,DSP000968,TXN0059541,order_confirmation,APPLICABLE,1,1,1,0.86,2025-09-02 12:07:07,billing
EVID0005804,DSP000968,TXN0059541,invoice,APPLICABLE,1,1,1,0.87,2025-09-06 06:29:13,billing
EVID0005805,DSP000968,TXN0059541,shipping_label,APPLICABLE,1,0,0,0.6,2025-09-01 19:04:59,logistics
EVID0005806,DSP000968,TXN0059541,tracking_number,APPLICABLE,1,0,0,0.83,2025-09-05 11:29:34,logistics
EVID0005807,DSP000968,TXN0059541,delivery_confirmation,APPLICABLE,1,0,1,0.73,2025-09-06 08:01:01,logistics
EVID0005808,DSP000968,TXN0059541,customer_communication,APPLICABLE,1,1,1,0.68,2025-09-07 17:36:51,crm
EVID0005809,DSP000969,TXN0059596,order_confirmation,APPLICABLE,1,1,1,0.87,2025-08-30 22:05:26,billing
EVID0005810,DSP000969,TXN0059596,invoice,APPLICABLE,1,1,1,0.84,2025-09-05 10:46:08,billing
EVID0005811,DSP000969,TXN0059596,shipping_label,APPLICABLE,1,0,0,0.92,2025-09-12 21:18:15,logistics
EVID0005812,DSP000969,TXN0059596,tracking_number,APPLICABLE,1,0,1,0.92,2025-08-30 01:35:58,logistics
EVID0005813,DSP000969,TXN0059596,delivery_confirmation,APPLICABLE,1,0,1,0.81,2025-09-16 22:18:59,logistics
EVID0005814,DSP000969,TXN0059596,customer_communication,APPLICABLE,1,1,1,0.87,2025-09-05 15:40:10,crm
EVID0005815,DSP000970,TXN0059749,order_confirmation,APPLICABLE,1,1,1,0.84,2025-09-19 00:48:18,billing
EVID0005816,DSP000970,TXN0059749,invoice,APPLICABLE,1,1,1,0.73,2025-09-16 05:59:03,billing
EVID0005817,DSP000970,TXN0059749,shipping_label,APPLICABLE,1,0,0,0.7,2025-09-20 12:55:10,logistics
EVID0005818,DSP000970,TXN0059749,tracking_number,UNAVAILABLE,0,0,0,0.0,2025-09-10 10:37:42,logistics
EVID0005819,DSP000970,TXN0059749,delivery_confirmation,APPLICABLE,1,0,1,0.87,2025-09-24 17:50:10,logistics
EVID0005820,DSP000970,TXN0059749,customer_communication,UNAVAILABLE,0,1,1,0.0,2025-09-26 13:16:29,crm
EVID0005821,DSP000971,TXN0059780,order_confirmation,APPLICABLE,1,1,1,0.77,2025-09-04 21:55:35,billing
EVID0005822,DSP000971,TXN0059780,invoice,APPLICABLE,1,0,1,0.79,2025-08-30 17:24:16,billing
EVID0005823,DSP000971,TXN0059780,shipping_label,NOT_APPLICABLE,0,0,0,0.0,2025-09-02 17:34:01,logistics
EVID0005824,DSP000971,TXN0059780,tracking_number,NOT_APPLICABLE,0,0,0,0.0,2025-09-05 02:49:30,logistics
EVID0005825,DSP000971,TXN0059780,delivery_confirmation,NOT_APPLICABLE,0,0,0,0.0,2025-09-02 15:12:39,logistics
EVID0005826,DSP000971,TXN0059780,customer_communication,UNAVAILABLE,0,1,1,0.0,2025-08-29 14:11:50,crm
EVID0005827,DSP000972,TXN0059799,order_confirmation,UNAVAILABLE,0,1,1,0.0,2025-09-30 08:37:57,billing
EVID0005828,DSP000972,TXN0059799,invoice,UNAVAILABLE,0,1,1,0.0,2025-09-08 09:46:11,billing
EVID0005829,DSP000972,TXN0059799,shipping_label,NOT_APPLICABLE,0,0,0,0.0,2025-09-28 23:02:37,logistics
EVID0005830,DSP000972,TXN0059799,tracking_number,NOT_APPLICABLE,0,0,0,0.0,2025-09-30 20:02:46,logistics
EVID0005831,DSP000972,TXN0059799,delivery_confirmation,NOT_APPLICABLE,0,0,0,0.0,2025-10-02 03:58:06,logistics
EVID0005832,DSP000972,TXN0059799,customer_communication,UNAVAILABLE,0,1,1,0.0,2025-09-05 01:11:31,crm
EVID0005833,DSP000973,TXN0059958,order_confirmation,APPLICABLE,1,1,1,0.95,2025-09-23 18:12:37,billing
EVID0005834,DSP000973,TXN0059958,invoice,APPLICABLE,1,1,1,0.66,2025-09-02 08:44:55,billing
EVID0005835,DSP000973,TXN0059958,shipping_label,APPLICABLE,1,0,0,0.91,2025-09-12 09:36:35,logistics
EVID0005836,DSP000973,TXN0059958,tracking_number,APPLICABLE,1,0,1,0.95,2025-09-21 00:25:52,logistics
EVID0005837,DSP000973,TXN0059958,delivery_confirmation,APPLICABLE,1,0,1,0.68,2025-09-19 12:28:21,logistics
EVID0005838,DSP000973,TXN0059958,customer_communication,APPLICABLE,1,1,1,0.89,2025-09-02 03:10:17,crm
EVID0005839,DSP000974,TXN0060035,order_confirmation,APPLICABLE,1,1,1,0.9,2025-09-15 05:02:40,billing
EVID0005840,DSP000974,TXN0060035,invoice,APPLICABLE,1,1,1,0.81,2025-09-20 12:22:56,billing
EVID0005841,DSP000974,TXN0060035,shipping_label,APPLICABLE,1,0,0,0.83,2025-09-05 21:24:12,logistics
EVID0005842,DSP000974,TXN0060035,tracking_number,APPLICABLE,1,0,0,0.6,2025-09-19 00:38:03,logistics
EVID0005843,DSP000974,TXN0060035,delivery_confirmation,UNAVAILABLE,0,0,1,0.0,2025-09-04 15:15:14,logistics
EVID0005844,DSP000974,TXN0060035,customer_communication,APPLICABLE,1,0,1,0.94,2025-09-11 07:07:33,crm
EVID0005845,DSP000975,TXN0060049,order_confirmation,APPLICABLE,1,1,1,0.7,2025-09-12 00:24:14,billing
EVID0005846,DSP000975,TXN0060049,invoice,UNAVAILABLE,0,1,1,0.0,2025-08-31 12:00:36,billing
EVID0005847,DSP000975,TXN0060049,shipping_label,APPLICABLE,1,0,1,0.85,2025-08-30 17:41:46,logistics
EVID0005848,DSP000975,TXN0060049,tracking_number,UNAVAILABLE,0,0,1,0.0,2025-09-11 02:30:44,logistics
EVID0005849,DSP000975,TXN0060049,delivery_confirmation,APPLICABLE,1,0,0,0.63,2025-09-01 06:07:37,logistics
EVID0005850,DSP000975,TXN0060049,customer_communication,APPLICABLE,1,1,1,0.68,2025-09-11 00:54:09,crm
EVID0005851,DSP000976,TXN0060103,order_confirmation,APPLICABLE,1,1,1,0.68,2025-09-21 10:02:48,billing
EVID0005852,DSP000976,TXN0060103,invoice,UNAVAILABLE,0,1,1,0.0,2025-09-26 11:00:28,billing
EVID0005853,DSP000976,TXN0060103,shipping_label,UNAVAILABLE,0,0,1,0.0,2025-09-11 03:53:32,logistics
EVID0005854,DSP000976,TXN0060103,tracking_number,APPLICABLE,1,0,0,0.87,2025-09-16 02:49:15,logistics
EVID0005855,DSP000976,TXN0060103,delivery_confirmation,APPLICABLE,1,0,1,0.9,2025-09-11 05:36:59,logistics
EVID0005856,DSP000976,TXN0060103,customer_communication,APPLICABLE,1,1,1,0.73,2025-09-27 06:55:07,crm
EVID0005857,DSP000977,TXN0060177,order_confirmation,APPLICABLE,1,1,1,0.72,2025-10-01 11:28:11,billing
EVID0005858,DSP000977,TXN0060177,invoice,UNAVAILABLE,0,0,0,0.0,2025-09-21 19:58:06,billing
EVID0005859,DSP000977,TXN0060177,shipping_label,NOT_APPLICABLE,0,0,0,0.0,2025-09-08 01:52:07,logistics
EVID0005860,DSP000977,TXN0060177,tracking_number,NOT_APPLICABLE,0,0,0,0.0,2025-09-08 04:57:47,logistics
EVID0005861,DSP000977,TXN0060177,delivery_confirmation,NOT_APPLICABLE,0,0,0,0.0,2025-09-18 10:30:13,logistics
EVID0005862,DSP000977,TXN0060177,customer_communication,UNAVAILABLE,0,1,1,0.0,2025-09-01 13:24:19,crm
EVID0005863,DSP000978,TXN0060235,order_confirmation,APPLICABLE,1,1,1,0.72,2025-09-14 17:03:06,billing
EVID0005864,DSP000978,TXN0060235,invoice,APPLICABLE,1,0,1,0.76,2025-09-27 23:25:30,billing
EVID0005865,DSP000978,TXN0060235,shipping_label,UNAVAILABLE,0,1,1,0.0,2025-09-21 13:23:20,logistics
EVID0005866,DSP000978,TXN0060235,tracking_number,APPLICABLE,1,1,1,0.86,2025-09-21 07:30:18,logistics
EVID0005867,DSP000978,TXN0060235,delivery_confirmation,APPLICABLE,1,1,1,0.7,2025-09-12 08:06:42,logistics
EVID0005868,DSP000978,TXN0060235,customer_communication,APPLICABLE,1,0,1,0.87,2025-09-16 00:57:40,crm
EVID0005869,DSP000979,TXN0060317,order_confirmation,APPLICABLE,1,1,1,0.6,2025-09-14 08:11:06,billing
EVID0005870,DSP000979,TXN0060317,invoice,APPLICABLE,1,0,1,0.76,2025-09-05 23:21:44,billing
EVID0005871,DSP000979,TXN0060317,shipping_label,NOT_APPLICABLE,0,0,0,0.0,2025-09-02 06:14:27,logistics
EVID0005872,DSP000979,TXN0060317,tracking_number,NOT_APPLICABLE,0,0,0,0.0,2025-09-10 05:00:18,logistics
EVID0005873,DSP000979,TXN0060317,delivery_confirmation,NOT_APPLICABLE,0,0,0,0.0,2025-09-12 15:35:43,logistics
EVID0005874,DSP000979,TXN0060317,customer_communication,UNAVAILABLE,0,1,1,0.0,2025-08-31 02:44:06,crm
EVID0005875,DSP000980,TXN0060377,order_confirmation,APPLICABLE,1,1,1,0.93,2025-09-08 03:48:59,billing
EVID0005876,DSP000980,TXN0060377,invoice,APPLICABLE,1,0,1,0.83,2025-09-22 23:36:54,billing
EVID0005877,DSP000980,TXN0060377,shipping_label,NOT_APPLICABLE,0,0,0,0.0,2025-09-22 03:51:32,logistics
EVID0005878,DSP000980,TXN0060377,tracking_number,NOT_APPLICABLE,0,0,0,0.0,2025-09-19 11:41:46,logistics
EVID0005879,DSP000980,TXN0060377,delivery_confirmation,NOT_APPLICABLE,0,0,0,0.0,2025-09-23 10:48:11,logistics
EVID0005880,DSP000980,TXN0060377,customer_communication,APPLICABLE,1,0,1,0.76,2025-09-14 12:31:04,crm
EVID0005881,DSP000981,TXN0060378,order_confirmation,APPLICABLE,1,1,1,0.74,2025-09-05 21:29:50,billing
EVID0005882,DSP000981,TXN0060378,invoice,APPLICABLE,1,1,1,0.7,2025-09-06 09:10:35,billing
EVID0005883,DSP000981,TXN0060378,shipping_label,NOT_APPLICABLE,0,0,0,0.0,2025-08-31 11:55:26,logistics
EVID0005884,DSP000981,TXN0060378,tracking_number,NOT_APPLICABLE,0,0,0,0.0,2025-09-09 02:03:28,logistics
EVID0005885,DSP000981,TXN0060378,delivery_confirmation,NOT_APPLICABLE,0,0,0,0.0,2025-09-05 06:08:42,logistics
EVID0005886,DSP000981,TXN0060378,customer_communication,APPLICABLE,1,1,1,0.86,2025-08-31 14:15:54,crm
EVID0005887,DSP000982,TXN0060391,order_confirmation,APPLICABLE,1,1,1,0.85,2025-09-03 18:46:17,billing
EVID0005888,DSP000982,TXN0060391,invoice,APPLICABLE,1,0,0,0.71,2025-08-31 17:26:54,billing
EVID0005889,DSP000982,TXN0060391,shipping_label,APPLICABLE,1,0,1,0.88,2025-09-03 18:56:02,logistics
EVID0005890,DSP000982,TXN0060391,tracking_number,APPLICABLE,1,0,1,0.84,2025-09-01 07:31:14,logistics
EVID0005891,DSP000982,TXN0060391,delivery_confirmation,APPLICABLE,1,1,1,0.73,2025-09-02 11:46:30,logistics
EVID0005892,DSP000982,TXN0060391,customer_communication,APPLICABLE,1,1,1,0.6,2025-09-03 15:29:07,crm
EVID0005893,DSP000983,TXN0060452,order_confirmation,APPLICABLE,1,1,1,0.71,2025-09-11 12:22:58,billing
EVID0005894,DSP000983,TXN0060452,invoice,APPLICABLE,1,1,1,0.65,2025-09-03 20:43:50,billing
EVID0005895,DSP000983,TXN0060452,shipping_label,APPLICABLE,1,0,0,0.92,2025-09-11 18:32:12,logistics
EVID0005896,DSP000983,TXN0060452,tracking_number,APPLICABLE,1,0,1,0.69,2025-09-10 12:10:49,logistics
EVID0005897,DSP000983,TXN0060452,delivery_confirmation,APPLICABLE,1,0,0,0.87,2025-08-31 19:07:38,logistics
EVID0005898,DSP000983,TXN0060452,customer_communication,APPLICABLE,1,1,1,0.91,2025-09-03 02:15:36,crm
EVID0005899,DSP000984,TXN0060458,order_confirmation,APPLICABLE,1,1,1,0.96,2025-09-11 02:08:42,billing
EVID0005900,DSP000984,TXN0060458,invoice,APPLICABLE,1,0,1,0.86,2025-09-12 01:19:08,billing
EVID0005901,DSP000984,TXN0060458,shipping_label,UNAVAILABLE,0,1,1,0.0,2025-09-11 17:25:16,logistics
EVID0005902,DSP000984,TXN0060458,tracking_number,APPLICABLE,1,1,1,0.6,2025-08-31 18:11:34,logistics
EVID0005903,DSP000984,TXN0060458,delivery_confirmation,APPLICABLE,1,1,1,0.9,2025-09-11 04:37:15,logistics
EVID0005904,DSP000984,TXN0060458,customer_communication,APPLICABLE,1,0,0,0.6,2025-09-06 04:06:03,crm
EVID0005905,DSP000985,TXN0060621,order_confirmation,APPLICABLE,1,1,1,0.71,2025-09-01 23:58:20,billing
EVID0005906,DSP000985,TXN0060621,invoice,APPLICABLE,1,0,0,0.92,2025-09-08 20:47:23,billing
EVID0005907,DSP000985,TXN0060621,shipping_label,APPLICABLE,1,1,1,0.9,2025-08-31 22:53:42,logistics
EVID0005908,DSP000985,TXN0060621,tracking_number,APPLICABLE,1,1,1,0.61,2025-09-03 06:06:50,logistics
EVID0005909,DSP000985,TXN0060621,delivery_confirmation,APPLICABLE,1,1,1,0.94,2025-09-16 01:32:54,logistics
EVID0005910,DSP000985,TXN0060621,customer_communication,APPLICABLE,1,0,0,0.64,2025-09-21 08:05:16,crm
EVID0005911,DSP000986,TXN0060627,order_confirmation,APPLICABLE,1,1,1,0.88,2025-09-28 20:40:28,billing
EVID0005912,DSP000986,TXN0060627,invoice,APPLICABLE,1,0,0,0.9,2025-09-29 16:41:19,billing
EVID0005913,DSP000986,TXN0060627,shipping_label,APPLICABLE,1,1,1,0.65,2025-09-27 16:17:48,logistics
EVID0005914,DSP000986,TXN0060627,tracking_number,APPLICABLE,1,1,1,0.68,2025-09-14 21:15:43,logistics
EVID0005915,DSP000986,TXN0060627,delivery_confirmation,APPLICABLE,1,1,1,0.92,2025-09-02 13:36:48,logistics
EVID0005916,DSP000986,TXN0060627,customer_communication,APPLICABLE,1,0,0,0.86,2025-09-24 10:27:35,crm
EVID0005917,DSP000987,TXN0060629,order_confirmation,UNAVAILABLE,0,1,1,0.0,2025-09-24 10:57:17,billing
EVID0005918,DSP000987,TXN0060629,invoice,UNAVAILABLE,0,0,1,0.0,2025-09-12 00:41:53,billing
EVID0005919,DSP000987,TXN0060629,shipping_label,NOT_APPLICABLE,0,0,0,0.0,2025-09-03 17:14:03,logistics
EVID0005920,DSP000987,TXN0060629,tracking_number,NOT_APPLICABLE,0,0,0,0.0,2025-09-26 10:01:57,logistics
EVID0005921,DSP000987,TXN0060629,delivery_confirmation,NOT_APPLICABLE,0,0,0,0.0,2025-09-01 16:40:04,logistics
EVID0005922,DSP000987,TXN0060629,customer_communication,UNAVAILABLE,0,0,0,0.0,2025-09-21 06:10:45,crm
EVID0005923,DSP000988,TXN0060921,order_confirmation,APPLICABLE,1,1,1,0.62,2025-09-08 09:51:32,billing
EVID0005924,DSP000988,TXN0060921,invoice,UNAVAILABLE,0,0,1,0.0,2025-09-23 13:57:52,billing
EVID0005925,DSP000988,TXN0060921,shipping_label,NOT_APPLICABLE,0,0,0,0.0,2025-09-17 15:29:17,logistics
EVID0005926,DSP000988,TXN0060921,tracking_number,NOT_APPLICABLE,0,0,0,0.0,2025-09-12 00:49:33,logistics
EVID0005927,DSP000988,TXN0060921,delivery_confirmation,NOT_APPLICABLE,0,0,0,0.0,2025-09-23 11:47:15,logistics
EVID0005928,DSP000988,TXN0060921,customer_communication,APPLICABLE,1,1,1,0.61,2025-09-13 09:33:54,crm
EVID0005929,DSP000989,TXN0060955,order_confirmation,UNAVAILABLE,0,1,1,0.0,2025-09-19 03:03:14,billing
EVID0005930,DSP000989,TXN0060955,invoice,APPLICABLE,1,1,1,0.62,2025-09-24 01:22:52,billing
EVID0005931,DSP000989,TXN0060955,shipping_label,NOT_APPLICABLE,0,0,0,0.0,2025-10-06 03:42:27,logistics
EVID0005932,DSP000989,TXN0060955,tracking_number,NOT_APPLICABLE,0,0,0,0.0,2025-09-23 11:17:21,logistics
EVID0005933,DSP000989,TXN0060955,delivery_confirmation,NOT_APPLICABLE,0,0,0,0.0,2025-09-03 07:17:10,logistics
EVID0005934,DSP000989,TXN0060955,customer_communication,APPLICABLE,1,1,1,0.83,2025-09-10 03:00:41,crm
EVID0005935,DSP000990,TXN0061050,order_confirmation,APPLICABLE,1,1,1,0.88,2025-09-13 23:01:26,billing
EVID0005936,DSP000990,TXN0061050,invoice,APPLICABLE,1,1,1,0.94,2025-09-10 21:58:38,billing
EVID0005937,DSP000990,TXN0061050,shipping_label,APPLICABLE,1,0,0,0.9,2025-09-13 04:53:22,logistics
EVID0005938,DSP000990,TXN0061050,tracking_number,APPLICABLE,1,0,1,0.62,2025-09-08 04:52:53,logistics
EVID0005939,DSP000990,TXN0061050,delivery_confirmation,APPLICABLE,1,0,0,0.71,2025-09-14 21:23:27,logistics
EVID0005940,DSP000990,TXN0061050,customer_communication,APPLICABLE,1,1,1,0.63,2025-09-07 21:39:27,crm
EVID0005941,DSP000991,TXN0061080,order_confirmation,APPLICABLE,1,1,1,0.91,2025-09-25 10:38:16,billing
EVID0005942,DSP000991,TXN0061080,invoice,APPLICABLE,1,1,1,0.79,2025-09-09 01:38:40,billing
EVID0005943,DSP000991,TXN0061080,shipping_label,APPLICABLE,1,0,1,0.63,2025-09-16 22:39:45,logistics
EVID0005944,DSP000991,TXN0061080,tracking_number,APPLICABLE,1,0,1,0.68,2025-09-21 15:38:57,logistics
EVID0005945,DSP000991,TXN0061080,delivery_confirmation,APPLICABLE,1,0,1,0.61,2025-09-22 22:30:44,logistics
EVID0005946,DSP000991,TXN0061080,customer_communication,APPLICABLE,1,1,1,0.65,2025-09-20 04:33:43,crm
EVID0005947,DSP000992,TXN0061161,order_confirmation,APPLICABLE,1,1,1,0.87,2025-09-09 19:59:37,billing
EVID0005948,DSP000992,TXN0061161,invoice,APPLICABLE,1,0,0,0.7,2025-09-05 01:39:39,billing
EVID0005949,DSP000992,TXN0061161,shipping_label,NOT_APPLICABLE,0,0,0,0.0,2025-09-14 16:45:15,logistics
EVID0005950,DSP000992,TXN0061161,tracking_number,NOT_APPLICABLE,0,0,0,0.0,2025-09-06 02:39:17,logistics
EVID0005951,DSP000992,TXN0061161,delivery_confirmation,NOT_APPLICABLE,0,0,0,0.0,2025-09-07 04:23:59,logistics
EVID0005952,DSP000992,TXN0061161,customer_communication,APPLICABLE,1,0,1,0.88,2025-09-07 19:39:30,crm
EVID0005953,DSP000993,TXN0061217,order_confirmation,APPLICABLE,1,1,1,0.75,2025-10-11 22:28:16,billing
EVID0005954,DSP000993,TXN0061217,invoice,APPLICABLE,1,1,1,0.68,2025-09-23 14:39:14,billing
EVID0005955,DSP000993,TXN0061217,shipping_label,NOT_APPLICABLE,0,0,0,0.0,2025-09-27 09:13:43,logistics
EVID0005956,DSP000993,TXN0061217,tracking_number,NOT_APPLICABLE,0,0,0,0.0,2025-09-18 03:46:38,logistics
EVID0005957,DSP000993,TXN0061217,delivery_confirmation,NOT_APPLICABLE,0,0,0,0.0,2025-09-14 19:27:52,logistics
EVID0005958,DSP000993,TXN0061217,customer_communication,APPLICABLE,1,0,1,0.69,2025-09-13 14:00:15,crm
EVID0005959,DSP000994,TXN0061312,order_confirmation,APPLICABLE,1,1,1,0.6,2025-09-09 01:34:44,billing
EVID0005960,DSP000994,TXN0061312,invoice,UNAVAILABLE,0,0,1,0.0,2025-09-05 07:16:14,billing
EVID0005961,DSP000994,TXN0061312,shipping_label,NOT_APPLICABLE,0,0,0,0.0,2025-09-05 21:17:09,logistics
EVID0005962,DSP000994,TXN0061312,tracking_number,NOT_APPLICABLE,0,0,0,0.0,2025-09-07 19:52:21,logistics
EVID0005963,DSP000994,TXN0061312,delivery_confirmation,NOT_APPLICABLE,0,0,0,0.0,2025-09-04 16:23:10,logistics
EVID0005964,DSP000994,TXN0061312,customer_communication,APPLICABLE,1,1,1,0.61,2025-09-04 18:43:56,crm
EVID0005965,DSP000995,TXN0061539,order_confirmation,APPLICABLE,1,1,1,0.92,2025-09-21 02:43:37,billing
EVID0005966,DSP000995,TXN0061539,invoice,APPLICABLE,1,0,1,0.85,2025-09-25 14:56:48,billing
EVID0005967,DSP000995,TXN0061539,shipping_label,APPLICABLE,1,1,1,0.67,2025-09-10 06:01:16,logistics
EVID0005968,DSP000995,TXN0061539,tracking_number,APPLICABLE,1,1,1,0.88,2025-10-04 16:45:01,logistics
EVID0005969,DSP000995,TXN0061539,delivery_confirmation,APPLICABLE,1,1,1,0.85,2025-09-15 17:21:02,logistics
EVID0005970,DSP000995,TXN0061539,customer_communication,UNAVAILABLE,0,0,1,0.0,2025-09-10 13:50:57,crm
EVID0005971,DSP000996,TXN0061615,order_confirmation,APPLICABLE,1,1,1,0.7,2025-09-17 13:26:43,billing
EVID0005972,DSP000996,TXN0061615,invoice,APPLICABLE,1,0,1,0.6,2025-09-21 13:34:02,billing
EVID0005973,DSP000996,TXN0061615,shipping_label,APPLICABLE,1,0,1,0.74,2025-10-13 03:31:08,logistics
EVID0005974,DSP000996,TXN0061615,tracking_number,APPLICABLE,1,0,1,0.77,2025-09-22 06:56:47,logistics
EVID0005975,DSP000996,TXN0061615,delivery_confirmation,APPLICABLE,1,1,1,0.65,2025-10-12 09:26:47,logistics
EVID0005976,DSP000996,TXN0061615,customer_communication,APPLICABLE,1,1,1,0.84,2025-09-07 07:26:33,crm
EVID0005977,DSP000997,TXN0061679,order_confirmation,APPLICABLE,1,1,1,0.66,2025-09-17 22:19:00,billing
EVID0005978,DSP000997,TXN0061679,invoice,APPLICABLE,1,0,0,0.67,2025-09-20 02:06:21,billing
EVID0005979,DSP000997,TXN0061679,shipping_label,APPLICABLE,1,1,1,0.68,2025-09-21 16:05:08,logistics
EVID0005980,DSP000997,TXN0061679,tracking_number,APPLICABLE,1,1,1,0.6,2025-09-07 22:44:56,logistics
EVID0005981,DSP000997,TXN0061679,delivery_confirmation,UNAVAILABLE,0,1,1,0.0,2025-09-22 13:35:33,logistics
EVID0005982,DSP000997,TXN0061679,customer_communication,APPLICABLE,1,0,1,0.72,2025-09-06 15:27:17,crm
EVID0005983,DSP000998,TXN0061722,order_confirmation,APPLICABLE,1,1,1,0.83,2025-09-10 16:56:59,billing
EVID0005984,DSP000998,TXN0061722,invoice,APPLICABLE,1,0,1,0.77,2025-10-05 04:56:43,billing
EVID0005985,DSP000998,TXN0061722,shipping_label,APPLICABLE,1,0,1,0.94,2025-10-05 03:52:38,logistics
EVID0005986,DSP000998,TXN0061722,tracking_number,APPLICABLE,1,0,1,0.68,2025-09-10 12:15:42,logistics
EVID0005987,DSP000998,TXN0061722,delivery_confirmation,APPLICABLE,1,1,1,0.83,2025-10-02 20:54:19,logistics
EVID0005988,DSP000998,TXN0061722,customer_communication,APPLICABLE,1,1,1,0.86,2025-09-07 14:28:29,crm
EVID0005989,DSP000999,TXN0061764,order_confirmation,APPLICABLE,1,1,1,0.62,2025-10-06 06:53:01,billing
EVID0005990,DSP000999,TXN0061764,invoice,APPLICABLE,1,1,1,0.92,2025-09-11 10:30:56,billing
EVID0005991,DSP000999,TXN0061764,shipping_label,APPLICABLE,1,0,1,0.8,2025-09-15 16:15:32,logistics
EVID0005992,DSP000999,TXN0061764,tracking_number,APPLICABLE,1,0,1,0.87,2025-09-23 06:18:21,logistics
EVID0005993,DSP000999,TXN0061764,delivery_confirmation,APPLICABLE,1,0,1,0.79,2025-09-13 07:55:22,logistics
EVID0005994,DSP000999,TXN0061764,customer_communication,APPLICABLE,1,1,1,0.78,2025-09-19 21:18:52,crm
EVID0005995,DSP001000,TXN0061783,order_confirmation,UNAVAILABLE,0,1,1,0.0,2025-09-10 13:24:29,billing
EVID0005996,DSP001000,TXN0061783,invoice,UNAVAILABLE,0,1,1,0.0,2025-09-13 05:29:22,billing
EVID0005997,DSP001000,TXN0061783,shipping_label,APPLICABLE,1,0,1,0.6,2025-10-07 03:38:23,logistics
EVID0005998,DSP001000,TXN0061783,tracking_number,UNAVAILABLE,0,0,1,0.0,2025-09-23 09:30:22,logistics
EVID0005999,DSP001000,TXN0061783,delivery_confirmation,APPLICABLE,1,0,1,0.81,2025-09-21 23:34:04,logistics
EVID0006000,DSP001000,TXN0061783,customer_communication,APPLICABLE,1,1,1,0.66,2025-09-12 10:14:18,crm
EVID0006001,DSP001001,TXN0061813,order_confirmation,APPLICABLE,1,1,1,0.6,2025-09-10 20:15:46,billing
EVID0006002,DSP001001,TXN0061813,invoice,APPLICABLE,1,0,1,0.86,2025-09-15 03:13:05,billing
EVID0006003,DSP001001,TXN0061813,shipping_label,NOT_APPLICABLE,0,0,0,0.0,2025-09-15 03:09:50,logistics
EVID0006004,DSP001001,TXN0061813,tracking_number,NOT_APPLICABLE,0,0,0,0.0,2025-09-05 21:05:08,logistics
EVID0006005,DSP001001,TXN0061813,delivery_confirmation,NOT_APPLICABLE,0,0,0,0.0,2025-09-08 18:37:13,logistics
EVID0006006,DSP001001,TXN0061813,customer_communication,UNAVAILABLE,0,0,1,0.0,2025-09-15 22:19:26,crm
EVID0006007,DSP001002,TXN0061816,order_confirmation,APPLICABLE,1,1,1,0.91,2025-09-14 03:00:31,billing
EVID0006008,DSP001002,TXN0061816,invoice,APPLICABLE,1,1,1,0.94,2025-09-09 22:46:43,billing
EVID0006009,DSP001002,TXN0061816,shipping_label,NOT_APPLICABLE,0,0,0,0.0,2025-09-18 17:24:17,logistics
EVID0006010,DSP001002,TXN0061816,tracking_number,NOT_APPLICABLE,0,0,0,0.0,2025-09-23 21:23:38,logistics
EVID0006011,DSP001002,TXN0061816,delivery_confirmation,NOT_APPLICABLE,0,0,0,0.0,2025-09-25 22:59:39,logistics
EVID0006012,DSP001002,TXN0061816,customer_communication,APPLICABLE,1,1,1,0.61,2025-09-23 07:39:15,crm
EVID0006013,DSP001003,TXN0061942,order_confirmation,APPLICABLE,1,1,1,0.78,2025-09-12 00:18:23,billing
EVID0006014,DSP001003,TXN0061942,invoice,APPLICABLE,1,0,1,0.68,2025-09-09 19:46:06,billing
EVID0006015,DSP001003,TXN0061942,shipping_label,APPLICABLE,1,1,1,0.83,2025-09-16 21:11:17,logistics
EVID0006016,DSP001003,TXN0061942,tracking_number,APPLICABLE,1,1,1,0.94,2025-09-16 12:12:33,logistics
EVID0006017,DSP001003,TXN0061942,delivery_confirmation,APPLICABLE,1,1,1,0.76,2025-09-16 09:49:14,logistics
EVID0006018,DSP001003,TXN0061942,customer_communication,APPLICABLE,1,0,1,0.93,2025-09-17 14:37:25,crm
EVID0006019,DSP001004,TXN0061965,order_confirmation,APPLICABLE,1,1,1,0.86,2025-09-13 14:38:51,billing
EVID0006020,DSP001004,TXN0061965,invoice,APPLICABLE,1,1,1,0.75,2025-09-07 00:37:14,billing
EVID0006021,DSP001004,TXN0061965,shipping_label,NOT_APPLICABLE,0,0,0,0.0,2025-10-01 15:47:04,logistics
EVID0006022,DSP001004,TXN0061965,tracking_number,NOT_APPLICABLE,0,0,0,0.0,2025-09-09 22:05:51,logistics
EVID0006023,DSP001004,TXN0061965,delivery_confirmation,NOT_APPLICABLE,0,0,0,0.0,2025-09-10 15:48:12,logistics
EVID0006024,DSP001004,TXN0061965,customer_communication,UNAVAILABLE,0,1,1,0.0,2025-09-22 23:10:55,crm
EVID0006025,DSP001005,TXN0061986,order_confirmation,APPLICABLE,1,1,1,0.7,2025-09-17 03:28:00,billing
EVID0006026,DSP001005,TXN0061986,invoice,APPLICABLE,1,1,1,0.9,2025-09-08 02:24:33,billing
EVID0006027,DSP001005,TXN0061986,shipping_label,NOT_APPLICABLE,0,0,0,0.0,2025-09-16 03:41:44,logistics
EVID0006028,DSP001005,TXN0061986,tracking_number,NOT_APPLICABLE,0,0,0,0.0,2025-09-25 00:51:46,logistics
EVID0006029,DSP001005,TXN0061986,delivery_confirmation,NOT_APPLICABLE,0,0,0,0.0,2025-09-07 12:12:36,logistics
EVID0006030,DSP001005,TXN0061986,customer_communication,APPLICABLE,1,1,1,0.81,2025-09-22 15:10:54,crm
EVID0006031,DSP001006,TXN0062010,order_confirmation,APPLICABLE,1,1,1,0.85,2025-10-11 06:53:13,billing
EVID0006032,DSP001006,TXN0062010,invoice,UNAVAILABLE,0,1,1,0.0,2025-10-15 10:44:10,billing
EVID0006033,DSP001006,TXN0062010,shipping_label,NOT_APPLICABLE,0,0,0,0.0,2025-10-08 17:07:42,logistics
EVID0006034,DSP001006,TXN0062010,tracking_number,NOT_APPLICABLE,0,0,0,0.0,2025-10-01 21:20:13,logistics
EVID0006035,DSP001006,TXN0062010,delivery_confirmation,NOT_APPLICABLE,0,0,0,0.0,2025-09-21 00:17:43,logistics
EVID0006036,DSP001006,TXN0062010,customer_communication,APPLICABLE,1,1,1,0.65,2025-09-27 00:16:38,crm
EVID0006037,DSP001007,TXN0062018,order_confirmation,APPLICABLE,1,1,1,0.94,2025-10-12 17:16:10,billing
EVID0006038,DSP001007,TXN0062018,invoice,APPLICABLE,1,1,1,0.86,2025-09-21 21:26:44,billing
EVID0006039,DSP001007,TXN0062018,shipping_label,APPLICABLE,1,0,0,0.6,2025-09-23 08:56:11,logistics
EVID0006040,DSP001007,TXN0062018,tracking_number,APPLICABLE,1,0,0,0.67,2025-09-07 01:10:15,logistics
EVID0006041,DSP001007,TXN0062018,delivery_confirmation,APPLICABLE,1,0,0,0.94,2025-09-20 05:55:56,logistics
EVID0006042,DSP001007,TXN0062018,customer_communication,APPLICABLE,1,1,1,0.9,2025-10-02 06:53:09,crm
EVID0006043,DSP001008,TXN0062045,order_confirmation,APPLICABLE,1,1,1,0.84,2025-09-16 16:43:32,billing
EVID0006044,DSP001008,TXN0062045,invoice,UNAVAILABLE,0,1,1,0.0,2025-10-03 04:01:45,billing
EVID0006045,DSP001008,TXN0062045,shipping_label,NOT_APPLICABLE,0,0,0,0.0,2025-09-28 04:51:45,logistics
EVID0006046,DSP001008,TXN0062045,tracking_number,NOT_APPLICABLE,0,0,0,0.0,2025-09-23 11:58:26,logistics
EVID0006047,DSP001008,TXN0062045,delivery_confirmation,NOT_APPLICABLE,0,0,0,0.0,2025-09-26 09:00:39,logistics
EVID0006048,DSP001008,TXN0062045,customer_communication,APPLICABLE,1,0,1,0.85,2025-09-16 07:35:38,crm
EVID0006049,DSP001009,TXN0062305,order_confirmation,APPLICABLE,1,1,1,0.6,2025-09-11 19:03:39,billing
EVID0006050,DSP001009,TXN0062305,invoice,UNAVAILABLE,0,0,0,0.0,2025-09-12 11:13:35,billing
EVID0006051,DSP001009,TXN0062305,shipping_label,APPLICABLE,1,1,1,0.61,2025-09-09 06:20:04,logistics
EVID0006052,DSP001009,TXN0062305,tracking_number,UNAVAILABLE,0,1,1,0.0,2025-09-14 01:13:50,logistics
EVID0006053,DSP001009,TXN0062305,delivery_confirmation,APPLICABLE,1,1,1,0.75,2025-09-14 07:08:57,logistics
EVID0006054,DSP001009,TXN0062305,customer_communication,APPLICABLE,1,0,0,0.81,2025-09-11 04:19:57,crm
EVID0006055,DSP001010,TXN0062374,order_confirmation,UNAVAILABLE,0,1,1,0.0,2025-09-11 16:25:20,billing
EVID0006056,DSP001010,TXN0062374,invoice,APPLICABLE,1,0,1,0.92,2025-09-14 05:19:20,billing
EVID0006057,DSP001010,TXN0062374,shipping_label,APPLICABLE,1,1,1,0.84,2025-09-12 00:42:39,logistics
EVID0006058,DSP001010,TXN0062374,tracking_number,APPLICABLE,1,1,1,0.67,2025-09-15 14:37:44,logistics
EVID0006059,DSP001010,TXN0062374,delivery_confirmation,APPLICABLE,1,1,1,0.6,2025-09-09 20:05:00,logistics
EVID0006060,DSP001010,TXN0062374,customer_communication,APPLICABLE,1,0,0,0.69,2025-09-08 04:17:39,crm
EVID0006061,DSP001011,TXN0062449,order_confirmation,APPLICABLE,1,1,1,0.74,2025-09-20 02:58:33,billing
EVID0006062,DSP001011,TXN0062449,invoice,APPLICABLE,1,0,0,0.93,2025-10-15 23:45:14,billing
EVID0006063,DSP001011,TXN0062449,shipping_label,APPLICABLE,1,1,1,0.72,2025-09-23 03:54:46,logistics
EVID0006064,DSP001011,TXN0062449,tracking_number,UNAVAILABLE,0,1,1,0.0,2025-10-13 16:14:21,logistics
EVID0006065,DSP001011,TXN0062449,delivery_confirmation,APPLICABLE,1,1,1,0.67,2025-09-28 22:19:45,logistics
EVID0006066,DSP001011,TXN0062449,customer_communication,UNAVAILABLE,0,0,1,0.0,2025-10-02 22:28:56,crm
EVID0006067,DSP001012,TXN0062457,order_confirmation,APPLICABLE,1,1,1,0.71,2025-09-18 15:24:38,billing
EVID0006068,DSP001012,TXN0062457,invoice,APPLICABLE,1,1,1,0.87,2025-09-12 22:55:10,billing
EVID0006069,DSP001012,TXN0062457,shipping_label,APPLICABLE,1,0,1,0.62,2025-09-11 13:56:28,logistics
EVID0006070,DSP001012,TXN0062457,tracking_number,APPLICABLE,1,0,0,0.84,2025-09-16 00:54:20,logistics
EVID0006071,DSP001012,TXN0062457,delivery_confirmation,APPLICABLE,1,0,0,0.92,2025-09-14 14:06:05,logistics
EVID0006072,DSP001012,TXN0062457,customer_communication,APPLICABLE,1,1,1,0.73,2025-09-12 17:31:46,crm
EVID0006073,DSP001013,TXN0062603,order_confirmation,APPLICABLE,1,1,1,0.93,2025-09-10 10:19:02,billing
EVID0006074,DSP001013,TXN0062603,invoice,APPLICABLE,1,0,1,0.81,2025-09-14 08:41:07,billing
EVID0006075,DSP001013,TXN0062603,shipping_label,APPLICABLE,1,1,1,0.73,2025-09-12 12:46:07,logistics
EVID0006076,DSP001013,TXN0062603,tracking_number,APPLICABLE,1,1,1,0.93,2025-09-15 20:42:54,logistics
EVID0006077,DSP001013,TXN0062603,delivery_confirmation,APPLICABLE,1,1,1,0.71,2025-09-17 20:36:25,logistics
EVID0006078,DSP001013,TXN0062603,customer_communication,UNAVAILABLE,0,0,1,0.0,2025-09-08 23:29:59,crm
EVID0006079,DSP001014,TXN0062619,order_confirmation,APPLICABLE,1,1,1,0.79,2025-09-20 08:27:02,billing
EVID0006080,DSP001014,TXN0062619,invoice,APPLICABLE,1,0,0,0.77,2025-09-26 00:10:55,billing
EVID0006081,DSP001014,TXN0062619,shipping_label,NOT_APPLICABLE,0,0,0,0.0,2025-09-23 12:36:17,logistics
EVID0006082,DSP001014,TXN0062619,tracking_number,NOT_APPLICABLE,0,0,0,0.0,2025-09-22 19:31:03,logistics
EVID0006083,DSP001014,TXN0062619,delivery_confirmation,NOT_APPLICABLE,0,0,0,0.0,2025-09-15 19:05:17,logistics
EVID0006084,DSP001014,TXN0062619,customer_communication,APPLICABLE,1,1,1,0.6,2025-09-27 08:01:19,crm
EVID0006085,DSP001015,TXN0062682,order_confirmation,APPLICABLE,1,1,1,0.65,2025-09-21 23:40:31,billing
EVID0006086,DSP001015,TXN0062682,invoice,UNAVAILABLE,0,1,1,0.0,2025-09-23 14:04:30,billing
EVID0006087,DSP001015,TXN0062682,shipping_label,NOT_APPLICABLE,0,0,0,0.0,2025-09-14 02:59:31,logistics
EVID0006088,DSP001015,TXN0062682,tracking_number,NOT_APPLICABLE,0,0,0,0.0,2025-09-18 05:16:26,logistics
EVID0006089,DSP001015,TXN0062682,delivery_confirmation,NOT_APPLICABLE,0,0,0,0.0,2025-09-20 11:28:30,logistics
EVID0006090,DSP001015,TXN0062682,customer_communication,APPLICABLE,1,1,1,0.89,2025-09-11 19:54:09,crm
EVID0006091,DSP001016,TXN0062726,order_confirmation,APPLICABLE,1,1,1,0.66,2025-09-14 01:15:04,billing
EVID0006092,DSP001016,TXN0062726,invoice,APPLICABLE,1,1,1,0.86,2025-09-12 14:14:05,billing
EVID0006093,DSP001016,TXN0062726,shipping_label,NOT_APPLICABLE,0,0,0,0.0,2025-09-30 04:48:10,logistics
EVID0006094,DSP001016,TXN0062726,tracking_number,NOT_APPLICABLE,0,0,0,0.0,2025-09-15 21:18:31,logistics
EVID0006095,DSP001016,TXN0062726,delivery_confirmation,NOT_APPLICABLE,0,0,0,0.0,2025-10-02 16:38:56,logistics
EVID0006096,DSP001016,TXN0062726,customer_communication,APPLICABLE,1,1,1,0.69,2025-09-20 00:00:57,crm
EVID0006097,DSP001017,TXN0062739,order_confirmation,APPLICABLE,1,1,1,0.8,2025-10-05 03:26:47,billing
EVID0006098,DSP001017,TXN0062739,invoice,APPLICABLE,1,0,1,0.76,2025-09-29 03:33:23,billing
EVID0006099,DSP001017,TXN0062739,shipping_label,NOT_APPLICABLE,0,0,0,0.0,2025-10-08 03:39:47,logistics
EVID0006100,DSP001017,TXN0062739,tracking_number,NOT_APPLICABLE,0,0,0,0.0,2025-10-06 17:33:35,logistics
EVID0006101,DSP001017,TXN0062739,delivery_confirmation,NOT_APPLICABLE,0,0,0,0.0,2025-10-04 18:55:45,logistics
EVID0006102,DSP001017,TXN0062739,customer_communication,APPLICABLE,1,1,1,0.85,2025-09-28 18:16:09,crm
EVID0006103,DSP001018,TXN0062771,order_confirmation,UNAVAILABLE,0,1,1,0.0,2025-09-25 03:10:46,billing
EVID0006104,DSP001018,TXN0062771,invoice,APPLICABLE,1,0,1,0.78,2025-09-19 23:04:31,billing
EVID0006105,DSP001018,TXN0062771,shipping_label,UNAVAILABLE,0,0,1,0.0,2025-09-20 08:46:45,logistics
EVID0006106,DSP001018,TXN0062771,tracking_number,UNAVAILABLE,0,0,0,0.0,2025-09-26 09:47:46,logistics
EVID0006107,DSP001018,TXN0062771,delivery_confirmation,APPLICABLE,1,1,1,0.7,2025-09-21 13:35:33,logistics
EVID0006108,DSP001018,TXN0062771,customer_communication,APPLICABLE,1,1,1,0.71,2025-09-27 10:40:12,crm
EVID0006109,DSP001019,TXN0062841,order_confirmation,APPLICABLE,1,1,1,0.63,2025-09-12 22:44:21,billing
EVID0006110,DSP001019,TXN0062841,invoice,APPLICABLE,1,1,1,0.81,2025-09-21 15:04:47,billing
EVID0006111,DSP001019,TXN0062841,shipping_label,NOT_APPLICABLE,0,0,0,0.0,2025-09-20 23:19:16,logistics
EVID0006112,DSP001019,TXN0062841,tracking_number,NOT_APPLICABLE,0,0,0,0.0,2025-09-13 00:03:23,logistics
EVID0006113,DSP001019,TXN0062841,delivery_confirmation,NOT_APPLICABLE,0,0,0,0.0,2025-09-22 07:38:10,logistics
EVID0006114,DSP001019,TXN0062841,customer_communication,APPLICABLE,1,1,1,0.65,2025-09-22 16:55:52,crm
EVID0006115,DSP001020,TXN0062856,order_confirmation,UNAVAILABLE,0,1,1,0.0,2025-09-10 17:18:56,billing
EVID0006116,DSP001020,TXN0062856,invoice,UNAVAILABLE,0,1,1,0.0,2025-09-13 17:41:10,billing
EVID0006117,DSP001020,TXN0062856,shipping_label,UNAVAILABLE,0,0,0,0.0,2025-09-23 11:58:37,logistics
EVID0006118,DSP001020,TXN0062856,tracking_number,UNAVAILABLE,0,0,0,0.0,2025-09-18 21:28:19,logistics
EVID0006119,DSP001020,TXN0062856,delivery_confirmation,UNAVAILABLE,0,0,1,0.0,2025-09-12 19:30:24,logistics
EVID0006120,DSP001020,TXN0062856,customer_communication,UNAVAILABLE,0,1,1,0.0,2025-09-24 12:46:41,crm
EVID0006121,DSP001021,TXN0062893,order_confirmation,APPLICABLE,1,1,1,0.77,2025-09-17 06:43:01,billing
EVID0006122,DSP001021,TXN0062893,invoice,APPLICABLE,1,1,1,0.84,2025-09-13 20:31:40,billing
EVID0006123,DSP001021,TXN0062893,shipping_label,NOT_APPLICABLE,0,0,0,0.0,2025-09-10 19:54:41,logistics
EVID0006124,DSP001021,TXN0062893,tracking_number,NOT_APPLICABLE,0,0,0,0.0,2025-09-16 16:26:54,logistics
EVID0006125,DSP001021,TXN0062893,delivery_confirmation,NOT_APPLICABLE,0,0,0,0.0,2025-09-12 04:49:54,logistics
EVID0006126,DSP001021,TXN0062893,customer_communication,UNAVAILABLE,0,1,1,0.0,2025-09-11 18:28:24,crm
EVID0006127,DSP001022,TXN0062936,order_confirmation,APPLICABLE,1,1,1,0.85,2025-09-25 05:12:20,billing
EVID0006128,DSP001022,TXN0062936,invoice,APPLICABLE,1,0,1,0.85,2025-09-24 18:23:42,billing
EVID0006129,DSP001022,TXN0062936,shipping_label,UNAVAILABLE,0,0,1,0.0,2025-10-04 02:01:35,logistics
EVID0006130,DSP001022,TXN0062936,tracking_number,APPLICABLE,1,0,1,0.83,2025-09-11 20:28:43,logistics
EVID0006131,DSP001022,TXN0062936,delivery_confirmation,APPLICABLE,1,1,1,0.79,2025-09-17 10:20:13,logistics
EVID0006132,DSP001022,TXN0062936,customer_communication,APPLICABLE,1,1,1,0.78,2025-09-17 09:29:13,crm
EVID0006133,DSP001023,TXN0062999,order_confirmation,UNAVAILABLE,0,1,1,0.0,2025-09-24 10:37:47,billing
EVID0006134,DSP001023,TXN0062999,invoice,APPLICABLE,1,1,1,0.64,2025-09-21 03:31:11,billing
EVID0006135,DSP001023,TXN0062999,shipping_label,NOT_APPLICABLE,0,0,0,0.0,2025-09-19 13:38:58,logistics
EVID0006136,DSP001023,TXN0062999,tracking_number,NOT_APPLICABLE,0,0,0,0.0,2025-10-04 09:50:06,logistics
EVID0006137,DSP001023,TXN0062999,delivery_confirmation,NOT_APPLICABLE,0,0,0,0.0,2025-09-10 18:46:45,logistics
EVID0006138,DSP001023,TXN0062999,customer_communication,UNAVAILABLE,0,1,1,0.0,2025-09-16 14:52:17,crm
EVID0006139,DSP001024,TXN0063096,order_confirmation,APPLICABLE,1,1,1,0.9,2025-10-01 09:16:49,billing
EVID0006140,DSP001024,TXN0063096,invoice,APPLICABLE,1,0,1,0.79,2025-10-04 11:22:52,billing
EVID0006141,DSP001024,TXN0063096,shipping_label,APPLICABLE,1,1,1,0.73,2025-09-26 03:35:55,logistics
EVID0006142,DSP001024,TXN0063096,tracking_number,APPLICABLE,1,1,1,0.91,2025-10-03 01:49:27,logistics
EVID0006143,DSP001024,TXN0063096,delivery_confirmation,APPLICABLE,1,1,1,0.66,2025-09-27 12:21:45,logistics
EVID0006144,DSP001024,TXN0063096,customer_communication,APPLICABLE,1,0,0,0.64,2025-09-29 10:21:46,crm
EVID0006145,DSP001025,TXN0063156,order_confirmation,APPLICABLE,1,1,1,0.65,2025-10-05 22:28:15,billing
EVID0006146,DSP001025,TXN0063156,invoice,UNAVAILABLE,0,0,1,0.0,2025-10-12 07:54:29,billing
EVID0006147,DSP001025,TXN0063156,shipping_label,NOT_APPLICABLE,0,0,0,0.0,2025-10-03 19:24:28,logistics
EVID0006148,DSP001025,TXN0063156,tracking_number,NOT_APPLICABLE,0,0,0,0.0,2025-10-18 09:47:54,logistics
EVID0006149,DSP001025,TXN0063156,delivery_confirmation,NOT_APPLICABLE,0,0,0,0.0,2025-10-03 06:35:02,logistics
EVID0006150,DSP001025,TXN0063156,customer_communication,APPLICABLE,1,1,1,0.79,2025-10-13 19:44:48,crm
EVID0006151,DSP001026,TXN0063168,order_confirmation,UNAVAILABLE,0,1,1,0.0,2025-09-13 15:32:08,billing
EVID0006152,DSP001026,TXN0063168,invoice,UNAVAILABLE,0,1,1,0.0,2025-09-21 10:07:53,billing
EVID0006153,DSP001026,TXN0063168,shipping_label,NOT_APPLICABLE,0,0,0,0.0,2025-09-20 21:05:11,logistics
EVID0006154,DSP001026,TXN0063168,tracking_number,NOT_APPLICABLE,0,0,0,0.0,2025-09-17 03:08:04,logistics
EVID0006155,DSP001026,TXN0063168,delivery_confirmation,NOT_APPLICABLE,0,0,0,0.0,2025-09-21 01:50:28,logistics
EVID0006156,DSP001026,TXN0063168,customer_communication,UNAVAILABLE,0,1,1,0.0,2025-09-19 16:59:11,crm
EVID0006157,DSP001027,TXN0063261,order_confirmation,APPLICABLE,1,1,1,0.62,2025-09-16 05:38:04,billing
EVID0006158,DSP001027,TXN0063261,invoice,APPLICABLE,1,1,1,0.61,2025-09-13 10:51:18,billing
EVID0006159,DSP001027,TXN0063261,shipping_label,NOT_APPLICABLE,0,0,0,0.0,2025-09-15 16:31:40,logistics
EVID0006160,DSP001027,TXN0063261,tracking_number,NOT_APPLICABLE,0,0,0,0.0,2025-09-12 07:21:09,logistics
EVID0006161,DSP001027,TXN0063261,delivery_confirmation,NOT_APPLICABLE,0,0,0,0.0,2025-09-17 00:34:23,logistics
EVID0006162,DSP001027,TXN0063261,customer_communication,APPLICABLE,1,1,1,0.68,2025-09-12 18:34:43,crm
EVID0006163,DSP001028,TXN0063296,order_confirmation,APPLICABLE,1,1,1,0.84,2025-09-16 13:26:11,billing
EVID0006164,DSP001028,TXN0063296,invoice,APPLICABLE,1,1,1,0.68,2025-09-16 04:05:13,billing
EVID0006165,DSP001028,TXN0063296,shipping_label,APPLICABLE,1,0,1,0.73,2025-09-13 18:02:38,logistics
EVID0006166,DSP001028,TXN0063296,tracking_number,APPLICABLE,1,0,1,0.81,2025-09-15 06:46:21,logistics
EVID0006167,DSP001028,TXN0063296,delivery_confirmation,APPLICABLE,1,0,1,0.81,2025-09-15 19:01:22,logistics
EVID0006168,DSP001028,TXN0063296,customer_communication,UNAVAILABLE,0,1,1,0.0,2025-09-12 15:05:30,crm
EVID0006169,DSP001029,TXN0063312,order_confirmation,APPLICABLE,1,1,1,0.86,2025-09-18 11:36:02,billing
EVID0006170,DSP001029,TXN0063312,invoice,UNAVAILABLE,0,1,1,0.0,2025-09-18 21:48:04,billing
EVID0006171,DSP001029,TXN0063312,shipping_label,UNAVAILABLE,0,0,1,0.0,2025-09-12 13:10:50,logistics
EVID0006172,DSP001029,TXN0063312,tracking_number,APPLICABLE,1,0,1,0.86,2025-09-18 19:52:32,logistics
EVID0006173,DSP001029,TXN0063312,delivery_confirmation,APPLICABLE,1,0,0,0.6,2025-09-18 05:45:06,logistics
EVID0006174,DSP001029,TXN0063312,customer_communication,APPLICABLE,1,1,1,0.75,2025-09-14 04:56:43,crm
EVID0006175,DSP001030,TXN0063317,order_confirmation,APPLICABLE,1,1,1,0.76,2025-10-13 21:16:59,billing
EVID0006176,DSP001030,TXN0063317,invoice,APPLICABLE,1,1,1,0.78,2025-10-07 18:01:20,billing
EVID0006177,DSP001030,TXN0063317,shipping_label,APPLICABLE,1,0,1,0.87,2025-09-20 15:46:38,logistics
EVID0006178,DSP001030,TXN0063317,tracking_number,APPLICABLE,1,0,1,0.8,2025-09-12 20:28:00,logistics
EVID0006179,DSP001030,TXN0063317,delivery_confirmation,APPLICABLE,1,0,0,0.87,2025-09-25 06:42:56,logistics
EVID0006180,DSP001030,TXN0063317,customer_communication,APPLICABLE,1,1,1,0.94,2025-09-21 22:08:28,crm
EVID0006181,DSP001031,TXN0063319,order_confirmation,UNAVAILABLE,0,1,1,0.0,2025-10-21 02:39:55,billing
EVID0006182,DSP001031,TXN0063319,invoice,APPLICABLE,1,0,0,0.89,2025-10-07 20:09:28,billing
EVID0006183,DSP001031,TXN0063319,shipping_label,APPLICABLE,1,1,1,0.6,2025-10-11 09:34:16,logistics
EVID0006184,DSP001031,TXN0063319,tracking_number,APPLICABLE,1,1,1,0.82,2025-09-27 11:51:48,logistics
EVID0006185,DSP001031,TXN0063319,delivery_confirmation,APPLICABLE,1,1,1,0.79,2025-10-01 10:39:45,logistics
EVID0006186,DSP001031,TXN0063319,customer_communication,APPLICABLE,1,0,1,0.67,2025-10-10 12:38:39,crm
EVID0006187,DSP001032,TXN0063408,order_confirmation,APPLICABLE,1,1,1,0.91,2025-09-14 12:34:36,billing
EVID0006188,DSP001032,TXN0063408,invoice,APPLICABLE,1,0,1,0.6,2025-09-15 02:42:43,billing
EVID0006189,DSP001032,TXN0063408,shipping_label,APPLICABLE,1,1,1,0.64,2025-09-13 13:21:19,logistics
EVID0006190,DSP001032,TXN0063408,tracking_number,APPLICABLE,1,1,1,0.92,2025-09-14 23:29:47,logistics
EVID0006191,DSP001032,TXN0063408,delivery_confirmation,UNAVAILABLE,0,1,1,0.0,2025-09-12 14:34:13,logistics
EVID0006192,DSP001032,TXN0063408,customer_communication,UNAVAILABLE,0,0,0,0.0,2025-09-17 16:15:44,crm
EVID0006193,DSP001033,TXN0063444,order_confirmation,APPLICABLE,1,1,1,0.89,2025-09-14 19:33:30,billing
EVID0006194,DSP001033,TXN0063444,invoice,APPLICABLE,1,1,1,0.75,2025-09-15 09:19:04,billing
EVID0006195,DSP001033,TXN0063444,shipping_label,UNAVAILABLE,0,0,1,0.0,2025-09-15 00:23:54,logistics
EVID0006196,DSP001033,TXN0063444,tracking_number,APPLICABLE,1,0,0,0.63,2025-09-25 18:08:30,logistics
EVID0006197,DSP001033,TXN0063444,delivery_confirmation,APPLICABLE,1,0,1,0.91,2025-09-16 16:29:25,logistics
EVID0006198,DSP001033,TXN0063444,customer_communication,APPLICABLE,1,1,1,0.66,2025-09-19 12:45:42,crm
EVID0006199,DSP001034,TXN0063564,order_confirmation,APPLICABLE,1,1,1,0.65,2025-09-15 03:57:40,billing
EVID0006200,DSP001034,TXN0063564,invoice,APPLICABLE,1,0,1,0.9,2025-09-16 17:35:34,billing
EVID0006201,DSP001034,TXN0063564,shipping_label,NOT_APPLICABLE,0,0,0,0.0,2025-09-20 10:28:10,logistics
EVID0006202,DSP001034,TXN0063564,tracking_number,NOT_APPLICABLE,0,0,0,0.0,2025-09-22 21:00:16,logistics
EVID0006203,DSP001034,TXN0063564,delivery_confirmation,NOT_APPLICABLE,0,0,0,0.0,2025-09-17 02:18:35,logistics
EVID0006204,DSP001034,TXN0063564,customer_communication,APPLICABLE,1,0,1,0.87,2025-09-14 10:04:07,crm
EVID0006205,DSP001035,TXN0063642,order_confirmation,UNAVAILABLE,0,1,1,0.0,2025-09-14 19:51:42,billing
EVID0006206,DSP001035,TXN0063642,invoice,UNAVAILABLE,0,1,1,0.0,2025-09-20 15:23:37,billing
EVID0006207,DSP001035,TXN0063642,shipping_label,APPLICABLE,1,0,1,0.7,2025-09-22 20:56:17,logistics
EVID0006208,DSP001035,TXN0063642,tracking_number,APPLICABLE,1,0,0,0.76,2025-09-15 19:18:16,logistics
EVID0006209,DSP001035,TXN0063642,delivery_confirmation,APPLICABLE,1,0,0,0.9,2025-09-21 04:13:10,logistics
EVID0006210,DSP001035,TXN0063642,customer_communication,APPLICABLE,1,1,1,0.7,2025-09-16 20:46:16,crm
EVID0006211,DSP001036,TXN0063648,order_confirmation,APPLICABLE,1,1,1,0.95,2025-10-06 06:40:52,billing
EVID0006212,DSP001036,TXN0063648,invoice,APPLICABLE,1,1,1,0.7,2025-10-03 12:22:00,billing
EVID0006213,DSP001036,TXN0063648,shipping_label,APPLICABLE,1,0,0,0.96,2025-10-05 06:10:12,logistics
EVID0006214,DSP001036,TXN0063648,tracking_number,APPLICABLE,1,0,1,0.65,2025-09-16 08:38:25,logistics
EVID0006215,DSP001036,TXN0063648,delivery_confirmation,APPLICABLE,1,0,1,0.83,2025-09-14 16:23:37,logistics
EVID0006216,DSP001036,TXN0063648,customer_communication,APPLICABLE,1,1,1,0.75,2025-09-18 08:10:18,crm
EVID0006217,DSP001037,TXN0063698,order_confirmation,APPLICABLE,1,1,1,0.61,2025-10-07 11:27:23,billing
EVID0006218,DSP001037,TXN0063698,invoice,APPLICABLE,1,1,1,0.9,2025-10-08 05:40:50,billing
EVID0006219,DSP001037,TXN0063698,shipping_label,NOT_APPLICABLE,0,0,0,0.0,2025-10-20 01:41:30,logistics
EVID0006220,DSP001037,TXN0063698,tracking_number,NOT_APPLICABLE,0,0,0,0.0,2025-10-08 00:47:14,logistics
EVID0006221,DSP001037,TXN0063698,delivery_confirmation,NOT_APPLICABLE,0,0,0,0.0,2025-10-02 05:42:29,logistics
EVID0006222,DSP001037,TXN0063698,customer_communication,APPLICABLE,1,1,1,0.68,2025-09-19 03:10:24,crm
EVID0006223,DSP001038,TXN0063767,order_confirmation,APPLICABLE,1,1,1,0.6,2025-09-18 15:46:10,billing
EVID0006224,DSP001038,TXN0063767,invoice,APPLICABLE,1,0,1,0.63,2025-09-14 12:15:57,billing
EVID0006225,DSP001038,TXN0063767,shipping_label,APPLICABLE,1,1,1,0.6,2025-09-19 14:13:30,logistics
EVID0006226,DSP001038,TXN0063767,tracking_number,APPLICABLE,1,1,1,0.76,2025-09-14 01:37:10,logistics
EVID0006227,DSP001038,TXN0063767,delivery_confirmation,APPLICABLE,1,1,1,0.87,2025-09-18 15:53:28,logistics
EVID0006228,DSP001038,TXN0063767,customer_communication,APPLICABLE,1,0,1,0.62,2025-09-16 13:16:54,crm
EVID0006229,DSP001039,TXN0063780,order_confirmation,APPLICABLE,1,1,1,0.76,2025-09-17 07:17:23,billing
EVID0006230,DSP001039,TXN0063780,invoice,UNAVAILABLE,0,1,1,0.0,2025-09-17 20:14:25,billing
EVID0006231,DSP001039,TXN0063780,shipping_label,NOT_APPLICABLE,0,0,0,0.0,2025-09-14 08:42:20,logistics
EVID0006232,DSP001039,TXN0063780,tracking_number,NOT_APPLICABLE,0,0,0,0.0,2025-09-15 05:47:40,logistics
EVID0006233,DSP001039,TXN0063780,delivery_confirmation,NOT_APPLICABLE,0,0,0,0.0,2025-09-17 02:42:26,logistics
EVID0006234,DSP001039,TXN0063780,customer_communication,UNAVAILABLE,0,1,1,0.0,2025-09-17 16:48:40,crm
EVID0006235,DSP001040,TXN0063797,order_confirmation,APPLICABLE,1,1,1,0.61,2025-09-24 14:43:29,billing
EVID0006236,DSP001040,TXN0063797,invoice,APPLICABLE,1,1,1,0.74,2025-09-15 19:48:05,billing
EVID0006237,DSP001040,TXN0063797,shipping_label,APPLICABLE,1,0,1,0.79,2025-10-04 07:54:50,logistics
EVID0006238,DSP001040,TXN0063797,tracking_number,APPLICABLE,1,0,1,0.72,2025-09-29 05:18:04,logistics
EVID0006239,DSP001040,TXN0063797,delivery_confirmation,APPLICABLE,1,0,1,0.67,2025-09-25 22:26:39,logistics
EVID0006240,DSP001040,TXN0063797,customer_communication,APPLICABLE,1,1,1,0.85,2025-09-18 17:26:37,crm
EVID0006241,DSP001041,TXN0063808,order_confirmation,UNAVAILABLE,0,1,1,0.0,2025-09-25 17:13:41,billing
EVID0006242,DSP001041,TXN0063808,invoice,APPLICABLE,1,0,0,0.78,2025-10-09 21:52:07,billing
EVID0006243,DSP001041,TXN0063808,shipping_label,NOT_APPLICABLE,0,0,0,0.0,2025-10-04 09:18:06,logistics
EVID0006244,DSP001041,TXN0063808,tracking_number,NOT_APPLICABLE,0,0,0,0.0,2025-10-05 17:54:43,logistics
EVID0006245,DSP001041,TXN0063808,delivery_confirmation,NOT_APPLICABLE,0,0,0,0.0,2025-09-15 20:17:08,logistics
EVID0006246,DSP001041,TXN0063808,customer_communication,UNAVAILABLE,0,1,1,0.0,2025-09-13 20:45:38,crm
EVID0006247,DSP001042,TXN0063876,order_confirmation,APPLICABLE,1,1,1,0.95,2025-09-22 10:54:34,billing
EVID0006248,DSP001042,TXN0063876,invoice,APPLICABLE,1,0,0,0.85,2025-09-14 08:31:42,billing
EVID0006249,DSP001042,TXN0063876,shipping_label,NOT_APPLICABLE,0,0,0,0.0,2025-09-17 06:00:17,logistics
EVID0006250,DSP001042,TXN0063876,tracking_number,NOT_APPLICABLE,0,0,0,0.0,2025-10-07 17:41:00,logistics
EVID0006251,DSP001042,TXN0063876,delivery_confirmation,NOT_APPLICABLE,0,0,0,0.0,2025-09-27 14:19:00,logistics
EVID0006252,DSP001042,TXN0063876,customer_communication,APPLICABLE,1,0,1,0.83,2025-10-13 08:27:44,crm
EVID0006253,DSP001043,TXN0063880,order_confirmation,APPLICABLE,1,1,1,0.86,2025-09-24 16:00:25,billing
EVID0006254,DSP001043,TXN0063880,invoice,APPLICABLE,1,1,1,0.61,2025-10-09 02:42:22,billing
EVID0006255,DSP001043,TXN0063880,shipping_label,NOT_APPLICABLE,0,0,0,0.0,2025-09-27 23:52:55,logistics
EVID0006256,DSP001043,TXN0063880,tracking_number,NOT_APPLICABLE,0,0,0,0.0,2025-09-16 13:07:26,logistics
EVID0006257,DSP001043,TXN0063880,delivery_confirmation,NOT_APPLICABLE,0,0,0,0.0,2025-09-22 04:11:39,logistics
EVID0006258,DSP001043,TXN0063880,customer_communication,UNAVAILABLE,0,1,1,0.0,2025-10-10 06:23:22,crm
EVID0006259,DSP001044,TXN0063917,order_confirmation,APPLICABLE,1,1,1,0.78,2025-09-19 05:08:43,billing
EVID0006260,DSP001044,TXN0063917,invoice,APPLICABLE,1,0,1,0.79,2025-09-15 21:49:26,billing
EVID0006261,DSP001044,TXN0063917,shipping_label,APPLICABLE,1,1,1,0.66,2025-09-16 02:40:49,logistics
EVID0006262,DSP001044,TXN0063917,tracking_number,APPLICABLE,1,1,1,0.87,2025-09-21 04:05:26,logistics
EVID0006263,DSP001044,TXN0063917,delivery_confirmation,UNAVAILABLE,0,1,1,0.0,2025-09-17 19:24:09,logistics
EVID0006264,DSP001044,TXN0063917,customer_communication,APPLICABLE,1,0,0,0.67,2025-09-19 15:49:21,crm
EVID0006265,DSP001045,TXN0063991,order_confirmation,APPLICABLE,1,1,1,0.7,2025-10-17 17:18:30,billing
EVID0006266,DSP001045,TXN0063991,invoice,UNAVAILABLE,0,0,1,0.0,2025-10-01 05:48:08,billing
EVID0006267,DSP001045,TXN0063991,shipping_label,APPLICABLE,1,1,1,0.67,2025-10-15 10:37:47,logistics
EVID0006268,DSP001045,TXN0063991,tracking_number,APPLICABLE,1,1,1,0.75,2025-09-27 07:06:37,logistics
EVID0006269,DSP001045,TXN0063991,delivery_confirmation,APPLICABLE,1,1,1,0.69,2025-10-21 03:33:19,logistics
EVID0006270,DSP001045,TXN0063991,customer_communication,APPLICABLE,1,0,1,0.75,2025-10-18 23:11:47,crm
EVID0006271,DSP001046,TXN0064150,order_confirmation,APPLICABLE,1,1,1,0.94,2025-09-30 21:44:46,billing
EVID0006272,DSP001046,TXN0064150,invoice,APPLICABLE,1,1,1,0.73,2025-10-01 21:02:17,billing
EVID0006273,DSP001046,TXN0064150,shipping_label,NOT_APPLICABLE,0,0,0,0.0,2025-09-25 12:24:18,logistics
EVID0006274,DSP001046,TXN0064150,tracking_number,NOT_APPLICABLE,0,0,0,0.0,2025-10-07 14:42:56,logistics
EVID0006275,DSP001046,TXN0064150,delivery_confirmation,NOT_APPLICABLE,0,0,0,0.0,2025-10-14 09:29:40,logistics
EVID0006276,DSP001046,TXN0064150,customer_communication,APPLICABLE,1,1,1,0.71,2025-10-01 05:41:27,crm
EVID0006277,DSP001047,TXN0064220,order_confirmation,APPLICABLE,1,1,1,0.87,2025-09-22 20:24:59,billing
EVID0006278,DSP001047,TXN0064220,invoice,APPLICABLE,1,1,1,0.76,2025-09-21 05:53:36,billing
EVID0006279,DSP001047,TXN0064220,shipping_label,NOT_APPLICABLE,0,0,0,0.0,2025-09-15 12:20:27,logistics
EVID0006280,DSP001047,TXN0064220,tracking_number,NOT_APPLICABLE,0,0,0,0.0,2025-09-26 09:39:33,logistics
EVID0006281,DSP001047,TXN0064220,delivery_confirmation,NOT_APPLICABLE,0,0,0,0.0,2025-09-15 13:53:03,logistics
EVID0006282,DSP001047,TXN0064220,customer_communication,APPLICABLE,1,0,0,0.84,2025-09-23 15:02:03,crm
EVID0006283,DSP001048,TXN0064254,order_confirmation,APPLICABLE,1,1,1,0.6,2025-10-09 06:54:35,billing
EVID0006284,DSP001048,TXN0064254,invoice,APPLICABLE,1,0,0,0.88,2025-10-04 14:50:44,billing
EVID0006285,DSP001048,TXN0064254,shipping_label,APPLICABLE,1,1,1,0.72,2025-10-11 16:10:45,logistics
EVID0006286,DSP001048,TXN0064254,tracking_number,APPLICABLE,1,1,1,0.76,2025-09-19 11:45:21,logistics
EVID0006287,DSP001048,TXN0064254,delivery_confirmation,UNAVAILABLE,0,1,1,0.0,2025-09-19 07:31:54,logistics
EVID0006288,DSP001048,TXN0064254,customer_communication,APPLICABLE,1,0,1,0.79,2025-10-11 16:46:58,crm
EVID0006289,DSP001049,TXN0064346,order_confirmation,APPLICABLE,1,1,1,0.65,2025-09-21 19:24:03,billing
EVID0006290,DSP001049,TXN0064346,invoice,APPLICABLE,1,0,1,0.6,2025-10-02 22:52:48,billing
EVID0006291,DSP001049,TXN0064346,shipping_label,NOT_APPLICABLE,0,0,0,0.0,2025-10-25 06:34:12,logistics
EVID0006292,DSP001049,TXN0064346,tracking_number,NOT_APPLICABLE,0,0,0,0.0,2025-10-04 02:07:18,logistics
EVID0006293,DSP001049,TXN0064346,delivery_confirmation,NOT_APPLICABLE,0,0,0,0.0,2025-10-25 23:40:48,logistics
EVID0006294,DSP001049,TXN0064346,customer_communication,APPLICABLE,1,0,1,0.6,2025-10-15 00:11:21,crm
EVID0006295,DSP001050,TXN0064513,order_confirmation,APPLICABLE,1,1,1,0.82,2025-09-17 01:49:39,billing
EVID0006296,DSP001050,TXN0064513,invoice,APPLICABLE,1,1,1,0.63,2025-09-22 17:21:53,billing
EVID0006297,DSP001050,TXN0064513,shipping_label,NOT_APPLICABLE,0,0,0,0.0,2025-10-09 03:04:49,logistics
EVID0006298,DSP001050,TXN0064513,tracking_number,NOT_APPLICABLE,0,0,0,0.0,2025-10-04 15:38:44,logistics
EVID0006299,DSP001050,TXN0064513,delivery_confirmation,NOT_APPLICABLE,0,0,0,0.0,2025-09-26 00:51:18,logistics
EVID0006300,DSP001050,TXN0064513,customer_communication,UNAVAILABLE,0,1,1,0.0,2025-10-08 05:58:29,crm
EVID0006301,DSP001051,TXN0064571,order_confirmation,APPLICABLE,1,1,1,0.94,2025-09-16 23:25:16,billing
EVID0006302,DSP001051,TXN0064571,invoice,APPLICABLE,1,0,0,0.94,2025-09-18 13:29:00,billing
EVID0006303,DSP001051,TXN0064571,shipping_label,NOT_APPLICABLE,0,0,0,0.0,2025-09-19 00:39:06,logistics
EVID0006304,DSP001051,TXN0064571,tracking_number,NOT_APPLICABLE,0,0,0,0.0,2025-09-18 00:25:52,logistics
EVID0006305,DSP001051,TXN0064571,delivery_confirmation,NOT_APPLICABLE,0,0,0,0.0,2025-09-17 09:38:33,logistics
EVID0006306,DSP001051,TXN0064571,customer_communication,APPLICABLE,1,1,1,0.82,2025-09-18 16:41:37,crm
EVID0006307,DSP001052,TXN0064574,order_confirmation,APPLICABLE,1,1,1,0.73,2025-09-25 16:27:22,billing
EVID0006308,DSP001052,TXN0064574,invoice,APPLICABLE,1,0,1,0.6,2025-09-17 18:25:44,billing
EVID0006309,DSP001052,TXN0064574,shipping_label,NOT_APPLICABLE,0,0,0,0.0,2025-09-23 16:32:46,logistics
EVID0006310,DSP001052,TXN0064574,tracking_number,NOT_APPLICABLE,0,0,0,0.0,2025-09-28 20:05:33,logistics
EVID0006311,DSP001052,TXN0064574,delivery_confirmation,NOT_APPLICABLE,0,0,0,0.0,2025-10-03 23:07:53,logistics
EVID0006312,DSP001052,TXN0064574,customer_communication,UNAVAILABLE,0,0,0,0.0,2025-10-04 00:49:57,crm
EVID0006313,DSP001053,TXN0064669,order_confirmation,APPLICABLE,1,1,1,0.84,2025-09-27 00:04:57,billing
EVID0006314,DSP001053,TXN0064669,invoice,APPLICABLE,1,0,0,0.67,2025-10-27 08:18:11,billing
EVID0006315,DSP001053,TXN0064669,shipping_label,NOT_APPLICABLE,0,0,0,0.0,2025-10-18 11:27:25,logistics
EVID0006316,DSP001053,TXN0064669,tracking_number,NOT_APPLICABLE,0,0,0,0.0,2025-10-06 17:05:55,logistics
EVID0006317,DSP001053,TXN0064669,delivery_confirmation,NOT_APPLICABLE,0,0,0,0.0,2025-09-22 20:53:13,logistics
EVID0006318,DSP001053,TXN0064669,customer_communication,APPLICABLE,1,1,1,0.73,2025-09-30 22:45:29,crm
EVID0006319,DSP001054,TXN0064741,order_confirmation,APPLICABLE,1,1,1,0.68,2025-10-14 11:42:10,billing
EVID0006320,DSP001054,TXN0064741,invoice,APPLICABLE,1,0,1,0.86,2025-09-27 02:35:07,billing
EVID0006321,DSP001054,TXN0064741,shipping_label,APPLICABLE,1,1,1,0.68,2025-10-19 17:35:38,logistics
EVID0006322,DSP001054,TXN0064741,tracking_number,APPLICABLE,1,1,1,0.7,2025-10-15 03:55:23,logistics
EVID0006323,DSP001054,TXN0064741,delivery_confirmation,APPLICABLE,1,1,1,0.77,2025-10-20 07:58:04,logistics
EVID0006324,DSP001054,TXN0064741,customer_communication,APPLICABLE,1,0,1,0.65,2025-10-20 19:51:40,crm
EVID0006325,DSP001055,TXN0064832,order_confirmation,APPLICABLE,1,1,1,0.6,2025-10-16 19:21:01,billing
EVID0006326,DSP001055,TXN0064832,invoice,APPLICABLE,1,1,1,0.85,2025-09-24 11:30:24,billing
EVID0006327,DSP001055,TXN0064832,shipping_label,NOT_APPLICABLE,0,0,0,0.0,2025-10-24 11:12:39,logistics
EVID0006328,DSP001055,TXN0064832,tracking_number,NOT_APPLICABLE,0,0,0,0.0,2025-09-21 09:52:36,logistics
EVID0006329,DSP001055,TXN0064832,delivery_confirmation,NOT_APPLICABLE,0,0,0,0.0,2025-09-24 10:33:23,logistics
EVID0006330,DSP001055,TXN0064832,customer_communication,APPLICABLE,1,1,1,0.9,2025-09-30 20:34:23,crm
EVID0006331,DSP001056,TXN0064857,order_confirmation,APPLICABLE,1,1,1,0.69,2025-10-23 17:58:14,billing
EVID0006332,DSP001056,TXN0064857,invoice,APPLICABLE,1,0,1,0.64,2025-10-26 08:07:56,billing
EVID0006333,DSP001056,TXN0064857,shipping_label,APPLICABLE,1,1,1,0.64,2025-10-01 16:21:25,logistics
EVID0006334,DSP001056,TXN0064857,tracking_number,UNAVAILABLE,0,1,1,0.0,2025-09-27 16:15:54,logistics
EVID0006335,DSP001056,TXN0064857,delivery_confirmation,APPLICABLE,1,1,1,0.65,2025-10-21 06:38:39,logistics
EVID0006336,DSP001056,TXN0064857,customer_communication,APPLICABLE,1,0,1,0.69,2025-09-19 11:40:32,crm
EVID0006337,DSP001057,TXN0064890,order_confirmation,APPLICABLE,1,1,1,0.71,2025-10-15 15:38:51,billing
EVID0006338,DSP001057,TXN0064890,invoice,UNAVAILABLE,0,1,1,0.0,2025-10-10 11:55:39,billing
EVID0006339,DSP001057,TXN0064890,shipping_label,UNAVAILABLE,0,0,0,0.0,2025-09-18 13:20:34,logistics
EVID0006340,DSP001057,TXN0064890,tracking_number,UNAVAILABLE,0,0,1,0.0,2025-10-09 04:41:22,logistics
EVID0006341,DSP001057,TXN0064890,delivery_confirmation,UNAVAILABLE,0,0,1,0.0,2025-10-19 13:50:42,logistics
EVID0006342,DSP001057,TXN0064890,customer_communication,APPLICABLE,1,1,1,0.7,2025-10-21 03:17:00,crm
EVID0006343,DSP001058,TXN0064905,order_confirmation,APPLICABLE,1,1,1,0.65,2025-10-09 12:03:54,billing
EVID0006344,DSP001058,TXN0064905,invoice,APPLICABLE,1,0,1,0.82,2025-10-29 11:50:21,billing
EVID0006345,DSP001058,TXN0064905,shipping_label,APPLICABLE,1,0,0,0.82,2025-10-08 06:09:17,logistics
EVID0006346,DSP001058,TXN0064905,tracking_number,APPLICABLE,1,0,1,0.61,2025-10-01 19:23:04,logistics
EVID0006347,DSP001058,TXN0064905,delivery_confirmation,APPLICABLE,1,1,1,0.78,2025-09-24 09:55:17,logistics
EVID0006348,DSP001058,TXN0064905,customer_communication,APPLICABLE,1,1,1,0.79,2025-10-21 12:34:10,crm
EVID0006349,DSP001059,TXN0065118,order_confirmation,APPLICABLE,1,1,1,0.75,2025-10-14 15:27:31,billing
EVID0006350,DSP001059,TXN0065118,invoice,APPLICABLE,1,1,1,0.6,2025-09-21 15:27:03,billing
EVID0006351,DSP001059,TXN0065118,shipping_label,NOT_APPLICABLE,0,0,0,0.0,2025-09-30 10:25:42,logistics
EVID0006352,DSP001059,TXN0065118,tracking_number,NOT_APPLICABLE,0,0,0,0.0,2025-09-21 19:31:43,logistics
EVID0006353,DSP001059,TXN0065118,delivery_confirmation,NOT_APPLICABLE,0,0,0,0.0,2025-10-03 00:37:34,logistics
EVID0006354,DSP001059,TXN0065118,customer_communication,UNAVAILABLE,0,1,1,0.0,2025-10-09 22:13:07,crm
EVID0006355,DSP001060,TXN0065225,order_confirmation,APPLICABLE,1,1,1,0.72,2025-10-08 19:54:21,billing
EVID0006356,DSP001060,TXN0065225,invoice,APPLICABLE,1,1,1,0.92,2025-09-29 06:05:31,billing
EVID0006357,DSP001060,TXN0065225,shipping_label,APPLICABLE,1,0,1,0.67,2025-10-06 01:19:03,logistics
EVID0006358,DSP001060,TXN0065225,tracking_number,APPLICABLE,1,0,0,0.87,2025-09-23 18:40:17,logistics
EVID0006359,DSP001060,TXN0065225,delivery_confirmation,APPLICABLE,1,0,0,0.6,2025-10-17 13:34:31,logistics
EVID0006360,DSP001060,TXN0065225,customer_communication,APPLICABLE,1,1,1,0.73,2025-09-21 00:55:03,crm
EVID0006361,DSP001061,TXN0065261,order_confirmation,APPLICABLE,1,1,1,0.66,2025-09-21 18:31:46,billing
EVID0006362,DSP001061,TXN0065261,invoice,APPLICABLE,1,0,1,0.74,2025-09-26 00:47:28,billing
EVID0006363,DSP001061,TXN0065261,shipping_label,APPLICABLE,1,0,0,0.86,2025-09-24 17:51:14,logistics
EVID0006364,DSP001061,TXN0065261,tracking_number,APPLICABLE,1,0,1,0.61,2025-09-23 22:58:56,logistics
EVID0006365,DSP001061,TXN0065261,delivery_confirmation,APPLICABLE,1,1,1,0.63,2025-09-27 22:57:08,logistics
EVID0006366,DSP001061,TXN0065261,customer_communication,APPLICABLE,1,1,1,0.79,2025-09-27 12:13:21,crm
EVID0006367,DSP001062,TXN0065282,order_confirmation,UNAVAILABLE,0,1,1,0.0,2025-09-21 14:11:15,billing
EVID0006368,DSP001062,TXN0065282,invoice,APPLICABLE,1,0,0,0.84,2025-10-13 12:54:54,billing
EVID0006369,DSP001062,TXN0065282,shipping_label,NOT_APPLICABLE,0,0,0,0.0,2025-10-11 04:58:14,logistics
EVID0006370,DSP001062,TXN0065282,tracking_number,NOT_APPLICABLE,0,0,0,0.0,2025-10-29 11:10:14,logistics
EVID0006371,DSP001062,TXN0065282,delivery_confirmation,NOT_APPLICABLE,0,0,0,0.0,2025-09-21 09:42:10,logistics
EVID0006372,DSP001062,TXN0065282,customer_communication,APPLICABLE,1,1,1,0.61,2025-10-19 00:03:43,crm
EVID0006373,DSP001063,TXN0065296,order_confirmation,APPLICABLE,1,1,1,0.85,2025-10-01 19:36:30,billing
EVID0006374,DSP001063,TXN0065296,invoice,APPLICABLE,1,1,1,0.93,2025-09-26 02:35:04,billing
EVID0006375,DSP001063,TXN0065296,shipping_label,APPLICABLE,1,0,0,0.64,2025-09-28 14:15:42,logistics
EVID0006376,DSP001063,TXN0065296,tracking_number,UNAVAILABLE,0,0,1,0.0,2025-09-21 15:26:22,logistics
EVID0006377,DSP001063,TXN0065296,delivery_confirmation,APPLICABLE,1,0,1,0.7,2025-09-28 10:03:34,logistics
EVID0006378,DSP001063,TXN0065296,customer_communication,APPLICABLE,1,1,1,0.92,2025-10-02 22:27:46,crm
EVID0006379,DSP001064,TXN0065411,order_confirmation,APPLICABLE,1,1,1,0.91,2025-09-25 21:56:14,billing
EVID0006380,DSP001064,TXN0065411,invoice,APPLICABLE,1,0,1,0.77,2025-09-21 18:04:21,billing
EVID0006381,DSP001064,TXN0065411,shipping_label,NOT_APPLICABLE,0,0,0,0.0,2025-09-28 04:21:08,logistics
EVID0006382,DSP001064,TXN0065411,tracking_number,NOT_APPLICABLE,0,0,0,0.0,2025-09-26 00:14:46,logistics
EVID0006383,DSP001064,TXN0065411,delivery_confirmation,NOT_APPLICABLE,0,0,0,0.0,2025-09-27 14:49:59,logistics
EVID0006384,DSP001064,TXN0065411,customer_communication,APPLICABLE,1,1,1,0.8,2025-09-22 02:33:52,crm
EVID0006385,DSP001065,TXN0065473,order_confirmation,APPLICABLE,1,1,1,0.93,2025-09-25 08:01:53,billing
EVID0006386,DSP001065,TXN0065473,invoice,APPLICABLE,1,0,1,0.65,2025-09-24 13:21:23,billing
EVID0006387,DSP001065,TXN0065473,shipping_label,NOT_APPLICABLE,0,0,0,0.0,2025-09-21 13:02:53,logistics
EVID0006388,DSP001065,TXN0065473,tracking_number,NOT_APPLICABLE,0,0,0,0.0,2025-09-22 07:15:16,logistics
EVID0006389,DSP001065,TXN0065473,delivery_confirmation,NOT_APPLICABLE,0,0,0,0.0,2025-09-21 12:10:00,logistics
EVID0006390,DSP001065,TXN0065473,customer_communication,APPLICABLE,1,1,1,0.69,2025-09-26 02:49:31,crm
EVID0006391,DSP001066,TXN0065488,order_confirmation,APPLICABLE,1,1,1,0.62,2025-09-26 00:32:31,billing
EVID0006392,DSP001066,TXN0065488,invoice,APPLICABLE,1,1,1,0.75,2025-09-21 13:55:21,billing
EVID0006393,DSP001066,TXN0065488,shipping_label,NOT_APPLICABLE,0,0,0,0.0,2025-09-22 00:25:08,logistics
EVID0006394,DSP001066,TXN0065488,tracking_number,NOT_APPLICABLE,0,0,0,0.0,2025-09-21 11:00:35,logistics
EVID0006395,DSP001066,TXN0065488,delivery_confirmation,NOT_APPLICABLE,0,0,0,0.0,2025-09-21 09:57:53,logistics
EVID0006396,DSP001066,TXN0065488,customer_communication,APPLICABLE,1,0,1,0.82,2025-09-24 08:39:37,crm
EVID0006397,DSP001067,TXN0065516,order_confirmation,APPLICABLE,1,1,1,0.78,2025-10-10 18:49:04,billing
EVID0006398,DSP001067,TXN0065516,invoice,APPLICABLE,1,0,0,0.81,2025-10-02 03:26:15,billing
EVID0006399,DSP001067,TXN0065516,shipping_label,NOT_APPLICABLE,0,0,0,0.0,2025-09-21 08:12:00,logistics
EVID0006400,DSP001067,TXN0065516,tracking_number,NOT_APPLICABLE,0,0,0,0.0,2025-10-12 20:06:17,logistics
EVID0006401,DSP001067,TXN0065516,delivery_confirmation,NOT_APPLICABLE,0,0,0,0.0,2025-10-09 11:08:30,logistics
EVID0006402,DSP001067,TXN0065516,customer_communication,APPLICABLE,1,0,1,0.78,2025-10-13 08:41:07,crm
EVID0006403,DSP001068,TXN0065537,order_confirmation,APPLICABLE,1,1,1,0.69,2025-09-25 19:42:46,billing
EVID0006404,DSP001068,TXN0065537,invoice,UNAVAILABLE,0,1,1,0.0,2025-10-07 09:23:50,billing
EVID0006405,DSP001068,TXN0065537,shipping_label,NOT_APPLICABLE,0,0,0,0.0,2025-09-22 03:58:30,logistics
EVID0006406,DSP001068,TXN0065537,tracking_number,NOT_APPLICABLE,0,0,0,0.0,2025-10-12 22:45:11,logistics
EVID0006407,DSP001068,TXN0065537,delivery_confirmation,NOT_APPLICABLE,0,0,0,0.0,2025-10-16 00:18:44,logistics
EVID0006408,DSP001068,TXN0065537,customer_communication,APPLICABLE,1,1,1,0.66,2025-10-06 20:05:20,crm
EVID0006409,DSP001069,TXN0065673,order_confirmation,APPLICABLE,1,1,1,0.75,2025-09-21 18:37:17,billing
EVID0006410,DSP001069,TXN0065673,invoice,APPLICABLE,1,0,0,0.8,2025-10-05 22:10:38,billing
EVID0006411,DSP001069,TXN0065673,shipping_label,APPLICABLE,1,1,1,0.8,2025-09-23 02:48:37,logistics
EVID0006412,DSP001069,TXN0065673,tracking_number,APPLICABLE,1,1,1,0.89,2025-10-05 20:50:39,logistics
EVID0006413,DSP001069,TXN0065673,delivery_confirmation,UNAVAILABLE,0,1,1,0.0,2025-09-26 04:15:05,logistics
EVID0006414,DSP001069,TXN0065673,customer_communication,APPLICABLE,1,0,1,0.61,2025-10-05 09:22:58,crm
EVID0006415,DSP001070,TXN0065701,order_confirmation,UNAVAILABLE,0,1,1,0.0,2025-10-08 18:26:58,billing
EVID0006416,DSP001070,TXN0065701,invoice,APPLICABLE,1,1,1,0.64,2025-10-11 22:53:51,billing
EVID0006417,DSP001070,TXN0065701,shipping_label,NOT_APPLICABLE,0,0,0,0.0,2025-10-14 21:15:35,logistics
EVID0006418,DSP001070,TXN0065701,tracking_number,NOT_APPLICABLE,0,0,0,0.0,2025-10-26 16:38:09,logistics
EVID0006419,DSP001070,TXN0065701,delivery_confirmation,NOT_APPLICABLE,0,0,0,0.0,2025-10-21 15:43:57,logistics
EVID0006420,DSP001070,TXN0065701,customer_communication,APPLICABLE,1,1,1,0.92,2025-10-13 02:24:49,crm
EVID0006421,DSP001071,TXN0065871,order_confirmation,UNAVAILABLE,0,1,1,0.0,2025-09-23 08:56:30,billing
EVID0006422,DSP001071,TXN0065871,invoice,APPLICABLE,1,1,1,0.78,2025-09-25 00:04:56,billing
EVID0006423,DSP001071,TXN0065871,shipping_label,UNAVAILABLE,0,0,0,0.0,2025-09-29 11:15:43,logistics
EVID0006424,DSP001071,TXN0065871,tracking_number,APPLICABLE,1,0,0,0.64,2025-10-06 02:12:43,logistics
EVID0006425,DSP001071,TXN0065871,delivery_confirmation,UNAVAILABLE,0,0,0,0.0,2025-10-02 11:36:10,logistics
EVID0006426,DSP001071,TXN0065871,customer_communication,APPLICABLE,1,1,1,0.81,2025-10-04 08:37:13,crm
EVID0006427,DSP001072,TXN0065873,order_confirmation,APPLICABLE,1,1,1,0.86,2025-10-10 17:36:11,billing
EVID0006428,DSP001072,TXN0065873,invoice,APPLICABLE,1,1,1,0.81,2025-09-25 10:40:36,billing
EVID0006429,DSP001072,TXN0065873,shipping_label,APPLICABLE,1,0,0,0.82,2025-09-25 11:42:58,logistics
EVID0006430,DSP001072,TXN0065873,tracking_number,APPLICABLE,1,0,1,0.65,2025-10-03 07:21:41,logistics
EVID0006431,DSP001072,TXN0065873,delivery_confirmation,UNAVAILABLE,0,0,0,0.0,2025-09-29 09:39:36,logistics
EVID0006432,DSP001072,TXN0065873,customer_communication,APPLICABLE,1,1,1,0.65,2025-10-06 13:18:32,crm
EVID0006433,DSP001073,TXN0066172,order_confirmation,UNAVAILABLE,0,1,1,0.0,2025-10-05 22:27:05,billing
EVID0006434,DSP001073,TXN0066172,invoice,APPLICABLE,1,1,1,0.6,2025-10-07 14:30:24,billing
EVID0006435,DSP001073,TXN0066172,shipping_label,APPLICABLE,1,0,1,0.61,2025-10-09 08:00:19,logistics
EVID0006436,DSP001073,TXN0066172,tracking_number,APPLICABLE,1,0,1,0.73,2025-10-09 20:01:09,logistics
EVID0006437,DSP001073,TXN0066172,delivery_confirmation,APPLICABLE,1,0,1,0.6,2025-09-26 21:06:59,logistics
EVID0006438,DSP001073,TXN0066172,customer_communication,UNAVAILABLE,0,1,1,0.0,2025-09-24 18:16:14,crm
EVID0006439,DSP001074,TXN0066311,order_confirmation,APPLICABLE,1,1,1,0.68,2025-09-25 03:42:54,billing
EVID0006440,DSP001074,TXN0066311,invoice,UNAVAILABLE,0,1,1,0.0,2025-10-04 01:46:21,billing
EVID0006441,DSP001074,TXN0066311,shipping_label,NOT_APPLICABLE,0,0,0,0.0,2025-10-02 04:11:29,logistics
EVID0006442,DSP001074,TXN0066311,tracking_number,NOT_APPLICABLE,0,0,0,0.0,2025-09-28 13:44:13,logistics
EVID0006443,DSP001074,TXN0066311,delivery_confirmation,NOT_APPLICABLE,0,0,0,0.0,2025-09-28 16:37:45,logistics
EVID0006444,DSP001074,TXN0066311,customer_communication,APPLICABLE,1,1,1,0.76,2025-10-09 09:03:15,crm
EVID0006445,DSP001075,TXN0066348,order_confirmation,APPLICABLE,1,1,1,0.94,2025-09-29 18:23:43,billing
EVID0006446,DSP001075,TXN0066348,invoice,APPLICABLE,1,1,1,0.82,2025-09-29 15:58:16,billing
EVID0006447,DSP001075,TXN0066348,shipping_label,NOT_APPLICABLE,0,0,0,0.0,2025-10-01 06:31:26,logistics
EVID0006448,DSP001075,TXN0066348,tracking_number,NOT_APPLICABLE,0,0,0,0.0,2025-09-28 00:17:01,logistics
EVID0006449,DSP001075,TXN0066348,delivery_confirmation,NOT_APPLICABLE,0,0,0,0.0,2025-10-01 00:18:17,logistics
EVID0006450,DSP001075,TXN0066348,customer_communication,UNAVAILABLE,0,1,1,0.0,2025-09-30 20:43:05,crm
EVID0006451,DSP001076,TXN0066352,order_confirmation,APPLICABLE,1,1,1,0.62,2025-10-09 23:57:06,billing
EVID0006452,DSP001076,TXN0066352,invoice,APPLICABLE,1,1,1,0.83,2025-10-01 22:09:09,billing
EVID0006453,DSP001076,TXN0066352,shipping_label,NOT_APPLICABLE,0,0,0,0.0,2025-09-29 03:14:21,logistics
EVID0006454,DSP001076,TXN0066352,tracking_number,NOT_APPLICABLE,0,0,0,0.0,2025-10-16 02:22:59,logistics
EVID0006455,DSP001076,TXN0066352,delivery_confirmation,NOT_APPLICABLE,0,0,0,0.0,2025-11-01 08:33:26,logistics
EVID0006456,DSP001076,TXN0066352,customer_communication,UNAVAILABLE,0,0,1,0.0,2025-09-26 02:14:24,crm
EVID0006457,DSP001077,TXN0066489,order_confirmation,APPLICABLE,1,1,1,0.6,2025-09-30 02:00:50,billing
EVID0006458,DSP001077,TXN0066489,invoice,APPLICABLE,1,0,1,0.82,2025-10-11 11:55:21,billing
EVID0006459,DSP001077,TXN0066489,shipping_label,APPLICABLE,1,0,1,0.93,2025-09-30 06:14:12,logistics
EVID0006460,DSP001077,TXN0066489,tracking_number,APPLICABLE,1,0,0,0.75,2025-10-05 23:52:11,logistics
EVID0006461,DSP001077,TXN0066489,delivery_confirmation,APPLICABLE,1,1,1,0.6,2025-10-09 19:33:08,logistics
EVID0006462,DSP001077,TXN0066489,customer_communication,APPLICABLE,1,1,1,0.71,2025-09-29 20:15:16,crm
EVID0006463,DSP001078,TXN0066571,order_confirmation,APPLICABLE,1,1,1,0.82,2025-10-13 02:49:14,billing
EVID0006464,DSP001078,TXN0066571,invoice,APPLICABLE,1,1,1,0.93,2025-10-04 20:03:45,billing
EVID0006465,DSP001078,TXN0066571,shipping_label,NOT_APPLICABLE,0,0,0,0.0,2025-10-14 07:14:58,logistics
EVID0006466,DSP001078,TXN0066571,tracking_number,NOT_APPLICABLE,0,0,0,0.0,2025-10-03 19:30:43,logistics
EVID0006467,DSP001078,TXN0066571,delivery_confirmation,NOT_APPLICABLE,0,0,0,0.0,2025-09-25 04:41:14,logistics
EVID0006468,DSP001078,TXN0066571,customer_communication,UNAVAILABLE,0,1,1,0.0,2025-10-12 11:33:51,crm
EVID0006469,DSP001079,TXN0066586,order_confirmation,APPLICABLE,1,1,1,0.89,2025-10-01 17:09:53,billing
EVID0006470,DSP001079,TXN0066586,invoice,APPLICABLE,1,0,0,0.63,2025-09-26 09:09:01,billing
EVID0006471,DSP001079,TXN0066586,shipping_label,UNAVAILABLE,0,0,0,0.0,2025-09-26 17:04:36,logistics
EVID0006472,DSP001079,TXN0066586,tracking_number,APPLICABLE,1,0,1,0.61,2025-09-28 12:14:08,logistics
EVID0006473,DSP001079,TXN0066586,delivery_confirmation,APPLICABLE,1,1,1,0.94,2025-09-30 07:52:38,logistics
EVID0006474,DSP001079,TXN0066586,customer_communication,APPLICABLE,1,1,1,0.74,2025-09-27 08:13:23,crm
EVID0006475,DSP001080,TXN0066610,order_confirmation,APPLICABLE,1,1,1,0.79,2025-09-27 09:21:27,billing
EVID0006476,DSP001080,TXN0066610,invoice,APPLICABLE,1,1,1,0.81,2025-09-26 16:47:27,billing
EVID0006477,DSP001080,TXN0066610,shipping_label,NOT_APPLICABLE,0,0,0,0.0,2025-10-04 22:11:58,logistics
EVID0006478,DSP001080,TXN0066610,tracking_number,NOT_APPLICABLE,0,0,0,0.0,2025-10-04 20:41:15,logistics
EVID0006479,DSP001080,TXN0066610,delivery_confirmation,NOT_APPLICABLE,0,0,0,0.0,2025-10-09 01:12:22,logistics
EVID0006480,DSP001080,TXN0066610,customer_communication,UNAVAILABLE,0,1,1,0.0,2025-10-03 17:06:00,crm
EVID0006481,DSP001081,TXN0066708,order_confirmation,APPLICABLE,1,1,1,0.92,2025-09-29 18:34:41,billing
EVID0006482,DSP001081,TXN0066708,invoice,APPLICABLE,1,1,1,0.94,2025-10-03 19:00:28,billing
EVID0006483,DSP001081,TXN0066708,shipping_label,APPLICABLE,1,0,0,0.91,2025-10-09 00:04:21,logistics
EVID0006484,DSP001081,TXN0066708,tracking_number,APPLICABLE,1,0,0,0.83,2025-10-01 12:20:04,logistics
EVID0006485,DSP001081,TXN0066708,delivery_confirmation,APPLICABLE,1,0,0,0.82,2025-09-29 21:03:28,logistics
EVID0006486,DSP001081,TXN0066708,customer_communication,APPLICABLE,1,0,1,0.91,2025-09-30 07:13:15,crm
EVID0006487,DSP001082,TXN0066739,order_confirmation,APPLICABLE,1,1,1,0.6,2025-09-26 04:44:12,billing
EVID0006488,DSP001082,TXN0066739,invoice,APPLICABLE,1,0,0,0.84,2025-09-29 00:27:25,billing
EVID0006489,DSP001082,TXN0066739,shipping_label,APPLICABLE,1,1,1,0.92,2025-10-04 21:14:43,logistics
EVID0006490,DSP001082,TXN0066739,tracking_number,UNAVAILABLE,0,1,1,0.0,2025-09-28 09:09:03,logistics
EVID0006491,DSP001082,TXN0066739,delivery_confirmation,APPLICABLE,1,1,1,0.82,2025-10-03 21:37:46,logistics
EVID0006492,DSP001082,TXN0066739,customer_communication,APPLICABLE,1,0,1,0.79,2025-09-30 18:58:44,crm
EVID0006493,DSP001083,TXN0066756,order_confirmation,UNAVAILABLE,0,1,1,0.0,2025-10-04 17:08:10,billing
EVID0006494,DSP001083,TXN0066756,invoice,UNAVAILABLE,0,0,1,0.0,2025-10-15 09:21:56,billing
EVID0006495,DSP001083,TXN0066756,shipping_label,NOT_APPLICABLE,0,0,0,0.0,2025-10-04 18:42:53,logistics
EVID0006496,DSP001083,TXN0066756,tracking_number,NOT_APPLICABLE,0,0,0,0.0,2025-10-11 18:48:44,logistics
EVID0006497,DSP001083,TXN0066756,delivery_confirmation,NOT_APPLICABLE,0,0,0,0.0,2025-09-29 21:37:45,logistics
EVID0006498,DSP001083,TXN0066756,customer_communication,APPLICABLE,1,0,1,0.75,2025-10-08 12:45:43,crm
EVID0006499,DSP001084,TXN0066950,order_confirmation,APPLICABLE,1,1,1,0.75,2025-09-28 05:33:19,billing
EVID0006500,DSP001084,TXN0066950,invoice,UNAVAILABLE,0,0,1,0.0,2025-09-28 22:41:44,billing
EVID0006501,DSP001084,TXN0066950,shipping_label,NOT_APPLICABLE,0,0,0,0.0,2025-09-28 23:17:23,logistics
EVID0006502,DSP001084,TXN0066950,tracking_number,NOT_APPLICABLE,0,0,0,0.0,2025-10-03 02:34:35,logistics
EVID0006503,DSP001084,TXN0066950,delivery_confirmation,NOT_APPLICABLE,0,0,0,0.0,2025-10-01 05:36:57,logistics
EVID0006504,DSP001084,TXN0066950,customer_communication,APPLICABLE,1,0,0,0.6,2025-10-01 04:28:06,crm
EVID0006505,DSP001085,TXN0067008,order_confirmation,UNAVAILABLE,0,1,1,0.0,2025-10-08 15:39:41,billing
EVID0006506,DSP001085,TXN0067008,invoice,UNAVAILABLE,0,0,1,0.0,2025-09-29 00:33:42,billing
EVID0006507,DSP001085,TXN0067008,shipping_label,NOT_APPLICABLE,0,0,0,0.0,2025-11-02 19:47:45,logistics
EVID0006508,DSP001085,TXN0067008,tracking_number,NOT_APPLICABLE,0,0,0,0.0,2025-10-26 16:27:54,logistics
EVID0006509,DSP001085,TXN0067008,delivery_confirmation,NOT_APPLICABLE,0,0,0,0.0,2025-10-25 07:01:29,logistics
EVID0006510,DSP001085,TXN0067008,customer_communication,APPLICABLE,1,0,0,0.7,2025-10-05 23:03:37,crm
EVID0006511,DSP001086,TXN0067080,order_confirmation,APPLICABLE,1,1,1,0.86,2025-10-13 02:34:47,billing
EVID0006512,DSP001086,TXN0067080,invoice,APPLICABLE,1,1,1,0.76,2025-10-09 04:46:48,billing
EVID0006513,DSP001086,TXN0067080,shipping_label,APPLICABLE,1,0,1,0.7,2025-09-29 18:51:19,logistics
EVID0006514,DSP001086,TXN0067080,tracking_number,UNAVAILABLE,0,0,1,0.0,2025-10-27 18:10:37,logistics
EVID0006515,DSP001086,TXN0067080,delivery_confirmation,APPLICABLE,1,0,1,0.75,2025-10-10 19:06:47,logistics
EVID0006516,DSP001086,TXN0067080,customer_communication,APPLICABLE,1,1,1,0.6,2025-10-03 08:08:20,crm
EVID0006517,DSP001087,TXN0067148,order_confirmation,APPLICABLE,1,1,1,0.91,2025-11-01 18:53:56,billing
EVID0006518,DSP001087,TXN0067148,invoice,APPLICABLE,1,1,1,0.7,2025-10-01 10:22:53,billing
EVID0006519,DSP001087,TXN0067148,shipping_label,APPLICABLE,1,0,0,0.82,2025-11-04 13:44:09,logistics
EVID0006520,DSP001087,TXN0067148,tracking_number,APPLICABLE,1,0,0,0.64,2025-10-20 07:54:06,logistics
EVID0006521,DSP001087,TXN0067148,delivery_confirmation,APPLICABLE,1,0,1,0.74,2025-11-04 21:06:47,logistics
EVID0006522,DSP001087,TXN0067148,customer_communication,APPLICABLE,1,1,1,0.7,2025-10-29 16:34:14,crm
EVID0006523,DSP001088,TXN0067188,order_confirmation,APPLICABLE,1,1,1,0.67,2025-10-09 21:49:30,billing
EVID0006524,DSP001088,TXN0067188,invoice,APPLICABLE,1,1,1,0.9,2025-10-06 15:14:40,billing
EVID0006525,DSP001088,TXN0067188,shipping_label,APPLICABLE,1,0,0,0.9,2025-10-09 15:40:02,logistics
EVID0006526,DSP001088,TXN0067188,tracking_number,APPLICABLE,1,0,1,0.81,2025-10-10 03:29:44,logistics
EVID0006527,DSP001088,TXN0067188,delivery_confirmation,APPLICABLE,1,0,0,0.92,2025-10-08 19:40:27,logistics
EVID0006528,DSP001088,TXN0067188,customer_communication,APPLICABLE,1,1,1,0.91,2025-10-01 21:29:35,crm
EVID0006529,DSP001089,TXN0067292,order_confirmation,APPLICABLE,1,1,1,0.81,2025-10-10 13:16:29,billing
EVID0006530,DSP001089,TXN0067292,invoice,APPLICABLE,1,0,0,0.7,2025-10-14 15:44:39,billing
EVID0006531,DSP001089,TXN0067292,shipping_label,UNAVAILABLE,0,0,1,0.0,2025-10-09 12:42:14,logistics
EVID0006532,DSP001089,TXN0067292,tracking_number,APPLICABLE,1,0,1,0.76,2025-10-15 04:03:33,logistics
EVID0006533,DSP001089,TXN0067292,delivery_confirmation,APPLICABLE,1,1,1,0.64,2025-10-20 23:55:43,logistics
EVID0006534,DSP001089,TXN0067292,customer_communication,APPLICABLE,1,1,1,0.83,2025-10-09 19:24:01,crm
EVID0006535,DSP001090,TXN0067373,order_confirmation,APPLICABLE,1,1,1,0.83,2025-10-13 17:01:17,billing
EVID0006536,DSP001090,TXN0067373,invoice,APPLICABLE,1,1,1,0.72,2025-10-17 09:52:12,billing
EVID0006537,DSP001090,TXN0067373,shipping_label,APPLICABLE,1,0,1,0.92,2025-10-12 09:29:33,logistics
EVID0006538,DSP001090,TXN0067373,tracking_number,APPLICABLE,1,0,1,0.68,2025-10-13 23:47:50,logistics
EVID0006539,DSP001090,TXN0067373,delivery_confirmation,APPLICABLE,1,0,1,0.95,2025-09-29 02:37:18,logistics
EVID0006540,DSP001090,TXN0067373,customer_communication,APPLICABLE,1,1,1,0.91,2025-10-03 06:00:02,crm
EVID0006541,DSP001091,TXN0067415,order_confirmation,APPLICABLE,1,1,1,0.91,2025-10-04 01:01:12,billing
EVID0006542,DSP001091,TXN0067415,invoice,APPLICABLE,1,0,0,0.76,2025-10-07 23:06:34,billing
EVID0006543,DSP001091,TXN0067415,shipping_label,NOT_APPLICABLE,0,0,0,0.0,2025-10-03 15:49:16,logistics
EVID0006544,DSP001091,TXN0067415,tracking_number,NOT_APPLICABLE,0,0,0,0.0,2025-10-05 18:44:18,logistics
EVID0006545,DSP001091,TXN0067415,delivery_confirmation,NOT_APPLICABLE,0,0,0,0.0,2025-10-08 16:04:29,logistics
EVID0006546,DSP001091,TXN0067415,customer_communication,APPLICABLE,1,1,1,0.63,2025-10-07 12:08:52,crm
EVID0006547,DSP001092,TXN0067460,order_confirmation,APPLICABLE,1,1,1,0.68,2025-10-10 20:05:48,billing
EVID0006548,DSP001092,TXN0067460,invoice,APPLICABLE,1,0,0,0.72,2025-10-25 04:59:17,billing
EVID0006549,DSP001092,TXN0067460,shipping_label,NOT_APPLICABLE,0,0,0,0.0,2025-10-02 14:17:59,logistics
EVID0006550,DSP001092,TXN0067460,tracking_number,NOT_APPLICABLE,0,0,0,0.0,2025-10-05 00:03:17,logistics
EVID0006551,DSP001092,TXN0067460,delivery_confirmation,NOT_APPLICABLE,0,0,0,0.0,2025-11-03 23:15:09,logistics
EVID0006552,DSP001092,TXN0067460,customer_communication,APPLICABLE,1,0,0,0.62,2025-10-02 13:26:54,crm
EVID0006553,DSP001093,TXN0067522,order_confirmation,APPLICABLE,1,1,1,0.85,2025-10-07 03:42:55,billing
EVID0006554,DSP001093,TXN0067522,invoice,APPLICABLE,1,0,0,0.71,2025-10-04 04:59:46,billing
EVID0006555,DSP001093,TXN0067522,shipping_label,NOT_APPLICABLE,0,0,0,0.0,2025-10-12 19:05:26,logistics
EVID0006556,DSP001093,TXN0067522,tracking_number,NOT_APPLICABLE,0,0,0,0.0,2025-09-29 14:52:31,logistics
EVID0006557,DSP001093,TXN0067522,delivery_confirmation,NOT_APPLICABLE,0,0,0,0.0,2025-10-09 21:56:15,logistics
EVID0006558,DSP001093,TXN0067522,customer_communication,APPLICABLE,1,1,1,0.67,2025-10-11 01:19:20,crm
EVID0006559,DSP001094,TXN0067536,order_confirmation,UNAVAILABLE,0,1,1,0.0,2025-10-19 15:34:11,billing
EVID0006560,DSP001094,TXN0067536,invoice,APPLICABLE,1,0,1,0.6,2025-10-18 12:07:43,billing
EVID0006561,DSP001094,TXN0067536,shipping_label,APPLICABLE,1,1,1,0.64,2025-10-16 11:50:47,logistics
EVID0006562,DSP001094,TXN0067536,tracking_number,APPLICABLE,1,1,1,0.6,2025-10-22 19:20:37,logistics
EVID0006563,DSP001094,TXN0067536,delivery_confirmation,UNAVAILABLE,0,1,1,0.0,2025-10-14 01:01:11,logistics
EVID0006564,DSP001094,TXN0067536,customer_communication,APPLICABLE,1,0,0,0.79,2025-10-11 21:45:17,crm
EVID0006565,DSP001095,TXN0067586,order_confirmation,APPLICABLE,1,1,1,0.82,2025-09-30 03:57:43,billing
EVID0006566,DSP001095,TXN0067586,invoice,UNAVAILABLE,0,1,1,0.0,2025-09-30 08:35:53,billing
EVID0006567,DSP001095,TXN0067586,shipping_label,NOT_APPLICABLE,0,0,0,0.0,2025-10-02 15:54:01,logistics
EVID0006568,DSP001095,TXN0067586,tracking_number,NOT_APPLICABLE,0,0,0,0.0,2025-09-29 04:57:57,logistics
EVID0006569,DSP001095,TXN0067586,delivery_confirmation,NOT_APPLICABLE,0,0,0,0.0,2025-09-30 22:12:38,logistics
EVID0006570,DSP001095,TXN0067586,customer_communication,APPLICABLE,1,1,1,0.79,2025-09-29 05:55:01,crm
EVID0006571,DSP001096,TXN0067704,order_confirmation,APPLICABLE,1,1,1,0.69,2025-10-30 10:43:00,billing
EVID0006572,DSP001096,TXN0067704,invoice,APPLICABLE,1,0,1,0.76,2025-10-02 23:52:00,billing
EVID0006573,DSP001096,TXN0067704,shipping_label,NOT_APPLICABLE,0,0,0,0.0,2025-10-12 14:51:48,logistics
EVID0006574,DSP001096,TXN0067704,tracking_number,NOT_APPLICABLE,0,0,0,0.0,2025-10-10 06:08:35,logistics
EVID0006575,DSP001096,TXN0067704,delivery_confirmation,NOT_APPLICABLE,0,0,0,0.0,2025-10-03 23:27:35,logistics
EVID0006576,DSP001096,TXN0067704,customer_communication,APPLICABLE,1,0,1,0.61,2025-10-04 22:58:11,crm
EVID0006577,DSP001097,TXN0067762,order_confirmation,APPLICABLE,1,1,1,0.73,2025-10-09 03:58:50,billing
EVID0006578,DSP001097,TXN0067762,invoice,APPLICABLE,1,0,0,0.7,2025-10-15 15:27:45,billing
EVID0006579,DSP001097,TXN0067762,shipping_label,NOT_APPLICABLE,0,0,0,0.0,2025-10-08 23:42:58,logistics
EVID0006580,DSP001097,TXN0067762,tracking_number,NOT_APPLICABLE,0,0,0,0.0,2025-10-15 10:12:02,logistics
EVID0006581,DSP001097,TXN0067762,delivery_confirmation,NOT_APPLICABLE,0,0,0,0.0,2025-10-11 13:54:19,logistics
EVID0006582,DSP001097,TXN0067762,customer_communication,APPLICABLE,1,0,0,0.6,2025-10-14 03:17:45,crm
EVID0006583,DSP001098,TXN0067813,order_confirmation,APPLICABLE,1,1,1,0.76,2025-10-02 22:17:04,billing
EVID0006584,DSP001098,TXN0067813,invoice,APPLICABLE,1,1,1,0.66,2025-10-12 18:21:57,billing
EVID0006585,DSP001098,TXN0067813,shipping_label,NOT_APPLICABLE,0,0,0,0.0,2025-10-05 22:05:40,logistics
EVID0006586,DSP001098,TXN0067813,tracking_number,NOT_APPLICABLE,0,0,0,0.0,2025-09-29 18:56:36,logistics
EVID0006587,DSP001098,TXN0067813,delivery_confirmation,NOT_APPLICABLE,0,0,0,0.0,2025-10-06 20:25:42,logistics
EVID0006588,DSP001098,TXN0067813,customer_communication,UNAVAILABLE,0,1,1,0.0,2025-10-06 10:09:32,crm
EVID0006589,DSP001099,TXN0067849,order_confirmation,APPLICABLE,1,1,1,0.78,2025-09-30 07:14:53,billing
EVID0006590,DSP001099,TXN0067849,invoice,APPLICABLE,1,1,1,0.81,2025-10-22 15:19:08,billing
EVID0006591,DSP001099,TXN0067849,shipping_label,UNAVAILABLE,0,0,1,0.0,2025-10-24 14:40:17,logistics
EVID0006592,DSP001099,TXN0067849,tracking_number,APPLICABLE,1,0,1,0.72,2025-10-06 23:19:10,logistics
EVID0006593,DSP001099,TXN0067849,delivery_confirmation,APPLICABLE,1,0,1,0.71,2025-10-19 00:31:18,logistics
EVID0006594,DSP001099,TXN0067849,customer_communication,UNAVAILABLE,0,1,1,0.0,2025-10-10 18:32:33,crm
EVID0006595,DSP001100,TXN0067855,order_confirmation,APPLICABLE,1,1,1,0.89,2025-10-04 20:03:33,billing
EVID0006596,DSP001100,TXN0067855,invoice,APPLICABLE,1,1,1,0.9,2025-10-11 06:10:43,billing
EVID0006597,DSP001100,TXN0067855,shipping_label,APPLICABLE,1,0,1,0.7,2025-10-05 09:57:07,logistics
EVID0006598,DSP001100,TXN0067855,tracking_number,APPLICABLE,1,0,1,0.76,2025-10-12 06:17:18,logistics
EVID0006599,DSP001100,TXN0067855,delivery_confirmation,APPLICABLE,1,0,1,0.81,2025-10-13 23:45:09,logistics
EVID0006600,DSP001100,TXN0067855,customer_communication,APPLICABLE,1,1,1,0.7,2025-10-13 03:43:12,crm
EVID0006601,DSP001101,TXN0067916,order_confirmation,APPLICABLE,1,1,1,0.86,2025-10-15 02:23:04,billing
EVID0006602,DSP001101,TXN0067916,invoice,UNAVAILABLE,0,1,1,0.0,2025-10-09 00:28:58,billing
EVID0006603,DSP001101,TXN0067916,shipping_label,NOT_APPLICABLE,0,0,0,0.0,2025-10-20 17:12:21,logistics
EVID0006604,DSP001101,TXN0067916,tracking_number,NOT_APPLICABLE,0,0,0,0.0,2025-10-20 04:16:02,logistics
EVID0006605,DSP001101,TXN0067916,delivery_confirmation,NOT_APPLICABLE,0,0,0,0.0,2025-10-10 01:48:35,logistics
EVID0006606,DSP001101,TXN0067916,customer_communication,APPLICABLE,1,1,1,0.84,2025-10-21 04:43:33,crm
EVID0006607,DSP001102,TXN0067947,order_confirmation,UNAVAILABLE,0,1,1,0.0,2025-10-06 21:27:11,billing
EVID0006608,DSP001102,TXN0067947,invoice,UNAVAILABLE,0,1,1,0.0,2025-10-28 04:24:37,billing
EVID0006609,DSP001102,TXN0067947,shipping_label,UNAVAILABLE,0,0,0,0.0,2025-10-06 09:05:52,logistics
EVID0006610,DSP001102,TXN0067947,tracking_number,UNAVAILABLE,0,0,1,0.0,2025-10-14 23:34:53,logistics
EVID0006611,DSP001102,TXN0067947,delivery_confirmation,APPLICABLE,1,0,0,0.81,2025-11-04 23:10:10,logistics
EVID0006612,DSP001102,TXN0067947,customer_communication,UNAVAILABLE,0,1,1,0.0,2025-09-30 14:50:37,crm
EVID0006613,DSP001103,TXN0067996,order_confirmation,APPLICABLE,1,1,1,0.87,2025-10-11 08:27:40,billing
EVID0006614,DSP001103,TXN0067996,invoice,APPLICABLE,1,1,1,0.86,2025-10-20 18:05:15,billing
EVID0006615,DSP001103,TXN0067996,shipping_label,NOT_APPLICABLE,0,0,0,0.0,2025-10-21 01:44:40,logistics
EVID0006616,DSP001103,TXN0067996,tracking_number,NOT_APPLICABLE,0,0,0,0.0,2025-11-02 16:43:01,logistics
EVID0006617,DSP001103,TXN0067996,delivery_confirmation,NOT_APPLICABLE,0,0,0,0.0,2025-11-05 22:37:07,logistics
EVID0006618,DSP001103,TXN0067996,customer_communication,APPLICABLE,1,1,1,0.62,2025-10-19 23:42:15,crm
EVID0006619,DSP001104,TXN0068004,order_confirmation,UNAVAILABLE,0,1,1,0.0,2025-09-30 23:49:26,billing
EVID0006620,DSP001104,TXN0068004,invoice,APPLICABLE,1,1,1,0.89,2025-10-14 04:55:25,billing
EVID0006621,DSP001104,TXN0068004,shipping_label,NOT_APPLICABLE,0,0,0,0.0,2025-10-19 11:47:23,logistics
EVID0006622,DSP001104,TXN0068004,tracking_number,NOT_APPLICABLE,0,0,0,0.0,2025-10-01 05:02:56,logistics
EVID0006623,DSP001104,TXN0068004,delivery_confirmation,NOT_APPLICABLE,0,0,0,0.0,2025-10-22 19:28:25,logistics
EVID0006624,DSP001104,TXN0068004,customer_communication,APPLICABLE,1,1,1,0.87,2025-10-03 19:20:15,crm
EVID0006625,DSP001105,TXN0068030,order_confirmation,APPLICABLE,1,1,1,0.86,2025-10-09 23:49:50,billing
EVID0006626,DSP001105,TXN0068030,invoice,UNAVAILABLE,0,1,1,0.0,2025-10-09 18:15:25,billing
EVID0006627,DSP001105,TXN0068030,shipping_label,NOT_APPLICABLE,0,0,0,0.0,2025-10-05 11:04:51,logistics
EVID0006628,DSP001105,TXN0068030,tracking_number,NOT_APPLICABLE,0,0,0,0.0,2025-10-09 23:41:06,logistics
EVID0006629,DSP001105,TXN0068030,delivery_confirmation,NOT_APPLICABLE,0,0,0,0.0,2025-10-02 01:14:10,logistics
EVID0006630,DSP001105,TXN0068030,customer_communication,UNAVAILABLE,0,1,1,0.0,2025-10-09 21:14:13,crm
EVID0006631,DSP001106,TXN0068069,order_confirmation,APPLICABLE,1,1,1,0.72,2025-10-08 14:53:25,billing
EVID0006632,DSP001106,TXN0068069,invoice,APPLICABLE,1,1,1,0.91,2025-10-14 11:05:34,billing
EVID0006633,DSP001106,TXN0068069,shipping_label,APPLICABLE,1,0,1,0.77,2025-10-11 14:21:53,logistics
EVID0006634,DSP001106,TXN0068069,tracking_number,APPLICABLE,1,0,1,0.9,2025-10-16 03:34:22,logistics
EVID0006635,DSP001106,TXN0068069,delivery_confirmation,APPLICABLE,1,0,0,0.64,2025-10-08 00:47:42,logistics
EVID0006636,DSP001106,TXN0068069,customer_communication,APPLICABLE,1,1,1,0.94,2025-10-02 21:38:36,crm
EVID0006637,DSP001107,TXN0068252,order_confirmation,APPLICABLE,1,1,1,0.9,2025-10-05 16:56:05,billing
EVID0006638,DSP001107,TXN0068252,invoice,APPLICABLE,1,0,1,0.93,2025-10-02 04:07:48,billing
EVID0006639,DSP001107,TXN0068252,shipping_label,NOT_APPLICABLE,0,0,0,0.0,2025-10-13 06:05:32,logistics
EVID0006640,DSP001107,TXN0068252,tracking_number,NOT_APPLICABLE,0,0,0,0.0,2025-10-02 01:05:20,logistics
EVID0006641,DSP001107,TXN0068252,delivery_confirmation,NOT_APPLICABLE,0,0,0,0.0,2025-10-05 22:12:37,logistics
EVID0006642,DSP001107,TXN0068252,customer_communication,APPLICABLE,1,1,1,0.69,2025-10-06 05:22:46,crm
EVID0006643,DSP001108,TXN0068332,order_confirmation,APPLICABLE,1,1,1,0.62,2025-10-04 02:02:19,billing
EVID0006644,DSP001108,TXN0068332,invoice,APPLICABLE,1,1,1,0.75,2025-10-04 09:56:45,billing
EVID0006645,DSP001108,TXN0068332,shipping_label,NOT_APPLICABLE,0,0,0,0.0,2025-10-05 02:51:32,logistics
EVID0006646,DSP001108,TXN0068332,tracking_number,NOT_APPLICABLE,0,0,0,0.0,2025-10-07 22:48:34,logistics
EVID0006647,DSP001108,TXN0068332,delivery_confirmation,NOT_APPLICABLE,0,0,0,0.0,2025-10-02 10:27:04,logistics
EVID0006648,DSP001108,TXN0068332,customer_communication,APPLICABLE,1,1,1,0.84,2025-10-07 02:29:55,crm
EVID0006649,DSP001109,TXN0068463,order_confirmation,APPLICABLE,1,1,1,0.83,2025-10-10 05:35:07,billing
EVID0006650,DSP001109,TXN0068463,invoice,APPLICABLE,1,0,1,0.8,2025-10-17 18:06:39,billing
EVID0006651,DSP001109,TXN0068463,shipping_label,APPLICABLE,1,1,1,0.69,2025-10-21 20:04:54,logistics
EVID0006652,DSP001109,TXN0068463,tracking_number,APPLICABLE,1,1,1,0.88,2025-10-20 21:03:52,logistics
EVID0006653,DSP001109,TXN0068463,delivery_confirmation,APPLICABLE,1,1,1,0.64,2025-10-09 12:21:12,logistics
EVID0006654,DSP001109,TXN0068463,customer_communication,UNAVAILABLE,0,0,1,0.0,2025-10-07 06:25:11,crm
EVID0006655,DSP001110,TXN0068568,order_confirmation,APPLICABLE,1,1,1,0.69,2025-11-07 12:04:09,billing
EVID0006656,DSP001110,TXN0068568,invoice,APPLICABLE,1,0,1,0.79,2025-10-05 18:21:35,billing
EVID0006657,DSP001110,TXN0068568,shipping_label,NOT_APPLICABLE,0,0,0,0.0,2025-10-21 07:27:17,logistics
EVID0006658,DSP001110,TXN0068568,tracking_number,NOT_APPLICABLE,0,0,0,0.0,2025-10-12 10:48:41,logistics
EVID0006659,DSP001110,TXN0068568,delivery_confirmation,NOT_APPLICABLE,0,0,0,0.0,2025-10-08 17:37:38,logistics
EVID0006660,DSP001110,TXN0068568,customer_communication,APPLICABLE,1,1,1,0.8,2025-10-12 09:52:34,crm
EVID0006661,DSP001111,TXN0068647,order_confirmation,APPLICABLE,1,1,1,0.74,2025-10-18 17:19:26,billing
EVID0006662,DSP001111,TXN0068647,invoice,UNAVAILABLE,0,0,1,0.0,2025-10-14 02:38:00,billing
EVID0006663,DSP001111,TXN0068647,shipping_label,NOT_APPLICABLE,0,0,0,0.0,2025-10-06 10:33:03,logistics
EVID0006664,DSP001111,TXN0068647,tracking_number,NOT_APPLICABLE,0,0,0,0.0,2025-10-17 05:44:25,logistics
EVID0006665,DSP001111,TXN0068647,delivery_confirmation,NOT_APPLICABLE,0,0,0,0.0,2025-10-16 13:04:09,logistics
EVID0006666,DSP001111,TXN0068647,customer_communication,APPLICABLE,1,1,1,0.83,2025-10-10 02:49:30,crm
EVID0006667,DSP001112,TXN0068673,order_confirmation,APPLICABLE,1,1,1,0.76,2025-10-13 18:46:05,billing
EVID0006668,DSP001112,TXN0068673,invoice,APPLICABLE,1,0,0,0.87,2025-10-09 07:51:45,billing
EVID0006669,DSP001112,TXN0068673,shipping_label,APPLICABLE,1,0,1,0.76,2025-10-07 12:54:25,logistics
EVID0006670,DSP001112,TXN0068673,tracking_number,UNAVAILABLE,0,0,0,0.0,2025-10-02 19:44:33,logistics
EVID0006671,DSP001112,TXN0068673,delivery_confirmation,APPLICABLE,1,1,1,0.67,2025-10-06 02:31:50,logistics
EVID0006672,DSP001112,TXN0068673,customer_communication,APPLICABLE,1,1,1,0.64,2025-10-13 11:03:50,crm
EVID0006673,DSP001113,TXN0068805,order_confirmation,APPLICABLE,1,1,1,0.88,2025-10-28 09:56:53,billing
EVID0006674,DSP001113,TXN0068805,invoice,APPLICABLE,1,1,1,0.94,2025-10-18 20:28:01,billing
EVID0006675,DSP001113,TXN0068805,shipping_label,UNAVAILABLE,0,0,0,0.0,2025-10-30 12:28:50,logistics
EVID0006676,DSP001113,TXN0068805,tracking_number,APPLICABLE,1,0,1,0.71,2025-10-26 17:17:20,logistics
EVID0006677,DSP001113,TXN0068805,delivery_confirmation,APPLICABLE,1,0,1,0.89,2025-10-25 05:27:28,logistics
EVID0006678,DSP001113,TXN0068805,customer_communication,APPLICABLE,1,1,1,0.69,2025-10-25 08:21:36,crm
EVID0006679,DSP001114,TXN0068976,order_confirmation,UNAVAILABLE,0,1,1,0.0,2025-10-05 06:43:48,billing
EVID0006680,DSP001114,TXN0068976,invoice,APPLICABLE,1,1,1,0.81,2025-10-07 10:55:26,billing
EVID0006681,DSP001114,TXN0068976,shipping_label,NOT_APPLICABLE,0,0,0,0.0,2025-10-08 21:06:14,logistics
EVID0006682,DSP001114,TXN0068976,tracking_number,NOT_APPLICABLE,0,0,0,0.0,2025-10-09 02:37:26,logistics
EVID0006683,DSP001114,TXN0068976,delivery_confirmation,NOT_APPLICABLE,0,0,0,0.0,2025-10-06 07:15:16,logistics
EVID0006684,DSP001114,TXN0068976,customer_communication,APPLICABLE,1,1,1,0.71,2025-10-05 15:18:13,crm
EVID0006685,DSP001115,TXN0069078,order_confirmation,UNAVAILABLE,0,1,1,0.0,2025-10-23 22:06:05,billing
EVID0006686,DSP001115,TXN0069078,invoice,UNAVAILABLE,0,0,1,0.0,2025-10-15 20:47:35,billing
EVID0006687,DSP001115,TXN0069078,shipping_label,NOT_APPLICABLE,0,0,0,0.0,2025-10-12 11:45:13,logistics
EVID0006688,DSP001115,TXN0069078,tracking_number,NOT_APPLICABLE,0,0,0,0.0,2025-10-24 17:56:08,logistics
EVID0006689,DSP001115,TXN0069078,delivery_confirmation,NOT_APPLICABLE,0,0,0,0.0,2025-10-25 23:56:18,logistics
EVID0006690,DSP001115,TXN0069078,customer_communication,APPLICABLE,1,0,1,0.81,2025-10-22 10:41:49,crm
EVID0006691,DSP001116,TXN0069100,order_confirmation,APPLICABLE,1,1,1,0.89,2025-11-06 17:21:22,billing
EVID0006692,DSP001116,TXN0069100,invoice,APPLICABLE,1,1,1,0.88,2025-10-05 22:14:56,billing
EVID0006693,DSP001116,TXN0069100,shipping_label,APPLICABLE,1,0,1,0.65,2025-10-15 10:38:28,logistics
EVID0006694,DSP001116,TXN0069100,tracking_number,APPLICABLE,1,0,0,0.95,2025-10-11 11:22:49,logistics
EVID0006695,DSP001116,TXN0069100,delivery_confirmation,APPLICABLE,1,0,1,0.64,2025-10-17 02:20:54,logistics
EVID0006696,DSP001116,TXN0069100,customer_communication,APPLICABLE,1,1,1,0.78,2025-11-03 07:08:45,crm
EVID0006697,DSP001117,TXN0069143,order_confirmation,APPLICABLE,1,1,1,0.64,2025-10-20 20:14:30,billing
EVID0006698,DSP001117,TXN0069143,invoice,APPLICABLE,1,0,0,0.6,2025-10-21 12:50:26,billing
EVID0006699,DSP001117,TXN0069143,shipping_label,APPLICABLE,1,0,1,0.67,2025-10-21 10:26:08,logistics
EVID0006700,DSP001117,TXN0069143,tracking_number,APPLICABLE,1,0,1,0.75,2025-10-09 04:09:42,logistics
EVID0006701,DSP001117,TXN0069143,delivery_confirmation,APPLICABLE,1,1,1,0.93,2025-10-15 21:04:44,logistics
EVID0006702,DSP001117,TXN0069143,customer_communication,APPLICABLE,1,1,1,0.79,2025-10-13 21:11:18,crm
EVID0006703,DSP001118,TXN0069169,order_confirmation,UNAVAILABLE,0,1,1,0.0,2025-10-07 17:11:59,billing
EVID0006704,DSP001118,TXN0069169,invoice,UNAVAILABLE,0,1,1,0.0,2025-11-09 16:07:58,billing
EVID0006705,DSP001118,TXN0069169,shipping_label,NOT_APPLICABLE,0,0,0,0.0,2025-10-09 02:37:37,logistics
EVID0006706,DSP001118,TXN0069169,tracking_number,NOT_APPLICABLE,0,0,0,0.0,2025-10-28 11:41:39,logistics
EVID0006707,DSP001118,TXN0069169,delivery_confirmation,NOT_APPLICABLE,0,0,0,0.0,2025-11-10 05:06:51,logistics
EVID0006708,DSP001118,TXN0069169,customer_communication,UNAVAILABLE,0,1,1,0.0,2025-11-10 20:13:38,crm
EVID0006709,DSP001119,TXN0069220,order_confirmation,APPLICABLE,1,1,1,0.64,2025-10-16 13:55:09,billing
EVID0006710,DSP001119,TXN0069220,invoice,APPLICABLE,1,1,1,0.88,2025-10-14 09:01:50,billing
EVID0006711,DSP001119,TXN0069220,shipping_label,NOT_APPLICABLE,0,0,0,0.0,2025-10-28 21:01:57,logistics
EVID0006712,DSP001119,TXN0069220,tracking_number,NOT_APPLICABLE,0,0,0,0.0,2025-10-06 11:25:42,logistics
EVID0006713,DSP001119,TXN0069220,delivery_confirmation,NOT_APPLICABLE,0,0,0,0.0,2025-10-26 17:53:19,logistics
EVID0006714,DSP001119,TXN0069220,customer_communication,APPLICABLE,1,1,1,0.81,2025-10-05 14:33:11,crm
EVID0006715,DSP001120,TXN0069431,order_confirmation,APPLICABLE,1,1,1,0.74,2025-11-10 02:10:12,billing
EVID0006716,DSP001120,TXN0069431,invoice,UNAVAILABLE,0,1,1,0.0,2025-10-27 02:49:16,billing
EVID0006717,DSP001120,TXN0069431,shipping_label,APPLICABLE,1,0,1,0.72,2025-10-23 04:44:33,logistics
EVID0006718,DSP001120,TXN0069431,tracking_number,APPLICABLE,1,0,1,0.77,2025-10-21 09:03:15,logistics
EVID0006719,DSP001120,TXN0069431,delivery_confirmation,APPLICABLE,1,0,0,0.77,2025-11-09 21:46:03,logistics
EVID0006720,DSP001120,TXN0069431,customer_communication,APPLICABLE,1,1,1,0.77,2025-10-24 01:55:52,crm
EVID0006721,DSP001121,TXN0069479,order_confirmation,APPLICABLE,1,1,1,0.65,2025-10-16 22:13:52,billing
EVID0006722,DSP001121,TXN0069479,invoice,APPLICABLE,1,0,0,0.81,2025-10-10 07:52:10,billing
EVID0006723,DSP001121,TXN0069479,shipping_label,APPLICABLE,1,0,1,0.65,2025-10-11 09:15:57,logistics
EVID0006724,DSP001121,TXN0069479,tracking_number,APPLICABLE,1,0,1,0.81,2025-10-20 15:21:56,logistics
EVID0006725,DSP001121,TXN0069479,delivery_confirmation,UNAVAILABLE,0,1,1,0.0,2025-10-27 07:08:22,logistics
EVID0006726,DSP001121,TXN0069479,customer_communication,APPLICABLE,1,1,1,0.86,2025-10-28 07:02:23,crm
EVID0006727,DSP001122,TXN0069567,order_confirmation,APPLICABLE,1,1,1,0.78,2025-10-07 20:58:29,billing
EVID0006728,DSP001122,TXN0069567,invoice,UNAVAILABLE,0,1,1,0.0,2025-10-10 05:53:52,billing
EVID0006729,DSP001122,TXN0069567,shipping_label,NOT_APPLICABLE,0,0,0,0.0,2025-10-06 15:15:14,logistics
EVID0006730,DSP001122,TXN0069567,tracking_number,NOT_APPLICABLE,0,0,0,0.0,2025-10-10 15:31:42,logistics
EVID0006731,DSP001122,TXN0069567,delivery_confirmation,NOT_APPLICABLE,0,0,0,0.0,2025-10-08 07:42:27,logistics
EVID0006732,DSP001122,TXN0069567,customer_communication,APPLICABLE,1,1,1,0.71,2025-10-06 21:24:11,crm
EVID0006733,DSP001123,TXN0069659,order_confirmation,APPLICABLE,1,1,1,0.85,2025-10-07 19:22:02,billing
EVID0006734,DSP001123,TXN0069659,invoice,APPLICABLE,1,0,1,0.68,2025-10-09 16:03:39,billing
EVID0006735,DSP001123,TXN0069659,shipping_label,NOT_APPLICABLE,0,0,0,0.0,2025-10-12 12:09:53,logistics
EVID0006736,DSP001123,TXN0069659,tracking_number,NOT_APPLICABLE,0,0,0,0.0,2025-10-08 09:08:11,logistics
EVID0006737,DSP001123,TXN0069659,delivery_confirmation,NOT_APPLICABLE,0,0,0,0.0,2025-10-18 08:16:17,logistics
EVID0006738,DSP001123,TXN0069659,customer_communication,UNAVAILABLE,0,0,1,0.0,2025-10-14 20:29:57,crm
EVID0006739,DSP001124,TXN0069675,order_confirmation,APPLICABLE,1,1,1,0.6,2025-10-08 17:10:39,billing
EVID0006740,DSP001124,TXN0069675,invoice,UNAVAILABLE,0,0,1,0.0,2025-10-07 06:17:46,billing
EVID0006741,DSP001124,TXN0069675,shipping_label,NOT_APPLICABLE,0,0,0,0.0,2025-10-10 17:56:17,logistics
EVID0006742,DSP001124,TXN0069675,tracking_number,NOT_APPLICABLE,0,0,0,0.0,2025-10-09 17:53:15,logistics
EVID0006743,DSP001124,TXN0069675,delivery_confirmation,NOT_APPLICABLE,0,0,0,0.0,2025-10-07 13:24:57,logistics
EVID0006744,DSP001124,TXN0069675,customer_communication,APPLICABLE,1,1,1,0.73,2025-10-08 00:41:51,crm
EVID0006745,DSP001125,TXN0069761,order_confirmation,UNAVAILABLE,0,1,1,0.0,2025-10-06 20:59:22,billing
EVID0006746,DSP001125,TXN0069761,invoice,APPLICABLE,1,1,1,0.66,2025-10-08 05:53:14,billing
EVID0006747,DSP001125,TXN0069761,shipping_label,APPLICABLE,1,0,1,0.6,2025-10-09 18:58:42,logistics
EVID0006748,DSP001125,TXN0069761,tracking_number,APPLICABLE,1,0,1,0.62,2025-10-05 20:27:46,logistics
EVID0006749,DSP001125,TXN0069761,delivery_confirmation,APPLICABLE,1,0,0,0.65,2025-10-10 15:19:56,logistics
EVID0006750,DSP001125,TXN0069761,customer_communication,APPLICABLE,1,1,1,0.65,2025-10-09 09:57:21,crm
EVID0006751,DSP001126,TXN0069767,order_confirmation,APPLICABLE,1,1,1,0.84,2025-11-06 14:54:33,billing
EVID0006752,DSP001126,TXN0069767,invoice,APPLICABLE,1,1,1,0.63,2025-11-18 02:59:55,billing
EVID0006753,DSP001126,TXN0069767,shipping_label,APPLICABLE,1,0,1,0.71,2025-10-10 13:40:09,logistics
EVID0006754,DSP001126,TXN0069767,tracking_number,APPLICABLE,1,0,0,0.66,2025-10-24 13:00:35,logistics
EVID0006755,DSP001126,TXN0069767,delivery_confirmation,APPLICABLE,1,0,1,0.69,2025-11-08 02:13:06,logistics
EVID0006756,DSP001126,TXN0069767,customer_communication,UNAVAILABLE,0,1,1,0.0,2025-10-20 13:07:48,crm
EVID0006757,DSP001127,TXN0069821,order_confirmation,APPLICABLE,1,1,1,0.6,2025-10-06 05:57:43,billing
EVID0006758,DSP001127,TXN0069821,invoice,APPLICABLE,1,1,1,0.64,2025-10-10 05:42:42,billing
EVID0006759,DSP001127,TXN0069821,shipping_label,NOT_APPLICABLE,0,0,0,0.0,2025-10-08 02:32:52,logistics
EVID0006760,DSP001127,TXN0069821,tracking_number,NOT_APPLICABLE,0,0,0,0.0,2025-10-08 16:31:04,logistics
EVID0006761,DSP001127,TXN0069821,delivery_confirmation,NOT_APPLICABLE,0,0,0,0.0,2025-10-10 04:54:38,logistics
EVID0006762,DSP001127,TXN0069821,customer_communication,UNAVAILABLE,0,1,1,0.0,2025-10-08 13:16:02,crm
EVID0006763,DSP001128,TXN0069861,order_confirmation,APPLICABLE,1,1,1,0.84,2025-10-15 23:27:34,billing
EVID0006764,DSP001128,TXN0069861,invoice,APPLICABLE,1,0,1,0.76,2025-10-06 10:05:25,billing
EVID0006765,DSP001128,TXN0069861,shipping_label,NOT_APPLICABLE,0,0,0,0.0,2025-10-06 02:17:36,logistics
EVID0006766,DSP001128,TXN0069861,tracking_number,NOT_APPLICABLE,0,0,0,0.0,2025-10-13 22:11:46,logistics
EVID0006767,DSP001128,TXN0069861,delivery_confirmation,NOT_APPLICABLE,0,0,0,0.0,2025-10-10 09:44:53,logistics
EVID0006768,DSP001128,TXN0069861,customer_communication,APPLICABLE,1,0,1,0.79,2025-10-07 06:36:42,crm
EVID0006769,DSP001129,TXN0069921,order_confirmation,APPLICABLE,1,1,1,0.62,2025-10-09 21:13:44,billing
EVID0006770,DSP001129,TXN0069921,invoice,UNAVAILABLE,0,1,1,0.0,2025-10-09 20:44:32,billing
EVID0006771,DSP001129,TXN0069921,shipping_label,APPLICABLE,1,0,0,0.86,2025-10-06 21:04:09,logistics
EVID0006772,DSP001129,TXN0069921,tracking_number,APPLICABLE,1,0,0,0.6,2025-10-15 21:34:53,logistics
EVID0006773,DSP001129,TXN0069921,delivery_confirmation,UNAVAILABLE,0,0,0,0.0,2025-10-18 05:58:59,logistics
EVID0006774,DSP001129,TXN0069921,customer_communication,APPLICABLE,1,1,1,0.69,2025-10-08 10:09:38,crm
EVID0006775,DSP001130,TXN0069943,order_confirmation,APPLICABLE,1,1,1,0.86,2025-10-10 10:46:33,billing
EVID0006776,DSP001130,TXN0069943,invoice,APPLICABLE,1,0,0,0.83,2025-10-21 00:15:18,billing
EVID0006777,DSP001130,TXN0069943,shipping_label,APPLICABLE,1,1,1,0.76,2025-10-10 21:00:44,logistics
EVID0006778,DSP001130,TXN0069943,tracking_number,UNAVAILABLE,0,1,1,0.0,2025-10-28 12:38:30,logistics
EVID0006779,DSP001130,TXN0069943,delivery_confirmation,APPLICABLE,1,1,1,0.87,2025-10-18 23:55:16,logistics
EVID0006780,DSP001130,TXN0069943,customer_communication,APPLICABLE,1,0,0,0.69,2025-10-15 10:29:53,crm
EVID0006781,DSP001131,TXN0070055,order_confirmation,APPLICABLE,1,1,1,0.66,2025-10-07 15:14:32,billing
EVID0006782,DSP001131,TXN0070055,invoice,APPLICABLE,1,1,1,0.7,2025-10-10 16:15:41,billing
EVID0006783,DSP001131,TXN0070055,shipping_label,NOT_APPLICABLE,0,0,0,0.0,2025-10-10 06:35:19,logistics
EVID0006784,DSP001131,TXN0070055,tracking_number,NOT_APPLICABLE,0,0,0,0.0,2025-10-08 10:58:19,logistics
EVID0006785,DSP001131,TXN0070055,delivery_confirmation,NOT_APPLICABLE,0,0,0,0.0,2025-10-06 12:46:06,logistics
EVID0006786,DSP001131,TXN0070055,customer_communication,APPLICABLE,1,1,1,0.71,2025-10-11 05:31:57,crm
EVID0006787,DSP001132,TXN0070058,order_confirmation,APPLICABLE,1,1,1,0.86,2025-10-25 06:05:12,billing
EVID0006788,DSP001132,TXN0070058,invoice,APPLICABLE,1,1,1,0.62,2025-10-16 16:32:38,billing
EVID0006789,DSP001132,TXN0070058,shipping_label,NOT_APPLICABLE,0,0,0,0.0,2025-10-28 15:09:50,logistics
EVID0006790,DSP001132,TXN0070058,tracking_number,NOT_APPLICABLE,0,0,0,0.0,2025-10-17 01:04:55,logistics
EVID0006791,DSP001132,TXN0070058,delivery_confirmation,NOT_APPLICABLE,0,0,0,0.0,2025-10-09 13:33:57,logistics
EVID0006792,DSP001132,TXN0070058,customer_communication,APPLICABLE,1,1,1,0.6,2025-11-07 07:13:56,crm
EVID0006793,DSP001133,TXN0070183,order_confirmation,APPLICABLE,1,1,1,0.6,2025-10-08 19:46:04,billing
EVID0006794,DSP001133,TXN0070183,invoice,APPLICABLE,1,1,1,0.83,2025-10-09 23:01:18,billing
EVID0006795,DSP001133,TXN0070183,shipping_label,APPLICABLE,1,0,0,0.69,2025-11-18 16:12:39,logistics
EVID0006796,DSP001133,TXN0070183,tracking_number,APPLICABLE,1,0,0,0.72,2025-10-17 07:13:01,logistics
EVID0006797,DSP001133,TXN0070183,delivery_confirmation,APPLICABLE,1,0,1,0.6,2025-10-26 15:32:16,logistics
EVID0006798,DSP001133,TXN0070183,customer_communication,UNAVAILABLE,0,1,1,0.0,2025-10-21 07:53:17,crm
EVID0006799,DSP001134,TXN0070236,order_confirmation,APPLICABLE,1,1,1,0.62,2025-11-01 19:17:40,billing
EVID0006800,DSP001134,TXN0070236,invoice,APPLICABLE,1,0,1,0.6,2025-11-03 09:46:11,billing
EVID0006801,DSP001134,TXN0070236,shipping_label,APPLICABLE,1,1,1,0.72,2025-10-15 02:21:43,logistics
EVID0006802,DSP001134,TXN0070236,tracking_number,APPLICABLE,1,1,1,0.69,2025-10-19 00:07:45,logistics
EVID0006803,DSP001134,TXN0070236,delivery_confirmation,APPLICABLE,1,1,1,0.92,2025-10-11 08:58:59,logistics
EVID0006804,DSP001134,TXN0070236,customer_communication,APPLICABLE,1,0,0,0.76,2025-11-04 21:29:37,crm
EVID0006805,DSP001135,TXN0070347,order_confirmation,APPLICABLE,1,1,1,0.6,2025-10-16 16:21:01,billing
EVID0006806,DSP001135,TXN0070347,invoice,UNAVAILABLE,0,1,1,0.0,2025-10-23 16:54:01,billing
EVID0006807,DSP001135,TXN0070347,shipping_label,APPLICABLE,1,0,0,0.95,2025-10-29 16:35:10,logistics
EVID0006808,DSP001135,TXN0070347,tracking_number,APPLICABLE,1,0,0,0.73,2025-10-30 20:26:22,logistics
EVID0006809,DSP001135,TXN0070347,delivery_confirmation,APPLICABLE,1,0,1,0.95,2025-10-25 23:22:17,logistics
EVID0006810,DSP001135,TXN0070347,customer_communication,APPLICABLE,1,1,1,0.89,2025-10-24 02:06:58,crm
EVID0006811,DSP001136,TXN0070364,order_confirmation,APPLICABLE,1,1,1,0.78,2025-10-15 00:18:08,billing
EVID0006812,DSP001136,TXN0070364,invoice,APPLICABLE,1,1,1,0.68,2025-10-16 13:06:29,billing
EVID0006813,DSP001136,TXN0070364,shipping_label,NOT_APPLICABLE,0,0,0,0.0,2025-10-18 00:42:58,logistics
EVID0006814,DSP001136,TXN0070364,tracking_number,NOT_APPLICABLE,0,0,0,0.0,2025-10-15 15:31:39,logistics
EVID0006815,DSP001136,TXN0070364,delivery_confirmation,NOT_APPLICABLE,0,0,0,0.0,2025-10-11 03:51:24,logistics
EVID0006816,DSP001136,TXN0070364,customer_communication,APPLICABLE,1,1,1,0.64,2025-10-17 15:16:31,crm
EVID0006817,DSP001137,TXN0070477,order_confirmation,APPLICABLE,1,1,1,0.6,2025-10-14 22:24:41,billing
EVID0006818,DSP001137,TXN0070477,invoice,UNAVAILABLE,0,1,1,0.0,2025-10-14 15:34:03,billing
EVID0006819,DSP001137,TXN0070477,shipping_label,NOT_APPLICABLE,0,0,0,0.0,2025-10-12 23:55:05,logistics
EVID0006820,DSP001137,TXN0070477,tracking_number,NOT_APPLICABLE,0,0,0,0.0,2025-10-12 04:32:13,logistics
EVID0006821,DSP001137,TXN0070477,delivery_confirmation,NOT_APPLICABLE,0,0,0,0.0,2025-10-13 18:00:37,logistics
EVID0006822,DSP001137,TXN0070477,customer_communication,APPLICABLE,1,1,1,0.89,2025-10-10 08:51:43,crm
EVID0006823,DSP001138,TXN0070504,order_confirmation,APPLICABLE,1,1,1,0.79,2025-10-08 06:38:51,billing
EVID0006824,DSP001138,TXN0070504,invoice,APPLICABLE,1,0,1,0.66,2025-10-18 22:10:01,billing
EVID0006825,DSP001138,TXN0070504,shipping_label,NOT_APPLICABLE,0,0,0,0.0,2025-10-08 15:52:37,logistics
EVID0006826,DSP001138,TXN0070504,tracking_number,NOT_APPLICABLE,0,0,0,0.0,2025-11-06 13:15:35,logistics
EVID0006827,DSP001138,TXN0070504,delivery_confirmation,NOT_APPLICABLE,0,0,0,0.0,2025-10-13 15:41:51,logistics
EVID0006828,DSP001138,TXN0070504,customer_communication,APPLICABLE,1,1,1,0.6,2025-10-22 14:59:47,crm
EVID0006829,DSP001139,TXN0070723,order_confirmation,APPLICABLE,1,1,1,0.83,2025-10-12 05:38:58,billing
EVID0006830,DSP001139,TXN0070723,invoice,APPLICABLE,1,0,1,0.73,2025-10-11 06:58:09,billing
EVID0006831,DSP001139,TXN0070723,shipping_label,APPLICABLE,1,1,1,0.73,2025-10-15 01:25:03,logistics
EVID0006832,DSP001139,TXN0070723,tracking_number,APPLICABLE,1,1,1,0.81,2025-10-26 13:30:19,logistics
EVID0006833,DSP001139,TXN0070723,delivery_confirmation,APPLICABLE,1,1,1,0.73,2025-11-01 14:12:44,logistics
EVID0006834,DSP001139,TXN0070723,customer_communication,APPLICABLE,1,0,0,0.67,2025-10-22 18:44:06,crm
EVID0006835,DSP001140,TXN0070725,order_confirmation,APPLICABLE,1,1,1,0.72,2025-10-09 07:21:59,billing
EVID0006836,DSP001140,TXN0070725,invoice,APPLICABLE,1,0,1,0.82,2025-10-14 03:57:59,billing
EVID0006837,DSP001140,TXN0070725,shipping_label,NOT_APPLICABLE,0,0,0,0.0,2025-10-19 03:46:24,logistics
EVID0006838,DSP001140,TXN0070725,tracking_number,NOT_APPLICABLE,0,0,0,0.0,2025-10-16 08:45:35,logistics
EVID0006839,DSP001140,TXN0070725,delivery_confirmation,NOT_APPLICABLE,0,0,0,0.0,2025-10-11 15:30:01,logistics
EVID0006840,DSP001140,TXN0070725,customer_communication,UNAVAILABLE,0,0,0,0.0,2025-10-15 03:18:16,crm
EVID0006841,DSP001141,TXN0070766,order_confirmation,UNAVAILABLE,0,1,1,0.0,2025-10-21 03:01:24,billing
EVID0006842,DSP001141,TXN0070766,invoice,APPLICABLE,1,1,1,0.71,2025-10-27 16:50:17,billing
EVID0006843,DSP001141,TXN0070766,shipping_label,APPLICABLE,1,0,0,0.68,2025-11-01 05:04:02,logistics
EVID0006844,DSP001141,TXN0070766,tracking_number,UNAVAILABLE,0,0,0,0.0,2025-10-18 13:17:09,logistics
EVID0006845,DSP001141,TXN0070766,delivery_confirmation,APPLICABLE,1,0,0,0.7,2025-10-24 05:06:26,logistics
EVID0006846,DSP001141,TXN0070766,customer_communication,APPLICABLE,1,0,0,0.94,2025-10-28 05:01:52,crm
EVID0006847,DSP001142,TXN0070770,order_confirmation,APPLICABLE,1,1,1,0.71,2025-10-10 12:05:55,billing
EVID0006848,DSP001142,TXN0070770,invoice,APPLICABLE,1,0,1,0.9,2025-10-10 13:46:02,billing
EVID0006849,DSP001142,TXN0070770,shipping_label,APPLICABLE,1,0,1,0.92,2025-10-09 23:08:02,logistics
EVID0006850,DSP001142,TXN0070770,tracking_number,APPLICABLE,1,0,1,0.81,2025-10-09 17:49:41,logistics
EVID0006851,DSP001142,TXN0070770,delivery_confirmation,UNAVAILABLE,0,1,1,0.0,2025-10-11 18:23:48,logistics
EVID0006852,DSP001142,TXN0070770,customer_communication,APPLICABLE,1,1,1,0.74,2025-10-08 19:43:44,crm
EVID0006853,DSP001143,TXN0070784,order_confirmation,UNAVAILABLE,0,1,1,0.0,2025-10-21 04:31:55,billing
EVID0006854,DSP001143,TXN0070784,invoice,APPLICABLE,1,1,1,0.84,2025-10-16 08:07:11,billing
EVID0006855,DSP001143,TXN0070784,shipping_label,APPLICABLE,1,0,0,0.91,2025-10-12 23:40:32,logistics
EVID0006856,DSP001143,TXN0070784,tracking_number,APPLICABLE,1,0,1,0.87,2025-10-19 06:26:48,logistics
EVID0006857,DSP001143,TXN0070784,delivery_confirmation,APPLICABLE,1,0,0,0.94,2025-10-23 19:37:39,logistics
EVID0006858,DSP001143,TXN0070784,customer_communication,APPLICABLE,1,1,1,0.81,2025-10-08 16:16:22,crm
EVID0006859,DSP001144,TXN0070905,order_confirmation,APPLICABLE,1,1,1,0.6,2025-10-11 08:08:55,billing
EVID0006860,DSP001144,TXN0070905,invoice,UNAVAILABLE,0,1,1,0.0,2025-11-08 14:31:50,billing
EVID0006861,DSP001144,TXN0070905,shipping_label,NOT_APPLICABLE,0,0,0,0.0,2025-10-15 16:20:11,logistics
EVID0006862,DSP001144,TXN0070905,tracking_number,NOT_APPLICABLE,0,0,0,0.0,2025-10-18 17:22:23,logistics
EVID0006863,DSP001144,TXN0070905,delivery_confirmation,NOT_APPLICABLE,0,0,0,0.0,2025-10-14 21:43:44,logistics
EVID0006864,DSP001144,TXN0070905,customer_communication,APPLICABLE,1,1,1,0.61,2025-10-13 06:20:49,crm
EVID0006865,DSP001145,TXN0070946,order_confirmation,APPLICABLE,1,1,1,0.66,2025-10-20 10:38:24,billing
EVID0006866,DSP001145,TXN0070946,invoice,APPLICABLE,1,1,1,0.74,2025-11-02 14:30:40,billing
EVID0006867,DSP001145,TXN0070946,shipping_label,UNAVAILABLE,0,0,1,0.0,2025-10-12 18:23:13,logistics
EVID0006868,DSP001145,TXN0070946,tracking_number,APPLICABLE,1,0,1,0.94,2025-10-29 15:55:27,logistics
EVID0006869,DSP001145,TXN0070946,delivery_confirmation,APPLICABLE,1,0,1,0.8,2025-11-13 03:59:32,logistics
EVID0006870,DSP001145,TXN0070946,customer_communication,APPLICABLE,1,1,1,0.86,2025-10-31 15:29:59,crm
EVID0006871,DSP001146,TXN0071007,order_confirmation,APPLICABLE,1,1,1,0.6,2025-10-14 03:33:02,billing
EVID0006872,DSP001146,TXN0071007,invoice,APPLICABLE,1,1,1,0.73,2025-10-15 07:09:23,billing
EVID0006873,DSP001146,TXN0071007,shipping_label,APPLICABLE,1,0,1,0.8,2025-10-19 15:29:06,logistics
EVID0006874,DSP001146,TXN0071007,tracking_number,APPLICABLE,1,0,0,0.6,2025-10-13 15:15:31,logistics
EVID0006875,DSP001146,TXN0071007,delivery_confirmation,APPLICABLE,1,0,1,0.66,2025-10-24 01:24:41,logistics
EVID0006876,DSP001146,TXN0071007,customer_communication,APPLICABLE,1,1,1,0.6,2025-10-15 09:30:45,crm
EVID0006877,DSP001147,TXN0071103,order_confirmation,APPLICABLE,1,1,1,0.89,2025-10-24 23:31:23,billing
EVID0006878,DSP001147,TXN0071103,invoice,APPLICABLE,1,1,1,0.88,2025-10-14 10:34:54,billing
EVID0006879,DSP001147,TXN0071103,shipping_label,UNAVAILABLE,0,0,1,0.0,2025-10-16 03:37:39,logistics
EVID0006880,DSP001147,TXN0071103,tracking_number,APPLICABLE,1,0,1,0.64,2025-10-30 11:39:23,logistics
EVID0006881,DSP001147,TXN0071103,delivery_confirmation,APPLICABLE,1,0,1,0.75,2025-10-28 12:23:27,logistics
EVID0006882,DSP001147,TXN0071103,customer_communication,APPLICABLE,1,0,0,0.76,2025-10-21 05:33:34,crm
EVID0006883,DSP001148,TXN0071106,order_confirmation,APPLICABLE,1,1,1,0.6,2025-10-17 16:55:19,billing
EVID0006884,DSP001148,TXN0071106,invoice,APPLICABLE,1,1,1,0.66,2025-11-01 09:52:53,billing
EVID0006885,DSP001148,TXN0071106,shipping_label,NOT_APPLICABLE,0,0,0,0.0,2025-10-30 23:42:03,logistics
EVID0006886,DSP001148,TXN0071106,tracking_number,NOT_APPLICABLE,0,0,0,0.0,2025-10-30 01:56:18,logistics
EVID0006887,DSP001148,TXN0071106,delivery_confirmation,NOT_APPLICABLE,0,0,0,0.0,2025-11-03 02:10:08,logistics
EVID0006888,DSP001148,TXN0071106,customer_communication,APPLICABLE,1,1,1,0.79,2025-10-30 14:26:37,crm
EVID0006889,DSP001149,TXN0071377,order_confirmation,APPLICABLE,1,1,1,0.72,2025-10-19 17:13:37,billing
EVID0006890,DSP001149,TXN0071377,invoice,APPLICABLE,1,1,1,0.85,2025-10-20 20:00:40,billing
EVID0006891,DSP001149,TXN0071377,shipping_label,NOT_APPLICABLE,0,0,0,0.0,2025-10-12 11:31:14,logistics
EVID0006892,DSP001149,TXN0071377,tracking_number,NOT_APPLICABLE,0,0,0,0.0,2025-10-17 17:55:54,logistics
EVID0006893,DSP001149,TXN0071377,delivery_confirmation,NOT_APPLICABLE,0,0,0,0.0,2025-10-14 04:02:45,logistics
EVID0006894,DSP001149,TXN0071377,customer_communication,UNAVAILABLE,0,1,1,0.0,2025-10-14 17:23:11,crm
EVID0006895,DSP001150,TXN0071384,order_confirmation,APPLICABLE,1,1,1,0.91,2025-11-01 11:43:04,billing
EVID0006896,DSP001150,TXN0071384,invoice,APPLICABLE,1,1,1,0.92,2025-10-24 05:12:49,billing
EVID0006897,DSP001150,TXN0071384,shipping_label,APPLICABLE,1,0,0,0.78,2025-10-28 16:18:35,logistics
EVID0006898,DSP001150,TXN0071384,tracking_number,APPLICABLE,1,0,0,0.93,2025-11-06 18:10:29,logistics
EVID0006899,DSP001150,TXN0071384,delivery_confirmation,APPLICABLE,1,0,0,0.95,2025-11-02 19:27:22,logistics
EVID0006900,DSP001150,TXN0071384,customer_communication,APPLICABLE,1,1,1,0.88,2025-10-13 23:02:51,crm
EVID0006901,DSP001151,TXN0071395,order_confirmation,APPLICABLE,1,1,1,0.75,2025-10-12 20:52:45,billing
EVID0006902,DSP001151,TXN0071395,invoice,APPLICABLE,1,1,1,0.6,2025-10-12 08:56:23,billing
EVID0006903,DSP001151,TXN0071395,shipping_label,APPLICABLE,1,0,1,0.6,2025-10-21 14:42:56,logistics
EVID0006904,DSP001151,TXN0071395,tracking_number,APPLICABLE,1,0,1,0.78,2025-10-12 19:06:20,logistics
EVID0006905,DSP001151,TXN0071395,delivery_confirmation,APPLICABLE,1,0,0,0.7,2025-10-10 13:05:26,logistics
EVID0006906,DSP001151,TXN0071395,customer_communication,APPLICABLE,1,1,1,0.65,2025-10-10 15:36:40,crm
EVID0006907,DSP001152,TXN0071426,order_confirmation,UNAVAILABLE,0,1,1,0.0,2025-10-28 17:35:10,billing
EVID0006908,DSP001152,TXN0071426,invoice,APPLICABLE,1,1,1,0.71,2025-11-03 10:07:45,billing
EVID0006909,DSP001152,TXN0071426,shipping_label,NOT_APPLICABLE,0,0,0,0.0,2025-10-30 04:53:06,logistics
EVID0006910,DSP001152,TXN0071426,tracking_number,NOT_APPLICABLE,0,0,0,0.0,2025-10-30 18:00:35,logistics
EVID0006911,DSP001152,TXN0071426,delivery_confirmation,NOT_APPLICABLE,0,0,0,0.0,2025-10-29 17:20:39,logistics
EVID0006912,DSP001152,TXN0071426,customer_communication,APPLICABLE,1,1,1,0.61,2025-10-28 16:17:22,crm
EVID0006913,DSP001153,TXN0071546,order_confirmation,APPLICABLE,1,1,1,0.83,2025-11-08 08:55:59,billing
EVID0006914,DSP001153,TXN0071546,invoice,APPLICABLE,1,1,1,0.68,2025-10-14 06:29:51,billing
EVID0006915,DSP001153,TXN0071546,shipping_label,APPLICABLE,1,0,1,0.91,2025-10-30 15:46:32,logistics
EVID0006916,DSP001153,TXN0071546,tracking_number,APPLICABLE,1,0,0,0.78,2025-10-12 16:44:24,logistics
EVID0006917,DSP001153,TXN0071546,delivery_confirmation,APPLICABLE,1,0,1,0.89,2025-10-16 20:31:49,logistics
EVID0006918,DSP001153,TXN0071546,customer_communication,APPLICABLE,1,1,1,0.87,2025-10-29 11:51:30,crm
EVID0006919,DSP001154,TXN0071568,order_confirmation,UNAVAILABLE,0,1,1,0.0,2025-10-17 01:59:42,billing
EVID0006920,DSP001154,TXN0071568,invoice,APPLICABLE,1,0,1,0.79,2025-10-19 08:21:29,billing
EVID0006921,DSP001154,TXN0071568,shipping_label,APPLICABLE,1,1,1,0.63,2025-10-23 06:09:53,logistics
EVID0006922,DSP001154,TXN0071568,tracking_number,UNAVAILABLE,0,1,1,0.0,2025-10-22 17:56:21,logistics
EVID0006923,DSP001154,TXN0071568,delivery_confirmation,APPLICABLE,1,1,1,0.85,2025-10-19 19:46:37,logistics
EVID0006924,DSP001154,TXN0071568,customer_communication,APPLICABLE,1,0,0,0.92,2025-10-12 06:54:42,crm
EVID0006925,DSP001155,TXN0071618,order_confirmation,UNAVAILABLE,0,1,1,0.0,2025-10-22 23:27:31,billing
EVID0006926,DSP001155,TXN0071618,invoice,APPLICABLE,1,0,1,0.79,2025-11-03 09:41:16,billing
EVID0006927,DSP001155,TXN0071618,shipping_label,NOT_APPLICABLE,0,0,0,0.0,2025-10-12 21:18:05,logistics
EVID0006928,DSP001155,TXN0071618,tracking_number,NOT_APPLICABLE,0,0,0,0.0,2025-10-28 18:10:31,logistics
EVID0006929,DSP001155,TXN0071618,delivery_confirmation,NOT_APPLICABLE,0,0,0,0.0,2025-11-10 20:12:37,logistics
EVID0006930,DSP001155,TXN0071618,customer_communication,UNAVAILABLE,0,1,1,0.0,2025-10-12 14:01:04,crm
EVID0006931,DSP001156,TXN0071809,order_confirmation,APPLICABLE,1,1,1,0.68,2025-10-28 03:10:43,billing
EVID0006932,DSP001156,TXN0071809,invoice,APPLICABLE,1,1,1,0.6,2025-10-15 04:16:35,billing
EVID0006933,DSP001156,TXN0071809,shipping_label,APPLICABLE,1,0,1,0.87,2025-10-17 18:33:44,logistics
EVID0006934,DSP001156,TXN0071809,tracking_number,APPLICABLE,1,0,0,0.72,2025-10-17 14:33:30,logistics
EVID0006935,DSP001156,TXN0071809,delivery_confirmation,APPLICABLE,1,0,0,0.7,2025-10-26 05:12:22,logistics
EVID0006936,DSP001156,TXN0071809,customer_communication,APPLICABLE,1,1,1,0.64,2025-10-25 15:20:14,crm
EVID0006937,DSP001157,TXN0072009,order_confirmation,UNAVAILABLE,0,1,1,0.0,2025-10-17 17:45:28,billing
EVID0006938,DSP001157,TXN0072009,invoice,APPLICABLE,1,0,0,0.67,2025-11-18 12:00:16,billing
EVID0006939,DSP001157,TXN0072009,shipping_label,NOT_APPLICABLE,0,0,0,0.0,2025-10-16 13:18:03,logistics
EVID0006940,DSP001157,TXN0072009,tracking_number,NOT_APPLICABLE,0,0,0,0.0,2025-11-12 08:32:03,logistics
EVID0006941,DSP001157,TXN0072009,delivery_confirmation,NOT_APPLICABLE,0,0,0,0.0,2025-11-15 14:50:31,logistics
EVID0006942,DSP001157,TXN0072009,customer_communication,APPLICABLE,1,0,1,0.82,2025-11-25 14:00:10,crm
EVID0006943,DSP001158,TXN0072152,order_confirmation,APPLICABLE,1,1,1,0.79,2025-10-16 08:38:05,billing
EVID0006944,DSP001158,TXN0072152,invoice,APPLICABLE,1,1,1,0.83,2025-11-06 15:09:41,billing
EVID0006945,DSP001158,TXN0072152,shipping_label,NOT_APPLICABLE,0,0,0,0.0,2025-10-21 15:01:02,logistics
EVID0006946,DSP001158,TXN0072152,tracking_number,NOT_APPLICABLE,0,0,0,0.0,2025-11-01 23:47:19,logistics
EVID0006947,DSP001158,TXN0072152,delivery_confirmation,NOT_APPLICABLE,0,0,0,0.0,2025-10-20 12:13:14,logistics
EVID0006948,DSP001158,TXN0072152,customer_communication,UNAVAILABLE,0,1,1,0.0,2025-11-02 04:21:48,crm
EVID0006949,DSP001159,TXN0072292,order_confirmation,APPLICABLE,1,1,1,0.65,2025-10-24 20:03:57,billing
EVID0006950,DSP001159,TXN0072292,invoice,UNAVAILABLE,0,0,1,0.0,2025-10-25 15:01:49,billing
EVID0006951,DSP001159,TXN0072292,shipping_label,UNAVAILABLE,0,0,1,0.0,2025-10-28 16:00:50,logistics
EVID0006952,DSP001159,TXN0072292,tracking_number,APPLICABLE,1,0,1,0.82,2025-10-21 23:24:30,logistics
EVID0006953,DSP001159,TXN0072292,delivery_confirmation,APPLICABLE,1,1,1,0.72,2025-10-26 21:50:03,logistics
EVID0006954,DSP001159,TXN0072292,customer_communication,APPLICABLE,1,1,1,0.84,2025-10-20 03:49:43,crm
EVID0006955,DSP001160,TXN0072416,order_confirmation,APPLICABLE,1,1,1,0.69,2025-10-19 20:46:46,billing
EVID0006956,DSP001160,TXN0072416,invoice,APPLICABLE,1,0,1,0.88,2025-10-17 02:18:22,billing
EVID0006957,DSP001160,TXN0072416,shipping_label,NOT_APPLICABLE,0,0,0,0.0,2025-10-14 15:33:45,logistics
EVID0006958,DSP001160,TXN0072416,tracking_number,NOT_APPLICABLE,0,0,0,0.0,2025-10-16 04:21:09,logistics
EVID0006959,DSP001160,TXN0072416,delivery_confirmation,NOT_APPLICABLE,0,0,0,0.0,2025-10-15 11:01:23,logistics
EVID0006960,DSP001160,TXN0072416,customer_communication,APPLICABLE,1,0,1,0.75,2025-10-17 17:54:42,crm
EVID0006961,DSP001161,TXN0072524,order_confirmation,UNAVAILABLE,0,1,1,0.0,2025-10-13 09:31:53,billing
EVID0006962,DSP001161,TXN0072524,invoice,APPLICABLE,1,1,1,0.68,2025-10-13 23:24:34,billing
EVID0006963,DSP001161,TXN0072524,shipping_label,NOT_APPLICABLE,0,0,0,0.0,2025-10-13 19:28:23,logistics
EVID0006964,DSP001161,TXN0072524,tracking_number,NOT_APPLICABLE,0,0,0,0.0,2025-10-15 22:09:14,logistics
EVID0006965,DSP001161,TXN0072524,delivery_confirmation,NOT_APPLICABLE,0,0,0,0.0,2025-10-16 13:45:17,logistics
EVID0006966,DSP001161,TXN0072524,customer_communication,APPLICABLE,1,1,1,0.81,2025-10-15 22:00:31,crm
EVID0006967,DSP001162,TXN0072526,order_confirmation,APPLICABLE,1,1,1,0.77,2025-10-31 14:00:49,billing
EVID0006968,DSP001162,TXN0072526,invoice,APPLICABLE,1,0,1,0.86,2025-10-22 10:41:06,billing
EVID0006969,DSP001162,TXN0072526,shipping_label,APPLICABLE,1,1,1,0.9,2025-10-19 22:01:17,logistics
EVID0006970,DSP001162,TXN0072526,tracking_number,APPLICABLE,1,1,1,0.6,2025-10-23 00:13:26,logistics
EVID0006971,DSP001162,TXN0072526,delivery_confirmation,APPLICABLE,1,1,1,0.65,2025-11-06 00:17:36,logistics
EVID0006972,DSP001162,TXN0072526,customer_communication,UNAVAILABLE,0,0,1,0.0,2025-10-22 05:32:25,crm
EVID0006973,DSP001163,TXN0072537,order_confirmation,APPLICABLE,1,1,1,0.64,2025-11-09 22:45:57,billing
EVID0006974,DSP001163,TXN0072537,invoice,APPLICABLE,1,0,0,0.87,2025-10-23 17:43:18,billing
EVID0006975,DSP001163,TXN0072537,shipping_label,APPLICABLE,1,1,1,0.9,2025-10-22 10:20:23,logistics
EVID0006976,DSP001163,TXN0072537,tracking_number,APPLICABLE,1,1,1,0.69,2025-10-23 04:10:08,logistics
EVID0006977,DSP001163,TXN0072537,delivery_confirmation,APPLICABLE,1,1,1,0.6,2025-10-16 06:46:29,logistics
EVID0006978,DSP001163,TXN0072537,customer_communication,APPLICABLE,1,0,1,0.74,2025-10-22 06:57:03,crm
EVID0006979,DSP001164,TXN0072684,order_confirmation,APPLICABLE,1,1,1,0.81,2025-10-28 23:00:23,billing
EVID0006980,DSP001164,TXN0072684,invoice,APPLICABLE,1,1,1,0.74,2025-10-28 21:35:56,billing
EVID0006981,DSP001164,TXN0072684,shipping_label,UNAVAILABLE,0,0,0,0.0,2025-10-16 09:27:29,logistics
EVID0006982,DSP001164,TXN0072684,tracking_number,UNAVAILABLE,0,0,1,0.0,2025-10-29 04:35:48,logistics
EVID0006983,DSP001164,TXN0072684,delivery_confirmation,UNAVAILABLE,0,0,0,0.0,2025-10-17 18:37:21,logistics
EVID0006984,DSP001164,TXN0072684,customer_communication,UNAVAILABLE,0,0,1,0.0,2025-10-15 16:20:23,crm
EVID0006985,DSP001165,TXN0072785,order_confirmation,APPLICABLE,1,1,1,0.83,2025-10-17 03:01:19,billing
EVID0006986,DSP001165,TXN0072785,invoice,UNAVAILABLE,0,1,1,0.0,2025-10-20 19:36:55,billing
EVID0006987,DSP001165,TXN0072785,shipping_label,NOT_APPLICABLE,0,0,0,0.0,2025-10-15 15:49:31,logistics
EVID0006988,DSP001165,TXN0072785,tracking_number,NOT_APPLICABLE,0,0,0,0.0,2025-10-22 09:42:27,logistics
EVID0006989,DSP001165,TXN0072785,delivery_confirmation,NOT_APPLICABLE,0,0,0,0.0,2025-10-14 19:40:18,logistics
EVID0006990,DSP001165,TXN0072785,customer_communication,UNAVAILABLE,0,1,1,0.0,2025-10-28 07:33:12,crm
EVID0006991,DSP001166,TXN0072795,order_confirmation,APPLICABLE,1,1,1,0.66,2025-10-19 03:01:11,billing
EVID0006992,DSP001166,TXN0072795,invoice,APPLICABLE,1,1,1,0.93,2025-10-14 16:38:40,billing
EVID0006993,DSP001166,TXN0072795,shipping_label,NOT_APPLICABLE,0,0,0,0.0,2025-10-17 04:42:16,logistics
EVID0006994,DSP001166,TXN0072795,tracking_number,NOT_APPLICABLE,0,0,0,0.0,2025-10-27 03:34:30,logistics
EVID0006995,DSP001166,TXN0072795,delivery_confirmation,NOT_APPLICABLE,0,0,0,0.0,2025-10-14 13:59:17,logistics
EVID0006996,DSP001166,TXN0072795,customer_communication,APPLICABLE,1,1,1,0.89,2025-11-15 12:43:30,crm
EVID0006997,DSP001167,TXN0072861,order_confirmation,UNAVAILABLE,0,1,1,0.0,2025-10-17 14:22:52,billing
EVID0006998,DSP001167,TXN0072861,invoice,APPLICABLE,1,1,1,0.87,2025-10-19 05:37:23,billing
EVID0006999,DSP001167,TXN0072861,shipping_label,NOT_APPLICABLE,0,0,0,0.0,2025-10-14 11:22:06,logistics
EVID0007000,DSP001167,TXN0072861,tracking_number,NOT_APPLICABLE,0,0,0,0.0,2025-10-16 17:01:16,logistics
EVID0007001,DSP001167,TXN0072861,delivery_confirmation,NOT_APPLICABLE,0,0,0,0.0,2025-10-18 02:07:36,logistics
EVID0007002,DSP001167,TXN0072861,customer_communication,APPLICABLE,1,1,1,0.8,2025-10-17 14:03:07,crm
EVID0007003,DSP001168,TXN0073029,order_confirmation,APPLICABLE,1,1,1,0.75,2025-11-02 03:20:02,billing
EVID0007004,DSP001168,TXN0073029,invoice,UNAVAILABLE,0,0,0,0.0,2025-10-22 22:44:07,billing
EVID0007005,DSP001168,TXN0073029,shipping_label,NOT_APPLICABLE,0,0,0,0.0,2025-10-29 10:28:23,logistics
EVID0007006,DSP001168,TXN0073029,tracking_number,NOT_APPLICABLE,0,0,0,0.0,2025-10-25 04:34:33,logistics
EVID0007007,DSP001168,TXN0073029,delivery_confirmation,NOT_APPLICABLE,0,0,0,0.0,2025-10-22 22:27:20,logistics
EVID0007008,DSP001168,TXN0073029,customer_communication,APPLICABLE,1,0,0,0.68,2025-10-23 18:23:56,crm
EVID0007009,DSP001169,TXN0073056,order_confirmation,APPLICABLE,1,1,1,0.67,2025-11-01 08:23:08,billing
EVID0007010,DSP001169,TXN0073056,invoice,APPLICABLE,1,0,1,0.71,2025-11-03 03:47:50,billing
EVID0007011,DSP001169,TXN0073056,shipping_label,APPLICABLE,1,0,1,0.6,2025-11-02 04:27:15,logistics
EVID0007012,DSP001169,TXN0073056,tracking_number,APPLICABLE,1,0,0,0.9,2025-10-17 14:14:09,logistics
EVID0007013,DSP001169,TXN0073056,delivery_confirmation,APPLICABLE,1,1,1,0.89,2025-11-01 02:20:55,logistics
EVID0007014,DSP001169,TXN0073056,customer_communication,APPLICABLE,1,1,1,0.64,2025-10-30 20:19:11,crm
EVID0007015,DSP001170,TXN0073077,order_confirmation,UNAVAILABLE,0,1,1,0.0,2025-10-17 08:05:21,billing
EVID0007016,DSP001170,TXN0073077,invoice,APPLICABLE,1,0,1,0.86,2025-10-15 17:47:42,billing
EVID0007017,DSP001170,TXN0073077,shipping_label,UNAVAILABLE,0,1,1,0.0,2025-10-15 01:18:41,logistics
EVID0007018,DSP001170,TXN0073077,tracking_number,APPLICABLE,1,1,1,0.72,2025-10-15 15:28:10,logistics
EVID0007019,DSP001170,TXN0073077,delivery_confirmation,APPLICABLE,1,1,1,0.86,2025-10-18 02:51:00,logistics
EVID0007020,DSP001170,TXN0073077,customer_communication,APPLICABLE,1,0,1,0.75,2025-10-16 14:16:19,crm
EVID0007021,DSP001171,TXN0073087,order_confirmation,UNAVAILABLE,0,1,1,0.0,2025-10-29 22:22:38,billing
EVID0007022,DSP001171,TXN0073087,invoice,UNAVAILABLE,0,1,1,0.0,2025-10-31 13:53:35,billing
EVID0007023,DSP001171,TXN0073087,shipping_label,NOT_APPLICABLE,0,0,0,0.0,2025-10-30 21:59:04,logistics
EVID0007024,DSP001171,TXN0073087,tracking_number,NOT_APPLICABLE,0,0,0,0.0,2025-10-26 10:59:06,logistics
EVID0007025,DSP001171,TXN0073087,delivery_confirmation,NOT_APPLICABLE,0,0,0,0.0,2025-10-27 10:07:13,logistics
EVID0007026,DSP001171,TXN0073087,customer_communication,APPLICABLE,1,1,1,0.82,2025-10-24 22:49:30,crm
EVID0007027,DSP001172,TXN0073228,order_confirmation,APPLICABLE,1,1,1,0.69,2025-10-15 13:54:19,billing
EVID0007028,DSP001172,TXN0073228,invoice,APPLICABLE,1,1,1,0.62,2025-10-17 15:56:31,billing
EVID0007029,DSP001172,TXN0073228,shipping_label,APPLICABLE,1,0,0,0.6,2025-10-15 18:08:48,logistics
EVID0007030,DSP001172,TXN0073228,tracking_number,APPLICABLE,1,0,1,0.6,2025-10-17 10:53:28,logistics
EVID0007031,DSP001172,TXN0073228,delivery_confirmation,APPLICABLE,1,0,0,0.81,2025-10-18 04:11:24,logistics
EVID0007032,DSP001172,TXN0073228,customer_communication,APPLICABLE,1,1,1,0.66,2025-10-16 21:29:51,crm
EVID0007033,DSP001173,TXN0073243,order_confirmation,APPLICABLE,1,1,1,0.66,2025-11-14 06:01:00,billing
EVID0007034,DSP001173,TXN0073243,invoice,APPLICABLE,1,1,1,0.82,2025-10-19 11:05:49,billing
EVID0007035,DSP001173,TXN0073243,shipping_label,APPLICABLE,1,0,0,0.78,2025-11-01 10:08:00,logistics
EVID0007036,DSP001173,TXN0073243,tracking_number,APPLICABLE,1,0,1,0.86,2025-11-05 06:51:12,logistics
EVID0007037,DSP001173,TXN0073243,delivery_confirmation,APPLICABLE,1,0,1,0.8,2025-11-07 15:01:02,logistics
EVID0007038,DSP001173,TXN0073243,customer_communication,UNAVAILABLE,0,1,1,0.0,2025-11-16 11:18:55,crm
EVID0007039,DSP001174,TXN0073284,order_confirmation,UNAVAILABLE,0,1,1,0.0,2025-10-25 02:05:50,billing
EVID0007040,DSP001174,TXN0073284,invoice,UNAVAILABLE,0,0,0,0.0,2025-10-22 13:36:40,billing
EVID0007041,DSP001174,TXN0073284,shipping_label,NOT_APPLICABLE,0,0,0,0.0,2025-11-09 20:43:24,logistics
EVID0007042,DSP001174,TXN0073284,tracking_number,NOT_APPLICABLE,0,0,0,0.0,2025-11-09 02:45:37,logistics
EVID0007043,DSP001174,TXN0073284,delivery_confirmation,NOT_APPLICABLE,0,0,0,0.0,2025-10-17 03:48:09,logistics
EVID0007044,DSP001174,TXN0073284,customer_communication,APPLICABLE,1,0,1,0.86,2025-10-21 19:47:07,crm
EVID0007045,DSP001175,TXN0073324,order_confirmation,APPLICABLE,1,1,1,0.95,2025-11-17 09:41:10,billing
EVID0007046,DSP001175,TXN0073324,invoice,APPLICABLE,1,0,0,0.92,2025-11-11 08:50:53,billing
EVID0007047,DSP001175,TXN0073324,shipping_label,APPLICABLE,1,1,1,0.85,2025-11-07 09:22:36,logistics
EVID0007048,DSP001175,TXN0073324,tracking_number,APPLICABLE,1,1,1,0.7,2025-10-23 21:18:27,logistics
EVID0007049,DSP001175,TXN0073324,delivery_confirmation,UNAVAILABLE,0,1,1,0.0,2025-11-06 09:28:25,logistics
EVID0007050,DSP001175,TXN0073324,customer_communication,APPLICABLE,1,0,1,0.65,2025-10-21 08:17:14,crm
EVID0007051,DSP001176,TXN0073352,order_confirmation,APPLICABLE,1,1,1,0.84,2025-10-27 11:40:16,billing
EVID0007052,DSP001176,TXN0073352,invoice,APPLICABLE,1,1,1,0.74,2025-10-27 14:31:51,billing
EVID0007053,DSP001176,TXN0073352,shipping_label,NOT_APPLICABLE,0,0,0,0.0,2025-10-26 01:34:47,logistics
EVID0007054,DSP001176,TXN0073352,tracking_number,NOT_APPLICABLE,0,0,0,0.0,2025-10-24 01:34:09,logistics
EVID0007055,DSP001176,TXN0073352,delivery_confirmation,NOT_APPLICABLE,0,0,0,0.0,2025-11-16 19:39:33,logistics
EVID0007056,DSP001176,TXN0073352,customer_communication,UNAVAILABLE,0,1,1,0.0,2025-10-20 03:11:46,crm
EVID0007057,DSP001177,TXN0073404,order_confirmation,APPLICABLE,1,1,1,0.89,2025-10-23 16:07:11,billing
EVID0007058,DSP001177,TXN0073404,invoice,UNAVAILABLE,0,1,1,0.0,2025-10-31 17:49:59,billing
EVID0007059,DSP001177,TXN0073404,shipping_label,NOT_APPLICABLE,0,0,0,0.0,2025-11-03 12:13:48,logistics
EVID0007060,DSP001177,TXN0073404,tracking_number,NOT_APPLICABLE,0,0,0,0.0,2025-10-29 12:04:22,logistics
EVID0007061,DSP001177,TXN0073404,delivery_confirmation,NOT_APPLICABLE,0,0,0,0.0,2025-10-26 14:11:20,logistics
EVID0007062,DSP001177,TXN0073404,customer_communication,UNAVAILABLE,0,1,1,0.0,2025-10-28 09:35:28,crm
EVID0007063,DSP001178,TXN0073449,order_confirmation,APPLICABLE,1,1,1,0.84,2025-10-22 04:00:59,billing
EVID0007064,DSP001178,TXN0073449,invoice,APPLICABLE,1,0,0,0.87,2025-11-17 11:55:59,billing
EVID0007065,DSP001178,TXN0073449,shipping_label,NOT_APPLICABLE,0,0,0,0.0,2025-10-22 18:45:52,logistics
EVID0007066,DSP001178,TXN0073449,tracking_number,NOT_APPLICABLE,0,0,0,0.0,2025-11-29 23:39:45,logistics
EVID0007067,DSP001178,TXN0073449,delivery_confirmation,NOT_APPLICABLE,0,0,0,0.0,2025-11-11 03:23:06,logistics
EVID0007068,DSP001178,TXN0073449,customer_communication,APPLICABLE,1,0,1,0.65,2025-11-15 22:44:02,crm
EVID0007069,DSP001179,TXN0073492,order_confirmation,APPLICABLE,1,1,1,0.68,2025-10-19 01:37:40,billing
EVID0007070,DSP001179,TXN0073492,invoice,APPLICABLE,1,0,1,0.87,2025-10-23 08:12:13,billing
EVID0007071,DSP001179,TXN0073492,shipping_label,APPLICABLE,1,0,0,0.67,2025-10-23 15:24:01,logistics
EVID0007072,DSP001179,TXN0073492,tracking_number,UNAVAILABLE,0,0,1,0.0,2025-10-17 03:16:31,logistics
EVID0007073,DSP001179,TXN0073492,delivery_confirmation,APPLICABLE,1,1,1,0.8,2025-10-24 04:00:51,logistics
EVID0007074,DSP001179,TXN0073492,customer_communication,APPLICABLE,1,1,1,0.62,2025-10-20 12:24:41,crm
EVID0007075,DSP001180,TXN0073494,order_confirmation,APPLICABLE,1,1,1,0.6,2025-11-12 15:09:27,billing
EVID0007076,DSP001180,TXN0073494,invoice,APPLICABLE,1,0,0,0.79,2025-11-06 13:35:40,billing
EVID0007077,DSP001180,TXN0073494,shipping_label,APPLICABLE,1,0,1,0.81,2025-10-27 16:23:22,logistics
EVID0007078,DSP001180,TXN0073494,tracking_number,UNAVAILABLE,0,0,0,0.0,2025-10-27 04:57:08,logistics
EVID0007079,DSP001180,TXN0073494,delivery_confirmation,APPLICABLE,1,1,1,0.81,2025-10-28 22:21:46,logistics
EVID0007080,DSP001180,TXN0073494,customer_communication,APPLICABLE,1,1,1,0.66,2025-10-21 23:17:06,crm
EVID0007081,DSP001181,TXN0073724,order_confirmation,APPLICABLE,1,1,1,0.69,2025-10-20 22:42:55,billing
EVID0007082,DSP001181,TXN0073724,invoice,APPLICABLE,1,1,1,0.76,2025-10-24 00:06:17,billing
EVID0007083,DSP001181,TXN0073724,shipping_label,NOT_APPLICABLE,0,0,0,0.0,2025-10-19 02:25:06,logistics
EVID0007084,DSP001181,TXN0073724,tracking_number,NOT_APPLICABLE,0,0,0,0.0,2025-10-18 05:25:56,logistics
EVID0007085,DSP001181,TXN0073724,delivery_confirmation,NOT_APPLICABLE,0,0,0,0.0,2025-10-23 18:27:55,logistics
EVID0007086,DSP001181,TXN0073724,customer_communication,APPLICABLE,1,1,1,0.7,2025-10-21 06:43:30,crm
EVID0007087,DSP001182,TXN0073725,order_confirmation,UNAVAILABLE,0,1,1,0.0,2025-10-23 19:42:59,billing
EVID0007088,DSP001182,TXN0073725,invoice,APPLICABLE,1,0,0,0.7,2025-10-25 18:19:12,billing
EVID0007089,DSP001182,TXN0073725,shipping_label,NOT_APPLICABLE,0,0,0,0.0,2025-10-16 20:09:58,logistics
EVID0007090,DSP001182,TXN0073725,tracking_number,NOT_APPLICABLE,0,0,0,0.0,2025-10-20 14:12:14,logistics
EVID0007091,DSP001182,TXN0073725,delivery_confirmation,NOT_APPLICABLE,0,0,0,0.0,2025-10-17 13:42:09,logistics
EVID0007092,DSP001182,TXN0073725,customer_communication,APPLICABLE,1,0,0,0.86,2025-10-23 23:32:40,crm
EVID0007093,DSP001183,TXN0073955,order_confirmation,APPLICABLE,1,1,1,0.85,2025-10-25 08:57:19,billing
EVID0007094,DSP001183,TXN0073955,invoice,APPLICABLE,1,1,1,0.8,2025-10-26 11:23:30,billing
EVID0007095,DSP001183,TXN0073955,shipping_label,NOT_APPLICABLE,0,0,0,0.0,2025-10-20 16:19:45,logistics
EVID0007096,DSP001183,TXN0073955,tracking_number,NOT_APPLICABLE,0,0,0,0.0,2025-10-30 05:31:37,logistics
EVID0007097,DSP001183,TXN0073955,delivery_confirmation,NOT_APPLICABLE,0,0,0,0.0,2025-11-01 05:13:03,logistics
EVID0007098,DSP001183,TXN0073955,customer_communication,APPLICABLE,1,0,1,0.88,2025-10-31 22:54:07,crm
EVID0007099,DSP001184,TXN0074050,order_confirmation,APPLICABLE,1,1,1,0.84,2025-10-18 01:34:22,billing
EVID0007100,DSP001184,TXN0074050,invoice,APPLICABLE,1,0,1,0.72,2025-10-30 21:47:55,billing
EVID0007101,DSP001184,TXN0074050,shipping_label,NOT_APPLICABLE,0,0,0,0.0,2025-10-29 00:32:27,logistics
EVID0007102,DSP001184,TXN0074050,tracking_number,NOT_APPLICABLE,0,0,0,0.0,2025-10-25 12:15:38,logistics
EVID0007103,DSP001184,TXN0074050,delivery_confirmation,NOT_APPLICABLE,0,0,0,0.0,2025-10-21 08:30:52,logistics
EVID0007104,DSP001184,TXN0074050,customer_communication,APPLICABLE,1,0,1,0.61,2025-10-25 01:07:57,crm
EVID0007105,DSP001185,TXN0074124,order_confirmation,APPLICABLE,1,1,1,0.7,2025-10-25 10:26:29,billing
EVID0007106,DSP001185,TXN0074124,invoice,APPLICABLE,1,1,1,0.67,2025-11-16 11:26:11,billing
EVID0007107,DSP001185,TXN0074124,shipping_label,APPLICABLE,1,0,0,0.85,2025-11-01 00:51:18,logistics
EVID0007108,DSP001185,TXN0074124,tracking_number,APPLICABLE,1,0,1,0.71,2025-10-25 08:37:49,logistics
EVID0007109,DSP001185,TXN0074124,delivery_confirmation,APPLICABLE,1,0,1,0.6,2025-11-19 13:52:06,logistics
EVID0007110,DSP001185,TXN0074124,customer_communication,UNAVAILABLE,0,1,1,0.0,2025-11-21 09:41:39,crm
EVID0007111,DSP001186,TXN0074164,order_confirmation,APPLICABLE,1,1,1,0.76,2025-11-11 18:23:31,billing
EVID0007112,DSP001186,TXN0074164,invoice,APPLICABLE,1,0,0,0.66,2025-11-20 19:21:22,billing
EVID0007113,DSP001186,TXN0074164,shipping_label,NOT_APPLICABLE,0,0,0,0.0,2025-10-24 08:55:30,logistics
EVID0007114,DSP001186,TXN0074164,tracking_number,NOT_APPLICABLE,0,0,0,0.0,2025-10-31 15:40:28,logistics
EVID0007115,DSP001186,TXN0074164,delivery_confirmation,NOT_APPLICABLE,0,0,0,0.0,2025-11-28 12:41:07,logistics
EVID0007116,DSP001186,TXN0074164,customer_communication,UNAVAILABLE,0,0,0,0.0,2025-11-21 16:14:14,crm
EVID0007117,DSP001187,TXN0074168,order_confirmation,UNAVAILABLE,0,1,1,0.0,2025-11-11 10:02:57,billing
EVID0007118,DSP001187,TXN0074168,invoice,APPLICABLE,1,1,1,0.87,2025-11-01 12:55:09,billing
EVID0007119,DSP001187,TXN0074168,shipping_label,NOT_APPLICABLE,0,0,0,0.0,2025-11-05 16:12:00,logistics
EVID0007120,DSP001187,TXN0074168,tracking_number,NOT_APPLICABLE,0,0,0,0.0,2025-10-21 05:49:27,logistics
EVID0007121,DSP001187,TXN0074168,delivery_confirmation,NOT_APPLICABLE,0,0,0,0.0,2025-11-03 13:26:39,logistics
EVID0007122,DSP001187,TXN0074168,customer_communication,APPLICABLE,1,1,1,0.74,2025-10-25 19:12:49,crm
EVID0007123,DSP001188,TXN0074265,order_confirmation,APPLICABLE,1,1,1,0.75,2025-10-19 20:22:02,billing
EVID0007124,DSP001188,TXN0074265,invoice,APPLICABLE,1,0,1,0.67,2025-10-22 22:01:55,billing
EVID0007125,DSP001188,TXN0074265,shipping_label,NOT_APPLICABLE,0,0,0,0.0,2025-10-30 09:44:14,logistics
EVID0007126,DSP001188,TXN0074265,tracking_number,NOT_APPLICABLE,0,0,0,0.0,2025-11-05 05:29:01,logistics
EVID0007127,DSP001188,TXN0074265,delivery_confirmation,NOT_APPLICABLE,0,0,0,0.0,2025-10-28 01:59:23,logistics
EVID0007128,DSP001188,TXN0074265,customer_communication,UNAVAILABLE,0,0,0,0.0,2025-10-25 19:59:04,crm
EVID0007129,DSP001189,TXN0074352,order_confirmation,APPLICABLE,1,1,1,0.76,2025-11-14 07:42:54,billing
EVID0007130,DSP001189,TXN0074352,invoice,APPLICABLE,1,0,0,0.71,2025-11-06 18:21:39,billing
EVID0007131,DSP001189,TXN0074352,shipping_label,APPLICABLE,1,1,1,0.65,2025-11-04 02:25:35,logistics
EVID0007132,DSP001189,TXN0074352,tracking_number,APPLICABLE,1,1,1,0.92,2025-11-08 05:29:26,logistics
EVID0007133,DSP001189,TXN0074352,delivery_confirmation,APPLICABLE,1,1,1,0.7,2025-11-20 15:07:28,logistics
EVID0007134,DSP001189,TXN0074352,customer_communication,UNAVAILABLE,0,0,1,0.0,2025-11-10 16:53:29,crm
EVID0007135,DSP001190,TXN0074380,order_confirmation,APPLICABLE,1,1,1,0.62,2025-11-13 09:11:29,billing
EVID0007136,DSP001190,TXN0074380,invoice,UNAVAILABLE,0,1,1,0.0,2025-11-01 11:58:24,billing
EVID0007137,DSP001190,TXN0074380,shipping_label,APPLICABLE,1,0,0,0.76,2025-11-01 11:11:09,logistics
EVID0007138,DSP001190,TXN0074380,tracking_number,APPLICABLE,1,0,1,0.6,2025-10-28 05:30:24,logistics
EVID0007139,DSP001190,TXN0074380,delivery_confirmation,UNAVAILABLE,0,0,1,0.0,2025-11-14 08:41:09,logistics
EVID0007140,DSP001190,TXN0074380,customer_communication,UNAVAILABLE,0,1,1,0.0,2025-11-06 20:59:10,crm
EVID0007141,DSP001191,TXN0074405,order_confirmation,APPLICABLE,1,1,1,0.82,2025-10-29 07:05:32,billing
EVID0007142,DSP001191,TXN0074405,invoice,UNAVAILABLE,0,0,1,0.0,2025-10-28 13:23:15,billing
EVID0007143,DSP001191,TXN0074405,shipping_label,NOT_APPLICABLE,0,0,0,0.0,2025-10-19 10:39:29,logistics
EVID0007144,DSP001191,TXN0074405,tracking_number,NOT_APPLICABLE,0,0,0,0.0,2025-10-29 02:25:07,logistics
EVID0007145,DSP001191,TXN0074405,delivery_confirmation,NOT_APPLICABLE,0,0,0,0.0,2025-10-30 03:06:30,logistics
EVID0007146,DSP001191,TXN0074405,customer_communication,UNAVAILABLE,0,0,1,0.0,2025-10-27 09:34:33,crm
EVID0007147,DSP001192,TXN0074611,order_confirmation,APPLICABLE,1,1,1,0.6,2025-10-23 09:31:13,billing
EVID0007148,DSP001192,TXN0074611,invoice,APPLICABLE,1,1,1,0.76,2025-11-02 10:22:47,billing
EVID0007149,DSP001192,TXN0074611,shipping_label,NOT_APPLICABLE,0,0,0,0.0,2025-10-22 18:17:47,logistics
EVID0007150,DSP001192,TXN0074611,tracking_number,NOT_APPLICABLE,0,0,0,0.0,2025-10-30 03:34:38,logistics
EVID0007151,DSP001192,TXN0074611,delivery_confirmation,NOT_APPLICABLE,0,0,0,0.0,2025-11-05 07:35:05,logistics
EVID0007152,DSP001192,TXN0074611,customer_communication,APPLICABLE,1,1,1,0.64,2025-10-31 03:12:14,crm
EVID0007153,DSP001193,TXN0074668,order_confirmation,UNAVAILABLE,0,1,1,0.0,2025-10-24 05:57:34,billing
EVID0007154,DSP001193,TXN0074668,invoice,UNAVAILABLE,0,1,1,0.0,2025-10-19 17:18:08,billing
EVID0007155,DSP001193,TXN0074668,shipping_label,NOT_APPLICABLE,0,0,0,0.0,2025-10-28 06:59:38,logistics
EVID0007156,DSP001193,TXN0074668,tracking_number,NOT_APPLICABLE,0,0,0,0.0,2025-10-21 23:22:16,logistics
EVID0007157,DSP001193,TXN0074668,delivery_confirmation,NOT_APPLICABLE,0,0,0,0.0,2025-10-23 01:58:07,logistics
EVID0007158,DSP001193,TXN0074668,customer_communication,APPLICABLE,1,1,1,0.8,2025-10-28 15:20:30,crm
EVID0007159,DSP001194,TXN0074764,order_confirmation,APPLICABLE,1,1,1,0.76,2025-10-28 07:53:32,billing
EVID0007160,DSP001194,TXN0074764,invoice,APPLICABLE,1,0,1,0.83,2025-10-31 04:48:08,billing
EVID0007161,DSP001194,TXN0074764,shipping_label,NOT_APPLICABLE,0,0,0,0.0,2025-10-24 01:23:36,logistics
EVID0007162,DSP001194,TXN0074764,tracking_number,NOT_APPLICABLE,0,0,0,0.0,2025-10-20 23:19:01,logistics
EVID0007163,DSP001194,TXN0074764,delivery_confirmation,NOT_APPLICABLE,0,0,0,0.0,2025-10-22 13:06:33,logistics
EVID0007164,DSP001194,TXN0074764,customer_communication,APPLICABLE,1,1,1,0.88,2025-11-01 05:00:44,crm
EVID0007165,DSP001195,TXN0074863,order_confirmation,APPLICABLE,1,1,1,0.69,2025-11-19 06:34:20,billing
EVID0007166,DSP001195,TXN0074863,invoice,UNAVAILABLE,0,0,0,0.0,2025-11-23 21:55:43,billing
EVID0007167,DSP001195,TXN0074863,shipping_label,APPLICABLE,1,1,1,0.65,2025-11-08 10:47:00,logistics
EVID0007168,DSP001195,TXN0074863,tracking_number,APPLICABLE,1,1,1,0.76,2025-10-31 17:32:35,logistics
EVID0007169,DSP001195,TXN0074863,delivery_confirmation,APPLICABLE,1,1,1,0.78,2025-10-21 11:42:03,logistics
EVID0007170,DSP001195,TXN0074863,customer_communication,UNAVAILABLE,0,0,1,0.0,2025-10-25 14:30:40,crm
EVID0007171,DSP001196,TXN0074868,order_confirmation,APPLICABLE,1,1,1,0.83,2025-10-27 04:40:44,billing
EVID0007172,DSP001196,TXN0074868,invoice,APPLICABLE,1,0,0,0.65,2025-11-05 13:07:45,billing
EVID0007173,DSP001196,TXN0074868,shipping_label,NOT_APPLICABLE,0,0,0,0.0,2025-11-03 07:38:06,logistics
EVID0007174,DSP001196,TXN0074868,tracking_number,NOT_APPLICABLE,0,0,0,0.0,2025-10-24 00:49:49,logistics
EVID0007175,DSP001196,TXN0074868,delivery_confirmation,NOT_APPLICABLE,0,0,0,0.0,2025-11-04 16:37:52,logistics
EVID0007176,DSP001196,TXN0074868,customer_communication,UNAVAILABLE,0,0,1,0.0,2025-11-06 22:27:36,crm
EVID0007177,DSP001197,TXN0074882,order_confirmation,UNAVAILABLE,0,1,1,0.0,2025-10-24 05:17:01,billing
EVID0007178,DSP001197,TXN0074882,invoice,APPLICABLE,1,0,0,0.81,2025-11-11 09:05:53,billing
EVID0007179,DSP001197,TXN0074882,shipping_label,APPLICABLE,1,0,1,0.6,2025-11-07 10:03:32,logistics
EVID0007180,DSP001197,TXN0074882,tracking_number,APPLICABLE,1,0,1,0.91,2025-11-02 05:31:44,logistics
EVID0007181,DSP001197,TXN0074882,delivery_confirmation,APPLICABLE,1,1,1,0.92,2025-11-10 11:28:46,logistics
EVID0007182,DSP001197,TXN0074882,customer_communication,APPLICABLE,1,1,1,0.74,2025-11-06 16:50:29,crm
EVID0007183,DSP001198,TXN0074898,order_confirmation,APPLICABLE,1,1,1,0.82,2025-10-21 09:24:25,billing
EVID0007184,DSP001198,TXN0074898,invoice,APPLICABLE,1,1,1,0.88,2025-10-25 20:21:07,billing
EVID0007185,DSP001198,TXN0074898,shipping_label,NOT_APPLICABLE,0,0,0,0.0,2025-10-27 16:40:51,logistics
EVID0007186,DSP001198,TXN0074898,tracking_number,NOT_APPLICABLE,0,0,0,0.0,2025-10-28 00:39:24,logistics
EVID0007187,DSP001198,TXN0074898,delivery_confirmation,NOT_APPLICABLE,0,0,0,0.0,2025-10-26 02:19:55,logistics
EVID0007188,DSP001198,TXN0074898,customer_communication,APPLICABLE,1,1,1,0.89,2025-10-22 15:22:26,crm
EVID0007189,DSP001199,TXN0074907,order_confirmation,APPLICABLE,1,1,1,0.6,2025-10-23 09:36:59,billing
EVID0007190,DSP001199,TXN0074907,invoice,APPLICABLE,1,1,1,0.94,2025-10-22 20:03:11,billing
EVID0007191,DSP001199,TXN0074907,shipping_label,APPLICABLE,1,0,1,0.77,2025-10-21 14:05:06,logistics
EVID0007192,DSP001199,TXN0074907,tracking_number,APPLICABLE,1,0,1,0.8,2025-10-24 03:15:08,logistics
EVID0007193,DSP001199,TXN0074907,delivery_confirmation,APPLICABLE,1,0,1,0.63,2025-10-24 10:46:18,logistics
EVID0007194,DSP001199,TXN0074907,customer_communication,UNAVAILABLE,0,1,1,0.0,2025-10-20 11:59:29,crm
EVID0007195,DSP001200,TXN0075019,order_confirmation,APPLICABLE,1,1,1,0.75,2025-10-30 22:51:00,billing
EVID0007196,DSP001200,TXN0075019,invoice,UNAVAILABLE,0,1,1,0.0,2025-10-27 16:02:10,billing
EVID0007197,DSP001200,TXN0075019,shipping_label,NOT_APPLICABLE,0,0,0,0.0,2025-11-03 07:06:18,logistics
EVID0007198,DSP001200,TXN0075019,tracking_number,NOT_APPLICABLE,0,0,0,0.0,2025-10-23 11:10:56,logistics
EVID0007199,DSP001200,TXN0075019,delivery_confirmation,NOT_APPLICABLE,0,0,0,0.0,2025-10-22 20:09:20,logistics
EVID0007200,DSP001200,TXN0075019,customer_communication,APPLICABLE,1,1,1,0.65,2025-10-28 07:41:11,crm
EVID0007201,DSP001201,TXN0075022,order_confirmation,APPLICABLE,1,1,1,0.77,2025-11-23 10:40:56,billing
EVID0007202,DSP001201,TXN0075022,invoice,APPLICABLE,1,0,1,0.79,2025-10-21 09:15:54,billing
EVID0007203,DSP001201,TXN0075022,shipping_label,UNAVAILABLE,0,0,0,0.0,2025-11-08 13:03:54,logistics
EVID0007204,DSP001201,TXN0075022,tracking_number,APPLICABLE,1,0,0,0.94,2025-11-16 10:06:57,logistics
EVID0007205,DSP001201,TXN0075022,delivery_confirmation,APPLICABLE,1,1,1,0.87,2025-11-15 11:13:47,logistics
EVID0007206,DSP001201,TXN0075022,customer_communication,APPLICABLE,1,1,1,0.65,2025-11-15 03:51:20,crm
EVID0007207,DSP001202,TXN0075081,order_confirmation,APPLICABLE,1,1,1,0.88,2025-10-27 02:11:58,billing
EVID0007208,DSP001202,TXN0075081,invoice,APPLICABLE,1,1,1,0.64,2025-10-22 01:21:12,billing
EVID0007209,DSP001202,TXN0075081,shipping_label,NOT_APPLICABLE,0,0,0,0.0,2025-10-23 01:38:16,logistics
EVID0007210,DSP001202,TXN0075081,tracking_number,NOT_APPLICABLE,0,0,0,0.0,2025-10-21 23:23:00,logistics
EVID0007211,DSP001202,TXN0075081,delivery_confirmation,NOT_APPLICABLE,0,0,0,0.0,2025-10-22 17:49:55,logistics
EVID0007212,DSP001202,TXN0075081,customer_communication,APPLICABLE,1,1,1,0.77,2025-10-27 19:42:39,crm
EVID0007213,DSP001203,TXN0075220,order_confirmation,APPLICABLE,1,1,1,0.72,2025-10-22 17:46:02,billing
EVID0007214,DSP001203,TXN0075220,invoice,APPLICABLE,1,0,0,0.61,2025-10-21 13:54:52,billing
EVID0007215,DSP001203,TXN0075220,shipping_label,NOT_APPLICABLE,0,0,0,0.0,2025-10-21 01:41:43,logistics
EVID0007216,DSP001203,TXN0075220,tracking_number,NOT_APPLICABLE,0,0,0,0.0,2025-10-21 14:45:17,logistics
EVID0007217,DSP001203,TXN0075220,delivery_confirmation,NOT_APPLICABLE,0,0,0,0.0,2025-10-24 07:44:49,logistics
EVID0007218,DSP001203,TXN0075220,customer_communication,APPLICABLE,1,0,1,0.8,2025-10-22 02:01:44,crm
EVID0007219,DSP001204,TXN0075242,order_confirmation,APPLICABLE,1,1,1,0.83,2025-10-21 07:30:40,billing
EVID0007220,DSP001204,TXN0075242,invoice,UNAVAILABLE,0,1,1,0.0,2025-10-21 21:57:35,billing
EVID0007221,DSP001204,TXN0075242,shipping_label,NOT_APPLICABLE,0,0,0,0.0,2025-10-22 09:38:30,logistics
EVID0007222,DSP001204,TXN0075242,tracking_number,NOT_APPLICABLE,0,0,0,0.0,2025-10-27 00:44:29,logistics
EVID0007223,DSP001204,TXN0075242,delivery_confirmation,NOT_APPLICABLE,0,0,0,0.0,2025-10-24 12:16:56,logistics
EVID0007224,DSP001204,TXN0075242,customer_communication,APPLICABLE,1,1,1,0.87,2025-10-25 07:12:34,crm
EVID0007225,DSP001205,TXN0075249,order_confirmation,APPLICABLE,1,1,1,0.6,2025-10-20 22:06:53,billing
EVID0007226,DSP001205,TXN0075249,invoice,APPLICABLE,1,1,1,0.69,2025-10-26 22:43:54,billing
EVID0007227,DSP001205,TXN0075249,shipping_label,NOT_APPLICABLE,0,0,0,0.0,2025-10-28 05:10:37,logistics
EVID0007228,DSP001205,TXN0075249,tracking_number,NOT_APPLICABLE,0,0,0,0.0,2025-10-22 00:57:31,logistics
EVID0007229,DSP001205,TXN0075249,delivery_confirmation,NOT_APPLICABLE,0,0,0,0.0,2025-11-02 12:39:45,logistics
EVID0007230,DSP001205,TXN0075249,customer_communication,APPLICABLE,1,1,1,0.7,2025-10-28 00:58:51,crm
EVID0007231,DSP001206,TXN0075329,order_confirmation,APPLICABLE,1,1,1,0.86,2025-11-14 04:11:52,billing
EVID0007232,DSP001206,TXN0075329,invoice,APPLICABLE,1,1,1,0.7,2025-11-05 13:23:14,billing
EVID0007233,DSP001206,TXN0075329,shipping_label,UNAVAILABLE,0,0,1,0.0,2025-11-15 17:44:27,logistics
EVID0007234,DSP001206,TXN0075329,tracking_number,APPLICABLE,1,0,0,0.69,2025-11-07 11:02:12,logistics
EVID0007235,DSP001206,TXN0075329,delivery_confirmation,APPLICABLE,1,0,1,0.65,2025-11-19 19:01:56,logistics
EVID0007236,DSP001206,TXN0075329,customer_communication,APPLICABLE,1,1,1,0.75,2025-11-16 11:51:00,crm
EVID0007237,DSP001207,TXN0075423,order_confirmation,UNAVAILABLE,0,1,1,0.0,2025-11-06 15:27:31,billing
EVID0007238,DSP001207,TXN0075423,invoice,APPLICABLE,1,1,1,0.76,2025-10-22 15:31:00,billing
EVID0007239,DSP001207,TXN0075423,shipping_label,APPLICABLE,1,0,0,0.76,2025-10-27 07:34:38,logistics
EVID0007240,DSP001207,TXN0075423,tracking_number,APPLICABLE,1,0,1,0.73,2025-10-22 10:51:19,logistics
EVID0007241,DSP001207,TXN0075423,delivery_confirmation,APPLICABLE,1,0,0,0.6,2025-10-26 03:01:02,logistics
EVID0007242,DSP001207,TXN0075423,customer_communication,APPLICABLE,1,1,1,0.76,2025-10-24 23:59:00,crm
EVID0007243,DSP001208,TXN0075439,order_confirmation,APPLICABLE,1,1,1,0.84,2025-11-05 04:43:03,billing
EVID0007244,DSP001208,TXN0075439,invoice,APPLICABLE,1,0,1,0.79,2025-11-03 23:32:51,billing
EVID0007245,DSP001208,TXN0075439,shipping_label,APPLICABLE,1,0,1,0.89,2025-10-26 19:47:43,logistics
EVID0007246,DSP001208,TXN0075439,tracking_number,APPLICABLE,1,0,1,0.76,2025-11-04 22:40:54,logistics
EVID0007247,DSP001208,TXN0075439,delivery_confirmation,APPLICABLE,1,1,1,0.95,2025-10-30 07:06:49,logistics
EVID0007248,DSP001208,TXN0075439,customer_communication,UNAVAILABLE,0,1,1,0.0,2025-10-28 07:32:15,crm
EVID0007249,DSP001209,TXN0075448,order_confirmation,UNAVAILABLE,0,1,1,0.0,2025-11-17 07:05:29,billing
EVID0007250,DSP001209,TXN0075448,invoice,UNAVAILABLE,0,1,1,0.0,2025-11-02 23:31:47,billing
EVID0007251,DSP001209,TXN0075448,shipping_label,NOT_APPLICABLE,0,0,0,0.0,2025-11-03 06:10:44,logistics
EVID0007252,DSP001209,TXN0075448,tracking_number,NOT_APPLICABLE,0,0,0,0.0,2025-11-09 03:16:48,logistics
EVID0007253,DSP001209,TXN0075448,delivery_confirmation,NOT_APPLICABLE,0,0,0,0.0,2025-11-22 03:30:25,logistics
EVID0007254,DSP001209,TXN0075448,customer_communication,APPLICABLE,1,1,1,0.87,2025-10-29 12:45:08,crm
EVID0007255,DSP001210,TXN0075451,order_confirmation,APPLICABLE,1,1,1,0.7,2025-11-11 06:05:12,billing
EVID0007256,DSP001210,TXN0075451,invoice,APPLICABLE,1,0,1,0.75,2025-10-28 13:25:01,billing
EVID0007257,DSP001210,TXN0075451,shipping_label,APPLICABLE,1,0,1,0.64,2025-11-16 14:53:58,logistics
EVID0007258,DSP001210,TXN0075451,tracking_number,APPLICABLE,1,0,0,0.71,2025-10-31 11:55:36,logistics
EVID0007259,DSP001210,TXN0075451,delivery_confirmation,APPLICABLE,1,1,1,0.64,2025-10-25 00:43:54,logistics
EVID0007260,DSP001210,TXN0075451,customer_communication,UNAVAILABLE,0,1,1,0.0,2025-11-21 04:01:33,crm
EVID0007261,DSP001211,TXN0075474,order_confirmation,UNAVAILABLE,0,1,1,0.0,2025-11-06 08:16:19,billing
EVID0007262,DSP001211,TXN0075474,invoice,APPLICABLE,1,0,1,0.84,2025-10-26 08:24:47,billing
EVID0007263,DSP001211,TXN0075474,shipping_label,UNAVAILABLE,0,1,1,0.0,2025-11-08 00:23:38,logistics
EVID0007264,DSP001211,TXN0075474,tracking_number,APPLICABLE,1,1,1,0.65,2025-10-30 16:59:17,logistics
EVID0007265,DSP001211,TXN0075474,delivery_confirmation,APPLICABLE,1,1,1,0.82,2025-11-04 08:32:42,logistics
EVID0007266,DSP001211,TXN0075474,customer_communication,UNAVAILABLE,0,0,0,0.0,2025-11-06 15:06:54,crm
EVID0007267,DSP001212,TXN0075699,order_confirmation,APPLICABLE,1,1,1,0.8,2025-12-01 07:57:10,billing
EVID0007268,DSP001212,TXN0075699,invoice,APPLICABLE,1,0,1,0.84,2025-10-29 21:35:14,billing
EVID0007269,DSP001212,TXN0075699,shipping_label,UNAVAILABLE,0,1,1,0.0,2025-11-06 19:20:36,logistics
EVID0007270,DSP001212,TXN0075699,tracking_number,APPLICABLE,1,1,1,0.84,2025-11-29 16:35:30,logistics
EVID0007271,DSP001212,TXN0075699,delivery_confirmation,APPLICABLE,1,1,1,0.67,2025-11-12 11:58:09,logistics
EVID0007272,DSP001212,TXN0075699,customer_communication,UNAVAILABLE,0,0,0,0.0,2025-11-09 20:15:22,crm
EVID0007273,DSP001213,TXN0075805,order_confirmation,APPLICABLE,1,1,1,0.91,2025-11-04 19:09:28,billing
EVID0007274,DSP001213,TXN0075805,invoice,APPLICABLE,1,0,0,0.77,2025-10-28 17:38:00,billing
EVID0007275,DSP001213,TXN0075805,shipping_label,APPLICABLE,1,0,0,0.95,2025-11-17 11:38:48,logistics
EVID0007276,DSP001213,TXN0075805,tracking_number,APPLICABLE,1,0,1,0.93,2025-10-28 00:35:13,logistics
EVID0007277,DSP001213,TXN0075805,delivery_confirmation,UNAVAILABLE,0,1,1,0.0,2025-11-24 21:19:57,logistics
EVID0007278,DSP001213,TXN0075805,customer_communication,APPLICABLE,1,1,1,0.64,2025-11-18 07:20:06,crm
EVID0007279,DSP001214,TXN0075808,order_confirmation,APPLICABLE,1,1,1,0.78,2025-10-23 18:27:14,billing
EVID0007280,DSP001214,TXN0075808,invoice,APPLICABLE,1,0,1,0.74,2025-10-27 02:13:01,billing
EVID0007281,DSP001214,TXN0075808,shipping_label,APPLICABLE,1,0,1,0.63,2025-10-26 17:40:56,logistics
EVID0007282,DSP001214,TXN0075808,tracking_number,APPLICABLE,1,0,0,0.71,2025-10-26 00:07:44,logistics
EVID0007283,DSP001214,TXN0075808,delivery_confirmation,APPLICABLE,1,1,1,0.89,2025-10-24 11:09:35,logistics
EVID0007284,DSP001214,TXN0075808,customer_communication,APPLICABLE,1,1,1,0.62,2025-10-25 10:17:50,crm
EVID0007285,DSP001215,TXN0075889,order_confirmation,APPLICABLE,1,1,1,0.68,2025-10-24 04:09:53,billing
EVID0007286,DSP001215,TXN0075889,invoice,APPLICABLE,1,0,0,0.91,2025-10-25 02:56:35,billing
EVID0007287,DSP001215,TXN0075889,shipping_label,NOT_APPLICABLE,0,0,0,0.0,2025-10-23 11:05:34,logistics
EVID0007288,DSP001215,TXN0075889,tracking_number,NOT_APPLICABLE,0,0,0,0.0,2025-10-23 13:47:14,logistics
EVID0007289,DSP001215,TXN0075889,delivery_confirmation,NOT_APPLICABLE,0,0,0,0.0,2025-10-23 21:23:36,logistics
EVID0007290,DSP001215,TXN0075889,customer_communication,APPLICABLE,1,0,1,0.68,2025-10-24 16:26:43,crm
EVID0007291,DSP001216,TXN0075912,order_confirmation,APPLICABLE,1,1,1,0.62,2025-11-08 20:19:19,billing
EVID0007292,DSP001216,TXN0075912,invoice,APPLICABLE,1,1,1,0.69,2025-11-25 21:54:49,billing
EVID0007293,DSP001216,TXN0075912,shipping_label,APPLICABLE,1,0,1,0.72,2025-11-19 16:26:10,logistics
EVID0007294,DSP001216,TXN0075912,tracking_number,APPLICABLE,1,0,0,0.74,2025-11-05 14:22:25,logistics
EVID0007295,DSP001216,TXN0075912,delivery_confirmation,APPLICABLE,1,0,0,0.63,2025-11-18 16:25:01,logistics
EVID0007296,DSP001216,TXN0075912,customer_communication,APPLICABLE,1,1,1,0.81,2025-11-05 01:37:28,crm
EVID0007297,DSP001217,TXN0075975,order_confirmation,APPLICABLE,1,1,1,0.9,2025-10-27 04:15:10,billing
EVID0007298,DSP001217,TXN0075975,invoice,UNAVAILABLE,0,0,0,0.0,2025-10-28 01:05:53,billing
EVID0007299,DSP001217,TXN0075975,shipping_label,APPLICABLE,1,1,1,0.93,2025-10-25 12:15:15,logistics
EVID0007300,DSP001217,TXN0075975,tracking_number,APPLICABLE,1,1,1,0.88,2025-10-27 12:10:07,logistics
EVID0007301,DSP001217,TXN0075975,delivery_confirmation,APPLICABLE,1,1,1,0.65,2025-11-01 07:32:53,logistics
EVID0007302,DSP001217,TXN0075975,customer_communication,APPLICABLE,1,0,1,0.73,2025-10-31 13:03:24,crm
EVID0007303,DSP001218,TXN0075978,order_confirmation,APPLICABLE,1,1,1,0.9,2025-11-11 21:12:50,billing
EVID0007304,DSP001218,TXN0075978,invoice,APPLICABLE,1,0,0,0.77,2025-11-15 11:40:32,billing
EVID0007305,DSP001218,TXN0075978,shipping_label,NOT_APPLICABLE,0,0,0,0.0,2025-11-21 02:10:57,logistics
EVID0007306,DSP001218,TXN0075978,tracking_number,NOT_APPLICABLE,0,0,0,0.0,2025-10-29 12:43:25,logistics
EVID0007307,DSP001218,TXN0075978,delivery_confirmation,NOT_APPLICABLE,0,0,0,0.0,2025-11-04 21:55:09,logistics
EVID0007308,DSP001218,TXN0075978,customer_communication,APPLICABLE,1,0,0,0.74,2025-10-23 19:09:24,crm
EVID0007309,DSP001219,TXN0076024,order_confirmation,APPLICABLE,1,1,1,0.79,2025-10-26 21:49:48,billing
EVID0007310,DSP001219,TXN0076024,invoice,APPLICABLE,1,1,1,0.67,2025-11-01 15:23:10,billing
EVID0007311,DSP001219,TXN0076024,shipping_label,UNAVAILABLE,0,0,1,0.0,2025-10-29 22:28:23,logistics
EVID0007312,DSP001219,TXN0076024,tracking_number,APPLICABLE,1,0,1,0.76,2025-10-24 17:30:53,logistics
EVID0007313,DSP001219,TXN0076024,delivery_confirmation,APPLICABLE,1,0,1,0.62,2025-11-01 10:20:50,logistics
EVID0007314,DSP001219,TXN0076024,customer_communication,APPLICABLE,1,0,1,0.8,2025-10-29 11:50:12,crm
EVID0007315,DSP001220,TXN0076113,order_confirmation,APPLICABLE,1,1,1,0.78,2025-11-14 20:37:03,billing
EVID0007316,DSP001220,TXN0076113,invoice,APPLICABLE,1,1,1,0.8,2025-11-01 12:35:23,billing
EVID0007317,DSP001220,TXN0076113,shipping_label,NOT_APPLICABLE,0,0,0,0.0,2025-11-13 22:40:58,logistics
EVID0007318,DSP001220,TXN0076113,tracking_number,NOT_APPLICABLE,0,0,0,0.0,2025-11-09 19:41:56,logistics
EVID0007319,DSP001220,TXN0076113,delivery_confirmation,NOT_APPLICABLE,0,0,0,0.0,2025-12-01 09:32:28,logistics
EVID0007320,DSP001220,TXN0076113,customer_communication,UNAVAILABLE,0,1,1,0.0,2025-11-15 09:17:33,crm
EVID0007321,DSP001221,TXN0076227,order_confirmation,APPLICABLE,1,1,1,0.87,2025-11-05 12:03:56,billing
EVID0007322,DSP001221,TXN0076227,invoice,APPLICABLE,1,1,1,0.71,2025-11-10 07:20:04,billing
EVID0007323,DSP001221,TXN0076227,shipping_label,NOT_APPLICABLE,0,0,0,0.0,2025-11-12 15:00:00,logistics
EVID0007324,DSP001221,TXN0076227,tracking_number,NOT_APPLICABLE,0,0,0,0.0,2025-10-29 10:03:43,logistics
EVID0007325,DSP001221,TXN0076227,delivery_confirmation,NOT_APPLICABLE,0,0,0,0.0,2025-10-31 06:34:54,logistics
EVID0007326,DSP001221,TXN0076227,customer_communication,UNAVAILABLE,0,1,1,0.0,2025-11-08 07:04:53,crm
EVID0007327,DSP001222,TXN0076245,order_confirmation,APPLICABLE,1,1,1,0.74,2025-10-27 17:19:55,billing
EVID0007328,DSP001222,TXN0076245,invoice,APPLICABLE,1,1,1,0.95,2025-10-25 00:29:46,billing
EVID0007329,DSP001222,TXN0076245,shipping_label,APPLICABLE,1,0,1,0.78,2025-10-31 15:06:13,logistics
EVID0007330,DSP001222,TXN0076245,tracking_number,APPLICABLE,1,0,1,0.75,2025-10-24 21:23:22,logistics
EVID0007331,DSP001222,TXN0076245,delivery_confirmation,UNAVAILABLE,0,0,1,0.0,2025-10-24 20:34:45,logistics
EVID0007332,DSP001222,TXN0076245,customer_communication,UNAVAILABLE,0,1,1,0.0,2025-10-26 20:09:23,crm
EVID0007333,DSP001223,TXN0076305,order_confirmation,UNAVAILABLE,0,1,1,0.0,2025-10-26 08:24:39,billing
EVID0007334,DSP001223,TXN0076305,invoice,APPLICABLE,1,0,0,0.82,2025-10-31 05:39:24,billing
EVID0007335,DSP001223,TXN0076305,shipping_label,NOT_APPLICABLE,0,0,0,0.0,2025-11-06 17:57:29,logistics
EVID0007336,DSP001223,TXN0076305,tracking_number,NOT_APPLICABLE,0,0,0,0.0,2025-11-05 06:14:34,logistics
EVID0007337,DSP001223,TXN0076305,delivery_confirmation,NOT_APPLICABLE,0,0,0,0.0,2025-10-24 13:22:00,logistics
EVID0007338,DSP001223,TXN0076305,customer_communication,UNAVAILABLE,0,1,1,0.0,2025-11-03 14:07:30,crm
EVID0007339,DSP001224,TXN0076342,order_confirmation,UNAVAILABLE,0,1,1,0.0,2025-10-30 15:07:24,billing
EVID0007340,DSP001224,TXN0076342,invoice,APPLICABLE,1,0,0,0.66,2025-11-01 16:40:18,billing
EVID0007341,DSP001224,TXN0076342,shipping_label,NOT_APPLICABLE,0,0,0,0.0,2025-11-01 14:14:25,logistics
EVID0007342,DSP001224,TXN0076342,tracking_number,NOT_APPLICABLE,0,0,0,0.0,2025-11-04 03:47:15,logistics
EVID0007343,DSP001224,TXN0076342,delivery_confirmation,NOT_APPLICABLE,0,0,0,0.0,2025-10-30 20:11:27,logistics
EVID0007344,DSP001224,TXN0076342,customer_communication,APPLICABLE,1,0,0,0.84,2025-11-01 20:23:18,crm
EVID0007345,DSP001225,TXN0076360,order_confirmation,APPLICABLE,1,1,1,0.91,2025-11-02 15:21:16,billing
EVID0007346,DSP001225,TXN0076360,invoice,APPLICABLE,1,1,1,0.85,2025-10-24 18:16:04,billing
EVID0007347,DSP001225,TXN0076360,shipping_label,APPLICABLE,1,0,1,0.81,2025-11-14 00:54:37,logistics
EVID0007348,DSP001225,TXN0076360,tracking_number,UNAVAILABLE,0,0,1,0.0,2025-11-19 08:18:27,logistics
EVID0007349,DSP001225,TXN0076360,delivery_confirmation,APPLICABLE,1,0,1,0.71,2025-11-10 03:47:56,logistics
EVID0007350,DSP001225,TXN0076360,customer_communication,APPLICABLE,1,1,1,0.8,2025-11-05 06:19:06,crm
EVID0007351,DSP001226,TXN0076403,order_confirmation,APPLICABLE,1,1,1,0.93,2025-11-15 06:05:22,billing
EVID0007352,DSP001226,TXN0076403,invoice,APPLICABLE,1,0,0,0.73,2025-11-01 15:43:34,billing
EVID0007353,DSP001226,TXN0076403,shipping_label,NOT_APPLICABLE,0,0,0,0.0,2025-11-26 05:14:50,logistics
EVID0007354,DSP001226,TXN0076403,tracking_number,NOT_APPLICABLE,0,0,0,0.0,2025-11-30 13:09:32,logistics
EVID0007355,DSP001226,TXN0076403,delivery_confirmation,NOT_APPLICABLE,0,0,0,0.0,2025-11-18 21:18:45,logistics
EVID0007356,DSP001226,TXN0076403,customer_communication,APPLICABLE,1,0,1,0.69,2025-11-04 09:35:45,crm
EVID0007357,DSP001227,TXN0076515,order_confirmation,UNAVAILABLE,0,1,1,0.0,2025-10-27 23:46:11,billing
EVID0007358,DSP001227,TXN0076515,invoice,APPLICABLE,1,0,1,0.64,2025-11-06 05:20:56,billing
EVID0007359,DSP001227,TXN0076515,shipping_label,NOT_APPLICABLE,0,0,0,0.0,2025-11-02 07:54:48,logistics
EVID0007360,DSP001227,TXN0076515,tracking_number,NOT_APPLICABLE,0,0,0,0.0,2025-10-25 23:45:40,logistics
EVID0007361,DSP001227,TXN0076515,delivery_confirmation,NOT_APPLICABLE,0,0,0,0.0,2025-11-04 00:21:34,logistics
EVID0007362,DSP001227,TXN0076515,customer_communication,UNAVAILABLE,0,0,0,0.0,2025-11-05 18:45:37,crm
EVID0007363,DSP001228,TXN0076528,order_confirmation,APPLICABLE,1,1,1,0.64,2025-11-01 23:19:29,billing
EVID0007364,DSP001228,TXN0076528,invoice,APPLICABLE,1,0,1,0.78,2025-10-30 19:56:54,billing
EVID0007365,DSP001228,TXN0076528,shipping_label,NOT_APPLICABLE,0,0,0,0.0,2025-11-06 20:30:34,logistics
EVID0007366,DSP001228,TXN0076528,tracking_number,NOT_APPLICABLE,0,0,0,0.0,2025-10-27 15:06:40,logistics
EVID0007367,DSP001228,TXN0076528,delivery_confirmation,NOT_APPLICABLE,0,0,0,0.0,2025-10-31 19:25:28,logistics
EVID0007368,DSP001228,TXN0076528,customer_communication,APPLICABLE,1,0,1,0.77,2025-11-01 00:44:00,crm
EVID0007369,DSP001229,TXN0076565,order_confirmation,APPLICABLE,1,1,1,0.83,2025-11-04 04:01:37,billing
EVID0007370,DSP001229,TXN0076565,invoice,APPLICABLE,1,0,1,0.81,2025-10-24 22:23:25,billing
EVID0007371,DSP001229,TXN0076565,shipping_label,NOT_APPLICABLE,0,0,0,0.0,2025-11-24 11:09:39,logistics
EVID0007372,DSP001229,TXN0076565,tracking_number,NOT_APPLICABLE,0,0,0,0.0,2025-11-21 10:32:10,logistics
EVID0007373,DSP001229,TXN0076565,delivery_confirmation,NOT_APPLICABLE,0,0,0,0.0,2025-11-12 22:23:22,logistics
EVID0007374,DSP001229,TXN0076565,customer_communication,APPLICABLE,1,0,0,0.83,2025-11-04 09:09:00,crm
EVID0007375,DSP001230,TXN0076627,order_confirmation,APPLICABLE,1,1,1,0.93,2025-11-16 16:59:28,billing
EVID0007376,DSP001230,TXN0076627,invoice,APPLICABLE,1,0,1,0.84,2025-12-07 13:19:17,billing
EVID0007377,DSP001230,TXN0076627,shipping_label,NOT_APPLICABLE,0,0,0,0.0,2025-11-24 05:13:12,logistics
EVID0007378,DSP001230,TXN0076627,tracking_number,NOT_APPLICABLE,0,0,0,0.0,2025-12-05 09:53:32,logistics
EVID0007379,DSP001230,TXN0076627,delivery_confirmation,NOT_APPLICABLE,0,0,0,0.0,2025-11-17 22:21:44,logistics
EVID0007380,DSP001230,TXN0076627,customer_communication,APPLICABLE,1,0,1,0.75,2025-10-28 00:28:45,crm
EVID0007381,DSP001231,TXN0076737,order_confirmation,APPLICABLE,1,1,1,0.63,2025-10-27 10:42:59,billing
EVID0007382,DSP001231,TXN0076737,invoice,UNAVAILABLE,0,1,1,0.0,2025-10-27 06:19:05,billing
EVID0007383,DSP001231,TXN0076737,shipping_label,NOT_APPLICABLE,0,0,0,0.0,2025-10-27 14:24:25,logistics
EVID0007384,DSP001231,TXN0076737,tracking_number,NOT_APPLICABLE,0,0,0,0.0,2025-10-26 02:28:28,logistics
EVID0007385,DSP001231,TXN0076737,delivery_confirmation,NOT_APPLICABLE,0,0,0,0.0,2025-10-25 11:37:06,logistics
EVID0007386,DSP001231,TXN0076737,customer_communication,UNAVAILABLE,0,1,1,0.0,2025-10-27 13:47:58,crm
EVID0007387,DSP001232,TXN0076795,order_confirmation,APPLICABLE,1,1,1,0.91,2025-10-30 11:57:11,billing
EVID0007388,DSP001232,TXN0076795,invoice,APPLICABLE,1,1,1,0.65,2025-11-15 11:48:32,billing
EVID0007389,DSP001232,TXN0076795,shipping_label,NOT_APPLICABLE,0,0,0,0.0,2025-11-18 11:09:41,logistics
EVID0007390,DSP001232,TXN0076795,tracking_number,NOT_APPLICABLE,0,0,0,0.0,2025-11-04 04:02:31,logistics
EVID0007391,DSP001232,TXN0076795,delivery_confirmation,NOT_APPLICABLE,0,0,0,0.0,2025-10-29 16:37:11,logistics
EVID0007392,DSP001232,TXN0076795,customer_communication,APPLICABLE,1,0,0,0.62,2025-11-20 06:19:41,crm
EVID0007393,DSP001233,TXN0076844,order_confirmation,APPLICABLE,1,1,1,0.63,2025-10-31 16:33:13,billing
EVID0007394,DSP001233,TXN0076844,invoice,APPLICABLE,1,1,1,0.6,2025-11-18 08:08:34,billing
EVID0007395,DSP001233,TXN0076844,shipping_label,NOT_APPLICABLE,0,0,0,0.0,2025-10-26 00:19:04,logistics
EVID0007396,DSP001233,TXN0076844,tracking_number,NOT_APPLICABLE,0,0,0,0.0,2025-11-02 05:35:21,logistics
EVID0007397,DSP001233,TXN0076844,delivery_confirmation,NOT_APPLICABLE,0,0,0,0.0,2025-11-26 13:18:00,logistics
EVID0007398,DSP001233,TXN0076844,customer_communication,APPLICABLE,1,1,1,0.62,2025-11-06 19:41:41,crm
EVID0007399,DSP001234,TXN0076858,order_confirmation,APPLICABLE,1,1,1,0.84,2025-11-09 05:17:38,billing
EVID0007400,DSP001234,TXN0076858,invoice,APPLICABLE,1,1,1,0.93,2025-11-12 09:16:11,billing
EVID0007401,DSP001234,TXN0076858,shipping_label,NOT_APPLICABLE,0,0,0,0.0,2025-11-15 11:39:20,logistics
EVID0007402,DSP001234,TXN0076858,tracking_number,NOT_APPLICABLE,0,0,0,0.0,2025-11-03 12:51:32,logistics
EVID0007403,DSP001234,TXN0076858,delivery_confirmation,NOT_APPLICABLE,0,0,0,0.0,2025-11-20 17:35:05,logistics
EVID0007404,DSP001234,TXN0076858,customer_communication,APPLICABLE,1,1,1,0.85,2025-11-07 18:34:14,crm
EVID0007405,DSP001235,TXN0077017,order_confirmation,APPLICABLE,1,1,1,0.6,2025-11-03 01:41:40,billing
EVID0007406,DSP001235,TXN0077017,invoice,APPLICABLE,1,0,1,0.71,2025-11-02 00:06:33,billing
EVID0007407,DSP001235,TXN0077017,shipping_label,NOT_APPLICABLE,0,0,0,0.0,2025-11-12 09:16:41,logistics
EVID0007408,DSP001235,TXN0077017,tracking_number,NOT_APPLICABLE,0,0,0,0.0,2025-11-16 06:44:38,logistics
EVID0007409,DSP001235,TXN0077017,delivery_confirmation,NOT_APPLICABLE,0,0,0,0.0,2025-10-26 11:54:47,logistics
EVID0007410,DSP001235,TXN0077017,customer_communication,APPLICABLE,1,0,0,0.8,2025-11-12 15:41:06,crm
EVID0007411,DSP001236,TXN0077123,order_confirmation,APPLICABLE,1,1,1,0.71,2025-11-02 08:37:21,billing
EVID0007412,DSP001236,TXN0077123,invoice,APPLICABLE,1,0,1,0.66,2025-10-27 10:06:26,billing
EVID0007413,DSP001236,TXN0077123,shipping_label,NOT_APPLICABLE,0,0,0,0.0,2025-10-29 16:31:50,logistics
EVID0007414,DSP001236,TXN0077123,tracking_number,NOT_APPLICABLE,0,0,0,0.0,2025-11-05 00:29:45,logistics
EVID0007415,DSP001236,TXN0077123,delivery_confirmation,NOT_APPLICABLE,0,0,0,0.0,2025-11-05 15:56:20,logistics
EVID0007416,DSP001236,TXN0077123,customer_communication,APPLICABLE,1,1,1,0.79,2025-11-03 11:36:08,crm
EVID0007417,DSP001237,TXN0077192,order_confirmation,APPLICABLE,1,1,1,0.8,2025-10-27 18:11:32,billing
EVID0007418,DSP001237,TXN0077192,invoice,APPLICABLE,1,0,0,0.7,2025-10-29 11:00:51,billing
EVID0007419,DSP001237,TXN0077192,shipping_label,APPLICABLE,1,0,0,0.8,2025-10-30 14:05:41,logistics
EVID0007420,DSP001237,TXN0077192,tracking_number,APPLICABLE,1,0,1,0.67,2025-10-28 03:55:18,logistics
EVID0007421,DSP001237,TXN0077192,delivery_confirmation,APPLICABLE,1,1,1,0.67,2025-10-27 06:30:44,logistics
EVID0007422,DSP001237,TXN0077192,customer_communication,UNAVAILABLE,0,1,1,0.0,2025-10-29 02:32:18,crm
EVID0007423,DSP001238,TXN0077277,order_confirmation,APPLICABLE,1,1,1,0.61,2025-11-28 18:54:28,billing
EVID0007424,DSP001238,TXN0077277,invoice,APPLICABLE,1,1,1,0.79,2025-11-30 08:52:17,billing
EVID0007425,DSP001238,TXN0077277,shipping_label,APPLICABLE,1,0,1,0.82,2025-11-01 21:05:54,logistics
EVID0007426,DSP001238,TXN0077277,tracking_number,APPLICABLE,1,0,1,0.93,2025-11-11 11:08:55,logistics
EVID0007427,DSP001238,TXN0077277,delivery_confirmation,APPLICABLE,1,0,0,0.6,2025-11-15 02:30:59,logistics
EVID0007428,DSP001238,TXN0077277,customer_communication,APPLICABLE,1,1,1,0.66,2025-11-20 01:20:05,crm
EVID0007429,DSP001239,TXN0077300,order_confirmation,APPLICABLE,1,1,1,0.83,2025-11-05 08:15:23,billing
EVID0007430,DSP001239,TXN0077300,invoice,APPLICABLE,1,1,1,0.8,2025-10-26 23:31:23,billing
EVID0007431,DSP001239,TXN0077300,shipping_label,APPLICABLE,1,0,1,0.63,2025-10-28 06:05:54,logistics
EVID0007432,DSP001239,TXN0077300,tracking_number,APPLICABLE,1,0,0,0.95,2025-10-28 14:40:01,logistics
EVID0007433,DSP001239,TXN0077300,delivery_confirmation,APPLICABLE,1,0,0,0.69,2025-10-30 21:35:40,logistics
EVID0007434,DSP001239,TXN0077300,customer_communication,APPLICABLE,1,1,1,0.93,2025-11-01 18:59:52,crm
EVID0007435,DSP001240,TXN0077351,order_confirmation,UNAVAILABLE,0,1,1,0.0,2025-10-27 02:26:31,billing
EVID0007436,DSP001240,TXN0077351,invoice,APPLICABLE,1,1,1,0.84,2025-10-28 20:41:28,billing
EVID0007437,DSP001240,TXN0077351,shipping_label,APPLICABLE,1,0,1,0.86,2025-10-29 09:26:16,logistics
EVID0007438,DSP001240,TXN0077351,tracking_number,APPLICABLE,1,0,1,0.87,2025-10-30 09:49:13,logistics
EVID0007439,DSP001240,TXN0077351,delivery_confirmation,APPLICABLE,1,0,0,0.93,2025-10-26 20:01:57,logistics
EVID0007440,DSP001240,TXN0077351,customer_communication,APPLICABLE,1,1,1,0.95,2025-10-29 10:07:01,crm
EVID0007441,DSP001241,TXN0077360,order_confirmation,APPLICABLE,1,1,1,0.87,2025-10-28 19:26:04,billing
EVID0007442,DSP001241,TXN0077360,invoice,APPLICABLE,1,0,1,0.66,2025-11-14 06:33:51,billing
EVID0007443,DSP001241,TXN0077360,shipping_label,APPLICABLE,1,1,1,0.82,2025-11-06 05:11:26,logistics
EVID0007444,DSP001241,TXN0077360,tracking_number,APPLICABLE,1,1,1,0.61,2025-11-01 19:37:52,logistics
EVID0007445,DSP001241,TXN0077360,delivery_confirmation,APPLICABLE,1,1,1,0.64,2025-11-10 19:05:37,logistics
EVID0007446,DSP001241,TXN0077360,customer_communication,APPLICABLE,1,0,1,0.8,2025-10-30 12:08:35,crm
EVID0007447,DSP001242,TXN0077387,order_confirmation,APPLICABLE,1,1,1,0.79,2025-10-29 15:05:33,billing
EVID0007448,DSP001242,TXN0077387,invoice,UNAVAILABLE,0,1,1,0.0,2025-11-02 05:36:22,billing
EVID0007449,DSP001242,TXN0077387,shipping_label,NOT_APPLICABLE,0,0,0,0.0,2025-11-01 20:10:58,logistics
EVID0007450,DSP001242,TXN0077387,tracking_number,NOT_APPLICABLE,0,0,0,0.0,2025-11-06 06:05:30,logistics
EVID0007451,DSP001242,TXN0077387,delivery_confirmation,NOT_APPLICABLE,0,0,0,0.0,2025-10-31 15:40:20,logistics
EVID0007452,DSP001242,TXN0077387,customer_communication,UNAVAILABLE,0,1,1,0.0,2025-11-07 08:09:04,crm
EVID0007453,DSP001243,TXN0077404,order_confirmation,APPLICABLE,1,1,1,0.68,2025-11-05 01:02:24,billing
EVID0007454,DSP001243,TXN0077404,invoice,APPLICABLE,1,1,1,0.73,2025-11-24 14:01:05,billing
EVID0007455,DSP001243,TXN0077404,shipping_label,UNAVAILABLE,0,0,1,0.0,2025-11-26 09:57:19,logistics
EVID0007456,DSP001243,TXN0077404,tracking_number,APPLICABLE,1,0,1,0.87,2025-11-26 16:26:39,logistics
EVID0007457,DSP001243,TXN0077404,delivery_confirmation,UNAVAILABLE,0,0,0,0.0,2025-11-03 02:30:11,logistics
EVID0007458,DSP001243,TXN0077404,customer_communication,APPLICABLE,1,1,1,0.78,2025-11-07 00:28:36,crm
EVID0007459,DSP001244,TXN0077406,order_confirmation,APPLICABLE,1,1,1,0.92,2025-10-30 05:04:55,billing
EVID0007460,DSP001244,TXN0077406,invoice,APPLICABLE,1,0,0,0.81,2025-10-29 05:17:23,billing
EVID0007461,DSP001244,TXN0077406,shipping_label,APPLICABLE,1,1,1,0.87,2025-11-07 03:56:01,logistics
EVID0007462,DSP001244,TXN0077406,tracking_number,APPLICABLE,1,1,1,0.84,2025-10-28 15:54:02,logistics
EVID0007463,DSP001244,TXN0077406,delivery_confirmation,APPLICABLE,1,1,1,0.74,2025-11-01 01:29:02,logistics
EVID0007464,DSP001244,TXN0077406,customer_communication,UNAVAILABLE,0,0,1,0.0,2025-10-27 02:27:30,crm
EVID0007465,DSP001245,TXN0077414,order_confirmation,APPLICABLE,1,1,1,0.84,2025-10-31 20:52:55,billing
EVID0007466,DSP001245,TXN0077414,invoice,APPLICABLE,1,1,1,0.62,2025-11-02 07:09:25,billing
EVID0007467,DSP001245,TXN0077414,shipping_label,NOT_APPLICABLE,0,0,0,0.0,2025-10-30 15:30:24,logistics
EVID0007468,DSP001245,TXN0077414,tracking_number,NOT_APPLICABLE,0,0,0,0.0,2025-11-03 14:42:46,logistics
EVID0007469,DSP001245,TXN0077414,delivery_confirmation,NOT_APPLICABLE,0,0,0,0.0,2025-10-29 17:39:22,logistics
EVID0007470,DSP001245,TXN0077414,customer_communication,APPLICABLE,1,1,1,0.87,2025-10-29 14:50:41,crm
EVID0007471,DSP001246,TXN0077430,order_confirmation,UNAVAILABLE,0,1,1,0.0,2025-11-20 17:34:30,billing
EVID0007472,DSP001246,TXN0077430,invoice,APPLICABLE,1,1,1,0.85,2025-11-16 17:07:00,billing
EVID0007473,DSP001246,TXN0077430,shipping_label,APPLICABLE,1,0,1,0.68,2025-10-29 11:43:25,logistics
EVID0007474,DSP001246,TXN0077430,tracking_number,UNAVAILABLE,0,0,1,0.0,2025-11-10 18:03:51,logistics
EVID0007475,DSP001246,TXN0077430,delivery_confirmation,APPLICABLE,1,0,1,0.66,2025-11-01 07:45:50,logistics
EVID0007476,DSP001246,TXN0077430,customer_communication,APPLICABLE,1,1,1,0.6,2025-11-09 01:14:06,crm
EVID0007477,DSP001247,TXN0077442,order_confirmation,APPLICABLE,1,1,1,0.75,2025-11-16 09:16:02,billing
EVID0007478,DSP001247,TXN0077442,invoice,APPLICABLE,1,1,1,0.86,2025-11-08 01:54:53,billing
EVID0007479,DSP001247,TXN0077442,shipping_label,NOT_APPLICABLE,0,0,0,0.0,2025-11-11 14:49:01,logistics
EVID0007480,DSP001247,TXN0077442,tracking_number,NOT_APPLICABLE,0,0,0,0.0,2025-10-29 09:34:57,logistics
EVID0007481,DSP001247,TXN0077442,delivery_confirmation,NOT_APPLICABLE,0,0,0,0.0,2025-11-04 21:55:53,logistics
EVID0007482,DSP001247,TXN0077442,customer_communication,APPLICABLE,1,1,1,0.66,2025-10-29 01:48:53,crm
EVID0007483,DSP001248,TXN0077487,order_confirmation,APPLICABLE,1,1,1,0.71,2025-10-31 05:57:41,billing
EVID0007484,DSP001248,TXN0077487,invoice,APPLICABLE,1,1,1,0.6,2025-10-29 22:01:12,billing
EVID0007485,DSP001248,TXN0077487,shipping_label,NOT_APPLICABLE,0,0,0,0.0,2025-10-30 19:22:54,logistics
EVID0007486,DSP001248,TXN0077487,tracking_number,NOT_APPLICABLE,0,0,0,0.0,2025-11-02 01:46:26,logistics
EVID0007487,DSP001248,TXN0077487,delivery_confirmation,NOT_APPLICABLE,0,0,0,0.0,2025-10-30 17:52:46,logistics
EVID0007488,DSP001248,TXN0077487,customer_communication,APPLICABLE,1,1,1,0.6,2025-10-28 13:37:34,crm
EVID0007489,DSP001249,TXN0077645,order_confirmation,APPLICABLE,1,1,1,0.9,2025-11-20 14:31:41,billing
EVID0007490,DSP001249,TXN0077645,invoice,UNAVAILABLE,0,1,1,0.0,2025-11-14 09:44:27,billing
EVID0007491,DSP001249,TXN0077645,shipping_label,UNAVAILABLE,0,0,1,0.0,2025-11-12 23:36:17,logistics
EVID0007492,DSP001249,TXN0077645,tracking_number,APPLICABLE,1,0,1,0.69,2025-11-11 12:44:21,logistics
EVID0007493,DSP001249,TXN0077645,delivery_confirmation,APPLICABLE,1,0,1,0.71,2025-11-02 04:04:41,logistics
EVID0007494,DSP001249,TXN0077645,customer_communication,APPLICABLE,1,1,1,0.8,2025-11-01 11:01:11,crm
EVID0007495,DSP001250,TXN0077678,order_confirmation,UNAVAILABLE,0,1,1,0.0,2025-11-14 07:41:10,billing
EVID0007496,DSP001250,TXN0077678,invoice,APPLICABLE,1,1,1,0.68,2025-12-02 19:15:40,billing
EVID0007497,DSP001250,TXN0077678,shipping_label,NOT_APPLICABLE,0,0,0,0.0,2025-11-14 08:38:14,logistics
EVID0007498,DSP001250,TXN0077678,tracking_number,NOT_APPLICABLE,0,0,0,0.0,2025-12-02 21:10:18,logistics
EVID0007499,DSP001250,TXN0077678,delivery_confirmation,NOT_APPLICABLE,0,0,0,0.0,2025-12-04 14:58:14,logistics
EVID0007500,DSP001250,TXN0077678,customer_communication,UNAVAILABLE,0,0,1,0.0,2025-11-25 09:43:28,crm
EVID0007501,DSP001251,TXN0077698,order_confirmation,APPLICABLE,1,1,1,0.82,2025-11-08 10:04:52,billing
EVID0007502,DSP001251,TXN0077698,invoice,APPLICABLE,1,1,1,0.8,2025-11-28 10:05:29,billing
EVID0007503,DSP001251,TXN0077698,shipping_label,APPLICABLE,1,0,0,0.64,2025-11-10 05:59:55,logistics
EVID0007504,DSP001251,TXN0077698,tracking_number,APPLICABLE,1,0,0,0.6,2025-11-07 01:12:13,logistics
EVID0007505,DSP001251,TXN0077698,delivery_confirmation,APPLICABLE,1,0,0,0.77,2025-11-25 05:17:15,logistics
EVID0007506,DSP001251,TXN0077698,customer_communication,APPLICABLE,1,1,1,0.8,2025-11-15 11:56:49,crm
EVID0007507,DSP001252,TXN0077731,order_confirmation,UNAVAILABLE,0,1,1,0.0,2025-11-05 23:14:24,billing
EVID0007508,DSP001252,TXN0077731,invoice,APPLICABLE,1,0,0,0.71,2025-11-04 06:14:34,billing
EVID0007509,DSP001252,TXN0077731,shipping_label,NOT_APPLICABLE,0,0,0,0.0,2025-10-29 10:00:05,logistics
EVID0007510,DSP001252,TXN0077731,tracking_number,NOT_APPLICABLE,0,0,0,0.0,2025-10-28 10:53:57,logistics
EVID0007511,DSP001252,TXN0077731,delivery_confirmation,NOT_APPLICABLE,0,0,0,0.0,2025-11-04 01:47:39,logistics
EVID0007512,DSP001252,TXN0077731,customer_communication,UNAVAILABLE,0,0,0,0.0,2025-11-04 21:32:26,crm
EVID0007513,DSP001253,TXN0077797,order_confirmation,APPLICABLE,1,1,1,0.79,2025-10-30 17:36:19,billing
EVID0007514,DSP001253,TXN0077797,invoice,APPLICABLE,1,0,1,0.6,2025-10-30 03:45:55,billing
EVID0007515,DSP001253,TXN0077797,shipping_label,APPLICABLE,1,0,1,0.63,2025-11-10 14:33:01,logistics
EVID0007516,DSP001253,TXN0077797,tracking_number,APPLICABLE,1,0,1,0.71,2025-11-12 08:44:40,logistics
EVID0007517,DSP001253,TXN0077797,delivery_confirmation,APPLICABLE,1,1,1,0.8,2025-11-05 15:53:51,logistics
EVID0007518,DSP001253,TXN0077797,customer_communication,APPLICABLE,1,1,1,0.78,2025-11-04 15:46:03,crm
EVID0007519,DSP001254,TXN0078019,order_confirmation,APPLICABLE,1,1,1,0.85,2025-11-05 06:43:23,billing
EVID0007520,DSP001254,TXN0078019,invoice,APPLICABLE,1,1,1,0.6,2025-10-30 22:43:32,billing
EVID0007521,DSP001254,TXN0078019,shipping_label,APPLICABLE,1,0,0,0.94,2025-11-04 00:37:01,logistics
EVID0007522,DSP001254,TXN0078019,tracking_number,APPLICABLE,1,0,1,0.61,2025-11-07 03:02:11,logistics
EVID0007523,DSP001254,TXN0078019,delivery_confirmation,UNAVAILABLE,0,0,0,0.0,2025-11-18 02:56:05,logistics
EVID0007524,DSP001254,TXN0078019,customer_communication,APPLICABLE,1,1,1,0.7,2025-11-24 13:03:21,crm
EVID0007525,DSP001255,TXN0078045,order_confirmation,APPLICABLE,1,1,1,0.85,2025-11-06 19:34:30,billing
EVID0007526,DSP001255,TXN0078045,invoice,APPLICABLE,1,1,1,0.86,2025-11-08 19:37:03,billing
EVID0007527,DSP001255,TXN0078045,shipping_label,APPLICABLE,1,0,0,0.8,2025-11-13 05:16:49,logistics
EVID0007528,DSP001255,TXN0078045,tracking_number,APPLICABLE,1,0,0,0.65,2025-11-15 08:13:49,logistics
EVID0007529,DSP001255,TXN0078045,delivery_confirmation,UNAVAILABLE,0,0,0,0.0,2025-10-31 18:45:54,logistics
EVID0007530,DSP001255,TXN0078045,customer_communication,UNAVAILABLE,0,1,1,0.0,2025-11-08 12:25:10,crm
EVID0007531,DSP001256,TXN0078065,order_confirmation,UNAVAILABLE,0,1,1,0.0,2025-11-22 13:36:16,billing
EVID0007532,DSP001256,TXN0078065,invoice,UNAVAILABLE,0,1,1,0.0,2025-10-30 04:02:24,billing
EVID0007533,DSP001256,TXN0078065,shipping_label,NOT_APPLICABLE,0,0,0,0.0,2025-11-06 05:02:51,logistics
EVID0007534,DSP001256,TXN0078065,tracking_number,NOT_APPLICABLE,0,0,0,0.0,2025-11-27 04:37:07,logistics
EVID0007535,DSP001256,TXN0078065,delivery_confirmation,NOT_APPLICABLE,0,0,0,0.0,2025-11-11 09:57:37,logistics
EVID0007536,DSP001256,TXN0078065,customer_communication,UNAVAILABLE,0,1,1,0.0,2025-11-04 08:46:24,crm
EVID0007537,DSP001257,TXN0078080,order_confirmation,APPLICABLE,1,1,1,0.93,2025-11-03 01:29:50,billing
EVID0007538,DSP001257,TXN0078080,invoice,APPLICABLE,1,1,1,0.77,2025-11-02 10:50:53,billing
EVID0007539,DSP001257,TXN0078080,shipping_label,NOT_APPLICABLE,0,0,0,0.0,2025-10-30 09:30:15,logistics
EVID0007540,DSP001257,TXN0078080,tracking_number,NOT_APPLICABLE,0,0,0,0.0,2025-11-02 17:40:49,logistics
EVID0007541,DSP001257,TXN0078080,delivery_confirmation,NOT_APPLICABLE,0,0,0,0.0,2025-11-03 04:25:51,logistics
EVID0007542,DSP001257,TXN0078080,customer_communication,APPLICABLE,1,1,1,0.89,2025-10-31 15:41:42,crm
EVID0007543,DSP001258,TXN0078105,order_confirmation,UNAVAILABLE,0,1,1,0.0,2025-11-06 08:52:13,billing
EVID0007544,DSP001258,TXN0078105,invoice,APPLICABLE,1,0,0,0.6,2025-11-19 14:02:15,billing
EVID0007545,DSP001258,TXN0078105,shipping_label,NOT_APPLICABLE,0,0,0,0.0,2025-12-04 18:41:20,logistics
EVID0007546,DSP001258,TXN0078105,tracking_number,NOT_APPLICABLE,0,0,0,0.0,2025-11-23 01:22:48,logistics
EVID0007547,DSP001258,TXN0078105,delivery_confirmation,NOT_APPLICABLE,0,0,0,0.0,2025-11-16 23:35:43,logistics
EVID0007548,DSP001258,TXN0078105,customer_communication,APPLICABLE,1,1,1,0.81,2025-11-25 15:23:10,crm
EVID0007549,DSP001259,TXN0078123,order_confirmation,UNAVAILABLE,0,1,1,0.0,2025-11-08 09:49:24,billing
EVID0007550,DSP001259,TXN0078123,invoice,APPLICABLE,1,1,1,0.74,2025-11-07 07:11:30,billing
EVID0007551,DSP001259,TXN0078123,shipping_label,NOT_APPLICABLE,0,0,0,0.0,2025-10-29 12:56:01,logistics
EVID0007552,DSP001259,TXN0078123,tracking_number,NOT_APPLICABLE,0,0,0,0.0,2025-11-06 03:09:21,logistics
EVID0007553,DSP001259,TXN0078123,delivery_confirmation,NOT_APPLICABLE,0,0,0,0.0,2025-11-26 03:02:53,logistics
EVID0007554,DSP001259,TXN0078123,customer_communication,APPLICABLE,1,1,1,0.74,2025-11-08 22:30:11,crm
EVID0007555,DSP001260,TXN0078140,order_confirmation,UNAVAILABLE,0,1,1,0.0,2025-11-01 10:45:51,billing
EVID0007556,DSP001260,TXN0078140,invoice,APPLICABLE,1,1,1,0.65,2025-11-01 13:51:35,billing
EVID0007557,DSP001260,TXN0078140,shipping_label,APPLICABLE,1,0,0,0.74,2025-10-30 23:05:09,logistics
EVID0007558,DSP001260,TXN0078140,tracking_number,APPLICABLE,1,0,1,0.87,2025-10-31 05:34:40,logistics
EVID0007559,DSP001260,TXN0078140,delivery_confirmation,UNAVAILABLE,0,0,1,0.0,2025-10-30 17:28:45,logistics
EVID0007560,DSP001260,TXN0078140,customer_communication,APPLICABLE,1,1,1,0.81,2025-10-31 04:33:05,crm
EVID0007561,DSP001261,TXN0078145,order_confirmation,APPLICABLE,1,1,1,0.62,2025-11-09 06:28:07,billing
EVID0007562,DSP001261,TXN0078145,invoice,UNAVAILABLE,0,1,1,0.0,2025-10-31 14:42:51,billing
EVID0007563,DSP001261,TXN0078145,shipping_label,NOT_APPLICABLE,0,0,0,0.0,2025-11-24 07:13:16,logistics
EVID0007564,DSP001261,TXN0078145,tracking_number,NOT_APPLICABLE,0,0,0,0.0,2025-11-09 23:06:52,logistics
EVID0007565,DSP001261,TXN0078145,delivery_confirmation,NOT_APPLICABLE,0,0,0,0.0,2025-11-12 13:35:38,logistics
EVID0007566,DSP001261,TXN0078145,customer_communication,APPLICABLE,1,1,1,0.86,2025-10-31 07:06:57,crm
EVID0007567,DSP001262,TXN0078147,order_confirmation,APPLICABLE,1,1,1,0.71,2025-11-17 14:16:56,billing
EVID0007568,DSP001262,TXN0078147,invoice,UNAVAILABLE,0,0,1,0.0,2025-10-30 15:43:28,billing
EVID0007569,DSP001262,TXN0078147,shipping_label,NOT_APPLICABLE,0,0,0,0.0,2025-11-13 23:56:40,logistics
EVID0007570,DSP001262,TXN0078147,tracking_number,NOT_APPLICABLE,0,0,0,0.0,2025-11-04 10:46:10,logistics
EVID0007571,DSP001262,TXN0078147,delivery_confirmation,NOT_APPLICABLE,0,0,0,0.0,2025-11-18 09:22:59,logistics
EVID0007572,DSP001262,TXN0078147,customer_communication,APPLICABLE,1,0,1,0.73,2025-11-03 12:01:47,crm
EVID0007573,DSP001263,TXN0078180,order_confirmation,UNAVAILABLE,0,1,1,0.0,2025-11-02 16:46:28,billing
EVID0007574,DSP001263,TXN0078180,invoice,APPLICABLE,1,0,1,0.63,2025-11-06 03:51:04,billing
EVID0007575,DSP001263,TXN0078180,shipping_label,NOT_APPLICABLE,0,0,0,0.0,2025-11-05 19:50:03,logistics
EVID0007576,DSP001263,TXN0078180,tracking_number,NOT_APPLICABLE,0,0,0,0.0,2025-11-02 23:04:48,logistics
EVID0007577,DSP001263,TXN0078180,delivery_confirmation,NOT_APPLICABLE,0,0,0,0.0,2025-11-02 10:06:15,logistics
EVID0007578,DSP001263,TXN0078180,customer_communication,APPLICABLE,1,1,1,0.63,2025-10-30 11:48:57,crm
EVID0007579,DSP001264,TXN0078195,order_confirmation,APPLICABLE,1,1,1,0.8,2025-11-08 10:28:22,billing
EVID0007580,DSP001264,TXN0078195,invoice,APPLICABLE,1,1,1,0.62,2025-11-13 08:48:35,billing
EVID0007581,DSP001264,TXN0078195,shipping_label,APPLICABLE,1,0,1,0.89,2025-11-05 16:23:05,logistics
EVID0007582,DSP001264,TXN0078195,tracking_number,APPLICABLE,1,0,1,0.78,2025-11-06 09:42:34,logistics
EVID0007583,DSP001264,TXN0078195,delivery_confirmation,APPLICABLE,1,0,1,0.69,2025-10-30 21:57:15,logistics
EVID0007584,DSP001264,TXN0078195,customer_communication,APPLICABLE,1,1,1,0.66,2025-11-13 17:14:28,crm
EVID0007585,DSP001265,TXN0078210,order_confirmation,APPLICABLE,1,1,1,0.71,2025-11-12 03:15:45,billing
EVID0007586,DSP001265,TXN0078210,invoice,APPLICABLE,1,1,1,0.79,2025-11-07 03:18:42,billing
EVID0007587,DSP001265,TXN0078210,shipping_label,APPLICABLE,1,0,0,0.81,2025-11-10 23:38:49,logistics
EVID0007588,DSP001265,TXN0078210,tracking_number,APPLICABLE,1,0,1,0.71,2025-10-30 07:37:13,logistics
EVID0007589,DSP001265,TXN0078210,delivery_confirmation,APPLICABLE,1,0,1,0.76,2025-11-03 17:24:54,logistics
EVID0007590,DSP001265,TXN0078210,customer_communication,APPLICABLE,1,1,1,0.92,2025-11-17 02:26:25,crm
EVID0007591,DSP001266,TXN0078259,order_confirmation,UNAVAILABLE,0,1,1,0.0,2025-11-29 11:31:30,billing
EVID0007592,DSP001266,TXN0078259,invoice,APPLICABLE,1,0,1,0.76,2025-11-28 00:36:52,billing
EVID0007593,DSP001266,TXN0078259,shipping_label,APPLICABLE,1,1,1,0.91,2025-11-25 10:19:28,logistics
EVID0007594,DSP001266,TXN0078259,tracking_number,APPLICABLE,1,1,1,0.67,2025-11-08 16:41:53,logistics
EVID0007595,DSP001266,TXN0078259,delivery_confirmation,UNAVAILABLE,0,1,1,0.0,2025-12-08 08:12:04,logistics
EVID0007596,DSP001266,TXN0078259,customer_communication,UNAVAILABLE,0,0,0,0.0,2025-11-20 03:41:17,crm
EVID0007597,DSP001267,TXN0078269,order_confirmation,UNAVAILABLE,0,1,1,0.0,2025-11-03 15:58:19,billing
EVID0007598,DSP001267,TXN0078269,invoice,UNAVAILABLE,0,1,1,0.0,2025-11-12 20:01:28,billing
EVID0007599,DSP001267,TXN0078269,shipping_label,NOT_APPLICABLE,0,0,0,0.0,2025-11-14 00:03:58,logistics
EVID0007600,DSP001267,TXN0078269,tracking_number,NOT_APPLICABLE,0,0,0,0.0,2025-11-08 07:33:17,logistics
EVID0007601,DSP001267,TXN0078269,delivery_confirmation,NOT_APPLICABLE,0,0,0,0.0,2025-11-02 11:50:54,logistics
EVID0007602,DSP001267,TXN0078269,customer_communication,APPLICABLE,1,0,1,0.6,2025-11-09 13:01:38,crm
EVID0007603,DSP001268,TXN0078409,order_confirmation,APPLICABLE,1,1,1,0.67,2025-11-22 14:22:20,billing
EVID0007604,DSP001268,TXN0078409,invoice,UNAVAILABLE,0,0,0,0.0,2025-11-03 21:26:48,billing
EVID0007605,DSP001268,TXN0078409,shipping_label,APPLICABLE,1,1,1,0.68,2025-11-23 10:07:31,logistics
EVID0007606,DSP001268,TXN0078409,tracking_number,APPLICABLE,1,1,1,0.68,2025-11-08 03:46:02,logistics
EVID0007607,DSP001268,TXN0078409,delivery_confirmation,APPLICABLE,1,1,1,0.8,2025-11-21 15:31:01,logistics
EVID0007608,DSP001268,TXN0078409,customer_communication,APPLICABLE,1,0,1,0.61,2025-11-08 07:51:43,crm
EVID0007609,DSP001269,TXN0078435,order_confirmation,APPLICABLE,1,1,1,0.65,2025-11-11 07:21:39,billing
EVID0007610,DSP001269,TXN0078435,invoice,APPLICABLE,1,1,1,0.79,2025-11-03 18:42:28,billing
EVID0007611,DSP001269,TXN0078435,shipping_label,NOT_APPLICABLE,0,0,0,0.0,2025-11-06 05:54:57,logistics
EVID0007612,DSP001269,TXN0078435,tracking_number,NOT_APPLICABLE,0,0,0,0.0,2025-10-30 21:52:27,logistics
EVID0007613,DSP001269,TXN0078435,delivery_confirmation,NOT_APPLICABLE,0,0,0,0.0,2025-11-06 22:17:41,logistics
EVID0007614,DSP001269,TXN0078435,customer_communication,UNAVAILABLE,0,1,1,0.0,2025-11-03 08:31:13,crm
EVID0007615,DSP001270,TXN0078457,order_confirmation,APPLICABLE,1,1,1,0.84,2025-11-08 13:19:21,billing
EVID0007616,DSP001270,TXN0078457,invoice,UNAVAILABLE,0,0,1,0.0,2025-11-02 19:23:01,billing
EVID0007617,DSP001270,TXN0078457,shipping_label,NOT_APPLICABLE,0,0,0,0.0,2025-11-06 09:40:46,logistics
EVID0007618,DSP001270,TXN0078457,tracking_number,NOT_APPLICABLE,0,0,0,0.0,2025-11-02 22:24:24,logistics
EVID0007619,DSP001270,TXN0078457,delivery_confirmation,NOT_APPLICABLE,0,0,0,0.0,2025-11-20 03:15:00,logistics
EVID0007620,DSP001270,TXN0078457,customer_communication,UNAVAILABLE,0,0,1,0.0,2025-11-11 08:12:19,crm
EVID0007621,DSP001271,TXN0078476,order_confirmation,UNAVAILABLE,0,1,1,0.0,2025-12-04 15:10:45,billing
EVID0007622,DSP001271,TXN0078476,invoice,APPLICABLE,1,1,1,0.68,2025-11-25 01:02:31,billing
EVID0007623,DSP001271,TXN0078476,shipping_label,NOT_APPLICABLE,0,0,0,0.0,2025-11-06 03:15:23,logistics
EVID0007624,DSP001271,TXN0078476,tracking_number,NOT_APPLICABLE,0,0,0,0.0,2025-12-04 18:02:33,logistics
EVID0007625,DSP001271,TXN0078476,delivery_confirmation,NOT_APPLICABLE,0,0,0,0.0,2025-12-05 21:37:53,logistics
EVID0007626,DSP001271,TXN0078476,customer_communication,UNAVAILABLE,0,1,1,0.0,2025-12-08 16:40:49,crm
EVID0007627,DSP001272,TXN0078498,order_confirmation,UNAVAILABLE,0,1,1,0.0,2025-11-18 03:57:55,billing
EVID0007628,DSP001272,TXN0078498,invoice,APPLICABLE,1,0,0,0.6,2025-10-31 12:43:10,billing
EVID0007629,DSP001272,TXN0078498,shipping_label,NOT_APPLICABLE,0,0,0,0.0,2025-11-04 20:47:04,logistics
EVID0007630,DSP001272,TXN0078498,tracking_number,NOT_APPLICABLE,0,0,0,0.0,2025-12-09 15:35:55,logistics
EVID0007631,DSP001272,TXN0078498,delivery_confirmation,NOT_APPLICABLE,0,0,0,0.0,2025-10-31 04:22:23,logistics
EVID0007632,DSP001272,TXN0078498,customer_communication,UNAVAILABLE,0,0,1,0.0,2025-12-06 14:03:45,crm
EVID0007633,DSP001273,TXN0078533,order_confirmation,APPLICABLE,1,1,1,0.7,2025-11-02 20:47:52,billing
EVID0007634,DSP001273,TXN0078533,invoice,UNAVAILABLE,0,1,1,0.0,2025-11-01 08:22:58,billing
EVID0007635,DSP001273,TXN0078533,shipping_label,APPLICABLE,1,0,1,0.75,2025-11-07 05:34:34,logistics
EVID0007636,DSP001273,TXN0078533,tracking_number,APPLICABLE,1,0,0,0.6,2025-11-06 21:29:39,logistics
EVID0007637,DSP001273,TXN0078533,delivery_confirmation,UNAVAILABLE,0,0,1,0.0,2025-10-30 18:46:06,logistics
EVID0007638,DSP001273,TXN0078533,customer_communication,APPLICABLE,1,1,1,0.7,2025-11-09 05:38:26,crm
EVID0007639,DSP001274,TXN0078541,order_confirmation,APPLICABLE,1,1,1,0.85,2025-11-03 17:43:14,billing
EVID0007640,DSP001274,TXN0078541,invoice,UNAVAILABLE,0,1,1,0.0,2025-11-08 05:13:08,billing
EVID0007641,DSP001274,TXN0078541,shipping_label,APPLICABLE,1,0,1,0.91,2025-10-31 15:54:19,logistics
EVID0007642,DSP001274,TXN0078541,tracking_number,APPLICABLE,1,0,0,0.65,2025-11-02 02:05:16,logistics
EVID0007643,DSP001274,TXN0078541,delivery_confirmation,APPLICABLE,1,0,0,0.76,2025-11-01 07:42:40,logistics
EVID0007644,DSP001274,TXN0078541,customer_communication,UNAVAILABLE,0,1,1,0.0,2025-11-05 11:05:29,crm
EVID0007645,DSP001275,TXN0078565,order_confirmation,APPLICABLE,1,1,1,0.77,2025-11-14 14:56:52,billing
EVID0007646,DSP001275,TXN0078565,invoice,APPLICABLE,1,0,1,0.79,2025-11-15 19:20:32,billing
EVID0007647,DSP001275,TXN0078565,shipping_label,NOT_APPLICABLE,0,0,0,0.0,2025-11-22 22:47:13,logistics
EVID0007648,DSP001275,TXN0078565,tracking_number,NOT_APPLICABLE,0,0,0,0.0,2025-11-07 04:50:21,logistics
EVID0007649,DSP001275,TXN0078565,delivery_confirmation,NOT_APPLICABLE,0,0,0,0.0,2025-11-11 12:52:34,logistics
EVID0007650,DSP001275,TXN0078565,customer_communication,UNAVAILABLE,0,0,0,0.0,2025-11-02 09:55:04,crm
EVID0007651,DSP001276,TXN0078580,order_confirmation,APPLICABLE,1,1,1,0.68,2025-11-02 17:07:27,billing
EVID0007652,DSP001276,TXN0078580,invoice,APPLICABLE,1,1,1,0.68,2025-10-31 05:46:55,billing
EVID0007653,DSP001276,TXN0078580,shipping_label,NOT_APPLICABLE,0,0,0,0.0,2025-11-19 17:58:51,logistics
EVID0007654,DSP001276,TXN0078580,tracking_number,NOT_APPLICABLE,0,0,0,0.0,2025-10-31 19:21:56,logistics
EVID0007655,DSP001276,TXN0078580,delivery_confirmation,NOT_APPLICABLE,0,0,0,0.0,2025-11-02 05:19:18,logistics
EVID0007656,DSP001276,TXN0078580,customer_communication,UNAVAILABLE,0,1,1,0.0,2025-11-12 22:42:16,crm
EVID0007657,DSP001277,TXN0078621,order_confirmation,UNAVAILABLE,0,1,1,0.0,2025-11-01 12:36:25,billing
EVID0007658,DSP001277,TXN0078621,invoice,UNAVAILABLE,0,1,1,0.0,2025-10-30 19:38:50,billing
EVID0007659,DSP001277,TXN0078621,shipping_label,APPLICABLE,1,0,1,0.68,2025-11-02 12:37:49,logistics
EVID0007660,DSP001277,TXN0078621,tracking_number,APPLICABLE,1,0,1,0.83,2025-10-31 02:17:07,logistics
EVID0007661,DSP001277,TXN0078621,delivery_confirmation,APPLICABLE,1,0,0,0.66,2025-11-02 13:19:07,logistics
EVID0007662,DSP001277,TXN0078621,customer_communication,APPLICABLE,1,1,1,0.6,2025-11-04 23:42:24,crm
EVID0007663,DSP001278,TXN0078640,order_confirmation,UNAVAILABLE,0,1,1,0.0,2025-11-13 18:24:40,billing
EVID0007664,DSP001278,TXN0078640,invoice,UNAVAILABLE,0,1,1,0.0,2025-11-10 19:23:07,billing
EVID0007665,DSP001278,TXN0078640,shipping_label,NOT_APPLICABLE,0,0,0,0.0,2025-11-18 12:28:12,logistics
EVID0007666,DSP001278,TXN0078640,tracking_number,NOT_APPLICABLE,0,0,0,0.0,2025-11-05 07:10:36,logistics
EVID0007667,DSP001278,TXN0078640,delivery_confirmation,NOT_APPLICABLE,0,0,0,0.0,2025-11-23 17:13:25,logistics
EVID0007668,DSP001278,TXN0078640,customer_communication,APPLICABLE,1,1,1,0.62,2025-11-08 01:45:42,crm
EVID0007669,DSP001279,TXN0078692,order_confirmation,APPLICABLE,1,1,1,0.78,2025-11-08 16:42:29,billing
EVID0007670,DSP001279,TXN0078692,invoice,APPLICABLE,1,1,1,0.7,2025-11-01 21:00:12,billing
EVID0007671,DSP001279,TXN0078692,shipping_label,NOT_APPLICABLE,0,0,0,0.0,2025-11-14 23:13:50,logistics
EVID0007672,DSP001279,TXN0078692,tracking_number,NOT_APPLICABLE,0,0,0,0.0,2025-11-08 02:58:12,logistics
EVID0007673,DSP001279,TXN0078692,delivery_confirmation,NOT_APPLICABLE,0,0,0,0.0,2025-11-02 21:30:20,logistics
EVID0007674,DSP001279,TXN0078692,customer_communication,UNAVAILABLE,0,1,1,0.0,2025-11-08 18:33:50,crm
EVID0007675,DSP001280,TXN0078710,order_confirmation,APPLICABLE,1,1,1,0.95,2025-11-02 02:38:00,billing
EVID0007676,DSP001280,TXN0078710,invoice,APPLICABLE,1,1,1,0.91,2025-11-02 10:29:15,billing
EVID0007677,DSP001280,TXN0078710,shipping_label,APPLICABLE,1,0,1,0.64,2025-11-05 11:28:07,logistics
EVID0007678,DSP001280,TXN0078710,tracking_number,APPLICABLE,1,0,0,0.82,2025-11-06 17:08:07,logistics
EVID0007679,DSP001280,TXN0078710,delivery_confirmation,APPLICABLE,1,0,0,0.6,2025-11-04 08:09:07,logistics
EVID0007680,DSP001280,TXN0078710,customer_communication,APPLICABLE,1,1,1,0.7,2025-11-07 13:16:16,crm
EVID0007681,DSP001281,TXN0078717,order_confirmation,APPLICABLE,1,1,1,0.73,2025-11-03 22:49:05,billing
EVID0007682,DSP001281,TXN0078717,invoice,APPLICABLE,1,0,0,0.77,2025-11-07 14:58:56,billing
EVID0007683,DSP001281,TXN0078717,shipping_label,NOT_APPLICABLE,0,0,0,0.0,2025-11-07 06:30:05,logistics
EVID0007684,DSP001281,TXN0078717,tracking_number,NOT_APPLICABLE,0,0,0,0.0,2025-11-08 18:15:28,logistics
EVID0007685,DSP001281,TXN0078717,delivery_confirmation,NOT_APPLICABLE,0,0,0,0.0,2025-11-02 19:50:52,logistics
EVID0007686,DSP001281,TXN0078717,customer_communication,APPLICABLE,1,0,0,0.77,2025-11-06 21:13:54,crm
EVID0007687,DSP001282,TXN0078726,order_confirmation,APPLICABLE,1,1,1,0.64,2025-12-09 16:31:22,billing
EVID0007688,DSP001282,TXN0078726,invoice,UNAVAILABLE,0,0,0,0.0,2025-12-14 08:40:48,billing
EVID0007689,DSP001282,TXN0078726,shipping_label,NOT_APPLICABLE,0,0,0,0.0,2025-12-04 20:41:55,logistics
EVID0007690,DSP001282,TXN0078726,tracking_number,NOT_APPLICABLE,0,0,0,0.0,2025-12-09 02:30:00,logistics
EVID0007691,DSP001282,TXN0078726,delivery_confirmation,NOT_APPLICABLE,0,0,0,0.0,2025-11-04 00:56:35,logistics
EVID0007692,DSP001282,TXN0078726,customer_communication,APPLICABLE,1,0,1,0.61,2025-12-08 15:03:01,crm
EVID0007693,DSP001283,TXN0078735,order_confirmation,APPLICABLE,1,1,1,0.65,2025-11-08 03:05:29,billing
EVID0007694,DSP001283,TXN0078735,invoice,APPLICABLE,1,0,0,0.77,2025-11-03 22:37:01,billing
EVID0007695,DSP001283,TXN0078735,shipping_label,APPLICABLE,1,1,1,0.68,2025-11-09 20:04:10,logistics
EVID0007696,DSP001283,TXN0078735,tracking_number,APPLICABLE,1,1,1,0.6,2025-11-11 04:44:52,logistics
EVID0007697,DSP001283,TXN0078735,delivery_confirmation,APPLICABLE,1,1,1,0.75,2025-11-11 23:14:08,logistics
EVID0007698,DSP001283,TXN0078735,customer_communication,APPLICABLE,1,0,0,0.91,2025-11-01 23:44:30,crm
EVID0007699,DSP001284,TXN0078797,order_confirmation,UNAVAILABLE,0,1,1,0.0,2025-11-13 23:44:06,billing
EVID0007700,DSP001284,TXN0078797,invoice,APPLICABLE,1,0,1,0.85,2025-11-07 11:50:13,billing
EVID0007701,DSP001284,TXN0078797,shipping_label,NOT_APPLICABLE,0,0,0,0.0,2025-11-04 20:39:55,logistics
EVID0007702,DSP001284,TXN0078797,tracking_number,NOT_APPLICABLE,0,0,0,0.0,2025-11-16 03:40:17,logistics
EVID0007703,DSP001284,TXN0078797,delivery_confirmation,NOT_APPLICABLE,0,0,0,0.0,2025-11-06 15:52:36,logistics
EVID0007704,DSP001284,TXN0078797,customer_communication,UNAVAILABLE,0,0,0,0.0,2025-11-09 07:11:00,crm
EVID0007705,DSP001285,TXN0079011,order_confirmation,APPLICABLE,1,1,1,0.67,2025-11-21 13:06:08,billing
EVID0007706,DSP001285,TXN0079011,invoice,APPLICABLE,1,0,1,0.6,2025-11-24 08:02:38,billing
EVID0007707,DSP001285,TXN0079011,shipping_label,NOT_APPLICABLE,0,0,0,0.0,2025-11-21 01:34:56,logistics
EVID0007708,DSP001285,TXN0079011,tracking_number,NOT_APPLICABLE,0,0,0,0.0,2025-11-17 03:49:02,logistics
EVID0007709,DSP001285,TXN0079011,delivery_confirmation,NOT_APPLICABLE,0,0,0,0.0,2025-11-07 16:20:30,logistics
EVID0007710,DSP001285,TXN0079011,customer_communication,APPLICABLE,1,1,1,0.84,2025-11-12 21:48:21,crm
EVID0007711,DSP001286,TXN0079021,order_confirmation,APPLICABLE,1,1,1,0.93,2025-11-27 03:37:30,billing
EVID0007712,DSP001286,TXN0079021,invoice,APPLICABLE,1,0,1,0.61,2025-11-26 21:49:37,billing
EVID0007713,DSP001286,TXN0079021,shipping_label,NOT_APPLICABLE,0,0,0,0.0,2025-11-24 21:51:41,logistics
EVID0007714,DSP001286,TXN0079021,tracking_number,NOT_APPLICABLE,0,0,0,0.0,2025-11-26 20:19:00,logistics
EVID0007715,DSP001286,TXN0079021,delivery_confirmation,NOT_APPLICABLE,0,0,0,0.0,2025-11-27 00:40:19,logistics
EVID0007716,DSP001286,TXN0079021,customer_communication,APPLICABLE,1,0,0,0.78,2025-11-12 04:02:31,crm
EVID0007717,DSP001287,TXN0079024,order_confirmation,APPLICABLE,1,1,1,0.93,2025-11-06 03:05:10,billing
EVID0007718,DSP001287,TXN0079024,invoice,APPLICABLE,1,0,1,0.75,2025-11-07 09:42:00,billing
EVID0007719,DSP001287,TXN0079024,shipping_label,APPLICABLE,1,1,1,0.78,2025-11-08 00:32:05,logistics
EVID0007720,DSP001287,TXN0079024,tracking_number,APPLICABLE,1,1,1,0.95,2025-11-09 10:12:44,logistics
EVID0007721,DSP001287,TXN0079024,delivery_confirmation,APPLICABLE,1,1,1,0.88,2025-11-03 16:06:06,logistics
EVID0007722,DSP001287,TXN0079024,customer_communication,APPLICABLE,1,0,0,0.76,2025-11-09 13:00:24,crm
EVID0007723,DSP001288,TXN0079030,order_confirmation,APPLICABLE,1,1,1,0.93,2025-11-05 23:31:34,billing
EVID0007724,DSP001288,TXN0079030,invoice,APPLICABLE,1,1,1,0.78,2025-11-01 11:06:01,billing
EVID0007725,DSP001288,TXN0079030,shipping_label,APPLICABLE,1,0,1,0.61,2025-11-09 20:13:10,logistics
EVID0007726,DSP001288,TXN0079030,tracking_number,APPLICABLE,1,0,1,0.63,2025-11-14 14:23:02,logistics
EVID0007727,DSP001288,TXN0079030,delivery_confirmation,APPLICABLE,1,0,1,0.64,2025-11-12 13:11:21,logistics
EVID0007728,DSP001288,TXN0079030,customer_communication,APPLICABLE,1,1,1,0.89,2025-11-04 06:55:50,crm
EVID0007729,DSP001289,TXN0079130,order_confirmation,APPLICABLE,1,1,1,0.63,2025-11-05 18:54:31,billing
EVID0007730,DSP001289,TXN0079130,invoice,APPLICABLE,1,1,1,0.63,2025-11-10 20:35:54,billing
EVID0007731,DSP001289,TXN0079130,shipping_label,NOT_APPLICABLE,0,0,0,0.0,2025-11-11 08:21:18,logistics
EVID0007732,DSP001289,TXN0079130,tracking_number,NOT_APPLICABLE,0,0,0,0.0,2025-11-03 02:23:22,logistics
EVID0007733,DSP001289,TXN0079130,delivery_confirmation,NOT_APPLICABLE,0,0,0,0.0,2025-11-04 23:38:16,logistics
EVID0007734,DSP001289,TXN0079130,customer_communication,APPLICABLE,1,1,1,0.88,2025-11-06 23:53:56,crm
EVID0007735,DSP001290,TXN0079213,order_confirmation,APPLICABLE,1,1,1,0.84,2025-11-11 18:58:27,billing
EVID0007736,DSP001290,TXN0079213,invoice,APPLICABLE,1,1,1,0.82,2025-11-12 11:06:37,billing
EVID0007737,DSP001290,TXN0079213,shipping_label,APPLICABLE,1,0,1,0.7,2025-11-04 06:32:08,logistics
EVID0007738,DSP001290,TXN0079213,tracking_number,UNAVAILABLE,0,0,0,0.0,2025-12-07 19:45:36,logistics
EVID0007739,DSP001290,TXN0079213,delivery_confirmation,APPLICABLE,1,0,0,0.74,2025-11-08 05:59:51,logistics
EVID0007740,DSP001290,TXN0079213,customer_communication,APPLICABLE,1,1,1,0.94,2025-11-07 06:02:13,crm
EVID0007741,DSP001291,TXN0079250,order_confirmation,APPLICABLE,1,1,1,0.6,2025-11-22 06:12:23,billing
EVID0007742,DSP001291,TXN0079250,invoice,UNAVAILABLE,0,1,1,0.0,2025-11-19 16:25:42,billing
EVID0007743,DSP001291,TXN0079250,shipping_label,UNAVAILABLE,0,0,0,0.0,2025-11-04 06:23:47,logistics
EVID0007744,DSP001291,TXN0079250,tracking_number,APPLICABLE,1,0,1,0.73,2025-11-06 18:53:43,logistics
EVID0007745,DSP001291,TXN0079250,delivery_confirmation,APPLICABLE,1,0,1,0.82,2025-11-05 05:20:01,logistics
EVID0007746,DSP001291,TXN0079250,customer_communication,UNAVAILABLE,0,1,1,0.0,2025-11-24 18:55:41,crm
EVID0007747,DSP001292,TXN0079426,order_confirmation,APPLICABLE,1,1,1,0.76,2025-11-09 08:15:02,billing
EVID0007748,DSP001292,TXN0079426,invoice,APPLICABLE,1,0,1,0.7,2025-11-19 22:39:20,billing
EVID0007749,DSP001292,TXN0079426,shipping_label,APPLICABLE,1,1,1,0.86,2025-11-09 01:42:55,logistics
EVID0007750,DSP001292,TXN0079426,tracking_number,APPLICABLE,1,1,1,0.94,2025-11-06 01:08:56,logistics
EVID0007751,DSP001292,TXN0079426,delivery_confirmation,APPLICABLE,1,1,1,0.92,2025-11-14 02:36:51,logistics
EVID0007752,DSP001292,TXN0079426,customer_communication,APPLICABLE,1,0,1,0.79,2025-11-05 22:54:10,crm
EVID0007753,DSP001293,TXN0079464,order_confirmation,APPLICABLE,1,1,1,0.64,2025-12-09 11:35:26,billing
EVID0007754,DSP001293,TXN0079464,invoice,APPLICABLE,1,0,1,0.82,2025-11-11 04:21:15,billing
EVID0007755,DSP001293,TXN0079464,shipping_label,APPLICABLE,1,0,0,0.62,2025-11-25 03:07:48,logistics
EVID0007756,DSP001293,TXN0079464,tracking_number,APPLICABLE,1,0,0,0.6,2025-12-08 10:07:20,logistics
EVID0007757,DSP001293,TXN0079464,delivery_confirmation,APPLICABLE,1,1,1,0.78,2025-11-09 03:03:25,logistics
EVID0007758,DSP001293,TXN0079464,customer_communication,APPLICABLE,1,1,1,0.72,2025-12-08 15:25:20,crm
EVID0007759,DSP001294,TXN0079514,order_confirmation,APPLICABLE,1,1,1,0.84,2025-11-25 05:58:19,billing
EVID0007760,DSP001294,TXN0079514,invoice,APPLICABLE,1,1,1,0.87,2025-11-22 09:37:33,billing
EVID0007761,DSP001294,TXN0079514,shipping_label,NOT_APPLICABLE,0,0,0,0.0,2025-12-07 12:00:28,logistics
EVID0007762,DSP001294,TXN0079514,tracking_number,NOT_APPLICABLE,0,0,0,0.0,2025-11-18 19:11:36,logistics
EVID0007763,DSP001294,TXN0079514,delivery_confirmation,NOT_APPLICABLE,0,0,0,0.0,2025-11-23 23:26:03,logistics
EVID0007764,DSP001294,TXN0079514,customer_communication,UNAVAILABLE,0,1,1,0.0,2025-12-03 17:28:07,crm
EVID0007765,DSP001295,TXN0079515,order_confirmation,APPLICABLE,1,1,1,0.86,2025-11-03 21:08:40,billing
EVID0007766,DSP001295,TXN0079515,invoice,APPLICABLE,1,0,1,0.79,2025-11-18 00:26:54,billing
EVID0007767,DSP001295,TXN0079515,shipping_label,APPLICABLE,1,0,1,0.92,2025-11-03 04:54:08,logistics
EVID0007768,DSP001295,TXN0079515,tracking_number,APPLICABLE,1,0,1,0.69,2025-11-17 02:08:53,logistics
EVID0007769,DSP001295,TXN0079515,delivery_confirmation,APPLICABLE,1,1,1,0.65,2025-11-20 15:45:29,logistics
EVID0007770,DSP001295,TXN0079515,customer_communication,APPLICABLE,1,1,1,0.89,2025-11-06 15:18:34,crm
EVID0007771,DSP001296,TXN0079629,order_confirmation,APPLICABLE,1,1,1,0.6,2025-11-12 22:45:17,billing
EVID0007772,DSP001296,TXN0079629,invoice,APPLICABLE,1,1,1,0.66,2025-11-13 16:37:28,billing
EVID0007773,DSP001296,TXN0079629,shipping_label,APPLICABLE,1,0,1,0.72,2025-11-08 22:18:19,logistics
EVID0007774,DSP001296,TXN0079629,tracking_number,UNAVAILABLE,0,0,0,0.0,2025-11-14 20:20:22,logistics
EVID0007775,DSP001296,TXN0079629,delivery_confirmation,APPLICABLE,1,0,0,0.66,2025-11-10 02:15:19,logistics
EVID0007776,DSP001296,TXN0079629,customer_communication,APPLICABLE,1,1,1,0.68,2025-11-08 04:23:53,crm
EVID0007777,DSP001297,TXN0079674,order_confirmation,APPLICABLE,1,1,1,0.65,2025-11-07 04:57:55,billing
EVID0007778,DSP001297,TXN0079674,invoice,APPLICABLE,1,1,1,0.71,2025-11-28 01:26:39,billing
EVID0007779,DSP001297,TXN0079674,shipping_label,NOT_APPLICABLE,0,0,0,0.0,2025-11-21 01:44:28,logistics
EVID0007780,DSP001297,TXN0079674,tracking_number,NOT_APPLICABLE,0,0,0,0.0,2025-11-08 19:38:33,logistics
EVID0007781,DSP001297,TXN0079674,delivery_confirmation,NOT_APPLICABLE,0,0,0,0.0,2025-11-13 00:41:29,logistics
EVID0007782,DSP001297,TXN0079674,customer_communication,APPLICABLE,1,0,1,0.83,2025-11-22 04:21:15,crm
EVID0007783,DSP001298,TXN0079723,order_confirmation,APPLICABLE,1,1,1,0.67,2025-11-16 09:23:41,billing
EVID0007784,DSP001298,TXN0079723,invoice,APPLICABLE,1,1,1,0.72,2025-11-17 12:04:07,billing
EVID0007785,DSP001298,TXN0079723,shipping_label,APPLICABLE,1,0,1,0.88,2025-11-04 16:33:35,logistics
EVID0007786,DSP001298,TXN0079723,tracking_number,APPLICABLE,1,0,1,0.72,2025-11-19 14:56:59,logistics
EVID0007787,DSP001298,TXN0079723,delivery_confirmation,UNAVAILABLE,0,0,1,0.0,2025-11-14 04:27:57,logistics
EVID0007788,DSP001298,TXN0079723,customer_communication,UNAVAILABLE,0,1,1,0.0,2025-11-14 09:41:50,crm
EVID0007789,DSP001299,TXN0079789,order_confirmation,APPLICABLE,1,1,1,0.82,2025-11-12 18:17:39,billing
EVID0007790,DSP001299,TXN0079789,invoice,UNAVAILABLE,0,1,1,0.0,2025-11-23 00:12:59,billing
EVID0007791,DSP001299,TXN0079789,shipping_label,APPLICABLE,1,0,0,0.89,2025-11-12 03:56:46,logistics
EVID0007792,DSP001299,TXN0079789,tracking_number,APPLICABLE,1,0,0,0.73,2025-11-06 22:19:24,logistics
EVID0007793,DSP001299,TXN0079789,delivery_confirmation,UNAVAILABLE,0,0,0,0.0,2025-11-04 06:09:17,logistics
EVID0007794,DSP001299,TXN0079789,customer_communication,UNAVAILABLE,0,1,1,0.0,2025-11-22 10:17:07,crm
EVID0007795,DSP001300,TXN0079816,order_confirmation,APPLICABLE,1,1,1,0.71,2025-11-12 11:51:16,billing
EVID0007796,DSP001300,TXN0079816,invoice,UNAVAILABLE,0,0,0,0.0,2025-11-16 03:27:21,billing
EVID0007797,DSP001300,TXN0079816,shipping_label,UNAVAILABLE,0,1,1,0.0,2025-11-08 07:16:23,logistics
EVID0007798,DSP001300,TXN0079816,tracking_number,APPLICABLE,1,1,1,0.69,2025-11-08 02:36:42,logistics
EVID0007799,DSP001300,TXN0079816,delivery_confirmation,APPLICABLE,1,1,1,0.83,2025-11-06 19:37:49,logistics
EVID0007800,DSP001300,TXN0079816,customer_communication,UNAVAILABLE,0,0,1,0.0,2025-11-20 15:33:17,crm
EVID0007801,DSP001301,TXN0079821,order_confirmation,UNAVAILABLE,0,1,1,0.0,2025-11-14 18:40:20,billing
EVID0007802,DSP001301,TXN0079821,invoice,APPLICABLE,1,0,0,0.64,2025-11-16 20:23:40,billing
EVID0007803,DSP001301,TXN0079821,shipping_label,NOT_APPLICABLE,0,0,0,0.0,2025-11-11 01:13:45,logistics
EVID0007804,DSP001301,TXN0079821,tracking_number,NOT_APPLICABLE,0,0,0,0.0,2025-11-29 10:34:19,logistics
EVID0007805,DSP001301,TXN0079821,delivery_confirmation,NOT_APPLICABLE,0,0,0,0.0,2025-11-08 07:38:23,logistics
EVID0007806,DSP001301,TXN0079821,customer_communication,APPLICABLE,1,1,1,0.7,2025-11-06 07:42:07,crm
EVID0007807,DSP001302,TXN0080021,order_confirmation,APPLICABLE,1,1,1,0.79,2025-11-12 19:14:12,billing
EVID0007808,DSP001302,TXN0080021,invoice,APPLICABLE,1,0,0,0.62,2025-11-30 11:15:59,billing
EVID0007809,DSP001302,TXN0080021,shipping_label,NOT_APPLICABLE,0,0,0,0.0,2025-11-13 11:31:37,logistics
EVID0007810,DSP001302,TXN0080021,tracking_number,NOT_APPLICABLE,0,0,0,0.0,2025-12-04 16:16:35,logistics
EVID0007811,DSP001302,TXN0080021,delivery_confirmation,NOT_APPLICABLE,0,0,0,0.0,2025-11-05 06:12:34,logistics
EVID0007812,DSP001302,TXN0080021,customer_communication,UNAVAILABLE,0,0,0,0.0,2025-11-15 08:30:36,crm
EVID0007813,DSP001303,TXN0080044,order_confirmation,APPLICABLE,1,1,1,0.83,2025-11-04 06:43:07,billing
EVID0007814,DSP001303,TXN0080044,invoice,APPLICABLE,1,1,1,0.81,2025-11-10 13:50:56,billing
EVID0007815,DSP001303,TXN0080044,shipping_label,NOT_APPLICABLE,0,0,0,0.0,2025-11-09 14:34:01,logistics
EVID0007816,DSP001303,TXN0080044,tracking_number,NOT_APPLICABLE,0,0,0,0.0,2025-11-04 06:57:12,logistics
EVID0007817,DSP001303,TXN0080044,delivery_confirmation,NOT_APPLICABLE,0,0,0,0.0,2025-11-04 07:38:35,logistics
EVID0007818,DSP001303,TXN0080044,customer_communication,UNAVAILABLE,0,0,1,0.0,2025-11-07 13:16:34,crm
EVID0007819,DSP001304,TXN0080077,order_confirmation,UNAVAILABLE,0,1,1,0.0,2025-11-22 01:02:45,billing
EVID0007820,DSP001304,TXN0080077,invoice,APPLICABLE,1,1,1,0.6,2025-11-10 15:40:19,billing
EVID0007821,DSP001304,TXN0080077,shipping_label,NOT_APPLICABLE,0,0,0,0.0,2025-11-13 11:05:31,logistics
EVID0007822,DSP001304,TXN0080077,tracking_number,NOT_APPLICABLE,0,0,0,0.0,2025-11-15 22:33:28,logistics
EVID0007823,DSP001304,TXN0080077,delivery_confirmation,NOT_APPLICABLE,0,0,0,0.0,2025-11-08 12:41:19,logistics
EVID0007824,DSP001304,TXN0080077,customer_communication,APPLICABLE,1,1,1,0.6,2025-11-11 10:21:15,crm
EVID0007825,DSP001305,TXN0080091,order_confirmation,UNAVAILABLE,0,1,1,0.0,2025-11-10 02:55:04,billing
EVID0007826,DSP001305,TXN0080091,invoice,APPLICABLE,1,0,1,0.63,2025-11-08 13:28:31,billing
EVID0007827,DSP001305,TXN0080091,shipping_label,NOT_APPLICABLE,0,0,0,0.0,2025-11-19 22:02:00,logistics
EVID0007828,DSP001305,TXN0080091,tracking_number,NOT_APPLICABLE,0,0,0,0.0,2025-11-23 14:32:34,logistics
EVID0007829,DSP001305,TXN0080091,delivery_confirmation,NOT_APPLICABLE,0,0,0,0.0,2025-11-28 06:43:51,logistics
EVID0007830,DSP001305,TXN0080091,customer_communication,UNAVAILABLE,0,0,1,0.0,2025-11-08 17:41:47,crm
EVID0007831,DSP001306,TXN0080204,order_confirmation,UNAVAILABLE,0,1,1,0.0,2025-11-14 01:47:23,billing
EVID0007832,DSP001306,TXN0080204,invoice,APPLICABLE,1,0,1,0.8,2025-11-09 01:12:57,billing
EVID0007833,DSP001306,TXN0080204,shipping_label,NOT_APPLICABLE,0,0,0,0.0,2025-11-10 04:50:25,logistics
EVID0007834,DSP001306,TXN0080204,tracking_number,NOT_APPLICABLE,0,0,0,0.0,2025-11-11 12:42:25,logistics
EVID0007835,DSP001306,TXN0080204,delivery_confirmation,NOT_APPLICABLE,0,0,0,0.0,2025-11-14 22:58:39,logistics
EVID0007836,DSP001306,TXN0080204,customer_communication,APPLICABLE,1,0,1,0.83,2025-11-14 18:05:19,crm
EVID0007837,DSP001307,TXN0080354,order_confirmation,APPLICABLE,1,1,1,0.73,2025-11-05 16:48:06,billing
EVID0007838,DSP001307,TXN0080354,invoice,UNAVAILABLE,0,0,1,0.0,2025-11-08 22:06:37,billing
EVID0007839,DSP001307,TXN0080354,shipping_label,APPLICABLE,1,1,1,0.82,2025-11-07 14:10:38,logistics
EVID0007840,DSP001307,TXN0080354,tracking_number,UNAVAILABLE,0,1,1,0.0,2025-11-05 06:12:06,logistics
EVID0007841,DSP001307,TXN0080354,delivery_confirmation,UNAVAILABLE,0,1,1,0.0,2025-11-10 03:38:58,logistics
EVID0007842,DSP001307,TXN0080354,customer_communication,UNAVAILABLE,0,0,0,0.0,2025-11-08 13:53:36,crm
EVID0007843,DSP001308,TXN0080422,order_confirmation,APPLICABLE,1,1,1,0.61,2025-11-07 13:46:54,billing
EVID0007844,DSP001308,TXN0080422,invoice,APPLICABLE,1,1,1,0.6,2025-11-13 05:27:34,billing
EVID0007845,DSP001308,TXN0080422,shipping_label,APPLICABLE,1,0,1,0.95,2025-11-12 21:31:31,logistics
EVID0007846,DSP001308,TXN0080422,tracking_number,APPLICABLE,1,0,1,0.6,2025-11-06 15:59:57,logistics
EVID0007847,DSP001308,TXN0080422,delivery_confirmation,APPLICABLE,1,0,1,0.82,2025-11-13 16:15:51,logistics
EVID0007848,DSP001308,TXN0080422,customer_communication,APPLICABLE,1,1,1,0.86,2025-11-06 21:52:42,crm
EVID0007849,DSP001309,TXN0080424,order_confirmation,UNAVAILABLE,0,1,1,0.0,2025-12-06 14:10:08,billing
EVID0007850,DSP001309,TXN0080424,invoice,UNAVAILABLE,0,0,1,0.0,2025-11-30 08:54:45,billing
EVID0007851,DSP001309,TXN0080424,shipping_label,APPLICABLE,1,0,0,0.71,2025-11-21 13:00:59,logistics
EVID0007852,DSP001309,TXN0080424,tracking_number,APPLICABLE,1,0,0,0.73,2025-11-26 16:35:28,logistics
EVID0007853,DSP001309,TXN0080424,delivery_confirmation,APPLICABLE,1,1,1,0.8,2025-11-11 08:05:42,logistics
EVID0007854,DSP001309,TXN0080424,customer_communication,APPLICABLE,1,1,1,0.83,2025-11-21 10:13:35,crm
EVID0007855,DSP001310,TXN0080475,order_confirmation,UNAVAILABLE,0,1,1,0.0,2025-11-26 02:09:15,billing
EVID0007856,DSP001310,TXN0080475,invoice,UNAVAILABLE,0,0,0,0.0,2025-11-15 18:32:38,billing
EVID0007857,DSP001310,TXN0080475,shipping_label,APPLICABLE,1,0,0,0.93,2025-11-06 06:50:06,logistics
EVID0007858,DSP001310,TXN0080475,tracking_number,APPLICABLE,1,0,1,0.82,2025-11-22 14:44:24,logistics
EVID0007859,DSP001310,TXN0080475,delivery_confirmation,APPLICABLE,1,1,1,0.78,2025-11-24 02:30:55,logistics
EVID0007860,DSP001310,TXN0080475,customer_communication,APPLICABLE,1,1,1,0.65,2025-11-21 21:19:42,crm
EVID0007861,DSP001311,TXN0080534,order_confirmation,APPLICABLE,1,1,1,0.77,2025-11-09 02:09:43,billing
EVID0007862,DSP001311,TXN0080534,invoice,APPLICABLE,1,1,1,0.8,2025-11-12 20:20:35,billing
EVID0007863,DSP001311,TXN0080534,shipping_label,NOT_APPLICABLE,0,0,0,0.0,2025-11-29 14:26:19,logistics
EVID0007864,DSP001311,TXN0080534,tracking_number,NOT_APPLICABLE,0,0,0,0.0,2025-11-10 04:16:08,logistics
EVID0007865,DSP001311,TXN0080534,delivery_confirmation,NOT_APPLICABLE,0,0,0,0.0,2025-11-06 04:11:28,logistics
EVID0007866,DSP001311,TXN0080534,customer_communication,APPLICABLE,1,0,1,0.6,2025-11-12 08:57:00,crm
EVID0007867,DSP001312,TXN0080553,order_confirmation,APPLICABLE,1,1,1,0.67,2025-11-17 14:16:54,billing
EVID0007868,DSP001312,TXN0080553,invoice,APPLICABLE,1,0,1,0.7,2025-11-07 18:28:11,billing
EVID0007869,DSP001312,TXN0080553,shipping_label,APPLICABLE,1,0,1,0.72,2025-11-16 12:35:21,logistics
EVID0007870,DSP001312,TXN0080553,tracking_number,APPLICABLE,1,0,0,0.88,2025-11-13 02:23:55,logistics
EVID0007871,DSP001312,TXN0080553,delivery_confirmation,APPLICABLE,1,1,1,0.71,2025-11-09 14:30:43,logistics
EVID0007872,DSP001312,TXN0080553,customer_communication,APPLICABLE,1,1,1,0.71,2025-11-28 03:46:17,crm
EVID0007873,DSP001313,TXN0080608,order_confirmation,UNAVAILABLE,0,1,1,0.0,2025-11-14 10:21:56,billing
EVID0007874,DSP001313,TXN0080608,invoice,APPLICABLE,1,1,1,0.66,2025-11-14 04:33:49,billing
EVID0007875,DSP001313,TXN0080608,shipping_label,NOT_APPLICABLE,0,0,0,0.0,2025-11-07 18:41:29,logistics
EVID0007876,DSP001313,TXN0080608,tracking_number,NOT_APPLICABLE,0,0,0,0.0,2025-11-07 08:09:00,logistics
EVID0007877,DSP001313,TXN0080608,delivery_confirmation,NOT_APPLICABLE,0,0,0,0.0,2025-11-09 23:05:42,logistics
EVID0007878,DSP001313,TXN0080608,customer_communication,UNAVAILABLE,0,1,1,0.0,2025-11-16 19:06:46,crm
EVID0007879,DSP001314,TXN0080641,order_confirmation,APPLICABLE,1,1,1,0.81,2025-12-07 06:00:49,billing
EVID0007880,DSP001314,TXN0080641,invoice,UNAVAILABLE,0,1,1,0.0,2025-11-12 12:00:05,billing
EVID0007881,DSP001314,TXN0080641,shipping_label,NOT_APPLICABLE,0,0,0,0.0,2025-11-11 16:47:59,logistics
EVID0007882,DSP001314,TXN0080641,tracking_number,NOT_APPLICABLE,0,0,0,0.0,2025-12-03 06:59:27,logistics
EVID0007883,DSP001314,TXN0080641,delivery_confirmation,NOT_APPLICABLE,0,0,0,0.0,2025-11-29 09:13:53,logistics
EVID0007884,DSP001314,TXN0080641,customer_communication,APPLICABLE,1,1,1,0.78,2025-11-07 14:29:50,crm
EVID0007885,DSP001315,TXN0080654,order_confirmation,APPLICABLE,1,1,1,0.62,2025-11-26 12:13:08,billing
EVID0007886,DSP001315,TXN0080654,invoice,APPLICABLE,1,1,1,0.6,2025-11-20 17:58:17,billing
EVID0007887,DSP001315,TXN0080654,shipping_label,NOT_APPLICABLE,0,0,0,0.0,2025-11-22 05:26:56,logistics
EVID0007888,DSP001315,TXN0080654,tracking_number,NOT_APPLICABLE,0,0,0,0.0,2025-11-08 20:07:06,logistics
EVID0007889,DSP001315,TXN0080654,delivery_confirmation,NOT_APPLICABLE,0,0,0,0.0,2025-11-16 09:46:49,logistics
EVID0007890,DSP001315,TXN0080654,customer_communication,APPLICABLE,1,1,1,0.8,2025-11-14 14:37:00,crm
EVID0007891,DSP001316,TXN0080663,order_confirmation,APPLICABLE,1,1,1,0.6,2025-11-09 18:40:28,billing
EVID0007892,DSP001316,TXN0080663,invoice,APPLICABLE,1,1,1,0.69,2025-12-08 20:13:21,billing
EVID0007893,DSP001316,TXN0080663,shipping_label,APPLICABLE,1,0,0,0.6,2025-11-25 18:48:26,logistics
EVID0007894,DSP001316,TXN0080663,tracking_number,UNAVAILABLE,0,0,1,0.0,2025-11-30 06:52:00,logistics
EVID0007895,DSP001316,TXN0080663,delivery_confirmation,UNAVAILABLE,0,0,1,0.0,2025-11-27 13:47:47,logistics
EVID0007896,DSP001316,TXN0080663,customer_communication,APPLICABLE,1,1,1,0.84,2025-11-18 11:37:02,crm
EVID0007897,DSP001317,TXN0080673,order_confirmation,APPLICABLE,1,1,1,0.61,2025-12-11 17:21:31,billing
EVID0007898,DSP001317,TXN0080673,invoice,APPLICABLE,1,1,1,0.94,2025-12-14 03:05:11,billing
EVID0007899,DSP001317,TXN0080673,shipping_label,APPLICABLE,1,0,0,0.6,2025-11-17 15:12:50,logistics
EVID0007900,DSP001317,TXN0080673,tracking_number,APPLICABLE,1,0,1,0.9,2025-12-09 17:14:38,logistics
EVID0007901,DSP001317,TXN0080673,delivery_confirmation,APPLICABLE,1,0,0,0.91,2025-12-15 14:47:23,logistics
EVID0007902,DSP001317,TXN0080673,customer_communication,APPLICABLE,1,1,1,0.81,2025-12-02 23:21:41,crm
EVID0007903,DSP001318,TXN0080733,order_confirmation,APPLICABLE,1,1,1,0.84,2025-11-10 10:23:16,billing
EVID0007904,DSP001318,TXN0080733,invoice,APPLICABLE,1,1,1,0.87,2025-11-07 19:00:09,billing
EVID0007905,DSP001318,TXN0080733,shipping_label,NOT_APPLICABLE,0,0,0,0.0,2025-11-12 18:59:07,logistics
EVID0007906,DSP001318,TXN0080733,tracking_number,NOT_APPLICABLE,0,0,0,0.0,2025-11-10 17:13:14,logistics
EVID0007907,DSP001318,TXN0080733,delivery_confirmation,NOT_APPLICABLE,0,0,0,0.0,2025-11-16 05:37:03,logistics
EVID0007908,DSP001318,TXN0080733,customer_communication,APPLICABLE,1,0,0,0.6,2025-11-06 18:10:42,crm
EVID0007909,DSP001319,TXN0080779,order_confirmation,APPLICABLE,1,1,1,0.87,2025-11-22 10:19:46,billing
EVID0007910,DSP001319,TXN0080779,invoice,APPLICABLE,1,1,1,0.88,2025-11-08 10:59:26,billing
EVID0007911,DSP001319,TXN0080779,shipping_label,APPLICABLE,1,0,0,0.76,2025-11-14 15:47:31,logistics
EVID0007912,DSP001319,TXN0080779,tracking_number,UNAVAILABLE,0,0,0,0.0,2025-11-17 11:54:52,logistics
EVID0007913,DSP001319,TXN0080779,delivery_confirmation,UNAVAILABLE,0,0,1,0.0,2025-11-17 13:26:08,logistics
EVID0007914,DSP001319,TXN0080779,customer_communication,APPLICABLE,1,1,1,0.69,2025-11-21 18:47:43,crm
EVID0007915,DSP001320,TXN0080876,order_confirmation,APPLICABLE,1,1,1,0.61,2025-11-10 14:45:50,billing
EVID0007916,DSP001320,TXN0080876,invoice,APPLICABLE,1,1,1,0.76,2025-11-15 04:48:26,billing
EVID0007917,DSP001320,TXN0080876,shipping_label,UNAVAILABLE,0,0,1,0.0,2025-12-11 23:21:24,logistics
EVID0007918,DSP001320,TXN0080876,tracking_number,UNAVAILABLE,0,0,1,0.0,2025-11-11 17:00:30,logistics
EVID0007919,DSP001320,TXN0080876,delivery_confirmation,APPLICABLE,1,0,0,0.74,2025-11-25 17:14:52,logistics
EVID0007920,DSP001320,TXN0080876,customer_communication,APPLICABLE,1,1,1,0.7,2025-12-13 17:48:39,crm
EVID0007921,DSP001321,TXN0080897,order_confirmation,APPLICABLE,1,1,1,0.89,2025-11-08 01:11:02,billing
EVID0007922,DSP001321,TXN0080897,invoice,APPLICABLE,1,0,1,0.74,2025-11-14 04:27:30,billing
EVID0007923,DSP001321,TXN0080897,shipping_label,NOT_APPLICABLE,0,0,0,0.0,2025-11-14 19:06:10,logistics
EVID0007924,DSP001321,TXN0080897,tracking_number,NOT_APPLICABLE,0,0,0,0.0,2025-11-21 03:41:50,logistics
EVID0007925,DSP001321,TXN0080897,delivery_confirmation,NOT_APPLICABLE,0,0,0,0.0,2025-11-18 06:54:50,logistics
EVID0007926,DSP001321,TXN0080897,customer_communication,APPLICABLE,1,1,1,0.87,2025-11-11 15:29:44,crm
EVID0007927,DSP001322,TXN0080945,order_confirmation,APPLICABLE,1,1,1,0.84,2025-11-07 00:58:43,billing
EVID0007928,DSP001322,TXN0080945,invoice,UNAVAILABLE,0,0,0,0.0,2025-11-13 04:35:41,billing
EVID0007929,DSP001322,TXN0080945,shipping_label,NOT_APPLICABLE,0,0,0,0.0,2025-11-08 11:11:28,logistics
EVID0007930,DSP001322,TXN0080945,tracking_number,NOT_APPLICABLE,0,0,0,0.0,2025-11-12 06:42:58,logistics
EVID0007931,DSP001322,TXN0080945,delivery_confirmation,NOT_APPLICABLE,0,0,0,0.0,2025-11-08 08:12:44,logistics
EVID0007932,DSP001322,TXN0080945,customer_communication,APPLICABLE,1,1,1,0.92,2025-11-14 08:18:17,crm
EVID0007933,DSP001323,TXN0080994,order_confirmation,APPLICABLE,1,1,1,0.63,2025-11-21 06:44:17,billing
EVID0007934,DSP001323,TXN0080994,invoice,APPLICABLE,1,0,1,0.6,2025-11-25 11:35:33,billing
EVID0007935,DSP001323,TXN0080994,shipping_label,APPLICABLE,1,1,1,0.62,2025-11-15 22:07:02,logistics
EVID0007936,DSP001323,TXN0080994,tracking_number,APPLICABLE,1,1,1,0.65,2025-11-08 04:56:09,logistics
EVID0007937,DSP001323,TXN0080994,delivery_confirmation,APPLICABLE,1,1,1,0.61,2025-11-29 10:06:45,logistics
EVID0007938,DSP001323,TXN0080994,customer_communication,APPLICABLE,1,0,0,0.75,2025-11-26 07:35:24,crm
EVID0007939,DSP001324,TXN0081087,order_confirmation,APPLICABLE,1,1,1,0.73,2025-11-09 13:31:15,billing
EVID0007940,DSP001324,TXN0081087,invoice,APPLICABLE,1,1,1,0.83,2025-11-17 04:55:23,billing
EVID0007941,DSP001324,TXN0081087,shipping_label,APPLICABLE,1,0,0,0.92,2025-11-08 01:14:46,logistics
EVID0007942,DSP001324,TXN0081087,tracking_number,APPLICABLE,1,0,1,0.94,2025-11-27 11:15:14,logistics
EVID0007943,DSP001324,TXN0081087,delivery_confirmation,APPLICABLE,1,0,0,0.7,2025-11-20 00:54:43,logistics
EVID0007944,DSP001324,TXN0081087,customer_communication,APPLICABLE,1,1,1,0.61,2025-11-19 04:12:01,crm
EVID0007945,DSP001325,TXN0081277,order_confirmation,APPLICABLE,1,1,1,0.76,2025-11-14 11:29:58,billing
EVID0007946,DSP001325,TXN0081277,invoice,UNAVAILABLE,0,1,1,0.0,2025-11-10 23:03:20,billing
EVID0007947,DSP001325,TXN0081277,shipping_label,UNAVAILABLE,0,0,1,0.0,2025-11-20 21:29:09,logistics
EVID0007948,DSP001325,TXN0081277,tracking_number,UNAVAILABLE,0,0,1,0.0,2025-11-27 06:18:07,logistics
EVID0007949,DSP001325,TXN0081277,delivery_confirmation,APPLICABLE,1,0,0,0.6,2025-11-11 13:33:39,logistics
EVID0007950,DSP001325,TXN0081277,customer_communication,APPLICABLE,1,1,1,0.64,2025-11-22 01:57:02,crm
EVID0007951,DSP001326,TXN0081322,order_confirmation,APPLICABLE,1,1,1,0.66,2025-11-20 07:02:14,billing
EVID0007952,DSP001326,TXN0081322,invoice,UNAVAILABLE,0,1,1,0.0,2025-11-16 15:13:34,billing
EVID0007953,DSP001326,TXN0081322,shipping_label,NOT_APPLICABLE,0,0,0,0.0,2025-11-10 07:22:25,logistics
EVID0007954,DSP001326,TXN0081322,tracking_number,NOT_APPLICABLE,0,0,0,0.0,2025-11-12 04:27:40,logistics
EVID0007955,DSP001326,TXN0081322,delivery_confirmation,NOT_APPLICABLE,0,0,0,0.0,2025-11-28 12:02:17,logistics
EVID0007956,DSP001326,TXN0081322,customer_communication,UNAVAILABLE,0,1,1,0.0,2025-11-24 07:14:26,crm
EVID0007957,DSP001327,TXN0081382,order_confirmation,APPLICABLE,1,1,1,0.87,2025-11-16 06:32:28,billing
EVID0007958,DSP001327,TXN0081382,invoice,APPLICABLE,1,1,1,0.89,2025-11-17 23:13:01,billing
EVID0007959,DSP001327,TXN0081382,shipping_label,APPLICABLE,1,0,0,0.88,2025-11-19 11:38:24,logistics
EVID0007960,DSP001327,TXN0081382,tracking_number,APPLICABLE,1,0,0,0.65,2025-11-19 08:04:17,logistics
EVID0007961,DSP001327,TXN0081382,delivery_confirmation,APPLICABLE,1,0,1,0.72,2025-11-20 19:01:41,logistics
EVID0007962,DSP001327,TXN0081382,customer_communication,APPLICABLE,1,1,1,0.95,2025-11-24 12:20:45,crm
EVID0007963,DSP001328,TXN0081397,order_confirmation,UNAVAILABLE,0,1,1,0.0,2025-11-16 10:40:10,billing
EVID0007964,DSP001328,TXN0081397,invoice,UNAVAILABLE,0,1,1,0.0,2025-11-21 16:16:48,billing
EVID0007965,DSP001328,TXN0081397,shipping_label,APPLICABLE,1,0,1,0.71,2025-11-17 06:44:08,logistics
EVID0007966,DSP001328,TXN0081397,tracking_number,UNAVAILABLE,0,0,1,0.0,2025-11-08 01:49:54,logistics
EVID0007967,DSP001328,TXN0081397,delivery_confirmation,APPLICABLE,1,0,1,0.6,2025-11-21 10:47:57,logistics
EVID0007968,DSP001328,TXN0081397,customer_communication,UNAVAILABLE,0,0,1,0.0,2025-11-12 15:42:57,crm
EVID0007969,DSP001329,TXN0081499,order_confirmation,APPLICABLE,1,1,1,0.7,2025-11-15 08:54:07,billing
EVID0007970,DSP001329,TXN0081499,invoice,APPLICABLE,1,1,1,0.6,2025-11-15 19:58:37,billing
EVID0007971,DSP001329,TXN0081499,shipping_label,APPLICABLE,1,0,0,0.64,2025-11-10 02:31:39,logistics
EVID0007972,DSP001329,TXN0081499,tracking_number,APPLICABLE,1,0,1,0.81,2025-11-12 06:41:55,logistics
EVID0007973,DSP001329,TXN0081499,delivery_confirmation,APPLICABLE,1,0,1,0.64,2025-11-12 04:35:47,logistics
EVID0007974,DSP001329,TXN0081499,customer_communication,APPLICABLE,1,1,1,0.73,2025-11-08 12:32:12,crm
EVID0007975,DSP001330,TXN0081576,order_confirmation,APPLICABLE,1,1,1,0.71,2025-11-23 20:06:53,billing
EVID0007976,DSP001330,TXN0081576,invoice,APPLICABLE,1,1,1,0.85,2025-11-13 23:50:04,billing
EVID0007977,DSP001330,TXN0081576,shipping_label,NOT_APPLICABLE,0,0,0,0.0,2025-11-28 04:56:52,logistics
EVID0007978,DSP001330,TXN0081576,tracking_number,NOT_APPLICABLE,0,0,0,0.0,2025-11-21 05:39:37,logistics
EVID0007979,DSP001330,TXN0081576,delivery_confirmation,NOT_APPLICABLE,0,0,0,0.0,2025-12-03 18:07:22,logistics
EVID0007980,DSP001330,TXN0081576,customer_communication,UNAVAILABLE,0,1,1,0.0,2025-11-08 15:45:24,crm
EVID0007981,DSP001331,TXN0081582,order_confirmation,APPLICABLE,1,1,1,0.72,2025-11-16 05:48:11,billing
EVID0007982,DSP001331,TXN0081582,invoice,UNAVAILABLE,0,1,1,0.0,2025-11-20 06:04:48,billing
EVID0007983,DSP001331,TXN0081582,shipping_label,APPLICABLE,1,0,1,0.66,2025-11-15 12:10:11,logistics
EVID0007984,DSP001331,TXN0081582,tracking_number,APPLICABLE,1,0,1,0.7,2025-11-09 16:05:18,logistics
EVID0007985,DSP001331,TXN0081582,delivery_confirmation,APPLICABLE,1,0,0,0.72,2025-11-08 22:19:57,logistics
EVID0007986,DSP001331,TXN0081582,customer_communication,APPLICABLE,1,1,1,0.75,2025-11-11 03:23:01,crm
EVID0007987,DSP001332,TXN0081686,order_confirmation,APPLICABLE,1,1,1,0.6,2025-11-21 22:15:14,billing
EVID0007988,DSP001332,TXN0081686,invoice,APPLICABLE,1,1,1,0.89,2025-11-12 16:53:48,billing
EVID0007989,DSP001332,TXN0081686,shipping_label,NOT_APPLICABLE,0,0,0,0.0,2025-11-23 06:12:38,logistics
EVID0007990,DSP001332,TXN0081686,tracking_number,NOT_APPLICABLE,0,0,0,0.0,2025-11-17 20:04:42,logistics
EVID0007991,DSP001332,TXN0081686,delivery_confirmation,NOT_APPLICABLE,0,0,0,0.0,2025-11-13 22:02:41,logistics
EVID0007992,DSP001332,TXN0081686,customer_communication,APPLICABLE,1,1,1,0.75,2025-11-17 02:54:37,crm
EVID0007993,DSP001333,TXN0081765,order_confirmation,APPLICABLE,1,1,1,0.73,2025-11-09 03:42:53,billing
EVID0007994,DSP001333,TXN0081765,invoice,APPLICABLE,1,0,1,0.62,2025-11-17 19:01:58,billing
EVID0007995,DSP001333,TXN0081765,shipping_label,NOT_APPLICABLE,0,0,0,0.0,2025-11-17 15:16:07,logistics
EVID0007996,DSP001333,TXN0081765,tracking_number,NOT_APPLICABLE,0,0,0,0.0,2025-11-09 04:46:30,logistics
EVID0007997,DSP001333,TXN0081765,delivery_confirmation,NOT_APPLICABLE,0,0,0,0.0,2025-11-16 03:14:18,logistics
EVID0007998,DSP001333,TXN0081765,customer_communication,APPLICABLE,1,0,1,0.61,2025-11-16 06:09:48,crm
EVID0007999,DSP001334,TXN0081828,order_confirmation,APPLICABLE,1,1,1,0.9,2025-11-16 20:28:50,billing
EVID0008000,DSP001334,TXN0081828,invoice,UNAVAILABLE,0,0,1,0.0,2025-11-14 12:17:25,billing
EVID0008001,DSP001334,TXN0081828,shipping_label,UNAVAILABLE,0,1,1,0.0,2025-11-14 00:04:23,logistics
EVID0008002,DSP001334,TXN0081828,tracking_number,APPLICABLE,1,1,1,0.92,2025-11-13 23:00:18,logistics
EVID0008003,DSP001334,TXN0081828,delivery_confirmation,APPLICABLE,1,1,1,0.93,2025-11-13 05:55:11,logistics
EVID0008004,DSP001334,TXN0081828,customer_communication,APPLICABLE,1,0,0,0.6,2025-11-13 06:03:37,crm
EVID0008005,DSP001335,TXN0081844,order_confirmation,APPLICABLE,1,1,1,0.6,2025-11-14 14:14:19,billing
EVID0008006,DSP001335,TXN0081844,invoice,APPLICABLE,1,1,1,0.61,2025-11-17 14:58:45,billing
EVID0008007,DSP001335,TXN0081844,shipping_label,APPLICABLE,1,0,0,0.62,2025-12-01 08:42:34,logistics
EVID0008008,DSP001335,TXN0081844,tracking_number,APPLICABLE,1,0,1,0.6,2025-11-29 21:14:40,logistics
EVID0008009,DSP001335,TXN0081844,delivery_confirmation,APPLICABLE,1,0,1,0.6,2025-11-27 04:51:33,logistics
EVID0008010,DSP001335,TXN0081844,customer_communication,UNAVAILABLE,0,0,1,0.0,2025-11-17 16:14:21,crm
EVID0008011,DSP001336,TXN0081877,order_confirmation,APPLICABLE,1,1,1,0.89,2025-12-05 15:47:08,billing
EVID0008012,DSP001336,TXN0081877,invoice,APPLICABLE,1,0,1,0.72,2025-11-30 11:15:13,billing
EVID0008013,DSP001336,TXN0081877,shipping_label,NOT_APPLICABLE,0,0,0,0.0,2025-11-27 19:58:28,logistics
EVID0008014,DSP001336,TXN0081877,tracking_number,NOT_APPLICABLE,0,0,0,0.0,2025-11-23 03:30:09,logistics
EVID0008015,DSP001336,TXN0081877,delivery_confirmation,NOT_APPLICABLE,0,0,0,0.0,2025-12-11 07:55:02,logistics
EVID0008016,DSP001336,TXN0081877,customer_communication,APPLICABLE,1,0,0,0.79,2025-12-12 17:38:26,crm
EVID0008017,DSP001337,TXN0082080,order_confirmation,APPLICABLE,1,1,1,0.6,2025-12-09 19:18:30,billing
EVID0008018,DSP001337,TXN0082080,invoice,UNAVAILABLE,0,0,0,0.0,2025-12-21 06:59:30,billing
EVID0008019,DSP001337,TXN0082080,shipping_label,APPLICABLE,1,0,0,0.76,2025-11-14 12:07:23,logistics
EVID0008020,DSP001337,TXN0082080,tracking_number,APPLICABLE,1,0,1,0.71,2025-11-13 22:36:08,logistics
EVID0008021,DSP001337,TXN0082080,delivery_confirmation,APPLICABLE,1,1,1,0.94,2025-12-18 19:30:19,logistics
EVID0008022,DSP001337,TXN0082080,customer_communication,APPLICABLE,1,1,1,0.72,2025-12-20 07:57:59,crm
EVID0008023,DSP001338,TXN0082099,order_confirmation,APPLICABLE,1,1,1,0.85,2025-11-17 05:15:40,billing
EVID0008024,DSP001338,TXN0082099,invoice,UNAVAILABLE,0,1,1,0.0,2025-11-14 17:33:22,billing
EVID0008025,DSP001338,TXN0082099,shipping_label,APPLICABLE,1,0,1,0.8,2025-11-10 23:57:36,logistics
EVID0008026,DSP001338,TXN0082099,tracking_number,APPLICABLE,1,0,1,0.63,2025-11-15 18:21:03,logistics
EVID0008027,DSP001338,TXN0082099,delivery_confirmation,APPLICABLE,1,0,0,0.71,2025-11-17 07:27:53,logistics
EVID0008028,DSP001338,TXN0082099,customer_communication,UNAVAILABLE,0,1,1,0.0,2025-11-16 08:25:39,crm
EVID0008029,DSP001339,TXN0082133,order_confirmation,APPLICABLE,1,1,1,0.6,2025-11-15 21:35:57,billing
EVID0008030,DSP001339,TXN0082133,invoice,UNAVAILABLE,0,1,1,0.0,2025-11-16 20:16:52,billing
EVID0008031,DSP001339,TXN0082133,shipping_label,NOT_APPLICABLE,0,0,0,0.0,2025-11-19 13:42:41,logistics
EVID0008032,DSP001339,TXN0082133,tracking_number,NOT_APPLICABLE,0,0,0,0.0,2025-11-10 04:29:25,logistics
EVID0008033,DSP001339,TXN0082133,delivery_confirmation,NOT_APPLICABLE,0,0,0,0.0,2025-11-17 21:28:09,logistics
EVID0008034,DSP001339,TXN0082133,customer_communication,UNAVAILABLE,0,1,1,0.0,2025-11-13 07:25:31,crm
EVID0008035,DSP001340,TXN0082201,order_confirmation,APPLICABLE,1,1,1,0.76,2025-11-23 11:08:28,billing
EVID0008036,DSP001340,TXN0082201,invoice,UNAVAILABLE,0,1,1,0.0,2025-11-19 07:48:47,billing
EVID0008037,DSP001340,TXN0082201,shipping_label,NOT_APPLICABLE,0,0,0,0.0,2025-11-12 20:31:11,logistics
EVID0008038,DSP001340,TXN0082201,tracking_number,NOT_APPLICABLE,0,0,0,0.0,2025-11-14 19:44:24,logistics
EVID0008039,DSP001340,TXN0082201,delivery_confirmation,NOT_APPLICABLE,0,0,0,0.0,2025-11-21 11:21:53,logistics
EVID0008040,DSP001340,TXN0082201,customer_communication,APPLICABLE,1,1,1,0.68,2025-11-13 02:18:35,crm
EVID0008041,DSP001341,TXN0082292,order_confirmation,UNAVAILABLE,0,1,1,0.0,2025-11-29 15:28:16,billing
EVID0008042,DSP001341,TXN0082292,invoice,APPLICABLE,1,1,1,0.81,2025-11-10 19:10:53,billing
EVID0008043,DSP001341,TXN0082292,shipping_label,APPLICABLE,1,0,0,0.89,2025-11-28 14:48:44,logistics
EVID0008044,DSP001341,TXN0082292,tracking_number,UNAVAILABLE,0,0,1,0.0,2025-11-21 07:13:33,logistics
EVID0008045,DSP001341,TXN0082292,delivery_confirmation,APPLICABLE,1,0,0,0.73,2025-12-05 01:40:19,logistics
EVID0008046,DSP001341,TXN0082292,customer_communication,APPLICABLE,1,1,1,0.8,2025-11-24 04:44:38,crm
EVID0008047,DSP001342,TXN0082359,order_confirmation,APPLICABLE,1,1,1,0.66,2025-11-18 00:37:10,billing
EVID0008048,DSP001342,TXN0082359,invoice,APPLICABLE,1,0,0,0.66,2025-11-30 22:00:01,billing
EVID0008049,DSP001342,TXN0082359,shipping_label,APPLICABLE,1,0,1,0.7,2025-11-29 20:44:58,logistics
EVID0008050,DSP001342,TXN0082359,tracking_number,APPLICABLE,1,0,0,0.7,2025-11-20 15:08:16,logistics
EVID0008051,DSP001342,TXN0082359,delivery_confirmation,APPLICABLE,1,1,1,0.65,2025-11-26 21:46:27,logistics
EVID0008052,DSP001342,TXN0082359,customer_communication,APPLICABLE,1,1,1,0.72,2025-11-16 10:15:49,crm
EVID0008053,DSP001343,TXN0082400,order_confirmation,APPLICABLE,1,1,1,0.61,2025-11-11 22:16:13,billing
EVID0008054,DSP001343,TXN0082400,invoice,APPLICABLE,1,1,1,0.84,2025-11-18 02:23:08,billing
EVID0008055,DSP001343,TXN0082400,shipping_label,NOT_APPLICABLE,0,0,0,0.0,2025-11-28 19:54:17,logistics
EVID0008056,DSP001343,TXN0082400,tracking_number,NOT_APPLICABLE,0,0,0,0.0,2025-12-05 20:19:35,logistics
EVID0008057,DSP001343,TXN0082400,delivery_confirmation,NOT_APPLICABLE,0,0,0,0.0,2025-11-26 01:34:15,logistics
EVID0008058,DSP001343,TXN0082400,customer_communication,UNAVAILABLE,0,1,1,0.0,2025-11-26 22:05:55,crm
EVID0008059,DSP001344,TXN0082418,order_confirmation,APPLICABLE,1,1,1,0.91,2025-11-16 13:34:41,billing
EVID0008060,DSP001344,TXN0082418,invoice,APPLICABLE,1,0,1,0.8,2025-11-24 04:26:35,billing
EVID0008061,DSP001344,TXN0082418,shipping_label,APPLICABLE,1,1,1,0.91,2025-11-20 04:41:11,logistics
EVID0008062,DSP001344,TXN0082418,tracking_number,UNAVAILABLE,0,1,1,0.0,2025-11-15 08:56:03,logistics
EVID0008063,DSP001344,TXN0082418,delivery_confirmation,APPLICABLE,1,1,1,0.8,2025-11-20 05:49:32,logistics
EVID0008064,DSP001344,TXN0082418,customer_communication,APPLICABLE,1,0,0,0.65,2025-11-11 22:44:58,crm
EVID0008065,DSP001345,TXN0082472,order_confirmation,APPLICABLE,1,1,1,0.68,2025-12-11 16:28:15,billing
EVID0008066,DSP001345,TXN0082472,invoice,APPLICABLE,1,1,1,0.6,2025-11-29 18:01:16,billing
EVID0008067,DSP001345,TXN0082472,shipping_label,NOT_APPLICABLE,0,0,0,0.0,2025-12-16 03:28:17,logistics
EVID0008068,DSP001345,TXN0082472,tracking_number,NOT_APPLICABLE,0,0,0,0.0,2025-11-19 05:33:14,logistics
EVID0008069,DSP001345,TXN0082472,delivery_confirmation,NOT_APPLICABLE,0,0,0,0.0,2025-11-30 08:49:34,logistics
EVID0008070,DSP001345,TXN0082472,customer_communication,APPLICABLE,1,1,1,0.9,2025-11-26 05:48:03,crm
EVID0008071,DSP001346,TXN0082517,order_confirmation,APPLICABLE,1,1,1,0.6,2025-11-22 02:22:50,billing
EVID0008072,DSP001346,TXN0082517,invoice,UNAVAILABLE,0,0,1,0.0,2025-11-15 17:17:54,billing
EVID0008073,DSP001346,TXN0082517,shipping_label,APPLICABLE,1,1,1,0.82,2025-12-15 08:31:14,logistics
EVID0008074,DSP001346,TXN0082517,tracking_number,APPLICABLE,1,1,1,0.75,2025-11-17 00:28:01,logistics
EVID0008075,DSP001346,TXN0082517,delivery_confirmation,UNAVAILABLE,0,1,1,0.0,2025-12-05 08:47:01,logistics
EVID0008076,DSP001346,TXN0082517,customer_communication,APPLICABLE,1,0,1,0.77,2025-11-16 15:11:45,crm
EVID0008077,DSP001347,TXN0082610,order_confirmation,APPLICABLE,1,1,1,0.68,2025-12-08 05:10:44,billing
EVID0008078,DSP001347,TXN0082610,invoice,APPLICABLE,1,1,1,0.64,2025-11-19 02:18:28,billing
EVID0008079,DSP001347,TXN0082610,shipping_label,UNAVAILABLE,0,0,1,0.0,2025-11-27 00:37:34,logistics
EVID0008080,DSP001347,TXN0082610,tracking_number,UNAVAILABLE,0,0,0,0.0,2025-11-21 06:23:53,logistics
EVID0008081,DSP001347,TXN0082610,delivery_confirmation,APPLICABLE,1,0,1,0.84,2025-11-15 21:38:48,logistics
EVID0008082,DSP001347,TXN0082610,customer_communication,UNAVAILABLE,0,1,1,0.0,2025-11-15 21:39:34,crm
EVID0008083,DSP001348,TXN0082630,order_confirmation,APPLICABLE,1,1,1,0.72,2025-11-15 05:37:31,billing
EVID0008084,DSP001348,TXN0082630,invoice,APPLICABLE,1,0,0,0.79,2025-11-15 00:26:23,billing
EVID0008085,DSP001348,TXN0082630,shipping_label,APPLICABLE,1,0,1,0.75,2025-11-12 08:19:31,logistics
EVID0008086,DSP001348,TXN0082630,tracking_number,UNAVAILABLE,0,0,1,0.0,2025-11-11 14:05:14,logistics
EVID0008087,DSP001348,TXN0082630,delivery_confirmation,APPLICABLE,1,1,1,0.8,2025-11-15 04:03:12,logistics
EVID0008088,DSP001348,TXN0082630,customer_communication,APPLICABLE,1,1,1,0.68,2025-11-15 17:05:03,crm
EVID0008089,DSP001349,TXN0082684,order_confirmation,APPLICABLE,1,1,1,0.6,2025-11-11 20:01:43,billing
EVID0008090,DSP001349,TXN0082684,invoice,UNAVAILABLE,0,1,1,0.0,2025-11-13 02:41:14,billing
EVID0008091,DSP001349,TXN0082684,shipping_label,NOT_APPLICABLE,0,0,0,0.0,2025-11-17 00:48:50,logistics
EVID0008092,DSP001349,TXN0082684,tracking_number,NOT_APPLICABLE,0,0,0,0.0,2025-11-19 05:27:47,logistics
EVID0008093,DSP001349,TXN0082684,delivery_confirmation,NOT_APPLICABLE,0,0,0,0.0,2025-11-19 04:36:02,logistics
EVID0008094,DSP001349,TXN0082684,customer_communication,APPLICABLE,1,1,1,0.73,2025-11-15 20:58:22,crm
EVID0008095,DSP001350,TXN0082698,order_confirmation,APPLICABLE,1,1,1,0.87,2025-11-16 22:33:02,billing
EVID0008096,DSP001350,TXN0082698,invoice,APPLICABLE,1,0,1,0.6,2025-11-18 18:20:19,billing
EVID0008097,DSP001350,TXN0082698,shipping_label,NOT_APPLICABLE,0,0,0,0.0,2025-11-16 06:16:56,logistics
EVID0008098,DSP001350,TXN0082698,tracking_number,NOT_APPLICABLE,0,0,0,0.0,2025-11-24 13:16:19,logistics
EVID0008099,DSP001350,TXN0082698,delivery_confirmation,NOT_APPLICABLE,0,0,0,0.0,2025-11-17 12:14:23,logistics
EVID0008100,DSP001350,TXN0082698,customer_communication,APPLICABLE,1,0,1,0.6,2025-11-20 17:37:55,crm
EVID0008101,DSP001351,TXN0082702,order_confirmation,UNAVAILABLE,0,1,1,0.0,2025-11-15 14:21:19,billing
EVID0008102,DSP001351,TXN0082702,invoice,UNAVAILABLE,0,0,1,0.0,2025-11-18 13:11:59,billing
EVID0008103,DSP001351,TXN0082702,shipping_label,NOT_APPLICABLE,0,0,0,0.0,2025-12-12 00:42:51,logistics
EVID0008104,DSP001351,TXN0082702,tracking_number,NOT_APPLICABLE,0,0,0,0.0,2025-11-12 16:39:25,logistics
EVID0008105,DSP001351,TXN0082702,delivery_confirmation,NOT_APPLICABLE,0,0,0,0.0,2025-12-12 13:28:13,logistics
EVID0008106,DSP001351,TXN0082702,customer_communication,APPLICABLE,1,0,1,0.85,2025-12-09 16:41:35,crm
EVID0008107,DSP001352,TXN0082711,order_confirmation,APPLICABLE,1,1,1,0.88,2025-11-13 01:49:39,billing
EVID0008108,DSP001352,TXN0082711,invoice,APPLICABLE,1,1,1,0.8,2025-11-12 21:16:54,billing
EVID0008109,DSP001352,TXN0082711,shipping_label,APPLICABLE,1,0,0,0.92,2025-11-13 07:24:21,logistics
EVID0008110,DSP001352,TXN0082711,tracking_number,APPLICABLE,1,0,0,0.61,2025-11-15 00:21:59,logistics
EVID0008111,DSP001352,TXN0082711,delivery_confirmation,APPLICABLE,1,0,1,0.66,2025-11-14 18:24:17,logistics
EVID0008112,DSP001352,TXN0082711,customer_communication,APPLICABLE,1,1,1,0.75,2025-11-13 18:42:17,crm
EVID0008113,DSP001353,TXN0082773,order_confirmation,APPLICABLE,1,1,1,0.94,2025-11-14 06:16:19,billing
EVID0008114,DSP001353,TXN0082773,invoice,APPLICABLE,1,0,0,0.88,2025-11-16 11:31:28,billing
EVID0008115,DSP001353,TXN0082773,shipping_label,NOT_APPLICABLE,0,0,0,0.0,2025-11-12 23:01:06,logistics
EVID0008116,DSP001353,TXN0082773,tracking_number,NOT_APPLICABLE,0,0,0,0.0,2025-11-17 16:43:14,logistics
EVID0008117,DSP001353,TXN0082773,delivery_confirmation,NOT_APPLICABLE,0,0,0,0.0,2025-11-12 00:05:28,logistics
EVID0008118,DSP001353,TXN0082773,customer_communication,APPLICABLE,1,0,1,0.89,2025-11-16 18:12:28,crm
EVID0008119,DSP001354,TXN0082847,order_confirmation,APPLICABLE,1,1,1,0.65,2025-11-22 01:57:51,billing
EVID0008120,DSP001354,TXN0082847,invoice,UNAVAILABLE,0,1,1,0.0,2025-12-15 05:45:23,billing
EVID0008121,DSP001354,TXN0082847,shipping_label,NOT_APPLICABLE,0,0,0,0.0,2025-12-02 06:10:44,logistics
EVID0008122,DSP001354,TXN0082847,tracking_number,NOT_APPLICABLE,0,0,0,0.0,2025-11-30 02:09:16,logistics
EVID0008123,DSP001354,TXN0082847,delivery_confirmation,NOT_APPLICABLE,0,0,0,0.0,2025-11-27 02:18:16,logistics
EVID0008124,DSP001354,TXN0082847,customer_communication,UNAVAILABLE,0,1,1,0.0,2025-12-12 15:05:34,crm
EVID0008125,DSP001355,TXN0082885,order_confirmation,APPLICABLE,1,1,1,0.64,2025-11-26 12:02:50,billing
EVID0008126,DSP001355,TXN0082885,invoice,APPLICABLE,1,0,0,0.91,2025-11-12 11:47:12,billing
EVID0008127,DSP001355,TXN0082885,shipping_label,UNAVAILABLE,0,1,1,0.0,2025-11-20 16:08:46,logistics
EVID0008128,DSP001355,TXN0082885,tracking_number,APPLICABLE,1,1,1,0.94,2025-12-09 12:55:03,logistics
EVID0008129,DSP001355,TXN0082885,delivery_confirmation,UNAVAILABLE,0,1,1,0.0,2025-12-12 15:23:21,logistics
EVID0008130,DSP001355,TXN0082885,customer_communication,APPLICABLE,1,0,0,0.85,2025-12-11 10:46:35,crm
EVID0008131,DSP001356,TXN0082923,order_confirmation,APPLICABLE,1,1,1,0.61,2025-11-18 04:10:34,billing
EVID0008132,DSP001356,TXN0082923,invoice,APPLICABLE,1,1,1,0.62,2025-11-19 18:04:07,billing
EVID0008133,DSP001356,TXN0082923,shipping_label,NOT_APPLICABLE,0,0,0,0.0,2025-11-19 13:59:15,logistics
EVID0008134,DSP001356,TXN0082923,tracking_number,NOT_APPLICABLE,0,0,0,0.0,2025-11-18 22:24:05,logistics
EVID0008135,DSP001356,TXN0082923,delivery_confirmation,NOT_APPLICABLE,0,0,0,0.0,2025-11-12 08:41:15,logistics
EVID0008136,DSP001356,TXN0082923,customer_communication,UNAVAILABLE,0,1,1,0.0,2025-11-14 05:21:39,crm
EVID0008137,DSP001357,TXN0082972,order_confirmation,APPLICABLE,1,1,1,0.71,2025-11-27 03:36:06,billing
EVID0008138,DSP001357,TXN0082972,invoice,APPLICABLE,1,0,1,0.64,2025-11-13 03:44:01,billing
EVID0008139,DSP001357,TXN0082972,shipping_label,APPLICABLE,1,1,1,0.88,2025-11-25 10:43:57,logistics
EVID0008140,DSP001357,TXN0082972,tracking_number,APPLICABLE,1,1,1,0.65,2025-11-12 23:56:14,logistics
EVID0008141,DSP001357,TXN0082972,delivery_confirmation,APPLICABLE,1,1,1,0.93,2025-11-25 00:16:14,logistics
EVID0008142,DSP001357,TXN0082972,customer_communication,APPLICABLE,1,0,1,0.77,2025-11-24 20:37:46,crm
EVID0008143,DSP001358,TXN0082979,order_confirmation,APPLICABLE,1,1,1,0.93,2025-11-17 17:11:35,billing
EVID0008144,DSP001358,TXN0082979,invoice,APPLICABLE,1,0,1,0.74,2025-11-13 03:59:22,billing
EVID0008145,DSP001358,TXN0082979,shipping_label,APPLICABLE,1,1,1,0.66,2025-11-20 09:36:42,logistics
EVID0008146,DSP001358,TXN0082979,tracking_number,APPLICABLE,1,1,1,0.84,2025-11-15 19:31:33,logistics
EVID0008147,DSP001358,TXN0082979,delivery_confirmation,UNAVAILABLE,0,1,1,0.0,2025-11-17 18:49:34,logistics
EVID0008148,DSP001358,TXN0082979,customer_communication,APPLICABLE,1,0,0,0.6,2025-11-14 11:24:54,crm
EVID0008149,DSP001359,TXN0083012,order_confirmation,APPLICABLE,1,1,1,0.79,2025-11-17 09:05:52,billing
EVID0008150,DSP001359,TXN0083012,invoice,APPLICABLE,1,1,1,0.9,2025-11-14 18:36:35,billing
EVID0008151,DSP001359,TXN0083012,shipping_label,NOT_APPLICABLE,0,0,0,0.0,2025-11-21 00:04:50,logistics
EVID0008152,DSP001359,TXN0083012,tracking_number,NOT_APPLICABLE,0,0,0,0.0,2025-11-29 17:31:19,logistics
EVID0008153,DSP001359,TXN0083012,delivery_confirmation,NOT_APPLICABLE,0,0,0,0.0,2025-11-25 22:18:14,logistics
EVID0008154,DSP001359,TXN0083012,customer_communication,APPLICABLE,1,1,1,0.75,2025-11-28 08:48:25,crm
EVID0008155,DSP001360,TXN0083023,order_confirmation,UNAVAILABLE,0,1,1,0.0,2025-12-03 17:37:18,billing
EVID0008156,DSP001360,TXN0083023,invoice,APPLICABLE,1,0,1,0.69,2025-12-07 10:51:39,billing
EVID0008157,DSP001360,TXN0083023,shipping_label,APPLICABLE,1,0,1,0.78,2025-12-01 23:32:20,logistics
EVID0008158,DSP001360,TXN0083023,tracking_number,APPLICABLE,1,0,1,0.72,2025-11-21 22:29:50,logistics
EVID0008159,DSP001360,TXN0083023,delivery_confirmation,APPLICABLE,1,1,1,0.79,2025-11-24 16:57:08,logistics
EVID0008160,DSP001360,TXN0083023,customer_communication,UNAVAILABLE,0,1,1,0.0,2025-11-20 23:05:06,crm
EVID0008161,DSP001361,TXN0083053,order_confirmation,APPLICABLE,1,1,1,0.61,2025-11-26 19:10:18,billing
EVID0008162,DSP001361,TXN0083053,invoice,APPLICABLE,1,0,1,0.64,2025-12-01 21:13:01,billing
EVID0008163,DSP001361,TXN0083053,shipping_label,APPLICABLE,1,0,0,0.79,2025-12-01 05:39:38,logistics
EVID0008164,DSP001361,TXN0083053,tracking_number,UNAVAILABLE,0,0,1,0.0,2025-11-26 21:27:41,logistics
EVID0008165,DSP001361,TXN0083053,delivery_confirmation,APPLICABLE,1,1,1,0.71,2025-11-20 04:41:00,logistics
EVID0008166,DSP001361,TXN0083053,customer_communication,APPLICABLE,1,1,1,0.9,2025-11-16 15:40:18,crm
EVID0008167,DSP001362,TXN0083170,order_confirmation,APPLICABLE,1,1,1,0.86,2025-12-03 10:05:38,billing
EVID0008168,DSP001362,TXN0083170,invoice,APPLICABLE,1,1,1,0.81,2025-12-11 19:10:43,billing
EVID0008169,DSP001362,TXN0083170,shipping_label,APPLICABLE,1,0,1,0.6,2025-11-26 00:55:38,logistics
EVID0008170,DSP001362,TXN0083170,tracking_number,APPLICABLE,1,0,0,0.6,2025-11-28 07:46:23,logistics
EVID0008171,DSP001362,TXN0083170,delivery_confirmation,APPLICABLE,1,0,1,0.94,2025-12-13 02:08:52,logistics
EVID0008172,DSP001362,TXN0083170,customer_communication,APPLICABLE,1,1,1,0.69,2025-11-18 01:43:10,crm
EVID0008173,DSP001363,TXN0083225,order_confirmation,APPLICABLE,1,1,1,0.78,2025-11-22 16:13:57,billing
EVID0008174,DSP001363,TXN0083225,invoice,APPLICABLE,1,1,1,0.84,2025-12-10 12:18:34,billing
EVID0008175,DSP001363,TXN0083225,shipping_label,APPLICABLE,1,0,1,0.83,2025-11-30 02:43:02,logistics
EVID0008176,DSP001363,TXN0083225,tracking_number,UNAVAILABLE,0,0,1,0.0,2025-12-01 03:14:11,logistics
EVID0008177,DSP001363,TXN0083225,delivery_confirmation,UNAVAILABLE,0,0,0,0.0,2025-12-13 16:41:17,logistics
EVID0008178,DSP001363,TXN0083225,customer_communication,APPLICABLE,1,1,1,0.83,2025-12-22 18:08:36,crm
EVID0008179,DSP001364,TXN0083287,order_confirmation,APPLICABLE,1,1,1,0.78,2025-11-13 18:56:33,billing
EVID0008180,DSP001364,TXN0083287,invoice,APPLICABLE,1,1,1,0.87,2025-11-19 14:03:10,billing
EVID0008181,DSP001364,TXN0083287,shipping_label,APPLICABLE,1,0,0,0.7,2025-11-16 10:49:10,logistics
EVID0008182,DSP001364,TXN0083287,tracking_number,APPLICABLE,1,0,0,0.84,2025-11-20 12:02:51,logistics
EVID0008183,DSP001364,TXN0083287,delivery_confirmation,APPLICABLE,1,0,1,0.71,2025-11-18 08:28:29,logistics
EVID0008184,DSP001364,TXN0083287,customer_communication,APPLICABLE,1,1,1,0.84,2025-11-16 22:35:23,crm
EVID0008185,DSP001365,TXN0083312,order_confirmation,APPLICABLE,1,1,1,0.9,2025-12-02 18:16:25,billing
EVID0008186,DSP001365,TXN0083312,invoice,APPLICABLE,1,1,1,0.93,2025-11-14 21:05:43,billing
EVID0008187,DSP001365,TXN0083312,shipping_label,NOT_APPLICABLE,0,0,0,0.0,2025-11-18 23:47:22,logistics
EVID0008188,DSP001365,TXN0083312,tracking_number,NOT_APPLICABLE,0,0,0,0.0,2025-11-22 03:48:59,logistics
EVID0008189,DSP001365,TXN0083312,delivery_confirmation,NOT_APPLICABLE,0,0,0,0.0,2025-12-22 16:48:47,logistics
EVID0008190,DSP001365,TXN0083312,customer_communication,APPLICABLE,1,1,1,0.63,2025-11-29 02:09:48,crm
EVID0008191,DSP001366,TXN0083390,order_confirmation,APPLICABLE,1,1,1,0.7,2025-11-15 08:55:01,billing
EVID0008192,DSP001366,TXN0083390,invoice,APPLICABLE,1,0,1,0.9,2025-11-18 19:57:17,billing
EVID0008193,DSP001366,TXN0083390,shipping_label,NOT_APPLICABLE,0,0,0,0.0,2025-11-22 15:06:32,logistics
EVID0008194,DSP001366,TXN0083390,tracking_number,NOT_APPLICABLE,0,0,0,0.0,2025-11-22 15:17:09,logistics
EVID0008195,DSP001366,TXN0083390,delivery_confirmation,NOT_APPLICABLE,0,0,0,0.0,2025-11-17 03:05:34,logistics
EVID0008196,DSP001366,TXN0083390,customer_communication,APPLICABLE,1,0,1,0.66,2025-11-21 05:46:59,crm
EVID0008197,DSP001367,TXN0083405,order_confirmation,UNAVAILABLE,0,1,1,0.0,2025-11-13 17:08:13,billing
EVID0008198,DSP001367,TXN0083405,invoice,APPLICABLE,1,0,1,0.68,2025-11-15 15:26:40,billing
EVID0008199,DSP001367,TXN0083405,shipping_label,NOT_APPLICABLE,0,0,0,0.0,2025-11-14 22:40:56,logistics
EVID0008200,DSP001367,TXN0083405,tracking_number,NOT_APPLICABLE,0,0,0,0.0,2025-11-16 11:19:29,logistics
EVID0008201,DSP001367,TXN0083405,delivery_confirmation,NOT_APPLICABLE,0,0,0,0.0,2025-11-15 14:22:48,logistics
EVID0008202,DSP001367,TXN0083405,customer_communication,APPLICABLE,1,1,1,0.76,2025-11-15 01:25:52,crm
EVID0008203,DSP001368,TXN0083480,order_confirmation,APPLICABLE,1,1,1,0.95,2025-11-27 13:11:42,billing
EVID0008204,DSP001368,TXN0083480,invoice,APPLICABLE,1,1,1,0.85,2025-12-12 23:54:38,billing
EVID0008205,DSP001368,TXN0083480,shipping_label,APPLICABLE,1,0,1,0.62,2025-11-24 01:57:45,logistics
EVID0008206,DSP001368,TXN0083480,tracking_number,APPLICABLE,1,0,0,0.63,2025-12-09 09:03:56,logistics
EVID0008207,DSP001368,TXN0083480,delivery_confirmation,APPLICABLE,1,0,1,0.71,2025-11-24 08:07:25,logistics
EVID0008208,DSP001368,TXN0083480,customer_communication,UNAVAILABLE,0,1,1,0.0,2025-11-18 18:40:16,crm
EVID0008209,DSP001369,TXN0083531,order_confirmation,APPLICABLE,1,1,1,0.63,2025-12-13 09:07:20,billing
EVID0008210,DSP001369,TXN0083531,invoice,APPLICABLE,1,0,1,0.6,2025-12-16 11:02:09,billing
EVID0008211,DSP001369,TXN0083531,shipping_label,NOT_APPLICABLE,0,0,0,0.0,2025-11-17 12:02:20,logistics
EVID0008212,DSP001369,TXN0083531,tracking_number,NOT_APPLICABLE,0,0,0,0.0,2025-12-11 17:33:39,logistics
EVID0008213,DSP001369,TXN0083531,delivery_confirmation,NOT_APPLICABLE,0,0,0,0.0,2025-12-15 05:49:18,logistics
EVID0008214,DSP001369,TXN0083531,customer_communication,APPLICABLE,1,0,0,0.85,2025-12-04 08:14:13,crm
EVID0008215,DSP001370,TXN0083564,order_confirmation,APPLICABLE,1,1,1,0.64,2025-11-18 18:38:37,billing
EVID0008216,DSP001370,TXN0083564,invoice,UNAVAILABLE,0,0,0,0.0,2025-11-15 04:44:24,billing
EVID0008217,DSP001370,TXN0083564,shipping_label,NOT_APPLICABLE,0,0,0,0.0,2025-12-03 11:25:56,logistics
EVID0008218,DSP001370,TXN0083564,tracking_number,NOT_APPLICABLE,0,0,0,0.0,2025-11-25 23:32:55,logistics
EVID0008219,DSP001370,TXN0083564,delivery_confirmation,NOT_APPLICABLE,0,0,0,0.0,2025-11-26 02:17:46,logistics
EVID0008220,DSP001370,TXN0083564,customer_communication,APPLICABLE,1,1,1,0.67,2025-11-15 03:04:09,crm
EVID0008221,DSP001371,TXN0083674,order_confirmation,APPLICABLE,1,1,1,0.91,2025-11-17 11:27:03,billing
EVID0008222,DSP001371,TXN0083674,invoice,APPLICABLE,1,1,1,0.73,2025-11-25 10:55:41,billing
EVID0008223,DSP001371,TXN0083674,shipping_label,NOT_APPLICABLE,0,0,0,0.0,2025-11-18 14:51:28,logistics
EVID0008224,DSP001371,TXN0083674,tracking_number,NOT_APPLICABLE,0,0,0,0.0,2025-11-29 01:31:13,logistics
EVID0008225,DSP001371,TXN0083674,delivery_confirmation,NOT_APPLICABLE,0,0,0,0.0,2025-11-22 09:34:48,logistics
EVID0008226,DSP001371,TXN0083674,customer_communication,UNAVAILABLE,0,1,1,0.0,2025-11-28 19:32:37,crm
EVID0008227,DSP001372,TXN0083753,order_confirmation,APPLICABLE,1,1,1,0.83,2025-11-21 13:39:13,billing
EVID0008228,DSP001372,TXN0083753,invoice,APPLICABLE,1,1,1,0.84,2025-11-15 01:59:53,billing
EVID0008229,DSP001372,TXN0083753,shipping_label,NOT_APPLICABLE,0,0,0,0.0,2025-11-30 06:34:14,logistics
EVID0008230,DSP001372,TXN0083753,tracking_number,NOT_APPLICABLE,0,0,0,0.0,2025-11-28 15:00:41,logistics
EVID0008231,DSP001372,TXN0083753,delivery_confirmation,NOT_APPLICABLE,0,0,0,0.0,2025-11-14 18:18:53,logistics
EVID0008232,DSP001372,TXN0083753,customer_communication,APPLICABLE,1,1,1,0.68,2025-11-25 20:36:33,crm
EVID0008233,DSP001373,TXN0083785,order_confirmation,APPLICABLE,1,1,1,0.89,2025-11-15 14:54:09,billing
EVID0008234,DSP001373,TXN0083785,invoice,APPLICABLE,1,0,1,0.6,2025-11-27 16:06:39,billing
EVID0008235,DSP001373,TXN0083785,shipping_label,NOT_APPLICABLE,0,0,0,0.0,2025-11-27 12:38:34,logistics
EVID0008236,DSP001373,TXN0083785,tracking_number,NOT_APPLICABLE,0,0,0,0.0,2025-11-15 16:07:59,logistics
EVID0008237,DSP001373,TXN0083785,delivery_confirmation,NOT_APPLICABLE,0,0,0,0.0,2025-11-22 21:53:15,logistics
EVID0008238,DSP001373,TXN0083785,customer_communication,APPLICABLE,1,1,1,0.78,2025-11-30 08:57:10,crm
EVID0008239,DSP001374,TXN0083998,order_confirmation,UNAVAILABLE,0,1,1,0.0,2025-11-15 23:53:06,billing
EVID0008240,DSP001374,TXN0083998,invoice,UNAVAILABLE,0,0,1,0.0,2025-11-17 22:28:56,billing
EVID0008241,DSP001374,TXN0083998,shipping_label,NOT_APPLICABLE,0,0,0,0.0,2025-11-17 05:52:05,logistics
EVID0008242,DSP001374,TXN0083998,tracking_number,NOT_APPLICABLE,0,0,0,0.0,2025-11-17 02:02:04,logistics
EVID0008243,DSP001374,TXN0083998,delivery_confirmation,NOT_APPLICABLE,0,0,0,0.0,2025-11-17 08:13:34,logistics
EVID0008244,DSP001374,TXN0083998,customer_communication,UNAVAILABLE,0,1,1,0.0,2025-11-17 12:23:47,crm
EVID0008245,DSP001375,TXN0084014,order_confirmation,APPLICABLE,1,1,1,0.82,2025-11-21 10:17:20,billing
EVID0008246,DSP001375,TXN0084014,invoice,APPLICABLE,1,1,1,0.72,2025-11-22 20:48:18,billing
EVID0008247,DSP001375,TXN0084014,shipping_label,NOT_APPLICABLE,0,0,0,0.0,2025-11-16 00:09:53,logistics
EVID0008248,DSP001375,TXN0084014,tracking_number,NOT_APPLICABLE,0,0,0,0.0,2025-11-20 05:01:07,logistics
EVID0008249,DSP001375,TXN0084014,delivery_confirmation,NOT_APPLICABLE,0,0,0,0.0,2025-11-19 01:22:55,logistics
EVID0008250,DSP001375,TXN0084014,customer_communication,APPLICABLE,1,0,1,0.71,2025-11-23 21:18:42,crm
EVID0008251,DSP001376,TXN0084244,order_confirmation,APPLICABLE,1,1,1,0.76,2025-12-03 23:16:37,billing
EVID0008252,DSP001376,TXN0084244,invoice,APPLICABLE,1,1,1,0.83,2025-12-15 19:38:25,billing
EVID0008253,DSP001376,TXN0084244,shipping_label,NOT_APPLICABLE,0,0,0,0.0,2025-11-20 19:20:59,logistics
EVID0008254,DSP001376,TXN0084244,tracking_number,NOT_APPLICABLE,0,0,0,0.0,2025-11-17 05:46:05,logistics
EVID0008255,DSP001376,TXN0084244,delivery_confirmation,NOT_APPLICABLE,0,0,0,0.0,2025-11-26 16:38:26,logistics
EVID0008256,DSP001376,TXN0084244,customer_communication,APPLICABLE,1,1,1,0.88,2025-11-18 03:22:33,crm
EVID0008257,DSP001377,TXN0084273,order_confirmation,UNAVAILABLE,0,1,1,0.0,2025-11-17 19:59:55,billing
EVID0008258,DSP001377,TXN0084273,invoice,APPLICABLE,1,1,1,0.71,2025-11-18 12:25:47,billing
EVID0008259,DSP001377,TXN0084273,shipping_label,APPLICABLE,1,0,0,0.82,2025-11-17 05:56:32,logistics
EVID0008260,DSP001377,TXN0084273,tracking_number,APPLICABLE,1,0,1,0.94,2025-11-16 21:45:53,logistics
EVID0008261,DSP001377,TXN0084273,delivery_confirmation,APPLICABLE,1,0,1,0.69,2025-11-16 09:47:50,logistics
EVID0008262,DSP001377,TXN0084273,customer_communication,APPLICABLE,1,0,0,0.65,2025-11-17 00:49:06,crm
EVID0008263,DSP001378,TXN0084366,order_confirmation,APPLICABLE,1,1,1,0.68,2025-11-18 20:36:53,billing
EVID0008264,DSP001378,TXN0084366,invoice,APPLICABLE,1,0,0,0.72,2025-11-28 22:00:59,billing
EVID0008265,DSP001378,TXN0084366,shipping_label,APPLICABLE,1,0,1,0.86,2025-11-18 09:38:44,logistics
EVID0008266,DSP001378,TXN0084366,tracking_number,APPLICABLE,1,0,0,0.88,2025-11-21 16:33:13,logistics
EVID0008267,DSP001378,TXN0084366,delivery_confirmation,APPLICABLE,1,1,1,0.78,2025-11-18 15:23:10,logistics
EVID0008268,DSP001378,TXN0084366,customer_communication,UNAVAILABLE,0,1,1,0.0,2025-12-01 01:58:55,crm
EVID0008269,DSP001379,TXN0084493,order_confirmation,APPLICABLE,1,1,1,0.65,2025-12-01 10:10:29,billing
EVID0008270,DSP001379,TXN0084493,invoice,UNAVAILABLE,0,0,0,0.0,2025-12-05 18:22:41,billing
EVID0008271,DSP001379,TXN0084493,shipping_label,UNAVAILABLE,0,1,1,0.0,2025-11-25 18:19:45,logistics
EVID0008272,DSP001379,TXN0084493,tracking_number,APPLICABLE,1,1,1,0.77,2025-11-23 02:27:24,logistics
EVID0008273,DSP001379,TXN0084493,delivery_confirmation,APPLICABLE,1,1,1,0.88,2025-12-03 12:13:24,logistics
EVID0008274,DSP001379,TXN0084493,customer_communication,APPLICABLE,1,0,0,0.87,2025-11-20 16:27:03,crm
EVID0008275,DSP001380,TXN0084515,order_confirmation,APPLICABLE,1,1,1,0.78,2025-11-18 01:04:47,billing
EVID0008276,DSP001380,TXN0084515,invoice,APPLICABLE,1,1,1,0.83,2025-11-18 02:56:25,billing
EVID0008277,DSP001380,TXN0084515,shipping_label,NOT_APPLICABLE,0,0,0,0.0,2025-11-20 11:10:06,logistics
EVID0008278,DSP001380,TXN0084515,tracking_number,NOT_APPLICABLE,0,0,0,0.0,2025-11-27 01:12:04,logistics
EVID0008279,DSP001380,TXN0084515,delivery_confirmation,NOT_APPLICABLE,0,0,0,0.0,2025-11-18 09:15:52,logistics
EVID0008280,DSP001380,TXN0084515,customer_communication,APPLICABLE,1,1,1,0.82,2025-11-25 17:29:36,crm
EVID0008281,DSP001381,TXN0084620,order_confirmation,APPLICABLE,1,1,1,0.61,2025-11-22 17:12:18,billing
EVID0008282,DSP001381,TXN0084620,invoice,APPLICABLE,1,0,1,0.76,2025-12-12 02:31:43,billing
EVID0008283,DSP001381,TXN0084620,shipping_label,UNAVAILABLE,0,0,1,0.0,2025-12-12 09:18:56,logistics
EVID0008284,DSP001381,TXN0084620,tracking_number,APPLICABLE,1,0,0,0.85,2025-11-28 10:51:36,logistics
EVID0008285,DSP001381,TXN0084620,delivery_confirmation,APPLICABLE,1,1,1,0.92,2025-12-14 19:54:52,logistics
EVID0008286,DSP001381,TXN0084620,customer_communication,APPLICABLE,1,1,1,0.7,2025-12-09 23:27:18,crm
EVID0008287,DSP001382,TXN0084768,order_confirmation,APPLICABLE,1,1,1,0.72,2025-11-29 02:00:40,billing
EVID0008288,DSP001382,TXN0084768,invoice,APPLICABLE,1,1,1,0.71,2025-11-22 20:22:12,billing
EVID0008289,DSP001382,TXN0084768,shipping_label,NOT_APPLICABLE,0,0,0,0.0,2025-11-19 14:17:29,logistics
EVID0008290,DSP001382,TXN0084768,tracking_number,NOT_APPLICABLE,0,0,0,0.0,2025-11-23 18:29:45,logistics
EVID0008291,DSP001382,TXN0084768,delivery_confirmation,NOT_APPLICABLE,0,0,0,0.0,2025-12-05 23:09:34,logistics
EVID0008292,DSP001382,TXN0084768,customer_communication,APPLICABLE,1,1,1,0.64,2025-11-24 13:23:00,crm
EVID0008293,DSP001383,TXN0084833,order_confirmation,APPLICABLE,1,1,1,0.64,2025-11-27 11:51:45,billing
EVID0008294,DSP001383,TXN0084833,invoice,APPLICABLE,1,0,0,0.85,2025-11-21 06:52:40,billing
EVID0008295,DSP001383,TXN0084833,shipping_label,APPLICABLE,1,1,1,0.87,2025-11-21 03:31:53,logistics
EVID0008296,DSP001383,TXN0084833,tracking_number,APPLICABLE,1,1,1,0.77,2025-12-11 12:14:21,logistics
EVID0008297,DSP001383,TXN0084833,delivery_confirmation,APPLICABLE,1,1,1,0.87,2025-11-20 10:11:52,logistics
EVID0008298,DSP001383,TXN0084833,customer_communication,UNAVAILABLE,0,0,1,0.0,2025-11-27 19:32:01,crm
EVID0008299,DSP001384,TXN0084887,order_confirmation,APPLICABLE,1,1,1,0.6,2025-12-27 08:39:52,billing
EVID0008300,DSP001384,TXN0084887,invoice,APPLICABLE,1,1,1,0.72,2025-12-06 07:39:26,billing
EVID0008301,DSP001384,TXN0084887,shipping_label,APPLICABLE,1,0,0,0.72,2025-11-26 17:58:09,logistics
EVID0008302,DSP001384,TXN0084887,tracking_number,UNAVAILABLE,0,0,1,0.0,2025-12-11 07:10:40,logistics
EVID0008303,DSP001384,TXN0084887,delivery_confirmation,APPLICABLE,1,0,1,0.85,2025-11-22 16:49:17,logistics
EVID0008304,DSP001384,TXN0084887,customer_communication,UNAVAILABLE,0,0,1,0.0,2025-12-04 03:40:58,crm
EVID0008305,DSP001385,TXN0084960,order_confirmation,APPLICABLE,1,1,1,0.7,2025-12-02 23:48:23,billing
EVID0008306,DSP001385,TXN0084960,invoice,APPLICABLE,1,1,1,0.91,2025-12-24 16:44:57,billing
EVID0008307,DSP001385,TXN0084960,shipping_label,APPLICABLE,1,0,1,0.68,2025-12-02 22:01:10,logistics
EVID0008308,DSP001385,TXN0084960,tracking_number,APPLICABLE,1,0,0,0.78,2025-12-22 04:11:36,logistics
EVID0008309,DSP001385,TXN0084960,delivery_confirmation,UNAVAILABLE,0,0,0,0.0,2025-12-09 19:41:26,logistics
EVID0008310,DSP001385,TXN0084960,customer_communication,APPLICABLE,1,1,1,0.87,2025-12-19 14:11:02,crm
EVID0008311,DSP001386,TXN0084997,order_confirmation,APPLICABLE,1,1,1,0.88,2025-11-21 00:12:58,billing
EVID0008312,DSP001386,TXN0084997,invoice,APPLICABLE,1,1,1,0.93,2025-11-23 03:54:07,billing
EVID0008313,DSP001386,TXN0084997,shipping_label,APPLICABLE,1,0,1,0.89,2025-11-26 16:17:18,logistics
EVID0008314,DSP001386,TXN0084997,tracking_number,APPLICABLE,1,0,0,0.94,2025-11-27 05:03:52,logistics
EVID0008315,DSP001386,TXN0084997,delivery_confirmation,UNAVAILABLE,0,0,0,0.0,2025-11-28 20:00:40,logistics
EVID0008316,DSP001386,TXN0084997,customer_communication,APPLICABLE,1,1,1,0.66,2025-11-30 07:33:54,crm
EVID0008317,DSP001387,TXN0085090,order_confirmation,APPLICABLE,1,1,1,0.74,2025-11-20 00:47:20,billing
EVID0008318,DSP001387,TXN0085090,invoice,APPLICABLE,1,0,1,0.82,2025-11-25 02:39:22,billing
EVID0008319,DSP001387,TXN0085090,shipping_label,NOT_APPLICABLE,0,0,0,0.0,2025-11-28 15:16:25,logistics
EVID0008320,DSP001387,TXN0085090,tracking_number,NOT_APPLICABLE,0,0,0,0.0,2025-11-22 08:27:17,logistics
EVID0008321,DSP001387,TXN0085090,delivery_confirmation,NOT_APPLICABLE,0,0,0,0.0,2025-11-25 19:43:46,logistics
EVID0008322,DSP001387,TXN0085090,customer_communication,UNAVAILABLE,0,0,1,0.0,2025-12-02 09:04:17,crm
EVID0008323,DSP001388,TXN0085110,order_confirmation,APPLICABLE,1,1,1,0.93,2025-11-21 01:57:49,billing
EVID0008324,DSP001388,TXN0085110,invoice,UNAVAILABLE,0,0,1,0.0,2025-11-24 05:54:21,billing
EVID0008325,DSP001388,TXN0085110,shipping_label,NOT_APPLICABLE,0,0,0,0.0,2025-11-18 19:25:52,logistics
EVID0008326,DSP001388,TXN0085110,tracking_number,NOT_APPLICABLE,0,0,0,0.0,2025-11-29 14:13:50,logistics
EVID0008327,DSP001388,TXN0085110,delivery_confirmation,NOT_APPLICABLE,0,0,0,0.0,2025-11-22 22:43:14,logistics
EVID0008328,DSP001388,TXN0085110,customer_communication,APPLICABLE,1,0,0,0.75,2025-11-24 21:09:54,crm
EVID0008329,DSP001389,TXN0085205,order_confirmation,APPLICABLE,1,1,1,0.78,2025-11-21 20:56:19,billing
EVID0008330,DSP001389,TXN0085205,invoice,APPLICABLE,1,0,1,0.68,2025-11-21 09:32:37,billing
EVID0008331,DSP001389,TXN0085205,shipping_label,NOT_APPLICABLE,0,0,0,0.0,2025-11-20 18:52:49,logistics
EVID0008332,DSP001389,TXN0085205,tracking_number,NOT_APPLICABLE,0,0,0,0.0,2025-11-20 06:18:02,logistics
EVID0008333,DSP001389,TXN0085205,delivery_confirmation,NOT_APPLICABLE,0,0,0,0.0,2025-11-19 08:51:20,logistics
EVID0008334,DSP001389,TXN0085205,customer_communication,UNAVAILABLE,0,1,1,0.0,2025-11-21 23:46:00,crm
EVID0008335,DSP001390,TXN0085306,order_confirmation,APPLICABLE,1,1,1,0.95,2025-11-26 03:22:33,billing
EVID0008336,DSP001390,TXN0085306,invoice,UNAVAILABLE,0,1,1,0.0,2025-12-08 02:20:43,billing
EVID0008337,DSP001390,TXN0085306,shipping_label,APPLICABLE,1,0,0,0.78,2025-12-13 04:59:06,logistics
EVID0008338,DSP001390,TXN0085306,tracking_number,APPLICABLE,1,0,0,0.75,2025-12-09 17:51:56,logistics
EVID0008339,DSP001390,TXN0085306,delivery_confirmation,APPLICABLE,1,0,0,0.6,2025-12-13 11:40:06,logistics
EVID0008340,DSP001390,TXN0085306,customer_communication,APPLICABLE,1,1,1,0.86,2025-12-05 00:43:31,crm
EVID0008341,DSP001391,TXN0085341,order_confirmation,APPLICABLE,1,1,1,0.85,2025-11-23 16:19:06,billing
EVID0008342,DSP001391,TXN0085341,invoice,APPLICABLE,1,0,1,0.62,2025-11-21 07:36:14,billing
EVID0008343,DSP001391,TXN0085341,shipping_label,NOT_APPLICABLE,0,0,0,0.0,2025-12-07 12:01:45,logistics
EVID0008344,DSP001391,TXN0085341,tracking_number,NOT_APPLICABLE,0,0,0,0.0,2025-12-09 10:42:34,logistics
EVID0008345,DSP001391,TXN0085341,delivery_confirmation,NOT_APPLICABLE,0,0,0,0.0,2025-11-28 08:18:18,logistics
EVID0008346,DSP001391,TXN0085341,customer_communication,APPLICABLE,1,1,1,0.83,2025-12-03 04:54:00,crm
EVID0008347,DSP001392,TXN0085458,order_confirmation,APPLICABLE,1,1,1,0.68,2025-12-02 20:53:36,billing
EVID0008348,DSP001392,TXN0085458,invoice,UNAVAILABLE,0,0,1,0.0,2025-12-15 04:24:07,billing
EVID0008349,DSP001392,TXN0085458,shipping_label,NOT_APPLICABLE,0,0,0,0.0,2025-12-13 10:31:16,logistics
EVID0008350,DSP001392,TXN0085458,tracking_number,NOT_APPLICABLE,0,0,0,0.0,2025-12-14 15:39:03,logistics
EVID0008351,DSP001392,TXN0085458,delivery_confirmation,NOT_APPLICABLE,0,0,0,0.0,2025-12-10 12:33:24,logistics
EVID0008352,DSP001392,TXN0085458,customer_communication,APPLICABLE,1,0,1,0.78,2025-11-24 18:37:33,crm
EVID0008353,DSP001393,TXN0085461,order_confirmation,UNAVAILABLE,0,1,1,0.0,2025-11-20 19:58:28,billing
EVID0008354,DSP001393,TXN0085461,invoice,APPLICABLE,1,0,1,0.8,2025-11-22 03:34:36,billing
EVID0008355,DSP001393,TXN0085461,shipping_label,NOT_APPLICABLE,0,0,0,0.0,2025-11-20 21:10:13,logistics
EVID0008356,DSP001393,TXN0085461,tracking_number,NOT_APPLICABLE,0,0,0,0.0,2025-11-20 03:05:48,logistics
EVID0008357,DSP001393,TXN0085461,delivery_confirmation,NOT_APPLICABLE,0,0,0,0.0,2025-11-19 22:00:51,logistics
EVID0008358,DSP001393,TXN0085461,customer_communication,UNAVAILABLE,0,1,1,0.0,2025-11-22 17:08:58,crm
EVID0008359,DSP001394,TXN0085502,order_confirmation,APPLICABLE,1,1,1,0.89,2025-11-22 22:35:45,billing
EVID0008360,DSP001394,TXN0085502,invoice,APPLICABLE,1,0,1,0.87,2025-11-22 08:19:30,billing
EVID0008361,DSP001394,TXN0085502,shipping_label,APPLICABLE,1,0,1,0.62,2025-11-27 03:00:53,logistics
EVID0008362,DSP001394,TXN0085502,tracking_number,APPLICABLE,1,0,1,0.89,2025-11-24 12:11:56,logistics
EVID0008363,DSP001394,TXN0085502,delivery_confirmation,APPLICABLE,1,1,1,0.67,2025-11-24 08:30:50,logistics
EVID0008364,DSP001394,TXN0085502,customer_communication,APPLICABLE,1,1,1,0.67,2025-11-24 08:47:55,crm
EVID0008365,DSP001395,TXN0085549,order_confirmation,UNAVAILABLE,0,1,1,0.0,2025-11-28 01:41:54,billing
EVID0008366,DSP001395,TXN0085549,invoice,APPLICABLE,1,1,1,0.6,2025-11-22 22:22:09,billing
EVID0008367,DSP001395,TXN0085549,shipping_label,UNAVAILABLE,0,0,0,0.0,2025-11-25 16:27:36,logistics
EVID0008368,DSP001395,TXN0085549,tracking_number,UNAVAILABLE,0,0,1,0.0,2025-11-22 04:08:48,logistics
EVID0008369,DSP001395,TXN0085549,delivery_confirmation,APPLICABLE,1,0,0,0.71,2025-11-21 18:02:48,logistics
EVID0008370,DSP001395,TXN0085549,customer_communication,APPLICABLE,1,1,1,0.67,2025-11-22 03:31:35,crm
EVID0008371,DSP001396,TXN0085640,order_confirmation,APPLICABLE,1,1,1,0.91,2025-12-18 19:13:10,billing
EVID0008372,DSP001396,TXN0085640,invoice,APPLICABLE,1,1,1,0.66,2025-12-03 19:59:00,billing
EVID0008373,DSP001396,TXN0085640,shipping_label,APPLICABLE,1,0,1,0.78,2025-12-25 11:29:56,logistics
EVID0008374,DSP001396,TXN0085640,tracking_number,APPLICABLE,1,0,0,0.88,2025-11-20 00:05:02,logistics
EVID0008375,DSP001396,TXN0085640,delivery_confirmation,APPLICABLE,1,0,0,0.85,2025-11-24 10:15:52,logistics
EVID0008376,DSP001396,TXN0085640,customer_communication,APPLICABLE,1,1,1,0.74,2025-11-28 20:05:47,crm
EVID0008377,DSP001397,TXN0085672,order_confirmation,APPLICABLE,1,1,1,0.6,2025-12-04 19:35:06,billing
EVID0008378,DSP001397,TXN0085672,invoice,APPLICABLE,1,1,1,0.65,2025-12-31 09:09:56,billing
EVID0008379,DSP001397,TXN0085672,shipping_label,NOT_APPLICABLE,0,0,0,0.0,2025-12-23 09:21:36,logistics
EVID0008380,DSP001397,TXN0085672,tracking_number,NOT_APPLICABLE,0,0,0,0.0,2025-12-01 13:52:06,logistics
EVID0008381,DSP001397,TXN0085672,delivery_confirmation,NOT_APPLICABLE,0,0,0,0.0,2025-11-28 06:11:31,logistics
EVID0008382,DSP001397,TXN0085672,customer_communication,APPLICABLE,1,1,1,0.6,2025-12-05 06:59:21,crm
EVID0008383,DSP001398,TXN0085737,order_confirmation,APPLICABLE,1,1,1,0.68,2025-12-01 10:18:17,billing
EVID0008384,DSP001398,TXN0085737,invoice,APPLICABLE,1,0,0,0.88,2025-11-23 19:44:46,billing
EVID0008385,DSP001398,TXN0085737,shipping_label,APPLICABLE,1,1,1,0.84,2025-11-20 16:32:26,logistics
EVID0008386,DSP001398,TXN0085737,tracking_number,UNAVAILABLE,0,1,1,0.0,2025-12-01 21:35:49,logistics
EVID0008387,DSP001398,TXN0085737,delivery_confirmation,UNAVAILABLE,0,1,1,0.0,2025-11-30 18:24:18,logistics
EVID0008388,DSP001398,TXN0085737,customer_communication,APPLICABLE,1,0,0,0.6,2025-11-28 11:43:22,crm
EVID0008389,DSP001399,TXN0085748,order_confirmation,UNAVAILABLE,0,1,1,0.0,2025-11-24 13:10:41,billing
EVID0008390,DSP001399,TXN0085748,invoice,APPLICABLE,1,1,1,0.72,2025-11-20 15:23:38,billing
EVID0008391,DSP001399,TXN0085748,shipping_label,APPLICABLE,1,0,1,0.85,2025-11-28 22:51:43,logistics
EVID0008392,DSP001399,TXN0085748,tracking_number,APPLICABLE,1,0,0,0.72,2025-12-01 21:44:58,logistics
EVID0008393,DSP001399,TXN0085748,delivery_confirmation,APPLICABLE,1,0,1,0.78,2025-12-04 13:26:17,logistics
EVID0008394,DSP001399,TXN0085748,customer_communication,APPLICABLE,1,1,1,0.67,2025-11-20 10:18:35,crm
EVID0008395,DSP001400,TXN0085815,order_confirmation,APPLICABLE,1,1,1,0.89,2025-11-21 15:01:19,billing
EVID0008396,DSP001400,TXN0085815,invoice,APPLICABLE,1,1,1,0.88,2025-11-20 22:50:08,billing
EVID0008397,DSP001400,TXN0085815,shipping_label,NOT_APPLICABLE,0,0,0,0.0,2025-12-04 07:09:41,logistics
EVID0008398,DSP001400,TXN0085815,tracking_number,NOT_APPLICABLE,0,0,0,0.0,2025-12-07 00:51:37,logistics
EVID0008399,DSP001400,TXN0085815,delivery_confirmation,NOT_APPLICABLE,0,0,0,0.0,2025-11-27 14:01:32,logistics
EVID0008400,DSP001400,TXN0085815,customer_communication,APPLICABLE,1,1,1,0.81,2025-11-26 01:41:30,crm
EVID0008401,DSP001401,TXN0085833,order_confirmation,APPLICABLE,1,1,1,0.71,2025-11-25 03:03:44,billing
EVID0008402,DSP001401,TXN0085833,invoice,APPLICABLE,1,1,1,0.8,2025-11-25 10:08:55,billing
EVID0008403,DSP001401,TXN0085833,shipping_label,APPLICABLE,1,0,1,0.76,2025-12-05 08:32:11,logistics
EVID0008404,DSP001401,TXN0085833,tracking_number,APPLICABLE,1,0,1,0.84,2025-12-06 20:44:29,logistics
EVID0008405,DSP001401,TXN0085833,delivery_confirmation,APPLICABLE,1,0,0,0.9,2025-12-12 12:59:07,logistics
EVID0008406,DSP001401,TXN0085833,customer_communication,APPLICABLE,1,1,1,0.8,2025-12-14 09:18:41,crm
EVID0008407,DSP001402,TXN0085979,order_confirmation,APPLICABLE,1,1,1,0.84,2025-12-14 11:40:44,billing
EVID0008408,DSP001402,TXN0085979,invoice,APPLICABLE,1,0,1,0.69,2025-12-03 04:15:54,billing
EVID0008409,DSP001402,TXN0085979,shipping_label,NOT_APPLICABLE,0,0,0,0.0,2025-12-08 13:18:04,logistics
EVID0008410,DSP001402,TXN0085979,tracking_number,NOT_APPLICABLE,0,0,0,0.0,2025-12-13 03:21:24,logistics
EVID0008411,DSP001402,TXN0085979,delivery_confirmation,NOT_APPLICABLE,0,0,0,0.0,2025-11-21 12:40:23,logistics
EVID0008412,DSP001402,TXN0085979,customer_communication,APPLICABLE,1,1,1,0.9,2025-12-07 23:42:46,crm
EVID0008413,DSP001403,TXN0086011,order_confirmation,APPLICABLE,1,1,1,0.84,2025-12-14 14:52:34,billing
EVID0008414,DSP001403,TXN0086011,invoice,APPLICABLE,1,0,0,0.89,2025-11-26 13:56:17,billing
EVID0008415,DSP001403,TXN0086011,shipping_label,APPLICABLE,1,1,1,0.83,2025-12-04 05:03:42,logistics
EVID0008416,DSP001403,TXN0086011,tracking_number,APPLICABLE,1,1,1,0.69,2025-11-22 02:42:39,logistics
EVID0008417,DSP001403,TXN0086011,delivery_confirmation,APPLICABLE,1,1,1,0.82,2025-11-28 06:52:42,logistics
EVID0008418,DSP001403,TXN0086011,customer_communication,APPLICABLE,1,0,0,0.65,2025-12-11 00:37:05,crm
EVID0008419,DSP001404,TXN0086139,order_confirmation,APPLICABLE,1,1,1,0.92,2025-12-15 16:13:45,billing
EVID0008420,DSP001404,TXN0086139,invoice,UNAVAILABLE,0,1,1,0.0,2025-11-23 00:13:09,billing
EVID0008421,DSP001404,TXN0086139,shipping_label,APPLICABLE,1,0,0,0.6,2025-12-03 08:55:18,logistics
EVID0008422,DSP001404,TXN0086139,tracking_number,APPLICABLE,1,0,0,0.86,2025-12-19 13:08:49,logistics
EVID0008423,DSP001404,TXN0086139,delivery_confirmation,APPLICABLE,1,0,0,0.86,2025-12-27 11:33:17,logistics
EVID0008424,DSP001404,TXN0086139,customer_communication,APPLICABLE,1,1,1,0.93,2025-12-25 06:53:08,crm
EVID0008425,DSP001405,TXN0086166,order_confirmation,APPLICABLE,1,1,1,0.8,2025-11-25 21:44:02,billing
EVID0008426,DSP001405,TXN0086166,invoice,UNAVAILABLE,0,1,1,0.0,2025-11-30 23:33:52,billing
EVID0008427,DSP001405,TXN0086166,shipping_label,NOT_APPLICABLE,0,0,0,0.0,2025-12-09 21:51:56,logistics
EVID0008428,DSP001405,TXN0086166,tracking_number,NOT_APPLICABLE,0,0,0,0.0,2025-11-26 19:28:18,logistics
EVID0008429,DSP001405,TXN0086166,delivery_confirmation,NOT_APPLICABLE,0,0,0,0.0,2025-12-04 20:52:00,logistics
EVID0008430,DSP001405,TXN0086166,customer_communication,APPLICABLE,1,1,1,0.65,2025-12-13 09:09:32,crm
EVID0008431,DSP001406,TXN0086187,order_confirmation,UNAVAILABLE,0,1,1,0.0,2025-11-30 02:09:57,billing
EVID0008432,DSP001406,TXN0086187,invoice,APPLICABLE,1,1,1,0.72,2025-11-29 15:53:03,billing
EVID0008433,DSP001406,TXN0086187,shipping_label,APPLICABLE,1,0,1,0.76,2025-12-01 02:44:17,logistics
EVID0008434,DSP001406,TXN0086187,tracking_number,APPLICABLE,1,0,0,0.84,2025-12-05 22:09:08,logistics
EVID0008435,DSP001406,TXN0086187,delivery_confirmation,APPLICABLE,1,0,1,0.77,2025-12-01 18:02:25,logistics
EVID0008436,DSP001406,TXN0086187,customer_communication,APPLICABLE,1,1,1,0.76,2025-11-28 07:52:28,crm
EVID0008437,DSP001407,TXN0086337,order_confirmation,APPLICABLE,1,1,1,0.76,2025-12-06 00:41:50,billing
EVID0008438,DSP001407,TXN0086337,invoice,APPLICABLE,1,1,1,0.61,2025-12-04 14:04:18,billing
EVID0008439,DSP001407,TXN0086337,shipping_label,NOT_APPLICABLE,0,0,0,0.0,2025-12-08 23:57:12,logistics
EVID0008440,DSP001407,TXN0086337,tracking_number,NOT_APPLICABLE,0,0,0,0.0,2025-11-30 07:04:34,logistics
EVID0008441,DSP001407,TXN0086337,delivery_confirmation,NOT_APPLICABLE,0,0,0,0.0,2025-12-12 05:02:40,logistics
EVID0008442,DSP001407,TXN0086337,customer_communication,APPLICABLE,1,1,1,0.86,2025-12-06 19:50:03,crm
EVID0008443,DSP001408,TXN0086341,order_confirmation,APPLICABLE,1,1,1,0.66,2025-12-08 19:39:50,billing
EVID0008444,DSP001408,TXN0086341,invoice,APPLICABLE,1,0,0,0.6,2025-12-05 23:24:09,billing
EVID0008445,DSP001408,TXN0086341,shipping_label,NOT_APPLICABLE,0,0,0,0.0,2025-11-27 07:45:48,logistics
EVID0008446,DSP001408,TXN0086341,tracking_number,NOT_APPLICABLE,0,0,0,0.0,2025-11-22 09:05:35,logistics
EVID0008447,DSP001408,TXN0086341,delivery_confirmation,NOT_APPLICABLE,0,0,0,0.0,2025-12-16 04:40:27,logistics
EVID0008448,DSP001408,TXN0086341,customer_communication,APPLICABLE,1,0,0,0.71,2025-11-29 02:48:08,crm
EVID0008449,DSP001409,TXN0086352,order_confirmation,UNAVAILABLE,0,1,1,0.0,2025-11-26 00:20:08,billing
EVID0008450,DSP001409,TXN0086352,invoice,APPLICABLE,1,1,1,0.6,2025-11-29 10:29:47,billing
EVID0008451,DSP001409,TXN0086352,shipping_label,NOT_APPLICABLE,0,0,0,0.0,2025-12-03 21:12:22,logistics
EVID0008452,DSP001409,TXN0086352,tracking_number,NOT_APPLICABLE,0,0,0,0.0,2025-11-29 01:32:01,logistics
EVID0008453,DSP001409,TXN0086352,delivery_confirmation,NOT_APPLICABLE,0,0,0,0.0,2025-11-23 15:15:07,logistics
EVID0008454,DSP001409,TXN0086352,customer_communication,APPLICABLE,1,1,1,0.7,2025-11-29 05:18:03,crm
EVID0008455,DSP001410,TXN0086385,order_confirmation,APPLICABLE,1,1,1,0.6,2025-12-06 01:08:58,billing
EVID0008456,DSP001410,TXN0086385,invoice,APPLICABLE,1,1,1,0.88,2025-12-21 02:23:20,billing
EVID0008457,DSP001410,TXN0086385,shipping_label,NOT_APPLICABLE,0,0,0,0.0,2025-11-28 07:13:25,logistics
EVID0008458,DSP001410,TXN0086385,tracking_number,NOT_APPLICABLE,0,0,0,0.0,2025-11-24 21:23:06,logistics
EVID0008459,DSP001410,TXN0086385,delivery_confirmation,NOT_APPLICABLE,0,0,0,0.0,2025-12-16 00:23:55,logistics
EVID0008460,DSP001410,TXN0086385,customer_communication,APPLICABLE,1,1,1,0.64,2025-12-07 03:43:06,crm
EVID0008461,DSP001411,TXN0086402,order_confirmation,APPLICABLE,1,1,1,0.6,2025-11-22 08:44:38,billing
EVID0008462,DSP001411,TXN0086402,invoice,APPLICABLE,1,0,1,0.88,2025-11-22 15:55:05,billing
EVID0008463,DSP001411,TXN0086402,shipping_label,NOT_APPLICABLE,0,0,0,0.0,2025-11-23 21:16:05,logistics
EVID0008464,DSP001411,TXN0086402,tracking_number,NOT_APPLICABLE,0,0,0,0.0,2025-11-23 04:42:26,logistics
EVID0008465,DSP001411,TXN0086402,delivery_confirmation,NOT_APPLICABLE,0,0,0,0.0,2025-11-24 11:39:17,logistics
EVID0008466,DSP001411,TXN0086402,customer_communication,APPLICABLE,1,1,1,0.82,2025-11-24 01:54:14,crm
EVID0008467,DSP001412,TXN0086531,order_confirmation,APPLICABLE,1,1,1,0.83,2025-11-26 17:23:27,billing
EVID0008468,DSP001412,TXN0086531,invoice,APPLICABLE,1,1,1,0.71,2025-12-27 04:07:28,billing
EVID0008469,DSP001412,TXN0086531,shipping_label,NOT_APPLICABLE,0,0,0,0.0,2025-12-05 16:32:30,logistics
EVID0008470,DSP001412,TXN0086531,tracking_number,NOT_APPLICABLE,0,0,0,0.0,2025-11-29 11:22:56,logistics
EVID0008471,DSP001412,TXN0086531,delivery_confirmation,NOT_APPLICABLE,0,0,0,0.0,2025-12-28 03:15:30,logistics
EVID0008472,DSP001412,TXN0086531,customer_communication,APPLICABLE,1,1,1,0.85,2025-12-02 02:23:37,crm
EVID0008473,DSP001413,TXN0086553,order_confirmation,APPLICABLE,1,1,1,0.62,2025-12-06 16:56:43,billing
EVID0008474,DSP001413,TXN0086553,invoice,APPLICABLE,1,1,1,0.61,2025-12-03 05:07:27,billing
EVID0008475,DSP001413,TXN0086553,shipping_label,NOT_APPLICABLE,0,0,0,0.0,2025-11-24 03:34:42,logistics
EVID0008476,DSP001413,TXN0086553,tracking_number,NOT_APPLICABLE,0,0,0,0.0,2025-12-15 13:25:42,logistics
EVID0008477,DSP001413,TXN0086553,delivery_confirmation,NOT_APPLICABLE,0,0,0,0.0,2025-12-09 19:18:46,logistics
EVID0008478,DSP001413,TXN0086553,customer_communication,APPLICABLE,1,1,1,0.71,2025-12-04 15:55:33,crm
EVID0008479,DSP001414,TXN0086872,order_confirmation,UNAVAILABLE,0,1,1,0.0,2025-12-06 03:15:46,billing
EVID0008480,DSP001414,TXN0086872,invoice,APPLICABLE,1,0,0,0.68,2025-12-08 02:45:13,billing
EVID0008481,DSP001414,TXN0086872,shipping_label,NOT_APPLICABLE,0,0,0,0.0,2025-12-22 10:28:21,logistics
EVID0008482,DSP001414,TXN0086872,tracking_number,NOT_APPLICABLE,0,0,0,0.0,2025-12-08 12:54:19,logistics
EVID0008483,DSP001414,TXN0086872,delivery_confirmation,NOT_APPLICABLE,0,0,0,0.0,2025-12-01 20:47:00,logistics
EVID0008484,DSP001414,TXN0086872,customer_communication,APPLICABLE,1,1,1,0.89,2025-12-20 19:52:18,crm
EVID0008485,DSP001415,TXN0086897,order_confirmation,APPLICABLE,1,1,1,0.89,2025-12-10 02:02:09,billing
EVID0008486,DSP001415,TXN0086897,invoice,UNAVAILABLE,0,0,1,0.0,2025-12-12 03:10:01,billing
EVID0008487,DSP001415,TXN0086897,shipping_label,NOT_APPLICABLE,0,0,0,0.0,2025-11-28 08:11:36,logistics
EVID0008488,DSP001415,TXN0086897,tracking_number,NOT_APPLICABLE,0,0,0,0.0,2025-11-29 13:37:11,logistics
EVID0008489,DSP001415,TXN0086897,delivery_confirmation,NOT_APPLICABLE,0,0,0,0.0,2025-11-26 19:01:05,logistics
EVID0008490,DSP001415,TXN0086897,customer_communication,UNAVAILABLE,0,1,1,0.0,2025-12-03 14:29:31,crm
EVID0008491,DSP001416,TXN0086994,order_confirmation,UNAVAILABLE,0,1,1,0.0,2025-11-25 17:39:07,billing
EVID0008492,DSP001416,TXN0086994,invoice,UNAVAILABLE,0,1,1,0.0,2025-11-30 20:59:50,billing
EVID0008493,DSP001416,TXN0086994,shipping_label,NOT_APPLICABLE,0,0,0,0.0,2025-12-07 09:53:38,logistics
EVID0008494,DSP001416,TXN0086994,tracking_number,NOT_APPLICABLE,0,0,0,0.0,2025-12-08 21:48:36,logistics
EVID0008495,DSP001416,TXN0086994,delivery_confirmation,NOT_APPLICABLE,0,0,0,0.0,2025-12-04 20:25:46,logistics
EVID0008496,DSP001416,TXN0086994,customer_communication,APPLICABLE,1,1,1,0.8,2025-12-06 21:45:25,crm
EVID0008497,DSP001417,TXN0087049,order_confirmation,APPLICABLE,1,1,1,0.74,2025-11-30 11:31:58,billing
EVID0008498,DSP001417,TXN0087049,invoice,UNAVAILABLE,0,1,1,0.0,2025-12-19 07:32:27,billing
EVID0008499,DSP001417,TXN0087049,shipping_label,APPLICABLE,1,0,0,0.6,2025-12-15 04:53:35,logistics
EVID0008500,DSP001417,TXN0087049,tracking_number,APPLICABLE,1,0,1,0.65,2025-12-08 23:00:56,logistics
EVID0008501,DSP001417,TXN0087049,delivery_confirmation,APPLICABLE,1,0,0,0.72,2025-12-18 05:01:40,logistics
EVID0008502,DSP001417,TXN0087049,customer_communication,APPLICABLE,1,1,1,0.69,2025-12-11 02:37:38,crm
EVID0008503,DSP001418,TXN0087092,order_confirmation,APPLICABLE,1,1,1,0.79,2025-12-14 05:25:01,billing
EVID0008504,DSP001418,TXN0087092,invoice,APPLICABLE,1,1,1,0.77,2025-12-13 17:28:42,billing
EVID0008505,DSP001418,TXN0087092,shipping_label,APPLICABLE,1,0,0,0.88,2025-12-16 04:55:38,logistics
EVID0008506,DSP001418,TXN0087092,tracking_number,UNAVAILABLE,0,0,1,0.0,2025-11-25 03:44:01,logistics
EVID0008507,DSP001418,TXN0087092,delivery_confirmation,APPLICABLE,1,0,1,0.78,2025-11-25 02:16:35,logistics
EVID0008508,DSP001418,TXN0087092,customer_communication,APPLICABLE,1,1,1,0.67,2025-12-14 05:53:53,crm
EVID0008509,DSP001419,TXN0087168,order_confirmation,APPLICABLE,1,1,1,0.71,2025-11-27 16:21:53,billing
EVID0008510,DSP001419,TXN0087168,invoice,APPLICABLE,1,0,0,0.93,2025-11-26 22:57:47,billing
EVID0008511,DSP001419,TXN0087168,shipping_label,NOT_APPLICABLE,0,0,0,0.0,2025-12-01 01:19:07,logistics
EVID0008512,DSP001419,TXN0087168,tracking_number,NOT_APPLICABLE,0,0,0,0.0,2025-11-30 05:28:42,logistics
EVID0008513,DSP001419,TXN0087168,delivery_confirmation,NOT_APPLICABLE,0,0,0,0.0,2025-11-28 12:57:50,logistics
EVID0008514,DSP001419,TXN0087168,customer_communication,APPLICABLE,1,1,1,0.74,2025-11-25 13:21:32,crm
EVID0008515,DSP001420,TXN0087284,order_confirmation,APPLICABLE,1,1,1,0.83,2026-01-06 02:22:31,billing
EVID0008516,DSP001420,TXN0087284,invoice,APPLICABLE,1,0,1,0.93,2025-12-08 17:25:39,billing
EVID0008517,DSP001420,TXN0087284,shipping_label,UNAVAILABLE,0,0,0,0.0,2025-11-27 02:01:55,logistics
EVID0008518,DSP001420,TXN0087284,tracking_number,APPLICABLE,1,0,0,0.64,2025-12-31 03:41:14,logistics
EVID0008519,DSP001420,TXN0087284,delivery_confirmation,APPLICABLE,1,1,1,0.91,2026-01-04 12:16:46,logistics
EVID0008520,DSP001420,TXN0087284,customer_communication,APPLICABLE,1,1,1,0.81,2025-12-13 13:08:21,crm
EVID0008521,DSP001421,TXN0087322,order_confirmation,APPLICABLE,1,1,1,0.68,2025-12-17 00:12:20,billing
EVID0008522,DSP001421,TXN0087322,invoice,APPLICABLE,1,0,0,0.8,2025-12-19 16:31:08,billing
EVID0008523,DSP001421,TXN0087322,shipping_label,NOT_APPLICABLE,0,0,0,0.0,2025-12-16 21:11:29,logistics
EVID0008524,DSP001421,TXN0087322,tracking_number,NOT_APPLICABLE,0,0,0,0.0,2025-11-27 04:18:48,logistics
EVID0008525,DSP001421,TXN0087322,delivery_confirmation,NOT_APPLICABLE,0,0,0,0.0,2025-11-28 15:37:49,logistics
EVID0008526,DSP001421,TXN0087322,customer_communication,APPLICABLE,1,1,1,0.9,2025-11-27 04:43:02,crm
EVID0008527,DSP001422,TXN0087331,order_confirmation,UNAVAILABLE,0,1,1,0.0,2025-12-23 09:59:49,billing
EVID0008528,DSP001422,TXN0087331,invoice,APPLICABLE,1,1,1,0.94,2025-11-29 07:01:09,billing
EVID0008529,DSP001422,TXN0087331,shipping_label,NOT_APPLICABLE,0,0,0,0.0,2026-01-03 11:10:14,logistics
EVID0008530,DSP001422,TXN0087331,tracking_number,NOT_APPLICABLE,0,0,0,0.0,2025-12-08 16:05:15,logistics
EVID0008531,DSP001422,TXN0087331,delivery_confirmation,NOT_APPLICABLE,0,0,0,0.0,2025-12-22 00:19:49,logistics
EVID0008532,DSP001422,TXN0087331,customer_communication,APPLICABLE,1,1,1,0.65,2025-12-17 22:29:30,crm
EVID0008533,DSP001423,TXN0087386,order_confirmation,APPLICABLE,1,1,1,0.64,2025-11-25 08:15:39,billing
EVID0008534,DSP001423,TXN0087386,invoice,APPLICABLE,1,1,1,0.94,2025-11-27 04:32:49,billing
EVID0008535,DSP001423,TXN0087386,shipping_label,APPLICABLE,1,0,0,0.85,2025-11-26 10:48:18,logistics
EVID0008536,DSP001423,TXN0087386,tracking_number,APPLICABLE,1,0,1,0.72,2025-11-30 17:05:08,logistics
EVID0008537,DSP001423,TXN0087386,delivery_confirmation,APPLICABLE,1,0,1,0.69,2025-11-26 08:32:52,logistics
EVID0008538,DSP001423,TXN0087386,customer_communication,UNAVAILABLE,0,1,1,0.0,2025-11-27 09:55:46,crm
EVID0008539,DSP001424,TXN0087430,order_confirmation,APPLICABLE,1,1,1,0.7,2025-12-12 05:52:42,billing
EVID0008540,DSP001424,TXN0087430,invoice,APPLICABLE,1,1,1,0.65,2025-12-17 12:31:00,billing
EVID0008541,DSP001424,TXN0087430,shipping_label,NOT_APPLICABLE,0,0,0,0.0,2025-11-24 22:42:20,logistics
EVID0008542,DSP001424,TXN0087430,tracking_number,NOT_APPLICABLE,0,0,0,0.0,2025-12-14 08:15:12,logistics
EVID0008543,DSP001424,TXN0087430,delivery_confirmation,NOT_APPLICABLE,0,0,0,0.0,2025-12-06 13:27:16,logistics
EVID0008544,DSP001424,TXN0087430,customer_communication,APPLICABLE,1,1,1,0.7,2025-12-09 22:15:30,crm
EVID0008545,DSP001425,TXN0087520,order_confirmation,UNAVAILABLE,0,1,1,0.0,2025-11-25 07:07:46,billing
EVID0008546,DSP001425,TXN0087520,invoice,UNAVAILABLE,0,0,0,0.0,2025-11-29 00:15:02,billing
EVID0008547,DSP001425,TXN0087520,shipping_label,NOT_APPLICABLE,0,0,0,0.0,2025-12-09 22:50:32,logistics
EVID0008548,DSP001425,TXN0087520,tracking_number,NOT_APPLICABLE,0,0,0,0.0,2025-11-28 05:36:59,logistics
EVID0008549,DSP001425,TXN0087520,delivery_confirmation,NOT_APPLICABLE,0,0,0,0.0,2025-12-07 21:55:38,logistics
EVID0008550,DSP001425,TXN0087520,customer_communication,UNAVAILABLE,0,0,1,0.0,2025-11-27 15:32:09,crm
EVID0008551,DSP001426,TXN0087526,order_confirmation,UNAVAILABLE,0,1,1,0.0,2025-11-25 22:05:24,billing
EVID0008552,DSP001426,TXN0087526,invoice,APPLICABLE,1,1,1,0.85,2025-12-07 14:22:44,billing
EVID0008553,DSP001426,TXN0087526,shipping_label,APPLICABLE,1,0,1,0.61,2025-12-06 02:16:05,logistics
EVID0008554,DSP001426,TXN0087526,tracking_number,APPLICABLE,1,0,1,0.9,2025-12-04 19:20:02,logistics
EVID0008555,DSP001426,TXN0087526,delivery_confirmation,APPLICABLE,1,0,1,0.64,2025-11-26 16:08:49,logistics
EVID0008556,DSP001426,TXN0087526,customer_communication,APPLICABLE,1,1,1,0.92,2025-11-28 06:41:13,crm
EVID0008557,DSP001427,TXN0087553,order_confirmation,APPLICABLE,1,1,1,0.61,2025-12-06 19:00:58,billing
EVID0008558,DSP001427,TXN0087553,invoice,APPLICABLE,1,0,1,0.92,2025-12-21 22:16:46,billing
EVID0008559,DSP001427,TXN0087553,shipping_label,NOT_APPLICABLE,0,0,0,0.0,2025-12-08 00:32:37,logistics
EVID0008560,DSP001427,TXN0087553,tracking_number,NOT_APPLICABLE,0,0,0,0.0,2025-12-16 16:55:44,logistics
EVID0008561,DSP001427,TXN0087553,delivery_confirmation,NOT_APPLICABLE,0,0,0,0.0,2025-12-01 08:50:23,logistics
EVID0008562,DSP001427,TXN0087553,customer_communication,APPLICABLE,1,0,0,0.66,2025-12-16 09:02:02,crm
EVID0008563,DSP001428,TXN0087750,order_confirmation,APPLICABLE,1,1,1,0.9,2025-12-02 16:00:12,billing
EVID0008564,DSP001428,TXN0087750,invoice,APPLICABLE,1,1,1,0.83,2026-01-04 12:36:25,billing
EVID0008565,DSP001428,TXN0087750,shipping_label,APPLICABLE,1,0,0,0.68,2025-12-31 22:26:50,logistics
EVID0008566,DSP001428,TXN0087750,tracking_number,APPLICABLE,1,0,1,0.84,2025-12-27 16:55:47,logistics
EVID0008567,DSP001428,TXN0087750,delivery_confirmation,APPLICABLE,1,0,1,0.67,2025-12-07 11:20:31,logistics
EVID0008568,DSP001428,TXN0087750,customer_communication,APPLICABLE,1,1,1,0.95,2025-12-04 01:53:42,crm
EVID0008569,DSP001429,TXN0087818,order_confirmation,UNAVAILABLE,0,1,1,0.0,2025-12-19 11:49:43,billing
EVID0008570,DSP001429,TXN0087818,invoice,APPLICABLE,1,0,1,0.85,2025-12-10 05:57:40,billing
EVID0008571,DSP001429,TXN0087818,shipping_label,NOT_APPLICABLE,0,0,0,0.0,2025-12-10 05:16:38,logistics
EVID0008572,DSP001429,TXN0087818,tracking_number,NOT_APPLICABLE,0,0,0,0.0,2025-12-28 13:46:47,logistics
EVID0008573,DSP001429,TXN0087818,delivery_confirmation,NOT_APPLICABLE,0,0,0,0.0,2025-12-01 00:34:33,logistics
EVID0008574,DSP001429,TXN0087818,customer_communication,APPLICABLE,1,1,1,0.6,2025-12-24 18:00:15,crm
EVID0008575,DSP001430,TXN0087960,order_confirmation,APPLICABLE,1,1,1,0.65,2025-12-09 21:17:15,billing
EVID0008576,DSP001430,TXN0087960,invoice,APPLICABLE,1,0,0,0.68,2025-12-15 12:26:47,billing
EVID0008577,DSP001430,TXN0087960,shipping_label,APPLICABLE,1,1,1,0.86,2025-12-15 06:11:30,logistics
EVID0008578,DSP001430,TXN0087960,tracking_number,APPLICABLE,1,1,1,0.65,2025-12-30 09:30:08,logistics
EVID0008579,DSP001430,TXN0087960,delivery_confirmation,UNAVAILABLE,0,1,1,0.0,2025-12-01 17:44:00,logistics
EVID0008580,DSP001430,TXN0087960,customer_communication,APPLICABLE,1,0,0,0.64,2025-12-19 01:14:05,crm
EVID0008581,DSP001431,TXN0087977,order_confirmation,APPLICABLE,1,1,1,0.6,2025-12-10 07:52:49,billing
EVID0008582,DSP001431,TXN0087977,invoice,UNAVAILABLE,0,0,1,0.0,2025-12-18 18:12:33,billing
EVID0008583,DSP001431,TXN0087977,shipping_label,NOT_APPLICABLE,0,0,0,0.0,2025-12-02 09:37:38,logistics
EVID0008584,DSP001431,TXN0087977,tracking_number,NOT_APPLICABLE,0,0,0,0.0,2025-12-23 23:01:15,logistics
EVID0008585,DSP001431,TXN0087977,delivery_confirmation,NOT_APPLICABLE,0,0,0,0.0,2025-12-15 11:23:16,logistics
EVID0008586,DSP001431,TXN0087977,customer_communication,APPLICABLE,1,0,1,0.83,2025-11-27 02:30:30,crm
EVID0008587,DSP001432,TXN0088180,order_confirmation,APPLICABLE,1,1,1,0.76,2025-12-13 04:03:42,billing
EVID0008588,DSP001432,TXN0088180,invoice,APPLICABLE,1,0,0,0.65,2025-12-19 01:30:08,billing
EVID0008589,DSP001432,TXN0088180,shipping_label,APPLICABLE,1,0,0,0.67,2025-12-13 08:00:18,logistics
EVID0008590,DSP001432,TXN0088180,tracking_number,UNAVAILABLE,0,0,0,0.0,2025-12-12 10:16:03,logistics
EVID0008591,DSP001432,TXN0088180,delivery_confirmation,APPLICABLE,1,1,1,0.73,2025-12-08 04:05:28,logistics
EVID0008592,DSP001432,TXN0088180,customer_communication,APPLICABLE,1,1,1,0.68,2025-11-28 09:59:53,crm
EVID0008593,DSP001433,TXN0088185,order_confirmation,APPLICABLE,1,1,1,0.85,2025-12-19 15:20:08,billing
EVID0008594,DSP001433,TXN0088185,invoice,APPLICABLE,1,1,1,0.69,2025-12-10 19:56:08,billing
EVID0008595,DSP001433,TXN0088185,shipping_label,APPLICABLE,1,0,1,0.67,2025-11-27 19:56:41,logistics
EVID0008596,DSP001433,TXN0088185,tracking_number,APPLICABLE,1,0,0,0.88,2025-12-05 01:46:08,logistics
EVID0008597,DSP001433,TXN0088185,delivery_confirmation,APPLICABLE,1,0,1,0.9,2025-12-14 18:07:31,logistics
EVID0008598,DSP001433,TXN0088185,customer_communication,APPLICABLE,1,1,1,0.86,2025-12-21 16:36:18,crm
EVID0008599,DSP001434,TXN0088190,order_confirmation,APPLICABLE,1,1,1,0.76,2025-12-31 16:26:35,billing
EVID0008600,DSP001434,TXN0088190,invoice,APPLICABLE,1,1,1,0.6,2025-12-22 21:21:58,billing
EVID0008601,DSP001434,TXN0088190,shipping_label,NOT_APPLICABLE,0,0,0,0.0,2025-12-16 08:44:32,logistics
EVID0008602,DSP001434,TXN0088190,tracking_number,NOT_APPLICABLE,0,0,0,0.0,2025-12-22 07:22:22,logistics
EVID0008603,DSP001434,TXN0088190,delivery_confirmation,NOT_APPLICABLE,0,0,0,0.0,2025-11-30 10:45:33,logistics
EVID0008604,DSP001434,TXN0088190,customer_communication,APPLICABLE,1,1,1,0.87,2025-12-05 20:56:07,crm
EVID0008605,DSP001435,TXN0088260,order_confirmation,UNAVAILABLE,0,1,1,0.0,2025-12-14 01:02:09,billing
EVID0008606,DSP001435,TXN0088260,invoice,UNAVAILABLE,0,0,1,0.0,2025-12-19 21:04:06,billing
EVID0008607,DSP001435,TXN0088260,shipping_label,UNAVAILABLE,0,1,1,0.0,2025-12-04 08:53:27,logistics
EVID0008608,DSP001435,TXN0088260,tracking_number,APPLICABLE,1,1,1,0.6,2025-12-11 02:01:23,logistics
EVID0008609,DSP001435,TXN0088260,delivery_confirmation,APPLICABLE,1,1,1,0.85,2025-12-12 06:40:20,logistics
EVID0008610,DSP001435,TXN0088260,customer_communication,UNAVAILABLE,0,0,1,0.0,2025-12-16 16:41:36,crm
EVID0008611,DSP001436,TXN0088290,order_confirmation,APPLICABLE,1,1,1,0.63,2025-12-20 12:40:34,billing
EVID0008612,DSP001436,TXN0088290,invoice,APPLICABLE,1,0,1,0.65,2025-12-27 00:54:06,billing
EVID0008613,DSP001436,TXN0088290,shipping_label,APPLICABLE,1,1,1,0.85,2025-12-29 14:48:10,logistics
EVID0008614,DSP001436,TXN0088290,tracking_number,APPLICABLE,1,1,1,0.91,2025-12-06 09:11:47,logistics
EVID0008615,DSP001436,TXN0088290,delivery_confirmation,UNAVAILABLE,0,1,1,0.0,2025-12-25 14:10:44,logistics
EVID0008616,DSP001436,TXN0088290,customer_communication,UNAVAILABLE,0,0,1,0.0,2026-01-01 00:30:27,crm
EVID0008617,DSP001437,TXN0088462,order_confirmation,APPLICABLE,1,1,1,0.81,2025-12-04 10:03:34,billing
EVID0008618,DSP001437,TXN0088462,invoice,UNAVAILABLE,0,0,1,0.0,2026-01-01 00:13:53,billing
EVID0008619,DSP001437,TXN0088462,shipping_label,UNAVAILABLE,0,1,1,0.0,2025-12-13 20:50:54,logistics
EVID0008620,DSP001437,TXN0088462,tracking_number,UNAVAILABLE,0,1,1,0.0,2025-12-26 17:20:03,logistics
EVID0008621,DSP001437,TXN0088462,delivery_confirmation,APPLICABLE,1,1,1,0.76,2025-12-26 07:51:55,logistics
EVID0008622,DSP001437,TXN0088462,customer_communication,UNAVAILABLE,0,0,0,0.0,2025-12-15 00:49:56,crm
EVID0008623,DSP001438,TXN0088464,order_confirmation,APPLICABLE,1,1,1,0.72,2025-12-01 10:59:57,billing
EVID0008624,DSP001438,TXN0088464,invoice,APPLICABLE,1,1,1,0.91,2025-11-30 08:37:14,billing
EVID0008625,DSP001438,TXN0088464,shipping_label,NOT_APPLICABLE,0,0,0,0.0,2025-11-29 14:40:11,logistics
EVID0008626,DSP001438,TXN0088464,tracking_number,NOT_APPLICABLE,0,0,0,0.0,2026-01-02 18:08:19,logistics
EVID0008627,DSP001438,TXN0088464,delivery_confirmation,NOT_APPLICABLE,0,0,0,0.0,2025-12-05 21:43:55,logistics
EVID0008628,DSP001438,TXN0088464,customer_communication,UNAVAILABLE,0,1,1,0.0,2025-12-09 10:13:46,crm
EVID0008629,DSP001439,TXN0088488,order_confirmation,UNAVAILABLE,0,1,1,0.0,2025-12-31 07:07:18,billing
EVID0008630,DSP001439,TXN0088488,invoice,APPLICABLE,1,0,1,0.65,2025-12-21 10:42:54,billing
EVID0008631,DSP001439,TXN0088488,shipping_label,APPLICABLE,1,0,1,0.92,2025-12-14 00:44:39,logistics
EVID0008632,DSP001439,TXN0088488,tracking_number,UNAVAILABLE,0,0,0,0.0,2026-01-04 05:00:44,logistics
EVID0008633,DSP001439,TXN0088488,delivery_confirmation,UNAVAILABLE,0,1,1,0.0,2025-12-09 13:24:40,logistics
EVID0008634,DSP001439,TXN0088488,customer_communication,APPLICABLE,1,1,1,0.76,2026-01-04 18:48:00,crm
EVID0008635,DSP001440,TXN0088524,order_confirmation,APPLICABLE,1,1,1,0.69,2025-12-03 01:15:57,billing
EVID0008636,DSP001440,TXN0088524,invoice,APPLICABLE,1,1,1,0.71,2025-12-07 13:32:25,billing
EVID0008637,DSP001440,TXN0088524,shipping_label,APPLICABLE,1,0,1,0.69,2025-12-03 11:44:37,logistics
EVID0008638,DSP001440,TXN0088524,tracking_number,APPLICABLE,1,0,0,0.8,2025-11-29 04:08:33,logistics
EVID0008639,DSP001440,TXN0088524,delivery_confirmation,APPLICABLE,1,0,1,0.74,2025-11-29 03:25:51,logistics
EVID0008640,DSP001440,TXN0088524,customer_communication,APPLICABLE,1,1,1,0.7,2025-12-05 19:37:24,crm
EVID0008641,DSP001441,TXN0088527,order_confirmation,APPLICABLE,1,1,1,0.72,2025-11-29 06:39:51,billing
EVID0008642,DSP001441,TXN0088527,invoice,APPLICABLE,1,1,1,0.65,2025-12-03 18:02:26,billing
EVID0008643,DSP001441,TXN0088527,shipping_label,NOT_APPLICABLE,0,0,0,0.0,2025-12-07 15:46:42,logistics
EVID0008644,DSP001441,TXN0088527,tracking_number,NOT_APPLICABLE,0,0,0,0.0,2025-12-02 22:27:55,logistics
EVID0008645,DSP001441,TXN0088527,delivery_confirmation,NOT_APPLICABLE,0,0,0,0.0,2025-12-05 18:06:06,logistics
EVID0008646,DSP001441,TXN0088527,customer_communication,APPLICABLE,1,1,1,0.6,2025-12-06 01:18:49,crm
EVID0008647,DSP001442,TXN0088585,order_confirmation,APPLICABLE,1,1,1,0.65,2025-12-09 11:16:07,billing
EVID0008648,DSP001442,TXN0088585,invoice,APPLICABLE,1,1,1,0.83,2025-12-07 17:23:42,billing
EVID0008649,DSP001442,TXN0088585,shipping_label,NOT_APPLICABLE,0,0,0,0.0,2025-12-01 19:00:52,logistics
EVID0008650,DSP001442,TXN0088585,tracking_number,NOT_APPLICABLE,0,0,0,0.0,2025-12-12 11:39:40,logistics
EVID0008651,DSP001442,TXN0088585,delivery_confirmation,NOT_APPLICABLE,0,0,0,0.0,2025-12-12 01:34:35,logistics
EVID0008652,DSP001442,TXN0088585,customer_communication,APPLICABLE,1,1,1,0.81,2025-12-03 09:45:50,crm
EVID0008653,DSP001443,TXN0088728,order_confirmation,APPLICABLE,1,1,1,0.93,2025-12-15 10:05:36,billing
EVID0008654,DSP001443,TXN0088728,invoice,APPLICABLE,1,1,1,0.77,2025-12-05 21:17:39,billing
EVID0008655,DSP001443,TXN0088728,shipping_label,APPLICABLE,1,0,1,0.69,2025-12-04 09:59:47,logistics
EVID0008656,DSP001443,TXN0088728,tracking_number,APPLICABLE,1,0,1,0.6,2025-12-03 19:50:18,logistics
EVID0008657,DSP001443,TXN0088728,delivery_confirmation,APPLICABLE,1,0,0,0.71,2025-12-16 22:58:16,logistics
EVID0008658,DSP001443,TXN0088728,customer_communication,APPLICABLE,1,1,1,0.69,2025-12-02 21:03:33,crm
EVID0008659,DSP001444,TXN0088850,order_confirmation,APPLICABLE,1,1,1,0.65,2025-12-27 17:11:29,billing
EVID0008660,DSP001444,TXN0088850,invoice,APPLICABLE,1,1,1,0.7,2025-11-30 15:13:54,billing
EVID0008661,DSP001444,TXN0088850,shipping_label,APPLICABLE,1,0,1,0.72,2025-12-29 23:57:34,logistics
EVID0008662,DSP001444,TXN0088850,tracking_number,APPLICABLE,1,0,1,0.6,2025-12-31 22:01:47,logistics
EVID0008663,DSP001444,TXN0088850,delivery_confirmation,APPLICABLE,1,0,1,0.68,2025-12-04 03:04:29,logistics
EVID0008664,DSP001444,TXN0088850,customer_communication,UNAVAILABLE,0,1,1,0.0,2025-12-09 08:07:39,crm
EVID0008665,DSP001445,TXN0088896,order_confirmation,APPLICABLE,1,1,1,0.64,2025-12-01 17:02:51,billing
EVID0008666,DSP001445,TXN0088896,invoice,APPLICABLE,1,1,1,0.65,2025-12-04 05:27:39,billing
EVID0008667,DSP001445,TXN0088896,shipping_label,APPLICABLE,1,0,0,0.75,2025-12-02 00:06:21,logistics
EVID0008668,DSP001445,TXN0088896,tracking_number,APPLICABLE,1,0,0,0.8,2025-12-02 23:26:48,logistics
EVID0008669,DSP001445,TXN0088896,delivery_confirmation,UNAVAILABLE,0,0,0,0.0,2025-12-02 20:17:03,logistics
EVID0008670,DSP001445,TXN0088896,customer_communication,APPLICABLE,1,1,1,0.81,2025-11-29 23:09:48,crm
EVID0008671,DSP001446,TXN0088940,order_confirmation,APPLICABLE,1,1,1,0.8,2025-12-12 10:25:56,billing
EVID0008672,DSP001446,TXN0088940,invoice,APPLICABLE,1,1,1,0.63,2025-12-11 15:48:11,billing
EVID0008673,DSP001446,TXN0088940,shipping_label,UNAVAILABLE,0,0,0,0.0,2025-12-04 05:31:21,logistics
EVID0008674,DSP001446,TXN0088940,tracking_number,UNAVAILABLE,0,0,0,0.0,2025-12-04 15:37:22,logistics
EVID0008675,DSP001446,TXN0088940,delivery_confirmation,UNAVAILABLE,0,0,1,0.0,2025-12-13 11:01:28,logistics
EVID0008676,DSP001446,TXN0088940,customer_communication,UNAVAILABLE,0,0,1,0.0,2025-12-11 02:43:45,crm
EVID0008677,DSP001447,TXN0088966,order_confirmation,APPLICABLE,1,1,1,0.65,2025-12-29 16:39:08,billing
EVID0008678,DSP001447,TXN0088966,invoice,APPLICABLE,1,0,1,0.84,2025-12-26 19:00:06,billing
EVID0008679,DSP001447,TXN0088966,shipping_label,APPLICABLE,1,0,1,0.6,2025-12-06 08:42:23,logistics
EVID0008680,DSP001447,TXN0088966,tracking_number,APPLICABLE,1,0,1,0.82,2025-12-02 22:18:47,logistics
EVID0008681,DSP001447,TXN0088966,delivery_confirmation,APPLICABLE,1,1,1,0.6,2025-12-20 23:24:08,logistics
EVID0008682,DSP001447,TXN0088966,customer_communication,APPLICABLE,1,1,1,0.93,2025-12-20 10:09:34,crm
EVID0008683,DSP001448,TXN0088995,order_confirmation,APPLICABLE,1,1,1,0.62,2025-12-01 06:19:34,billing
EVID0008684,DSP001448,TXN0088995,invoice,APPLICABLE,1,1,1,0.94,2025-12-05 23:56:16,billing
EVID0008685,DSP001448,TXN0088995,shipping_label,APPLICABLE,1,0,0,0.6,2025-12-03 08:08:37,logistics
EVID0008686,DSP001448,TXN0088995,tracking_number,APPLICABLE,1,0,0,0.8,2025-11-30 22:40:18,logistics
EVID0008687,DSP001448,TXN0088995,delivery_confirmation,APPLICABLE,1,0,1,0.66,2025-12-01 03:37:39,logistics
EVID0008688,DSP001448,TXN0088995,customer_communication,APPLICABLE,1,1,1,0.67,2025-12-05 18:32:21,crm
EVID0008689,DSP001449,TXN0089016,order_confirmation,APPLICABLE,1,1,1,0.6,2025-12-12 21:03:38,billing
EVID0008690,DSP001449,TXN0089016,invoice,APPLICABLE,1,1,1,0.79,2025-12-07 18:56:57,billing
EVID0008691,DSP001449,TXN0089016,shipping_label,APPLICABLE,1,0,0,0.6,2025-11-30 07:18:23,logistics
EVID0008692,DSP001449,TXN0089016,tracking_number,APPLICABLE,1,0,1,0.88,2025-12-05 04:40:34,logistics
EVID0008693,DSP001449,TXN0089016,delivery_confirmation,APPLICABLE,1,0,1,0.66,2025-12-06 19:03:04,logistics
EVID0008694,DSP001449,TXN0089016,customer_communication,APPLICABLE,1,1,1,0.73,2025-12-05 20:36:53,crm
EVID0008695,DSP001450,TXN0089132,order_confirmation,APPLICABLE,1,1,1,0.82,2025-12-03 10:53:17,billing
EVID0008696,DSP001450,TXN0089132,invoice,APPLICABLE,1,0,1,0.78,2025-12-07 19:38:28,billing
EVID0008697,DSP001450,TXN0089132,shipping_label,NOT_APPLICABLE,0,0,0,0.0,2025-12-14 03:20:31,logistics
EVID0008698,DSP001450,TXN0089132,tracking_number,NOT_APPLICABLE,0,0,0,0.0,2025-12-03 18:50:20,logistics
EVID0008699,DSP001450,TXN0089132,delivery_confirmation,NOT_APPLICABLE,0,0,0,0.0,2025-12-26 02:21:58,logistics
EVID0008700,DSP001450,TXN0089132,customer_communication,APPLICABLE,1,0,1,0.82,2025-12-11 20:58:01,crm
EVID0008701,DSP001451,TXN0089145,order_confirmation,APPLICABLE,1,1,1,0.74,2025-12-19 14:59:36,billing
EVID0008702,DSP001451,TXN0089145,invoice,APPLICABLE,1,0,1,0.71,2025-12-30 06:38:32,billing
EVID0008703,DSP001451,TXN0089145,shipping_label,NOT_APPLICABLE,0,0,0,0.0,2025-12-02 23:52:07,logistics
EVID0008704,DSP001451,TXN0089145,tracking_number,NOT_APPLICABLE,0,0,0,0.0,2025-12-26 17:56:13,logistics
EVID0008705,DSP001451,TXN0089145,delivery_confirmation,NOT_APPLICABLE,0,0,0,0.0,2026-01-03 02:32:10,logistics
EVID0008706,DSP001451,TXN0089145,customer_communication,UNAVAILABLE,0,0,1,0.0,2025-12-05 15:02:49,crm
EVID0008707,DSP001452,TXN0089182,order_confirmation,APPLICABLE,1,1,1,0.69,2025-12-01 19:19:30,billing
EVID0008708,DSP001452,TXN0089182,invoice,APPLICABLE,1,0,0,0.86,2025-12-01 22:00:04,billing
EVID0008709,DSP001452,TXN0089182,shipping_label,APPLICABLE,1,1,1,0.69,2025-12-16 18:14:58,logistics
EVID0008710,DSP001452,TXN0089182,tracking_number,APPLICABLE,1,1,1,0.74,2025-12-20 19:22:17,logistics
EVID0008711,DSP001452,TXN0089182,delivery_confirmation,UNAVAILABLE,0,1,1,0.0,2025-12-13 00:20:48,logistics
EVID0008712,DSP001452,TXN0089182,customer_communication,APPLICABLE,1,0,1,0.85,2025-12-10 02:00:39,crm
EVID0008713,DSP001453,TXN0089202,order_confirmation,APPLICABLE,1,1,1,0.72,2025-12-04 09:03:57,billing
EVID0008714,DSP001453,TXN0089202,invoice,APPLICABLE,1,1,1,0.95,2025-12-01 03:12:53,billing
EVID0008715,DSP001453,TXN0089202,shipping_label,NOT_APPLICABLE,0,0,0,0.0,2025-12-03 05:41:19,logistics
EVID0008716,DSP001453,TXN0089202,tracking_number,NOT_APPLICABLE,0,0,0,0.0,2025-12-06 08:49:07,logistics
EVID0008717,DSP001453,TXN0089202,delivery_confirmation,NOT_APPLICABLE,0,0,0,0.0,2025-12-01 06:17:50,logistics
EVID0008718,DSP001453,TXN0089202,customer_communication,APPLICABLE,1,1,1,0.94,2025-11-30 19:21:36,crm
EVID0008719,DSP001454,TXN0089233,order_confirmation,UNAVAILABLE,0,1,1,0.0,2025-12-04 07:49:07,billing
EVID0008720,DSP001454,TXN0089233,invoice,UNAVAILABLE,0,1,1,0.0,2025-12-23 15:43:47,billing
EVID0008721,DSP001454,TXN0089233,shipping_label,NOT_APPLICABLE,0,0,0,0.0,2025-12-06 16:45:27,logistics
EVID0008722,DSP001454,TXN0089233,tracking_number,NOT_APPLICABLE,0,0,0,0.0,2025-12-13 13:05:08,logistics
EVID0008723,DSP001454,TXN0089233,delivery_confirmation,NOT_APPLICABLE,0,0,0,0.0,2025-12-02 10:33:08,logistics
EVID0008724,DSP001454,TXN0089233,customer_communication,APPLICABLE,1,1,1,0.6,2025-12-05 11:09:38,crm
EVID0008725,DSP001455,TXN0089330,order_confirmation,APPLICABLE,1,1,1,0.72,2025-12-01 22:24:02,billing
EVID0008726,DSP001455,TXN0089330,invoice,UNAVAILABLE,0,1,1,0.0,2025-12-04 12:18:32,billing
EVID0008727,DSP001455,TXN0089330,shipping_label,NOT_APPLICABLE,0,0,0,0.0,2025-12-02 16:36:24,logistics
EVID0008728,DSP001455,TXN0089330,tracking_number,NOT_APPLICABLE,0,0,0,0.0,2025-12-03 04:26:27,logistics
EVID0008729,DSP001455,TXN0089330,delivery_confirmation,NOT_APPLICABLE,0,0,0,0.0,2025-12-03 11:09:05,logistics
EVID0008730,DSP001455,TXN0089330,customer_communication,UNAVAILABLE,0,1,1,0.0,2025-12-02 09:47:07,crm
EVID0008731,DSP001456,TXN0089366,order_confirmation,UNAVAILABLE,0,1,1,0.0,2025-12-01 06:44:56,billing
EVID0008732,DSP001456,TXN0089366,invoice,UNAVAILABLE,0,0,0,0.0,2025-12-05 09:40:36,billing
EVID0008733,DSP001456,TXN0089366,shipping_label,NOT_APPLICABLE,0,0,0,0.0,2025-12-13 14:34:57,logistics
EVID0008734,DSP001456,TXN0089366,tracking_number,NOT_APPLICABLE,0,0,0,0.0,2025-12-15 09:39:48,logistics
EVID0008735,DSP001456,TXN0089366,delivery_confirmation,NOT_APPLICABLE,0,0,0,0.0,2025-12-09 20:24:24,logistics
EVID0008736,DSP001456,TXN0089366,customer_communication,UNAVAILABLE,0,0,1,0.0,2025-12-17 04:39:23,crm
EVID0008737,DSP001457,TXN0089404,order_confirmation,APPLICABLE,1,1,1,0.6,2025-12-01 00:45:54,billing
EVID0008738,DSP001457,TXN0089404,invoice,APPLICABLE,1,1,1,0.63,2025-12-03 01:33:02,billing
EVID0008739,DSP001457,TXN0089404,shipping_label,NOT_APPLICABLE,0,0,0,0.0,2025-12-05 08:40:55,logistics
EVID0008740,DSP001457,TXN0089404,tracking_number,NOT_APPLICABLE,0,0,0,0.0,2025-12-03 00:06:34,logistics
EVID0008741,DSP001457,TXN0089404,delivery_confirmation,NOT_APPLICABLE,0,0,0,0.0,2025-12-04 22:27:09,logistics
EVID0008742,DSP001457,TXN0089404,customer_communication,APPLICABLE,1,1,1,0.72,2025-12-01 11:24:38,crm
EVID0008743,DSP001458,TXN0089431,order_confirmation,APPLICABLE,1,1,1,0.62,2025-12-06 08:37:37,billing
EVID0008744,DSP001458,TXN0089431,invoice,UNAVAILABLE,0,1,1,0.0,2025-12-22 00:12:53,billing
EVID0008745,DSP001458,TXN0089431,shipping_label,NOT_APPLICABLE,0,0,0,0.0,2025-12-06 11:26:02,logistics
EVID0008746,DSP001458,TXN0089431,tracking_number,NOT_APPLICABLE,0,0,0,0.0,2025-12-30 15:15:02,logistics
EVID0008747,DSP001458,TXN0089431,delivery_confirmation,NOT_APPLICABLE,0,0,0,0.0,2025-12-18 14:22:27,logistics
EVID0008748,DSP001458,TXN0089431,customer_communication,UNAVAILABLE,0,1,1,0.0,2025-12-17 19:49:36,crm
EVID0008749,DSP001459,TXN0089446,order_confirmation,APPLICABLE,1,1,1,0.6,2025-12-12 08:02:31,billing
EVID0008750,DSP001459,TXN0089446,invoice,APPLICABLE,1,1,1,0.71,2025-12-12 00:53:31,billing
EVID0008751,DSP001459,TXN0089446,shipping_label,UNAVAILABLE,0,0,1,0.0,2025-12-05 05:43:50,logistics
EVID0008752,DSP001459,TXN0089446,tracking_number,APPLICABLE,1,0,1,0.94,2025-12-01 06:15:44,logistics
EVID0008753,DSP001459,TXN0089446,delivery_confirmation,APPLICABLE,1,0,0,0.71,2025-12-11 19:10:28,logistics
EVID0008754,DSP001459,TXN0089446,customer_communication,APPLICABLE,1,1,1,0.93,2025-12-20 19:48:35,crm
EVID0008755,DSP001460,TXN0089469,order_confirmation,APPLICABLE,1,1,1,0.62,2026-01-04 18:10:55,billing
EVID0008756,DSP001460,TXN0089469,invoice,APPLICABLE,1,0,1,0.8,2025-12-12 22:42:13,billing
EVID0008757,DSP001460,TXN0089469,shipping_label,NOT_APPLICABLE,0,0,0,0.0,2025-12-03 13:47:50,logistics
EVID0008758,DSP001460,TXN0089469,tracking_number,NOT_APPLICABLE,0,0,0,0.0,2025-12-04 12:46:55,logistics
EVID0008759,DSP001460,TXN0089469,delivery_confirmation,NOT_APPLICABLE,0,0,0,0.0,2025-12-03 13:31:49,logistics
EVID0008760,DSP001460,TXN0089469,customer_communication,UNAVAILABLE,0,0,0,0.0,2025-12-06 23:09:27,crm
EVID0008761,DSP001461,TXN0089575,order_confirmation,APPLICABLE,1,1,1,0.69,2025-12-08 21:32:04,billing
EVID0008762,DSP001461,TXN0089575,invoice,APPLICABLE,1,1,1,0.93,2025-12-09 18:14:20,billing
EVID0008763,DSP001461,TXN0089575,shipping_label,APPLICABLE,1,0,1,0.92,2025-12-07 04:49:32,logistics
EVID0008764,DSP001461,TXN0089575,tracking_number,UNAVAILABLE,0,0,0,0.0,2025-12-08 08:53:08,logistics
EVID0008765,DSP001461,TXN0089575,delivery_confirmation,UNAVAILABLE,0,0,1,0.0,2025-12-04 10:06:29,logistics
EVID0008766,DSP001461,TXN0089575,customer_communication,APPLICABLE,1,1,1,0.8,2025-12-10 22:17:21,crm
EVID0008767,DSP001462,TXN0089592,order_confirmation,APPLICABLE,1,1,1,0.63,2025-12-05 01:23:21,billing
EVID0008768,DSP001462,TXN0089592,invoice,APPLICABLE,1,1,1,0.82,2025-12-05 00:53:35,billing
EVID0008769,DSP001462,TXN0089592,shipping_label,NOT_APPLICABLE,0,0,0,0.0,2025-12-13 11:24:33,logistics
EVID0008770,DSP001462,TXN0089592,tracking_number,NOT_APPLICABLE,0,0,0,0.0,2025-12-27 17:18:00,logistics
EVID0008771,DSP001462,TXN0089592,delivery_confirmation,NOT_APPLICABLE,0,0,0,0.0,2025-12-11 07:45:06,logistics
EVID0008772,DSP001462,TXN0089592,customer_communication,APPLICABLE,1,1,1,0.82,2025-12-25 08:32:26,crm
EVID0008773,DSP001463,TXN0089606,order_confirmation,UNAVAILABLE,0,1,1,0.0,2025-12-08 16:55:58,billing
EVID0008774,DSP001463,TXN0089606,invoice,APPLICABLE,1,1,1,0.73,2025-12-10 06:20:26,billing
EVID0008775,DSP001463,TXN0089606,shipping_label,NOT_APPLICABLE,0,0,0,0.0,2025-12-14 17:48:12,logistics
EVID0008776,DSP001463,TXN0089606,tracking_number,NOT_APPLICABLE,0,0,0,0.0,2025-12-08 11:05:12,logistics
EVID0008777,DSP001463,TXN0089606,delivery_confirmation,NOT_APPLICABLE,0,0,0,0.0,2025-12-17 05:21:41,logistics
EVID0008778,DSP001463,TXN0089606,customer_communication,UNAVAILABLE,0,1,1,0.0,2025-12-07 06:50:47,crm
EVID0008779,DSP001464,TXN0089778,order_confirmation,APPLICABLE,1,1,1,0.86,2025-12-14 22:01:15,billing
EVID0008780,DSP001464,TXN0089778,invoice,UNAVAILABLE,0,1,1,0.0,2025-12-13 23:53:58,billing
EVID0008781,DSP001464,TXN0089778,shipping_label,UNAVAILABLE,0,0,0,0.0,2025-12-04 07:25:33,logistics
EVID0008782,DSP001464,TXN0089778,tracking_number,APPLICABLE,1,0,1,0.81,2025-12-03 02:04:38,logistics
EVID0008783,DSP001464,TXN0089778,delivery_confirmation,APPLICABLE,1,0,1,0.72,2025-12-10 04:33:04,logistics
EVID0008784,DSP001464,TXN0089778,customer_communication,UNAVAILABLE,0,1,1,0.0,2025-12-11 17:56:58,crm
EVID0008785,DSP001465,TXN0089834,order_confirmation,UNAVAILABLE,0,1,1,0.0,2025-12-05 05:55:49,billing
EVID0008786,DSP001465,TXN0089834,invoice,UNAVAILABLE,0,0,0,0.0,2025-12-14 13:32:49,billing
EVID0008787,DSP001465,TXN0089834,shipping_label,UNAVAILABLE,0,0,0,0.0,2025-12-07 12:20:32,logistics
EVID0008788,DSP001465,TXN0089834,tracking_number,APPLICABLE,1,0,1,0.86,2025-12-09 07:41:07,logistics
EVID0008789,DSP001465,TXN0089834,delivery_confirmation,APPLICABLE,1,1,1,0.7,2025-12-19 22:14:19,logistics
EVID0008790,DSP001465,TXN0089834,customer_communication,UNAVAILABLE,0,1,1,0.0,2025-12-15 08:10:17,crm
EVID0008791,DSP001466,TXN0089889,order_confirmation,UNAVAILABLE,0,1,1,0.0,2025-12-12 05:23:36,billing
EVID0008792,DSP001466,TXN0089889,invoice,APPLICABLE,1,1,1,0.93,2025-12-11 21:06:35,billing
EVID0008793,DSP001466,TXN0089889,shipping_label,APPLICABLE,1,0,1,0.88,2025-12-04 00:57:17,logistics
EVID0008794,DSP001466,TXN0089889,tracking_number,APPLICABLE,1,0,1,0.94,2025-12-02 18:03:09,logistics
EVID0008795,DSP001466,TXN0089889,delivery_confirmation,APPLICABLE,1,0,0,0.78,2025-12-05 04:05:05,logistics
EVID0008796,DSP001466,TXN0089889,customer_communication,APPLICABLE,1,1,1,0.93,2025-12-10 19:00:44,crm
EVID0008797,DSP001467,TXN0089929,order_confirmation,APPLICABLE,1,1,1,0.75,2025-12-03 10:12:52,billing
EVID0008798,DSP001467,TXN0089929,invoice,APPLICABLE,1,1,1,0.84,2025-12-26 14:40:46,billing
EVID0008799,DSP001467,TXN0089929,shipping_label,NOT_APPLICABLE,0,0,0,0.0,2026-01-11 23:47:59,logistics
EVID0008800,DSP001467,TXN0089929,tracking_number,NOT_APPLICABLE,0,0,0,0.0,2025-12-04 00:44:20,logistics
EVID0008801,DSP001467,TXN0089929,delivery_confirmation,NOT_APPLICABLE,0,0,0,0.0,2025-12-15 12:19:51,logistics
EVID0008802,DSP001467,TXN0089929,customer_communication,APPLICABLE,1,1,1,0.78,2025-12-15 21:15:56,crm
EVID0008803,DSP001468,TXN0089987,order_confirmation,APPLICABLE,1,1,1,0.7,2026-01-11 16:25:36,billing
EVID0008804,DSP001468,TXN0089987,invoice,APPLICABLE,1,0,1,0.92,2025-12-06 15:08:07,billing
EVID0008805,DSP001468,TXN0089987,shipping_label,APPLICABLE,1,1,1,0.63,2025-12-05 10:16:21,logistics
EVID0008806,DSP001468,TXN0089987,tracking_number,APPLICABLE,1,1,1,0.95,2025-12-16 01:51:35,logistics
EVID0008807,DSP001468,TXN0089987,delivery_confirmation,APPLICABLE,1,1,1,0.7,2026-01-01 03:06:04,logistics
EVID0008808,DSP001468,TXN0089987,customer_communication,APPLICABLE,1,0,1,0.6,2025-12-21 04:00:42,crm
EVID0008809,DSP001469,TXN0089991,order_confirmation,UNAVAILABLE,0,1,1,0.0,2025-12-05 05:32:40,billing
EVID0008810,DSP001469,TXN0089991,invoice,UNAVAILABLE,0,0,1,0.0,2025-12-02 19:20:52,billing
EVID0008811,DSP001469,TXN0089991,shipping_label,NOT_APPLICABLE,0,0,0,0.0,2025-12-03 21:34:01,logistics
EVID0008812,DSP001469,TXN0089991,tracking_number,NOT_APPLICABLE,0,0,0,0.0,2025-12-03 18:50:27,logistics
EVID0008813,DSP001469,TXN0089991,delivery_confirmation,NOT_APPLICABLE,0,0,0,0.0,2025-12-04 20:07:22,logistics
EVID0008814,DSP001469,TXN0089991,customer_communication,UNAVAILABLE,0,0,0,0.0,2025-12-03 15:44:18,crm
EVID0008815,DSP001470,TXN0090148,order_confirmation,UNAVAILABLE,0,1,1,0.0,2025-12-17 17:19:01,billing
EVID0008816,DSP001470,TXN0090148,invoice,APPLICABLE,1,1,1,0.84,2025-12-04 10:16:05,billing
EVID0008817,DSP001470,TXN0090148,shipping_label,NOT_APPLICABLE,0,0,0,0.0,2025-12-29 04:44:39,logistics
EVID0008818,DSP001470,TXN0090148,tracking_number,NOT_APPLICABLE,0,0,0,0.0,2026-01-08 22:44:56,logistics
EVID0008819,DSP001470,TXN0090148,delivery_confirmation,NOT_APPLICABLE,0,0,0,0.0,2025-12-19 19:00:55,logistics
EVID0008820,DSP001470,TXN0090148,customer_communication,APPLICABLE,1,1,1,0.67,2025-12-04 04:04:36,crm
EVID0008821,DSP001471,TXN0090168,order_confirmation,APPLICABLE,1,1,1,0.93,2025-12-13 11:56:47,billing
EVID0008822,DSP001471,TXN0090168,invoice,APPLICABLE,1,1,1,0.89,2025-12-04 07:30:49,billing
EVID0008823,DSP001471,TXN0090168,shipping_label,APPLICABLE,1,0,0,0.94,2025-12-19 12:53:00,logistics
EVID0008824,DSP001471,TXN0090168,tracking_number,APPLICABLE,1,0,0,0.88,2025-12-24 01:23:22,logistics
EVID0008825,DSP001471,TXN0090168,delivery_confirmation,APPLICABLE,1,0,0,0.93,2025-12-23 17:47:07,logistics
EVID0008826,DSP001471,TXN0090168,customer_communication,APPLICABLE,1,1,1,0.63,2025-12-05 18:12:08,crm
EVID0008827,DSP001472,TXN0090231,order_confirmation,APPLICABLE,1,1,1,0.82,2026-01-05 06:40:42,billing
EVID0008828,DSP001472,TXN0090231,invoice,APPLICABLE,1,0,1,0.8,2025-12-17 07:39:12,billing
EVID0008829,DSP001472,TXN0090231,shipping_label,NOT_APPLICABLE,0,0,0,0.0,2025-12-29 07:49:43,logistics
EVID0008830,DSP001472,TXN0090231,tracking_number,NOT_APPLICABLE,0,0,0,0.0,2025-12-25 20:48:22,logistics
EVID0008831,DSP001472,TXN0090231,delivery_confirmation,NOT_APPLICABLE,0,0,0,0.0,2025-12-23 22:35:24,logistics
EVID0008832,DSP001472,TXN0090231,customer_communication,APPLICABLE,1,1,1,0.85,2025-12-31 03:55:01,crm
EVID0008833,DSP001473,TXN0090276,order_confirmation,APPLICABLE,1,1,1,0.7,2025-12-21 22:43:14,billing
EVID0008834,DSP001473,TXN0090276,invoice,UNAVAILABLE,0,0,0,0.0,2025-12-26 02:57:58,billing
EVID0008835,DSP001473,TXN0090276,shipping_label,NOT_APPLICABLE,0,0,0,0.0,2026-01-08 15:12:39,logistics
EVID0008836,DSP001473,TXN0090276,tracking_number,NOT_APPLICABLE,0,0,0,0.0,2025-12-15 00:02:20,logistics
EVID0008837,DSP001473,TXN0090276,delivery_confirmation,NOT_APPLICABLE,0,0,0,0.0,2025-12-09 20:07:38,logistics
EVID0008838,DSP001473,TXN0090276,customer_communication,APPLICABLE,1,0,1,0.6,2025-12-04 04:10:27,crm
EVID0008839,DSP001474,TXN0090280,order_confirmation,APPLICABLE,1,1,1,0.6,2025-12-05 12:47:43,billing
EVID0008840,DSP001474,TXN0090280,invoice,APPLICABLE,1,1,1,0.8,2025-12-09 12:33:46,billing
EVID0008841,DSP001474,TXN0090280,shipping_label,NOT_APPLICABLE,0,0,0,0.0,2025-12-22 04:18:15,logistics
EVID0008842,DSP001474,TXN0090280,tracking_number,NOT_APPLICABLE,0,0,0,0.0,2025-12-16 15:10:23,logistics
EVID0008843,DSP001474,TXN0090280,delivery_confirmation,NOT_APPLICABLE,0,0,0,0.0,2025-12-10 15:17:49,logistics
EVID0008844,DSP001474,TXN0090280,customer_communication,APPLICABLE,1,1,1,0.87,2025-12-11 15:35:36,crm
EVID0008845,DSP001475,TXN0090315,order_confirmation,APPLICABLE,1,1,1,0.93,2025-12-16 20:13:59,billing
EVID0008846,DSP001475,TXN0090315,invoice,APPLICABLE,1,0,1,0.77,2025-12-21 02:05:26,billing
EVID0008847,DSP001475,TXN0090315,shipping_label,NOT_APPLICABLE,0,0,0,0.0,2025-12-16 13:47:56,logistics
EVID0008848,DSP001475,TXN0090315,tracking_number,NOT_APPLICABLE,0,0,0,0.0,2025-12-15 16:33:16,logistics
EVID0008849,DSP001475,TXN0090315,delivery_confirmation,NOT_APPLICABLE,0,0,0,0.0,2025-12-04 03:03:42,logistics
EVID0008850,DSP001475,TXN0090315,customer_communication,APPLICABLE,1,0,1,0.92,2025-12-09 13:30:46,crm
EVID0008851,DSP001476,TXN0090323,order_confirmation,APPLICABLE,1,1,1,0.84,2025-12-16 09:19:07,billing
EVID0008852,DSP001476,TXN0090323,invoice,APPLICABLE,1,1,1,0.6,2025-12-12 05:25:57,billing
EVID0008853,DSP001476,TXN0090323,shipping_label,NOT_APPLICABLE,0,0,0,0.0,2025-12-25 02:12:29,logistics
EVID0008854,DSP001476,TXN0090323,tracking_number,NOT_APPLICABLE,0,0,0,0.0,2025-12-26 00:14:47,logistics
EVID0008855,DSP001476,TXN0090323,delivery_confirmation,NOT_APPLICABLE,0,0,0,0.0,2025-12-04 09:15:02,logistics
EVID0008856,DSP001476,TXN0090323,customer_communication,APPLICABLE,1,1,1,0.84,2025-12-24 21:39:54,crm
EVID0008857,DSP001477,TXN0090335,order_confirmation,UNAVAILABLE,0,1,1,0.0,2025-12-26 21:26:42,billing
EVID0008858,DSP001477,TXN0090335,invoice,UNAVAILABLE,0,1,1,0.0,2026-01-03 12:59:13,billing
EVID0008859,DSP001477,TXN0090335,shipping_label,APPLICABLE,1,0,1,0.8,2025-12-30 14:27:29,logistics
EVID0008860,DSP001477,TXN0090335,tracking_number,APPLICABLE,1,0,1,0.7,2025-12-14 03:46:02,logistics
EVID0008861,DSP001477,TXN0090335,delivery_confirmation,APPLICABLE,1,0,1,0.93,2025-12-23 10:01:43,logistics
EVID0008862,DSP001477,TXN0090335,customer_communication,UNAVAILABLE,0,1,1,0.0,2025-12-06 10:13:07,crm
EVID0008863,DSP001478,TXN0090360,order_confirmation,APPLICABLE,1,1,1,0.89,2026-01-02 06:03:47,billing
EVID0008864,DSP001478,TXN0090360,invoice,APPLICABLE,1,1,1,0.81,2025-12-30 09:27:44,billing
EVID0008865,DSP001478,TXN0090360,shipping_label,APPLICABLE,1,0,1,0.68,2025-12-18 20:50:46,logistics
EVID0008866,DSP001478,TXN0090360,tracking_number,UNAVAILABLE,0,0,1,0.0,2025-12-06 17:35:41,logistics
EVID0008867,DSP001478,TXN0090360,delivery_confirmation,APPLICABLE,1,0,1,0.82,2025-12-25 00:07:41,logistics
EVID0008868,DSP001478,TXN0090360,customer_communication,APPLICABLE,1,1,1,0.9,2025-12-12 08:27:56,crm
EVID0008869,DSP001479,TXN0090379,order_confirmation,UNAVAILABLE,0,1,1,0.0,2025-12-15 16:33:04,billing
EVID0008870,DSP001479,TXN0090379,invoice,APPLICABLE,1,1,1,0.7,2025-12-06 18:20:47,billing
EVID0008871,DSP001479,TXN0090379,shipping_label,APPLICABLE,1,0,0,0.84,2025-12-09 04:42:55,logistics
EVID0008872,DSP001479,TXN0090379,tracking_number,APPLICABLE,1,0,1,0.93,2025-12-18 23:25:57,logistics
EVID0008873,DSP001479,TXN0090379,delivery_confirmation,APPLICABLE,1,0,1,0.6,2025-12-07 21:53:06,logistics
EVID0008874,DSP001479,TXN0090379,customer_communication,APPLICABLE,1,1,1,0.6,2025-12-07 05:48:38,crm
EVID0008875,DSP001480,TXN0090477,order_confirmation,APPLICABLE,1,1,1,0.69,2025-12-15 03:37:50,billing
EVID0008876,DSP001480,TXN0090477,invoice,APPLICABLE,1,0,1,0.67,2025-12-09 09:53:14,billing
EVID0008877,DSP001480,TXN0090477,shipping_label,UNAVAILABLE,0,0,0,0.0,2026-01-04 15:12:45,logistics
EVID0008878,DSP001480,TXN0090477,tracking_number,APPLICABLE,1,0,1,0.69,2025-12-05 17:24:19,logistics
EVID0008879,DSP001480,TXN0090477,delivery_confirmation,UNAVAILABLE,0,1,1,0.0,2025-12-12 19:13:14,logistics
EVID0008880,DSP001480,TXN0090477,customer_communication,APPLICABLE,1,1,1,0.61,2026-01-06 01:58:46,crm
EVID0008881,DSP001481,TXN0090653,order_confirmation,UNAVAILABLE,0,1,1,0.0,2025-12-06 12:57:06,billing
EVID0008882,DSP001481,TXN0090653,invoice,APPLICABLE,1,0,0,0.73,2025-12-31 08:50:12,billing
EVID0008883,DSP001481,TXN0090653,shipping_label,APPLICABLE,1,0,1,0.7,2025-12-15 13:39:13,logistics
EVID0008884,DSP001481,TXN0090653,tracking_number,APPLICABLE,1,0,0,0.66,2025-12-07 10:55:19,logistics
EVID0008885,DSP001481,TXN0090653,delivery_confirmation,APPLICABLE,1,1,1,0.69,2025-12-17 01:53:26,logistics
EVID0008886,DSP001481,TXN0090653,customer_communication,APPLICABLE,1,1,1,0.6,2025-12-17 00:00:54,crm
EVID0008887,DSP001482,TXN0090665,order_confirmation,UNAVAILABLE,0,1,1,0.0,2025-12-06 16:50:45,billing
EVID0008888,DSP001482,TXN0090665,invoice,UNAVAILABLE,0,0,1,0.0,2025-12-15 22:10:10,billing
EVID0008889,DSP001482,TXN0090665,shipping_label,NOT_APPLICABLE,0,0,0,0.0,2025-12-21 12:11:33,logistics
EVID0008890,DSP001482,TXN0090665,tracking_number,NOT_APPLICABLE,0,0,0,0.0,2025-12-09 19:54:45,logistics
EVID0008891,DSP001482,TXN0090665,delivery_confirmation,NOT_APPLICABLE,0,0,0,0.0,2025-12-08 06:59:52,logistics
EVID0008892,DSP001482,TXN0090665,customer_communication,APPLICABLE,1,0,0,0.87,2025-12-29 03:21:12,crm
EVID0008893,DSP001483,TXN0090721,order_confirmation,APPLICABLE,1,1,1,0.82,2025-12-07 12:28:20,billing
EVID0008894,DSP001483,TXN0090721,invoice,APPLICABLE,1,1,1,0.92,2025-12-07 02:52:43,billing
EVID0008895,DSP001483,TXN0090721,shipping_label,APPLICABLE,1,0,1,0.67,2025-12-08 14:20:24,logistics
EVID0008896,DSP001483,TXN0090721,tracking_number,UNAVAILABLE,0,0,1,0.0,2025-12-11 13:34:41,logistics
EVID0008897,DSP001483,TXN0090721,delivery_confirmation,UNAVAILABLE,0,0,1,0.0,2025-12-09 03:36:48,logistics
EVID0008898,DSP001483,TXN0090721,customer_communication,APPLICABLE,1,1,1,0.8,2025-12-14 16:57:04,crm
EVID0008899,DSP001484,TXN0091012,order_confirmation,APPLICABLE,1,1,1,0.65,2025-12-26 07:05:11,billing
EVID0008900,DSP001484,TXN0091012,invoice,APPLICABLE,1,1,1,0.78,2025-12-19 08:01:26,billing
EVID0008901,DSP001484,TXN0091012,shipping_label,APPLICABLE,1,0,1,0.8,2025-12-12 12:54:22,logistics
EVID0008902,DSP001484,TXN0091012,tracking_number,APPLICABLE,1,0,0,0.85,2025-12-06 18:58:40,logistics
EVID0008903,DSP001484,TXN0091012,delivery_confirmation,APPLICABLE,1,0,0,0.68,2025-12-21 10:39:14,logistics
EVID0008904,DSP001484,TXN0091012,customer_communication,APPLICABLE,1,1,1,0.8,2025-12-23 01:58:16,crm
EVID0008905,DSP001485,TXN0091067,order_confirmation,UNAVAILABLE,0,1,1,0.0,2025-12-28 13:32:35,billing
EVID0008906,DSP001485,TXN0091067,invoice,APPLICABLE,1,0,0,0.91,2025-12-19 23:45:48,billing
EVID0008907,DSP001485,TXN0091067,shipping_label,APPLICABLE,1,0,1,0.61,2025-12-07 05:27:22,logistics
EVID0008908,DSP001485,TXN0091067,tracking_number,APPLICABLE,1,0,0,0.64,2025-12-13 11:55:59,logistics
EVID0008909,DSP001485,TXN0091067,delivery_confirmation,UNAVAILABLE,0,1,1,0.0,2025-12-23 14:15:29,logistics
EVID0008910,DSP001485,TXN0091067,customer_communication,APPLICABLE,1,1,1,0.88,2025-12-07 21:07:49,crm
EVID0008911,DSP001486,TXN0091106,order_confirmation,UNAVAILABLE,0,1,1,0.0,2025-12-08 08:26:12,billing
EVID0008912,DSP001486,TXN0091106,invoice,APPLICABLE,1,0,0,0.69,2025-12-10 21:44:52,billing
EVID0008913,DSP001486,TXN0091106,shipping_label,NOT_APPLICABLE,0,0,0,0.0,2025-12-13 08:56:58,logistics
EVID0008914,DSP001486,TXN0091106,tracking_number,NOT_APPLICABLE,0,0,0,0.0,2025-12-18 04:06:45,logistics
EVID0008915,DSP001486,TXN0091106,delivery_confirmation,NOT_APPLICABLE,0,0,0,0.0,2025-12-18 02:35:23,logistics
EVID0008916,DSP001486,TXN0091106,customer_communication,APPLICABLE,1,0,1,0.92,2025-12-14 02:58:38,crm
EVID0008917,DSP001487,TXN0091124,order_confirmation,UNAVAILABLE,0,1,1,0.0,2025-12-13 02:17:07,billing
EVID0008918,DSP001487,TXN0091124,invoice,UNAVAILABLE,0,1,1,0.0,2025-12-24 07:26:14,billing
EVID0008919,DSP001487,TXN0091124,shipping_label,UNAVAILABLE,0,0,0,0.0,2025-12-09 14:49:51,logistics
EVID0008920,DSP001487,TXN0091124,tracking_number,APPLICABLE,1,0,0,0.67,2025-12-09 13:30:36,logistics
EVID0008921,DSP001487,TXN0091124,delivery_confirmation,APPLICABLE,1,0,1,0.68,2025-12-16 17:05:30,logistics
EVID0008922,DSP001487,TXN0091124,customer_communication,UNAVAILABLE,0,0,0,0.0,2026-01-02 06:10:38,crm
EVID0008923,DSP001488,TXN0091141,order_confirmation,UNAVAILABLE,0,1,1,0.0,2026-01-01 11:58:37,billing
EVID0008924,DSP001488,TXN0091141,invoice,UNAVAILABLE,0,1,1,0.0,2026-01-10 12:21:16,billing
EVID0008925,DSP001488,TXN0091141,shipping_label,APPLICABLE,1,0,1,0.75,2025-12-26 04:20:17,logistics
EVID0008926,DSP001488,TXN0091141,tracking_number,APPLICABLE,1,0,1,0.87,2026-01-01 01:10:55,logistics
EVID0008927,DSP001488,TXN0091141,delivery_confirmation,APPLICABLE,1,0,0,0.66,2026-01-10 11:17:58,logistics
EVID0008928,DSP001488,TXN0091141,customer_communication,APPLICABLE,1,1,1,0.6,2025-12-11 18:29:49,crm
EVID0008929,DSP001489,TXN0091273,order_confirmation,UNAVAILABLE,0,1,1,0.0,2025-12-29 08:26:59,billing
EVID0008930,DSP001489,TXN0091273,invoice,APPLICABLE,1,1,1,0.86,2026-01-07 10:10:02,billing
EVID0008931,DSP001489,TXN0091273,shipping_label,NOT_APPLICABLE,0,0,0,0.0,2025-12-31 21:10:21,logistics
EVID0008932,DSP001489,TXN0091273,tracking_number,NOT_APPLICABLE,0,0,0,0.0,2025-12-31 16:22:54,logistics
EVID0008933,DSP001489,TXN0091273,delivery_confirmation,NOT_APPLICABLE,0,0,0,0.0,2025-12-27 19:58:08,logistics
EVID0008934,DSP001489,TXN0091273,customer_communication,APPLICABLE,1,1,1,0.79,2025-12-21 19:24:27,crm
EVID0008935,DSP001490,TXN0091277,order_confirmation,APPLICABLE,1,1,1,0.8,2025-12-13 12:58:23,billing
EVID0008936,DSP001490,TXN0091277,invoice,APPLICABLE,1,0,0,0.87,2025-12-12 08:24:26,billing
EVID0008937,DSP001490,TXN0091277,shipping_label,NOT_APPLICABLE,0,0,0,0.0,2025-12-14 09:43:22,logistics
EVID0008938,DSP001490,TXN0091277,tracking_number,NOT_APPLICABLE,0,0,0,0.0,2025-12-12 07:51:02,logistics
EVID0008939,DSP001490,TXN0091277,delivery_confirmation,NOT_APPLICABLE,0,0,0,0.0,2025-12-25 19:42:17,logistics
EVID0008940,DSP001490,TXN0091277,customer_communication,APPLICABLE,1,1,1,0.91,2025-12-25 01:26:05,crm
EVID0008941,DSP001491,TXN0091288,order_confirmation,UNAVAILABLE,0,1,1,0.0,2025-12-09 05:43:18,billing
EVID0008942,DSP001491,TXN0091288,invoice,UNAVAILABLE,0,1,1,0.0,2025-12-23 06:13:51,billing
EVID0008943,DSP001491,TXN0091288,shipping_label,NOT_APPLICABLE,0,0,0,0.0,2025-12-12 06:54:23,logistics
EVID0008944,DSP001491,TXN0091288,tracking_number,NOT_APPLICABLE,0,0,0,0.0,2025-12-17 05:43:20,logistics
EVID0008945,DSP001491,TXN0091288,delivery_confirmation,NOT_APPLICABLE,0,0,0,0.0,2025-12-16 09:17:08,logistics
EVID0008946,DSP001491,TXN0091288,customer_communication,APPLICABLE,1,1,1,0.73,2025-12-15 05:17:51,crm
EVID0008947,DSP001492,TXN0091307,order_confirmation,APPLICABLE,1,1,1,0.9,2025-12-10 04:34:21,billing
EVID0008948,DSP001492,TXN0091307,invoice,UNAVAILABLE,0,1,1,0.0,2025-12-24 01:36:56,billing
EVID0008949,DSP001492,TXN0091307,shipping_label,APPLICABLE,1,0,1,0.83,2025-12-29 23:35:24,logistics
EVID0008950,DSP001492,TXN0091307,tracking_number,APPLICABLE,1,0,1,0.83,2025-12-17 15:53:10,logistics
EVID0008951,DSP001492,TXN0091307,delivery_confirmation,APPLICABLE,1,0,1,0.77,2025-12-28 06:35:41,logistics
EVID0008952,DSP001492,TXN0091307,customer_communication,APPLICABLE,1,1,1,0.88,2025-12-26 19:30:18,crm
EVID0008953,DSP001493,TXN0091454,order_confirmation,APPLICABLE,1,1,1,0.81,2025-12-18 15:20:16,billing
EVID0008954,DSP001493,TXN0091454,invoice,APPLICABLE,1,1,1,0.6,2026-01-13 10:35:07,billing
EVID0008955,DSP001493,TXN0091454,shipping_label,NOT_APPLICABLE,0,0,0,0.0,2025-12-26 12:51:58,logistics
EVID0008956,DSP001493,TXN0091454,tracking_number,NOT_APPLICABLE,0,0,0,0.0,2026-01-08 11:20:48,logistics
EVID0008957,DSP001493,TXN0091454,delivery_confirmation,NOT_APPLICABLE,0,0,0,0.0,2026-01-04 03:14:48,logistics
EVID0008958,DSP001493,TXN0091454,customer_communication,UNAVAILABLE,0,0,0,0.0,2026-01-08 01:47:25,crm
EVID0008959,DSP001494,TXN0091477,order_confirmation,APPLICABLE,1,1,1,0.87,2025-12-23 08:55:14,billing
EVID0008960,DSP001494,TXN0091477,invoice,APPLICABLE,1,0,0,0.71,2025-12-22 00:36:57,billing
EVID0008961,DSP001494,TXN0091477,shipping_label,NOT_APPLICABLE,0,0,0,0.0,2025-12-12 12:23:55,logistics
EVID0008962,DSP001494,TXN0091477,tracking_number,NOT_APPLICABLE,0,0,0,0.0,2025-12-10 17:55:19,logistics
EVID0008963,DSP001494,TXN0091477,delivery_confirmation,NOT_APPLICABLE,0,0,0,0.0,2025-12-26 14:54:03,logistics
EVID0008964,DSP001494,TXN0091477,customer_communication,APPLICABLE,1,0,1,0.6,2025-12-27 05:29:15,crm
EVID0008965,DSP001495,TXN0091507,order_confirmation,APPLICABLE,1,1,1,0.84,2025-12-11 15:21:12,billing
EVID0008966,DSP001495,TXN0091507,invoice,APPLICABLE,1,0,1,0.66,2025-12-11 04:45:28,billing
EVID0008967,DSP001495,TXN0091507,shipping_label,APPLICABLE,1,1,1,0.69,2025-12-17 20:27:50,logistics
EVID0008968,DSP001495,TXN0091507,tracking_number,UNAVAILABLE,0,1,1,0.0,2025-12-07 04:59:09,logistics
EVID0008969,DSP001495,TXN0091507,delivery_confirmation,APPLICABLE,1,1,1,0.68,2025-12-10 21:06:02,logistics
EVID0008970,DSP001495,TXN0091507,customer_communication,APPLICABLE,1,0,1,0.65,2025-12-09 18:18:50,crm
EVID0008971,DSP001496,TXN0091551,order_confirmation,APPLICABLE,1,1,1,0.75,2025-12-18 08:35:05,billing
EVID0008972,DSP001496,TXN0091551,invoice,APPLICABLE,1,0,0,0.85,2025-12-24 23:36:54,billing
EVID0008973,DSP001496,TXN0091551,shipping_label,APPLICABLE,1,1,1,0.88,2025-12-09 09:42:19,logistics
EVID0008974,DSP001496,TXN0091551,tracking_number,APPLICABLE,1,1,1,0.88,2025-12-10 00:30:12,logistics
EVID0008975,DSP001496,TXN0091551,delivery_confirmation,APPLICABLE,1,1,1,0.84,2025-12-07 18:43:18,logistics
EVID0008976,DSP001496,TXN0091551,customer_communication,UNAVAILABLE,0,0,1,0.0,2025-12-17 10:11:30,crm
EVID0008977,DSP001497,TXN0091649,order_confirmation,APPLICABLE,1,1,1,0.61,2025-12-19 21:24:49,billing
EVID0008978,DSP001497,TXN0091649,invoice,APPLICABLE,1,1,1,0.6,2025-12-20 05:48:34,billing
EVID0008979,DSP001497,TXN0091649,shipping_label,APPLICABLE,1,0,0,0.83,2025-12-16 19:33:26,logistics
EVID0008980,DSP001497,TXN0091649,tracking_number,UNAVAILABLE,0,0,0,0.0,2025-12-17 15:30:22,logistics
EVID0008981,DSP001497,TXN0091649,delivery_confirmation,APPLICABLE,1,0,1,0.76,2025-12-15 23:53:55,logistics
EVID0008982,DSP001497,TXN0091649,customer_communication,APPLICABLE,1,1,1,0.77,2025-12-10 11:42:40,crm
EVID0008983,DSP001498,TXN0091684,order_confirmation,APPLICABLE,1,1,1,0.78,2025-12-21 16:13:24,billing
EVID0008984,DSP001498,TXN0091684,invoice,UNAVAILABLE,0,1,1,0.0,2025-12-13 05:04:36,billing
EVID0008985,DSP001498,TXN0091684,shipping_label,APPLICABLE,1,0,1,0.88,2025-12-23 18:48:26,logistics
EVID0008986,DSP001498,TXN0091684,tracking_number,APPLICABLE,1,0,0,0.72,2025-12-23 18:36:42,logistics
EVID0008987,DSP001498,TXN0091684,delivery_confirmation,APPLICABLE,1,0,1,0.9,2026-01-05 03:31:08,logistics
EVID0008988,DSP001498,TXN0091684,customer_communication,APPLICABLE,1,1,1,0.81,2026-01-05 23:39:03,crm
EVID0008989,DSP001499,TXN0091926,order_confirmation,APPLICABLE,1,1,1,0.73,2025-12-10 01:10:37,billing
EVID0008990,DSP001499,TXN0091926,invoice,APPLICABLE,1,0,1,0.6,2025-12-10 14:51:27,billing
EVID0008991,DSP001499,TXN0091926,shipping_label,APPLICABLE,1,0,0,0.6,2025-12-10 09:01:45,logistics
EVID0008992,DSP001499,TXN0091926,tracking_number,APPLICABLE,1,0,0,0.77,2025-12-11 17:21:14,logistics
EVID0008993,DSP001499,TXN0091926,delivery_confirmation,APPLICABLE,1,1,1,0.6,2025-12-10 14:58:57,logistics
EVID0008994,DSP001499,TXN0091926,customer_communication,APPLICABLE,1,1,1,0.72,2025-12-12 09:21:15,crm
EVID0008995,DSP001500,TXN0092228,order_confirmation,UNAVAILABLE,0,1,1,0.0,2025-12-12 01:53:17,billing
EVID0008996,DSP001500,TXN0092228,invoice,APPLICABLE,1,0,1,0.6,2025-12-26 14:44:10,billing
EVID0008997,DSP001500,TXN0092228,shipping_label,APPLICABLE,1,0,1,0.68,2025-12-13 06:20:33,logistics
EVID0008998,DSP001500,TXN0092228,tracking_number,APPLICABLE,1,0,0,0.81,2025-12-26 09:03:53,logistics
EVID0008999,DSP001500,TXN0092228,delivery_confirmation,APPLICABLE,1,1,1,0.9,2025-12-27 09:40:34,logistics
EVID0009000,DSP001500,TXN0092228,customer_communication,APPLICABLE,1,1,1,0.83,2025-12-23 02:55:02,crm
EVID0009001,DSP001501,TXN0092390,order_confirmation,APPLICABLE,1,1,1,0.67,2025-12-16 15:28:14,billing
EVID0009002,DSP001501,TXN0092390,invoice,APPLICABLE,1,1,1,0.66,2025-12-16 15:19:25,billing
EVID0009003,DSP001501,TXN0092390,shipping_label,NOT_APPLICABLE,0,0,0,0.0,2025-12-13 22:19:09,logistics
EVID0009004,DSP001501,TXN0092390,tracking_number,NOT_APPLICABLE,0,0,0,0.0,2025-12-17 07:44:19,logistics
EVID0009005,DSP001501,TXN0092390,delivery_confirmation,NOT_APPLICABLE,0,0,0,0.0,2025-12-14 22:41:06,logistics
EVID0009006,DSP001501,TXN0092390,customer_communication,APPLICABLE,1,1,1,0.61,2025-12-14 01:05:12,crm
EVID0009007,DSP001502,TXN0092409,order_confirmation,APPLICABLE,1,1,1,0.81,2026-01-07 00:51:30,billing
EVID0009008,DSP001502,TXN0092409,invoice,APPLICABLE,1,1,1,0.84,2025-12-23 01:06:08,billing
EVID0009009,DSP001502,TXN0092409,shipping_label,NOT_APPLICABLE,0,0,0,0.0,2025-12-14 04:35:23,logistics
EVID0009010,DSP001502,TXN0092409,tracking_number,NOT_APPLICABLE,0,0,0,0.0,2025-12-20 18:18:04,logistics
EVID0009011,DSP001502,TXN0092409,delivery_confirmation,NOT_APPLICABLE,0,0,0,0.0,2025-12-23 22:07:51,logistics
EVID0009012,DSP001502,TXN0092409,customer_communication,APPLICABLE,1,1,1,0.77,2026-01-02 10:25:23,crm
EVID0009013,DSP001503,TXN0092412,order_confirmation,APPLICABLE,1,1,1,0.88,2025-12-22 01:22:37,billing
EVID0009014,DSP001503,TXN0092412,invoice,APPLICABLE,1,1,1,0.7,2025-12-31 06:31:26,billing
EVID0009015,DSP001503,TXN0092412,shipping_label,NOT_APPLICABLE,0,0,0,0.0,2025-12-22 05:45:19,logistics
EVID0009016,DSP001503,TXN0092412,tracking_number,NOT_APPLICABLE,0,0,0,0.0,2025-12-23 13:34:56,logistics
EVID0009017,DSP001503,TXN0092412,delivery_confirmation,NOT_APPLICABLE,0,0,0,0.0,2025-12-21 19:52:20,logistics
EVID0009018,DSP001503,TXN0092412,customer_communication,APPLICABLE,1,1,1,0.78,2025-12-29 23:30:42,crm
EVID0009019,DSP001504,TXN0092435,order_confirmation,APPLICABLE,1,1,1,0.82,2025-12-17 06:26:19,billing
EVID0009020,DSP001504,TXN0092435,invoice,APPLICABLE,1,1,1,0.6,2025-12-27 22:00:45,billing
EVID0009021,DSP001504,TXN0092435,shipping_label,NOT_APPLICABLE,0,0,0,0.0,2025-12-13 20:47:17,logistics
EVID0009022,DSP001504,TXN0092435,tracking_number,NOT_APPLICABLE,0,0,0,0.0,2025-12-13 00:16:16,logistics
EVID0009023,DSP001504,TXN0092435,delivery_confirmation,NOT_APPLICABLE,0,0,0,0.0,2025-12-10 13:16:54,logistics
EVID0009024,DSP001504,TXN0092435,customer_communication,UNAVAILABLE,0,1,1,0.0,2025-12-29 07:02:06,crm
EVID0009025,DSP001505,TXN0092438,order_confirmation,APPLICABLE,1,1,1,0.93,2026-01-06 11:04:58,billing
EVID0009026,DSP001505,TXN0092438,invoice,APPLICABLE,1,0,1,0.7,2026-01-08 10:04:55,billing
EVID0009027,DSP001505,TXN0092438,shipping_label,APPLICABLE,1,0,1,0.7,2025-12-24 19:15:48,logistics
EVID0009028,DSP001505,TXN0092438,tracking_number,APPLICABLE,1,0,1,0.82,2025-12-14 08:53:08,logistics
EVID0009029,DSP001505,TXN0092438,delivery_confirmation,APPLICABLE,1,1,1,0.7,2025-12-26 09:41:09,logistics
EVID0009030,DSP001505,TXN0092438,customer_communication,APPLICABLE,1,1,1,0.85,2025-12-23 08:48:15,crm
EVID0009031,DSP001506,TXN0092484,order_confirmation,APPLICABLE,1,1,1,0.81,2025-12-15 13:42:55,billing
EVID0009032,DSP001506,TXN0092484,invoice,APPLICABLE,1,1,1,0.6,2025-12-14 23:48:58,billing
EVID0009033,DSP001506,TXN0092484,shipping_label,NOT_APPLICABLE,0,0,0,0.0,2025-12-12 09:06:37,logistics
EVID0009034,DSP001506,TXN0092484,tracking_number,NOT_APPLICABLE,0,0,0,0.0,2025-12-11 17:17:26,logistics
EVID0009035,DSP001506,TXN0092484,delivery_confirmation,NOT_APPLICABLE,0,0,0,0.0,2025-12-13 03:59:52,logistics
EVID0009036,DSP001506,TXN0092484,customer_communication,APPLICABLE,1,1,1,0.63,2025-12-12 19:32:12,crm
EVID0009037,DSP001507,TXN0092530,order_confirmation,APPLICABLE,1,1,1,0.74,2025-12-13 03:16:17,billing
EVID0009038,DSP001507,TXN0092530,invoice,APPLICABLE,1,0,0,0.79,2025-12-11 11:11:06,billing
EVID0009039,DSP001507,TXN0092530,shipping_label,APPLICABLE,1,0,1,0.79,2025-12-10 22:04:12,logistics
EVID0009040,DSP001507,TXN0092530,tracking_number,APPLICABLE,1,0,1,0.9,2025-12-12 06:21:44,logistics
EVID0009041,DSP001507,TXN0092530,delivery_confirmation,APPLICABLE,1,1,1,0.78,2025-12-16 10:56:39,logistics
EVID0009042,DSP001507,TXN0092530,customer_communication,APPLICABLE,1,1,1,0.7,2025-12-15 22:17:02,crm
EVID0009043,DSP001508,TXN0092660,order_confirmation,APPLICABLE,1,1,1,0.78,2025-12-13 15:17:07,billing
EVID0009044,DSP001508,TXN0092660,invoice,APPLICABLE,1,0,1,0.76,2025-12-13 15:00:23,billing
EVID0009045,DSP001508,TXN0092660,shipping_label,NOT_APPLICABLE,0,0,0,0.0,2025-12-11 13:05:06,logistics
EVID0009046,DSP001508,TXN0092660,tracking_number,NOT_APPLICABLE,0,0,0,0.0,2025-12-10 09:38:15,logistics
EVID0009047,DSP001508,TXN0092660,delivery_confirmation,NOT_APPLICABLE,0,0,0,0.0,2025-12-13 07:47:25,logistics
EVID0009048,DSP001508,TXN0092660,customer_communication,APPLICABLE,1,0,1,0.67,2025-12-10 12:25:15,crm
EVID0009049,DSP001509,TXN0092704,order_confirmation,APPLICABLE,1,1,1,0.77,2025-12-20 18:44:49,billing
EVID0009050,DSP001509,TXN0092704,invoice,APPLICABLE,1,0,0,0.71,2025-12-21 05:25:13,billing
EVID0009051,DSP001509,TXN0092704,shipping_label,APPLICABLE,1,1,1,0.88,2025-12-23 01:44:02,logistics
EVID0009052,DSP001509,TXN0092704,tracking_number,APPLICABLE,1,1,1,0.88,2025-12-13 11:47:44,logistics
EVID0009053,DSP001509,TXN0092704,delivery_confirmation,APPLICABLE,1,1,1,0.9,2025-12-21 10:40:40,logistics
EVID0009054,DSP001509,TXN0092704,customer_communication,APPLICABLE,1,0,1,0.79,2025-12-17 14:06:26,crm
EVID0009055,DSP001510,TXN0092783,order_confirmation,UNAVAILABLE,0,1,1,0.0,2025-12-16 13:56:30,billing
EVID0009056,DSP001510,TXN0092783,invoice,APPLICABLE,1,0,1,0.81,2025-12-13 18:53:29,billing
EVID0009057,DSP001510,TXN0092783,shipping_label,NOT_APPLICABLE,0,0,0,0.0,2025-12-11 15:34:18,logistics
EVID0009058,DSP001510,TXN0092783,tracking_number,NOT_APPLICABLE,0,0,0,0.0,2025-12-21 02:04:31,logistics
EVID0009059,DSP001510,TXN0092783,delivery_confirmation,NOT_APPLICABLE,0,0,0,0.0,2025-12-12 06:07:19,logistics
EVID0009060,DSP001510,TXN0092783,customer_communication,UNAVAILABLE,0,1,1,0.0,2025-12-13 23:22:34,crm
EVID0009061,DSP001511,TXN0092811,order_confirmation,APPLICABLE,1,1,1,0.91,2025-12-21 10:51:44,billing
EVID0009062,DSP001511,TXN0092811,invoice,APPLICABLE,1,1,1,0.72,2025-12-14 06:19:23,billing
EVID0009063,DSP001511,TXN0092811,shipping_label,APPLICABLE,1,0,1,0.63,2025-12-26 12:48:58,logistics
EVID0009064,DSP001511,TXN0092811,tracking_number,UNAVAILABLE,0,0,1,0.0,2025-12-18 06:17:57,logistics
EVID0009065,DSP001511,TXN0092811,delivery_confirmation,APPLICABLE,1,0,0,0.79,2026-01-04 06:28:00,logistics
EVID0009066,DSP001511,TXN0092811,customer_communication,APPLICABLE,1,1,1,0.72,2025-12-26 22:23:42,crm
EVID0009067,DSP001512,TXN0092827,order_confirmation,APPLICABLE,1,1,1,0.8,2026-01-04 14:06:03,billing
EVID0009068,DSP001512,TXN0092827,invoice,APPLICABLE,1,0,0,0.82,2026-01-12 07:37:33,billing
EVID0009069,DSP001512,TXN0092827,shipping_label,APPLICABLE,1,1,1,0.7,2025-12-14 06:54:48,logistics
EVID0009070,DSP001512,TXN0092827,tracking_number,APPLICABLE,1,1,1,0.84,2025-12-25 23:22:27,logistics
EVID0009071,DSP001512,TXN0092827,delivery_confirmation,APPLICABLE,1,1,1,0.75,2025-12-12 13:16:59,logistics
EVID0009072,DSP001512,TXN0092827,customer_communication,APPLICABLE,1,0,1,0.67,2025-12-31 17:30:56,crm
EVID0009073,DSP001513,TXN0092864,order_confirmation,APPLICABLE,1,1,1,0.73,2026-01-06 20:34:47,billing
EVID0009074,DSP001513,TXN0092864,invoice,APPLICABLE,1,0,0,0.6,2026-01-11 20:32:13,billing
EVID0009075,DSP001513,TXN0092864,shipping_label,NOT_APPLICABLE,0,0,0,0.0,2026-01-10 03:42:05,logistics
EVID0009076,DSP001513,TXN0092864,tracking_number,NOT_APPLICABLE,0,0,0,0.0,2025-12-12 11:47:00,logistics
EVID0009077,DSP001513,TXN0092864,delivery_confirmation,NOT_APPLICABLE,0,0,0,0.0,2026-01-10 13:30:25,logistics
EVID0009078,DSP001513,TXN0092864,customer_communication,APPLICABLE,1,0,0,0.6,2026-01-10 05:06:16,crm
EVID0009079,DSP001514,TXN0092905,order_confirmation,APPLICABLE,1,1,1,0.73,2025-12-13 02:48:26,billing
EVID0009080,DSP001514,TXN0092905,invoice,UNAVAILABLE,0,1,1,0.0,2025-12-12 04:05:18,billing
EVID0009081,DSP001514,TXN0092905,shipping_label,APPLICABLE,1,0,1,0.9,2025-12-12 00:30:56,logistics
EVID0009082,DSP001514,TXN0092905,tracking_number,APPLICABLE,1,0,0,0.84,2025-12-12 10:39:11,logistics
EVID0009083,DSP001514,TXN0092905,delivery_confirmation,APPLICABLE,1,0,1,0.76,2025-12-13 16:29:00,logistics
EVID0009084,DSP001514,TXN0092905,customer_communication,APPLICABLE,1,1,1,0.64,2025-12-11 18:04:19,crm
EVID0009085,DSP001515,TXN0092945,order_confirmation,UNAVAILABLE,0,1,1,0.0,2026-01-04 01:34:24,billing
EVID0009086,DSP001515,TXN0092945,invoice,APPLICABLE,1,1,1,0.6,2025-12-24 16:05:51,billing
EVID0009087,DSP001515,TXN0092945,shipping_label,NOT_APPLICABLE,0,0,0,0.0,2025-12-17 08:23:38,logistics
EVID0009088,DSP001515,TXN0092945,tracking_number,NOT_APPLICABLE,0,0,0,0.0,2025-12-20 14:11:58,logistics
EVID0009089,DSP001515,TXN0092945,delivery_confirmation,NOT_APPLICABLE,0,0,0,0.0,2026-01-10 18:24:32,logistics
EVID0009090,DSP001515,TXN0092945,customer_communication,UNAVAILABLE,0,1,1,0.0,2025-12-15 06:12:06,crm
EVID0009091,DSP001516,TXN0093072,order_confirmation,APPLICABLE,1,1,1,0.82,2025-12-13 01:53:11,billing
EVID0009092,DSP001516,TXN0093072,invoice,UNAVAILABLE,0,1,1,0.0,2025-12-23 08:33:07,billing
EVID0009093,DSP001516,TXN0093072,shipping_label,NOT_APPLICABLE,0,0,0,0.0,2025-12-24 23:36:33,logistics
EVID0009094,DSP001516,TXN0093072,tracking_number,NOT_APPLICABLE,0,0,0,0.0,2025-12-26 06:45:49,logistics
EVID0009095,DSP001516,TXN0093072,delivery_confirmation,NOT_APPLICABLE,0,0,0,0.0,2025-12-16 12:11:28,logistics
EVID0009096,DSP001516,TXN0093072,customer_communication,APPLICABLE,1,1,1,0.89,2025-12-15 18:27:48,crm
EVID0009097,DSP001517,TXN0093206,order_confirmation,APPLICABLE,1,1,1,0.91,2026-01-10 13:24:02,billing
EVID0009098,DSP001517,TXN0093206,invoice,APPLICABLE,1,0,1,0.7,2025-12-30 05:50:00,billing
EVID0009099,DSP001517,TXN0093206,shipping_label,NOT_APPLICABLE,0,0,0,0.0,2026-01-09 03:03:17,logistics
EVID0009100,DSP001517,TXN0093206,tracking_number,NOT_APPLICABLE,0,0,0,0.0,2025-12-23 04:13:37,logistics
EVID0009101,DSP001517,TXN0093206,delivery_confirmation,NOT_APPLICABLE,0,0,0,0.0,2025-12-28 17:01:57,logistics
EVID0009102,DSP001517,TXN0093206,customer_communication,APPLICABLE,1,1,1,0.79,2026-01-04 06:56:08,crm
EVID0009103,DSP001518,TXN0093285,order_confirmation,UNAVAILABLE,0,1,1,0.0,2026-01-21 21:33:13,billing
EVID0009104,DSP001518,TXN0093285,invoice,APPLICABLE,1,0,1,0.7,2025-12-23 08:15:07,billing
EVID0009105,DSP001518,TXN0093285,shipping_label,NOT_APPLICABLE,0,0,0,0.0,2026-01-23 13:34:15,logistics
EVID0009106,DSP001518,TXN0093285,tracking_number,NOT_APPLICABLE,0,0,0,0.0,2025-12-26 06:24:58,logistics
EVID0009107,DSP001518,TXN0093285,delivery_confirmation,NOT_APPLICABLE,0,0,0,0.0,2026-01-13 12:19:29,logistics
EVID0009108,DSP001518,TXN0093285,customer_communication,APPLICABLE,1,1,1,0.68,2026-01-04 15:12:44,crm
EVID0009109,DSP001519,TXN0093330,order_confirmation,APPLICABLE,1,1,1,0.73,2025-12-29 16:38:35,billing
EVID0009110,DSP001519,TXN0093330,invoice,UNAVAILABLE,0,1,1,0.0,2026-01-07 17:40:53,billing
EVID0009111,DSP001519,TXN0093330,shipping_label,APPLICABLE,1,0,1,0.75,2026-01-04 16:55:01,logistics
EVID0009112,DSP001519,TXN0093330,tracking_number,APPLICABLE,1,0,1,0.78,2025-12-26 16:44:42,logistics
EVID0009113,DSP001519,TXN0093330,delivery_confirmation,APPLICABLE,1,0,1,0.68,2025-12-17 01:01:42,logistics
EVID0009114,DSP001519,TXN0093330,customer_communication,APPLICABLE,1,1,1,0.81,2025-12-22 23:37:54,crm
EVID0009115,DSP001520,TXN0093475,order_confirmation,UNAVAILABLE,0,1,1,0.0,2025-12-20 14:41:40,billing
EVID0009116,DSP001520,TXN0093475,invoice,APPLICABLE,1,1,1,0.81,2025-12-18 17:15:20,billing
EVID0009117,DSP001520,TXN0093475,shipping_label,UNAVAILABLE,0,0,0,0.0,2025-12-28 19:01:24,logistics
EVID0009118,DSP001520,TXN0093475,tracking_number,APPLICABLE,1,0,1,0.86,2025-12-23 00:38:20,logistics
EVID0009119,DSP001520,TXN0093475,delivery_confirmation,APPLICABLE,1,0,0,0.77,2025-12-15 12:36:23,logistics
EVID0009120,DSP001520,TXN0093475,customer_communication,APPLICABLE,1,1,1,0.69,2025-12-16 23:46:39,crm
EVID0009121,DSP001521,TXN0093492,order_confirmation,APPLICABLE,1,1,1,0.76,2025-12-21 04:46:51,billing
EVID0009122,DSP001521,TXN0093492,invoice,APPLICABLE,1,0,1,0.78,2025-12-29 16:18:55,billing
EVID0009123,DSP001521,TXN0093492,shipping_label,NOT_APPLICABLE,0,0,0,0.0,2025-12-22 10:12:19,logistics
EVID0009124,DSP001521,TXN0093492,tracking_number,NOT_APPLICABLE,0,0,0,0.0,2025-12-29 20:53:18,logistics
EVID0009125,DSP001521,TXN0093492,delivery_confirmation,NOT_APPLICABLE,0,0,0,0.0,2025-12-15 20:54:02,logistics
EVID0009126,DSP001521,TXN0093492,customer_communication,UNAVAILABLE,0,0,1,0.0,2025-12-31 13:00:14,crm
EVID0009127,DSP001522,TXN0093503,order_confirmation,UNAVAILABLE,0,1,1,0.0,2026-01-15 03:23:01,billing
EVID0009128,DSP001522,TXN0093503,invoice,UNAVAILABLE,0,0,1,0.0,2025-12-24 04:20:38,billing
EVID0009129,DSP001522,TXN0093503,shipping_label,APPLICABLE,1,1,1,0.75,2025-12-14 04:27:21,logistics
EVID0009130,DSP001522,TXN0093503,tracking_number,UNAVAILABLE,0,1,1,0.0,2025-12-26 21:40:13,logistics
EVID0009131,DSP001522,TXN0093503,delivery_confirmation,APPLICABLE,1,1,1,0.68,2025-12-25 18:51:58,logistics
EVID0009132,DSP001522,TXN0093503,customer_communication,UNAVAILABLE,0,0,0,0.0,2026-01-06 09:58:40,crm
EVID0009133,DSP001523,TXN0093592,order_confirmation,APPLICABLE,1,1,1,0.78,2025-12-28 18:03:28,billing
EVID0009134,DSP001523,TXN0093592,invoice,APPLICABLE,1,0,0,0.61,2025-12-25 18:18:14,billing
EVID0009135,DSP001523,TXN0093592,shipping_label,APPLICABLE,1,0,1,0.84,2025-12-28 11:33:50,logistics
EVID0009136,DSP001523,TXN0093592,tracking_number,APPLICABLE,1,0,0,0.68,2026-01-02 00:37:42,logistics
EVID0009137,DSP001523,TXN0093592,delivery_confirmation,APPLICABLE,1,1,1,0.81,2026-01-01 01:30:02,logistics
EVID0009138,DSP001523,TXN0093592,customer_communication,APPLICABLE,1,1,1,0.89,2026-01-03 12:25:22,crm
EVID0009139,DSP001524,TXN0093676,order_confirmation,APPLICABLE,1,1,1,0.94,2025-12-16 01:06:58,billing
EVID0009140,DSP001524,TXN0093676,invoice,APPLICABLE,1,1,1,0.61,2025-12-26 10:04:34,billing
EVID0009141,DSP001524,TXN0093676,shipping_label,APPLICABLE,1,0,0,0.77,2026-01-05 23:07:07,logistics
EVID0009142,DSP001524,TXN0093676,tracking_number,APPLICABLE,1,0,1,0.66,2025-12-24 00:33:25,logistics
EVID0009143,DSP001524,TXN0093676,delivery_confirmation,APPLICABLE,1,0,0,0.9,2025-12-29 21:24:28,logistics
EVID0009144,DSP001524,TXN0093676,customer_communication,APPLICABLE,1,1,1,0.81,2025-12-15 14:37:29,crm
EVID0009145,DSP001525,TXN0093809,order_confirmation,APPLICABLE,1,1,1,0.68,2025-12-18 23:23:01,billing
EVID0009146,DSP001525,TXN0093809,invoice,APPLICABLE,1,1,1,0.87,2025-12-27 11:58:12,billing
EVID0009147,DSP001525,TXN0093809,shipping_label,APPLICABLE,1,0,1,0.78,2026-01-03 20:32:53,logistics
EVID0009148,DSP001525,TXN0093809,tracking_number,APPLICABLE,1,0,1,0.72,2025-12-17 15:28:30,logistics
EVID0009149,DSP001525,TXN0093809,delivery_confirmation,APPLICABLE,1,0,1,0.82,2025-12-26 14:42:41,logistics
EVID0009150,DSP001525,TXN0093809,customer_communication,UNAVAILABLE,0,1,1,0.0,2025-12-18 14:34:55,crm
EVID0009151,DSP001526,TXN0093858,order_confirmation,UNAVAILABLE,0,1,1,0.0,2026-01-12 08:47:05,billing
EVID0009152,DSP001526,TXN0093858,invoice,APPLICABLE,1,0,1,0.86,2025-12-29 17:19:03,billing
EVID0009153,DSP001526,TXN0093858,shipping_label,NOT_APPLICABLE,0,0,0,0.0,2025-12-19 23:45:16,logistics
EVID0009154,DSP001526,TXN0093858,tracking_number,NOT_APPLICABLE,0,0,0,0.0,2026-01-12 02:02:19,logistics
EVID0009155,DSP001526,TXN0093858,delivery_confirmation,NOT_APPLICABLE,0,0,0,0.0,2026-01-08 22:04:56,logistics
EVID0009156,DSP001526,TXN0093858,customer_communication,APPLICABLE,1,0,0,0.63,2025-12-14 16:24:58,crm
EVID0009157,DSP001527,TXN0093869,order_confirmation,APPLICABLE,1,1,1,0.73,2025-12-29 21:57:01,billing
EVID0009158,DSP001527,TXN0093869,invoice,APPLICABLE,1,0,1,0.79,2025-12-30 20:34:03,billing
EVID0009159,DSP001527,TXN0093869,shipping_label,APPLICABLE,1,1,1,0.66,2026-01-09 13:48:36,logistics
EVID0009160,DSP001527,TXN0093869,tracking_number,APPLICABLE,1,1,1,0.71,2025-12-16 19:35:00,logistics
EVID0009161,DSP001527,TXN0093869,delivery_confirmation,UNAVAILABLE,0,1,1,0.0,2025-12-16 02:58:53,logistics
EVID0009162,DSP001527,TXN0093869,customer_communication,UNAVAILABLE,0,0,1,0.0,2026-01-07 21:54:41,crm
EVID0009163,DSP001528,TXN0093875,order_confirmation,APPLICABLE,1,1,1,0.69,2025-12-21 08:47:25,billing
EVID0009164,DSP001528,TXN0093875,invoice,UNAVAILABLE,0,1,1,0.0,2026-01-08 18:00:53,billing
EVID0009165,DSP001528,TXN0093875,shipping_label,NOT_APPLICABLE,0,0,0,0.0,2026-01-01 22:42:07,logistics
EVID0009166,DSP001528,TXN0093875,tracking_number,NOT_APPLICABLE,0,0,0,0.0,2025-12-24 21:04:28,logistics
EVID0009167,DSP001528,TXN0093875,delivery_confirmation,NOT_APPLICABLE,0,0,0,0.0,2025-12-27 19:58:24,logistics
EVID0009168,DSP001528,TXN0093875,customer_communication,UNAVAILABLE,0,1,1,0.0,2025-12-21 13:55:48,crm
EVID0009169,DSP001529,TXN0093929,order_confirmation,UNAVAILABLE,0,1,1,0.0,2025-12-24 06:42:55,billing
EVID0009170,DSP001529,TXN0093929,invoice,UNAVAILABLE,0,1,1,0.0,2025-12-25 21:15:59,billing
EVID0009171,DSP001529,TXN0093929,shipping_label,NOT_APPLICABLE,0,0,0,0.0,2025-12-14 11:23:54,logistics
EVID0009172,DSP001529,TXN0093929,tracking_number,NOT_APPLICABLE,0,0,0,0.0,2025-12-15 13:32:09,logistics
EVID0009173,DSP001529,TXN0093929,delivery_confirmation,NOT_APPLICABLE,0,0,0,0.0,2025-12-14 18:50:25,logistics
EVID0009174,DSP001529,TXN0093929,customer_communication,APPLICABLE,1,1,1,0.63,2026-01-08 08:59:13,crm
EVID0009175,DSP001530,TXN0093958,order_confirmation,APPLICABLE,1,1,1,0.85,2025-12-15 22:28:36,billing
EVID0009176,DSP001530,TXN0093958,invoice,APPLICABLE,1,1,1,0.83,2025-12-21 12:03:57,billing
EVID0009177,DSP001530,TXN0093958,shipping_label,APPLICABLE,1,0,1,0.63,2025-12-27 15:02:04,logistics
EVID0009178,DSP001530,TXN0093958,tracking_number,APPLICABLE,1,0,1,0.79,2025-12-28 12:26:41,logistics
EVID0009179,DSP001530,TXN0093958,delivery_confirmation,APPLICABLE,1,0,0,0.61,2025-12-15 01:27:28,logistics
EVID0009180,DSP001530,TXN0093958,customer_communication,APPLICABLE,1,1,1,0.67,2025-12-25 01:11:11,crm
EVID0009181,DSP001531,TXN0093982,order_confirmation,APPLICABLE,1,1,1,0.84,2025-12-14 17:04:04,billing
EVID0009182,DSP001531,TXN0093982,invoice,APPLICABLE,1,0,1,0.7,2025-12-18 21:27:43,billing
EVID0009183,DSP001531,TXN0093982,shipping_label,NOT_APPLICABLE,0,0,0,0.0,2025-12-18 17:14:49,logistics
EVID0009184,DSP001531,TXN0093982,tracking_number,NOT_APPLICABLE,0,0,0,0.0,2025-12-16 06:05:25,logistics
EVID0009185,DSP001531,TXN0093982,delivery_confirmation,NOT_APPLICABLE,0,0,0,0.0,2025-12-17 22:29:33,logistics
EVID0009186,DSP001531,TXN0093982,customer_communication,APPLICABLE,1,1,1,0.65,2025-12-16 09:25:28,crm
EVID0009187,DSP001532,TXN0093986,order_confirmation,APPLICABLE,1,1,1,0.86,2025-12-24 10:22:25,billing
EVID0009188,DSP001532,TXN0093986,invoice,UNAVAILABLE,0,1,1,0.0,2025-12-15 00:02:11,billing
EVID0009189,DSP001532,TXN0093986,shipping_label,APPLICABLE,1,0,1,0.65,2025-12-14 21:35:34,logistics
EVID0009190,DSP001532,TXN0093986,tracking_number,APPLICABLE,1,0,0,0.88,2025-12-14 20:49:29,logistics
EVID0009191,DSP001532,TXN0093986,delivery_confirmation,UNAVAILABLE,0,0,1,0.0,2025-12-20 02:15:06,logistics
EVID0009192,DSP001532,TXN0093986,customer_communication,APPLICABLE,1,1,1,0.85,2025-12-22 17:38:00,crm
EVID0009193,DSP001533,TXN0094006,order_confirmation,APPLICABLE,1,1,1,0.66,2025-12-17 08:25:55,billing
EVID0009194,DSP001533,TXN0094006,invoice,APPLICABLE,1,0,1,0.69,2025-12-17 17:37:57,billing
EVID0009195,DSP001533,TXN0094006,shipping_label,APPLICABLE,1,0,0,0.64,2025-12-14 23:39:21,logistics
EVID0009196,DSP001533,TXN0094006,tracking_number,UNAVAILABLE,0,0,1,0.0,2025-12-14 15:27:29,logistics
EVID0009197,DSP001533,TXN0094006,delivery_confirmation,APPLICABLE,1,1,1,0.88,2025-12-17 15:12:13,logistics
EVID0009198,DSP001533,TXN0094006,customer_communication,APPLICABLE,1,1,1,0.86,2025-12-16 10:30:11,crm
EVID0009199,DSP001534,TXN0094040,order_confirmation,APPLICABLE,1,1,1,0.89,2026-01-03 22:08:28,billing
EVID0009200,DSP001534,TXN0094040,invoice,APPLICABLE,1,0,1,0.7,2026-01-08 03:44:24,billing
EVID0009201,DSP001534,TXN0094040,shipping_label,NOT_APPLICABLE,0,0,0,0.0,2026-01-19 09:01:24,logistics
EVID0009202,DSP001534,TXN0094040,tracking_number,NOT_APPLICABLE,0,0,0,0.0,2025-12-15 10:06:09,logistics
EVID0009203,DSP001534,TXN0094040,delivery_confirmation,NOT_APPLICABLE,0,0,0,0.0,2025-12-28 22:50:14,logistics
EVID0009204,DSP001534,TXN0094040,customer_communication,APPLICABLE,1,1,1,0.87,2025-12-27 14:05:36,crm
EVID0009205,DSP001535,TXN0094092,order_confirmation,APPLICABLE,1,1,1,0.95,2025-12-27 05:55:04,billing
EVID0009206,DSP001535,TXN0094092,invoice,APPLICABLE,1,0,1,0.8,2026-01-15 06:22:32,billing
EVID0009207,DSP001535,TXN0094092,shipping_label,NOT_APPLICABLE,0,0,0,0.0,2026-01-11 09:20:38,logistics
EVID0009208,DSP001535,TXN0094092,tracking_number,NOT_APPLICABLE,0,0,0,0.0,2026-01-06 07:14:32,logistics
EVID0009209,DSP001535,TXN0094092,delivery_confirmation,NOT_APPLICABLE,0,0,0,0.0,2026-01-01 16:46:10,logistics
EVID0009210,DSP001535,TXN0094092,customer_communication,APPLICABLE,1,0,1,0.75,2025-12-28 13:20:19,crm
EVID0009211,DSP001536,TXN0094121,order_confirmation,APPLICABLE,1,1,1,0.82,2025-12-21 06:55:39,billing
EVID0009212,DSP001536,TXN0094121,invoice,APPLICABLE,1,0,1,0.66,2025-12-17 20:39:41,billing
EVID0009213,DSP001536,TXN0094121,shipping_label,UNAVAILABLE,0,0,0,0.0,2025-12-20 08:18:40,logistics
EVID0009214,DSP001536,TXN0094121,tracking_number,APPLICABLE,1,0,1,0.8,2025-12-17 22:22:11,logistics
EVID0009215,DSP001536,TXN0094121,delivery_confirmation,UNAVAILABLE,0,1,1,0.0,2025-12-20 22:49:56,logistics
EVID0009216,DSP001536,TXN0094121,customer_communication,UNAVAILABLE,0,1,1,0.0,2025-12-20 15:04:53,crm
EVID0009217,DSP001537,TXN0094187,order_confirmation,UNAVAILABLE,0,1,1,0.0,2025-12-26 15:48:43,billing
EVID0009218,DSP001537,TXN0094187,invoice,APPLICABLE,1,1,1,0.8,2026-01-01 06:06:04,billing
EVID0009219,DSP001537,TXN0094187,shipping_label,UNAVAILABLE,0,0,1,0.0,2025-12-24 03:34:59,logistics
EVID0009220,DSP001537,TXN0094187,tracking_number,APPLICABLE,1,0,1,0.7,2025-12-23 15:24:13,logistics
EVID0009221,DSP001537,TXN0094187,delivery_confirmation,UNAVAILABLE,0,0,1,0.0,2025-12-27 20:40:30,logistics
EVID0009222,DSP001537,TXN0094187,customer_communication,APPLICABLE,1,1,1,0.8,2025-12-31 22:32:26,crm
EVID0009223,DSP001538,TXN0094208,order_confirmation,APPLICABLE,1,1,1,0.94,2025-12-15 20:13:42,billing
EVID0009224,DSP001538,TXN0094208,invoice,APPLICABLE,1,1,1,0.88,2026-01-02 22:10:18,billing
EVID0009225,DSP001538,TXN0094208,shipping_label,APPLICABLE,1,0,0,0.6,2025-12-25 21:39:41,logistics
EVID0009226,DSP001538,TXN0094208,tracking_number,APPLICABLE,1,0,1,0.92,2026-01-05 08:07:09,logistics
EVID0009227,DSP001538,TXN0094208,delivery_confirmation,APPLICABLE,1,0,0,0.7,2026-01-01 14:06:02,logistics
EVID0009228,DSP001538,TXN0094208,customer_communication,APPLICABLE,1,1,1,0.81,2026-01-06 18:44:48,crm
EVID0009229,DSP001539,TXN0094224,order_confirmation,APPLICABLE,1,1,1,0.7,2025-12-18 16:46:29,billing
EVID0009230,DSP001539,TXN0094224,invoice,APPLICABLE,1,0,1,0.61,2025-12-16 09:49:21,billing
EVID0009231,DSP001539,TXN0094224,shipping_label,NOT_APPLICABLE,0,0,0,0.0,2025-12-24 11:46:57,logistics
EVID0009232,DSP001539,TXN0094224,tracking_number,NOT_APPLICABLE,0,0,0,0.0,2025-12-22 07:25:18,logistics
EVID0009233,DSP001539,TXN0094224,delivery_confirmation,NOT_APPLICABLE,0,0,0,0.0,2025-12-15 16:18:23,logistics
EVID0009234,DSP001539,TXN0094224,customer_communication,APPLICABLE,1,1,1,0.64,2025-12-15 19:43:48,crm
EVID0009235,DSP001540,TXN0094225,order_confirmation,APPLICABLE,1,1,1,0.92,2025-12-20 17:35:10,billing
EVID0009236,DSP001540,TXN0094225,invoice,UNAVAILABLE,0,1,1,0.0,2025-12-16 16:50:14,billing
EVID0009237,DSP001540,TXN0094225,shipping_label,UNAVAILABLE,0,0,0,0.0,2025-12-18 02:17:58,logistics
EVID0009238,DSP001540,TXN0094225,tracking_number,APPLICABLE,1,0,0,0.73,2025-12-24 10:50:48,logistics
EVID0009239,DSP001540,TXN0094225,delivery_confirmation,UNAVAILABLE,0,0,1,0.0,2025-12-26 03:48:39,logistics
EVID0009240,DSP001540,TXN0094225,customer_communication,APPLICABLE,1,1,1,0.88,2025-12-27 08:52:28,crm
EVID0009241,DSP001541,TXN0094237,order_confirmation,APPLICABLE,1,1,1,0.79,2025-12-20 19:29:04,billing
EVID0009242,DSP001541,TXN0094237,invoice,APPLICABLE,1,1,1,0.64,2025-12-24 16:35:42,billing
EVID0009243,DSP001541,TXN0094237,shipping_label,UNAVAILABLE,0,0,1,0.0,2025-12-22 06:06:20,logistics
EVID0009244,DSP001541,TXN0094237,tracking_number,APPLICABLE,1,0,0,0.93,2025-12-22 21:29:33,logistics
EVID0009245,DSP001541,TXN0094237,delivery_confirmation,APPLICABLE,1,0,0,0.71,2025-12-18 08:24:28,logistics
EVID0009246,DSP001541,TXN0094237,customer_communication,APPLICABLE,1,1,1,0.6,2025-12-15 13:56:18,crm
EVID0009247,DSP001542,TXN0094274,order_confirmation,APPLICABLE,1,1,1,0.71,2025-12-15 00:15:51,billing
EVID0009248,DSP001542,TXN0094274,invoice,APPLICABLE,1,1,1,0.69,2025-12-27 18:11:03,billing
EVID0009249,DSP001542,TXN0094274,shipping_label,NOT_APPLICABLE,0,0,0,0.0,2026-01-17 06:08:38,logistics
EVID0009250,DSP001542,TXN0094274,tracking_number,NOT_APPLICABLE,0,0,0,0.0,2025-12-24 21:32:11,logistics
EVID0009251,DSP001542,TXN0094274,delivery_confirmation,NOT_APPLICABLE,0,0,0,0.0,2026-01-20 09:27:20,logistics
EVID0009252,DSP001542,TXN0094274,customer_communication,APPLICABLE,1,1,1,0.77,2026-01-11 01:01:38,crm
EVID0009253,DSP001543,TXN0094285,order_confirmation,APPLICABLE,1,1,1,0.86,2026-01-15 10:00:45,billing
EVID0009254,DSP001543,TXN0094285,invoice,APPLICABLE,1,1,1,0.86,2025-12-26 05:01:25,billing
EVID0009255,DSP001543,TXN0094285,shipping_label,NOT_APPLICABLE,0,0,0,0.0,2025-12-30 09:20:09,logistics
EVID0009256,DSP001543,TXN0094285,tracking_number,NOT_APPLICABLE,0,0,0,0.0,2026-01-06 03:54:17,logistics
EVID0009257,DSP001543,TXN0094285,delivery_confirmation,NOT_APPLICABLE,0,0,0,0.0,2026-01-18 04:15:31,logistics
EVID0009258,DSP001543,TXN0094285,customer_communication,APPLICABLE,1,1,1,0.93,2026-01-07 05:05:56,crm
EVID0009259,DSP001544,TXN0094358,order_confirmation,APPLICABLE,1,1,1,0.64,2026-01-19 11:28:09,billing
EVID0009260,DSP001544,TXN0094358,invoice,APPLICABLE,1,1,1,0.85,2025-12-18 20:15:34,billing
EVID0009261,DSP001544,TXN0094358,shipping_label,NOT_APPLICABLE,0,0,0,0.0,2025-12-19 23:45:59,logistics
EVID0009262,DSP001544,TXN0094358,tracking_number,NOT_APPLICABLE,0,0,0,0.0,2026-01-04 13:21:37,logistics
EVID0009263,DSP001544,TXN0094358,delivery_confirmation,NOT_APPLICABLE,0,0,0,0.0,2026-01-17 20:04:24,logistics
EVID0009264,DSP001544,TXN0094358,customer_communication,APPLICABLE,1,1,1,0.66,2025-12-18 15:40:51,crm
EVID0009265,DSP001545,TXN0094432,order_confirmation,UNAVAILABLE,0,1,1,0.0,2025-12-21 15:29:35,billing
EVID0009266,DSP001545,TXN0094432,invoice,APPLICABLE,1,0,1,0.6,2025-12-24 09:57:50,billing
EVID0009267,DSP001545,TXN0094432,shipping_label,NOT_APPLICABLE,0,0,0,0.0,2025-12-16 19:25:58,logistics
EVID0009268,DSP001545,TXN0094432,tracking_number,NOT_APPLICABLE,0,0,0,0.0,2025-12-17 08:27:30,logistics
EVID0009269,DSP001545,TXN0094432,delivery_confirmation,NOT_APPLICABLE,0,0,0,0.0,2025-12-17 17:32:14,logistics
EVID0009270,DSP001545,TXN0094432,customer_communication,UNAVAILABLE,0,1,1,0.0,2025-12-20 15:30:38,crm
EVID0009271,DSP001546,TXN0094479,order_confirmation,UNAVAILABLE,0,1,1,0.0,2025-12-21 10:44:57,billing
EVID0009272,DSP001546,TXN0094479,invoice,APPLICABLE,1,0,1,0.88,2025-12-17 12:14:34,billing
EVID0009273,DSP001546,TXN0094479,shipping_label,APPLICABLE,1,0,0,0.87,2025-12-23 00:54:00,logistics
EVID0009274,DSP001546,TXN0094479,tracking_number,APPLICABLE,1,0,1,0.73,2025-12-25 04:27:06,logistics
EVID0009275,DSP001546,TXN0094479,delivery_confirmation,UNAVAILABLE,0,1,1,0.0,2025-12-21 19:18:50,logistics
EVID0009276,DSP001546,TXN0094479,customer_communication,APPLICABLE,1,1,1,0.78,2025-12-21 08:25:18,crm
EVID0009277,DSP001547,TXN0094637,order_confirmation,APPLICABLE,1,1,1,0.85,2025-12-20 20:20:08,billing
EVID0009278,DSP001547,TXN0094637,invoice,APPLICABLE,1,1,1,0.85,2025-12-20 14:52:36,billing
EVID0009279,DSP001547,TXN0094637,shipping_label,APPLICABLE,1,0,0,0.83,2025-12-15 21:14:17,logistics
EVID0009280,DSP001547,TXN0094637,tracking_number,APPLICABLE,1,0,1,0.76,2025-12-19 08:58:35,logistics
EVID0009281,DSP001547,TXN0094637,delivery_confirmation,UNAVAILABLE,0,0,1,0.0,2025-12-17 04:47:24,logistics
EVID0009282,DSP001547,TXN0094637,customer_communication,APPLICABLE,1,1,1,0.69,2025-12-21 01:23:02,crm
EVID0009283,DSP001548,TXN0094779,order_confirmation,APPLICABLE,1,1,1,0.6,2025-12-22 23:09:41,billing
EVID0009284,DSP001548,TXN0094779,invoice,APPLICABLE,1,1,1,0.68,2025-12-29 01:35:48,billing
EVID0009285,DSP001548,TXN0094779,shipping_label,NOT_APPLICABLE,0,0,0,0.0,2025-12-24 05:02:00,logistics
EVID0009286,DSP001548,TXN0094779,tracking_number,NOT_APPLICABLE,0,0,0,0.0,2025-12-31 07:33:07,logistics
EVID0009287,DSP001548,TXN0094779,delivery_confirmation,NOT_APPLICABLE,0,0,0,0.0,2026-01-06 23:25:39,logistics
EVID0009288,DSP001548,TXN0094779,customer_communication,APPLICABLE,1,1,1,0.64,2025-12-25 09:43:16,crm
EVID0009289,DSP001549,TXN0094806,order_confirmation,APPLICABLE,1,1,1,0.83,2025-12-30 12:51:45,billing
EVID0009290,DSP001549,TXN0094806,invoice,APPLICABLE,1,0,1,0.78,2026-01-10 20:23:26,billing
EVID0009291,DSP001549,TXN0094806,shipping_label,APPLICABLE,1,1,1,0.72,2026-01-18 16:52:10,logistics
EVID0009292,DSP001549,TXN0094806,tracking_number,APPLICABLE,1,1,1,0.65,2025-12-26 08:58:27,logistics
EVID0009293,DSP001549,TXN0094806,delivery_confirmation,APPLICABLE,1,1,1,0.88,2026-01-24 10:06:16,logistics
EVID0009294,DSP001549,TXN0094806,customer_communication,APPLICABLE,1,0,1,0.69,2026-01-15 06:07:13,crm
EVID0009295,DSP001550,TXN0094829,order_confirmation,APPLICABLE,1,1,1,0.83,2026-01-08 09:53:17,billing
EVID0009296,DSP001550,TXN0094829,invoice,APPLICABLE,1,1,1,0.6,2026-01-07 23:08:04,billing
EVID0009297,DSP001550,TXN0094829,shipping_label,NOT_APPLICABLE,0,0,0,0.0,2025-12-26 17:13:36,logistics
EVID0009298,DSP001550,TXN0094829,tracking_number,NOT_APPLICABLE,0,0,0,0.0,2026-01-01 12:31:27,logistics
EVID0009299,DSP001550,TXN0094829,delivery_confirmation,NOT_APPLICABLE,0,0,0,0.0,2026-01-21 17:53:00,logistics
EVID0009300,DSP001550,TXN0094829,customer_communication,APPLICABLE,1,1,1,0.61,2026-01-20 10:51:09,crm
EVID0009301,DSP001551,TXN0094874,order_confirmation,APPLICABLE,1,1,1,0.77,2025-12-25 06:46:36,billing
EVID0009302,DSP001551,TXN0094874,invoice,APPLICABLE,1,1,1,0.69,2025-12-26 16:04:36,billing
EVID0009303,DSP001551,TXN0094874,shipping_label,NOT_APPLICABLE,0,0,0,0.0,2025-12-22 08:31:08,logistics
EVID0009304,DSP001551,TXN0094874,tracking_number,NOT_APPLICABLE,0,0,0,0.0,2025-12-16 17:21:17,logistics
EVID0009305,DSP001551,TXN0094874,delivery_confirmation,NOT_APPLICABLE,0,0,0,0.0,2025-12-20 11:01:39,logistics
EVID0009306,DSP001551,TXN0094874,customer_communication,UNAVAILABLE,0,0,1,0.0,2025-12-21 15:45:04,crm
EVID0009307,DSP001552,TXN0094948,order_confirmation,APPLICABLE,1,1,1,0.7,2025-12-16 21:00:08,billing
EVID0009308,DSP001552,TXN0094948,invoice,APPLICABLE,1,0,1,0.6,2025-12-24 07:23:55,billing
EVID0009309,DSP001552,TXN0094948,shipping_label,APPLICABLE,1,1,1,0.86,2025-12-21 07:04:00,logistics
EVID0009310,DSP001552,TXN0094948,tracking_number,UNAVAILABLE,0,1,1,0.0,2025-12-21 13:49:13,logistics
EVID0009311,DSP001552,TXN0094948,delivery_confirmation,APPLICABLE,1,1,1,0.66,2025-12-19 00:24:32,logistics
EVID0009312,DSP001552,TXN0094948,customer_communication,APPLICABLE,1,0,1,0.73,2025-12-27 20:53:19,crm
EVID0009313,DSP001553,TXN0095102,order_confirmation,APPLICABLE,1,1,1,0.6,2025-12-23 00:28:48,billing
EVID0009314,DSP001553,TXN0095102,invoice,UNAVAILABLE,0,0,1,0.0,2025-12-24 13:06:37,billing
EVID0009315,DSP001553,TXN0095102,shipping_label,APPLICABLE,1,1,1,0.6,2025-12-19 05:31:59,logistics
EVID0009316,DSP001553,TXN0095102,tracking_number,UNAVAILABLE,0,1,1,0.0,2025-12-18 03:24:42,logistics
EVID0009317,DSP001553,TXN0095102,delivery_confirmation,APPLICABLE,1,1,1,0.66,2025-12-21 14:02:23,logistics
EVID0009318,DSP001553,TXN0095102,customer_communication,UNAVAILABLE,0,0,1,0.0,2025-12-25 01:18:41,crm
EVID0009319,DSP001554,TXN0095176,order_confirmation,APPLICABLE,1,1,1,0.91,2026-01-17 00:26:38,billing
EVID0009320,DSP001554,TXN0095176,invoice,APPLICABLE,1,1,1,0.61,2025-12-18 04:16:32,billing
EVID0009321,DSP001554,TXN0095176,shipping_label,NOT_APPLICABLE,0,0,0,0.0,2025-12-26 20:15:22,logistics
EVID0009322,DSP001554,TXN0095176,tracking_number,NOT_APPLICABLE,0,0,0,0.0,2025-12-30 19:43:23,logistics
EVID0009323,DSP001554,TXN0095176,delivery_confirmation,NOT_APPLICABLE,0,0,0,0.0,2025-12-31 06:54:58,logistics
EVID0009324,DSP001554,TXN0095176,customer_communication,APPLICABLE,1,1,1,0.83,2026-01-07 04:19:57,crm
EVID0009325,DSP001555,TXN0095208,order_confirmation,APPLICABLE,1,1,1,0.6,2026-01-05 04:47:45,billing
EVID0009326,DSP001555,TXN0095208,invoice,APPLICABLE,1,0,0,0.62,2025-12-27 08:54:48,billing
EVID0009327,DSP001555,TXN0095208,shipping_label,UNAVAILABLE,0,1,1,0.0,2025-12-23 18:23:41,logistics
EVID0009328,DSP001555,TXN0095208,tracking_number,APPLICABLE,1,1,1,0.83,2025-12-31 04:51:50,logistics
EVID0009329,DSP001555,TXN0095208,delivery_confirmation,UNAVAILABLE,0,1,1,0.0,2025-12-30 17:09:27,logistics
EVID0009330,DSP001555,TXN0095208,customer_communication,APPLICABLE,1,0,1,0.85,2026-01-02 03:45:04,crm
EVID0009331,DSP001556,TXN0095257,order_confirmation,APPLICABLE,1,1,1,0.69,2026-01-15 10:54:22,billing
EVID0009332,DSP001556,TXN0095257,invoice,APPLICABLE,1,1,1,0.73,2025-12-25 02:00:57,billing
EVID0009333,DSP001556,TXN0095257,shipping_label,NOT_APPLICABLE,0,0,0,0.0,2025-12-22 16:24:27,logistics
EVID0009334,DSP001556,TXN0095257,tracking_number,NOT_APPLICABLE,0,0,0,0.0,2026-01-22 03:42:36,logistics
EVID0009335,DSP001556,TXN0095257,delivery_confirmation,NOT_APPLICABLE,0,0,0,0.0,2025-12-28 04:36:15,logistics
EVID0009336,DSP001556,TXN0095257,customer_communication,APPLICABLE,1,1,1,0.81,2025-12-31 06:38:18,crm
EVID0009337,DSP001557,TXN0095325,order_confirmation,APPLICABLE,1,1,1,0.67,2025-12-20 21:44:24,billing
EVID0009338,DSP001557,TXN0095325,invoice,APPLICABLE,1,1,1,0.6,2026-01-06 04:08:54,billing
EVID0009339,DSP001557,TXN0095325,shipping_label,NOT_APPLICABLE,0,0,0,0.0,2025-12-30 12:12:06,logistics
EVID0009340,DSP001557,TXN0095325,tracking_number,NOT_APPLICABLE,0,0,0,0.0,2026-01-01 02:04:00,logistics
EVID0009341,DSP001557,TXN0095325,delivery_confirmation,NOT_APPLICABLE,0,0,0,0.0,2026-01-02 11:34:13,logistics
EVID0009342,DSP001557,TXN0095325,customer_communication,APPLICABLE,1,1,1,0.66,2026-01-05 10:11:19,crm
EVID0009343,DSP001558,TXN0095458,order_confirmation,APPLICABLE,1,1,1,0.93,2025-12-31 20:56:21,billing
EVID0009344,DSP001558,TXN0095458,invoice,APPLICABLE,1,0,0,0.79,2026-01-10 09:29:35,billing
EVID0009345,DSP001558,TXN0095458,shipping_label,APPLICABLE,1,1,1,0.78,2025-12-28 13:47:38,logistics
EVID0009346,DSP001558,TXN0095458,tracking_number,APPLICABLE,1,1,1,0.83,2025-12-26 13:47:02,logistics
EVID0009347,DSP001558,TXN0095458,delivery_confirmation,UNAVAILABLE,0,1,1,0.0,2025-12-18 13:02:45,logistics
EVID0009348,DSP001558,TXN0095458,customer_communication,APPLICABLE,1,0,0,0.94,2025-12-29 16:02:12,crm
EVID0009349,DSP001559,TXN0095605,order_confirmation,APPLICABLE,1,1,1,0.6,2025-12-20 11:44:13,billing
EVID0009350,DSP001559,TXN0095605,invoice,APPLICABLE,1,1,1,0.69,2025-12-20 17:59:42,billing
EVID0009351,DSP001559,TXN0095605,shipping_label,NOT_APPLICABLE,0,0,0,0.0,2025-12-24 12:28:38,logistics
EVID0009352,DSP001559,TXN0095605,tracking_number,NOT_APPLICABLE,0,0,0,0.0,2025-12-18 18:03:36,logistics
EVID0009353,DSP001559,TXN0095605,delivery_confirmation,NOT_APPLICABLE,0,0,0,0.0,2025-12-22 16:10:02,logistics
EVID0009354,DSP001559,TXN0095605,customer_communication,APPLICABLE,1,1,1,0.6,2025-12-19 16:38:44,crm
EVID0009355,DSP001560,TXN0095705,order_confirmation,UNAVAILABLE,0,1,1,0.0,2025-12-24 05:23:47,billing
EVID0009356,DSP001560,TXN0095705,invoice,APPLICABLE,1,0,1,0.82,2025-12-27 03:08:14,billing
EVID0009357,DSP001560,TXN0095705,shipping_label,NOT_APPLICABLE,0,0,0,0.0,2025-12-24 18:52:38,logistics
EVID0009358,DSP001560,TXN0095705,tracking_number,NOT_APPLICABLE,0,0,0,0.0,2025-12-23 00:45:35,logistics
EVID0009359,DSP001560,TXN0095705,delivery_confirmation,NOT_APPLICABLE,0,0,0,0.0,2025-12-22 17:36:52,logistics
EVID0009360,DSP001560,TXN0095705,customer_communication,UNAVAILABLE,0,0,1,0.0,2025-12-25 03:13:58,crm
EVID0009361,DSP001561,TXN0095826,order_confirmation,APPLICABLE,1,1,1,0.68,2025-12-24 05:22:35,billing
EVID0009362,DSP001561,TXN0095826,invoice,APPLICABLE,1,0,0,0.82,2025-12-24 00:44:03,billing
EVID0009363,DSP001561,TXN0095826,shipping_label,APPLICABLE,1,1,1,0.75,2025-12-28 20:15:19,logistics
EVID0009364,DSP001561,TXN0095826,tracking_number,APPLICABLE,1,1,1,0.82,2025-12-24 03:07:43,logistics
EVID0009365,DSP001561,TXN0095826,delivery_confirmation,APPLICABLE,1,1,1,0.76,2025-12-28 00:32:37,logistics
EVID0009366,DSP001561,TXN0095826,customer_communication,UNAVAILABLE,0,0,1,0.0,2025-12-25 05:02:12,crm
EVID0009367,DSP001562,TXN0096003,order_confirmation,APPLICABLE,1,1,1,0.81,2026-01-01 17:32:50,billing
EVID0009368,DSP001562,TXN0096003,invoice,UNAVAILABLE,0,0,1,0.0,2025-12-21 17:57:18,billing
EVID0009369,DSP001562,TXN0096003,shipping_label,UNAVAILABLE,0,0,0,0.0,2026-01-10 06:57:06,logistics
EVID0009370,DSP001562,TXN0096003,tracking_number,APPLICABLE,1,0,1,0.71,2026-01-03 13:03:37,logistics
EVID0009371,DSP001562,TXN0096003,delivery_confirmation,APPLICABLE,1,1,1,0.69,2026-01-09 07:00:45,logistics
EVID0009372,DSP001562,TXN0096003,customer_communication,APPLICABLE,1,1,1,0.87,2025-12-25 01:00:21,crm
EVID0009373,DSP001563,TXN0096097,order_confirmation,APPLICABLE,1,1,1,0.74,2025-12-23 18:07:36,billing
EVID0009374,DSP001563,TXN0096097,invoice,APPLICABLE,1,1,1,0.94,2025-12-30 21:36:12,billing
EVID0009375,DSP001563,TXN0096097,shipping_label,APPLICABLE,1,0,1,0.86,2026-01-02 21:23:51,logistics
EVID0009376,DSP001563,TXN0096097,tracking_number,APPLICABLE,1,0,0,0.9,2025-12-31 00:10:07,logistics
EVID0009377,DSP001563,TXN0096097,delivery_confirmation,UNAVAILABLE,0,0,0,0.0,2026-01-01 04:23:27,logistics
EVID0009378,DSP001563,TXN0096097,customer_communication,APPLICABLE,1,1,1,0.63,2025-12-26 08:50:25,crm
EVID0009379,DSP001564,TXN0096130,order_confirmation,APPLICABLE,1,1,1,0.92,2026-01-06 06:24:19,billing
EVID0009380,DSP001564,TXN0096130,invoice,APPLICABLE,1,0,0,0.87,2025-12-29 00:08:43,billing
EVID0009381,DSP001564,TXN0096130,shipping_label,NOT_APPLICABLE,0,0,0,0.0,2025-12-21 14:13:02,logistics
EVID0009382,DSP001564,TXN0096130,tracking_number,NOT_APPLICABLE,0,0,0,0.0,2026-01-07 02:48:08,logistics
EVID0009383,DSP001564,TXN0096130,delivery_confirmation,NOT_APPLICABLE,0,0,0,0.0,2026-01-11 23:45:48,logistics
EVID0009384,DSP001564,TXN0096130,customer_communication,APPLICABLE,1,0,0,0.71,2026-01-26 18:43:42,crm
EVID0009385,DSP001565,TXN0096206,order_confirmation,UNAVAILABLE,0,1,1,0.0,2026-01-16 16:14:34,billing
EVID0009386,DSP001565,TXN0096206,invoice,APPLICABLE,1,1,1,0.7,2025-12-29 18:32:53,billing
EVID0009387,DSP001565,TXN0096206,shipping_label,NOT_APPLICABLE,0,0,0,0.0,2026-01-08 01:37:50,logistics
EVID0009388,DSP001565,TXN0096206,tracking_number,NOT_APPLICABLE,0,0,0,0.0,2026-01-07 16:01:01,logistics
EVID0009389,DSP001565,TXN0096206,delivery_confirmation,NOT_APPLICABLE,0,0,0,0.0,2025-12-29 04:35:31,logistics
EVID0009390,DSP001565,TXN0096206,customer_communication,APPLICABLE,1,1,1,0.88,2025-12-21 00:28:11,crm
EVID0009391,DSP001566,TXN0096367,order_confirmation,APPLICABLE,1,1,1,0.78,2026-01-02 13:22:41,billing
EVID0009392,DSP001566,TXN0096367,invoice,UNAVAILABLE,0,1,1,0.0,2025-12-25 12:29:25,billing
EVID0009393,DSP001566,TXN0096367,shipping_label,APPLICABLE,1,0,0,0.91,2025-12-20 22:13:48,logistics
EVID0009394,DSP001566,TXN0096367,tracking_number,UNAVAILABLE,0,0,0,0.0,2026-01-04 00:26:20,logistics
EVID0009395,DSP001566,TXN0096367,delivery_confirmation,UNAVAILABLE,0,0,1,0.0,2025-12-28 07:46:30,logistics
EVID0009396,DSP001566,TXN0096367,customer_communication,APPLICABLE,1,1,1,0.63,2025-12-28 18:17:46,crm
EVID0009397,DSP001567,TXN0096380,order_confirmation,UNAVAILABLE,0,1,1,0.0,2025-12-21 10:30:10,billing
EVID0009398,DSP001567,TXN0096380,invoice,APPLICABLE,1,0,0,0.78,2026-01-03 01:27:49,billing
EVID0009399,DSP001567,TXN0096380,shipping_label,APPLICABLE,1,1,1,0.76,2025-12-22 10:25:35,logistics
EVID0009400,DSP001567,TXN0096380,tracking_number,UNAVAILABLE,0,1,1,0.0,2026-01-03 03:42:17,logistics
EVID0009401,DSP001567,TXN0096380,delivery_confirmation,UNAVAILABLE,0,1,1,0.0,2026-01-13 01:07:47,logistics
EVID0009402,DSP001567,TXN0096380,customer_communication,UNAVAILABLE,0,0,1,0.0,2026-01-09 03:24:34,crm
EVID0009403,DSP001568,TXN0096495,order_confirmation,UNAVAILABLE,0,1,1,0.0,2025-12-22 19:48:23,billing
EVID0009404,DSP001568,TXN0096495,invoice,APPLICABLE,1,1,1,0.62,2025-12-22 22:53:05,billing
EVID0009405,DSP001568,TXN0096495,shipping_label,NOT_APPLICABLE,0,0,0,0.0,2025-12-25 02:01:00,logistics
EVID0009406,DSP001568,TXN0096495,tracking_number,NOT_APPLICABLE,0,0,0,0.0,2025-12-21 15:17:22,logistics
EVID0009407,DSP001568,TXN0096495,delivery_confirmation,NOT_APPLICABLE,0,0,0,0.0,2025-12-27 04:23:16,logistics
EVID0009408,DSP001568,TXN0096495,customer_communication,APPLICABLE,1,1,1,0.74,2025-12-24 18:17:06,crm
EVID0009409,DSP001569,TXN0096684,order_confirmation,APPLICABLE,1,1,1,0.82,2025-12-25 07:40:29,billing
EVID0009410,DSP001569,TXN0096684,invoice,APPLICABLE,1,0,0,0.6,2025-12-25 11:16:15,billing
EVID0009411,DSP001569,TXN0096684,shipping_label,NOT_APPLICABLE,0,0,0,0.0,2025-12-24 09:22:58,logistics
EVID0009412,DSP001569,TXN0096684,tracking_number,NOT_APPLICABLE,0,0,0,0.0,2025-12-24 14:35:58,logistics
EVID0009413,DSP001569,TXN0096684,delivery_confirmation,NOT_APPLICABLE,0,0,0,0.0,2025-12-22 16:30:06,logistics
EVID0009414,DSP001569,TXN0096684,customer_communication,APPLICABLE,1,0,1,0.88,2025-12-24 12:08:43,crm
EVID0009415,DSP001570,TXN0096704,order_confirmation,UNAVAILABLE,0,1,1,0.0,2025-12-22 00:08:06,billing
EVID0009416,DSP001570,TXN0096704,invoice,UNAVAILABLE,0,0,0,0.0,2025-12-29 02:15:42,billing
EVID0009417,DSP001570,TXN0096704,shipping_label,UNAVAILABLE,0,1,1,0.0,2025-12-30 07:30:09,logistics
EVID0009418,DSP001570,TXN0096704,tracking_number,APPLICABLE,1,1,1,0.84,2025-12-23 12:21:22,logistics
EVID0009419,DSP001570,TXN0096704,delivery_confirmation,APPLICABLE,1,1,1,0.87,2025-12-30 05:16:05,logistics
EVID0009420,DSP001570,TXN0096704,customer_communication,APPLICABLE,1,0,1,0.94,2025-12-30 14:10:06,crm
EVID0009421,DSP001571,TXN0096839,order_confirmation,APPLICABLE,1,1,1,0.84,2026-01-01 00:50:55,billing
EVID0009422,DSP001571,TXN0096839,invoice,APPLICABLE,1,1,1,0.64,2026-01-01 04:16:04,billing
EVID0009423,DSP001571,TXN0096839,shipping_label,APPLICABLE,1,0,0,0.64,2025-12-23 08:41:44,logistics
EVID0009424,DSP001571,TXN0096839,tracking_number,UNAVAILABLE,0,0,1,0.0,2025-12-22 14:14:06,logistics
EVID0009425,DSP001571,TXN0096839,delivery_confirmation,APPLICABLE,1,0,0,0.92,2025-12-27 07:03:11,logistics
EVID0009426,DSP001571,TXN0096839,customer_communication,APPLICABLE,1,1,1,0.94,2025-12-29 15:35:20,crm
EVID0009427,DSP001572,TXN0096946,order_confirmation,APPLICABLE,1,1,1,0.6,2025-12-25 18:28:06,billing
EVID0009428,DSP001572,TXN0096946,invoice,APPLICABLE,1,1,1,0.6,2025-12-24 18:12:24,billing
EVID0009429,DSP001572,TXN0096946,shipping_label,NOT_APPLICABLE,0,0,0,0.0,2025-12-22 14:30:14,logistics
EVID0009430,DSP001572,TXN0096946,tracking_number,NOT_APPLICABLE,0,0,0,0.0,2025-12-26 10:32:34,logistics
EVID0009431,DSP001572,TXN0096946,delivery_confirmation,NOT_APPLICABLE,0,0,0,0.0,2025-12-26 05:49:43,logistics
EVID0009432,DSP001572,TXN0096946,customer_communication,APPLICABLE,1,1,1,0.79,2025-12-24 10:56:03,crm
EVID0009433,DSP001573,TXN0096992,order_confirmation,APPLICABLE,1,1,1,0.6,2026-01-11 01:53:17,billing
EVID0009434,DSP001573,TXN0096992,invoice,APPLICABLE,1,1,1,0.75,2026-01-11 17:16:25,billing
EVID0009435,DSP001573,TXN0096992,shipping_label,NOT_APPLICABLE,0,0,0,0.0,2025-12-25 11:47:27,logistics
EVID0009436,DSP001573,TXN0096992,tracking_number,NOT_APPLICABLE,0,0,0,0.0,2025-12-25 15:50:07,logistics
EVID0009437,DSP001573,TXN0096992,delivery_confirmation,NOT_APPLICABLE,0,0,0,0.0,2025-12-31 20:56:55,logistics
EVID0009438,DSP001573,TXN0096992,customer_communication,APPLICABLE,1,1,1,0.67,2026-01-15 20:28:38,crm
EVID0009439,DSP001574,TXN0097057,order_confirmation,APPLICABLE,1,1,1,0.73,2025-12-24 16:35:46,billing
EVID0009440,DSP001574,TXN0097057,invoice,UNAVAILABLE,0,1,1,0.0,2025-12-26 20:13:08,billing
EVID0009441,DSP001574,TXN0097057,shipping_label,UNAVAILABLE,0,0,0,0.0,2026-01-02 09:58:45,logistics
EVID0009442,DSP001574,TXN0097057,tracking_number,APPLICABLE,1,0,1,0.68,2025-12-23 17:36:31,logistics
EVID0009443,DSP001574,TXN0097057,delivery_confirmation,UNAVAILABLE,0,0,1,0.0,2025-12-29 08:11:09,logistics
EVID0009444,DSP001574,TXN0097057,customer_communication,UNAVAILABLE,0,1,1,0.0,2025-12-27 11:25:20,crm
EVID0009445,DSP001575,TXN0097215,order_confirmation,APPLICABLE,1,1,1,0.67,2025-12-23 11:37:38,billing
EVID0009446,DSP001575,TXN0097215,invoice,APPLICABLE,1,0,0,0.76,2026-01-07 10:24:12,billing
EVID0009447,DSP001575,TXN0097215,shipping_label,NOT_APPLICABLE,0,0,0,0.0,2026-01-05 14:49:39,logistics
EVID0009448,DSP001575,TXN0097215,tracking_number,NOT_APPLICABLE,0,0,0,0.0,2026-01-19 12:58:10,logistics
EVID0009449,DSP001575,TXN0097215,delivery_confirmation,NOT_APPLICABLE,0,0,0,0.0,2026-01-09 08:26:52,logistics
EVID0009450,DSP001575,TXN0097215,customer_communication,UNAVAILABLE,0,0,0,0.0,2025-12-29 01:01:04,crm
EVID0009451,DSP001576,TXN0097234,order_confirmation,APPLICABLE,1,1,1,0.7,2025-12-27 13:25:02,billing
EVID0009452,DSP001576,TXN0097234,invoice,APPLICABLE,1,0,1,0.79,2026-01-19 20:46:02,billing
EVID0009453,DSP001576,TXN0097234,shipping_label,NOT_APPLICABLE,0,0,0,0.0,2026-01-14 20:32:58,logistics
EVID0009454,DSP001576,TXN0097234,tracking_number,NOT_APPLICABLE,0,0,0,0.0,2025-12-27 15:49:31,logistics
EVID0009455,DSP001576,TXN0097234,delivery_confirmation,NOT_APPLICABLE,0,0,0,0.0,2025-12-29 00:33:49,logistics
EVID0009456,DSP001576,TXN0097234,customer_communication,APPLICABLE,1,0,0,0.62,2025-12-27 18:37:16,crm
EVID0009457,DSP001577,TXN0097350,order_confirmation,UNAVAILABLE,0,1,1,0.0,2025-12-30 19:19:06,billing
EVID0009458,DSP001577,TXN0097350,invoice,APPLICABLE,1,1,1,0.72,2025-12-31 05:39:05,billing
EVID0009459,DSP001577,TXN0097350,shipping_label,UNAVAILABLE,0,0,1,0.0,2025-12-23 20:59:26,logistics
EVID0009460,DSP001577,TXN0097350,tracking_number,APPLICABLE,1,0,0,0.71,2025-12-25 16:27:23,logistics
EVID0009461,DSP001577,TXN0097350,delivery_confirmation,APPLICABLE,1,0,1,0.67,2025-12-23 18:10:27,logistics
EVID0009462,DSP001577,TXN0097350,customer_communication,UNAVAILABLE,0,1,1,0.0,2025-12-26 06:29:34,crm
EVID0009463,DSP001578,TXN0097407,order_confirmation,APPLICABLE,1,1,1,0.93,2026-01-04 17:34:14,billing
EVID0009464,DSP001578,TXN0097407,invoice,APPLICABLE,1,0,0,0.73,2026-01-07 16:41:57,billing
EVID0009465,DSP001578,TXN0097407,shipping_label,APPLICABLE,1,0,0,0.78,2026-01-23 22:27:39,logistics
EVID0009466,DSP001578,TXN0097407,tracking_number,APPLICABLE,1,0,1,0.92,2026-01-02 00:44:18,logistics
EVID0009467,DSP001578,TXN0097407,delivery_confirmation,UNAVAILABLE,0,1,1,0.0,2025-12-30 04:45:15,logistics
EVID0009468,DSP001578,TXN0097407,customer_communication,APPLICABLE,1,1,1,0.82,2026-01-07 19:51:02,crm
EVID0009469,DSP001579,TXN0097419,order_confirmation,APPLICABLE,1,1,1,0.72,2026-01-01 09:59:00,billing
EVID0009470,DSP001579,TXN0097419,invoice,APPLICABLE,1,1,1,0.93,2026-01-06 07:36:34,billing
EVID0009471,DSP001579,TXN0097419,shipping_label,NOT_APPLICABLE,0,0,0,0.0,2025-12-30 14:12:06,logistics
EVID0009472,DSP001579,TXN0097419,tracking_number,NOT_APPLICABLE,0,0,0,0.0,2026-01-20 04:54:46,logistics
EVID0009473,DSP001579,TXN0097419,delivery_confirmation,NOT_APPLICABLE,0,0,0,0.0,2026-01-08 02:13:31,logistics
EVID0009474,DSP001579,TXN0097419,customer_communication,APPLICABLE,1,1,1,0.81,2026-01-12 20:55:06,crm
EVID0009475,DSP001580,TXN0097518,order_confirmation,APPLICABLE,1,1,1,0.74,2025-12-29 02:37:26,billing
EVID0009476,DSP001580,TXN0097518,invoice,APPLICABLE,1,0,0,0.65,2025-12-28 13:44:32,billing
EVID0009477,DSP001580,TXN0097518,shipping_label,NOT_APPLICABLE,0,0,0,0.0,2025-12-31 10:22:39,logistics
EVID0009478,DSP001580,TXN0097518,tracking_number,NOT_APPLICABLE,0,0,0,0.0,2025-12-30 13:39:06,logistics
EVID0009479,DSP001580,TXN0097518,delivery_confirmation,NOT_APPLICABLE,0,0,0,0.0,2026-01-10 04:55:27,logistics
EVID0009480,DSP001580,TXN0097518,customer_communication,APPLICABLE,1,1,1,0.94,2026-01-03 22:39:06,crm
EVID0009481,DSP001581,TXN0097527,order_confirmation,APPLICABLE,1,1,1,0.93,2025-12-31 07:32:47,billing
EVID0009482,DSP001581,TXN0097527,invoice,APPLICABLE,1,0,0,0.84,2025-12-28 16:53:57,billing
EVID0009483,DSP001581,TXN0097527,shipping_label,NOT_APPLICABLE,0,0,0,0.0,2025-12-28 12:36:06,logistics
EVID0009484,DSP001581,TXN0097527,tracking_number,NOT_APPLICABLE,0,0,0,0.0,2026-01-01 01:56:04,logistics
EVID0009485,DSP001581,TXN0097527,delivery_confirmation,NOT_APPLICABLE,0,0,0,0.0,2025-12-30 15:20:11,logistics
EVID0009486,DSP001581,TXN0097527,customer_communication,APPLICABLE,1,1,1,0.92,2025-12-29 17:57:57,crm
EVID0009487,DSP001582,TXN0097585,order_confirmation,APPLICABLE,1,1,1,0.77,2025-12-25 08:14:14,billing
EVID0009488,DSP001582,TXN0097585,invoice,APPLICABLE,1,1,1,0.75,2025-12-27 15:54:21,billing
EVID0009489,DSP001582,TXN0097585,shipping_label,NOT_APPLICABLE,0,0,0,0.0,2025-12-27 20:23:09,logistics
EVID0009490,DSP001582,TXN0097585,tracking_number,NOT_APPLICABLE,0,0,0,0.0,2025-12-25 16:14:28,logistics
EVID0009491,DSP001582,TXN0097585,delivery_confirmation,NOT_APPLICABLE,0,0,0,0.0,2025-12-28 15:49:29,logistics
EVID0009492,DSP001582,TXN0097585,customer_communication,APPLICABLE,1,1,1,0.63,2025-12-27 00:44:45,crm
EVID0009493,DSP001583,TXN0097600,order_confirmation,APPLICABLE,1,1,1,0.93,2026-01-03 11:52:08,billing
EVID0009494,DSP001583,TXN0097600,invoice,APPLICABLE,1,0,1,0.75,2026-01-10 00:50:44,billing
EVID0009495,DSP001583,TXN0097600,shipping_label,NOT_APPLICABLE,0,0,0,0.0,2026-01-27 09:19:53,logistics
EVID0009496,DSP001583,TXN0097600,tracking_number,NOT_APPLICABLE,0,0,0,0.0,2026-01-17 21:06:17,logistics
EVID0009497,DSP001583,TXN0097600,delivery_confirmation,NOT_APPLICABLE,0,0,0,0.0,2026-01-20 04:50:58,logistics
EVID0009498,DSP001583,TXN0097600,customer_communication,UNAVAILABLE,0,0,1,0.0,2026-02-02 17:01:48,crm
EVID0009499,DSP001584,TXN0097639,order_confirmation,APPLICABLE,1,1,1,0.79,2025-12-27 14:46:28,billing
EVID0009500,DSP001584,TXN0097639,invoice,APPLICABLE,1,0,1,0.78,2025-12-27 03:08:08,billing
EVID0009501,DSP001584,TXN0097639,shipping_label,APPLICABLE,1,0,1,0.61,2025-12-30 03:47:18,logistics
EVID0009502,DSP001584,TXN0097639,tracking_number,APPLICABLE,1,0,1,0.91,2025-12-27 15:32:28,logistics
EVID0009503,DSP001584,TXN0097639,delivery_confirmation,UNAVAILABLE,0,1,1,0.0,2025-12-24 20:43:27,logistics
EVID0009504,DSP001584,TXN0097639,customer_communication,APPLICABLE,1,1,1,0.71,2025-12-25 21:08:50,crm
EVID0009505,DSP001585,TXN0097663,order_confirmation,APPLICABLE,1,1,1,0.61,2026-01-16 14:36:06,billing
EVID0009506,DSP001585,TXN0097663,invoice,APPLICABLE,1,0,1,0.79,2025-12-31 07:50:19,billing
EVID0009507,DSP001585,TXN0097663,shipping_label,NOT_APPLICABLE,0,0,0,0.0,2026-01-16 05:19:27,logistics
EVID0009508,DSP001585,TXN0097663,tracking_number,NOT_APPLICABLE,0,0,0,0.0,2026-01-22 00:38:16,logistics
EVID0009509,DSP001585,TXN0097663,delivery_confirmation,NOT_APPLICABLE,0,0,0,0.0,2026-01-09 05:15:14,logistics
EVID0009510,DSP001585,TXN0097663,customer_communication,APPLICABLE,1,0,0,0.83,2026-01-11 14:40:59,crm
EVID0009511,DSP001586,TXN0097692,order_confirmation,APPLICABLE,1,1,1,0.73,2026-01-22 03:45:56,billing
EVID0009512,DSP001586,TXN0097692,invoice,APPLICABLE,1,0,1,0.72,2025-12-26 05:40:43,billing
EVID0009513,DSP001586,TXN0097692,shipping_label,APPLICABLE,1,1,1,0.68,2026-01-09 05:49:53,logistics
EVID0009514,DSP001586,TXN0097692,tracking_number,APPLICABLE,1,1,1,0.92,2026-01-27 15:18:03,logistics
EVID0009515,DSP001586,TXN0097692,delivery_confirmation,APPLICABLE,1,1,1,0.6,2025-12-29 16:07:25,logistics
EVID0009516,DSP001586,TXN0097692,customer_communication,APPLICABLE,1,0,1,0.63,2026-01-24 03:37:44,crm
EVID0009517,DSP001587,TXN0097882,order_confirmation,APPLICABLE,1,1,1,0.69,2025-12-27 20:47:54,billing
EVID0009518,DSP001587,TXN0097882,invoice,APPLICABLE,1,0,1,0.83,2025-12-27 00:17:43,billing
EVID0009519,DSP001587,TXN0097882,shipping_label,APPLICABLE,1,1,1,0.86,2025-12-27 00:34:51,logistics
EVID0009520,DSP001587,TXN0097882,tracking_number,APPLICABLE,1,1,1,0.69,2025-12-25 14:08:35,logistics
EVID0009521,DSP001587,TXN0097882,delivery_confirmation,APPLICABLE,1,1,1,0.92,2025-12-26 02:47:58,logistics
EVID0009522,DSP001587,TXN0097882,customer_communication,APPLICABLE,1,0,0,0.96,2025-12-27 03:41:15,crm
EVID0009523,DSP001588,TXN0098031,order_confirmation,APPLICABLE,1,1,1,0.74,2025-12-30 02:01:24,billing
EVID0009524,DSP001588,TXN0098031,invoice,APPLICABLE,1,1,1,0.84,2025-12-26 02:14:49,billing
EVID0009525,DSP001588,TXN0098031,shipping_label,NOT_APPLICABLE,0,0,0,0.0,2026-01-05 05:19:04,logistics
EVID0009526,DSP001588,TXN0098031,tracking_number,NOT_APPLICABLE,0,0,0,0.0,2026-01-05 15:28:32,logistics
EVID0009527,DSP001588,TXN0098031,delivery_confirmation,NOT_APPLICABLE,0,0,0,0.0,2026-01-05 02:57:52,logistics
EVID0009528,DSP001588,TXN0098031,customer_communication,UNAVAILABLE,0,1,1,0.0,2026-01-04 06:12:20,crm
EVID0009529,DSP001589,TXN0098158,order_confirmation,APPLICABLE,1,1,1,0.72,2026-01-12 23:27:39,billing
EVID0009530,DSP001589,TXN0098158,invoice,UNAVAILABLE,0,1,1,0.0,2026-01-24 00:46:56,billing
EVID0009531,DSP001589,TXN0098158,shipping_label,APPLICABLE,1,0,1,0.7,2026-01-11 06:17:27,logistics
EVID0009532,DSP001589,TXN0098158,tracking_number,APPLICABLE,1,0,1,0.61,2026-01-18 06:51:16,logistics
EVID0009533,DSP001589,TXN0098158,delivery_confirmation,UNAVAILABLE,0,0,1,0.0,2026-01-27 19:12:32,logistics
EVID0009534,DSP001589,TXN0098158,customer_communication,UNAVAILABLE,0,1,1,0.0,2026-01-14 08:00:41,crm
EVID0009535,DSP001590,TXN0098178,order_confirmation,APPLICABLE,1,1,1,0.86,2026-01-13 10:45:01,billing
EVID0009536,DSP001590,TXN0098178,invoice,APPLICABLE,1,1,1,0.6,2026-01-16 18:57:43,billing
EVID0009537,DSP001590,TXN0098178,shipping_label,NOT_APPLICABLE,0,0,0,0.0,2026-01-07 05:29:45,logistics
EVID0009538,DSP001590,TXN0098178,tracking_number,NOT_APPLICABLE,0,0,0,0.0,2025-12-28 13:00:00,logistics
EVID0009539,DSP001590,TXN0098178,delivery_confirmation,NOT_APPLICABLE,0,0,0,0.0,2026-01-05 03:24:43,logistics
EVID0009540,DSP001590,TXN0098178,customer_communication,APPLICABLE,1,1,1,0.74,2026-01-05 06:16:16,crm
EVID0009541,DSP001591,TXN0098193,order_confirmation,APPLICABLE,1,1,1,0.6,2026-01-09 09:12:05,billing
EVID0009542,DSP001591,TXN0098193,invoice,APPLICABLE,1,1,1,0.6,2025-12-26 16:20:39,billing
EVID0009543,DSP001591,TXN0098193,shipping_label,NOT_APPLICABLE,0,0,0,0.0,2025-12-29 23:15:42,logistics
EVID0009544,DSP001591,TXN0098193,tracking_number,NOT_APPLICABLE,0,0,0,0.0,2026-01-07 10:05:25,logistics
EVID0009545,DSP001591,TXN0098193,delivery_confirmation,NOT_APPLICABLE,0,0,0,0.0,2025-12-30 00:38:09,logistics
EVID0009546,DSP001591,TXN0098193,customer_communication,APPLICABLE,1,1,1,0.61,2026-01-02 06:48:42,crm
EVID0009547,DSP001592,TXN0098313,order_confirmation,APPLICABLE,1,1,1,0.65,2026-01-02 05:46:43,billing
EVID0009548,DSP001592,TXN0098313,invoice,UNAVAILABLE,0,1,1,0.0,2026-01-01 18:31:33,billing
EVID0009549,DSP001592,TXN0098313,shipping_label,APPLICABLE,1,0,0,0.77,2026-01-27 16:07:00,logistics
EVID0009550,DSP001592,TXN0098313,tracking_number,UNAVAILABLE,0,0,0,0.0,2026-01-11 15:20:12,logistics
EVID0009551,DSP001592,TXN0098313,delivery_confirmation,APPLICABLE,1,0,1,0.78,2025-12-29 01:52:25,logistics
EVID0009552,DSP001592,TXN0098313,customer_communication,UNAVAILABLE,0,1,1,0.0,2025-12-30 20:30:51,crm
EVID0009553,DSP001593,TXN0098399,order_confirmation,UNAVAILABLE,0,1,1,0.0,2026-01-05 06:46:42,billing
EVID0009554,DSP001593,TXN0098399,invoice,APPLICABLE,1,1,1,0.76,2025-12-30 16:24:50,billing
EVID0009555,DSP001593,TXN0098399,shipping_label,APPLICABLE,1,0,0,0.67,2026-01-06 20:24:25,logistics
EVID0009556,DSP001593,TXN0098399,tracking_number,APPLICABLE,1,0,1,0.86,2025-12-26 16:35:11,logistics
EVID0009557,DSP001593,TXN0098399,delivery_confirmation,UNAVAILABLE,0,0,1,0.0,2025-12-30 06:00:54,logistics
EVID0009558,DSP001593,TXN0098399,customer_communication,APPLICABLE,1,1,1,0.68,2025-12-31 12:50:25,crm
EVID0009559,DSP001594,TXN0098409,order_confirmation,APPLICABLE,1,1,1,0.83,2025-12-28 15:31:36,billing
EVID0009560,DSP001594,TXN0098409,invoice,APPLICABLE,1,1,1,0.88,2025-12-31 04:14:17,billing
EVID0009561,DSP001594,TXN0098409,shipping_label,NOT_APPLICABLE,0,0,0,0.0,2026-01-01 10:17:29,logistics
EVID0009562,DSP001594,TXN0098409,tracking_number,NOT_APPLICABLE,0,0,0,0.0,2025-12-31 15:08:54,logistics
EVID0009563,DSP001594,TXN0098409,delivery_confirmation,NOT_APPLICABLE,0,0,0,0.0,2026-01-06 07:00:46,logistics
EVID0009564,DSP001594,TXN0098409,customer_communication,UNAVAILABLE,0,1,1,0.0,2025-12-28 21:13:50,crm
EVID0009565,DSP001595,TXN0098472,order_confirmation,UNAVAILABLE,0,1,1,0.0,2026-01-04 22:10:53,billing
EVID0009566,DSP001595,TXN0098472,invoice,UNAVAILABLE,0,0,1,0.0,2025-12-26 23:02:27,billing
EVID0009567,DSP001595,TXN0098472,shipping_label,APPLICABLE,1,1,1,0.6,2026-01-07 10:14:01,logistics
EVID0009568,DSP001595,TXN0098472,tracking_number,UNAVAILABLE,0,1,1,0.0,2025-12-30 16:58:36,logistics
EVID0009569,DSP001595,TXN0098472,delivery_confirmation,APPLICABLE,1,1,1,0.85,2026-01-04 04:58:11,logistics
EVID0009570,DSP001595,TXN0098472,customer_communication,UNAVAILABLE,0,0,1,0.0,2025-12-29 06:21:51,crm
EVID0009571,DSP001596,TXN0098501,order_confirmation,APPLICABLE,1,1,1,0.91,2026-01-29 21:00:54,billing
EVID0009572,DSP001596,TXN0098501,invoice,UNAVAILABLE,0,0,1,0.0,2026-01-06 06:26:55,billing
EVID0009573,DSP001596,TXN0098501,shipping_label,NOT_APPLICABLE,0,0,0,0.0,2026-01-18 21:09:14,logistics
EVID0009574,DSP001596,TXN0098501,tracking_number,NOT_APPLICABLE,0,0,0,0.0,2026-01-28 09:39:47,logistics
EVID0009575,DSP001596,TXN0098501,delivery_confirmation,NOT_APPLICABLE,0,0,0,0.0,2026-01-14 05:17:21,logistics
EVID0009576,DSP001596,TXN0098501,customer_communication,APPLICABLE,1,0,0,0.92,2026-01-18 10:52:32,crm
EVID0009577,DSP001597,TXN0098510,order_confirmation,APPLICABLE,1,1,1,0.73,2025-12-30 20:20:19,billing
EVID0009578,DSP001597,TXN0098510,invoice,UNAVAILABLE,0,0,1,0.0,2026-01-05 05:51:47,billing
EVID0009579,DSP001597,TXN0098510,shipping_label,NOT_APPLICABLE,0,0,0,0.0,2025-12-28 14:30:10,logistics
EVID0009580,DSP001597,TXN0098510,tracking_number,NOT_APPLICABLE,0,0,0,0.0,2025-12-31 20:05:06,logistics
EVID0009581,DSP001597,TXN0098510,delivery_confirmation,NOT_APPLICABLE,0,0,0,0.0,2026-01-05 08:50:20,logistics
EVID0009582,DSP001597,TXN0098510,customer_communication,APPLICABLE,1,1,1,0.68,2025-12-30 22:53:19,crm
EVID0009583,DSP001598,TXN0098605,order_confirmation,APPLICABLE,1,1,1,0.91,2026-01-22 07:05:54,billing
EVID0009584,DSP001598,TXN0098605,invoice,APPLICABLE,1,1,1,0.82,2025-12-30 20:17:43,billing
EVID0009585,DSP001598,TXN0098605,shipping_label,NOT_APPLICABLE,0,0,0,0.0,2026-01-13 04:56:19,logistics
EVID0009586,DSP001598,TXN0098605,tracking_number,NOT_APPLICABLE,0,0,0,0.0,2026-01-20 01:43:50,logistics
EVID0009587,DSP001598,TXN0098605,delivery_confirmation,NOT_APPLICABLE,0,0,0,0.0,2026-01-24 20:02:54,logistics
EVID0009588,DSP001598,TXN0098605,customer_communication,APPLICABLE,1,1,1,0.8,2025-12-28 16:08:44,crm
EVID0009589,DSP001599,TXN0098653,order_confirmation,APPLICABLE,1,1,1,0.68,2026-01-14 08:35:48,billing
EVID0009590,DSP001599,TXN0098653,invoice,UNAVAILABLE,0,0,1,0.0,2026-01-14 00:36:48,billing
EVID0009591,DSP001599,TXN0098653,shipping_label,UNAVAILABLE,0,1,1,0.0,2026-01-12 22:28:52,logistics
EVID0009592,DSP001599,TXN0098653,tracking_number,UNAVAILABLE,0,1,1,0.0,2026-01-20 18:45:52,logistics
EVID0009593,DSP001599,TXN0098653,delivery_confirmation,APPLICABLE,1,1,1,0.63,2026-02-05 09:40:05,logistics
EVID0009594,DSP001599,TXN0098653,customer_communication,APPLICABLE,1,0,0,0.64,2025-12-27 12:22:49,crm
EVID0009595,DSP001600,TXN0098757,order_confirmation,APPLICABLE,1,1,1,0.84,2026-01-07 19:06:34,billing
EVID0009596,DSP001600,TXN0098757,invoice,UNAVAILABLE,0,1,1,0.0,2026-01-03 07:55:45,billing
EVID0009597,DSP001600,TXN0098757,shipping_label,NOT_APPLICABLE,0,0,0,0.0,2026-01-20 21:32:16,logistics
EVID0009598,DSP001600,TXN0098757,tracking_number,NOT_APPLICABLE,0,0,0,0.0,2026-01-05 18:03:21,logistics
EVID0009599,DSP001600,TXN0098757,delivery_confirmation,NOT_APPLICABLE,0,0,0,0.0,2025-12-29 18:36:25,logistics
EVID0009600,DSP001600,TXN0098757,customer_communication,APPLICABLE,1,1,1,0.83,2026-01-06 21:09:28,crm
EVID0009601,DSP001601,TXN0098839,order_confirmation,APPLICABLE,1,1,1,0.62,2026-01-15 09:41:48,billing
EVID0009602,DSP001601,TXN0098839,invoice,APPLICABLE,1,0,1,0.67,2026-01-05 11:47:50,billing
EVID0009603,DSP001601,TXN0098839,shipping_label,APPLICABLE,1,1,1,0.83,2026-01-17 10:12:59,logistics
EVID0009604,DSP001601,TXN0098839,tracking_number,APPLICABLE,1,1,1,0.64,2026-01-04 01:51:38,logistics
EVID0009605,DSP001601,TXN0098839,delivery_confirmation,UNAVAILABLE,0,1,1,0.0,2026-01-10 14:14:03,logistics
EVID0009606,DSP001601,TXN0098839,customer_communication,UNAVAILABLE,0,0,1,0.0,2026-01-11 20:40:31,crm
EVID0009607,DSP001602,TXN0098868,order_confirmation,APPLICABLE,1,1,1,0.86,2025-12-29 11:45:15,billing
EVID0009608,DSP001602,TXN0098868,invoice,UNAVAILABLE,0,1,1,0.0,2026-01-09 11:17:17,billing
EVID0009609,DSP001602,TXN0098868,shipping_label,APPLICABLE,1,0,1,0.89,2026-01-17 06:32:14,logistics
EVID0009610,DSP001602,TXN0098868,tracking_number,APPLICABLE,1,0,1,0.92,2026-01-05 12:19:54,logistics
EVID0009611,DSP001602,TXN0098868,delivery_confirmation,APPLICABLE,1,0,1,0.8,2026-01-04 17:43:10,logistics
EVID0009612,DSP001602,TXN0098868,customer_communication,APPLICABLE,1,0,0,0.74,2026-01-16 03:08:01,crm
EVID0009613,DSP001603,TXN0098908,order_confirmation,APPLICABLE,1,1,1,0.85,2026-01-01 02:32:12,billing
EVID0009614,DSP001603,TXN0098908,invoice,APPLICABLE,1,1,1,0.6,2026-01-05 05:30:15,billing
EVID0009615,DSP001603,TXN0098908,shipping_label,UNAVAILABLE,0,0,0,0.0,2026-01-05 19:04:44,logistics
EVID0009616,DSP001603,TXN0098908,tracking_number,APPLICABLE,1,0,1,0.79,2025-12-29 03:12:34,logistics
EVID0009617,DSP001603,TXN0098908,delivery_confirmation,APPLICABLE,1,0,1,0.8,2026-01-04 20:42:32,logistics
EVID0009618,DSP001603,TXN0098908,customer_communication,APPLICABLE,1,1,1,0.87,2026-01-01 19:29:05,crm
EVID0009619,DSP001604,TXN0098930,order_confirmation,APPLICABLE,1,1,1,0.85,2025-12-28 18:06:07,billing
EVID0009620,DSP001604,TXN0098930,invoice,APPLICABLE,1,1,1,0.81,2025-12-31 01:11:09,billing
EVID0009621,DSP001604,TXN0098930,shipping_label,APPLICABLE,1,0,0,0.93,2025-12-30 07:16:32,logistics
EVID0009622,DSP001604,TXN0098930,tracking_number,APPLICABLE,1,0,1,0.63,2025-12-30 17:34:20,logistics
EVID0009623,DSP001604,TXN0098930,delivery_confirmation,APPLICABLE,1,0,1,0.77,2025-12-28 01:02:26,logistics
EVID0009624,DSP001604,TXN0098930,customer_communication,APPLICABLE,1,1,1,0.85,2025-12-30 22:09:08,crm
EVID0009625,DSP001605,TXN0098964,order_confirmation,APPLICABLE,1,1,1,0.85,2026-01-17 21:25:35,billing
EVID0009626,DSP001605,TXN0098964,invoice,UNAVAILABLE,0,0,0,0.0,2026-01-09 19:38:07,billing
EVID0009627,DSP001605,TXN0098964,shipping_label,NOT_APPLICABLE,0,0,0,0.0,2026-01-02 21:23:19,logistics
EVID0009628,DSP001605,TXN0098964,tracking_number,NOT_APPLICABLE,0,0,0,0.0,2026-01-26 13:34:28,logistics
EVID0009629,DSP001605,TXN0098964,delivery_confirmation,NOT_APPLICABLE,0,0,0,0.0,2026-01-19 02:53:24,logistics
EVID0009630,DSP001605,TXN0098964,customer_communication,APPLICABLE,1,1,1,0.89,2026-01-21 15:13:53,crm
EVID0009631,DSP001606,TXN0098997,order_confirmation,APPLICABLE,1,1,1,0.85,2026-01-13 14:42:38,billing
EVID0009632,DSP001606,TXN0098997,invoice,APPLICABLE,1,0,1,0.84,2026-01-23 07:40:53,billing
EVID0009633,DSP001606,TXN0098997,shipping_label,NOT_APPLICABLE,0,0,0,0.0,2026-01-15 01:25:41,logistics
EVID0009634,DSP001606,TXN0098997,tracking_number,NOT_APPLICABLE,0,0,0,0.0,2026-01-02 18:26:26,logistics
EVID0009635,DSP001606,TXN0098997,delivery_confirmation,NOT_APPLICABLE,0,0,0,0.0,2026-01-06 00:41:47,logistics
EVID0009636,DSP001606,TXN0098997,customer_communication,UNAVAILABLE,0,1,1,0.0,2026-01-17 22:24:18,crm
EVID0009637,DSP001607,TXN0099024,order_confirmation,APPLICABLE,1,1,1,0.7,2026-01-04 16:49:34,billing
EVID0009638,DSP001607,TXN0099024,invoice,APPLICABLE,1,0,1,0.67,2025-12-28 17:43:03,billing
EVID0009639,DSP001607,TXN0099024,shipping_label,APPLICABLE,1,0,0,0.81,2026-01-13 18:22:50,logistics
EVID0009640,DSP001607,TXN0099024,tracking_number,APPLICABLE,1,0,0,0.86,2026-01-09 22:00:49,logistics
EVID0009641,DSP001607,TXN0099024,delivery_confirmation,APPLICABLE,1,1,1,0.93,2026-01-06 23:50:54,logistics
EVID0009642,DSP001607,TXN0099024,customer_communication,APPLICABLE,1,1,1,0.9,2026-01-22 09:30:36,crm
EVID0009643,DSP001608,TXN0099128,order_confirmation,APPLICABLE,1,1,1,0.64,2026-01-11 05:48:44,billing
EVID0009644,DSP001608,TXN0099128,invoice,APPLICABLE,1,1,1,0.65,2025-12-30 12:00:50,billing
EVID0009645,DSP001608,TXN0099128,shipping_label,APPLICABLE,1,0,1,0.92,2026-01-03 11:12:34,logistics
EVID0009646,DSP001608,TXN0099128,tracking_number,APPLICABLE,1,0,1,0.85,2026-01-21 08:02:32,logistics
EVID0009647,DSP001608,TXN0099128,delivery_confirmation,UNAVAILABLE,0,0,1,0.0,2026-01-19 21:49:22,logistics
EVID0009648,DSP001608,TXN0099128,customer_communication,APPLICABLE,1,1,1,0.81,2026-01-15 09:17:57,crm
EVID0009649,DSP001609,TXN0099155,order_confirmation,APPLICABLE,1,1,1,0.95,2026-01-02 02:17:23,billing
EVID0009650,DSP001609,TXN0099155,invoice,APPLICABLE,1,1,1,0.9,2025-12-31 16:13:11,billing
EVID0009651,DSP001609,TXN0099155,shipping_label,NOT_APPLICABLE,0,0,0,0.0,2026-01-02 18:43:09,logistics
EVID0009652,DSP001609,TXN0099155,tracking_number,NOT_APPLICABLE,0,0,0,0.0,2026-01-01 17:01:02,logistics
EVID0009653,DSP001609,TXN0099155,delivery_confirmation,NOT_APPLICABLE,0,0,0,0.0,2026-01-01 04:58:57,logistics
EVID0009654,DSP001609,TXN0099155,customer_communication,UNAVAILABLE,0,1,1,0.0,2025-12-28 21:34:41,crm
EVID0009655,DSP001610,TXN0099161,order_confirmation,UNAVAILABLE,0,1,1,0.0,2026-01-11 20:35:57,billing
EVID0009656,DSP001610,TXN0099161,invoice,APPLICABLE,1,0,1,0.77,2026-01-14 22:45:06,billing
EVID0009657,DSP001610,TXN0099161,shipping_label,NOT_APPLICABLE,0,0,0,0.0,2026-01-17 20:51:38,logistics
EVID0009658,DSP001610,TXN0099161,tracking_number,NOT_APPLICABLE,0,0,0,0.0,2025-12-29 11:21:40,logistics
EVID0009659,DSP001610,TXN0099161,delivery_confirmation,NOT_APPLICABLE,0,0,0,0.0,2026-01-19 07:28:30,logistics
EVID0009660,DSP001610,TXN0099161,customer_communication,UNAVAILABLE,0,0,0,0.0,2026-01-13 09:10:28,crm
EVID0009661,DSP001611,TXN0099227,order_confirmation,UNAVAILABLE,0,1,1,0.0,2026-01-03 03:55:39,billing
EVID0009662,DSP001611,TXN0099227,invoice,APPLICABLE,1,1,1,0.93,2026-01-15 02:01:37,billing
EVID0009663,DSP001611,TXN0099227,shipping_label,NOT_APPLICABLE,0,0,0,0.0,2026-02-02 06:32:15,logistics
EVID0009664,DSP001611,TXN0099227,tracking_number,NOT_APPLICABLE,0,0,0,0.0,2025-12-30 12:27:49,logistics
EVID0009665,DSP001611,TXN0099227,delivery_confirmation,NOT_APPLICABLE,0,0,0,0.0,2026-01-23 12:46:47,logistics
EVID0009666,DSP001611,TXN0099227,customer_communication,APPLICABLE,1,1,1,0.94,2026-02-02 14:25:55,crm
EVID0009667,DSP001612,TXN0099319,order_confirmation,APPLICABLE,1,1,1,0.89,2026-01-10 22:47:11,billing
EVID0009668,DSP001612,TXN0099319,invoice,APPLICABLE,1,0,1,0.77,2025-12-31 06:13:39,billing
EVID0009669,DSP001612,TXN0099319,shipping_label,APPLICABLE,1,0,1,0.66,2026-01-01 00:34:01,logistics
EVID0009670,DSP001612,TXN0099319,tracking_number,APPLICABLE,1,0,0,0.65,2026-01-15 14:31:09,logistics
EVID0009671,DSP001612,TXN0099319,delivery_confirmation,APPLICABLE,1,1,1,0.78,2026-01-01 11:23:47,logistics
EVID0009672,DSP001612,TXN0099319,customer_communication,APPLICABLE,1,1,1,0.75,2026-01-13 07:50:15,crm
EVID0009673,DSP001613,TXN0099429,order_confirmation,APPLICABLE,1,1,1,0.89,2026-01-15 04:23:58,billing
EVID0009674,DSP001613,TXN0099429,invoice,APPLICABLE,1,0,0,0.7,2026-01-20 15:38:23,billing
EVID0009675,DSP001613,TXN0099429,shipping_label,NOT_APPLICABLE,0,0,0,0.0,2026-01-31 20:43:44,logistics
EVID0009676,DSP001613,TXN0099429,tracking_number,NOT_APPLICABLE,0,0,0,0.0,2026-01-28 09:07:59,logistics
EVID0009677,DSP001613,TXN0099429,delivery_confirmation,NOT_APPLICABLE,0,0,0,0.0,2026-01-10 06:23:35,logistics
EVID0009678,DSP001613,TXN0099429,customer_communication,APPLICABLE,1,1,1,0.91,2026-01-23 19:59:07,crm
EVID0009679,DSP001614,TXN0099455,order_confirmation,APPLICABLE,1,1,1,0.85,2026-01-14 07:29:40,billing
EVID0009680,DSP001614,TXN0099455,invoice,UNAVAILABLE,0,1,1,0.0,2026-01-16 13:19:45,billing
EVID0009681,DSP001614,TXN0099455,shipping_label,APPLICABLE,1,0,1,0.87,2025-12-31 07:35:57,logistics
EVID0009682,DSP001614,TXN0099455,tracking_number,APPLICABLE,1,0,1,0.6,2026-01-05 13:58:04,logistics
EVID0009683,DSP001614,TXN0099455,delivery_confirmation,UNAVAILABLE,0,0,1,0.0,2026-01-28 00:56:22,logistics
EVID0009684,DSP001614,TXN0099455,customer_communication,APPLICABLE,1,1,1,0.79,2026-01-29 10:05:56,crm
EVID0009685,DSP001615,TXN0099555,order_confirmation,UNAVAILABLE,0,1,1,0.0,2026-01-02 12:34:08,billing
EVID0009686,DSP001615,TXN0099555,invoice,APPLICABLE,1,1,1,0.77,2026-01-15 02:20:06,billing
EVID0009687,DSP001615,TXN0099555,shipping_label,APPLICABLE,1,0,0,0.8,2026-01-13 08:38:25,logistics
EVID0009688,DSP001615,TXN0099555,tracking_number,APPLICABLE,1,0,0,0.86,2026-01-19 05:05:03,logistics
EVID0009689,DSP001615,TXN0099555,delivery_confirmation,APPLICABLE,1,0,1,0.64,2026-01-18 03:41:48,logistics
EVID0009690,DSP001615,TXN0099555,customer_communication,UNAVAILABLE,0,1,1,0.0,2025-12-30 18:52:48,crm
EVID0009691,DSP001616,TXN0099620,order_confirmation,APPLICABLE,1,1,1,0.71,2026-01-16 20:15:31,billing
EVID0009692,DSP001616,TXN0099620,invoice,APPLICABLE,1,1,1,0.65,2025-12-31 17:47:57,billing
EVID0009693,DSP001616,TXN0099620,shipping_label,APPLICABLE,1,0,0,0.72,2026-01-09 08:06:27,logistics
EVID0009694,DSP001616,TXN0099620,tracking_number,APPLICABLE,1,0,1,0.91,2026-01-01 15:26:09,logistics
EVID0009695,DSP001616,TXN0099620,delivery_confirmation,APPLICABLE,1,0,1,0.92,2026-01-18 01:56:41,logistics
EVID0009696,DSP001616,TXN0099620,customer_communication,UNAVAILABLE,0,1,1,0.0,2026-01-03 11:15:13,crm
EVID0009697,DSP001617,TXN0099634,order_confirmation,APPLICABLE,1,1,1,0.77,2026-01-11 07:54:49,billing
EVID0009698,DSP001617,TXN0099634,invoice,APPLICABLE,1,0,1,0.89,2026-01-11 22:32:45,billing
EVID0009699,DSP001617,TXN0099634,shipping_label,NOT_APPLICABLE,0,0,0,0.0,2026-01-18 02:50:28,logistics
EVID0009700,DSP001617,TXN0099634,tracking_number,NOT_APPLICABLE,0,0,0,0.0,2026-01-04 18:27:35,logistics
EVID0009701,DSP001617,TXN0099634,delivery_confirmation,NOT_APPLICABLE,0,0,0,0.0,2026-01-15 16:53:52,logistics
EVID0009702,DSP001617,TXN0099634,customer_communication,UNAVAILABLE,0,0,0,0.0,2025-12-31 00:54:36,crm
EVID0009703,DSP001618,TXN0099682,order_confirmation,APPLICABLE,1,1,1,0.93,2026-02-04 23:44:25,billing
EVID0009704,DSP001618,TXN0099682,invoice,APPLICABLE,1,0,1,0.72,2026-01-20 06:31:01,billing
EVID0009705,DSP001618,TXN0099682,shipping_label,APPLICABLE,1,0,1,0.91,2026-01-12 09:35:18,logistics
EVID0009706,DSP001618,TXN0099682,tracking_number,APPLICABLE,1,0,1,0.65,2026-02-04 07:36:17,logistics
EVID0009707,DSP001618,TXN0099682,delivery_confirmation,UNAVAILABLE,0,1,1,0.0,2026-02-01 12:01:21,logistics
EVID0009708,DSP001618,TXN0099682,customer_communication,APPLICABLE,1,1,1,0.67,2026-02-05 20:14:03,crm
EVID0009709,DSP001619,TXN0099754,order_confirmation,UNAVAILABLE,0,1,1,0.0,2025-12-31 12:29:23,billing
EVID0009710,DSP001619,TXN0099754,invoice,APPLICABLE,1,1,1,0.63,2026-01-09 02:05:07,billing
EVID0009711,DSP001619,TXN0099754,shipping_label,UNAVAILABLE,0,0,0,0.0,2026-01-03 19:26:05,logistics
EVID0009712,DSP001619,TXN0099754,tracking_number,APPLICABLE,1,0,1,0.9,2026-01-06 07:48:59,logistics
EVID0009713,DSP001619,TXN0099754,delivery_confirmation,UNAVAILABLE,0,0,0,0.0,2026-01-06 00:41:25,logistics
EVID0009714,DSP001619,TXN0099754,customer_communication,APPLICABLE,1,1,1,0.78,2025-12-30 12:47:07,crm
EVID0009715,DSP001620,TXN0099951,order_confirmation,APPLICABLE,1,1,1,0.81,2026-01-19 22:14:35,billing
EVID0009716,DSP001620,TXN0099951,invoice,APPLICABLE,1,0,1,0.85,2026-01-06 02:42:33,billing
EVID0009717,DSP001620,TXN0099951,shipping_label,APPLICABLE,1,0,0,0.64,2026-01-13 03:38:54,logistics
EVID0009718,DSP001620,TXN0099951,tracking_number,APPLICABLE,1,0,1,0.71,2026-01-12 18:39:33,logistics
EVID0009719,DSP001620,TXN0099951,delivery_confirmation,UNAVAILABLE,0,1,1,0.0,2026-01-22 06:18:10,logistics
EVID0009720,DSP001620,TXN0099951,customer_communication,APPLICABLE,1,1,1,0.78,2026-01-28 21:29:52,crm
