product_id,merchant_id,product_name,product_category,offering_type,unit_price,is_physical,return_eligible
PROD000001,M000001,Crochet Tote Bag,Apparel & Accessories,handmade_accessory,1290.1,1,1
PROD000002,M000001,Amigurumi Plush Toy,Toys & Hobbies,crochet_toy,629.95,1,1
PROD000003,M000001,Handcrafted Crochet Cardigan,Fashion & Apparel,fashion_apparel,3241.7,1,1
PROD000004,M000001,Custom Keychains Set,Gifts & Novelties,handicraft_item,310.56,1,1
PROD000005,M000001,Embroidered Cushion Cover,Home & Living,home_decor,953.01,1,1
PROD000006,M000002,Performance Running Shoes,Footwear,footwear,3743.01,1,1
PROD000007,M000002,Urban Casual Sneakers,Footwear,footwear,3690.39,1,1
PROD000008,M000002,Leather Formal Shoes,Footwear,footwear,4707.18,1,1
PROD000009,M000002,Breathable Sports Sandals,Footwear,footwear,1717.26,1,1
PROD000010,M000003,UPSC Complete Foundation Course 2026,Competitive Exams,exam_course,15079.45,0,0
PROD000011,M000003,Mains Answer Writing Test Series,Test Series,test_series,6334.39,0,0
PROD000012,M000003,Monthly Current Affairs & Magazine Pass,Study Material,study_material,1779.65,0,0
PROD000013,M000003,CSAT Aptitude Intensive Crash Course,Short Courses,exam_course,3885.7,0,0
PROD000014,M000003,1-on-1 Personal Mentorship Session,Mentorship,mentorship,2700.72,0,0
PROD000015,M000003,UPSC Complete Foundation Course 2026,Competitive Exams,exam_course,14884.67,0,0
PROD000016,M000004,Domestic Economy Flight Ticket,Flights,flight_booking,4213.37,0,0
PROD000017,M000004,3-Star Hotel Stay (2 Nights),Accommodation,hotel_stay,6203.35,0,0
PROD000018,M000004,Goa Beach Resort Holiday Package,Vacation Packages,vacation_package,16117.44,0,0
PROD000019,M000004,Outstation Cab Rental (Full Day),Transportation,car_rental,1805.97,0,0
PROD000020,M000004,Heritage City Guided Tour,Activities & Tours,tour_package,50.0,0,0
PROD000021,M000004,Domestic Economy Flight Ticket,Flights,flight_booking,6129.18,0,0
PROD000022,M000005,Starter Developer API License,Software Subscriptions,saas_plan,3211.08,0,0
PROD000023,M000005,Pro Engineering Team Subscription,Software Subscriptions,saas_plan,8773.2,0,0
PROD000024,M000005,Enterprise Infrastructure Plan,Software Subscriptions,saas_plan,24249.4,0,0
PROD000025,M000005,Custom Domain & SSL Add-on,Add-on Services,saas_plan,330.42,0,0
PROD000026,M000005,Priority 24/7 Technical Support Pass,Support Services,saas_plan,5321.6,0,0
PROD000027,M000006,Special Chicken Biryani Combo,Main Course,food_item,428.95,0,0
PROD000028,M000006,Paneer Butter Masala & Naan Meal,Main Course,food_item,321.75,0,0
PROD000029,M000006,Wood-Fired Margherita Pizza,Italian,food_item,505.15,0,0
PROD000030,M000006,Fresh Fruit Smoothie & Salad,Beverages & Healthy,food_item,207.61,0,0
PROD000031,M000006,Gourmet Chocolate Lava Cake,Desserts,food_item,179.18,0,0
PROD000032,M000007,Slim Fit Denim Jeans,Fashion,fashion_apparel,1239.28,1,1
PROD000033,M000007,Wireless Noise-Canceling Earbuds,Electronics,electronic_accessory,2010.26,1,1
PROD000034,M000007,Organic Hydrating Skincare Kit,Beauty,cosmetics_kit,1072.72,1,1
PROD000035,M000007,Stainless Steel Water Bottle,Lifestyle,general_item,607.67,1,1
PROD000036,M000007,Ergonomic Desk Chair Cushion,Home Office,home_decor,1278.21,1,1
PROD000037,M000008,Complete Blood Count (CBC) Test,Lab Tests,lab_test,1074.4,0,0
PROD000038,M000008,Comprehensive Health Checkup Package,Health Packages,diagnostic_package,2995.05,0,0
PROD000039,M000008,Vitamin D & B12 Screening Profile,Specialized Screening,lab_test,1675.42,0,0
PROD000040,M000008,HbA1c Diabetes Monitoring Test,Chronic Care,lab_test,395.17,0,0
PROD000041,M000009,Annual All-Gym Access Pass,Memberships,gym_membership,15756.75,0,0
PROD000042,M000009,Monthly Unlimited Crossfit Membership,Memberships,gym_membership,4819.28,0,0
PROD000043,M000009,Personal Training 10-Session Bundle,Personal Training,personal_training,8873.57,0,0
PROD000044,M000009,Yoga & Pilates Group Class Pass,Group Classes,fitness_class,4094.53,0,0
PROD000045,M000010,UPSC Complete Foundation Course 2026,Competitive Exams,exam_course,16594.3,0,0
PROD000046,M000010,Mains Answer Writing Test Series,Test Series,test_series,6353.38,0,0
PROD000047,M000010,Monthly Current Affairs & Magazine Pass,Study Material,study_material,2330.47,0,0
PROD000048,M000010,CSAT Aptitude Intensive Crash Course,Short Courses,exam_course,50.0,0,0
PROD000049,M000011,Crochet Tote Bag,Apparel & Accessories,handmade_accessory,1144.82,1,1
PROD000050,M000011,Amigurumi Plush Toy,Toys & Hobbies,crochet_toy,994.18,1,1
PROD000051,M000011,Handcrafted Crochet Cardigan,Fashion & Apparel,fashion_apparel,3297.03,1,1
PROD000052,M000011,Custom Keychains Set,Gifts & Novelties,handicraft_item,592.55,1,1
PROD000053,M000011,Embroidered Cushion Cover,Home & Living,home_decor,1019.26,1,1
PROD000054,M000012,Annual All-Gym Access Pass,Memberships,gym_membership,14916.88,0,0
PROD000055,M000012,Monthly Unlimited Crossfit Membership,Memberships,gym_membership,3669.03,0,0
PROD000056,M000012,Personal Training 10-Session Bundle,Personal Training,personal_training,8596.63,0,0
PROD000057,M000012,Yoga & Pilates Group Class Pass,Group Classes,fitness_class,1711.74,0,0
PROD000058,M000013,Starter Developer API License,Software Subscriptions,saas_plan,2605.2,0,0
PROD000059,M000013,Pro Engineering Team Subscription,Software Subscriptions,saas_plan,7420.06,0,0
PROD000060,M000013,Enterprise Infrastructure Plan,Software Subscriptions,saas_plan,25248.39,0,0
PROD000061,M000013,Custom Domain & SSL Add-on,Add-on Services,saas_plan,2021.71,0,0
PROD000062,M000013,Priority 24/7 Technical Support Pass,Support Services,saas_plan,2131.71,0,0
PROD000063,M000014,Performance Running Shoes,Footwear,footwear,3332.74,1,1
PROD000064,M000014,Urban Casual Sneakers,Footwear,footwear,3103.77,1,1
PROD000065,M000014,Leather Formal Shoes,Footwear,footwear,4073.89,1,1
PROD000066,M000014,Breathable Sports Sandals,Footwear,footwear,1887.19,1,1
PROD000067,M000014,Waterproof Trail Shoes,Footwear,footwear,5048.28,1,1
PROD000068,M000015,Performance Running Shoes,Footwear,footwear,3473.98,1,1
PROD000069,M000015,Urban Casual Sneakers,Footwear,footwear,2772.23,1,1
PROD000070,M000015,Leather Formal Shoes,Footwear,footwear,3912.71,1,1
PROD000071,M000015,Breathable Sports Sandals,Footwear,footwear,2266.65,1,1
PROD000072,M000015,Waterproof Trail Shoes,Footwear,footwear,4872.75,1,1
PROD000073,M000015,Performance Running Shoes,Footwear,footwear,3495.28,1,1
PROD000074,M000016,Performance Running Shoes,Footwear,footwear,3554.45,1,1
PROD000075,M000016,Urban Casual Sneakers,Footwear,footwear,3134.96,1,1
PROD000076,M000016,Leather Formal Shoes,Footwear,footwear,4329.69,1,1
PROD000077,M000016,Breathable Sports Sandals,Footwear,footwear,1944.24,1,1
PROD000078,M000017,Performance Running Shoes,Footwear,footwear,3673.79,1,1
PROD000079,M000017,Urban Casual Sneakers,Footwear,footwear,3637.39,1,1
PROD000080,M000017,Leather Formal Shoes,Footwear,footwear,3707.25,1,1
PROD000081,M000017,Breathable Sports Sandals,Footwear,footwear,1889.42,1,1
PROD000082,M000018,Special Chicken Biryani Combo,Main Course,food_item,328.67,0,0
PROD000083,M000018,Paneer Butter Masala & Naan Meal,Main Course,food_item,323.1,0,0
PROD000084,M000018,Wood-Fired Margherita Pizza,Italian,food_item,513.28,0,0
PROD000085,M000018,Fresh Fruit Smoothie & Salad,Beverages & Healthy,food_item,190.64,0,0
PROD000086,M000018,Gourmet Chocolate Lava Cake,Desserts,food_item,181.01,0,0
PROD000087,M000018,Special Chicken Biryani Combo,Main Course,food_item,399.89,0,0
PROD000088,M000019,Slim Fit Denim Jeans,Fashion,fashion_apparel,1672.55,1,1
PROD000089,M000019,Wireless Noise-Canceling Earbuds,Electronics,electronic_accessory,3034.89,1,1
PROD000090,M000019,Organic Hydrating Skincare Kit,Beauty,cosmetics_kit,1017.37,1,1
PROD000091,M000019,Stainless Steel Water Bottle,Lifestyle,general_item,537.3,1,1
PROD000092,M000019,Ergonomic Desk Chair Cushion,Home Office,home_decor,996.73,1,1
PROD000093,M000020,Performance Running Shoes,Footwear,footwear,3530.12,1,1
PROD000094,M000020,Urban Casual Sneakers,Footwear,footwear,2842.22,1,1
PROD000095,M000020,Leather Formal Shoes,Footwear,footwear,4266.26,1,1
PROD000096,M000020,Breathable Sports Sandals,Footwear,footwear,1846.74,1,1
PROD000097,M000020,Waterproof Trail Shoes,Footwear,footwear,5319.42,1,1
PROD000098,M000021,Special Chicken Biryani Combo,Main Course,food_item,390.64,0,0
PROD000099,M000021,Paneer Butter Masala & Naan Meal,Main Course,food_item,304.18,0,0
PROD000100,M000021,Wood-Fired Margherita Pizza,Italian,food_item,663.64,0,0
PROD000101,M000021,Fresh Fruit Smoothie & Salad,Beverages & Healthy,food_item,255.63,0,0
PROD000102,M000022,Crochet Tote Bag,Apparel & Accessories,handmade_accessory,1090.59,1,1
PROD000103,M000022,Amigurumi Plush Toy,Toys & Hobbies,crochet_toy,971.67,1,1
PROD000104,M000022,Handcrafted Crochet Cardigan,Fashion & Apparel,fashion_apparel,3440.24,1,1
PROD000105,M000022,Custom Keychains Set,Gifts & Novelties,handicraft_item,496.22,1,1
PROD000106,M000023,Performance Running Shoes,Footwear,footwear,3148.67,1,1
PROD000107,M000023,Urban Casual Sneakers,Footwear,footwear,2568.14,1,1
PROD000108,M000023,Leather Formal Shoes,Footwear,footwear,3997.83,1,1
PROD000109,M000023,Breathable Sports Sandals,Footwear,footwear,2527.73,1,1
PROD000110,M000024,Slim Fit Denim Jeans,Fashion,fashion_apparel,1751.95,1,1
PROD000111,M000024,Wireless Noise-Canceling Earbuds,Electronics,electronic_accessory,2276.97,1,1
PROD000112,M000024,Organic Hydrating Skincare Kit,Beauty,cosmetics_kit,867.84,1,1
PROD000113,M000024,Stainless Steel Water Bottle,Lifestyle,general_item,592.52,1,1
PROD000114,M000025,Slim Fit Denim Jeans,Fashion,fashion_apparel,1295.35,1,1
PROD000115,M000025,Wireless Noise-Canceling Earbuds,Electronics,electronic_accessory,2472.32,1,1
PROD000116,M000025,Organic Hydrating Skincare Kit,Beauty,cosmetics_kit,957.73,1,1
PROD000117,M000025,Stainless Steel Water Bottle,Lifestyle,general_item,570.75,1,1
PROD000118,M000026,Starter Developer API License,Software Subscriptions,saas_plan,2719.81,0,0
PROD000119,M000026,Pro Engineering Team Subscription,Software Subscriptions,saas_plan,7537.74,0,0
PROD000120,M000026,Enterprise Infrastructure Plan,Software Subscriptions,saas_plan,23944.64,0,0
PROD000121,M000026,Custom Domain & SSL Add-on,Add-on Services,saas_plan,1593.53,0,0
PROD000122,M000026,Priority 24/7 Technical Support Pass,Support Services,saas_plan,3368.27,0,0
PROD000123,M000027,Performance Running Shoes,Footwear,footwear,3321.06,1,1
PROD000124,M000027,Urban Casual Sneakers,Footwear,footwear,3225.6,1,1
PROD000125,M000027,Leather Formal Shoes,Footwear,footwear,4508.83,1,1
PROD000126,M000027,Breathable Sports Sandals,Footwear,footwear,2193.3,1,1
PROD000127,M000028,Special Chicken Biryani Combo,Main Course,food_item,350.48,0,0
PROD000128,M000028,Paneer Butter Masala & Naan Meal,Main Course,food_item,283.51,0,0
PROD000129,M000028,Wood-Fired Margherita Pizza,Italian,food_item,429.58,0,0
PROD000130,M000028,Fresh Fruit Smoothie & Salad,Beverages & Healthy,food_item,240.72,0,0
PROD000131,M000028,Gourmet Chocolate Lava Cake,Desserts,food_item,161.24,0,0
PROD000132,M000028,Special Chicken Biryani Combo,Main Course,food_item,391.9,0,0
PROD000133,M000029,Special Chicken Biryani Combo,Main Course,food_item,322.12,0,0
PROD000134,M000029,Paneer Butter Masala & Naan Meal,Main Course,food_item,429.82,0,0
PROD000135,M000029,Wood-Fired Margherita Pizza,Italian,food_item,471.19,0,0
PROD000136,M000029,Fresh Fruit Smoothie & Salad,Beverages & Healthy,food_item,311.7,0,0
PROD000137,M000029,Gourmet Chocolate Lava Cake,Desserts,food_item,176.87,0,0
PROD000138,M000030,Crochet Tote Bag,Apparel & Accessories,handmade_accessory,1131.25,1,1
PROD000139,M000030,Amigurumi Plush Toy,Toys & Hobbies,crochet_toy,719.61,1,1
PROD000140,M000030,Handcrafted Crochet Cardigan,Fashion & Apparel,fashion_apparel,3209.15,1,1
PROD000141,M000030,Custom Keychains Set,Gifts & Novelties,handicraft_item,441.97,1,1
PROD000142,M000030,Embroidered Cushion Cover,Home & Living,home_decor,889.22,1,1
PROD000143,M000031,Special Chicken Biryani Combo,Main Course,food_item,408.74,0,0
PROD000144,M000031,Paneer Butter Masala & Naan Meal,Main Course,food_item,276.0,0,0
PROD000145,M000031,Wood-Fired Margherita Pizza,Italian,food_item,450.76,0,0
PROD000146,M000031,Fresh Fruit Smoothie & Salad,Beverages & Healthy,food_item,226.26,0,0
PROD000147,M000031,Gourmet Chocolate Lava Cake,Desserts,food_item,191.06,0,0
PROD000148,M000032,Performance Running Shoes,Footwear,footwear,3582.69,1,1
PROD000149,M000032,Urban Casual Sneakers,Footwear,footwear,2686.79,1,1
PROD000150,M000032,Leather Formal Shoes,Footwear,footwear,4117.43,1,1
PROD000151,M000032,Breathable Sports Sandals,Footwear,footwear,1954.72,1,1
PROD000152,M000032,Waterproof Trail Shoes,Footwear,footwear,4980.52,1,1
PROD000153,M000033,Crochet Tote Bag,Apparel & Accessories,handmade_accessory,1193.57,1,1
PROD000154,M000033,Amigurumi Plush Toy,Toys & Hobbies,crochet_toy,557.09,1,1
PROD000155,M000033,Handcrafted Crochet Cardigan,Fashion & Apparel,fashion_apparel,3133.82,1,1
PROD000156,M000033,Custom Keychains Set,Gifts & Novelties,handicraft_item,446.97,1,1
PROD000157,M000034,Annual All-Gym Access Pass,Memberships,gym_membership,14507.32,0,0
PROD000158,M000034,Monthly Unlimited Crossfit Membership,Memberships,gym_membership,3654.43,0,0
PROD000159,M000034,Personal Training 10-Session Bundle,Personal Training,personal_training,10664.49,0,0
PROD000160,M000034,Yoga & Pilates Group Class Pass,Group Classes,fitness_class,50.0,0,0
PROD000161,M000035,Annual All-Gym Access Pass,Memberships,gym_membership,14822.76,0,0
PROD000162,M000035,Monthly Unlimited Crossfit Membership,Memberships,gym_membership,3351.62,0,0
PROD000163,M000035,Personal Training 10-Session Bundle,Personal Training,personal_training,8426.2,0,0
PROD000164,M000035,Yoga & Pilates Group Class Pass,Group Classes,fitness_class,2004.26,0,0
PROD000165,M000035,Nutrition & Meal Plan Consultation,Wellness & Diet,nutrition_plan,1574.26,0,0
PROD000166,M000035,Annual All-Gym Access Pass,Memberships,gym_membership,14942.69,0,0
PROD000167,M000036,Starter Developer API License,Software Subscriptions,saas_plan,1823.39,0,0
PROD000168,M000036,Pro Engineering Team Subscription,Software Subscriptions,saas_plan,7618.67,0,0
PROD000169,M000036,Enterprise Infrastructure Plan,Software Subscriptions,saas_plan,23789.2,0,0
PROD000170,M000036,Custom Domain & SSL Add-on,Add-on Services,saas_plan,2191.16,0,0
PROD000171,M000036,Priority 24/7 Technical Support Pass,Support Services,saas_plan,4675.73,0,0
PROD000172,M000037,Performance Running Shoes,Footwear,footwear,3710.21,1,1
PROD000173,M000037,Urban Casual Sneakers,Footwear,footwear,3042.99,1,1
PROD000174,M000037,Leather Formal Shoes,Footwear,footwear,3896.94,1,1
PROD000175,M000037,Breathable Sports Sandals,Footwear,footwear,1460.6,1,1
PROD000176,M000038,Crochet Tote Bag,Apparel & Accessories,handmade_accessory,1146.0,1,1
PROD000177,M000038,Amigurumi Plush Toy,Toys & Hobbies,crochet_toy,880.74,1,1
PROD000178,M000038,Handcrafted Crochet Cardigan,Fashion & Apparel,fashion_apparel,3015.06,1,1
PROD000179,M000038,Custom Keychains Set,Gifts & Novelties,handicraft_item,398.67,1,1
PROD000180,M000038,Embroidered Cushion Cover,Home & Living,home_decor,962.96,1,1
PROD000181,M000038,Crochet Tote Bag,Apparel & Accessories,handmade_accessory,1210.64,1,1
PROD000182,M000039,Domestic Economy Flight Ticket,Flights,flight_booking,5861.54,0,0
PROD000183,M000039,3-Star Hotel Stay (2 Nights),Accommodation,hotel_stay,7315.8,0,0
PROD000184,M000039,Goa Beach Resort Holiday Package,Vacation Packages,vacation_package,17461.8,0,0
PROD000185,M000039,Outstation Cab Rental (Full Day),Transportation,car_rental,4084.59,0,0
PROD000186,M000039,Heritage City Guided Tour,Activities & Tours,tour_package,3455.33,0,0
PROD000187,M000040,Slim Fit Denim Jeans,Fashion,fashion_apparel,1605.89,1,1
PROD000188,M000040,Wireless Noise-Canceling Earbuds,Electronics,electronic_accessory,2459.93,1,1
PROD000189,M000040,Organic Hydrating Skincare Kit,Beauty,cosmetics_kit,830.89,1,1
PROD000190,M000040,Stainless Steel Water Bottle,Lifestyle,general_item,485.09,1,1
PROD000191,M000040,Ergonomic Desk Chair Cushion,Home Office,home_decor,1246.25,1,1
PROD000192,M000040,Slim Fit Denim Jeans,Fashion,fashion_apparel,1602.73,1,1
PROD000193,M000041,Crochet Tote Bag,Apparel & Accessories,handmade_accessory,1357.01,1,1
PROD000194,M000041,Amigurumi Plush Toy,Toys & Hobbies,crochet_toy,598.09,1,1
PROD000195,M000041,Handcrafted Crochet Cardigan,Fashion & Apparel,fashion_apparel,2839.15,1,1
PROD000196,M000041,Custom Keychains Set,Gifts & Novelties,handicraft_item,911.94,1,1
PROD000197,M000041,Embroidered Cushion Cover,Home & Living,home_decor,846.44,1,1
PROD000198,M000042,Slim Fit Denim Jeans,Fashion,fashion_apparel,1252.33,1,1
PROD000199,M000042,Wireless Noise-Canceling Earbuds,Electronics,electronic_accessory,2042.67,1,1
PROD000200,M000042,Organic Hydrating Skincare Kit,Beauty,cosmetics_kit,1363.66,1,1
PROD000201,M000042,Stainless Steel Water Bottle,Lifestyle,general_item,1061.25,1,1
PROD000202,M000042,Ergonomic Desk Chair Cushion,Home Office,home_decor,1544.81,1,1
PROD000203,M000042,Slim Fit Denim Jeans,Fashion,fashion_apparel,1961.96,1,1
PROD000204,M000043,Crochet Tote Bag,Apparel & Accessories,handmade_accessory,1004.42,1,1
PROD000205,M000043,Amigurumi Plush Toy,Toys & Hobbies,crochet_toy,1045.54,1,1
PROD000206,M000043,Handcrafted Crochet Cardigan,Fashion & Apparel,fashion_apparel,3428.04,1,1
PROD000207,M000043,Custom Keychains Set,Gifts & Novelties,handicraft_item,530.84,1,1
PROD000208,M000044,Complete Blood Count (CBC) Test,Lab Tests,lab_test,609.85,0,0
PROD000209,M000044,Comprehensive Health Checkup Package,Health Packages,diagnostic_package,3069.92,0,0
PROD000210,M000044,Vitamin D & B12 Screening Profile,Specialized Screening,lab_test,1542.92,0,0
PROD000211,M000044,HbA1c Diabetes Monitoring Test,Chronic Care,lab_test,430.59,0,0
PROD000212,M000045,Performance Running Shoes,Footwear,footwear,2906.69,1,1
PROD000213,M000045,Urban Casual Sneakers,Footwear,footwear,3409.04,1,1
PROD000214,M000045,Leather Formal Shoes,Footwear,footwear,3487.16,1,1
PROD000215,M000045,Breathable Sports Sandals,Footwear,footwear,1480.41,1,1
PROD000216,M000045,Waterproof Trail Shoes,Footwear,footwear,5016.92,1,1
PROD000217,M000046,Domestic Economy Flight Ticket,Flights,flight_booking,4376.26,0,0
PROD000218,M000046,3-Star Hotel Stay (2 Nights),Accommodation,hotel_stay,5250.37,0,0
PROD000219,M000046,Goa Beach Resort Holiday Package,Vacation Packages,vacation_package,15384.69,0,0
PROD000220,M000046,Outstation Cab Rental (Full Day),Transportation,car_rental,2993.0,0,0
PROD000221,M000046,Heritage City Guided Tour,Activities & Tours,tour_package,761.04,0,0
PROD000222,M000046,Domestic Economy Flight Ticket,Flights,flight_booking,2839.92,0,0
PROD000223,M000047,Performance Running Shoes,Footwear,footwear,2940.86,1,1
PROD000224,M000047,Urban Casual Sneakers,Footwear,footwear,1831.53,1,1
PROD000225,M000047,Leather Formal Shoes,Footwear,footwear,4748.1,1,1
PROD000226,M000047,Breathable Sports Sandals,Footwear,footwear,1451.48,1,1
PROD000227,M000047,Waterproof Trail Shoes,Footwear,footwear,5591.42,1,1
PROD000228,M000047,Performance Running Shoes,Footwear,footwear,2709.46,1,1
PROD000229,M000048,Special Chicken Biryani Combo,Main Course,food_item,341.51,0,0
PROD000230,M000048,Paneer Butter Masala & Naan Meal,Main Course,food_item,218.65,0,0
PROD000231,M000048,Wood-Fired Margherita Pizza,Italian,food_item,559.61,0,0
PROD000232,M000048,Fresh Fruit Smoothie & Salad,Beverages & Healthy,food_item,290.82,0,0
PROD000233,M000048,Gourmet Chocolate Lava Cake,Desserts,food_item,267.11,0,0
PROD000234,M000048,Special Chicken Biryani Combo,Main Course,food_item,465.33,0,0
PROD000235,M000049,Special Chicken Biryani Combo,Main Course,food_item,357.73,0,0
PROD000236,M000049,Paneer Butter Masala & Naan Meal,Main Course,food_item,283.54,0,0
PROD000237,M000049,Wood-Fired Margherita Pizza,Italian,food_item,475.34,0,0
PROD000238,M000049,Fresh Fruit Smoothie & Salad,Beverages & Healthy,food_item,126.83,0,0
PROD000239,M000049,Gourmet Chocolate Lava Cake,Desserts,food_item,182.27,0,0
PROD000240,M000049,Special Chicken Biryani Combo,Main Course,food_item,433.65,0,0
PROD000241,M000050,Performance Running Shoes,Footwear,footwear,3695.99,1,1
PROD000242,M000050,Urban Casual Sneakers,Footwear,footwear,2458.89,1,1
PROD000243,M000050,Leather Formal Shoes,Footwear,footwear,3930.21,1,1
PROD000244,M000050,Breathable Sports Sandals,Footwear,footwear,2182.49,1,1
PROD000245,M000051,Annual All-Gym Access Pass,Memberships,gym_membership,15085.63,0,0
PROD000246,M000051,Monthly Unlimited Crossfit Membership,Memberships,gym_membership,2447.36,0,0
PROD000247,M000051,Personal Training 10-Session Bundle,Personal Training,personal_training,8891.59,0,0
PROD000248,M000051,Yoga & Pilates Group Class Pass,Group Classes,fitness_class,1462.68,0,0
PROD000249,M000051,Nutrition & Meal Plan Consultation,Wellness & Diet,nutrition_plan,2233.79,0,0
PROD000250,M000052,UPSC Complete Foundation Course 2026,Competitive Exams,exam_course,10342.9,0,0
PROD000251,M000052,Mains Answer Writing Test Series,Test Series,test_series,8153.52,0,0
PROD000252,M000052,Monthly Current Affairs & Magazine Pass,Study Material,study_material,259.25,0,0
PROD000253,M000052,CSAT Aptitude Intensive Crash Course,Short Courses,exam_course,5147.41,0,0
PROD000254,M000053,Complete Blood Count (CBC) Test,Lab Tests,lab_test,1176.44,0,0
PROD000255,M000053,Comprehensive Health Checkup Package,Health Packages,diagnostic_package,3005.73,0,0
PROD000256,M000053,Vitamin D & B12 Screening Profile,Specialized Screening,lab_test,1305.12,0,0
PROD000257,M000053,HbA1c Diabetes Monitoring Test,Chronic Care,lab_test,201.53,0,0
PROD000258,M000053,Home Sample Collection Service Charge,Home Care,home_sample_collection,917.46,0,0
PROD000259,M000054,Complete Blood Count (CBC) Test,Lab Tests,lab_test,50.0,0,0
PROD000260,M000054,Comprehensive Health Checkup Package,Health Packages,diagnostic_package,3856.51,0,0
PROD000261,M000054,Vitamin D & B12 Screening Profile,Specialized Screening,lab_test,1668.06,0,0
PROD000262,M000054,HbA1c Diabetes Monitoring Test,Chronic Care,lab_test,640.08,0,0
PROD000263,M000055,Special Chicken Biryani Combo,Main Course,food_item,295.55,0,0
PROD000264,M000055,Paneer Butter Masala & Naan Meal,Main Course,food_item,320.92,0,0
PROD000265,M000055,Wood-Fired Margherita Pizza,Italian,food_item,431.9,0,0
PROD000266,M000055,Fresh Fruit Smoothie & Salad,Beverages & Healthy,food_item,290.44,0,0
PROD000267,M000055,Gourmet Chocolate Lava Cake,Desserts,food_item,142.02,0,0
PROD000268,M000055,Special Chicken Biryani Combo,Main Course,food_item,395.57,0,0
PROD000269,M000056,Complete Blood Count (CBC) Test,Lab Tests,lab_test,741.59,0,0
PROD000270,M000056,Comprehensive Health Checkup Package,Health Packages,diagnostic_package,3668.26,0,0
PROD000271,M000056,Vitamin D & B12 Screening Profile,Specialized Screening,lab_test,1986.9,0,0
PROD000272,M000056,HbA1c Diabetes Monitoring Test,Chronic Care,lab_test,922.03,0,0
PROD000273,M000056,Home Sample Collection Service Charge,Home Care,home_sample_collection,50.0,0,0
PROD000274,M000057,Crochet Tote Bag,Apparel & Accessories,handmade_accessory,1202.2,1,1
PROD000275,M000057,Amigurumi Plush Toy,Toys & Hobbies,crochet_toy,879.32,1,1
PROD000276,M000057,Handcrafted Crochet Cardigan,Fashion & Apparel,fashion_apparel,3243.27,1,1
PROD000277,M000057,Custom Keychains Set,Gifts & Novelties,handicraft_item,501.08,1,1
PROD000278,M000057,Embroidered Cushion Cover,Home & Living,home_decor,953.71,1,1
PROD000279,M000057,Crochet Tote Bag,Apparel & Accessories,handmade_accessory,1129.76,1,1
PROD000280,M000058,Performance Running Shoes,Footwear,footwear,3916.01,1,1
PROD000281,M000058,Urban Casual Sneakers,Footwear,footwear,2841.08,1,1
PROD000282,M000058,Leather Formal Shoes,Footwear,footwear,4037.21,1,1
PROD000283,M000058,Breathable Sports Sandals,Footwear,footwear,1857.96,1,1
PROD000284,M000058,Waterproof Trail Shoes,Footwear,footwear,4904.88,1,1
PROD000285,M000058,Performance Running Shoes,Footwear,footwear,3931.26,1,1
PROD000286,M000059,Crochet Tote Bag,Apparel & Accessories,handmade_accessory,1119.78,1,1
PROD000287,M000059,Amigurumi Plush Toy,Toys & Hobbies,crochet_toy,832.53,1,1
PROD000288,M000059,Handcrafted Crochet Cardigan,Fashion & Apparel,fashion_apparel,3405.18,1,1
PROD000289,M000059,Custom Keychains Set,Gifts & Novelties,handicraft_item,600.16,1,1
PROD000290,M000059,Embroidered Cushion Cover,Home & Living,home_decor,629.18,1,1
PROD000291,M000059,Crochet Tote Bag,Apparel & Accessories,handmade_accessory,1578.58,1,1
PROD000292,M000060,Performance Running Shoes,Footwear,footwear,3666.01,1,1
PROD000293,M000060,Urban Casual Sneakers,Footwear,footwear,3263.6,1,1
PROD000294,M000060,Leather Formal Shoes,Footwear,footwear,4182.91,1,1
PROD000295,M000060,Breathable Sports Sandals,Footwear,footwear,2061.59,1,1
PROD000296,M000060,Waterproof Trail Shoes,Footwear,footwear,4798.05,1,1
PROD000297,M000061,Slim Fit Denim Jeans,Fashion,fashion_apparel,1502.76,1,1
PROD000298,M000061,Wireless Noise-Canceling Earbuds,Electronics,electronic_accessory,2421.42,1,1
PROD000299,M000061,Organic Hydrating Skincare Kit,Beauty,cosmetics_kit,1094.67,1,1
PROD000300,M000061,Stainless Steel Water Bottle,Lifestyle,general_item,820.91,1,1
PROD000301,M000061,Ergonomic Desk Chair Cushion,Home Office,home_decor,1543.98,1,1
PROD000302,M000061,Slim Fit Denim Jeans,Fashion,fashion_apparel,1448.74,1,1
PROD000303,M000062,Performance Running Shoes,Footwear,footwear,3778.52,1,1
PROD000304,M000062,Urban Casual Sneakers,Footwear,footwear,3081.55,1,1
PROD000305,M000062,Leather Formal Shoes,Footwear,footwear,4314.8,1,1
PROD000306,M000062,Breathable Sports Sandals,Footwear,footwear,1939.34,1,1
PROD000307,M000063,Starter Developer API License,Software Subscriptions,saas_plan,2474.3,0,0
PROD000308,M000063,Pro Engineering Team Subscription,Software Subscriptions,saas_plan,8498.44,0,0
PROD000309,M000063,Enterprise Infrastructure Plan,Software Subscriptions,saas_plan,26415.79,0,0
PROD000310,M000063,Custom Domain & SSL Add-on,Add-on Services,saas_plan,50.0,0,0
PROD000311,M000064,Slim Fit Denim Jeans,Fashion,fashion_apparel,1502.32,1,1
PROD000312,M000064,Wireless Noise-Canceling Earbuds,Electronics,electronic_accessory,2411.83,1,1
PROD000313,M000064,Organic Hydrating Skincare Kit,Beauty,cosmetics_kit,1124.56,1,1
PROD000314,M000064,Stainless Steel Water Bottle,Lifestyle,general_item,736.21,1,1
PROD000315,M000065,Performance Running Shoes,Footwear,footwear,3368.46,1,1
PROD000316,M000065,Urban Casual Sneakers,Footwear,footwear,2686.47,1,1
PROD000317,M000065,Leather Formal Shoes,Footwear,footwear,4399.98,1,1
PROD000318,M000065,Breathable Sports Sandals,Footwear,footwear,1818.93,1,1
PROD000319,M000066,Special Chicken Biryani Combo,Main Course,food_item,503.54,0,0
PROD000320,M000066,Paneer Butter Masala & Naan Meal,Main Course,food_item,267.64,0,0
PROD000321,M000066,Wood-Fired Margherita Pizza,Italian,food_item,358.44,0,0
PROD000322,M000066,Fresh Fruit Smoothie & Salad,Beverages & Healthy,food_item,316.85,0,0
PROD000323,M000066,Gourmet Chocolate Lava Cake,Desserts,food_item,226.96,0,0
PROD000324,M000066,Special Chicken Biryani Combo,Main Course,food_item,293.47,0,0
PROD000325,M000067,Crochet Tote Bag,Apparel & Accessories,handmade_accessory,990.31,1,1
PROD000326,M000067,Amigurumi Plush Toy,Toys & Hobbies,crochet_toy,1235.71,1,1
PROD000327,M000067,Handcrafted Crochet Cardigan,Fashion & Apparel,fashion_apparel,2942.32,1,1
PROD000328,M000067,Custom Keychains Set,Gifts & Novelties,handicraft_item,378.32,1,1
PROD000329,M000067,Embroidered Cushion Cover,Home & Living,home_decor,889.63,1,1
PROD000330,M000067,Crochet Tote Bag,Apparel & Accessories,handmade_accessory,1481.13,1,1
PROD000331,M000068,Starter Developer API License,Software Subscriptions,saas_plan,3148.44,0,0
PROD000332,M000068,Pro Engineering Team Subscription,Software Subscriptions,saas_plan,8248.52,0,0
PROD000333,M000068,Enterprise Infrastructure Plan,Software Subscriptions,saas_plan,23665.57,0,0
PROD000334,M000068,Custom Domain & SSL Add-on,Add-on Services,saas_plan,943.91,0,0
PROD000335,M000068,Priority 24/7 Technical Support Pass,Support Services,saas_plan,4506.23,0,0
PROD000336,M000068,Starter Developer API License,Software Subscriptions,saas_plan,606.5,0,0
PROD000337,M000069,Crochet Tote Bag,Apparel & Accessories,handmade_accessory,1382.69,1,1
PROD000338,M000069,Amigurumi Plush Toy,Toys & Hobbies,crochet_toy,844.56,1,1
PROD000339,M000069,Handcrafted Crochet Cardigan,Fashion & Apparel,fashion_apparel,3338.1,1,1
PROD000340,M000069,Custom Keychains Set,Gifts & Novelties,handicraft_item,512.93,1,1
PROD000341,M000069,Embroidered Cushion Cover,Home & Living,home_decor,976.81,1,1
PROD000342,M000070,Annual All-Gym Access Pass,Memberships,gym_membership,15191.21,0,0
PROD000343,M000070,Monthly Unlimited Crossfit Membership,Memberships,gym_membership,3220.01,0,0
PROD000344,M000070,Personal Training 10-Session Bundle,Personal Training,personal_training,8587.61,0,0
PROD000345,M000070,Yoga & Pilates Group Class Pass,Group Classes,fitness_class,4111.14,0,0
PROD000346,M000070,Nutrition & Meal Plan Consultation,Wellness & Diet,nutrition_plan,2978.03,0,0
PROD000347,M000071,UPSC Complete Foundation Course 2026,Competitive Exams,exam_course,14037.94,0,0
PROD000348,M000071,Mains Answer Writing Test Series,Test Series,test_series,5362.42,0,0
PROD000349,M000071,Monthly Current Affairs & Magazine Pass,Study Material,study_material,50.0,0,0
PROD000350,M000071,CSAT Aptitude Intensive Crash Course,Short Courses,exam_course,5808.17,0,0
PROD000351,M000072,Performance Running Shoes,Footwear,footwear,3003.86,1,1
PROD000352,M000072,Urban Casual Sneakers,Footwear,footwear,2985.28,1,1
PROD000353,M000072,Leather Formal Shoes,Footwear,footwear,4183.51,1,1
PROD000354,M000072,Breathable Sports Sandals,Footwear,footwear,2000.05,1,1
PROD000355,M000073,Crochet Tote Bag,Apparel & Accessories,handmade_accessory,1164.28,1,1
PROD000356,M000073,Amigurumi Plush Toy,Toys & Hobbies,crochet_toy,1114.72,1,1
PROD000357,M000073,Handcrafted Crochet Cardigan,Fashion & Apparel,fashion_apparel,3238.95,1,1
PROD000358,M000073,Custom Keychains Set,Gifts & Novelties,handicraft_item,633.56,1,1
PROD000359,M000073,Embroidered Cushion Cover,Home & Living,home_decor,1151.83,1,1
PROD000360,M000073,Crochet Tote Bag,Apparel & Accessories,handmade_accessory,1103.06,1,1
PROD000361,M000074,Starter Developer API License,Software Subscriptions,saas_plan,3278.46,0,0
PROD000362,M000074,Pro Engineering Team Subscription,Software Subscriptions,saas_plan,7654.6,0,0
PROD000363,M000074,Enterprise Infrastructure Plan,Software Subscriptions,saas_plan,25962.33,0,0
PROD000364,M000074,Custom Domain & SSL Add-on,Add-on Services,saas_plan,2369.32,0,0
PROD000365,M000075,UPSC Complete Foundation Course 2026,Competitive Exams,exam_course,15606.45,0,0
PROD000366,M000075,Mains Answer Writing Test Series,Test Series,test_series,7134.53,0,0
PROD000367,M000075,Monthly Current Affairs & Magazine Pass,Study Material,study_material,1950.51,0,0
PROD000368,M000075,CSAT Aptitude Intensive Crash Course,Short Courses,exam_course,5021.9,0,0
PROD000369,M000076,UPSC Complete Foundation Course 2026,Competitive Exams,exam_course,13970.04,0,0
PROD000370,M000076,Mains Answer Writing Test Series,Test Series,test_series,6786.59,0,0
PROD000371,M000076,Monthly Current Affairs & Magazine Pass,Study Material,study_material,3521.16,0,0
PROD000372,M000076,CSAT Aptitude Intensive Crash Course,Short Courses,exam_course,2456.46,0,0
PROD000373,M000077,UPSC Complete Foundation Course 2026,Competitive Exams,exam_course,13651.27,0,0
PROD000374,M000077,Mains Answer Writing Test Series,Test Series,test_series,8047.34,0,0
PROD000375,M000077,Monthly Current Affairs & Magazine Pass,Study Material,study_material,64.81,0,0
PROD000376,M000077,CSAT Aptitude Intensive Crash Course,Short Courses,exam_course,5856.72,0,0
PROD000377,M000078,Crochet Tote Bag,Apparel & Accessories,handmade_accessory,1217.88,1,1
PROD000378,M000078,Amigurumi Plush Toy,Toys & Hobbies,crochet_toy,884.25,1,1
PROD000379,M000078,Handcrafted Crochet Cardigan,Fashion & Apparel,fashion_apparel,3207.08,1,1
PROD000380,M000078,Custom Keychains Set,Gifts & Novelties,handicraft_item,634.17,1,1
PROD000381,M000078,Embroidered Cushion Cover,Home & Living,home_decor,787.62,1,1
PROD000382,M000078,Crochet Tote Bag,Apparel & Accessories,handmade_accessory,1073.66,1,1
PROD000383,M000079,Slim Fit Denim Jeans,Fashion,fashion_apparel,1548.39,1,1
PROD000384,M000079,Wireless Noise-Canceling Earbuds,Electronics,electronic_accessory,2661.32,1,1
PROD000385,M000079,Organic Hydrating Skincare Kit,Beauty,cosmetics_kit,1064.17,1,1
PROD000386,M000079,Stainless Steel Water Bottle,Lifestyle,general_item,923.47,1,1
PROD000387,M000079,Ergonomic Desk Chair Cushion,Home Office,home_decor,1502.38,1,1
PROD000388,M000079,Slim Fit Denim Jeans,Fashion,fashion_apparel,1800.44,1,1
PROD000389,M000080,Crochet Tote Bag,Apparel & Accessories,handmade_accessory,790.82,1,1
PROD000390,M000080,Amigurumi Plush Toy,Toys & Hobbies,crochet_toy,521.53,1,1
PROD000391,M000080,Handcrafted Crochet Cardigan,Fashion & Apparel,fashion_apparel,3071.75,1,1
PROD000392,M000080,Custom Keychains Set,Gifts & Novelties,handicraft_item,704.68,1,1
PROD000393,M000081,Starter Developer API License,Software Subscriptions,saas_plan,1471.24,0,0
PROD000394,M000081,Pro Engineering Team Subscription,Software Subscriptions,saas_plan,8535.35,0,0
PROD000395,M000081,Enterprise Infrastructure Plan,Software Subscriptions,saas_plan,25703.81,0,0
PROD000396,M000081,Custom Domain & SSL Add-on,Add-on Services,saas_plan,83.82,0,0
PROD000397,M000081,Priority 24/7 Technical Support Pass,Support Services,saas_plan,3610.81,0,0
PROD000398,M000082,Domestic Economy Flight Ticket,Flights,flight_booking,4101.02,0,0
PROD000399,M000082,3-Star Hotel Stay (2 Nights),Accommodation,hotel_stay,973.21,0,0
PROD000400,M000082,Goa Beach Resort Holiday Package,Vacation Packages,vacation_package,17790.61,0,0
PROD000401,M000082,Outstation Cab Rental (Full Day),Transportation,car_rental,7131.65,0,0
PROD000402,M000083,Performance Running Shoes,Footwear,footwear,3435.08,1,1
PROD000403,M000083,Urban Casual Sneakers,Footwear,footwear,2737.22,1,1
PROD000404,M000083,Leather Formal Shoes,Footwear,footwear,4586.1,1,1
PROD000405,M000083,Breathable Sports Sandals,Footwear,footwear,2030.88,1,1
PROD000406,M000083,Waterproof Trail Shoes,Footwear,footwear,5003.91,1,1
PROD000407,M000083,Performance Running Shoes,Footwear,footwear,3574.08,1,1
PROD000408,M000084,Crochet Tote Bag,Apparel & Accessories,handmade_accessory,1608.7,1,1
PROD000409,M000084,Amigurumi Plush Toy,Toys & Hobbies,crochet_toy,479.72,1,1
PROD000410,M000084,Handcrafted Crochet Cardigan,Fashion & Apparel,fashion_apparel,3565.62,1,1
PROD000411,M000084,Custom Keychains Set,Gifts & Novelties,handicraft_item,521.76,1,1
PROD000412,M000084,Embroidered Cushion Cover,Home & Living,home_decor,1380.37,1,1
PROD000413,M000084,Crochet Tote Bag,Apparel & Accessories,handmade_accessory,1257.38,1,1
PROD000414,M000085,Performance Running Shoes,Footwear,footwear,3857.16,1,1
PROD000415,M000085,Urban Casual Sneakers,Footwear,footwear,3292.89,1,1
PROD000416,M000085,Leather Formal Shoes,Footwear,footwear,4237.39,1,1
PROD000417,M000085,Breathable Sports Sandals,Footwear,footwear,2131.01,1,1
PROD000418,M000085,Waterproof Trail Shoes,Footwear,footwear,5242.13,1,1
PROD000419,M000086,Performance Running Shoes,Footwear,footwear,3649.2,1,1
PROD000420,M000086,Urban Casual Sneakers,Footwear,footwear,2913.17,1,1
PROD000421,M000086,Leather Formal Shoes,Footwear,footwear,3707.8,1,1
PROD000422,M000086,Breathable Sports Sandals,Footwear,footwear,1981.8,1,1
PROD000423,M000087,UPSC Complete Foundation Course 2026,Competitive Exams,exam_course,15000.11,0,0
PROD000424,M000087,Mains Answer Writing Test Series,Test Series,test_series,4971.69,0,0
PROD000425,M000087,Monthly Current Affairs & Magazine Pass,Study Material,study_material,50.0,0,0
PROD000426,M000087,CSAT Aptitude Intensive Crash Course,Short Courses,exam_course,4892.9,0,0
PROD000427,M000087,1-on-1 Personal Mentorship Session,Mentorship,mentorship,2525.14,0,0
PROD000428,M000087,UPSC Complete Foundation Course 2026,Competitive Exams,exam_course,15011.15,0,0
PROD000429,M000088,Domestic Economy Flight Ticket,Flights,flight_booking,5455.28,0,0
PROD000430,M000088,3-Star Hotel Stay (2 Nights),Accommodation,hotel_stay,7297.45,0,0
PROD000431,M000088,Goa Beach Resort Holiday Package,Vacation Packages,vacation_package,16218.95,0,0
PROD000432,M000088,Outstation Cab Rental (Full Day),Transportation,car_rental,3280.24,0,0
PROD000433,M000089,Complete Blood Count (CBC) Test,Lab Tests,lab_test,134.26,0,0
PROD000434,M000089,Comprehensive Health Checkup Package,Health Packages,diagnostic_package,2845.91,0,0
PROD000435,M000089,Vitamin D & B12 Screening Profile,Specialized Screening,lab_test,1086.01,0,0
PROD000436,M000089,HbA1c Diabetes Monitoring Test,Chronic Care,lab_test,630.65,0,0
PROD000437,M000089,Home Sample Collection Service Charge,Home Care,home_sample_collection,1486.26,0,0
PROD000438,M000089,Complete Blood Count (CBC) Test,Lab Tests,lab_test,50.0,0,0
PROD000439,M000090,Slim Fit Denim Jeans,Fashion,fashion_apparel,1410.64,1,1
PROD000440,M000090,Wireless Noise-Canceling Earbuds,Electronics,electronic_accessory,2869.01,1,1
PROD000441,M000090,Organic Hydrating Skincare Kit,Beauty,cosmetics_kit,1348.36,1,1
PROD000442,M000090,Stainless Steel Water Bottle,Lifestyle,general_item,949.22,1,1
PROD000443,M000090,Ergonomic Desk Chair Cushion,Home Office,home_decor,1031.01,1,1
PROD000444,M000090,Slim Fit Denim Jeans,Fashion,fashion_apparel,1427.2,1,1
PROD000445,M000091,Crochet Tote Bag,Apparel & Accessories,handmade_accessory,1262.63,1,1
PROD000446,M000091,Amigurumi Plush Toy,Toys & Hobbies,crochet_toy,788.65,1,1
PROD000447,M000091,Handcrafted Crochet Cardigan,Fashion & Apparel,fashion_apparel,3045.21,1,1
PROD000448,M000091,Custom Keychains Set,Gifts & Novelties,handicraft_item,566.72,1,1
PROD000449,M000092,UPSC Complete Foundation Course 2026,Competitive Exams,exam_course,16193.4,0,0
PROD000450,M000092,Mains Answer Writing Test Series,Test Series,test_series,6805.28,0,0
PROD000451,M000092,Monthly Current Affairs & Magazine Pass,Study Material,study_material,1802.45,0,0
PROD000452,M000092,CSAT Aptitude Intensive Crash Course,Short Courses,exam_course,6707.71,0,0
PROD000453,M000093,UPSC Complete Foundation Course 2026,Competitive Exams,exam_course,15325.8,0,0
PROD000454,M000093,Mains Answer Writing Test Series,Test Series,test_series,5827.95,0,0
PROD000455,M000093,Monthly Current Affairs & Magazine Pass,Study Material,study_material,2023.02,0,0
PROD000456,M000093,CSAT Aptitude Intensive Crash Course,Short Courses,exam_course,4235.55,0,0
PROD000457,M000093,1-on-1 Personal Mentorship Session,Mentorship,mentorship,2652.11,0,0
PROD000458,M000093,UPSC Complete Foundation Course 2026,Competitive Exams,exam_course,14770.9,0,0
PROD000459,M000094,Special Chicken Biryani Combo,Main Course,food_item,388.64,0,0
PROD000460,M000094,Paneer Butter Masala & Naan Meal,Main Course,food_item,187.82,0,0
PROD000461,M000094,Wood-Fired Margherita Pizza,Italian,food_item,538.92,0,0
PROD000462,M000094,Fresh Fruit Smoothie & Salad,Beverages & Healthy,food_item,231.54,0,0
PROD000463,M000095,UPSC Complete Foundation Course 2026,Competitive Exams,exam_course,14295.31,0,0
PROD000464,M000095,Mains Answer Writing Test Series,Test Series,test_series,7458.62,0,0
PROD000465,M000095,Monthly Current Affairs & Magazine Pass,Study Material,study_material,266.78,0,0
PROD000466,M000095,CSAT Aptitude Intensive Crash Course,Short Courses,exam_course,3500.8,0,0
PROD000467,M000095,1-on-1 Personal Mentorship Session,Mentorship,mentorship,3701.33,0,0
PROD000468,M000095,UPSC Complete Foundation Course 2026,Competitive Exams,exam_course,14580.15,0,0
PROD000469,M000096,Slim Fit Denim Jeans,Fashion,fashion_apparel,1567.58,1,1
PROD000470,M000096,Wireless Noise-Canceling Earbuds,Electronics,electronic_accessory,2850.17,1,1
PROD000471,M000096,Organic Hydrating Skincare Kit,Beauty,cosmetics_kit,1318.0,1,1
PROD000472,M000096,Stainless Steel Water Bottle,Lifestyle,general_item,658.66,1,1
PROD000473,M000096,Ergonomic Desk Chair Cushion,Home Office,home_decor,1775.07,1,1
PROD000474,M000097,Special Chicken Biryani Combo,Main Course,food_item,333.31,0,0
PROD000475,M000097,Paneer Butter Masala & Naan Meal,Main Course,food_item,256.03,0,0
PROD000476,M000097,Wood-Fired Margherita Pizza,Italian,food_item,497.82,0,0
PROD000477,M000097,Fresh Fruit Smoothie & Salad,Beverages & Healthy,food_item,222.08,0,0
PROD000478,M000097,Gourmet Chocolate Lava Cake,Desserts,food_item,118.26,0,0
PROD000479,M000097,Special Chicken Biryani Combo,Main Course,food_item,294.55,0,0
PROD000480,M000098,Slim Fit Denim Jeans,Fashion,fashion_apparel,1399.56,1,1
PROD000481,M000098,Wireless Noise-Canceling Earbuds,Electronics,electronic_accessory,2486.75,1,1
PROD000482,M000098,Organic Hydrating Skincare Kit,Beauty,cosmetics_kit,1288.17,1,1
PROD000483,M000098,Stainless Steel Water Bottle,Lifestyle,general_item,830.97,1,1
PROD000484,M000099,Crochet Tote Bag,Apparel & Accessories,handmade_accessory,1220.03,1,1
PROD000485,M000099,Amigurumi Plush Toy,Toys & Hobbies,crochet_toy,1020.35,1,1
PROD000486,M000099,Handcrafted Crochet Cardigan,Fashion & Apparel,fashion_apparel,3223.96,1,1
PROD000487,M000099,Custom Keychains Set,Gifts & Novelties,handicraft_item,516.19,1,1
PROD000488,M000100,Crochet Tote Bag,Apparel & Accessories,handmade_accessory,1044.33,1,1
PROD000489,M000100,Amigurumi Plush Toy,Toys & Hobbies,crochet_toy,658.33,1,1
PROD000490,M000100,Handcrafted Crochet Cardigan,Fashion & Apparel,fashion_apparel,3267.09,1,1
PROD000491,M000100,Custom Keychains Set,Gifts & Novelties,handicraft_item,415.33,1,1
PROD000492,M000100,Embroidered Cushion Cover,Home & Living,home_decor,1242.16,1,1
PROD000493,M000100,Crochet Tote Bag,Apparel & Accessories,handmade_accessory,1058.2,1,1
PROD000494,M000101,Crochet Tote Bag,Apparel & Accessories,handmade_accessory,1241.32,1,1
PROD000495,M000101,Amigurumi Plush Toy,Toys & Hobbies,crochet_toy,899.71,1,1
PROD000496,M000101,Handcrafted Crochet Cardigan,Fashion & Apparel,fashion_apparel,2926.94,1,1
PROD000497,M000101,Custom Keychains Set,Gifts & Novelties,handicraft_item,65.07,1,1
PROD000498,M000101,Embroidered Cushion Cover,Home & Living,home_decor,1005.36,1,1
PROD000499,M000101,Crochet Tote Bag,Apparel & Accessories,handmade_accessory,1396.56,1,1
PROD000500,M000102,Domestic Economy Flight Ticket,Flights,flight_booking,6017.37,0,0
PROD000501,M000102,3-Star Hotel Stay (2 Nights),Accommodation,hotel_stay,6600.77,0,0
PROD000502,M000102,Goa Beach Resort Holiday Package,Vacation Packages,vacation_package,16962.85,0,0
PROD000503,M000102,Outstation Cab Rental (Full Day),Transportation,car_rental,4670.76,0,0
PROD000504,M000102,Heritage City Guided Tour,Activities & Tours,tour_package,3914.37,0,0
PROD000505,M000102,Domestic Economy Flight Ticket,Flights,flight_booking,6205.44,0,0
PROD000506,M000103,Performance Running Shoes,Footwear,footwear,2749.0,1,1
PROD000507,M000103,Urban Casual Sneakers,Footwear,footwear,2968.92,1,1
PROD000508,M000103,Leather Formal Shoes,Footwear,footwear,4467.85,1,1
PROD000509,M000103,Breathable Sports Sandals,Footwear,footwear,772.92,1,1
PROD000510,M000103,Waterproof Trail Shoes,Footwear,footwear,5470.64,1,1
PROD000511,M000104,Special Chicken Biryani Combo,Main Course,food_item,507.07,0,0
PROD000512,M000104,Paneer Butter Masala & Naan Meal,Main Course,food_item,170.8,0,0
PROD000513,M000104,Wood-Fired Margherita Pizza,Italian,food_item,470.54,0,0
PROD000514,M000104,Fresh Fruit Smoothie & Salad,Beverages & Healthy,food_item,131.1,0,0
PROD000515,M000104,Gourmet Chocolate Lava Cake,Desserts,food_item,246.2,0,0
PROD000516,M000104,Special Chicken Biryani Combo,Main Course,food_item,417.4,0,0
PROD000517,M000105,Complete Blood Count (CBC) Test,Lab Tests,lab_test,138.64,0,0
PROD000518,M000105,Comprehensive Health Checkup Package,Health Packages,diagnostic_package,2797.31,0,0
PROD000519,M000105,Vitamin D & B12 Screening Profile,Specialized Screening,lab_test,1814.34,0,0
PROD000520,M000105,HbA1c Diabetes Monitoring Test,Chronic Care,lab_test,861.28,0,0
PROD000521,M000105,Home Sample Collection Service Charge,Home Care,home_sample_collection,318.17,0,0
PROD000522,M000105,Complete Blood Count (CBC) Test,Lab Tests,lab_test,620.88,0,0
PROD000523,M000106,Performance Running Shoes,Footwear,footwear,3259.52,1,1
PROD000524,M000106,Urban Casual Sneakers,Footwear,footwear,2595.85,1,1
PROD000525,M000106,Leather Formal Shoes,Footwear,footwear,3948.26,1,1
PROD000526,M000106,Breathable Sports Sandals,Footwear,footwear,1794.43,1,1
PROD000527,M000107,Slim Fit Denim Jeans,Fashion,fashion_apparel,1563.46,1,1
PROD000528,M000107,Wireless Noise-Canceling Earbuds,Electronics,electronic_accessory,2441.5,1,1
PROD000529,M000107,Organic Hydrating Skincare Kit,Beauty,cosmetics_kit,1188.47,1,1
PROD000530,M000107,Stainless Steel Water Bottle,Lifestyle,general_item,591.28,1,1
PROD000531,M000108,UPSC Complete Foundation Course 2026,Competitive Exams,exam_course,14203.14,0,0
PROD000532,M000108,Mains Answer Writing Test Series,Test Series,test_series,7824.66,0,0
PROD000533,M000108,Monthly Current Affairs & Magazine Pass,Study Material,study_material,1628.45,0,0
PROD000534,M000108,CSAT Aptitude Intensive Crash Course,Short Courses,exam_course,3156.69,0,0
PROD000535,M000108,1-on-1 Personal Mentorship Session,Mentorship,mentorship,4560.41,0,0
PROD000536,M000108,UPSC Complete Foundation Course 2026,Competitive Exams,exam_course,11892.58,0,0
PROD000537,M000109,Performance Running Shoes,Footwear,footwear,3064.03,1,1
PROD000538,M000109,Urban Casual Sneakers,Footwear,footwear,2096.3,1,1
PROD000539,M000109,Leather Formal Shoes,Footwear,footwear,4300.34,1,1
PROD000540,M000109,Breathable Sports Sandals,Footwear,footwear,2677.02,1,1
PROD000541,M000109,Waterproof Trail Shoes,Footwear,footwear,4735.05,1,1
PROD000542,M000109,Performance Running Shoes,Footwear,footwear,3828.49,1,1
PROD000543,M000110,Crochet Tote Bag,Apparel & Accessories,handmade_accessory,1297.64,1,1
PROD000544,M000110,Amigurumi Plush Toy,Toys & Hobbies,crochet_toy,1407.2,1,1
PROD000545,M000110,Handcrafted Crochet Cardigan,Fashion & Apparel,fashion_apparel,3220.06,1,1
PROD000546,M000110,Custom Keychains Set,Gifts & Novelties,handicraft_item,1035.24,1,1
PROD000547,M000111,Performance Running Shoes,Footwear,footwear,4179.32,1,1
PROD000548,M000111,Urban Casual Sneakers,Footwear,footwear,2693.94,1,1
PROD000549,M000111,Leather Formal Shoes,Footwear,footwear,4537.56,1,1
PROD000550,M000111,Breathable Sports Sandals,Footwear,footwear,1801.76,1,1
PROD000551,M000112,Performance Running Shoes,Footwear,footwear,3483.95,1,1
PROD000552,M000112,Urban Casual Sneakers,Footwear,footwear,2983.78,1,1
PROD000553,M000112,Leather Formal Shoes,Footwear,footwear,4466.46,1,1
PROD000554,M000112,Breathable Sports Sandals,Footwear,footwear,1871.86,1,1
PROD000555,M000112,Waterproof Trail Shoes,Footwear,footwear,4868.59,1,1
PROD000556,M000112,Performance Running Shoes,Footwear,footwear,3345.44,1,1
PROD000557,M000113,Complete Blood Count (CBC) Test,Lab Tests,lab_test,130.56,0,0
PROD000558,M000113,Comprehensive Health Checkup Package,Health Packages,diagnostic_package,3064.22,0,0
PROD000559,M000113,Vitamin D & B12 Screening Profile,Specialized Screening,lab_test,1239.32,0,0
PROD000560,M000113,HbA1c Diabetes Monitoring Test,Chronic Care,lab_test,615.79,0,0
PROD000561,M000113,Home Sample Collection Service Charge,Home Care,home_sample_collection,288.64,0,0
PROD000562,M000113,Complete Blood Count (CBC) Test,Lab Tests,lab_test,825.39,0,0
PROD000563,M000114,Starter Developer API License,Software Subscriptions,saas_plan,2319.63,0,0
PROD000564,M000114,Pro Engineering Team Subscription,Software Subscriptions,saas_plan,7393.49,0,0
PROD000565,M000114,Enterprise Infrastructure Plan,Software Subscriptions,saas_plan,26434.42,0,0
PROD000566,M000114,Custom Domain & SSL Add-on,Add-on Services,saas_plan,50.0,0,0
PROD000567,M000115,Domestic Economy Flight Ticket,Flights,flight_booking,1311.27,0,0
PROD000568,M000115,3-Star Hotel Stay (2 Nights),Accommodation,hotel_stay,2900.49,0,0
PROD000569,M000115,Goa Beach Resort Holiday Package,Vacation Packages,vacation_package,15899.34,0,0
PROD000570,M000115,Outstation Cab Rental (Full Day),Transportation,car_rental,5876.29,0,0
PROD000571,M000115,Heritage City Guided Tour,Activities & Tours,tour_package,50.0,0,0
PROD000572,M000116,Starter Developer API License,Software Subscriptions,saas_plan,2955.42,0,0
PROD000573,M000116,Pro Engineering Team Subscription,Software Subscriptions,saas_plan,6998.58,0,0
PROD000574,M000116,Enterprise Infrastructure Plan,Software Subscriptions,saas_plan,24961.65,0,0
PROD000575,M000116,Custom Domain & SSL Add-on,Add-on Services,saas_plan,1462.88,0,0
PROD000576,M000116,Priority 24/7 Technical Support Pass,Support Services,saas_plan,2810.84,0,0
PROD000577,M000117,Starter Developer API License,Software Subscriptions,saas_plan,1298.39,0,0
PROD000578,M000117,Pro Engineering Team Subscription,Software Subscriptions,saas_plan,7992.43,0,0
PROD000579,M000117,Enterprise Infrastructure Plan,Software Subscriptions,saas_plan,25298.66,0,0
PROD000580,M000117,Custom Domain & SSL Add-on,Add-on Services,saas_plan,782.4,0,0
PROD000581,M000118,Performance Running Shoes,Footwear,footwear,3566.49,1,1
PROD000582,M000118,Urban Casual Sneakers,Footwear,footwear,2800.76,1,1
PROD000583,M000118,Leather Formal Shoes,Footwear,footwear,4028.81,1,1
PROD000584,M000118,Breathable Sports Sandals,Footwear,footwear,2139.36,1,1
PROD000585,M000118,Waterproof Trail Shoes,Footwear,footwear,5247.66,1,1
PROD000586,M000119,Complete Blood Count (CBC) Test,Lab Tests,lab_test,50.0,0,0
PROD000587,M000119,Comprehensive Health Checkup Package,Health Packages,diagnostic_package,3468.68,0,0
PROD000588,M000119,Vitamin D & B12 Screening Profile,Specialized Screening,lab_test,454.86,0,0
PROD000589,M000119,HbA1c Diabetes Monitoring Test,Chronic Care,lab_test,50.0,0,0
PROD000590,M000120,Special Chicken Biryani Combo,Main Course,food_item,425.22,0,0
PROD000591,M000120,Paneer Butter Masala & Naan Meal,Main Course,food_item,196.44,0,0
PROD000592,M000120,Wood-Fired Margherita Pizza,Italian,food_item,368.39,0,0
PROD000593,M000120,Fresh Fruit Smoothie & Salad,Beverages & Healthy,food_item,256.66,0,0
PROD000594,M000121,Starter Developer API License,Software Subscriptions,saas_plan,1826.72,0,0
PROD000595,M000121,Pro Engineering Team Subscription,Software Subscriptions,saas_plan,7696.73,0,0
PROD000596,M000121,Enterprise Infrastructure Plan,Software Subscriptions,saas_plan,24810.96,0,0
PROD000597,M000121,Custom Domain & SSL Add-on,Add-on Services,saas_plan,876.87,0,0
PROD000598,M000121,Priority 24/7 Technical Support Pass,Support Services,saas_plan,3588.93,0,0
PROD000599,M000121,Starter Developer API License,Software Subscriptions,saas_plan,2213.0,0,0
PROD000600,M000122,Complete Blood Count (CBC) Test,Lab Tests,lab_test,349.24,0,0
PROD000601,M000122,Comprehensive Health Checkup Package,Health Packages,diagnostic_package,2686.36,0,0
PROD000602,M000122,Vitamin D & B12 Screening Profile,Specialized Screening,lab_test,2059.09,0,0
PROD000603,M000122,HbA1c Diabetes Monitoring Test,Chronic Care,lab_test,50.0,0,0
PROD000604,M000123,Performance Running Shoes,Footwear,footwear,4054.09,1,1
PROD000605,M000123,Urban Casual Sneakers,Footwear,footwear,3311.15,1,1
PROD000606,M000123,Leather Formal Shoes,Footwear,footwear,3656.67,1,1
PROD000607,M000123,Breathable Sports Sandals,Footwear,footwear,1719.48,1,1
PROD000608,M000124,Crochet Tote Bag,Apparel & Accessories,handmade_accessory,1327.81,1,1
PROD000609,M000124,Amigurumi Plush Toy,Toys & Hobbies,crochet_toy,698.16,1,1
PROD000610,M000124,Handcrafted Crochet Cardigan,Fashion & Apparel,fashion_apparel,3329.73,1,1
PROD000611,M000124,Custom Keychains Set,Gifts & Novelties,handicraft_item,50.0,1,1
PROD000612,M000124,Embroidered Cushion Cover,Home & Living,home_decor,836.51,1,1
PROD000613,M000124,Crochet Tote Bag,Apparel & Accessories,handmade_accessory,1083.58,1,1
PROD000614,M000125,Performance Running Shoes,Footwear,footwear,2954.56,1,1
PROD000615,M000125,Urban Casual Sneakers,Footwear,footwear,3079.32,1,1
PROD000616,M000125,Leather Formal Shoes,Footwear,footwear,4195.02,1,1
PROD000617,M000125,Breathable Sports Sandals,Footwear,footwear,1549.79,1,1
PROD000618,M000125,Waterproof Trail Shoes,Footwear,footwear,5343.87,1,1
PROD000619,M000125,Performance Running Shoes,Footwear,footwear,3056.54,1,1
PROD000620,M000126,Slim Fit Denim Jeans,Fashion,fashion_apparel,1231.05,1,1
PROD000621,M000126,Wireless Noise-Canceling Earbuds,Electronics,electronic_accessory,2412.57,1,1
PROD000622,M000126,Organic Hydrating Skincare Kit,Beauty,cosmetics_kit,1019.58,1,1
PROD000623,M000126,Stainless Steel Water Bottle,Lifestyle,general_item,640.37,1,1
PROD000624,M000126,Ergonomic Desk Chair Cushion,Home Office,home_decor,1541.24,1,1
PROD000625,M000126,Slim Fit Denim Jeans,Fashion,fashion_apparel,1709.03,1,1
PROD000626,M000127,Starter Developer API License,Software Subscriptions,saas_plan,1134.46,0,0
PROD000627,M000127,Pro Engineering Team Subscription,Software Subscriptions,saas_plan,8818.0,0,0
PROD000628,M000127,Enterprise Infrastructure Plan,Software Subscriptions,saas_plan,23312.08,0,0
PROD000629,M000127,Custom Domain & SSL Add-on,Add-on Services,saas_plan,825.56,0,0
PROD000630,M000127,Priority 24/7 Technical Support Pass,Support Services,saas_plan,4286.12,0,0
PROD000631,M000128,Starter Developer API License,Software Subscriptions,saas_plan,748.54,0,0
PROD000632,M000128,Pro Engineering Team Subscription,Software Subscriptions,saas_plan,8283.06,0,0
PROD000633,M000128,Enterprise Infrastructure Plan,Software Subscriptions,saas_plan,25691.07,0,0
PROD000634,M000128,Custom Domain & SSL Add-on,Add-on Services,saas_plan,1078.5,0,0
PROD000635,M000128,Priority 24/7 Technical Support Pass,Support Services,saas_plan,1097.36,0,0
PROD000636,M000128,Starter Developer API License,Software Subscriptions,saas_plan,3909.79,0,0
PROD000637,M000129,Crochet Tote Bag,Apparel & Accessories,handmade_accessory,1400.03,1,1
PROD000638,M000129,Amigurumi Plush Toy,Toys & Hobbies,crochet_toy,962.33,1,1
PROD000639,M000129,Handcrafted Crochet Cardigan,Fashion & Apparel,fashion_apparel,2639.32,1,1
PROD000640,M000129,Custom Keychains Set,Gifts & Novelties,handicraft_item,226.2,1,1
PROD000641,M000129,Embroidered Cushion Cover,Home & Living,home_decor,1123.54,1,1
PROD000642,M000129,Crochet Tote Bag,Apparel & Accessories,handmade_accessory,1002.98,1,1
PROD000643,M000130,Special Chicken Biryani Combo,Main Course,food_item,377.29,0,0
PROD000644,M000130,Paneer Butter Masala & Naan Meal,Main Course,food_item,326.12,0,0
PROD000645,M000130,Wood-Fired Margherita Pizza,Italian,food_item,417.73,0,0
PROD000646,M000130,Fresh Fruit Smoothie & Salad,Beverages & Healthy,food_item,219.18,0,0
PROD000647,M000131,Slim Fit Denim Jeans,Fashion,fashion_apparel,1479.07,1,1
PROD000648,M000131,Wireless Noise-Canceling Earbuds,Electronics,electronic_accessory,2635.57,1,1
PROD000649,M000131,Organic Hydrating Skincare Kit,Beauty,cosmetics_kit,971.44,1,1
PROD000650,M000131,Stainless Steel Water Bottle,Lifestyle,general_item,354.41,1,1
PROD000651,M000132,Performance Running Shoes,Footwear,footwear,3165.26,1,1
PROD000652,M000132,Urban Casual Sneakers,Footwear,footwear,2176.34,1,1
PROD000653,M000132,Leather Formal Shoes,Footwear,footwear,4484.96,1,1
PROD000654,M000132,Breathable Sports Sandals,Footwear,footwear,1291.52,1,1
PROD000655,M000132,Waterproof Trail Shoes,Footwear,footwear,4275.74,1,1
PROD000656,M000133,Crochet Tote Bag,Apparel & Accessories,handmade_accessory,1358.32,1,1
PROD000657,M000133,Amigurumi Plush Toy,Toys & Hobbies,crochet_toy,441.68,1,1
PROD000658,M000133,Handcrafted Crochet Cardigan,Fashion & Apparel,fashion_apparel,3782.17,1,1
PROD000659,M000133,Custom Keychains Set,Gifts & Novelties,handicraft_item,428.09,1,1
PROD000660,M000133,Embroidered Cushion Cover,Home & Living,home_decor,762.97,1,1
PROD000661,M000134,Performance Running Shoes,Footwear,footwear,3271.45,1,1
PROD000662,M000134,Urban Casual Sneakers,Footwear,footwear,3195.08,1,1
PROD000663,M000134,Leather Formal Shoes,Footwear,footwear,4247.66,1,1
PROD000664,M000134,Breathable Sports Sandals,Footwear,footwear,1836.05,1,1
PROD000665,M000135,Annual All-Gym Access Pass,Memberships,gym_membership,14806.49,0,0
PROD000666,M000135,Monthly Unlimited Crossfit Membership,Memberships,gym_membership,3077.41,0,0
PROD000667,M000135,Personal Training 10-Session Bundle,Personal Training,personal_training,8428.76,0,0
PROD000668,M000135,Yoga & Pilates Group Class Pass,Group Classes,fitness_class,2957.83,0,0
PROD000669,M000136,Performance Running Shoes,Footwear,footwear,3451.48,1,1
PROD000670,M000136,Urban Casual Sneakers,Footwear,footwear,3226.71,1,1
PROD000671,M000136,Leather Formal Shoes,Footwear,footwear,4408.99,1,1
PROD000672,M000136,Breathable Sports Sandals,Footwear,footwear,1800.21,1,1
PROD000673,M000136,Waterproof Trail Shoes,Footwear,footwear,4677.17,1,1
PROD000674,M000136,Performance Running Shoes,Footwear,footwear,3651.57,1,1
PROD000675,M000137,Special Chicken Biryani Combo,Main Course,food_item,469.19,0,0
PROD000676,M000137,Paneer Butter Masala & Naan Meal,Main Course,food_item,364.0,0,0
PROD000677,M000137,Wood-Fired Margherita Pizza,Italian,food_item,503.94,0,0
PROD000678,M000137,Fresh Fruit Smoothie & Salad,Beverages & Healthy,food_item,100.14,0,0
PROD000679,M000138,UPSC Complete Foundation Course 2026,Competitive Exams,exam_course,10267.99,0,0
PROD000680,M000138,Mains Answer Writing Test Series,Test Series,test_series,1443.26,0,0
PROD000681,M000138,Monthly Current Affairs & Magazine Pass,Study Material,study_material,50.0,0,0
PROD000682,M000138,CSAT Aptitude Intensive Crash Course,Short Courses,exam_course,756.8,0,0
PROD000683,M000139,Slim Fit Denim Jeans,Fashion,fashion_apparel,1527.77,1,1
PROD000684,M000139,Wireless Noise-Canceling Earbuds,Electronics,electronic_accessory,2477.24,1,1
PROD000685,M000139,Organic Hydrating Skincare Kit,Beauty,cosmetics_kit,1072.29,1,1
PROD000686,M000139,Stainless Steel Water Bottle,Lifestyle,general_item,689.23,1,1
PROD000687,M000140,Annual All-Gym Access Pass,Memberships,gym_membership,16561.5,0,0
PROD000688,M000140,Monthly Unlimited Crossfit Membership,Memberships,gym_membership,3279.11,0,0
PROD000689,M000140,Personal Training 10-Session Bundle,Personal Training,personal_training,8040.24,0,0
PROD000690,M000140,Yoga & Pilates Group Class Pass,Group Classes,fitness_class,1859.36,0,0
PROD000691,M000141,Annual All-Gym Access Pass,Memberships,gym_membership,14700.7,0,0
PROD000692,M000141,Monthly Unlimited Crossfit Membership,Memberships,gym_membership,3142.03,0,0
PROD000693,M000141,Personal Training 10-Session Bundle,Personal Training,personal_training,8414.17,0,0
PROD000694,M000141,Yoga & Pilates Group Class Pass,Group Classes,fitness_class,2333.32,0,0
PROD000695,M000141,Nutrition & Meal Plan Consultation,Wellness & Diet,nutrition_plan,1469.68,0,0
PROD000696,M000141,Annual All-Gym Access Pass,Memberships,gym_membership,15114.36,0,0
PROD000697,M000142,Performance Running Shoes,Footwear,footwear,3380.74,1,1
PROD000698,M000142,Urban Casual Sneakers,Footwear,footwear,3697.14,1,1
PROD000699,M000142,Leather Formal Shoes,Footwear,footwear,5173.89,1,1
PROD000700,M000142,Breathable Sports Sandals,Footwear,footwear,2327.0,1,1
PROD000701,M000142,Waterproof Trail Shoes,Footwear,footwear,4494.73,1,1
PROD000702,M000142,Performance Running Shoes,Footwear,footwear,2740.15,1,1
PROD000703,M000143,Slim Fit Denim Jeans,Fashion,fashion_apparel,1641.77,1,1
PROD000704,M000143,Wireless Noise-Canceling Earbuds,Electronics,electronic_accessory,3735.97,1,1
PROD000705,M000143,Organic Hydrating Skincare Kit,Beauty,cosmetics_kit,2830.58,1,1
PROD000706,M000143,Stainless Steel Water Bottle,Lifestyle,general_item,557.21,1,1
PROD000707,M000144,Performance Running Shoes,Footwear,footwear,2244.65,1,1
PROD000708,M000144,Urban Casual Sneakers,Footwear,footwear,2840.05,1,1
PROD000709,M000144,Leather Formal Shoes,Footwear,footwear,3718.17,1,1
PROD000710,M000144,Breathable Sports Sandals,Footwear,footwear,1756.83,1,1
PROD000711,M000144,Waterproof Trail Shoes,Footwear,footwear,4959.22,1,1
PROD000712,M000145,Performance Running Shoes,Footwear,footwear,3544.48,1,1
PROD000713,M000145,Urban Casual Sneakers,Footwear,footwear,2699.9,1,1
PROD000714,M000145,Leather Formal Shoes,Footwear,footwear,4233.84,1,1
PROD000715,M000145,Breathable Sports Sandals,Footwear,footwear,2038.69,1,1
PROD000716,M000145,Waterproof Trail Shoes,Footwear,footwear,6062.1,1,1
PROD000717,M000145,Performance Running Shoes,Footwear,footwear,2795.94,1,1
PROD000718,M000146,Crochet Tote Bag,Apparel & Accessories,handmade_accessory,1400.45,1,1
PROD000719,M000146,Amigurumi Plush Toy,Toys & Hobbies,crochet_toy,758.3,1,1
PROD000720,M000146,Handcrafted Crochet Cardigan,Fashion & Apparel,fashion_apparel,2968.17,1,1
PROD000721,M000146,Custom Keychains Set,Gifts & Novelties,handicraft_item,468.37,1,1
PROD000722,M000147,Special Chicken Biryani Combo,Main Course,food_item,423.29,0,0
PROD000723,M000147,Paneer Butter Masala & Naan Meal,Main Course,food_item,299.37,0,0
PROD000724,M000147,Wood-Fired Margherita Pizza,Italian,food_item,523.55,0,0
PROD000725,M000147,Fresh Fruit Smoothie & Salad,Beverages & Healthy,food_item,231.82,0,0
PROD000726,M000147,Gourmet Chocolate Lava Cake,Desserts,food_item,153.37,0,0
PROD000727,M000148,Special Chicken Biryani Combo,Main Course,food_item,240.21,0,0
PROD000728,M000148,Paneer Butter Masala & Naan Meal,Main Course,food_item,445.99,0,0
PROD000729,M000148,Wood-Fired Margherita Pizza,Italian,food_item,503.5,0,0
PROD000730,M000148,Fresh Fruit Smoothie & Salad,Beverages & Healthy,food_item,283.21,0,0
PROD000731,M000148,Gourmet Chocolate Lava Cake,Desserts,food_item,161.65,0,0
PROD000732,M000149,Crochet Tote Bag,Apparel & Accessories,handmade_accessory,1252.19,1,1
PROD000733,M000149,Amigurumi Plush Toy,Toys & Hobbies,crochet_toy,796.49,1,1
PROD000734,M000149,Handcrafted Crochet Cardigan,Fashion & Apparel,fashion_apparel,3275.49,1,1
PROD000735,M000149,Custom Keychains Set,Gifts & Novelties,handicraft_item,368.98,1,1
PROD000736,M000150,Performance Running Shoes,Footwear,footwear,2201.86,1,1
PROD000737,M000150,Urban Casual Sneakers,Footwear,footwear,2708.09,1,1
PROD000738,M000150,Leather Formal Shoes,Footwear,footwear,4201.86,1,1
PROD000739,M000150,Breathable Sports Sandals,Footwear,footwear,2334.19,1,1
PROD000740,M000151,Complete Blood Count (CBC) Test,Lab Tests,lab_test,551.92,0,0
PROD000741,M000151,Comprehensive Health Checkup Package,Health Packages,diagnostic_package,3276.7,0,0
PROD000742,M000151,Vitamin D & B12 Screening Profile,Specialized Screening,lab_test,2048.32,0,0
PROD000743,M000151,HbA1c Diabetes Monitoring Test,Chronic Care,lab_test,50.0,0,0
PROD000744,M000152,Performance Running Shoes,Footwear,footwear,3324.23,1,1
PROD000745,M000152,Urban Casual Sneakers,Footwear,footwear,3495.85,1,1
PROD000746,M000152,Leather Formal Shoes,Footwear,footwear,4760.6,1,1
PROD000747,M000152,Breathable Sports Sandals,Footwear,footwear,2434.68,1,1
PROD000748,M000152,Waterproof Trail Shoes,Footwear,footwear,4112.79,1,1
PROD000749,M000153,Crochet Tote Bag,Apparel & Accessories,handmade_accessory,1137.64,1,1
PROD000750,M000153,Amigurumi Plush Toy,Toys & Hobbies,crochet_toy,1255.3,1,1
PROD000751,M000153,Handcrafted Crochet Cardigan,Fashion & Apparel,fashion_apparel,3190.13,1,1
PROD000752,M000153,Custom Keychains Set,Gifts & Novelties,handicraft_item,488.49,1,1
PROD000753,M000154,Slim Fit Denim Jeans,Fashion,fashion_apparel,1345.68,1,1
PROD000754,M000154,Wireless Noise-Canceling Earbuds,Electronics,electronic_accessory,2128.19,1,1
PROD000755,M000154,Organic Hydrating Skincare Kit,Beauty,cosmetics_kit,1240.82,1,1
PROD000756,M000154,Stainless Steel Water Bottle,Lifestyle,general_item,421.69,1,1
PROD000757,M000155,Annual All-Gym Access Pass,Memberships,gym_membership,15532.79,0,0
PROD000758,M000155,Monthly Unlimited Crossfit Membership,Memberships,gym_membership,3291.81,0,0
PROD000759,M000155,Personal Training 10-Session Bundle,Personal Training,personal_training,8548.3,0,0
PROD000760,M000155,Yoga & Pilates Group Class Pass,Group Classes,fitness_class,2186.62,0,0
PROD000761,M000155,Nutrition & Meal Plan Consultation,Wellness & Diet,nutrition_plan,1529.72,0,0
PROD000762,M000155,Annual All-Gym Access Pass,Memberships,gym_membership,15176.47,0,0
PROD000763,M000156,Performance Running Shoes,Footwear,footwear,3699.53,1,1
PROD000764,M000156,Urban Casual Sneakers,Footwear,footwear,2816.7,1,1
PROD000765,M000156,Leather Formal Shoes,Footwear,footwear,3506.13,1,1
PROD000766,M000156,Breathable Sports Sandals,Footwear,footwear,1613.3,1,1
PROD000767,M000157,Domestic Economy Flight Ticket,Flights,flight_booking,7130.38,0,0
PROD000768,M000157,3-Star Hotel Stay (2 Nights),Accommodation,hotel_stay,6204.74,0,0
PROD000769,M000157,Goa Beach Resort Holiday Package,Vacation Packages,vacation_package,17797.84,0,0
PROD000770,M000157,Outstation Cab Rental (Full Day),Transportation,car_rental,134.09,0,0
PROD000771,M000158,UPSC Complete Foundation Course 2026,Competitive Exams,exam_course,14740.67,0,0
PROD000772,M000158,Mains Answer Writing Test Series,Test Series,test_series,6710.71,0,0
PROD000773,M000158,Monthly Current Affairs & Magazine Pass,Study Material,study_material,1092.54,0,0
PROD000774,M000158,CSAT Aptitude Intensive Crash Course,Short Courses,exam_course,3355.35,0,0
PROD000775,M000158,1-on-1 Personal Mentorship Session,Mentorship,mentorship,2584.75,0,0
PROD000776,M000158,UPSC Complete Foundation Course 2026,Competitive Exams,exam_course,14474.57,0,0
PROD000777,M000159,Performance Running Shoes,Footwear,footwear,4802.06,1,1
PROD000778,M000159,Urban Casual Sneakers,Footwear,footwear,1607.28,1,1
PROD000779,M000159,Leather Formal Shoes,Footwear,footwear,3811.36,1,1
PROD000780,M000159,Breathable Sports Sandals,Footwear,footwear,2413.01,1,1
PROD000781,M000159,Waterproof Trail Shoes,Footwear,footwear,4784.17,1,1
PROD000782,M000160,UPSC Complete Foundation Course 2026,Competitive Exams,exam_course,14018.39,0,0
PROD000783,M000160,Mains Answer Writing Test Series,Test Series,test_series,6436.19,0,0
PROD000784,M000160,Monthly Current Affairs & Magazine Pass,Study Material,study_material,1486.83,0,0
PROD000785,M000160,CSAT Aptitude Intensive Crash Course,Short Courses,exam_course,3745.07,0,0
PROD000786,M000160,1-on-1 Personal Mentorship Session,Mentorship,mentorship,2672.6,0,0
PROD000787,M000161,Slim Fit Denim Jeans,Fashion,fashion_apparel,2199.67,1,1
PROD000788,M000161,Wireless Noise-Canceling Earbuds,Electronics,electronic_accessory,2585.08,1,1
PROD000789,M000161,Organic Hydrating Skincare Kit,Beauty,cosmetics_kit,1544.16,1,1
PROD000790,M000161,Stainless Steel Water Bottle,Lifestyle,general_item,50.0,1,1
PROD000791,M000161,Ergonomic Desk Chair Cushion,Home Office,home_decor,1125.33,1,1
PROD000792,M000162,Domestic Economy Flight Ticket,Flights,flight_booking,7397.2,0,0
PROD000793,M000162,3-Star Hotel Stay (2 Nights),Accommodation,hotel_stay,3369.11,0,0
PROD000794,M000162,Goa Beach Resort Holiday Package,Vacation Packages,vacation_package,15274.11,0,0
PROD000795,M000162,Outstation Cab Rental (Full Day),Transportation,car_rental,3929.03,0,0
PROD000796,M000162,Heritage City Guided Tour,Activities & Tours,tour_package,2262.29,0,0
PROD000797,M000163,Domestic Economy Flight Ticket,Flights,flight_booking,9560.46,0,0
PROD000798,M000163,3-Star Hotel Stay (2 Nights),Accommodation,hotel_stay,7745.89,0,0
PROD000799,M000163,Goa Beach Resort Holiday Package,Vacation Packages,vacation_package,15197.83,0,0
PROD000800,M000163,Outstation Cab Rental (Full Day),Transportation,car_rental,50.0,0,0
PROD000801,M000163,Heritage City Guided Tour,Activities & Tours,tour_package,50.0,0,0
PROD000802,M000164,Special Chicken Biryani Combo,Main Course,food_item,404.52,0,0
PROD000803,M000164,Paneer Butter Masala & Naan Meal,Main Course,food_item,327.68,0,0
PROD000804,M000164,Wood-Fired Margherita Pizza,Italian,food_item,361.96,0,0
PROD000805,M000164,Fresh Fruit Smoothie & Salad,Beverages & Healthy,food_item,306.78,0,0
PROD000806,M000165,Crochet Tote Bag,Apparel & Accessories,handmade_accessory,1165.36,1,1
PROD000807,M000165,Amigurumi Plush Toy,Toys & Hobbies,crochet_toy,900.22,1,1
PROD000808,M000165,Handcrafted Crochet Cardigan,Fashion & Apparel,fashion_apparel,3087.61,1,1
PROD000809,M000165,Custom Keychains Set,Gifts & Novelties,handicraft_item,406.67,1,1
PROD000810,M000166,Starter Developer API License,Software Subscriptions,saas_plan,983.48,0,0
PROD000811,M000166,Pro Engineering Team Subscription,Software Subscriptions,saas_plan,7732.17,0,0
PROD000812,M000166,Enterprise Infrastructure Plan,Software Subscriptions,saas_plan,23310.06,0,0
PROD000813,M000166,Custom Domain & SSL Add-on,Add-on Services,saas_plan,50.0,0,0
PROD000814,M000166,Priority 24/7 Technical Support Pass,Support Services,saas_plan,3261.58,0,0
PROD000815,M000166,Starter Developer API License,Software Subscriptions,saas_plan,3158.22,0,0
PROD000816,M000167,Performance Running Shoes,Footwear,footwear,2873.79,1,1
PROD000817,M000167,Urban Casual Sneakers,Footwear,footwear,2794.08,1,1
PROD000818,M000167,Leather Formal Shoes,Footwear,footwear,4266.8,1,1
PROD000819,M000167,Breathable Sports Sandals,Footwear,footwear,1544.52,1,1
PROD000820,M000167,Waterproof Trail Shoes,Footwear,footwear,4042.26,1,1
PROD000821,M000168,Performance Running Shoes,Footwear,footwear,4326.44,1,1
PROD000822,M000168,Urban Casual Sneakers,Footwear,footwear,2763.86,1,1
PROD000823,M000168,Leather Formal Shoes,Footwear,footwear,4595.75,1,1
PROD000824,M000168,Breathable Sports Sandals,Footwear,footwear,2027.75,1,1
PROD000825,M000168,Waterproof Trail Shoes,Footwear,footwear,5108.37,1,1
PROD000826,M000169,Crochet Tote Bag,Apparel & Accessories,handmade_accessory,856.27,1,1
PROD000827,M000169,Amigurumi Plush Toy,Toys & Hobbies,crochet_toy,594.8,1,1
PROD000828,M000169,Handcrafted Crochet Cardigan,Fashion & Apparel,fashion_apparel,2677.57,1,1
PROD000829,M000169,Custom Keychains Set,Gifts & Novelties,handicraft_item,50.0,1,1
PROD000830,M000170,Special Chicken Biryani Combo,Main Course,food_item,442.01,0,0
PROD000831,M000170,Paneer Butter Masala & Naan Meal,Main Course,food_item,324.48,0,0
PROD000832,M000170,Wood-Fired Margherita Pizza,Italian,food_item,291.2,0,0
PROD000833,M000170,Fresh Fruit Smoothie & Salad,Beverages & Healthy,food_item,118.99,0,0
PROD000834,M000170,Gourmet Chocolate Lava Cake,Desserts,food_item,50.69,0,0
PROD000835,M000171,Domestic Economy Flight Ticket,Flights,flight_booking,10470.17,0,0
PROD000836,M000171,3-Star Hotel Stay (2 Nights),Accommodation,hotel_stay,4751.8,0,0
PROD000837,M000171,Goa Beach Resort Holiday Package,Vacation Packages,vacation_package,18146.12,0,0
PROD000838,M000171,Outstation Cab Rental (Full Day),Transportation,car_rental,974.05,0,0
PROD000839,M000172,Crochet Tote Bag,Apparel & Accessories,handmade_accessory,745.04,1,1
PROD000840,M000172,Amigurumi Plush Toy,Toys & Hobbies,crochet_toy,1434.14,1,1
PROD000841,M000172,Handcrafted Crochet Cardigan,Fashion & Apparel,fashion_apparel,3574.78,1,1
PROD000842,M000172,Custom Keychains Set,Gifts & Novelties,handicraft_item,191.75,1,1
PROD000843,M000172,Embroidered Cushion Cover,Home & Living,home_decor,982.54,1,1
PROD000844,M000172,Crochet Tote Bag,Apparel & Accessories,handmade_accessory,1450.51,1,1
PROD000845,M000173,Special Chicken Biryani Combo,Main Course,food_item,373.91,0,0
PROD000846,M000173,Paneer Butter Masala & Naan Meal,Main Course,food_item,336.91,0,0
PROD000847,M000173,Wood-Fired Margherita Pizza,Italian,food_item,628.56,0,0
PROD000848,M000173,Fresh Fruit Smoothie & Salad,Beverages & Healthy,food_item,291.43,0,0
PROD000849,M000174,Performance Running Shoes,Footwear,footwear,2822.91,1,1
PROD000850,M000174,Urban Casual Sneakers,Footwear,footwear,3103.2,1,1
PROD000851,M000174,Leather Formal Shoes,Footwear,footwear,5227.48,1,1
PROD000852,M000174,Breathable Sports Sandals,Footwear,footwear,1576.62,1,1
PROD000853,M000174,Waterproof Trail Shoes,Footwear,footwear,4252.72,1,1
PROD000854,M000175,Domestic Economy Flight Ticket,Flights,flight_booking,3663.56,0,0
PROD000855,M000175,3-Star Hotel Stay (2 Nights),Accommodation,hotel_stay,11220.81,0,0
PROD000856,M000175,Goa Beach Resort Holiday Package,Vacation Packages,vacation_package,14954.56,0,0
PROD000857,M000175,Outstation Cab Rental (Full Day),Transportation,car_rental,8011.75,0,0
PROD000858,M000175,Heritage City Guided Tour,Activities & Tours,tour_package,375.88,0,0
PROD000859,M000175,Domestic Economy Flight Ticket,Flights,flight_booking,3111.41,0,0
PROD000860,M000176,Performance Running Shoes,Footwear,footwear,3819.59,1,1
PROD000861,M000176,Urban Casual Sneakers,Footwear,footwear,3135.19,1,1
PROD000862,M000176,Leather Formal Shoes,Footwear,footwear,4286.56,1,1
PROD000863,M000176,Breathable Sports Sandals,Footwear,footwear,2390.44,1,1
PROD000864,M000177,Domestic Economy Flight Ticket,Flights,flight_booking,6057.9,0,0
PROD000865,M000177,3-Star Hotel Stay (2 Nights),Accommodation,hotel_stay,4194.63,0,0
PROD000866,M000177,Goa Beach Resort Holiday Package,Vacation Packages,vacation_package,17110.57,0,0
PROD000867,M000177,Outstation Cab Rental (Full Day),Transportation,car_rental,701.57,0,0
PROD000868,M000177,Heritage City Guided Tour,Activities & Tours,tour_package,678.6,0,0
PROD000869,M000177,Domestic Economy Flight Ticket,Flights,flight_booking,5141.03,0,0
PROD000870,M000178,Slim Fit Denim Jeans,Fashion,fashion_apparel,1588.13,1,1
PROD000871,M000178,Wireless Noise-Canceling Earbuds,Electronics,electronic_accessory,2582.32,1,1
PROD000872,M000178,Organic Hydrating Skincare Kit,Beauty,cosmetics_kit,1217.42,1,1
PROD000873,M000178,Stainless Steel Water Bottle,Lifestyle,general_item,1014.28,1,1
PROD000874,M000178,Ergonomic Desk Chair Cushion,Home Office,home_decor,1445.13,1,1
PROD000875,M000179,Complete Blood Count (CBC) Test,Lab Tests,lab_test,117.59,0,0
PROD000876,M000179,Comprehensive Health Checkup Package,Health Packages,diagnostic_package,3285.55,0,0
PROD000877,M000179,Vitamin D & B12 Screening Profile,Specialized Screening,lab_test,1550.62,0,0
PROD000878,M000179,HbA1c Diabetes Monitoring Test,Chronic Care,lab_test,368.48,0,0
PROD000879,M000179,Home Sample Collection Service Charge,Home Care,home_sample_collection,50.0,0,0
PROD000880,M000180,Crochet Tote Bag,Apparel & Accessories,handmade_accessory,1435.03,1,1
PROD000881,M000180,Amigurumi Plush Toy,Toys & Hobbies,crochet_toy,1007.08,1,1
PROD000882,M000180,Handcrafted Crochet Cardigan,Fashion & Apparel,fashion_apparel,2496.03,1,1
PROD000883,M000180,Custom Keychains Set,Gifts & Novelties,handicraft_item,775.24,1,1
PROD000884,M000180,Embroidered Cushion Cover,Home & Living,home_decor,1471.87,1,1
PROD000885,M000181,Performance Running Shoes,Footwear,footwear,3805.59,1,1
PROD000886,M000181,Urban Casual Sneakers,Footwear,footwear,3031.3,1,1
PROD000887,M000181,Leather Formal Shoes,Footwear,footwear,3827.54,1,1
PROD000888,M000181,Breathable Sports Sandals,Footwear,footwear,1246.51,1,1
PROD000889,M000181,Waterproof Trail Shoes,Footwear,footwear,4491.52,1,1
PROD000890,M000182,Crochet Tote Bag,Apparel & Accessories,handmade_accessory,1166.66,1,1
PROD000891,M000182,Amigurumi Plush Toy,Toys & Hobbies,crochet_toy,974.72,1,1
PROD000892,M000182,Handcrafted Crochet Cardigan,Fashion & Apparel,fashion_apparel,3202.38,1,1
PROD000893,M000182,Custom Keychains Set,Gifts & Novelties,handicraft_item,531.52,1,1
PROD000894,M000182,Embroidered Cushion Cover,Home & Living,home_decor,748.23,1,1
PROD000895,M000182,Crochet Tote Bag,Apparel & Accessories,handmade_accessory,1286.66,1,1
PROD000896,M000183,Complete Blood Count (CBC) Test,Lab Tests,lab_test,1218.22,0,0
PROD000897,M000183,Comprehensive Health Checkup Package,Health Packages,diagnostic_package,3300.17,0,0
PROD000898,M000183,Vitamin D & B12 Screening Profile,Specialized Screening,lab_test,553.73,0,0
PROD000899,M000183,HbA1c Diabetes Monitoring Test,Chronic Care,lab_test,50.0,0,0
PROD000900,M000183,Home Sample Collection Service Charge,Home Care,home_sample_collection,791.27,0,0
PROD000901,M000183,Complete Blood Count (CBC) Test,Lab Tests,lab_test,50.0,0,0
PROD000902,M000184,Starter Developer API License,Software Subscriptions,saas_plan,1945.22,0,0
PROD000903,M000184,Pro Engineering Team Subscription,Software Subscriptions,saas_plan,9484.06,0,0
PROD000904,M000184,Enterprise Infrastructure Plan,Software Subscriptions,saas_plan,23342.18,0,0
PROD000905,M000184,Custom Domain & SSL Add-on,Add-on Services,saas_plan,651.32,0,0
PROD000906,M000184,Priority 24/7 Technical Support Pass,Support Services,saas_plan,5479.04,0,0
PROD000907,M000184,Starter Developer API License,Software Subscriptions,saas_plan,2281.76,0,0
PROD000908,M000185,Performance Running Shoes,Footwear,footwear,4392.88,1,1
PROD000909,M000185,Urban Casual Sneakers,Footwear,footwear,2368.14,1,1
PROD000910,M000185,Leather Formal Shoes,Footwear,footwear,4102.88,1,1
PROD000911,M000185,Breathable Sports Sandals,Footwear,footwear,1452.79,1,1
PROD000912,M000185,Waterproof Trail Shoes,Footwear,footwear,4802.05,1,1
PROD000913,M000186,Domestic Economy Flight Ticket,Flights,flight_booking,6108.68,0,0
PROD000914,M000186,3-Star Hotel Stay (2 Nights),Accommodation,hotel_stay,5307.3,0,0
PROD000915,M000186,Goa Beach Resort Holiday Package,Vacation Packages,vacation_package,17257.81,0,0
PROD000916,M000186,Outstation Cab Rental (Full Day),Transportation,car_rental,2248.31,0,0
PROD000917,M000186,Heritage City Guided Tour,Activities & Tours,tour_package,2490.15,0,0
PROD000918,M000186,Domestic Economy Flight Ticket,Flights,flight_booking,5348.95,0,0
PROD000919,M000187,Starter Developer API License,Software Subscriptions,saas_plan,2586.12,0,0
PROD000920,M000187,Pro Engineering Team Subscription,Software Subscriptions,saas_plan,8254.75,0,0
PROD000921,M000187,Enterprise Infrastructure Plan,Software Subscriptions,saas_plan,23736.97,0,0
PROD000922,M000187,Custom Domain & SSL Add-on,Add-on Services,saas_plan,1358.44,0,0
PROD000923,M000188,Special Chicken Biryani Combo,Main Course,food_item,334.93,0,0
PROD000924,M000188,Paneer Butter Masala & Naan Meal,Main Course,food_item,303.13,0,0
PROD000925,M000188,Wood-Fired Margherita Pizza,Italian,food_item,455.99,0,0
PROD000926,M000188,Fresh Fruit Smoothie & Salad,Beverages & Healthy,food_item,225.13,0,0
PROD000927,M000188,Gourmet Chocolate Lava Cake,Desserts,food_item,232.49,0,0
PROD000928,M000188,Special Chicken Biryani Combo,Main Course,food_item,369.75,0,0
PROD000929,M000189,Special Chicken Biryani Combo,Main Course,food_item,354.3,0,0
PROD000930,M000189,Paneer Butter Masala & Naan Meal,Main Course,food_item,348.07,0,0
PROD000931,M000189,Wood-Fired Margherita Pizza,Italian,food_item,440.3,0,0
PROD000932,M000189,Fresh Fruit Smoothie & Salad,Beverages & Healthy,food_item,198.4,0,0
PROD000933,M000189,Gourmet Chocolate Lava Cake,Desserts,food_item,142.85,0,0
PROD000934,M000189,Special Chicken Biryani Combo,Main Course,food_item,347.7,0,0
PROD000935,M000190,Performance Running Shoes,Footwear,footwear,3509.42,1,1
PROD000936,M000190,Urban Casual Sneakers,Footwear,footwear,2987.72,1,1
PROD000937,M000190,Leather Formal Shoes,Footwear,footwear,4031.12,1,1
PROD000938,M000190,Breathable Sports Sandals,Footwear,footwear,2187.49,1,1
PROD000939,M000190,Waterproof Trail Shoes,Footwear,footwear,4631.85,1,1
PROD000940,M000190,Performance Running Shoes,Footwear,footwear,3440.64,1,1
PROD000941,M000191,Crochet Tote Bag,Apparel & Accessories,handmade_accessory,1255.96,1,1
PROD000942,M000191,Amigurumi Plush Toy,Toys & Hobbies,crochet_toy,794.32,1,1
PROD000943,M000191,Handcrafted Crochet Cardigan,Fashion & Apparel,fashion_apparel,3112.16,1,1
PROD000944,M000191,Custom Keychains Set,Gifts & Novelties,handicraft_item,457.09,1,1
PROD000945,M000191,Embroidered Cushion Cover,Home & Living,home_decor,953.15,1,1
PROD000946,M000192,Complete Blood Count (CBC) Test,Lab Tests,lab_test,159.41,0,0
PROD000947,M000192,Comprehensive Health Checkup Package,Health Packages,diagnostic_package,2922.46,0,0
PROD000948,M000192,Vitamin D & B12 Screening Profile,Specialized Screening,lab_test,1023.91,0,0
PROD000949,M000192,HbA1c Diabetes Monitoring Test,Chronic Care,lab_test,294.2,0,0
PROD000950,M000192,Home Sample Collection Service Charge,Home Care,home_sample_collection,50.0,0,0
PROD000951,M000193,Complete Blood Count (CBC) Test,Lab Tests,lab_test,434.21,0,0
PROD000952,M000193,Comprehensive Health Checkup Package,Health Packages,diagnostic_package,2307.69,0,0
PROD000953,M000193,Vitamin D & B12 Screening Profile,Specialized Screening,lab_test,1237.02,0,0
PROD000954,M000193,HbA1c Diabetes Monitoring Test,Chronic Care,lab_test,582.04,0,0
PROD000955,M000193,Home Sample Collection Service Charge,Home Care,home_sample_collection,141.89,0,0
PROD000956,M000193,Complete Blood Count (CBC) Test,Lab Tests,lab_test,148.15,0,0
PROD000957,M000194,Domestic Economy Flight Ticket,Flights,flight_booking,5845.35,0,0
PROD000958,M000194,3-Star Hotel Stay (2 Nights),Accommodation,hotel_stay,7156.16,0,0
PROD000959,M000194,Goa Beach Resort Holiday Package,Vacation Packages,vacation_package,14303.65,0,0
PROD000960,M000194,Outstation Cab Rental (Full Day),Transportation,car_rental,2184.77,0,0
PROD000961,M000195,Performance Running Shoes,Footwear,footwear,3551.67,1,1
PROD000962,M000195,Urban Casual Sneakers,Footwear,footwear,2917.69,1,1
PROD000963,M000195,Leather Formal Shoes,Footwear,footwear,4314.91,1,1
PROD000964,M000195,Breathable Sports Sandals,Footwear,footwear,1926.51,1,1
PROD000965,M000195,Waterproof Trail Shoes,Footwear,footwear,5220.07,1,1
PROD000966,M000195,Performance Running Shoes,Footwear,footwear,3514.54,1,1
PROD000967,M000196,Performance Running Shoes,Footwear,footwear,3569.76,1,1
PROD000968,M000196,Urban Casual Sneakers,Footwear,footwear,3171.53,1,1
PROD000969,M000196,Leather Formal Shoes,Footwear,footwear,4719.46,1,1
PROD000970,M000196,Breathable Sports Sandals,Footwear,footwear,1464.54,1,1
PROD000971,M000197,UPSC Complete Foundation Course 2026,Competitive Exams,exam_course,10331.87,0,0
PROD000972,M000197,Mains Answer Writing Test Series,Test Series,test_series,6667.07,0,0
PROD000973,M000197,Monthly Current Affairs & Magazine Pass,Study Material,study_material,2548.35,0,0
PROD000974,M000197,CSAT Aptitude Intensive Crash Course,Short Courses,exam_course,4826.9,0,0
PROD000975,M000197,1-on-1 Personal Mentorship Session,Mentorship,mentorship,276.83,0,0
PROD000976,M000197,UPSC Complete Foundation Course 2026,Competitive Exams,exam_course,14259.97,0,0
PROD000977,M000198,Complete Blood Count (CBC) Test,Lab Tests,lab_test,413.81,0,0
PROD000978,M000198,Comprehensive Health Checkup Package,Health Packages,diagnostic_package,2876.95,0,0
PROD000979,M000198,Vitamin D & B12 Screening Profile,Specialized Screening,lab_test,1335.89,0,0
PROD000980,M000198,HbA1c Diabetes Monitoring Test,Chronic Care,lab_test,550.48,0,0
PROD000981,M000199,Complete Blood Count (CBC) Test,Lab Tests,lab_test,191.63,0,0
PROD000982,M000199,Comprehensive Health Checkup Package,Health Packages,diagnostic_package,2240.85,0,0
PROD000983,M000199,Vitamin D & B12 Screening Profile,Specialized Screening,lab_test,1701.0,0,0
PROD000984,M000199,HbA1c Diabetes Monitoring Test,Chronic Care,lab_test,50.0,0,0
PROD000985,M000199,Home Sample Collection Service Charge,Home Care,home_sample_collection,530.34,0,0
PROD000986,M000200,UPSC Complete Foundation Course 2026,Competitive Exams,exam_course,9948.31,0,0
PROD000987,M000200,Mains Answer Writing Test Series,Test Series,test_series,6668.37,0,0
PROD000988,M000200,Monthly Current Affairs & Magazine Pass,Study Material,study_material,50.0,0,0
PROD000989,M000200,CSAT Aptitude Intensive Crash Course,Short Courses,exam_course,6810.21,0,0
PROD000990,M000200,1-on-1 Personal Mentorship Session,Mentorship,mentorship,3430.87,0,0
PROD000991,M000201,Domestic Economy Flight Ticket,Flights,flight_booking,3450.89,0,0
PROD000992,M000201,3-Star Hotel Stay (2 Nights),Accommodation,hotel_stay,6443.72,0,0
PROD000993,M000201,Goa Beach Resort Holiday Package,Vacation Packages,vacation_package,18210.24,0,0
PROD000994,M000201,Outstation Cab Rental (Full Day),Transportation,car_rental,2080.83,0,0
PROD000995,M000202,Crochet Tote Bag,Apparel & Accessories,handmade_accessory,1136.61,1,1
PROD000996,M000202,Amigurumi Plush Toy,Toys & Hobbies,crochet_toy,858.45,1,1
PROD000997,M000202,Handcrafted Crochet Cardigan,Fashion & Apparel,fashion_apparel,3439.44,1,1
PROD000998,M000202,Custom Keychains Set,Gifts & Novelties,handicraft_item,417.46,1,1
PROD000999,M000203,Performance Running Shoes,Footwear,footwear,3603.9,1,1
PROD001000,M000203,Urban Casual Sneakers,Footwear,footwear,2080.75,1,1
PROD001001,M000203,Leather Formal Shoes,Footwear,footwear,4328.27,1,1
PROD001002,M000203,Breathable Sports Sandals,Footwear,footwear,2051.16,1,1
PROD001003,M000203,Waterproof Trail Shoes,Footwear,footwear,4535.88,1,1
PROD001004,M000203,Performance Running Shoes,Footwear,footwear,3039.39,1,1
PROD001005,M000204,Complete Blood Count (CBC) Test,Lab Tests,lab_test,50.0,0,0
PROD001006,M000204,Comprehensive Health Checkup Package,Health Packages,diagnostic_package,1521.37,0,0
PROD001007,M000204,Vitamin D & B12 Screening Profile,Specialized Screening,lab_test,1761.57,0,0
PROD001008,M000204,HbA1c Diabetes Monitoring Test,Chronic Care,lab_test,50.0,0,0
PROD001009,M000204,Home Sample Collection Service Charge,Home Care,home_sample_collection,99.35,0,0
PROD001010,M000204,Complete Blood Count (CBC) Test,Lab Tests,lab_test,339.49,0,0
PROD001011,M000205,Special Chicken Biryani Combo,Main Course,food_item,375.7,0,0
PROD001012,M000205,Paneer Butter Masala & Naan Meal,Main Course,food_item,320.08,0,0
PROD001013,M000205,Wood-Fired Margherita Pizza,Italian,food_item,505.21,0,0
PROD001014,M000205,Fresh Fruit Smoothie & Salad,Beverages & Healthy,food_item,79.76,0,0
PROD001015,M000205,Gourmet Chocolate Lava Cake,Desserts,food_item,275.13,0,0
PROD001016,M000206,Crochet Tote Bag,Apparel & Accessories,handmade_accessory,1608.84,1,1
PROD001017,M000206,Amigurumi Plush Toy,Toys & Hobbies,crochet_toy,608.6,1,1
PROD001018,M000206,Handcrafted Crochet Cardigan,Fashion & Apparel,fashion_apparel,3859.09,1,1
PROD001019,M000206,Custom Keychains Set,Gifts & Novelties,handicraft_item,450.11,1,1
PROD001020,M000206,Embroidered Cushion Cover,Home & Living,home_decor,1337.24,1,1
PROD001021,M000206,Crochet Tote Bag,Apparel & Accessories,handmade_accessory,1026.06,1,1
PROD001022,M000207,Crochet Tote Bag,Apparel & Accessories,handmade_accessory,1139.73,1,1
PROD001023,M000207,Amigurumi Plush Toy,Toys & Hobbies,crochet_toy,738.23,1,1
PROD001024,M000207,Handcrafted Crochet Cardigan,Fashion & Apparel,fashion_apparel,3145.61,1,1
PROD001025,M000207,Custom Keychains Set,Gifts & Novelties,handicraft_item,511.5,1,1
PROD001026,M000208,Domestic Economy Flight Ticket,Flights,flight_booking,5170.43,0,0
PROD001027,M000208,3-Star Hotel Stay (2 Nights),Accommodation,hotel_stay,6212.81,0,0
PROD001028,M000208,Goa Beach Resort Holiday Package,Vacation Packages,vacation_package,17602.49,0,0
PROD001029,M000208,Outstation Cab Rental (Full Day),Transportation,car_rental,4325.35,0,0
PROD001030,M000208,Heritage City Guided Tour,Activities & Tours,tour_package,1919.68,0,0
PROD001031,M000209,Crochet Tote Bag,Apparel & Accessories,handmade_accessory,1415.39,1,1
PROD001032,M000209,Amigurumi Plush Toy,Toys & Hobbies,crochet_toy,1046.57,1,1
PROD001033,M000209,Handcrafted Crochet Cardigan,Fashion & Apparel,fashion_apparel,3322.52,1,1
PROD001034,M000209,Custom Keychains Set,Gifts & Novelties,handicraft_item,209.37,1,1
PROD001035,M000209,Embroidered Cushion Cover,Home & Living,home_decor,838.39,1,1
PROD001036,M000210,Performance Running Shoes,Footwear,footwear,3495.09,1,1
PROD001037,M000210,Urban Casual Sneakers,Footwear,footwear,3105.82,1,1
PROD001038,M000210,Leather Formal Shoes,Footwear,footwear,4345.88,1,1
PROD001039,M000210,Breathable Sports Sandals,Footwear,footwear,1891.12,1,1
PROD001040,M000210,Waterproof Trail Shoes,Footwear,footwear,4730.86,1,1
PROD001041,M000210,Performance Running Shoes,Footwear,footwear,3623.16,1,1
PROD001042,M000211,Special Chicken Biryani Combo,Main Course,food_item,390.35,0,0
PROD001043,M000211,Paneer Butter Masala & Naan Meal,Main Course,food_item,328.7,0,0
PROD001044,M000211,Wood-Fired Margherita Pizza,Italian,food_item,408.46,0,0
PROD001045,M000211,Fresh Fruit Smoothie & Salad,Beverages & Healthy,food_item,278.18,0,0
PROD001046,M000212,Domestic Economy Flight Ticket,Flights,flight_booking,9275.96,0,0
PROD001047,M000212,3-Star Hotel Stay (2 Nights),Accommodation,hotel_stay,10655.42,0,0
PROD001048,M000212,Goa Beach Resort Holiday Package,Vacation Packages,vacation_package,11367.32,0,0
PROD001049,M000212,Outstation Cab Rental (Full Day),Transportation,car_rental,5533.31,0,0
PROD001050,M000213,Domestic Economy Flight Ticket,Flights,flight_booking,2339.37,0,0
PROD001051,M000213,3-Star Hotel Stay (2 Nights),Accommodation,hotel_stay,6739.73,0,0
PROD001052,M000213,Goa Beach Resort Holiday Package,Vacation Packages,vacation_package,17727.01,0,0
PROD001053,M000213,Outstation Cab Rental (Full Day),Transportation,car_rental,1411.23,0,0
PROD001054,M000213,Heritage City Guided Tour,Activities & Tours,tour_package,1004.18,0,0
PROD001055,M000214,Performance Running Shoes,Footwear,footwear,3493.83,1,1
PROD001056,M000214,Urban Casual Sneakers,Footwear,footwear,3166.2,1,1
PROD001057,M000214,Leather Formal Shoes,Footwear,footwear,4394.17,1,1
PROD001058,M000214,Breathable Sports Sandals,Footwear,footwear,1975.15,1,1
PROD001059,M000214,Waterproof Trail Shoes,Footwear,footwear,4846.86,1,1
PROD001060,M000214,Performance Running Shoes,Footwear,footwear,3649.32,1,1
PROD001061,M000215,UPSC Complete Foundation Course 2026,Competitive Exams,exam_course,15241.67,0,0
PROD001062,M000215,Mains Answer Writing Test Series,Test Series,test_series,7220.69,0,0
PROD001063,M000215,Monthly Current Affairs & Magazine Pass,Study Material,study_material,50.0,0,0
PROD001064,M000215,CSAT Aptitude Intensive Crash Course,Short Courses,exam_course,2484.06,0,0
PROD001065,M000216,Performance Running Shoes,Footwear,footwear,3758.27,1,1
PROD001066,M000216,Urban Casual Sneakers,Footwear,footwear,2573.93,1,1
PROD001067,M000216,Leather Formal Shoes,Footwear,footwear,4597.08,1,1
PROD001068,M000216,Breathable Sports Sandals,Footwear,footwear,1596.49,1,1
PROD001069,M000217,Performance Running Shoes,Footwear,footwear,3633.87,1,1
PROD001070,M000217,Urban Casual Sneakers,Footwear,footwear,2619.1,1,1
PROD001071,M000217,Leather Formal Shoes,Footwear,footwear,3545.11,1,1
PROD001072,M000217,Breathable Sports Sandals,Footwear,footwear,856.78,1,1
PROD001073,M000218,UPSC Complete Foundation Course 2026,Competitive Exams,exam_course,14287.71,0,0
PROD001074,M000218,Mains Answer Writing Test Series,Test Series,test_series,11937.75,0,0
PROD001075,M000218,Monthly Current Affairs & Magazine Pass,Study Material,study_material,1675.5,0,0
PROD001076,M000218,CSAT Aptitude Intensive Crash Course,Short Courses,exam_course,3926.26,0,0
PROD001077,M000218,1-on-1 Personal Mentorship Session,Mentorship,mentorship,1752.08,0,0
PROD001078,M000218,UPSC Complete Foundation Course 2026,Competitive Exams,exam_course,15394.25,0,0
PROD001079,M000219,Domestic Economy Flight Ticket,Flights,flight_booking,1847.65,0,0
PROD001080,M000219,3-Star Hotel Stay (2 Nights),Accommodation,hotel_stay,3345.43,0,0
PROD001081,M000219,Goa Beach Resort Holiday Package,Vacation Packages,vacation_package,17538.18,0,0
PROD001082,M000219,Outstation Cab Rental (Full Day),Transportation,car_rental,6232.92,0,0
PROD001083,M000219,Heritage City Guided Tour,Activities & Tours,tour_package,1702.01,0,0
PROD001084,M000220,Starter Developer API License,Software Subscriptions,saas_plan,1441.8,0,0
PROD001085,M000220,Pro Engineering Team Subscription,Software Subscriptions,saas_plan,5386.52,0,0
PROD001086,M000220,Enterprise Infrastructure Plan,Software Subscriptions,saas_plan,24562.45,0,0
PROD001087,M000220,Custom Domain & SSL Add-on,Add-on Services,saas_plan,588.59,0,0
PROD001088,M000220,Priority 24/7 Technical Support Pass,Support Services,saas_plan,1620.89,0,0
PROD001089,M000221,Domestic Economy Flight Ticket,Flights,flight_booking,6122.91,0,0
PROD001090,M000221,3-Star Hotel Stay (2 Nights),Accommodation,hotel_stay,5854.92,0,0
PROD001091,M000221,Goa Beach Resort Holiday Package,Vacation Packages,vacation_package,18474.92,0,0
PROD001092,M000221,Outstation Cab Rental (Full Day),Transportation,car_rental,4230.44,0,0
PROD001093,M000222,Special Chicken Biryani Combo,Main Course,food_item,486.66,0,0
PROD001094,M000222,Paneer Butter Masala & Naan Meal,Main Course,food_item,261.68,0,0
PROD001095,M000222,Wood-Fired Margherita Pizza,Italian,food_item,478.43,0,0
PROD001096,M000222,Fresh Fruit Smoothie & Salad,Beverages & Healthy,food_item,97.83,0,0
PROD001097,M000223,Crochet Tote Bag,Apparel & Accessories,handmade_accessory,1258.66,1,1
PROD001098,M000223,Amigurumi Plush Toy,Toys & Hobbies,crochet_toy,674.45,1,1
PROD001099,M000223,Handcrafted Crochet Cardigan,Fashion & Apparel,fashion_apparel,3021.42,1,1
PROD001100,M000223,Custom Keychains Set,Gifts & Novelties,handicraft_item,68.49,1,1
PROD001101,M000223,Embroidered Cushion Cover,Home & Living,home_decor,665.94,1,1
PROD001102,M000223,Crochet Tote Bag,Apparel & Accessories,handmade_accessory,1295.89,1,1
PROD001103,M000224,Slim Fit Denim Jeans,Fashion,fashion_apparel,886.77,1,1
PROD001104,M000224,Wireless Noise-Canceling Earbuds,Electronics,electronic_accessory,2716.08,1,1
PROD001105,M000224,Organic Hydrating Skincare Kit,Beauty,cosmetics_kit,977.88,1,1
PROD001106,M000224,Stainless Steel Water Bottle,Lifestyle,general_item,318.29,1,1
PROD001107,M000224,Ergonomic Desk Chair Cushion,Home Office,home_decor,852.57,1,1
PROD001108,M000225,Performance Running Shoes,Footwear,footwear,3472.46,1,1
PROD001109,M000225,Urban Casual Sneakers,Footwear,footwear,2689.56,1,1
PROD001110,M000225,Leather Formal Shoes,Footwear,footwear,4434.23,1,1
PROD001111,M000225,Breathable Sports Sandals,Footwear,footwear,2093.82,1,1
PROD001112,M000226,Performance Running Shoes,Footwear,footwear,3893.15,1,1
PROD001113,M000226,Urban Casual Sneakers,Footwear,footwear,2698.88,1,1
PROD001114,M000226,Leather Formal Shoes,Footwear,footwear,4629.13,1,1
PROD001115,M000226,Breathable Sports Sandals,Footwear,footwear,1876.2,1,1
PROD001116,M000227,Annual All-Gym Access Pass,Memberships,gym_membership,15202.18,0,0
PROD001117,M000227,Monthly Unlimited Crossfit Membership,Memberships,gym_membership,2491.25,0,0
PROD001118,M000227,Personal Training 10-Session Bundle,Personal Training,personal_training,9118.79,0,0
PROD001119,M000227,Yoga & Pilates Group Class Pass,Group Classes,fitness_class,1613.5,0,0
PROD001120,M000228,Slim Fit Denim Jeans,Fashion,fashion_apparel,1268.16,1,1
PROD001121,M000228,Wireless Noise-Canceling Earbuds,Electronics,electronic_accessory,2836.81,1,1
PROD001122,M000228,Organic Hydrating Skincare Kit,Beauty,cosmetics_kit,1239.34,1,1
PROD001123,M000228,Stainless Steel Water Bottle,Lifestyle,general_item,1101.36,1,1
PROD001124,M000228,Ergonomic Desk Chair Cushion,Home Office,home_decor,1489.48,1,1
PROD001125,M000228,Slim Fit Denim Jeans,Fashion,fashion_apparel,1931.04,1,1
PROD001126,M000229,Complete Blood Count (CBC) Test,Lab Tests,lab_test,456.11,0,0
PROD001127,M000229,Comprehensive Health Checkup Package,Health Packages,diagnostic_package,2913.63,0,0
PROD001128,M000229,Vitamin D & B12 Screening Profile,Specialized Screening,lab_test,1022.54,0,0
PROD001129,M000229,HbA1c Diabetes Monitoring Test,Chronic Care,lab_test,634.44,0,0
PROD001130,M000230,Domestic Economy Flight Ticket,Flights,flight_booking,6937.73,0,0
PROD001131,M000230,3-Star Hotel Stay (2 Nights),Accommodation,hotel_stay,8339.8,0,0
PROD001132,M000230,Goa Beach Resort Holiday Package,Vacation Packages,vacation_package,17246.36,0,0
PROD001133,M000230,Outstation Cab Rental (Full Day),Transportation,car_rental,2465.79,0,0
PROD001134,M000230,Heritage City Guided Tour,Activities & Tours,tour_package,618.68,0,0
PROD001135,M000230,Domestic Economy Flight Ticket,Flights,flight_booking,5230.63,0,0
PROD001136,M000231,Starter Developer API License,Software Subscriptions,saas_plan,1531.65,0,0
PROD001137,M000231,Pro Engineering Team Subscription,Software Subscriptions,saas_plan,8060.1,0,0
PROD001138,M000231,Enterprise Infrastructure Plan,Software Subscriptions,saas_plan,24713.8,0,0
PROD001139,M000231,Custom Domain & SSL Add-on,Add-on Services,saas_plan,1187.38,0,0
PROD001140,M000232,Special Chicken Biryani Combo,Main Course,food_item,314.61,0,0
PROD001141,M000232,Paneer Butter Masala & Naan Meal,Main Course,food_item,387.19,0,0
PROD001142,M000232,Wood-Fired Margherita Pizza,Italian,food_item,482.49,0,0
PROD001143,M000232,Fresh Fruit Smoothie & Salad,Beverages & Healthy,food_item,213.05,0,0
PROD001144,M000232,Gourmet Chocolate Lava Cake,Desserts,food_item,141.44,0,0
PROD001145,M000233,Special Chicken Biryani Combo,Main Course,food_item,322.94,0,0
PROD001146,M000233,Paneer Butter Masala & Naan Meal,Main Course,food_item,338.82,0,0
PROD001147,M000233,Wood-Fired Margherita Pizza,Italian,food_item,412.97,0,0
PROD001148,M000233,Fresh Fruit Smoothie & Salad,Beverages & Healthy,food_item,240.71,0,0
PROD001149,M000233,Gourmet Chocolate Lava Cake,Desserts,food_item,135.76,0,0
PROD001150,M000233,Special Chicken Biryani Combo,Main Course,food_item,393.94,0,0
PROD001151,M000234,Slim Fit Denim Jeans,Fashion,fashion_apparel,1442.9,1,1
PROD001152,M000234,Wireless Noise-Canceling Earbuds,Electronics,electronic_accessory,2334.9,1,1
PROD001153,M000234,Organic Hydrating Skincare Kit,Beauty,cosmetics_kit,1207.25,1,1
PROD001154,M000234,Stainless Steel Water Bottle,Lifestyle,general_item,1013.19,1,1
PROD001155,M000234,Ergonomic Desk Chair Cushion,Home Office,home_decor,1125.93,1,1
PROD001156,M000234,Slim Fit Denim Jeans,Fashion,fashion_apparel,1465.44,1,1
PROD001157,M000235,Performance Running Shoes,Footwear,footwear,3749.14,1,1
PROD001158,M000235,Urban Casual Sneakers,Footwear,footwear,2946.57,1,1
PROD001159,M000235,Leather Formal Shoes,Footwear,footwear,5654.52,1,1
PROD001160,M000235,Breathable Sports Sandals,Footwear,footwear,1936.61,1,1
PROD001161,M000235,Waterproof Trail Shoes,Footwear,footwear,4800.19,1,1
PROD001162,M000235,Performance Running Shoes,Footwear,footwear,2641.12,1,1
PROD001163,M000236,UPSC Complete Foundation Course 2026,Competitive Exams,exam_course,11378.25,0,0
PROD001164,M000236,Mains Answer Writing Test Series,Test Series,test_series,9769.6,0,0
PROD001165,M000236,Monthly Current Affairs & Magazine Pass,Study Material,study_material,50.0,0,0
PROD001166,M000236,CSAT Aptitude Intensive Crash Course,Short Courses,exam_course,1852.92,0,0
PROD001167,M000236,1-on-1 Personal Mentorship Session,Mentorship,mentorship,3602.04,0,0
PROD001168,M000237,Performance Running Shoes,Footwear,footwear,3322.09,1,1
PROD001169,M000237,Urban Casual Sneakers,Footwear,footwear,3107.01,1,1
PROD001170,M000237,Leather Formal Shoes,Footwear,footwear,4113.48,1,1
PROD001171,M000237,Breathable Sports Sandals,Footwear,footwear,1932.64,1,1
PROD001172,M000237,Waterproof Trail Shoes,Footwear,footwear,4909.48,1,1
PROD001173,M000237,Performance Running Shoes,Footwear,footwear,3498.6,1,1
PROD001174,M000238,Crochet Tote Bag,Apparel & Accessories,handmade_accessory,1162.47,1,1
PROD001175,M000238,Amigurumi Plush Toy,Toys & Hobbies,crochet_toy,700.44,1,1
PROD001176,M000238,Handcrafted Crochet Cardigan,Fashion & Apparel,fashion_apparel,3329.04,1,1
PROD001177,M000238,Custom Keychains Set,Gifts & Novelties,handicraft_item,528.49,1,1
PROD001178,M000238,Embroidered Cushion Cover,Home & Living,home_decor,617.01,1,1
PROD001179,M000239,Domestic Economy Flight Ticket,Flights,flight_booking,8532.75,0,0
PROD001180,M000239,3-Star Hotel Stay (2 Nights),Accommodation,hotel_stay,7274.57,0,0
PROD001181,M000239,Goa Beach Resort Holiday Package,Vacation Packages,vacation_package,12403.01,0,0
PROD001182,M000239,Outstation Cab Rental (Full Day),Transportation,car_rental,50.0,0,0
PROD001183,M000239,Heritage City Guided Tour,Activities & Tours,tour_package,8086.1,0,0
PROD001184,M000240,Performance Running Shoes,Footwear,footwear,3345.94,1,1
PROD001185,M000240,Urban Casual Sneakers,Footwear,footwear,2622.13,1,1
PROD001186,M000240,Leather Formal Shoes,Footwear,footwear,4204.9,1,1
PROD001187,M000240,Breathable Sports Sandals,Footwear,footwear,1942.28,1,1
PROD001188,M000241,Annual All-Gym Access Pass,Memberships,gym_membership,14095.73,0,0
PROD001189,M000241,Monthly Unlimited Crossfit Membership,Memberships,gym_membership,3073.77,0,0
PROD001190,M000241,Personal Training 10-Session Bundle,Personal Training,personal_training,7548.54,0,0
PROD001191,M000241,Yoga & Pilates Group Class Pass,Group Classes,fitness_class,1935.86,0,0
PROD001192,M000241,Nutrition & Meal Plan Consultation,Wellness & Diet,nutrition_plan,1977.67,0,0
PROD001193,M000242,Annual All-Gym Access Pass,Memberships,gym_membership,15641.53,0,0
PROD001194,M000242,Monthly Unlimited Crossfit Membership,Memberships,gym_membership,4438.62,0,0
PROD001195,M000242,Personal Training 10-Session Bundle,Personal Training,personal_training,7791.08,0,0
PROD001196,M000242,Yoga & Pilates Group Class Pass,Group Classes,fitness_class,1673.65,0,0
PROD001197,M000243,Complete Blood Count (CBC) Test,Lab Tests,lab_test,327.12,0,0
PROD001198,M000243,Comprehensive Health Checkup Package,Health Packages,diagnostic_package,3203.55,0,0
PROD001199,M000243,Vitamin D & B12 Screening Profile,Specialized Screening,lab_test,1367.94,0,0
PROD001200,M000243,HbA1c Diabetes Monitoring Test,Chronic Care,lab_test,576.3,0,0
PROD001201,M000243,Home Sample Collection Service Charge,Home Care,home_sample_collection,101.24,0,0
PROD001202,M000243,Complete Blood Count (CBC) Test,Lab Tests,lab_test,551.57,0,0
PROD001203,M000244,Slim Fit Denim Jeans,Fashion,fashion_apparel,1357.73,1,1
PROD001204,M000244,Wireless Noise-Canceling Earbuds,Electronics,electronic_accessory,2580.04,1,1
PROD001205,M000244,Organic Hydrating Skincare Kit,Beauty,cosmetics_kit,1179.82,1,1
PROD001206,M000244,Stainless Steel Water Bottle,Lifestyle,general_item,776.75,1,1
PROD001207,M000245,Crochet Tote Bag,Apparel & Accessories,handmade_accessory,1010.41,1,1
PROD001208,M000245,Amigurumi Plush Toy,Toys & Hobbies,crochet_toy,1004.39,1,1
PROD001209,M000245,Handcrafted Crochet Cardigan,Fashion & Apparel,fashion_apparel,3183.14,1,1
PROD001210,M000245,Custom Keychains Set,Gifts & Novelties,handicraft_item,500.05,1,1
PROD001211,M000245,Embroidered Cushion Cover,Home & Living,home_decor,1269.68,1,1
PROD001212,M000246,Complete Blood Count (CBC) Test,Lab Tests,lab_test,50.0,0,0
PROD001213,M000246,Comprehensive Health Checkup Package,Health Packages,diagnostic_package,2637.21,0,0
PROD001214,M000246,Vitamin D & B12 Screening Profile,Specialized Screening,lab_test,1190.95,0,0
PROD001215,M000246,HbA1c Diabetes Monitoring Test,Chronic Care,lab_test,408.58,0,0
PROD001216,M000246,Home Sample Collection Service Charge,Home Care,home_sample_collection,50.0,0,0
PROD001217,M000246,Complete Blood Count (CBC) Test,Lab Tests,lab_test,1502.45,0,0
PROD001218,M000247,Slim Fit Denim Jeans,Fashion,fashion_apparel,1562.55,1,1
PROD001219,M000247,Wireless Noise-Canceling Earbuds,Electronics,electronic_accessory,2287.07,1,1
PROD001220,M000247,Organic Hydrating Skincare Kit,Beauty,cosmetics_kit,896.32,1,1
PROD001221,M000247,Stainless Steel Water Bottle,Lifestyle,general_item,858.76,1,1
PROD001222,M000247,Ergonomic Desk Chair Cushion,Home Office,home_decor,1211.77,1,1
PROD001223,M000247,Slim Fit Denim Jeans,Fashion,fashion_apparel,1449.14,1,1
PROD001224,M000248,Annual All-Gym Access Pass,Memberships,gym_membership,15149.63,0,0
PROD001225,M000248,Monthly Unlimited Crossfit Membership,Memberships,gym_membership,3552.57,0,0
PROD001226,M000248,Personal Training 10-Session Bundle,Personal Training,personal_training,8717.36,0,0
PROD001227,M000248,Yoga & Pilates Group Class Pass,Group Classes,fitness_class,1756.84,0,0
PROD001228,M000249,Annual All-Gym Access Pass,Memberships,gym_membership,15763.74,0,0
PROD001229,M000249,Monthly Unlimited Crossfit Membership,Memberships,gym_membership,4100.58,0,0
PROD001230,M000249,Personal Training 10-Session Bundle,Personal Training,personal_training,9111.52,0,0
PROD001231,M000249,Yoga & Pilates Group Class Pass,Group Classes,fitness_class,2806.43,0,0
PROD001232,M000249,Nutrition & Meal Plan Consultation,Wellness & Diet,nutrition_plan,208.01,0,0
PROD001233,M000250,Starter Developer API License,Software Subscriptions,saas_plan,1430.38,0,0
PROD001234,M000250,Pro Engineering Team Subscription,Software Subscriptions,saas_plan,8387.44,0,0
PROD001235,M000250,Enterprise Infrastructure Plan,Software Subscriptions,saas_plan,22388.64,0,0
PROD001236,M000250,Custom Domain & SSL Add-on,Add-on Services,saas_plan,262.98,0,0
PROD001237,M000250,Priority 24/7 Technical Support Pass,Support Services,saas_plan,3466.04,0,0
PROD001238,M000251,Performance Running Shoes,Footwear,footwear,3214.4,1,1
PROD001239,M000251,Urban Casual Sneakers,Footwear,footwear,3001.64,1,1
PROD001240,M000251,Leather Formal Shoes,Footwear,footwear,4538.45,1,1
PROD001241,M000251,Breathable Sports Sandals,Footwear,footwear,1940.26,1,1
PROD001242,M000252,Slim Fit Denim Jeans,Fashion,fashion_apparel,1191.44,1,1
PROD001243,M000252,Wireless Noise-Canceling Earbuds,Electronics,electronic_accessory,2343.6,1,1
PROD001244,M000252,Organic Hydrating Skincare Kit,Beauty,cosmetics_kit,1446.98,1,1
PROD001245,M000252,Stainless Steel Water Bottle,Lifestyle,general_item,1115.09,1,1
PROD001246,M000253,Starter Developer API License,Software Subscriptions,saas_plan,50.0,0,0
PROD001247,M000253,Pro Engineering Team Subscription,Software Subscriptions,saas_plan,7096.84,0,0
PROD001248,M000253,Enterprise Infrastructure Plan,Software Subscriptions,saas_plan,25896.46,0,0
PROD001249,M000253,Custom Domain & SSL Add-on,Add-on Services,saas_plan,1674.95,0,0
PROD001250,M000254,Performance Running Shoes,Footwear,footwear,3525.61,1,1
PROD001251,M000254,Urban Casual Sneakers,Footwear,footwear,2899.46,1,1
PROD001252,M000254,Leather Formal Shoes,Footwear,footwear,4177.27,1,1
PROD001253,M000254,Breathable Sports Sandals,Footwear,footwear,2382.15,1,1
PROD001254,M000255,Performance Running Shoes,Footwear,footwear,3532.2,1,1
PROD001255,M000255,Urban Casual Sneakers,Footwear,footwear,2850.86,1,1
PROD001256,M000255,Leather Formal Shoes,Footwear,footwear,4303.86,1,1
PROD001257,M000255,Breathable Sports Sandals,Footwear,footwear,2138.27,1,1
PROD001258,M000256,Special Chicken Biryani Combo,Main Course,food_item,346.92,0,0
PROD001259,M000256,Paneer Butter Masala & Naan Meal,Main Course,food_item,301.25,0,0
PROD001260,M000256,Wood-Fired Margherita Pizza,Italian,food_item,443.02,0,0
PROD001261,M000256,Fresh Fruit Smoothie & Salad,Beverages & Healthy,food_item,137.6,0,0
PROD001262,M000256,Gourmet Chocolate Lava Cake,Desserts,food_item,174.42,0,0
PROD001263,M000256,Special Chicken Biryani Combo,Main Course,food_item,452.7,0,0
PROD001264,M000257,Complete Blood Count (CBC) Test,Lab Tests,lab_test,519.35,0,0
PROD001265,M000257,Comprehensive Health Checkup Package,Health Packages,diagnostic_package,2941.23,0,0
PROD001266,M000257,Vitamin D & B12 Screening Profile,Specialized Screening,lab_test,1294.88,0,0
PROD001267,M000257,HbA1c Diabetes Monitoring Test,Chronic Care,lab_test,387.67,0,0
PROD001268,M000257,Home Sample Collection Service Charge,Home Care,home_sample_collection,246.43,0,0
PROD001269,M000257,Complete Blood Count (CBC) Test,Lab Tests,lab_test,458.09,0,0
PROD001270,M000258,Domestic Economy Flight Ticket,Flights,flight_booking,3442.82,0,0
PROD001271,M000258,3-Star Hotel Stay (2 Nights),Accommodation,hotel_stay,6039.05,0,0
PROD001272,M000258,Goa Beach Resort Holiday Package,Vacation Packages,vacation_package,16157.84,0,0
PROD001273,M000258,Outstation Cab Rental (Full Day),Transportation,car_rental,3923.12,0,0
PROD001274,M000258,Heritage City Guided Tour,Activities & Tours,tour_package,3228.35,0,0
PROD001275,M000259,Special Chicken Biryani Combo,Main Course,food_item,409.47,0,0
PROD001276,M000259,Paneer Butter Masala & Naan Meal,Main Course,food_item,326.13,0,0
PROD001277,M000259,Wood-Fired Margherita Pizza,Italian,food_item,373.67,0,0
PROD001278,M000259,Fresh Fruit Smoothie & Salad,Beverages & Healthy,food_item,245.06,0,0
PROD001279,M000259,Gourmet Chocolate Lava Cake,Desserts,food_item,170.87,0,0
PROD001280,M000260,Crochet Tote Bag,Apparel & Accessories,handmade_accessory,1131.84,1,1
PROD001281,M000260,Amigurumi Plush Toy,Toys & Hobbies,crochet_toy,838.55,1,1
PROD001282,M000260,Handcrafted Crochet Cardigan,Fashion & Apparel,fashion_apparel,3017.61,1,1
PROD001283,M000260,Custom Keychains Set,Gifts & Novelties,handicraft_item,415.91,1,1
PROD001284,M000260,Embroidered Cushion Cover,Home & Living,home_decor,958.95,1,1
PROD001285,M000260,Crochet Tote Bag,Apparel & Accessories,handmade_accessory,1072.06,1,1
PROD001286,M000261,Special Chicken Biryani Combo,Main Course,food_item,410.03,0,0
PROD001287,M000261,Paneer Butter Masala & Naan Meal,Main Course,food_item,371.23,0,0
PROD001288,M000261,Wood-Fired Margherita Pizza,Italian,food_item,443.22,0,0
PROD001289,M000261,Fresh Fruit Smoothie & Salad,Beverages & Healthy,food_item,153.71,0,0
PROD001290,M000262,Annual All-Gym Access Pass,Memberships,gym_membership,14946.91,0,0
PROD001291,M000262,Monthly Unlimited Crossfit Membership,Memberships,gym_membership,3722.41,0,0
PROD001292,M000262,Personal Training 10-Session Bundle,Personal Training,personal_training,8326.18,0,0
PROD001293,M000262,Yoga & Pilates Group Class Pass,Group Classes,fitness_class,2575.48,0,0
PROD001294,M000263,Crochet Tote Bag,Apparel & Accessories,handmade_accessory,1593.08,1,1
PROD001295,M000263,Amigurumi Plush Toy,Toys & Hobbies,crochet_toy,1061.68,1,1
PROD001296,M000263,Handcrafted Crochet Cardigan,Fashion & Apparel,fashion_apparel,3446.28,1,1
PROD001297,M000263,Custom Keychains Set,Gifts & Novelties,handicraft_item,688.35,1,1
PROD001298,M000263,Embroidered Cushion Cover,Home & Living,home_decor,930.21,1,1
PROD001299,M000264,Special Chicken Biryani Combo,Main Course,food_item,234.54,0,0
PROD001300,M000264,Paneer Butter Masala & Naan Meal,Main Course,food_item,241.39,0,0
PROD001301,M000264,Wood-Fired Margherita Pizza,Italian,food_item,501.92,0,0
PROD001302,M000264,Fresh Fruit Smoothie & Salad,Beverages & Healthy,food_item,213.93,0,0
PROD001303,M000264,Gourmet Chocolate Lava Cake,Desserts,food_item,453.63,0,0
PROD001304,M000265,Starter Developer API License,Software Subscriptions,saas_plan,3138.44,0,0
PROD001305,M000265,Pro Engineering Team Subscription,Software Subscriptions,saas_plan,8467.38,0,0
PROD001306,M000265,Enterprise Infrastructure Plan,Software Subscriptions,saas_plan,24924.18,0,0
PROD001307,M000265,Custom Domain & SSL Add-on,Add-on Services,saas_plan,1090.16,0,0
PROD001308,M000266,UPSC Complete Foundation Course 2026,Competitive Exams,exam_course,16156.09,0,0
PROD001309,M000266,Mains Answer Writing Test Series,Test Series,test_series,9557.21,0,0
PROD001310,M000266,Monthly Current Affairs & Magazine Pass,Study Material,study_material,5729.45,0,0
PROD001311,M000266,CSAT Aptitude Intensive Crash Course,Short Courses,exam_course,2477.68,0,0
PROD001312,M000267,Domestic Economy Flight Ticket,Flights,flight_booking,6531.92,0,0
PROD001313,M000267,3-Star Hotel Stay (2 Nights),Accommodation,hotel_stay,6900.89,0,0
PROD001314,M000267,Goa Beach Resort Holiday Package,Vacation Packages,vacation_package,16463.62,0,0
PROD001315,M000267,Outstation Cab Rental (Full Day),Transportation,car_rental,3599.74,0,0
PROD001316,M000267,Heritage City Guided Tour,Activities & Tours,tour_package,3759.04,0,0
PROD001317,M000268,UPSC Complete Foundation Course 2026,Competitive Exams,exam_course,15901.87,0,0
PROD001318,M000268,Mains Answer Writing Test Series,Test Series,test_series,5012.9,0,0
PROD001319,M000268,Monthly Current Affairs & Magazine Pass,Study Material,study_material,50.0,0,0
PROD001320,M000268,CSAT Aptitude Intensive Crash Course,Short Courses,exam_course,5523.65,0,0
PROD001321,M000268,1-on-1 Personal Mentorship Session,Mentorship,mentorship,3584.67,0,0
PROD001322,M000268,UPSC Complete Foundation Course 2026,Competitive Exams,exam_course,15041.61,0,0
PROD001323,M000269,Slim Fit Denim Jeans,Fashion,fashion_apparel,1115.99,1,1
PROD001324,M000269,Wireless Noise-Canceling Earbuds,Electronics,electronic_accessory,1635.0,1,1
PROD001325,M000269,Organic Hydrating Skincare Kit,Beauty,cosmetics_kit,622.42,1,1
PROD001326,M000269,Stainless Steel Water Bottle,Lifestyle,general_item,201.43,1,1
PROD001327,M000269,Ergonomic Desk Chair Cushion,Home Office,home_decor,1120.08,1,1
PROD001328,M000270,Performance Running Shoes,Footwear,footwear,3885.27,1,1
PROD001329,M000270,Urban Casual Sneakers,Footwear,footwear,2617.59,1,1
PROD001330,M000270,Leather Formal Shoes,Footwear,footwear,5408.41,1,1
PROD001331,M000270,Breathable Sports Sandals,Footwear,footwear,1893.77,1,1
PROD001332,M000270,Waterproof Trail Shoes,Footwear,footwear,4860.23,1,1
PROD001333,M000271,Starter Developer API License,Software Subscriptions,saas_plan,1389.09,0,0
PROD001334,M000271,Pro Engineering Team Subscription,Software Subscriptions,saas_plan,7789.31,0,0
PROD001335,M000271,Enterprise Infrastructure Plan,Software Subscriptions,saas_plan,25057.69,0,0
PROD001336,M000271,Custom Domain & SSL Add-on,Add-on Services,saas_plan,1074.13,0,0
PROD001337,M000271,Priority 24/7 Technical Support Pass,Support Services,saas_plan,3629.72,0,0
PROD001338,M000271,Starter Developer API License,Software Subscriptions,saas_plan,1230.78,0,0
PROD001339,M000272,Starter Developer API License,Software Subscriptions,saas_plan,50.0,0,0
PROD001340,M000272,Pro Engineering Team Subscription,Software Subscriptions,saas_plan,8078.42,0,0
PROD001341,M000272,Enterprise Infrastructure Plan,Software Subscriptions,saas_plan,23450.9,0,0
PROD001342,M000272,Custom Domain & SSL Add-on,Add-on Services,saas_plan,50.0,0,0
PROD001343,M000272,Priority 24/7 Technical Support Pass,Support Services,saas_plan,1488.08,0,0
PROD001344,M000273,Starter Developer API License,Software Subscriptions,saas_plan,1074.35,0,0
PROD001345,M000273,Pro Engineering Team Subscription,Software Subscriptions,saas_plan,7767.86,0,0
PROD001346,M000273,Enterprise Infrastructure Plan,Software Subscriptions,saas_plan,25505.84,0,0
PROD001347,M000273,Custom Domain & SSL Add-on,Add-on Services,saas_plan,3113.36,0,0
PROD001348,M000273,Priority 24/7 Technical Support Pass,Support Services,saas_plan,1915.78,0,0
PROD001349,M000273,Starter Developer API License,Software Subscriptions,saas_plan,2504.68,0,0
PROD001350,M000274,Complete Blood Count (CBC) Test,Lab Tests,lab_test,513.1,0,0
PROD001351,M000274,Comprehensive Health Checkup Package,Health Packages,diagnostic_package,3132.18,0,0
PROD001352,M000274,Vitamin D & B12 Screening Profile,Specialized Screening,lab_test,1426.45,0,0
PROD001353,M000274,HbA1c Diabetes Monitoring Test,Chronic Care,lab_test,147.69,0,0
PROD001354,M000275,Special Chicken Biryani Combo,Main Course,food_item,400.84,0,0
PROD001355,M000275,Paneer Butter Masala & Naan Meal,Main Course,food_item,335.17,0,0
PROD001356,M000275,Wood-Fired Margherita Pizza,Italian,food_item,444.66,0,0
PROD001357,M000275,Fresh Fruit Smoothie & Salad,Beverages & Healthy,food_item,453.62,0,0
PROD001358,M000275,Gourmet Chocolate Lava Cake,Desserts,food_item,224.47,0,0
PROD001359,M000275,Special Chicken Biryani Combo,Main Course,food_item,411.66,0,0
PROD001360,M000276,Special Chicken Biryani Combo,Main Course,food_item,556.38,0,0
PROD001361,M000276,Paneer Butter Masala & Naan Meal,Main Course,food_item,235.08,0,0
PROD001362,M000276,Wood-Fired Margherita Pizza,Italian,food_item,579.27,0,0
PROD001363,M000276,Fresh Fruit Smoothie & Salad,Beverages & Healthy,food_item,393.8,0,0
PROD001364,M000276,Gourmet Chocolate Lava Cake,Desserts,food_item,187.19,0,0
PROD001365,M000277,Starter Developer API License,Software Subscriptions,saas_plan,1178.25,0,0
PROD001366,M000277,Pro Engineering Team Subscription,Software Subscriptions,saas_plan,7481.42,0,0
PROD001367,M000277,Enterprise Infrastructure Plan,Software Subscriptions,saas_plan,24695.2,0,0
PROD001368,M000277,Custom Domain & SSL Add-on,Add-on Services,saas_plan,1428.2,0,0
PROD001369,M000277,Priority 24/7 Technical Support Pass,Support Services,saas_plan,3298.02,0,0
PROD001370,M000278,Domestic Economy Flight Ticket,Flights,flight_booking,5859.58,0,0
PROD001371,M000278,3-Star Hotel Stay (2 Nights),Accommodation,hotel_stay,6805.88,0,0
PROD001372,M000278,Goa Beach Resort Holiday Package,Vacation Packages,vacation_package,18126.66,0,0
PROD001373,M000278,Outstation Cab Rental (Full Day),Transportation,car_rental,2889.65,0,0
PROD001374,M000278,Heritage City Guided Tour,Activities & Tours,tour_package,50.0,0,0
PROD001375,M000278,Domestic Economy Flight Ticket,Flights,flight_booking,3052.38,0,0
PROD001376,M000279,UPSC Complete Foundation Course 2026,Competitive Exams,exam_course,15817.52,0,0
PROD001377,M000279,Mains Answer Writing Test Series,Test Series,test_series,6852.47,0,0
PROD001378,M000279,Monthly Current Affairs & Magazine Pass,Study Material,study_material,356.95,0,0
PROD001379,M000279,CSAT Aptitude Intensive Crash Course,Short Courses,exam_course,2349.52,0,0
PROD001380,M000279,1-on-1 Personal Mentorship Session,Mentorship,mentorship,2152.6,0,0
PROD001381,M000280,Starter Developer API License,Software Subscriptions,saas_plan,1431.49,0,0
PROD001382,M000280,Pro Engineering Team Subscription,Software Subscriptions,saas_plan,8191.44,0,0
PROD001383,M000280,Enterprise Infrastructure Plan,Software Subscriptions,saas_plan,24187.1,0,0
PROD001384,M000280,Custom Domain & SSL Add-on,Add-on Services,saas_plan,1281.22,0,0
PROD001385,M000281,Complete Blood Count (CBC) Test,Lab Tests,lab_test,491.64,0,0
PROD001386,M000281,Comprehensive Health Checkup Package,Health Packages,diagnostic_package,2993.15,0,0
PROD001387,M000281,Vitamin D & B12 Screening Profile,Specialized Screening,lab_test,1267.75,0,0
PROD001388,M000281,HbA1c Diabetes Monitoring Test,Chronic Care,lab_test,547.55,0,0
PROD001389,M000281,Home Sample Collection Service Charge,Home Care,home_sample_collection,174.71,0,0
PROD001390,M000281,Complete Blood Count (CBC) Test,Lab Tests,lab_test,450.91,0,0
PROD001391,M000282,Performance Running Shoes,Footwear,footwear,3859.64,1,1
PROD001392,M000282,Urban Casual Sneakers,Footwear,footwear,3328.33,1,1
PROD001393,M000282,Leather Formal Shoes,Footwear,footwear,4714.57,1,1
PROD001394,M000282,Breathable Sports Sandals,Footwear,footwear,2399.82,1,1
PROD001395,M000282,Waterproof Trail Shoes,Footwear,footwear,5159.52,1,1
PROD001396,M000283,Slim Fit Denim Jeans,Fashion,fashion_apparel,909.26,1,1
PROD001397,M000283,Wireless Noise-Canceling Earbuds,Electronics,electronic_accessory,2177.87,1,1
PROD001398,M000283,Organic Hydrating Skincare Kit,Beauty,cosmetics_kit,1447.45,1,1
PROD001399,M000283,Stainless Steel Water Bottle,Lifestyle,general_item,197.86,1,1
PROD001400,M000284,Crochet Tote Bag,Apparel & Accessories,handmade_accessory,1323.02,1,1
PROD001401,M000284,Amigurumi Plush Toy,Toys & Hobbies,crochet_toy,713.63,1,1
PROD001402,M000284,Handcrafted Crochet Cardigan,Fashion & Apparel,fashion_apparel,3092.0,1,1
PROD001403,M000284,Custom Keychains Set,Gifts & Novelties,handicraft_item,310.03,1,1
PROD001404,M000284,Embroidered Cushion Cover,Home & Living,home_decor,790.42,1,1
PROD001405,M000285,Special Chicken Biryani Combo,Main Course,food_item,311.71,0,0
PROD001406,M000285,Paneer Butter Masala & Naan Meal,Main Course,food_item,265.83,0,0
PROD001407,M000285,Wood-Fired Margherita Pizza,Italian,food_item,420.85,0,0
PROD001408,M000285,Fresh Fruit Smoothie & Salad,Beverages & Healthy,food_item,141.42,0,0
PROD001409,M000286,Crochet Tote Bag,Apparel & Accessories,handmade_accessory,1406.22,1,1
PROD001410,M000286,Amigurumi Plush Toy,Toys & Hobbies,crochet_toy,637.51,1,1
PROD001411,M000286,Handcrafted Crochet Cardigan,Fashion & Apparel,fashion_apparel,3212.85,1,1
PROD001412,M000286,Custom Keychains Set,Gifts & Novelties,handicraft_item,507.82,1,1
PROD001413,M000286,Embroidered Cushion Cover,Home & Living,home_decor,932.31,1,1
PROD001414,M000287,Slim Fit Denim Jeans,Fashion,fashion_apparel,1547.8,1,1
PROD001415,M000287,Wireless Noise-Canceling Earbuds,Electronics,electronic_accessory,2558.51,1,1
PROD001416,M000287,Organic Hydrating Skincare Kit,Beauty,cosmetics_kit,1344.42,1,1
PROD001417,M000287,Stainless Steel Water Bottle,Lifestyle,general_item,770.61,1,1
PROD001418,M000287,Ergonomic Desk Chair Cushion,Home Office,home_decor,1403.5,1,1
PROD001419,M000287,Slim Fit Denim Jeans,Fashion,fashion_apparel,1344.43,1,1
PROD001420,M000288,Special Chicken Biryani Combo,Main Course,food_item,461.9,0,0
PROD001421,M000288,Paneer Butter Masala & Naan Meal,Main Course,food_item,387.09,0,0
PROD001422,M000288,Wood-Fired Margherita Pizza,Italian,food_item,362.01,0,0
PROD001423,M000288,Fresh Fruit Smoothie & Salad,Beverages & Healthy,food_item,220.83,0,0
PROD001424,M000288,Gourmet Chocolate Lava Cake,Desserts,food_item,236.16,0,0
PROD001425,M000289,Performance Running Shoes,Footwear,footwear,2805.77,1,1
PROD001426,M000289,Urban Casual Sneakers,Footwear,footwear,1405.98,1,1
PROD001427,M000289,Leather Formal Shoes,Footwear,footwear,3645.81,1,1
PROD001428,M000289,Breathable Sports Sandals,Footwear,footwear,2908.6,1,1
PROD001429,M000289,Waterproof Trail Shoes,Footwear,footwear,4937.57,1,1
PROD001430,M000289,Performance Running Shoes,Footwear,footwear,3462.85,1,1
PROD001431,M000290,Special Chicken Biryani Combo,Main Course,food_item,245.78,0,0
PROD001432,M000290,Paneer Butter Masala & Naan Meal,Main Course,food_item,141.01,0,0
PROD001433,M000290,Wood-Fired Margherita Pizza,Italian,food_item,570.55,0,0
PROD001434,M000290,Fresh Fruit Smoothie & Salad,Beverages & Healthy,food_item,296.03,0,0
PROD001435,M000290,Gourmet Chocolate Lava Cake,Desserts,food_item,50.0,0,0
PROD001436,M000290,Special Chicken Biryani Combo,Main Course,food_item,492.77,0,0
PROD001437,M000291,Crochet Tote Bag,Apparel & Accessories,handmade_accessory,1238.58,1,1
PROD001438,M000291,Amigurumi Plush Toy,Toys & Hobbies,crochet_toy,855.77,1,1
PROD001439,M000291,Handcrafted Crochet Cardigan,Fashion & Apparel,fashion_apparel,3113.27,1,1
PROD001440,M000291,Custom Keychains Set,Gifts & Novelties,handicraft_item,426.68,1,1
PROD001441,M000291,Embroidered Cushion Cover,Home & Living,home_decor,1009.96,1,1
PROD001442,M000291,Crochet Tote Bag,Apparel & Accessories,handmade_accessory,1309.53,1,1
PROD001443,M000292,Crochet Tote Bag,Apparel & Accessories,handmade_accessory,1211.13,1,1
PROD001444,M000292,Amigurumi Plush Toy,Toys & Hobbies,crochet_toy,961.62,1,1
PROD001445,M000292,Handcrafted Crochet Cardigan,Fashion & Apparel,fashion_apparel,3086.28,1,1
PROD001446,M000292,Custom Keychains Set,Gifts & Novelties,handicraft_item,435.19,1,1
PROD001447,M000293,Starter Developer API License,Software Subscriptions,saas_plan,2704.12,0,0
PROD001448,M000293,Pro Engineering Team Subscription,Software Subscriptions,saas_plan,7015.73,0,0
PROD001449,M000293,Enterprise Infrastructure Plan,Software Subscriptions,saas_plan,25522.47,0,0
PROD001450,M000293,Custom Domain & SSL Add-on,Add-on Services,saas_plan,194.64,0,0
PROD001451,M000293,Priority 24/7 Technical Support Pass,Support Services,saas_plan,2119.48,0,0
PROD001452,M000293,Starter Developer API License,Software Subscriptions,saas_plan,3489.01,0,0
PROD001453,M000294,Slim Fit Denim Jeans,Fashion,fashion_apparel,1730.42,1,1
PROD001454,M000294,Wireless Noise-Canceling Earbuds,Electronics,electronic_accessory,2151.96,1,1
PROD001455,M000294,Organic Hydrating Skincare Kit,Beauty,cosmetics_kit,1043.42,1,1
PROD001456,M000294,Stainless Steel Water Bottle,Lifestyle,general_item,756.04,1,1
PROD001457,M000294,Ergonomic Desk Chair Cushion,Home Office,home_decor,1278.14,1,1
PROD001458,M000295,Crochet Tote Bag,Apparel & Accessories,handmade_accessory,1533.24,1,1
PROD001459,M000295,Amigurumi Plush Toy,Toys & Hobbies,crochet_toy,662.92,1,1
PROD001460,M000295,Handcrafted Crochet Cardigan,Fashion & Apparel,fashion_apparel,2588.52,1,1
PROD001461,M000295,Custom Keychains Set,Gifts & Novelties,handicraft_item,434.58,1,1
PROD001462,M000295,Embroidered Cushion Cover,Home & Living,home_decor,1380.22,1,1
PROD001463,M000296,Special Chicken Biryani Combo,Main Course,food_item,281.62,0,0
PROD001464,M000296,Paneer Butter Masala & Naan Meal,Main Course,food_item,276.53,0,0
PROD001465,M000296,Wood-Fired Margherita Pizza,Italian,food_item,524.65,0,0
PROD001466,M000296,Fresh Fruit Smoothie & Salad,Beverages & Healthy,food_item,207.08,0,0
PROD001467,M000296,Gourmet Chocolate Lava Cake,Desserts,food_item,171.26,0,0
PROD001468,M000296,Special Chicken Biryani Combo,Main Course,food_item,487.29,0,0
PROD001469,M000297,UPSC Complete Foundation Course 2026,Competitive Exams,exam_course,10938.45,0,0
PROD001470,M000297,Mains Answer Writing Test Series,Test Series,test_series,5421.98,0,0
PROD001471,M000297,Monthly Current Affairs & Magazine Pass,Study Material,study_material,3515.88,0,0
PROD001472,M000297,CSAT Aptitude Intensive Crash Course,Short Courses,exam_course,3920.16,0,0
PROD001473,M000297,1-on-1 Personal Mentorship Session,Mentorship,mentorship,1794.91,0,0
PROD001474,M000298,Performance Running Shoes,Footwear,footwear,3408.41,1,1
PROD001475,M000298,Urban Casual Sneakers,Footwear,footwear,3034.97,1,1
PROD001476,M000298,Leather Formal Shoes,Footwear,footwear,4839.29,1,1
PROD001477,M000298,Breathable Sports Sandals,Footwear,footwear,2106.25,1,1
PROD001478,M000298,Waterproof Trail Shoes,Footwear,footwear,5320.8,1,1
PROD001479,M000299,Domestic Economy Flight Ticket,Flights,flight_booking,8043.07,0,0
PROD001480,M000299,3-Star Hotel Stay (2 Nights),Accommodation,hotel_stay,3713.78,0,0
PROD001481,M000299,Goa Beach Resort Holiday Package,Vacation Packages,vacation_package,12186.72,0,0
PROD001482,M000299,Outstation Cab Rental (Full Day),Transportation,car_rental,5435.93,0,0
PROD001483,M000300,Crochet Tote Bag,Apparel & Accessories,handmade_accessory,1570.52,1,1
PROD001484,M000300,Amigurumi Plush Toy,Toys & Hobbies,crochet_toy,882.43,1,1
PROD001485,M000300,Handcrafted Crochet Cardigan,Fashion & Apparel,fashion_apparel,3332.33,1,1
PROD001486,M000300,Custom Keychains Set,Gifts & Novelties,handicraft_item,481.37,1,1
PROD001487,M000300,Embroidered Cushion Cover,Home & Living,home_decor,1350.4,1,1
PROD001488,M000300,Crochet Tote Bag,Apparel & Accessories,handmade_accessory,1143.23,1,1
PROD001489,M000301,Crochet Tote Bag,Apparel & Accessories,handmade_accessory,1647.11,1,1
PROD001490,M000301,Amigurumi Plush Toy,Toys & Hobbies,crochet_toy,50.0,1,1
PROD001491,M000301,Handcrafted Crochet Cardigan,Fashion & Apparel,fashion_apparel,3127.22,1,1
PROD001492,M000301,Custom Keychains Set,Gifts & Novelties,handicraft_item,61.57,1,1
PROD001493,M000301,Embroidered Cushion Cover,Home & Living,home_decor,913.94,1,1
PROD001494,M000301,Crochet Tote Bag,Apparel & Accessories,handmade_accessory,1246.18,1,1
PROD001495,M000302,Special Chicken Biryani Combo,Main Course,food_item,345.47,0,0
PROD001496,M000302,Paneer Butter Masala & Naan Meal,Main Course,food_item,474.8,0,0
PROD001497,M000302,Wood-Fired Margherita Pizza,Italian,food_item,342.05,0,0
PROD001498,M000302,Fresh Fruit Smoothie & Salad,Beverages & Healthy,food_item,427.03,0,0
PROD001499,M000302,Gourmet Chocolate Lava Cake,Desserts,food_item,254.07,0,0
PROD001500,M000302,Special Chicken Biryani Combo,Main Course,food_item,466.06,0,0
PROD001501,M000303,Special Chicken Biryani Combo,Main Course,food_item,405.65,0,0
PROD001502,M000303,Paneer Butter Masala & Naan Meal,Main Course,food_item,316.54,0,0
PROD001503,M000303,Wood-Fired Margherita Pizza,Italian,food_item,451.35,0,0
PROD001504,M000303,Fresh Fruit Smoothie & Salad,Beverages & Healthy,food_item,160.09,0,0
PROD001505,M000303,Gourmet Chocolate Lava Cake,Desserts,food_item,194.23,0,0
PROD001506,M000303,Special Chicken Biryani Combo,Main Course,food_item,432.41,0,0
PROD001507,M000304,Domestic Economy Flight Ticket,Flights,flight_booking,8898.67,0,0
PROD001508,M000304,3-Star Hotel Stay (2 Nights),Accommodation,hotel_stay,5275.41,0,0
PROD001509,M000304,Goa Beach Resort Holiday Package,Vacation Packages,vacation_package,25388.01,0,0
PROD001510,M000304,Outstation Cab Rental (Full Day),Transportation,car_rental,7376.7,0,0
PROD001511,M000304,Heritage City Guided Tour,Activities & Tours,tour_package,50.0,0,0
PROD001512,M000305,UPSC Complete Foundation Course 2026,Competitive Exams,exam_course,15701.48,0,0
PROD001513,M000305,Mains Answer Writing Test Series,Test Series,test_series,6792.05,0,0
PROD001514,M000305,Monthly Current Affairs & Magazine Pass,Study Material,study_material,985.05,0,0
PROD001515,M000305,CSAT Aptitude Intensive Crash Course,Short Courses,exam_course,4352.6,0,0
PROD001516,M000305,1-on-1 Personal Mentorship Session,Mentorship,mentorship,2079.02,0,0
PROD001517,M000305,UPSC Complete Foundation Course 2026,Competitive Exams,exam_course,14990.2,0,0
PROD001518,M000306,Annual All-Gym Access Pass,Memberships,gym_membership,15125.65,0,0
PROD001519,M000306,Monthly Unlimited Crossfit Membership,Memberships,gym_membership,3446.25,0,0
PROD001520,M000306,Personal Training 10-Session Bundle,Personal Training,personal_training,8721.87,0,0
PROD001521,M000306,Yoga & Pilates Group Class Pass,Group Classes,fitness_class,2260.16,0,0
PROD001522,M000307,Special Chicken Biryani Combo,Main Course,food_item,369.09,0,0
PROD001523,M000307,Paneer Butter Masala & Naan Meal,Main Course,food_item,364.73,0,0
PROD001524,M000307,Wood-Fired Margherita Pizza,Italian,food_item,490.66,0,0
PROD001525,M000307,Fresh Fruit Smoothie & Salad,Beverages & Healthy,food_item,264.79,0,0
PROD001526,M000307,Gourmet Chocolate Lava Cake,Desserts,food_item,175.99,0,0
PROD001527,M000307,Special Chicken Biryani Combo,Main Course,food_item,409.31,0,0
PROD001528,M000308,Performance Running Shoes,Footwear,footwear,3431.21,1,1
PROD001529,M000308,Urban Casual Sneakers,Footwear,footwear,2685.76,1,1
PROD001530,M000308,Leather Formal Shoes,Footwear,footwear,4732.2,1,1
PROD001531,M000308,Breathable Sports Sandals,Footwear,footwear,1703.33,1,1
PROD001532,M000308,Waterproof Trail Shoes,Footwear,footwear,4717.02,1,1
PROD001533,M000309,Starter Developer API License,Software Subscriptions,saas_plan,2287.57,0,0
PROD001534,M000309,Pro Engineering Team Subscription,Software Subscriptions,saas_plan,8908.39,0,0
PROD001535,M000309,Enterprise Infrastructure Plan,Software Subscriptions,saas_plan,25113.8,0,0
PROD001536,M000309,Custom Domain & SSL Add-on,Add-on Services,saas_plan,1497.75,0,0
PROD001537,M000310,Performance Running Shoes,Footwear,footwear,3369.03,1,1
PROD001538,M000310,Urban Casual Sneakers,Footwear,footwear,3955.12,1,1
PROD001539,M000310,Leather Formal Shoes,Footwear,footwear,4258.44,1,1
PROD001540,M000310,Breathable Sports Sandals,Footwear,footwear,1965.39,1,1
PROD001541,M000310,Waterproof Trail Shoes,Footwear,footwear,5012.15,1,1
PROD001542,M000311,Slim Fit Denim Jeans,Fashion,fashion_apparel,1271.56,1,1
PROD001543,M000311,Wireless Noise-Canceling Earbuds,Electronics,electronic_accessory,2540.35,1,1
PROD001544,M000311,Organic Hydrating Skincare Kit,Beauty,cosmetics_kit,1019.98,1,1
PROD001545,M000311,Stainless Steel Water Bottle,Lifestyle,general_item,546.22,1,1
PROD001546,M000311,Ergonomic Desk Chair Cushion,Home Office,home_decor,1407.83,1,1
PROD001547,M000312,Crochet Tote Bag,Apparel & Accessories,handmade_accessory,1287.58,1,1
PROD001548,M000312,Amigurumi Plush Toy,Toys & Hobbies,crochet_toy,893.46,1,1
PROD001549,M000312,Handcrafted Crochet Cardigan,Fashion & Apparel,fashion_apparel,3249.8,1,1
PROD001550,M000312,Custom Keychains Set,Gifts & Novelties,handicraft_item,550.19,1,1
PROD001551,M000313,Crochet Tote Bag,Apparel & Accessories,handmade_accessory,833.4,1,1
PROD001552,M000313,Amigurumi Plush Toy,Toys & Hobbies,crochet_toy,673.01,1,1
PROD001553,M000313,Handcrafted Crochet Cardigan,Fashion & Apparel,fashion_apparel,3532.78,1,1
PROD001554,M000313,Custom Keychains Set,Gifts & Novelties,handicraft_item,408.73,1,1
PROD001555,M000313,Embroidered Cushion Cover,Home & Living,home_decor,879.32,1,1
PROD001556,M000314,Annual All-Gym Access Pass,Memberships,gym_membership,14374.26,0,0
PROD001557,M000314,Monthly Unlimited Crossfit Membership,Memberships,gym_membership,2582.12,0,0
PROD001558,M000314,Personal Training 10-Session Bundle,Personal Training,personal_training,8568.22,0,0
PROD001559,M000314,Yoga & Pilates Group Class Pass,Group Classes,fitness_class,2214.79,0,0
PROD001560,M000315,Starter Developer API License,Software Subscriptions,saas_plan,74.79,0,0
PROD001561,M000315,Pro Engineering Team Subscription,Software Subscriptions,saas_plan,10866.25,0,0
PROD001562,M000315,Enterprise Infrastructure Plan,Software Subscriptions,saas_plan,27538.32,0,0
PROD001563,M000315,Custom Domain & SSL Add-on,Add-on Services,saas_plan,3198.26,0,0
PROD001564,M000315,Priority 24/7 Technical Support Pass,Support Services,saas_plan,2797.61,0,0
PROD001565,M000316,Domestic Economy Flight Ticket,Flights,flight_booking,1524.76,0,0
PROD001566,M000316,3-Star Hotel Stay (2 Nights),Accommodation,hotel_stay,8207.31,0,0
PROD001567,M000316,Goa Beach Resort Holiday Package,Vacation Packages,vacation_package,14844.19,0,0
PROD001568,M000316,Outstation Cab Rental (Full Day),Transportation,car_rental,4064.21,0,0
PROD001569,M000316,Heritage City Guided Tour,Activities & Tours,tour_package,50.0,0,0
PROD001570,M000316,Domestic Economy Flight Ticket,Flights,flight_booking,2945.15,0,0
PROD001571,M000317,Slim Fit Denim Jeans,Fashion,fashion_apparel,1229.65,1,1
PROD001572,M000317,Wireless Noise-Canceling Earbuds,Electronics,electronic_accessory,2714.95,1,1
PROD001573,M000317,Organic Hydrating Skincare Kit,Beauty,cosmetics_kit,1106.14,1,1
PROD001574,M000317,Stainless Steel Water Bottle,Lifestyle,general_item,317.77,1,1
PROD001575,M000317,Ergonomic Desk Chair Cushion,Home Office,home_decor,122.26,1,1
PROD001576,M000317,Slim Fit Denim Jeans,Fashion,fashion_apparel,1331.39,1,1
PROD001577,M000318,Performance Running Shoes,Footwear,footwear,3706.25,1,1
PROD001578,M000318,Urban Casual Sneakers,Footwear,footwear,2926.48,1,1
PROD001579,M000318,Leather Formal Shoes,Footwear,footwear,4033.7,1,1
PROD001580,M000318,Breathable Sports Sandals,Footwear,footwear,1968.67,1,1
PROD001581,M000318,Waterproof Trail Shoes,Footwear,footwear,4601.93,1,1
PROD001582,M000319,Performance Running Shoes,Footwear,footwear,3642.59,1,1
PROD001583,M000319,Urban Casual Sneakers,Footwear,footwear,2748.14,1,1
PROD001584,M000319,Leather Formal Shoes,Footwear,footwear,3986.98,1,1
PROD001585,M000319,Breathable Sports Sandals,Footwear,footwear,1360.94,1,1
PROD001586,M000319,Waterproof Trail Shoes,Footwear,footwear,5556.88,1,1
PROD001587,M000319,Performance Running Shoes,Footwear,footwear,2093.53,1,1
PROD001588,M000320,Performance Running Shoes,Footwear,footwear,3663.38,1,1
PROD001589,M000320,Urban Casual Sneakers,Footwear,footwear,2470.31,1,1
PROD001590,M000320,Leather Formal Shoes,Footwear,footwear,4397.76,1,1
PROD001591,M000320,Breathable Sports Sandals,Footwear,footwear,1875.73,1,1
PROD001592,M000320,Waterproof Trail Shoes,Footwear,footwear,4662.0,1,1
PROD001593,M000320,Performance Running Shoes,Footwear,footwear,3024.92,1,1
PROD001594,M000321,Special Chicken Biryani Combo,Main Course,food_item,388.14,0,0
PROD001595,M000321,Paneer Butter Masala & Naan Meal,Main Course,food_item,287.78,0,0
PROD001596,M000321,Wood-Fired Margherita Pizza,Italian,food_item,390.45,0,0
PROD001597,M000321,Fresh Fruit Smoothie & Salad,Beverages & Healthy,food_item,218.82,0,0
PROD001598,M000321,Gourmet Chocolate Lava Cake,Desserts,food_item,232.31,0,0
PROD001599,M000322,UPSC Complete Foundation Course 2026,Competitive Exams,exam_course,14206.94,0,0
PROD001600,M000322,Mains Answer Writing Test Series,Test Series,test_series,6878.07,0,0
PROD001601,M000322,Monthly Current Affairs & Magazine Pass,Study Material,study_material,1030.6,0,0
PROD001602,M000322,CSAT Aptitude Intensive Crash Course,Short Courses,exam_course,3920.89,0,0
PROD001603,M000322,1-on-1 Personal Mentorship Session,Mentorship,mentorship,2809.97,0,0
PROD001604,M000323,Domestic Economy Flight Ticket,Flights,flight_booking,4276.23,0,0
PROD001605,M000323,3-Star Hotel Stay (2 Nights),Accommodation,hotel_stay,7786.58,0,0
PROD001606,M000323,Goa Beach Resort Holiday Package,Vacation Packages,vacation_package,17020.22,0,0
PROD001607,M000323,Outstation Cab Rental (Full Day),Transportation,car_rental,3179.56,0,0
PROD001608,M000324,Performance Running Shoes,Footwear,footwear,3488.77,1,1
PROD001609,M000324,Urban Casual Sneakers,Footwear,footwear,3318.37,1,1
PROD001610,M000324,Leather Formal Shoes,Footwear,footwear,3546.01,1,1
PROD001611,M000324,Breathable Sports Sandals,Footwear,footwear,1339.65,1,1
PROD001612,M000325,Annual All-Gym Access Pass,Memberships,gym_membership,13837.77,0,0
PROD001613,M000325,Monthly Unlimited Crossfit Membership,Memberships,gym_membership,1707.34,0,0
PROD001614,M000325,Personal Training 10-Session Bundle,Personal Training,personal_training,9628.24,0,0
PROD001615,M000325,Yoga & Pilates Group Class Pass,Group Classes,fitness_class,857.81,0,0
PROD001616,M000325,Nutrition & Meal Plan Consultation,Wellness & Diet,nutrition_plan,2842.6,0,0
PROD001617,M000326,UPSC Complete Foundation Course 2026,Competitive Exams,exam_course,15221.21,0,0
PROD001618,M000326,Mains Answer Writing Test Series,Test Series,test_series,7806.82,0,0
PROD001619,M000326,Monthly Current Affairs & Magazine Pass,Study Material,study_material,301.31,0,0
PROD001620,M000326,CSAT Aptitude Intensive Crash Course,Short Courses,exam_course,5012.29,0,0
PROD001621,M000326,1-on-1 Personal Mentorship Session,Mentorship,mentorship,2591.17,0,0
PROD001622,M000327,Special Chicken Biryani Combo,Main Course,food_item,422.81,0,0
PROD001623,M000327,Paneer Butter Masala & Naan Meal,Main Course,food_item,345.36,0,0
PROD001624,M000327,Wood-Fired Margherita Pizza,Italian,food_item,396.13,0,0
PROD001625,M000327,Fresh Fruit Smoothie & Salad,Beverages & Healthy,food_item,288.28,0,0
PROD001626,M000327,Gourmet Chocolate Lava Cake,Desserts,food_item,167.24,0,0
PROD001627,M000328,Special Chicken Biryani Combo,Main Course,food_item,496.52,0,0
PROD001628,M000328,Paneer Butter Masala & Naan Meal,Main Course,food_item,373.48,0,0
PROD001629,M000328,Wood-Fired Margherita Pizza,Italian,food_item,433.11,0,0
PROD001630,M000328,Fresh Fruit Smoothie & Salad,Beverages & Healthy,food_item,285.86,0,0
PROD001631,M000329,Slim Fit Denim Jeans,Fashion,fashion_apparel,671.34,1,1
PROD001632,M000329,Wireless Noise-Canceling Earbuds,Electronics,electronic_accessory,2388.48,1,1
PROD001633,M000329,Organic Hydrating Skincare Kit,Beauty,cosmetics_kit,1000.3,1,1
PROD001634,M000329,Stainless Steel Water Bottle,Lifestyle,general_item,77.51,1,1
PROD001635,M000329,Ergonomic Desk Chair Cushion,Home Office,home_decor,1771.7,1,1
PROD001636,M000329,Slim Fit Denim Jeans,Fashion,fashion_apparel,1584.64,1,1
PROD001637,M000330,Performance Running Shoes,Footwear,footwear,3071.26,1,1
PROD001638,M000330,Urban Casual Sneakers,Footwear,footwear,2687.08,1,1
PROD001639,M000330,Leather Formal Shoes,Footwear,footwear,4799.77,1,1
PROD001640,M000330,Breathable Sports Sandals,Footwear,footwear,2036.16,1,1
PROD001641,M000331,Slim Fit Denim Jeans,Fashion,fashion_apparel,1814.03,1,1
PROD001642,M000331,Wireless Noise-Canceling Earbuds,Electronics,electronic_accessory,2448.18,1,1
PROD001643,M000331,Organic Hydrating Skincare Kit,Beauty,cosmetics_kit,662.51,1,1
PROD001644,M000331,Stainless Steel Water Bottle,Lifestyle,general_item,726.35,1,1
PROD001645,M000331,Ergonomic Desk Chair Cushion,Home Office,home_decor,1308.83,1,1
PROD001646,M000332,UPSC Complete Foundation Course 2026,Competitive Exams,exam_course,13411.51,0,0
PROD001647,M000332,Mains Answer Writing Test Series,Test Series,test_series,10298.17,0,0
PROD001648,M000332,Monthly Current Affairs & Magazine Pass,Study Material,study_material,50.0,0,0
PROD001649,M000332,CSAT Aptitude Intensive Crash Course,Short Courses,exam_course,4217.06,0,0
PROD001650,M000332,1-on-1 Personal Mentorship Session,Mentorship,mentorship,3164.2,0,0
PROD001651,M000333,Crochet Tote Bag,Apparel & Accessories,handmade_accessory,1566.77,1,1
PROD001652,M000333,Amigurumi Plush Toy,Toys & Hobbies,crochet_toy,792.92,1,1
PROD001653,M000333,Handcrafted Crochet Cardigan,Fashion & Apparel,fashion_apparel,3239.75,1,1
PROD001654,M000333,Custom Keychains Set,Gifts & Novelties,handicraft_item,428.59,1,1
PROD001655,M000334,Crochet Tote Bag,Apparel & Accessories,handmade_accessory,1677.16,1,1
PROD001656,M000334,Amigurumi Plush Toy,Toys & Hobbies,crochet_toy,408.28,1,1
PROD001657,M000334,Handcrafted Crochet Cardigan,Fashion & Apparel,fashion_apparel,4395.67,1,1
PROD001658,M000334,Custom Keychains Set,Gifts & Novelties,handicraft_item,794.0,1,1
PROD001659,M000334,Embroidered Cushion Cover,Home & Living,home_decor,828.56,1,1
PROD001660,M000335,Crochet Tote Bag,Apparel & Accessories,handmade_accessory,1022.4,1,1
PROD001661,M000335,Amigurumi Plush Toy,Toys & Hobbies,crochet_toy,384.97,1,1
PROD001662,M000335,Handcrafted Crochet Cardigan,Fashion & Apparel,fashion_apparel,3795.35,1,1
PROD001663,M000335,Custom Keychains Set,Gifts & Novelties,handicraft_item,1014.85,1,1
PROD001664,M000336,Crochet Tote Bag,Apparel & Accessories,handmade_accessory,937.02,1,1
PROD001665,M000336,Amigurumi Plush Toy,Toys & Hobbies,crochet_toy,1477.11,1,1
PROD001666,M000336,Handcrafted Crochet Cardigan,Fashion & Apparel,fashion_apparel,2988.34,1,1
PROD001667,M000336,Custom Keychains Set,Gifts & Novelties,handicraft_item,65.55,1,1
PROD001668,M000336,Embroidered Cushion Cover,Home & Living,home_decor,1269.52,1,1
PROD001669,M000336,Crochet Tote Bag,Apparel & Accessories,handmade_accessory,1341.5,1,1
PROD001670,M000337,Starter Developer API License,Software Subscriptions,saas_plan,362.0,0,0
PROD001671,M000337,Pro Engineering Team Subscription,Software Subscriptions,saas_plan,5782.66,0,0
PROD001672,M000337,Enterprise Infrastructure Plan,Software Subscriptions,saas_plan,26371.44,0,0
PROD001673,M000337,Custom Domain & SSL Add-on,Add-on Services,saas_plan,2025.26,0,0
PROD001674,M000338,UPSC Complete Foundation Course 2026,Competitive Exams,exam_course,13387.63,0,0
PROD001675,M000338,Mains Answer Writing Test Series,Test Series,test_series,4973.45,0,0
PROD001676,M000338,Monthly Current Affairs & Magazine Pass,Study Material,study_material,3218.15,0,0
PROD001677,M000338,CSAT Aptitude Intensive Crash Course,Short Courses,exam_course,6360.15,0,0
PROD001678,M000338,1-on-1 Personal Mentorship Session,Mentorship,mentorship,2429.23,0,0
PROD001679,M000338,UPSC Complete Foundation Course 2026,Competitive Exams,exam_course,12342.3,0,0
PROD001680,M000339,Slim Fit Denim Jeans,Fashion,fashion_apparel,1400.23,1,1
PROD001681,M000339,Wireless Noise-Canceling Earbuds,Electronics,electronic_accessory,2116.46,1,1
PROD001682,M000339,Organic Hydrating Skincare Kit,Beauty,cosmetics_kit,1421.14,1,1
PROD001683,M000339,Stainless Steel Water Bottle,Lifestyle,general_item,963.93,1,1
PROD001684,M000340,Crochet Tote Bag,Apparel & Accessories,handmade_accessory,1573.75,1,1
PROD001685,M000340,Amigurumi Plush Toy,Toys & Hobbies,crochet_toy,1191.61,1,1
PROD001686,M000340,Handcrafted Crochet Cardigan,Fashion & Apparel,fashion_apparel,3103.38,1,1
PROD001687,M000340,Custom Keychains Set,Gifts & Novelties,handicraft_item,1034.78,1,1
PROD001688,M000340,Embroidered Cushion Cover,Home & Living,home_decor,1507.06,1,1
PROD001689,M000341,Slim Fit Denim Jeans,Fashion,fashion_apparel,1505.65,1,1
PROD001690,M000341,Wireless Noise-Canceling Earbuds,Electronics,electronic_accessory,2563.86,1,1
PROD001691,M000341,Organic Hydrating Skincare Kit,Beauty,cosmetics_kit,1091.15,1,1
PROD001692,M000341,Stainless Steel Water Bottle,Lifestyle,general_item,896.54,1,1
PROD001693,M000341,Ergonomic Desk Chair Cushion,Home Office,home_decor,1380.82,1,1
PROD001694,M000342,Slim Fit Denim Jeans,Fashion,fashion_apparel,1162.42,1,1
PROD001695,M000342,Wireless Noise-Canceling Earbuds,Electronics,electronic_accessory,2476.2,1,1
PROD001696,M000342,Organic Hydrating Skincare Kit,Beauty,cosmetics_kit,1017.54,1,1
PROD001697,M000342,Stainless Steel Water Bottle,Lifestyle,general_item,832.4,1,1
PROD001698,M000343,Performance Running Shoes,Footwear,footwear,3339.46,1,1
PROD001699,M000343,Urban Casual Sneakers,Footwear,footwear,2514.85,1,1
PROD001700,M000343,Leather Formal Shoes,Footwear,footwear,4344.48,1,1
PROD001701,M000343,Breathable Sports Sandals,Footwear,footwear,2065.95,1,1
PROD001702,M000343,Waterproof Trail Shoes,Footwear,footwear,4908.49,1,1
PROD001703,M000344,Slim Fit Denim Jeans,Fashion,fashion_apparel,1646.35,1,1
PROD001704,M000344,Wireless Noise-Canceling Earbuds,Electronics,electronic_accessory,3577.59,1,1
PROD001705,M000344,Organic Hydrating Skincare Kit,Beauty,cosmetics_kit,2246.23,1,1
PROD001706,M000344,Stainless Steel Water Bottle,Lifestyle,general_item,1010.0,1,1
PROD001707,M000345,Slim Fit Denim Jeans,Fashion,fashion_apparel,1399.37,1,1
PROD001708,M000345,Wireless Noise-Canceling Earbuds,Electronics,electronic_accessory,2358.71,1,1
PROD001709,M000345,Organic Hydrating Skincare Kit,Beauty,cosmetics_kit,1183.4,1,1
PROD001710,M000345,Stainless Steel Water Bottle,Lifestyle,general_item,675.93,1,1
PROD001711,M000346,Special Chicken Biryani Combo,Main Course,food_item,281.02,0,0
PROD001712,M000346,Paneer Butter Masala & Naan Meal,Main Course,food_item,157.2,0,0
PROD001713,M000346,Wood-Fired Margherita Pizza,Italian,food_item,387.95,0,0
PROD001714,M000346,Fresh Fruit Smoothie & Salad,Beverages & Healthy,food_item,366.14,0,0
PROD001715,M000347,Domestic Economy Flight Ticket,Flights,flight_booking,3090.7,0,0
PROD001716,M000347,3-Star Hotel Stay (2 Nights),Accommodation,hotel_stay,4757.46,0,0
PROD001717,M000347,Goa Beach Resort Holiday Package,Vacation Packages,vacation_package,16011.31,0,0
PROD001718,M000347,Outstation Cab Rental (Full Day),Transportation,car_rental,2341.26,0,0
PROD001719,M000347,Heritage City Guided Tour,Activities & Tours,tour_package,2124.66,0,0
PROD001720,M000348,Crochet Tote Bag,Apparel & Accessories,handmade_accessory,773.54,1,1
PROD001721,M000348,Amigurumi Plush Toy,Toys & Hobbies,crochet_toy,455.69,1,1
PROD001722,M000348,Handcrafted Crochet Cardigan,Fashion & Apparel,fashion_apparel,2602.15,1,1
PROD001723,M000348,Custom Keychains Set,Gifts & Novelties,handicraft_item,351.4,1,1
PROD001724,M000348,Embroidered Cushion Cover,Home & Living,home_decor,628.58,1,1
PROD001725,M000349,Slim Fit Denim Jeans,Fashion,fashion_apparel,1656.75,1,1
PROD001726,M000349,Wireless Noise-Canceling Earbuds,Electronics,electronic_accessory,2727.25,1,1
PROD001727,M000349,Organic Hydrating Skincare Kit,Beauty,cosmetics_kit,1790.1,1,1
PROD001728,M000349,Stainless Steel Water Bottle,Lifestyle,general_item,891.34,1,1
PROD001729,M000350,Domestic Economy Flight Ticket,Flights,flight_booking,3780.27,0,0
PROD001730,M000350,3-Star Hotel Stay (2 Nights),Accommodation,hotel_stay,7136.35,0,0
PROD001731,M000350,Goa Beach Resort Holiday Package,Vacation Packages,vacation_package,16214.1,0,0
PROD001732,M000350,Outstation Cab Rental (Full Day),Transportation,car_rental,3523.88,0,0
PROD001733,M000350,Heritage City Guided Tour,Activities & Tours,tour_package,2674.84,0,0
PROD001734,M000350,Domestic Economy Flight Ticket,Flights,flight_booking,4372.62,0,0
PROD001735,M000351,Special Chicken Biryani Combo,Main Course,food_item,413.06,0,0
PROD001736,M000351,Paneer Butter Masala & Naan Meal,Main Course,food_item,290.6,0,0
PROD001737,M000351,Wood-Fired Margherita Pizza,Italian,food_item,383.23,0,0
PROD001738,M000351,Fresh Fruit Smoothie & Salad,Beverages & Healthy,food_item,104.4,0,0
PROD001739,M000352,Starter Developer API License,Software Subscriptions,saas_plan,1544.54,0,0
PROD001740,M000352,Pro Engineering Team Subscription,Software Subscriptions,saas_plan,7194.79,0,0
PROD001741,M000352,Enterprise Infrastructure Plan,Software Subscriptions,saas_plan,24803.57,0,0
PROD001742,M000352,Custom Domain & SSL Add-on,Add-on Services,saas_plan,1263.74,0,0
PROD001743,M000352,Priority 24/7 Technical Support Pass,Support Services,saas_plan,3727.9,0,0
PROD001744,M000353,Domestic Economy Flight Ticket,Flights,flight_booking,50.0,0,0
PROD001745,M000353,3-Star Hotel Stay (2 Nights),Accommodation,hotel_stay,9098.15,0,0
PROD001746,M000353,Goa Beach Resort Holiday Package,Vacation Packages,vacation_package,19728.89,0,0
PROD001747,M000353,Outstation Cab Rental (Full Day),Transportation,car_rental,4456.38,0,0
PROD001748,M000354,Performance Running Shoes,Footwear,footwear,3318.49,1,1
PROD001749,M000354,Urban Casual Sneakers,Footwear,footwear,2322.61,1,1
PROD001750,M000354,Leather Formal Shoes,Footwear,footwear,3881.68,1,1
PROD001751,M000354,Breathable Sports Sandals,Footwear,footwear,2811.74,1,1
PROD001752,M000354,Waterproof Trail Shoes,Footwear,footwear,4296.37,1,1
PROD001753,M000354,Performance Running Shoes,Footwear,footwear,3721.55,1,1
PROD001754,M000355,Crochet Tote Bag,Apparel & Accessories,handmade_accessory,1456.98,1,1
PROD001755,M000355,Amigurumi Plush Toy,Toys & Hobbies,crochet_toy,418.46,1,1
PROD001756,M000355,Handcrafted Crochet Cardigan,Fashion & Apparel,fashion_apparel,3074.12,1,1
PROD001757,M000355,Custom Keychains Set,Gifts & Novelties,handicraft_item,50.0,1,1
PROD001758,M000355,Embroidered Cushion Cover,Home & Living,home_decor,1087.16,1,1
PROD001759,M000355,Crochet Tote Bag,Apparel & Accessories,handmade_accessory,1098.94,1,1
PROD001760,M000356,Domestic Economy Flight Ticket,Flights,flight_booking,1094.79,0,0
PROD001761,M000356,3-Star Hotel Stay (2 Nights),Accommodation,hotel_stay,8408.96,0,0
PROD001762,M000356,Goa Beach Resort Holiday Package,Vacation Packages,vacation_package,13868.14,0,0
PROD001763,M000356,Outstation Cab Rental (Full Day),Transportation,car_rental,1293.56,0,0
PROD001764,M000356,Heritage City Guided Tour,Activities & Tours,tour_package,50.0,0,0
PROD001765,M000356,Domestic Economy Flight Ticket,Flights,flight_booking,4087.84,0,0
PROD001766,M000357,Crochet Tote Bag,Apparel & Accessories,handmade_accessory,1086.02,1,1
PROD001767,M000357,Amigurumi Plush Toy,Toys & Hobbies,crochet_toy,808.51,1,1
PROD001768,M000357,Handcrafted Crochet Cardigan,Fashion & Apparel,fashion_apparel,3372.67,1,1
PROD001769,M000357,Custom Keychains Set,Gifts & Novelties,handicraft_item,508.58,1,1
PROD001770,M000358,Special Chicken Biryani Combo,Main Course,food_item,349.33,0,0
PROD001771,M000358,Paneer Butter Masala & Naan Meal,Main Course,food_item,320.2,0,0
PROD001772,M000358,Wood-Fired Margherita Pizza,Italian,food_item,546.38,0,0
PROD001773,M000358,Fresh Fruit Smoothie & Salad,Beverages & Healthy,food_item,171.59,0,0
PROD001774,M000359,Annual All-Gym Access Pass,Memberships,gym_membership,15262.37,0,0
PROD001775,M000359,Monthly Unlimited Crossfit Membership,Memberships,gym_membership,4564.61,0,0
PROD001776,M000359,Personal Training 10-Session Bundle,Personal Training,personal_training,7350.56,0,0
PROD001777,M000359,Yoga & Pilates Group Class Pass,Group Classes,fitness_class,2578.64,0,0
PROD001778,M000359,Nutrition & Meal Plan Consultation,Wellness & Diet,nutrition_plan,991.81,0,0
PROD001779,M000359,Annual All-Gym Access Pass,Memberships,gym_membership,15830.3,0,0
PROD001780,M000360,Special Chicken Biryani Combo,Main Course,food_item,170.68,0,0
PROD001781,M000360,Paneer Butter Masala & Naan Meal,Main Course,food_item,322.97,0,0
PROD001782,M000360,Wood-Fired Margherita Pizza,Italian,food_item,493.3,0,0
PROD001783,M000360,Fresh Fruit Smoothie & Salad,Beverages & Healthy,food_item,199.01,0,0
PROD001784,M000360,Gourmet Chocolate Lava Cake,Desserts,food_item,157.47,0,0
PROD001785,M000360,Special Chicken Biryani Combo,Main Course,food_item,411.59,0,0
PROD001786,M000361,Slim Fit Denim Jeans,Fashion,fashion_apparel,1597.16,1,1
PROD001787,M000361,Wireless Noise-Canceling Earbuds,Electronics,electronic_accessory,2441.04,1,1
PROD001788,M000361,Organic Hydrating Skincare Kit,Beauty,cosmetics_kit,1360.89,1,1
PROD001789,M000361,Stainless Steel Water Bottle,Lifestyle,general_item,1342.49,1,1
PROD001790,M000361,Ergonomic Desk Chair Cushion,Home Office,home_decor,1471.1,1,1
PROD001791,M000361,Slim Fit Denim Jeans,Fashion,fashion_apparel,1571.9,1,1
PROD001792,M000362,Domestic Economy Flight Ticket,Flights,flight_booking,3605.59,0,0
PROD001793,M000362,3-Star Hotel Stay (2 Nights),Accommodation,hotel_stay,2079.63,0,0
PROD001794,M000362,Goa Beach Resort Holiday Package,Vacation Packages,vacation_package,15309.2,0,0
PROD001795,M000362,Outstation Cab Rental (Full Day),Transportation,car_rental,3315.71,0,0
PROD001796,M000363,Slim Fit Denim Jeans,Fashion,fashion_apparel,1580.01,1,1
PROD001797,M000363,Wireless Noise-Canceling Earbuds,Electronics,electronic_accessory,2520.33,1,1
PROD001798,M000363,Organic Hydrating Skincare Kit,Beauty,cosmetics_kit,1214.45,1,1
PROD001799,M000363,Stainless Steel Water Bottle,Lifestyle,general_item,798.68,1,1
PROD001800,M000363,Ergonomic Desk Chair Cushion,Home Office,home_decor,1328.81,1,1
PROD001801,M000363,Slim Fit Denim Jeans,Fashion,fashion_apparel,1581.37,1,1
PROD001802,M000364,Special Chicken Biryani Combo,Main Course,food_item,543.99,0,0
PROD001803,M000364,Paneer Butter Masala & Naan Meal,Main Course,food_item,350.49,0,0
PROD001804,M000364,Wood-Fired Margherita Pizza,Italian,food_item,325.23,0,0
PROD001805,M000364,Fresh Fruit Smoothie & Salad,Beverages & Healthy,food_item,256.63,0,0
PROD001806,M000364,Gourmet Chocolate Lava Cake,Desserts,food_item,221.5,0,0
PROD001807,M000364,Special Chicken Biryani Combo,Main Course,food_item,442.01,0,0
PROD001808,M000365,Annual All-Gym Access Pass,Memberships,gym_membership,15033.65,0,0
PROD001809,M000365,Monthly Unlimited Crossfit Membership,Memberships,gym_membership,3376.45,0,0
PROD001810,M000365,Personal Training 10-Session Bundle,Personal Training,personal_training,8050.93,0,0
PROD001811,M000365,Yoga & Pilates Group Class Pass,Group Classes,fitness_class,1307.18,0,0
PROD001812,M000365,Nutrition & Meal Plan Consultation,Wellness & Diet,nutrition_plan,1813.38,0,0
PROD001813,M000365,Annual All-Gym Access Pass,Memberships,gym_membership,14833.06,0,0
PROD001814,M000366,Slim Fit Denim Jeans,Fashion,fashion_apparel,716.54,1,1
PROD001815,M000366,Wireless Noise-Canceling Earbuds,Electronics,electronic_accessory,2561.63,1,1
PROD001816,M000366,Organic Hydrating Skincare Kit,Beauty,cosmetics_kit,893.3,1,1
PROD001817,M000366,Stainless Steel Water Bottle,Lifestyle,general_item,490.02,1,1
PROD001818,M000367,Annual All-Gym Access Pass,Memberships,gym_membership,15070.59,0,0
PROD001819,M000367,Monthly Unlimited Crossfit Membership,Memberships,gym_membership,3938.54,0,0
PROD001820,M000367,Personal Training 10-Session Bundle,Personal Training,personal_training,9091.97,0,0
PROD001821,M000367,Yoga & Pilates Group Class Pass,Group Classes,fitness_class,1316.86,0,0
PROD001822,M000368,Complete Blood Count (CBC) Test,Lab Tests,lab_test,363.49,0,0
PROD001823,M000368,Comprehensive Health Checkup Package,Health Packages,diagnostic_package,2200.53,0,0
PROD001824,M000368,Vitamin D & B12 Screening Profile,Specialized Screening,lab_test,1360.21,0,0
PROD001825,M000368,HbA1c Diabetes Monitoring Test,Chronic Care,lab_test,411.6,0,0
PROD001826,M000368,Home Sample Collection Service Charge,Home Care,home_sample_collection,450.97,0,0
PROD001827,M000369,Performance Running Shoes,Footwear,footwear,3654.93,1,1
PROD001828,M000369,Urban Casual Sneakers,Footwear,footwear,3191.22,1,1
PROD001829,M000369,Leather Formal Shoes,Footwear,footwear,4586.35,1,1
PROD001830,M000369,Breathable Sports Sandals,Footwear,footwear,1858.74,1,1
PROD001831,M000369,Waterproof Trail Shoes,Footwear,footwear,4845.32,1,1
PROD001832,M000370,Crochet Tote Bag,Apparel & Accessories,handmade_accessory,708.02,1,1
PROD001833,M000370,Amigurumi Plush Toy,Toys & Hobbies,crochet_toy,1040.49,1,1
PROD001834,M000370,Handcrafted Crochet Cardigan,Fashion & Apparel,fashion_apparel,3329.52,1,1
PROD001835,M000370,Custom Keychains Set,Gifts & Novelties,handicraft_item,86.25,1,1
PROD001836,M000370,Embroidered Cushion Cover,Home & Living,home_decor,1274.11,1,1
PROD001837,M000370,Crochet Tote Bag,Apparel & Accessories,handmade_accessory,404.76,1,1
PROD001838,M000371,Crochet Tote Bag,Apparel & Accessories,handmade_accessory,1060.41,1,1
PROD001839,M000371,Amigurumi Plush Toy,Toys & Hobbies,crochet_toy,906.69,1,1
PROD001840,M000371,Handcrafted Crochet Cardigan,Fashion & Apparel,fashion_apparel,3163.59,1,1
PROD001841,M000371,Custom Keychains Set,Gifts & Novelties,handicraft_item,395.5,1,1
PROD001842,M000371,Embroidered Cushion Cover,Home & Living,home_decor,980.61,1,1
PROD001843,M000372,Crochet Tote Bag,Apparel & Accessories,handmade_accessory,1142.85,1,1
PROD001844,M000372,Amigurumi Plush Toy,Toys & Hobbies,crochet_toy,924.51,1,1
PROD001845,M000372,Handcrafted Crochet Cardigan,Fashion & Apparel,fashion_apparel,2970.68,1,1
PROD001846,M000372,Custom Keychains Set,Gifts & Novelties,handicraft_item,460.47,1,1
PROD001847,M000372,Embroidered Cushion Cover,Home & Living,home_decor,852.42,1,1
PROD001848,M000372,Crochet Tote Bag,Apparel & Accessories,handmade_accessory,1200.7,1,1
PROD001849,M000373,Crochet Tote Bag,Apparel & Accessories,handmade_accessory,720.27,1,1
PROD001850,M000373,Amigurumi Plush Toy,Toys & Hobbies,crochet_toy,775.6,1,1
PROD001851,M000373,Handcrafted Crochet Cardigan,Fashion & Apparel,fashion_apparel,3095.78,1,1
PROD001852,M000373,Custom Keychains Set,Gifts & Novelties,handicraft_item,448.47,1,1
PROD001853,M000373,Embroidered Cushion Cover,Home & Living,home_decor,1182.52,1,1
PROD001854,M000373,Crochet Tote Bag,Apparel & Accessories,handmade_accessory,804.35,1,1
PROD001855,M000374,Domestic Economy Flight Ticket,Flights,flight_booking,1286.67,0,0
PROD001856,M000374,3-Star Hotel Stay (2 Nights),Accommodation,hotel_stay,10469.87,0,0
PROD001857,M000374,Goa Beach Resort Holiday Package,Vacation Packages,vacation_package,17769.65,0,0
PROD001858,M000374,Outstation Cab Rental (Full Day),Transportation,car_rental,2366.89,0,0
PROD001859,M000375,Crochet Tote Bag,Apparel & Accessories,handmade_accessory,1274.58,1,1
PROD001860,M000375,Amigurumi Plush Toy,Toys & Hobbies,crochet_toy,884.19,1,1
PROD001861,M000375,Handcrafted Crochet Cardigan,Fashion & Apparel,fashion_apparel,3119.56,1,1
PROD001862,M000375,Custom Keychains Set,Gifts & Novelties,handicraft_item,283.34,1,1
PROD001863,M000376,Performance Running Shoes,Footwear,footwear,3441.44,1,1
PROD001864,M000376,Urban Casual Sneakers,Footwear,footwear,3255.14,1,1
PROD001865,M000376,Leather Formal Shoes,Footwear,footwear,4591.24,1,1
PROD001866,M000376,Breathable Sports Sandals,Footwear,footwear,1792.33,1,1
PROD001867,M000376,Waterproof Trail Shoes,Footwear,footwear,5281.44,1,1
PROD001868,M000376,Performance Running Shoes,Footwear,footwear,3901.81,1,1
PROD001869,M000377,Starter Developer API License,Software Subscriptions,saas_plan,1811.03,0,0
PROD001870,M000377,Pro Engineering Team Subscription,Software Subscriptions,saas_plan,5821.19,0,0
PROD001871,M000377,Enterprise Infrastructure Plan,Software Subscriptions,saas_plan,26089.46,0,0
PROD001872,M000377,Custom Domain & SSL Add-on,Add-on Services,saas_plan,50.0,0,0
PROD001873,M000377,Priority 24/7 Technical Support Pass,Support Services,saas_plan,5112.6,0,0
PROD001874,M000377,Starter Developer API License,Software Subscriptions,saas_plan,1206.89,0,0
PROD001875,M000378,Crochet Tote Bag,Apparel & Accessories,handmade_accessory,1200.78,1,1
PROD001876,M000378,Amigurumi Plush Toy,Toys & Hobbies,crochet_toy,758.64,1,1
PROD001877,M000378,Handcrafted Crochet Cardigan,Fashion & Apparel,fashion_apparel,3171.83,1,1
PROD001878,M000378,Custom Keychains Set,Gifts & Novelties,handicraft_item,592.77,1,1
PROD001879,M000378,Embroidered Cushion Cover,Home & Living,home_decor,868.13,1,1
PROD001880,M000379,Starter Developer API License,Software Subscriptions,saas_plan,50.0,0,0
PROD001881,M000379,Pro Engineering Team Subscription,Software Subscriptions,saas_plan,8475.16,0,0
PROD001882,M000379,Enterprise Infrastructure Plan,Software Subscriptions,saas_plan,24221.1,0,0
PROD001883,M000379,Custom Domain & SSL Add-on,Add-on Services,saas_plan,3072.58,0,0
PROD001884,M000379,Priority 24/7 Technical Support Pass,Support Services,saas_plan,1883.14,0,0
PROD001885,M000380,Performance Running Shoes,Footwear,footwear,3226.31,1,1
PROD001886,M000380,Urban Casual Sneakers,Footwear,footwear,3079.54,1,1
PROD001887,M000380,Leather Formal Shoes,Footwear,footwear,4721.52,1,1
PROD001888,M000380,Breathable Sports Sandals,Footwear,footwear,1625.04,1,1
PROD001889,M000380,Waterproof Trail Shoes,Footwear,footwear,5313.51,1,1
PROD001890,M000380,Performance Running Shoes,Footwear,footwear,4127.14,1,1
PROD001891,M000381,Crochet Tote Bag,Apparel & Accessories,handmade_accessory,1153.44,1,1
PROD001892,M000381,Amigurumi Plush Toy,Toys & Hobbies,crochet_toy,877.04,1,1
PROD001893,M000381,Handcrafted Crochet Cardigan,Fashion & Apparel,fashion_apparel,3300.16,1,1
PROD001894,M000381,Custom Keychains Set,Gifts & Novelties,handicraft_item,445.91,1,1
PROD001895,M000381,Embroidered Cushion Cover,Home & Living,home_decor,1077.02,1,1
PROD001896,M000382,Domestic Economy Flight Ticket,Flights,flight_booking,8443.7,0,0
PROD001897,M000382,3-Star Hotel Stay (2 Nights),Accommodation,hotel_stay,4370.32,0,0
PROD001898,M000382,Goa Beach Resort Holiday Package,Vacation Packages,vacation_package,15382.35,0,0
PROD001899,M000382,Outstation Cab Rental (Full Day),Transportation,car_rental,4743.58,0,0
PROD001900,M000383,Domestic Economy Flight Ticket,Flights,flight_booking,8747.16,0,0
PROD001901,M000383,3-Star Hotel Stay (2 Nights),Accommodation,hotel_stay,9908.82,0,0
PROD001902,M000383,Goa Beach Resort Holiday Package,Vacation Packages,vacation_package,15132.94,0,0
PROD001903,M000383,Outstation Cab Rental (Full Day),Transportation,car_rental,7485.35,0,0
PROD001904,M000383,Heritage City Guided Tour,Activities & Tours,tour_package,9145.28,0,0
PROD001905,M000384,Starter Developer API License,Software Subscriptions,saas_plan,602.53,0,0
PROD001906,M000384,Pro Engineering Team Subscription,Software Subscriptions,saas_plan,8273.32,0,0
PROD001907,M000384,Enterprise Infrastructure Plan,Software Subscriptions,saas_plan,24526.04,0,0
PROD001908,M000384,Custom Domain & SSL Add-on,Add-on Services,saas_plan,989.4,0,0
PROD001909,M000384,Priority 24/7 Technical Support Pass,Support Services,saas_plan,3235.26,0,0
PROD001910,M000384,Starter Developer API License,Software Subscriptions,saas_plan,1459.93,0,0
PROD001911,M000385,UPSC Complete Foundation Course 2026,Competitive Exams,exam_course,14430.58,0,0
PROD001912,M000385,Mains Answer Writing Test Series,Test Series,test_series,7430.6,0,0
PROD001913,M000385,Monthly Current Affairs & Magazine Pass,Study Material,study_material,916.45,0,0
PROD001914,M000385,CSAT Aptitude Intensive Crash Course,Short Courses,exam_course,3523.09,0,0
PROD001915,M000385,1-on-1 Personal Mentorship Session,Mentorship,mentorship,5665.89,0,0
PROD001916,M000385,UPSC Complete Foundation Course 2026,Competitive Exams,exam_course,14259.27,0,0
PROD001917,M000386,Starter Developer API License,Software Subscriptions,saas_plan,1522.51,0,0
PROD001918,M000386,Pro Engineering Team Subscription,Software Subscriptions,saas_plan,8125.69,0,0
PROD001919,M000386,Enterprise Infrastructure Plan,Software Subscriptions,saas_plan,24906.02,0,0
PROD001920,M000386,Custom Domain & SSL Add-on,Add-on Services,saas_plan,1136.75,0,0
PROD001921,M000386,Priority 24/7 Technical Support Pass,Support Services,saas_plan,3329.64,0,0
PROD001922,M000386,Starter Developer API License,Software Subscriptions,saas_plan,2183.22,0,0
PROD001923,M000387,Performance Running Shoes,Footwear,footwear,3510.53,1,1
PROD001924,M000387,Urban Casual Sneakers,Footwear,footwear,2681.89,1,1
PROD001925,M000387,Leather Formal Shoes,Footwear,footwear,4846.12,1,1
PROD001926,M000387,Breathable Sports Sandals,Footwear,footwear,1791.25,1,1
PROD001927,M000387,Waterproof Trail Shoes,Footwear,footwear,4690.9,1,1
PROD001928,M000388,Performance Running Shoes,Footwear,footwear,3639.52,1,1
PROD001929,M000388,Urban Casual Sneakers,Footwear,footwear,2645.19,1,1
PROD001930,M000388,Leather Formal Shoes,Footwear,footwear,4655.65,1,1
PROD001931,M000388,Breathable Sports Sandals,Footwear,footwear,1762.2,1,1
PROD001932,M000388,Waterproof Trail Shoes,Footwear,footwear,5099.76,1,1
PROD001933,M000389,UPSC Complete Foundation Course 2026,Competitive Exams,exam_course,13919.93,0,0
PROD001934,M000389,Mains Answer Writing Test Series,Test Series,test_series,4998.43,0,0
PROD001935,M000389,Monthly Current Affairs & Magazine Pass,Study Material,study_material,3016.96,0,0
PROD001936,M000389,CSAT Aptitude Intensive Crash Course,Short Courses,exam_course,4662.93,0,0
PROD001937,M000389,1-on-1 Personal Mentorship Session,Mentorship,mentorship,1970.1,0,0
PROD001938,M000389,UPSC Complete Foundation Course 2026,Competitive Exams,exam_course,13883.11,0,0
PROD001939,M000390,Starter Developer API License,Software Subscriptions,saas_plan,50.0,0,0
PROD001940,M000390,Pro Engineering Team Subscription,Software Subscriptions,saas_plan,9736.5,0,0
PROD001941,M000390,Enterprise Infrastructure Plan,Software Subscriptions,saas_plan,26788.57,0,0
PROD001942,M000390,Custom Domain & SSL Add-on,Add-on Services,saas_plan,50.0,0,0
PROD001943,M000391,Annual All-Gym Access Pass,Memberships,gym_membership,13353.13,0,0
PROD001944,M000391,Monthly Unlimited Crossfit Membership,Memberships,gym_membership,2850.9,0,0
PROD001945,M000391,Personal Training 10-Session Bundle,Personal Training,personal_training,8173.88,0,0
PROD001946,M000391,Yoga & Pilates Group Class Pass,Group Classes,fitness_class,2456.73,0,0
PROD001947,M000391,Nutrition & Meal Plan Consultation,Wellness & Diet,nutrition_plan,50.0,0,0
PROD001948,M000391,Annual All-Gym Access Pass,Memberships,gym_membership,15844.68,0,0
PROD001949,M000392,Slim Fit Denim Jeans,Fashion,fashion_apparel,1370.37,1,1
PROD001950,M000392,Wireless Noise-Canceling Earbuds,Electronics,electronic_accessory,2368.12,1,1
PROD001951,M000392,Organic Hydrating Skincare Kit,Beauty,cosmetics_kit,1600.87,1,1
PROD001952,M000392,Stainless Steel Water Bottle,Lifestyle,general_item,840.17,1,1
PROD001953,M000393,Slim Fit Denim Jeans,Fashion,fashion_apparel,1470.02,1,1
PROD001954,M000393,Wireless Noise-Canceling Earbuds,Electronics,electronic_accessory,2955.44,1,1
PROD001955,M000393,Organic Hydrating Skincare Kit,Beauty,cosmetics_kit,1751.47,1,1
PROD001956,M000393,Stainless Steel Water Bottle,Lifestyle,general_item,1286.45,1,1
PROD001957,M000393,Ergonomic Desk Chair Cushion,Home Office,home_decor,1770.18,1,1
PROD001958,M000394,UPSC Complete Foundation Course 2026,Competitive Exams,exam_course,13904.57,0,0
PROD001959,M000394,Mains Answer Writing Test Series,Test Series,test_series,6373.15,0,0
PROD001960,M000394,Monthly Current Affairs & Magazine Pass,Study Material,study_material,1299.22,0,0
PROD001961,M000394,CSAT Aptitude Intensive Crash Course,Short Courses,exam_course,3549.62,0,0
PROD001962,M000394,1-on-1 Personal Mentorship Session,Mentorship,mentorship,1879.32,0,0
PROD001963,M000394,UPSC Complete Foundation Course 2026,Competitive Exams,exam_course,14177.17,0,0
PROD001964,M000395,Performance Running Shoes,Footwear,footwear,3548.15,1,1
PROD001965,M000395,Urban Casual Sneakers,Footwear,footwear,2952.96,1,1
PROD001966,M000395,Leather Formal Shoes,Footwear,footwear,4446.13,1,1
PROD001967,M000395,Breathable Sports Sandals,Footwear,footwear,2230.75,1,1
PROD001968,M000395,Waterproof Trail Shoes,Footwear,footwear,5081.26,1,1
PROD001969,M000395,Performance Running Shoes,Footwear,footwear,3896.65,1,1
PROD001970,M000396,Complete Blood Count (CBC) Test,Lab Tests,lab_test,286.51,0,0
PROD001971,M000396,Comprehensive Health Checkup Package,Health Packages,diagnostic_package,3460.88,0,0
PROD001972,M000396,Vitamin D & B12 Screening Profile,Specialized Screening,lab_test,737.14,0,0
PROD001973,M000396,HbA1c Diabetes Monitoring Test,Chronic Care,lab_test,752.91,0,0
PROD001974,M000396,Home Sample Collection Service Charge,Home Care,home_sample_collection,411.25,0,0
PROD001975,M000396,Complete Blood Count (CBC) Test,Lab Tests,lab_test,50.0,0,0
PROD001976,M000397,Starter Developer API License,Software Subscriptions,saas_plan,1419.4,0,0
PROD001977,M000397,Pro Engineering Team Subscription,Software Subscriptions,saas_plan,8282.07,0,0
PROD001978,M000397,Enterprise Infrastructure Plan,Software Subscriptions,saas_plan,24965.81,0,0
PROD001979,M000397,Custom Domain & SSL Add-on,Add-on Services,saas_plan,362.35,0,0
PROD001980,M000397,Priority 24/7 Technical Support Pass,Support Services,saas_plan,3054.05,0,0
PROD001981,M000397,Starter Developer API License,Software Subscriptions,saas_plan,1595.98,0,0
PROD001982,M000398,Slim Fit Denim Jeans,Fashion,fashion_apparel,1518.9,1,1
PROD001983,M000398,Wireless Noise-Canceling Earbuds,Electronics,electronic_accessory,2534.22,1,1
PROD001984,M000398,Organic Hydrating Skincare Kit,Beauty,cosmetics_kit,585.66,1,1
PROD001985,M000398,Stainless Steel Water Bottle,Lifestyle,general_item,979.42,1,1
PROD001986,M000398,Ergonomic Desk Chair Cushion,Home Office,home_decor,1552.41,1,1
PROD001987,M000398,Slim Fit Denim Jeans,Fashion,fashion_apparel,1257.44,1,1
PROD001988,M000399,UPSC Complete Foundation Course 2026,Competitive Exams,exam_course,14211.86,0,0
PROD001989,M000399,Mains Answer Writing Test Series,Test Series,test_series,6182.25,0,0
PROD001990,M000399,Monthly Current Affairs & Magazine Pass,Study Material,study_material,3274.54,0,0
PROD001991,M000399,CSAT Aptitude Intensive Crash Course,Short Courses,exam_course,4397.25,0,0
PROD001992,M000400,UPSC Complete Foundation Course 2026,Competitive Exams,exam_course,14335.43,0,0
PROD001993,M000400,Mains Answer Writing Test Series,Test Series,test_series,5434.86,0,0
PROD001994,M000400,Monthly Current Affairs & Magazine Pass,Study Material,study_material,1945.77,0,0
PROD001995,M000400,CSAT Aptitude Intensive Crash Course,Short Courses,exam_course,4744.17,0,0
